timestamp,linear_x,linear_y,linear_z,angular_x,angular_y,angular_z
2025-12-16 19:02:43.867,-0.000224,-0.000716,-0.000573,-0.000357,0.002439,-0.001650
2025-12-16 19:02:43.871,0.000176,-0.000323,0.000017,-0.000678,0.000303,-0.000523
2025-12-16 19:02:43.872,-0.000169,0.000269,-0.000234,0.000593,0.000595,0.000267
2025-12-16 19:02:43.874,0.000314,-0.000254,0.000376,-0.000579,-0.001184,-0.000443
2025-12-16 19:02:43.875,-0.000645,0.000490,-0.000561,0.000105,0.001524,0.000913
2025-12-16 19:02:43.879,-0.000199,0.000089,-0.000589,-0.000141,0.002953,-0.001088
2025-12-16 19:02:43.882,0.000505,0.000163,0.000550,0.000130,-0.001920,0.000199
2025-12-16 19:02:43.887,0.000256,0.000110,0.000724,0.000233,-0.002981,0.001385
2025-12-16 19:02:43.888,0.000152,-0.000370,-0.000312,-0.000668,0.001230,-0.001220
2025-12-16 19:02:43.889,-0.000635,-0.000240,-0.000963,-0.000243,0.001738,0.000208
2025-12-16 19:02:43.890,-0.000435,0.000459,-0.000198,0.000445,0.001410,-0.000195
2025-12-16 19:02:43.897,-0.000157,0.000289,-0.000384,0.000002,-0.001308,0.002026
2025-12-16 19:02:43.903,0.000233,0.000117,0.000020,0.000787,-0.001432,0.001153
2025-12-16 19:02:43.905,-0.000201,0.000507,0.000439,0.000317,0.000567,-0.000091
2025-12-16 19:02:43.906,-0.000305,0.000298,-0.000049,-0.000017,0.000995,0.000356
2025-12-16 19:02:43.907,-0.000014,-0.000522,-0.000266,-0.000564,0.001137,-0.001060
2025-12-16 19:02:43.909,-0.000548,0.000567,-0.000763,0.000018,0.002230,0.000262
2025-12-16 19:02:43.911,0.000602,0.000133,0.000822,0.000017,-0.001116,-0.000605
2025-12-16 19:02:43.912,0.000096,0.000438,0.000480,0.000878,0.000192,-0.000526
2025-12-16 19:02:43.914,0.000251,-0.000102,0.000032,0.000109,-0.000107,-0.000224
2025-12-16 19:02:43.919,-0.000429,-0.000035,-0.000629,-0.000053,0.001158,0.000349
2025-12-16 19:02:43.920,0.000513,-0.000296,0.000748,-0.000134,-0.003262,0.000531
2025-12-16 19:02:43.922,0.000189,-0.000216,-0.000115,-0.000127,-0.000447,-0.000539
2025-12-16 19:02:43.923,-0.000811,0.000118,-0.001103,0.000211,0.004380,-0.001120
2025-12-16 19:02:43.924,0.000465,-0.000678,-0.000058,0.000534,-0.000498,-0.000844
2025-12-16 19:02:43.926,0.000159,0.000354,0.000298,0.000116,-0.000918,0.000442
2025-12-16 19:02:43.927,-0.000221,0.000369,0.000362,0.000514,0.000219,0.000879
2025-12-16 19:02:43.928,0.000613,-0.000287,0.000466,-0.000010,-0.001480,-0.000583
2025-12-16 19:02:43.929,0.000349,0.000088,0.000568,-0.000329,-0.000718,-0.000123
2025-12-16 19:02:43.930,0.000148,0.000416,-0.000052,-0.000310,-0.001982,0.001753
2025-12-16 19:02:43.931,0.000097,-0.000405,0.000216,-0.000031,-0.000124,-0.000878
2025-12-16 19:02:43.933,-0.000059,-0.000013,-0.000152,-0.000010,0.001613,-0.001578
2025-12-16 19:02:43.934,0.000067,-0.000348,-0.000558,-0.000074,-0.000657,0.000532
2025-12-16 19:02:43.935,-0.000385,0.001065,0.000075,0.000568,0.000469,0.001760
2025-12-16 19:02:43.936,0.000020,0.000769,0.000275,0.000647,0.000694,0.000295
2025-12-16 19:02:43.937,-0.000663,0.000138,-0.000894,0.000150,0.002548,0.000325
2025-12-16 19:02:43.939,0.000307,-0.000493,0.000249,0.000139,-0.001250,-0.000134
2025-12-16 19:02:43.940,-0.000223,-0.000111,0.000048,-0.000078,0.001131,-0.001035
2025-12-16 19:02:43.941,-0.000394,0.000532,0.000050,-0.000025,0.000649,0.000467
2025-12-16 19:02:43.943,0.000173,-0.000317,-0.000643,-0.000938,0.001122,-0.000681
2025-12-16 19:02:43.944,0.000439,-0.000051,0.000226,-0.000199,-0.001096,-0.000397
2025-12-16 19:02:43.945,0.000423,-0.000020,0.000453,-0.000093,-0.002478,0.000358
2025-12-16 19:02:43.946,-0.000144,-0.000016,-0.000177,0.000044,0.001664,-0.000808
2025-12-16 19:02:43.948,-0.000081,-0.000418,-0.000114,-0.000525,0.000144,-0.000815
2025-12-16 19:02:43.949,-0.000374,0.000468,-0.000415,0.000391,-0.000245,0.001942
2025-12-16 19:02:43.950,-0.000498,-0.000363,-0.000698,0.000204,0.000472,0.000351
2025-12-16 19:02:43.951,0.000707,-0.000125,0.000858,0.000870,-0.000431,-0.001373
2025-12-16 19:02:43.952,-0.000277,0.001088,0.000416,0.000709,-0.001600,0.002581
2025-12-16 19:02:43.953,0.000228,0.000307,0.000345,-0.000523,-0.002301,0.001558
2025-12-16 19:02:43.954,0.000065,-0.000355,-0.000198,0.000272,0.001109,-0.001362
2025-12-16 19:02:43.955,0.000602,-0.000161,0.000980,0.000318,-0.000014,-0.001894
2025-12-16 19:02:43.956,-0.000129,0.000185,-0.000280,0.000053,0.000545,0.000609
2025-12-16 19:02:43.957,-0.000094,-0.000001,-0.000593,-0.000563,-0.000542,0.000870
2025-12-16 19:02:43.959,-0.000142,0.000447,0.000050,0.000423,-0.001002,0.001486
2025-12-16 19:02:43.960,0.000103,-0.000560,-0.000039,-0.001133,0.001005,-0.001648
2025-12-16 19:02:43.961,-0.000189,0.000145,-0.000347,0.000407,0.002075,-0.000241
2025-12-16 19:02:43.962,0.000146,0.000118,0.000597,-0.000098,-0.002805,0.001428
2025-12-16 19:02:43.963,0.000227,-0.000594,-0.000238,-0.000353,0.000602,-0.001641
2025-12-16 19:02:43.964,-0.000216,-0.000206,-0.000425,-0.000613,0.001802,-0.001331
2025-12-16 19:02:43.965,-0.000222,-0.000097,-0.000277,-0.000322,0.001016,-0.000256
2025-12-16 19:02:43.966,-0.000346,0.000010,-0.000274,0.000511,0.000174,0.000128
2025-12-16 19:02:43.967,0.000584,0.000357,0.000976,0.000018,-0.003450,0.001561
2025-12-16 19:02:43.968,-0.000043,0.000004,-0.000087,0.000506,0.001143,-0.000169
2025-12-16 19:02:43.969,0.000654,-0.000237,0.001022,0.000260,-0.001196,-0.000799
2025-12-16 19:02:43.971,0.000418,-0.000203,0.000391,0.000192,0.000572,-0.001653
2025-12-16 19:02:43.972,-0.000789,0.000717,-0.000446,0.000131,-0.000243,0.002494
2025-12-16 19:02:43.973,0.000194,0.000296,0.000163,0.000329,-0.001199,0.000987
2025-12-16 19:02:43.974,-0.000404,-0.000232,-0.000731,-0.000331,0.002778,-0.001071
2025-12-16 19:02:43.975,0.000426,0.000305,0.000679,0.000546,-0.001035,-0.000303
2025-12-16 19:02:43.976,0.000071,-0.000948,-0.000407,-0.000823,-0.001365,-0.000282
2025-12-16 19:02:43.977,-0.000070,-0.000263,-0.000684,-0.000363,0.000638,-0.000054
2025-12-16 19:02:43.978,-0.000013,0.000349,0.000408,0.001351,0.001166,-0.000511
2025-12-16 19:02:43.980,0.000369,0.000487,0.000526,-0.000027,-0.000602,0.000393
2025-12-16 19:02:43.981,0.000135,-0.000419,0.000201,-0.000600,-0.001238,0.000072
2025-12-16 19:02:43.982,-0.000000,0.000449,0.000483,0.000563,-0.001385,0.001102
2025-12-16 19:02:43.983,0.000070,0.000957,0.000850,0.000608,0.000041,0.000619
2025-12-16 19:02:43.984,0.000307,-0.000666,-0.000467,-0.000191,0.001044,-0.001821
2025-12-16 19:02:43.985,0.000066,-0.000004,0.000127,0.000580,0.000030,0.000171
2025-12-16 19:02:43.986,-0.000878,0.000090,-0.000946,-0.000182,0.001122,0.000816
2025-12-16 19:02:43.987,-0.000257,-0.000201,0.000057,0.000090,0.001028,-0.000801
2025-12-16 19:02:43.988,0.000048,-0.000186,-0.000143,-0.000453,0.001410,-0.001554
2025-12-16 19:02:43.989,0.000269,-0.000403,-0.000235,-0.000415,0.000902,-0.001114
2025-12-16 19:02:43.991,-0.000428,0.000470,0.000054,0.000367,-0.001493,0.002985
2025-12-16 19:02:43.992,-0.000654,0.001439,0.000251,0.000361,0.000867,0.001532
2025-12-16 19:02:43.993,0.000189,0.000492,0.000741,0.000694,-0.000741,0.000060
2025-12-16 19:02:43.994,0.000540,-0.001056,0.000035,-0.000726,-0.000235,-0.001852
2025-12-16 19:02:43.995,-0.000422,0.000845,0.000176,0.000061,-0.002636,0.002926
2025-12-16 19:02:43.996,-0.000217,0.000261,0.000124,0.000125,0.000408,0.000357
2025-12-16 19:02:43.997,0.000443,-0.000258,-0.000275,-0.000906,0.000724,-0.001502
2025-12-16 19:02:43.998,-0.000225,-0.000069,0.000130,0.000029,0.000848,0.000098
2025-12-16 19:02:43.999,-0.000233,0.000746,0.000124,0.000949,-0.001328,0.002308
2025-12-16 19:02:44.001,0.000665,-0.000554,0.000892,-0.000140,-0.002894,-0.000534
2025-12-16 19:02:44.002,0.000120,-0.000041,-0.000114,0.000069,0.001816,-0.001586
2025-12-16 19:02:44.003,-0.000692,-0.000452,-0.000769,-0.000577,0.002697,-0.000612
2025-12-16 19:02:44.004,0.000276,0.000245,0.000531,0.000704,-0.002642,0.001669
2025-12-16 19:02:44.005,0.000232,-0.000226,-0.000011,-0.000060,-0.001696,0.000817
2025-12-16 19:02:44.006,0.000388,0.000161,0.000211,0.000131,0.000319,-0.001073
2025-12-16 19:02:44.007,-0.000427,0.000442,0.000067,0.000341,0.001879,-0.000027
2025-12-16 19:02:44.008,0.000112,-0.000107,-0.000606,-0.000560,-0.000468,0.000638
2025-12-16 19:02:44.009,-0.000250,-0.000473,-0.000090,-0.000652,-0.000078,-0.000253
2025-12-16 19:02:44.011,0.000158,-0.000448,-0.000268,-0.000054,-0.000379,0.000116
2025-12-16 19:02:44.012,-0.000345,-0.000410,-0.000990,-0.000630,0.002448,-0.001327
2025-12-16 19:02:44.013,0.000932,-0.000449,0.000648,-0.000107,-0.001423,-0.001446
2025-12-16 19:02:44.014,-0.000207,-0.000717,-0.000584,-0.000461,0.000043,-0.000240
2025-12-16 19:02:44.015,0.000574,-0.000091,0.000725,0.000016,-0.001857,-0.000465
2025-12-16 19:02:44.017,-0.000443,0.000168,0.000170,-0.000022,0.002170,-0.001225
2025-12-16 19:02:44.018,-0.000488,0.000169,-0.000625,0.000183,0.002163,0.000246
2025-12-16 19:02:44.019,0.000516,0.000180,0.000663,0.000207,-0.001967,0.000353
2025-12-16 19:02:44.020,-0.000543,0.000304,-0.000647,-0.000047,-0.000963,0.002193
2025-12-16 19:02:44.021,-0.000101,0.000105,0.000247,0.000073,-0.000132,-0.000381
2025-12-16 19:02:44.022,0.000172,-0.000041,-0.000071,0.000272,0.001424,-0.000693
2025-12-16 19:02:44.023,-0.000979,-0.000176,-0.001123,0.000292,0.001516,0.000841
2025-12-16 19:02:44.024,0.000201,0.000127,0.000077,-0.000552,-0.001482,0.000839
2025-12-16 19:02:44.025,0.000756,-0.000464,0.000589,-0.000383,-0.001904,-0.000730
2025-12-16 19:02:44.026,0.000394,-0.000242,0.000100,0.000246,0.000776,-0.001665
2025-12-16 19:02:44.027,-0.000707,0.000713,-0.000313,0.000433,0.002157,0.000544
2025-12-16 19:02:44.028,0.000621,0.000012,0.001202,0.000607,-0.003592,0.000940
2025-12-16 19:02:44.029,0.000175,-0.000040,0.000153,0.000068,-0.001636,0.001092
2025-12-16 19:02:44.030,0.000500,-0.000624,0.000372,-0.000144,-0.000196,-0.001570
2025-12-16 19:02:44.032,-0.000826,-0.000274,-0.001034,-0.000346,0.003718,-0.000920
2025-12-16 19:02:44.033,-0.000550,0.000645,-0.000537,-0.000677,0.000665,0.001113
2025-12-16 19:02:44.034,0.000380,-0.000530,0.000338,-0.000596,-0.001982,-0.000115
2025-12-16 19:02:44.035,-0.000567,0.001407,-0.000082,0.000827,0.001868,0.002093
2025-12-16 19:02:44.036,0.000406,-0.001370,0.000322,-0.000623,0.000410,-0.002826
2025-12-16 19:02:44.037,0.000399,-0.000181,-0.000327,0.000380,0.001278,-0.001399
2025-12-16 19:02:44.038,-0.000870,0.000364,-0.000397,-0.000085,-0.000773,0.002642
2025-12-16 19:02:44.039,0.000241,0.000079,0.000521,0.000594,-0.000868,-0.000248
2025-12-16 19:02:44.040,-0.000063,0.000581,0.000311,-0.000045,0.000305,0.000257
2025-12-16 19:02:44.041,-0.000282,0.000045,-0.000306,0.000141,0.001291,-0.000552
2025-12-16 19:02:44.042,-0.000266,-0.000380,-0.000938,-0.000551,0.000979,-0.000230
2025-12-16 19:02:44.043,0.001165,-0.002853,-0.000742,-0.002708,-0.001071,-0.003995
2025-12-16 19:02:44.044,0.002028,-0.003344,0.000443,-0.002412,-0.002193,-0.005236
2025-12-16 19:02:44.046,0.000503,-0.001914,-0.000241,-0.001117,0.000429,-0.003618
2025-12-16 19:02:44.047,0.000306,-0.001014,-0.000282,-0.000661,0.000991,-0.001783
2025-12-16 19:02:44.048,0.000172,-0.001117,-0.000323,-0.001006,-0.001133,-0.000123
2025-12-16 19:02:44.049,-0.000075,-0.000139,-0.000177,-0.000368,-0.000381,0.000264
2025-12-16 19:02:44.050,0.000416,-0.000446,0.000381,-0.000233,0.000079,-0.001103
2025-12-16 19:02:44.051,0.000379,-0.000381,0.000243,-0.000277,0.000531,-0.001690
2025-12-16 19:02:44.052,0.000018,-0.000899,-0.000704,-0.000259,0.000172,-0.000855
2025-12-16 19:02:44.053,-0.000054,-0.000385,-0.000503,-0.000466,-0.000030,-0.000253
2025-12-16 19:02:44.054,0.000102,-0.000200,-0.000147,-0.000294,-0.000223,0.000340
2025-12-16 19:02:44.055,-0.000593,0.000097,-0.000771,0.000025,0.003375,-0.001198
2025-12-16 19:02:44.057,0.000497,-0.000385,0.001021,0.000573,-0.001055,-0.001118
2025-12-16 19:02:44.058,0.000760,-0.000668,0.000666,-0.000408,-0.003483,-0.000103
2025-12-16 19:02:44.059,-0.000866,0.000801,-0.000784,0.000737,0.002707,0.000509
2025-12-16 19:02:44.060,0.000165,0.000696,0.000879,0.000879,-0.000060,0.000393
2025-12-16 19:02:44.061,-0.000299,-0.000397,-0.000566,-0.000534,0.001646,-0.000799
2025-12-16 19:02:44.062,-0.000192,0.000455,-0.000087,0.000219,-0.001732,0.002161
2025-12-16 19:02:44.063,0.000021,-0.000088,-0.000142,-0.000524,0.000111,-0.000047
2025-12-16 19:02:44.064,0.000151,-0.000265,-0.000019,0.000278,0.001183,-0.001537
2025-12-16 19:02:44.065,-0.000029,-0.000288,-0.000454,-0.000548,0.001799,-0.001102
2025-12-16 19:02:44.067,-0.000428,0.000511,-0.000564,-0.000003,0.001035,0.001040
2025-12-16 19:02:44.068,0.000114,-0.000302,0.000670,0.000072,-0.002784,0.000984
2025-12-16 19:02:44.069,0.000490,-0.000580,0.000313,-0.000451,-0.001017,-0.001130
2025-12-16 19:02:44.070,0.000503,0.000030,0.000630,0.000399,-0.000522,-0.001107
2025-12-16 19:02:44.071,-0.000386,0.000266,-0.000024,0.000102,0.000332,0.000511
2025-12-16 19:02:44.072,-0.000007,-0.000117,-0.000136,-0.000242,-0.001698,0.001524
2025-12-16 19:02:44.073,-0.000067,0.000583,-0.000192,0.000203,-0.000485,0.001253
2025-12-16 19:02:44.074,0.000171,-0.000965,0.000007,-0.000600,0.000454,-0.001940
2025-12-16 19:02:44.076,-0.000500,0.001374,0.000118,0.001003,0.002016,0.000840
2025-12-16 19:02:44.077,0.000161,-0.000376,-0.000015,0.000020,-0.001139,0.000261
2025-12-16 19:02:44.078,0.000151,0.000543,0.000101,0.000654,-0.001029,0.001514
2025-12-16 19:02:44.079,0.000107,-0.000510,-0.000107,-0.000700,-0.000899,-0.000277
2025-12-16 19:02:44.080,-0.000597,-0.001068,-0.001464,-0.000642,0.004559,-0.002410
2025-12-16 19:02:44.081,0.001088,0.000189,0.001119,0.000473,-0.001687,-0.001182
2025-12-16 19:02:44.082,-0.000044,-0.000103,0.000016,-0.000672,0.000683,-0.000814
2025-12-16 19:02:44.083,-0.000236,-0.000189,-0.000845,-0.000026,0.001136,0.000117
2025-12-16 19:02:44.084,0.000257,0.000203,0.000260,0.000159,0.000791,-0.001094
2025-12-16 19:02:44.085,0.000208,0.000199,0.000546,0.000296,0.000295,-0.000457
2025-12-16 19:02:44.086,-0.000090,-0.000635,-0.000141,-0.000521,0.000313,-0.000941
2025-12-16 19:02:44.087,0.000649,0.000107,0.000929,0.000572,-0.003960,0.001490
2025-12-16 19:02:44.088,-0.000506,-0.000357,-0.000708,-0.000081,0.002149,-0.000504
2025-12-16 19:02:44.090,0.000249,0.000130,0.000338,0.000211,-0.000196,-0.000259
2025-12-16 19:02:44.091,-0.000804,0.000469,-0.000275,0.000989,0.002897,-0.000321
2025-12-16 19:02:44.092,0.000189,-0.000463,-0.000770,-0.000500,0.000408,-0.000714
2025-12-16 19:02:44.093,0.000354,-0.000494,0.000102,-0.000102,-0.001215,-0.000139
2025-12-16 19:02:44.094,0.000175,0.000153,0.000354,-0.000673,0.000024,-0.000351
2025-12-16 19:02:44.095,-0.000214,-0.000210,-0.000340,-0.000415,0.000812,-0.000171
2025-12-16 19:02:44.097,0.000368,-0.000309,0.000397,0.000176,-0.001765,0.000127
2025-12-16 19:02:44.098,-0.000398,0.000732,0.000414,0.000629,-0.001221,0.002343
2025-12-16 19:02:44.099,-0.000221,0.000767,-0.000218,0.000427,0.001349,0.000376
2025-12-16 19:02:44.100,0.000671,-0.000222,0.000588,-0.000593,-0.002112,-0.000384
2025-12-16 19:02:44.101,-0.000249,-0.000201,0.000108,-0.000217,-0.000954,0.000321
2025-12-16 19:02:44.102,0.000191,0.000337,0.000577,0.000576,-0.001366,0.000718
2025-12-16 19:02:44.103,-0.000394,-0.000530,-0.000738,-0.000404,0.003089,-0.001554
2025-12-16 19:02:44.104,-0.000094,-0.000052,0.000158,0.000012,-0.000006,-0.000364
2025-12-16 19:02:44.106,0.000374,-0.000887,-0.000059,-0.000299,0.000039,-0.001373
2025-12-16 19:02:44.107,-0.000227,0.000985,-0.000364,0.000509,-0.000857,0.002093
2025-12-16 19:02:44.108,0.000041,0.000127,0.000173,0.000052,0.001166,-0.000834
2025-12-16 19:02:44.109,-0.000514,0.000334,-0.000723,0.000098,0.002592,-0.000525
2025-12-16 19:02:44.110,0.000256,0.000501,0.000244,-0.000315,-0.003086,0.001934
2025-12-16 19:02:44.111,0.000287,0.000223,0.000850,0.000625,-0.002677,0.001743
2025-12-16 19:02:44.112,0.000389,-0.001304,-0.000398,-0.000742,0.001326,-0.003092
2025-12-16 19:02:44.113,0.000831,-0.000371,0.000864,0.000371,-0.000653,-0.001788
2025-12-16 19:02:44.114,0.000220,-0.000263,0.000349,0.000037,-0.000094,-0.000488
2025-12-16 19:02:44.116,-0.000422,-0.000041,-0.000481,-0.000052,-0.000820,0.000641
2025-12-16 19:02:44.117,-0.000442,0.000081,-0.001515,0.000073,0.003498,-0.000349
2025-12-16 19:02:44.118,0.000296,0.000243,0.000560,0.000417,-0.000181,0.000004
2025-12-16 19:02:44.119,0.000306,0.000254,0.000730,0.000782,-0.001965,0.000742
2025-12-16 19:02:44.120,-0.000403,-0.000421,-0.000266,-0.000718,0.000062,0.000090
2025-12-16 19:02:44.121,0.000062,0.000111,-0.000027,-0.000172,-0.000279,0.000153
2025-12-16 19:02:44.123,-0.000473,0.000689,0.000082,-0.000030,-0.000379,0.001946
2025-12-16 19:02:44.124,-0.000804,-0.000314,-0.001350,-0.000572,0.003971,-0.001289
2025-12-16 19:02:44.125,0.000191,0.000578,0.000631,0.000626,-0.001414,0.001221
2025-12-16 19:02:44.126,0.000198,0.000427,0.000482,0.000774,0.000501,-0.000672
2025-12-16 19:02:44.127,-0.000499,0.000180,-0.000214,-0.000292,0.002104,-0.000234
2025-12-16 19:02:44.128,-0.000205,-0.000318,-0.000782,-0.000171,0.000396,-0.000645
2025-12-16 19:02:44.129,0.000398,-0.000220,0.000579,-0.000530,-0.002576,0.000403
2025-12-16 19:02:44.131,0.000448,-0.000453,0.001150,-0.000378,-0.001754,-0.000829
2025-12-16 19:02:44.132,0.000266,0.000572,0.000682,0.000973,0.000700,-0.000378
2025-12-16 19:02:44.133,0.000263,-0.000280,-0.000584,-0.000467,-0.000092,-0.000129
2025-12-16 19:02:44.134,0.000308,0.000178,0.000343,0.000262,-0.002076,0.000790
2025-12-16 19:02:44.135,0.000020,-0.000538,-0.000631,0.000072,0.000395,-0.000860
2025-12-16 19:02:44.136,0.000132,0.000034,0.000579,0.000401,0.000993,-0.001172
2025-12-16 19:02:44.137,-0.000009,0.000337,0.000410,0.000454,0.000423,-0.000313
2025-12-16 19:02:44.138,-0.000466,-0.000130,-0.000617,-0.000107,-0.000001,0.001223
2025-12-16 19:02:44.139,-0.000373,0.000161,-0.000424,-0.000328,0.001229,0.000188
2025-12-16 19:02:44.140,-0.000637,0.000405,-0.000190,-0.000330,0.000600,0.001649
2025-12-16 19:02:44.142,0.000656,-0.000627,0.000284,-0.000213,0.000899,-0.002837
2025-12-16 19:02:44.143,-0.000214,0.000132,0.000116,0.000131,-0.001090,0.000574
2025-12-16 19:02:44.144,-0.000570,0.000873,-0.000335,0.000543,0.002156,0.000616
2025-12-16 19:02:44.145,-0.000089,-0.000821,-0.001048,-0.000920,0.000861,-0.000458
2025-12-16 19:02:44.146,-0.000216,0.000830,0.000450,0.000731,-0.000685,0.001360
2025-12-16 19:02:44.147,0.000477,0.000069,0.000841,0.000727,-0.002729,0.000628
2025-12-16 19:02:44.148,-0.000395,-0.000753,-0.000958,-0.000557,0.000516,0.000472
2025-12-16 19:02:44.149,0.000622,-0.000013,0.000719,0.000353,-0.000177,-0.000842
2025-12-16 19:02:44.150,-0.000390,-0.000210,-0.000490,-0.000292,0.002364,-0.001204
2025-12-16 19:02:44.151,-0.000109,0.000218,-0.000099,0.000102,-0.000715,0.000701
2025-12-16 19:02:44.153,-0.000768,0.000721,-0.000147,0.000011,0.000652,0.001512
2025-12-16 19:02:44.154,0.000189,-0.000751,-0.000253,-0.000259,0.000098,-0.001290
2025-12-16 19:02:44.155,-0.000713,0.000920,-0.000284,0.000312,0.002006,0.001163
2025-12-16 19:02:44.156,-0.000253,0.000505,-0.000441,-0.000527,-0.001243,0.002064
2025-12-16 19:02:44.157,0.000073,0.000104,0.000814,-0.000018,-0.001589,0.000648
2025-12-16 19:02:44.158,0.000877,-0.001180,0.000730,0.000005,-0.001610,-0.002189
2025-12-16 19:02:44.159,-0.000216,0.000014,-0.000879,-0.000826,0.001948,-0.000454
2025-12-16 19:02:44.160,0.000064,-0.000493,0.000207,-0.000241,0.000612,-0.000932
2025-12-16 19:02:44.162,-0.000182,-0.000585,-0.000770,0.000235,0.001749,-0.000848
2025-12-16 19:02:44.163,0.000107,-0.000117,0.000427,-0.000013,-0.002232,0.001063
2025-12-16 19:02:44.164,-0.000202,0.000450,0.000254,0.000175,0.001214,-0.000208
2025-12-16 19:02:44.165,0.000090,0.000151,-0.000319,-0.000572,0.000710,-0.000828
2025-12-16 19:02:44.166,-0.000782,-0.000175,-0.000793,-0.000087,0.002273,0.000004
2025-12-16 19:02:44.167,-0.000311,-0.000476,-0.000568,-0.000361,-0.000684,0.000435
2025-12-16 19:02:44.168,0.000338,0.000362,0.000248,-0.000138,-0.000260,-0.000001
2025-12-16 19:02:44.169,0.000055,0.000199,0.000254,-0.000278,-0.000213,0.000260
2025-12-16 19:02:44.170,0.000342,-0.000425,0.000446,-0.000284,-0.000630,-0.000663
2025-12-16 19:02:44.172,-0.001032,-0.000406,-0.001096,-0.000125,0.001694,0.000521
2025-12-16 19:02:44.173,-0.000359,0.000515,0.000061,0.000682,-0.000163,0.001245
2025-12-16 19:02:44.174,0.000139,0.000273,-0.000264,-0.000038,0.000023,0.000356
2025-12-16 19:02:44.175,-0.000006,0.000508,0.000257,-0.000180,-0.000991,0.001071
2025-12-16 19:02:44.176,-0.000609,-0.000412,-0.000786,-0.000397,0.000275,0.000307
2025-12-16 19:02:44.177,0.000094,-0.000503,-0.000481,-0.000158,0.000317,-0.000774
2025-12-16 19:02:44.178,0.000007,0.000059,0.000108,0.000486,0.000916,-0.000612
2025-12-16 19:02:44.180,0.001021,0.000145,0.001290,0.000532,-0.001684,-0.001062
2025-12-16 19:02:44.181,0.000760,0.000956,0.001116,0.001155,-0.003981,0.002755
2025-12-16 19:02:44.182,0.000533,0.000205,0.000277,0.000429,-0.001935,0.000316
2025-12-16 19:02:44.183,0.000224,-0.000584,-0.000259,-0.000521,0.002252,-0.002687
2025-12-16 19:02:44.184,0.000541,-0.000196,0.000298,0.000227,-0.001217,0.000097
2025-12-16 19:02:44.185,0.000694,0.000718,0.001059,0.001216,-0.002584,0.001499
2025-12-16 19:02:44.186,-0.000228,-0.000418,-0.000488,-0.000101,-0.000038,-0.000406
2025-12-16 19:02:44.187,-0.000321,-0.000311,-0.000695,-0.000322,0.002603,-0.001184
2025-12-16 19:02:44.188,0.000033,0.000477,-0.000046,-0.000001,0.000312,0.000520
2025-12-16 19:02:44.189,0.000770,-0.000598,0.000914,-0.000190,-0.002012,-0.001054
2025-12-16 19:02:44.190,-0.000394,0.000548,-0.000149,0.000140,-0.001309,0.002455
2025-12-16 19:02:44.192,-0.000638,0.000572,-0.000649,-0.000020,0.001721,0.000413
2025-12-16 19:02:44.193,0.000093,0.000078,0.000102,-0.000065,0.000497,-0.000735
2025-12-16 19:02:44.194,0.000279,-0.000062,0.000262,0.000076,-0.002896,0.001800
2025-12-16 19:02:44.195,0.000114,-0.000113,-0.000204,-0.000123,0.000186,-0.000144
2025-12-16 19:02:44.196,0.000244,-0.000159,-0.000146,-0.000243,0.000542,-0.001472
2025-12-16 19:02:44.197,-0.000363,0.000317,-0.000228,0.000331,0.001764,-0.000112
2025-12-16 19:02:44.198,0.000646,-0.000112,0.000830,-0.000282,-0.002940,0.000548
2025-12-16 19:02:44.199,-0.000073,0.000476,0.000349,-0.000290,-0.001999,0.001892
2025-12-16 19:02:44.200,-0.000057,-0.000163,-0.000340,0.000520,0.001380,-0.000835
2025-12-16 19:02:44.202,0.000110,-0.000245,-0.000451,-0.000541,0.001247,-0.000652
2025-12-16 19:02:44.203,-0.000136,0.000586,0.000579,0.000527,-0.001035,0.001268
2025-12-16 19:02:44.204,0.000033,-0.000253,0.000013,-0.000003,0.000883,-0.001513
2025-12-16 19:02:44.205,0.000191,-0.000482,0.000275,-0.000288,-0.000041,-0.001004
2025-12-16 19:02:44.206,0.000040,0.000322,0.000544,0.000261,0.000394,-0.000735
2025-12-16 19:02:44.207,0.000879,-0.000220,0.000686,0.000312,-0.003635,0.000825
2025-12-16 19:02:44.208,0.000259,0.000029,0.000471,-0.000275,-0.000631,0.000122
2025-12-16 19:02:44.209,-0.000787,0.001097,0.000052,0.000791,0.000770,0.001959
2025-12-16 19:02:44.211,-0.000169,0.000030,-0.000917,-0.000087,0.002422,-0.000458
2025-12-16 19:02:44.212,-0.000270,-0.000463,-0.000751,-0.000520,-0.000047,0.000059
2025-12-16 19:02:44.213,0.000572,0.000055,0.000802,-0.000131,-0.002089,0.000003
2025-12-16 19:02:44.214,-0.000150,0.000387,-0.000430,-0.000110,0.001957,-0.000186
2025-12-16 19:02:44.215,-0.000488,0.000287,-0.000237,0.000540,0.000807,0.000573
2025-12-16 19:02:44.216,0.001155,-0.000274,0.001258,0.000528,-0.003812,0.000093
2025-12-16 19:02:44.218,-0.000297,-0.000120,-0.000479,-0.000608,-0.000567,0.000982
2025-12-16 19:02:44.219,-0.000401,0.000330,-0.000275,0.000047,0.002264,-0.000268
2025-12-16 19:02:44.220,0.000735,-0.000898,0.000523,-0.000007,-0.002275,-0.001410
2025-12-16 19:02:44.221,-0.000187,0.000516,-0.000337,0.000709,-0.000493,0.002042
2025-12-16 19:02:44.222,0.000079,-0.000037,0.000056,-0.000057,-0.000197,0.000709
2025-12-16 19:02:44.223,0.000485,0.000668,0.000982,0.000721,-0.000206,-0.000896
2025-12-16 19:02:44.224,-0.000431,-0.000424,-0.000712,-0.000674,0.001411,-0.000587
2025-12-16 19:02:44.225,0.000172,-0.000494,-0.000698,-0.000055,0.001397,-0.001720
2025-12-16 19:02:44.226,0.000273,0.000719,0.000788,0.000463,-0.003211,0.002286
2025-12-16 19:02:44.227,-0.000188,0.000391,-0.000073,-0.000193,0.001077,-0.000077
2025-12-16 19:02:44.229,-0.000068,-0.000271,-0.000337,0.000336,0.001536,-0.000779
2025-12-16 19:02:44.230,0.000621,-0.000148,0.000959,0.000328,-0.001084,-0.001016
2025-12-16 19:02:44.231,-0.000188,0.000272,0.000107,0.000326,0.000081,0.000754
2025-12-16 19:02:44.232,-0.000090,-0.000220,-0.000312,-0.000344,0.001423,-0.000666
2025-12-16 19:02:44.233,-0.000221,-0.000235,-0.000419,-0.000428,0.001978,-0.001326
2025-12-16 19:02:44.234,0.000074,-0.000052,-0.000053,0.000074,-0.001449,0.000717
2025-12-16 19:02:44.236,-0.000031,0.000280,0.000280,0.000010,0.000355,0.000126
2025-12-16 19:02:44.237,0.000162,-0.000172,0.000156,-0.000273,0.000401,-0.000889
2025-12-16 19:02:44.238,-0.000539,0.000040,-0.000622,-0.000543,0.001822,-0.000486
2025-12-16 19:02:44.239,-0.000008,0.000174,0.000388,-0.000229,-0.002747,0.001913
2025-12-16 19:02:44.240,0.000552,-0.000467,0.000487,0.000134,-0.001446,-0.000838
2025-12-16 19:02:44.242,-0.000647,0.000191,-0.001010,0.000015,0.002134,-0.000094
2025-12-16 19:02:44.243,-0.000006,0.000020,0.000172,0.000205,-0.000832,0.000415
2025-12-16 19:02:44.244,-0.000205,0.001013,0.000039,0.000347,-0.001494,0.002223
2025-12-16 19:02:44.245,-0.000799,0.000306,-0.000728,0.000111,0.001818,0.001418
2025-12-16 19:02:44.246,0.000328,-0.000559,-0.000027,-0.000637,0.001093,-0.002349
2025-12-16 19:02:44.247,0.000192,0.000336,0.000224,-0.000063,-0.000671,0.000197
2025-12-16 19:02:44.248,0.000025,0.000363,0.000686,0.000966,-0.002440,0.001438
2025-12-16 19:02:44.250,0.000424,-0.000429,-0.000210,-0.000244,-0.001222,0.000395
2025-12-16 19:02:44.251,0.000380,-0.000715,-0.000047,-0.000536,0.000427,-0.001977
2025-12-16 19:02:44.252,0.000049,-0.000252,-0.000301,-0.000192,-0.000195,0.000218
2025-12-16 19:02:44.253,-0.000101,0.000447,0.000179,0.000156,-0.000642,0.001124
2025-12-16 19:02:44.254,0.000244,-0.000159,0.000021,0.000464,-0.000173,0.000080
2025-12-16 19:02:44.255,-0.000460,0.000274,-0.000139,-0.000531,0.001268,0.000482
2025-12-16 19:02:44.256,-0.000315,0.000583,0.000282,0.000171,0.000374,0.000637
2025-12-16 19:02:44.257,-0.000675,0.000065,-0.000207,0.000378,0.001134,0.000379
2025-12-16 19:02:44.258,0.000062,0.000131,0.000296,0.000306,-0.002055,0.001609
2025-12-16 19:02:44.259,0.000021,-0.000385,-0.000084,-0.000471,0.000785,-0.001190
2025-12-16 19:02:44.261,0.000382,-0.000110,0.000523,0.000312,0.000397,-0.001661
2025-12-16 19:02:44.262,0.000267,-0.000529,-0.000352,-0.000501,0.000896,-0.001912
2025-12-16 19:02:44.263,0.000177,0.000390,0.000454,0.000691,-0.000918,0.000743
2025-12-16 19:02:44.264,-0.000174,-0.000123,-0.000246,0.000104,0.001719,-0.000419
2025-12-16 19:02:44.265,0.000462,0.000219,0.000251,-0.000073,-0.000374,-0.000575
2025-12-16 19:02:44.266,0.000089,0.000441,-0.000175,0.000043,-0.001045,0.000916
2025-12-16 19:02:44.267,-0.000006,-0.000447,0.000059,-0.000452,-0.000783,-0.000244
2025-12-16 19:02:44.268,-0.000051,-0.000164,-0.000370,0.000119,0.001770,-0.000969
2025-12-16 19:02:44.269,-0.000164,-0.000934,0.000001,-0.000703,0.000381,-0.001507
2025-12-16 19:02:44.271,0.000038,0.000132,-0.000285,0.000061,0.000707,0.000029
2025-12-16 19:02:44.272,-0.000373,0.000727,0.000009,0.000297,-0.001341,0.002397
2025-12-16 19:02:44.273,0.000032,0.000496,-0.000013,0.000543,0.000186,0.000558
2025-12-16 19:02:44.274,-0.000168,-0.000708,-0.000539,-0.000489,0.002094,-0.001526
2025-12-16 19:02:44.275,0.000611,-0.000483,0.000383,-0.000505,-0.001185,-0.000855
2025-12-16 19:02:44.276,0.000184,0.000029,0.000695,0.000157,-0.002868,0.001137
2025-12-16 19:02:44.277,0.000209,0.000366,0.000398,0.000142,-0.001783,0.000947
2025-12-16 19:02:44.278,-0.000269,-0.000008,0.000212,0.000688,0.001338,-0.000658
2025-12-16 19:02:44.280,0.000432,-0.000678,0.000284,0.000003,0.001231,-0.002779
2025-12-16 19:02:44.281,-0.000235,0.000405,-0.000162,-0.000444,-0.001168,0.001874
2025-12-16 19:02:44.282,-0.000887,-0.000061,-0.001143,-0.001335,0.000940,0.000740
2025-12-16 19:02:44.283,0.000178,0.000022,0.000262,0.000205,-0.000280,0.000417
2025-12-16 19:02:44.284,0.000152,-0.000084,-0.000141,-0.000081,0.001643,-0.001461
2025-12-16 19:02:44.285,0.000037,0.000802,-0.000203,0.000993,0.000555,0.001123
2025-12-16 19:02:44.286,-0.000262,0.000299,0.000163,0.001183,-0.000830,0.001641
2025-12-16 19:02:44.288,0.000168,0.000019,-0.000106,-0.000350,-0.001145,0.001036
2025-12-16 19:02:44.289,0.000865,-0.000631,0.000878,-0.000350,-0.000056,-0.003182
2025-12-16 19:02:44.290,0.000331,-0.000084,0.000131,0.000208,-0.002093,0.001046
2025-12-16 19:02:44.291,-0.001385,0.000602,-0.001203,-0.000816,0.003525,0.001353
2025-12-16 19:02:44.292,-0.000648,0.000958,-0.000034,0.001008,0.001786,0.000776
2025-12-16 19:02:44.293,0.000278,0.000202,0.000217,-0.000519,-0.000124,-0.000254
2025-12-16 19:02:44.294,0.000845,-0.001126,0.000380,-0.000759,-0.002484,-0.001391
2025-12-16 19:02:44.295,-0.000263,0.000928,0.000070,0.000351,-0.000563,0.001871
2025-12-16 19:02:44.297,-0.000034,-0.000093,-0.000140,0.000222,0.002181,-0.002098
2025-12-16 19:02:44.298,-0.000485,0.000531,-0.000504,-0.000295,-0.000349,0.001982
2025-12-16 19:02:44.299,0.000739,-0.000522,0.001109,-0.000046,-0.003357,0.000055
2025-12-16 19:02:44.300,-0.000281,0.000930,-0.000051,0.000776,-0.000401,0.001651
2025-12-16 19:02:44.301,0.000095,-0.000622,-0.000745,0.000107,0.002647,-0.002297
2025-12-16 19:02:44.302,0.000367,-0.000405,0.000731,-0.000108,-0.000237,-0.000737
2025-12-16 19:02:44.303,-0.000049,-0.000108,-0.000516,-0.000492,-0.000978,0.000755
2025-12-16 19:02:44.304,-0.000727,0.000579,-0.000321,0.000062,0.002032,0.000430
2025-12-16 19:02:44.305,-0.000448,-0.000152,-0.000818,0.000495,0.000702,0.000272
2025-12-16 19:02:44.307,-0.000551,0.000321,-0.000403,0.000242,-0.000233,0.001716
2025-12-16 19:02:44.308,0.000607,-0.000225,-0.000095,-0.000877,-0.001239,-0.000432
2025-12-16 19:02:44.310,0.000642,-0.000898,0.000724,-0.000034,-0.000977,-0.001454
2025-12-16 19:02:44.311,-0.000021,0.000303,0.000209,0.000089,-0.000783,0.000916
2025-12-16 19:02:44.312,-0.000828,0.001057,-0.000654,0.000742,0.000607,0.002268
2025-12-16 19:02:44.313,-0.000494,0.000103,-0.000807,0.000065,0.000990,0.000975
2025-12-16 19:02:44.314,0.000202,-0.000307,0.000386,-0.000226,0.000520,-0.001386
2025-12-16 19:02:44.315,-0.000107,0.000815,0.000190,0.000512,0.000833,0.000258
2025-12-16 19:02:44.316,-0.000109,-0.000537,-0.000034,-0.000613,0.001161,-0.001126
2025-12-16 19:02:44.317,0.000776,-0.000055,0.001029,0.000727,-0.001872,-0.000409
2025-12-16 19:02:44.318,-0.000217,0.000007,0.000285,-0.000286,-0.002032,0.001302
2025-12-16 19:02:44.319,0.000031,0.000182,0.000033,0.000399,0.000135,0.000429
2025-12-16 19:02:44.320,-0.000102,0.000102,-0.000344,0.000163,0.001596,-0.000312
2025-12-16 19:02:44.322,-0.000123,0.000408,-0.000166,0.000488,0.001341,-0.000354
2025-12-16 19:02:44.323,0.000068,-0.000442,-0.000036,-0.000356,-0.000894,-0.000196
2025-12-16 19:02:44.324,0.002570,0.000331,0.002104,0.001227,-0.004945,-0.000504
2025-12-16 19:02:44.325,0.001797,0.000493,0.001204,0.000686,-0.002961,-0.000700
2025-12-16 19:02:44.326,0.001795,-0.000140,0.001649,0.000992,-0.003976,-0.000976
2025-12-16 19:02:44.327,0.001125,0.000279,0.000734,0.000731,-0.003655,0.001402
2025-12-16 19:02:44.329,0.000881,-0.000314,0.000287,-0.000207,-0.001182,-0.001176
2025-12-16 19:02:44.330,0.000718,0.000876,0.000469,0.000671,-0.001189,0.000414
2025-12-16 19:02:44.331,0.000003,-0.000645,0.000014,-0.000085,-0.000254,-0.001018
2025-12-16 19:02:44.332,0.000317,0.000675,0.001177,0.000901,-0.002931,0.001743
2025-12-16 19:02:44.333,0.000238,0.000012,0.000347,-0.000563,-0.001157,0.000648
2025-12-16 19:02:44.334,-0.000680,0.000211,-0.000820,-0.000378,0.002228,0.000275
2025-12-16 19:02:44.335,0.000978,-0.000592,0.000292,-0.000197,-0.001264,-0.001004
2025-12-16 19:02:44.336,0.000320,0.000130,0.000326,-0.000210,-0.002741,0.001223
2025-12-16 19:02:44.337,-0.000000,-0.000137,0.000077,0.000288,-0.000746,0.000463
2025-12-16 19:02:44.339,-0.000280,-0.000536,-0.000111,-0.000209,0.002177,-0.001718
2025-12-16 19:02:44.340,-0.000220,0.000282,-0.000139,-0.000125,0.001252,-0.000206
2025-12-16 19:02:44.341,-0.000197,0.000249,-0.000059,0.000203,-0.000813,0.001302
2025-12-16 19:02:44.342,-0.000027,0.001014,0.000861,0.000695,-0.000696,0.000830
2025-12-16 19:02:44.343,0.000138,0.000324,0.000129,0.000210,0.000633,-0.000229
2025-12-16 19:02:44.344,0.000201,-0.000678,0.000583,0.000234,-0.000830,-0.000938
2025-12-16 19:02:44.345,0.001380,0.000094,0.001491,0.000848,-0.003736,-0.000388
2025-12-16 19:02:44.347,-0.000016,-0.000067,-0.000698,0.000390,0.000474,-0.000162
2025-12-16 19:02:44.348,-0.000451,0.000132,-0.000801,-0.000883,0.001769,0.000376
2025-12-16 19:02:44.349,-0.000687,-0.000020,-0.000578,-0.000497,0.001756,0.000130
2025-12-16 19:02:44.350,0.001439,-0.001440,-0.000178,-0.001206,-0.002614,-0.001562
2025-12-16 19:02:44.352,0.001041,-0.000340,0.001387,-0.000049,-0.002211,-0.001173
2025-12-16 19:02:44.353,0.001689,-0.001937,0.000764,-0.000992,-0.001097,-0.004492
2025-12-16 19:02:44.354,0.000904,0.000481,0.000975,0.000246,-0.003685,0.000950
2025-12-16 19:02:44.355,-0.000104,-0.000864,-0.000762,-0.001093,0.000039,0.000122
2025-12-16 19:02:44.356,-0.000387,-0.000030,-0.000593,-0.000133,0.002359,-0.001181
2025-12-16 19:02:44.357,0.000412,-0.000294,0.000735,-0.000298,-0.000558,-0.001029
2025-12-16 19:02:44.358,0.000406,0.000542,0.000391,0.000423,-0.001268,0.000508
2025-12-16 19:02:44.360,-0.000079,-0.000701,-0.000591,-0.000362,-0.000804,0.000569
2025-12-16 19:02:44.361,-0.000667,-0.000915,-0.001044,-0.000618,0.003555,-0.002046
2025-12-16 19:02:44.362,0.000688,-0.000233,-0.000045,-0.000205,-0.000481,-0.001091
2025-12-16 19:02:44.363,0.000162,0.000429,0.000458,-0.000003,-0.002173,0.001424
2025-12-16 19:02:44.364,0.000547,0.000297,0.000815,0.000074,-0.002351,0.000266
2025-12-16 19:02:44.365,0.000092,-0.000361,0.000474,0.000437,-0.000386,-0.000726
2025-12-16 19:02:44.366,0.000133,-0.000259,-0.000136,-0.000197,0.000748,-0.000831
2025-12-16 19:02:44.367,-0.000306,0.000040,0.000131,-0.000002,0.000212,-0.000046
2025-12-16 19:02:44.368,-0.000413,-0.000007,-0.000539,-0.000166,-0.000544,0.001203
2025-12-16 19:02:44.370,-0.000032,0.000021,-0.000187,-0.000226,-0.000638,0.000626
2025-12-16 19:02:44.371,0.000288,0.000455,0.000586,0.000533,0.000169,-0.000182
2025-12-16 19:02:44.372,-0.000590,0.000164,-0.000256,0.000033,-0.000219,0.001333
2025-12-16 19:02:44.373,0.000722,-0.000287,0.000779,0.000465,-0.002314,-0.000238
2025-12-16 19:02:44.374,-0.000225,0.000206,-0.000384,-0.000435,0.001087,0.000207
2025-12-16 19:02:44.376,-0.000631,0.000136,-0.000591,0.000102,0.003500,-0.001217
2025-12-16 19:02:44.377,-0.000098,-0.000315,-0.000638,-0.000637,0.000361,-0.000269
2025-12-16 19:02:44.378,-0.000388,0.000195,-0.000182,0.000288,0.000150,0.000707
2025-12-16 19:02:44.379,0.000359,-0.000511,0.000280,-0.000491,-0.001819,-0.000059
2025-12-16 19:02:44.380,0.000396,0.000288,0.000738,0.000014,-0.000601,-0.000465
2025-12-16 19:02:44.381,-0.000052,-0.000761,-0.000529,-0.000158,0.002227,-0.002423
2025-12-16 19:02:44.383,-0.000378,0.000443,-0.000529,-0.000252,0.000948,0.001061
2025-12-16 19:02:44.384,0.000904,0.000106,0.000593,0.000080,-0.001084,-0.001206
2025-12-16 19:02:44.385,0.000754,0.001085,0.000612,0.000462,-0.003651,0.002299
2025-12-16 19:02:44.386,0.000516,0.000557,0.000738,0.001262,-0.001676,0.000568
2025-12-16 19:02:44.387,0.000269,0.000275,0.000103,0.000139,0.000654,-0.000270
2025-12-16 19:02:44.388,0.000729,-0.000020,0.000729,0.000756,-0.000967,-0.000742
2025-12-16 19:02:44.389,0.000192,-0.000456,-0.000419,-0.000207,0.000234,-0.000524
2025-12-16 19:02:44.390,0.000141,0.000417,0.000483,0.000505,-0.002800,0.001757
2025-12-16 19:02:44.392,-0.000004,0.000284,0.000281,-0.000035,-0.000116,0.000736
2025-12-16 19:02:44.393,0.000316,-0.000246,-0.000310,-0.000444,0.000609,-0.001051
2025-12-16 19:02:44.394,0.000635,0.000378,0.001091,0.000803,-0.001993,0.000023
2025-12-16 19:02:44.395,0.000103,0.000219,-0.000226,0.000492,-0.001049,0.000993
2025-12-16 19:02:44.396,-0.000321,0.000479,0.000411,0.000240,-0.000999,0.001627
2025-12-16 19:02:44.398,0.001721,-0.000132,0.001289,0.000781,-0.003134,-0.001620
2025-12-16 19:02:44.399,0.000929,0.000537,0.000893,0.000005,-0.001979,0.000367
2025-12-16 19:02:44.400,0.000169,0.000005,-0.000228,0.000082,-0.001386,0.001136
2025-12-16 19:02:44.401,0.000365,-0.000033,0.000925,0.000030,-0.002551,0.000369
2025-12-16 19:02:44.402,-0.000657,0.000336,-0.000804,0.000098,0.003420,-0.000156
2025-12-16 19:02:44.403,0.001315,0.000686,0.001287,0.001619,-0.001456,-0.000247
2025-12-16 19:02:44.404,0.001362,0.000021,0.001702,0.000757,-0.004855,0.000229
2025-12-16 19:02:44.405,0.000299,0.000885,0.000243,0.000279,-0.002416,0.002322
2025-12-16 19:02:44.406,0.001040,-0.001499,0.000187,-0.001106,-0.000895,-0.003147
2025-12-16 19:02:44.407,0.001576,-0.001291,0.000500,-0.000119,-0.000166,-0.003919
2025-12-16 19:02:44.409,-0.000308,0.000415,0.000676,0.003345,0.000125,0.002896
2025-12-16 19:02:44.410,0.001080,-0.000629,0.001798,0.002276,-0.002596,0.000136
2025-12-16 19:02:44.411,-0.000106,0.000554,0.000039,0.002198,0.000556,0.001749
2025-12-16 19:02:44.412,0.000309,0.000012,0.000750,0.001409,0.000368,-0.000546
2025-12-16 19:02:44.413,-0.000239,-0.000119,-0.000903,-0.000195,0.002632,-0.000301
2025-12-16 19:02:44.414,0.000057,-0.000293,-0.000227,0.000444,-0.001291,0.001047
2025-12-16 19:02:44.415,0.000390,0.000196,0.000773,0.000829,0.002180,-0.002064
2025-12-16 19:02:44.416,-0.000866,0.000466,-0.000806,-0.000062,0.005679,-0.001974
2025-12-16 19:02:44.417,0.001472,-0.000379,0.001028,0.000172,0.000132,-0.002925
2025-12-16 19:02:44.418,0.000888,0.000623,0.001551,0.001174,-0.000755,-0.000273
2025-12-16 19:02:44.419,0.002230,0.000622,0.002041,0.001599,-0.006030,0.000281
2025-12-16 19:02:44.421,0.002275,-0.000180,0.001988,0.000767,-0.004429,-0.001325
2025-12-16 19:02:44.422,0.001331,0.000368,0.001210,0.001207,-0.002041,-0.000373
2025-12-16 19:02:44.423,0.002102,-0.000392,0.001148,0.000192,-0.002312,-0.002207
2025-12-16 19:02:44.424,0.001054,0.000036,0.000533,0.000331,-0.003569,0.000993
2025-12-16 19:02:44.425,0.000999,0.001135,0.001746,0.001334,-0.004475,0.002041
2025-12-16 19:02:44.426,0.000880,-0.000407,0.000070,-0.000572,-0.000496,-0.001347
2025-12-16 19:02:44.427,0.000408,0.000420,0.000160,0.000082,0.000795,-0.000847
2025-12-16 19:02:44.428,0.000506,-0.000331,0.000115,-0.000080,-0.001284,-0.000006
2025-12-16 19:02:44.429,0.000747,-0.000109,0.001192,0.000894,-0.003447,0.000228
2025-12-16 19:02:44.430,-0.000461,0.000347,-0.001022,-0.000211,0.001987,0.000306
2025-12-16 19:02:44.432,-0.000011,-0.000006,-0.000078,-0.000159,0.001146,-0.000671
2025-12-16 19:02:44.433,-0.000201,-0.000316,-0.000269,-0.000329,0.001044,-0.000256
2025-12-16 19:02:44.434,0.000485,-0.000579,0.000520,0.000022,-0.001988,-0.000722
2025-12-16 19:02:44.435,-0.000140,0.000258,-0.000271,0.000231,0.001405,-0.000626
2025-12-16 19:02:44.436,0.002011,0.000205,0.001712,0.000857,-0.003246,-0.001234
2025-12-16 19:02:44.437,0.001800,-0.000017,0.001288,-0.000664,-0.003883,-0.000557
2025-12-16 19:02:44.439,0.000938,0.000077,0.000785,0.000028,-0.003747,0.001258
2025-12-16 19:02:44.440,0.000676,-0.000495,0.000364,0.000297,-0.000809,-0.001378
2025-12-16 19:02:44.441,0.000685,-0.000275,0.000170,0.000418,0.000315,-0.001828
2025-12-16 19:02:44.442,0.000450,0.000137,0.000496,0.000237,-0.000322,-0.000505
2025-12-16 19:02:44.444,-0.000843,0.000250,-0.001010,-0.000559,0.000539,0.001832
2025-12-16 19:02:44.445,0.000379,-0.000115,0.000396,-0.000251,-0.001797,0.000138
2025-12-16 19:02:44.446,-0.000247,0.000800,0.000602,0.000562,0.003489,-0.001638
2025-12-16 19:02:44.447,0.000314,-0.000030,0.000601,0.000484,0.000897,-0.001405
2025-12-16 19:02:44.448,0.000411,-0.000577,-0.000486,-0.001000,0.000180,-0.000923
2025-12-16 19:02:44.450,-0.000263,0.000441,0.000376,0.000561,-0.000185,0.000594
2025-12-16 19:02:44.451,0.000249,-0.000103,0.000128,0.000124,0.001353,-0.001280
2025-12-16 19:02:44.452,0.000296,-0.000363,0.000100,0.000275,-0.001005,-0.000137
2025-12-16 19:02:44.453,-0.000329,0.000175,-0.000587,-0.000589,-0.000310,0.000854
2025-12-16 19:02:44.454,-0.000298,-0.000029,0.000150,0.000304,0.001337,-0.000363
2025-12-16 19:02:44.456,0.000473,-0.000696,0.000520,-0.000336,0.000506,-0.002178
2025-12-16 19:02:44.457,-0.000222,0.000199,-0.000528,0.000351,0.001943,-0.000706
2025-12-16 19:02:44.458,0.000433,-0.000064,0.000294,0.000288,-0.001898,0.000389
2025-12-16 19:02:44.459,0.001288,-0.000257,0.000827,0.000070,-0.001861,-0.001423
2025-12-16 19:02:44.460,0.001293,-0.000344,0.000879,0.000475,-0.001583,-0.001530
2025-12-16 19:02:44.461,0.000335,0.000526,0.000081,-0.000002,-0.000567,0.000131
2025-12-16 19:02:44.462,0.001260,-0.000776,0.000939,0.000077,-0.004247,-0.000721
2025-12-16 19:02:44.463,0.000011,0.000195,-0.000111,0.000614,0.000285,0.000463
2025-12-16 19:02:44.464,0.000054,0.000329,-0.000525,-0.000176,0.001287,-0.000152
2025-12-16 19:02:44.466,-0.000591,-0.000570,-0.000983,-0.000688,0.001236,-0.000185
2025-12-16 19:02:44.467,0.001538,0.000353,0.001350,0.000758,-0.005204,0.001380
2025-12-16 19:02:44.468,0.001023,0.000154,0.000555,-0.001696,-0.002872,0.003950
2025-12-16 19:02:44.469,0.002664,0.000050,0.002973,-0.000499,-0.007333,0.001473
2025-12-16 19:02:44.471,0.001590,-0.002133,0.000442,-0.001162,-0.001843,-0.001967
2025-12-16 19:02:44.472,0.001090,-0.001254,0.000378,-0.000838,-0.003303,0.000397
2025-12-16 19:02:44.473,0.000448,-0.000742,-0.000212,-0.000914,-0.000844,-0.000095
2025-12-16 19:02:44.474,0.000865,-0.001806,-0.000181,-0.001254,-0.000244,-0.002399
2025-12-16 19:02:44.475,0.000177,-0.000659,-0.000203,-0.000371,0.001564,-0.001687
2025-12-16 19:02:44.476,0.000609,-0.000331,0.000330,0.000219,-0.000586,-0.000558
2025-12-16 19:02:44.478,0.000745,0.000125,0.000368,0.000277,-0.002878,0.001382
2025-12-16 19:02:44.479,0.000062,-0.000051,0.000078,-0.000354,-0.001405,0.001223
2025-12-16 19:02:44.480,-0.000345,-0.000022,-0.000691,0.000141,0.002138,-0.000358
2025-12-16 19:02:44.481,0.001183,-0.002462,-0.000130,-0.001436,-0.000152,-0.004507
2025-12-16 19:02:44.482,-0.000329,-0.001507,-0.001072,-0.001121,0.000106,-0.000291
2025-12-16 19:02:44.483,0.002812,0.000293,0.001987,0.000483,-0.003041,-0.002180
2025-12-16 19:02:44.484,0.002696,-0.000057,0.002064,0.000556,-0.004139,-0.002106
2025-12-16 19:02:44.485,0.004062,-0.000406,0.002750,0.001416,-0.002820,-0.005969
2025-12-16 19:02:44.487,0.003257,0.000176,0.002679,0.001539,-0.003494,-0.003403
2025-12-16 19:02:44.488,0.001105,0.000658,0.000725,0.000670,0.001784,-0.002028
2025-12-16 19:02:44.489,0.000818,0.001222,0.000926,0.001359,0.001107,-0.000333
2025-12-16 19:02:44.490,0.001975,0.000645,0.001583,0.000926,-0.002312,-0.000925
2025-12-16 19:02:44.491,0.002747,0.000102,0.001694,0.000337,-0.004723,-0.001347
2025-12-16 19:02:44.492,0.002733,0.000962,0.002162,0.001354,-0.004300,-0.000987
2025-12-16 19:02:44.493,0.002053,0.000661,0.002124,0.000914,-0.004698,-0.000023
2025-12-16 19:02:44.494,0.001776,0.000950,0.001745,0.001138,-0.001076,-0.001077
2025-12-16 19:02:44.496,0.001652,-0.000069,0.000730,0.000051,-0.000868,-0.001630
2025-12-16 19:02:44.497,0.002820,-0.000464,0.002057,0.000838,-0.003681,-0.003346
2025-12-16 19:02:44.498,0.002885,0.002285,0.002579,0.002149,-0.005687,0.001252
2025-12-16 19:02:44.499,0.003787,0.001146,0.003716,0.002175,-0.009895,0.000518
2025-12-16 19:02:44.500,0.003171,0.001144,0.003037,0.000937,-0.007385,0.000474
2025-12-16 19:02:44.502,0.002438,0.001018,0.002322,0.002183,-0.002791,-0.001111
2025-12-16 19:02:44.503,0.001919,-0.000661,0.000971,0.000398,0.001523,-0.004697
2025-12-16 19:02:44.504,0.002323,0.000024,0.001836,0.000803,-0.001345,-0.003142
2025-12-16 19:02:44.505,0.003115,0.000901,0.002646,0.000781,-0.000498,-0.004259
2025-12-16 19:02:44.506,0.003455,0.000573,0.002857,0.001686,-0.001971,-0.004457
2025-12-16 19:02:44.507,0.002941,0.001128,0.003362,0.001613,0.000813,-0.005418
2025-12-16 19:02:44.508,0.002263,0.000991,0.001697,0.001459,0.005627,-0.005814
2025-12-16 19:02:44.510,0.005000,-0.001374,0.003432,0.000901,0.000431,-0.010815
2025-12-16 19:02:44.511,0.003777,-0.000738,0.002403,0.000377,0.005859,-0.011552
2025-12-16 19:02:44.512,0.001671,-0.000377,0.001021,-0.000222,0.006277,-0.007536
2025-12-16 19:02:44.513,0.002379,-0.000046,0.001760,0.000956,0.006434,-0.008870
2025-12-16 19:02:44.514,0.002280,-0.000749,0.001127,-0.000019,0.008653,-0.010588
2025-12-16 19:02:44.516,0.002572,0.000788,0.001986,-0.001765,0.003446,-0.003648
2025-12-16 19:02:44.517,0.002481,-0.000225,0.002339,-0.000610,0.002761,-0.005272
2025-12-16 19:02:44.518,0.001386,0.000091,0.001403,-0.000687,0.006755,-0.006211
2025-12-16 19:02:44.519,0.002007,-0.002035,0.001161,-0.001474,0.002971,-0.007445
2025-12-16 19:02:44.520,0.001745,-0.001080,0.000942,-0.000994,0.003293,-0.005974
2025-12-16 19:02:44.521,0.002803,-0.000952,0.001817,-0.000528,-0.000765,-0.004584
2025-12-16 19:02:44.523,0.003821,-0.000796,0.003070,-0.000123,-0.004576,-0.004382
2025-12-16 19:02:44.524,0.004536,0.000323,0.003770,0.001816,-0.003655,-0.005438
2025-12-16 19:02:44.525,0.004428,0.000352,0.003393,0.001272,-0.001366,-0.006203
2025-12-16 19:02:44.526,0.005068,0.000207,0.003876,0.001638,-0.003672,-0.005972
2025-12-16 19:02:44.527,0.004787,0.000894,0.003785,0.002457,-0.005790,-0.003022
2025-12-16 19:02:44.529,0.005055,0.000048,0.003652,0.001287,-0.004508,-0.005486
2025-12-16 19:02:44.530,0.003503,0.000349,0.002701,-0.000804,0.000176,-0.003979
2025-12-16 19:02:44.531,0.004344,0.000049,0.003591,0.000443,-0.003215,-0.003819
2025-12-16 19:02:44.532,0.002633,0.000326,0.001817,0.000408,0.002378,-0.004530
2025-12-16 19:02:44.533,0.002442,-0.000812,0.001767,-0.000595,0.000169,-0.004782
2025-12-16 19:02:44.534,0.002776,0.001276,0.002667,0.001971,-0.002904,-0.000720
2025-12-16 19:02:44.536,0.003526,0.000785,0.002822,0.000356,-0.003711,-0.002515
2025-12-16 19:02:44.537,0.004182,-0.000052,0.002597,0.000915,-0.004265,-0.003999
2025-12-16 19:02:44.538,0.003711,-0.000590,0.002497,0.000569,-0.005212,-0.003044
2025-12-16 19:02:44.539,0.002387,0.000112,0.002142,0.001379,-0.005313,-0.000225
2025-12-16 19:02:44.540,0.004084,-0.000751,0.002310,-0.001128,-0.003467,-0.002941
2025-12-16 19:02:44.541,0.002952,-0.000789,0.002153,-0.000510,0.000673,-0.004656
2025-12-16 19:02:44.542,0.003227,-0.000198,0.002394,-0.000198,-0.003082,-0.003071
2025-12-16 19:02:44.543,0.002376,-0.000901,0.001763,-0.000859,0.000887,-0.004998
2025-12-16 19:02:44.544,0.002051,-0.000949,0.001069,-0.000747,0.005400,-0.008057
2025-12-16 19:02:44.546,0.003091,-0.000141,0.002899,0.001390,0.004627,-0.008428
2025-12-16 19:02:44.547,0.003988,-0.000034,0.002750,0.000765,0.004792,-0.010399
2025-12-16 19:02:44.548,0.004801,0.000125,0.004132,0.001655,-0.003182,-0.005887
2025-12-16 19:02:44.549,0.002284,0.000677,0.002943,0.003050,0.002404,-0.004003
2025-12-16 19:02:44.550,0.003515,-0.001199,0.002335,0.001450,0.000918,-0.007340
2025-12-16 19:02:44.551,0.002097,-0.000550,0.001503,0.000889,0.001049,-0.004007
2025-12-16 19:02:44.552,0.003076,-0.000025,0.003233,0.002184,-0.003414,-0.002926
2025-12-16 19:02:44.553,0.003633,-0.000154,0.003057,0.002367,-0.001855,-0.005306
2025-12-16 19:02:44.554,0.001607,0.000243,0.002196,0.004604,0.006521,-0.004849
2025-12-16 19:02:44.556,0.002850,-0.001483,0.002602,0.002330,0.002185,-0.007274
2025-12-16 19:02:44.557,0.001736,-0.001614,0.000879,0.000895,0.004176,-0.006438
2025-12-16 19:02:44.557,0.001952,-0.002583,0.000943,-0.000069,0.003896,-0.007758
2025-12-16 19:02:44.559,0.002991,-0.002810,0.000984,0.000491,0.001960,-0.009320
2025-12-16 19:02:44.560,0.003243,-0.000841,0.002568,0.001661,-0.001422,-0.005492
2025-12-16 19:02:44.561,0.005100,0.000568,0.005350,0.004522,-0.005605,-0.003921
2025-12-16 19:02:44.562,0.003772,0.000241,0.004706,0.001418,-0.004029,-0.001441
2025-12-16 19:02:44.563,0.002812,0.000719,0.003600,0.000842,-0.000971,-0.001897
2025-12-16 19:02:44.564,0.002586,-0.001815,0.001828,-0.001500,0.000067,-0.004839
2025-12-16 19:02:44.565,0.002666,-0.003017,0.001758,-0.004544,-0.003184,-0.002434
2025-12-16 19:02:44.567,0.003280,-0.004185,0.001578,-0.001411,-0.002843,-0.003468
2025-12-16 19:02:44.568,0.000623,-0.001166,0.002085,0.005475,0.004969,0.000195
2025-12-16 19:02:44.569,0.000567,-0.000414,0.002740,0.009359,0.008105,0.004571
2025-12-16 19:02:44.570,0.000696,-0.002148,0.002536,0.009267,0.010692,0.000185
2025-12-16 19:02:44.571,0.000216,-0.002310,0.002327,0.010606,0.008207,0.001432
2025-12-16 19:02:44.572,0.000531,-0.003305,0.002683,0.011774,0.012301,-0.003546
2025-12-16 19:02:44.573,-0.001283,-0.001507,0.001311,0.012706,0.015531,-0.000433
2025-12-16 19:02:44.575,-0.000022,-0.003575,0.001363,0.007403,0.013860,-0.004527
2025-12-16 19:02:44.576,0.000080,-0.004532,0.000335,0.004092,0.014236,-0.008896
2025-12-16 19:02:44.577,-0.000007,-0.003292,0.000609,0.002261,0.013967,-0.009963
2025-12-16 19:02:44.578,-0.001369,-0.001344,0.001517,0.002480,0.010033,0.000393
2025-12-16 19:02:44.579,-0.001142,-0.000850,0.001055,0.001653,0.012297,-0.003098
2025-12-16 19:02:44.580,0.001024,-0.000793,0.002238,0.000903,0.003916,-0.000780
2025-12-16 19:02:44.582,0.000743,-0.000761,0.002414,0.000585,0.002755,-0.001368
2025-12-16 19:02:44.583,0.001530,-0.002427,0.001874,-0.001156,-0.001127,-0.001838
2025-12-16 19:02:44.584,0.001268,-0.001323,0.001247,-0.001338,0.002351,-0.003051
2025-12-16 19:02:44.586,0.001031,-0.001137,0.000803,-0.001834,-0.000556,-0.001381
2025-12-16 19:02:44.587,0.000143,-0.000941,0.000057,-0.003081,0.001385,0.001792
2025-12-16 19:02:44.588,-0.000477,-0.001903,-0.000851,-0.002112,0.005280,-0.001037
2025-12-16 19:02:44.589,0.001283,-0.002540,0.000042,-0.000747,0.004394,-0.005829
2025-12-16 19:02:44.590,0.000417,-0.001635,-0.000536,-0.000833,0.006857,-0.005366
2025-12-16 19:02:44.591,0.000768,-0.001946,-0.000087,-0.001318,0.009588,-0.009068
2025-12-16 19:02:44.592,-0.000600,-0.000047,-0.000302,0.002578,0.009780,-0.002766
2025-12-16 19:02:44.593,0.000175,-0.000319,0.001002,0.001574,0.009434,-0.004896
2025-12-16 19:02:44.594,0.000190,-0.000266,0.002355,0.001625,0.003049,-0.003147
2025-12-16 19:02:44.595,0.000782,-0.000103,0.003085,0.001128,0.000678,-0.002573
2025-12-16 19:02:44.597,0.001347,0.000014,0.002729,0.001109,0.001990,-0.004250
2025-12-16 19:02:44.598,0.000585,-0.000520,0.000759,-0.000290,0.005094,-0.005152
2025-12-16 19:02:44.599,-0.000886,0.000600,-0.000971,0.000517,0.007654,-0.002185
2025-12-16 19:02:44.600,-0.000131,-0.000881,-0.000450,0.000039,0.009241,-0.007147
2025-12-16 19:02:44.601,0.001327,0.000307,0.002871,0.001400,0.007063,-0.008987
2025-12-16 19:02:44.602,0.000222,0.000494,0.000981,0.001081,0.011222,-0.008534
2025-12-16 19:02:44.603,0.000947,-0.000541,0.001390,0.001017,0.004609,-0.006239
2025-12-16 19:02:44.604,0.000208,-0.000085,0.000793,0.000230,0.007270,-0.005653
2025-12-16 19:02:44.605,0.000261,0.000602,0.001135,0.000361,0.007132,-0.005103
2025-12-16 19:02:44.606,-0.001375,-0.000108,-0.001222,-0.003555,0.008268,0.000221
2025-12-16 19:02:44.607,0.000052,-0.000441,-0.000556,-0.003162,0.003409,-0.000671
2025-12-16 19:02:44.608,-0.000639,0.000801,0.001380,-0.003620,0.001385,0.003879
2025-12-16 19:02:44.610,0.000265,-0.000760,0.001613,-0.003352,0.000690,0.000390
2025-12-16 19:02:44.611,-0.000737,-0.000127,-0.000232,-0.001798,0.004831,0.000187
2025-12-16 19:02:44.612,-0.000195,-0.000349,0.001037,0.001084,0.002259,0.000486
2025-12-16 19:02:44.613,0.001251,-0.001055,0.003173,0.001294,-0.001043,-0.002358
2025-12-16 19:02:44.614,-0.000479,0.000487,0.001854,0.004072,0.006996,-0.001204
2025-12-16 19:02:44.615,-0.000985,0.000772,0.001706,0.003938,0.007614,-0.001476
2025-12-16 19:02:44.616,-0.000572,-0.000613,0.001126,0.002096,0.006113,-0.003870
2025-12-16 19:02:44.617,-0.000224,-0.000378,0.001612,0.001605,0.007150,-0.005240
2025-12-16 19:02:44.618,-0.000475,-0.000618,0.000656,-0.002441,0.001624,0.002390
2025-12-16 19:02:44.619,-0.000457,0.000277,0.001795,-0.000971,0.005040,-0.000752
2025-12-16 19:02:44.620,-0.000047,-0.000078,0.002773,-0.003507,0.000189,0.002544
2025-12-16 19:02:44.621,-0.000000,0.000392,0.002391,-0.001906,-0.000227,0.002853
2025-12-16 19:02:44.622,-0.000510,0.001124,0.002651,0.002909,0.003511,0.002540
2025-12-16 19:02:44.624,0.000537,-0.000019,0.003662,0.002396,0.003575,-0.002265
2025-12-16 19:02:44.625,0.000376,0.000171,0.001999,0.001849,0.007623,-0.005289
2025-12-16 19:02:44.626,0.000643,0.000785,0.003245,0.001749,0.002714,-0.003143
2025-12-16 19:02:44.627,0.000497,0.000205,0.002053,0.000767,0.000372,-0.001348
2025-12-16 19:02:44.628,0.000791,0.000003,0.003204,0.001684,-0.002534,-0.001091
2025-12-16 19:02:44.629,-0.000421,0.001182,0.002769,0.003652,0.005023,-0.001059
2025-12-16 19:02:44.630,0.000570,0.000700,0.004265,0.003590,0.001458,-0.002439
2025-12-16 19:02:44.631,0.000657,0.000219,0.002973,0.002139,0.000276,-0.001261
2025-12-16 19:02:44.632,0.000304,0.000198,0.001664,0.001884,0.003965,-0.003033
2025-12-16 19:02:44.634,0.000589,0.000543,0.002751,0.001829,-0.000759,-0.000920
2025-12-16 19:02:44.635,0.000460,0.000381,0.002091,0.001165,0.001502,-0.002195
2025-12-16 19:02:44.636,0.001402,0.000080,0.003561,0.001416,-0.002137,-0.003049
2025-12-16 19:02:44.637,0.001878,0.001009,0.005495,0.002834,-0.009232,0.000500
2025-12-16 19:02:44.638,0.001156,0.000718,0.005469,0.002950,-0.004147,0.003104
2025-12-16 19:02:44.639,-0.000597,0.000757,0.003397,-0.001092,-0.001033,0.006752
2025-12-16 19:02:44.640,-0.001342,0.001196,0.003929,0.001087,-0.001092,0.011191
2025-12-16 19:02:44.641,-0.000383,0.001206,0.004303,0.000777,-0.003521,0.008783
2025-12-16 19:02:44.643,0.001165,0.000471,0.005510,0.001441,-0.006177,0.004346
2025-12-16 19:02:44.644,-0.000049,0.000313,0.004057,-0.001968,-0.000455,0.004958
2025-12-16 19:02:44.645,-0.000286,0.000363,0.003351,-0.000838,0.006282,-0.002040
2025-12-16 19:02:44.646,0.000858,0.000522,0.003436,0.000295,0.001258,-0.000826
2025-12-16 19:02:44.647,0.000468,0.000048,0.002574,-0.000168,0.000247,0.000191
2025-12-16 19:02:44.648,0.000810,0.001027,0.004477,0.000694,0.000113,-0.002362
2025-12-16 19:02:44.650,0.000159,0.000218,0.002638,-0.001952,0.006079,-0.002483
2025-12-16 19:02:44.651,0.000141,-0.000149,0.002387,-0.000974,0.008292,-0.005090
2025-12-16 19:02:44.652,0.001052,-0.000863,0.003146,-0.002984,-0.001745,0.001065
2025-12-16 19:02:44.653,0.001480,-0.002414,0.002109,-0.003552,-0.000510,-0.002895
2025-12-16 19:02:44.654,-0.000970,0.000100,0.001493,-0.001036,0.002955,0.006466
2025-12-16 19:02:44.655,0.000413,-0.000373,0.003443,-0.001045,0.000106,0.001711
2025-12-16 19:02:44.656,0.000697,-0.000960,0.002274,-0.001428,-0.000787,0.000842
2025-12-16 19:02:44.657,0.000095,0.000935,0.003937,0.003868,-0.001440,0.004267
2025-12-16 19:02:44.659,0.000078,0.000314,0.004349,0.002910,-0.001680,0.001971
2025-12-16 19:02:44.661,0.001717,0.000057,0.005900,0.001716,-0.003247,-0.002951
2025-12-16 19:02:44.662,0.001907,-0.000125,0.005783,0.002035,-0.000008,-0.006491
2025-12-16 19:02:44.663,0.001646,0.000330,0.005377,0.002188,0.003352,-0.008000
2025-12-16 19:02:44.664,0.001898,0.000029,0.005186,0.001784,0.003491,-0.008507
2025-12-16 19:02:44.666,0.000852,0.000985,0.003502,0.001470,0.003409,-0.004607
2025-12-16 19:02:44.667,0.001763,0.000465,0.004828,0.001448,0.000380,-0.005763
2025-12-16 19:02:44.669,0.001711,0.000965,0.007413,0.005204,-0.005050,-0.000891
2025-12-16 19:02:44.671,0.001522,0.002200,0.007506,0.005148,-0.008582,0.002613
2025-12-16 19:02:44.672,0.001148,0.002324,0.007479,0.007256,-0.004583,0.001580
2025-12-16 19:02:44.673,0.002612,0.000797,0.008479,0.005660,-0.004731,-0.004364
2025-12-16 19:02:44.674,0.000993,0.000907,0.007039,0.001778,-0.001196,-0.000948
2025-12-16 19:02:44.675,0.001593,0.001049,0.006634,0.002464,-0.005557,0.001478
2025-12-16 19:02:44.676,0.001196,0.001064,0.006013,0.002031,-0.005916,0.001712
2025-12-16 19:02:44.678,0.002037,-0.000142,0.006539,0.001802,-0.005721,-0.002256
2025-12-16 19:02:44.679,0.001991,0.000680,0.006981,0.002279,-0.007613,-0.001163
2025-12-16 19:02:44.680,0.002154,0.000267,0.006893,0.001947,-0.006806,-0.002457
2025-12-16 19:02:44.681,0.000762,0.000970,0.005367,-0.000394,-0.006930,0.004036
2025-12-16 19:02:44.682,0.001958,-0.000218,0.006083,-0.000882,-0.008591,0.000533
2025-12-16 19:02:44.683,0.001396,-0.000506,0.004600,-0.000620,-0.004510,-0.001151
2025-12-16 19:02:44.685,0.002042,0.000173,0.005618,0.000442,-0.005336,-0.002021
2025-12-16 19:02:44.686,0.002106,0.000389,0.005898,0.001572,-0.001846,-0.004438
2025-12-16 19:02:44.687,0.001503,0.000498,0.004606,0.000541,-0.003599,-0.001360
2025-12-16 19:02:44.688,0.001142,0.000786,0.003980,0.001604,0.003050,-0.005908
2025-12-16 19:02:44.689,0.001130,0.001060,0.005435,-0.000696,-0.002705,-0.000031
2025-12-16 19:02:44.690,0.001504,-0.000994,0.003593,-0.001458,-0.003739,-0.001925
2025-12-16 19:02:44.691,0.001723,0.000096,0.005493,-0.000046,-0.005703,-0.001262
2025-12-16 19:02:44.693,0.001501,0.000117,0.004236,0.000035,-0.000957,-0.003486
2025-12-16 19:02:44.694,0.003929,0.000469,0.006839,0.002169,-0.006130,-0.003983
2025-12-16 19:02:44.695,0.003915,0.001627,0.008048,0.003089,-0.010460,-0.001394
2025-12-16 19:02:44.696,0.002541,0.000932,0.005499,0.001478,-0.006874,-0.001580
2025-12-16 19:02:44.697,0.002670,0.000311,0.005822,0.000921,-0.003545,-0.004967
2025-12-16 19:02:44.698,0.003124,0.000440,0.006561,0.001620,-0.008339,-0.002958
2025-12-16 19:02:44.700,0.002640,-0.001016,0.005815,0.000978,-0.004162,-0.006355
2025-12-16 19:02:44.701,0.002348,0.000816,0.006544,0.002423,-0.005779,-0.003599
2025-12-16 19:02:44.702,0.000890,0.000316,0.004764,-0.000926,-0.004548,0.001735
2025-12-16 19:02:44.703,0.003348,0.000881,0.006783,0.000433,-0.012791,0.002250
2025-12-16 19:02:44.704,0.002501,0.000521,0.006425,0.000139,-0.011440,0.000965
2025-12-16 19:02:44.706,0.002730,-0.000340,0.006383,0.001268,-0.005810,-0.004364
2025-12-16 19:02:44.707,0.001534,0.000156,0.004621,-0.002296,-0.005243,0.002356
2025-12-16 19:02:44.708,0.003604,-0.001087,0.006282,-0.000852,-0.005209,-0.005172
2025-12-16 19:02:44.709,0.002821,-0.000806,0.006345,-0.000484,-0.002931,-0.005989
2025-12-16 19:02:44.710,0.002417,-0.000761,0.006232,-0.002547,-0.004585,-0.002337
2025-12-16 19:02:44.711,0.002885,-0.001559,0.004789,-0.002704,-0.004725,-0.003777
2025-12-16 19:02:44.713,0.002648,-0.000550,0.003754,-0.001098,-0.000135,-0.005166
2025-12-16 19:02:44.714,-0.000065,0.001655,0.001050,-0.000875,0.008075,-0.002802
2025-12-16 19:02:44.715,0.000440,-0.000576,0.001178,-0.003606,0.006924,-0.002907
2025-12-16 19:02:44.716,-0.000300,-0.000498,0.000091,-0.003079,0.013288,-0.006677
2025-12-16 19:02:44.717,0.001305,0.000546,0.002223,-0.003390,0.006587,-0.001873
2025-12-16 19:02:44.718,0.000926,0.001982,0.003901,0.001853,0.001518,0.003913
2025-12-16 19:02:44.719,0.000864,-0.000017,0.003875,-0.001262,0.004670,0.000139
2025-12-16 19:02:44.720,0.001247,-0.000125,0.004657,-0.001379,0.001644,-0.001800
2025-12-16 19:02:44.721,0.001631,-0.000937,0.004473,-0.000881,0.001942,-0.004405
2025-12-16 19:02:44.722,0.000075,0.001039,0.002864,-0.000050,0.001324,0.001108
2025-12-16 19:02:44.724,0.001859,0.001490,0.003840,0.001317,-0.003722,0.001998
2025-12-16 19:02:44.725,0.002821,0.001069,0.003890,0.001388,-0.003343,-0.001614
2025-12-16 19:02:44.726,0.002374,0.000804,0.003047,0.001066,-0.001114,-0.002752
2025-12-16 19:02:44.727,0.002233,0.000195,0.002154,0.000124,0.000282,-0.003874
2025-12-16 19:02:44.728,0.002657,0.000411,0.002749,0.000892,0.001765,-0.005472
2025-12-16 19:02:44.729,0.003020,0.001154,0.003406,0.001464,0.004143,-0.007193
2025-12-16 19:02:44.730,0.001985,0.000700,0.001942,0.001589,0.007253,-0.006654
2025-12-16 19:02:44.731,0.003269,0.000029,0.002073,0.000920,0.002597,-0.006421
2025-12-16 19:02:44.733,0.002437,-0.000026,0.002576,0.000434,-0.000322,-0.004262
2025-12-16 19:02:44.734,0.000809,0.000698,0.001297,-0.001771,0.004243,-0.001236
2025-12-16 19:02:44.735,0.000713,-0.001077,0.001150,-0.001620,0.004331,0.001043
2025-12-16 19:02:44.736,0.001643,-0.000178,0.001787,-0.000530,0.000568,0.002124
2025-12-16 19:02:44.737,0.000513,0.000364,0.000807,0.000269,0.006648,-0.001558
2025-12-16 19:02:44.738,0.000450,0.000241,0.000337,-0.002984,0.004018,0.001911
2025-12-16 19:02:44.739,-0.000903,-0.000642,-0.001046,-0.005588,0.009342,0.001908
2025-12-16 19:02:44.740,-0.000126,0.000400,0.000055,-0.003132,0.007190,0.001162
2025-12-16 19:02:44.741,0.001415,0.000301,0.001305,-0.002427,0.007625,-0.004209
2025-12-16 19:02:44.742,0.004266,-0.002424,0.002237,-0.002172,0.001471,-0.008201
2025-12-16 19:02:44.744,0.002720,-0.002587,0.000526,-0.002551,0.001362,-0.006174
2025-12-16 19:02:44.745,0.001753,-0.001096,0.000845,-0.001235,0.004291,-0.005410
2025-12-16 19:02:44.746,0.002084,-0.000396,0.001374,-0.000641,0.004579,-0.006229
2025-12-16 19:02:44.747,0.003238,0.000073,0.002501,0.000524,0.002182,-0.006234
2025-12-16 19:02:44.748,0.004305,-0.000153,0.003081,0.000044,-0.003219,-0.005250
2025-12-16 19:02:44.749,0.003610,0.000160,0.002802,0.001222,0.000600,-0.006519
2025-12-16 19:02:44.750,0.005557,-0.000909,0.003849,0.000851,-0.002637,-0.008744
2025-12-16 19:02:44.751,0.005355,-0.001964,0.003068,-0.000300,-0.003156,-0.008493
2025-12-16 19:02:44.752,0.004162,-0.001514,0.002648,0.003762,-0.001174,-0.005092
2025-12-16 19:02:44.753,0.002900,-0.000192,0.002845,0.002699,-0.000764,-0.003352
2025-12-16 19:02:44.754,0.004750,-0.001281,0.002819,0.001645,-0.002811,-0.006451
2025-12-16 19:02:44.756,0.002613,0.000330,0.001701,0.001419,0.000181,-0.002972
2025-12-16 19:02:44.757,0.003226,-0.000399,0.002175,0.002199,0.001761,-0.006291
2025-12-16 19:02:44.758,0.001904,0.001106,0.002010,0.002238,0.004834,-0.000279
2025-12-16 19:02:44.759,0.001344,0.001405,0.001875,0.001651,0.004124,-0.000199
2025-12-16 19:02:44.760,0.001070,0.000543,0.001235,-0.000822,0.002368,0.003043
2025-12-16 19:02:44.761,-0.000257,0.000667,-0.000155,-0.002101,0.003870,0.002988
2025-12-16 19:02:44.762,0.000700,-0.000021,0.000457,-0.000855,0.003188,-0.000383
2025-12-16 19:02:44.763,0.001415,0.000930,0.001176,0.000275,0.005044,-0.002294
2025-12-16 19:02:44.764,0.002183,-0.000064,0.001357,0.000588,0.002484,-0.003107
2025-12-16 19:02:44.765,0.004178,0.000286,0.003478,0.000877,0.000966,-0.006806
2025-12-16 19:02:44.766,0.003726,0.001341,0.004387,0.005458,0.001858,-0.004187
2025-12-16 19:02:44.768,0.003818,0.000196,0.002810,0.000633,0.002212,-0.002314
2025-12-16 19:02:44.769,0.002298,0.001679,0.002599,0.001601,0.001832,0.000587
2025-12-16 19:02:44.770,0.001473,-0.001543,0.000633,-0.002568,0.002368,-0.001350
2025-12-16 19:02:44.771,0.001705,-0.000205,0.001568,-0.000097,0.002790,0.003609
2025-12-16 19:02:44.772,0.002301,0.000716,0.003508,0.004999,0.003199,0.002050
2025-12-16 19:02:44.773,0.002834,0.001468,0.003815,0.004328,0.002878,0.000486
2025-12-16 19:02:44.774,0.002434,0.001198,0.003860,0.004684,0.006641,0.001464
2025-12-16 19:02:44.775,0.002176,0.002457,0.004052,0.007164,0.003986,0.004748
2025-12-16 19:02:44.776,0.002720,0.001021,0.003796,0.002097,-0.000977,0.006316
2025-12-16 19:02:44.778,0.002285,0.002079,0.004188,0.005704,0.001080,0.006634
2025-12-16 19:02:44.779,0.002619,0.002504,0.004421,0.009309,0.004254,0.004289
2025-12-16 19:02:44.780,0.000357,0.001749,0.001897,0.001378,0.009714,0.005156
2025-12-16 19:02:44.781,0.002014,-0.000213,0.002421,-0.002297,0.004568,0.003303
2025-12-16 19:02:44.782,0.003936,-0.002705,0.003386,-0.005484,0.000881,-0.000600
2025-12-16 19:02:44.783,0.005431,-0.002496,0.003628,-0.004644,-0.002143,-0.002462
2025-12-16 19:02:44.784,0.005474,-0.001599,0.004681,0.001055,-0.003655,0.000047
2025-12-16 19:02:44.785,0.003627,-0.001064,0.003328,0.000306,-0.002055,-0.000040
2025-12-16 19:02:44.786,0.003347,0.000162,0.004390,0.005623,-0.001048,0.001436
2025-12-16 19:02:44.787,0.003812,-0.001384,0.003167,0.002209,0.003186,-0.005774
2025-12-16 19:02:44.788,0.002893,0.000133,0.003390,0.004130,0.005599,-0.000715
2025-12-16 19:02:44.789,0.002250,-0.000751,0.002972,0.001952,0.007955,-0.004532
2025-12-16 19:02:44.791,0.003137,-0.000267,0.003617,0.002308,0.001098,-0.002623
2025-12-16 19:02:44.792,0.003983,0.000575,0.004293,-0.000093,-0.003929,0.001538
2025-12-16 19:02:44.793,0.002500,0.000405,0.003083,0.000410,0.003205,-0.002534
2025-12-16 19:02:44.794,0.001975,0.000640,0.002156,-0.001905,0.004746,0.000841
2025-12-16 19:02:44.795,0.002671,-0.000388,0.002655,-0.003767,-0.002543,0.003198
2025-12-16 19:02:44.796,0.003433,-0.000463,0.002878,-0.002915,0.000122,-0.002087
2025-12-16 19:02:44.798,0.005148,-0.001497,0.004322,-0.002829,-0.003958,-0.004719
2025-12-16 19:02:44.798,0.004244,-0.003693,0.002094,-0.006323,-0.003517,-0.002541
2025-12-16 19:02:44.800,0.003449,-0.002460,0.001983,-0.006497,-0.006464,0.003331
2025-12-16 19:02:44.801,0.003822,-0.001845,0.003567,-0.004188,-0.004523,-0.000164
2025-12-16 19:02:44.802,0.002813,-0.000087,0.004550,0.000287,-0.001097,0.001697
2025-12-16 19:02:44.803,0.002242,-0.000151,0.003940,0.000124,0.001431,-0.001865
2025-12-16 19:02:44.804,0.003995,0.000262,0.006657,0.001644,-0.002870,-0.004594
2025-12-16 19:02:44.805,0.002081,0.001057,0.004096,0.000764,-0.001350,-0.000695
2025-12-16 19:02:44.806,0.001953,-0.000516,0.003375,0.000475,0.004272,-0.006084
2025-12-16 19:02:44.807,0.003538,-0.002739,0.003082,-0.003483,0.003014,-0.007285
2025-12-16 19:02:44.808,0.003202,-0.001490,0.004616,-0.001692,0.001858,-0.006968
2025-12-16 19:02:44.810,0.001697,-0.001464,0.002408,-0.001559,0.005888,-0.006723
2025-12-16 19:02:44.811,0.000941,-0.000827,0.002316,-0.000089,0.007823,-0.004506
2025-12-16 19:02:44.812,0.002175,0.000401,0.005172,0.004244,-0.000018,-0.000367
2025-12-16 19:02:44.814,0.003422,-0.002107,0.003790,-0.000387,-0.003123,0.000045
2025-12-16 19:02:44.815,0.002810,-0.001046,0.004353,0.003233,-0.000442,0.000121
2025-12-16 19:02:44.816,0.003975,0.000456,0.005721,0.001230,-0.001108,-0.000893
2025-12-16 19:02:44.817,0.003710,-0.001893,0.003424,-0.000835,0.004327,-0.007904
2025-12-16 19:02:44.818,0.002128,-0.000959,0.004058,0.001457,0.001282,0.000978
2025-12-16 19:02:44.819,0.003173,-0.001230,0.004141,0.000659,0.000847,-0.002724
2025-12-16 19:02:44.820,0.002040,0.000003,0.003511,-0.001318,-0.000398,0.003304
2025-12-16 19:02:44.821,0.001854,-0.000605,0.002911,-0.000718,0.000602,0.000376
2025-12-16 19:02:44.822,0.000778,-0.001375,0.001173,-0.003438,-0.000048,0.004044
2025-12-16 19:02:44.823,0.001702,0.000185,0.003589,-0.001803,-0.006383,0.005057
2025-12-16 19:02:44.825,-0.000049,-0.001322,0.000970,-0.005072,-0.002795,0.006853
2025-12-16 19:02:44.826,-0.000395,0.000017,0.001820,-0.004438,-0.002827,0.008261
2025-12-16 19:02:44.827,-0.000735,-0.000113,0.000521,-0.003842,0.001050,0.005065
2025-12-16 19:02:44.828,-0.000901,-0.000029,0.001816,0.000340,0.005160,0.002267
2025-12-16 19:02:44.829,-0.000118,0.000032,0.003363,0.000513,0.004258,-0.001158
2025-12-16 19:02:44.830,-0.000627,0.000457,0.003167,-0.001781,0.003287,0.002765
2025-12-16 19:02:44.831,0.000710,0.000694,0.004567,-0.002822,-0.000350,0.003838
2025-12-16 19:02:44.832,0.001783,0.000150,0.005200,-0.001343,-0.003989,0.002605
2025-12-16 19:02:44.834,0.002752,0.000120,0.004872,-0.003014,-0.005010,0.003591
2025-12-16 19:02:44.835,0.003963,0.000356,0.006974,-0.000457,-0.004524,-0.000508
2025-12-16 19:02:44.836,0.003867,0.000682,0.006115,-0.002210,-0.005066,0.001073
2025-12-16 19:02:44.837,0.001817,0.000665,0.003800,-0.002600,-0.004293,0.007792
2025-12-16 19:02:44.838,0.001191,0.001273,0.004111,0.003373,-0.002437,0.007674
2025-12-16 19:02:44.839,0.001372,-0.000223,0.002889,-0.000722,-0.000902,0.006919
2025-12-16 19:02:44.840,0.001453,-0.000729,0.004140,0.000105,-0.004506,0.004929
2025-12-16 19:02:44.841,0.002369,-0.000386,0.005090,0.000447,-0.006483,0.002668
2025-12-16 19:02:44.842,0.001374,0.000885,0.006323,0.004200,-0.009101,0.007434
2025-12-16 19:02:44.843,0.001874,0.000349,0.006418,0.003592,-0.004401,0.000148
2025-12-16 19:02:44.844,0.001782,0.000479,0.007053,0.000464,-0.009325,0.005675
2025-12-16 19:02:44.845,0.002206,-0.000093,0.006826,0.000890,-0.007948,0.002121
2025-12-16 19:02:44.847,0.001126,-0.000266,0.006228,-0.001307,-0.009541,0.005892
2025-12-16 19:02:44.848,0.001565,-0.001517,0.006306,-0.003511,-0.005694,0.001479
2025-12-16 19:02:44.849,0.002470,-0.001356,0.007355,-0.002317,-0.008149,-0.000343
2025-12-16 19:02:44.850,0.002309,-0.000502,0.006819,-0.000499,-0.007608,-0.000444
2025-12-16 19:02:44.851,0.001925,-0.002243,0.004522,-0.001463,-0.002956,-0.004691
2025-12-16 19:02:44.852,0.001089,-0.001525,0.005607,-0.000437,-0.001269,-0.000156
2025-12-16 19:02:44.853,0.002073,-0.000901,0.006493,0.002591,-0.003579,0.000860
2025-12-16 19:02:44.854,0.002107,0.000003,0.006865,0.001397,-0.001121,0.001539
2025-12-16 19:02:44.855,0.000509,0.000772,0.005333,0.002101,-0.000999,0.008478
2025-12-16 19:02:44.856,0.001925,0.000871,0.006782,0.002428,-0.002863,0.003812
2025-12-16 19:02:44.858,0.003657,-0.001140,0.006353,0.001283,-0.003601,-0.001889
2025-12-16 19:02:44.859,0.002438,0.000068,0.004873,0.000627,0.003874,-0.006005
2025-12-16 19:02:44.860,0.001023,0.000805,0.005669,0.002879,0.005686,-0.000686
2025-12-16 19:02:44.861,0.000737,0.001232,0.006225,0.005037,0.004337,0.000876
2025-12-16 19:02:44.863,0.001000,-0.000337,0.005114,0.006540,0.008135,-0.003207
2025-12-16 19:02:44.864,0.002037,0.000034,0.006698,0.005997,0.005987,-0.005961
2025-12-16 19:02:44.865,0.000332,0.000535,0.006223,0.002547,0.003966,0.003523
2025-12-16 19:02:44.866,0.002676,0.000692,0.008191,0.001175,-0.007732,0.007228
2025-12-16 19:02:44.867,0.001711,0.001452,0.005986,0.001231,-0.001610,0.004093
2025-12-16 19:02:44.868,0.002293,0.000580,0.005588,0.001165,0.000122,-0.000203
2025-12-16 19:02:44.869,0.002203,0.002054,0.007025,0.005533,0.002440,-0.000507
2025-12-16 19:02:44.870,0.001692,0.000542,0.005472,0.004455,0.006197,-0.005092
2025-12-16 19:02:44.872,0.001626,0.001575,0.005530,0.003855,0.003149,-0.002413
2025-12-16 19:02:44.873,0.003017,0.000144,0.006709,0.000307,-0.004834,0.000365
2025-12-16 19:02:44.874,0.002696,-0.000721,0.004429,-0.000538,0.002605,-0.005697
2025-12-16 19:02:44.875,0.002617,-0.000166,0.005758,0.002351,-0.000566,-0.003395
2025-12-16 19:02:44.876,0.001062,0.001019,0.004422,0.003371,0.004241,-0.003031
2025-12-16 19:02:44.877,0.001744,-0.000227,0.004606,0.002128,0.003125,-0.005837
2025-12-16 19:02:44.878,0.000704,0.001204,0.004031,0.004890,0.008227,-0.004246
2025-12-16 19:02:44.879,0.001319,0.001837,0.004542,0.007771,0.010450,-0.005162
2025-12-16 19:02:44.880,0.000307,0.001332,0.003705,0.003040,0.009837,-0.002007
2025-12-16 19:02:44.882,0.002557,0.001914,0.006108,0.004576,-0.001275,0.000414
2025-12-16 19:02:44.883,0.003282,0.001191,0.007537,0.003915,-0.003350,-0.002742
2025-12-16 19:02:44.884,0.003352,0.001611,0.008186,0.006931,-0.005402,-0.000453
2025-12-16 19:02:44.885,0.001464,0.002879,0.007027,0.008713,0.000932,0.001044
2025-12-16 19:02:44.886,0.002015,0.002739,0.008045,0.010754,-0.001013,0.001395
2025-12-16 19:02:44.887,0.003736,0.002717,0.009261,0.008927,-0.003674,-0.000880
2025-12-16 19:02:44.888,0.002495,0.002319,0.007053,0.007456,-0.001643,-0.001297
2025-12-16 19:02:44.889,0.001930,0.001461,0.006117,0.005657,-0.000890,-0.001604
2025-12-16 19:02:44.890,0.002141,0.001782,0.005250,0.004387,0.000277,-0.003080
2025-12-16 19:02:44.892,0.001642,0.000580,0.004452,0.003299,0.002392,-0.005385
2025-12-16 19:02:44.893,0.000827,0.001171,0.004774,0.004775,0.007274,-0.006324
2025-12-16 19:02:44.894,0.001593,-0.000078,0.004716,0.001578,0.002655,-0.002964
2025-12-16 19:02:44.895,0.000812,0.000201,0.004459,-0.000521,0.001906,0.000330
2025-12-16 19:02:44.896,0.001451,0.000767,0.005836,-0.000676,-0.003673,0.001323
2025-12-16 19:02:44.897,0.000271,0.000346,0.003820,-0.002619,0.000917,0.002959
2025-12-16 19:02:44.898,0.001617,-0.000727,0.004669,-0.004248,0.001156,0.000380
2025-12-16 19:02:44.899,0.000586,0.000558,0.004763,-0.001597,-0.000269,0.008040
2025-12-16 19:02:44.900,0.000767,0.001097,0.005797,-0.000918,-0.000120,0.004274
2025-12-16 19:02:44.902,0.002255,-0.000286,0.006548,-0.000169,-0.002714,-0.000371
2025-12-16 19:02:44.903,0.001783,-0.000343,0.006752,-0.002243,-0.004634,0.002145
2025-12-16 19:02:44.904,0.001734,0.001211,0.007361,-0.000765,-0.006753,0.003408
2025-12-16 19:02:44.905,0.001054,-0.000130,0.005421,-0.002502,-0.001312,0.000716
2025-12-16 19:02:44.906,0.001046,0.000247,0.006138,-0.003391,-0.007643,0.007075
2025-12-16 19:02:44.907,0.001079,-0.000438,0.004596,-0.002657,0.000084,-0.000122
2025-12-16 19:02:44.908,0.000852,0.000215,0.005108,-0.001994,-0.002521,0.000466
2025-12-16 19:02:44.909,0.001230,-0.000487,0.004532,-0.001767,-0.002560,-0.001532
2025-12-16 19:02:44.910,0.002330,0.000264,0.006292,0.000045,-0.004574,-0.002802
2025-12-16 19:02:44.912,0.001552,-0.000008,0.004635,-0.001115,-0.005107,-0.000842
2025-12-16 19:02:44.913,0.001689,0.000207,0.006252,-0.001391,-0.009088,0.003978
2025-12-16 19:02:44.914,0.000453,-0.000173,0.004539,-0.005724,-0.003955,0.005894
2025-12-16 19:02:44.915,0.000553,-0.000899,0.004702,-0.006260,-0.004482,0.005741
2025-12-16 19:02:44.916,0.000406,-0.000186,0.005081,-0.006495,-0.003333,0.006226
2025-12-16 19:02:44.917,0.001714,-0.000656,0.006403,-0.004625,-0.003003,0.000042
2025-12-16 19:02:44.918,0.002528,0.000144,0.007504,-0.002337,0.001097,-0.004989
2025-12-16 19:02:44.919,0.001177,-0.000338,0.004417,-0.002177,0.006344,-0.006084
2025-12-16 19:02:44.920,0.001905,-0.001070,0.004669,-0.001232,0.006052,-0.008961
2025-12-16 19:02:44.921,0.001163,0.000556,0.006017,0.003217,0.005319,-0.004622
2025-12-16 19:02:44.922,0.001083,0.000697,0.005979,0.002094,0.006621,-0.006504
2025-12-16 19:02:44.924,0.001695,0.000593,0.006922,0.001998,0.005260,-0.008410
2025-12-16 19:02:44.925,0.000604,0.001271,0.005642,0.002628,0.001901,0.000614
2025-12-16 19:02:44.926,0.001396,-0.001010,0.006321,-0.001289,-0.003944,0.001636
2025-12-16 19:02:44.928,0.001243,-0.001061,0.006071,-0.003785,-0.001650,0.001475
2025-12-16 19:02:44.929,0.002259,-0.001428,0.005902,-0.001602,-0.001291,-0.003967
2025-12-16 19:02:44.930,0.002021,-0.000823,0.006411,-0.002910,-0.008012,0.003086
2025-12-16 19:02:44.931,0.001303,-0.001509,0.005505,-0.004630,-0.007238,0.004504
2025-12-16 19:02:44.932,0.001457,-0.000704,0.005972,-0.002803,-0.004684,0.001226
2025-12-16 19:02:44.933,0.001202,-0.000115,0.005589,-0.002902,0.000088,-0.002683
2025-12-16 19:02:44.934,0.003021,-0.000756,0.007962,-0.000423,-0.003953,-0.006342
2025-12-16 19:02:44.935,0.002867,-0.000402,0.007597,-0.000234,-0.004029,-0.005455
2025-12-16 19:02:44.936,0.002432,0.000127,0.007464,0.000069,-0.005987,-0.002546
2025-12-16 19:02:44.938,0.002817,0.000330,0.008002,0.001183,-0.003306,-0.005966
2025-12-16 19:02:44.939,0.001384,-0.000460,0.004557,0.000665,0.001907,-0.006027
2025-12-16 19:02:44.940,0.001344,-0.000023,0.005013,0.000407,-0.003509,-0.002706
2025-12-16 19:02:44.941,0.000735,0.000232,0.004041,0.000668,-0.000511,0.000991
2025-12-16 19:02:44.942,0.000324,0.001589,0.005726,0.000384,-0.000190,0.003912
2025-12-16 19:02:44.943,0.000248,0.000810,0.005870,0.001118,0.002667,0.004590
2025-12-16 19:02:44.944,-0.000338,0.001402,0.005017,0.000575,0.001016,0.005002
2025-12-16 19:02:44.945,0.000416,0.000127,0.004018,0.000356,0.001567,0.001162
2025-12-16 19:02:44.946,0.000725,0.000787,0.004830,0.000885,-0.001320,0.000999
2025-12-16 19:02:44.947,0.001126,0.000314,0.005492,0.000905,-0.002930,-0.000633
2025-12-16 19:02:44.949,0.001216,-0.000521,0.005509,-0.001814,-0.005739,0.002505
2025-12-16 19:02:44.950,0.000680,0.001285,0.004772,-0.000326,-0.002406,0.002112
2025-12-16 19:02:44.951,0.001673,-0.000869,0.005415,0.002488,-0.000701,-0.002255
2025-12-16 19:02:44.952,0.000737,0.001386,0.006411,0.007985,-0.000916,0.003314
2025-12-16 19:02:44.953,-0.000573,0.000985,0.004053,0.003177,0.004582,0.003666
2025-12-16 19:02:44.954,-0.000572,0.000965,0.004750,0.000809,0.002290,0.005628
2025-12-16 19:02:44.955,0.000031,0.000104,0.003423,0.000768,0.000445,0.003625
2025-12-16 19:02:44.956,0.001277,-0.000267,0.005702,-0.001472,-0.003019,0.003386
2025-12-16 19:02:44.957,-0.000313,0.001186,0.003672,0.002669,0.007249,0.001759
2025-12-16 19:02:44.958,0.000153,-0.000180,0.004903,0.002294,0.003515,0.004749
2025-12-16 19:02:44.959,-0.000570,-0.000774,0.004070,-0.001036,0.002059,0.006664
2025-12-16 19:02:44.961,0.000700,-0.000422,0.004958,-0.000035,0.001325,0.001962
2025-12-16 19:02:44.962,-0.000098,0.000950,0.006475,0.004362,0.000982,0.004519
2025-12-16 19:02:44.963,-0.000530,-0.000280,0.003906,0.004527,0.009018,-0.002750
2025-12-16 19:02:44.964,-0.001434,0.001837,0.005432,0.005470,0.007878,0.004807
2025-12-16 19:02:44.965,-0.001878,0.002416,0.004918,0.007855,0.009395,0.004875
2025-12-16 19:02:44.966,-0.001646,0.001730,0.005389,0.007145,0.007269,0.007266
2025-12-16 19:02:44.967,-0.001511,0.001321,0.005439,0.005783,0.008562,0.002310
2025-12-16 19:02:44.968,-0.000900,0.000603,0.005852,0.002191,0.005755,0.003437
2025-12-16 19:02:44.969,-0.001111,0.002320,0.007392,0.006418,0.000223,0.007980
2025-12-16 19:02:44.970,-0.000829,0.000044,0.007067,0.005369,0.002587,0.005544
2025-12-16 19:02:44.972,-0.000054,0.001245,0.007627,0.004757,0.003377,0.002122
2025-12-16 19:02:44.973,0.001187,0.000579,0.008683,0.002057,-0.000472,0.001773
2025-12-16 19:02:44.974,0.000562,0.002256,0.008523,0.005441,-0.002077,0.005781
2025-12-16 19:02:44.975,0.001440,0.000800,0.008389,0.003671,-0.009008,0.004082
2025-12-16 19:02:44.976,0.000760,0.000798,0.007975,0.004453,-0.002346,0.005079
2025-12-16 19:02:44.977,0.000707,0.001380,0.008337,0.004223,-0.000393,0.001106
2025-12-16 19:02:44.978,0.001959,0.000929,0.008297,0.002700,-0.007113,0.000843
2025-12-16 19:02:44.979,0.000499,0.000685,0.005556,0.004595,-0.001358,0.002211
2025-12-16 19:02:44.980,0.000348,0.002084,0.007103,0.009382,-0.003385,0.005535
2025-12-16 19:02:44.982,-0.000151,0.003054,0.007450,0.010963,0.001678,0.004340
2025-12-16 19:02:44.983,0.001708,0.001737,0.008506,0.008296,-0.001819,0.000412
2025-12-16 19:02:44.984,0.001837,0.000559,0.010293,0.008558,-0.001841,-0.003768
2025-12-16 19:02:44.985,0.001754,0.002078,0.010259,0.010816,0.001750,-0.003251
2025-12-16 19:02:44.986,0.001950,0.000848,0.009685,0.008442,-0.001669,-0.004315
2025-12-16 19:02:44.987,0.003228,0.000624,0.010684,0.007270,-0.009726,-0.001975
2025-12-16 19:02:44.988,0.001939,0.001510,0.010299,0.006309,-0.004860,-0.003367
2025-12-16 19:02:44.989,0.002533,0.001005,0.008800,0.005391,-0.003595,-0.004895
2025-12-16 19:02:44.990,0.002287,0.001237,0.009191,0.005154,-0.005086,-0.003809
2025-12-16 19:02:44.992,0.001913,0.001009,0.008147,0.007049,-0.000651,-0.004135
2025-12-16 19:02:44.993,0.001175,0.001159,0.007640,0.002883,-0.000822,-0.000588
2025-12-16 19:02:44.994,0.002263,-0.000000,0.007419,0.002238,-0.002887,-0.004499
2025-12-16 19:02:44.995,0.002838,-0.000011,0.009594,0.003202,-0.007976,-0.004121
2025-12-16 19:02:44.996,0.001892,0.001341,0.009358,0.001350,-0.006645,0.000467
2025-12-16 19:02:44.997,0.001080,0.001393,0.008029,0.004206,-0.001812,0.000907
2025-12-16 19:02:44.998,0.003044,0.001048,0.010588,0.004303,-0.006484,-0.002408
2025-12-16 19:02:44.999,0.002031,0.000579,0.008900,0.002471,-0.005381,-0.002122
2025-12-16 19:02:45.000,0.002623,0.000604,0.008273,0.002694,-0.006686,-0.003233
2025-12-16 19:02:45.002,0.001733,0.000323,0.007258,0.001567,-0.007249,-0.001523
2025-12-16 19:02:45.003,0.001380,-0.000230,0.006511,-0.000490,-0.006012,-0.000066
2025-12-16 19:02:45.004,0.000295,0.001213,0.005384,0.003938,0.004079,-0.001210
2025-12-16 19:02:45.005,0.000354,0.000245,0.003450,0.002957,0.009497,-0.006118
2025-12-16 19:02:45.006,0.000874,0.000538,0.004686,0.002067,0.007022,-0.006607
2025-12-16 19:02:45.007,0.001147,0.000441,0.005683,0.000493,0.001957,-0.002024
2025-12-16 19:02:45.008,0.001083,0.000024,0.005109,0.000454,0.004106,-0.004826
2025-12-16 19:02:45.009,0.001238,-0.001196,0.005804,0.000190,0.005459,-0.004386
2025-12-16 19:02:45.010,0.001079,-0.000648,0.005502,-0.000505,0.001950,-0.002797
2025-12-16 19:02:45.011,0.001735,-0.000704,0.006240,0.001357,-0.001704,-0.002595
2025-12-16 19:02:45.012,0.001285,0.002599,0.007150,0.001067,-0.005082,0.002661
2025-12-16 19:02:45.014,-0.000142,0.003611,0.006232,0.004339,-0.001410,0.005199
2025-12-16 19:02:45.015,0.000540,0.001719,0.006116,0.001310,0.000282,0.002997
2025-12-16 19:02:45.016,0.001066,0.000929,0.008165,-0.000632,-0.002846,0.001074
2025-12-16 19:02:45.017,0.001509,0.001043,0.007714,-0.000289,-0.003217,-0.000538
2025-12-16 19:02:45.018,0.001375,0.000787,0.007453,-0.001867,-0.004116,0.002647
2025-12-16 19:02:45.019,0.002423,0.000487,0.008157,-0.000645,-0.005129,-0.000839
2025-12-16 19:02:45.020,0.001904,-0.000139,0.007356,-0.000132,-0.000486,-0.004310
2025-12-16 19:02:45.021,0.001010,0.000160,0.004962,-0.000201,0.003942,-0.005349
2025-12-16 19:02:45.022,0.001901,0.000325,0.005971,0.000541,0.001523,-0.006031
2025-12-16 19:02:45.023,0.001733,0.001218,0.007487,0.004788,-0.000453,-0.002679
2025-12-16 19:02:45.024,0.000929,0.000934,0.006401,0.000805,-0.000405,0.000763
2025-12-16 19:02:45.026,-0.000089,0.000557,0.005655,0.000213,0.000410,0.000094
2025-12-16 19:02:45.027,0.000100,0.000458,0.006606,0.002019,0.001483,0.001871
2025-12-16 19:02:45.028,0.001226,0.000775,0.007310,0.001891,-0.003377,0.000010
2025-12-16 19:02:45.029,0.000610,0.000108,0.004936,-0.001221,0.000353,0.001828
2025-12-16 19:02:45.030,0.000980,0.000394,0.005885,-0.000368,0.001849,-0.002727
2025-12-16 19:02:45.031,-0.001868,0.001248,0.002431,-0.002576,0.008236,0.002599
2025-12-16 19:02:45.032,0.000462,-0.000387,0.004278,-0.002145,0.004735,-0.003129
2025-12-16 19:02:45.033,-0.000753,0.000128,0.003667,-0.003457,0.001132,0.003634
2025-12-16 19:02:45.035,-0.001812,0.000043,0.002681,-0.005462,0.006422,0.003063
2025-12-16 19:02:45.036,-0.001663,0.000362,0.004451,-0.002492,0.004235,0.004225
2025-12-16 19:02:45.037,-0.000973,0.002311,0.005753,-0.000588,0.001325,0.004321
2025-12-16 19:02:45.038,-0.000160,0.000738,0.004970,-0.000626,-0.001348,0.002665
2025-12-16 19:02:45.039,0.001060,0.000764,0.007994,0.000215,-0.002962,-0.001597
2025-12-16 19:02:45.041,-0.000070,0.002067,0.007361,0.004817,0.002944,-0.000510
2025-12-16 19:02:45.042,0.001319,0.000001,0.006615,0.003160,-0.004640,-0.001031
2025-12-16 19:02:45.043,0.000558,0.000788,0.007018,0.002603,-0.002364,-0.003159
2025-12-16 19:02:45.044,0.000457,0.000482,0.006155,-0.000252,-0.000359,-0.000762
2025-12-16 19:02:45.045,0.001163,0.000305,0.006572,0.000302,-0.002595,-0.001116
2025-12-16 19:02:45.046,0.001060,-0.000084,0.004958,0.000587,-0.000523,-0.002969
2025-12-16 19:02:45.047,-0.000395,0.001365,0.005056,0.003777,0.001126,0.001956
2025-12-16 19:02:45.048,0.001115,0.001186,0.006437,0.003937,-0.001096,-0.001601
2025-12-16 19:02:45.050,0.001039,0.000854,0.006052,0.003405,-0.001110,-0.002416
2025-12-16 19:02:45.051,-0.000986,0.000426,0.004981,0.004614,0.006378,-0.003027
2025-12-16 19:02:45.052,-0.000503,0.001004,0.005664,0.004150,0.000581,-0.000683
2025-12-16 19:02:45.053,0.000202,0.001011,0.005117,0.003785,0.002898,-0.002887
2025-12-16 19:02:45.054,0.000729,0.002144,0.008158,0.006872,-0.001643,-0.001018
2025-12-16 19:02:45.055,0.001502,0.000583,0.007416,0.004947,0.000326,-0.005702
2025-12-16 19:02:45.056,0.002093,0.000598,0.007365,0.003675,-0.003413,-0.004175
2025-12-16 19:02:45.057,0.001851,0.001589,0.007725,0.004401,-0.007435,-0.000768
2025-12-16 19:02:45.058,0.001752,0.000837,0.006992,0.003304,-0.005031,-0.002929
2025-12-16 19:02:45.059,0.000570,-0.000065,0.005812,0.002472,-0.001242,-0.004068
2025-12-16 19:02:45.061,0.000024,-0.000157,0.005057,-0.000733,-0.001132,-0.001021
2025-12-16 19:02:45.062,-0.000149,-0.000232,0.005995,-0.000509,-0.005169,0.000808
2025-12-16 19:02:45.063,0.000502,-0.000090,0.006252,-0.000227,-0.003471,-0.002261
2025-12-16 19:02:45.064,0.000912,0.000043,0.006160,0.000576,-0.000139,-0.005828
2025-12-16 19:02:45.065,0.000547,0.001043,0.006268,0.001105,0.001798,-0.005197
2025-12-16 19:02:45.066,0.001682,0.000570,0.007689,0.001514,-0.005923,-0.002876
2025-12-16 19:02:45.067,0.000427,-0.000655,0.005257,0.000903,0.002312,-0.007283
2025-12-16 19:02:45.068,0.000045,-0.000721,0.005237,-0.001868,0.002097,-0.004139
2025-12-16 19:02:45.070,0.000216,0.000283,0.005171,-0.000650,0.000167,-0.003188
2025-12-16 19:02:45.071,-0.000752,-0.000675,0.003666,-0.000742,0.004285,-0.005775
2025-12-16 19:02:45.072,-0.000569,0.000605,0.006353,-0.000848,-0.003504,0.002562
2025-12-16 19:02:45.073,-0.001458,0.001056,0.004570,0.002172,0.002131,0.003532
2025-12-16 19:02:45.074,-0.000674,0.000796,0.005041,0.001933,0.004787,-0.001783
2025-12-16 19:02:45.076,-0.000084,0.002144,0.005912,-0.000627,-0.002556,0.005061
2025-12-16 19:02:45.077,0.000336,0.001311,0.005370,-0.000613,0.000816,0.000450
2025-12-16 19:02:45.078,0.000993,0.000940,0.005330,0.000009,0.000604,-0.002758
2025-12-16 19:02:45.079,0.001032,0.000723,0.005304,0.001654,0.001253,-0.003377
2025-12-16 19:02:45.080,-0.000361,0.000131,0.005043,-0.001280,0.003217,-0.001937
2025-12-16 19:02:45.081,-0.000252,0.001766,0.005287,-0.001192,-0.000888,0.001826
2025-12-16 19:02:45.082,0.000339,0.002846,0.006605,-0.000385,-0.003561,0.002305
2025-12-16 19:02:45.085,0.000143,0.000472,0.006405,0.000079,-0.005057,-0.001307
2025-12-16 19:02:45.086,-0.001692,-0.000328,0.003869,-0.003142,0.001624,0.000599
2025-12-16 19:02:45.087,-0.000885,0.000623,0.005137,-0.001019,-0.004740,0.003454
2025-12-16 19:02:45.088,-0.001465,0.000736,0.004672,-0.000578,-0.000241,0.000889
2025-12-16 19:02:45.089,-0.001507,0.000031,0.004225,-0.000810,0.005443,-0.004634
2025-12-16 19:02:45.091,-0.001586,0.000228,0.004476,-0.000051,0.003271,-0.003393
2025-12-16 19:02:45.092,0.000433,-0.001540,0.006254,-0.003056,-0.002468,-0.003086
2025-12-16 19:02:45.093,-0.000704,0.001616,0.006133,-0.001736,-0.000292,0.000053
2025-12-16 19:02:45.094,0.000024,0.002416,0.006526,-0.000614,0.000135,-0.000643
2025-12-16 19:02:45.095,-0.000711,0.004209,0.006234,0.000254,0.002695,0.000397
2025-12-16 19:02:45.097,-0.000415,0.002475,0.006886,0.001145,-0.000624,-0.000977
2025-12-16 19:02:45.098,-0.001920,0.002411,0.004662,0.000480,0.004264,-0.000680
2025-12-16 19:02:45.099,-0.000730,0.000722,0.005457,-0.001391,0.002949,-0.002647
2025-12-16 19:02:45.100,-0.001444,0.000200,0.004569,-0.003780,0.004363,-0.000764
2025-12-16 19:02:45.102,-0.000820,0.002057,0.006885,-0.001974,-0.004252,0.004471
2025-12-16 19:02:45.103,-0.000680,0.002068,0.007804,-0.000917,-0.003646,0.001339
2025-12-16 19:02:45.104,-0.000148,0.000362,0.007666,0.000140,0.001416,-0.005455
2025-12-16 19:02:45.105,-0.000133,-0.000698,0.005318,-0.003349,0.003326,-0.004398
2025-12-16 19:02:45.106,-0.000146,0.001368,0.006676,-0.001597,-0.002793,0.000404
2025-12-16 19:02:45.107,0.000699,0.001210,0.009088,-0.000147,-0.006536,-0.000817
2025-12-16 19:02:45.108,-0.000347,0.001979,0.008833,-0.000110,-0.004368,0.000199
2025-12-16 19:02:45.109,-0.002663,0.004074,0.007220,0.000641,-0.002412,0.005068
2025-12-16 19:02:45.111,-0.003054,0.005753,0.008659,0.004436,-0.002727,0.008456
2025-12-16 19:02:45.112,-0.003898,0.001978,0.005104,0.001513,0.005691,-0.000046
2025-12-16 19:02:45.113,-0.004158,0.002611,0.006045,0.001937,0.006794,-0.001221
2025-12-16 19:02:45.114,-0.003163,0.001163,0.005991,0.001036,0.001298,-0.000277
2025-12-16 19:02:45.115,-0.002865,0.000703,0.005850,0.000660,-0.000775,-0.000010
2025-12-16 19:02:45.116,-0.002544,0.001517,0.005729,0.000683,0.001330,-0.000388
2025-12-16 19:02:45.118,-0.001340,0.000902,0.006803,0.001756,-0.000699,-0.002475
2025-12-16 19:02:45.119,-0.002337,0.001316,0.005206,-0.001753,0.002636,0.001406
2025-12-16 19:02:45.120,-0.001065,0.001088,0.008205,0.000685,-0.003929,-0.000834
2025-12-16 19:02:45.121,-0.001346,0.001052,0.007106,-0.002371,-0.004180,0.003113
2025-12-16 19:02:45.122,-0.002609,0.000504,0.004063,-0.002513,0.004899,-0.000107
2025-12-16 19:02:45.123,-0.003599,0.002228,0.003744,-0.001860,0.006826,0.001800
2025-12-16 19:02:45.124,-0.003298,0.001755,0.004615,-0.002993,0.005306,0.003013
2025-12-16 19:02:45.126,-0.002769,0.000826,0.005413,-0.002402,0.004347,0.000178
2025-12-16 19:02:45.127,-0.004193,0.001295,0.003758,-0.001963,0.010917,-0.002001
2025-12-16 19:02:45.128,-0.005184,0.003278,0.003251,-0.002182,0.013023,-0.000561
2025-12-16 19:02:45.129,-0.001665,0.002494,0.006750,0.000314,0.003776,-0.003044
2025-12-16 19:02:45.130,-0.002639,0.001890,0.006090,-0.000293,0.006339,-0.003725
2025-12-16 19:02:45.131,-0.001572,0.003353,0.008698,0.000731,0.002724,-0.000043
2025-12-16 19:02:45.132,0.000083,0.002966,0.010243,0.001018,-0.005371,0.001558
2025-12-16 19:02:45.133,-0.000459,0.004128,0.008887,0.000846,-0.002802,0.001789
2025-12-16 19:02:45.135,-0.001035,0.002245,0.007336,0.000252,0.000602,-0.001838
2025-12-16 19:02:45.136,-0.001226,0.002587,0.006066,0.000333,0.001285,-0.000501
2025-12-16 19:02:45.137,-0.002325,0.001629,0.006557,0.001136,0.001492,-0.001560
2025-12-16 19:02:45.138,-0.003246,0.001530,0.006362,0.000296,-0.000826,0.000835
2025-12-16 19:02:45.139,-0.004119,0.002497,0.004645,-0.000424,-0.001042,0.004294
2025-12-16 19:02:45.140,-0.001120,0.001863,0.007802,0.000961,-0.008012,0.001903
2025-12-16 19:02:45.141,-0.002406,0.002671,0.007467,0.000873,-0.002060,0.001049
2025-12-16 19:02:45.143,-0.002694,0.003595,0.007155,0.000780,0.000187,0.000884
2025-12-16 19:02:45.144,-0.003131,0.004802,0.007427,0.001856,-0.000115,0.003219
2025-12-16 19:02:45.145,-0.004856,0.004690,0.005519,-0.002470,0.001960,0.008322
2025-12-16 19:02:45.146,-0.003313,0.002943,0.007091,-0.001033,0.002792,0.001358
2025-12-16 19:02:45.147,-0.002543,0.002433,0.007618,-0.000839,0.001241,-0.000147
2025-12-16 19:02:45.148,-0.002102,0.001952,0.006572,0.000078,0.004030,-0.002305
2025-12-16 19:02:45.149,-0.001375,0.002541,0.007957,0.000064,-0.000007,-0.001372
2025-12-16 19:02:45.151,-0.004340,0.000874,0.004613,-0.003089,0.007777,-0.001374
2025-12-16 19:02:45.152,-0.003016,0.001894,0.007085,-0.000201,0.003767,-0.001139
2025-12-16 19:02:45.153,-0.002559,-0.000117,0.007369,-0.000500,0.003226,-0.004943
2025-12-16 19:02:45.154,-0.001858,0.000607,0.008607,0.000478,-0.001513,-0.002990
2025-12-16 19:02:45.155,-0.002504,0.000482,0.006760,-0.000109,0.004429,-0.006017
2025-12-16 19:02:45.157,-0.000534,-0.000151,0.008007,0.000008,0.001507,-0.007422
2025-12-16 19:02:45.158,0.000107,-0.000269,0.009215,0.001579,-0.000647,-0.008182
2025-12-16 19:02:45.159,-0.002212,-0.000273,0.008215,0.000992,0.001609,-0.006774
2025-12-16 19:02:45.160,-0.002794,-0.000043,0.006102,0.000437,0.002866,-0.004756
2025-12-16 19:02:45.161,-0.002763,0.001232,0.007336,0.000951,0.001726,-0.003601
2025-12-16 19:02:45.162,-0.002306,0.000608,0.006767,0.000913,-0.002241,-0.001241
2025-12-16 19:02:45.163,-0.004668,0.002767,0.004076,-0.000196,0.006089,0.001176
2025-12-16 19:02:45.165,-0.003467,0.001649,0.006115,-0.001333,0.002828,0.001645
2025-12-16 19:02:45.166,-0.002963,0.001015,0.004973,-0.001417,0.005036,-0.001521
2025-12-16 19:02:45.167,-0.002892,0.000513,0.006413,-0.000861,0.003348,-0.003419
2025-12-16 19:02:45.168,-0.002752,0.000315,0.004927,-0.000534,0.006089,-0.004430
2025-12-16 19:02:45.169,-0.001886,-0.000122,0.006818,-0.000068,0.007293,-0.008828
2025-12-16 19:02:45.170,-0.002501,-0.001121,0.006067,-0.002382,0.003467,-0.003763
2025-12-16 19:02:45.171,-0.001745,-0.000119,0.007788,-0.001602,-0.004292,0.000460
2025-12-16 19:02:45.172,-0.001395,-0.000802,0.008305,-0.001038,-0.002975,-0.003092
2025-12-16 19:02:45.173,-0.001807,0.001425,0.008903,0.000145,-0.001706,-0.001784
2025-12-16 19:02:45.174,-0.001403,0.000915,0.008922,0.000088,-0.003119,-0.002091
2025-12-16 19:02:45.176,-0.000300,0.001234,0.011543,0.001615,-0.005794,-0.004032
2025-12-16 19:02:45.177,0.000100,0.001029,0.011075,0.002366,-0.005016,-0.005040
2025-12-16 19:02:45.178,-0.002109,0.002516,0.009605,0.001657,-0.002003,-0.001267
2025-12-16 19:02:45.179,-0.002669,0.001211,0.010721,0.001255,0.000066,-0.005205
2025-12-16 19:02:45.180,-0.004011,0.002253,0.008700,0.000227,0.004741,-0.003753
2025-12-16 19:02:45.181,-0.003320,0.000935,0.009099,0.000845,0.000112,-0.004039
2025-12-16 19:02:45.182,-0.003569,-0.000052,0.007538,0.000262,0.003021,-0.005446
2025-12-16 19:02:45.184,-0.003641,0.001964,0.008625,0.000474,0.001930,-0.002793
2025-12-16 19:02:45.185,-0.004027,0.002253,0.008889,0.001099,0.005122,-0.004094
2025-12-16 19:02:45.186,-0.002711,0.000515,0.008549,-0.001729,-0.001068,-0.000643
2025-12-16 19:02:45.187,-0.004462,0.000400,0.006930,-0.000989,0.005616,-0.003116
2025-12-16 19:02:45.188,-0.003315,0.001132,0.009482,-0.000014,-0.000046,-0.002711
2025-12-16 19:02:45.190,-0.004594,0.002593,0.008747,-0.001771,-0.001053,0.004783
2025-12-16 19:02:45.191,-0.003095,0.002298,0.009767,0.000209,-0.003581,0.001443
2025-12-16 19:02:45.192,-0.005432,0.001778,0.007470,-0.002929,0.000085,0.004608
2025-12-16 19:02:45.193,-0.003503,0.002275,0.009520,-0.000991,-0.004406,0.004674
2025-12-16 19:02:45.194,-0.002960,0.001659,0.008568,-0.003714,-0.002230,0.003796
2025-12-16 19:02:45.196,-0.003703,0.000083,0.008328,-0.002707,0.001790,-0.000600
2025-12-16 19:02:45.197,-0.003382,-0.000930,0.007627,-0.005536,0.000373,0.003036
2025-12-16 19:02:45.198,-0.004567,-0.001014,0.006821,-0.004506,0.006787,-0.001660
2025-12-16 19:02:45.199,-0.004248,0.000152,0.007938,-0.003191,0.001321,0.000016
2025-12-16 19:02:45.200,-0.003288,0.000149,0.010049,-0.001639,-0.005070,0.000537
2025-12-16 19:02:45.202,-0.001141,-0.000265,0.012490,0.000135,-0.013589,0.000184
2025-12-16 19:02:45.203,-0.001612,0.000572,0.010292,-0.000303,-0.007936,0.000052
2025-12-16 19:02:45.204,-0.002165,0.001040,0.010604,0.000639,-0.007290,0.000041
2025-12-16 19:02:45.205,-0.001621,0.000463,0.011488,0.000995,-0.007516,-0.001946
2025-12-16 19:02:45.206,-0.002297,0.001057,0.012157,0.000781,-0.011554,0.000599
2025-12-16 19:02:45.208,-0.002435,0.002574,0.012248,0.001347,-0.008501,0.000260
2025-12-16 19:02:45.209,-0.003055,0.003296,0.012177,0.001961,-0.005845,0.000921
2025-12-16 19:02:45.210,-0.002860,0.004150,0.012887,0.002013,-0.007834,0.002681
2025-12-16 19:02:45.211,-0.002502,0.002967,0.011844,0.001705,-0.008540,0.001555
2025-12-16 19:02:45.212,-0.002261,0.003050,0.013371,0.000016,-0.011431,0.005369
2025-12-16 19:02:45.213,-0.003006,0.001911,0.012688,-0.000101,-0.008818,0.002490
2025-12-16 19:02:45.215,-0.003695,0.002248,0.011990,-0.003115,-0.006501,0.004584
2025-12-16 19:02:45.216,-0.004541,0.002271,0.011316,-0.000454,-0.002530,0.001471
2025-12-16 19:02:45.217,-0.005451,0.000388,0.011002,-0.003656,-0.001543,0.002102
2025-12-16 19:02:45.218,-0.004763,0.002731,0.011771,-0.000844,-0.000390,0.002011
2025-12-16 19:02:45.219,-0.002884,0.000089,0.011375,-0.001267,-0.001102,-0.004199
2025-12-16 19:02:45.220,-0.003448,0.001669,0.012719,-0.000031,-0.001462,-0.002847
2025-12-16 19:02:45.222,-0.002441,0.001700,0.012987,-0.000093,-0.005350,-0.002353
2025-12-16 19:02:45.223,-0.004711,0.000715,0.011730,-0.000332,-0.000998,-0.003515
2025-12-16 19:02:45.224,-0.004018,-0.001691,0.011427,-0.000348,-0.001914,-0.007187
2025-12-16 19:02:45.225,-0.005217,-0.000254,0.010444,-0.001811,-0.000320,-0.001201
2025-12-16 19:02:45.226,-0.006176,0.000477,0.008315,-0.002326,-0.000161,0.002316
2025-12-16 19:02:45.228,-0.005940,0.000461,0.009654,-0.001205,-0.004542,0.003033
2025-12-16 19:02:45.229,-0.005187,-0.000479,0.010383,-0.000795,0.000246,-0.004729
2025-12-16 19:02:45.230,-0.004808,0.000576,0.011545,0.000638,-0.001449,-0.002864
2025-12-16 19:02:45.232,-0.002883,-0.000854,0.012330,0.000934,-0.007082,-0.004285
2025-12-16 19:02:45.233,-0.003276,0.000231,0.012571,0.000760,-0.006221,-0.003726
2025-12-16 19:02:45.234,-0.002844,0.000715,0.013562,0.002371,-0.005541,-0.004367
2025-12-16 19:02:45.235,-0.003322,0.001291,0.014462,-0.001064,-0.008379,-0.000505
2025-12-16 19:02:45.236,-0.002353,0.000742,0.014765,0.000236,-0.013231,0.000517
2025-12-16 19:02:45.237,-0.001312,0.001613,0.015867,0.001309,-0.008903,-0.003563
2025-12-16 19:02:45.238,-0.001885,0.000974,0.014963,0.001459,-0.004642,-0.006588
2025-12-16 19:02:45.239,-0.000902,0.000052,0.015022,0.000987,-0.006333,-0.006961
2025-12-16 19:02:45.240,-0.001299,0.000010,0.015356,0.002007,-0.003075,-0.009965
2025-12-16 19:02:45.242,-0.002601,-0.000890,0.013609,-0.000597,0.000496,-0.009527
2025-12-16 19:02:45.243,-0.003576,-0.000901,0.012273,-0.000544,0.002846,-0.008816
2025-12-16 19:02:45.244,-0.005521,-0.000962,0.011152,-0.002913,0.004080,-0.004054
2025-12-16 19:02:45.245,-0.004923,-0.001304,0.010900,-0.002272,0.002883,-0.005562
2025-12-16 19:02:45.246,-0.005652,-0.000227,0.010699,-0.002037,0.004416,-0.005614
2025-12-16 19:02:45.247,-0.005781,-0.001525,0.010140,-0.004120,0.004792,-0.004085
2025-12-16 19:02:45.249,-0.005336,0.001517,0.012755,-0.002356,0.001659,-0.001969
2025-12-16 19:02:45.250,-0.006161,0.002732,0.012217,-0.000398,0.001893,0.000435
2025-12-16 19:02:45.251,-0.004580,0.001460,0.012498,-0.000810,-0.001341,-0.002181
2025-12-16 19:02:45.252,-0.006642,0.000831,0.010529,-0.000084,0.007188,-0.005881
2025-12-16 19:02:45.253,-0.006256,-0.000321,0.010522,0.000158,0.008112,-0.008804
2025-12-16 19:02:45.254,-0.005647,-0.000528,0.011092,-0.000257,0.000883,-0.005404
2025-12-16 19:02:45.255,-0.005310,-0.000599,0.010762,-0.000007,-0.001924,-0.003749
2025-12-16 19:02:45.256,-0.005743,-0.002050,0.009915,0.000018,-0.002372,-0.004179
2025-12-16 19:02:45.257,-0.005692,-0.001266,0.011100,-0.002632,-0.001957,-0.001690
2025-12-16 19:02:45.259,-0.006467,0.000220,0.010400,-0.001547,0.002418,-0.001997
2025-12-16 19:02:45.260,-0.004524,-0.000105,0.012365,-0.000420,-0.002789,-0.004567
2025-12-16 19:02:45.261,-0.004202,0.000724,0.014399,0.000784,-0.004802,-0.004166
2025-12-16 19:02:45.262,-0.003452,0.000173,0.015685,0.001720,-0.004580,-0.006875
2025-12-16 19:02:45.263,-0.003255,0.000061,0.015126,0.002709,-0.003516,-0.008189
2025-12-16 19:02:45.264,-0.004796,-0.000406,0.013254,0.001518,-0.002114,-0.006087
2025-12-16 19:02:45.265,-0.005047,0.000653,0.013649,0.000731,-0.005071,-0.003162
2025-12-16 19:02:45.267,-0.008331,0.002502,0.010929,-0.001885,0.001900,0.003798
2025-12-16 19:02:45.268,-0.007187,0.000825,0.010981,-0.001576,0.002410,-0.001188
2025-12-16 19:02:45.269,-0.005565,0.000346,0.012155,0.000413,0.002233,-0.005426
2025-12-16 19:02:45.270,-0.007066,0.000629,0.011111,-0.000527,0.003182,-0.003641
2025-12-16 19:02:45.271,-0.007281,0.001399,0.011841,-0.001624,-0.001786,0.003761
2025-12-16 19:02:45.272,-0.005349,0.000526,0.014347,-0.000631,-0.003741,-0.002412
2025-12-16 19:02:45.274,-0.006880,0.002430,0.013075,-0.003972,-0.006369,0.009649
2025-12-16 19:02:45.275,-0.008929,0.003327,0.011329,-0.003249,-0.000365,0.008756
2025-12-16 19:02:45.276,-0.006856,0.004026,0.014767,-0.001692,-0.007171,0.007554
2025-12-16 19:02:45.277,-0.007135,0.002268,0.014619,-0.003052,-0.003849,0.005658
2025-12-16 19:02:45.278,-0.004791,0.000718,0.016332,-0.004332,-0.008475,0.003287
2025-12-16 19:02:45.279,-0.004581,0.003518,0.017568,-0.000943,-0.008817,0.004767
2025-12-16 19:02:45.281,-0.005039,0.003582,0.017362,-0.001083,-0.010544,0.005822
2025-12-16 19:02:45.282,-0.004889,0.001995,0.016223,-0.000900,-0.011414,0.003484
2025-12-16 19:02:45.283,-0.004805,0.001743,0.016547,0.000421,-0.008825,0.000362
2025-12-16 19:02:45.284,-0.005553,0.002839,0.015768,0.001563,-0.007432,0.000794
2025-12-16 19:02:45.285,-0.004464,0.001274,0.014926,0.001354,-0.007243,-0.001857
2025-12-16 19:02:45.286,-0.004055,0.000323,0.015674,0.000989,-0.003352,-0.007601
2025-12-16 19:02:45.287,-0.004982,0.000315,0.015713,0.000966,-0.002994,-0.006362
2025-12-16 19:02:45.288,-0.006265,-0.000248,0.012997,-0.002350,0.003286,-0.005619
2025-12-16 19:02:45.289,-0.005332,-0.000629,0.014391,-0.000940,0.000428,-0.006518
2025-12-16 19:02:45.290,-0.006832,0.000562,0.013281,-0.000587,0.000491,-0.002997
2025-12-16 19:02:45.291,-0.007323,0.002135,0.014033,-0.002225,-0.002026,0.003472
2025-12-16 19:02:45.292,-0.008079,0.003325,0.014282,-0.003408,-0.000346,0.005535
2025-12-16 19:02:45.293,-0.006328,0.002323,0.016083,-0.002601,-0.000274,0.000023
2025-12-16 19:02:45.294,-0.006010,0.001239,0.015543,-0.003835,-0.001635,0.000483
2025-12-16 19:02:45.296,-0.006795,0.002311,0.016292,-0.002321,-0.002502,0.001618
2025-12-16 19:02:45.297,-0.007340,0.000900,0.014745,-0.005148,0.000999,0.000637
2025-12-16 19:02:45.298,-0.007191,0.002023,0.015175,-0.005241,0.000078,0.003694
2025-12-16 19:02:45.299,-0.006914,0.001103,0.013633,-0.002719,0.000931,0.000642
2025-12-16 19:02:45.300,-0.008020,0.001722,0.011732,-0.006068,0.001666,0.005260
2025-12-16 19:02:45.301,-0.009042,0.004363,0.012652,-0.004923,0.001570,0.010200
2025-12-16 19:02:45.302,-0.007692,0.004922,0.014767,-0.002883,-0.002293,0.008780
2025-12-16 19:02:45.303,-0.006699,0.003185,0.014761,-0.001526,-0.000688,0.002596
2025-12-16 19:02:45.304,-0.006870,0.004480,0.014447,-0.001181,-0.002273,0.005078
2025-12-16 19:02:45.305,-0.006879,0.002455,0.014417,-0.003009,0.000015,0.002312
2025-12-16 19:02:45.307,-0.007767,0.003774,0.013507,-0.002455,0.002129,0.003010
2025-12-16 19:02:45.308,-0.006890,0.001757,0.012695,-0.004131,0.003333,0.001453
2025-12-16 19:02:45.309,-0.005879,0.000928,0.013018,-0.002282,0.002972,-0.001769
2025-12-16 19:02:45.310,-0.003973,0.000023,0.015660,-0.001086,-0.003973,-0.004272
2025-12-16 19:02:45.311,-0.005331,0.001619,0.014922,-0.002868,0.001115,-0.001529
2025-12-16 19:02:45.313,-0.005868,0.003187,0.015706,-0.000687,-0.000809,-0.000648
2025-12-16 19:02:45.314,-0.004383,0.001782,0.015858,-0.002770,-0.003365,-0.000647
2025-12-16 19:02:45.315,-0.004834,0.000974,0.014642,-0.002769,-0.002072,-0.002052
2025-12-16 19:02:45.316,-0.003254,0.000816,0.016488,-0.000539,-0.003008,-0.006435
2025-12-16 19:02:45.317,-0.003032,0.000497,0.017523,0.000627,-0.005154,-0.007242
2025-12-16 19:02:45.319,-0.004587,0.001659,0.015729,0.000922,-0.001614,-0.005085
2025-12-16 19:02:45.320,-0.005518,0.000798,0.013849,0.000013,0.002221,-0.006836
2025-12-16 19:02:45.321,-0.004445,0.001715,0.016368,0.004899,-0.003209,-0.003124
2025-12-16 19:02:45.322,-0.006658,0.001984,0.015002,0.002761,0.004288,-0.005098
2025-12-16 19:02:45.323,-0.006865,0.003208,0.015593,0.003404,0.002500,-0.003528
2025-12-16 19:02:45.324,-0.007147,0.002069,0.014118,0.000390,0.008130,-0.003756
2025-12-16 19:02:45.325,-0.006536,0.003751,0.015578,0.001482,0.004080,-0.002081
2025-12-16 19:02:45.327,-0.004763,0.002037,0.016651,0.001513,-0.003041,-0.003296
2025-12-16 19:02:45.328,-0.005663,0.002466,0.014914,0.000617,-0.000114,-0.003151
2025-12-16 19:02:45.329,-0.004699,0.001212,0.016441,-0.000961,0.001281,-0.006287
2025-12-16 19:02:45.330,-0.004984,0.002236,0.017421,-0.002401,-0.004709,0.001116
2025-12-16 19:02:45.331,-0.004970,0.003713,0.018120,0.000692,-0.005530,0.001725
2025-12-16 19:02:45.332,-0.005968,0.004090,0.018883,0.002205,-0.007196,0.008392
2025-12-16 19:02:45.333,-0.004630,0.002250,0.017861,-0.000265,-0.005726,0.003955
2025-12-16 19:02:45.334,-0.004838,0.001442,0.016884,-0.000246,-0.004009,0.001002
2025-12-16 19:02:45.335,-0.004592,0.002838,0.017480,-0.001101,-0.007396,0.005445
2025-12-16 19:02:45.336,-0.003899,0.002019,0.018229,0.000301,-0.010463,0.003355
2025-12-16 19:02:45.337,-0.003072,0.003258,0.019024,0.001232,-0.010923,0.002770
2025-12-16 19:02:45.338,-0.005907,0.003354,0.016779,-0.001924,-0.001523,0.002857
2025-12-16 19:02:45.339,-0.006718,0.002804,0.016321,-0.003635,0.002085,0.001531
2025-12-16 19:02:45.341,-0.006142,0.003173,0.017211,-0.001510,0.002195,0.005247
2025-12-16 19:02:45.343,-0.006894,0.004375,0.016159,-0.002032,0.004947,0.004952
2025-12-16 19:02:45.344,-0.005760,0.002411,0.016437,-0.003099,0.004789,0.001411
2025-12-16 19:02:45.345,-0.007194,0.002875,0.016428,0.001577,0.004545,0.002721
2025-12-16 19:02:45.346,-0.007354,0.003408,0.016750,0.000846,0.001902,0.002344
2025-12-16 19:02:45.347,-0.007975,0.003340,0.016255,-0.002040,0.001029,0.004802
2025-12-16 19:02:45.348,-0.008513,0.004639,0.015790,-0.001114,0.005610,0.006173
2025-12-16 19:02:45.350,-0.007128,0.004167,0.016970,-0.001308,0.000406,0.003570
2025-12-16 19:02:45.351,-0.003957,0.002849,0.018721,0.000762,-0.003959,-0.000853
2025-12-16 19:02:45.352,-0.004167,0.002539,0.018000,-0.000610,-0.001371,-0.002971
2025-12-16 19:02:45.353,-0.003028,0.002670,0.018496,0.003822,0.001887,-0.006606
2025-12-16 19:02:45.354,-0.004303,0.002224,0.017476,0.003603,0.005113,-0.003100
2025-12-16 19:02:45.355,-0.004843,0.002479,0.017810,0.002526,0.001371,0.000917
2025-12-16 19:02:45.356,-0.004230,0.004251,0.018187,0.005292,-0.003127,0.005921
2025-12-16 19:02:45.357,-0.005065,0.003720,0.017317,0.002634,0.002845,0.003654
2025-12-16 19:02:45.358,-0.004510,0.003175,0.018431,0.006767,-0.002524,0.004601
2025-12-16 19:02:45.359,-0.004393,0.001880,0.017811,0.003002,0.000359,0.000932
2025-12-16 19:02:45.361,-0.004243,0.001008,0.017791,0.000544,-0.005067,0.003611
2025-12-16 19:02:45.362,-0.002593,0.001646,0.019229,0.001648,-0.004362,-0.004132
2025-12-16 19:02:45.363,-0.004591,0.002911,0.018358,0.001557,0.001243,-0.004627
2025-12-16 19:02:45.365,-0.004041,0.001768,0.018598,0.002674,-0.002469,-0.005969
2025-12-16 19:02:45.366,-0.004242,0.002958,0.018718,-0.000256,-0.003836,-0.001077
2025-12-16 19:02:45.367,-0.004236,0.001435,0.018397,-0.002691,0.000470,-0.003810
2025-12-16 19:02:45.368,-0.003496,0.002412,0.019517,0.002670,-0.002551,-0.002294
2025-12-16 19:02:45.369,-0.002028,0.002552,0.020946,0.007738,-0.000576,-0.006033
2025-12-16 19:02:45.370,-0.004537,0.003581,0.018175,0.005883,0.001363,0.000469
2025-12-16 19:02:45.371,-0.004641,0.002175,0.018206,0.002655,-0.001280,0.001138
2025-12-16 19:02:45.372,-0.003858,0.000859,0.017153,0.002797,0.004749,-0.001622
2025-12-16 19:02:45.373,-0.004710,0.003187,0.018517,0.007511,0.005651,0.000418
2025-12-16 19:02:45.374,-0.004902,0.002966,0.018739,0.006755,0.004105,0.002291
2025-12-16 19:02:45.376,-0.006503,0.004081,0.016589,0.008497,0.010993,0.002508
2025-12-16 19:02:45.377,-0.005688,0.003129,0.017052,0.004624,0.010232,-0.000131
2025-12-16 19:02:45.378,-0.005766,0.003531,0.018154,0.003709,0.006994,0.002938
2025-12-16 19:02:45.379,-0.005297,0.003766,0.018357,0.002822,0.006050,-0.000012
2025-12-16 19:02:45.380,-0.002859,0.002031,0.021268,0.004704,0.002284,-0.002618
2025-12-16 19:02:45.381,-0.003261,0.001978,0.021247,0.002249,0.002593,-0.002729
2025-12-16 19:02:45.382,-0.003047,0.001113,0.020740,-0.000662,0.000998,-0.002625
2025-12-16 19:02:45.384,-0.004349,0.001179,0.020837,-0.001717,-0.003952,0.001606
2025-12-16 19:02:45.385,-0.002115,0.000901,0.021893,-0.002652,-0.011101,0.002439
2025-12-16 19:02:45.386,-0.003719,0.001782,0.020363,-0.000108,-0.001978,0.003328
2025-12-16 19:02:45.387,-0.003467,0.001001,0.020010,-0.003027,-0.004729,0.003474
2025-12-16 19:02:45.388,-0.002730,0.000326,0.019633,-0.004494,-0.006068,0.002088
2025-12-16 19:02:45.389,-0.003659,-0.000011,0.017279,-0.006039,0.000788,-0.000324
2025-12-16 19:02:45.390,-0.003805,-0.000571,0.016885,-0.004217,0.002412,-0.004534
2025-12-16 19:02:45.392,-0.003545,-0.000793,0.015690,-0.005206,0.003119,-0.004466
2025-12-16 19:02:45.393,-0.003536,0.000314,0.017635,0.002335,0.004731,-0.008137
2025-12-16 19:02:45.394,-0.004323,0.000327,0.017607,0.001142,0.008069,-0.008175
2025-12-16 19:02:45.395,-0.002511,0.000785,0.019516,0.001234,0.001133,-0.008676
2025-12-16 19:02:45.396,-0.003560,0.001932,0.018155,0.002677,0.006870,-0.004891
2025-12-16 19:02:45.397,-0.003901,0.000746,0.018714,0.003418,0.005682,-0.003304
2025-12-16 19:02:45.398,-0.003572,0.000772,0.018744,0.003514,0.007497,-0.008231
2025-12-16 19:02:45.400,-0.003505,0.001092,0.017994,0.000506,0.006442,-0.005584
2025-12-16 19:02:45.401,-0.004108,0.002927,0.018149,0.001424,0.006898,-0.005943
2025-12-16 19:02:45.402,-0.004288,0.001964,0.018353,-0.000896,0.004168,-0.003685
2025-12-16 19:02:45.403,-0.003585,0.002053,0.019691,0.004672,0.001487,-0.000854
2025-12-16 19:02:45.404,-0.003839,0.001278,0.018408,0.001058,0.004696,-0.003296
2025-12-16 19:02:45.405,-0.003253,0.001925,0.021046,0.005582,0.003059,-0.005024
2025-12-16 19:02:45.406,-0.004952,0.003763,0.019435,0.002770,0.006772,-0.001398
2025-12-16 19:02:45.407,-0.005113,0.002088,0.019199,0.003397,0.008129,-0.001296
2025-12-16 19:02:45.409,-0.004956,0.003746,0.018365,0.004466,0.005261,0.000430
2025-12-16 19:02:45.410,-0.004313,0.001446,0.017631,0.001749,0.004584,-0.004617
2025-12-16 19:02:45.411,-0.004905,0.001475,0.017993,0.001520,-0.000865,0.001883
2025-12-16 19:02:45.412,-0.004785,0.001824,0.018965,0.006162,0.003565,-0.002142
2025-12-16 19:02:45.413,-0.004479,0.001881,0.019027,0.001762,-0.001959,0.001320
2025-12-16 19:02:45.414,-0.004560,0.003352,0.020058,0.000968,-0.001416,0.002339
2025-12-16 19:02:45.416,-0.004168,0.002255,0.019882,-0.001330,-0.001228,0.001892
2025-12-16 19:02:45.417,-0.004678,0.002998,0.020455,0.004290,-0.004284,0.004032
2025-12-16 19:02:45.418,-0.005644,0.002418,0.019248,-0.000576,0.002037,0.005911
2025-12-16 19:02:45.419,-0.004547,0.001271,0.018962,-0.001552,0.002881,0.001130
2025-12-16 19:02:45.420,-0.003711,0.001900,0.019855,0.000863,0.002102,0.002288
2025-12-16 19:02:45.421,-0.004380,0.001575,0.019638,0.002363,0.002966,0.003722
2025-12-16 19:02:45.422,-0.005566,0.004126,0.022209,0.007300,-0.002028,0.012804
2025-12-16 19:02:45.424,-0.006516,0.004190,0.019704,0.003909,0.003243,0.010809
2025-12-16 19:02:45.425,-0.004942,0.002186,0.019384,0.002489,0.003763,0.002936
2025-12-16 19:02:45.426,-0.005812,0.002079,0.016495,-0.000833,0.002071,0.006446
2025-12-16 19:02:45.427,-0.004294,0.001173,0.017834,0.000850,0.002912,-0.001937
2025-12-16 19:02:45.428,-0.004882,0.000520,0.018534,0.002032,0.005977,-0.002815
2025-12-16 19:02:45.430,-0.005442,0.001713,0.019042,0.004140,0.007238,0.001246
2025-12-16 19:02:45.431,-0.002817,0.000239,0.019513,0.000660,-0.001394,-0.003048
2025-12-16 19:02:45.432,-0.001699,0.001945,0.021622,0.000184,-0.008195,0.000865
2025-12-16 19:02:45.433,0.000986,0.001076,0.023497,0.001390,-0.009749,-0.006397
2025-12-16 19:02:45.434,-0.002421,0.001887,0.020285,0.003302,-0.001658,-0.000878
2025-12-16 19:02:45.435,-0.002456,0.001805,0.020602,0.006423,0.000925,-0.003253
2025-12-16 19:02:45.436,-0.004306,0.001124,0.019376,0.005227,0.001450,0.000727
2025-12-16 19:02:45.437,-0.003549,0.001468,0.019107,0.005823,0.004014,0.000331
2025-12-16 19:02:45.439,-0.005265,0.001222,0.018932,0.005484,0.007437,0.000516
2025-12-16 19:02:45.440,-0.005117,0.000907,0.017952,0.003758,0.003519,-0.000052
2025-12-16 19:02:45.441,-0.006893,0.001111,0.016775,0.004977,0.011521,0.001637
2025-12-16 19:02:45.442,-0.006764,0.000294,0.016493,0.001025,0.007037,0.002942
2025-12-16 19:02:45.443,-0.005190,-0.000004,0.018003,0.004994,0.007359,-0.002626
2025-12-16 19:02:45.444,-0.004386,0.001628,0.021143,0.006527,0.000573,0.002190
2025-12-16 19:02:45.446,-0.005028,0.000249,0.020624,0.002867,0.001903,-0.001313
2025-12-16 19:02:45.447,-0.004994,0.001045,0.022076,0.004391,-0.001251,0.002823
2025-12-16 19:02:45.448,-0.004572,0.001607,0.022154,0.006587,-0.005886,0.004916
2025-12-16 19:02:45.449,-0.004330,-0.000329,0.021024,0.002434,-0.008331,0.003417
2025-12-16 19:02:45.450,-0.004352,0.001232,0.021619,0.003199,-0.005074,-0.000618
2025-12-16 19:02:45.451,-0.004705,0.000912,0.020270,0.003900,-0.003854,0.002540
2025-12-16 19:02:45.452,-0.006060,-0.000146,0.019373,0.003456,-0.001489,0.004059
2025-12-16 19:02:45.453,-0.006113,0.000837,0.018864,0.001317,-0.000592,0.004258
2025-12-16 19:02:45.454,-0.003779,-0.000124,0.020806,0.002210,-0.007219,-0.000761
2025-12-16 19:02:45.455,-0.005356,-0.000488,0.019767,-0.000736,-0.002568,-0.001880
2025-12-16 19:02:45.456,-0.006259,-0.000858,0.017830,-0.001131,0.001136,-0.004288
2025-12-16 19:02:45.458,-0.004742,-0.000831,0.019725,-0.002048,-0.006131,-0.000914
2025-12-16 19:02:45.459,-0.003578,-0.000768,0.020050,0.001696,-0.001584,-0.005435
2025-12-16 19:02:45.460,-0.005937,-0.001296,0.017958,-0.001285,0.001668,-0.003733
2025-12-16 19:02:45.461,-0.004876,0.000004,0.019855,-0.002282,-0.005102,-0.000295
2025-12-16 19:02:45.462,-0.003151,-0.001445,0.020789,-0.002631,-0.007096,-0.003335
2025-12-16 19:02:45.463,-0.004177,-0.001112,0.020542,-0.001540,-0.003154,-0.006879
2025-12-16 19:02:45.464,-0.005107,-0.001330,0.020029,-0.003136,-0.005027,-0.002734
2025-12-16 19:02:45.465,-0.005508,-0.001751,0.018744,-0.004317,-0.002624,-0.002570
2025-12-16 19:02:45.466,-0.005187,-0.000205,0.020943,0.001838,-0.002531,-0.002881
2025-12-16 19:02:45.467,-0.004873,-0.001350,0.020977,-0.000940,-0.005030,-0.003009
2025-12-16 19:02:45.469,-0.005243,-0.002068,0.020410,-0.003881,-0.009237,-0.000747
2025-12-16 19:02:45.470,-0.007096,-0.001984,0.018155,-0.001941,0.002804,-0.001719
2025-12-16 19:02:45.471,-0.006698,-0.001790,0.017257,-0.003258,-0.000235,-0.001629
2025-12-16 19:02:45.472,-0.006822,-0.001353,0.018386,-0.004221,-0.001890,0.000447
2025-12-16 19:02:45.473,-0.006755,-0.002540,0.018551,-0.005168,-0.003269,-0.000543
2025-12-16 19:02:45.474,-0.006650,-0.002388,0.019246,-0.005792,-0.000854,-0.002893
2025-12-16 19:02:45.475,-0.006588,-0.002243,0.020250,-0.000566,0.002286,-0.006929
2025-12-16 19:02:45.476,-0.007652,-0.000725,0.020000,0.001152,0.000793,0.000465
2025-12-16 19:02:45.477,-0.006674,-0.000767,0.020398,0.001989,-0.003381,-0.001615
2025-12-16 19:02:45.478,-0.007435,-0.001365,0.019539,0.001035,-0.000742,-0.004664
2025-12-16 19:02:45.480,-0.006999,-0.002005,0.020319,0.001398,0.000782,-0.009798
2025-12-16 19:02:45.481,-0.008271,-0.001688,0.018664,0.001525,0.003416,-0.004509
2025-12-16 19:02:45.482,-0.007855,-0.003788,0.019441,-0.001625,-0.003016,-0.002963
2025-12-16 19:02:45.483,-0.010199,-0.002455,0.018553,0.000037,0.001343,0.001928
2025-12-16 19:02:45.484,-0.007919,-0.001919,0.019918,-0.002925,-0.004346,0.002077
2025-12-16 19:02:45.485,-0.007013,-0.000882,0.021348,0.002149,-0.006783,0.001776
2025-12-16 19:02:45.486,-0.007573,-0.001552,0.020470,-0.000411,-0.004047,0.000494
2025-12-16 19:02:45.487,-0.008852,-0.001026,0.020365,0.000497,-0.002802,0.005299
2025-12-16 19:02:45.488,-0.008945,-0.001285,0.020344,0.001201,-0.001668,0.005262
2025-12-16 19:02:45.489,-0.008915,-0.000208,0.021299,0.005144,0.002494,0.000900
2025-12-16 19:02:45.490,-0.009608,0.000800,0.021348,0.007744,0.000530,0.003287
2025-12-16 19:02:45.492,-0.007623,0.000109,0.021418,0.006679,0.000279,-0.002883
2025-12-16 19:02:45.493,-0.010858,-0.000244,0.018041,0.004623,0.007764,0.001119
2025-12-16 19:02:45.494,-0.009603,-0.001875,0.019839,0.003987,0.002450,-0.002117
2025-12-16 19:02:45.495,-0.007337,-0.001654,0.022009,0.007143,-0.002579,-0.002910
2025-12-16 19:02:45.496,-0.007469,-0.000431,0.021734,0.003581,-0.007710,0.002652
2025-12-16 19:02:45.497,-0.007839,-0.000349,0.021962,0.004604,-0.001921,0.001692
2025-12-16 19:02:45.498,-0.007242,-0.000626,0.021412,0.004056,-0.002274,-0.002642
2025-12-16 19:02:45.499,-0.006917,-0.000998,0.021234,0.001213,-0.005238,-0.000980
2025-12-16 19:02:45.500,-0.009225,-0.000096,0.020030,0.001780,-0.003658,0.006421
2025-12-16 19:02:45.502,-0.007575,-0.000723,0.024042,0.006155,-0.007524,-0.000631
2025-12-16 19:02:45.503,-0.006506,-0.001394,0.024810,0.002416,-0.008278,-0.002617
2025-12-16 19:02:45.504,-0.006752,-0.001459,0.025151,0.002318,-0.010569,-0.004095
2025-12-16 19:02:45.505,-0.006209,-0.002039,0.025697,0.003029,-0.013614,-0.000515
2025-12-16 19:02:45.506,-0.007200,-0.003159,0.023366,-0.000033,-0.009430,-0.000946
2025-12-16 19:02:45.508,-0.009908,-0.001799,0.021275,0.000548,-0.000245,0.001421
2025-12-16 19:02:45.509,-0.007954,-0.002871,0.020544,-0.001747,-0.003172,-0.002260
2025-12-16 19:02:45.510,-0.010347,-0.000630,0.019555,-0.000435,0.000902,0.003133
2025-12-16 19:02:45.511,-0.008427,-0.001722,0.020003,0.000627,-0.002081,-0.001905
2025-12-16 19:02:45.512,-0.008415,-0.001736,0.020340,0.004218,0.000346,-0.003683
2025-12-16 19:02:45.513,-0.008893,-0.002431,0.019627,0.003273,-0.003993,-0.002576
2025-12-16 19:02:45.515,-0.008067,-0.003206,0.019557,-0.000947,-0.008169,-0.000446
2025-12-16 19:02:45.516,-0.008237,-0.003186,0.021030,-0.002260,-0.010193,0.000974
2025-12-16 19:02:45.517,-0.009266,-0.002275,0.019834,-0.001101,-0.004278,-0.002464
2025-12-16 19:02:45.518,-0.011186,-0.001939,0.019062,-0.000069,0.001394,0.002226
2025-12-16 19:02:45.519,-0.012798,-0.000889,0.018543,0.000877,0.006714,0.004692
2025-12-16 19:02:45.520,-0.011212,-0.001058,0.019016,-0.000660,0.002772,0.003949
2025-12-16 19:02:45.521,-0.011245,-0.001969,0.017822,-0.000499,0.005306,-0.000801
2025-12-16 19:02:45.522,-0.011142,-0.001336,0.018305,-0.003155,0.000300,0.002811
2025-12-16 19:02:45.523,-0.012269,-0.001700,0.019271,0.002285,0.002897,0.000679
2025-12-16 19:02:45.525,-0.011707,-0.003017,0.019529,0.001115,0.000846,0.002361
2025-12-16 19:02:45.526,-0.011522,-0.001970,0.021653,0.003478,0.003202,0.001492
2025-12-16 19:02:45.527,-0.010878,-0.003939,0.021235,-0.000625,-0.001713,-0.001794
2025-12-16 19:02:45.528,-0.011601,-0.004017,0.020211,-0.004019,-0.003377,0.000540
2025-12-16 19:02:45.529,-0.012301,-0.003326,0.018216,-0.003294,0.002306,-0.002409
2025-12-16 19:02:45.530,-0.014120,-0.003398,0.015818,-0.006614,0.006913,-0.000244
2025-12-16 19:02:45.531,-0.014626,-0.003462,0.016524,-0.007121,0.004220,0.001841
2025-12-16 19:02:45.532,-0.013421,-0.001136,0.018536,-0.004258,0.001687,0.001080
2025-12-16 19:02:45.534,-0.012788,-0.003539,0.018473,-0.006753,0.000992,-0.001726
2025-12-16 19:02:45.535,-0.015118,-0.002897,0.018023,-0.004218,0.006261,0.002045
2025-12-16 19:02:45.536,-0.014295,-0.005375,0.016321,-0.005984,0.009916,-0.005715
2025-12-16 19:02:45.537,-0.015582,-0.003614,0.016973,-0.003793,0.007387,0.001979
2025-12-16 19:02:45.538,-0.016546,-0.002452,0.017703,-0.001608,0.013406,0.002434
2025-12-16 19:02:45.539,-0.015163,-0.002991,0.018082,-0.002002,0.013427,-0.004751
2025-12-16 19:02:45.540,-0.014849,-0.001589,0.019854,0.002971,0.011123,-0.002749
2025-12-16 19:02:45.541,-0.015838,-0.003302,0.017509,0.000887,0.011641,0.000830
2025-12-16 19:02:45.542,-0.016386,-0.001593,0.019192,0.004364,0.010509,0.001421
2025-12-16 19:02:45.543,-0.015569,-0.001955,0.019550,0.004164,0.007680,0.003200
2025-12-16 19:02:45.545,-0.013675,-0.001215,0.020724,0.000731,0.000895,0.006716
2025-12-16 19:02:45.546,-0.013724,-0.002470,0.019022,0.000750,0.002327,0.002057
2025-12-16 19:02:45.547,-0.013872,-0.002697,0.019826,0.000742,0.000942,0.000462
2025-12-16 19:02:45.548,-0.013017,-0.004485,0.018650,-0.001050,0.004172,-0.006787
2025-12-16 19:02:45.549,-0.013220,-0.004204,0.019000,-0.002747,0.003454,-0.004916
2025-12-16 19:02:45.550,-0.012580,-0.004131,0.019790,-0.004500,-0.003304,-0.000748
2025-12-16 19:02:45.552,-0.013094,-0.004039,0.019598,-0.000179,0.000494,-0.002989
2025-12-16 19:02:45.553,-0.015351,-0.002508,0.018343,-0.000246,0.004952,-0.002279
2025-12-16 19:02:45.554,-0.013005,-0.004814,0.018925,-0.002936,0.000859,-0.005548
2025-12-16 19:02:45.555,-0.013812,-0.003839,0.019824,-0.004700,-0.001606,-0.000813
2025-12-16 19:02:45.556,-0.013062,-0.003458,0.019462,-0.003402,-0.005875,0.000105
2025-12-16 19:02:45.557,-0.012855,-0.004354,0.019273,-0.006009,-0.004734,-0.001781
2025-12-16 19:02:45.558,-0.012370,-0.003723,0.020135,-0.005916,-0.005098,0.000064
2025-12-16 19:02:45.559,-0.011669,-0.003482,0.021257,-0.006325,-0.007576,0.000877
2025-12-16 19:02:45.561,-0.011413,-0.003273,0.021489,-0.007272,-0.009485,0.003597
2025-12-16 19:02:45.562,-0.012317,-0.002414,0.020665,-0.005020,-0.007207,0.002427
2025-12-16 19:02:45.563,-0.011164,-0.001634,0.023043,0.001323,-0.006800,0.000296
2025-12-16 19:02:45.564,-0.012692,-0.003918,0.019338,-0.003346,-0.001730,-0.003526
2025-12-16 19:02:45.565,-0.011591,-0.003527,0.020413,-0.002681,0.000190,-0.008238
2025-12-16 19:02:45.566,-0.014794,-0.003181,0.018041,-0.004591,0.004986,-0.003638
2025-12-16 19:02:45.567,-0.014043,-0.005062,0.017667,-0.004025,0.005677,-0.008449
2025-12-16 19:02:45.568,-0.015016,-0.003594,0.018508,-0.002383,0.005351,-0.002229
2025-12-16 19:02:45.569,-0.015677,-0.002418,0.018864,-0.001488,0.002451,0.000341
2025-12-16 19:02:45.570,-0.013751,-0.003776,0.019086,-0.001368,0.001633,-0.005181
2025-12-16 19:02:45.571,-0.013576,-0.003462,0.019322,-0.003559,0.000882,-0.003452
2025-12-16 19:02:45.572,-0.015049,-0.003209,0.018974,-0.002106,0.004796,-0.000195
2025-12-16 19:02:45.574,-0.015564,-0.002987,0.018323,-0.004133,0.002234,0.003420
2025-12-16 19:02:45.575,-0.012814,-0.004209,0.020966,-0.004544,-0.006991,0.001947
2025-12-16 19:02:45.576,-0.014412,-0.002397,0.021166,-0.004937,-0.008641,0.006835
2025-12-16 19:02:45.577,-0.014641,-0.003536,0.020356,-0.004264,-0.005475,0.006903
2025-12-16 19:02:45.578,-0.013838,-0.004686,0.021449,-0.000471,0.000200,-0.001463
2025-12-16 19:02:45.579,-0.015751,-0.004768,0.019490,-0.003980,0.001240,0.001279
2025-12-16 19:02:45.580,-0.016033,-0.003986,0.018548,-0.005797,0.001757,0.003373
2025-12-16 19:02:45.581,-0.014854,-0.004670,0.018601,-0.004660,-0.000301,-0.000968
2025-12-16 19:02:45.582,-0.016387,-0.005480,0.016489,-0.004573,0.004250,-0.002879
2025-12-16 19:02:45.584,-0.015993,-0.005586,0.019012,-0.002464,0.003930,-0.001999
2025-12-16 19:02:45.585,-0.014313,-0.006597,0.020879,-0.002602,0.002457,-0.008392
2025-12-16 19:02:45.586,-0.014664,-0.006608,0.019108,-0.003764,0.004435,-0.009566
2025-12-16 19:02:45.587,-0.015429,-0.005266,0.017359,-0.007762,0.003806,-0.002802
2025-12-16 19:02:45.588,-0.015732,-0.004217,0.020326,-0.004285,-0.003046,0.004345
2025-12-16 19:02:45.589,-0.013987,-0.006034,0.021835,-0.006232,-0.007366,0.001709
2025-12-16 19:02:45.590,-0.014477,-0.005496,0.021166,-0.007186,-0.004371,0.001417
2025-12-16 19:02:45.591,-0.015383,-0.003344,0.022089,-0.003227,-0.002892,0.007093
2025-12-16 19:02:45.592,-0.013750,-0.005295,0.021900,-0.000677,-0.001409,-0.000494
2025-12-16 19:02:45.593,-0.016256,-0.003212,0.019866,0.000286,0.001997,0.007072
2025-12-16 19:02:45.595,-0.016727,-0.004415,0.019569,-0.002255,0.003438,0.004446
2025-12-16 19:02:45.596,-0.016378,-0.003920,0.019229,-0.002509,0.003011,0.001083
2025-12-16 19:02:45.597,-0.013767,-0.005011,0.021685,-0.001342,-0.006262,-0.003910
2025-12-16 19:02:45.598,-0.015103,-0.004500,0.022207,-0.001231,-0.005196,0.001401
2025-12-16 19:02:45.599,-0.013765,-0.004923,0.022203,-0.000641,-0.004632,-0.003574
2025-12-16 19:02:45.600,-0.014893,-0.003977,0.022861,0.000498,-0.001937,0.000001
2025-12-16 19:02:45.601,-0.016432,-0.003651,0.020223,-0.000805,0.002469,-0.001058
2025-12-16 19:02:45.602,-0.018117,-0.003219,0.020245,-0.000017,0.002374,0.004714
2025-12-16 19:02:45.603,-0.017584,-0.001848,0.022698,0.001845,-0.000638,0.007865
2025-12-16 19:02:45.604,-0.017903,-0.003074,0.020302,-0.002836,0.002689,0.005183
2025-12-16 19:02:45.605,-0.018596,-0.003083,0.018752,-0.001148,0.008016,0.006571
2025-12-16 19:02:45.606,-0.015202,-0.004666,0.022249,-0.000015,-0.001758,0.006197
2025-12-16 19:02:45.608,-0.017002,-0.003266,0.021831,0.003423,0.002583,0.005190
2025-12-16 19:02:45.609,-0.014748,-0.002934,0.023814,0.002624,-0.004543,-0.001073
2025-12-16 19:02:45.610,-0.013526,-0.004828,0.022878,-0.001973,-0.006657,-0.001246
2025-12-16 19:02:45.611,-0.014559,-0.004655,0.020639,-0.004305,-0.003120,-0.000204
2025-12-16 19:02:45.612,-0.013684,-0.005336,0.022526,-0.005672,-0.007823,0.000380
2025-12-16 19:02:45.614,-0.015968,-0.004257,0.019515,-0.003239,0.002355,0.001569
2025-12-16 19:02:45.615,-0.017762,-0.003728,0.018542,-0.002719,0.005108,0.005451
2025-12-16 19:02:45.616,-0.017176,-0.002942,0.021014,-0.001104,-0.000200,0.008961
2025-12-16 19:02:45.617,-0.016218,-0.002734,0.021486,-0.003269,-0.001274,0.007209
2025-12-16 19:02:45.618,-0.016114,-0.003000,0.020706,-0.004854,-0.000478,0.006147
2025-12-16 19:02:45.619,-0.015756,-0.001627,0.022238,-0.002382,-0.002655,0.004148
2025-12-16 19:02:45.620,-0.014902,-0.002996,0.023049,-0.003805,-0.006047,0.004223
2025-12-16 19:02:45.621,-0.014699,-0.003637,0.022774,-0.005777,-0.003280,0.001119
2025-12-16 19:02:45.622,-0.013936,-0.003749,0.023482,-0.004870,-0.004277,-0.001755
2025-12-16 19:02:45.623,-0.013009,-0.006028,0.021702,-0.004866,-0.005159,-0.006587
2025-12-16 19:02:45.625,-0.014843,-0.004145,0.021881,-0.004467,-0.008683,-0.000292
2025-12-16 19:02:45.626,-0.014570,-0.004694,0.021827,-0.005923,-0.006891,-0.000522
2025-12-16 19:02:45.627,-0.013700,-0.004847,0.023034,-0.007186,-0.009393,-0.000194
2025-12-16 19:02:45.628,-0.015105,-0.007029,0.022198,-0.005812,-0.003274,-0.001815
2025-12-16 19:02:45.629,-0.016143,-0.005511,0.021625,-0.007276,-0.005110,0.002835
2025-12-16 19:02:45.630,-0.017387,-0.004306,0.021191,-0.002609,0.000259,0.001869
2025-12-16 19:02:45.631,-0.016724,-0.004776,0.021690,-0.002156,0.000340,-0.002722
2025-12-16 19:02:45.632,-0.016874,-0.006023,0.020149,-0.003735,0.003864,-0.007531
2025-12-16 19:02:45.633,-0.017963,-0.004881,0.019320,-0.005209,0.003751,-0.002002
2025-12-16 19:02:45.634,-0.019531,-0.004672,0.019330,-0.002719,0.005598,0.002642
2025-12-16 19:02:45.635,-0.017743,-0.002831,0.021783,0.001310,0.002064,0.001750
2025-12-16 19:02:45.636,-0.016629,-0.006088,0.022514,0.000736,0.002702,-0.001856
2025-12-16 19:02:45.638,-0.016466,-0.005606,0.023065,-0.002059,-0.000075,0.000242
2025-12-16 19:02:45.639,-0.014929,-0.006418,0.023793,-0.004499,-0.006943,0.000897
2025-12-16 19:02:45.640,-0.017141,-0.005231,0.021531,-0.001063,0.000726,0.000286
2025-12-16 19:02:45.641,-0.016010,-0.004108,0.023051,-0.001870,-0.004317,0.005550
2025-12-16 19:02:45.642,-0.014281,-0.005526,0.023601,-0.001781,-0.006405,-0.001390
2025-12-16 19:02:45.643,-0.016368,-0.003860,0.022858,0.002058,-0.002076,0.001060
2025-12-16 19:02:45.644,-0.016423,-0.004360,0.022419,0.001967,-0.003928,-0.000844
2025-12-16 19:02:45.645,-0.016913,-0.005457,0.022527,-0.002309,-0.002613,-0.001895
2025-12-16 19:02:45.646,-0.015940,-0.005385,0.024626,0.001407,-0.004466,-0.004075
2025-12-16 19:02:45.648,-0.016031,-0.007068,0.022290,-0.000687,-0.000187,-0.009276
2025-12-16 19:02:45.649,-0.015543,-0.008707,0.021554,-0.006847,-0.001497,-0.007320
2025-12-16 19:02:45.650,-0.015026,-0.007065,0.023468,-0.003919,-0.003518,-0.007899
2025-12-16 19:02:45.651,-0.016373,-0.007106,0.019679,-0.006928,0.001553,-0.005195
2025-12-16 19:02:45.652,-0.018165,-0.004950,0.020457,-0.001938,0.002687,-0.001571
2025-12-16 19:02:45.653,-0.017074,-0.003696,0.022404,0.001939,0.000734,-0.001584
2025-12-16 19:02:45.654,-0.016667,-0.004349,0.023362,0.000969,0.000698,-0.005939
2025-12-16 19:02:45.656,-0.016386,-0.004689,0.024257,-0.002223,-0.003675,-0.003785
2025-12-16 19:02:45.657,-0.015589,-0.005580,0.022468,-0.002187,-0.003222,-0.003019
2025-12-16 19:02:45.658,-0.015231,-0.006423,0.023997,-0.003665,-0.008070,-0.001469
2025-12-16 19:02:45.659,-0.014394,-0.006252,0.024222,-0.004723,-0.009630,-0.000626
2025-12-16 19:02:45.661,-0.014912,-0.005898,0.025262,-0.000031,-0.005552,-0.003416
2025-12-16 19:02:45.662,-0.016235,-0.005898,0.024247,0.002352,-0.000096,-0.005277
2025-12-16 19:02:45.663,-0.014001,-0.006270,0.026311,-0.001391,-0.006237,-0.005217
2025-12-16 19:02:45.665,-0.012208,-0.008956,0.026166,-0.008333,-0.012388,-0.005679
2025-12-16 19:02:45.667,-0.012422,-0.007835,0.025871,-0.006423,-0.008478,-0.009364
2025-12-16 19:02:45.668,-0.016313,-0.006238,0.022597,-0.003786,0.006866,-0.004651
2025-12-16 19:02:45.669,-0.014432,-0.007680,0.024149,-0.003227,0.001423,-0.010367
2025-12-16 19:02:45.671,-0.015275,-0.005943,0.025387,-0.000584,0.003653,-0.008959
2025-12-16 19:02:45.672,-0.014750,-0.004335,0.027601,0.001926,-0.002476,-0.002087
2025-12-16 19:02:45.673,-0.015268,-0.003448,0.028185,0.004773,-0.001268,-0.003636
2025-12-16 19:02:45.674,-0.016721,-0.003110,0.025920,0.000624,-0.000809,0.000040
2025-12-16 19:02:45.676,-0.014784,-0.003997,0.026460,0.003233,-0.002576,-0.002832
2025-12-16 19:02:45.677,-0.014764,-0.005470,0.026427,-0.000999,-0.007157,-0.001887
2025-12-16 19:02:45.678,-0.016680,-0.002311,0.025714,0.000511,-0.002643,0.005517
2025-12-16 19:02:45.679,-0.015739,-0.002260,0.026081,-0.000827,-0.006294,0.006171
2025-12-16 19:02:45.681,-0.018353,-0.004014,0.022617,-0.004473,0.003320,0.003339
2025-12-16 19:02:45.682,-0.015783,-0.004884,0.024542,-0.003941,-0.001685,-0.003822
2025-12-16 19:02:45.683,-0.015544,-0.003129,0.025147,-0.004348,-0.004945,0.001337
2025-12-16 19:02:45.684,-0.013475,-0.005090,0.026060,-0.003293,-0.008967,-0.004470
2025-12-16 19:02:45.686,-0.013239,-0.005740,0.027098,-0.002705,-0.007381,-0.003886
2025-12-16 19:02:45.687,-0.014349,-0.005036,0.026319,-0.001240,0.000174,-0.008734
2025-12-16 19:02:45.689,-0.017574,-0.002978,0.026962,0.000692,0.000517,0.004515
2025-12-16 19:02:45.690,-0.016301,-0.005286,0.027205,-0.002578,-0.001241,-0.000251
2025-12-16 19:02:45.691,-0.016885,-0.005722,0.026472,-0.000584,0.005073,-0.005295
2025-12-16 19:02:45.692,-0.015748,-0.006051,0.027049,0.002292,0.006537,-0.010021
2025-12-16 19:02:45.693,-0.017215,-0.005606,0.025409,-0.001701,0.007670,-0.007804
2025-12-16 19:02:45.695,-0.016736,-0.008146,0.023602,-0.005542,0.004968,-0.009104
2025-12-16 19:02:45.696,-0.018163,-0.004783,0.023700,-0.005200,0.003422,0.003517
2025-12-16 19:02:45.697,-0.016380,-0.004932,0.026092,-0.002659,-0.002171,0.004013
2025-12-16 19:02:45.699,-0.015142,-0.008298,0.027634,-0.004937,-0.006375,-0.000865
2025-12-16 19:02:45.700,-0.014821,-0.007754,0.029390,-0.002873,-0.003711,-0.003934
2025-12-16 19:02:45.702,-0.016017,-0.008280,0.027828,-0.005604,0.001109,-0.002291
2025-12-16 19:02:45.703,-0.015757,-0.008450,0.028491,-0.004283,0.000180,-0.002109
2025-12-16 19:02:45.704,-0.017100,-0.006355,0.028539,-0.000986,0.003230,0.000369
2025-12-16 19:02:45.705,-0.016280,-0.006410,0.028424,-0.006532,-0.004247,0.005638
2025-12-16 19:02:45.707,-0.015698,-0.007285,0.027378,-0.005981,-0.004996,0.005894
2025-12-16 19:02:45.708,-0.013789,-0.007697,0.028751,-0.007250,-0.012285,0.003796
2025-12-16 19:02:45.709,-0.012183,-0.005550,0.032257,-0.000980,-0.017502,0.002036
2025-12-16 19:02:45.710,-0.012306,-0.006904,0.032846,-0.000110,-0.011954,-0.002717
2025-12-16 19:02:45.711,-0.015276,-0.004604,0.030490,0.000600,-0.003685,0.001347
2025-12-16 19:02:45.713,-0.014484,-0.004487,0.029944,0.002371,-0.003198,0.002082
2025-12-16 19:02:45.714,-0.014043,-0.005986,0.030406,0.005478,0.001174,-0.006447
2025-12-16 19:02:45.715,-0.016598,-0.007244,0.027624,0.002749,0.005416,-0.005403
2025-12-16 19:02:45.716,-0.016484,-0.005805,0.027433,-0.000567,0.000124,-0.000702
2025-12-16 19:02:45.717,-0.016540,-0.006203,0.027256,-0.003159,0.002017,-0.003827
2025-12-16 19:02:45.718,-0.017453,-0.004216,0.026650,-0.001159,0.005653,-0.000792
2025-12-16 19:02:45.720,-0.016245,-0.005654,0.025746,0.001985,0.009489,-0.007608
2025-12-16 19:02:45.721,-0.015191,-0.007346,0.026441,0.003172,0.000630,-0.003091
2025-12-16 19:02:45.722,-0.014774,-0.007474,0.027089,0.003156,0.002903,-0.004452
2025-12-16 19:02:45.723,-0.016501,-0.007662,0.026186,0.002854,0.008354,-0.005793
2025-12-16 19:02:45.724,-0.016573,-0.006639,0.027902,0.003556,0.004317,-0.002956
2025-12-16 19:02:45.726,-0.016471,-0.006746,0.027702,0.000708,0.003252,0.002160
2025-12-16 19:02:45.727,-0.016407,-0.009243,0.025660,-0.001322,0.004846,0.000635
2025-12-16 19:02:45.728,-0.016566,-0.007732,0.026118,0.000881,0.007078,0.000156
2025-12-16 19:02:45.729,-0.016529,-0.007626,0.026456,0.002452,0.004915,0.000282
2025-12-16 19:02:45.730,-0.017668,-0.007047,0.025680,0.002874,0.005080,0.002169
2025-12-16 19:02:45.731,-0.016679,-0.007568,0.028609,0.003486,-0.000014,0.000838
2025-12-16 19:02:45.732,-0.015701,-0.008116,0.029192,0.003771,-0.002974,0.000019
2025-12-16 19:02:45.734,-0.017678,-0.008856,0.026767,0.002128,0.002234,-0.000851
2025-12-16 19:02:45.735,-0.017260,-0.007740,0.027091,0.002111,0.003257,-0.000853
2025-12-16 19:02:45.736,-0.018993,-0.006047,0.026885,0.001978,0.004069,0.003440
2025-12-16 19:02:45.737,-0.018968,-0.006207,0.025738,0.002108,0.007829,0.002324
2025-12-16 19:02:45.738,-0.018761,-0.007621,0.024664,-0.001061,0.011922,-0.004267
2025-12-16 19:02:45.739,-0.017396,-0.008398,0.027085,-0.000135,0.004548,-0.004300
2025-12-16 19:02:45.740,-0.017819,-0.007293,0.028224,-0.001415,-0.000466,0.002745
2025-12-16 19:02:45.741,-0.016365,-0.007947,0.029143,0.001434,-0.001111,-0.003620
2025-12-16 19:02:45.743,-0.015407,-0.008705,0.029215,0.004089,0.000582,-0.009387
2025-12-16 19:02:45.744,-0.014208,-0.009566,0.029660,0.006438,0.001376,-0.014437
2025-12-16 19:02:45.745,-0.015282,-0.008580,0.028047,0.005084,0.004245,-0.009704
2025-12-16 19:02:45.746,-0.017400,-0.008006,0.026956,0.002733,0.009118,-0.006753
2025-12-16 19:02:45.749,-0.020021,-0.007318,0.026198,0.000785,0.008313,-0.001781
2025-12-16 19:02:45.750,-0.018947,-0.010189,0.026509,-0.000406,0.007266,-0.006077
2025-12-16 19:02:45.751,-0.018017,-0.010624,0.026744,0.000062,0.008267,-0.008283
2025-12-16 19:02:45.752,-0.016862,-0.010592,0.028127,0.002353,0.009475,-0.010325
2025-12-16 19:02:45.754,-0.018945,-0.009146,0.025609,-0.004061,0.011328,-0.004195
2025-12-16 19:02:45.755,-0.018637,-0.008490,0.026223,-0.002567,0.005661,-0.000644
2025-12-16 19:02:45.756,-0.017469,-0.010408,0.028601,-0.003703,0.004388,-0.009578
2025-12-16 19:02:45.757,-0.016846,-0.010350,0.028539,-0.002884,0.005551,-0.010467
2025-12-16 19:02:45.758,-0.018140,-0.008428,0.028096,-0.000982,0.008474,-0.007502
2025-12-16 19:02:45.759,-0.018361,-0.007240,0.027714,0.000005,0.004852,-0.001716
2025-12-16 19:02:45.760,-0.017939,-0.009244,0.026938,-0.000292,0.006935,-0.004884
2025-12-16 19:02:45.761,-0.015963,-0.008835,0.028679,0.002477,0.006210,-0.010018
2025-12-16 19:02:45.762,-0.019350,-0.006645,0.026448,0.002370,0.013876,-0.005812
2025-12-16 19:02:45.763,-0.018696,-0.007429,0.028926,0.002382,0.009331,-0.006878
2025-12-16 19:02:45.764,-0.018256,-0.008384,0.029151,0.002098,0.007474,-0.007182
2025-12-16 19:02:45.766,-0.016434,-0.009238,0.030551,0.000919,0.004357,-0.015093
2025-12-16 19:02:45.767,-0.018976,-0.007951,0.028746,-0.000975,0.006283,-0.005240
2025-12-16 19:02:45.768,-0.017575,-0.008991,0.029568,0.002708,0.006323,-0.011450
2025-12-16 19:02:45.769,-0.019536,-0.008782,0.026751,-0.001942,0.010462,-0.004829
2025-12-16 19:02:45.770,-0.018663,-0.011339,0.025910,-0.002447,0.008838,-0.007807
2025-12-16 19:02:45.771,-0.018158,-0.009360,0.028072,-0.000565,0.006419,-0.005530
2025-12-16 19:02:45.772,-0.018065,-0.010047,0.029406,-0.001235,0.001637,-0.001341
2025-12-16 19:02:45.773,-0.017904,-0.009881,0.029182,-0.003874,0.001109,0.000665
2025-12-16 19:02:45.774,-0.018158,-0.007548,0.030511,-0.001103,-0.004478,0.005940
2025-12-16 19:02:45.775,-0.018422,-0.008221,0.028800,-0.001917,0.002163,0.001300
2025-12-16 19:02:45.777,-0.017728,-0.008637,0.029378,-0.000646,0.004052,-0.001841
2025-12-16 19:02:45.778,-0.018708,-0.008279,0.028510,0.000062,0.003269,-0.000050
2025-12-16 19:02:45.779,-0.017936,-0.008040,0.030767,0.001486,-0.002471,0.001200
2025-12-16 19:02:45.780,-0.016024,-0.008621,0.032637,0.001446,-0.004614,-0.003041
2025-12-16 19:02:45.781,-0.015443,-0.010989,0.032133,-0.001412,-0.005633,-0.003675
2025-12-16 19:02:45.782,-0.015805,-0.011439,0.029966,-0.001859,-0.000903,-0.005982
2025-12-16 19:02:45.783,-0.016612,-0.010684,0.029978,0.000634,0.002507,-0.001298
2025-12-16 19:02:45.784,-0.016561,-0.009578,0.028963,0.003496,0.004645,-0.004268
2025-12-16 19:02:45.786,-0.018091,-0.007353,0.028754,0.002356,0.008059,-0.001693
2025-12-16 19:02:45.787,-0.018491,-0.007620,0.028888,0.005492,0.006534,0.001647
2025-12-16 19:02:45.788,-0.018426,-0.007471,0.029026,0.003875,0.007342,-0.000660
2025-12-16 19:02:45.789,-0.017259,-0.010388,0.028119,0.001535,0.000870,-0.002721
2025-12-16 19:02:45.790,-0.015750,-0.010247,0.030383,0.002267,0.000288,-0.006785
2025-12-16 19:02:45.791,-0.019158,-0.008356,0.027975,0.002613,0.004635,0.004128
2025-12-16 19:02:45.792,-0.018624,-0.010034,0.028525,-0.001973,-0.001287,0.006575
2025-12-16 19:02:45.793,-0.017607,-0.009183,0.029116,-0.003278,-0.003570,0.008345
2025-12-16 19:02:45.795,-0.016949,-0.009831,0.030372,-0.001654,-0.001011,0.001852
2025-12-16 19:02:45.796,-0.014489,-0.011942,0.031896,-0.003750,-0.004155,-0.006426
2025-12-16 19:02:45.797,-0.014505,-0.011181,0.031442,-0.003636,-0.002548,-0.005923
2025-12-16 19:02:45.798,-0.014924,-0.009067,0.032323,-0.002177,-0.004889,-0.002099
2025-12-16 19:02:45.799,-0.016622,-0.008730,0.031437,-0.000073,0.000325,0.003584
2025-12-16 19:02:45.800,-0.016878,-0.008515,0.030134,-0.002935,0.003624,0.003800
2025-12-16 19:02:45.801,-0.018844,-0.007472,0.032172,0.000272,-0.000443,0.011412
2025-12-16 19:02:45.802,-0.018317,-0.006792,0.032400,0.000790,-0.001545,0.009015
2025-12-16 19:02:45.803,-0.019026,-0.004767,0.032742,0.002570,-0.000443,0.008387
2025-12-16 19:02:45.805,-0.018395,-0.006012,0.032180,0.001840,0.001714,0.003351
2025-12-16 19:02:45.806,-0.017871,-0.003705,0.034438,0.004383,-0.000969,0.009180
2025-12-16 19:02:45.807,-0.018157,-0.005522,0.033155,0.006229,0.003528,0.005801
2025-12-16 19:02:45.808,-0.019030,-0.004477,0.033485,0.001478,0.001803,0.007934
2025-12-16 19:02:45.809,-0.021022,-0.003285,0.033332,0.002121,0.001151,0.010659
2025-12-16 19:02:45.810,-0.018895,-0.005480,0.034799,-0.001452,-0.002959,0.007569
2025-12-16 19:02:45.811,-0.019341,-0.004681,0.032507,0.000231,0.001279,0.006116
2025-12-16 19:02:45.812,-0.017403,-0.006465,0.032908,-0.005564,-0.008847,0.006962
2025-12-16 19:02:45.814,-0.017222,-0.004853,0.034385,-0.001695,-0.007277,0.005430
2025-12-16 19:02:45.815,-0.015306,-0.006263,0.036430,-0.000197,-0.008604,0.000636
2025-12-16 19:02:45.816,-0.017258,-0.006567,0.035998,0.000104,-0.005156,0.003256
2025-12-16 19:02:45.817,-0.016710,-0.006991,0.035958,0.000240,-0.007260,0.001739
2025-12-16 19:02:45.818,-0.017068,-0.006575,0.034841,0.000794,-0.002995,-0.000801
2025-12-16 19:02:45.819,-0.018188,-0.006145,0.033579,0.001358,-0.000017,-0.001351
2025-12-16 19:02:45.821,-0.016830,-0.006903,0.033266,-0.003061,-0.007505,0.002611
2025-12-16 19:02:45.822,-0.015806,-0.009186,0.032764,-0.007482,-0.009347,0.001967
2025-12-16 19:02:45.823,-0.015981,-0.007447,0.034680,-0.004268,-0.008980,0.001749
2025-12-16 19:02:45.824,-0.017361,-0.008772,0.032969,-0.003717,-0.002134,-0.002073
2025-12-16 19:02:45.825,-0.014818,-0.006494,0.036889,-0.001748,-0.014248,0.004602
2025-12-16 19:02:45.826,-0.015491,-0.007484,0.034820,-0.001762,-0.007806,-0.000094
2025-12-16 19:02:45.828,-0.013497,-0.009846,0.036011,-0.000414,-0.012359,-0.004736
2025-12-16 19:02:45.829,-0.014889,-0.009557,0.036061,0.001114,-0.001896,-0.009846
2025-12-16 19:02:45.830,-0.015358,-0.007287,0.037701,0.002690,-0.004569,-0.005844
2025-12-16 19:02:45.831,-0.015268,-0.007720,0.036869,0.002124,-0.005971,-0.004913
2025-12-16 19:02:45.832,-0.014549,-0.007673,0.037251,0.002266,-0.008489,-0.005394
2025-12-16 19:02:45.833,-0.015795,-0.007309,0.035798,0.002869,-0.002439,-0.006290
2025-12-16 19:02:45.834,-0.015455,-0.007313,0.034727,0.001404,-0.001458,-0.007096
2025-12-16 19:02:45.835,-0.015996,-0.007641,0.033445,0.000857,0.000334,-0.007034
2025-12-16 19:02:45.836,-0.016598,-0.006312,0.035924,0.004086,-0.005012,0.002621
2025-12-16 19:02:45.837,-0.016866,-0.008860,0.036248,0.007433,-0.004524,0.000796
2025-12-16 19:02:45.839,-0.017116,-0.008298,0.035946,0.005925,-0.003161,-0.000946
2025-12-16 19:02:45.840,-0.017961,-0.010626,0.034913,0.001847,-0.000420,-0.002828
2025-12-16 19:02:45.841,-0.016855,-0.008391,0.036333,0.002424,-0.005465,0.004243
2025-12-16 19:02:45.842,-0.018112,-0.008493,0.033048,-0.002642,-0.000728,0.001573
2025-12-16 19:02:45.843,-0.016904,-0.008385,0.035037,-0.002894,-0.004708,0.003075
2025-12-16 19:02:45.844,-0.018007,-0.008293,0.034979,-0.004377,-0.004182,0.006386
2025-12-16 19:02:45.845,-0.016677,-0.008410,0.037056,-0.001903,-0.008382,0.003218
2025-12-16 19:02:45.846,-0.016552,-0.008235,0.035749,-0.002171,-0.006146,0.000709
2025-12-16 19:02:45.849,-0.015772,-0.007809,0.036833,0.000418,-0.006739,-0.003998
2025-12-16 19:02:45.850,-0.017469,-0.006844,0.034681,-0.001674,-0.002463,-0.003920
2025-12-16 19:02:45.851,-0.016775,-0.006069,0.036931,0.001592,-0.007699,-0.001441
2025-12-16 19:02:45.852,-0.019304,-0.005247,0.034425,0.004644,0.005712,-0.001245
2025-12-16 19:02:45.856,-0.019857,-0.007811,0.033401,-0.001284,0.001193,0.003147
2025-12-16 19:02:45.857,-0.017997,-0.006310,0.034857,0.001339,-0.000101,0.001690
2025-12-16 19:02:45.859,-0.016611,-0.006023,0.037301,0.000446,-0.006403,-0.000600
2025-12-16 19:02:45.860,-0.019984,-0.004137,0.034568,0.003547,-0.003568,0.006984
2025-12-16 19:02:45.862,-0.018887,-0.004946,0.035956,0.000518,-0.006515,0.001460
2025-12-16 19:02:45.863,-0.015992,-0.008193,0.035794,-0.002976,-0.010930,0.000036
2025-12-16 19:02:45.864,-0.014384,-0.008320,0.038230,-0.002998,-0.015304,-0.003502
2025-12-16 19:02:45.865,-0.015843,-0.010068,0.035134,-0.005023,-0.011302,-0.006313
2025-12-16 19:02:45.867,-0.017189,-0.007819,0.037003,-0.004421,-0.011549,0.000980
2025-12-16 19:02:45.868,-0.017779,-0.006830,0.034478,-0.001129,0.000266,-0.004017
2025-12-16 19:02:45.870,-0.019415,-0.007322,0.031923,-0.003729,0.003121,-0.000838
2025-12-16 19:02:45.871,-0.018927,-0.005753,0.035035,-0.002468,-0.008325,0.007160
2025-12-16 19:02:45.872,-0.018581,-0.006238,0.034246,-0.003344,-0.001096,0.004602
2025-12-16 19:02:45.873,-0.019458,-0.005057,0.035407,-0.003128,-0.002010,0.008740
2025-12-16 19:02:45.874,-0.018647,-0.005208,0.036738,-0.001778,-0.005323,0.006271
2025-12-16 19:02:45.875,-0.015746,-0.007343,0.038341,-0.000557,-0.015155,0.003784
2025-12-16 19:02:45.878,-0.017377,-0.007524,0.037704,-0.003248,-0.009981,0.004543
2025-12-16 19:02:45.880,-0.018649,-0.006675,0.037679,-0.001094,-0.009573,0.005706
2025-12-16 19:02:45.881,-0.017133,-0.004141,0.039362,0.001625,-0.010467,0.006411
2025-12-16 19:02:45.882,-0.018211,-0.003774,0.038144,0.002601,-0.007614,0.005505
2025-12-16 19:02:45.883,-0.017489,-0.005994,0.036735,-0.001536,-0.007675,-0.000674
2025-12-16 19:02:45.884,-0.018403,-0.005336,0.037030,-0.004741,-0.010843,0.004743
2025-12-16 19:02:45.886,-0.016918,-0.004735,0.039962,-0.007614,-0.018377,0.006800
2025-12-16 19:02:45.887,-0.016967,-0.003710,0.038380,-0.004261,-0.009933,0.006012
2025-12-16 19:02:45.888,-0.017836,-0.002395,0.037660,-0.004530,-0.011552,0.012314
2025-12-16 19:02:45.889,-0.016054,-0.005176,0.035676,-0.006320,-0.009210,0.001941
2025-12-16 19:02:45.891,-0.016980,-0.003868,0.035285,-0.003239,-0.006720,0.003159
2025-12-16 19:02:45.892,-0.016607,-0.006785,0.037180,-0.004522,-0.002667,-0.003938
2025-12-16 19:02:45.893,-0.017669,-0.004720,0.038040,0.001976,-0.003800,0.002453
2025-12-16 19:02:45.894,-0.017552,-0.003762,0.039530,0.003069,-0.007015,0.002952
2025-12-16 19:02:45.895,-0.018311,-0.005179,0.036012,0.001074,0.003950,-0.003827
2025-12-16 19:02:45.897,-0.019146,-0.005505,0.036439,-0.000354,0.000719,-0.000293
2025-12-16 19:02:45.898,-0.019911,-0.006335,0.035900,-0.001881,0.000612,0.002436
2025-12-16 19:02:45.899,-0.021118,-0.006818,0.034862,-0.003679,0.002232,0.004517
2025-12-16 19:02:45.900,-0.019867,-0.004912,0.036607,-0.000481,-0.000368,0.004325
2025-12-16 19:02:45.901,-0.017955,-0.004859,0.037177,-0.001711,-0.005735,0.001326
2025-12-16 19:02:45.903,-0.018680,-0.005439,0.034638,-0.001201,-0.001994,0.000281
2025-12-16 19:02:45.904,-0.018307,-0.004598,0.036228,0.001321,-0.002479,0.000294
2025-12-16 19:02:45.905,-0.018428,-0.003740,0.037641,0.003624,-0.003864,0.000937
2025-12-16 19:02:45.906,-0.019279,-0.002812,0.039029,0.007156,-0.005008,0.004581
2025-12-16 19:02:45.908,-0.019745,-0.002971,0.037435,0.006042,-0.004573,0.005046
2025-12-16 19:02:45.909,-0.017484,-0.005343,0.036289,0.004855,-0.004560,-0.000809
2025-12-16 19:02:45.910,-0.017261,-0.006957,0.035158,-0.000094,-0.005044,-0.003713
2025-12-16 19:02:45.911,-0.016250,-0.006472,0.037941,0.001425,-0.010219,-0.003167
2025-12-16 19:02:45.912,-0.017207,-0.006293,0.037280,0.000183,-0.010218,0.002759
2025-12-16 19:02:45.914,-0.016531,-0.007193,0.038068,-0.001621,-0.010724,0.002800
2025-12-16 19:02:45.915,-0.018776,-0.004770,0.035573,-0.000405,-0.000921,0.001985
2025-12-16 19:02:45.916,-0.019715,-0.003723,0.033684,-0.000846,-0.000313,0.005779
2025-12-16 19:02:45.917,-0.020030,-0.004201,0.033867,0.000291,0.000102,0.004984
2025-12-16 19:02:45.918,-0.019792,-0.003386,0.036436,0.002580,-0.003094,0.005580
2025-12-16 19:02:45.919,-0.023020,-0.003627,0.032643,-0.000484,0.004994,0.008511
2025-12-16 19:02:45.920,-0.021950,-0.003242,0.035130,0.001815,0.001968,0.006625
2025-12-16 19:02:45.921,-0.020858,-0.003580,0.034413,-0.000996,0.003440,0.000964
2025-12-16 19:02:45.923,-0.021939,-0.003334,0.032839,-0.000338,0.008481,-0.000225
2025-12-16 19:02:45.924,-0.021478,-0.003378,0.034455,-0.002752,0.007760,0.002679
2025-12-16 19:02:45.925,-0.023441,-0.003820,0.032522,-0.001480,0.014853,0.000664
2025-12-16 19:02:45.926,-0.023647,-0.003467,0.031931,0.000259,0.016782,0.000758
2025-12-16 19:02:45.927,-0.023210,-0.003057,0.034108,-0.000062,0.007648,0.006772
2025-12-16 19:02:45.928,-0.022704,-0.004222,0.033269,-0.004514,0.006952,0.004893
2025-12-16 19:02:45.929,-0.021015,-0.004614,0.032260,-0.009574,0.003412,0.004462
2025-12-16 19:02:45.931,-0.018762,-0.004518,0.034701,-0.005341,0.002074,-0.000861
2025-12-16 19:02:45.932,-0.018553,-0.004092,0.035145,-0.002510,0.002835,-0.001079
2025-12-16 19:02:45.933,-0.018531,-0.001893,0.037132,0.003274,-0.000814,0.003108
2025-12-16 19:02:45.934,-0.018765,-0.002089,0.037485,0.003464,0.001161,0.000913
2025-12-16 19:02:45.935,-0.018080,-0.002784,0.037371,0.000037,-0.002264,-0.002337
2025-12-16 19:02:45.936,-0.020055,-0.002170,0.036477,-0.001358,-0.000976,0.003902
2025-12-16 19:02:45.937,-0.019542,-0.002490,0.037283,-0.000760,0.000975,-0.000373
2025-12-16 19:02:45.938,-0.020070,-0.003284,0.036545,0.000672,0.001598,-0.000534
2025-12-16 19:02:45.939,-0.021461,-0.002784,0.036944,0.000554,0.001649,0.004184
2025-12-16 19:02:45.940,-0.021535,-0.002509,0.036077,0.002551,0.006962,0.002058
2025-12-16 19:02:45.941,-0.020985,-0.003949,0.034556,-0.000687,0.006700,-0.001735
2025-12-16 19:02:45.943,-0.021860,-0.005180,0.030964,-0.005898,0.009496,-0.001154
2025-12-16 19:02:45.944,-0.022013,-0.004088,0.032413,-0.007057,0.009656,0.001376
2025-12-16 19:02:45.945,-0.022718,-0.003350,0.031328,-0.005001,0.015699,-0.000408
2025-12-16 19:02:45.946,-0.021384,-0.004898,0.035388,-0.003287,0.004734,0.001619
2025-12-16 19:02:45.947,-0.021985,-0.004875,0.034232,-0.004640,0.004233,0.000140
2025-12-16 19:02:45.948,-0.022114,-0.003524,0.034745,-0.000485,0.009838,0.003719
2025-12-16 19:02:45.949,-0.020952,-0.004184,0.035148,-0.002165,0.005092,0.005088
2025-12-16 19:02:45.950,-0.019988,-0.005940,0.034197,-0.001560,0.004670,0.000803
2025-12-16 19:02:45.951,-0.019866,-0.004671,0.036024,0.000384,0.002597,0.001458
2025-12-16 19:02:45.953,-0.020503,-0.003564,0.037254,-0.000241,0.003441,0.004426
2025-12-16 19:02:45.954,-0.023002,-0.001606,0.034803,0.002183,0.014075,0.001271
2025-12-16 19:02:45.955,-0.022385,-0.002224,0.035077,0.003662,0.008990,0.001609
2025-12-16 19:02:45.956,-0.021948,-0.002548,0.034668,0.003159,0.009614,-0.000429
2025-12-16 19:02:45.957,-0.020677,-0.005093,0.034556,-0.003740,0.003990,-0.001417
2025-12-16 19:02:45.958,-0.022253,-0.004238,0.034706,-0.001016,0.009923,-0.002587
2025-12-16 19:02:45.959,-0.022891,-0.004517,0.033453,-0.005109,0.008631,0.000672
2025-12-16 19:02:45.961,-0.022606,-0.003823,0.034286,-0.003038,0.003755,0.003808
2025-12-16 19:02:45.962,-0.022562,-0.002689,0.034776,-0.000786,0.002205,0.004983
2025-12-16 19:02:45.963,-0.022277,-0.001555,0.034745,0.007247,0.006968,0.000763
2025-12-16 19:02:45.964,-0.021994,-0.000921,0.036901,0.007104,0.002183,0.003369
2025-12-16 19:02:45.965,-0.022010,-0.003043,0.034673,0.002266,0.004464,-0.001160
2025-12-16 19:02:45.966,-0.019798,-0.003462,0.037523,0.004037,-0.002196,-0.001410
2025-12-16 19:02:45.967,-0.021256,-0.001146,0.036830,0.005556,0.004015,0.000715
2025-12-16 19:02:45.968,-0.020815,-0.002622,0.036255,0.004663,0.008689,-0.005212
2025-12-16 19:02:45.970,-0.021876,-0.000531,0.035869,0.008071,0.008391,-0.002805
2025-12-16 19:02:45.971,-0.021749,-0.002126,0.036075,0.004521,0.007924,-0.000940
2025-12-16 19:02:45.972,-0.022598,-0.002263,0.036557,0.003764,0.009933,-0.002450
2025-12-16 19:02:45.973,-0.022515,-0.001899,0.036566,0.005205,0.008937,-0.001205
2025-12-16 19:02:45.974,-0.021024,-0.002795,0.037984,0.001977,0.005385,-0.005261
2025-12-16 19:02:45.975,-0.020972,-0.002758,0.036098,-0.001052,0.005688,-0.006096
2025-12-16 19:02:45.977,-0.020551,-0.001784,0.035881,-0.002754,0.001250,-0.002928
2025-12-16 19:02:45.978,-0.020949,-0.002174,0.037275,-0.002475,-0.000826,0.001099
2025-12-16 19:02:45.979,-0.022567,-0.001858,0.035466,-0.002753,0.005414,0.004630
2025-12-16 19:02:45.980,-0.021715,-0.002061,0.035256,-0.000892,0.007352,-0.001188
2025-12-16 19:02:45.981,-0.021909,-0.002503,0.035487,-0.000089,0.005035,-0.000108
2025-12-16 19:02:45.982,-0.022325,-0.002158,0.034391,-0.001396,0.008442,0.002185
2025-12-16 19:02:45.983,-0.023425,-0.001621,0.033133,-0.000818,0.014939,0.000841
2025-12-16 19:02:45.984,-0.023366,-0.002055,0.033829,0.000347,0.015188,-0.000959
2025-12-16 19:02:45.985,-0.022085,-0.001243,0.035754,0.003132,0.006084,0.003695
2025-12-16 19:02:45.986,-0.021793,-0.001177,0.036942,0.004877,0.006715,0.001225
2025-12-16 19:02:45.988,-0.022262,-0.001614,0.036392,0.001944,0.005052,0.005533
2025-12-16 19:02:45.989,-0.021336,-0.001516,0.036554,0.002955,0.008647,0.000443
2025-12-16 19:02:45.990,-0.020420,-0.001488,0.036622,0.004050,0.005060,0.000902
2025-12-16 19:02:45.991,-0.021112,-0.001821,0.036339,0.004283,0.003309,0.002807
2025-12-16 19:02:45.992,-0.022895,-0.001816,0.036188,0.004577,0.009536,0.000468
2025-12-16 19:02:45.993,-0.021929,-0.001748,0.036208,0.002482,0.009052,-0.003163
2025-12-16 19:02:45.994,-0.021784,-0.003179,0.034609,-0.000548,0.011228,-0.007503
2025-12-16 19:02:45.995,-0.021646,-0.002385,0.034362,0.001523,0.006955,-0.003314
2025-12-16 19:02:45.997,-0.022780,-0.001587,0.034668,0.001186,0.006679,-0.001150
2025-12-16 19:02:45.998,-0.023843,-0.000884,0.033920,-0.000546,0.006531,0.006447
2025-12-16 19:02:45.999,-0.023125,-0.001704,0.035214,-0.000824,0.000041,0.006257
2025-12-16 19:02:46.000,-0.022412,-0.002011,0.037013,-0.001973,-0.006376,0.005212
2025-12-16 19:02:46.001,-0.021151,-0.001824,0.036536,-0.001089,-0.003864,-0.002846
2025-12-16 19:02:46.002,-0.022690,-0.001643,0.033816,-0.004625,0.003210,-0.004051
2025-12-16 19:02:46.004,-0.022511,-0.001921,0.035579,-0.000373,-0.000367,0.000078
2025-12-16 19:02:46.005,-0.020268,-0.002343,0.037894,-0.000430,-0.006990,-0.000581
2025-12-16 19:02:46.006,-0.021680,-0.000638,0.036769,0.001496,0.000228,0.001430
2025-12-16 19:02:46.007,-0.022322,-0.000365,0.036845,0.002312,0.004526,0.000056
2025-12-16 19:02:46.008,-0.021598,-0.001937,0.036673,-0.001150,0.000196,-0.001497
2025-12-16 19:02:46.010,-0.022494,-0.002118,0.035587,-0.000411,0.003656,-0.001837
2025-12-16 19:02:46.011,-0.022228,-0.002866,0.036154,-0.002332,0.000306,-0.002902
2025-12-16 19:02:46.012,-0.021177,-0.004367,0.034944,-0.003802,0.001412,-0.005908
2025-12-16 19:02:46.013,-0.022308,-0.002837,0.035203,-0.005425,-0.004240,0.003822
2025-12-16 19:02:46.014,-0.023759,-0.001528,0.034595,-0.007790,-0.003621,0.008022
2025-12-16 19:02:46.015,-0.022035,-0.003330,0.034845,-0.008799,-0.004996,0.001952
2025-12-16 19:02:46.016,-0.020146,-0.004518,0.036128,-0.009541,-0.006022,-0.003616
2025-12-16 19:02:46.017,-0.021713,-0.001825,0.037172,-0.007936,-0.005962,0.000116
2025-12-16 19:02:46.018,-0.022725,-0.001407,0.038602,-0.007054,-0.009259,0.002854
2025-12-16 19:02:46.019,-0.022928,-0.002332,0.037003,-0.007170,-0.008220,0.007448
2025-12-16 19:02:46.020,-0.022438,-0.002147,0.037274,-0.007385,-0.007620,0.004257
2025-12-16 19:02:46.022,-0.021391,-0.000720,0.038708,-0.007447,-0.012512,0.004620
2025-12-16 19:02:46.023,-0.021441,0.000391,0.039075,-0.004842,-0.011239,0.006680
2025-12-16 19:02:46.024,-0.021836,0.000134,0.038213,-0.002068,-0.010207,0.008538
2025-12-16 19:02:46.025,-0.020421,-0.000988,0.039810,-0.002534,-0.012442,0.003181
2025-12-16 19:02:46.026,-0.020915,-0.001770,0.037436,-0.001825,-0.009573,-0.000992
2025-12-16 19:02:46.027,-0.021311,-0.001291,0.038198,-0.000241,-0.008132,-0.000126
2025-12-16 19:02:46.028,-0.020886,-0.001631,0.038155,-0.003098,-0.012168,0.001201
2025-12-16 19:02:46.029,-0.021373,0.000836,0.039760,-0.000044,-0.011527,0.004823
2025-12-16 19:02:46.030,-0.021122,-0.000823,0.037548,-0.002105,-0.008485,0.001999
2025-12-16 19:02:46.032,-0.023423,-0.001209,0.037196,0.000254,-0.004937,0.003808
2025-12-16 19:02:46.033,-0.023750,0.002740,0.037472,0.003673,-0.005288,0.012064
2025-12-16 19:02:46.034,-0.023993,0.002333,0.036819,0.005842,0.003004,0.004711
2025-12-16 19:02:46.035,-0.024330,0.001469,0.035499,0.004569,0.004154,-0.000015
2025-12-16 19:02:46.036,-0.025926,0.000791,0.033398,0.003345,0.007320,0.002956
2025-12-16 19:02:46.038,-0.024143,0.000049,0.035454,0.003696,0.000944,0.003419
2025-12-16 19:02:46.039,-0.023115,-0.003089,0.033688,-0.002247,0.000283,-0.001440
2025-12-16 19:02:46.040,-0.023024,-0.001633,0.035514,-0.001928,-0.001508,-0.001444
2025-12-16 19:02:46.041,-0.023182,-0.000221,0.036675,0.001854,-0.003137,-0.000007
2025-12-16 19:02:46.042,-0.021960,-0.000398,0.037212,0.001952,-0.005207,-0.002876
2025-12-16 19:02:46.043,-0.022077,-0.003195,0.034659,-0.000565,0.001318,-0.009238
2025-12-16 19:02:46.045,-0.024757,0.000305,0.034446,0.000692,0.002862,0.001093
2025-12-16 19:02:46.046,-0.023979,-0.000356,0.034988,-0.001692,0.000847,-0.004513
2025-12-16 19:02:46.047,-0.023331,-0.000191,0.036785,0.000591,-0.004382,0.001050
2025-12-16 19:02:46.048,-0.025557,0.002264,0.036482,0.001632,-0.001395,0.007810
2025-12-16 19:02:46.050,-0.027123,0.002009,0.033203,0.000536,-0.000546,0.008205
2025-12-16 19:02:46.051,-0.025070,0.000549,0.035871,-0.000700,-0.003453,0.003664
2025-12-16 19:02:46.052,-0.022669,0.000965,0.038332,0.005837,-0.002846,-0.000120
2025-12-16 19:02:46.053,-0.023427,-0.000650,0.036853,0.000772,-0.003170,-0.001009
2025-12-16 19:02:46.054,-0.023710,-0.001440,0.036470,-0.001574,-0.005216,-0.000117
2025-12-16 19:02:46.055,-0.022531,-0.000052,0.038773,-0.001949,-0.008320,0.000660
2025-12-16 19:02:46.056,-0.022118,-0.001423,0.037462,0.002704,-0.005126,-0.002656
2025-12-16 19:02:46.057,-0.022020,0.000380,0.037137,0.001126,-0.006191,0.000825
2025-12-16 19:02:46.058,-0.021518,0.000588,0.035284,0.000248,-0.005008,-0.001572
2025-12-16 19:02:46.059,-0.022408,0.001330,0.036187,0.001338,-0.005771,-0.002231
2025-12-16 19:02:46.061,-0.023282,0.001036,0.035338,-0.001455,-0.002527,-0.001677
2025-12-16 19:02:46.062,-0.025156,-0.000777,0.034564,-0.000958,0.002758,-0.002229
2025-12-16 19:02:46.063,-0.025463,0.001015,0.034600,-0.001876,0.003292,0.000858
2025-12-16 19:02:46.064,-0.025922,0.000548,0.034468,-0.000221,0.001543,0.001731
2025-12-16 19:02:46.065,-0.024939,-0.001161,0.034743,-0.002344,0.004473,-0.003622
2025-12-16 19:02:46.066,-0.026249,0.000376,0.034787,0.000949,0.006230,-0.002313
2025-12-16 19:02:46.068,-0.025372,0.000654,0.035802,0.001934,0.001291,-0.003190
2025-12-16 19:02:46.069,-0.024795,0.000935,0.037054,-0.000065,-0.004074,-0.000204
2025-12-16 19:02:46.070,-0.024381,-0.000023,0.037730,-0.000621,-0.003862,-0.001946
2025-12-16 19:02:46.071,-0.025304,0.001002,0.038567,0.001490,-0.001405,-0.000561
2025-12-16 19:02:46.072,-0.025991,0.001063,0.037027,0.000836,0.002272,-0.003680
2025-12-16 19:02:46.073,-0.024504,-0.000960,0.036682,-0.000628,0.004703,-0.012435
2025-12-16 19:02:46.074,-0.025594,-0.000173,0.034715,0.000193,0.007045,-0.010986
2025-12-16 19:02:46.075,-0.026127,0.000555,0.033457,-0.002488,0.007289,-0.005996
2025-12-16 19:02:46.076,-0.026361,0.000828,0.032858,-0.003431,0.005278,-0.002105
2025-12-16 19:02:46.077,-0.026514,0.001250,0.032442,-0.004647,0.003134,0.001376
2025-12-16 19:02:46.079,-0.026031,0.001475,0.033471,-0.003055,0.001412,-0.000611
2025-12-16 19:02:46.080,-0.027148,0.000800,0.032724,-0.003325,0.009777,-0.007659
2025-12-16 19:02:46.081,-0.027220,0.003618,0.034877,0.000025,0.001553,-0.001710
2025-12-16 19:02:46.082,-0.026701,0.003357,0.034826,-0.001671,-0.000064,0.001005
2025-12-16 19:02:46.083,-0.025727,0.004461,0.037259,-0.001208,-0.004456,0.003611
2025-12-16 19:02:46.084,-0.027423,0.006180,0.035748,-0.001944,-0.001403,0.008715
2025-12-16 19:02:46.086,-0.027858,0.004106,0.034303,-0.004337,-0.000744,0.008406
2025-12-16 19:02:46.087,-0.028349,0.003061,0.033626,-0.006456,-0.000377,0.008154
2025-12-16 19:02:46.088,-0.026558,0.002094,0.033587,-0.003196,0.001846,-0.001630
2025-12-16 19:02:46.089,-0.026006,0.001752,0.033828,-0.003868,0.000550,0.000157
2025-12-16 19:02:46.090,-0.025924,0.001460,0.034553,-0.003996,-0.002132,0.002389
2025-12-16 19:02:46.091,-0.023927,0.002060,0.036823,-0.000920,-0.004607,-0.001285
2025-12-16 19:02:46.092,-0.023703,0.000474,0.037434,-0.003217,-0.006219,-0.002628
2025-12-16 19:02:46.093,-0.024213,0.002469,0.037369,-0.001550,-0.004631,-0.002014
2025-12-16 19:02:46.095,-0.024858,0.004828,0.037760,0.001585,-0.001105,-0.001764
2025-12-16 19:02:46.096,-0.026209,0.005300,0.036760,-0.000065,0.002242,0.000555
2025-12-16 19:02:46.097,-0.026472,0.006332,0.036897,-0.000724,0.002162,0.002128
2025-12-16 19:02:46.098,-0.026995,0.004453,0.034188,-0.002509,0.003696,0.003218
2025-12-16 19:02:46.099,-0.027855,0.006321,0.033720,-0.000404,0.004693,0.005064
2025-12-16 19:02:46.100,-0.026585,0.005733,0.036316,0.001349,-0.002954,0.004199
2025-12-16 19:02:46.101,-0.026489,0.005640,0.036191,0.002264,0.000530,0.000614
2025-12-16 19:02:46.102,-0.026976,0.006135,0.036312,0.002071,-0.000661,0.000961
2025-12-16 19:02:46.103,-0.027383,0.006355,0.036248,0.002344,-0.000149,0.001053
2025-12-16 19:02:46.104,-0.025899,0.006569,0.038759,0.004208,-0.007266,0.001606
2025-12-16 19:02:46.105,-0.027247,0.007560,0.037068,0.003904,-0.003739,0.003593
2025-12-16 19:02:46.106,-0.027097,0.007642,0.036196,0.004164,0.002540,0.000239
2025-12-16 19:02:46.108,-0.027345,0.008047,0.036834,0.004958,0.001711,0.000628
2025-12-16 19:02:46.109,-0.026745,0.006776,0.036997,0.003794,-0.001320,0.000068
2025-12-16 19:02:46.110,-0.028770,0.007023,0.034707,0.004026,-0.001288,0.004658
2025-12-16 19:02:46.111,-0.027182,0.004456,0.034918,0.003472,0.001314,-0.003982
2025-12-16 19:02:46.112,-0.026570,0.005534,0.035350,0.005411,-0.000020,-0.002342
2025-12-16 19:02:46.113,-0.028094,0.006611,0.033210,0.003800,0.002373,0.001384
2025-12-16 19:02:46.114,-0.026014,0.005149,0.035887,0.004721,-0.002717,-0.001154
2025-12-16 19:02:46.115,-0.028225,0.007511,0.033866,0.004896,0.003482,0.002058
2025-12-16 19:02:46.116,-0.028412,0.006004,0.035234,0.003657,0.001287,-0.000447
2025-12-16 19:02:46.117,-0.028535,0.003033,0.034035,0.002761,0.003884,-0.005096
2025-12-16 19:02:46.120,-0.030543,0.004622,0.034025,0.003629,0.007919,-0.003559
2025-12-16 19:02:46.121,-0.030403,0.004498,0.034309,0.003847,0.006332,-0.002725
2025-12-16 19:02:46.122,-0.032655,0.005014,0.030637,-0.000640,0.011081,0.003134
2025-12-16 19:02:46.124,-0.030666,0.004805,0.032388,0.001176,0.004982,0.002362
2025-12-16 19:02:46.125,-0.030770,0.006741,0.031579,0.001993,0.011931,0.000876
2025-12-16 19:02:46.126,-0.030540,0.008328,0.034647,0.003988,0.005337,0.003491
2025-12-16 19:02:46.127,-0.031139,0.007830,0.034043,0.003072,0.008844,0.002026
2025-12-16 19:02:46.128,-0.029861,0.006221,0.033853,0.000191,0.005074,0.003867
2025-12-16 19:02:46.129,-0.030789,0.005434,0.033347,-0.000112,0.011918,-0.001373
2025-12-16 19:02:46.130,-0.028175,0.004055,0.035049,0.000627,0.006293,-0.004399
2025-12-16 19:02:46.131,-0.027748,0.004941,0.035334,0.002024,0.004084,-0.003750
2025-12-16 19:02:46.132,-0.027491,0.006678,0.036557,0.003451,-0.001420,0.000930
2025-12-16 19:02:46.133,-0.027778,0.006081,0.037481,0.003601,0.003527,-0.003639
2025-12-16 19:02:46.134,-0.028419,0.004728,0.037307,0.000673,0.000451,0.000771
2025-12-16 19:02:46.135,-0.027717,0.005694,0.038863,0.001892,0.001314,-0.002349
2025-12-16 19:02:46.137,-0.028395,0.006323,0.037697,0.002470,-0.003512,0.003413
2025-12-16 19:02:46.137,-0.025704,0.004751,0.040338,0.003815,-0.009850,-0.001398
2025-12-16 19:02:46.139,-0.028434,0.007494,0.039179,0.003054,-0.006431,0.006752
2025-12-16 19:02:46.140,-0.029476,0.008308,0.036684,0.002700,-0.001173,0.006512
2025-12-16 19:02:46.141,-0.029374,0.007729,0.036366,0.003399,-0.002477,0.006588
2025-12-16 19:02:46.142,-0.028334,0.006284,0.038256,0.003190,-0.005433,0.003169
2025-12-16 19:02:46.143,-0.029143,0.004569,0.036618,0.002685,0.000666,-0.002263
2025-12-16 19:02:46.145,-0.028764,0.003049,0.035842,0.001326,0.001927,-0.005117
2025-12-16 19:02:46.146,-0.030198,0.005338,0.035160,0.002768,0.006421,-0.003027
2025-12-16 19:02:46.147,-0.030481,0.004329,0.034151,0.002337,0.006781,-0.003540
2025-12-16 19:02:46.148,-0.029885,0.005500,0.035384,0.003014,0.004804,-0.001897
2025-12-16 19:02:46.149,-0.028417,0.002914,0.035999,0.002851,0.002663,-0.006510
2025-12-16 19:02:46.150,-0.029389,0.004737,0.036155,0.004939,0.003641,-0.003653
2025-12-16 19:02:46.151,-0.029853,0.002792,0.034075,0.001962,0.000125,-0.002461
2025-12-16 19:02:46.152,-0.031461,0.004379,0.035428,0.003399,0.000952,-0.000137
2025-12-16 19:02:46.154,-0.029620,0.001988,0.035132,-0.001159,0.000731,-0.007020
2025-12-16 19:02:46.155,-0.029123,0.004156,0.035861,0.000763,-0.000962,-0.002755
2025-12-16 19:02:46.156,-0.030216,0.003370,0.035164,0.001172,0.001263,-0.003107
2025-12-16 19:02:46.157,-0.030462,0.006534,0.037225,0.001859,-0.001840,0.001550
2025-12-16 19:02:46.158,-0.030924,0.006351,0.035298,0.002913,0.002136,0.000848
2025-12-16 19:02:46.160,-0.031612,0.005918,0.034801,0.002532,0.004317,0.000305
2025-12-16 19:02:46.161,-0.029007,0.003500,0.035959,0.001609,-0.000261,-0.003946
2025-12-16 19:02:46.162,-0.029434,0.002640,0.035504,0.001947,0.001492,-0.005222
2025-12-16 19:02:46.163,-0.029867,0.003635,0.034725,-0.000198,0.002409,-0.000160
2025-12-16 19:02:46.164,-0.030010,0.004128,0.033935,-0.001694,0.005372,-0.003581
2025-12-16 19:02:46.166,-0.030256,0.004912,0.034355,-0.000227,0.003340,-0.000975
2025-12-16 19:02:46.167,-0.031985,0.003656,0.032850,-0.000905,0.007548,-0.002582
2025-12-16 19:02:46.168,-0.031077,0.002580,0.032203,-0.001049,0.009279,-0.006102
2025-12-16 19:02:46.169,-0.031683,0.003646,0.031890,0.000493,0.008108,-0.002264
2025-12-16 19:02:46.170,-0.032134,0.003706,0.034500,0.001701,0.008832,-0.004757
2025-12-16 19:02:46.175,-0.030949,0.004336,0.035810,0.002459,-0.000983,-0.000378
2025-12-16 19:02:46.176,-0.031240,0.005981,0.035045,0.004508,0.000125,0.002963
2025-12-16 19:02:46.177,-0.031094,0.006528,0.035791,0.005276,0.000933,0.002505
2025-12-16 19:02:46.178,-0.031573,0.006140,0.035633,0.004568,0.001772,0.002514
2025-12-16 19:02:46.180,-0.031206,0.006008,0.037188,0.004559,-0.003738,0.004130
2025-12-16 19:02:46.181,-0.031868,0.005032,0.036624,0.003167,0.001854,-0.000634
2025-12-16 19:02:46.182,-0.034603,0.008302,0.035425,0.003286,0.004277,0.006439
2025-12-16 19:02:46.183,-0.035060,0.007610,0.035122,0.003213,0.006540,0.004757
2025-12-16 19:02:46.184,-0.034653,0.006344,0.034972,0.003464,0.004110,0.004595
2025-12-16 19:02:46.186,-0.035068,0.010346,0.035315,0.004781,0.009276,0.007098
2025-12-16 19:02:46.187,-0.034411,0.008532,0.035459,0.003290,0.007060,0.004968
2025-12-16 19:02:46.188,-0.035149,0.012642,0.036694,0.005309,0.006604,0.010583
2025-12-16 19:02:46.189,-0.032817,0.009121,0.037713,0.004641,-0.001979,0.007477
2025-12-16 19:02:46.191,-0.034296,0.008529,0.034700,0.003984,0.006714,0.006026
2025-12-16 19:02:46.192,-0.033013,0.008565,0.034708,0.000483,0.003223,0.004629
2025-12-16 19:02:46.194,-0.032685,0.008374,0.035973,0.001958,-0.000983,0.006280
2025-12-16 19:02:46.195,-0.034570,0.007719,0.033260,0.001101,0.002202,0.007390
2025-12-16 19:02:46.196,-0.036058,0.008730,0.031396,0.001453,0.009535,0.008053
2025-12-16 19:02:46.197,-0.035919,0.008087,0.031998,0.001019,0.004164,0.009652
2025-12-16 19:02:46.199,-0.035041,0.007822,0.033680,0.002815,0.003934,0.008739
2025-12-16 19:02:46.200,-0.034965,0.007003,0.034127,0.001591,0.001259,0.008391
2025-12-16 19:02:46.201,-0.033889,0.004936,0.034036,-0.001711,0.001715,0.001029
2025-12-16 19:02:46.203,-0.035516,0.007759,0.034852,0.000103,-0.001918,0.009192
2025-12-16 19:02:46.204,-0.033824,0.006911,0.033243,-0.003696,-0.000316,0.003328
2025-12-16 19:02:46.205,-0.035317,0.004960,0.029822,-0.006686,0.007880,-0.001241
2025-12-16 19:02:46.206,-0.035247,0.007697,0.032371,-0.003773,0.003320,0.005323
2025-12-16 19:02:46.208,-0.035371,0.007947,0.032403,-0.002017,0.005525,0.005738
2025-12-16 19:02:46.209,-0.034987,0.009065,0.032780,-0.002792,0.000574,0.007673
2025-12-16 19:02:46.210,-0.033310,0.009258,0.034580,-0.003278,-0.002868,0.006139
2025-12-16 19:02:46.211,-0.034184,0.010441,0.035164,-0.000834,-0.001125,0.008214
2025-12-16 19:02:46.212,-0.034765,0.007633,0.034409,-0.004328,-0.005150,0.007466
2025-12-16 19:02:46.213,-0.034162,0.008741,0.033938,0.000286,0.002741,-0.002718
2025-12-16 19:02:46.214,-0.035141,0.007293,0.033088,0.000637,0.010195,-0.005993
2025-12-16 19:02:46.216,-0.032779,0.008436,0.036181,-0.003240,-0.000369,-0.002994
2025-12-16 19:02:46.217,-0.032260,0.007802,0.037044,-0.004265,-0.005529,-0.001787
2025-12-16 19:02:46.218,-0.032946,0.006872,0.035331,-0.003499,-0.000444,-0.001557
2025-12-16 19:02:46.220,-0.032048,0.006583,0.037900,-0.001148,-0.002976,-0.002129
2025-12-16 19:02:46.222,-0.033226,0.005010,0.034885,-0.007768,0.004060,-0.007415
2025-12-16 19:02:46.224,-0.035485,0.006040,0.033977,-0.005534,0.008005,-0.002880
2025-12-16 19:02:46.225,-0.032735,0.003123,0.035300,-0.008353,0.008232,-0.014356
2025-12-16 19:02:46.226,-0.033310,0.006701,0.036970,-0.004420,0.003731,-0.004119
2025-12-16 19:02:46.227,-0.033438,0.006191,0.036922,-0.002705,0.001231,-0.001703
2025-12-16 19:02:46.228,-0.033433,0.006081,0.037248,-0.004039,0.004476,-0.006034
2025-12-16 19:02:46.229,-0.032747,0.005876,0.036493,-0.004779,0.003405,-0.005809
2025-12-16 19:02:46.230,-0.032010,0.005839,0.038261,-0.002767,-0.000002,-0.005654
2025-12-16 19:02:46.232,-0.032842,0.006330,0.037296,-0.002462,-0.001531,-0.001043
2025-12-16 19:02:46.234,-0.032617,0.005850,0.037644,-0.001044,-0.008193,0.003662
2025-12-16 19:02:46.235,-0.033295,0.008440,0.037542,0.001082,-0.001548,0.005262
2025-12-16 19:02:46.236,-0.033391,0.007561,0.037038,0.000873,-0.002676,0.004234
2025-12-16 19:02:46.238,-0.034059,0.008502,0.036802,0.001821,0.002782,0.003699
2025-12-16 19:02:46.239,-0.034469,0.009719,0.038010,0.002117,-0.002345,0.008655
2025-12-16 19:02:46.240,-0.034001,0.006565,0.037637,-0.001339,0.001508,-0.000812
2025-12-16 19:02:46.241,-0.030803,0.004589,0.038189,-0.004183,-0.009838,-0.001936
2025-12-16 19:02:46.242,-0.031984,0.007113,0.037392,-0.005910,-0.007193,0.001202
2025-12-16 19:02:46.243,-0.031220,0.007323,0.038417,-0.003109,-0.007929,0.001554
2025-12-16 19:02:46.244,-0.032786,0.007642,0.036331,-0.002125,-0.001583,0.001723
2025-12-16 19:02:46.245,-0.032100,0.005888,0.037061,-0.001256,-0.004245,0.000920
2025-12-16 19:02:46.246,-0.033427,0.007876,0.037519,0.000133,0.000044,0.002760
2025-12-16 19:02:46.247,-0.033096,0.009223,0.038141,-0.000789,0.000774,0.002321
2025-12-16 19:02:46.248,-0.033413,0.009777,0.037221,-0.003499,0.004608,-0.000271
2025-12-16 19:02:46.250,-0.031690,0.009204,0.038126,-0.004705,-0.001090,-0.001352
2025-12-16 19:02:46.251,-0.030196,0.008875,0.039190,-0.005194,-0.002394,-0.004555
2025-12-16 19:02:46.255,-0.035752,0.010576,0.035584,-0.002126,0.006483,0.004091
2025-12-16 19:02:46.256,-0.034294,0.010009,0.035109,-0.004564,0.003694,0.002464
2025-12-16 19:02:46.257,-0.034188,0.010158,0.034335,-0.006493,0.007999,-0.000402
2025-12-16 19:02:46.259,-0.032731,0.009519,0.034677,-0.006889,0.003375,-0.000664
2025-12-16 19:02:46.260,-0.034374,0.009711,0.034054,-0.002042,0.007411,0.003299
2025-12-16 19:02:46.261,-0.033299,0.009445,0.036143,-0.000667,0.008140,-0.000162
2025-12-16 19:02:46.262,-0.030807,0.009640,0.039861,0.001781,-0.001408,0.001207
2025-12-16 19:02:46.263,-0.032780,0.009925,0.037105,0.001479,0.002847,0.004046
2025-12-16 19:02:46.265,-0.028918,0.007254,0.038120,-0.000575,-0.005581,-0.005863
2025-12-16 19:02:46.266,-0.028632,0.006930,0.038107,-0.001879,-0.006775,-0.005371
2025-12-16 19:02:46.267,-0.030494,0.007629,0.036806,-0.000987,-0.001265,-0.002559
2025-12-16 19:02:46.269,-0.030872,0.010223,0.039081,-0.003104,-0.011742,0.004687
2025-12-16 19:02:46.270,-0.033228,0.012607,0.037692,-0.001269,-0.006471,0.010231
2025-12-16 19:02:46.273,-0.034760,0.011222,0.036322,0.000488,-0.001484,0.009935
2025-12-16 19:02:46.274,-0.032730,0.009123,0.038063,0.001140,-0.005079,0.006310
2025-12-16 19:02:46.275,-0.032156,0.007161,0.037481,0.001319,-0.002215,0.002850
2025-12-16 19:02:46.277,-0.032606,0.007298,0.037681,-0.001993,-0.004543,0.001987
2025-12-16 19:02:46.278,-0.031891,0.009935,0.037339,-0.003913,-0.007342,0.005663
2025-12-16 19:02:46.279,-0.030634,0.007276,0.037240,-0.003787,-0.008581,-0.003199
2025-12-16 19:02:46.280,-0.030117,0.008208,0.038435,-0.003902,-0.006105,-0.004734
2025-12-16 19:02:46.281,-0.031928,0.007721,0.034811,-0.006803,-0.000951,-0.003150
2025-12-16 19:02:46.283,-0.034504,0.010098,0.034577,-0.003410,0.003763,0.004074
2025-12-16 19:02:46.284,-0.034813,0.010518,0.033133,-0.004828,0.009024,0.001699
2025-12-16 19:02:46.285,-0.035184,0.010745,0.032715,-0.006097,0.012717,-0.000575
2025-12-16 19:02:46.286,-0.033249,0.008952,0.034275,-0.006758,0.004237,-0.001323
2025-12-16 19:02:46.288,-0.033213,0.010010,0.032958,-0.006515,0.005331,0.000880
2025-12-16 19:02:46.289,-0.033869,0.010888,0.034732,-0.004345,0.003728,0.002914
2025-12-16 19:02:46.291,-0.034179,0.009703,0.032951,-0.003344,0.008282,0.002111
2025-12-16 19:02:46.292,-0.032342,0.008418,0.034170,-0.002803,0.004276,0.000629
2025-12-16 19:02:46.293,-0.032307,0.009136,0.034229,-0.002931,0.003558,0.000236
2025-12-16 19:02:46.294,-0.032232,0.008496,0.034390,-0.001173,0.002974,0.002025
2025-12-16 19:02:46.295,-0.032281,0.007791,0.033291,-0.003203,0.004949,-0.001324
2025-12-16 19:02:46.296,-0.032742,0.008963,0.034097,-0.001149,0.002568,0.003111
2025-12-16 19:02:46.297,-0.031426,0.009444,0.035065,-0.000354,-0.002310,0.006009
2025-12-16 19:02:46.299,-0.033008,0.009755,0.032961,0.000140,0.002777,0.007486
2025-12-16 19:02:46.300,-0.030367,0.009567,0.035464,-0.000998,-0.003959,0.004761
2025-12-16 19:02:46.301,-0.029704,0.008829,0.035355,-0.000721,-0.004808,0.004072
2025-12-16 19:02:46.302,-0.029916,0.008245,0.037033,0.000904,-0.004175,0.002371
2025-12-16 19:02:46.303,-0.031692,0.009073,0.035668,-0.001427,0.000229,0.002064
2025-12-16 19:02:46.305,-0.028300,0.011035,0.041925,-0.000363,-0.018160,0.007654
2025-12-16 19:02:46.307,-0.028159,0.010927,0.039908,-0.002023,-0.015716,0.006352
2025-12-16 19:02:46.308,-0.029869,0.011148,0.037083,-0.004106,-0.009788,0.006157
2025-12-16 19:02:46.309,-0.032520,0.012706,0.036266,0.003661,-0.002732,0.007600
2025-12-16 19:02:46.310,-0.033343,0.012309,0.033961,-0.000981,-0.000434,0.007892
2025-12-16 19:02:46.311,-0.032403,0.011686,0.034067,-0.002928,-0.001834,0.005562
2025-12-16 19:02:46.312,-0.033428,0.012216,0.033967,-0.000540,-0.001803,0.009440
2025-12-16 19:02:46.315,-0.032930,0.012461,0.034025,-0.001122,0.008832,0.003572
2025-12-16 19:02:46.316,-0.033539,0.010552,0.032405,-0.002674,0.008372,0.002449
2025-12-16 19:02:46.317,-0.033772,0.011495,0.035577,-0.000438,0.001673,0.007016
2025-12-16 19:02:46.318,-0.034099,0.010928,0.033140,-0.003675,0.005535,0.005214
2025-12-16 19:02:46.321,-0.036627,0.011055,0.031184,-0.002461,0.007621,0.010091
2025-12-16 19:02:46.322,-0.035857,0.011275,0.031477,-0.000557,0.006790,0.011035
2025-12-16 19:02:46.323,-0.034683,0.010835,0.032128,0.000644,0.007035,0.009199
2025-12-16 19:02:46.325,-0.033579,0.010696,0.033705,-0.000970,0.002322,0.007790
2025-12-16 19:02:46.326,-0.033109,0.011299,0.032333,-0.003038,0.000518,0.009612
2025-12-16 19:02:46.327,-0.033671,0.010543,0.030281,-0.006534,0.003127,0.007933
2025-12-16 19:02:46.328,-0.033998,0.011722,0.031608,-0.003511,0.004190,0.009244
2025-12-16 19:02:46.329,-0.033807,0.011081,0.033438,-0.000689,0.002738,0.008801
2025-12-16 19:02:46.330,-0.033529,0.011324,0.033671,-0.002661,0.003104,0.006673
2025-12-16 19:02:46.332,-0.033020,0.008614,0.033880,-0.001849,0.001999,0.004273
2025-12-16 19:02:46.333,-0.033953,0.011477,0.033803,0.002317,0.008259,0.006971
2025-12-16 19:02:46.334,-0.032279,0.012173,0.035719,0.000231,-0.000057,0.008263
2025-12-16 19:02:46.335,-0.031645,0.010529,0.034687,-0.002320,-0.002045,0.005887
2025-12-16 19:02:46.336,-0.031834,0.012274,0.034854,-0.003696,-0.004265,0.008623
2025-12-16 19:02:46.337,-0.032684,0.014266,0.034679,-0.001066,-0.001105,0.012131
2025-12-16 19:02:46.339,-0.032117,0.010935,0.032780,-0.003403,0.000626,0.006655
2025-12-16 19:02:46.340,-0.033005,0.014419,0.033870,-0.004921,-0.005576,0.014474
2025-12-16 19:02:46.341,-0.033573,0.014452,0.031946,-0.005474,-0.001095,0.013044
2025-12-16 19:02:46.343,-0.034124,0.014492,0.031637,-0.006789,-0.000823,0.012433
2025-12-16 19:02:46.344,-0.036163,0.016410,0.030127,-0.001615,0.012440,0.014145
2025-12-16 19:02:46.345,-0.035280,0.014491,0.030936,-0.002439,0.007727,0.011875
2025-12-16 19:02:46.349,-0.032968,0.011425,0.029242,-0.005817,0.005115,0.005266
2025-12-16 19:02:46.351,-0.031057,0.011402,0.032415,-0.002371,-0.000223,0.005825
2025-12-16 19:02:46.352,-0.033088,0.014077,0.031817,-0.000341,0.002687,0.011410
2025-12-16 19:02:46.353,-0.032028,0.011571,0.032791,-0.004312,-0.003444,0.008830
2025-12-16 19:02:46.354,-0.031678,0.011009,0.031633,-0.006269,-0.002772,0.008009
2025-12-16 19:02:46.355,-0.030582,0.009248,0.032787,-0.006163,-0.002750,0.002411
2025-12-16 19:02:46.356,-0.033104,0.012273,0.030712,-0.003685,0.009223,0.005311
2025-12-16 19:02:46.357,-0.033344,0.014541,0.031813,-0.000475,0.007954,0.010022
2025-12-16 19:02:46.358,-0.032878,0.013550,0.031041,-0.003350,0.005638,0.009137
2025-12-16 19:02:46.361,-0.034418,0.011910,0.031130,-0.001219,0.008851,0.006129
2025-12-16 19:02:46.362,-0.033979,0.014011,0.031862,-0.002767,0.004768,0.009800
2025-12-16 19:02:46.363,-0.035517,0.014329,0.029872,-0.001567,0.008737,0.012183
2025-12-16 19:02:46.364,-0.033192,0.013637,0.031050,-0.003604,0.001611,0.011560
2025-12-16 19:02:46.366,-0.032800,0.015730,0.033951,0.000219,0.002735,0.012489
2025-12-16 19:02:46.367,-0.032463,0.013547,0.032785,-0.002718,0.002776,0.008382
2025-12-16 19:02:46.368,-0.032694,0.012041,0.033095,0.001124,0.005312,0.005394
2025-12-16 19:02:46.369,-0.033307,0.015060,0.033237,0.000609,0.002799,0.011330
2025-12-16 19:02:46.370,-0.033907,0.015436,0.034428,0.001916,0.001380,0.013518
2025-12-16 19:02:46.372,-0.030940,0.014676,0.034821,-0.000493,-0.003854,0.007995
2025-12-16 19:02:46.373,-0.030696,0.013985,0.034213,-0.002139,-0.005966,0.009322
2025-12-16 19:02:46.374,-0.030112,0.012929,0.034771,-0.001030,-0.009417,0.005704
2025-12-16 19:02:46.376,-0.031316,0.014370,0.034595,0.002935,-0.004274,0.006055
2025-12-16 19:02:46.377,-0.029196,0.012097,0.036312,0.003031,-0.010577,0.000950
2025-12-16 19:02:46.378,-0.030651,0.013657,0.036734,0.003582,-0.010823,0.010491
2025-12-16 19:02:46.379,-0.030996,0.011657,0.033853,-0.000487,-0.005292,0.006064
2025-12-16 19:02:46.380,-0.033219,0.013697,0.032111,0.001424,0.006396,0.007528
2025-12-16 19:02:46.383,-0.031219,0.011292,0.033598,-0.001066,-0.003123,0.001221
2025-12-16 19:02:46.385,-0.031090,0.011916,0.033902,-0.005101,0.001978,-0.000972
2025-12-16 19:02:46.386,-0.030484,0.009234,0.033298,-0.006640,0.000635,-0.004199
2025-12-16 19:02:46.387,-0.030870,0.008940,0.032379,-0.007682,-0.001504,-0.002101
2025-12-16 19:02:46.388,-0.030408,0.011887,0.035734,-0.000060,0.000915,-0.002843
2025-12-16 19:02:46.391,-0.031296,0.009738,0.035084,-0.000082,0.001022,-0.005162
2025-12-16 19:02:46.392,-0.030721,0.009901,0.034362,-0.002559,-0.001332,-0.002374
2025-12-16 19:02:46.393,-0.030298,0.009873,0.034016,-0.007931,-0.004018,-0.003737
2025-12-16 19:02:46.395,-0.029092,0.009509,0.035738,-0.005509,-0.006391,-0.002776
2025-12-16 19:02:46.396,-0.028673,0.010457,0.034711,-0.003888,-0.004829,-0.003605
2025-12-16 19:02:46.398,-0.030811,0.011673,0.033925,-0.004476,-0.003045,0.002130
2025-12-16 19:02:46.400,-0.030592,0.013668,0.036364,-0.000744,-0.007101,0.004031
2025-12-16 19:02:46.401,-0.030533,0.011957,0.036021,-0.000843,-0.007121,0.004872
2025-12-16 19:02:46.402,-0.030744,0.011995,0.036848,0.002905,-0.006628,0.003260
2025-12-16 19:02:46.405,-0.029305,0.014074,0.036972,0.005891,-0.007579,0.006771
2025-12-16 19:02:46.406,-0.029578,0.011112,0.035871,0.003219,-0.005676,-0.001468
2025-12-16 19:02:46.407,-0.030709,0.010576,0.033283,-0.000236,-0.001585,-0.000928
2025-12-16 19:02:46.408,-0.033550,0.012167,0.030675,-0.000440,0.009899,0.001239
2025-12-16 19:02:46.410,-0.032675,0.011634,0.030561,-0.003691,0.004802,0.003254
2025-12-16 19:02:46.411,-0.031990,0.011813,0.029862,-0.002058,0.006197,-0.000153
2025-12-16 19:02:46.412,-0.031186,0.010769,0.031894,-0.001561,0.002307,-0.002659
2025-12-16 19:02:46.413,-0.033005,0.009612,0.029520,-0.002439,0.007540,-0.005375
2025-12-16 19:02:46.415,-0.034322,0.011275,0.028937,0.001541,0.011841,-0.003720
2025-12-16 19:02:46.416,-0.033082,0.012790,0.031124,0.003579,0.004908,0.002711
2025-12-16 19:02:46.417,-0.031524,0.011041,0.030805,0.004046,0.003511,0.004518
2025-12-16 19:02:46.418,-0.033495,0.013648,0.030893,0.004632,0.005228,0.011348
2025-12-16 19:02:46.419,-0.032828,0.012761,0.030405,0.004394,0.006084,0.005948
2025-12-16 19:02:46.421,-0.031025,0.012339,0.033995,0.002776,-0.002387,-0.000516
2025-12-16 19:02:46.422,-0.030189,0.012710,0.033251,0.000903,-0.003525,0.002256
2025-12-16 19:02:46.423,-0.030399,0.012706,0.031686,-0.000581,-0.000275,-0.001453
2025-12-16 19:02:46.424,-0.032040,0.013007,0.030258,0.002281,0.004790,-0.000639
2025-12-16 19:02:46.425,-0.030909,0.012350,0.030454,-0.001001,0.004127,-0.000593
2025-12-16 19:02:46.426,-0.030232,0.012521,0.030216,-0.001959,0.002165,0.001024
2025-12-16 19:02:46.427,-0.030559,0.012087,0.029756,-0.001418,0.005654,-0.002230
2025-12-16 19:02:46.433,-0.031874,0.011863,0.030753,-0.005028,-0.001740,0.002814
2025-12-16 19:02:46.434,-0.029390,0.012049,0.032625,-0.004961,-0.011471,0.007596
2025-12-16 19:02:46.435,-0.029898,0.013569,0.034153,-0.000538,-0.011160,0.011685
2025-12-16 19:02:46.436,-0.028355,0.010671,0.032691,-0.003479,-0.012047,0.007166
2025-12-16 19:02:46.437,-0.029845,0.011712,0.032750,-0.006033,-0.010646,0.009091
2025-12-16 19:02:46.439,-0.030102,0.010713,0.032077,-0.003954,-0.006539,0.001771
2025-12-16 19:02:46.440,-0.030893,0.011404,0.030328,-0.004610,0.001271,-0.000499
2025-12-16 19:02:46.441,-0.030454,0.013201,0.030813,-0.001492,0.002017,-0.001060
2025-12-16 19:02:46.442,-0.031581,0.015278,0.029832,0.000568,0.004739,0.001300
2025-12-16 19:02:46.443,-0.031006,0.012724,0.030367,-0.003335,-0.003221,0.004048
2025-12-16 19:02:46.445,-0.030134,0.012767,0.031175,0.001770,-0.002273,0.002038
2025-12-16 19:02:46.446,-0.029579,0.012666,0.029963,-0.001626,-0.004082,-0.001765
2025-12-16 19:02:46.447,-0.029572,0.011807,0.029485,-0.003578,-0.006752,0.001739
2025-12-16 19:02:46.448,-0.029809,0.012112,0.029359,-0.004151,-0.010786,0.007006
2025-12-16 19:02:46.449,-0.027981,0.009012,0.029325,-0.006250,-0.008929,0.000750
2025-12-16 19:02:46.450,-0.030779,0.012868,0.028208,-0.000356,-0.004251,0.008920
2025-12-16 19:02:46.451,-0.029719,0.011773,0.028110,-0.000476,-0.001262,0.002099
2025-12-16 19:02:46.453,-0.032483,0.014420,0.026964,-0.002766,0.001950,0.007354
2025-12-16 19:02:46.454,-0.034103,0.015188,0.026330,-0.002250,0.005656,0.011243
2025-12-16 19:02:46.455,-0.032526,0.011742,0.025966,-0.001842,0.009216,-0.000319
2025-12-16 19:02:46.456,-0.031828,0.011073,0.026131,-0.001707,0.009589,-0.004223
2025-12-16 19:02:46.457,-0.031739,0.012926,0.027150,-0.002434,0.005207,0.002777
2025-12-16 19:02:46.459,-0.030166,0.010637,0.027745,-0.001164,0.003971,-0.003343
2025-12-16 19:02:46.460,-0.028133,0.011036,0.030928,-0.002239,-0.005949,-0.000694
2025-12-16 19:02:46.461,-0.029262,0.012934,0.028827,-0.001587,0.000851,-0.002079
2025-12-16 19:02:46.462,-0.029934,0.012764,0.028244,-0.001045,0.001620,-0.002476
2025-12-16 19:02:46.463,-0.028054,0.010447,0.028312,-0.000987,-0.000621,-0.006706
2025-12-16 19:02:46.464,-0.027631,0.011019,0.029379,0.000014,-0.000012,-0.008009
2025-12-16 19:02:46.465,-0.027163,0.013275,0.030487,0.002004,-0.001048,-0.005632
2025-12-16 19:02:46.466,-0.028827,0.013314,0.027880,0.000080,-0.000243,0.001003
2025-12-16 19:02:46.468,-0.028827,0.012914,0.026538,0.000060,-0.002325,0.001969
2025-12-16 19:02:46.469,-0.029002,0.012142,0.025520,-0.001260,0.001092,-0.001295
2025-12-16 19:02:46.470,-0.030716,0.014329,0.028273,-0.000424,-0.001564,0.005385
2025-12-16 19:02:46.471,-0.030551,0.011759,0.026201,-0.001434,-0.001060,0.001386
2025-12-16 19:02:46.472,-0.030168,0.011541,0.025684,-0.002949,-0.000735,0.004094
2025-12-16 19:02:46.474,-0.031482,0.012361,0.024702,-0.002178,0.001562,0.004028
2025-12-16 19:02:46.475,-0.028851,0.011037,0.024254,-0.003361,0.001327,0.001578
2025-12-16 19:02:46.476,-0.030238,0.009958,0.022723,-0.003470,0.005632,-0.001277
2025-12-16 19:02:46.477,-0.031413,0.009126,0.021148,-0.009288,0.003673,0.000255
2025-12-16 19:02:46.478,-0.030151,0.008262,0.024629,-0.006382,0.001962,-0.005356
2025-12-16 19:02:46.479,-0.030680,0.010802,0.025279,-0.003299,0.005326,-0.005610
2025-12-16 19:02:46.481,-0.030453,0.009936,0.024661,-0.000812,0.008268,-0.006288
2025-12-16 19:02:46.482,-0.030106,0.012219,0.026755,0.003867,0.006429,0.001178
2025-12-16 19:02:46.483,-0.029042,0.013052,0.026758,0.003902,0.007096,-0.001251
2025-12-16 19:02:46.484,-0.029383,0.014750,0.027970,0.002288,0.000725,0.007069
2025-12-16 19:02:46.485,-0.031703,0.013939,0.026767,0.004508,0.008750,0.005035
2025-12-16 19:02:46.486,-0.033483,0.013090,0.023777,0.000031,0.006653,0.009095
2025-12-16 19:02:46.487,-0.032670,0.013630,0.024714,-0.001053,0.002422,0.011365
2025-12-16 19:02:46.488,-0.030883,0.012494,0.024717,0.001090,0.006387,0.004551
2025-12-16 19:02:46.489,-0.030641,0.013982,0.026147,0.001697,0.004773,0.004048
2025-12-16 19:02:46.491,-0.030407,0.013059,0.026337,0.001208,0.000584,0.004127
2025-12-16 19:02:46.492,-0.029881,0.011029,0.026031,-0.001252,0.000221,0.002970
2025-12-16 19:02:46.493,-0.030156,0.010136,0.025133,-0.000909,0.000639,0.004040
2025-12-16 19:02:46.494,-0.033335,0.012753,0.022673,0.001676,0.008446,0.008110
2025-12-16 19:02:46.495,-0.032556,0.012422,0.022272,-0.002223,0.002419,0.011350
2025-12-16 19:02:46.496,-0.031454,0.009776,0.021541,-0.003130,0.003145,0.004559
2025-12-16 19:02:46.497,-0.030382,0.011824,0.023889,-0.003205,-0.004375,0.011218
2025-12-16 19:02:46.498,-0.031860,0.012470,0.022906,-0.001669,-0.000252,0.010547
2025-12-16 19:02:46.499,-0.033354,0.014247,0.023639,0.000392,0.004440,0.014974
2025-12-16 19:02:46.501,-0.034409,0.013856,0.022711,-0.000319,0.004699,0.012857
2025-12-16 19:02:46.502,-0.033258,0.012791,0.022923,-0.000037,0.003892,0.012933
2025-12-16 19:02:46.503,-0.034557,0.011493,0.020403,-0.001819,0.009622,0.007351
2025-12-16 19:02:46.504,-0.032152,0.014105,0.023906,-0.001972,-0.003893,0.009303
2025-12-16 19:02:46.505,-0.032668,0.014136,0.024885,0.002567,-0.001539,0.010872
2025-12-16 19:02:46.506,-0.032360,0.012696,0.022854,-0.000497,-0.002969,0.013110
2025-12-16 19:02:46.507,-0.030726,0.011595,0.023738,-0.000503,-0.003969,0.007720
2025-12-16 19:02:46.508,-0.027311,0.009489,0.024977,-0.003335,-0.011900,0.000928
2025-12-16 19:02:46.509,-0.029587,0.008390,0.022185,-0.003358,0.000633,0.000564
2025-12-16 19:02:46.510,-0.031351,0.008638,0.019745,-0.003937,0.009573,-0.002942
2025-12-16 19:02:46.512,-0.029980,0.006713,0.020685,-0.003659,0.011206,-0.010255
2025-12-16 19:02:46.513,-0.029907,0.006072,0.020317,-0.004983,0.012432,-0.008492
2025-12-16 19:02:46.514,-0.030967,0.009283,0.021053,-0.002513,0.009953,-0.000431
2025-12-16 19:02:46.515,-0.027662,0.005641,0.022103,-0.005428,0.006986,-0.007807
2025-12-16 19:02:46.516,-0.025561,0.005904,0.022963,-0.004234,0.004080,-0.010421
2025-12-16 19:02:46.517,-0.029349,0.009513,0.022734,-0.002008,0.005086,0.002772
2025-12-16 19:02:46.518,-0.031437,0.010349,0.021399,-0.002134,0.005384,0.004721
2025-12-16 19:02:46.522,-0.028979,0.005801,0.021702,-0.003684,0.004420,-0.006305
2025-12-16 19:02:46.524,-0.029519,0.007398,0.019404,-0.005062,0.009652,-0.004442
2025-12-16 19:02:46.525,-0.028730,0.006427,0.020915,-0.003331,0.005351,-0.005919
2025-12-16 19:02:46.526,-0.030066,0.007608,0.021824,-0.002298,0.004735,0.000772
2025-12-16 19:02:46.529,-0.030455,0.009515,0.020409,-0.001830,0.003930,0.003528
2025-12-16 19:02:46.530,-0.027443,0.006800,0.022321,-0.001745,-0.001893,-0.002822
2025-12-16 19:02:46.531,-0.028075,0.008368,0.022209,-0.002568,0.000291,0.000169
2025-12-16 19:02:46.532,-0.028573,0.008893,0.020272,-0.005637,-0.001884,0.006710
2025-12-16 19:02:46.534,-0.027758,0.009296,0.022867,-0.000782,-0.004090,0.005927
2025-12-16 19:02:46.535,-0.029708,0.008426,0.020911,-0.001006,0.011678,-0.001616
2025-12-16 19:02:46.536,-0.028413,0.008642,0.022045,-0.002538,0.006599,-0.000514
2025-12-16 19:02:46.537,-0.030383,0.010923,0.020323,-0.001904,0.012172,0.000729
2025-12-16 19:02:46.539,-0.030708,0.009691,0.018446,-0.002479,0.013919,-0.001706
2025-12-16 19:02:46.540,-0.028856,0.005473,0.016880,-0.004798,0.010127,-0.004830
2025-12-16 19:02:46.541,-0.027895,0.004736,0.017736,-0.006727,0.005102,-0.003546
2025-12-16 19:02:46.542,-0.029286,0.008248,0.020073,-0.000766,0.004746,0.001194
2025-12-16 19:02:46.543,-0.030008,0.006798,0.018119,-0.004015,0.005845,0.001843
2025-12-16 19:02:46.544,-0.029142,0.005271,0.017201,-0.004811,0.006692,-0.003247
2025-12-16 19:02:46.547,-0.031032,0.007213,0.018416,-0.007243,0.000084,0.010130
2025-12-16 19:02:46.548,-0.030375,0.008200,0.018917,-0.001950,0.004909,0.007577
2025-12-16 19:02:46.550,-0.030541,0.010644,0.020947,0.003177,0.003373,0.009459
2025-12-16 19:02:46.551,-0.029903,0.009985,0.021187,0.001249,0.000332,0.008761
2025-12-16 19:02:46.552,-0.030111,0.008796,0.019068,-0.000756,0.005948,0.003121
2025-12-16 19:02:46.553,-0.029923,0.009899,0.019829,-0.000176,0.003470,0.003605
2025-12-16 19:02:46.554,-0.028330,0.006453,0.020221,-0.001544,0.007286,-0.007248
2025-12-16 19:02:46.555,-0.029708,0.008321,0.021263,0.000478,0.005957,-0.002850
2025-12-16 19:02:46.556,-0.028311,0.007341,0.021292,-0.001693,0.000637,-0.000337
2025-12-16 19:02:46.557,-0.028734,0.008039,0.018661,-0.002417,0.006443,-0.002720
2025-12-16 19:02:46.559,-0.031079,0.009346,0.015860,-0.001229,0.009212,0.002293
2025-12-16 19:02:46.560,-0.032129,0.008803,0.014197,-0.001908,0.010907,0.007007
2025-12-16 19:02:46.561,-0.031653,0.007177,0.013162,-0.002611,0.013951,0.001598
2025-12-16 19:02:46.563,-0.029778,0.007463,0.016018,-0.001265,0.008622,-0.001606
2025-12-16 19:02:46.564,-0.032143,0.009728,0.014099,0.001622,0.016338,0.003005
2025-12-16 19:02:46.565,-0.031531,0.010109,0.016505,0.001503,0.010957,0.007640
2025-12-16 19:02:46.566,-0.030347,0.010619,0.017444,0.001041,0.006481,0.006555
2025-12-16 19:02:46.568,-0.030064,0.011015,0.018335,0.003021,0.007108,0.006023
2025-12-16 19:02:46.569,-0.028424,0.010657,0.020107,0.002258,0.003293,0.002866
2025-12-16 19:02:46.570,-0.028271,0.008249,0.019389,0.002573,0.006011,0.001067
2025-12-16 19:02:46.571,-0.028178,0.007916,0.019514,0.002714,0.004084,0.004926
2025-12-16 19:02:46.572,-0.029595,0.007462,0.017778,0.004151,0.009291,0.003212
2025-12-16 19:02:46.573,-0.029079,0.007971,0.017787,0.000289,0.006911,0.005241
2025-12-16 19:02:46.575,-0.027891,0.006950,0.019874,0.003380,0.010617,-0.002650
2025-12-16 19:02:46.576,-0.029040,0.007570,0.018456,0.001778,0.007565,-0.000327
2025-12-16 19:02:46.577,-0.029845,0.007597,0.018036,0.004015,0.008717,0.001448
2025-12-16 19:02:46.578,-0.025968,0.004866,0.020032,0.002656,0.004599,-0.004023
2025-12-16 19:02:46.579,-0.025059,0.005750,0.021241,0.001727,0.005072,-0.008223
2025-12-16 19:02:46.581,-0.025351,0.004717,0.020411,-0.001878,0.002802,-0.006482
2025-12-16 19:02:46.582,-0.026817,0.004995,0.019125,-0.006378,-0.000518,0.000590
2025-12-16 19:02:46.583,-0.026429,0.005800,0.019077,-0.004774,0.000478,-0.001921
2025-12-16 19:02:46.584,-0.028755,0.009907,0.019345,-0.000367,0.009845,0.000434
2025-12-16 19:02:46.585,-0.028535,0.008677,0.018074,-0.003563,0.007898,0.002583
2025-12-16 19:02:46.587,-0.027405,0.006239,0.017826,-0.000401,0.008995,0.000610
2025-12-16 19:02:46.588,-0.027399,0.006269,0.017877,0.000504,0.008110,-0.001352
2025-12-16 19:02:46.589,-0.026276,0.005637,0.018811,-0.003034,0.003545,-0.001176
2025-12-16 19:02:46.590,-0.024984,0.003417,0.019173,-0.006153,0.000362,-0.004619
2025-12-16 19:02:46.592,-0.025109,0.004316,0.017972,-0.007656,0.001645,-0.004280
2025-12-16 19:02:46.593,-0.025389,0.007077,0.018887,-0.001673,0.000321,0.001297
2025-12-16 19:02:46.597,-0.026257,0.007702,0.016578,-0.002751,0.000823,0.004914
2025-12-16 19:02:46.598,-0.027234,0.006658,0.015964,-0.003017,0.005267,0.000070
2025-12-16 19:02:46.600,-0.027852,0.007716,0.017663,0.000707,0.004772,0.001837
2025-12-16 19:02:46.601,-0.026291,0.006873,0.019589,0.000392,-0.001891,0.005060
2025-12-16 19:02:46.603,-0.028399,0.007908,0.017270,0.002345,0.007447,0.000775
2025-12-16 19:02:46.605,-0.024946,0.006237,0.020061,0.002551,0.000522,-0.002637
2025-12-16 19:02:46.606,-0.026133,0.005136,0.017428,-0.001563,0.000373,0.000347
2025-12-16 19:02:46.608,-0.026433,0.006907,0.016607,-0.001832,0.003396,0.000135
2025-12-16 19:02:46.611,-0.026853,0.008023,0.017019,0.000598,-0.005514,0.012864
2025-12-16 19:02:46.613,-0.026118,0.007737,0.017001,-0.000461,-0.001625,0.006155
2025-12-16 19:02:46.614,-0.025307,0.007340,0.018657,0.001393,-0.000269,0.003146
2025-12-16 19:02:46.615,-0.024021,0.007029,0.018710,-0.001369,-0.007402,0.006537
2025-12-16 19:02:46.616,-0.025015,0.005667,0.017476,-0.005285,-0.004524,0.005343
2025-12-16 19:02:46.617,-0.025598,0.007051,0.017631,-0.004547,-0.002298,0.002334
2025-12-16 19:02:46.618,-0.026557,0.007109,0.017812,-0.003518,-0.002987,0.006882
2025-12-16 19:02:46.620,-0.027273,0.009113,0.019265,0.000146,-0.003294,0.009868
2025-12-16 19:02:46.621,-0.025261,0.007866,0.019697,0.002576,-0.000953,0.002535
2025-12-16 19:02:46.623,-0.022694,0.006333,0.021577,-0.000649,-0.005498,-0.003527
2025-12-16 19:02:46.624,-0.023645,0.008519,0.020267,0.001364,-0.004005,0.001818
2025-12-16 19:02:46.625,-0.024116,0.007601,0.019206,-0.001858,-0.007089,0.004566
2025-12-16 19:02:46.627,-0.023786,0.006576,0.018588,-0.001369,-0.004575,-0.002096
2025-12-16 19:02:46.631,-0.025236,0.006787,0.017334,-0.000932,-0.000263,0.001251
2025-12-16 19:02:46.632,-0.024003,0.005642,0.017288,-0.001556,0.000205,-0.004076
2025-12-16 19:02:46.634,-0.024678,0.006174,0.016750,-0.001557,0.001278,-0.004023
2025-12-16 19:02:46.635,-0.023875,0.007340,0.020044,-0.001273,-0.011486,0.005415
2025-12-16 19:02:46.636,-0.023499,0.008876,0.021630,0.000565,-0.010273,0.003008
2025-12-16 19:02:46.638,-0.022997,0.007360,0.019215,0.000638,-0.004811,-0.001486
2025-12-16 19:02:46.639,-0.024127,0.007101,0.017328,-0.002788,-0.001008,0.000348
2025-12-16 19:02:46.641,-0.025959,0.007244,0.015254,-0.004332,0.005003,-0.000726
2025-12-16 19:02:46.642,-0.027540,0.007573,0.014995,-0.003551,0.007348,0.004713
2025-12-16 19:02:46.643,-0.024656,0.007740,0.015872,-0.002491,0.002847,0.001360
2025-12-16 19:02:46.645,-0.023501,0.006295,0.017300,-0.004260,-0.002984,0.001505
2025-12-16 19:02:46.646,-0.024528,0.009187,0.018293,0.001245,-0.001997,0.009588
2025-12-16 19:02:46.647,-0.024198,0.010331,0.018868,-0.000933,-0.005614,0.012404
2025-12-16 19:02:46.648,-0.026225,0.011116,0.018325,-0.000866,-0.002069,0.016713
2025-12-16 19:02:46.655,-0.020931,0.008142,0.021736,0.003214,-0.005997,-0.000313
2025-12-16 19:02:46.657,-0.019720,0.006949,0.020956,0.001421,-0.015225,-0.000133
2025-12-16 19:02:46.658,-0.021169,0.006688,0.018977,0.001060,-0.010813,-0.001868
2025-12-16 19:02:46.659,-0.021447,0.007203,0.019470,0.003588,-0.005860,-0.002954
2025-12-16 19:02:46.660,-0.023098,0.005738,0.017724,0.003933,0.000065,-0.004657
2025-12-16 19:02:46.661,-0.021657,0.007337,0.019098,0.002862,-0.008005,-0.000671
2025-12-16 19:02:46.662,-0.021422,0.007555,0.018973,0.002562,-0.011680,0.001134
2025-12-16 19:02:46.664,-0.020619,0.007794,0.019783,0.001705,-0.007438,-0.005470
2025-12-16 19:02:46.665,-0.019676,0.005195,0.019759,-0.001205,-0.011902,-0.004883
2025-12-16 19:02:46.666,-0.021929,0.006249,0.016626,-0.001501,-0.009266,-0.000100
2025-12-16 19:02:46.667,-0.023280,0.006691,0.014650,0.002062,0.001818,-0.002141
2025-12-16 19:02:46.668,-0.021397,0.007008,0.016504,-0.002476,-0.007191,-0.003289
2025-12-16 19:02:46.670,-0.024295,0.006516,0.013172,-0.000634,0.004813,-0.003717
2025-12-16 19:02:46.671,-0.021629,0.005450,0.015813,-0.000745,-0.005406,-0.004154
2025-12-16 19:02:46.672,-0.026099,0.009826,0.014184,-0.003712,-0.003396,0.013152
2025-12-16 19:02:46.673,-0.026446,0.008794,0.014283,-0.002454,-0.003609,0.009787
2025-12-16 19:02:46.674,-0.025012,0.008575,0.015088,-0.004808,-0.004365,0.009312
2025-12-16 19:02:46.677,-0.025406,0.007821,0.013237,-0.004250,0.000584,0.007247
2025-12-16 19:02:46.678,-0.026083,0.009389,0.014270,-0.000010,0.001113,0.009634
2025-12-16 19:02:46.679,-0.025037,0.009303,0.014460,0.002472,0.000012,0.009273
2025-12-16 19:02:46.680,-0.025942,0.007792,0.013798,0.002097,0.002417,0.004972
2025-12-16 19:02:46.682,-0.025594,0.007613,0.012593,-0.000607,0.001373,0.004090
2025-12-16 19:02:46.683,-0.025769,0.009662,0.013813,0.002513,0.004989,-0.000394
2025-12-16 19:02:46.684,-0.024282,0.008455,0.013786,0.001158,0.003171,-0.002917
2025-12-16 19:02:46.685,-0.023753,0.008684,0.013779,0.000959,-0.000634,-0.000347
2025-12-16 19:02:46.686,-0.025242,0.009767,0.013355,0.003270,0.000840,0.004178
2025-12-16 19:02:46.687,-0.024501,0.004934,0.010788,-0.002008,0.004409,-0.001442
2025-12-16 19:02:46.688,-0.025586,0.006883,0.013744,-0.001111,0.002748,0.005132
2025-12-16 19:02:46.689,-0.025279,0.006611,0.012158,-0.001589,0.002496,0.004640
2025-12-16 19:02:46.691,-0.024203,0.005710,0.012484,-0.002236,-0.001842,0.002727
2025-12-16 19:02:46.692,-0.024632,0.007086,0.011222,-0.001695,0.000579,0.003379
2025-12-16 19:02:46.693,-0.026535,0.009290,0.011357,0.002184,0.008341,0.004908
2025-12-16 19:02:46.694,-0.024082,0.008479,0.013940,0.000497,-0.000394,0.001559
2025-12-16 19:02:46.695,-0.022717,0.004973,0.012950,-0.000485,0.003240,-0.007710
2025-12-16 19:02:46.696,-0.024909,0.006853,0.012235,0.000691,0.006043,-0.001521
2025-12-16 19:02:46.698,-0.025042,0.007421,0.012736,0.003085,0.004925,0.001994
2025-12-16 19:02:46.699,-0.024881,0.007985,0.012163,0.001587,0.002987,0.003013
2025-12-16 19:02:46.700,-0.028793,0.008439,0.012249,0.002734,0.009146,0.007731
2025-12-16 19:02:46.701,-0.027841,0.009672,0.014299,0.005655,0.004529,0.010112
2025-12-16 19:02:46.702,-0.028459,0.008241,0.012793,-0.000187,0.003869,0.010032
2025-12-16 19:02:46.703,-0.026618,0.008132,0.014532,0.003701,-0.001613,0.010733
2025-12-16 19:02:46.704,-0.027761,0.006529,0.012277,-0.002115,0.000408,0.004888
2025-12-16 19:02:46.705,-0.027221,0.006766,0.011677,-0.002008,0.000978,0.005497
2025-12-16 19:02:46.706,-0.025902,0.007382,0.014210,-0.000835,-0.003510,0.003930
2025-12-16 19:02:46.707,-0.025806,0.007827,0.013263,0.001724,0.002529,0.003961
2025-12-16 19:02:46.709,-0.024976,0.007568,0.013783,0.004089,0.000007,0.004499
2025-12-16 19:02:46.710,-0.025612,0.007259,0.012656,0.001963,0.000192,0.003471
2025-12-16 19:02:46.711,-0.026207,0.008478,0.012757,0.001219,0.004569,0.002681
2025-12-16 19:02:46.712,-0.025948,0.007852,0.012790,0.000961,0.002129,0.008365
2025-12-16 19:02:46.713,-0.025325,0.008562,0.012157,0.002508,0.001050,0.005294
2025-12-16 19:02:46.714,-0.026643,0.007844,0.010930,0.003926,0.005275,0.005974
2025-12-16 19:02:46.715,-0.026104,0.007519,0.012208,0.005622,0.005311,0.004693
2025-12-16 19:02:46.716,-0.024775,0.008245,0.012548,0.004234,0.000901,0.004541
2025-12-16 19:02:46.717,-0.025397,0.007729,0.011497,-0.000518,-0.000842,0.008452
2025-12-16 19:02:46.718,-0.025556,0.007590,0.011460,-0.000225,-0.001064,0.006791
2025-12-16 19:02:46.720,-0.025532,0.005591,0.010448,0.001212,0.004017,0.002880
2025-12-16 19:02:46.721,-0.025417,0.006396,0.010687,-0.000054,0.002812,0.002391
2025-12-16 19:02:46.722,-0.025660,0.007174,0.009679,-0.002203,0.000181,0.006210
2025-12-16 19:02:46.723,-0.024018,0.006625,0.010576,-0.000362,-0.001137,-0.000591
2025-12-16 19:02:46.724,-0.024342,0.006388,0.010569,-0.001401,0.000686,-0.001845
2025-12-16 19:02:46.725,-0.024376,0.007154,0.012300,0.002039,-0.000549,0.001082
2025-12-16 19:02:46.726,-0.024815,0.006987,0.011889,0.004175,0.001102,0.002586
2025-12-16 19:02:46.727,-0.025458,0.007547,0.012240,0.007712,0.001523,0.002289
2025-12-16 19:02:46.729,-0.023714,0.005794,0.012152,0.005567,0.000766,-0.002337
2025-12-16 19:02:46.730,-0.024360,0.006734,0.010929,0.003279,0.002737,-0.000850
2025-12-16 19:02:46.731,-0.024770,0.009445,0.011065,0.003608,-0.000960,0.002515
2025-12-16 19:02:46.732,-0.023426,0.007932,0.011765,0.004588,-0.001547,-0.004082
2025-12-16 19:02:46.733,-0.024294,0.006118,0.009902,0.001173,0.006651,-0.008188
2025-12-16 19:02:46.734,-0.025021,0.008026,0.009820,-0.000356,0.004761,-0.003206
2025-12-16 19:02:46.735,-0.025153,0.007500,0.008105,0.001187,0.008189,-0.006786
2025-12-16 19:02:46.736,-0.025352,0.005973,0.008407,-0.000212,0.005181,-0.005564
2025-12-16 19:02:46.738,-0.028002,0.008460,0.005952,-0.004960,0.009433,0.000459
2025-12-16 19:02:46.739,-0.026412,0.006863,0.006596,-0.004612,0.008751,-0.002990
2025-12-16 19:02:46.740,-0.027479,0.009022,0.006603,-0.002410,0.007228,0.001034
2025-12-16 19:02:46.742,-0.025697,0.007439,0.007560,-0.005437,0.002094,-0.002421
2025-12-16 19:02:46.743,-0.026192,0.007171,0.007663,-0.003621,0.005836,-0.004698
2025-12-16 19:02:46.744,-0.024698,0.006602,0.009053,-0.001182,0.002128,-0.007822
2025-12-16 19:02:46.745,-0.024133,0.005712,0.009072,-0.002289,0.000801,-0.005967
2025-12-16 19:02:46.746,-0.025008,0.007427,0.007551,-0.002738,0.002970,-0.001468
2025-12-16 19:02:46.747,-0.023472,0.006190,0.008251,-0.005105,0.000773,-0.005008
2025-12-16 19:02:46.748,-0.024300,0.007205,0.008330,-0.000743,0.004833,-0.001539
2025-12-16 19:02:46.749,-0.023510,0.005355,0.008656,-0.006292,-0.000097,-0.004613
2025-12-16 19:02:46.751,-0.023555,0.005966,0.009396,-0.004432,-0.003369,-0.001019
2025-12-16 19:02:46.752,-0.024856,0.007493,0.008361,-0.004771,0.001489,0.000497
2025-12-16 19:02:46.753,-0.026438,0.007662,0.006580,-0.005733,0.005748,0.002239
2025-12-16 19:02:46.754,-0.027101,0.008970,0.006928,-0.007006,0.002061,0.005582
2025-12-16 19:02:46.755,-0.026032,0.009451,0.007179,-0.002653,0.003595,0.001361
2025-12-16 19:02:46.756,-0.026846,0.009984,0.007071,-0.001261,0.007330,-0.001078
2025-12-16 19:02:46.757,-0.025361,0.008975,0.008502,-0.001473,0.003019,-0.001424
2025-12-16 19:02:46.758,-0.025834,0.010940,0.010239,-0.000338,0.000004,0.003780
2025-12-16 19:02:46.759,-0.027498,0.010920,0.007308,-0.000251,0.005248,0.003262
2025-12-16 19:02:46.760,-0.026587,0.010434,0.009277,0.001928,0.003868,-0.001018
2025-12-16 19:02:46.762,-0.028087,0.009353,0.006675,-0.001049,0.009004,0.000071
2025-12-16 19:02:46.763,-0.025893,0.009137,0.007829,0.000965,0.004003,-0.005021
2025-12-16 19:02:46.764,-0.026235,0.009546,0.007426,-0.000452,0.004923,-0.007339
2025-12-16 19:02:46.765,-0.024966,0.008171,0.008461,0.001489,0.004617,-0.011797
2025-12-16 19:02:46.766,-0.026339,0.010980,0.009316,0.004687,0.006146,-0.007484
2025-12-16 19:02:46.767,-0.024634,0.008737,0.009120,-0.001232,0.000789,-0.008189
2025-12-16 19:02:46.768,-0.023342,0.006250,0.007468,-0.003181,0.001266,-0.014088
2025-12-16 19:02:46.769,-0.024349,0.006547,0.007954,-0.003330,0.002094,-0.010183
2025-12-16 19:02:46.770,-0.023930,0.006197,0.008144,-0.001659,-0.003587,-0.007265
2025-12-16 19:02:46.771,-0.024289,0.007671,0.009643,0.002199,-0.002701,-0.007261
2025-12-16 19:02:46.773,-0.027049,0.010052,0.008951,0.000765,-0.001721,0.002972
2025-12-16 19:02:46.774,-0.025861,0.010053,0.009250,0.003162,-0.000064,-0.002175
2025-12-16 19:02:46.775,-0.026471,0.008800,0.006411,0.000640,0.008826,-0.004928
2025-12-16 19:02:46.776,-0.027774,0.010035,0.006604,0.001172,0.007501,-0.001712
2025-12-16 19:02:46.777,-0.027555,0.010202,0.006994,0.002700,0.007745,-0.002668
2025-12-16 19:02:46.778,-0.026405,0.010271,0.008635,0.004184,0.004451,-0.003066
2025-12-16 19:02:46.779,-0.025925,0.007861,0.006817,0.000574,0.008305,-0.011333
2025-12-16 19:02:46.780,-0.027561,0.009837,0.007777,-0.000498,0.006263,-0.003579
2025-12-16 19:02:46.781,-0.027976,0.009870,0.008335,-0.000092,0.006000,-0.000735
2025-12-16 19:02:46.783,-0.028239,0.011931,0.008563,-0.000285,0.002832,0.005747
2025-12-16 19:02:46.784,-0.027815,0.012197,0.009500,0.000663,0.003162,0.006255
2025-12-16 19:02:46.785,-0.027300,0.012712,0.009461,0.000476,0.002810,0.001283
2025-12-16 19:02:46.786,-0.027465,0.011941,0.006111,-0.002144,0.007258,-0.002267
2025-12-16 19:02:46.787,-0.027834,0.012199,0.007873,0.000247,0.004568,-0.001254
2025-12-16 19:02:46.788,-0.029717,0.014122,0.007449,0.005238,0.006693,0.005293
2025-12-16 19:02:46.789,-0.027838,0.012426,0.007573,0.004949,0.005029,0.001414
2025-12-16 19:02:46.790,-0.028935,0.013526,0.006686,0.008705,0.011401,-0.002274
2025-12-16 19:02:46.791,-0.029432,0.016038,0.007518,0.008680,0.007844,0.003665
2025-12-16 19:02:46.792,-0.028488,0.014922,0.009862,0.008323,0.005011,0.000229
2025-12-16 19:02:46.794,-0.030016,0.014544,0.008311,0.005660,0.009081,0.003850
2025-12-16 19:02:46.795,-0.027932,0.011534,0.009431,0.005783,0.006897,-0.002677
2025-12-16 19:02:46.796,-0.028808,0.013337,0.009320,0.008136,0.007887,0.000176
2025-12-16 19:02:46.797,-0.028331,0.011331,0.008689,0.006001,0.008834,-0.004225
2025-12-16 19:02:46.798,-0.027182,0.010307,0.009999,0.006168,0.007091,-0.007987
2025-12-16 19:02:46.799,-0.029870,0.011523,0.007725,0.005326,0.010219,-0.003879
2025-12-16 19:02:46.800,-0.029978,0.010555,0.005690,-0.000405,0.011763,-0.003191
2025-12-16 19:02:46.801,-0.028868,0.011225,0.007527,-0.000441,0.005945,0.001851
2025-12-16 19:02:46.802,-0.030233,0.012212,0.006587,0.001710,0.010129,0.002155
2025-12-16 19:02:46.803,-0.031457,0.012848,0.004536,-0.002952,0.013279,0.004260
2025-12-16 19:02:46.804,-0.028880,0.008780,0.005958,-0.001811,0.010947,-0.005344
2025-12-16 19:02:46.806,-0.030229,0.011261,0.005013,-0.000372,0.012345,-0.000807
2025-12-16 19:02:46.807,-0.028301,0.010914,0.006796,-0.000804,0.006181,-0.003875
2025-12-16 19:02:46.808,-0.029989,0.011983,0.005648,0.001487,0.009042,-0.000227
2025-12-16 19:02:46.809,-0.030450,0.013058,0.006095,-0.000517,0.005453,0.002399
2025-12-16 19:02:46.810,-0.028690,0.009351,0.005670,-0.002822,0.007485,-0.008394
2025-12-16 19:02:46.811,-0.028932,0.011530,0.007127,0.000577,0.008142,-0.004987
2025-12-16 19:02:46.812,-0.026685,0.010254,0.007618,-0.002049,0.003353,-0.008980
2025-12-16 19:02:46.813,-0.027222,0.010733,0.007964,0.000688,0.003523,-0.006264
2025-12-16 19:02:46.814,-0.026704,0.011255,0.009379,0.002991,0.002852,-0.006734
2025-12-16 19:02:46.815,-0.024993,0.009662,0.010896,0.001846,0.000044,-0.006424
2025-12-16 19:02:46.816,-0.025895,0.010176,0.009359,0.002551,0.003957,-0.006077
2025-12-16 19:02:46.818,-0.026958,0.008939,0.007316,0.001195,0.008011,-0.004830
2025-12-16 19:02:46.819,-0.024033,0.007838,0.009409,0.000488,0.000884,-0.010271
2025-12-16 19:02:46.820,-0.024507,0.008467,0.007865,-0.002068,-0.003150,-0.006739
2025-12-16 19:02:46.821,-0.025785,0.008472,0.005789,-0.003164,0.001956,-0.008915
2025-12-16 19:02:46.822,-0.026533,0.008139,0.005058,-0.001241,0.006467,-0.008756
2025-12-16 19:02:46.823,-0.027667,0.008334,0.004974,-0.001237,0.006729,-0.006870
2025-12-16 19:02:46.824,-0.027011,0.008824,0.007000,0.002050,0.007110,-0.008975
2025-12-16 19:02:46.825,-0.026753,0.009260,0.006303,-0.001282,0.002113,-0.006566
2025-12-16 19:02:46.826,-0.026764,0.010400,0.008433,0.001747,0.001993,-0.006034
2025-12-16 19:02:46.827,-0.029159,0.009817,0.004735,-0.002593,0.006787,-0.005809
2025-12-16 19:02:46.828,-0.027045,0.007198,0.004336,-0.003428,0.004707,-0.011811
2025-12-16 19:02:46.830,-0.026440,0.009459,0.007079,0.000447,0.001963,-0.008457
2025-12-16 19:02:46.831,-0.027905,0.010974,0.005522,0.001723,0.004783,-0.003808
2025-12-16 19:02:46.832,-0.027441,0.010496,0.006621,0.000438,-0.000973,0.001819
2025-12-16 19:02:46.833,-0.028423,0.012363,0.006699,0.001064,-0.000145,0.004075
2025-12-16 19:02:46.834,-0.030948,0.013612,0.004007,0.000952,0.006369,0.006738
2025-12-16 19:02:46.835,-0.030623,0.013882,0.004110,-0.001452,0.005493,0.004910
2025-12-16 19:02:46.836,-0.029459,0.012467,0.004783,-0.003180,-0.000770,0.003430
2025-12-16 19:02:46.837,-0.027905,0.009410,0.004858,-0.004591,-0.003604,-0.002243
2025-12-16 19:02:46.838,-0.027936,0.011035,0.006468,0.000694,-0.002358,-0.003606
2025-12-16 19:02:46.839,-0.028100,0.011591,0.006019,0.001654,0.001229,-0.007593
2025-12-16 19:02:46.840,-0.027625,0.010924,0.005837,-0.000549,-0.002128,-0.006999
2025-12-16 19:02:46.841,-0.029270,0.011330,0.005480,0.001456,0.003308,-0.004834
2025-12-16 19:02:46.843,-0.029860,0.012837,0.005379,-0.000108,0.000861,-0.000888
2025-12-16 19:02:46.844,-0.029778,0.013033,0.006129,0.003944,0.001820,-0.003099
2025-12-16 19:02:46.845,-0.029996,0.015155,0.008078,0.000110,-0.007750,0.008832
2025-12-16 19:02:46.846,-0.029490,0.011198,0.005934,-0.002582,-0.006496,0.003630
2025-12-16 19:02:46.849,-0.031808,0.012841,0.005123,0.001852,0.000026,0.007463
2025-12-16 19:02:46.850,-0.033180,0.014625,0.005709,0.003358,-0.001433,0.012849
2025-12-16 19:02:46.852,-0.031783,0.015527,0.007035,0.004498,-0.003875,0.013713
2025-12-16 19:02:46.853,-0.032109,0.011340,0.003197,-0.001322,0.006115,0.001635
2025-12-16 19:02:46.855,-0.030661,0.008934,0.001133,-0.004195,0.004572,-0.001570
2025-12-16 19:02:46.856,-0.030683,0.010869,0.003420,-0.001258,0.004459,0.000936
2025-12-16 19:02:46.857,-0.030670,0.012659,0.004419,0.000420,0.002300,0.001983
2025-12-16 19:02:46.858,-0.030798,0.013058,0.004059,-0.001449,0.000366,0.002853
2025-12-16 19:02:46.859,-0.029849,0.014481,0.005343,0.001340,-0.003555,0.001630
2025-12-16 19:02:46.860,-0.028752,0.013291,0.006510,0.002287,-0.001259,-0.005828
2025-12-16 19:02:46.861,-0.027502,0.011809,0.005790,-0.000821,-0.003083,-0.006828
2025-12-16 19:02:46.865,-0.029625,0.014812,0.007347,0.000940,0.000704,0.001523
2025-12-16 19:02:46.866,-0.030292,0.016238,0.007100,0.003949,0.002247,0.005315
2025-12-16 19:02:46.867,-0.031950,0.015210,0.005298,0.000675,0.002960,0.006267
2025-12-16 19:02:46.868,-0.031511,0.014206,0.003826,-0.001486,0.000737,0.006244
2025-12-16 19:02:46.870,-0.031782,0.016137,0.003717,-0.002410,-0.000585,0.008999
2025-12-16 19:02:46.871,-0.032951,0.016261,0.003238,0.000982,0.004057,0.005973
2025-12-16 19:02:46.872,-0.033106,0.012552,0.001021,-0.004344,0.004968,0.001922
2025-12-16 19:02:46.873,-0.029417,0.011276,0.004000,-0.002423,-0.003205,-0.003240
2025-12-16 19:02:46.874,-0.030360,0.012766,0.003455,0.002078,-0.000586,-0.000238
2025-12-16 19:02:46.875,-0.030562,0.012012,0.002496,0.002502,0.004902,-0.000630
2025-12-16 19:02:46.876,-0.027676,0.013127,0.006537,0.004450,-0.005109,-0.003115
2025-12-16 19:02:46.877,-0.028227,0.012966,0.005288,0.000455,-0.001350,-0.004180
2025-12-16 19:02:46.879,-0.027732,0.013448,0.005883,0.001822,-0.004856,-0.004950
2025-12-16 19:02:46.880,-0.028273,0.015576,0.006952,0.000420,-0.007604,0.001798
2025-12-16 19:02:46.882,-0.027597,0.013557,0.004620,-0.000263,-0.005411,-0.001484
2025-12-16 19:02:46.883,-0.027360,0.013855,0.005353,0.000894,-0.007368,-0.002863
2025-12-16 19:02:46.884,-0.027532,0.014240,0.006238,-0.000988,-0.008204,-0.001434
2025-12-16 19:02:46.885,-0.028705,0.013585,0.006068,-0.002363,-0.004054,-0.002670
2025-12-16 19:02:46.886,-0.027613,0.014519,0.007299,-0.002631,-0.005595,-0.002333
2025-12-16 19:02:46.888,-0.028599,0.012873,0.003714,-0.008339,-0.004922,-0.002662
2025-12-16 19:02:46.890,-0.030388,0.015084,0.003846,-0.002453,-0.001287,0.001335
2025-12-16 19:02:46.892,-0.030067,0.015392,0.005792,0.000538,-0.002348,0.004252
2025-12-16 19:02:46.893,-0.030558,0.015993,0.004214,0.001400,0.000998,0.002277
2025-12-16 19:02:46.894,-0.030851,0.015740,0.003918,0.002452,0.000116,0.005355
2025-12-16 19:02:46.895,-0.032405,0.015723,0.003162,-0.000446,0.002833,0.005919
2025-12-16 19:02:46.896,-0.031392,0.015363,0.003536,-0.002029,0.000670,0.004838
2025-12-16 19:02:46.897,-0.029673,0.014580,0.005259,0.000882,-0.000781,-0.001750
2025-12-16 19:02:46.898,-0.031207,0.012979,0.002653,-0.000100,0.004739,-0.000176
2025-12-16 19:02:46.901,-0.030502,0.013281,0.002454,0.005846,0.008728,-0.004662
2025-12-16 19:02:46.902,-0.031126,0.016107,0.002205,0.005203,0.004837,0.001178
2025-12-16 19:02:46.903,-0.030962,0.014589,0.001079,0.001331,0.003604,0.001903
2025-12-16 19:02:46.904,-0.028022,0.012883,0.002097,0.002196,0.001982,-0.007372
2025-12-16 19:02:46.907,-0.029347,0.013937,0.002051,-0.000648,-0.001956,-0.001507
2025-12-16 19:02:46.908,-0.029759,0.015117,0.004435,0.000589,-0.001914,0.002662
2025-12-16 19:02:46.909,-0.030848,0.015566,0.001937,-0.002362,0.000179,0.006386
2025-12-16 19:02:46.910,-0.033367,0.016801,0.001313,-0.004635,0.000465,0.011838
2025-12-16 19:02:46.913,-0.028063,0.016319,0.004603,0.001367,-0.002786,0.001218
2025-12-16 19:02:46.914,-0.027998,0.014296,0.002610,-0.001181,-0.000904,-0.000116
2025-12-16 19:02:46.915,-0.027556,0.013702,0.002343,-0.000597,0.001317,-0.004391
2025-12-16 19:02:46.916,-0.028743,0.014815,0.003639,-0.000867,-0.001314,0.000132
2025-12-16 19:02:46.918,-0.028970,0.015095,0.003538,-0.001369,0.002372,-0.001338
2025-12-16 19:02:46.919,-0.027328,0.012109,0.003551,-0.003350,-0.001741,-0.005507
2025-12-16 19:02:46.920,-0.026165,0.010288,0.003220,-0.005766,-0.005591,-0.010634
2025-12-16 19:02:46.921,-0.027795,0.010826,0.001923,-0.003101,-0.000391,-0.005747
2025-12-16 19:02:46.922,-0.029869,0.013113,0.002729,-0.000414,0.002311,0.000777
2025-12-16 19:02:46.924,-0.030366,0.014034,0.001546,0.000081,0.004919,0.004588
2025-12-16 19:02:46.925,-0.028093,0.013433,0.004443,0.002080,-0.000625,-0.004464
2025-12-16 19:02:46.929,-0.030136,0.012841,0.001717,0.000387,0.006126,-0.006134
2025-12-16 19:02:46.930,-0.029669,0.013627,0.001992,0.005182,0.001043,-0.001806
2025-12-16 19:02:46.932,-0.027704,0.013567,0.005002,0.003087,-0.005735,-0.000764
2025-12-16 19:02:46.933,-0.027080,0.013667,0.003905,-0.000316,-0.001416,-0.001858
2025-12-16 19:02:46.934,-0.027988,0.014122,0.004669,-0.002004,-0.005217,0.002074
2025-12-16 19:02:46.937,-0.030024,0.015912,0.003386,-0.001273,-0.001999,0.009664
2025-12-16 19:02:46.938,-0.032315,0.016147,0.001493,-0.001065,0.007341,0.009810
2025-12-16 19:02:46.941,-0.028398,0.014021,0.004527,0.006315,0.003872,-0.001602
2025-12-16 19:02:46.943,-0.028697,0.013125,0.001690,0.004902,0.009098,-0.006511
2025-12-16 19:02:46.944,-0.029238,0.016913,0.004008,0.004833,0.003659,0.001649
2025-12-16 19:02:46.946,-0.029246,0.016554,0.003921,0.002768,0.002225,0.003446
2025-12-16 19:02:46.947,-0.030567,0.015928,0.004688,0.001526,-0.001950,0.008357
2025-12-16 19:02:46.948,-0.029858,0.014649,0.004042,0.002010,0.002647,0.000291
2025-12-16 19:02:46.949,-0.029124,0.013458,0.002485,0.001229,0.002939,-0.003854
2025-12-16 19:02:46.950,-0.028404,0.014477,0.002625,0.000061,0.002751,-0.002477
2025-12-16 19:02:46.951,-0.028470,0.014881,0.002604,0.003616,0.007517,-0.004755
2025-12-16 19:02:46.955,-0.026573,0.010984,0.001388,-0.005301,-0.000247,-0.009335
2025-12-16 19:02:46.957,-0.028469,0.013009,0.000788,-0.003228,-0.000453,-0.003125
2025-12-16 19:02:46.959,-0.027968,0.012114,0.001936,-0.003111,-0.004101,0.000069
2025-12-16 19:02:46.960,-0.025881,0.011286,0.003533,-0.004755,-0.009600,-0.000774
2025-12-16 19:02:46.962,-0.027935,0.012309,0.002023,-0.005571,-0.005854,0.002278
2025-12-16 19:02:46.963,-0.029791,0.015372,0.002018,0.001656,0.001096,0.002227
2025-12-16 19:02:46.964,-0.030455,0.015556,0.001266,-0.000702,0.001875,0.004541
2025-12-16 19:02:46.965,-0.030387,0.015637,0.001426,-0.003025,-0.001323,0.006603
2025-12-16 19:02:46.967,-0.029499,0.015352,0.002180,-0.001725,-0.002567,0.003064
2025-12-16 19:02:46.968,-0.027930,0.013921,0.002388,-0.003365,-0.004631,0.001470
2025-12-16 19:02:46.971,-0.028033,0.015315,0.001477,-0.004296,-0.001823,0.006170
2025-12-16 19:02:46.972,-0.028958,0.016134,0.002143,-0.001259,-0.001224,0.009495
2025-12-16 19:02:46.973,-0.029165,0.015103,0.001230,-0.002609,0.002072,0.006724
2025-12-16 19:02:46.975,-0.029718,0.016876,0.002650,0.000332,0.000052,0.011599
2025-12-16 19:02:46.976,-0.030147,0.015540,0.001026,0.001755,0.004249,0.006442
2025-12-16 19:02:46.977,-0.029780,0.013933,0.001545,0.000936,0.001767,0.006809
2025-12-16 19:02:46.979,-0.029866,0.014632,0.000185,-0.002491,0.001642,0.008461
2025-12-16 19:02:46.980,-0.028071,0.013196,0.001121,-0.003660,0.002259,0.002818
2025-12-16 19:02:46.983,-0.026363,0.012304,-0.000158,-0.003485,0.002519,-0.003094
2025-12-16 19:02:46.985,-0.026519,0.014503,0.003112,-0.000091,0.001415,0.000911
2025-12-16 19:02:46.986,-0.026356,0.014048,0.003078,-0.000809,0.001701,0.002088
2025-12-16 19:02:46.987,-0.028078,0.013849,0.001835,-0.002308,0.002454,0.003465
2025-12-16 19:02:46.988,-0.027615,0.014518,0.001942,-0.003938,-0.000301,0.004304
2025-12-16 19:02:46.989,-0.027436,0.016087,0.001439,-0.001811,-0.002736,0.005449
2025-12-16 19:02:46.990,-0.027209,0.016502,0.003167,0.000420,-0.008155,0.010487
2025-12-16 19:02:46.992,-0.030197,0.015959,-0.000830,-0.002044,0.003684,0.009165
2025-12-16 19:02:46.993,-0.027019,0.012648,0.001350,-0.000165,-0.002258,0.004002
2025-12-16 19:02:46.995,-0.027376,0.013076,0.001573,-0.001665,-0.002962,0.006033
2025-12-16 19:02:46.996,-0.027590,0.013627,0.003121,0.001978,-0.003091,0.008024
2025-12-16 19:02:46.997,-0.028592,0.014305,0.002494,0.003039,0.001281,0.008221
2025-12-16 19:02:46.998,-0.030132,0.013464,0.000578,-0.001240,0.003095,0.007991
2025-12-16 19:02:47.000,-0.027254,0.013522,0.002534,0.001958,-0.002236,0.003089
2025-12-16 19:02:47.001,-0.027760,0.012607,0.001271,-0.002036,-0.003980,0.004907
2025-12-16 19:02:47.002,-0.025238,0.010686,0.003314,0.000717,-0.002638,-0.006404
2025-12-16 19:02:47.003,-0.026807,0.013211,0.002251,0.002215,-0.000647,0.001806
2025-12-16 19:02:47.004,-0.025934,0.012805,0.003516,0.002523,-0.003826,0.003262
2025-12-16 19:02:47.006,-0.027760,0.015307,0.001715,0.001229,-0.002373,0.006116
2025-12-16 19:02:47.007,-0.028772,0.015320,0.001923,0.004386,-0.001926,0.007183
2025-12-16 19:02:47.009,-0.028504,0.015950,0.002094,0.005149,0.004130,0.002018
2025-12-16 19:02:47.010,-0.027252,0.014526,0.002549,0.001647,0.003091,-0.000820
2025-12-16 19:02:47.011,-0.026231,0.012196,0.002363,-0.000855,0.000379,-0.003275
2025-12-16 19:02:47.013,-0.025046,0.011915,0.003129,-0.002897,-0.008720,0.000340
2025-12-16 19:02:47.014,-0.026433,0.011537,0.000882,-0.004887,-0.002858,0.000009
2025-12-16 19:02:47.016,-0.026105,0.011261,0.002558,0.000006,-0.002544,-0.002506
2025-12-16 19:02:47.017,-0.026435,0.011358,0.000661,-0.004477,-0.005804,0.001910
2025-12-16 19:02:47.018,-0.029228,0.013402,-0.001133,-0.002268,-0.000097,0.008396
2025-12-16 19:02:47.019,-0.026892,0.009859,-0.001308,-0.006929,-0.000040,0.003019
2025-12-16 19:02:47.020,-0.027040,0.012154,0.000299,-0.005735,-0.002906,0.005662
2025-12-16 19:02:47.021,-0.029184,0.012603,-0.001052,-0.003615,0.002879,0.008076
2025-12-16 19:02:47.023,-0.028229,0.012777,0.000867,-0.001303,0.004666,0.004914
2025-12-16 19:02:47.024,-0.025850,0.011585,0.001227,-0.002555,0.000301,0.001743
2025-12-16 19:02:47.026,-0.025823,0.011461,0.000835,-0.000648,0.003639,-0.002383
2025-12-16 19:02:47.027,-0.025029,0.011965,0.002530,0.000117,-0.000450,-0.005408
2025-12-16 19:02:47.029,-0.026125,0.013592,0.003108,0.003885,0.005173,-0.005530
2025-12-16 19:02:47.030,-0.025181,0.010034,0.001967,0.000283,0.008417,-0.015944
2025-12-16 19:02:47.031,-0.025213,0.010779,0.003491,-0.000728,0.001285,-0.009895
2025-12-16 19:02:47.032,-0.025054,0.008782,0.001175,-0.003215,0.004820,-0.012623
2025-12-16 19:02:47.033,-0.026160,0.009930,0.000557,0.000728,0.007809,-0.011077
2025-12-16 19:02:47.035,-0.025319,0.008382,0.001115,-0.003609,0.001263,-0.006932
2025-12-16 19:02:47.036,-0.024072,0.010349,0.003716,-0.000116,-0.005056,-0.002328
2025-12-16 19:02:47.037,-0.024151,0.009324,0.002124,-0.000013,-0.000680,-0.003942
2025-12-16 19:02:47.038,-0.023661,0.010127,0.002417,0.001255,-0.001783,-0.006878
2025-12-16 19:02:47.039,-0.023959,0.011844,0.003642,-0.000240,-0.007497,-0.000705
2025-12-16 19:02:47.040,-0.026532,0.011722,0.000010,0.001611,0.003721,-0.002955
2025-12-16 19:02:47.041,-0.025519,0.013086,0.002206,0.003077,0.003184,-0.006148
2025-12-16 19:02:47.042,-0.026789,0.014507,0.001577,0.003854,0.008665,-0.002923
2025-12-16 19:02:47.044,-0.027383,0.014105,0.000310,0.000692,0.005773,0.000897
2025-12-16 19:02:47.045,-0.027484,0.016351,0.001905,0.000504,0.000488,0.006093
2025-12-16 19:02:47.046,-0.024181,0.010001,0.001822,-0.003856,0.002072,-0.008614
2025-12-16 19:02:47.047,-0.024902,0.011491,0.001052,-0.005120,0.004557,-0.006638
2025-12-16 19:02:47.048,-0.026549,0.010165,-0.000588,-0.004617,0.005888,-0.003693
2025-12-16 19:02:47.049,-0.026834,0.012551,-0.000407,-0.004608,0.003728,0.001055
2025-12-16 19:02:47.050,-0.027812,0.012519,-0.001552,-0.005169,0.002603,0.004034
2025-12-16 19:02:47.052,-0.026775,0.009255,-0.002753,-0.007409,0.004411,-0.002625
2025-12-16 19:02:47.053,-0.026285,0.010690,-0.002999,-0.007791,0.001346,-0.000098
2025-12-16 19:02:47.054,-0.023600,0.009629,-0.000841,-0.007990,-0.003057,-0.004140
2025-12-16 19:02:47.055,-0.023874,0.007944,-0.001870,-0.008914,0.003922,-0.009895
2025-12-16 19:02:47.056,-0.024740,0.008755,-0.000552,-0.004992,0.002630,-0.004923
2025-12-16 19:02:47.057,-0.024798,0.009616,0.000032,-0.005153,-0.000894,-0.002098
2025-12-16 19:02:47.059,-0.023455,0.009415,0.002205,-0.006149,-0.005737,-0.004150
2025-12-16 19:02:47.060,-0.025686,0.010372,0.001004,-0.007795,-0.003767,-0.000902
2025-12-16 19:02:47.061,-0.025901,0.012367,0.001266,-0.004557,-0.003564,-0.001318
2025-12-16 19:02:47.062,-0.025685,0.014106,0.003227,0.001830,-0.005593,0.000504
2025-12-16 19:02:47.064,-0.026420,0.011064,0.000548,0.001130,0.003353,-0.003793
2025-12-16 19:02:47.065,-0.026066,0.013043,0.003799,0.006052,-0.000906,0.000756
2025-12-16 19:02:47.066,-0.026173,0.010535,0.000466,0.001805,-0.002657,0.000906
2025-12-16 19:02:47.067,-0.025207,0.008876,0.001403,0.002635,-0.001797,-0.001854
2025-12-16 19:02:47.068,-0.023862,0.007104,0.000818,-0.000224,-0.000689,-0.007784
2025-12-16 19:02:47.069,-0.025128,0.009708,0.002447,0.001263,-0.002210,-0.001846
2025-12-16 19:02:47.070,-0.025199,0.011431,0.003071,0.002120,-0.004945,0.003991
2025-12-16 19:02:47.071,-0.026249,0.012339,0.002185,0.003011,0.001602,0.003889
2025-12-16 19:02:47.072,-0.027502,0.011932,0.000585,0.002111,0.006064,-0.001065
2025-12-16 19:02:47.074,-0.028781,0.012666,-0.001037,0.002527,0.010010,0.003180
2025-12-16 19:02:47.075,-0.026774,0.010994,-0.001153,-0.003287,0.002623,0.000798
2025-12-16 19:02:47.076,-0.027813,0.011576,-0.003054,-0.005352,0.006541,0.000931
2025-12-16 19:02:47.077,-0.026747,0.011626,-0.001497,-0.001919,0.004865,0.001527
2025-12-16 19:02:47.078,-0.024913,0.011806,0.000357,-0.000949,0.000201,-0.002310
2025-12-16 19:02:47.080,-0.025644,0.013192,0.002672,0.002483,-0.002953,0.003828
2025-12-16 19:02:47.081,-0.026148,0.011340,0.000465,-0.000802,0.001044,0.001526
2025-12-16 19:02:47.082,-0.026405,0.012358,0.000872,0.001418,0.001736,0.003566
2025-12-16 19:02:47.083,-0.025675,0.012246,-0.000226,0.000483,0.002199,0.004301
2025-12-16 19:02:47.084,-0.025135,0.011132,-0.000014,-0.000777,0.000451,0.001633
2025-12-16 19:02:47.085,-0.025070,0.010295,0.001358,0.001807,-0.000837,0.001177
2025-12-16 19:02:47.086,-0.026338,0.011363,0.001383,0.002292,0.002163,0.003695
2025-12-16 19:02:47.087,-0.024487,0.010015,0.001587,0.002100,0.004090,-0.006427
2025-12-16 19:02:47.088,-0.026267,0.012019,-0.001219,-0.000455,0.004307,0.000811
2025-12-16 19:02:47.089,-0.025232,0.010588,-0.000502,-0.002121,0.002475,-0.003370
2025-12-16 19:02:47.091,-0.025156,0.011496,0.000913,-0.000691,0.001365,-0.000930
2025-12-16 19:02:47.092,-0.022810,0.009995,0.001683,-0.003305,-0.005901,-0.002533
2025-12-16 19:02:47.093,-0.024473,0.010766,-0.000280,-0.004540,-0.005464,0.001561
2025-12-16 19:02:47.094,-0.024816,0.011562,0.002094,-0.002036,-0.006598,0.003765
2025-12-16 19:02:47.095,-0.025617,0.010991,0.000599,-0.000898,-0.000383,0.002259
2025-12-16 19:02:47.096,-0.025903,0.012578,0.000632,0.001369,0.000009,0.006606
2025-12-16 19:02:47.097,-0.025109,0.013408,0.001002,0.000038,-0.002460,0.007280
2025-12-16 19:02:47.099,-0.025354,0.013077,0.000892,0.001329,0.001793,0.004857
2025-12-16 19:02:47.101,-0.026168,0.014381,0.000459,-0.000322,-0.002228,0.006292
2025-12-16 19:02:47.102,-0.025627,0.014361,0.002604,0.002461,-0.006790,0.009026
2025-12-16 19:02:47.103,-0.025217,0.011681,0.002216,0.002181,-0.003066,0.003319
2025-12-16 19:02:47.104,-0.024440,0.010494,0.002687,-0.001080,-0.004397,-0.000128
2025-12-16 19:02:47.105,-0.023742,0.012009,0.004725,0.001380,-0.008210,0.004192
2025-12-16 19:02:47.106,-0.022751,0.010283,0.004537,0.002749,-0.008927,0.002184
2025-12-16 19:02:47.107,-0.024250,0.009015,0.002458,0.003041,-0.002469,0.000585
2025-12-16 19:02:47.109,-0.022251,0.008607,0.002643,0.003818,-0.002605,-0.007850
2025-12-16 19:02:47.110,-0.023556,0.009158,0.000313,-0.002801,-0.002303,-0.004913
2025-12-16 19:02:47.111,-0.023328,0.008331,-0.000211,-0.002145,-0.001792,-0.008669
2025-12-16 19:02:47.112,-0.023981,0.008531,0.000119,-0.003881,0.002275,-0.010177
2025-12-16 19:02:47.113,-0.021788,0.009068,0.003054,-0.003658,-0.001688,-0.011717
2025-12-16 19:02:47.114,-0.021846,0.010219,0.003830,0.000163,-0.002701,-0.006567
2025-12-16 19:02:47.115,-0.020550,0.009405,0.003718,-0.001719,-0.003616,-0.009807
2025-12-16 19:02:47.117,-0.022683,0.011432,0.002482,-0.002751,0.001488,-0.007322
2025-12-16 19:02:47.118,-0.023306,0.009611,0.000269,-0.009130,0.000278,-0.003558
2025-12-16 19:02:47.119,-0.022559,0.011010,0.003228,-0.004691,-0.006422,0.000604
2025-12-16 19:02:47.120,-0.024127,0.011640,0.002079,-0.001615,0.000561,0.001133
2025-12-16 19:02:47.121,-0.021593,0.009739,0.002737,-0.002997,0.001205,-0.007551
2025-12-16 19:02:47.122,-0.023092,0.009800,0.002392,-0.001157,0.001990,-0.004491
2025-12-16 19:02:47.124,-0.022661,0.011870,0.002854,-0.001935,0.002207,-0.003998
2025-12-16 19:02:47.125,-0.022421,0.011127,0.002189,-0.003765,-0.000045,-0.003598
2025-12-16 19:02:47.126,-0.023539,0.013931,0.004501,-0.000665,-0.006537,0.009725
2025-12-16 19:02:47.127,-0.024221,0.013274,0.003541,0.000657,-0.003049,0.007870
2025-12-16 19:02:47.128,-0.023959,0.011702,0.002308,-0.003171,-0.002599,0.003780
2025-12-16 19:02:47.129,-0.025064,0.011224,0.000626,-0.004749,-0.002498,0.003256
2025-12-16 19:02:47.130,-0.025367,0.011602,0.000462,-0.002083,0.002769,0.002528
2025-12-16 19:02:47.132,-0.025690,0.013632,0.001785,0.000903,0.006184,0.002688
2025-12-16 19:02:47.133,-0.027272,0.014015,0.001672,-0.004127,0.002800,0.009225
2025-12-16 19:02:47.134,-0.025095,0.011109,0.003373,-0.001921,-0.005243,0.005523
2025-12-16 19:02:47.135,-0.024728,0.011885,0.004109,0.000512,-0.003891,0.005204
2025-12-16 19:02:47.136,-0.023338,0.011575,0.004366,0.001350,-0.005005,0.004292
2025-12-16 19:02:47.137,-0.023852,0.011865,0.004683,-0.002962,-0.008327,0.007048
2025-12-16 19:02:47.138,-0.022807,0.010958,0.003862,-0.003890,-0.010535,0.004326
2025-12-16 19:02:47.139,-0.024367,0.012103,0.002917,-0.001377,-0.006775,0.007329
2025-12-16 19:02:47.140,-0.024435,0.011214,0.001403,-0.003218,-0.000391,0.001691
2025-12-16 19:02:47.142,-0.025944,0.012718,0.000937,-0.001132,0.007217,0.002018
2025-12-16 19:02:47.143,-0.026670,0.014814,0.001317,0.005472,0.007359,0.004720
2025-12-16 19:02:47.144,-0.025644,0.014594,0.001948,0.002381,0.006889,0.001088
2025-12-16 19:02:47.145,-0.024631,0.012764,0.002217,0.002945,0.004148,-0.000083
2025-12-16 19:02:47.147,-0.023469,0.011907,0.001667,0.001009,0.005011,-0.007797
2025-12-16 19:02:47.149,-0.024572,0.010515,0.000935,0.002154,0.006855,-0.004222
2025-12-16 19:02:47.150,-0.024724,0.009469,0.000301,0.002084,0.013168,-0.008632
2025-12-16 19:02:47.153,-0.024545,0.008205,0.001829,-0.000659,0.000562,-0.000679
2025-12-16 19:02:47.154,-0.026733,0.009540,-0.000334,-0.000330,0.005642,0.002017
2025-12-16 19:02:47.157,-0.025386,0.010044,0.000364,-0.002150,0.007232,-0.003180
2025-12-16 19:02:47.158,-0.023539,0.009701,0.002843,-0.000062,-0.000964,-0.002092
2025-12-16 19:02:47.160,-0.021986,0.009836,0.005317,0.001531,-0.005729,-0.002258
2025-12-16 19:02:47.161,-0.021876,0.010518,0.003808,0.000611,-0.000387,-0.003913
2025-12-16 19:02:47.162,-0.022858,0.011240,0.004304,0.000188,-0.003702,0.004278
2025-12-16 19:02:47.163,-0.023659,0.010947,0.002951,0.000784,0.000595,0.003022
2025-12-16 19:02:47.164,-0.024800,0.011250,0.003010,0.001318,0.004932,0.001599
2025-12-16 19:02:47.165,-0.024678,0.012089,0.004498,0.003731,0.004422,0.001350
2025-12-16 19:02:47.166,-0.022989,0.010713,0.004525,0.004118,0.007922,-0.005302
2025-12-16 19:02:47.167,-0.020950,0.008628,0.004111,0.001333,0.000269,-0.008361
2025-12-16 19:02:47.169,-0.024300,0.008295,-0.000219,0.000809,0.009962,-0.007049
2025-12-16 19:02:47.171,-0.022917,0.009037,0.003161,0.000116,0.005348,-0.007279
2025-12-16 19:02:47.172,-0.021616,0.009756,0.004962,-0.000866,0.000959,-0.008985
2025-12-16 19:02:47.175,-0.022570,0.007240,0.002640,-0.006698,-0.002590,-0.005630
2025-12-16 19:02:47.177,-0.023519,0.009675,0.002763,-0.003380,-0.002542,-0.000128
2025-12-16 19:02:47.178,-0.022168,0.009073,0.003821,-0.004623,-0.009948,-0.001186
2025-12-16 19:02:47.179,-0.022630,0.008569,0.004118,-0.005244,-0.004056,-0.006553
2025-12-16 19:02:47.180,-0.023143,0.011374,0.004890,-0.001604,-0.002196,-0.002764
2025-12-16 19:02:47.183,-0.023009,0.007521,0.001448,-0.003772,0.004089,-0.010451
2025-12-16 19:02:47.184,-0.022520,0.007231,0.001672,-0.001489,0.004699,-0.010137
2025-12-16 19:02:47.186,-0.023041,0.008910,0.002752,-0.005742,-0.002362,-0.001196
2025-12-16 19:02:47.187,-0.022874,0.008202,0.002769,-0.003881,-0.001344,-0.004786
2025-12-16 19:02:47.188,-0.022643,0.008106,0.002334,-0.002858,-0.003207,-0.002307
2025-12-16 19:02:47.189,-0.022803,0.008918,0.002109,-0.000591,0.000930,-0.002903
2025-12-16 19:02:47.190,-0.023605,0.007571,0.000829,-0.002870,0.000459,-0.000315
2025-12-16 19:02:47.191,-0.024445,0.007605,-0.000094,-0.000860,0.002973,-0.000282
2025-12-16 19:02:47.193,-0.023531,0.008047,0.002132,-0.000776,0.001458,0.002096
2025-12-16 19:02:47.194,-0.023427,0.008591,0.002311,0.000738,0.006914,-0.002400
2025-12-16 19:02:47.195,-0.023821,0.009190,0.002149,-0.000730,0.001618,0.005128
2025-12-16 19:02:47.197,-0.025811,0.011505,0.000772,0.000484,0.009821,0.005872
2025-12-16 19:02:47.198,-0.024764,0.010675,0.000572,-0.000494,0.009376,-0.000525
2025-12-16 19:02:47.199,-0.023680,0.009886,-0.000765,-0.005087,0.005373,0.002550
2025-12-16 19:02:47.201,-0.023055,0.011433,0.001860,-0.002627,0.001310,0.000847
2025-12-16 19:02:47.202,-0.023541,0.010749,0.001246,-0.001704,0.001624,0.000914
2025-12-16 19:02:47.203,-0.023678,0.009836,0.001227,-0.002354,0.005603,0.001106
2025-12-16 19:02:47.204,-0.023495,0.009938,0.001090,0.000101,0.004330,0.001811
2025-12-16 19:02:47.207,-0.024963,0.009481,-0.000308,0.000194,0.011358,-0.000804
2025-12-16 19:02:47.209,-0.024444,0.010170,0.000450,0.001612,0.011729,-0.001492
2025-12-16 19:02:47.210,-0.024487,0.009308,0.000726,0.003059,0.008693,-0.001447
2025-12-16 19:02:47.211,-0.025427,0.009314,0.000262,-0.001816,0.010001,-0.000005
2025-12-16 19:02:47.212,-0.023696,0.011008,0.003102,0.000399,0.006064,-0.006225
2025-12-16 19:02:47.213,-0.022880,0.011057,0.003380,0.002054,0.008675,-0.007539
2025-12-16 19:02:47.214,-0.023810,0.010943,0.002621,-0.001593,0.004483,-0.005601
2025-12-16 19:02:47.215,-0.024873,0.011459,0.001754,-0.000758,0.002906,-0.000037
2025-12-16 19:02:47.217,-0.024404,0.010372,0.003940,0.002604,0.000649,-0.000352
2025-12-16 19:02:47.218,-0.024899,0.010717,0.003260,0.000223,0.002118,-0.001793
2025-12-16 19:02:47.219,-0.023431,0.010435,0.004489,-0.001390,0.000115,-0.004345
2025-12-16 19:02:47.220,-0.022977,0.011721,0.006508,0.006511,0.000151,-0.005292
2025-12-16 19:02:47.222,-0.024271,0.009990,0.003777,0.004344,0.005352,-0.006306
2025-12-16 19:02:47.223,-0.023466,0.008171,0.003862,0.002314,0.002584,-0.004508
2025-12-16 19:02:47.224,-0.022852,0.007967,0.004564,0.003990,0.001915,-0.005437
2025-12-16 19:02:47.225,-0.021770,0.007033,0.006138,0.005165,-0.004317,-0.004570
2025-12-16 19:02:47.226,-0.022149,0.006853,0.004408,0.004144,-0.000051,-0.006180
2025-12-16 19:02:47.227,-0.024513,0.008222,0.002525,0.003617,0.002904,-0.002418
2025-12-16 19:02:47.228,-0.022921,0.008589,0.004839,0.007666,-0.001080,-0.005391
2025-12-16 19:02:47.229,-0.023042,0.008231,0.004248,0.003119,-0.003451,-0.006826
2025-12-16 19:02:47.231,-0.023336,0.007976,0.003620,-0.000511,-0.005640,-0.005731
2025-12-16 19:02:47.235,-0.024157,0.009297,0.003145,0.001059,-0.003841,-0.000072
2025-12-16 19:02:47.236,-0.022006,0.008363,0.005383,0.002940,-0.008252,-0.002377
2025-12-16 19:02:47.238,-0.023647,0.010081,0.003988,0.002062,-0.003927,0.003842
2025-12-16 19:02:47.239,-0.022275,0.007152,0.004208,-0.001158,-0.005462,-0.003943
2025-12-16 19:02:47.241,-0.023959,0.007515,0.003059,-0.003292,-0.005284,0.001367
2025-12-16 19:02:47.242,-0.023121,0.005979,0.002380,-0.004510,-0.002934,-0.005264
2025-12-16 19:02:47.244,-0.022484,0.005940,0.004274,0.000317,-0.007603,-0.007726
2025-12-16 19:02:47.245,-0.023702,0.008352,0.002366,0.001842,-0.002849,-0.001819
2025-12-16 19:02:47.246,-0.023054,0.006742,0.002097,0.002344,0.001409,-0.006827
2025-12-16 19:02:47.247,-0.022525,0.007179,0.002196,0.002860,-0.000809,-0.004996
2025-12-16 19:02:47.248,-0.021355,0.008446,0.004650,0.004482,-0.007680,-0.001068
2025-12-16 19:02:47.251,-0.023104,0.010240,0.005270,0.005550,-0.006493,0.002915
2025-12-16 19:02:47.252,-0.023289,0.009482,0.003354,0.002643,-0.000253,0.002729
2025-12-16 19:02:47.253,-0.023808,0.007795,0.001915,0.000494,0.004419,0.000903
2025-12-16 19:02:47.254,-0.021923,0.006023,0.002726,-0.001892,-0.002856,-0.003424
2025-12-16 19:02:47.256,-0.023183,0.007839,0.003454,-0.000102,-0.001549,-0.001150
2025-12-16 19:02:47.257,-0.023221,0.007162,0.003323,0.000214,-0.001638,-0.000234
2025-12-16 19:02:47.258,-0.023271,0.006345,0.002372,0.000076,0.001345,-0.003331
2025-12-16 19:02:47.259,-0.021872,0.007948,0.004577,0.005240,-0.001794,-0.005973
2025-12-16 19:02:47.260,-0.020638,0.009335,0.006369,0.006005,-0.006776,-0.002870
2025-12-16 19:02:47.261,-0.022893,0.010232,0.005351,0.006433,-0.002208,-0.000545
2025-12-16 19:02:47.263,-0.022870,0.009057,0.005429,0.005718,-0.009640,0.002458
2025-12-16 19:02:47.264,-0.024355,0.010522,0.004433,0.005827,-0.005817,0.004624
2025-12-16 19:02:47.265,-0.025528,0.010430,0.003319,0.005628,-0.000182,0.003173
2025-12-16 19:02:47.266,-0.027808,0.011806,0.001679,0.004379,0.002526,0.007498
2025-12-16 19:02:47.268,-0.027879,0.010812,0.000546,0.003610,0.004126,0.006242
2025-12-16 19:02:47.269,-0.027611,0.011409,0.001248,0.002215,0.000452,0.012368
2025-12-16 19:02:47.270,-0.027225,0.010472,0.002320,0.003303,-0.002953,0.010569
2025-12-16 19:02:47.271,-0.025737,0.014216,0.004371,0.006476,-0.005510,0.013789
2025-12-16 19:02:47.272,-0.024218,0.010838,0.002513,-0.001538,-0.003497,0.007223
2025-12-16 19:02:47.273,-0.023949,0.010862,0.003039,-0.000661,-0.005145,0.001873
2025-12-16 19:02:47.274,-0.022363,0.011215,0.004128,0.000531,-0.007169,0.002107
2025-12-16 19:02:47.276,-0.021953,0.009327,0.002102,-0.002020,-0.004470,-0.002074
2025-12-16 19:02:47.277,-0.026660,0.011087,0.000390,-0.001027,0.003419,0.006706
2025-12-16 19:02:47.278,-0.027077,0.012767,0.001697,0.000611,0.001173,0.008955
2025-12-16 19:02:47.279,-0.026175,0.012886,0.001095,-0.001453,0.001064,0.006572
2025-12-16 19:02:47.281,-0.023306,0.010225,0.002578,0.001019,-0.000617,0.000014
2025-12-16 19:02:47.282,-0.021513,0.008143,0.003084,-0.001193,-0.006004,-0.003503
2025-12-16 19:02:47.283,-0.021933,0.008796,0.003062,-0.001971,-0.001016,-0.006311
2025-12-16 19:02:47.284,-0.023815,0.010866,0.000865,-0.000991,0.002687,-0.005498
2025-12-16 19:02:47.285,-0.021826,0.009168,0.002008,-0.004010,-0.007311,-0.004858
2025-12-16 19:02:47.287,-0.021697,0.007330,0.001720,-0.001439,-0.008590,-0.002962
2025-12-16 19:02:47.288,-0.020780,0.006456,0.003012,-0.002700,-0.015377,-0.003357
2025-12-16 19:02:47.289,-0.022239,0.007695,0.002104,-0.000095,-0.008350,-0.002341
2025-12-16 19:02:47.290,-0.023079,0.006840,0.000383,0.000965,-0.002905,-0.002589
2025-12-16 19:02:47.291,-0.023209,0.008121,0.000278,-0.000797,-0.008734,0.003084
2025-12-16 19:02:47.293,-0.022953,0.010017,-0.000484,-0.001641,-0.003740,0.001279
2025-12-16 19:02:47.294,-0.021354,0.008878,-0.000068,-0.003366,-0.006234,-0.002115
2025-12-16 19:02:47.295,-0.022906,0.009718,0.000033,-0.001488,-0.004865,0.001414
2025-12-16 19:02:47.297,-0.023510,0.009263,0.001021,0.001974,-0.001704,0.001277
2025-12-16 19:02:47.298,-0.023697,0.008814,0.000818,0.001928,0.004749,-0.002786
2025-12-16 19:02:47.299,-0.024714,0.011570,0.002215,0.003567,-0.000102,0.004258
2025-12-16 19:02:47.301,-0.024304,0.010694,0.001820,0.002252,-0.001269,-0.000036
2025-12-16 19:02:47.302,-0.025851,0.011224,0.000328,0.002127,0.004096,0.001374
2025-12-16 19:02:47.303,-0.025539,0.011540,0.001050,0.002850,0.002079,0.003910
2025-12-16 19:02:47.304,-0.025537,0.010507,0.000206,0.002045,0.004252,0.001363
2025-12-16 19:02:47.306,-0.023183,0.009847,0.001955,0.003876,-0.002124,0.002202
2025-12-16 19:02:47.307,-0.024438,0.011317,0.003017,0.004450,-0.005844,0.007136
2025-12-16 19:02:47.308,-0.024514,0.012708,0.002191,0.007001,-0.000517,0.003878
2025-12-16 19:02:47.309,-0.024486,0.014135,0.002773,0.004478,-0.004406,0.008211
2025-12-16 19:02:47.311,-0.024189,0.013116,0.003189,-0.000992,-0.010921,0.012131
2025-12-16 19:02:47.312,-0.026697,0.015397,0.002163,0.002204,-0.002677,0.014150
2025-12-16 19:02:47.314,-0.024830,0.012900,0.001880,0.002188,-0.005639,0.011329
2025-12-16 19:02:47.315,-0.026115,0.012176,-0.000203,-0.001555,-0.004363,0.010540
2025-12-16 19:02:47.316,-0.025327,0.008086,-0.001619,-0.004412,-0.000230,0.003450
2025-12-16 19:02:47.317,-0.024572,0.006335,-0.001800,-0.005299,0.002090,-0.003010
2025-12-16 19:02:47.318,-0.024945,0.008177,-0.002080,-0.002785,0.003414,0.000300
2025-12-16 19:02:47.319,-0.024506,0.009138,-0.000835,-0.001509,-0.004067,0.005726
2025-12-16 19:02:47.322,-0.022970,0.009161,0.001103,-0.005120,-0.006176,0.004464
2025-12-16 19:02:47.323,-0.022314,0.008298,0.000894,-0.003400,-0.005034,0.002962
2025-12-16 19:02:47.324,-0.023392,0.008003,0.000689,-0.001312,-0.002242,0.001755
2025-12-16 19:02:47.325,-0.023573,0.009147,0.000940,0.000338,-0.003504,0.004576
2025-12-16 19:02:47.327,-0.024565,0.008771,0.000703,0.000727,0.001131,0.001935
2025-12-16 19:02:47.329,-0.024890,0.007234,-0.002261,0.000868,0.006186,-0.001096
2025-12-16 19:02:47.330,-0.023403,0.006094,-0.000151,0.007472,0.005971,-0.005854
2025-12-16 19:02:47.331,-0.020746,0.005000,0.002513,0.007748,0.001498,-0.009936
2025-12-16 19:02:47.333,-0.023195,0.006653,0.001713,0.007467,0.003355,-0.000539
2025-12-16 19:02:47.334,-0.024564,0.007318,0.000806,0.003304,0.001048,0.005807
2025-12-16 19:02:47.335,-0.025238,0.009011,0.000860,0.003744,0.003116,0.006785
2025-12-16 19:02:47.336,-0.026112,0.008888,-0.001090,0.002865,0.007421,0.004628
2025-12-16 19:02:47.337,-0.024746,0.008860,0.000483,0.005874,0.002084,0.007432
2025-12-16 19:02:47.338,-0.025951,0.010162,0.000078,0.005323,0.000851,0.010776
2025-12-16 19:02:47.339,-0.025622,0.009094,-0.000029,0.002293,-0.001902,0.007230
2025-12-16 19:02:47.341,-0.024688,0.009119,-0.001221,0.001893,0.002904,0.004617
2025-12-16 19:02:47.342,-0.023812,0.008910,0.000264,0.000538,-0.002761,0.007373
2025-12-16 19:02:47.343,-0.025064,0.008732,-0.001967,0.000764,0.002735,0.006559
2025-12-16 19:02:47.344,-0.025958,0.008387,-0.003672,0.000242,0.007412,0.004970
2025-12-16 19:02:47.348,-0.024610,0.007164,-0.001995,0.002214,0.004072,-0.001138
2025-12-16 19:02:47.350,-0.024831,0.008704,-0.001809,0.002205,0.000397,0.004131
2025-12-16 19:02:47.351,-0.025720,0.008427,-0.003333,-0.000781,0.006439,0.005614
2025-12-16 19:02:47.352,-0.025936,0.007490,-0.005349,-0.001207,0.009523,0.002858
2025-12-16 19:02:47.353,-0.027760,0.009522,-0.007203,-0.000494,0.009747,0.010250
2025-12-16 19:02:47.354,-0.028308,0.009746,-0.006910,0.000210,0.009840,0.010459
2025-12-16 19:02:47.355,-0.025470,0.007261,-0.005555,-0.002082,0.003631,0.004795
2025-12-16 19:02:47.356,-0.023913,0.007928,-0.004370,-0.004158,-0.000455,0.002760
2025-12-16 19:02:47.357,-0.023057,0.007396,-0.004173,-0.005720,-0.005866,0.008340
2025-12-16 19:02:47.358,-0.025311,0.010644,-0.004633,-0.003200,-0.000535,0.012498
2025-12-16 19:02:47.360,-0.023126,0.008683,-0.003695,-0.001521,-0.001868,0.007291
2025-12-16 19:02:47.361,-0.025832,0.009133,-0.005842,-0.002924,0.005278,0.011696
2025-12-16 19:02:47.363,-0.023523,0.007103,-0.005632,-0.005870,0.002013,0.002317
2025-12-16 19:02:47.364,-0.020712,0.007439,-0.002086,-0.002118,-0.002273,-0.000769
2025-12-16 19:02:47.365,-0.022326,0.009138,-0.003048,-0.004252,-0.000590,0.006946
2025-12-16 19:02:47.366,-0.021885,0.007154,-0.002910,-0.002071,0.000427,0.002920
2025-12-16 19:02:47.367,-0.021752,0.007669,-0.003068,-0.004746,0.000350,0.001197
2025-12-16 19:02:47.369,-0.022663,0.007512,-0.003524,-0.001909,0.002837,0.002145
2025-12-16 19:02:47.370,-0.022774,0.007125,-0.003977,-0.001017,0.004569,0.001038
2025-12-16 19:02:47.371,-0.022828,0.007827,-0.003119,-0.000045,0.002235,0.002775
2025-12-16 19:02:47.372,-0.023453,0.008433,-0.003427,-0.001485,-0.000071,0.008637
2025-12-16 19:02:47.374,-0.023015,0.006362,-0.004385,-0.006064,0.000028,0.000149
2025-12-16 19:02:47.376,-0.021316,0.006712,-0.002250,-0.004379,-0.008303,0.002471
2025-12-16 19:02:47.377,-0.021252,0.007219,-0.001709,-0.001585,-0.003988,0.000813
2025-12-16 19:02:47.378,-0.019455,0.004862,-0.001911,-0.003589,-0.006666,0.000811
2025-12-16 19:02:47.379,-0.021871,0.004555,-0.004157,-0.005163,-0.001237,0.004446
2025-12-16 19:02:47.380,-0.021812,0.005900,-0.004542,-0.003538,0.001737,0.002084
2025-12-16 19:02:47.381,-0.021992,0.005863,-0.002957,-0.001618,-0.003690,0.004566
2025-12-16 19:02:47.384,-0.022339,0.006563,-0.003189,0.001147,0.000904,0.005236
2025-12-16 19:02:47.387,-0.021998,0.006773,-0.002458,-0.000708,0.002607,0.004444
2025-12-16 19:02:47.388,-0.023277,0.007172,-0.002589,0.000714,0.005379,0.008615
2025-12-16 19:02:47.389,-0.024617,0.006066,-0.004649,-0.002904,0.007130,0.009097
2025-12-16 19:02:47.391,-0.023808,0.009079,-0.002602,0.000289,0.003135,0.011917
2025-12-16 19:02:47.392,-0.023247,0.005224,-0.006309,-0.003976,0.010547,0.004406
2025-12-16 19:02:47.393,-0.022172,0.005765,-0.005082,-0.001783,0.006924,0.003057
2025-12-16 19:02:47.394,-0.021829,0.003663,-0.004938,-0.003564,0.004287,0.002609
2025-12-16 19:02:47.395,-0.022174,0.004749,-0.004592,-0.002213,0.006408,0.001519
2025-12-16 19:02:47.396,-0.022184,0.003987,-0.006305,-0.004750,0.008731,0.001668
2025-12-16 19:02:47.397,-0.021215,0.004586,-0.004241,-0.002088,0.005257,0.000401
2025-12-16 19:02:47.398,-0.021983,0.005887,-0.004451,-0.003009,0.006455,0.003226
2025-12-16 19:02:47.399,-0.022736,0.005883,-0.004835,-0.004670,0.001656,0.009487
2025-12-16 19:02:47.400,-0.023820,0.006318,-0.004533,-0.002357,0.004900,0.012805
2025-12-16 19:02:47.401,-0.022558,0.005853,-0.003617,-0.000715,0.006246,0.005273
2025-12-16 19:02:47.402,-0.024226,0.007373,-0.006113,-0.002746,0.007452,0.012965
2025-12-16 19:02:47.404,-0.022376,0.005344,-0.006757,-0.004437,0.005247,0.010077
2025-12-16 19:02:47.405,-0.021903,0.005551,-0.005146,-0.002314,0.001179,0.008741
2025-12-16 19:02:47.406,-0.021213,0.006644,-0.004714,-0.000689,0.002725,0.006517
2025-12-16 19:02:47.407,-0.018419,0.005150,-0.002770,-0.001564,-0.003407,0.003874
2025-12-16 19:02:47.408,-0.019829,0.005774,-0.002784,-0.000434,-0.000710,0.002743
2025-12-16 19:02:47.409,-0.020145,0.005646,-0.004965,-0.002415,0.001698,0.005617
2025-12-16 19:02:47.410,-0.018161,0.004286,-0.002593,0.002177,0.002510,-0.000555
2025-12-16 19:02:47.411,-0.018954,0.004364,-0.002862,-0.000885,0.002635,0.001274
2025-12-16 19:02:47.412,-0.017434,0.004177,0.000263,-0.000880,-0.008394,0.004563
2025-12-16 19:02:47.413,-0.018405,0.002929,-0.001357,-0.001814,-0.004290,0.000250
2025-12-16 19:02:47.415,-0.020554,0.005374,-0.003193,-0.003791,-0.001817,0.008909
2025-12-16 19:02:47.416,-0.021816,0.005659,-0.004000,0.000317,0.001513,0.008807
2025-12-16 19:02:47.417,-0.019611,0.003353,-0.002829,0.002260,-0.002410,0.001913
2025-12-16 19:02:47.418,-0.020626,0.003735,-0.002787,-0.000154,-0.001574,0.004573
2025-12-16 19:02:47.419,-0.021304,0.004276,-0.003602,-0.000432,-0.002328,0.005339
2025-12-16 19:02:47.420,-0.018617,0.003410,-0.001590,0.000543,-0.005757,0.000301
2025-12-16 19:02:47.422,-0.018394,0.004142,-0.000722,0.001845,-0.007622,0.000100
2025-12-16 19:02:47.423,-0.018074,0.003291,0.000340,0.001437,-0.011015,0.005819
2025-12-16 19:02:47.424,-0.016750,0.002448,0.000594,0.001278,-0.009712,-0.001185
2025-12-16 19:02:47.425,-0.016605,0.002395,-0.000200,0.001959,-0.010124,-0.001118
2025-12-16 19:02:47.426,-0.018896,0.002608,-0.003592,-0.000965,-0.002437,0.001449
2025-12-16 19:02:47.427,-0.017489,0.001762,-0.002315,-0.003116,-0.006286,0.000696
2025-12-16 19:02:47.429,-0.020628,0.004596,-0.002262,0.000523,-0.004459,0.013328
2025-12-16 19:02:47.430,-0.019593,0.005063,-0.001676,-0.000668,-0.002912,0.010571
2025-12-16 19:02:47.431,-0.020467,0.004463,-0.002385,0.003022,-0.000042,0.008787
2025-12-16 19:02:47.433,-0.021270,0.003179,-0.005158,0.002545,0.006518,0.004150
2025-12-16 19:02:47.434,-0.019790,0.003627,-0.003197,0.000208,0.002296,0.004579
2025-12-16 19:02:47.435,-0.020555,0.004016,-0.004019,0.001538,0.007347,0.000610
2025-12-16 19:02:47.437,-0.021591,0.004259,-0.004256,-0.000793,0.003701,0.006301
2025-12-16 19:02:47.438,-0.019240,0.001678,-0.002776,0.000188,-0.001811,0.000281
2025-12-16 19:02:47.439,-0.020301,0.003783,-0.002687,0.003567,0.003360,0.001580
2025-12-16 19:02:47.440,-0.022077,0.006390,-0.002197,0.004593,0.003907,0.010162
2025-12-16 19:02:47.441,-0.023183,0.006163,-0.003831,0.001257,0.003534,0.012933
2025-12-16 19:02:47.442,-0.022748,0.005028,-0.004255,-0.000363,0.000773,0.012848
2025-12-16 19:02:47.443,-0.022377,0.005922,-0.003132,0.001130,-0.003999,0.018320
2025-12-16 19:02:47.444,-0.021685,0.004596,-0.002485,-0.000482,-0.007073,0.022010
2025-12-16 19:02:47.445,-0.019754,0.002947,-0.003403,-0.001966,-0.002410,0.012716
2025-12-16 19:02:47.446,-0.019226,0.003448,-0.003764,-0.003068,-0.002162,0.011654
2025-12-16 19:02:47.448,-0.018969,0.004207,-0.003167,-0.001576,-0.002717,0.008675
2025-12-16 19:02:47.449,-0.017903,0.005301,-0.001126,0.000628,-0.005421,0.006029
2025-12-16 19:02:47.450,-0.017406,0.002125,-0.001294,0.004860,0.003100,-0.007154
2025-12-16 19:02:47.451,-0.015442,0.001006,-0.000364,0.003299,-0.004825,-0.008451
2025-12-16 19:02:47.452,-0.016499,0.001553,-0.000403,0.003057,-0.008730,0.000100
2025-12-16 19:02:47.454,-0.017742,0.000839,-0.001770,-0.000110,-0.007297,0.002207
2025-12-16 19:02:47.455,-0.018268,0.001055,-0.002459,-0.005021,-0.009239,0.002797
2025-12-16 19:02:47.456,-0.018841,-0.000051,-0.004641,-0.007687,-0.008017,0.004601
2025-12-16 19:02:47.457,-0.019846,0.003395,-0.004292,-0.005941,-0.011538,0.014289
2025-12-16 19:02:47.458,-0.018761,0.001966,-0.003545,-0.003407,-0.010563,0.011871
2025-12-16 19:02:47.459,-0.019674,0.001090,-0.005360,-0.005842,-0.005716,0.009358
2025-12-16 19:02:47.460,-0.019444,0.001207,-0.004258,-0.005749,-0.005367,0.006596
2025-12-16 19:02:47.461,-0.018582,-0.000094,-0.004377,-0.006425,-0.006044,0.004977
2025-12-16 19:02:47.462,-0.020416,0.000935,-0.007009,-0.008042,0.002127,0.005932
2025-12-16 19:02:47.463,-0.020316,0.000791,-0.006388,-0.008082,0.000026,0.006988
2025-12-16 19:02:47.465,-0.021587,0.002211,-0.005767,-0.005109,0.005433,0.007747
2025-12-16 19:02:47.467,-0.021651,0.002680,-0.006917,-0.002972,0.004077,0.012611
2025-12-16 19:02:47.468,-0.019238,0.001933,-0.004711,-0.003465,-0.002943,0.009710
2025-12-16 19:02:47.469,-0.019385,0.000916,-0.005593,-0.002615,0.003913,0.006329
2025-12-16 19:02:47.470,-0.018828,0.000715,-0.005310,0.002334,0.004024,0.003608
2025-12-16 19:02:47.471,-0.018022,0.001442,-0.003905,0.003490,-0.002105,0.003318
2025-12-16 19:02:47.472,-0.017121,0.000384,-0.003635,0.006161,-0.002539,0.000305
2025-12-16 19:02:47.473,-0.016668,-0.000311,-0.003804,0.005584,-0.001227,0.000301
2025-12-16 19:02:47.474,-0.015612,-0.001971,-0.004038,0.001231,-0.004951,-0.001038
2025-12-16 19:02:47.476,-0.015335,-0.001643,-0.004213,-0.000698,-0.008458,0.001866
2025-12-16 19:02:47.477,-0.016111,-0.001399,-0.005683,-0.000784,-0.002301,-0.003736
2025-12-16 19:02:47.478,-0.018523,0.001277,-0.005169,0.002387,0.000372,0.007196
2025-12-16 19:02:47.479,-0.018733,0.000452,-0.005239,0.001187,0.000603,0.002571
2025-12-16 19:02:47.480,-0.017736,-0.001159,-0.005433,0.001622,-0.001200,0.002422
2025-12-16 19:02:47.481,-0.017830,-0.000620,-0.005374,0.002206,0.001442,0.002475
2025-12-16 19:02:47.482,-0.016111,-0.000394,-0.004541,0.002558,-0.003279,-0.000637
2025-12-16 19:02:47.483,-0.015235,-0.002533,-0.004773,0.001903,0.002863,-0.011140
2025-12-16 19:02:47.484,-0.016704,-0.002052,-0.005861,-0.000528,0.001266,-0.005488
2025-12-16 19:02:47.485,-0.017042,-0.001364,-0.005795,-0.001752,0.000334,-0.002167
2025-12-16 19:02:47.486,-0.014441,-0.004415,-0.006798,-0.007735,0.000613,-0.011082
2025-12-16 19:02:47.488,-0.017128,-0.001638,-0.008058,-0.005288,0.002853,-0.001128
2025-12-16 19:02:47.489,-0.017474,-0.002245,-0.008487,-0.010290,0.005165,-0.000530
2025-12-16 19:02:47.490,-0.016309,-0.003341,-0.008045,-0.010740,-0.000817,-0.000592
2025-12-16 19:02:47.491,-0.014014,-0.002719,-0.005184,-0.005614,-0.004953,-0.003513
2025-12-16 19:02:47.492,-0.015671,-0.003023,-0.005605,-0.006782,-0.006675,-0.000846
2025-12-16 19:02:47.493,-0.016752,0.000408,-0.004358,-0.003594,-0.006609,0.006351
2025-12-16 19:02:47.494,-0.017864,-0.001138,-0.006210,-0.002637,0.000245,0.004736
2025-12-16 19:02:47.495,-0.017288,-0.001450,-0.005466,-0.000864,-0.000717,0.004274
2025-12-16 19:02:47.496,-0.018293,0.000064,-0.005988,-0.000083,-0.000398,0.004172
2025-12-16 19:02:47.497,-0.017543,-0.002087,-0.005742,-0.000552,-0.002022,0.005521
2025-12-16 19:02:47.498,-0.018207,-0.000202,-0.006519,-0.003236,-0.001867,0.008857
2025-12-16 19:02:47.500,-0.017259,-0.001104,-0.006180,0.002095,-0.000885,0.004467
2025-12-16 19:02:47.501,-0.017894,-0.000996,-0.006302,0.001895,-0.001070,0.007511
2025-12-16 19:02:47.502,-0.017466,-0.000237,-0.003890,0.003681,-0.005193,0.009267
2025-12-16 19:02:47.503,-0.018609,-0.001479,-0.006476,-0.000294,-0.003552,0.009054
2025-12-16 19:02:47.504,-0.017022,-0.002339,-0.005576,0.003079,-0.004223,0.003982
2025-12-16 19:02:47.506,-0.015751,-0.003298,-0.006153,-0.000228,-0.004458,0.000677
2025-12-16 19:02:47.507,-0.015322,-0.004384,-0.006150,-0.002571,-0.006477,-0.000924
2025-12-16 19:02:47.508,-0.018909,-0.003250,-0.010110,-0.004644,0.006158,0.000940
2025-12-16 19:02:47.509,-0.020445,-0.003967,-0.011011,-0.003608,0.007702,0.003412
2025-12-16 19:02:47.510,-0.018829,-0.004591,-0.009517,-0.001891,0.004761,0.002701
2025-12-16 19:02:47.511,-0.018484,-0.004123,-0.008511,-0.003189,0.007573,-0.001358
2025-12-16 19:02:47.513,-0.018070,-0.004153,-0.008633,-0.002960,0.002091,0.003629
2025-12-16 19:02:47.514,-0.016421,-0.003934,-0.006815,0.001343,-0.007247,0.004503
2025-12-16 19:02:47.515,-0.016786,-0.003197,-0.006433,0.005248,-0.002784,0.001952
2025-12-16 19:02:47.516,-0.016633,-0.003552,-0.005976,0.004830,-0.000554,0.000572
2025-12-16 19:02:47.517,-0.018165,-0.002740,-0.007074,0.006435,0.002440,0.000826
2025-12-16 19:02:47.518,-0.014760,-0.004205,-0.004854,0.002746,-0.009967,0.001140
2025-12-16 19:02:47.519,-0.012983,-0.004864,-0.004356,0.001031,-0.012304,-0.001475
2025-12-16 19:02:47.520,-0.014128,-0.004417,-0.007261,-0.000641,-0.007212,-0.003693
2025-12-16 19:02:47.521,-0.016071,-0.004250,-0.008312,-0.003194,0.000728,-0.005056
2025-12-16 19:02:47.523,-0.015713,-0.004689,-0.008803,-0.000387,0.002752,-0.006982
2025-12-16 19:02:47.524,-0.016225,-0.003821,-0.008488,0.000636,0.000299,-0.001349
2025-12-16 19:02:47.525,-0.016860,-0.005285,-0.008098,0.000567,0.003060,-0.001902
2025-12-16 19:02:47.526,-0.016397,-0.005749,-0.008691,-0.002079,0.001397,-0.001958
2025-12-16 19:02:47.531,-0.016781,-0.004552,-0.008030,-0.000223,-0.003130,0.004465
2025-12-16 19:02:47.532,-0.017376,-0.003880,-0.008055,0.003888,0.001865,0.001832
2025-12-16 19:02:47.534,-0.017713,-0.003691,-0.007581,0.004600,0.001034,0.004040
2025-12-16 19:02:47.535,-0.015964,-0.005137,-0.008095,0.001181,-0.000820,0.005176
2025-12-16 19:02:47.536,-0.016866,-0.003170,-0.008470,0.003064,0.007102,0.001368
2025-12-16 19:02:47.537,-0.017186,-0.003458,-0.009064,0.002135,0.007047,0.002368
2025-12-16 19:02:47.538,-0.015485,-0.004356,-0.007861,0.002128,0.002417,-0.003208
2025-12-16 19:02:47.539,-0.016029,-0.004189,-0.007827,0.002241,-0.000137,0.000737
2025-12-16 19:02:47.540,-0.013868,-0.004905,-0.008031,-0.000984,-0.001311,-0.005398
2025-12-16 19:02:47.542,-0.014396,-0.004635,-0.008823,0.002383,0.002910,-0.007364
2025-12-16 19:02:47.543,-0.016260,-0.005321,-0.009651,0.001153,0.004145,-0.004336
2025-12-16 19:02:47.544,-0.015238,-0.004438,-0.008971,-0.002888,-0.001153,0.002279
2025-12-16 19:02:47.545,-0.013681,-0.005006,-0.008022,-0.004367,-0.004191,-0.000344
2025-12-16 19:02:47.546,-0.014355,-0.005200,-0.008805,-0.002710,-0.000407,-0.000862
2025-12-16 19:02:47.547,-0.016343,-0.004109,-0.009998,0.000817,-0.001614,0.003504
2025-12-16 19:02:47.548,-0.016746,-0.004771,-0.009505,0.000428,0.000120,0.002645
2025-12-16 19:02:47.549,-0.016229,-0.004276,-0.009049,-0.002185,-0.001509,0.001874
2025-12-16 19:02:47.550,-0.016043,-0.004345,-0.009138,0.000535,0.001779,-0.002044
2025-12-16 19:02:47.553,-0.015488,-0.004616,-0.009364,0.002686,0.001286,-0.001888
2025-12-16 19:02:47.554,-0.015728,-0.004918,-0.009433,0.002274,0.004302,-0.001939
2025-12-16 19:02:47.557,-0.019092,-0.005040,-0.011864,-0.001765,0.007140,0.002859
2025-12-16 19:02:47.558,-0.018602,-0.003379,-0.011105,-0.000304,0.005996,0.005360
2025-12-16 19:02:47.561,-0.016558,-0.007185,-0.011563,-0.007769,0.000155,0.003327
2025-12-16 19:02:47.563,-0.015218,-0.007691,-0.010075,-0.007198,-0.000963,-0.001090
2025-12-16 19:02:47.564,-0.016053,-0.005566,-0.009718,-0.003717,0.000086,0.002843
2025-12-16 19:02:47.565,-0.015602,-0.007234,-0.009593,-0.003063,0.000725,0.000016
2025-12-16 19:02:47.568,-0.015661,-0.005669,-0.010470,-0.003163,-0.001088,0.002967
2025-12-16 19:02:47.570,-0.016467,-0.004403,-0.009298,0.000140,-0.000387,0.006581
2025-12-16 19:02:47.571,-0.017346,-0.003944,-0.010039,0.000173,0.001411,0.008574
2025-12-16 19:02:47.572,-0.016941,-0.006136,-0.011056,-0.002184,0.004087,0.006106
2025-12-16 19:02:47.573,-0.017068,-0.005137,-0.011229,-0.004924,0.003450,0.005586
2025-12-16 19:02:47.574,-0.017019,-0.005292,-0.011145,-0.004029,0.004011,0.004768
2025-12-16 19:02:47.576,-0.017061,-0.005185,-0.011925,-0.004777,-0.003382,0.008702
2025-12-16 19:02:47.577,-0.014916,-0.005326,-0.010356,-0.000006,-0.004499,0.003999
2025-12-16 19:02:47.579,-0.014061,-0.003809,-0.008693,0.002008,-0.009728,0.010132
2025-12-16 19:02:47.580,-0.013970,-0.003551,-0.008571,0.004667,-0.005816,0.004291
2025-12-16 19:02:47.581,-0.015526,-0.003586,-0.009115,0.001044,-0.003554,0.009246
2025-12-16 19:02:47.582,-0.015391,-0.004773,-0.010472,-0.002518,-0.004249,0.006610
2025-12-16 19:02:47.583,-0.016218,-0.003806,-0.010258,-0.001076,-0.006046,0.010654
2025-12-16 19:02:47.585,-0.016865,-0.003893,-0.011410,-0.000669,-0.004525,0.012115
2025-12-16 19:02:47.586,-0.017716,-0.004232,-0.011478,-0.000117,0.001335,0.010452
2025-12-16 19:02:47.587,-0.016905,-0.004093,-0.010174,0.001403,0.001647,0.007551
2025-12-16 19:02:47.588,-0.017626,-0.003777,-0.010179,0.001143,-0.001138,0.011051
2025-12-16 19:02:47.589,-0.016103,-0.002931,-0.008214,0.001796,-0.009721,0.014495
2025-12-16 19:02:47.590,-0.015553,-0.003883,-0.009010,0.001635,-0.006734,0.011414
2025-12-16 19:02:47.591,-0.017637,-0.003503,-0.011089,0.000846,-0.001289,0.012295
2025-12-16 19:02:47.592,-0.014928,-0.005174,-0.009148,0.001429,-0.003756,0.006829
2025-12-16 19:02:47.593,-0.014292,-0.004636,-0.009126,0.002265,-0.002899,0.006796
2025-12-16 19:02:47.595,-0.014882,-0.003520,-0.008667,-0.000166,-0.010195,0.016614
2025-12-16 19:02:47.596,-0.014496,-0.004873,-0.010182,-0.001472,-0.006583,0.014987
2025-12-16 19:02:47.597,-0.014423,-0.006160,-0.010537,-0.000709,-0.001697,0.008532
2025-12-16 19:02:47.598,-0.015018,-0.006687,-0.009985,0.000075,-0.005581,0.009471
2025-12-16 19:02:47.599,-0.015432,-0.006367,-0.011061,0.001935,-0.000645,0.005206
2025-12-16 19:02:47.600,-0.015128,-0.005281,-0.009593,0.003292,-0.005626,0.008773
2025-12-16 19:02:47.602,-0.015744,-0.004494,-0.010448,0.001776,-0.000122,0.007058
2025-12-16 19:02:47.603,-0.015369,-0.006307,-0.009205,0.002468,-0.007660,0.007868
2025-12-16 19:02:47.604,-0.014813,-0.006990,-0.009006,0.002766,-0.009584,0.008145
2025-12-16 19:02:47.605,-0.017211,-0.005098,-0.010602,0.002383,-0.001614,0.009927
2025-12-16 19:02:47.606,-0.017239,-0.005980,-0.011315,0.001492,0.002679,0.006864
2025-12-16 19:02:47.607,-0.017617,-0.004250,-0.011021,0.001434,0.003591,0.008565
2025-12-16 19:02:47.608,-0.017342,-0.004233,-0.010258,0.001025,-0.001938,0.011025
2025-12-16 19:02:47.609,-0.015995,-0.005556,-0.011262,-0.001792,-0.002580,0.005909
2025-12-16 19:02:47.611,-0.015878,-0.006769,-0.011185,-0.000746,0.002255,0.001300
2025-12-16 19:02:47.612,-0.014947,-0.004742,-0.009296,0.000680,-0.004487,0.007123
2025-12-16 19:02:47.613,-0.017183,-0.005432,-0.011464,-0.000013,-0.003312,0.010941
2025-12-16 19:02:47.614,-0.017534,-0.005335,-0.011695,0.000409,-0.005086,0.012529
2025-12-16 19:02:47.615,-0.016785,-0.003285,-0.011598,0.004286,-0.002846,0.011557
2025-12-16 19:02:47.616,-0.016704,-0.004244,-0.011288,0.002695,-0.001675,0.008488
2025-12-16 19:02:47.617,-0.018144,-0.004694,-0.012225,0.001363,0.000333,0.009685
2025-12-16 19:02:47.618,-0.017511,-0.004763,-0.010964,0.003884,0.000405,0.005258
2025-12-16 19:02:47.620,-0.015842,-0.004117,-0.010891,0.006816,-0.001482,0.004384
2025-12-16 19:02:47.621,-0.015908,-0.003625,-0.009556,0.003708,-0.002755,0.009313
2025-12-16 19:02:47.622,-0.016502,-0.004532,-0.010863,0.002442,0.000470,0.008226
2025-12-16 19:02:47.623,-0.016545,-0.004701,-0.011092,0.002085,0.000930,0.007844
2025-12-16 19:02:47.624,-0.016185,-0.004974,-0.009861,0.002191,0.000216,0.006069
2025-12-16 19:02:47.626,-0.015112,-0.006086,-0.010721,-0.002928,-0.004675,0.007530
2025-12-16 19:02:47.627,-0.015894,-0.004788,-0.010352,-0.001213,-0.007811,0.012303
2025-12-16 19:02:47.628,-0.015919,-0.005758,-0.012205,0.001215,0.001194,0.004097
2025-12-16 19:02:47.629,-0.015950,-0.005222,-0.011624,0.001193,-0.003647,0.008111
2025-12-16 19:02:47.630,-0.017406,-0.005357,-0.012022,0.000754,0.002366,0.006397
2025-12-16 19:02:47.632,-0.017462,-0.005065,-0.012148,0.003059,0.002309,0.004697
2025-12-16 19:02:47.633,-0.017208,-0.005089,-0.011784,0.004103,-0.002405,0.006666
2025-12-16 19:02:47.634,-0.018270,-0.004823,-0.013382,0.002665,0.000352,0.009180
2025-12-16 19:02:47.635,-0.017542,-0.004029,-0.011897,0.005869,0.002860,0.004730
2025-12-16 19:02:47.636,-0.016778,-0.003782,-0.011946,0.004256,-0.000201,0.008139
2025-12-16 19:02:47.637,-0.015578,-0.003610,-0.009721,0.004949,-0.007500,0.010710
2025-12-16 19:02:47.638,-0.016502,-0.004012,-0.010811,0.003707,-0.003451,0.009381
2025-12-16 19:02:47.639,-0.016877,-0.004584,-0.011900,0.002324,-0.001144,0.009200
2025-12-16 19:02:47.640,-0.017576,-0.003868,-0.011517,0.002547,0.002119,0.009231
2025-12-16 19:02:47.641,-0.017239,-0.004089,-0.011543,-0.001696,-0.003564,0.010787
2025-12-16 19:02:47.643,-0.017651,-0.003291,-0.011285,0.000104,-0.005411,0.014047
2025-12-16 19:02:47.644,-0.016459,-0.005883,-0.012773,-0.001974,0.001745,0.001764
2025-12-16 19:02:47.645,-0.015013,-0.006289,-0.011510,0.000204,-0.001072,0.001519
2025-12-16 19:02:47.646,-0.013980,-0.005766,-0.011484,0.002731,0.000436,-0.001661
2025-12-16 19:02:47.647,-0.013157,-0.007590,-0.012405,0.000399,-0.000154,-0.007778
2025-12-16 19:02:47.648,-0.012395,-0.008406,-0.011015,-0.001254,-0.001355,-0.010181
2025-12-16 19:02:47.649,-0.013477,-0.007501,-0.011418,-0.003348,0.001610,-0.008558
2025-12-16 19:02:47.650,-0.013357,-0.006073,-0.010035,-0.001682,0.000526,-0.005134
2025-12-16 19:02:47.652,-0.015104,-0.006481,-0.012111,-0.001623,0.003667,-0.002089
2025-12-16 19:02:47.653,-0.016517,-0.004778,-0.011257,-0.000059,-0.001682,0.007791
2025-12-16 19:02:47.654,-0.016773,-0.004622,-0.011443,-0.000064,0.001908,0.006560
2025-12-16 19:02:47.655,-0.016023,-0.003124,-0.011442,0.001366,0.001808,0.008741
2025-12-16 19:02:47.656,-0.013984,-0.006330,-0.010903,0.001130,-0.001784,0.003318
2025-12-16 19:02:47.657,-0.013371,-0.005198,-0.009600,-0.001661,-0.006713,0.004868
2025-12-16 19:02:47.658,-0.013538,-0.005914,-0.010338,-0.004158,-0.008094,0.003530
2025-12-16 19:02:47.659,-0.015364,-0.004533,-0.011605,-0.003280,-0.001352,0.005577
2025-12-16 19:02:47.660,-0.012773,-0.005391,-0.009526,0.001931,-0.006078,0.000136
2025-12-16 19:02:47.661,-0.012994,-0.006991,-0.009987,0.003527,-0.003256,-0.004000
2025-12-16 19:02:47.663,-0.014753,-0.006649,-0.012483,-0.000023,-0.002459,0.004971
2025-12-16 19:02:47.664,-0.016941,-0.006135,-0.012216,-0.003295,0.003571,0.007357
2025-12-16 19:02:47.665,-0.016226,-0.005698,-0.011844,0.000358,0.004250,0.003490
2025-12-16 19:02:47.666,-0.016009,-0.004131,-0.011289,0.003795,0.003635,0.002794
2025-12-16 19:02:47.667,-0.015413,-0.004037,-0.009824,0.004238,-0.001015,0.005202
2025-12-16 19:02:47.668,-0.015840,-0.004549,-0.010261,0.002936,0.001797,0.004430
2025-12-16 19:02:47.669,-0.014960,-0.006515,-0.011287,-0.000343,0.003473,-0.001744
2025-12-16 19:02:47.670,-0.014796,-0.007821,-0.010933,-0.000802,0.001589,-0.002196
2025-12-16 19:02:47.672,-0.015830,-0.006760,-0.012233,-0.000661,0.001018,0.002885
2025-12-16 19:02:47.673,-0.017648,-0.006267,-0.012977,-0.003014,0.004498,0.007712
2025-12-16 19:02:47.674,-0.014760,-0.006996,-0.012503,0.000211,-0.000352,-0.001728
2025-12-16 19:02:47.675,-0.015365,-0.004694,-0.011811,0.001062,-0.001134,0.004583
2025-12-16 19:02:47.676,-0.015014,-0.005030,-0.010933,0.003847,0.000868,-0.000641
2025-12-16 19:02:47.677,-0.015366,-0.005374,-0.010645,0.003458,0.003439,-0.000773
2025-12-16 19:02:47.678,-0.014209,-0.005416,-0.009476,0.002916,0.001263,-0.001231
2025-12-16 19:02:47.679,-0.015948,-0.004931,-0.010446,0.002474,0.004260,0.001851
2025-12-16 19:02:47.680,-0.013587,-0.005650,-0.010096,0.005104,0.004462,-0.004097
2025-12-16 19:02:47.682,-0.015369,-0.004812,-0.011185,0.004435,0.005267,0.000510
2025-12-16 19:02:47.683,-0.015052,-0.004127,-0.009654,0.006044,0.002982,-0.000185
2025-12-16 19:02:47.684,-0.015031,-0.005421,-0.009820,0.004306,0.004254,-0.001570
2025-12-16 19:02:47.685,-0.013494,-0.006406,-0.010221,0.001169,0.000439,-0.003304
2025-12-16 19:02:47.686,-0.013538,-0.007361,-0.009846,0.001701,0.000130,-0.004464
2025-12-16 19:02:47.687,-0.012876,-0.006435,-0.008822,0.004642,-0.002568,-0.004005
2025-12-16 19:02:47.688,-0.012679,-0.005540,-0.008930,0.001506,-0.002843,-0.003230
2025-12-16 19:02:47.690,-0.012845,-0.006713,-0.010034,0.000973,-0.003808,-0.001550
2025-12-16 19:02:47.691,-0.011524,-0.005342,-0.010242,-0.001848,-0.010544,-0.000578
2025-12-16 19:02:47.692,-0.011787,-0.007748,-0.011465,-0.004605,-0.006690,-0.006050
2025-12-16 19:02:47.693,-0.011791,-0.006571,-0.010170,-0.005850,-0.011781,-0.001208
2025-12-16 19:02:47.694,-0.011987,-0.007210,-0.010804,-0.001552,-0.005164,-0.006437
2025-12-16 19:02:47.695,-0.013945,-0.006873,-0.012481,-0.007356,-0.008307,0.003304
2025-12-16 19:02:47.696,-0.011866,-0.007294,-0.011082,-0.007956,-0.010352,-0.000422
2025-12-16 19:02:47.697,-0.014272,-0.005010,-0.011664,-0.003439,-0.004884,0.000702
2025-12-16 19:02:47.699,-0.014027,-0.007281,-0.011575,-0.005517,-0.006603,0.003563
2025-12-16 19:02:47.700,-0.014676,-0.007424,-0.011346,-0.003432,-0.005100,0.003263
2025-12-16 19:02:47.701,-0.016153,-0.006478,-0.012917,0.000758,0.005114,0.001225
2025-12-16 19:02:47.702,-0.016090,-0.006916,-0.013210,0.000419,0.008089,-0.000304
2025-12-16 19:02:47.703,-0.013851,-0.006885,-0.011046,-0.001926,0.001769,-0.003200
2025-12-16 19:02:47.704,-0.014983,-0.005382,-0.010250,0.001532,0.003516,-0.003384
2025-12-16 19:02:47.705,-0.014753,-0.007134,-0.011100,0.001696,0.003597,-0.004391
2025-12-16 19:02:47.706,-0.016521,-0.004116,-0.012302,0.003309,0.004246,0.002090
2025-12-16 19:02:47.707,-0.015062,-0.005560,-0.011426,0.002732,0.004881,-0.001260
2025-12-16 19:02:47.708,-0.014440,-0.007238,-0.011080,0.003013,0.005939,-0.004400
2025-12-16 19:02:47.709,-0.014551,-0.005465,-0.009865,0.002837,-0.001660,0.003871
2025-12-16 19:02:47.711,-0.013850,-0.005283,-0.009881,-0.000188,-0.005178,0.003990
2025-12-16 19:02:47.712,-0.013317,-0.007310,-0.011866,-0.003417,0.000436,-0.004038
2025-12-16 19:02:47.715,-0.010965,-0.008747,-0.009793,-0.005135,-0.008994,-0.004989
2025-12-16 19:02:47.716,-0.010160,-0.008822,-0.008691,-0.002703,-0.013081,-0.002820
2025-12-16 19:02:47.717,-0.011239,-0.009033,-0.009308,0.000057,-0.010750,-0.004061
2025-12-16 19:02:47.718,-0.012188,-0.008578,-0.009279,0.001031,-0.004339,-0.005336
2025-12-16 19:02:47.719,-0.013626,-0.008198,-0.010509,-0.001363,-0.006538,0.004325
2025-12-16 19:02:47.721,-0.014823,-0.007657,-0.011252,-0.001017,0.001850,0.001715
2025-12-16 19:02:47.722,-0.014763,-0.008782,-0.012681,-0.001044,0.006814,-0.001999
2025-12-16 19:02:47.723,-0.017011,-0.005841,-0.013215,-0.000417,0.004189,0.007047
2025-12-16 19:02:47.724,-0.015497,-0.006154,-0.011839,0.000778,-0.001630,0.007818
2025-12-16 19:02:47.725,-0.015470,-0.005087,-0.012415,0.000598,-0.002949,0.011076
2025-12-16 19:02:47.726,-0.015836,-0.005662,-0.011230,-0.001452,-0.005623,0.014104
2025-12-16 19:02:47.727,-0.015031,-0.005941,-0.009453,0.000414,-0.005683,0.009928
2025-12-16 19:02:47.731,-0.015805,-0.005046,-0.009664,0.002780,0.003316,0.002722
2025-12-16 19:02:47.732,-0.013778,-0.005920,-0.008830,0.003029,-0.000038,0.000688
2025-12-16 19:02:47.733,-0.015293,-0.005191,-0.009744,0.001949,0.001182,0.003941
2025-12-16 19:02:47.734,-0.015955,-0.005624,-0.009892,0.001972,0.003283,0.002843
2025-12-16 19:02:47.736,-0.015293,-0.005067,-0.010034,0.004545,0.006436,-0.001376
2025-12-16 19:02:47.737,-0.015603,-0.005360,-0.009831,0.003746,0.001229,0.002750
2025-12-16 19:02:47.739,-0.015205,-0.006184,-0.009727,0.003126,0.002893,0.001155
2025-12-16 19:02:47.742,-0.015481,-0.004890,-0.008611,0.005317,0.003870,-0.001579
2025-12-16 19:02:47.743,-0.015032,-0.006817,-0.009156,0.000285,0.000510,-0.002645
2025-12-16 19:02:47.745,-0.016958,-0.008387,-0.011427,0.000049,0.009571,-0.004676
2025-12-16 19:02:47.746,-0.017606,-0.008398,-0.011763,-0.000749,0.009692,-0.003690
2025-12-16 19:02:47.747,-0.018144,-0.006957,-0.012284,0.000057,0.004985,0.003523
2025-12-16 19:02:47.748,-0.018000,-0.006845,-0.012667,-0.000259,0.006215,0.003281
2025-12-16 19:02:47.749,-0.017248,-0.007757,-0.013316,-0.000165,0.006886,0.001720
2025-12-16 19:02:47.751,-0.013503,-0.008189,-0.009490,0.000475,0.002005,-0.007399
2025-12-16 19:02:47.752,-0.014215,-0.008509,-0.010392,-0.000191,0.004144,-0.006255
2025-12-16 19:02:47.755,-0.013467,-0.006075,-0.007118,-0.001081,-0.008016,0.000972
2025-12-16 19:02:47.756,-0.014083,-0.005375,-0.007867,0.002455,-0.003600,-0.002697
2025-12-16 19:02:47.757,-0.014827,-0.006270,-0.009797,0.000622,-0.003994,0.001143
2025-12-16 19:02:47.759,-0.015630,-0.005323,-0.007984,0.001695,-0.006390,0.004493
2025-12-16 19:02:47.760,-0.015187,-0.006362,-0.007958,-0.000791,-0.004268,0.000413
2025-12-16 19:02:47.761,-0.016181,-0.005500,-0.009097,-0.000740,-0.002883,0.004250
2025-12-16 19:02:47.762,-0.016200,-0.004676,-0.009082,0.000046,-0.000857,0.004665
2025-12-16 19:02:47.763,-0.016074,-0.004666,-0.009195,0.002343,0.002360,-0.000350
2025-12-16 19:02:47.765,-0.016060,-0.005093,-0.008056,0.002824,0.000784,0.001635
2025-12-16 19:02:47.766,-0.016396,-0.007943,-0.009108,0.002053,0.002731,-0.002953
2025-12-16 19:02:47.767,-0.016381,-0.007475,-0.008940,0.002666,0.003940,-0.002265
2025-12-16 19:02:47.768,-0.015717,-0.007950,-0.010194,0.003949,0.007752,-0.008324
2025-12-16 19:02:47.770,-0.015799,-0.007286,-0.008724,0.003432,0.001703,-0.003017
2025-12-16 19:02:47.771,-0.018161,-0.008187,-0.010759,-0.001311,0.003483,0.003643
2025-12-16 19:02:47.772,-0.019704,-0.007291,-0.012150,-0.000956,0.009918,0.003231
2025-12-16 19:02:47.773,-0.018559,-0.008357,-0.012568,-0.000456,0.008237,0.001433
2025-12-16 19:02:47.774,-0.019390,-0.006457,-0.012455,-0.000450,0.007697,0.005422
2025-12-16 19:02:47.776,-0.019762,-0.008052,-0.013071,-0.000877,0.007609,0.004304
2025-12-16 19:02:47.777,-0.020267,-0.007585,-0.012162,-0.000916,0.002172,0.007766
2025-12-16 19:02:47.778,-0.018090,-0.008156,-0.010026,0.000499,0.001317,0.002773
2025-12-16 19:02:47.779,-0.017749,-0.007062,-0.009771,0.001318,0.000168,0.005069
2025-12-16 19:02:47.780,-0.017935,-0.009216,-0.010513,-0.002572,0.000143,0.000504
2025-12-16 19:02:47.782,-0.019820,-0.007063,-0.010505,-0.004050,0.001841,0.007955
2025-12-16 19:02:47.783,-0.020165,-0.005981,-0.010103,-0.002091,0.006109,0.005507
2025-12-16 19:02:47.784,-0.020907,-0.007431,-0.011216,-0.000045,0.005511,0.001773
2025-12-16 19:02:47.787,-0.020754,-0.005736,-0.010248,-0.000416,0.000414,0.005246
2025-12-16 19:02:47.788,-0.020545,-0.005784,-0.009625,0.002794,0.002762,0.001100
2025-12-16 19:02:47.790,-0.021191,-0.004480,-0.009866,0.004288,0.005267,0.001029
2025-12-16 19:02:47.791,-0.022352,-0.006347,-0.011036,0.001900,0.011448,-0.000972
2025-12-16 19:02:47.792,-0.019764,-0.007055,-0.008768,0.005275,0.008038,-0.005928
2025-12-16 19:02:47.793,-0.020713,-0.007316,-0.010009,0.004131,0.010941,-0.003966
2025-12-16 19:02:47.795,-0.019233,-0.007967,-0.008732,0.004445,0.008645,-0.006642
2025-12-16 19:02:47.796,-0.019206,-0.009089,-0.009574,0.002715,0.008591,-0.007197
2025-12-16 19:02:47.797,-0.019870,-0.009030,-0.009863,0.004449,0.011499,-0.010067
2025-12-16 19:02:47.799,-0.019826,-0.009245,-0.010303,0.003601,0.010606,-0.007670
2025-12-16 19:02:47.800,-0.020062,-0.007461,-0.009689,0.003190,0.006649,-0.002004
2025-12-16 19:02:47.801,-0.017690,-0.009928,-0.009215,0.001478,0.005044,-0.009046
2025-12-16 19:02:47.802,-0.019248,-0.009532,-0.009714,0.000468,0.004106,-0.004836
2025-12-16 19:02:47.803,-0.020187,-0.009466,-0.010935,-0.002641,0.005332,0.000933
2025-12-16 19:02:47.805,-0.019488,-0.010234,-0.009891,-0.000536,0.004555,-0.001519
2025-12-16 19:02:47.806,-0.019666,-0.009182,-0.009466,-0.000328,0.002213,0.001385
2025-12-16 19:02:47.807,-0.019794,-0.010250,-0.009991,-0.001740,0.002174,0.000065
2025-12-16 19:02:47.809,-0.018816,-0.010286,-0.009808,-0.001331,0.004171,-0.002221
2025-12-16 19:02:47.810,-0.019399,-0.009903,-0.009682,-0.000258,0.005385,-0.001778
2025-12-16 19:02:47.811,-0.018688,-0.011024,-0.009383,-0.002649,-0.000652,0.002886
2025-12-16 19:02:47.812,-0.019624,-0.009817,-0.008285,-0.001766,-0.002299,0.004466
2025-12-16 19:02:47.813,-0.020643,-0.010334,-0.010025,-0.002319,0.000939,0.003723
2025-12-16 19:02:47.814,-0.020732,-0.010150,-0.010620,-0.002824,0.001561,0.003289
2025-12-16 19:02:47.815,-0.021125,-0.008656,-0.009850,-0.001301,-0.000395,0.006565
2025-12-16 19:02:47.817,-0.020598,-0.009149,-0.010012,-0.000098,0.003267,0.002731
2025-12-16 19:02:47.821,-0.020140,-0.010976,-0.008579,0.001399,0.006179,-0.007042
2025-12-16 19:02:47.822,-0.021691,-0.010591,-0.009209,0.000345,0.007984,-0.004614
2025-12-16 19:02:47.824,-0.022175,-0.011091,-0.009234,-0.000173,0.004652,-0.002048
2025-12-16 19:02:47.825,-0.021506,-0.009902,-0.010140,-0.000421,0.008199,-0.002393
2025-12-16 19:02:47.826,-0.022075,-0.009945,-0.010936,-0.002719,0.007352,0.003009
2025-12-16 19:02:47.827,-0.022227,-0.009982,-0.011526,-0.002659,0.006648,0.003293
2025-12-16 19:02:47.828,-0.020328,-0.011075,-0.009144,-0.001437,0.001711,0.000092
2025-12-16 19:02:47.829,-0.022024,-0.010898,-0.009983,-0.004671,0.002400,0.005365
2025-12-16 19:02:47.831,-0.021501,-0.009996,-0.008586,-0.003395,0.001624,0.006085
2025-12-16 19:02:47.832,-0.020352,-0.012078,-0.009530,-0.003808,0.000313,0.002396
2025-12-16 19:02:47.833,-0.021908,-0.009999,-0.010038,-0.002519,0.000419,0.007196
2025-12-16 19:02:47.835,-0.022000,-0.010233,-0.010339,-0.004836,0.002410,0.007201
2025-12-16 19:02:47.836,-0.020789,-0.010063,-0.009365,-0.002704,-0.002824,0.007749
2025-12-16 19:02:47.837,-0.021694,-0.010424,-0.010989,-0.002385,0.000996,0.006474
2025-12-16 19:02:47.838,-0.021086,-0.010797,-0.010680,-0.001754,0.004278,0.001265
2025-12-16 19:02:47.839,-0.021272,-0.009355,-0.009950,-0.001946,-0.001697,0.007092
2025-12-16 19:02:47.840,-0.020520,-0.010833,-0.009947,-0.001446,0.002877,0.000327
2025-12-16 19:02:47.842,-0.021262,-0.009492,-0.009455,-0.003195,0.001193,0.006780
2025-12-16 19:02:47.843,-0.022079,-0.007437,-0.007931,-0.001848,-0.001204,0.009869
2025-12-16 19:02:47.844,-0.021367,-0.009311,-0.007545,-0.001786,-0.001841,0.005025
2025-12-16 19:02:47.845,-0.022328,-0.009456,-0.007673,-0.004027,-0.000922,0.008196
2025-12-16 19:02:47.847,-0.022589,-0.009669,-0.009097,-0.003424,0.001588,0.006396
2025-12-16 19:02:47.848,-0.022425,-0.012030,-0.010527,-0.005486,0.005667,0.003651
2025-12-16 19:02:47.849,-0.022836,-0.011303,-0.011993,-0.003576,0.009113,0.001922
2025-12-16 19:02:47.850,-0.022385,-0.010985,-0.010167,-0.002893,0.007345,0.000107
2025-12-16 19:02:47.851,-0.022057,-0.011205,-0.009794,-0.002149,0.004945,0.000242
2025-12-16 19:02:47.853,-0.019641,-0.012264,-0.008159,-0.000843,0.004628,-0.005795
2025-12-16 19:02:47.855,-0.020040,-0.013872,-0.009514,-0.004045,0.004822,-0.003992
2025-12-16 19:02:47.856,-0.021695,-0.012447,-0.009602,-0.003687,0.004469,-0.000723
2025-12-16 19:02:47.858,-0.021726,-0.011639,-0.009380,-0.002506,0.008050,-0.003384
2025-12-16 19:02:47.859,-0.021831,-0.013076,-0.010747,-0.002727,0.011840,-0.006859
2025-12-16 19:02:47.860,-0.021633,-0.013748,-0.010115,-0.003221,0.005745,-0.005083
2025-12-16 19:02:47.861,-0.021166,-0.013013,-0.010526,-0.002821,0.005268,-0.004202
2025-12-16 19:02:47.862,-0.020860,-0.011395,-0.008981,-0.003864,-0.000050,0.003177
2025-12-16 19:02:47.863,-0.021960,-0.011884,-0.009807,-0.006185,0.001216,0.005476
2025-12-16 19:02:47.865,-0.021528,-0.011811,-0.009103,-0.005993,-0.000760,0.006424
2025-12-16 19:02:47.866,-0.020331,-0.011390,-0.006553,-0.006464,-0.007251,0.009301
2025-12-16 19:02:47.867,-0.020129,-0.010580,-0.005950,-0.003534,-0.004929,0.006392
2025-12-16 19:02:47.868,-0.020511,-0.010504,-0.006562,-0.003173,0.000813,0.001150
2025-12-16 19:02:47.870,-0.021640,-0.009931,-0.007561,-0.002625,-0.000370,0.004698
2025-12-16 19:02:47.871,-0.021696,-0.011420,-0.009492,-0.002611,0.004556,-0.000161
2025-12-16 19:02:47.872,-0.022340,-0.007800,-0.007616,-0.001846,-0.001935,0.008087
2025-12-16 19:02:47.874,-0.021044,-0.009835,-0.007115,-0.001606,0.000465,0.001224
2025-12-16 19:02:47.876,-0.023271,-0.009376,-0.007773,-0.003249,0.005180,0.003460
2025-12-16 19:02:47.877,-0.021304,-0.008504,-0.005880,-0.001126,-0.000796,0.004452
2025-12-16 19:02:47.879,-0.021883,-0.009046,-0.006672,-0.001653,0.002450,0.002227
2025-12-16 19:02:47.880,-0.019777,-0.009995,-0.004867,-0.000341,-0.002111,-0.000203
2025-12-16 19:02:47.881,-0.019151,-0.010627,-0.004062,0.000442,-0.004433,-0.001634
2025-12-16 19:02:47.882,-0.019775,-0.010838,-0.005189,-0.000102,-0.002580,-0.001795
2025-12-16 19:02:47.885,-0.020078,-0.013123,-0.006391,-0.002250,-0.000797,-0.004046
2025-12-16 19:02:47.886,-0.019525,-0.013370,-0.007160,-0.001701,-0.000902,-0.004519
2025-12-16 19:02:47.887,-0.018668,-0.013826,-0.007019,-0.001473,-0.001352,-0.006456
2025-12-16 19:02:47.889,-0.019014,-0.012846,-0.005693,-0.001196,-0.001277,-0.006122
2025-12-16 19:02:47.890,-0.018624,-0.010175,-0.004153,0.000373,-0.002690,-0.003666
2025-12-16 19:02:47.891,-0.019575,-0.010712,-0.005992,-0.000339,0.001950,-0.004829
2025-12-16 19:02:47.893,-0.019335,-0.010361,-0.006529,-0.000295,0.003957,-0.004671
2025-12-16 19:02:47.894,-0.018417,-0.010246,-0.007170,0.002078,0.006009,-0.008673
2025-12-16 19:02:47.895,-0.018328,-0.013176,-0.007555,-0.001819,0.003034,-0.008346
2025-12-16 19:02:47.897,-0.018823,-0.013336,-0.007814,-0.003290,0.001572,-0.005407
2025-12-16 19:02:47.898,-0.020260,-0.011029,-0.009150,-0.002144,0.001262,0.001280
2025-12-16 19:02:47.899,-0.021850,-0.011289,-0.009577,-0.004364,0.002707,0.004117
2025-12-16 19:02:47.900,-0.021073,-0.009202,-0.007835,-0.003010,-0.000281,0.005929
2025-12-16 19:02:47.902,-0.020448,-0.010135,-0.007957,-0.003795,0.001962,0.003597
2025-12-16 19:02:47.903,-0.021059,-0.009277,-0.007447,-0.001877,-0.001094,0.006199
2025-12-16 19:02:47.904,-0.020317,-0.010178,-0.006627,-0.001391,-0.007236,0.006245
2025-12-16 19:02:47.905,-0.019067,-0.011907,-0.006345,-0.001123,-0.006797,0.001388
2025-12-16 19:02:47.906,-0.020817,-0.010108,-0.008054,-0.003465,-0.001490,0.006771
2025-12-16 19:02:47.908,-0.022079,-0.010872,-0.009235,-0.002495,0.003097,0.002754
2025-12-16 19:02:47.909,-0.019560,-0.011019,-0.007406,-0.001564,-0.004838,0.002678
2025-12-16 19:02:47.911,-0.019541,-0.009679,-0.006267,0.000006,-0.005825,0.003852
2025-12-16 19:02:47.912,-0.019612,-0.009557,-0.006101,0.000667,-0.008116,0.004868
2025-12-16 19:02:47.913,-0.019120,-0.009412,-0.003861,0.001209,-0.009753,0.002744
2025-12-16 19:02:47.914,-0.019032,-0.008384,-0.004366,0.002618,-0.009041,0.004430
2025-12-16 19:02:47.915,-0.020074,-0.008097,-0.004285,-0.000326,-0.007907,0.007674
2025-12-16 19:02:47.916,-0.018466,-0.009543,-0.003903,-0.000480,-0.007779,0.002479
2025-12-16 19:02:47.917,-0.018620,-0.009991,-0.004384,-0.002406,-0.007947,0.004909
2025-12-16 19:02:47.918,-0.019891,-0.010788,-0.005997,-0.004919,-0.005068,0.006901
2025-12-16 19:02:47.920,-0.018860,-0.013463,-0.005366,-0.004398,-0.007729,0.000619
2025-12-16 19:02:47.921,-0.018376,-0.012891,-0.005765,-0.004445,-0.004433,-0.000207
2025-12-16 19:02:47.922,-0.018036,-0.013225,-0.006481,-0.003931,-0.007760,0.001132
2025-12-16 19:02:47.923,-0.018328,-0.014244,-0.008251,-0.003931,-0.005174,-0.001230
2025-12-16 19:02:47.924,-0.018982,-0.011188,-0.007884,-0.001945,-0.001289,-0.000021
2025-12-16 19:02:47.925,-0.019572,-0.009209,-0.007515,-0.001382,-0.000434,0.003162
2025-12-16 19:02:47.927,-0.017966,-0.011153,-0.006764,-0.000712,-0.007216,0.000857
2025-12-16 19:02:47.929,-0.018491,-0.009492,-0.005314,0.002897,-0.000317,-0.004865
2025-12-16 19:02:47.930,-0.019163,-0.010986,-0.006786,-0.000684,-0.003471,0.000145
2025-12-16 19:02:47.931,-0.020080,-0.009503,-0.007607,0.000221,0.000574,0.001624
2025-12-16 19:02:47.932,-0.018488,-0.012347,-0.007391,-0.003117,-0.006628,0.002841
2025-12-16 19:02:47.934,-0.018422,-0.012513,-0.007038,-0.002436,-0.002056,-0.002030
2025-12-16 19:02:47.935,-0.017438,-0.011175,-0.004903,0.002121,-0.006263,-0.004659
2025-12-16 19:02:47.936,-0.017310,-0.009813,-0.003952,0.003125,-0.012630,0.000789
2025-12-16 19:02:47.937,-0.017643,-0.008781,-0.003662,0.002301,-0.010005,0.001059
2025-12-16 19:02:47.939,-0.017644,-0.010168,-0.005989,0.002629,-0.001120,-0.006638
2025-12-16 19:02:47.940,-0.017953,-0.008530,-0.004722,0.003326,-0.008498,0.000428
2025-12-16 19:02:47.942,-0.017784,-0.008754,-0.004091,0.003217,-0.006709,-0.001321
2025-12-16 19:02:47.943,-0.019845,-0.008284,-0.005122,0.002076,-0.001806,-0.000248
2025-12-16 19:02:47.944,-0.020414,-0.007997,-0.006091,0.001222,-0.003833,0.003350
2025-12-16 19:02:47.945,-0.020747,-0.006347,-0.005504,0.001857,-0.004827,0.006759
2025-12-16 19:02:47.946,-0.020207,-0.007564,-0.005592,0.001210,-0.002543,0.002558
2025-12-16 19:02:47.947,-0.018765,-0.007555,-0.004111,0.001891,-0.004705,0.001693
2025-12-16 19:02:47.949,-0.021014,-0.008130,-0.007488,-0.000120,0.003510,0.001753
2025-12-16 19:02:47.950,-0.021869,-0.008320,-0.007929,0.000039,0.003899,0.001647
2025-12-16 19:02:47.951,-0.019581,-0.008972,-0.006505,0.000689,0.001193,-0.001148
2025-12-16 19:02:47.952,-0.020991,-0.009089,-0.008942,-0.000605,0.007975,-0.002243
2025-12-16 19:02:47.953,-0.023526,-0.008048,-0.011020,-0.001403,0.012633,0.001581
2025-12-16 19:02:47.954,-0.022772,-0.009019,-0.009652,-0.001428,0.007876,0.001163
2025-12-16 19:02:47.955,-0.021116,-0.010159,-0.008416,0.002083,0.007635,-0.006474
2025-12-16 19:02:47.956,-0.021806,-0.011796,-0.010986,-0.000039,0.014915,-0.010068
2025-12-16 19:02:47.958,-0.022124,-0.008846,-0.008699,0.000562,0.004497,-0.000013
2025-12-16 19:02:47.959,-0.021007,-0.008739,-0.007928,0.000734,-0.001266,0.002299
2025-12-16 19:02:47.960,-0.022860,-0.008160,-0.008226,0.002719,0.004427,-0.000128
2025-12-16 19:02:47.961,-0.021745,-0.008314,-0.006853,0.002652,0.003931,-0.002311
2025-12-16 19:02:47.963,-0.021108,-0.007351,-0.005485,0.003098,-0.003789,0.003410
2025-12-16 19:02:47.964,-0.019717,-0.007426,-0.004477,0.002541,-0.005971,0.002499
2025-12-16 19:02:47.965,-0.019972,-0.008095,-0.004805,0.001689,-0.001967,0.000423
2025-12-16 19:02:47.966,-0.022101,-0.007264,-0.006363,0.000572,0.003086,0.001788
2025-12-16 19:02:47.967,-0.023398,-0.007051,-0.006834,0.000774,0.004426,0.003536
2025-12-16 19:02:47.968,-0.024117,-0.007167,-0.007825,0.000568,0.001410,0.007257
2025-12-16 19:02:47.970,-0.022882,-0.007375,-0.007438,0.002150,0.005485,-0.000101
2025-12-16 19:02:47.971,-0.021843,-0.008247,-0.006397,0.003091,0.003391,-0.002075
2025-12-16 19:02:47.972,-0.023142,-0.006611,-0.006986,0.001266,0.004274,0.002421
2025-12-16 19:02:47.973,-0.023677,-0.006620,-0.007354,0.001212,0.000063,0.007266
2025-12-16 19:02:47.974,-0.023644,-0.007794,-0.007404,0.000915,0.004019,0.002730
2025-12-16 19:02:47.976,-0.022767,-0.008918,-0.007329,0.001995,0.005047,-0.003228
2025-12-16 19:02:47.977,-0.021495,-0.009452,-0.004335,0.002546,-0.001465,-0.002647
2025-12-16 19:02:47.978,-0.022636,-0.008529,-0.006374,0.001378,0.002733,-0.000392
2025-12-16 19:02:47.979,-0.023325,-0.008569,-0.006936,0.001167,0.004110,0.000513
2025-12-16 19:02:47.980,-0.021948,-0.007227,-0.004563,0.001676,0.001328,0.000669
2025-12-16 19:02:47.982,-0.022338,-0.006592,-0.005359,0.001912,0.001601,0.002999
2025-12-16 19:02:47.983,-0.022612,-0.006010,-0.004358,0.001908,-0.001748,0.005961
2025-12-16 19:02:47.984,-0.023727,-0.005705,-0.006201,0.000498,0.004795,0.005405
2025-12-16 19:02:47.985,-0.023519,-0.005243,-0.005021,0.001246,0.002959,0.005584
2025-12-16 19:02:47.986,-0.021043,-0.006842,-0.003737,0.003446,-0.001018,-0.000585
2025-12-16 19:02:47.987,-0.021238,-0.007219,-0.004164,0.005710,0.001193,-0.003981
2025-12-16 19:02:47.989,-0.022375,-0.006831,-0.004281,0.004603,0.002670,-0.002340
2025-12-16 19:02:47.990,-0.022469,-0.006408,-0.004184,0.006224,0.003763,-0.003733
2025-12-16 19:02:47.991,-0.021202,-0.005041,-0.003022,0.007841,0.000315,-0.003822
2025-12-16 19:02:47.992,-0.021439,-0.009223,-0.006508,-0.003081,0.000498,-0.009453
2025-12-16 19:02:47.994,-0.021286,-0.007325,-0.005727,-0.001462,0.001622,-0.005219
2025-12-16 19:02:47.995,-0.022034,-0.006176,-0.004608,-0.002267,0.004951,-0.000101
2025-12-16 19:02:47.996,-0.021490,-0.007458,-0.005018,0.000968,0.005001,-0.005293
2025-12-16 19:02:47.998,-0.022243,-0.008776,-0.006207,0.000124,0.007888,-0.005454
2025-12-16 19:02:47.999,-0.020906,-0.007181,-0.004399,0.001197,0.001522,-0.001037
2025-12-16 19:02:48.000,-0.021926,-0.007147,-0.005360,0.000103,0.003379,0.000446
2025-12-16 19:02:48.002,-0.021134,-0.009130,-0.005359,-0.000092,0.008757,-0.006740
2025-12-16 19:02:48.003,-0.019639,-0.010447,-0.005086,0.000446,0.004699,-0.007801
2025-12-16 19:02:48.004,-0.020217,-0.007997,-0.004212,0.001466,0.004539,-0.004590
2025-12-16 19:02:48.005,-0.020002,-0.007420,-0.004020,0.001507,-0.002837,0.001026
2025-12-16 19:02:48.006,-0.018815,-0.008589,-0.003908,0.002049,-0.004470,-0.001236
2025-12-16 19:02:48.007,-0.020365,-0.008881,-0.006158,0.000827,0.004851,-0.003462
2025-12-16 19:02:48.009,-0.021591,-0.008041,-0.006064,0.000309,0.006830,-0.001847
2025-12-16 19:02:48.010,-0.021163,-0.007292,-0.004172,0.001377,-0.000152,0.001384
2025-12-16 19:02:48.011,-0.020618,-0.008280,-0.004367,0.001501,0.000159,-0.000341
2025-12-16 19:02:48.012,-0.019518,-0.007773,-0.003340,0.001857,-0.001959,-0.000599
2025-12-16 19:02:48.013,-0.019309,-0.005653,-0.001500,0.000745,-0.002646,0.003331
2025-12-16 19:02:48.014,-0.018358,-0.006602,-0.001041,0.001502,-0.001797,-0.000136
2025-12-16 19:02:48.015,-0.018580,-0.007377,-0.002481,0.000700,-0.000838,-0.001111
2025-12-16 19:02:48.017,-0.020997,-0.006303,-0.004049,0.000734,0.003730,0.001292
2025-12-16 19:02:48.018,-0.022551,-0.005889,-0.005233,-0.001521,0.005381,0.005824
2025-12-16 19:02:48.019,-0.021833,-0.005554,-0.004725,-0.000575,0.003099,0.005339
2025-12-16 19:02:48.020,-0.021174,-0.006069,-0.004487,0.000447,0.000313,0.004591
2025-12-16 19:02:48.021,-0.021795,-0.005816,-0.005075,0.000633,0.000613,0.006097
2025-12-16 19:02:48.022,-0.020714,-0.006312,-0.004672,0.001200,0.001584,0.002550
2025-12-16 19:02:48.023,-0.021135,-0.004545,-0.002449,0.002483,-0.000946,0.005075
2025-12-16 19:02:48.024,-0.021324,-0.005520,-0.003557,0.000980,0.001603,0.002625
2025-12-16 19:02:48.025,-0.022393,-0.005103,-0.004410,0.000932,0.001206,0.005895
2025-12-16 19:02:48.027,-0.021408,-0.004618,-0.003931,0.004227,0.001512,0.001974
2025-12-16 19:02:48.028,-0.020162,-0.005565,-0.003062,0.003033,-0.001422,0.000924
2025-12-16 19:02:48.029,-0.020942,-0.004269,-0.003738,0.003598,0.000590,0.003454
2025-12-16 19:02:48.030,-0.021829,-0.004756,-0.004240,0.001472,0.001665,0.003955
2025-12-16 19:02:48.031,-0.020723,-0.005692,-0.004302,0.001938,0.001169,0.001950
2025-12-16 19:02:48.033,-0.020068,-0.005165,-0.003755,0.002871,0.005137,-0.000458
2025-12-16 19:02:48.034,-0.020485,-0.004577,-0.003454,0.003434,0.005364,0.000514
2025-12-16 19:02:48.035,-0.020376,-0.005370,-0.003806,0.002021,0.003413,0.000651
2025-12-16 19:02:48.036,-0.019767,-0.005357,-0.003559,0.005252,0.001460,-0.001879
2025-12-16 19:02:48.037,-0.020953,-0.005058,-0.004633,0.003540,0.004995,-0.001109
2025-12-16 19:02:48.039,-0.020214,-0.004645,-0.003403,0.004086,0.005178,-0.001523
2025-12-16 19:02:48.040,-0.018249,-0.007124,-0.001869,-0.001651,-0.003764,-0.002093
2025-12-16 19:02:48.041,-0.019337,-0.006282,-0.003126,-0.001431,-0.001780,0.000709
2025-12-16 19:02:48.042,-0.019500,-0.005186,-0.002932,-0.000296,-0.001515,0.001836
2025-12-16 19:02:48.043,-0.020101,-0.006536,-0.004668,-0.001986,0.004301,-0.006184
2025-12-16 19:02:48.044,-0.019781,-0.005557,-0.003616,-0.000018,0.000207,-0.002484
2025-12-16 19:02:48.046,-0.020177,-0.004900,-0.003571,0.000936,0.001967,-0.001157
2025-12-16 19:02:48.047,-0.021309,-0.005311,-0.004880,0.001442,0.008336,-0.002009
2025-12-16 19:02:48.048,-0.020266,-0.005560,-0.003386,0.001687,0.002996,-0.000853
2025-12-16 19:02:48.049,-0.021163,-0.004244,-0.003361,0.000047,-0.000940,0.007401
2025-12-16 19:02:48.050,-0.022533,-0.004432,-0.004758,-0.000752,0.001509,0.007999
2025-12-16 19:02:48.051,-0.023268,-0.004704,-0.005730,-0.000650,0.007036,0.005678
2025-12-16 19:02:48.052,-0.022954,-0.005878,-0.006086,-0.000783,0.008290,0.001791
2025-12-16 19:02:48.054,-0.023217,-0.004206,-0.005639,0.000471,0.009911,0.004115
2025-12-16 19:02:48.055,-0.020949,-0.004420,-0.002644,0.001633,0.002538,0.001931
2025-12-16 19:02:48.056,-0.020789,-0.005184,-0.003864,-0.001407,0.004888,-0.001693
2025-12-16 19:02:48.057,-0.018521,-0.006326,-0.002628,-0.003748,-0.001929,-0.008241
2025-12-16 19:02:48.058,-0.019065,-0.004434,-0.002515,-0.004285,-0.002016,-0.000094
2025-12-16 19:02:48.059,-0.018943,-0.004903,-0.002403,-0.000390,-0.001678,-0.002811
2025-12-16 19:02:48.061,-0.018873,-0.004918,-0.002524,0.003727,-0.002027,-0.003356
2025-12-16 19:02:48.062,-0.019861,-0.005551,-0.003218,0.001476,0.005869,-0.010163
2025-12-16 19:02:48.064,-0.019322,-0.004793,-0.002083,0.002124,0.000996,-0.005123
2025-12-16 19:02:48.065,-0.019286,-0.004769,-0.001755,0.002519,-0.000243,-0.002563
2025-12-16 19:02:48.066,-0.018965,-0.005040,-0.001584,0.002981,0.003125,-0.004857
2025-12-16 19:02:48.067,-0.020253,-0.005767,-0.003838,-0.001669,0.004968,-0.006060
2025-12-16 19:02:48.069,-0.021458,-0.004606,-0.003797,-0.000670,0.009021,-0.003678
2025-12-16 19:02:48.073,-0.022406,-0.005292,-0.004560,0.001622,0.017584,-0.009365
2025-12-16 19:02:48.074,-0.023054,-0.005644,-0.005174,0.000073,0.016082,-0.003817
2025-12-16 19:02:48.075,-0.023364,-0.005588,-0.004438,0.000300,0.015061,-0.004149
2025-12-16 19:02:48.076,-0.023034,-0.004555,-0.004562,0.001209,0.012881,-0.000659
2025-12-16 19:02:48.077,-0.020651,-0.005992,-0.002865,-0.002131,0.003565,-0.004265
2025-12-16 19:02:48.078,-0.020876,-0.005614,-0.003150,-0.001269,0.003840,-0.002227
2025-12-16 19:02:48.079,-0.019429,-0.005470,-0.001367,-0.002375,0.003623,-0.006835
2025-12-16 19:02:48.081,-0.019724,-0.005539,-0.002106,-0.002668,0.007391,-0.003382
2025-12-16 19:02:48.082,-0.020061,-0.004640,-0.002072,-0.000838,0.007721,-0.002736
2025-12-16 19:02:48.083,-0.019905,-0.004273,-0.001588,0.000088,0.002935,0.000530
2025-12-16 19:02:48.085,-0.017667,-0.005926,0.000694,-0.001416,-0.008441,-0.001733
2025-12-16 19:02:48.086,-0.019860,-0.006388,-0.002982,-0.004367,0.005151,-0.006767
2025-12-16 19:02:48.087,-0.019880,-0.004874,-0.002595,-0.002353,0.001063,-0.000865
2025-12-16 19:02:48.088,-0.019481,-0.005612,-0.003009,-0.001025,0.003336,-0.003679
2025-12-16 19:02:48.089,-0.019462,-0.005249,-0.001457,-0.000127,-0.004205,0.001253
2025-12-16 19:02:48.090,-0.020966,-0.002885,-0.001954,0.001555,0.002623,0.002968
2025-12-16 19:02:48.091,-0.020263,-0.003501,-0.000825,0.001880,0.001154,0.001241
2025-12-16 19:02:48.093,-0.021347,-0.004532,-0.001377,-0.001013,0.004374,0.001669
2025-12-16 19:02:48.094,-0.021280,-0.004179,-0.001522,-0.000088,0.004432,0.001219
2025-12-16 19:02:48.095,-0.020826,-0.005438,-0.002963,-0.002132,0.007775,-0.004207
2025-12-16 19:02:48.096,-0.019868,-0.004699,-0.000576,-0.000259,0.003879,-0.003458
2025-12-16 19:02:48.097,-0.020981,-0.002824,0.000197,0.001066,0.000174,0.003366
2025-12-16 19:02:48.098,-0.019796,-0.002885,0.001448,0.002945,-0.002571,0.002246
2025-12-16 19:02:48.099,-0.019106,-0.004149,0.001426,0.002467,-0.002571,-0.000345
2025-12-16 19:02:48.100,-0.020581,-0.001126,0.001614,0.004101,0.000265,0.003392
2025-12-16 19:02:48.102,-0.020110,-0.003064,0.001580,0.002961,-0.002487,0.001694
2025-12-16 19:02:48.103,-0.020352,-0.004167,-0.000332,-0.000069,-0.005925,0.002810
2025-12-16 19:02:48.104,-0.018084,-0.004010,0.001685,0.002280,-0.008953,0.001005
2025-12-16 19:02:48.105,-0.018314,-0.004610,0.000280,0.002678,-0.001710,-0.003101
2025-12-16 19:02:48.106,-0.018165,-0.003739,0.001856,0.003384,-0.006712,0.000476
2025-12-16 19:02:48.107,-0.017922,-0.005011,-0.000160,-0.000881,-0.003773,-0.003676
2025-12-16 19:02:48.108,-0.017485,-0.005514,0.000654,-0.002915,-0.011175,-0.001887
2025-12-16 19:02:48.110,-0.017672,-0.003093,0.001550,0.001006,-0.005442,-0.000808
2025-12-16 19:02:48.111,-0.016457,-0.004775,0.002533,-0.000917,-0.008193,-0.005719
2025-12-16 19:02:48.112,-0.017304,-0.004574,0.001647,0.000423,-0.004249,-0.005493
2025-12-16 19:02:48.113,-0.017946,-0.004070,0.000137,-0.001604,-0.003218,-0.004785
2025-12-16 19:02:48.114,-0.015600,-0.004913,0.002773,0.000306,-0.010383,-0.005469
2025-12-16 19:02:48.115,-0.017141,-0.005283,0.000440,-0.000097,-0.003814,-0.005723
2025-12-16 19:02:48.117,-0.017023,-0.003474,0.002817,0.004930,-0.004293,-0.005021
2025-12-16 19:02:48.118,-0.016078,-0.005071,0.003045,0.004055,-0.005227,-0.012904
2025-12-16 19:02:48.119,-0.017064,-0.002636,0.003519,0.004355,-0.005594,-0.006426
2025-12-16 19:02:48.120,-0.017181,-0.003791,0.002506,0.004304,-0.003397,-0.006744
2025-12-16 19:02:48.121,-0.019418,-0.002860,0.000149,0.000770,0.003229,-0.000871
2025-12-16 19:02:48.122,-0.018857,-0.002883,0.000352,-0.001073,-0.004934,0.001894
2025-12-16 19:02:48.123,-0.017537,-0.003242,0.000878,0.000315,-0.005183,0.000198
2025-12-16 19:02:48.125,-0.017311,-0.003628,0.000289,-0.000753,-0.003022,0.001915
2025-12-16 19:02:48.126,-0.017807,-0.003357,-0.000465,-0.003228,0.000105,-0.001721
2025-12-16 19:02:48.127,-0.018052,-0.004580,-0.000204,-0.001391,0.000146,-0.002267
2025-12-16 19:02:48.128,-0.019953,-0.002137,-0.001152,0.000125,-0.000582,0.004264
2025-12-16 19:02:48.129,-0.019557,-0.001262,0.000971,0.002012,-0.008050,0.007867
2025-12-16 19:02:48.130,-0.019533,-0.002820,-0.001501,-0.001512,-0.000958,0.001559
2025-12-16 19:02:48.131,-0.018045,-0.003224,-0.000738,-0.003758,-0.003182,-0.002191
2025-12-16 19:02:48.133,-0.016145,-0.002886,0.001747,-0.001649,-0.009228,-0.002171
2025-12-16 19:02:48.134,-0.016149,-0.001792,0.001697,0.000936,-0.002281,-0.003703
2025-12-16 19:02:48.135,-0.016918,-0.002924,-0.000159,-0.000592,0.004230,-0.007632
2025-12-16 19:02:48.136,-0.015428,-0.002862,0.000000,-0.002419,0.000580,-0.007241
2025-12-16 19:02:48.137,-0.017373,-0.001362,-0.000312,-0.000351,0.000518,-0.001335
2025-12-16 19:02:48.138,-0.014943,-0.003138,0.000461,-0.002981,-0.003060,-0.006478
2025-12-16 19:02:48.139,-0.014122,-0.002241,0.002045,-0.000007,-0.005321,-0.005254
2025-12-16 19:02:48.140,-0.016860,-0.001694,0.001076,0.001976,0.000787,-0.003385
2025-12-16 19:02:48.141,-0.015991,-0.003375,0.001098,-0.001617,0.001067,-0.009017
2025-12-16 19:02:48.142,-0.015543,-0.003523,0.001373,0.000355,-0.001381,-0.007023
2025-12-16 19:02:48.144,-0.016099,-0.003111,0.000396,0.003534,0.006181,-0.011705
2025-12-16 19:02:48.145,-0.015676,-0.003212,0.000352,0.001000,0.004918,-0.012319
2025-12-16 19:02:48.146,-0.015138,-0.002366,0.002911,0.004026,0.001869,-0.010238
2025-12-16 19:02:48.147,-0.014398,-0.002275,0.000865,0.000565,0.001218,-0.008939
2025-12-16 19:02:48.148,-0.014491,-0.003136,0.000584,0.003477,0.001696,-0.012167
2025-12-16 19:02:48.149,-0.014974,-0.002532,0.000731,0.001148,0.001054,-0.006073
2025-12-16 19:02:48.150,-0.014494,-0.001585,0.001906,0.006205,0.000948,-0.008515
2025-12-16 19:02:48.151,-0.014833,-0.000589,0.001170,0.008674,0.003000,-0.009024
2025-12-16 19:02:48.152,-0.016552,-0.001837,-0.000925,0.007072,0.007307,-0.007719
2025-12-16 19:02:48.153,-0.017020,-0.000883,-0.000851,0.006333,0.005061,-0.003379
2025-12-16 19:02:48.155,-0.016576,-0.001675,-0.000893,0.006054,0.006262,-0.005416
2025-12-16 19:02:48.156,-0.015156,-0.002566,0.000774,0.002415,-0.000187,-0.007641
2025-12-16 19:02:48.157,-0.014474,-0.002023,0.001679,0.004857,-0.004335,-0.002552
2025-12-16 19:02:48.158,-0.014081,-0.002815,0.001372,0.001465,0.000689,-0.009277
2025-12-16 19:02:48.159,-0.013042,-0.003416,0.002298,0.005403,-0.000238,-0.013435
2025-12-16 19:02:48.160,-0.013071,-0.004058,0.001133,0.000638,-0.001822,-0.013252
2025-12-16 19:02:48.161,-0.012757,-0.004057,0.001861,0.002032,-0.000794,-0.013830
2025-12-16 19:02:48.162,-0.012721,-0.004213,0.001024,-0.000963,-0.001908,-0.012586
2025-12-16 19:02:48.163,-0.012609,-0.005604,0.001263,-0.002685,-0.003773,-0.014868
2025-12-16 19:02:48.164,-0.013115,-0.003732,0.000814,-0.003342,-0.002714,-0.011839
2025-12-16 19:02:48.165,-0.015786,-0.003476,-0.001448,-0.004969,0.004803,-0.012000
2025-12-16 19:02:48.167,-0.013263,-0.001888,0.002875,-0.004077,-0.008735,-0.007926
2025-12-16 19:02:48.168,-0.014765,0.000162,0.002561,-0.001350,-0.006008,-0.000441
2025-12-16 19:02:48.169,-0.015143,0.000300,0.002475,0.000540,-0.000049,-0.002579
2025-12-16 19:02:48.170,-0.016399,0.001628,0.001331,-0.002619,-0.001893,0.005332
2025-12-16 19:02:48.171,-0.016327,0.001310,0.001701,-0.000667,-0.003637,0.005948
2025-12-16 19:02:48.172,-0.016007,-0.000087,0.002768,0.001003,-0.001452,0.001515
2025-12-16 19:02:48.173,-0.015348,-0.001626,0.002150,-0.000559,-0.001684,0.001164
2025-12-16 19:02:48.174,-0.015369,-0.001204,0.000760,-0.002051,0.003642,-0.003276
2025-12-16 19:02:48.176,-0.014977,0.000292,0.002168,0.000026,-0.000382,0.000190
2025-12-16 19:02:48.177,-0.015625,0.000005,0.001816,0.003459,-0.002114,0.001647
2025-12-16 19:02:48.178,-0.015181,-0.000532,0.002181,0.004552,-0.000917,0.000290
2025-12-16 19:02:48.179,-0.018445,0.000216,-0.000254,0.003534,0.008669,0.001031
2025-12-16 19:02:48.180,-0.017076,-0.000932,0.000596,0.004156,0.009798,-0.004809
2025-12-16 19:02:48.181,-0.015604,-0.001700,0.000701,0.000674,0.002043,-0.004845
2025-12-16 19:02:48.182,-0.015036,-0.002629,0.000120,-0.001741,0.001975,-0.007766
2025-12-16 19:02:48.183,-0.015711,-0.001150,-0.000667,-0.000325,0.006047,-0.005322
2025-12-16 19:02:48.185,-0.013765,-0.003360,0.000942,-0.002760,0.005083,-0.013934
2025-12-16 19:02:48.186,-0.014144,-0.003206,0.001075,-0.000464,0.006090,-0.012672
2025-12-16 19:02:48.187,-0.013381,-0.002131,0.002976,-0.002508,-0.005543,-0.008118
2025-12-16 19:02:48.188,-0.013517,-0.001569,0.002461,-0.003776,-0.002320,-0.009571
2025-12-16 19:02:48.189,-0.013093,-0.002571,0.001679,-0.005365,-0.001477,-0.013482
2025-12-16 19:02:48.190,-0.012913,-0.005209,0.000390,-0.006229,-0.002899,-0.015010
2025-12-16 19:02:48.191,-0.012483,-0.003269,0.001870,-0.003596,-0.006685,-0.014605
2025-12-16 19:02:48.192,-0.013654,-0.001865,0.002184,-0.001455,-0.005996,-0.009001
2025-12-16 19:02:48.193,-0.014824,-0.000959,0.001126,0.000237,-0.002803,-0.004870
2025-12-16 19:02:48.194,-0.015836,0.000555,0.001671,0.002072,-0.001382,-0.001724
2025-12-16 19:02:48.195,-0.017633,0.000503,-0.001759,-0.002164,-0.001326,0.002282
2025-12-16 19:02:48.197,-0.015687,0.000034,0.000552,0.000491,-0.004612,0.000549
2025-12-16 19:02:48.198,-0.017457,-0.000033,-0.002809,0.000444,0.007453,-0.004839
2025-12-16 19:02:48.199,-0.015490,-0.001478,-0.001186,0.001341,0.002951,-0.006405
2025-12-16 19:02:48.200,-0.017428,-0.000326,-0.002384,-0.001655,0.005401,-0.003748
2025-12-16 19:02:48.201,-0.016796,0.000703,-0.000257,0.000901,0.007007,-0.004336
2025-12-16 19:02:48.202,-0.016562,0.000782,0.000132,-0.000669,0.004599,0.001039
2025-12-16 19:02:48.203,-0.016492,0.001816,0.001937,0.001018,-0.001945,0.004729
2025-12-16 19:02:48.204,-0.014528,0.002273,0.003638,0.003891,-0.008750,0.006979
2025-12-16 19:02:48.205,-0.013868,0.000805,0.003569,0.006276,-0.009475,0.001463
2025-12-16 19:02:48.207,-0.014420,0.001589,0.002708,0.005459,-0.007428,-0.002131
2025-12-16 19:02:48.208,-0.015319,0.002080,0.002859,0.004802,-0.001730,-0.001358
2025-12-16 19:02:48.209,-0.014329,-0.000377,0.001776,0.000848,-0.009210,-0.000969
2025-12-16 19:02:48.210,-0.014680,-0.000266,0.001396,-0.001687,-0.004851,-0.003589
2025-12-16 19:02:48.211,-0.013851,-0.000747,0.001362,-0.001078,-0.005210,-0.008797
2025-12-16 19:02:48.212,-0.014608,-0.002645,-0.000222,-0.003673,-0.002998,-0.010707
2025-12-16 19:02:48.213,-0.017745,0.000378,-0.001108,-0.002510,0.001721,-0.002569
2025-12-16 19:02:48.214,-0.017628,-0.001208,-0.001578,-0.003896,0.002026,-0.005618
2025-12-16 19:02:48.216,-0.018484,-0.000855,-0.003490,-0.001917,0.009082,-0.004229
2025-12-16 19:02:48.217,-0.017308,0.000966,-0.001580,0.004668,0.009011,-0.005322
2025-12-16 19:02:48.218,-0.015167,-0.000755,0.000125,0.004570,-0.002610,-0.007498
2025-12-16 19:02:48.219,-0.015054,-0.000211,0.000702,0.005371,0.002929,-0.008615
2025-12-16 19:02:48.220,-0.015236,-0.001128,0.000445,0.004271,-0.000555,-0.005621
2025-12-16 19:02:48.221,-0.015428,-0.003405,-0.000590,0.000536,0.003345,-0.011207
2025-12-16 19:02:48.222,-0.015205,-0.001252,0.000973,0.002789,-0.001690,-0.004702
2025-12-16 19:02:48.223,-0.015407,-0.001809,0.001210,0.005785,-0.004606,-0.004817
2025-12-16 19:02:48.224,-0.015626,-0.001431,-0.000590,0.002371,0.002461,-0.008030
2025-12-16 19:02:48.225,-0.016938,-0.000591,-0.000660,0.001976,0.003739,-0.004020
2025-12-16 19:02:48.226,-0.016016,-0.001117,-0.000574,0.003212,0.003558,-0.005224
2025-12-16 19:02:48.228,-0.016783,-0.000161,0.000809,0.009319,0.000631,-0.004890
2025-12-16 19:02:48.229,-0.015168,-0.000255,0.001081,0.009124,-0.001742,-0.003382
2025-12-16 19:02:48.230,-0.015281,-0.002307,0.000640,0.007276,0.002153,-0.007191
2025-12-16 19:02:48.231,-0.015811,-0.000452,0.000710,0.010306,0.002628,-0.006663
2025-12-16 19:02:48.232,-0.016589,0.000122,-0.000667,0.008227,0.004685,-0.003277
2025-12-16 19:02:48.233,-0.016150,0.001138,-0.000120,0.005563,-0.001277,0.000603
2025-12-16 19:02:48.235,-0.016412,0.001711,0.000058,0.005827,-0.000261,0.002194
2025-12-16 19:02:48.236,-0.012982,-0.000298,0.002115,0.003597,-0.005963,-0.003509
2025-12-16 19:02:48.237,-0.015900,-0.000799,0.000257,0.000776,-0.005329,0.000872
2025-12-16 19:02:48.238,-0.017033,-0.000458,-0.001971,0.000065,-0.000457,0.002449
2025-12-16 19:02:48.239,-0.017539,0.000854,-0.001137,0.001630,-0.001165,0.005173
2025-12-16 19:02:48.240,-0.016825,-0.000141,-0.001390,-0.001047,-0.000914,0.000869
2025-12-16 19:02:48.241,-0.015714,-0.000508,-0.000487,-0.004571,-0.005893,0.003933
2025-12-16 19:02:48.242,-0.016261,-0.001240,-0.002069,-0.006214,-0.002068,0.001178
2025-12-16 19:02:48.244,-0.015747,-0.002608,-0.003053,-0.006354,-0.001430,-0.002082
2025-12-16 19:02:48.245,-0.015507,-0.000436,-0.002985,-0.006491,-0.001776,0.000598
2025-12-16 19:02:48.246,-0.016042,0.000715,-0.002786,-0.007919,-0.003625,0.001961
2025-12-16 19:02:48.247,-0.014548,-0.000938,-0.001783,-0.007753,-0.003125,-0.004918
2025-12-16 19:02:48.248,-0.014541,-0.000413,-0.000853,-0.007500,-0.003726,-0.004452
2025-12-16 19:02:48.249,-0.015195,0.000427,-0.000143,-0.004420,-0.002515,-0.001435
2025-12-16 19:02:48.250,-0.017648,0.001296,-0.002635,-0.005413,0.003354,0.001159
2025-12-16 19:02:48.251,-0.017411,0.000453,-0.003860,-0.005358,0.003935,-0.002776
2025-12-16 19:02:48.252,-0.019883,0.003527,-0.004268,-0.000248,0.008857,0.000410
2025-12-16 19:02:48.253,-0.019741,0.004110,-0.005360,0.000198,0.009068,0.000063
2025-12-16 19:02:48.254,-0.020471,0.001094,-0.006878,-0.003891,0.009295,-0.002365
2025-12-16 19:02:48.255,-0.018584,-0.000291,-0.006452,-0.005819,0.007294,-0.004576
2025-12-16 19:02:48.257,-0.016877,-0.000158,-0.003342,-0.001492,0.003182,-0.004150
2025-12-16 19:02:48.258,-0.015746,-0.002017,-0.005206,-0.003083,0.004320,-0.008390
2025-12-16 19:02:48.259,-0.017090,0.000931,-0.005092,-0.003484,0.004864,-0.002079
2025-12-16 19:02:48.260,-0.017564,0.002087,-0.002921,-0.000779,0.000281,0.003432
2025-12-16 19:02:48.261,-0.017295,0.003086,-0.001876,-0.002056,-0.002808,0.005275
2025-12-16 19:02:48.262,-0.017192,0.001526,-0.002097,-0.002207,-0.003247,-0.000200
2025-12-16 19:02:48.263,-0.020162,0.003211,-0.004700,-0.005052,-0.000855,0.006912
2025-12-16 19:02:48.264,-0.018587,0.002687,-0.002643,0.000565,0.001206,0.000895
2025-12-16 19:02:48.265,-0.020388,0.003839,-0.003591,0.001644,0.006069,0.005255
2025-12-16 19:02:48.266,-0.022001,0.004685,-0.004274,0.004117,0.009053,0.005795
2025-12-16 19:02:48.268,-0.019335,0.003523,-0.003586,0.004519,0.006083,0.000136
2025-12-16 19:02:48.269,-0.021826,0.004907,-0.005689,0.002833,0.006646,0.007913
2025-12-16 19:02:48.270,-0.021638,0.002385,-0.006576,0.003730,0.011578,-0.000135
2025-12-16 19:02:48.271,-0.021234,0.000761,-0.006705,0.002970,0.012662,-0.000443
2025-12-16 19:02:48.272,-0.020441,0.000107,-0.007089,0.003986,0.012872,-0.002819
2025-12-16 19:02:48.273,-0.021058,0.002549,-0.006716,0.007978,0.013565,0.000740
2025-12-16 19:02:48.274,-0.021864,0.004316,-0.004854,0.009899,0.013414,0.001963
2025-12-16 19:02:48.275,-0.021503,0.003547,-0.005281,0.008067,0.009955,0.006386
2025-12-16 19:02:48.277,-0.021900,0.003989,-0.003824,0.007519,0.006665,0.010260
2025-12-16 19:02:48.278,-0.020405,0.002765,-0.003464,0.007064,0.002495,0.010779
2025-12-16 19:02:48.279,-0.017173,0.000591,-0.001612,0.007773,-0.000475,-0.002996
2025-12-16 19:02:48.280,-0.017048,0.000509,-0.002104,0.006906,0.000905,-0.000746
2025-12-16 19:02:48.281,-0.019351,0.001050,-0.004138,0.006365,0.001726,0.006452
2025-12-16 19:02:48.282,-0.019353,0.001350,-0.004421,0.002506,0.004182,0.004311
2025-12-16 19:02:48.283,-0.017279,-0.000532,-0.003075,0.003390,-0.001007,-0.001789
2025-12-16 19:02:48.284,-0.016891,-0.000120,-0.003060,0.000724,-0.004755,0.001446
2025-12-16 19:02:48.285,-0.017147,-0.000117,-0.003761,-0.002011,-0.008336,0.004832
2025-12-16 19:02:48.286,-0.019348,-0.000036,-0.005701,-0.001737,0.000702,0.004973
2025-12-16 19:02:48.288,-0.017768,-0.000899,-0.004086,0.001419,0.001506,-0.002203
2025-12-16 19:02:48.289,-0.020538,0.001298,-0.005638,0.001393,0.008746,0.003714
2025-12-16 19:02:48.290,-0.020485,0.000718,-0.005378,0.002433,0.004527,0.003258
2025-12-16 19:02:48.291,-0.019231,0.000250,-0.004416,-0.001003,0.001956,0.002301
2025-12-16 19:02:48.292,-0.021386,0.002207,-0.005572,-0.001625,0.007775,0.009640
2025-12-16 19:02:48.293,-0.019069,-0.000699,-0.004643,-0.004040,0.001234,0.003704
2025-12-16 19:02:48.294,-0.018527,-0.002098,-0.005981,-0.003802,0.000169,-0.000846
2025-12-16 19:02:48.295,-0.020611,-0.001331,-0.007937,-0.004241,0.003674,-0.001024
2025-12-16 19:02:48.296,-0.021783,0.000830,-0.007954,0.000054,0.006333,0.002675
2025-12-16 19:02:48.297,-0.020967,0.000589,-0.008401,-0.000210,0.005922,-0.000443
2025-12-16 19:02:48.299,-0.017995,-0.000758,-0.006304,0.001364,0.003357,-0.007590
2025-12-16 19:02:48.300,-0.021241,0.000279,-0.008740,-0.000316,0.007923,0.001365
2025-12-16 19:02:48.301,-0.020855,-0.000093,-0.008634,-0.001038,0.008543,-0.002711
2025-12-16 19:02:48.302,-0.019513,-0.002312,-0.007383,-0.002955,0.006621,-0.004424
2025-12-16 19:02:48.303,-0.019935,-0.001535,-0.007459,-0.001348,0.004802,-0.003402
2025-12-16 19:02:48.304,-0.018866,-0.001527,-0.006005,-0.001353,0.002481,-0.006893
2025-12-16 19:02:48.305,-0.021363,-0.000429,-0.007710,0.001830,0.012747,-0.007034
2025-12-16 19:02:48.306,-0.020603,-0.000419,-0.006323,-0.000295,0.006560,-0.003585
2025-12-16 19:02:48.307,-0.020181,-0.002406,-0.006926,-0.001262,0.006006,-0.008250
2025-12-16 19:02:48.308,-0.022116,-0.000290,-0.008644,0.001190,0.007257,-0.000638
2025-12-16 19:02:48.309,-0.020433,-0.000788,-0.006984,0.001776,0.006924,-0.007084
2025-12-16 19:02:48.310,-0.020996,-0.001252,-0.005918,0.001563,0.009352,-0.005829
2025-12-16 19:02:48.312,-0.020590,-0.002996,-0.007345,-0.002837,0.007494,-0.005211
2025-12-16 19:02:48.313,-0.021590,-0.000213,-0.007873,0.001208,0.011950,-0.004801
2025-12-16 19:02:48.314,-0.020656,-0.001386,-0.006823,0.000702,0.012715,-0.011614
2025-12-16 19:02:48.315,-0.018748,-0.002588,-0.007081,-0.002031,0.007125,-0.010488
2025-12-16 19:02:48.316,-0.018965,-0.001646,-0.006183,-0.001373,0.008143,-0.012044
2025-12-16 19:02:48.317,-0.018289,-0.001484,-0.005459,0.000388,0.002836,-0.005115
2025-12-16 19:02:48.318,-0.018110,-0.002921,-0.004916,-0.001881,-0.005768,-0.000525
2025-12-16 19:02:48.319,-0.018591,-0.003481,-0.004620,0.001705,-0.003214,-0.003419
2025-12-16 19:02:48.320,-0.017109,-0.002352,-0.004585,0.001317,0.000390,-0.007419
2025-12-16 19:02:48.321,-0.019101,-0.001388,-0.005689,0.002943,0.002647,-0.004227
2025-12-16 19:02:48.322,-0.018766,-0.000097,-0.004916,0.005455,0.003633,-0.003886
2025-12-16 19:02:48.323,-0.019065,0.000734,-0.003847,0.007658,0.001241,-0.001749
2025-12-16 19:02:48.324,-0.020453,0.000382,-0.004193,0.007875,0.004364,-0.003270
2025-12-16 19:02:48.325,-0.021084,0.001399,-0.003962,0.003892,-0.000292,0.002965
2025-12-16 19:02:48.327,-0.021509,0.001402,-0.003281,0.006749,-0.001752,0.004004
2025-12-16 19:02:48.328,-0.018857,-0.000502,-0.002792,0.005118,-0.005549,-0.001165
2025-12-16 19:02:48.329,-0.019112,0.000991,-0.003528,0.003997,-0.001264,-0.002693
2025-12-16 19:02:48.330,-0.020191,0.001389,-0.004610,0.006151,0.007137,-0.004488
2025-12-16 19:02:48.331,-0.020101,-0.001389,-0.006889,-0.005033,0.002569,-0.001912
2025-12-16 19:02:48.332,-0.019243,-0.003191,-0.006972,-0.004229,0.005936,-0.010394
2025-12-16 19:02:48.333,-0.019675,-0.002044,-0.006672,-0.002110,0.002288,-0.002461
2025-12-16 19:02:48.334,-0.020455,-0.002084,-0.006948,-0.003737,0.003186,-0.001682
2025-12-16 19:02:48.335,-0.020028,-0.001459,-0.006806,-0.002104,0.002260,-0.002651
2025-12-16 19:02:48.336,-0.018835,-0.003712,-0.007664,-0.002848,0.001202,-0.008971
2025-12-16 19:02:48.338,-0.019619,-0.003496,-0.006684,-0.003499,0.003074,-0.005098
2025-12-16 19:02:48.339,-0.019264,-0.004091,-0.007605,-0.003605,0.003524,-0.008621
2025-12-16 19:02:48.340,-0.020851,-0.002312,-0.007551,-0.002228,0.004027,-0.000419
2025-12-16 19:02:48.341,-0.021100,-0.001066,-0.007449,-0.001755,0.000935,0.001421
2025-12-16 19:02:48.342,-0.020120,-0.001280,-0.007162,-0.001259,0.000319,-0.002061
2025-12-16 19:02:48.344,-0.019996,0.000096,-0.007037,-0.000507,0.004808,-0.004728
2025-12-16 19:02:48.345,-0.019875,-0.001299,-0.007214,-0.000911,0.004259,-0.006902
2025-12-16 19:02:48.346,-0.020853,-0.003216,-0.009592,-0.002115,0.007814,-0.010675
2025-12-16 19:02:48.347,-0.019463,-0.003827,-0.007633,-0.002265,0.003395,-0.013315
2025-12-16 19:02:48.348,-0.019100,-0.003067,-0.007734,-0.003791,0.005611,-0.011037
2025-12-16 19:02:48.349,-0.019346,-0.002137,-0.007514,-0.000573,0.002001,-0.006061
2025-12-16 19:02:48.350,-0.020468,-0.000246,-0.008128,0.002945,0.003977,-0.001046
2025-12-16 19:02:48.351,-0.018445,-0.001850,-0.007089,0.005065,0.002194,-0.005595
2025-12-16 19:02:48.352,-0.020498,0.000430,-0.007941,0.003765,0.007910,-0.003711
2025-12-16 19:02:48.354,-0.020585,-0.000239,-0.007694,0.003196,0.007389,-0.001160
2025-12-16 19:02:48.355,-0.018777,0.000133,-0.006021,0.000535,-0.001587,0.005909
2025-12-16 19:02:48.356,-0.018423,0.001053,-0.005877,0.000834,-0.004898,0.005448
2025-12-16 19:02:48.357,-0.018300,-0.002638,-0.007501,-0.002875,0.003921,-0.004368
2025-12-16 19:02:48.358,-0.017082,-0.001796,-0.006462,-0.001931,0.000262,-0.004709
2025-12-16 19:02:48.359,-0.017447,-0.002364,-0.007733,-0.003561,-0.003032,-0.000502
2025-12-16 19:02:48.360,-0.017859,-0.002128,-0.009634,-0.006096,-0.002270,0.002259
2025-12-16 19:02:48.361,-0.016459,-0.001290,-0.006865,-0.003301,-0.007230,0.000044
2025-12-16 19:02:48.363,-0.019496,0.000428,-0.008010,-0.002234,-0.005418,0.009937
2025-12-16 19:02:48.364,-0.017579,-0.000746,-0.007366,-0.004097,-0.006295,0.003371
2025-12-16 19:02:48.365,-0.016386,-0.001635,-0.008015,-0.003345,-0.007202,0.000538
2025-12-16 19:02:48.366,-0.014241,-0.002226,-0.006184,-0.002440,-0.013152,-0.002210
2025-12-16 19:02:48.367,-0.015293,-0.000787,-0.006542,0.001768,-0.007888,-0.000475
2025-12-16 19:02:48.368,-0.015400,-0.002237,-0.007909,-0.001671,-0.009608,0.001064
2025-12-16 19:02:48.369,-0.016872,-0.000727,-0.009286,-0.001901,-0.009395,0.004186
2025-12-16 19:02:48.370,-0.017030,0.000388,-0.007885,0.002643,-0.008314,0.005094
2025-12-16 19:02:48.372,-0.015780,-0.001030,-0.006783,0.001315,-0.009508,-0.000969
2025-12-16 19:02:48.373,-0.015918,-0.002658,-0.008801,-0.000042,-0.002516,-0.006914
2025-12-16 19:02:48.374,-0.017821,-0.001067,-0.007621,0.001131,-0.007236,0.002729
2025-12-16 19:02:48.375,-0.016730,-0.000085,-0.007745,0.001442,-0.006055,0.001456
2025-12-16 19:02:48.376,-0.015727,0.000276,-0.007824,-0.001119,-0.006403,0.002717
2025-12-16 19:02:48.377,-0.017528,0.000797,-0.009419,-0.003569,-0.002280,0.005663
2025-12-16 19:02:48.378,-0.018720,0.002530,-0.010369,-0.000635,0.001148,0.007718
2025-12-16 19:02:48.379,-0.017950,0.002662,-0.009037,0.002634,-0.004518,0.009394
2025-12-16 19:02:48.380,-0.018410,0.001689,-0.010121,-0.001011,-0.002176,0.009195
2025-12-16 19:02:48.382,-0.017724,-0.000804,-0.011136,-0.001815,0.002681,0.000502
2025-12-16 19:02:48.383,-0.016318,-0.003635,-0.011914,-0.004725,-0.001375,-0.002149
2025-12-16 19:02:48.384,-0.015996,-0.003393,-0.011681,-0.004390,-0.006480,-0.000897
2025-12-16 19:02:48.385,-0.016078,-0.004398,-0.013510,-0.004735,-0.001607,-0.004306
2025-12-16 19:02:48.386,-0.014517,-0.004141,-0.011711,0.000275,-0.005018,-0.003639
2025-12-16 19:02:48.387,-0.015530,-0.004529,-0.012423,-0.001162,-0.000703,-0.006787
2025-12-16 19:02:48.388,-0.014775,-0.002214,-0.011595,0.003056,-0.005209,-0.000762
2025-12-16 19:02:48.389,-0.015799,-0.001804,-0.011314,0.002692,-0.005596,-0.000088
2025-12-16 19:02:48.390,-0.016196,0.001301,-0.010690,0.005414,-0.005569,0.005569
2025-12-16 19:02:48.392,-0.016559,-0.000987,-0.012273,0.002154,-0.001759,0.004665
2025-12-16 19:02:48.393,-0.016684,-0.001854,-0.013718,-0.001443,-0.004865,0.008209
2025-12-16 19:02:48.394,-0.017646,-0.002126,-0.014467,0.000960,-0.000045,0.005463
2025-12-16 19:02:48.396,-0.018338,-0.001510,-0.015290,-0.000811,0.005271,0.004962
2025-12-16 19:02:48.397,-0.015832,-0.001698,-0.013036,0.000468,-0.004225,0.004613
2025-12-16 19:02:48.398,-0.017173,-0.002160,-0.014185,0.001396,0.002936,0.001508
2025-12-16 19:02:48.399,-0.016894,-0.001016,-0.012208,0.004813,0.004023,-0.000001
2025-12-16 19:02:48.400,-0.016202,-0.001196,-0.012817,0.006773,0.008054,-0.002625
2025-12-16 19:02:48.402,-0.014636,-0.000867,-0.011734,0.005209,0.004497,-0.004956
2025-12-16 19:02:48.403,-0.015640,0.000796,-0.010589,0.006467,-0.001228,0.002571
2025-12-16 19:02:48.404,-0.014993,0.001878,-0.010281,0.004880,-0.003865,0.002792
2025-12-16 19:02:48.406,-0.015656,0.002873,-0.010758,0.007586,0.001214,0.003541
2025-12-16 19:02:48.407,-0.016953,0.003225,-0.012150,0.002971,-0.000559,0.010369
2025-12-16 19:02:48.408,-0.013706,-0.001629,-0.011985,-0.001657,-0.005530,-0.002270
2025-12-16 19:02:48.409,-0.012760,-0.002198,-0.010979,-0.003035,-0.005393,-0.003579
2025-12-16 19:02:48.411,-0.013392,-0.000480,-0.009815,-0.001088,-0.008019,0.004586
2025-12-16 19:02:48.412,-0.014779,-0.000502,-0.011213,0.005113,0.002844,0.000893
2025-12-16 19:02:48.413,-0.014317,-0.000804,-0.010383,0.005190,0.003987,0.001746
2025-12-16 19:02:48.414,-0.014053,0.000462,-0.010602,0.003896,0.002254,0.000914
2025-12-16 19:02:48.416,-0.013423,0.001837,-0.010204,0.000398,-0.000447,0.004083
2025-12-16 19:02:48.417,-0.013026,0.001193,-0.009761,0.006167,-0.001755,0.002676
2025-12-16 19:02:48.418,-0.012957,-0.001284,-0.010619,0.006698,0.002624,-0.003021
2025-12-16 19:02:48.419,-0.013230,-0.000299,-0.009856,0.003003,-0.002691,0.002825
2025-12-16 19:02:48.420,-0.012647,0.000397,-0.008396,0.004477,-0.006474,0.007045
2025-12-16 19:02:48.423,-0.011138,0.000517,-0.010040,0.000939,-0.002339,-0.002359
2025-12-16 19:02:48.424,-0.012186,0.000582,-0.010849,0.000670,-0.004139,-0.000588
2025-12-16 19:02:48.425,-0.012190,-0.000443,-0.011836,-0.000060,-0.002960,-0.003063
2025-12-16 19:02:48.427,-0.012117,-0.001957,-0.012642,-0.000034,0.003303,-0.004973
2025-12-16 19:02:48.428,-0.009976,-0.001391,-0.011325,0.000091,-0.000417,-0.007007
2025-12-16 19:02:48.429,-0.009001,-0.001576,-0.008985,0.001091,-0.011370,-0.005461
2025-12-16 19:02:48.430,-0.011003,-0.001122,-0.010806,0.000857,-0.001216,-0.008478
2025-12-16 19:02:48.432,-0.009111,-0.001839,-0.009875,-0.001780,-0.008629,-0.005236
2025-12-16 19:02:48.433,-0.011786,-0.001780,-0.011269,0.001230,-0.002307,-0.000281
2025-12-16 19:02:48.434,-0.012500,0.000881,-0.011488,-0.001272,-0.003945,0.006435
2025-12-16 19:02:48.435,-0.012270,0.000090,-0.011013,-0.003688,-0.002519,0.003950
2025-12-16 19:02:48.436,-0.013327,0.000610,-0.012941,-0.003851,0.004052,0.000207
2025-12-16 19:02:48.438,-0.010853,-0.000546,-0.011515,-0.002416,-0.000557,-0.006057
2025-12-16 19:02:48.439,-0.012859,-0.000156,-0.012443,-0.004065,0.003161,-0.002765
2025-12-16 19:02:48.440,-0.011131,-0.001435,-0.012200,-0.003049,0.003312,-0.008797
2025-12-16 19:02:48.442,-0.012297,0.001402,-0.011292,0.001279,0.005022,-0.003680
2025-12-16 19:02:48.443,-0.010860,0.000140,-0.010735,0.000978,0.004346,-0.009837
2025-12-16 19:02:48.444,-0.011353,0.000718,-0.011012,0.001273,0.002669,-0.002247
2025-12-16 19:02:48.445,-0.012941,0.003792,-0.010132,0.003095,-0.000599,0.008452
2025-12-16 19:02:48.446,-0.013061,0.005435,-0.009467,0.006268,-0.001171,0.010672
2025-12-16 19:02:48.447,-0.011745,0.002377,-0.012584,0.003784,0.004695,0.001501
2025-12-16 19:02:48.448,-0.010393,0.000933,-0.011376,0.000723,0.002461,-0.001141
2025-12-16 19:02:48.449,-0.011134,0.001094,-0.011262,0.001607,0.002435,0.002321
2025-12-16 19:02:48.451,-0.012468,0.001859,-0.010828,0.003864,0.005327,0.004584
2025-12-16 19:02:48.452,-0.009164,-0.000902,-0.009455,0.003032,-0.005265,-0.001064
2025-12-16 19:02:48.453,-0.010716,0.000228,-0.010133,0.002807,-0.004716,0.000115
2025-12-16 19:02:48.454,-0.011694,0.000086,-0.011296,0.001962,-0.000712,-0.001875
2025-12-16 19:02:48.456,-0.012308,-0.001766,-0.012188,-0.001609,-0.000915,0.000815
2025-12-16 19:02:48.457,-0.013638,0.000279,-0.012267,0.002102,0.001257,0.003609
2025-12-16 19:02:48.458,-0.012590,-0.001042,-0.011817,0.001220,0.000420,-0.002287
2025-12-16 19:02:48.459,-0.013233,0.000068,-0.011242,0.003797,-0.000164,-0.000010
2025-12-16 19:02:48.460,-0.011851,0.000387,-0.010285,0.006311,-0.003033,0.000441
2025-12-16 19:02:48.461,-0.013117,-0.001447,-0.013050,0.004046,0.001809,0.002638
2025-12-16 19:02:48.462,-0.012884,-0.001735,-0.013265,-0.000488,-0.003443,0.000136
2025-12-16 19:02:48.463,-0.011377,-0.001420,-0.011743,0.003087,0.001238,-0.004659
2025-12-16 19:02:48.465,-0.010332,-0.001559,-0.009932,0.004201,0.000064,-0.003378
2025-12-16 19:02:48.466,-0.011434,-0.001488,-0.010628,0.005197,-0.001486,-0.000384
2025-12-16 19:02:48.467,-0.014076,0.002435,-0.011338,0.001707,-0.005638,0.010548
2025-12-16 19:02:48.468,-0.013612,0.000529,-0.011905,-0.001672,-0.002297,0.005342
2025-12-16 19:02:48.469,-0.014651,0.001539,-0.012338,-0.000009,-0.000086,0.009806
2025-12-16 19:02:48.473,-0.015474,0.004892,-0.011053,0.002056,0.002146,0.014291
2025-12-16 19:02:48.474,-0.013858,0.003263,-0.010416,0.001966,0.000564,0.007355
2025-12-16 19:02:48.476,-0.014517,0.005199,-0.009969,0.003488,-0.000376,0.013536
2025-12-16 19:02:48.477,-0.013704,0.007125,-0.008457,0.007240,-0.003682,0.016255
2025-12-16 19:02:48.478,-0.011366,0.003372,-0.008981,0.004390,-0.001717,0.001666
2025-12-16 19:02:48.479,-0.011094,0.004618,-0.007883,0.006907,-0.002224,0.003327
2025-12-16 19:02:48.480,-0.009572,0.002075,-0.008394,0.002825,-0.005775,0.001289
2025-12-16 19:02:48.481,-0.010532,0.004124,-0.008476,0.000125,-0.008100,0.008536
2025-12-16 19:02:48.482,-0.011529,0.003573,-0.009667,-0.002638,-0.010325,0.011503
2025-12-16 19:02:48.483,-0.010324,0.000322,-0.010318,-0.003941,-0.011109,0.006423
2025-12-16 19:02:48.485,-0.010151,0.000288,-0.010257,-0.002059,-0.012676,0.003281
2025-12-16 19:02:48.486,-0.010582,0.001811,-0.009074,0.001097,-0.010900,0.007603
2025-12-16 19:02:48.487,-0.010105,0.001352,-0.009567,-0.002804,-0.009702,0.005944
2025-12-16 19:02:48.488,-0.009655,0.001465,-0.008956,-0.000881,-0.009117,0.002909
2025-12-16 19:02:48.491,-0.009785,-0.000508,-0.011050,-0.003815,-0.006055,-0.001058
2025-12-16 19:02:48.492,-0.009726,0.000457,-0.010071,-0.006398,-0.005660,0.001921
2025-12-16 19:02:48.493,-0.012129,0.003771,-0.010473,-0.003546,-0.001910,0.010075
2025-12-16 19:02:48.494,-0.011224,0.004567,-0.009764,-0.001039,0.000680,0.010596
2025-12-16 19:02:48.495,-0.012010,0.006333,-0.009112,-0.000683,-0.004604,0.017144
2025-12-16 19:02:48.496,-0.011565,0.004925,-0.009596,-0.003958,-0.005450,0.014065
2025-12-16 19:02:48.497,-0.010542,0.004126,-0.008976,-0.002189,-0.004658,0.007274
2025-12-16 19:02:48.498,-0.008112,0.004038,-0.007633,-0.001244,-0.006051,0.001454
2025-12-16 19:02:48.500,-0.008656,0.004225,-0.007528,-0.000318,-0.007570,0.001115
2025-12-16 19:02:48.501,-0.009093,0.004095,-0.007907,-0.001817,-0.012635,0.007012
2025-12-16 19:02:48.504,-0.006914,-0.000099,-0.007625,-0.004086,-0.010647,-0.002898
2025-12-16 19:02:48.506,-0.005814,-0.000129,-0.007561,0.000627,-0.004109,-0.015140
2025-12-16 19:02:48.507,-0.006157,0.001988,-0.006837,-0.000479,-0.007662,-0.006913
2025-12-16 19:02:48.508,-0.005331,0.001431,-0.006192,-0.001943,-0.013131,-0.004150
2025-12-16 19:02:48.509,-0.005382,0.000677,-0.006696,-0.004165,-0.014586,-0.002755
2025-12-16 19:02:48.510,-0.006245,0.000574,-0.007398,-0.003298,-0.012531,-0.003524
2025-12-16 19:02:48.511,-0.007704,0.002328,-0.007458,-0.003808,-0.010558,0.001448
2025-12-16 19:02:48.512,-0.008793,0.001359,-0.010221,-0.006717,-0.005751,0.001819
2025-12-16 19:02:48.514,-0.007751,0.004162,-0.007257,-0.005085,-0.014850,0.009136
2025-12-16 19:02:48.515,-0.008704,0.003163,-0.008319,-0.002058,-0.012245,0.010904
2025-12-16 19:02:48.516,-0.009407,0.005081,-0.008579,-0.004019,-0.010436,0.013354
2025-12-16 19:02:48.517,-0.009674,0.005141,-0.008677,-0.002891,-0.010218,0.010924
2025-12-16 19:02:48.518,-0.007836,0.005022,-0.007396,-0.003947,-0.015409,0.006480
2025-12-16 19:02:48.519,-0.008224,0.003787,-0.009828,-0.003398,-0.013148,0.004094
2025-12-16 19:02:48.520,-0.009054,0.005375,-0.009067,-0.004800,-0.013243,0.009085
2025-12-16 19:02:48.521,-0.007331,0.003491,-0.007805,-0.004726,-0.015635,0.006791
2025-12-16 19:02:48.523,-0.008442,0.002107,-0.009529,-0.004036,-0.007236,0.005415
2025-12-16 19:02:48.524,-0.008711,0.004003,-0.009154,0.001001,-0.002817,0.004613
2025-12-16 19:02:48.525,-0.008991,0.006124,-0.007986,0.000631,-0.006183,0.010355
2025-12-16 19:02:48.526,-0.008892,0.005901,-0.008404,0.001134,-0.005743,0.006936
2025-12-16 19:02:48.527,-0.009049,0.005167,-0.010432,-0.000215,-0.001113,0.002401
2025-12-16 19:02:48.528,-0.008484,0.004679,-0.010603,-0.001661,0.001724,0.000783
2025-12-16 19:02:48.530,-0.009910,0.005253,-0.011866,-0.002875,0.006936,0.002625
2025-12-16 19:02:48.531,-0.008497,0.004821,-0.010380,-0.002958,-0.001785,0.003647
2025-12-16 19:02:48.532,-0.009329,0.003889,-0.011111,0.000138,-0.001080,0.003896
2025-12-16 19:02:48.533,-0.011102,0.005533,-0.010723,0.001391,0.000020,0.010180
2025-12-16 19:02:48.534,-0.009993,0.005963,-0.009545,0.003659,-0.001706,0.012274
2025-12-16 19:02:48.535,-0.008068,0.003653,-0.008248,0.000090,-0.002461,0.005189
2025-12-16 19:02:48.536,-0.006232,0.004145,-0.007003,0.002230,-0.007175,0.002157
2025-12-16 19:02:48.537,-0.006077,0.005057,-0.007214,0.002403,-0.011020,0.004744
2025-12-16 19:02:48.538,-0.005761,0.003075,-0.008073,-0.000341,-0.010258,0.002129
2025-12-16 19:02:48.540,-0.005619,0.004768,-0.007687,0.001632,-0.005911,-0.000034
2025-12-16 19:02:48.541,-0.004946,0.003725,-0.008430,0.001145,-0.007687,-0.004471
2025-12-16 19:02:48.543,-0.004746,0.005032,-0.008971,0.001269,-0.004435,-0.003039
2025-12-16 19:02:48.544,-0.004863,0.005988,-0.007299,0.002321,-0.004674,-0.003797
2025-12-16 19:02:48.547,-0.007037,0.007982,-0.008107,0.006975,0.000455,-0.000691
2025-12-16 19:02:48.548,-0.007222,0.008491,-0.008916,0.006432,0.001097,-0.000107
2025-12-16 19:02:48.549,-0.005867,0.007269,-0.007803,0.003362,-0.006182,0.002796
2025-12-16 19:02:48.550,-0.005621,0.003662,-0.009153,-0.000808,-0.001928,-0.002928
2025-12-16 19:02:48.552,-0.005968,0.004510,-0.007971,0.004448,-0.006040,-0.001387
2025-12-16 19:02:48.553,-0.007935,0.003388,-0.010438,0.000070,-0.002021,0.000618
2025-12-16 19:02:48.555,-0.006350,0.001101,-0.010830,-0.002746,0.000446,-0.004271
2025-12-16 19:02:48.556,-0.008318,0.001162,-0.013413,-0.003555,0.009588,-0.008429
2025-12-16 19:02:48.558,-0.007391,0.000185,-0.011577,-0.004032,0.003301,-0.007318
2025-12-16 19:02:48.559,-0.005410,-0.002124,-0.010232,-0.006890,-0.005351,-0.006149
2025-12-16 19:02:48.560,-0.005321,0.000564,-0.008798,0.000480,-0.004280,-0.004271
2025-12-16 19:02:48.561,-0.005309,-0.000288,-0.009997,-0.002225,-0.004686,-0.003581
2025-12-16 19:02:48.562,-0.005502,0.000744,-0.010576,-0.003531,0.000396,-0.004309
2025-12-16 19:02:48.563,-0.007143,0.000476,-0.011627,-0.004913,0.004486,-0.005122
2025-12-16 19:02:48.564,-0.007192,0.002872,-0.011207,-0.002731,0.002124,-0.002039
2025-12-16 19:02:48.565,-0.005980,0.002851,-0.009377,-0.001357,-0.005483,-0.002228
2025-12-16 19:02:48.566,-0.005192,0.001229,-0.008304,-0.000670,-0.007647,-0.006990
2025-12-16 19:02:48.567,-0.003941,-0.000266,-0.007713,0.000318,-0.004343,-0.014649
2025-12-16 19:02:48.569,-0.002238,-0.000320,-0.007291,0.001482,-0.005137,-0.017838
2025-12-16 19:02:48.570,-0.003513,0.001955,-0.006515,0.000314,-0.004981,-0.012787
2025-12-16 19:02:48.571,-0.003695,0.001855,-0.007502,-0.001098,-0.000815,-0.011541
2025-12-16 19:02:48.572,-0.004397,0.002215,-0.008339,-0.002332,-0.000257,-0.008540
2025-12-16 19:02:48.573,-0.005874,0.002238,-0.009426,-0.000753,-0.000519,-0.002022
2025-12-16 19:02:48.574,-0.007400,0.004827,-0.009552,-0.001732,0.001875,0.003332
2025-12-16 19:02:48.575,-0.006869,0.004731,-0.009775,-0.002983,0.000753,0.003661
2025-12-16 19:02:48.576,-0.005842,0.002877,-0.008772,-0.002702,0.002277,-0.005680
2025-12-16 19:02:48.577,-0.006459,0.003368,-0.009560,-0.000554,0.001788,0.000095
2025-12-16 19:02:48.579,-0.005125,0.001767,-0.009162,-0.002738,0.000069,-0.003367
2025-12-16 19:02:48.581,-0.009720,0.006889,-0.009045,0.002213,0.007032,0.003675
2025-12-16 19:02:48.582,-0.008745,0.003793,-0.009987,-0.001353,0.007582,-0.002263
2025-12-16 19:02:48.583,-0.008012,0.003703,-0.010764,-0.003044,0.005831,-0.000110
2025-12-16 19:02:48.584,-0.007346,0.002475,-0.010382,-0.000046,0.004322,0.000206
2025-12-16 19:02:48.585,-0.008450,0.002730,-0.011475,-0.002587,0.007739,0.000462
2025-12-16 19:02:48.586,-0.007541,0.002826,-0.011118,-0.000663,0.009363,-0.005619
2025-12-16 19:02:48.588,-0.005757,0.002177,-0.009375,-0.000135,0.000835,-0.008237
2025-12-16 19:02:48.589,-0.005854,0.003560,-0.009168,-0.000515,0.003042,-0.006325
2025-12-16 19:02:48.590,-0.004609,0.002631,-0.008959,0.002589,0.000650,-0.007208
2025-12-16 19:02:48.591,-0.005083,0.004750,-0.008460,0.000932,-0.001527,-0.001506
2025-12-16 19:02:48.593,-0.005381,0.003126,-0.010502,-0.000416,0.002850,-0.005832
2025-12-16 19:02:48.594,-0.005981,0.003242,-0.011445,-0.002222,0.004708,-0.003784
2025-12-16 19:02:48.597,-0.004949,0.001246,-0.008494,-0.004666,-0.004927,-0.003207
2025-12-16 19:02:48.598,-0.005423,0.000201,-0.010563,-0.005381,0.001174,-0.008962
2025-12-16 19:02:48.600,-0.006481,0.000960,-0.011734,-0.006378,0.006293,-0.008226
2025-12-16 19:02:48.601,-0.004750,0.000082,-0.009235,-0.003294,-0.002285,-0.008632
2025-12-16 19:02:48.602,-0.004142,0.001467,-0.009237,-0.004539,-0.005432,-0.008671
2025-12-16 19:02:48.603,-0.003119,-0.000579,-0.007961,-0.003045,-0.003488,-0.016658
2025-12-16 19:02:48.604,-0.001875,-0.000855,-0.007356,-0.002293,-0.008224,-0.016842
2025-12-16 19:02:48.605,-0.002510,-0.001136,-0.008017,-0.003815,-0.007341,-0.014543
2025-12-16 19:02:48.606,-0.003064,-0.001881,-0.008384,-0.001436,-0.005942,-0.011658
2025-12-16 19:02:48.607,-0.004328,-0.002030,-0.009718,-0.003914,0.000233,-0.012180
2025-12-16 19:02:48.608,-0.003904,-0.003114,-0.010829,-0.005635,0.002445,-0.014356
2025-12-16 19:02:48.610,-0.004313,-0.000639,-0.008982,-0.000499,0.002129,-0.011596
2025-12-16 19:02:48.611,-0.001691,-0.002048,-0.007691,0.000295,0.000465,-0.019064
2025-12-16 19:02:48.613,-0.003800,0.001081,-0.008740,-0.001080,0.004039,-0.012260
2025-12-16 19:02:48.614,-0.004704,0.001838,-0.009005,0.001154,-0.000070,-0.003994
2025-12-16 19:02:48.615,-0.004186,0.001800,-0.008863,-0.001241,-0.003772,-0.005827
2025-12-16 19:02:48.616,-0.004180,0.001575,-0.009648,0.000119,0.002878,-0.011311
2025-12-16 19:02:48.617,-0.003010,0.000830,-0.010035,0.000143,-0.001239,-0.012164
2025-12-16 19:02:48.618,-0.002413,-0.000207,-0.009891,-0.002042,-0.000830,-0.013044
2025-12-16 19:02:48.619,-0.004836,0.000021,-0.011409,-0.004218,0.001503,-0.008012
2025-12-16 19:02:48.620,-0.004180,-0.001096,-0.011214,-0.005950,-0.000698,-0.009138
2025-12-16 19:02:48.621,-0.004972,0.000042,-0.012552,-0.004764,0.005452,-0.010703
2025-12-16 19:02:48.622,-0.003270,0.000020,-0.010689,0.000622,0.004959,-0.013682
2025-12-16 19:02:48.624,-0.005065,-0.001296,-0.013538,-0.002653,0.010317,-0.013686
2025-12-16 19:02:48.625,-0.005803,0.000600,-0.013903,-0.004055,0.009885,-0.008858
2025-12-16 19:02:48.626,-0.003478,-0.000478,-0.011879,-0.004062,0.002466,-0.008317
2025-12-16 19:02:48.627,-0.004947,0.002263,-0.011648,-0.005624,-0.000338,-0.001004
2025-12-16 19:02:48.628,-0.002580,0.000689,-0.010054,-0.004692,-0.002888,-0.005461
2025-12-16 19:02:48.629,-0.004329,0.001550,-0.009844,-0.002467,-0.001682,-0.001148
2025-12-16 19:02:48.630,-0.002979,0.000800,-0.009166,-0.001407,-0.007943,-0.003661
2025-12-16 19:02:48.632,-0.002784,0.000133,-0.009679,-0.001321,-0.003051,-0.009581
2025-12-16 19:02:48.633,-0.003698,0.001352,-0.010203,-0.002186,-0.004198,-0.004009
2025-12-16 19:02:48.634,-0.003782,-0.000368,-0.010999,-0.004188,-0.002318,-0.006415
2025-12-16 19:02:48.637,-0.002522,-0.000342,-0.009540,-0.002438,-0.001506,-0.010295
2025-12-16 19:02:48.638,-0.001572,0.000586,-0.009600,-0.000225,0.001137,-0.014012
2025-12-16 19:02:48.639,-0.002890,0.000692,-0.009946,-0.002122,0.003102,-0.011770
2025-12-16 19:02:48.640,-0.003359,0.000670,-0.010950,-0.001613,0.005474,-0.013664
2025-12-16 19:02:48.641,-0.003791,0.002205,-0.010593,-0.002364,0.002219,-0.007524
2025-12-16 19:02:48.642,-0.003977,0.003645,-0.010107,-0.003563,-0.002228,-0.001394
2025-12-16 19:02:48.643,-0.003033,0.003015,-0.009316,-0.003439,-0.004808,-0.001987
2025-12-16 19:02:48.645,-0.001557,0.002445,-0.007279,0.002313,-0.003569,-0.007796
2025-12-16 19:02:48.647,-0.002338,0.002327,-0.008769,0.002299,0.002266,-0.014566
2025-12-16 19:02:48.648,-0.001707,0.002350,-0.009426,0.001986,0.003753,-0.016139
2025-12-16 19:02:48.649,-0.001236,0.001395,-0.007600,0.006242,-0.001356,-0.016395
2025-12-16 19:02:48.651,-0.000260,0.001250,-0.006804,0.003019,-0.007098,-0.013387
2025-12-16 19:02:48.652,0.000694,0.000238,-0.007098,-0.002986,-0.007143,-0.015450
2025-12-16 19:02:48.653,-0.001154,0.002506,-0.007539,0.000202,-0.008229,-0.004564
2025-12-16 19:02:48.655,-0.001108,0.001130,-0.009230,-0.001622,-0.007587,-0.006736
2025-12-16 19:02:48.656,-0.004424,0.002803,-0.011167,0.000062,0.003350,-0.002770
2025-12-16 19:02:48.657,-0.003338,0.000996,-0.010350,-0.002466,0.001921,-0.007245
2025-12-16 19:02:48.658,-0.002336,0.001972,-0.008519,-0.001892,-0.002060,-0.005623
2025-12-16 19:02:48.659,-0.001498,0.000249,-0.009322,-0.004299,-0.006967,-0.004450
2025-12-16 19:02:48.660,-0.000848,0.002226,-0.007573,-0.003980,-0.011789,-0.000385
2025-12-16 19:02:48.662,-0.002157,0.001607,-0.009953,-0.005955,-0.006310,-0.000626
2025-12-16 19:02:48.663,-0.002733,0.000983,-0.008978,-0.002582,-0.009668,0.001899
2025-12-16 19:02:48.664,-0.000951,0.001262,-0.007676,-0.000600,-0.012264,-0.002499
2025-12-16 19:02:48.665,-0.003467,0.002351,-0.009453,0.000437,-0.002624,-0.000392
2025-12-16 19:02:48.667,-0.003283,0.001069,-0.008375,0.001726,-0.001288,-0.002045
2025-12-16 19:02:48.668,-0.004021,0.002863,-0.008245,0.003706,-0.003712,0.000618
2025-12-16 19:02:48.669,-0.004977,0.003321,-0.009389,-0.000358,-0.003684,0.003520
2025-12-16 19:02:48.670,-0.003588,0.004735,-0.007821,-0.000187,-0.005955,0.003656
2025-12-16 19:02:48.671,-0.003086,0.003515,-0.008264,-0.002146,-0.008227,0.003110
2025-12-16 19:02:48.672,-0.002926,0.005448,-0.006360,0.001054,-0.010182,0.007351
2025-12-16 19:02:48.673,-0.002376,0.004882,-0.006598,0.001159,-0.007768,0.000922
2025-12-16 19:02:48.674,-0.003959,0.005042,-0.006988,0.003174,-0.006988,0.005397
2025-12-16 19:02:48.676,-0.005734,0.005843,-0.008167,0.000152,-0.002614,0.006537
2025-12-16 19:02:48.677,-0.003399,0.003078,-0.008009,-0.002539,-0.008209,0.002205
2025-12-16 19:02:48.678,-0.004326,0.002508,-0.008937,-0.005299,-0.005411,0.001893
2025-12-16 19:02:48.679,-0.004528,0.003816,-0.008658,-0.002590,-0.001122,-0.002523
2025-12-16 19:02:48.680,-0.005164,0.004082,-0.009203,-0.003815,0.000338,-0.000942
2025-12-16 19:02:48.681,-0.004008,0.005068,-0.008047,-0.003133,-0.004823,0.002072
2025-12-16 19:02:48.682,-0.003463,0.003545,-0.007486,-0.000369,-0.002491,0.000012
2025-12-16 19:02:48.683,-0.003941,0.004166,-0.007762,-0.002403,-0.001416,0.000153
2025-12-16 19:02:48.684,-0.003623,0.002751,-0.008208,-0.003946,-0.003710,-0.000977
2025-12-16 19:02:48.685,-0.004512,0.001432,-0.009898,-0.005362,-0.000065,-0.003540
2025-12-16 19:02:48.687,-0.005040,0.001473,-0.009515,-0.002703,-0.002295,0.001212
2025-12-16 19:02:48.689,-0.005139,0.001981,-0.009594,0.000255,0.003856,-0.004143
2025-12-16 19:02:48.690,-0.003070,-0.000667,-0.008808,-0.002886,0.000480,-0.009421
2025-12-16 19:02:48.692,-0.003271,0.000278,-0.010493,-0.003954,-0.002736,-0.003376
2025-12-16 19:02:48.693,-0.003230,0.000329,-0.011410,-0.004059,0.003022,-0.007046
2025-12-16 19:02:48.694,-0.003730,0.001740,-0.010321,-0.004628,0.001646,-0.004163
2025-12-16 19:02:48.695,-0.004240,0.001002,-0.010400,-0.000445,0.000369,-0.005110
2025-12-16 19:02:48.696,-0.003598,0.001154,-0.010198,-0.000608,0.002147,-0.009450
2025-12-16 19:02:48.697,-0.002715,-0.000233,-0.010246,-0.002498,-0.000604,-0.010523
2025-12-16 19:02:48.698,-0.001677,-0.000892,-0.009808,-0.004068,-0.002090,-0.011342
2025-12-16 19:02:48.699,-0.003017,0.000056,-0.010794,-0.004572,-0.000863,-0.006674
2025-12-16 19:02:48.700,-0.003842,-0.000895,-0.011656,-0.008231,-0.002822,-0.001991
2025-12-16 19:02:48.703,-0.005945,0.000113,-0.012084,-0.005817,-0.000286,0.001329
2025-12-16 19:02:48.704,-0.005357,-0.000810,-0.013779,-0.007044,0.001668,-0.000824
2025-12-16 19:02:48.706,-0.004417,-0.001863,-0.013626,-0.007842,0.006510,-0.007528
2025-12-16 19:02:48.707,-0.005845,0.000375,-0.013055,-0.004361,0.009068,-0.002707
2025-12-16 19:02:48.708,-0.003713,0.000201,-0.010305,-0.001109,0.004001,-0.002814
2025-12-16 19:02:48.709,-0.005829,-0.001639,-0.013738,-0.004713,0.011132,-0.006345
2025-12-16 19:02:48.710,-0.005718,-0.000597,-0.013338,-0.005078,0.010508,-0.006005
2025-12-16 19:02:48.711,-0.004660,-0.000308,-0.010962,-0.001286,0.005747,-0.004585
2025-12-16 19:02:48.713,-0.003598,0.000948,-0.010573,-0.006033,-0.003388,0.003376
2025-12-16 19:02:48.714,-0.004059,0.002245,-0.009332,-0.002291,-0.001370,0.004296
2025-12-16 19:02:48.715,-0.004390,-0.000530,-0.012619,-0.005118,0.002778,-0.000619
2025-12-16 19:02:48.716,-0.004247,0.001505,-0.010613,-0.001370,0.002908,0.001512
2025-12-16 19:02:48.717,-0.002126,0.001068,-0.009143,-0.001824,-0.002648,-0.000223
2025-12-16 19:02:48.719,-0.001451,-0.000075,-0.008436,-0.000446,0.001464,-0.005574
2025-12-16 19:02:48.720,-0.002587,0.000219,-0.008688,-0.004664,0.000613,-0.001961
2025-12-16 19:02:48.721,-0.002569,-0.001907,-0.010004,-0.006643,0.004259,-0.008817
2025-12-16 19:02:48.722,-0.003373,-0.002249,-0.010434,-0.004443,0.002556,-0.005688
2025-12-16 19:02:48.723,-0.002318,-0.001406,-0.008665,-0.004230,-0.001533,-0.005823
2025-12-16 19:02:48.724,-0.002439,-0.002390,-0.009376,-0.001365,0.000858,-0.006459
2025-12-16 19:02:48.725,-0.004446,0.000150,-0.009155,-0.002016,-0.000388,0.004228
2025-12-16 19:02:48.726,-0.003856,0.000101,-0.008343,0.000079,0.001096,0.001389
2025-12-16 19:02:48.728,-0.003762,-0.000986,-0.008686,0.001112,-0.000383,0.000314
2025-12-16 19:02:48.729,-0.002442,-0.000666,-0.008262,-0.003010,-0.009499,0.005266
2025-12-16 19:02:48.731,-0.002998,-0.002359,-0.009938,-0.006023,-0.004046,-0.000874
2025-12-16 19:02:48.732,-0.003808,-0.000422,-0.009516,-0.003890,-0.003581,-0.000457
2025-12-16 19:02:48.734,-0.002935,-0.001756,-0.008920,-0.005580,-0.001521,-0.002608
2025-12-16 19:02:48.735,-0.003357,-0.001033,-0.008686,-0.002346,0.002065,-0.003127
2025-12-16 19:02:48.736,-0.004301,-0.000438,-0.009212,-0.000387,-0.000839,0.001664
2025-12-16 19:02:48.737,-0.004148,-0.001550,-0.009637,-0.002239,0.000471,-0.002506
2025-12-16 19:02:48.739,-0.003826,0.000485,-0.008125,0.002537,-0.000198,0.000573
2025-12-16 19:02:48.740,-0.003999,0.000130,-0.008515,0.001577,-0.003513,0.002706
2025-12-16 19:02:48.741,-0.005043,-0.001759,-0.010026,-0.001662,-0.003804,0.000627
2025-12-16 19:02:48.742,-0.006583,-0.000225,-0.010447,-0.000243,-0.002891,0.005880
2025-12-16 19:02:48.744,-0.004306,0.000763,-0.008759,0.002722,-0.000824,0.001856
2025-12-16 19:02:48.745,-0.004315,0.002123,-0.007259,0.005564,-0.000923,0.004007
2025-12-16 19:02:48.746,-0.005695,0.002479,-0.009141,0.005153,0.004233,0.004580
2025-12-16 19:02:48.747,-0.005900,0.003393,-0.007713,0.006713,0.003817,0.004816
2025-12-16 19:02:48.748,-0.006421,0.003785,-0.008390,0.006200,0.007714,0.003842
2025-12-16 19:02:48.749,-0.006296,0.001993,-0.008322,0.000508,0.000436,0.006309
2025-12-16 19:02:48.751,-0.007751,0.004841,-0.008392,0.002154,0.001907,0.011937
2025-12-16 19:02:48.752,-0.006467,0.002366,-0.008585,-0.000651,0.000936,0.008100
2025-12-16 19:02:48.753,-0.004370,0.003439,-0.007005,-0.000897,-0.003245,0.006541
2025-12-16 19:02:48.754,-0.003940,0.004678,-0.006511,0.004258,-0.000199,0.003034
2025-12-16 19:02:48.755,-0.004582,0.004027,-0.007792,0.001267,-0.001037,0.002691
2025-12-16 19:02:48.756,-0.003370,0.003967,-0.006857,0.003575,-0.001019,0.001860
2025-12-16 19:02:48.757,-0.005133,0.004875,-0.006891,0.004694,0.000739,0.005028
2025-12-16 19:02:48.758,-0.004486,0.002441,-0.008229,0.001293,0.000463,0.000377
2025-12-16 19:02:48.759,-0.005976,0.001984,-0.009545,0.001519,0.004738,0.001350
2025-12-16 19:02:48.760,-0.005592,0.000746,-0.010358,-0.001268,-0.000115,0.001495
2025-12-16 19:02:48.762,-0.005899,0.001512,-0.009675,0.000373,0.003178,0.001843
2025-12-16 19:02:48.763,-0.005485,0.002631,-0.008746,0.002266,0.002338,0.003383
2025-12-16 19:02:48.764,-0.005604,0.002305,-0.009504,0.003133,0.006306,-0.002191
2025-12-16 19:02:48.765,-0.003564,0.001476,-0.007883,0.004953,0.002761,-0.002865
2025-12-16 19:02:48.766,-0.003832,0.000581,-0.008031,0.001236,0.001628,-0.004851
2025-12-16 19:02:48.767,-0.003970,-0.000002,-0.009028,0.002012,0.006315,-0.006474
2025-12-16 19:02:48.768,-0.003150,0.000135,-0.007566,0.004020,0.001236,-0.003947
2025-12-16 19:02:48.769,-0.002511,0.000346,-0.007333,0.004136,-0.000855,-0.002842
2025-12-16 19:02:48.770,-0.002275,-0.001311,-0.009030,0.000184,-0.002214,-0.004932
2025-12-16 19:02:48.771,-0.002539,0.000360,-0.007318,0.000303,-0.003055,0.000584
2025-12-16 19:02:48.773,-0.001450,0.001600,-0.005517,0.002479,-0.007868,-0.001549
2025-12-16 19:02:48.774,-0.002717,0.001069,-0.006542,-0.001647,-0.011689,0.005170
2025-12-16 19:02:48.775,-0.005249,0.002425,-0.007975,0.001415,-0.005429,0.008301
2025-12-16 19:02:48.776,-0.006782,0.003336,-0.008740,0.002970,0.001056,0.007635
2025-12-16 19:02:48.777,-0.006213,0.002000,-0.009738,0.001564,0.001648,0.005585
2025-12-16 19:02:48.779,-0.006040,0.002266,-0.009254,0.002932,0.002730,0.004827
2025-12-16 19:02:48.780,-0.005663,0.003639,-0.007649,0.005247,-0.000307,0.007988
2025-12-16 19:02:48.781,-0.006254,0.003416,-0.007653,0.006582,0.002285,0.007327
2025-12-16 19:02:48.782,-0.008321,0.005013,-0.009500,0.002931,0.005347,0.014284
2025-12-16 19:02:48.783,-0.009750,0.003731,-0.010792,0.003085,0.011963,0.009335
2025-12-16 19:02:48.784,-0.009132,0.002369,-0.010715,0.002932,0.006286,0.009984
2025-12-16 19:02:48.785,-0.005539,0.001632,-0.008075,0.001385,-0.001320,0.005246
2025-12-16 19:02:48.786,-0.005721,0.002710,-0.007091,0.006795,0.002496,0.001371
2025-12-16 19:02:48.787,-0.004792,0.002047,-0.006024,0.005965,-0.002524,0.001356
2025-12-16 19:02:48.788,-0.005251,0.002120,-0.007500,0.002886,-0.002746,0.002677
2025-12-16 19:02:48.789,-0.004572,0.000635,-0.008332,0.000209,-0.004106,-0.000238
2025-12-16 19:02:48.790,-0.002571,-0.000123,-0.007173,0.000977,-0.005146,-0.008050
2025-12-16 19:02:48.791,-0.004083,0.000299,-0.008265,0.001857,-0.001524,-0.003787
2025-12-16 19:02:48.793,-0.001999,-0.000544,-0.007731,-0.001350,-0.009657,-0.002705
2025-12-16 19:02:48.794,-0.003830,-0.000410,-0.009099,-0.001115,-0.008320,0.001866
2025-12-16 19:02:48.795,-0.004349,-0.000078,-0.008946,0.000785,-0.007943,0.002893
2025-12-16 19:02:48.796,-0.003637,-0.000397,-0.008209,-0.000904,-0.006277,-0.001396
2025-12-16 19:02:48.797,-0.003892,-0.001150,-0.008961,-0.002953,-0.006293,-0.002190
2025-12-16 19:02:48.798,-0.004348,-0.000110,-0.008872,0.000160,-0.006388,0.001751
2025-12-16 19:02:48.799,-0.004160,-0.001572,-0.009741,-0.002903,-0.009388,0.001491
2025-12-16 19:02:48.801,-0.003963,-0.000990,-0.008501,-0.000438,-0.005718,-0.000381
2025-12-16 19:02:48.802,-0.005753,-0.001052,-0.010526,-0.005339,-0.005474,0.005618
2025-12-16 19:02:48.803,-0.004526,-0.001397,-0.009963,-0.003254,-0.007673,0.002905
2025-12-16 19:02:48.804,-0.004013,-0.000707,-0.009431,-0.000337,-0.003164,0.000753
2025-12-16 19:02:48.805,-0.003937,-0.000974,-0.009962,-0.002399,-0.000892,-0.001940
2025-12-16 19:02:48.806,-0.004042,-0.001011,-0.009989,-0.004256,-0.004390,-0.000644
2025-12-16 19:02:48.807,-0.003205,-0.002629,-0.009075,-0.005017,-0.007915,-0.003608
2025-12-16 19:02:48.808,-0.003283,-0.001842,-0.009014,-0.002558,-0.010668,0.000925
2025-12-16 19:02:48.809,-0.003742,-0.002162,-0.009576,-0.000931,-0.006479,-0.000188
2025-12-16 19:02:48.810,-0.004434,-0.001627,-0.010460,-0.001667,-0.005353,0.005137
2025-12-16 19:02:48.811,-0.005372,-0.001799,-0.009884,0.000108,0.000079,0.001565
2025-12-16 19:02:48.813,-0.005218,-0.002402,-0.010009,-0.002076,-0.000056,0.003511
2025-12-16 19:02:48.814,-0.005044,-0.001824,-0.009356,0.000126,0.000585,0.002592
2025-12-16 19:02:48.815,-0.006819,-0.001838,-0.010727,0.003728,0.009325,-0.004540
2025-12-16 19:02:48.816,-0.006028,-0.002323,-0.011075,0.003791,0.008190,-0.004510
2025-12-16 19:02:48.817,-0.005452,-0.002365,-0.010314,0.004133,0.005073,-0.003948
2025-12-16 19:02:48.818,-0.004706,-0.000338,-0.007470,0.005852,-0.002614,0.000888
2025-12-16 19:02:48.819,-0.003973,0.000811,-0.006513,0.008474,-0.004999,-0.000009
2025-12-16 19:02:48.821,-0.004063,0.000050,-0.008043,0.009904,0.001427,-0.004959
2025-12-16 19:02:48.822,-0.005035,0.000314,-0.008186,0.008449,0.003610,-0.003417
2025-12-16 19:02:48.823,-0.003277,-0.000201,-0.007268,0.007907,-0.003840,-0.000966
2025-12-16 19:02:48.824,-0.002839,-0.001335,-0.007470,0.002579,-0.006748,-0.000104
2025-12-16 19:02:48.826,-0.004419,-0.000598,-0.008275,0.001296,-0.002817,0.004660
2025-12-16 19:02:48.829,-0.003320,-0.004495,-0.009111,0.000431,-0.001663,-0.000592
2025-12-16 19:02:48.830,-0.004821,-0.003663,-0.010182,0.000598,-0.000298,0.001608
2025-12-16 19:02:48.831,-0.003933,-0.002785,-0.008976,0.002188,-0.001845,0.000811
2025-12-16 19:02:48.833,-0.003041,-0.000376,-0.006842,0.004777,-0.007455,0.005351
2025-12-16 19:02:48.834,-0.004383,-0.001202,-0.009572,0.003521,-0.001775,0.003963
2025-12-16 19:02:48.835,-0.003572,-0.001097,-0.009236,0.002660,-0.005102,0.002181
2025-12-16 19:02:48.836,-0.004592,-0.002099,-0.010578,0.002623,-0.003758,0.003105
2025-12-16 19:02:48.837,-0.003983,-0.002502,-0.010698,-0.001135,-0.002706,-0.001306
2025-12-16 19:02:48.838,-0.003900,-0.003869,-0.011078,-0.003201,-0.002445,-0.005162
2025-12-16 19:02:48.839,-0.005993,-0.003215,-0.012182,-0.001891,0.002476,-0.002571
2025-12-16 19:02:48.840,-0.005076,-0.002795,-0.011571,-0.003248,-0.002982,-0.001495
2025-12-16 19:02:48.842,-0.005610,-0.003341,-0.011274,-0.004316,-0.005611,0.003918
2025-12-16 19:02:48.845,-0.002615,-0.003804,-0.009038,-0.003860,-0.010744,0.005259
2025-12-16 19:02:48.846,-0.003106,-0.006295,-0.010823,-0.003750,-0.008734,0.001313
2025-12-16 19:02:48.847,-0.003608,-0.005286,-0.008998,-0.003560,-0.006519,0.002516
2025-12-16 19:02:48.849,-0.002503,-0.003620,-0.007792,0.000574,-0.009757,0.003326
2025-12-16 19:02:48.850,-0.004343,-0.003133,-0.009994,-0.000999,-0.001268,0.004329
2025-12-16 19:02:48.851,-0.002880,-0.003190,-0.008719,0.000698,-0.011206,0.005989
2025-12-16 19:02:48.852,-0.002836,-0.002839,-0.008439,0.002305,-0.007874,0.003452
2025-12-16 19:02:48.855,-0.003802,-0.002562,-0.010023,0.000868,-0.006261,0.007524
2025-12-16 19:02:48.856,-0.002219,-0.002558,-0.008164,0.002893,-0.010499,0.005061
2025-12-16 19:02:48.857,-0.003114,-0.003660,-0.009238,0.000328,-0.008265,0.006671
2025-12-16 19:02:48.858,-0.003695,-0.003511,-0.011323,0.000463,-0.003577,0.005506
2025-12-16 19:02:48.859,-0.002430,-0.005385,-0.009195,0.001961,-0.008030,0.000301
2025-12-16 19:02:48.861,-0.002320,-0.006282,-0.008734,0.002233,-0.003201,-0.005588
2025-12-16 19:02:48.862,-0.000901,-0.004365,-0.007184,0.005173,-0.004248,-0.006091
2025-12-16 19:02:48.864,-0.003035,-0.005406,-0.010424,-0.000571,-0.004853,0.002834
2025-12-16 19:02:48.868,-0.001850,-0.007031,-0.011200,0.001035,0.004073,-0.008512
2025-12-16 19:02:48.869,-0.002474,-0.005078,-0.012202,0.002356,0.002680,-0.003825
2025-12-16 19:02:48.870,-0.003402,-0.005308,-0.012877,0.000293,0.003880,-0.000475
2025-12-16 19:02:48.871,-0.002437,-0.004542,-0.010737,0.002626,0.000085,-0.001033
2025-12-16 19:02:48.873,-0.004081,-0.004148,-0.011343,-0.000460,-0.001197,0.004295
2025-12-16 19:02:48.874,-0.003436,-0.004998,-0.011722,0.000014,-0.000529,0.001674
2025-12-16 19:02:48.875,-0.004086,-0.004460,-0.012196,-0.001361,0.005209,0.002046
2025-12-16 19:02:48.876,-0.004042,-0.006657,-0.012215,-0.003553,0.003186,0.000889
2025-12-16 19:02:48.877,-0.003171,-0.005154,-0.010552,-0.000292,-0.003052,0.002900
2025-12-16 19:02:48.878,-0.003374,-0.004756,-0.011249,0.000342,-0.000017,0.000723
2025-12-16 19:02:48.879,-0.003301,-0.004357,-0.012002,0.001005,-0.001484,0.001943
2025-12-16 19:02:48.880,-0.002342,-0.005258,-0.011562,-0.000721,-0.002246,0.002185
2025-12-16 19:02:48.881,-0.003450,-0.004366,-0.011237,0.000235,0.001195,0.000340
2025-12-16 19:02:48.883,-0.001866,-0.003775,-0.010575,0.001796,-0.002410,0.000204
2025-12-16 19:02:48.884,-0.000825,-0.004752,-0.008957,0.002149,-0.007259,-0.000303
2025-12-16 19:02:48.885,-0.001367,-0.006776,-0.009925,-0.000602,-0.002004,-0.003019
2025-12-16 19:02:48.886,-0.001468,-0.008793,-0.009933,-0.002110,0.000016,-0.005769
2025-12-16 19:02:48.887,-0.001416,-0.009440,-0.011619,-0.003646,-0.001406,-0.003376
2025-12-16 19:02:48.889,0.000061,-0.008846,-0.009581,-0.001983,-0.007458,-0.003131
2025-12-16 19:02:48.890,-0.000486,-0.007683,-0.009786,-0.002058,-0.004979,-0.000811
2025-12-16 19:02:48.891,-0.001763,-0.008286,-0.011156,-0.004686,-0.001320,-0.000836
2025-12-16 19:02:48.893,-0.001092,-0.007144,-0.011028,-0.001651,-0.004131,0.000386
2025-12-16 19:02:48.894,-0.001595,-0.008417,-0.011906,-0.003076,-0.000830,-0.001873
2025-12-16 19:02:48.895,-0.000870,-0.005699,-0.010073,0.000968,-0.002365,-0.002558
2025-12-16 19:02:48.896,-0.000585,-0.007191,-0.011232,-0.001198,0.001707,-0.004988
2025-12-16 19:02:48.897,-0.001183,-0.005943,-0.011469,-0.002240,-0.001248,0.001556
2025-12-16 19:02:48.898,-0.002215,-0.008050,-0.013383,-0.004636,0.000630,0.000971
2025-12-16 19:02:48.899,-0.000012,-0.008733,-0.010778,-0.002079,-0.005612,-0.003503
2025-12-16 19:02:48.900,-0.000614,-0.006436,-0.010429,-0.000939,-0.004439,0.001121
2025-12-16 19:02:48.905,0.001629,-0.008166,-0.010183,-0.000411,-0.008123,-0.002916
2025-12-16 19:02:48.906,0.001123,-0.007217,-0.011345,0.001493,-0.004371,-0.003746
2025-12-16 19:02:48.907,0.001037,-0.007488,-0.011076,-0.000087,-0.007215,-0.000923
2025-12-16 19:02:48.908,0.000722,-0.007651,-0.012218,-0.001995,-0.003858,-0.000530
2025-12-16 19:02:48.910,-0.000052,-0.006353,-0.010941,-0.002138,-0.000774,-0.000022
2025-12-16 19:02:48.911,0.001190,-0.006170,-0.010009,0.000137,-0.004145,-0.002198
2025-12-16 19:02:48.912,0.000562,-0.005859,-0.010879,0.000666,-0.002786,-0.002741
2025-12-16 19:02:48.913,0.000961,-0.006606,-0.010189,-0.000217,-0.003992,-0.001963
2025-12-16 19:02:48.914,0.001292,-0.007788,-0.011486,0.000294,-0.001519,-0.006410
2025-12-16 19:02:48.915,0.002028,-0.008506,-0.010769,0.001898,-0.003464,-0.009265
2025-12-16 19:02:48.916,0.001488,-0.008384,-0.013383,0.001370,0.002330,-0.010907
2025-12-16 19:02:48.917,0.001097,-0.007918,-0.012569,-0.000299,0.002286,-0.008520
2025-12-16 19:02:48.919,0.000718,-0.008307,-0.013884,-0.001629,0.004835,-0.007242
2025-12-16 19:02:48.920,0.000465,-0.007839,-0.013367,-0.001173,0.003067,-0.006143
2025-12-16 19:02:48.921,0.000316,-0.007481,-0.013507,-0.002757,0.001263,-0.003205
2025-12-16 19:02:48.922,-0.000666,-0.004803,-0.012517,0.000139,0.002246,-0.000750
2025-12-16 19:02:48.923,-0.001135,-0.005655,-0.014489,-0.001430,0.001945,0.001222
2025-12-16 19:02:48.924,-0.000271,-0.005870,-0.013638,-0.000208,0.001248,-0.002011
2025-12-16 19:02:48.925,-0.000687,-0.005964,-0.013878,-0.001196,0.001531,0.000316
2025-12-16 19:02:48.926,-0.001601,-0.005574,-0.013430,-0.001878,-0.000718,0.004017
2025-12-16 19:02:48.928,-0.001159,-0.006034,-0.012895,-0.002845,-0.003952,0.005578
2025-12-16 19:02:48.929,-0.000674,-0.006706,-0.014345,-0.000812,0.001624,-0.002111
2025-12-16 19:02:48.930,0.000972,-0.007496,-0.012508,0.001443,-0.002658,-0.005060
2025-12-16 19:02:48.931,-0.000212,-0.006427,-0.013904,0.002039,0.004592,-0.006319
2025-12-16 19:02:48.932,0.001129,-0.008009,-0.013387,0.001869,-0.000067,-0.008472
2025-12-16 19:02:48.933,0.000040,-0.007066,-0.014306,0.000113,0.002555,-0.004858
2025-12-16 19:02:48.934,-0.000194,-0.007478,-0.014469,-0.001677,0.001806,-0.002166
2025-12-16 19:02:48.936,-0.001137,-0.006427,-0.013989,-0.001981,0.005011,-0.001427
2025-12-16 19:02:48.937,-0.000987,-0.006324,-0.013633,-0.001610,-0.000855,0.002443
2025-12-16 19:02:48.938,-0.001686,-0.004140,-0.013208,0.000043,-0.004807,0.007635
2025-12-16 19:02:48.939,0.000131,-0.005962,-0.012222,0.000828,-0.004416,-0.000298
2025-12-16 19:02:48.940,-0.000259,-0.005751,-0.012427,0.000120,-0.004091,0.001628
2025-12-16 19:02:48.942,-0.000765,-0.005925,-0.012998,-0.001843,-0.001743,0.001827
2025-12-16 19:02:48.943,0.000219,-0.007319,-0.012379,0.000583,-0.001926,-0.004208
2025-12-16 19:02:48.944,0.000592,-0.006455,-0.012411,0.002080,-0.004444,-0.003196
2025-12-16 19:02:48.946,-0.001406,-0.005962,-0.013590,0.002191,-0.005112,0.001101
2025-12-16 19:02:48.947,-0.001442,-0.006525,-0.014312,0.000481,-0.003859,0.000516
2025-12-16 19:02:48.948,-0.000642,-0.006084,-0.012613,0.000242,-0.004444,0.002262
2025-12-16 19:02:48.949,-0.000888,-0.005771,-0.013799,0.000839,-0.001143,0.000102
2025-12-16 19:02:48.950,-0.002772,-0.004980,-0.014395,0.001105,0.005113,-0.000869
2025-12-16 19:02:48.951,-0.003062,-0.004967,-0.013941,-0.000607,0.001543,0.002644
2025-12-16 19:02:48.953,-0.002495,-0.003598,-0.013073,-0.000195,-0.000335,0.005886
2025-12-16 19:02:48.954,-0.002795,-0.003518,-0.013117,-0.001464,-0.001224,0.008033
2025-12-16 19:02:48.955,-0.002078,-0.003432,-0.013484,-0.002054,0.001540,0.007412
2025-12-16 19:02:48.956,-0.002603,-0.004312,-0.014424,-0.000920,0.002169,0.004541
2025-12-16 19:02:48.957,-0.001813,-0.002955,-0.012490,0.001204,0.003349,0.001770
2025-12-16 19:02:48.959,-0.002822,-0.004568,-0.014386,-0.001228,0.006181,0.001694
2025-12-16 19:02:48.960,-0.001410,-0.003793,-0.012072,-0.000580,-0.007268,0.008743
2025-12-16 19:02:48.961,-0.001772,-0.004823,-0.012837,-0.003308,-0.010425,0.011630
2025-12-16 19:02:48.962,-0.002281,-0.003915,-0.012388,-0.001281,-0.008402,0.009908
2025-12-16 19:02:48.963,-0.001895,-0.006066,-0.012978,0.000279,-0.003277,0.001585
2025-12-16 19:02:48.964,-0.002694,-0.004965,-0.013437,0.000930,-0.001066,0.002209
2025-12-16 19:02:48.966,-0.002352,-0.004345,-0.011712,0.002291,-0.009676,0.005044
2025-12-16 19:02:48.967,-0.001608,-0.003916,-0.011265,0.000501,-0.010448,0.007934
2025-12-16 19:02:48.968,-0.001998,-0.005697,-0.012295,-0.000045,0.000813,-0.000242
2025-12-16 19:02:48.969,-0.002862,-0.005493,-0.013203,0.000080,0.000039,0.000854
2025-12-16 19:02:48.970,-0.002421,-0.004924,-0.012560,-0.001827,-0.002890,0.005003
2025-12-16 19:02:48.971,-0.002897,-0.004445,-0.012636,0.000711,-0.001333,0.003532
2025-12-16 19:02:48.972,-0.002989,-0.005098,-0.013011,0.000785,0.005764,-0.002938
2025-12-16 19:02:48.973,-0.003834,-0.005444,-0.014133,-0.001580,0.004652,0.001280
2025-12-16 19:02:48.974,-0.005108,-0.004288,-0.013080,-0.002594,0.001234,0.007430
2025-12-16 19:02:48.975,-0.003607,-0.005219,-0.012900,-0.000729,-0.001097,0.003545
2025-12-16 19:02:48.976,-0.004437,-0.004300,-0.013439,0.000379,0.003245,0.002953
2025-12-16 19:02:48.978,-0.005479,-0.003935,-0.013806,-0.001206,0.003542,0.006414
2025-12-16 19:02:48.979,-0.004951,-0.004616,-0.013717,0.001076,0.004961,0.000615
2025-12-16 19:02:48.980,-0.005800,-0.003525,-0.014645,0.000870,0.009502,0.000077
2025-12-16 19:02:48.981,-0.005517,-0.003972,-0.014364,0.002714,0.010432,-0.002333
2025-12-16 19:02:48.982,-0.005083,-0.004418,-0.013472,-0.000101,0.005725,0.002049
2025-12-16 19:02:48.983,-0.005521,-0.005200,-0.014655,-0.001969,0.005656,0.003956
2025-12-16 19:02:48.984,-0.006429,-0.004053,-0.013904,-0.002515,0.001867,0.009497
2025-12-16 19:02:48.985,-0.006767,-0.004782,-0.015168,-0.002494,0.005818,0.005942
2025-12-16 19:02:48.986,-0.005244,-0.005129,-0.014461,-0.000951,0.008131,-0.000290
2025-12-16 19:02:48.987,-0.004559,-0.006104,-0.013417,0.000209,0.002665,-0.001034
2025-12-16 19:02:48.989,-0.005873,-0.004479,-0.014526,-0.001435,0.006396,0.004250
2025-12-16 19:02:48.990,-0.006875,-0.003961,-0.013573,-0.002255,0.003217,0.008922
2025-12-16 19:02:48.991,-0.006601,-0.005115,-0.014152,-0.001658,0.008797,0.002397
2025-12-16 19:02:48.992,-0.006609,-0.006190,-0.015770,-0.003796,0.009678,0.003694
2025-12-16 19:02:48.993,-0.005688,-0.003344,-0.013063,-0.002977,0.003522,0.009010
2025-12-16 19:02:48.994,-0.005304,-0.006215,-0.014159,-0.002635,0.006116,0.001428
2025-12-16 19:02:48.995,-0.004863,-0.005937,-0.012965,-0.000283,0.000504,0.002254
2025-12-16 19:02:48.996,-0.005651,-0.004505,-0.013418,-0.001274,0.001504,0.007222
2025-12-16 19:02:48.997,-0.005525,-0.004476,-0.014222,-0.001485,0.002052,0.005411
2025-12-16 19:02:48.998,-0.006835,-0.003728,-0.014689,-0.000391,-0.000069,0.009185
2025-12-16 19:02:48.999,-0.006077,-0.004578,-0.014493,0.000773,0.000747,0.005436
2025-12-16 19:02:49.000,-0.005722,-0.003325,-0.014240,-0.000493,0.001077,0.008904
2025-12-16 19:02:49.002,-0.006296,-0.004121,-0.015778,-0.002797,0.007652,0.007080
2025-12-16 19:02:49.003,-0.006329,-0.003742,-0.014728,-0.001762,0.002504,0.009309
2025-12-16 19:02:49.004,-0.004789,-0.004605,-0.012453,0.000766,0.000530,0.003517
2025-12-16 19:02:49.005,-0.005833,-0.005990,-0.014487,0.000182,0.007082,-0.001825
2025-12-16 19:02:49.006,-0.006428,-0.004743,-0.014957,-0.001761,0.006152,0.005046
2025-12-16 19:02:49.007,-0.005239,-0.003305,-0.012833,-0.001632,-0.001301,0.009951
2025-12-16 19:02:49.008,-0.005984,-0.005115,-0.014315,-0.002980,0.000487,0.009887
2025-12-16 19:02:49.009,-0.005045,-0.006097,-0.014414,-0.002056,0.002386,0.003987
2025-12-16 19:02:49.010,-0.005405,-0.005346,-0.014307,-0.001195,0.003875,0.002471
2025-12-16 19:02:49.011,-0.005915,-0.004566,-0.014208,-0.000130,0.008016,0.000645
2025-12-16 19:02:49.013,-0.004535,-0.002985,-0.012896,0.001360,0.001606,0.003891
2025-12-16 19:02:49.014,-0.006535,-0.002932,-0.014303,0.002035,0.006375,0.003457
2025-12-16 19:02:49.015,-0.005773,-0.005601,-0.014237,-0.001202,0.005179,0.001062
2025-12-16 19:02:49.016,-0.005388,-0.003464,-0.013265,0.001319,0.002762,0.003715
2025-12-16 19:02:49.017,-0.004350,-0.006475,-0.014323,0.000208,0.009655,-0.006356
2025-12-16 19:02:49.018,-0.004843,-0.005529,-0.013576,0.001470,0.004064,-0.002005
2025-12-16 19:02:49.019,-0.003841,-0.004203,-0.013016,0.002291,-0.000359,0.000802
2025-12-16 19:02:49.020,-0.004417,-0.004214,-0.013399,0.002764,0.002698,-0.000394
2025-12-16 19:02:49.021,-0.003761,-0.002887,-0.012192,0.003475,0.000150,0.001308
2025-12-16 19:02:49.022,-0.001144,-0.005566,-0.011387,0.003600,-0.000466,-0.006822
2025-12-16 19:02:49.023,-0.002096,-0.006299,-0.012734,0.003607,0.001648,-0.006412
2025-12-16 19:02:49.024,-0.002633,-0.004369,-0.012078,0.004497,0.002130,-0.004017
2025-12-16 19:02:49.026,-0.004505,-0.005101,-0.014186,0.000767,0.005512,-0.000567
2025-12-16 19:02:49.027,-0.003961,-0.003002,-0.013897,0.002393,0.001423,0.003042
2025-12-16 19:02:49.028,-0.003859,-0.003184,-0.013001,0.003072,0.004972,-0.000951
2025-12-16 19:02:49.029,-0.003858,-0.003177,-0.011808,0.003093,0.001985,-0.000839
2025-12-16 19:02:49.030,-0.005920,-0.002500,-0.013057,0.000969,0.004723,0.005104
2025-12-16 19:02:49.031,-0.004295,-0.002982,-0.012532,0.001955,0.001551,0.003036
2025-12-16 19:02:49.032,-0.004831,-0.003546,-0.012469,-0.000431,-0.001822,0.007512
2025-12-16 19:02:49.033,-0.003144,-0.005098,-0.010013,0.001511,-0.005524,0.002074
2025-12-16 19:02:49.035,-0.004548,-0.004860,-0.012024,-0.001533,-0.001715,0.004529
2025-12-16 19:02:49.036,-0.005928,-0.003058,-0.012287,-0.001971,-0.000291,0.010521
2025-12-16 19:02:49.037,-0.007075,-0.003866,-0.014878,-0.002263,0.004166,0.009627
2025-12-16 19:02:49.038,-0.007408,-0.002523,-0.013352,-0.000350,0.001618,0.010123
2025-12-16 19:02:49.039,-0.006263,-0.001054,-0.012390,0.001323,0.000552,0.009610
2025-12-16 19:02:49.040,-0.005971,-0.000715,-0.011371,0.002438,-0.001398,0.009092
2025-12-16 19:02:49.041,-0.006207,-0.003174,-0.012968,0.001426,0.002664,0.003789
2025-12-16 19:02:49.043,-0.004297,-0.001217,-0.010976,0.003318,-0.005351,0.007878
2025-12-16 19:02:49.044,-0.006255,-0.001128,-0.013302,0.003178,0.006710,0.003583
2025-12-16 19:02:49.045,-0.005196,-0.002213,-0.012998,0.004275,0.009436,-0.001809
2025-12-16 19:02:49.046,-0.005811,-0.004190,-0.015232,-0.002775,0.010547,-0.001924
2025-12-16 19:02:49.047,-0.007902,-0.004281,-0.016555,-0.004911,0.011668,0.003850
2025-12-16 19:02:49.048,-0.008285,-0.002560,-0.016637,-0.005347,0.011358,0.008871
2025-12-16 19:02:49.049,-0.007517,-0.002661,-0.014381,-0.002911,0.006886,0.006182
2025-12-16 19:02:49.050,-0.006015,-0.003882,-0.014480,-0.003829,0.003296,0.008062
2025-12-16 19:02:49.051,-0.005535,-0.005833,-0.015541,-0.008385,0.001146,0.006817
2025-12-16 19:02:49.052,-0.005194,-0.004249,-0.014633,-0.007217,0.001541,0.009247
2025-12-16 19:02:49.054,-0.004356,-0.002480,-0.013355,-0.003356,-0.000562,0.009106
2025-12-16 19:02:49.055,-0.004501,-0.002462,-0.012253,-0.001794,0.001166,0.005284
2025-12-16 19:02:49.056,-0.002308,-0.002876,-0.010394,-0.001124,-0.005419,0.006210
2025-12-16 19:02:49.057,-0.004073,-0.001718,-0.010459,0.001356,-0.004316,0.007545
2025-12-16 19:02:49.059,-0.002566,-0.001912,-0.008716,0.000351,-0.008077,0.008582
2025-12-16 19:02:49.060,-0.002539,-0.002932,-0.009623,-0.000788,-0.006024,0.008508
2025-12-16 19:02:49.061,-0.001491,-0.003781,-0.009163,-0.001574,-0.004963,-0.000880
2025-12-16 19:02:49.062,-0.003448,-0.001802,-0.009791,0.000599,-0.001312,0.002275
2025-12-16 19:02:49.063,-0.002863,-0.002032,-0.008793,0.002241,-0.001281,-0.000828
2025-12-16 19:02:49.064,-0.003551,-0.000618,-0.007934,0.002796,-0.002282,0.001554
2025-12-16 19:02:49.066,-0.003493,-0.001064,-0.008234,0.001364,0.002959,0.000173
2025-12-16 19:02:49.067,-0.002813,-0.000330,-0.007986,0.003089,0.001816,0.000595
2025-12-16 19:02:49.068,-0.005721,-0.000237,-0.012129,-0.001862,0.005525,0.006540
2025-12-16 19:02:49.069,-0.004286,-0.000925,-0.012097,-0.002471,0.004448,0.007067
2025-12-16 19:02:49.070,-0.002800,-0.003626,-0.011588,-0.000616,0.006477,-0.002550
2025-12-16 19:02:49.071,-0.004465,-0.002372,-0.011953,-0.002091,0.005449,0.004118
2025-12-16 19:02:49.072,-0.002852,-0.002855,-0.010538,0.000102,0.000348,0.002007
2025-12-16 19:02:49.073,-0.001096,-0.002758,-0.009657,-0.001109,-0.001583,-0.002746
2025-12-16 19:02:49.074,-0.000447,-0.004490,-0.009754,-0.001967,-0.005788,-0.000547
2025-12-16 19:02:49.076,0.000095,-0.005128,-0.009189,-0.000381,-0.002213,-0.006033
2025-12-16 19:02:49.077,-0.000528,-0.003584,-0.009881,0.000923,-0.000064,-0.002397
2025-12-16 19:02:49.078,-0.000630,-0.002551,-0.007831,0.000218,-0.003598,0.001669
2025-12-16 19:02:49.079,-0.001643,-0.002183,-0.009164,-0.000952,-0.001010,0.004353
2025-12-16 19:02:49.080,-0.001798,-0.001518,-0.009583,-0.001778,-0.001712,0.007867
2025-12-16 19:02:49.081,-0.001192,-0.001568,-0.009692,-0.003000,-0.001962,0.003192
2025-12-16 19:02:49.082,-0.000845,-0.002684,-0.009742,-0.000649,0.002051,-0.002253
2025-12-16 19:02:49.084,-0.002510,-0.001518,-0.011500,-0.001815,0.000068,0.006766
2025-12-16 19:02:49.085,-0.000789,-0.001776,-0.009631,-0.002582,-0.006585,0.003104
2025-12-16 19:02:49.086,-0.000434,-0.003320,-0.010272,-0.001577,-0.005426,0.002289
2025-12-16 19:02:49.087,-0.001287,-0.002726,-0.009624,-0.001852,-0.007437,0.006814
2025-12-16 19:02:49.088,-0.000382,-0.003016,-0.009530,0.000216,-0.006427,0.003127
2025-12-16 19:02:49.089,-0.000752,-0.002573,-0.009995,-0.001365,-0.007646,0.006782
2025-12-16 19:02:49.090,-0.000757,-0.002008,-0.008346,0.001400,-0.007726,0.005112
2025-12-16 19:02:49.091,0.002104,-0.001843,-0.006961,0.004039,-0.007918,0.000264
2025-12-16 19:02:49.092,0.001825,-0.003022,-0.007654,0.002574,-0.007113,0.000810
2025-12-16 19:02:49.093,0.000940,-0.002752,-0.008799,0.000243,-0.008033,0.005836
2025-12-16 19:02:49.094,0.000065,-0.002464,-0.009300,-0.000473,-0.007556,0.007676
2025-12-16 19:02:49.095,0.000578,-0.003040,-0.008276,0.001278,-0.004032,0.000856
2025-12-16 19:02:49.097,0.000667,-0.003391,-0.009126,0.003177,-0.002245,-0.003045
2025-12-16 19:02:49.098,0.000944,-0.004028,-0.007913,0.002213,-0.008375,0.001475
2025-12-16 19:02:49.099,0.000722,-0.001618,-0.007379,0.001991,-0.009690,0.007182
2025-12-16 19:02:49.100,0.000951,-0.002829,-0.008826,0.002160,-0.007250,0.002444
2025-12-16 19:02:49.101,0.000441,-0.003777,-0.009765,0.002903,-0.001814,-0.002385
2025-12-16 19:02:49.102,-0.000078,-0.002694,-0.008924,0.004461,-0.002131,-0.001877
2025-12-16 19:02:49.104,-0.000833,-0.003445,-0.010138,0.001584,-0.002351,0.001148
2025-12-16 19:02:49.107,0.000508,-0.004509,-0.010904,0.000191,-0.002494,-0.004400
2025-12-16 19:02:49.109,0.003680,-0.007325,-0.008246,0.002722,-0.008397,-0.012042
2025-12-16 19:02:49.110,0.003028,-0.007444,-0.009912,0.001788,-0.006224,-0.011879
2025-12-16 19:02:49.111,0.001264,-0.004448,-0.009409,0.002974,-0.007797,-0.004661
2025-12-16 19:02:49.112,0.000271,-0.003778,-0.010583,0.003700,-0.002319,-0.004041
2025-12-16 19:02:49.113,0.000450,-0.004146,-0.009420,0.002156,-0.003337,-0.003116
2025-12-16 19:02:49.114,-0.000033,-0.004066,-0.010350,0.002248,0.003546,-0.007136
2025-12-16 19:02:49.115,0.000841,-0.004062,-0.008606,0.004219,0.001644,-0.009086
2025-12-16 19:02:49.117,0.000313,-0.005340,-0.010312,0.000911,0.000144,-0.005616
2025-12-16 19:02:49.118,-0.000190,-0.005092,-0.011242,0.000225,0.003079,-0.003637
2025-12-16 19:02:49.119,-0.001039,-0.004858,-0.011890,-0.001186,0.007183,-0.002793
2025-12-16 19:02:49.120,-0.000099,-0.005226,-0.010527,-0.001639,-0.000010,0.000268
2025-12-16 19:02:49.121,-0.001255,-0.004820,-0.012023,-0.002382,0.000604,0.004128
2025-12-16 19:02:49.123,-0.001310,-0.004089,-0.010799,-0.002813,-0.005268,0.008740
2025-12-16 19:02:49.124,-0.000954,-0.004573,-0.009753,-0.002984,-0.004009,0.005794
2025-12-16 19:02:49.125,-0.000792,-0.003686,-0.008564,-0.002552,-0.007502,0.008560
2025-12-16 19:02:49.126,-0.001205,-0.002592,-0.009822,-0.001322,-0.002244,0.005859
2025-12-16 19:02:49.127,-0.000140,-0.005844,-0.010802,-0.000408,0.001392,-0.003725
2025-12-16 19:02:49.128,0.000585,-0.005163,-0.008596,0.002381,-0.004691,-0.003345
2025-12-16 19:02:49.130,0.000361,-0.004065,-0.008899,0.003248,0.000404,-0.005735
2025-12-16 19:02:49.131,-0.000496,-0.002223,-0.008457,0.002519,-0.000037,-0.000346
2025-12-16 19:02:49.135,0.000322,-0.005701,-0.009936,0.002648,0.000487,-0.008034
2025-12-16 19:02:49.137,-0.001172,-0.004944,-0.012022,-0.001911,0.000452,0.002257
2025-12-16 19:02:49.138,0.000196,-0.006014,-0.011348,-0.002328,-0.001540,0.000604
2025-12-16 19:02:49.139,-0.001040,-0.004835,-0.011812,-0.003359,0.001385,0.002963
2025-12-16 19:02:49.140,-0.001076,-0.006297,-0.011600,-0.002554,0.002395,-0.002476
2025-12-16 19:02:49.142,-0.001190,-0.006077,-0.012220,-0.002389,0.005005,-0.001529
2025-12-16 19:02:49.143,-0.000737,-0.005415,-0.011477,-0.001816,0.003204,-0.001283
2025-12-16 19:02:49.144,-0.000765,-0.005695,-0.012473,-0.000010,0.006717,-0.005569
2025-12-16 19:02:49.145,-0.000748,-0.003779,-0.011005,0.002066,0.001360,-0.001790
2025-12-16 19:02:49.147,-0.000236,-0.005077,-0.010834,0.001095,-0.000944,-0.002572
2025-12-16 19:02:49.149,0.000055,-0.006287,-0.011254,0.000540,-0.003281,-0.002758
2025-12-16 19:02:49.150,0.001221,-0.007692,-0.009898,-0.000896,-0.010099,-0.000720
2025-12-16 19:02:49.151,0.001244,-0.008798,-0.010371,-0.001823,-0.007594,-0.002534
2025-12-16 19:02:49.153,0.000904,-0.007074,-0.010761,-0.001928,-0.008085,0.002708
2025-12-16 19:02:49.154,0.000034,-0.005092,-0.010182,-0.000293,-0.009729,0.004903
2025-12-16 19:02:49.155,-0.001210,-0.003245,-0.010234,-0.001185,-0.011081,0.011690
2025-12-16 19:02:49.156,-0.000097,-0.005087,-0.010535,-0.000081,-0.007122,0.002889
2025-12-16 19:02:49.157,0.000227,-0.005229,-0.010468,0.000630,-0.008121,0.001236
2025-12-16 19:02:49.158,-0.001196,-0.005166,-0.011936,0.001535,-0.003808,0.000338
2025-12-16 19:02:49.161,-0.000081,-0.006626,-0.010144,-0.001248,-0.009532,0.003611
2025-12-16 19:02:49.162,0.000648,-0.008224,-0.010550,-0.002897,-0.008483,0.000600
2025-12-16 19:02:49.163,-0.000285,-0.005819,-0.011300,-0.000286,-0.006590,0.003220
2025-12-16 19:02:49.165,0.001123,-0.008219,-0.009953,-0.001993,-0.005296,-0.002505
2025-12-16 19:02:49.167,0.000881,-0.007004,-0.010000,-0.001165,-0.001907,-0.003487
2025-12-16 19:02:49.168,0.000635,-0.006914,-0.010558,-0.000008,-0.003255,-0.003599
2025-12-16 19:02:49.170,0.001508,-0.008493,-0.008975,-0.001997,-0.004127,-0.005561
2025-12-16 19:02:49.172,0.000604,-0.007592,-0.010377,-0.003278,-0.000659,-0.003045
2025-12-16 19:02:49.174,0.000786,-0.008755,-0.011453,-0.004650,-0.005152,0.000645
2025-12-16 19:02:49.177,0.000762,-0.008270,-0.010701,-0.003351,-0.002173,-0.003561
2025-12-16 19:02:49.178,0.000827,-0.007123,-0.009364,-0.000264,-0.000850,-0.006588
2025-12-16 19:02:49.179,0.001515,-0.006664,-0.009059,0.000561,-0.002171,-0.007814
2025-12-16 19:02:49.181,0.002798,-0.004034,-0.006281,0.001312,-0.012000,0.002278
2025-12-16 19:02:49.182,0.003100,-0.006203,-0.008045,0.001587,-0.005199,-0.007027
2025-12-16 19:02:49.183,0.002394,-0.008088,-0.009328,-0.001174,-0.002388,-0.007418
2025-12-16 19:02:49.184,0.001931,-0.008091,-0.010465,0.000240,0.001122,-0.010607
2025-12-16 19:02:49.187,0.001143,-0.007177,-0.011948,0.001526,0.005880,-0.012218
2025-12-16 19:02:49.188,-0.000169,-0.005845,-0.011994,-0.001442,0.001285,-0.001966
2025-12-16 19:02:49.191,-0.000141,-0.006004,-0.011611,-0.001331,0.002222,-0.002401
2025-12-16 19:02:49.192,0.000903,-0.007787,-0.010628,-0.002347,0.000258,-0.005050
2025-12-16 19:02:49.194,-0.000609,-0.009040,-0.014550,-0.005167,0.009494,-0.006663
2025-12-16 19:02:49.195,0.000877,-0.009115,-0.012741,-0.003485,0.000530,-0.005581
2025-12-16 19:02:49.196,0.001237,-0.009813,-0.012265,-0.003472,0.003450,-0.008704
2025-12-16 19:02:49.198,0.000846,-0.011747,-0.014621,-0.005864,0.009321,-0.012084
2025-12-16 19:02:49.199,0.001047,-0.011238,-0.013648,-0.005920,0.001656,-0.007104
2025-12-16 19:02:49.201,0.001199,-0.010021,-0.013022,-0.002769,0.002856,-0.010054
2025-12-16 19:02:49.203,0.001472,-0.009372,-0.011127,-0.001388,0.001142,-0.010236
2025-12-16 19:02:49.204,0.002955,-0.010366,-0.010467,-0.000536,0.001836,-0.016133
2025-12-16 19:02:49.205,0.001014,-0.007503,-0.010685,0.001013,0.000006,-0.008988
2025-12-16 19:02:49.206,0.000481,-0.007115,-0.011281,-0.000049,0.005602,-0.009514
2025-12-16 19:02:49.208,0.001215,-0.008943,-0.011775,-0.002239,0.005336,-0.010493
2025-12-16 19:02:49.209,0.001253,-0.009624,-0.011784,-0.002865,-0.002414,-0.005017
2025-12-16 19:02:49.210,-0.000101,-0.008111,-0.014041,-0.001804,0.008133,-0.008566
2025-12-16 19:02:49.213,-0.000595,-0.007179,-0.013596,-0.002530,0.008348,-0.005783
2025-12-16 19:02:49.214,-0.001705,-0.005698,-0.013279,-0.003058,0.006368,-0.000676
2025-12-16 19:02:49.216,0.000140,-0.008579,-0.014052,-0.004197,0.009480,-0.007179
2025-12-16 19:02:49.217,-0.000278,-0.006231,-0.012635,-0.002249,0.005821,-0.003109
2025-12-16 19:02:49.218,-0.000096,-0.008241,-0.013233,-0.003939,0.007770,-0.006600
2025-12-16 19:02:49.220,0.000538,-0.008049,-0.012342,-0.001710,0.006259,-0.009480
2025-12-16 19:02:49.223,0.000952,-0.008397,-0.012096,-0.000779,0.004307,-0.010202
2025-12-16 19:02:49.225,-0.000616,-0.007106,-0.015231,-0.001220,0.007887,-0.005527
2025-12-16 19:02:49.227,-0.000242,-0.008431,-0.014676,-0.002950,0.008665,-0.005838
2025-12-16 19:02:49.228,-0.000746,-0.007141,-0.014717,-0.004344,0.004554,0.000110
2025-12-16 19:02:49.231,-0.003082,-0.005121,-0.016620,-0.005857,0.005763,0.008388
2025-12-16 19:02:49.232,-0.002011,-0.004695,-0.014492,-0.004480,0.000091,0.010451
2025-12-16 19:02:49.234,-0.001954,-0.004210,-0.013830,-0.002356,0.003602,0.004750
2025-12-16 19:02:49.235,-0.000982,-0.007112,-0.015427,-0.002089,0.006040,-0.003203
2025-12-16 19:02:49.237,-0.002477,-0.002579,-0.013259,-0.000100,0.004871,0.003778
2025-12-16 19:02:49.239,-0.003231,-0.002737,-0.015099,-0.002857,0.004058,0.009730
2025-12-16 19:02:49.241,-0.002886,-0.003494,-0.013925,-0.003264,0.003049,0.009197
2025-12-16 19:02:49.242,-0.002880,-0.003581,-0.013796,-0.004331,0.005882,0.007815
2025-12-16 19:02:49.243,-0.003357,-0.002599,-0.014315,-0.004221,0.008407,0.008900
2025-12-16 19:02:49.245,-0.001880,-0.003674,-0.013235,0.000070,0.006124,0.000557
2025-12-16 19:02:49.247,0.000491,-0.007637,-0.013757,-0.000607,0.007580,-0.009136
2025-12-16 19:02:49.248,-0.001071,-0.005529,-0.013633,0.000868,0.005975,-0.004962
2025-12-16 19:02:49.249,-0.000837,-0.006206,-0.013147,-0.000548,0.002708,-0.001840
2025-12-16 19:02:49.251,-0.002132,-0.005663,-0.014712,-0.002848,0.006535,0.002118
2025-12-16 19:02:49.253,-0.001711,-0.005791,-0.015553,-0.000147,0.006997,-0.002032
2025-12-16 19:02:49.255,-0.002175,-0.005363,-0.015460,-0.000652,0.002739,0.003077
2025-12-16 19:02:49.256,-0.001694,-0.005245,-0.014377,-0.001537,0.001359,0.003823
2025-12-16 19:02:49.257,-0.001340,-0.006389,-0.014611,-0.002669,0.000299,0.003767
2025-12-16 19:02:49.259,-0.000030,-0.007554,-0.013807,0.000749,-0.000911,-0.003070
2025-12-16 19:02:49.261,-0.000703,-0.006673,-0.013891,0.000408,0.001503,-0.002185
2025-12-16 19:02:49.263,-0.001104,-0.005151,-0.015392,-0.002591,0.003013,0.004111
2025-12-16 19:02:49.264,-0.001479,-0.004407,-0.014049,-0.002326,-0.001891,0.008966
2025-12-16 19:02:49.265,-0.002199,-0.003457,-0.014439,-0.003227,-0.001493,0.012300
2025-12-16 19:02:49.267,-0.001859,-0.005845,-0.015162,-0.005550,-0.004011,0.011509
2025-12-16 19:02:49.269,-0.003509,-0.004305,-0.014789,-0.005738,-0.007546,0.017836
2025-12-16 19:02:49.270,-0.001909,-0.004357,-0.013076,-0.004821,-0.011017,0.017428
2025-12-16 19:02:49.272,-0.002307,-0.003771,-0.014113,-0.000992,-0.002388,0.008071
2025-12-16 19:02:49.273,-0.003067,-0.004618,-0.016115,-0.003386,0.004391,0.006147
2025-12-16 19:02:49.275,-0.001604,-0.004991,-0.014975,-0.003501,-0.000815,0.008979
2025-12-16 19:02:49.276,-0.001200,-0.004510,-0.013885,-0.001404,0.001274,0.003722
2025-12-16 19:02:49.277,-0.002132,-0.002281,-0.014115,0.001247,0.002663,0.006070
2025-12-16 19:02:49.279,-0.001085,-0.004321,-0.013630,0.001493,0.008669,-0.005517
2025-12-16 19:02:49.280,-0.002554,-0.002601,-0.014699,0.002006,0.011521,-0.003378
2025-12-16 19:02:49.282,0.000714,-0.007441,-0.014895,-0.003202,0.004252,-0.012884
2025-12-16 19:02:49.283,-0.000540,-0.004404,-0.014494,-0.001305,0.004347,-0.006757
2025-12-16 19:02:49.284,-0.002167,-0.002970,-0.016227,-0.000241,0.010791,-0.005188
2025-12-16 19:02:49.285,-0.001361,-0.003694,-0.014163,0.000746,0.009139,-0.007807
2025-12-16 19:02:49.286,-0.001172,-0.005138,-0.015272,0.001889,0.008014,-0.008452
2025-12-16 19:02:49.287,-0.002499,-0.002505,-0.015609,0.002288,0.013412,-0.006100
2025-12-16 19:02:49.289,-0.001560,-0.004343,-0.014589,0.000413,0.010614,-0.005962
2025-12-16 19:02:49.290,-0.003106,-0.002440,-0.015852,0.001245,0.014464,-0.002767
2025-12-16 19:02:49.291,-0.003265,-0.002121,-0.014503,-0.000370,0.006492,0.004405
2025-12-16 19:02:49.292,-0.003065,-0.002199,-0.013822,-0.000615,0.008549,0.003252
2025-12-16 19:02:49.293,-0.003446,-0.002400,-0.014134,-0.001640,0.006971,0.006245
2025-12-16 19:02:49.297,-0.002950,-0.002314,-0.013286,-0.001751,0.002937,0.008992
2025-12-16 19:02:49.298,-0.002259,-0.002312,-0.013710,-0.000512,0.004134,0.005511
2025-12-16 19:02:49.299,-0.001176,-0.002596,-0.012179,0.002033,0.004572,0.000434
2025-12-16 19:02:49.301,-0.001654,-0.002793,-0.012972,-0.000450,0.000810,0.005535
2025-12-16 19:02:49.302,-0.002885,-0.003184,-0.015129,-0.003278,0.006361,0.007607
2025-12-16 19:02:49.303,-0.001921,-0.003097,-0.015029,-0.000886,0.010350,0.001233
2025-12-16 19:02:49.306,-0.001147,-0.003268,-0.014795,-0.003314,0.001292,0.009679
2025-12-16 19:02:49.307,-0.001602,-0.001888,-0.013260,-0.002549,-0.000379,0.011684
2025-12-16 19:02:49.308,-0.000438,-0.001178,-0.012095,-0.000393,-0.003630,0.010223
2025-12-16 19:02:49.309,0.001473,-0.002760,-0.010592,0.001039,-0.006971,0.004096
2025-12-16 19:02:49.310,-0.000118,-0.000802,-0.011581,0.003688,-0.005538,0.008534
2025-12-16 19:02:49.311,-0.000392,-0.000526,-0.012709,0.004117,-0.003613,0.007722
2025-12-16 19:02:49.314,-0.001675,-0.000208,-0.013691,0.002797,-0.001099,0.008726
2025-12-16 19:02:49.315,-0.000282,-0.000391,-0.012260,0.003852,-0.005983,0.008042
2025-12-16 19:02:49.316,-0.002029,0.000439,-0.013213,0.002407,-0.001959,0.012042
2025-12-16 19:02:49.320,0.000916,0.000470,-0.011836,0.004986,-0.001169,0.003839
2025-12-16 19:02:49.322,-0.001519,0.000028,-0.014696,0.002158,0.008391,0.004350
2025-12-16 19:02:49.324,-0.000557,-0.000020,-0.013451,0.001747,0.006263,0.005190
2025-12-16 19:02:49.325,0.000637,-0.001114,-0.013338,0.002478,0.005629,0.001110
2025-12-16 19:02:49.326,0.000006,-0.002329,-0.014622,0.001283,0.013271,-0.003711
2025-12-16 19:02:49.327,0.000429,-0.000370,-0.012027,0.000879,0.006332,0.003242
2025-12-16 19:02:49.329,-0.000008,-0.001139,-0.013480,-0.004217,-0.000284,0.007887
2025-12-16 19:02:49.330,0.000326,-0.000033,-0.012991,-0.001858,-0.002143,0.009381
2025-12-16 19:02:49.332,0.001364,-0.000857,-0.011488,0.000481,-0.002429,0.005834
2025-12-16 19:02:49.333,0.001442,0.000504,-0.010752,0.002104,-0.006231,0.008278
2025-12-16 19:02:49.335,-0.001121,0.000136,-0.013537,-0.000080,0.001551,0.009669
2025-12-16 19:02:49.336,-0.000961,-0.000977,-0.013256,-0.001301,0.000178,0.011004
2025-12-16 19:02:49.337,0.000062,-0.001451,-0.012665,-0.001693,0.000480,0.009546
2025-12-16 19:02:49.339,-0.000440,0.000226,-0.011979,0.000032,-0.002962,0.011602
2025-12-16 19:02:49.340,0.001132,-0.001504,-0.012478,-0.001989,-0.002604,0.003522
2025-12-16 19:02:49.342,0.000429,-0.000587,-0.012155,0.000285,0.000437,0.002625
2025-12-16 19:02:49.343,0.000788,-0.000810,-0.011985,0.003125,0.003273,-0.001034
2025-12-16 19:02:49.344,0.000092,-0.000905,-0.013324,0.002755,0.008432,-0.002811
2025-12-16 19:02:49.349,-0.001555,0.000979,-0.012220,0.005448,0.002867,0.004161
2025-12-16 19:02:49.350,-0.000306,0.000485,-0.012563,0.004958,0.001523,0.002286
2025-12-16 19:02:49.351,-0.000876,0.000072,-0.013004,0.004806,0.006753,-0.001216
2025-12-16 19:02:49.353,-0.001520,-0.000212,-0.013859,0.001438,0.001613,0.009445
2025-12-16 19:02:49.354,-0.001389,0.000371,-0.012183,0.003344,-0.002764,0.009648
2025-12-16 19:02:49.357,-0.001977,-0.000265,-0.011893,0.002360,0.000956,0.005324
2025-12-16 19:02:49.359,0.000469,-0.000521,-0.010962,-0.000371,-0.011210,0.007644
2025-12-16 19:02:49.360,-0.000607,-0.000288,-0.011330,0.002180,-0.007488,0.006313
2025-12-16 19:02:49.361,-0.000353,-0.000168,-0.011667,0.001099,-0.006643,0.003956
2025-12-16 19:02:49.362,-0.000366,-0.001123,-0.012635,-0.001146,-0.006971,0.002055
2025-12-16 19:02:49.363,-0.000155,-0.001009,-0.011835,-0.002693,-0.006992,-0.000631
2025-12-16 19:02:49.364,-0.000995,-0.001963,-0.012677,-0.001820,-0.002272,-0.002863
2025-12-16 19:02:49.368,-0.002269,-0.001888,-0.013230,-0.005037,-0.001143,0.001811
2025-12-16 19:02:49.370,-0.002238,-0.000489,-0.012034,-0.001835,0.001625,0.003171
2025-12-16 19:02:49.371,-0.001881,-0.000919,-0.011737,-0.000208,-0.000613,0.002787
2025-12-16 19:02:49.372,-0.002240,-0.000296,-0.011684,0.001683,0.000735,0.003345
2025-12-16 19:02:49.375,-0.003031,-0.000479,-0.012432,0.002373,0.008581,0.000776
2025-12-16 19:02:49.377,-0.004401,0.000130,-0.014805,0.002757,0.008217,0.004476
2025-12-16 19:02:49.378,-0.003657,-0.001091,-0.015763,-0.000913,0.008933,-0.000137
2025-12-16 19:02:49.379,-0.003371,-0.001140,-0.014933,0.000535,0.011877,-0.003097
2025-12-16 19:02:49.381,-0.002651,-0.000350,-0.012213,0.000815,0.004359,-0.001140
2025-12-16 19:02:49.382,-0.002218,-0.000172,-0.010922,0.002386,0.001706,-0.000045
2025-12-16 19:02:49.383,-0.002473,-0.000617,-0.011169,0.000402,0.003760,0.002044
2025-12-16 19:02:49.384,-0.002238,-0.001266,-0.011489,0.002173,0.008745,-0.003590
2025-12-16 19:02:49.385,-0.003424,0.000183,-0.012166,-0.000194,0.004765,0.006087
2025-12-16 19:02:49.386,-0.002944,-0.000530,-0.012116,0.001202,0.002966,0.004132
2025-12-16 19:02:49.387,-0.002671,-0.000022,-0.011147,0.002383,-0.002396,0.006825
2025-12-16 19:02:49.388,-0.002154,-0.001238,-0.011283,-0.002510,-0.000513,0.003257
2025-12-16 19:02:49.390,-0.002889,-0.001475,-0.012612,-0.004448,0.002482,-0.000993
2025-12-16 19:02:49.391,-0.003088,-0.000551,-0.012598,-0.001711,0.001128,0.002130
2025-12-16 19:02:49.392,-0.001755,-0.001037,-0.011149,-0.000138,-0.004265,0.001335
2025-12-16 19:02:49.394,-0.001527,-0.001018,-0.011141,0.001013,-0.000918,-0.000609
2025-12-16 19:02:49.395,-0.001216,-0.000942,-0.010372,0.002610,0.002902,-0.004782
2025-12-16 19:02:49.396,-0.001036,-0.000979,-0.010489,-0.000538,0.001943,-0.002425
2025-12-16 19:02:49.397,-0.001216,-0.001664,-0.010905,0.000399,0.003724,-0.003773
2025-12-16 19:02:49.399,-0.002100,-0.000056,-0.011939,0.001983,0.010070,-0.004090
2025-12-16 19:02:49.400,-0.002073,-0.000611,-0.010795,0.003472,0.005544,-0.003756
2025-12-16 19:02:49.402,-0.001276,-0.000433,-0.009230,0.004517,-0.001688,-0.000991
2025-12-16 19:02:49.404,-0.000575,-0.000127,-0.009161,0.003420,-0.000981,-0.002982
2025-12-16 19:02:49.408,-0.000667,-0.000646,-0.008935,-0.000740,-0.002527,-0.000393
2025-12-16 19:02:49.410,-0.001887,0.000661,-0.009297,0.001221,-0.004936,0.007372
2025-12-16 19:02:49.411,-0.002066,-0.000724,-0.010355,0.001831,-0.001193,0.003791
2025-12-16 19:02:49.413,-0.001506,-0.000611,-0.010274,0.003029,0.001158,0.000949
2025-12-16 19:02:49.414,-0.002264,-0.000469,-0.011267,0.001948,0.004353,-0.000132
2025-12-16 19:02:49.415,-0.000776,-0.001572,-0.010445,-0.003716,-0.004753,0.000580
2025-12-16 19:02:49.416,-0.000743,-0.000895,-0.009776,-0.000233,-0.004450,0.000798
2025-12-16 19:02:49.417,-0.000682,-0.000549,-0.008829,0.001853,-0.006142,0.001169
2025-12-16 19:02:49.418,0.000126,-0.002335,-0.010045,-0.001146,-0.002227,-0.006176
2025-12-16 19:02:49.419,0.000565,-0.002389,-0.009666,-0.002864,-0.002281,-0.008989
2025-12-16 19:02:49.420,-0.000637,-0.002390,-0.010520,-0.003940,-0.003886,-0.001539
2025-12-16 19:02:49.423,0.000378,-0.001219,-0.008093,-0.000233,-0.007396,-0.003096
2025-12-16 19:02:49.424,-0.000069,-0.001578,-0.007857,0.000603,-0.004210,-0.004778
2025-12-16 19:02:49.426,0.000731,-0.001430,-0.008736,-0.002576,-0.005005,-0.006880
2025-12-16 19:02:49.427,0.000437,-0.001870,-0.009216,-0.000534,-0.005405,-0.005337
2025-12-16 19:02:49.428,-0.001140,-0.000506,-0.010405,0.000904,-0.000981,-0.002282
2025-12-16 19:02:49.429,-0.000413,-0.001191,-0.009659,0.001845,-0.000689,-0.004656
2025-12-16 19:02:49.430,0.000157,-0.001233,-0.008569,-0.000361,-0.003297,-0.005913
2025-12-16 19:02:49.432,0.000592,-0.002207,-0.008396,-0.003224,-0.006440,-0.008687
2025-12-16 19:02:49.435,0.000056,-0.001391,-0.009698,-0.001641,0.002026,-0.010079
2025-12-16 19:02:49.436,-0.001961,-0.002000,-0.011449,-0.001104,0.006754,-0.008890
2025-12-16 19:02:49.437,-0.000794,-0.002405,-0.011086,-0.002796,0.000546,-0.008331
2025-12-16 19:02:49.439,-0.000026,-0.001737,-0.009765,-0.001190,-0.004506,-0.005669
2025-12-16 19:02:49.440,-0.000906,-0.000611,-0.008830,0.001504,-0.007743,-0.000876
2025-12-16 19:02:49.441,0.000290,-0.001428,-0.007466,0.002515,-0.007932,-0.002962
2025-12-16 19:02:49.443,-0.000241,-0.001475,-0.008641,0.000310,-0.007999,-0.003159
2025-12-16 19:02:49.444,0.001154,-0.001869,-0.007843,0.000011,-0.009148,-0.005992
2025-12-16 19:02:49.445,-0.000112,-0.001528,-0.008115,-0.004128,-0.007928,-0.002893
2025-12-16 19:02:49.446,0.000222,-0.001452,-0.008855,-0.002542,-0.006034,-0.002731
2025-12-16 19:02:49.447,0.000387,-0.000614,-0.008321,0.002724,-0.003801,-0.006053
2025-12-16 19:02:49.448,-0.001331,-0.001104,-0.010795,0.001668,0.004083,-0.011994
2025-12-16 19:02:49.449,-0.000277,-0.002121,-0.010730,-0.001215,0.002693,-0.013406
2025-12-16 19:02:49.450,-0.001439,-0.000544,-0.010872,0.000318,0.002575,-0.007790
2025-12-16 19:02:49.451,-0.000395,0.000512,-0.008085,0.002977,-0.004758,-0.003699
2025-12-16 19:02:49.455,0.000841,-0.002736,-0.010157,-0.002638,-0.006974,-0.010825
2025-12-16 19:02:49.458,0.001201,-0.001797,-0.009917,-0.003748,-0.003154,-0.014800
2025-12-16 19:02:49.460,-0.000183,-0.001534,-0.010390,-0.000862,0.001250,-0.015519
2025-12-16 19:02:49.461,-0.000087,-0.000988,-0.009753,0.004014,0.004175,-0.017424
2025-12-16 19:02:49.462,-0.001078,-0.000152,-0.010664,0.004206,0.008629,-0.014401
2025-12-16 19:02:49.463,-0.000216,-0.001129,-0.010490,0.003167,0.003192,-0.016904
2025-12-16 19:02:49.465,-0.000743,0.000319,-0.008967,0.005403,-0.002073,-0.006943
2025-12-16 19:02:49.466,-0.000663,-0.000599,-0.009480,0.004343,0.002312,-0.008933
2025-12-16 19:02:49.469,-0.002352,0.001578,-0.010260,0.004040,0.002357,-0.003176
2025-12-16 19:02:49.470,-0.003929,0.003275,-0.011258,0.001691,0.004848,-0.000216
2025-12-16 19:02:49.473,-0.003038,0.003228,-0.009495,0.005994,-0.002093,0.002255
2025-12-16 19:02:49.475,-0.002703,0.002894,-0.009574,0.002778,-0.006928,0.004385
2025-12-16 19:02:49.476,-0.001665,0.003409,-0.007791,0.003672,-0.010317,0.001379
2025-12-16 19:02:49.477,-0.001625,0.003453,-0.008675,0.001189,-0.007539,0.000798
2025-12-16 19:02:49.479,-0.002248,0.004461,-0.008528,0.001389,-0.010260,0.006654
2025-12-16 19:02:49.480,-0.002646,0.004236,-0.010113,0.001687,-0.001174,-0.001163
2025-12-16 19:02:49.481,-0.000511,0.003335,-0.008855,0.000159,-0.004069,-0.003882
2025-12-16 19:02:49.483,-0.002714,0.002280,-0.010671,0.001465,-0.002203,-0.002983
2025-12-16 19:02:49.484,-0.002010,0.002923,-0.010457,0.001947,-0.004535,-0.003896
2025-12-16 19:02:49.486,-0.001716,0.002018,-0.010990,-0.000479,-0.006426,-0.002545
2025-12-16 19:02:49.487,-0.000650,-0.000058,-0.011949,-0.006218,-0.007693,-0.005849
2025-12-16 19:02:49.488,-0.001263,0.000623,-0.011837,-0.004735,-0.006351,-0.006201
2025-12-16 19:02:49.490,0.000173,0.001469,-0.009134,-0.003497,-0.006216,-0.010457
2025-12-16 19:02:49.491,-0.000061,0.000079,-0.010431,-0.004636,-0.005031,-0.010293
2025-12-16 19:02:49.492,-0.001559,0.002262,-0.010950,-0.001243,-0.005237,-0.001308
2025-12-16 19:02:49.494,-0.003775,0.002967,-0.011356,0.000316,0.000523,0.002008
2025-12-16 19:02:49.495,-0.003401,0.002670,-0.011510,-0.001219,0.001804,-0.002516
2025-12-16 19:02:49.496,-0.002208,0.001889,-0.012198,-0.007050,-0.000535,-0.005199
2025-12-16 19:02:49.498,-0.004673,0.004593,-0.012505,-0.003795,-0.003634,0.007257
2025-12-16 19:02:49.499,-0.005153,0.005571,-0.011999,0.000413,0.002907,0.007351
2025-12-16 19:02:49.500,-0.004504,0.006232,-0.011703,-0.001119,0.002835,0.006647
2025-12-16 19:02:49.501,-0.004850,0.005965,-0.011264,0.000914,0.000955,0.009969
2025-12-16 19:02:49.504,-0.002007,0.002139,-0.010310,-0.004210,-0.005000,0.001052
2025-12-16 19:02:49.505,-0.000693,0.001347,-0.009649,-0.003238,-0.004137,-0.006679
2025-12-16 19:02:49.506,-0.000737,0.002000,-0.009989,-0.002095,-0.001084,-0.009549
2025-12-16 19:02:49.508,-0.002380,0.003024,-0.011632,-0.004972,-0.002883,-0.001645
2025-12-16 19:02:49.509,-0.001942,0.004042,-0.011074,-0.003075,-0.005781,-0.001380
2025-12-16 19:02:49.510,-0.002221,0.003623,-0.011047,0.000651,0.001325,-0.006582
2025-12-16 19:02:49.512,-0.004450,0.005639,-0.012110,0.002489,0.002971,0.000896
2025-12-16 19:02:49.513,-0.001583,0.003335,-0.009744,0.002919,-0.004798,-0.005304
2025-12-16 19:02:49.514,-0.002914,0.003358,-0.012773,-0.000303,-0.001803,-0.001450
2025-12-16 19:02:49.517,-0.002869,0.003612,-0.012757,-0.000879,-0.002584,0.000197
2025-12-16 19:02:49.518,-0.005436,0.005404,-0.013658,0.002694,0.002550,0.003055
2025-12-16 19:02:49.519,-0.004352,0.004914,-0.013035,0.000644,-0.000307,0.004166
2025-12-16 19:02:49.523,-0.004473,0.004653,-0.013166,-0.002221,-0.002844,0.009302
2025-12-16 19:02:49.524,-0.003980,0.005973,-0.011616,-0.000518,-0.004424,0.007115
2025-12-16 19:02:49.525,-0.004819,0.006736,-0.011901,0.001363,-0.004483,0.006684
2025-12-16 19:02:49.527,-0.004020,0.006319,-0.011232,0.001645,-0.002815,0.004384
2025-12-16 19:02:49.528,-0.005416,0.006585,-0.012875,-0.001060,0.001739,0.005859
2025-12-16 19:02:49.529,-0.006585,0.007923,-0.014632,-0.001645,0.003095,0.008419
2025-12-16 19:02:49.531,-0.004962,0.003734,-0.015017,-0.005783,0.001334,0.002515
2025-12-16 19:02:49.532,-0.007108,0.005807,-0.015535,-0.003240,0.006736,0.002795
2025-12-16 19:02:49.533,-0.005062,0.008329,-0.011326,0.003338,0.001317,0.004733
2025-12-16 19:02:49.537,-0.005709,0.007039,-0.013520,0.000147,0.001924,0.006759
2025-12-16 19:02:49.538,-0.005978,0.008131,-0.013777,0.000636,-0.000928,0.008699
2025-12-16 19:02:49.540,-0.004371,0.005724,-0.013060,0.001954,0.002532,-0.002615
2025-12-16 19:02:49.541,-0.004663,0.007367,-0.012735,0.002083,0.000335,0.000691
2025-12-16 19:02:49.542,-0.004138,0.007930,-0.012388,0.002110,0.000507,-0.000765
2025-12-16 19:02:49.543,-0.003381,0.006666,-0.011907,0.001597,0.000501,-0.004647
2025-12-16 19:02:49.545,-0.003068,0.006410,-0.011410,-0.000310,0.001724,-0.003910
2025-12-16 19:02:49.546,-0.005369,0.003901,-0.013498,-0.003877,0.009018,-0.004892
2025-12-16 19:02:49.547,-0.007402,0.004294,-0.015210,0.000379,0.011707,-0.001207
2025-12-16 19:02:49.548,-0.004886,0.002417,-0.013428,-0.001901,0.006649,-0.004883
2025-12-16 19:02:49.549,-0.003401,0.001777,-0.013084,-0.001696,0.006602,-0.009991
2025-12-16 19:02:49.550,-0.002239,0.000881,-0.012582,-0.000245,0.009315,-0.016673
2025-12-16 19:02:49.551,-0.002747,0.001027,-0.012840,-0.003266,0.005335,-0.011953
2025-12-16 19:02:49.555,-0.003550,0.004302,-0.011452,-0.003036,-0.002840,0.001200
2025-12-16 19:02:49.556,-0.005609,0.005434,-0.011917,-0.002092,-0.002157,0.002811
2025-12-16 19:02:49.557,-0.004302,0.006915,-0.010679,-0.000048,-0.006688,0.003902
2025-12-16 19:02:49.558,-0.004761,0.005692,-0.011841,-0.001762,-0.006617,0.005810
2025-12-16 19:02:49.559,-0.006083,0.006623,-0.013216,-0.001468,0.002071,0.001636
2025-12-16 19:02:49.561,-0.007057,0.007599,-0.013490,-0.002347,0.003765,0.003839
2025-12-16 19:02:49.562,-0.008554,0.007830,-0.014679,-0.004115,-0.001066,0.012280
2025-12-16 19:02:49.563,-0.007333,0.007257,-0.014391,0.000032,0.002541,0.007356
2025-12-16 19:02:49.565,-0.005748,0.004420,-0.014271,-0.004112,-0.001771,0.006778
2025-12-16 19:02:49.569,-0.005513,0.005060,-0.013009,-0.000717,0.002840,0.002636
2025-12-16 19:02:49.570,-0.005204,0.004603,-0.013417,-0.000208,0.007589,-0.004076
2025-12-16 19:02:49.571,-0.005116,0.005675,-0.011882,0.004286,0.005852,-0.001914
2025-12-16 19:02:49.572,-0.004859,0.004257,-0.012242,0.002301,0.001738,-0.003192
2025-12-16 19:02:49.573,-0.004498,0.004748,-0.012385,0.002674,-0.000758,-0.002309
2025-12-16 19:02:49.574,-0.005175,0.005184,-0.012550,0.002905,0.003480,-0.004380
2025-12-16 19:02:49.576,-0.003272,0.006664,-0.010667,0.001971,0.001926,-0.004832
2025-12-16 19:02:49.577,-0.005697,0.005379,-0.012829,-0.002040,0.003078,-0.000411
2025-12-16 19:02:49.578,-0.006392,0.005719,-0.013615,-0.000534,0.005669,-0.001508
2025-12-16 19:02:49.579,-0.006478,0.006460,-0.013475,0.000071,0.008649,-0.003604
2025-12-16 19:02:49.581,-0.007359,0.005123,-0.015383,-0.009250,0.010988,-0.006597
2025-12-16 19:02:49.582,-0.006778,0.004371,-0.014856,-0.008864,0.009415,-0.005715
2025-12-16 19:02:49.583,-0.006095,0.002835,-0.015516,-0.008596,0.005792,-0.003081
2025-12-16 19:02:49.584,-0.004130,0.002128,-0.014176,-0.009883,0.004328,-0.010713
2025-12-16 19:02:49.585,-0.003240,0.002887,-0.013069,-0.003293,0.006226,-0.011462
2025-12-16 19:02:49.587,-0.004788,0.006407,-0.012664,-0.000542,0.005424,-0.005444
2025-12-16 19:02:49.589,-0.005527,0.006888,-0.011591,0.000980,0.005946,-0.006114
2025-12-16 19:02:49.590,-0.004526,0.004804,-0.012289,0.000254,0.009142,-0.011959
2025-12-16 19:02:49.591,-0.005629,0.006220,-0.012902,-0.001384,0.010627,-0.006378
2025-12-16 19:02:49.592,-0.005332,0.007453,-0.012089,-0.002973,0.005922,-0.000743
2025-12-16 19:02:49.594,-0.006012,0.006965,-0.011807,0.000794,0.005751,-0.002349
2025-12-16 19:02:49.595,-0.005064,0.006940,-0.011388,0.001859,0.003598,-0.003147
2025-12-16 19:02:49.596,-0.004587,0.006168,-0.011493,0.001455,0.003373,-0.005042
2025-12-16 19:02:49.599,-0.006302,0.006467,-0.013806,-0.000736,0.005300,-0.001271
2025-12-16 19:02:49.601,-0.006787,0.006301,-0.013818,-0.002384,0.006682,-0.000162
2025-12-16 19:02:49.603,-0.004492,0.005811,-0.011947,-0.003080,-0.003269,0.002598
2025-12-16 19:02:49.604,-0.005882,0.004169,-0.013065,-0.004359,0.004062,-0.000036
2025-12-16 19:02:49.605,-0.006997,0.006281,-0.013524,-0.002448,0.003568,0.003399
2025-12-16 19:02:49.606,-0.007111,0.005406,-0.014346,-0.004478,0.003345,0.004122
2025-12-16 19:02:49.607,-0.006066,0.005593,-0.013781,-0.005736,0.000391,0.005640
2025-12-16 19:02:49.609,-0.006093,0.003581,-0.015652,-0.005585,0.008715,-0.003420
2025-12-16 19:02:49.611,-0.002088,0.001795,-0.013305,-0.009511,-0.006242,-0.007968
2025-12-16 19:02:49.612,-0.001429,0.004281,-0.010599,-0.005953,-0.009580,-0.004890
2025-12-16 19:02:49.613,-0.001487,0.003996,-0.011007,-0.006186,-0.006162,-0.004722
2025-12-16 19:02:49.614,-0.001620,0.005522,-0.011469,-0.007447,-0.002513,-0.007838
2025-12-16 19:02:49.616,-0.002292,0.004418,-0.013090,-0.006547,-0.007503,-0.000500
2025-12-16 19:02:49.617,-0.002616,0.004343,-0.012475,-0.006816,-0.009972,0.002984
2025-12-16 19:02:49.619,-0.002095,0.004349,-0.012878,-0.007796,-0.009737,-0.000850
2025-12-16 19:02:49.620,-0.001959,0.004475,-0.011569,-0.004006,-0.009990,-0.000460
2025-12-16 19:02:49.621,-0.001508,0.002289,-0.014235,-0.007967,-0.007413,-0.007120
2025-12-16 19:02:49.622,-0.001138,0.003536,-0.012849,-0.004480,-0.010971,-0.004288
2025-12-16 19:02:49.623,-0.001028,0.002915,-0.013408,-0.003440,-0.006975,-0.007718
2025-12-16 19:02:49.625,-0.002113,0.004477,-0.012789,-0.004275,-0.003996,-0.003485
2025-12-16 19:02:49.626,-0.003780,0.006148,-0.013250,-0.004944,-0.004253,0.004549
2025-12-16 19:02:49.627,-0.003534,0.007033,-0.013073,-0.002457,-0.006287,0.004391
2025-12-16 19:02:49.628,-0.004610,0.008956,-0.012586,0.000043,-0.006654,0.008369
2025-12-16 19:02:49.629,-0.002768,0.007047,-0.012685,-0.004205,-0.003343,-0.002561
2025-12-16 19:02:49.631,-0.002685,0.007034,-0.011632,-0.004706,-0.007565,0.002419
2025-12-16 19:02:49.632,-0.004129,0.008380,-0.011749,-0.000858,-0.008310,0.005569
2025-12-16 19:02:49.633,-0.002435,0.008469,-0.010635,-0.002768,-0.011874,0.002190
2025-12-16 19:02:49.634,-0.003487,0.007982,-0.012698,-0.004605,-0.008582,0.005609
2025-12-16 19:02:49.635,-0.002809,0.007035,-0.012588,-0.002946,-0.003333,-0.000744
2025-12-16 19:02:49.636,-0.001851,0.006047,-0.011788,-0.003938,-0.009441,-0.003164
2025-12-16 19:02:49.638,-0.002246,0.005418,-0.013233,-0.004839,-0.009175,0.001716
2025-12-16 19:02:49.639,-0.003503,0.007564,-0.012244,-0.000938,-0.007367,0.002929
2025-12-16 19:02:49.640,-0.003040,0.007539,-0.011405,-0.001542,-0.010984,0.006312
2025-12-16 19:02:49.641,-0.004124,0.007767,-0.012124,0.001126,-0.006495,0.009182
2025-12-16 19:02:49.642,-0.004857,0.007746,-0.013639,0.000565,-0.001273,0.006226
2025-12-16 19:02:49.643,-0.001747,0.005606,-0.011765,-0.001951,-0.006938,-0.002171
2025-12-16 19:02:49.644,-0.001906,0.005785,-0.011322,-0.001137,-0.003526,-0.004228
2025-12-16 19:02:49.646,-0.002392,0.005837,-0.012882,-0.001561,-0.004856,-0.004631
2025-12-16 19:02:49.647,-0.001893,0.004862,-0.012981,-0.001015,-0.004150,-0.005722
2025-12-16 19:02:49.648,-0.002220,0.006280,-0.012797,-0.000257,-0.000493,-0.006671
2025-12-16 19:02:49.649,-0.002541,0.005973,-0.013220,0.000467,-0.000332,-0.006715
2025-12-16 19:02:49.650,-0.002191,0.004787,-0.013266,0.000386,-0.001680,-0.007843
2025-12-16 19:02:49.651,-0.002810,0.005197,-0.013683,-0.000286,0.000558,-0.006748
2025-12-16 19:02:49.653,-0.001709,0.005207,-0.011917,0.000116,-0.004004,-0.006300
2025-12-16 19:02:49.654,-0.001346,0.003848,-0.013240,-0.001810,-0.003508,-0.009993
2025-12-16 19:02:49.655,-0.003013,0.005245,-0.014609,-0.003893,-0.000072,-0.003497
2025-12-16 19:02:49.656,-0.003294,0.007119,-0.012953,-0.001947,-0.004119,0.000207
2025-12-16 19:02:49.657,-0.003506,0.006619,-0.014836,-0.000495,0.004436,-0.004287
2025-12-16 19:02:49.658,-0.002853,0.005091,-0.014739,0.000232,0.008114,-0.009562
2025-12-16 19:02:49.660,-0.003689,0.005928,-0.015140,-0.001081,0.005343,-0.003173
2025-12-16 19:02:49.661,-0.004320,0.007014,-0.014504,-0.001688,0.005910,-0.002763
2025-12-16 19:02:49.662,-0.001017,0.007878,-0.011482,0.000977,-0.002824,-0.002058
2025-12-16 19:02:49.663,-0.001244,0.008530,-0.010395,0.002619,-0.004711,-0.001444
2025-12-16 19:02:49.664,-0.002311,0.008456,-0.010576,0.005522,-0.002999,0.000201
2025-12-16 19:02:49.666,-0.002928,0.008076,-0.011076,0.003502,-0.005475,0.003369
2025-12-16 19:02:49.667,-0.001498,0.005681,-0.011076,0.000071,-0.002571,-0.007485
2025-12-16 19:02:49.668,-0.000431,0.004753,-0.011209,-0.002777,-0.005722,-0.010701
2025-12-16 19:02:49.669,-0.002035,0.007042,-0.011757,-0.000845,-0.005422,-0.004367
2025-12-16 19:02:49.670,-0.002963,0.006832,-0.012041,-0.003152,-0.004906,0.000469
2025-12-16 19:02:49.672,-0.003669,0.007800,-0.012871,-0.001346,-0.002246,0.001128
2025-12-16 19:02:49.673,-0.003189,0.008242,-0.011965,-0.000430,-0.005887,0.002070
2025-12-16 19:02:49.674,-0.004757,0.007398,-0.015040,-0.003663,-0.001758,0.005565
2025-12-16 19:02:49.675,-0.003610,0.007255,-0.012727,-0.001475,-0.007276,0.005373
2025-12-16 19:02:49.676,-0.003695,0.006206,-0.012813,-0.003495,-0.006902,0.004506
2025-12-16 19:02:49.677,-0.002496,0.006302,-0.011886,-0.001850,-0.007706,0.002026
2025-12-16 19:02:49.678,-0.003090,0.006243,-0.012137,-0.003821,-0.008366,0.004732
2025-12-16 19:02:49.680,-0.004890,0.008782,-0.012686,0.001618,-0.005693,0.010792
2025-12-16 19:02:49.681,-0.004553,0.009073,-0.010739,0.005364,-0.006696,0.011208
2025-12-16 19:02:49.682,-0.004305,0.005370,-0.013830,0.000286,0.001850,0.003279
2025-12-16 19:02:49.683,-0.003506,0.004455,-0.014065,0.000703,0.004871,-0.002983
2025-12-16 19:02:49.684,-0.003607,0.005704,-0.014179,0.000484,0.002310,-0.000809
2025-12-16 19:02:49.686,-0.004202,0.007158,-0.014320,0.000569,-0.000169,0.002693
2025-12-16 19:02:49.687,-0.002936,0.006311,-0.011880,0.005994,-0.000498,-0.002100
2025-12-16 19:02:49.688,-0.002959,0.005149,-0.013404,0.002119,-0.000855,-0.000011
2025-12-16 19:02:49.689,-0.003780,0.005823,-0.013818,0.001414,-0.003181,0.002519
2025-12-16 19:02:49.690,-0.003999,0.006348,-0.014493,-0.001070,-0.003031,0.006040
2025-12-16 19:02:49.692,-0.005092,0.006703,-0.016573,-0.001199,0.003475,0.004346
2025-12-16 19:02:49.693,-0.003629,0.003946,-0.016997,-0.002625,0.002481,-0.000535
2025-12-16 19:02:49.694,-0.004840,0.005445,-0.016141,0.000296,0.000822,0.007618
2025-12-16 19:02:49.695,-0.004818,0.004280,-0.017003,-0.002688,0.002499,0.005690
2025-12-16 19:02:49.696,-0.004135,0.004871,-0.015950,0.001632,0.002712,0.003600
2025-12-16 19:02:49.697,-0.005153,0.005450,-0.016581,-0.001384,0.007438,0.004477
2025-12-16 19:02:49.698,-0.005531,0.005394,-0.016517,0.001097,0.005600,0.008461
2025-12-16 19:02:49.700,-0.006097,0.007095,-0.015268,0.004082,0.008149,0.007692
2025-12-16 19:02:49.701,-0.004592,0.006955,-0.012867,0.007571,0.007077,0.003418
2025-12-16 19:02:49.702,-0.005361,0.007851,-0.013658,0.003151,0.006386,0.005703
2025-12-16 19:02:49.703,-0.004523,0.006128,-0.013856,0.006140,0.005051,0.002648
2025-12-16 19:02:49.704,-0.005169,0.006838,-0.015283,0.004535,0.006693,0.002018
2025-12-16 19:02:49.705,-0.004400,0.008378,-0.014447,0.001054,0.001590,0.002154
2025-12-16 19:02:49.706,-0.004930,0.007887,-0.015234,0.001637,0.000644,0.003021
2025-12-16 19:02:49.707,-0.004990,0.008573,-0.015680,0.001291,-0.001105,0.005169
2025-12-16 19:02:49.708,-0.003602,0.005644,-0.016499,0.000730,-0.003068,0.001207
2025-12-16 19:02:49.710,-0.002710,0.004788,-0.014430,0.000214,-0.002168,-0.004042
2025-12-16 19:02:49.711,-0.004969,0.007233,-0.013696,0.000119,0.000919,0.005803
2025-12-16 19:02:49.712,-0.005243,0.007426,-0.014631,-0.000049,0.001497,0.005324
2025-12-16 19:02:49.713,-0.006439,0.010856,-0.014316,0.004297,0.001934,0.011838
2025-12-16 19:02:49.714,-0.005149,0.008475,-0.015384,-0.001719,0.000737,0.007640
2025-12-16 19:02:49.715,-0.005491,0.006263,-0.016890,-0.002695,0.007786,0.000666
2025-12-16 19:02:49.716,-0.005187,0.005589,-0.017271,-0.001846,0.011477,-0.003496
2025-12-16 19:02:49.717,-0.003031,0.005911,-0.014238,0.001248,0.001456,-0.002785
2025-12-16 19:02:49.718,-0.003182,0.005681,-0.015198,-0.001887,0.001987,-0.004744
2025-12-16 19:02:49.719,-0.002705,0.006037,-0.014085,-0.000994,-0.000384,-0.004841
2025-12-16 19:02:49.721,-0.002548,0.005893,-0.014396,-0.000569,-0.004941,-0.002013
2025-12-16 19:02:49.722,-0.003793,0.006340,-0.014333,-0.001577,-0.005882,0.003545
2025-12-16 19:02:49.723,-0.004250,0.006760,-0.014898,-0.000558,-0.003395,0.002779
2025-12-16 19:02:49.724,-0.004450,0.005937,-0.016246,-0.000695,0.004379,-0.002296
2025-12-16 19:02:49.725,-0.003575,0.005233,-0.016086,-0.000494,0.002587,-0.003706
2025-12-16 19:02:49.726,-0.003906,0.006643,-0.015745,0.000447,0.000308,-0.000175
2025-12-16 19:02:49.727,-0.002949,0.006099,-0.014566,0.000733,-0.001647,-0.002676
2025-12-16 19:02:49.728,-0.003437,0.005937,-0.014367,0.004923,0.001058,-0.002897
2025-12-16 19:02:49.729,-0.002783,0.004552,-0.014870,0.003113,0.002258,-0.006776
2025-12-16 19:02:49.730,-0.003285,0.004952,-0.015614,0.002830,0.002646,-0.004872
2025-12-16 19:02:49.732,-0.002308,0.002683,-0.016008,0.002074,0.001449,-0.008027
2025-12-16 19:02:49.733,-0.003031,0.003628,-0.016400,-0.000886,0.006140,-0.006690
2025-12-16 19:02:49.734,-0.002942,0.002613,-0.016120,-0.002340,0.004938,-0.005989
2025-12-16 19:02:49.735,-0.002588,0.001421,-0.016364,-0.004801,0.001098,-0.003814
2025-12-16 19:02:49.736,-0.003582,0.002892,-0.016453,-0.000634,0.003820,-0.002456
2025-12-16 19:02:49.737,-0.004748,0.005400,-0.015691,0.002147,0.002273,0.007142
2025-12-16 19:02:49.738,-0.005777,0.006882,-0.015664,0.000515,0.003492,0.009884
2025-12-16 19:02:49.739,-0.006267,0.007539,-0.015362,0.002037,0.003627,0.014002
2025-12-16 19:02:49.740,-0.006109,0.005923,-0.016905,0.003785,0.007313,0.009064
2025-12-16 19:02:49.742,-0.005608,0.006112,-0.016212,0.001166,0.002118,0.011306
2025-12-16 19:02:49.743,-0.005283,0.005140,-0.016598,0.000660,0.004155,0.005629
2025-12-16 19:02:49.744,-0.004237,0.004677,-0.015689,0.003134,0.003892,-0.000214
2025-12-16 19:02:49.745,-0.003572,0.004594,-0.014802,0.003496,0.000493,-0.001010
2025-12-16 19:02:49.746,-0.005142,0.006295,-0.014952,0.006342,0.002437,0.003529
2025-12-16 19:02:49.748,-0.003756,0.003969,-0.015777,0.001864,0.006399,-0.002099
2025-12-16 19:02:49.749,-0.003278,0.002690,-0.016233,0.001559,0.006493,-0.005895
2025-12-16 19:02:49.750,-0.002837,0.003938,-0.014409,0.003778,-0.000518,0.000644
2025-12-16 19:02:49.751,-0.002158,0.001657,-0.014817,0.002174,0.000840,-0.005883
2025-12-16 19:02:49.752,-0.002486,0.001756,-0.015664,0.001493,0.002439,-0.007196
2025-12-16 19:02:49.753,-0.001474,0.001899,-0.014867,0.001340,-0.003466,-0.006401
2025-12-16 19:02:49.754,-0.001234,0.001103,-0.013998,0.001103,-0.009240,-0.005343
2025-12-16 19:02:49.755,-0.001138,0.001848,-0.013921,0.002080,-0.008487,-0.005636
2025-12-16 19:02:49.756,-0.001495,0.002552,-0.014768,0.001644,-0.002223,-0.008248
2025-12-16 19:02:49.757,-0.001868,0.001878,-0.015456,-0.001336,0.000472,-0.007282
2025-12-16 19:02:49.758,-0.002659,0.002097,-0.015373,0.002978,0.007196,-0.010029
2025-12-16 19:02:49.759,-0.003822,0.004197,-0.015405,0.006366,0.006299,-0.003909
2025-12-16 19:02:49.761,-0.003034,0.004034,-0.014895,0.006237,0.004117,-0.005320
2025-12-16 19:02:49.762,-0.002372,0.003645,-0.013931,0.004989,0.001950,-0.006990
2025-12-16 19:02:49.763,-0.003049,0.002433,-0.014926,0.007670,0.004758,-0.007416
2025-12-16 19:02:49.764,-0.003241,0.002448,-0.015949,0.003221,0.003489,-0.003317
2025-12-16 19:02:49.765,-0.002967,0.002224,-0.014710,0.004314,0.001091,-0.000252
2025-12-16 19:02:49.766,-0.002880,0.001579,-0.014922,0.003975,0.003381,-0.000305
2025-12-16 19:02:49.767,-0.002875,0.001554,-0.015834,0.002903,0.004165,-0.002551
2025-12-16 19:02:49.768,-0.002126,0.000490,-0.016300,0.001479,0.007969,-0.009910
2025-12-16 19:02:49.769,-0.003390,0.001554,-0.016706,0.002355,0.006260,-0.001902
2025-12-16 19:02:49.770,-0.004625,0.003184,-0.015987,0.003463,0.006613,0.003399
2025-12-16 19:02:49.771,-0.003724,0.004008,-0.015258,0.003207,0.004626,0.000981
2025-12-16 19:02:49.772,-0.003773,0.003458,-0.015861,-0.000089,-0.000326,0.004533
2025-12-16 19:02:49.773,-0.003845,0.002802,-0.015240,-0.001984,0.001808,0.002229
2025-12-16 19:02:49.774,-0.002341,0.001239,-0.015811,-0.001370,-0.000647,-0.001957
2025-12-16 19:02:49.775,-0.001641,-0.000370,-0.015794,-0.001961,0.002024,-0.009759
2025-12-16 19:02:49.776,-0.001291,0.000682,-0.014556,0.002289,-0.000155,-0.008030
2025-12-16 19:02:49.778,-0.001631,0.000695,-0.015561,0.001344,0.002776,-0.010551
2025-12-16 19:02:49.779,-0.002341,0.001352,-0.015222,-0.002098,0.000981,-0.007066
2025-12-16 19:02:49.780,-0.004193,0.003749,-0.015228,0.000325,0.002166,0.002730
2025-12-16 19:02:49.781,-0.003833,0.003496,-0.015301,0.005141,0.006473,-0.001155
2025-12-16 19:02:49.782,-0.001469,0.001323,-0.014682,0.003660,0.001790,-0.006823
2025-12-16 19:02:49.783,-0.002014,0.002228,-0.013604,0.000957,-0.004126,-0.001294
2025-12-16 19:02:49.784,-0.000936,0.000929,-0.013298,0.000323,-0.004822,-0.006778
2025-12-16 19:02:49.785,-0.001422,0.000614,-0.014297,-0.001928,-0.002476,-0.005548
2025-12-16 19:02:49.786,-0.001625,0.000328,-0.014625,-0.001818,0.002305,-0.010455
2025-12-16 19:02:49.787,-0.001504,-0.000136,-0.015445,-0.003361,0.000749,-0.007969
2025-12-16 19:02:49.788,-0.002531,0.000843,-0.016148,-0.001621,0.006356,-0.009741
2025-12-16 19:02:49.789,-0.001820,0.000449,-0.014557,-0.000140,-0.001016,-0.003580
2025-12-16 19:02:49.791,-0.003190,0.001458,-0.015003,0.001434,0.002408,0.000036
2025-12-16 19:02:49.792,-0.004658,0.002592,-0.016184,-0.001129,0.002367,0.006232
2025-12-16 19:02:49.793,-0.004228,0.003185,-0.015822,0.002480,0.002070,0.004492
2025-12-16 19:02:49.794,-0.002763,0.000937,-0.015419,-0.000509,0.001347,0.000084
2025-12-16 19:02:49.795,-0.003024,0.000164,-0.015884,-0.003085,0.001421,-0.000099
2025-12-16 19:02:49.796,-0.001921,-0.000207,-0.016599,-0.005711,0.000222,-0.005450
2025-12-16 19:02:49.797,-0.002127,0.000627,-0.016451,-0.004750,-0.002922,-0.004438
2025-12-16 19:02:49.798,-0.003356,0.003575,-0.014922,0.001281,0.000587,-0.000901
2025-12-16 19:02:49.799,-0.003836,0.003629,-0.015262,-0.001423,-0.001777,0.002827
2025-12-16 19:02:49.801,-0.003988,0.003647,-0.015303,0.001934,0.003034,-0.000442
2025-12-16 19:02:49.802,-0.002100,0.002227,-0.013546,0.002821,0.000887,-0.004617
2025-12-16 19:02:49.803,-0.001821,0.002482,-0.012597,0.000733,-0.001870,-0.002813
2025-12-16 19:02:49.804,-0.003839,0.004324,-0.013539,0.004173,0.002595,0.000866
2025-12-16 19:02:49.805,-0.002956,0.001977,-0.014643,0.000166,0.000516,-0.000836
2025-12-16 19:02:49.806,-0.003747,0.003018,-0.015448,-0.001545,-0.002911,0.005288
2025-12-16 19:02:49.807,-0.004009,0.002350,-0.015919,-0.000582,-0.001253,0.006716
2025-12-16 19:02:49.808,-0.003237,0.000934,-0.015739,-0.003770,-0.002136,0.003259
2025-12-16 19:02:49.810,-0.003618,0.002686,-0.014813,0.004937,0.001601,0.001197
2025-12-16 19:02:49.811,-0.003051,0.002658,-0.014782,0.002203,-0.001410,0.004149
2025-12-16 19:02:49.813,-0.003379,0.003254,-0.015422,0.002984,-0.006673,0.007896
2025-12-16 19:02:49.814,-0.004100,0.003841,-0.015253,0.003236,-0.001753,0.008053
2025-12-16 19:02:49.815,-0.003755,0.002053,-0.016535,-0.000462,-0.004475,0.008467
2025-12-16 19:02:49.816,-0.004715,0.003195,-0.016145,0.000920,-0.004334,0.012240
2025-12-16 19:02:49.817,-0.005387,0.003576,-0.016575,0.002127,0.000124,0.013055
2025-12-16 19:02:49.818,-0.002998,0.003026,-0.013516,0.005416,-0.004189,0.006863
2025-12-16 19:02:49.821,-0.003658,0.000729,-0.016712,-0.004966,-0.001937,0.007240
2025-12-16 19:02:49.822,-0.002904,0.000864,-0.016191,-0.003506,-0.002215,0.002030
2025-12-16 19:02:49.824,-0.002242,0.000960,-0.014795,-0.002718,-0.002087,0.001392
2025-12-16 19:02:49.826,-0.002625,-0.001112,-0.015818,-0.003702,-0.000832,0.000186
2025-12-16 19:02:49.827,-0.001989,-0.001120,-0.015744,-0.004695,-0.001361,-0.000458
2025-12-16 19:02:49.828,-0.001996,-0.001631,-0.015790,-0.002949,0.001199,-0.000373
2025-12-16 19:02:49.829,-0.003419,-0.001932,-0.018195,-0.008424,0.002512,0.003764
2025-12-16 19:02:49.830,-0.003345,0.001148,-0.016316,-0.004672,0.002691,0.001780
2025-12-16 19:02:49.831,-0.003257,0.001949,-0.015689,0.000384,0.002357,0.001649
2025-12-16 19:02:49.832,-0.002235,0.000178,-0.016432,-0.000278,0.006885,-0.007694
2025-12-16 19:02:49.833,-0.002484,-0.000560,-0.016627,-0.003408,0.006370,-0.007515
2025-12-16 19:02:49.835,-0.003138,0.000530,-0.017427,-0.004932,0.006457,-0.003228
2025-12-16 19:02:49.836,-0.003714,0.002914,-0.014475,-0.000573,-0.000043,0.004888
2025-12-16 19:02:49.837,-0.003708,0.002109,-0.016136,-0.003188,0.001753,0.003158
2025-12-16 19:02:49.838,-0.004596,0.004454,-0.014469,0.000496,-0.000940,0.011055
2025-12-16 19:02:49.839,-0.003578,0.001667,-0.015235,-0.000073,0.002780,-0.000274
2025-12-16 19:02:49.840,-0.003064,0.001257,-0.015603,-0.002747,0.000895,0.000105
2025-12-16 19:02:49.841,-0.002801,0.000025,-0.016605,-0.004914,-0.000617,0.000491
2025-12-16 19:02:49.842,-0.001806,-0.000655,-0.015467,-0.005442,0.000790,-0.003793
2025-12-16 19:02:49.843,-0.001685,-0.001929,-0.017171,-0.007132,0.006941,-0.007804
2025-12-16 19:02:49.844,-0.002098,-0.001283,-0.016097,-0.004708,0.002560,-0.002354
2025-12-16 19:02:49.846,-0.004328,-0.001018,-0.018084,-0.002684,0.006782,0.002144
2025-12-16 19:02:49.847,-0.002736,-0.001043,-0.016121,-0.001768,0.004162,-0.003983
2025-12-16 19:02:49.848,-0.001899,-0.000564,-0.014477,-0.003402,-0.000344,-0.003051
2025-12-16 19:02:49.849,-0.001573,-0.000742,-0.015094,-0.004565,-0.001452,-0.002188
2025-12-16 19:02:49.850,-0.001581,-0.002082,-0.016238,-0.006689,-0.002491,-0.002547
2025-12-16 19:02:49.851,-0.001648,-0.002299,-0.016111,-0.007220,-0.002839,-0.002637
2025-12-16 19:02:49.852,-0.000566,-0.002206,-0.014699,-0.007852,-0.004723,-0.004619
2025-12-16 19:02:49.853,-0.001910,-0.000598,-0.015978,-0.008737,0.000728,-0.003127
2025-12-16 19:02:49.855,-0.001147,-0.001348,-0.014708,-0.009377,-0.004522,-0.002713
2025-12-16 19:02:49.856,-0.001631,-0.000729,-0.014657,-0.007583,-0.003656,-0.001237
2025-12-16 19:02:49.857,-0.001303,-0.000504,-0.014519,-0.007133,-0.005279,-0.000040
2025-12-16 19:02:49.859,-0.001367,-0.001471,-0.016065,-0.006968,-0.001686,-0.005811
2025-12-16 19:02:49.860,-0.002781,0.002289,-0.015364,-0.001457,-0.000493,-0.000421
2025-12-16 19:02:49.861,-0.003641,0.002335,-0.015344,0.000239,-0.001148,0.004190
2025-12-16 19:02:49.862,-0.004529,0.002736,-0.016295,0.001630,0.005241,0.004584
2025-12-16 19:02:49.863,-0.004097,0.003005,-0.015812,0.001346,0.001337,0.002978
2025-12-16 19:02:49.865,-0.002228,0.001772,-0.014379,0.000915,0.001458,-0.005329
2025-12-16 19:02:49.866,-0.001657,0.001276,-0.014780,0.001582,0.006331,-0.011264
2025-12-16 19:02:49.867,-0.003525,0.002391,-0.015154,0.002622,0.007189,-0.001284
2025-12-16 19:02:49.868,-0.003106,0.001151,-0.014869,0.002273,0.005198,-0.000863
2025-12-16 19:02:49.869,-0.003222,0.001284,-0.014786,0.003639,0.004032,0.001750
2025-12-16 19:02:49.870,-0.003572,0.000429,-0.014989,0.002602,0.002155,0.003428
2025-12-16 19:02:49.871,-0.003116,0.000756,-0.014926,0.005539,0.009527,-0.003759
2025-12-16 19:02:49.873,-0.003249,0.000691,-0.014779,0.006936,0.012688,-0.007914
2025-12-16 19:02:49.874,-0.002972,0.001773,-0.013940,0.004930,0.010193,-0.004873
2025-12-16 19:02:49.875,-0.001834,-0.001427,-0.015587,-0.002885,0.001907,-0.005244
2025-12-16 19:02:49.876,-0.000939,-0.000810,-0.013883,-0.003963,-0.001265,-0.005359
2025-12-16 19:02:49.877,-0.001750,-0.000391,-0.015171,-0.004857,0.000197,-0.006367
2025-12-16 19:02:49.878,-0.001280,0.000464,-0.012601,0.001538,-0.002242,-0.006685
2025-12-16 19:02:49.879,-0.002812,0.000938,-0.014722,0.004184,0.002082,-0.004444
2025-12-16 19:02:49.880,-0.002706,0.003079,-0.012785,0.007549,0.000176,-0.001573
2025-12-16 19:02:49.882,-0.001954,0.002784,-0.012325,0.008693,-0.000023,-0.005548
2025-12-16 19:02:49.883,-0.002915,0.002672,-0.013564,0.006961,0.000141,-0.000029
2025-12-16 19:02:49.884,-0.001390,0.000909,-0.012485,0.005157,-0.003080,-0.006326
2025-12-16 19:02:49.885,-0.002637,0.002505,-0.013834,0.002818,-0.000037,-0.002865
2025-12-16 19:02:49.886,-0.002300,0.001398,-0.014406,0.000229,-0.000511,-0.002127
2025-12-16 19:02:49.887,-0.002884,0.001602,-0.014795,0.001846,0.000453,0.001799
2025-12-16 19:02:49.888,-0.003213,0.000755,-0.015592,-0.001070,-0.001177,0.002442
2025-12-16 19:02:49.889,-0.002807,0.000649,-0.015234,-0.000232,0.001488,0.001520
2025-12-16 19:02:49.891,-0.002912,0.000591,-0.015456,0.002442,0.001759,-0.000650
2025-12-16 19:02:49.892,-0.002736,-0.000154,-0.016521,-0.001516,0.005042,-0.005637
2025-12-16 19:02:49.893,-0.002311,0.000614,-0.016024,-0.002580,0.001877,-0.002199
2025-12-16 19:02:49.894,-0.004035,-0.000148,-0.016549,-0.003878,0.001821,0.004877
2025-12-16 19:02:49.895,-0.002967,-0.000152,-0.015582,-0.005407,-0.002638,0.005318
2025-12-16 19:02:49.896,-0.003073,-0.000877,-0.016805,-0.006958,-0.000426,0.002962
2025-12-16 19:02:49.898,-0.002605,0.000116,-0.015564,-0.003738,-0.007544,0.008617
2025-12-16 19:02:49.899,-0.002514,0.000498,-0.014386,-0.000446,-0.000523,0.001622
2025-12-16 19:02:49.900,-0.003385,0.001147,-0.014443,-0.004411,0.002850,0.003209
2025-12-16 19:02:49.901,-0.004453,0.000258,-0.015604,-0.002533,0.005947,0.002873
2025-12-16 19:02:49.902,-0.004752,0.000019,-0.015570,-0.001621,0.008092,0.002494
2025-12-16 19:02:49.903,-0.002993,-0.000207,-0.013684,0.000020,0.001574,0.002836
2025-12-16 19:02:49.904,-0.003038,-0.000364,-0.013243,0.001657,0.000549,0.003265
2025-12-16 19:02:49.905,-0.002728,-0.000402,-0.012602,0.001783,0.000737,0.002266
2025-12-16 19:02:49.906,-0.001815,-0.000346,-0.011291,0.003207,-0.006557,0.005300
2025-12-16 19:02:49.908,-0.001971,-0.000741,-0.010973,0.003597,-0.008911,0.006922
2025-12-16 19:02:49.909,-0.001320,-0.000411,-0.010452,0.004925,-0.006522,0.004040
2025-12-16 19:02:49.910,-0.002638,0.000268,-0.013074,0.003436,-0.000663,0.000255
2025-12-16 19:02:49.911,-0.002032,0.001594,-0.011217,0.005438,-0.005950,0.004383
2025-12-16 19:02:49.912,-0.002945,0.000589,-0.012634,0.001981,-0.004646,0.008323
2025-12-16 19:02:49.913,-0.001560,-0.000978,-0.012375,-0.001238,-0.005131,0.002746
2025-12-16 19:02:49.914,-0.000921,-0.001535,-0.011332,0.001075,-0.006916,0.002018
2025-12-16 19:02:49.916,-0.000912,-0.003045,-0.013457,-0.002661,-0.004576,-0.001625
2025-12-16 19:02:49.917,-0.001394,-0.000123,-0.012359,0.000692,-0.007006,0.000058
2025-12-16 19:02:49.918,-0.001270,-0.000754,-0.011918,0.001991,-0.004640,-0.001224
2025-12-16 19:02:49.919,-0.000900,-0.000126,-0.010753,0.004608,-0.005362,-0.003466
2025-12-16 19:02:49.920,-0.001097,0.000145,-0.011868,0.001913,-0.007976,-0.000229
2025-12-16 19:02:49.921,-0.003067,-0.001238,-0.013586,0.001152,-0.006136,0.002657
2025-12-16 19:02:49.922,-0.002425,-0.000670,-0.012882,-0.000848,-0.006339,0.001937
2025-12-16 19:02:49.923,-0.002193,0.000582,-0.011468,0.001856,-0.008169,0.005123
2025-12-16 19:02:49.925,-0.002471,0.000251,-0.012392,0.002297,-0.004390,0.003928
2025-12-16 19:02:49.926,-0.001615,0.000034,-0.011540,0.001198,-0.007991,0.003753
2025-12-16 19:02:49.927,-0.001688,-0.000581,-0.011180,0.002375,-0.001803,-0.000745
2025-12-16 19:02:49.928,-0.001549,0.000205,-0.011365,-0.000062,-0.004948,0.000926
2025-12-16 19:02:49.929,-0.003570,0.000014,-0.013061,0.000089,0.002744,0.001070
2025-12-16 19:02:49.930,-0.002985,0.000931,-0.011633,0.002147,0.000878,0.002415
2025-12-16 19:02:49.931,-0.004313,-0.000017,-0.014332,-0.001226,0.006293,-0.000559
2025-12-16 19:02:49.933,-0.005685,-0.000200,-0.015535,-0.000718,0.008062,0.002598
2025-12-16 19:02:49.934,-0.003562,0.000145,-0.013423,0.000604,0.002550,0.002284
2025-12-16 19:02:49.935,-0.003242,-0.001292,-0.012860,-0.000534,-0.002437,0.006338
2025-12-16 19:02:49.936,-0.002818,-0.000655,-0.012036,0.000761,-0.002392,0.005657
2025-12-16 19:02:49.937,-0.003082,-0.000414,-0.012426,0.001002,-0.001031,0.004959
2025-12-16 19:02:49.938,-0.002035,-0.001684,-0.013791,0.000760,-0.003555,0.000126
2025-12-16 19:02:49.939,-0.001955,-0.000823,-0.012690,0.002067,-0.002934,0.000928
2025-12-16 19:02:49.940,-0.001848,-0.000208,-0.011541,0.003586,-0.009133,0.006110
2025-12-16 19:02:49.942,-0.002930,-0.001078,-0.012062,0.004535,-0.002225,0.000221
2025-12-16 19:02:49.943,-0.002430,-0.001567,-0.012609,0.004474,0.002888,-0.002728
2025-12-16 19:02:49.944,-0.001869,-0.000987,-0.011140,0.002906,-0.002372,0.003383
2025-12-16 19:02:49.945,-0.002487,-0.001153,-0.011973,0.003033,0.000693,0.001643
2025-12-16 19:02:49.946,-0.002388,-0.001309,-0.011657,0.003899,0.004186,-0.001605
2025-12-16 19:02:49.947,-0.002775,-0.000731,-0.011558,0.003689,0.003639,0.000258
2025-12-16 19:02:49.948,-0.001903,-0.000388,-0.010469,0.004173,-0.001071,0.001897
2025-12-16 19:02:49.950,-0.000391,-0.001495,-0.008897,0.001060,-0.011350,0.001749
2025-12-16 19:02:49.951,-0.001397,-0.000650,-0.010021,0.004689,-0.006251,0.000020
2025-12-16 19:02:49.952,-0.001830,0.000415,-0.009953,0.006405,-0.006359,0.003569
2025-12-16 19:02:49.953,-0.001834,-0.000439,-0.010580,0.005086,-0.007360,0.003754
2025-12-16 19:02:49.954,-0.001333,-0.003684,-0.013107,0.001006,0.001811,-0.007451
2025-12-16 19:02:49.956,0.000158,-0.002243,-0.011261,0.004716,-0.001970,-0.007730
2025-12-16 19:02:49.957,-0.001607,-0.002521,-0.014270,0.001100,-0.000590,-0.003228
2025-12-16 19:02:49.958,-0.001747,-0.003806,-0.015427,-0.004186,-0.000506,-0.001834
2025-12-16 19:02:49.959,-0.001435,-0.002933,-0.013787,-0.001039,-0.001250,-0.001291
2025-12-16 19:02:49.960,-0.001578,-0.000989,-0.011977,0.001428,-0.004183,0.002250
2025-12-16 19:02:49.961,-0.001219,-0.001659,-0.011505,-0.001229,-0.007123,0.000186
2025-12-16 19:02:49.962,-0.001518,-0.001999,-0.013342,-0.000194,-0.004488,0.000694
2025-12-16 19:02:49.963,-0.002145,-0.001413,-0.013990,-0.003186,-0.002978,0.001499
2025-12-16 19:02:49.965,-0.002138,-0.000526,-0.013666,-0.000564,-0.002602,0.003188
2025-12-16 19:02:49.966,-0.002269,-0.001317,-0.013691,-0.002590,-0.004830,0.005641
2025-12-16 19:02:49.967,-0.003243,-0.000866,-0.015132,-0.004675,-0.003270,0.006378
2025-12-16 19:02:49.968,-0.000896,-0.002928,-0.013528,-0.005486,-0.007295,-0.000589
2025-12-16 19:02:49.969,-0.000861,-0.004246,-0.014353,-0.003600,-0.001930,-0.004874
2025-12-16 19:02:49.970,-0.000961,-0.002225,-0.012912,-0.001003,-0.004574,-0.000637
2025-12-16 19:02:49.972,-0.001528,-0.002375,-0.013637,-0.001664,-0.001025,-0.001091
2025-12-16 19:02:49.973,-0.000828,-0.002034,-0.013287,0.000800,0.000826,-0.002236
2025-12-16 19:02:49.974,-0.001623,-0.001944,-0.012646,0.001503,0.000380,-0.001686
2025-12-16 19:02:49.975,-0.001564,-0.001387,-0.012177,0.002371,-0.003145,0.001343
2025-12-16 19:02:49.976,-0.001370,-0.001095,-0.012446,0.002300,-0.003318,0.001707
2025-12-16 19:02:49.977,-0.002206,-0.001876,-0.013851,0.001850,0.004236,-0.001893
2025-12-16 19:02:49.978,-0.001967,-0.001860,-0.012973,0.002580,0.002996,-0.001653
2025-12-16 19:02:49.980,-0.003447,-0.002017,-0.014262,-0.000030,0.002998,0.004162
2025-12-16 19:02:49.981,-0.002489,-0.001609,-0.012590,-0.000206,-0.005296,0.010030
2025-12-16 19:02:49.982,-0.002484,-0.002531,-0.013677,-0.001489,-0.003952,0.008597
2025-12-16 19:02:49.983,-0.003234,-0.000170,-0.013312,0.000957,-0.002042,0.010350
2025-12-16 19:02:49.984,-0.003111,-0.000260,-0.013881,0.001946,-0.000498,0.008643
2025-12-16 19:02:49.985,-0.003046,-0.001677,-0.014258,0.001680,-0.001084,0.006602
2025-12-16 19:02:49.986,-0.003387,-0.000358,-0.013406,0.003497,-0.001647,0.008593
2025-12-16 19:02:49.987,-0.003216,-0.000109,-0.012804,0.004316,-0.001486,0.007716
2025-12-16 19:02:49.988,-0.003279,-0.001090,-0.014284,0.003179,0.001942,0.004460
2025-12-16 19:02:49.990,-0.002960,-0.001340,-0.014831,0.000637,0.005625,0.000074
2025-12-16 19:02:49.991,-0.002279,-0.003491,-0.016725,-0.005459,0.002229,0.001635
2025-12-16 19:02:49.992,-0.004370,-0.001327,-0.017886,-0.002937,0.003357,0.007950
2025-12-16 19:02:49.993,-0.002744,-0.004473,-0.017936,-0.005675,0.003259,-0.001035
2025-12-16 19:02:49.994,-0.000724,-0.006254,-0.016140,-0.008270,-0.003447,-0.001594
2025-12-16 19:02:49.995,-0.001806,-0.004488,-0.015103,-0.006751,-0.001982,0.003717
2025-12-16 19:02:49.996,-0.001743,-0.004569,-0.014612,-0.003966,-0.000602,0.001123
2025-12-16 19:02:49.997,-0.003183,-0.001749,-0.015454,-0.001871,0.007620,0.002254
2025-12-16 19:02:49.998,-0.003225,-0.002480,-0.015501,-0.002560,0.004819,0.005545
2025-12-16 19:02:50.000,-0.003005,-0.003546,-0.016676,-0.001265,0.005632,0.003270
2025-12-16 19:02:50.001,-0.002326,-0.003426,-0.015707,0.002171,0.010111,-0.003058
2025-12-16 19:02:50.002,-0.002419,-0.003979,-0.016558,-0.001545,0.008714,-0.004549
2025-12-16 19:02:50.003,-0.003240,-0.003382,-0.017069,-0.000821,0.008860,-0.002299
2025-12-16 19:02:50.005,-0.002198,-0.004999,-0.016703,-0.002671,0.005261,-0.000186
2025-12-16 19:02:50.006,-0.002575,-0.004348,-0.017070,0.000012,0.008091,-0.001719
2025-12-16 19:02:50.007,-0.003815,-0.003639,-0.017816,-0.001899,0.004426,0.006998
2025-12-16 19:02:50.008,-0.003281,-0.002879,-0.017113,0.000076,0.003114,0.006815
2025-12-16 19:02:50.009,-0.002901,-0.004763,-0.017034,-0.001828,0.005630,0.003529
2025-12-16 19:02:50.010,-0.003009,-0.003578,-0.016407,-0.000624,0.004956,0.003577
2025-12-16 19:02:50.011,-0.002844,-0.004793,-0.017693,-0.000514,0.009845,-0.001968
2025-12-16 19:02:50.012,-0.002620,-0.004894,-0.016510,-0.001392,0.001541,0.004421
2025-12-16 19:02:50.013,-0.002236,-0.006951,-0.017530,-0.002874,0.002706,0.003330
2025-12-16 19:02:50.014,-0.002028,-0.006658,-0.017514,-0.004165,0.001299,0.005603
2025-12-16 19:02:50.016,-0.001521,-0.005767,-0.016414,-0.001934,0.001823,0.002989
2025-12-16 19:02:50.017,-0.001699,-0.006819,-0.017162,-0.001697,0.004432,-0.000955
2025-12-16 19:02:50.018,-0.001656,-0.006068,-0.016370,-0.001606,0.001479,0.000949
2025-12-16 19:02:50.019,-0.001546,-0.007012,-0.017174,-0.001739,0.004228,-0.003051
2025-12-16 19:02:50.020,-0.002190,-0.006081,-0.017396,-0.003136,0.004111,0.002151
2025-12-16 19:02:50.021,-0.002146,-0.005043,-0.016806,-0.001668,0.004887,0.001235
2025-12-16 19:02:50.022,-0.002293,-0.005045,-0.016852,-0.001294,0.004993,0.000172
2025-12-16 19:02:50.023,-0.002459,-0.004377,-0.015372,-0.001688,-0.001311,0.006679
2025-12-16 19:02:50.024,-0.002168,-0.006381,-0.016876,-0.003724,0.001964,0.003872
2025-12-16 19:02:50.025,-0.002321,-0.005235,-0.017239,-0.001948,0.005792,0.001117
2025-12-16 19:02:50.027,-0.003624,-0.003818,-0.017227,-0.002403,0.005808,0.006812
2025-12-16 19:02:50.028,-0.004522,-0.004078,-0.018085,-0.002852,0.006882,0.007537
2025-12-16 19:02:50.029,-0.002801,-0.004560,-0.016478,-0.001444,0.003045,0.004632
2025-12-16 19:02:50.030,-0.002838,-0.004509,-0.016900,-0.000366,0.002253,0.004850
2025-12-16 19:02:50.031,-0.003015,-0.004092,-0.016811,-0.000979,0.002124,0.007272
2025-12-16 19:02:50.032,-0.003689,-0.003656,-0.016598,-0.001826,0.001829,0.010452
2025-12-16 19:02:50.033,-0.004087,-0.005182,-0.019398,-0.002437,0.002753,0.008984
2025-12-16 19:02:50.034,-0.002182,-0.008179,-0.018232,-0.004233,-0.001517,0.005436
2025-12-16 19:02:50.035,-0.003212,-0.007026,-0.018046,-0.005081,0.000056,0.008482
2025-12-16 19:02:50.036,-0.004270,-0.005386,-0.018229,-0.005727,0.002120,0.011895
2025-12-16 19:02:50.037,-0.004202,-0.006298,-0.018776,-0.005381,0.003412,0.011375
2025-12-16 19:02:50.038,-0.004856,-0.004160,-0.018730,-0.005495,0.003568,0.015466
2025-12-16 19:02:50.039,-0.005678,-0.003882,-0.018900,-0.005846,0.006275,0.015307
2025-12-16 19:02:50.041,-0.004682,-0.002913,-0.017031,-0.003223,0.003545,0.013561
2025-12-16 19:02:50.042,-0.005491,-0.001823,-0.017814,-0.004503,0.005389,0.016326
2025-12-16 19:02:50.043,-0.005351,-0.003123,-0.019549,-0.004614,0.005134,0.014454
2025-12-16 19:02:50.044,-0.005714,-0.002086,-0.018556,-0.005026,0.000428,0.020813
2025-12-16 19:02:50.045,-0.004641,-0.004543,-0.019622,-0.004391,0.006027,0.010598
2025-12-16 19:02:50.046,-0.004042,-0.002356,-0.017194,-0.001248,-0.003569,0.015645
2025-12-16 19:02:50.047,-0.003960,-0.004969,-0.019451,-0.002168,0.004308,0.006294
2025-12-16 19:02:50.048,-0.002917,-0.004687,-0.018622,-0.002831,0.002499,0.008562
2025-12-16 19:02:50.049,-0.004728,-0.003874,-0.019089,-0.004033,0.007113,0.009898
2025-12-16 19:02:50.051,-0.003666,-0.005046,-0.017816,0.001277,0.007313,0.005631
2025-12-16 19:02:50.052,-0.001999,-0.003853,-0.015962,0.002822,0.001475,0.004330
2025-12-16 19:02:50.054,-0.000084,-0.004266,-0.015072,0.002410,0.005385,-0.003273
2025-12-16 19:02:50.055,0.000090,-0.004874,-0.015467,0.002063,0.006095,-0.005248
2025-12-16 19:02:50.056,-0.001316,-0.004893,-0.016596,-0.000290,0.006836,-0.000739
2025-12-16 19:02:50.057,-0.003361,-0.004067,-0.019072,-0.002039,0.009714,0.005047
2025-12-16 19:02:50.058,-0.001872,-0.005228,-0.017290,-0.001912,0.003869,0.002551
2025-12-16 19:02:50.059,-0.002219,-0.004683,-0.017404,-0.000218,0.005536,0.001513
2025-12-16 19:02:50.061,-0.002745,-0.003346,-0.017439,0.000497,0.004572,0.003085
2025-12-16 19:02:50.062,-0.002897,-0.003521,-0.016860,-0.000335,0.007957,0.002172
2025-12-16 19:02:50.063,-0.003441,-0.003059,-0.017905,-0.002615,0.009190,0.005865
2025-12-16 19:02:50.064,-0.001749,-0.005147,-0.017005,-0.002563,0.002043,0.007209
2025-12-16 19:02:50.065,-0.002250,-0.005888,-0.018418,-0.004280,0.002902,0.007654
2025-12-16 19:02:50.066,-0.002616,-0.005147,-0.018005,-0.002982,0.000461,0.008140
2025-12-16 19:02:50.067,-0.002520,-0.005690,-0.018094,-0.001290,0.004831,0.002770
2025-12-16 19:02:50.069,-0.000466,-0.006753,-0.017324,-0.000021,0.004273,-0.003574
2025-12-16 19:02:50.070,-0.000108,-0.006334,-0.016263,-0.000716,-0.000976,0.002569
2025-12-16 19:02:50.071,-0.000297,-0.006000,-0.017140,-0.002203,0.001951,0.004116
2025-12-16 19:02:50.072,-0.001506,-0.003922,-0.015673,-0.001462,0.004130,0.006464
2025-12-16 19:02:50.073,-0.001646,-0.001967,-0.015577,-0.001605,-0.001029,0.014047
2025-12-16 19:02:50.074,0.000757,-0.003261,-0.014053,-0.001268,-0.005562,0.011065
2025-12-16 19:02:50.075,0.000326,-0.004314,-0.014549,-0.000242,-0.009103,0.010867
2025-12-16 19:02:50.076,0.000690,-0.005335,-0.014441,0.000692,-0.005252,0.003539
2025-12-16 19:02:50.078,0.001171,-0.008544,-0.016036,0.000637,0.001675,-0.006809
2025-12-16 19:02:50.079,0.000715,-0.008727,-0.017328,0.000144,0.002556,-0.006825
2025-12-16 19:02:50.080,0.001207,-0.010313,-0.018135,-0.002441,0.002796,-0.006989
2025-12-16 19:02:50.082,-0.000148,-0.007893,-0.017452,-0.000275,0.004201,-0.004376
2025-12-16 19:02:50.083,-0.001186,-0.005720,-0.015838,-0.001747,0.001204,0.003784
2025-12-16 19:02:50.085,0.001107,-0.006841,-0.014607,-0.002273,-0.002591,0.002323
2025-12-16 19:02:50.086,-0.001536,-0.006841,-0.017801,-0.006276,0.004355,0.005087
2025-12-16 19:02:50.087,-0.000384,-0.007607,-0.016950,-0.003444,0.002781,0.000068
2025-12-16 19:02:50.088,-0.000962,-0.008302,-0.017292,-0.004584,0.003917,0.000591
2025-12-16 19:02:50.089,-0.000394,-0.008741,-0.015564,-0.004341,0.001852,-0.000544
2025-12-16 19:02:50.091,-0.001075,-0.008387,-0.015774,-0.004529,0.002544,0.000983
2025-12-16 19:02:50.092,-0.000784,-0.007666,-0.015858,-0.004166,0.002717,0.000400
2025-12-16 19:02:50.093,-0.001915,-0.005142,-0.015880,-0.002843,0.003257,0.003299
2025-12-16 19:02:50.094,-0.001707,-0.007269,-0.016012,-0.004225,0.000848,0.003329
2025-12-16 19:02:50.095,-0.000945,-0.007576,-0.016644,-0.002770,0.003773,-0.001572
2025-12-16 19:02:50.097,-0.000733,-0.007738,-0.016196,-0.000424,0.004198,-0.005022
2025-12-16 19:02:50.098,-0.000243,-0.007994,-0.015033,-0.001116,0.000532,-0.003000
2025-12-16 19:02:50.099,-0.001632,-0.006012,-0.015344,-0.001731,-0.000685,0.004065
2025-12-16 19:02:50.100,-0.001977,-0.007448,-0.016499,-0.003812,-0.000874,0.004467
2025-12-16 19:02:50.101,-0.002650,-0.006600,-0.017715,-0.004672,0.002447,0.006620
2025-12-16 19:02:50.103,-0.001701,-0.006925,-0.015946,-0.004865,-0.000782,0.005901
2025-12-16 19:02:50.104,-0.002483,-0.003169,-0.014457,-0.000539,-0.002982,0.008978
2025-12-16 19:02:50.105,-0.002465,-0.004734,-0.015945,-0.000657,0.001629,0.004204
2025-12-16 19:02:50.106,-0.003410,-0.003350,-0.015966,0.002189,0.005500,0.003013
2025-12-16 19:02:50.107,-0.001722,-0.005141,-0.015799,0.001856,0.004228,-0.001673
2025-12-16 19:02:50.108,-0.001736,-0.005235,-0.014442,0.000792,-0.003731,0.004343
2025-12-16 19:02:50.110,-0.004067,-0.004332,-0.015668,0.000884,0.002421,0.011027
2025-12-16 19:02:50.111,-0.002552,-0.006262,-0.015779,-0.000844,0.006521,0.004367
2025-12-16 19:02:50.112,-0.001177,-0.007352,-0.015508,-0.000051,0.004762,-0.001384
2025-12-16 19:02:50.113,-0.001450,-0.006647,-0.014949,0.000672,0.001828,0.000329
2025-12-16 19:02:50.114,-0.002860,-0.004944,-0.014267,-0.000353,0.000456,0.005858
2025-12-16 19:02:50.116,-0.001712,-0.004729,-0.011917,0.002318,-0.006184,0.010054
2025-12-16 19:02:50.117,-0.002324,-0.005832,-0.014343,0.001772,-0.000563,0.007636
2025-12-16 19:02:50.118,-0.001811,-0.007626,-0.014944,-0.000974,-0.005454,0.008503
2025-12-16 19:02:50.119,-0.002457,-0.005619,-0.015206,-0.001623,-0.002059,0.010921
2025-12-16 19:02:50.120,-0.003209,-0.005409,-0.015753,-0.002015,0.000147,0.011837
2025-12-16 19:02:50.122,-0.000611,-0.007498,-0.013662,-0.001372,-0.003649,0.002814
2025-12-16 19:02:50.123,-0.003580,-0.007001,-0.016359,0.001559,0.004823,0.001227
2025-12-16 19:02:50.124,-0.003560,-0.006689,-0.016351,0.004763,0.004224,0.002296
2025-12-16 19:02:50.125,-0.002422,-0.006496,-0.015220,0.002434,0.002596,0.002025
2025-12-16 19:02:50.126,-0.002669,-0.006099,-0.014123,0.006645,0.002786,0.002096
2025-12-16 19:02:50.128,-0.002808,-0.004604,-0.012483,0.007479,-0.001377,0.011196
2025-12-16 19:02:50.129,-0.001922,-0.006368,-0.013975,0.005153,0.003433,0.002522
2025-12-16 19:02:50.130,-0.002211,-0.006321,-0.014691,0.005609,0.004713,0.005575
2025-12-16 19:02:50.131,-0.002175,-0.006954,-0.015083,0.002465,-0.000874,0.007929
2025-12-16 19:02:50.132,-0.001608,-0.009123,-0.016064,-0.000422,0.000084,0.004217
2025-12-16 19:02:50.133,-0.002248,-0.008092,-0.016114,0.003382,0.004030,0.002928
2025-12-16 19:02:50.135,-0.003196,-0.006699,-0.015947,0.005411,0.003525,0.008917
2025-12-16 19:02:50.136,-0.001669,-0.008800,-0.016145,0.001811,-0.000802,0.004555
2025-12-16 19:02:50.137,-0.000197,-0.009179,-0.014750,0.003035,-0.003424,0.001008
2025-12-16 19:02:50.138,0.000471,-0.007794,-0.012788,0.003574,-0.005075,-0.001978
2025-12-16 19:02:50.139,0.000824,-0.010089,-0.013411,0.000009,-0.003454,-0.004683
2025-12-16 19:02:50.140,0.000619,-0.011904,-0.014694,-0.002515,-0.001875,-0.005738
2025-12-16 19:02:50.141,-0.000179,-0.011174,-0.014888,-0.000552,-0.000955,-0.001257
2025-12-16 19:02:50.143,-0.000170,-0.010087,-0.014242,-0.001195,-0.002653,0.001191
2025-12-16 19:02:50.144,0.000927,-0.011725,-0.013550,-0.002650,-0.002633,-0.003343
2025-12-16 19:02:50.145,0.000550,-0.010137,-0.012846,-0.000962,-0.003947,-0.003144
2025-12-16 19:02:50.146,0.000493,-0.009447,-0.012571,-0.002342,-0.006030,0.000122
2025-12-16 19:02:50.147,0.000959,-0.009322,-0.011219,-0.002470,-0.010848,0.002731
2025-12-16 19:02:50.148,0.000936,-0.009896,-0.011732,0.001494,-0.003759,-0.003200
2025-12-16 19:02:50.149,0.000971,-0.010723,-0.011416,0.001639,-0.003333,-0.008328
2025-12-16 19:02:50.150,-0.000080,-0.009252,-0.011832,0.001062,-0.005169,-0.004092
2025-12-16 19:02:50.152,-0.001426,-0.007755,-0.012767,0.002910,-0.001504,0.000994
2025-12-16 19:02:50.153,-0.001573,-0.009475,-0.014147,0.000722,0.002747,-0.000021
2025-12-16 19:02:50.154,-0.000743,-0.011354,-0.013645,-0.000971,0.000119,-0.002345
2025-12-16 19:02:50.155,-0.000046,-0.011673,-0.012750,-0.001755,-0.005019,-0.001571
2025-12-16 19:02:50.156,-0.000386,-0.010751,-0.012677,-0.004227,-0.004706,-0.000798
2025-12-16 19:02:50.157,-0.000507,-0.011300,-0.012992,-0.002083,-0.004264,0.001624
2025-12-16 19:02:50.158,-0.000019,-0.008940,-0.012558,0.003232,-0.002574,0.001409
2025-12-16 19:02:50.159,0.000181,-0.009037,-0.011270,0.007896,-0.003437,-0.001067
2025-12-16 19:02:50.160,0.000070,-0.010250,-0.012702,0.003156,-0.006552,0.002412
2025-12-16 19:02:50.161,-0.000432,-0.007842,-0.011822,0.002760,-0.007946,0.003006
2025-12-16 19:02:50.162,0.000342,-0.008553,-0.012403,0.001070,-0.008520,0.001726
2025-12-16 19:02:50.164,0.000384,-0.008630,-0.013279,0.000969,-0.006580,-0.000198
2025-12-16 19:02:50.165,-0.000865,-0.009411,-0.012804,0.004348,-0.003294,-0.000844
2025-12-16 19:02:50.166,-0.001293,-0.009587,-0.012602,0.002883,-0.000631,-0.001120
2025-12-16 19:02:50.167,-0.002871,-0.008798,-0.013044,0.005912,0.003782,-0.001916
2025-12-16 19:02:50.168,-0.001959,-0.009253,-0.012431,0.002052,-0.005011,0.002538
2025-12-16 19:02:50.169,-0.001632,-0.009073,-0.012538,0.000884,-0.009999,0.005848
2025-12-16 19:02:50.170,-0.002027,-0.008676,-0.012485,0.003422,-0.006556,0.007452
2025-12-16 19:02:50.171,-0.002561,-0.005825,-0.012710,0.004142,-0.006615,0.009132
2025-12-16 19:02:50.172,-0.002554,-0.007700,-0.012699,0.002086,-0.004873,0.002720
2025-12-16 19:02:50.173,-0.001685,-0.007966,-0.011936,0.001933,-0.007519,0.000576
2025-12-16 19:02:50.175,-0.003664,-0.006922,-0.012019,0.005058,-0.007231,0.011010
2025-12-16 19:02:50.176,-0.004442,-0.007690,-0.013221,0.003827,-0.002183,0.005588
2025-12-16 19:02:50.177,-0.001020,-0.008504,-0.011985,0.004343,-0.009306,0.001386
2025-12-16 19:02:50.178,-0.002027,-0.008530,-0.012633,0.001939,-0.005779,0.002197
2025-12-16 19:02:50.179,-0.000512,-0.008750,-0.011774,0.002592,-0.004590,-0.003842
2025-12-16 19:02:50.180,0.000753,-0.008613,-0.010669,0.003234,-0.005447,-0.006894
2025-12-16 19:02:50.181,0.000258,-0.009827,-0.011670,0.002243,-0.003838,-0.009312
2025-12-16 19:02:50.182,0.003046,-0.012284,-0.009340,0.002867,-0.009944,-0.015456
2025-12-16 19:02:50.184,0.001336,-0.009775,-0.009504,0.005355,-0.008630,-0.005557
2025-12-16 19:02:50.185,0.000421,-0.011587,-0.011588,0.001290,-0.005975,-0.008278
2025-12-16 19:02:50.186,-0.001354,-0.010280,-0.012619,0.001178,-0.003014,-0.006735
2025-12-16 19:02:50.187,-0.000388,-0.008773,-0.012176,0.002946,-0.005845,-0.005334
2025-12-16 19:02:50.188,-0.000312,-0.010279,-0.011636,0.000059,-0.010431,-0.002197
2025-12-16 19:02:50.189,-0.002227,-0.011105,-0.014692,-0.002854,-0.000649,-0.003759
2025-12-16 19:02:50.190,-0.002376,-0.008995,-0.013959,-0.004003,-0.005981,0.003398
2025-12-16 19:02:50.191,-0.001830,-0.008118,-0.012843,-0.000928,-0.006696,0.001745
2025-12-16 19:02:50.192,-0.000796,-0.009446,-0.012917,-0.003072,-0.012557,0.003570
2025-12-16 19:02:50.194,-0.000044,-0.010082,-0.012202,-0.003265,-0.012596,0.002412
2025-12-16 19:02:50.195,-0.001010,-0.009522,-0.014657,-0.002131,-0.009046,0.001374
2025-12-16 19:02:50.196,-0.000948,-0.007450,-0.012142,0.003673,-0.009515,0.002415
2025-12-16 19:02:50.197,-0.000557,-0.007275,-0.011535,0.004318,-0.013825,0.002873
2025-12-16 19:02:50.198,0.000750,-0.009702,-0.011968,0.001193,-0.015801,0.001515
2025-12-16 19:02:50.200,-0.001834,-0.007376,-0.010512,0.003183,-0.014901,0.009303
2025-12-16 19:02:50.201,-0.003108,-0.007604,-0.012838,0.002691,-0.006382,0.004042
2025-12-16 19:02:50.202,-0.001580,-0.009721,-0.012645,-0.001538,-0.015284,0.007811
2025-12-16 19:02:50.203,-0.002709,-0.009639,-0.013582,-0.003551,-0.008926,0.006037
2025-12-16 19:02:50.204,-0.003321,-0.008134,-0.013128,-0.000298,-0.006408,0.009811
2025-12-16 19:02:50.205,-0.003516,-0.006335,-0.012272,-0.001440,-0.007989,0.012988
2025-12-16 19:02:50.206,-0.004448,-0.006352,-0.013338,-0.002819,-0.009311,0.015674
2025-12-16 19:02:50.207,-0.003180,-0.005838,-0.012292,-0.002677,-0.014109,0.017352
2025-12-16 19:02:50.208,-0.004767,-0.006403,-0.014025,-0.001709,-0.006151,0.010760
2025-12-16 19:02:50.210,-0.004992,-0.005538,-0.013811,0.000213,-0.007203,0.010826
2025-12-16 19:02:50.211,-0.003027,-0.006317,-0.012548,0.001020,-0.009169,0.005940
2025-12-16 19:02:50.212,-0.003323,-0.007628,-0.012495,0.001879,-0.004702,-0.000925
2025-12-16 19:02:50.213,-0.003146,-0.008535,-0.013106,-0.000506,-0.001621,-0.001447
2025-12-16 19:02:50.214,-0.001171,-0.010267,-0.012291,-0.001656,-0.004589,-0.003976
2025-12-16 19:02:50.215,-0.001257,-0.010485,-0.012942,-0.002873,-0.005910,-0.001342
2025-12-16 19:02:50.216,-0.000224,-0.009990,-0.012067,-0.003733,-0.003750,-0.002983
2025-12-16 19:02:50.217,-0.002249,-0.007529,-0.012350,-0.003950,-0.002043,0.002753
2025-12-16 19:02:50.218,-0.002356,-0.007509,-0.012713,-0.001997,-0.003552,0.002150
2025-12-16 19:02:50.219,-0.002106,-0.008645,-0.012969,-0.000963,-0.002064,-0.002487
2025-12-16 19:02:50.220,-0.003559,-0.006822,-0.012554,0.000775,-0.002569,0.000819
2025-12-16 19:02:50.222,-0.002613,-0.008049,-0.013190,0.000333,-0.002377,-0.002883
2025-12-16 19:02:50.223,-0.004490,-0.006302,-0.014147,0.001180,-0.000127,0.007028
2025-12-16 19:02:50.224,-0.004665,-0.006966,-0.014173,-0.000487,0.000123,0.006297
2025-12-16 19:02:50.225,-0.005814,-0.005824,-0.015784,-0.002543,0.000473,0.010882
2025-12-16 19:02:50.226,-0.004587,-0.005641,-0.013495,-0.000348,-0.002223,0.006800
2025-12-16 19:02:50.227,-0.004848,-0.005796,-0.013933,0.001308,0.003276,0.002585
2025-12-16 19:02:50.229,-0.006230,-0.005900,-0.015175,0.003527,0.008102,0.003286
2025-12-16 19:02:50.230,-0.003777,-0.007306,-0.013653,0.007680,0.005002,-0.001095
2025-12-16 19:02:50.231,-0.004496,-0.006076,-0.014018,0.005746,0.003802,0.000574
2025-12-16 19:02:50.232,-0.004801,-0.006073,-0.014109,0.006353,0.003113,0.004935
2025-12-16 19:02:50.233,-0.005382,-0.005527,-0.014335,0.005066,0.003576,0.004195
2025-12-16 19:02:50.234,-0.007094,-0.006768,-0.015908,0.001259,0.008197,0.003285
2025-12-16 19:02:50.236,-0.006155,-0.008276,-0.015847,-0.002538,0.001787,0.007046
2025-12-16 19:02:50.237,-0.006444,-0.007695,-0.015717,-0.003255,0.002619,0.007853
2025-12-16 19:02:50.238,-0.006879,-0.008360,-0.017004,-0.004908,0.004452,0.007845
2025-12-16 19:02:50.239,-0.005197,-0.009201,-0.016196,-0.002604,0.003486,-0.000896
2025-12-16 19:02:50.240,-0.004745,-0.009703,-0.015634,-0.003694,-0.000972,0.001794
2025-12-16 19:02:50.242,-0.006892,-0.008377,-0.016407,-0.001259,0.002737,0.008131
2025-12-16 19:02:50.243,-0.005161,-0.006865,-0.014590,-0.001468,-0.000531,0.007000
2025-12-16 19:02:50.244,-0.004602,-0.007630,-0.014996,-0.002769,-0.000362,0.006612
2025-12-16 19:02:50.245,-0.003415,-0.007325,-0.013601,-0.003277,-0.004691,0.007588
2025-12-16 19:02:50.246,-0.001398,-0.007309,-0.011557,-0.001302,-0.009877,0.004121
2025-12-16 19:02:50.247,-0.000767,-0.006972,-0.010350,0.000983,-0.010859,0.001648
2025-12-16 19:02:50.248,-0.001088,-0.008573,-0.011484,-0.001451,-0.008237,0.000124
2025-12-16 19:02:50.249,-0.002023,-0.008954,-0.013766,-0.002722,-0.008390,0.005013
2025-12-16 19:02:50.250,-0.001301,-0.007341,-0.011777,0.000170,-0.008385,0.002590
2025-12-16 19:02:50.252,-0.002238,-0.007907,-0.012538,-0.001541,-0.007590,0.003528
2025-12-16 19:02:50.253,-0.004773,-0.008525,-0.015366,-0.004752,-0.002318,0.005427
2025-12-16 19:02:50.254,-0.004801,-0.008649,-0.015086,-0.004562,-0.000481,0.004832
2025-12-16 19:02:50.255,-0.003176,-0.009290,-0.013953,-0.002271,-0.002617,-0.000138
2025-12-16 19:02:50.256,-0.003536,-0.009362,-0.014572,-0.001855,-0.000902,-0.002944
2025-12-16 19:02:50.257,-0.004297,-0.006460,-0.013176,0.003553,-0.000935,0.002287
2025-12-16 19:02:50.258,-0.003521,-0.005522,-0.012430,0.003813,-0.004328,0.003766
2025-12-16 19:02:50.260,-0.003098,-0.005089,-0.012875,0.003517,-0.004263,0.003451
2025-12-16 19:02:50.261,-0.002493,-0.004148,-0.011042,0.005633,-0.004121,0.005584
2025-12-16 19:02:50.262,-0.005052,-0.003844,-0.014612,0.001112,-0.004078,0.013624
2025-12-16 19:02:50.263,-0.005387,-0.003666,-0.013841,0.006115,-0.000572,0.010502
2025-12-16 19:02:50.264,-0.002963,-0.004771,-0.011929,0.003781,-0.008603,0.010959
2025-12-16 19:02:50.265,-0.003646,-0.004414,-0.012554,0.001337,-0.007713,0.013238
2025-12-16 19:02:50.266,-0.004574,-0.004773,-0.012996,0.004770,-0.005536,0.012491
2025-12-16 19:02:50.267,-0.005736,-0.004090,-0.012871,0.004938,-0.004138,0.016356
2025-12-16 19:02:50.270,-0.005196,-0.005991,-0.013680,0.007685,0.001731,0.004498
2025-12-16 19:02:50.271,-0.005247,-0.004996,-0.012640,0.008574,-0.000997,0.009649
2025-12-16 19:02:50.272,-0.003497,-0.005364,-0.012306,0.007689,-0.002098,0.005298
2025-12-16 19:02:50.273,-0.004582,-0.004317,-0.013694,0.003966,-0.000541,0.010016
2025-12-16 19:02:50.274,-0.005236,-0.003032,-0.012934,0.005356,0.002295,0.012246
2025-12-16 19:02:50.277,-0.002618,-0.006472,-0.013146,0.002554,-0.001057,0.002452
2025-12-16 19:02:50.278,-0.004164,-0.005488,-0.013480,0.002322,0.002285,0.001831
2025-12-16 19:02:50.279,-0.005301,-0.004531,-0.014787,0.001735,0.004270,0.002605
2025-12-16 19:02:50.280,-0.004661,-0.006083,-0.014143,0.000606,0.002753,0.002718
2025-12-16 19:02:50.281,-0.003582,-0.005653,-0.013820,-0.001077,-0.000217,0.004777
2025-12-16 19:02:50.283,-0.003793,-0.007176,-0.014996,-0.000300,0.002833,-0.001563
2025-12-16 19:02:50.285,-0.004047,-0.004099,-0.014436,0.001514,0.000250,0.003512
2025-12-16 19:02:50.286,-0.005244,-0.005961,-0.015904,-0.001525,0.001591,0.004660
2025-12-16 19:02:50.287,-0.005227,-0.004245,-0.014749,0.000039,0.001301,0.005525
2025-12-16 19:02:50.289,-0.005106,-0.004886,-0.014984,0.001602,0.003748,0.001320
2025-12-16 19:02:50.290,-0.005556,-0.005313,-0.016431,-0.001274,0.000547,0.008130
2025-12-16 19:02:50.291,-0.007207,-0.004787,-0.017168,-0.001865,0.003262,0.009582
2025-12-16 19:02:50.295,-0.004176,-0.008329,-0.016512,-0.001713,0.005070,-0.003161
2025-12-16 19:02:50.296,-0.004248,-0.008050,-0.016539,-0.000902,0.005622,-0.003574
2025-12-16 19:02:50.297,-0.003957,-0.007522,-0.015459,0.000001,0.006021,-0.005527
2025-12-16 19:02:50.299,-0.002959,-0.006709,-0.014840,0.001709,0.003345,-0.004750
2025-12-16 19:02:50.301,-0.005324,-0.008545,-0.017378,-0.003708,0.007521,-0.000870
2025-12-16 19:02:50.302,-0.005220,-0.008377,-0.017110,-0.003823,0.007792,-0.001876
2025-12-16 19:02:50.303,-0.004474,-0.006861,-0.014815,-0.003239,0.002636,0.003270
2025-12-16 19:02:50.304,-0.004502,-0.005883,-0.014269,-0.000520,0.001090,0.003265
2025-12-16 19:02:50.305,-0.006675,-0.005508,-0.015671,-0.001089,0.006870,0.002288
2025-12-16 19:02:50.306,-0.004766,-0.005857,-0.014434,0.000517,0.003443,-0.000546
2025-12-16 19:02:50.307,-0.004494,-0.005102,-0.013972,0.000856,0.004652,-0.001600
2025-12-16 19:02:50.308,-0.003445,-0.006144,-0.013362,-0.001252,-0.001387,0.001297
2025-12-16 19:02:50.310,-0.003843,-0.005153,-0.013095,-0.002109,-0.003036,0.006670
2025-12-16 19:02:50.311,-0.002898,-0.002911,-0.009764,0.005823,-0.005490,0.006104
2025-12-16 19:02:50.312,-0.003833,-0.002702,-0.011010,0.002964,-0.002514,0.008401
2025-12-16 19:02:50.317,-0.003875,-0.002648,-0.010997,0.004135,-0.002491,0.003837
2025-12-16 19:02:50.318,-0.004284,-0.002365,-0.011769,0.001066,-0.002825,0.008569
2025-12-16 19:02:50.320,-0.003468,-0.003634,-0.012657,0.001827,0.000776,0.002536
2025-12-16 19:02:50.322,-0.003310,-0.003976,-0.011643,0.001019,-0.004926,0.005704
2025-12-16 19:02:50.323,-0.005029,-0.003081,-0.012351,-0.000273,-0.002697,0.010204
2025-12-16 19:02:50.326,-0.004661,-0.001855,-0.011195,0.002838,-0.001013,0.005174
2025-12-16 19:02:50.327,-0.002712,-0.003428,-0.010333,0.003750,-0.002086,-0.000760
2025-12-16 19:02:50.329,-0.002758,-0.003402,-0.009988,0.003388,-0.003323,-0.000355
2025-12-16 19:02:50.331,-0.005897,-0.003291,-0.013890,-0.000887,0.012205,0.000589
2025-12-16 19:02:50.332,-0.006623,-0.002612,-0.013817,-0.001881,0.011122,0.004890
2025-12-16 19:02:50.333,-0.006037,-0.003373,-0.012662,-0.001750,0.008384,0.002353
2025-12-16 19:02:50.335,-0.005349,-0.003975,-0.012627,-0.000423,0.010139,-0.002176
2025-12-16 19:02:50.336,-0.005489,-0.003868,-0.012575,0.000287,0.008554,-0.001940
2025-12-16 19:02:50.337,-0.005909,-0.004805,-0.012832,-0.000822,0.005038,0.001894
2025-12-16 19:02:50.339,-0.005786,-0.003868,-0.013364,0.000044,0.005806,0.000868
2025-12-16 19:02:50.340,-0.005803,-0.006128,-0.014733,-0.001146,0.006839,-0.002279
2025-12-16 19:02:50.342,-0.004707,-0.003648,-0.012307,0.002048,0.001021,0.001529
2025-12-16 19:02:50.343,-0.004962,-0.003624,-0.012428,-0.002180,-0.000720,0.008744
2025-12-16 19:02:50.344,-0.005845,-0.003328,-0.013291,-0.001198,0.001681,0.007406
2025-12-16 19:02:50.345,-0.005679,-0.004019,-0.013663,-0.000727,0.000913,0.005414
2025-12-16 19:02:50.347,-0.003572,-0.004426,-0.011571,0.001622,-0.003232,0.001694
2025-12-16 19:02:50.349,-0.004541,-0.002781,-0.011088,0.003022,-0.006635,0.006234
2025-12-16 19:02:50.350,-0.004609,-0.002182,-0.011603,0.003139,-0.000766,0.002727
2025-12-16 19:02:50.351,-0.004816,-0.002931,-0.010767,0.003594,-0.005900,0.004386
2025-12-16 19:02:50.355,-0.007116,-0.002177,-0.012915,0.003001,-0.004392,0.008948
2025-12-16 19:02:50.356,-0.004468,-0.002118,-0.010619,0.004271,-0.006554,0.004944
2025-12-16 19:02:50.357,-0.003697,-0.001084,-0.009862,0.006674,-0.006854,0.002116
2025-12-16 19:02:50.358,-0.004149,-0.000895,-0.010377,0.006314,-0.006301,0.003638
2025-12-16 19:02:50.361,-0.005361,-0.001101,-0.010509,0.003311,-0.002636,0.006056
2025-12-16 19:02:50.362,-0.004782,-0.002441,-0.010081,0.000730,-0.006256,0.007982
2025-12-16 19:02:50.363,-0.005446,-0.002317,-0.010697,0.001812,-0.003277,0.006400
2025-12-16 19:02:50.365,-0.006284,-0.001729,-0.010338,0.002517,-0.005449,0.009075
2025-12-16 19:02:50.366,-0.008025,-0.000956,-0.010819,0.003961,-0.002449,0.009173
2025-12-16 19:02:50.367,-0.007105,-0.001739,-0.011554,0.005557,-0.003387,0.004829
2025-12-16 19:02:50.368,-0.006454,-0.002300,-0.011417,0.004855,-0.008921,0.006908
2025-12-16 19:02:50.371,-0.006616,-0.002965,-0.012807,0.003945,0.000779,0.002931
2025-12-16 19:02:50.372,-0.007172,-0.002398,-0.012970,0.003354,0.000703,0.004487
2025-12-16 19:02:50.373,-0.007193,-0.001798,-0.013163,0.003412,0.002647,0.004441
2025-12-16 19:02:50.375,-0.007441,-0.002444,-0.014378,0.002095,0.003827,0.004007
2025-12-16 19:02:50.376,-0.007718,-0.002293,-0.014361,0.001429,0.006014,0.005525
2025-12-16 19:02:50.377,-0.006776,-0.000602,-0.013288,0.002607,0.001408,0.008186
2025-12-16 19:02:50.379,-0.006772,-0.000840,-0.012456,0.003821,0.000324,0.007311
2025-12-16 19:02:50.380,-0.007854,0.000207,-0.013295,0.003743,0.004931,0.008032
2025-12-16 19:02:50.381,-0.006657,-0.000535,-0.011342,0.004626,0.001233,0.006069
2025-12-16 19:02:50.383,-0.006361,-0.000889,-0.011012,0.005358,0.004506,-0.000812
2025-12-16 19:02:50.384,-0.005904,-0.000856,-0.010250,0.005106,0.000683,0.001169
2025-12-16 19:02:50.385,-0.005217,-0.000620,-0.009773,0.005568,0.003746,-0.001423
2025-12-16 19:02:50.386,-0.005251,0.000178,-0.008905,0.005771,-0.000010,0.001537
2025-12-16 19:02:50.389,-0.005384,-0.000802,-0.008913,0.005494,-0.002217,0.002846
2025-12-16 19:02:50.390,-0.004685,-0.000275,-0.008277,0.007854,-0.002070,-0.001413
2025-12-16 19:02:50.392,-0.004136,-0.000123,-0.008060,0.009113,-0.001493,-0.003455
2025-12-16 19:02:50.393,-0.002509,0.000009,-0.006797,0.008400,-0.008338,-0.000697
2025-12-16 19:02:50.394,-0.003337,0.000280,-0.006972,0.008605,-0.005773,0.000154
2025-12-16 19:02:50.395,-0.004541,-0.000964,-0.008567,0.007031,-0.002371,0.000173
2025-12-16 19:02:50.396,-0.002906,-0.000914,-0.007430,0.006077,-0.003417,-0.006802
2025-12-16 19:02:50.399,-0.004207,-0.001331,-0.008342,0.003903,-0.005246,-0.001137
2025-12-16 19:02:50.400,-0.004612,-0.001235,-0.007742,0.005350,-0.004586,-0.000509
2025-12-16 19:02:50.401,-0.004291,-0.000538,-0.007343,0.005838,-0.007975,0.003598
2025-12-16 19:02:50.403,-0.006393,0.000419,-0.009111,0.005227,-0.003759,0.006993
2025-12-16 19:02:50.404,-0.005752,0.000667,-0.007402,0.006391,-0.006600,0.007183
2025-12-16 19:02:50.405,-0.005300,0.001558,-0.006277,0.006252,-0.005507,0.005548
2025-12-16 19:02:50.406,-0.006887,0.001112,-0.007877,0.006127,-0.004373,0.007604
2025-12-16 19:02:50.407,-0.006111,0.001634,-0.007368,0.007831,-0.001804,0.002149
2025-12-16 19:02:50.411,-0.006022,0.002076,-0.007019,0.011491,-0.003976,0.000808
2025-12-16 19:02:50.414,-0.006710,0.000144,-0.007526,0.007823,-0.004063,0.002807
2025-12-16 19:02:50.415,-0.006347,0.001576,-0.006771,0.007911,-0.006845,0.006185
2025-12-16 19:02:50.417,-0.006684,0.002243,-0.006544,0.006442,-0.007958,0.009507
2025-12-16 19:02:50.418,-0.006031,0.001661,-0.006843,0.008442,-0.002103,0.001537
2025-12-16 19:02:50.419,-0.008662,0.002672,-0.008020,0.008273,0.000381,0.007097
2025-12-16 19:02:50.421,-0.006547,0.001000,-0.008420,0.010351,-0.001606,-0.001335
2025-12-16 19:02:50.422,-0.007623,0.000643,-0.009140,0.008449,0.001943,-0.000375
2025-12-16 19:02:50.425,-0.006157,0.000989,-0.009499,0.004333,-0.005817,0.005742
2025-12-16 19:02:50.429,-0.006511,0.002138,-0.008982,0.005022,-0.004421,0.003656
2025-12-16 19:02:50.430,-0.006354,0.004082,-0.008976,0.005224,-0.004312,0.003011
2025-12-16 19:02:50.431,-0.007162,0.003738,-0.010586,0.001415,0.001006,0.001773
2025-12-16 19:02:50.435,-0.007013,0.003552,-0.011044,0.001604,-0.000643,0.000582
2025-12-16 19:02:50.436,-0.004962,0.003880,-0.007640,0.004268,-0.006730,0.002540
2025-12-16 19:02:50.438,-0.005001,0.002094,-0.007530,0.000899,-0.009127,0.001453
2025-12-16 19:02:50.440,-0.003301,0.000131,-0.007218,0.002960,-0.011277,-0.006020
2025-12-16 19:02:50.441,-0.004504,-0.000474,-0.009339,0.003121,-0.007476,-0.005639
2025-12-16 19:02:50.443,-0.005124,-0.001250,-0.008612,0.000819,-0.010421,-0.001314
2025-12-16 19:02:50.444,-0.006536,-0.002732,-0.010698,-0.003942,-0.007068,-0.001481
2025-12-16 19:02:50.445,-0.006262,-0.000164,-0.008514,-0.000317,-0.005180,0.000526
2025-12-16 19:02:50.449,-0.008794,0.003201,-0.009492,0.008233,0.001167,0.003037
2025-12-16 19:02:50.450,-0.008658,0.004466,-0.009010,0.008780,-0.000451,0.007620
2025-12-16 19:02:50.451,-0.009869,0.006111,-0.008973,0.009267,-0.000910,0.014139
2025-12-16 19:02:50.457,-0.008804,-0.000316,-0.011336,0.003862,0.004334,-0.001875
2025-12-16 19:02:50.459,-0.009574,-0.000236,-0.012624,0.001751,0.005530,-0.000340
2025-12-16 19:02:50.461,-0.007836,0.001493,-0.010357,0.006736,0.000271,0.001368
2025-12-16 19:02:50.462,-0.008452,0.001749,-0.010798,0.004695,-0.000309,0.000192
2025-12-16 19:02:50.464,-0.006775,0.001111,-0.009500,0.007574,-0.001801,-0.003858
2025-12-16 19:02:50.465,-0.006471,0.001567,-0.009139,0.009189,0.005906,-0.006877
2025-12-16 19:02:50.466,-0.006153,0.001311,-0.008259,0.007830,0.000533,-0.006987
2025-12-16 19:02:50.467,-0.006062,0.000608,-0.008770,0.006400,0.002194,-0.006531
2025-12-16 19:02:50.468,-0.005736,0.000124,-0.008005,0.001869,-0.001881,-0.005235
2025-12-16 19:02:50.470,-0.007247,0.001264,-0.009041,0.001020,-0.000195,0.000105
2025-12-16 19:02:50.471,-0.008483,0.003261,-0.010149,0.002401,0.004150,0.004657
2025-12-16 19:02:50.473,-0.007941,0.002344,-0.008958,0.001479,-0.000801,0.005256
2025-12-16 19:02:50.474,-0.008111,0.003650,-0.008885,0.004832,-0.000500,0.005727
2025-12-16 19:02:50.477,-0.005926,0.002892,-0.008572,0.001901,-0.004773,0.003359
2025-12-16 19:02:50.478,-0.007897,0.001156,-0.011283,-0.001999,0.004542,-0.001529
2025-12-16 19:02:50.479,-0.006145,0.000234,-0.010075,-0.003319,-0.001479,-0.002031
2025-12-16 19:02:50.481,-0.007003,0.001431,-0.009872,-0.002810,-0.006902,0.006194
2025-12-16 19:02:50.482,-0.006301,0.001018,-0.009119,-0.001343,-0.002664,0.003127
2025-12-16 19:02:50.483,-0.005963,-0.000003,-0.010263,-0.001377,0.002101,-0.005713
2025-12-16 19:02:50.487,-0.008210,-0.000078,-0.011389,-0.002662,-0.000848,0.003580
2025-12-16 19:02:50.488,-0.007323,0.000391,-0.009447,-0.000160,-0.003042,0.004293
2025-12-16 19:02:50.489,-0.007666,0.001763,-0.009335,0.001942,-0.000612,0.006425
2025-12-16 19:02:50.491,-0.006901,0.000695,-0.009688,0.004215,0.002960,0.000200
2025-12-16 19:02:50.493,-0.009046,0.001362,-0.010064,0.003006,0.008850,0.004033
2025-12-16 19:02:50.494,-0.008153,0.000372,-0.008606,0.001312,0.000079,0.008684
2025-12-16 19:02:50.495,-0.009380,-0.000274,-0.010053,0.001352,0.002447,0.008164
2025-12-16 19:02:50.497,-0.009528,0.001137,-0.010017,0.002625,0.002731,0.010481
2025-12-16 19:02:50.498,-0.007397,0.000959,-0.010100,0.000457,0.003876,0.003881
2025-12-16 19:02:50.499,-0.006388,-0.001632,-0.008908,0.000561,0.000500,0.000111
2025-12-16 19:02:50.500,-0.005545,0.000042,-0.007802,-0.001185,-0.003015,0.001035
2025-12-16 19:02:50.501,-0.005636,-0.001701,-0.009313,0.000035,0.004279,-0.004751
2025-12-16 19:02:50.502,-0.007133,-0.001150,-0.008550,0.001346,0.002393,-0.001449
2025-12-16 19:02:50.503,-0.006735,-0.001165,-0.008577,0.002617,0.004509,-0.002670
2025-12-16 19:02:50.504,-0.005450,-0.001238,-0.007604,0.003175,-0.002873,0.000502
2025-12-16 19:02:50.506,-0.006420,-0.000760,-0.009031,0.002789,0.003968,-0.000645
2025-12-16 19:02:50.507,-0.005223,-0.001547,-0.008633,0.001108,-0.002441,-0.001347
2025-12-16 19:02:50.508,-0.003086,-0.001074,-0.006918,0.003393,-0.004139,-0.002515
2025-12-16 19:02:50.509,-0.003786,-0.001452,-0.007221,0.002997,-0.006718,-0.000244
2025-12-16 19:02:50.510,-0.004645,-0.001938,-0.008112,0.003280,-0.002919,-0.001627
2025-12-16 19:02:50.512,-0.005517,-0.001136,-0.009845,0.002736,0.003862,-0.001749
2025-12-16 19:02:50.514,-0.004813,-0.001260,-0.009783,0.004473,0.002942,-0.001053
2025-12-16 19:02:50.515,-0.005577,-0.001520,-0.010013,0.004076,0.002925,-0.000478
2025-12-16 19:02:50.516,-0.004966,-0.000698,-0.008751,0.002840,0.002236,0.001883
2025-12-16 19:02:50.517,-0.005364,0.000471,-0.007833,0.003867,0.001493,0.002933
2025-12-16 19:02:50.519,-0.003899,-0.000893,-0.007571,0.004848,0.002474,-0.002093
2025-12-16 19:02:50.520,-0.003277,-0.001263,-0.006728,0.004793,-0.000164,-0.002767
2025-12-16 19:02:50.521,-0.004461,-0.000974,-0.007116,0.004464,0.002591,-0.002794
2025-12-16 19:02:50.523,-0.003759,-0.001591,-0.007422,0.003221,-0.004987,0.004206
2025-12-16 19:02:50.524,-0.003854,-0.001939,-0.007442,0.003564,-0.005488,0.003081
2025-12-16 19:02:50.525,-0.004641,-0.002155,-0.008298,0.003347,0.001134,-0.001961
2025-12-16 19:02:50.527,-0.005819,-0.001400,-0.009950,0.002833,0.002056,0.001753
2025-12-16 19:02:50.528,-0.005087,-0.001396,-0.009267,0.004865,0.000789,-0.001162
2025-12-16 19:02:50.529,-0.003418,-0.001495,-0.006529,0.005567,-0.001284,-0.004540
2025-12-16 19:02:50.530,-0.003032,-0.002361,-0.007120,0.003850,0.000994,-0.003907
2025-12-16 19:02:50.531,-0.004262,-0.002603,-0.007861,0.003845,0.008330,-0.007714
2025-12-16 19:02:50.533,-0.003910,-0.001987,-0.007998,0.005863,0.001605,-0.006434
2025-12-16 19:02:50.534,-0.005187,-0.002471,-0.008420,0.004823,0.006311,-0.008173
2025-12-16 19:02:50.538,-0.004170,-0.001426,-0.007108,0.005511,0.009206,-0.009920
2025-12-16 19:02:50.539,-0.004438,-0.001261,-0.007467,0.004867,0.005934,-0.006370
2025-12-16 19:02:50.540,-0.005141,-0.001942,-0.008257,0.002019,0.006253,-0.002633
2025-12-16 19:02:50.542,-0.004051,-0.002875,-0.008341,0.002939,0.005550,-0.006573
2025-12-16 19:02:50.543,-0.004308,-0.002541,-0.008605,0.003410,0.003109,-0.004029
2025-12-16 19:02:50.544,-0.005372,-0.002654,-0.010025,0.003882,0.009985,-0.006507
2025-12-16 19:02:50.546,-0.004962,-0.003137,-0.008964,0.001829,0.006668,-0.003199
2025-12-16 19:02:50.547,-0.002716,-0.001751,-0.007299,0.003936,0.001262,-0.003129
2025-12-16 19:02:50.548,-0.003571,-0.002356,-0.008011,0.004191,0.010756,-0.009702
2025-12-16 19:02:50.549,-0.004167,-0.001456,-0.008199,0.002312,0.010086,-0.004575
2025-12-16 19:02:50.550,-0.005109,-0.003310,-0.009052,0.000764,0.010237,-0.003555
2025-12-16 19:02:50.551,-0.004726,-0.002091,-0.006864,0.000426,0.004536,0.000754
2025-12-16 19:02:50.553,-0.004226,-0.003895,-0.008152,0.001063,0.008060,-0.007120
2025-12-16 19:02:50.554,-0.004118,-0.004348,-0.007704,0.002632,0.008462,-0.009673
2025-12-16 19:02:50.557,-0.003774,-0.001048,-0.005483,0.004911,0.004946,-0.006523
2025-12-16 19:02:50.559,-0.005923,0.000105,-0.006999,0.004706,0.010145,-0.004253
2025-12-16 19:02:50.560,-0.005545,-0.000925,-0.007613,0.002334,0.008431,-0.001463
2025-12-16 19:02:50.561,-0.003367,-0.000905,-0.003896,0.001514,-0.004938,0.004570
2025-12-16 19:02:50.562,-0.004342,-0.002017,-0.005686,0.000285,0.001888,0.002245
2025-12-16 19:02:50.563,-0.004516,-0.002455,-0.007158,0.000673,0.005317,-0.001570
2025-12-16 19:02:50.564,-0.006013,-0.001618,-0.007558,-0.000047,0.003358,0.005338
2025-12-16 19:02:50.565,-0.006473,-0.001866,-0.008628,-0.002443,0.002214,0.008565
2025-12-16 19:02:50.566,-0.004276,-0.004708,-0.008394,-0.000973,0.006524,-0.003639
2025-12-16 19:02:50.567,-0.004194,-0.002996,-0.008164,0.000881,0.006801,-0.003486
2025-12-16 19:02:50.569,-0.003357,-0.002725,-0.007082,0.000314,0.006028,-0.003390
2025-12-16 19:02:50.570,-0.003458,-0.002625,-0.006999,-0.001288,-0.000054,0.004214
2025-12-16 19:02:50.571,-0.004255,-0.002344,-0.007625,-0.001741,0.002150,0.004895
2025-12-16 19:02:50.572,-0.004041,-0.001441,-0.007477,-0.002243,-0.001080,0.008976
2025-12-16 19:02:50.573,-0.002069,-0.002133,-0.005123,-0.001524,-0.005713,0.006871
2025-12-16 19:02:50.574,-0.003691,-0.001904,-0.007074,-0.002077,-0.006160,0.011683
2025-12-16 19:02:50.576,-0.003295,-0.000925,-0.005836,-0.001804,-0.007368,0.012858
2025-12-16 19:02:50.578,-0.004866,-0.001705,-0.007806,-0.003576,0.000956,0.009507
2025-12-16 19:02:50.579,-0.004956,-0.001785,-0.007163,-0.001416,0.005494,0.002588
2025-12-16 19:02:50.580,-0.005531,-0.001524,-0.007664,-0.001719,0.003664,0.006766
2025-12-16 19:02:50.581,-0.005738,-0.001745,-0.008335,-0.002427,0.006298,0.005897
2025-12-16 19:02:50.582,-0.007005,-0.001044,-0.009716,-0.003568,0.009080,0.008318
2025-12-16 19:02:50.584,-0.006094,-0.001691,-0.008603,-0.000789,0.008731,0.002323
2025-12-16 19:02:50.585,-0.005769,-0.002131,-0.009093,-0.003018,0.005315,0.006145
2025-12-16 19:02:50.586,-0.006197,-0.000922,-0.008356,-0.002807,0.006035,0.008775
2025-12-16 19:02:50.587,-0.005947,-0.002263,-0.009191,-0.003788,0.006857,0.007155
2025-12-16 19:02:50.588,-0.006922,-0.000988,-0.010506,-0.004243,0.008107,0.010368
2025-12-16 19:02:50.589,-0.007063,-0.001988,-0.010982,-0.002792,0.009550,0.005623
2025-12-16 19:02:50.590,-0.007026,-0.001640,-0.009504,-0.003308,0.011432,0.004041
2025-12-16 19:02:50.592,-0.004787,-0.001108,-0.005430,-0.000788,0.001844,0.006379
2025-12-16 19:02:50.593,-0.006534,-0.000611,-0.007331,-0.002399,0.003796,0.009938
2025-12-16 19:02:50.594,-0.006708,-0.000625,-0.008078,-0.003155,0.007967,0.008600
2025-12-16 19:02:50.595,-0.005943,-0.000719,-0.008216,-0.003166,0.007015,0.008422
2025-12-16 19:02:50.597,-0.007350,-0.000308,-0.007793,-0.003312,0.007544,0.009884
2025-12-16 19:02:50.598,-0.005741,-0.001497,-0.006974,-0.003397,0.005890,0.007082
2025-12-16 19:02:50.599,-0.006906,-0.001530,-0.007792,-0.003854,0.006767,0.008103
2025-12-16 19:02:50.600,-0.007828,-0.000646,-0.008609,-0.003415,0.008606,0.011213
2025-12-16 19:02:50.601,-0.006678,-0.000031,-0.007377,-0.003286,0.006146,0.010374
2025-12-16 19:02:50.602,-0.004889,-0.002354,-0.007518,-0.003693,0.004406,0.006653
2025-12-16 19:02:50.604,-0.005800,-0.001567,-0.007496,-0.001460,0.004797,0.005038
2025-12-16 19:02:50.605,-0.004173,-0.002558,-0.005650,0.000482,0.001967,0.001237
2025-12-16 19:02:50.606,-0.003132,-0.000949,-0.004301,0.001153,-0.001986,0.004884
2025-12-16 19:02:50.607,-0.003149,-0.000801,-0.003877,0.000255,-0.003183,0.005813
2025-12-16 19:02:50.608,-0.001620,-0.000805,-0.003103,0.000330,-0.012119,0.010233
2025-12-16 19:02:50.609,-0.003361,-0.000899,-0.005024,-0.001491,-0.007141,0.011135
2025-12-16 19:02:50.611,-0.003030,-0.000519,-0.004436,0.002445,-0.003737,0.003265
2025-12-16 19:02:50.612,-0.002155,-0.000249,-0.003276,0.003995,-0.004790,0.001105
2025-12-16 19:02:50.614,-0.003114,0.000002,-0.004285,0.002325,-0.005022,0.005068
2025-12-16 19:02:50.615,-0.003655,-0.002038,-0.005310,0.000397,0.001654,-0.000511
2025-12-16 19:02:50.616,-0.004069,-0.000452,-0.005370,-0.000195,0.001821,0.004118
2025-12-16 19:02:50.617,-0.004244,-0.001562,-0.006571,0.001449,0.003225,0.000953
2025-12-16 19:02:50.618,-0.004985,0.000004,-0.006723,0.002506,0.004213,0.001696
2025-12-16 19:02:50.619,-0.002984,-0.000683,-0.005606,0.001988,0.003968,-0.000399
2025-12-16 19:02:50.621,-0.004593,-0.001702,-0.007843,-0.000504,0.012468,-0.003338
2025-12-16 19:02:50.622,-0.004839,-0.001484,-0.005935,-0.001123,0.002269,0.004979
2025-12-16 19:02:50.623,-0.003968,-0.001945,-0.006097,0.000339,-0.000872,0.003643
2025-12-16 19:02:50.624,-0.005811,-0.001060,-0.007240,-0.000821,0.004259,0.005373
2025-12-16 19:02:50.625,-0.004515,-0.001011,-0.005707,-0.001193,-0.000157,0.006157
2025-12-16 19:02:50.627,-0.004999,-0.000952,-0.006023,-0.001062,-0.001171,0.008759
2025-12-16 19:02:50.628,-0.004516,-0.001380,-0.005596,-0.002167,-0.001715,0.008775
2025-12-16 19:02:50.629,-0.002074,-0.000539,-0.003159,0.001849,-0.004405,0.003430
2025-12-16 19:02:50.630,-0.003686,-0.000856,-0.004206,-0.000136,-0.003656,0.006553
2025-12-16 19:02:50.631,-0.004914,-0.001992,-0.006088,-0.001445,-0.000112,0.006500
2025-12-16 19:02:50.632,-0.005099,-0.000631,-0.006771,0.000253,0.001390,0.006142
2025-12-16 19:02:50.634,-0.003288,-0.000651,-0.005532,0.000061,-0.000923,0.005837
2025-12-16 19:02:50.635,-0.004686,-0.001222,-0.006756,-0.000709,0.002469,0.005621
2025-12-16 19:02:50.636,-0.005742,-0.001391,-0.007799,-0.002584,-0.001643,0.012115
2025-12-16 19:02:50.637,-0.004664,-0.000289,-0.005446,-0.001589,-0.004644,0.011975
2025-12-16 19:02:50.638,-0.004538,-0.000501,-0.005328,-0.000306,-0.002395,0.007153
2025-12-16 19:02:50.639,-0.005621,0.000030,-0.006412,-0.001357,-0.000235,0.010138
2025-12-16 19:02:50.640,-0.006134,-0.001086,-0.007578,-0.002769,0.001032,0.010443
2025-12-16 19:02:50.642,-0.006275,-0.001487,-0.008281,-0.002703,0.002539,0.010313
2025-12-16 19:02:50.643,-0.006351,-0.000285,-0.008259,-0.002591,0.001919,0.013219
2025-12-16 19:02:50.644,-0.002799,-0.001933,-0.005890,0.000910,-0.002026,0.003880
2025-12-16 19:02:50.645,-0.003080,-0.001497,-0.006657,-0.000078,-0.002897,0.006923
2025-12-16 19:02:50.646,-0.003869,-0.001286,-0.006300,0.000193,0.003157,0.001273
2025-12-16 19:02:50.647,-0.002993,-0.000962,-0.005552,0.000139,0.004335,0.000793
2025-12-16 19:02:50.649,-0.003644,-0.000430,-0.005898,0.001597,0.002542,0.002436
2025-12-16 19:02:50.650,-0.004583,-0.000002,-0.005003,0.003086,-0.001882,0.004620
2025-12-16 19:02:50.651,-0.003479,0.000631,-0.004836,0.002499,-0.003032,0.007022
2025-12-16 19:02:50.652,-0.004010,0.000143,-0.005713,0.002984,0.001872,0.002190
2025-12-16 19:02:50.653,-0.002683,0.000456,-0.005353,0.004017,-0.000317,0.000936
2025-12-16 19:02:50.654,-0.003071,-0.000624,-0.006193,0.001400,-0.000766,0.003086
2025-12-16 19:02:50.656,-0.002300,-0.001990,-0.006811,0.002389,0.004986,-0.005320
2025-12-16 19:02:50.657,-0.003220,-0.000788,-0.005369,0.003090,0.003528,-0.000925
2025-12-16 19:02:50.658,-0.003301,-0.001839,-0.006329,0.002920,0.004107,-0.003952
2025-12-16 19:02:50.659,-0.001417,-0.003386,-0.006038,0.001814,0.000721,-0.004849
2025-12-16 19:02:50.660,-0.000738,-0.002826,-0.004015,0.001389,-0.004676,-0.001523
2025-12-16 19:02:50.661,-0.001172,-0.001644,-0.005025,0.002986,0.002924,-0.005088
2025-12-16 19:02:50.663,-0.002352,-0.000844,-0.004695,0.002010,0.001596,0.000579
2025-12-16 19:02:50.664,-0.001704,-0.001285,-0.004114,0.001285,-0.006000,0.004896
2025-12-16 19:02:50.665,-0.001253,-0.001723,-0.003739,0.000025,-0.006381,0.004858
2025-12-16 19:02:50.666,-0.000892,-0.001791,-0.003665,-0.001047,-0.006625,0.004311
2025-12-16 19:02:50.667,-0.000972,-0.001590,-0.004233,-0.001290,-0.006825,0.006744
2025-12-16 19:02:50.668,-0.001223,-0.001168,-0.003666,-0.000732,-0.009903,0.009609
2025-12-16 19:02:50.670,-0.001579,-0.000628,-0.004091,-0.000745,-0.007756,0.010150
2025-12-16 19:02:50.671,-0.001106,-0.001824,-0.004327,-0.001168,-0.005773,0.006648
2025-12-16 19:02:50.672,-0.001297,-0.001544,-0.004886,-0.001659,-0.006566,0.008199
2025-12-16 19:02:50.673,-0.000482,-0.002091,-0.002886,0.002693,-0.007741,0.006657
2025-12-16 19:02:50.674,-0.000418,-0.002891,-0.003739,0.002258,-0.004412,0.004430
2025-12-16 19:02:50.675,-0.000304,-0.001862,-0.002937,0.001437,-0.007299,0.006723
2025-12-16 19:02:50.677,-0.000087,-0.001664,-0.003327,0.002633,-0.006762,0.003402
2025-12-16 19:02:50.678,-0.001687,-0.003307,-0.003791,0.000058,0.002206,-0.002360
2025-12-16 19:02:50.679,0.000064,-0.003608,-0.002829,-0.000003,0.000285,-0.004606
2025-12-16 19:02:50.680,-0.000290,-0.002354,-0.002949,0.001994,0.000646,-0.005009
2025-12-16 19:02:50.681,-0.001395,-0.001974,-0.003654,0.000827,-0.001832,0.000939
2025-12-16 19:02:50.682,-0.002556,-0.002207,-0.005369,-0.001202,0.000932,0.002433
2025-12-16 19:02:50.684,-0.000724,-0.004046,-0.003760,0.000881,0.001223,-0.006168
2025-12-16 19:02:50.685,-0.000789,-0.003039,-0.003869,0.000365,-0.001564,-0.001494
2025-12-16 19:02:50.686,-0.003282,-0.002246,-0.006027,-0.000963,0.000616,0.003724
2025-12-16 19:02:50.687,-0.003377,-0.002434,-0.005403,-0.000981,-0.000674,0.004209
2025-12-16 19:02:50.688,-0.003063,-0.002836,-0.005370,0.001550,0.002272,0.003172
2025-12-16 19:02:50.690,-0.003844,-0.001780,-0.004736,0.000499,0.000379,0.006716
2025-12-16 19:02:50.691,-0.003575,-0.002966,-0.006263,-0.001210,0.002995,0.004042
2025-12-16 19:02:50.692,-0.002097,-0.002695,-0.004393,0.001099,0.003766,-0.003044
2025-12-16 19:02:50.693,-0.002276,-0.001706,-0.004675,0.000647,0.003046,0.000511
2025-12-16 19:02:50.694,-0.002080,-0.003342,-0.005593,-0.000796,0.004182,-0.001772
2025-12-16 19:02:50.695,-0.002243,-0.001899,-0.005169,-0.000331,0.001421,0.002970
2025-12-16 19:02:50.696,-0.001112,-0.002647,-0.004767,-0.000399,0.004528,-0.001795
2025-12-16 19:02:50.697,-0.002039,-0.003122,-0.004625,-0.000882,0.003940,-0.001253
2025-12-16 19:02:50.698,-0.002743,-0.001776,-0.004159,-0.001312,0.002693,0.002215
2025-12-16 19:02:50.699,-0.004564,-0.004379,-0.007634,-0.003206,0.008664,-0.000576
2025-12-16 19:02:50.700,-0.003046,-0.003929,-0.005026,-0.002381,0.001312,0.000963
2025-12-16 19:02:50.701,-0.001965,-0.004061,-0.005214,0.000426,0.003244,0.000549
2025-12-16 19:02:50.703,-0.002517,-0.004130,-0.004710,0.000016,0.000976,0.001540
2025-12-16 19:02:50.704,-0.003360,-0.002505,-0.004299,-0.000725,-0.006275,0.009311
2025-12-16 19:02:50.705,-0.002655,-0.003248,-0.004510,-0.001672,-0.004654,0.006522
2025-12-16 19:02:50.706,-0.002856,-0.002867,-0.004195,0.000534,-0.003272,0.002395
2025-12-16 19:02:50.707,-0.001147,-0.004140,-0.003863,-0.000259,-0.005143,-0.000032
2025-12-16 19:02:50.708,-0.001609,-0.002608,-0.003278,0.001309,-0.011874,0.004615
2025-12-16 19:02:50.709,-0.002083,-0.003319,-0.003727,0.000188,-0.007487,0.002304
2025-12-16 19:02:50.710,-0.001535,-0.003334,-0.003161,0.003200,-0.004973,-0.002475
2025-12-16 19:02:50.711,-0.004175,-0.003032,-0.004649,-0.000019,-0.003241,0.002873
2025-12-16 19:02:50.712,-0.003771,-0.002571,-0.003684,-0.000789,-0.007473,0.005660
2025-12-16 19:02:50.714,-0.004280,-0.002232,-0.004109,-0.000040,-0.004126,0.006090
2025-12-16 19:02:50.715,-0.004673,-0.003381,-0.004888,-0.001602,-0.002140,0.004860
2025-12-16 19:02:50.716,-0.004486,-0.003622,-0.005426,-0.003219,-0.004481,0.006553
2025-12-16 19:02:50.717,-0.006107,-0.003637,-0.007179,-0.004002,0.000683,0.006299
2025-12-16 19:02:50.718,-0.005588,-0.003018,-0.007082,-0.001466,-0.000285,0.004965
2025-12-16 19:02:50.719,-0.005477,-0.001841,-0.006814,-0.001640,-0.000160,0.008003
2025-12-16 19:02:50.720,-0.002203,-0.001816,-0.003845,0.002379,-0.006054,0.002512
2025-12-16 19:02:50.721,-0.002853,-0.001818,-0.004559,0.003112,-0.004384,0.001358
2025-12-16 19:02:50.722,-0.001787,-0.004857,-0.004717,0.003071,-0.001348,-0.009013
2025-12-16 19:02:50.723,-0.003225,-0.004677,-0.005786,0.002817,0.002568,-0.008984
2025-12-16 19:02:50.724,-0.003309,-0.002683,-0.005623,0.003914,0.002712,-0.006775
2025-12-16 19:02:50.725,-0.002208,-0.002414,-0.004642,0.002740,-0.003341,-0.001846
2025-12-16 19:02:50.727,-0.004745,-0.000897,-0.005790,0.000873,0.000358,0.005230
2025-12-16 19:02:50.728,-0.004483,-0.001295,-0.005775,0.001296,-0.001217,0.003574
2025-12-16 19:02:50.729,-0.004634,-0.000465,-0.005072,0.003421,-0.002124,0.003624
2025-12-16 19:02:50.730,-0.005763,-0.000652,-0.006848,0.001089,0.000035,0.006389
2025-12-16 19:02:50.731,-0.005423,-0.001224,-0.007011,-0.000536,0.002365,0.005252
2025-12-16 19:02:50.733,-0.005401,-0.002644,-0.007270,-0.000403,0.003565,0.000070
2025-12-16 19:02:50.734,-0.002626,-0.003072,-0.004921,0.002407,0.000182,-0.005135
2025-12-16 19:02:50.735,-0.001920,-0.005393,-0.004800,0.000734,-0.003145,-0.005930
2025-12-16 19:02:50.736,-0.003248,-0.004390,-0.005039,-0.001321,-0.001933,-0.001938
2025-12-16 19:02:50.737,-0.002238,-0.002949,-0.004592,0.001810,-0.000794,-0.004120
2025-12-16 19:02:50.738,-0.002699,-0.004333,-0.005108,0.000306,0.002276,-0.005754
2025-12-16 19:02:50.739,-0.003693,-0.003722,-0.005840,-0.001145,-0.000720,-0.000015
2025-12-16 19:02:50.740,-0.003814,-0.003203,-0.005561,0.000464,0.002944,-0.003839
2025-12-16 19:02:50.742,-0.004096,-0.002507,-0.005773,0.000719,0.004331,-0.002381
2025-12-16 19:02:50.743,-0.004330,-0.002579,-0.006378,-0.000142,0.003763,0.001024
2025-12-16 19:02:50.744,-0.003819,-0.002944,-0.006128,0.000640,0.001007,-0.001078
2025-12-16 19:02:50.745,-0.002432,-0.001800,-0.005124,0.002894,-0.004117,0.000165
2025-12-16 19:02:50.746,-0.003765,-0.002044,-0.006572,0.000619,0.000423,0.001186
2025-12-16 19:02:50.749,-0.003666,-0.002971,-0.008060,0.002563,0.003662,-0.004775
2025-12-16 19:02:50.750,-0.004251,-0.001959,-0.007765,0.003718,0.004481,-0.003506
2025-12-16 19:02:50.751,-0.004104,-0.003061,-0.007969,0.000941,0.000093,0.000205
2025-12-16 19:02:50.752,-0.002360,-0.000699,-0.005512,0.003585,-0.007466,0.003023
2025-12-16 19:02:50.754,-0.005204,-0.001149,-0.007643,0.001558,-0.006495,0.009394
2025-12-16 19:02:50.755,-0.004649,-0.000666,-0.006343,0.001556,0.000270,0.004208
2025-12-16 19:02:50.756,-0.003040,0.000159,-0.003915,0.003367,-0.007468,0.005048
2025-12-16 19:02:50.757,-0.001023,-0.000727,-0.002512,0.004713,-0.010961,0.001411
2025-12-16 19:02:50.758,-0.000187,-0.001137,-0.003008,0.005619,-0.009557,-0.000716
2025-12-16 19:02:50.759,-0.000266,-0.000568,-0.003443,0.005890,-0.005968,-0.003144
2025-12-16 19:02:50.760,-0.000563,0.000113,-0.003573,0.006464,-0.004782,-0.003565
2025-12-16 19:02:50.761,-0.001197,-0.000444,-0.003790,0.005712,-0.003475,-0.004529
2025-12-16 19:02:50.763,-0.001930,0.000504,-0.003690,0.006334,-0.005006,-0.001333
2025-12-16 19:02:50.764,-0.001877,-0.001579,-0.005577,0.003908,0.000111,-0.003468
2025-12-16 19:02:50.765,-0.000947,-0.000594,-0.003892,0.005838,-0.002144,-0.004079
2025-12-16 19:02:50.766,-0.002162,-0.001137,-0.005173,0.004678,-0.000012,-0.004798
2025-12-16 19:02:50.767,-0.002507,-0.001780,-0.005009,0.005573,-0.002148,-0.004309
2025-12-16 19:02:50.768,-0.000557,-0.001476,-0.003986,0.006740,-0.007167,-0.003717
2025-12-16 19:02:50.769,-0.001160,-0.001336,-0.004573,0.005877,-0.002235,-0.006115
2025-12-16 19:02:50.770,-0.002980,-0.001080,-0.005053,0.003854,-0.001031,-0.001044
2025-12-16 19:02:50.771,-0.003003,-0.003156,-0.006036,0.001879,0.000722,-0.003073
2025-12-16 19:02:50.773,-0.002727,-0.002500,-0.006373,0.000103,-0.004144,0.003813
2025-12-16 19:02:50.774,-0.003831,-0.001843,-0.008092,0.000876,-0.003911,0.007134
2025-12-16 19:02:50.775,-0.003982,-0.001660,-0.007302,-0.000508,-0.004054,0.007972
2025-12-16 19:02:50.776,-0.003532,0.000089,-0.005564,0.002689,-0.010197,0.010585
2025-12-16 19:02:50.777,-0.003228,-0.001568,-0.006361,-0.000085,-0.006832,0.007845
2025-12-16 19:02:50.778,-0.004628,-0.001120,-0.007314,0.001611,-0.005162,0.007413
2025-12-16 19:02:50.779,-0.003255,-0.001677,-0.007259,0.002193,-0.002835,0.001861
2025-12-16 19:02:50.780,-0.002295,-0.000796,-0.005880,0.004482,-0.003373,0.000762
2025-12-16 19:02:50.781,-0.002349,0.000246,-0.005503,0.004737,-0.004931,0.002285
2025-12-16 19:02:50.782,-0.002761,-0.000858,-0.005310,0.003306,-0.004273,0.003019
2025-12-16 19:02:50.784,-0.003118,-0.001163,-0.007533,0.002497,0.003309,-0.000221
2025-12-16 19:02:50.785,-0.006332,-0.001386,-0.009770,-0.000233,0.008752,0.003333
2025-12-16 19:02:50.786,-0.005905,-0.000918,-0.007724,0.001389,-0.000536,0.006269
2025-12-16 19:02:50.787,-0.004255,-0.001185,-0.007251,0.002402,-0.003465,0.004122
2025-12-16 19:02:50.788,-0.005672,-0.000886,-0.009653,0.002411,0.005383,0.002058
2025-12-16 19:02:50.789,-0.004790,-0.001417,-0.008814,0.005732,0.003812,-0.003935
2025-12-16 19:02:50.790,-0.004270,-0.000838,-0.008455,0.003402,0.001923,0.001265
2025-12-16 19:02:50.791,-0.005026,-0.000606,-0.008676,0.003636,0.002329,0.001566
2025-12-16 19:02:50.792,-0.006274,-0.000213,-0.008774,0.001366,0.004045,0.004502
2025-12-16 19:02:50.793,-0.005867,-0.000296,-0.008497,0.002528,0.006196,0.001560
2025-12-16 19:02:50.795,-0.005358,-0.001115,-0.008185,0.003482,0.002620,0.001710
2025-12-16 19:02:50.796,-0.005613,-0.001682,-0.009267,0.001388,0.000416,0.003964
2025-12-16 19:02:50.797,-0.006547,-0.001321,-0.009727,0.000142,0.006071,0.004561
2025-12-16 19:02:50.798,-0.006655,-0.000985,-0.009485,-0.000494,0.007076,0.005475
2025-12-16 19:02:50.799,-0.005936,-0.000611,-0.008654,0.000712,0.000793,0.007203
2025-12-16 19:02:50.800,-0.006115,-0.000655,-0.008484,0.002112,-0.002414,0.008596
2025-12-16 19:02:50.801,-0.005731,-0.001018,-0.008348,0.002695,-0.002984,0.005970
2025-12-16 19:02:50.802,-0.006093,-0.001351,-0.009155,0.000858,-0.001576,0.008502
2025-12-16 19:02:50.803,-0.005383,-0.002002,-0.009234,-0.001903,-0.006527,0.006641
2025-12-16 19:02:50.805,-0.006654,-0.001529,-0.011445,-0.001696,0.002331,0.006565
2025-12-16 19:02:50.806,-0.006537,-0.001735,-0.010541,-0.000331,0.004033,0.003196
2025-12-16 19:02:50.807,-0.007202,-0.000310,-0.010022,0.001959,0.002369,0.005722
2025-12-16 19:02:50.808,-0.006668,0.000018,-0.009618,0.002658,0.000452,0.006755
2025-12-16 19:02:50.809,-0.007059,0.000630,-0.010576,0.003352,-0.000036,0.008515
2025-12-16 19:02:50.810,-0.005384,0.000439,-0.008792,0.004044,-0.001025,0.004746
2025-12-16 19:02:50.811,-0.006166,0.000040,-0.010300,0.003881,0.001741,0.004689
2025-12-16 19:02:50.812,-0.007516,0.000115,-0.011415,0.003225,0.005167,0.005190
2025-12-16 19:02:50.813,-0.004652,-0.000056,-0.008797,0.004596,-0.003920,0.004522
2025-12-16 19:02:50.814,-0.005750,0.000059,-0.009171,0.005011,-0.008488,0.009962
2025-12-16 19:02:50.817,-0.006401,0.001793,-0.008605,0.004588,-0.009189,0.013439
2025-12-16 19:02:50.818,-0.006475,0.001669,-0.007810,0.004817,-0.009788,0.012627
2025-12-16 19:02:50.819,-0.007313,0.002199,-0.008761,0.005249,-0.008675,0.014884
2025-12-16 19:02:50.820,-0.006753,0.001896,-0.009098,0.005554,-0.005660,0.011814
2025-12-16 19:02:50.821,-0.006667,0.001358,-0.008976,0.005089,-0.005164,0.010057
2025-12-16 19:02:50.822,-0.006729,0.000774,-0.009175,0.005275,-0.003098,0.007627
2025-12-16 19:02:50.823,-0.006735,0.000187,-0.008828,0.005740,-0.001140,0.005470
2025-12-16 19:02:50.825,-0.004766,0.000063,-0.008374,0.005643,-0.007777,0.007144
2025-12-16 19:02:50.827,-0.006330,0.001635,-0.008876,0.006902,-0.004087,0.007336
2025-12-16 19:02:50.828,-0.006026,0.001494,-0.008445,0.008901,-0.001754,0.001696
2025-12-16 19:02:50.829,-0.006011,0.002208,-0.009522,0.010476,-0.000367,0.001724
2025-12-16 19:02:50.830,-0.007024,0.002993,-0.010183,0.008456,0.002175,0.004483
2025-12-16 19:02:50.831,-0.007471,0.001194,-0.012179,0.006309,0.005056,0.002990
2025-12-16 19:02:50.833,-0.006069,0.001445,-0.011208,0.009040,0.002687,0.000344
2025-12-16 19:02:50.834,-0.005010,0.001197,-0.011223,0.008516,-0.003981,0.005004
2025-12-16 19:02:50.835,-0.003729,0.000663,-0.011343,0.003384,-0.004863,0.003336
2025-12-16 19:02:50.838,-0.003892,0.000169,-0.011295,0.005787,-0.002158,0.001808
2025-12-16 19:02:50.840,-0.003924,0.001487,-0.010502,0.007277,-0.002403,-0.002080
2025-12-16 19:02:50.841,-0.003769,0.002291,-0.010353,0.007801,-0.004342,0.002093
2025-12-16 19:02:50.842,-0.002614,0.001638,-0.009422,0.009870,-0.009699,0.001555
2025-12-16 19:02:50.843,-0.002208,0.000587,-0.010355,0.006383,-0.008224,-0.002928
2025-12-16 19:02:50.844,-0.002797,0.002149,-0.010476,0.007125,-0.001877,-0.001824
2025-12-16 19:02:50.846,-0.003290,0.001393,-0.012348,0.001042,-0.000465,-0.003994
2025-12-16 19:02:50.849,-0.004164,0.001715,-0.013823,-0.002420,0.000182,0.001561
2025-12-16 19:02:50.850,-0.003429,0.001832,-0.013632,-0.001969,-0.003136,-0.000039
2025-12-16 19:02:50.851,-0.004807,0.003631,-0.013946,0.001392,-0.000595,0.005968
2025-12-16 19:02:50.853,-0.004083,0.002944,-0.013224,0.000758,0.002465,-0.002918
2025-12-16 19:02:50.854,-0.003325,0.002358,-0.013518,0.003908,0.004613,-0.005461
2025-12-16 19:02:50.855,-0.002151,0.001532,-0.013283,0.000355,-0.002223,-0.003959
2025-12-16 19:02:50.857,-0.002657,0.003086,-0.013357,0.003743,-0.002789,-0.002739
2025-12-16 19:02:50.859,-0.001470,0.001693,-0.014274,0.000983,-0.003056,-0.007836
2025-12-16 19:02:50.860,-0.003261,0.002402,-0.015083,-0.001236,-0.006912,0.000848
2025-12-16 19:02:50.861,-0.002990,0.002774,-0.013993,0.000007,-0.005895,-0.001698
2025-12-16 19:02:50.862,-0.003290,0.004624,-0.013195,0.002148,-0.008099,0.000936
2025-12-16 19:02:50.864,-0.002842,0.003297,-0.014408,0.000018,-0.009488,-0.000185
2025-12-16 19:02:50.865,-0.003436,0.003575,-0.014498,-0.002081,-0.014992,0.006514
2025-12-16 19:02:50.866,-0.003997,0.002674,-0.016183,-0.004173,-0.011315,0.007060
2025-12-16 19:02:50.867,-0.002259,0.003181,-0.013158,-0.003500,-0.015637,0.007251
2025-12-16 19:02:50.868,-0.003582,0.003561,-0.014624,-0.004893,-0.012227,0.009725
2025-12-16 19:02:50.871,-0.003861,0.003874,-0.015970,-0.003186,-0.008758,0.006426
2025-12-16 19:02:50.872,-0.003922,0.003189,-0.016518,-0.004741,-0.010658,0.008494
2025-12-16 19:02:50.874,-0.003302,0.001643,-0.018354,-0.004275,-0.002204,-0.001607
2025-12-16 19:02:50.876,-0.004008,0.002579,-0.017805,-0.005811,-0.000583,0.002422
2025-12-16 19:02:50.877,-0.004108,0.002271,-0.017529,-0.004786,-0.003882,0.002730
2025-12-16 19:02:50.878,-0.003409,0.002538,-0.016509,0.000453,-0.006413,0.003169
2025-12-16 19:02:50.879,-0.003640,0.002469,-0.015875,0.003510,-0.007048,0.004007
2025-12-16 19:02:50.880,-0.004107,0.003152,-0.017472,0.001818,-0.003536,0.003276
2025-12-16 19:02:50.881,-0.005482,0.004750,-0.017276,0.005317,-0.003436,0.007388
2025-12-16 19:02:50.882,-0.003499,0.004799,-0.015588,0.004180,-0.011695,0.007371
2025-12-16 19:02:50.884,-0.005924,0.006272,-0.017322,0.007076,-0.001667,0.008855
2025-12-16 19:02:50.885,-0.006255,0.006892,-0.017573,0.004508,0.001174,0.009684
2025-12-16 19:02:50.886,-0.006444,0.007052,-0.016922,0.007140,-0.001938,0.011757
2025-12-16 19:02:50.887,-0.004906,0.005235,-0.016562,0.005282,-0.005889,0.008194
2025-12-16 19:02:50.889,-0.005551,0.005127,-0.016678,0.003594,-0.001976,0.007705
2025-12-16 19:02:50.890,-0.004777,0.003412,-0.017373,0.005828,-0.000965,0.004612
2025-12-16 19:02:50.891,-0.004041,0.003045,-0.016748,0.004378,-0.004987,0.003513
2025-12-16 19:02:50.892,-0.003560,0.000971,-0.019022,0.001136,-0.000779,-0.002560
2025-12-16 19:02:50.895,-0.004864,0.005363,-0.016844,0.003045,0.000645,0.001310
2025-12-16 19:02:50.896,-0.004899,0.004451,-0.016172,0.004112,-0.004567,0.007762
2025-12-16 19:02:50.897,-0.004858,0.005686,-0.016907,0.003294,-0.005371,0.009484
2025-12-16 19:02:50.899,-0.009123,0.005339,-0.020804,0.005346,0.006562,0.009602
2025-12-16 19:02:50.900,-0.008387,0.005080,-0.019830,0.003451,0.001508,0.008827
2025-12-16 19:02:50.901,-0.006632,0.004397,-0.018864,0.002895,-0.004552,0.008096
2025-12-16 19:02:50.902,-0.005764,0.003523,-0.018591,0.005814,0.002676,0.001769
2025-12-16 19:02:50.903,-0.005916,0.003365,-0.020209,0.003863,-0.000435,0.004526
2025-12-16 19:02:50.905,-0.005155,0.002214,-0.019624,0.001378,-0.005823,0.007843
2025-12-16 19:02:50.906,-0.006128,0.002948,-0.020932,-0.000416,-0.002694,0.007578
2025-12-16 19:02:50.907,-0.005011,0.002143,-0.019467,0.000092,-0.001280,0.001544
2025-12-16 19:02:50.909,-0.005434,0.003386,-0.019403,-0.000557,-0.000787,0.002518
2025-12-16 19:02:50.910,-0.003935,0.003126,-0.017684,0.004401,-0.003564,-0.001732
2025-12-16 19:02:50.911,-0.003728,0.003258,-0.017901,0.002637,-0.005282,-0.000525
2025-12-16 19:02:50.912,-0.001961,0.001161,-0.016678,0.001428,-0.003866,-0.007913
2025-12-16 19:02:50.913,-0.003411,0.001301,-0.016953,0.004276,0.001158,-0.008011
2025-12-16 19:02:50.915,-0.004461,0.003468,-0.017784,0.003416,-0.003890,0.000007
2025-12-16 19:02:50.916,-0.004471,0.002547,-0.018792,0.004139,0.000337,-0.001757
2025-12-16 19:02:50.917,-0.004177,0.002864,-0.017708,0.006721,0.002619,-0.002689
2025-12-16 19:02:50.919,-0.004154,0.001191,-0.018951,-0.002024,-0.004337,0.004639
2025-12-16 19:02:50.920,-0.002536,-0.000004,-0.018280,0.000595,-0.002689,-0.006217
2025-12-16 19:02:50.924,-0.003443,0.000994,-0.019091,-0.001067,0.000451,-0.004026
2025-12-16 19:02:50.926,-0.002943,0.000068,-0.018715,-0.004262,-0.004263,-0.001859
2025-12-16 19:02:50.927,-0.003701,0.000733,-0.018925,0.000292,-0.001798,-0.000060
2025-12-16 19:02:50.929,-0.004128,0.000315,-0.018522,0.002822,-0.000822,0.002310
2025-12-16 19:02:50.930,-0.004250,0.000739,-0.018299,-0.001119,-0.004565,0.006172
2025-12-16 19:02:50.931,-0.004854,0.000088,-0.019699,-0.000703,0.003560,0.004226
2025-12-16 19:02:50.932,-0.004649,0.000792,-0.019247,0.002970,0.002175,0.004092
2025-12-16 19:02:50.934,-0.004510,0.001516,-0.018572,0.007161,-0.000446,0.004375
2025-12-16 19:02:50.935,-0.006739,0.000746,-0.020375,0.004216,0.004522,0.006856
2025-12-16 19:02:50.937,-0.003902,-0.001812,-0.019833,0.004065,0.002682,-0.003578
2025-12-16 19:02:50.939,-0.002356,-0.001461,-0.016391,0.003700,-0.000978,-0.004934
2025-12-16 19:02:50.940,-0.003495,-0.001144,-0.017627,0.003170,0.000982,0.000010
2025-12-16 19:02:50.941,-0.004687,-0.001188,-0.019642,0.003487,0.004779,-0.000919
2025-12-16 19:02:50.943,-0.002700,-0.001805,-0.018268,-0.000203,0.001073,-0.002504
2025-12-16 19:02:50.945,-0.003406,-0.001106,-0.016503,0.003907,-0.002108,-0.001717
2025-12-16 19:02:50.946,-0.000887,-0.004936,-0.017693,0.001832,0.000906,-0.013542
2025-12-16 19:02:50.947,-0.001944,-0.004253,-0.018950,0.000602,0.004314,-0.009371
2025-12-16 19:02:50.950,-0.004465,-0.001690,-0.017850,0.003184,0.001703,0.000913
2025-12-16 19:02:50.951,-0.005320,-0.001643,-0.018973,0.003095,0.004047,0.004012
2025-12-16 19:02:50.952,-0.003890,-0.001213,-0.016866,0.004839,-0.003538,0.006802
2025-12-16 19:02:50.953,-0.003922,-0.001205,-0.016624,0.005792,-0.005509,0.005713
2025-12-16 19:02:50.955,-0.004200,-0.000332,-0.016677,0.007350,-0.004114,0.004448
2025-12-16 19:02:50.956,-0.003081,-0.001441,-0.016719,0.002362,-0.002413,0.000147
2025-12-16 19:02:50.957,-0.002719,-0.002956,-0.017170,-0.001957,-0.005359,-0.000741
2025-12-16 19:02:50.958,-0.003140,-0.001796,-0.016833,0.000185,-0.008610,0.005632
2025-12-16 19:02:50.959,-0.002146,-0.003172,-0.016025,0.001557,-0.009007,0.003758
2025-12-16 19:02:50.960,-0.002997,-0.002156,-0.016291,0.001933,-0.007724,0.006929
2025-12-16 19:02:50.961,-0.003254,-0.002015,-0.016433,0.003443,-0.006297,0.004083
2025-12-16 19:02:50.963,-0.003759,-0.000858,-0.016445,0.002716,-0.004925,0.007410
2025-12-16 19:02:50.964,-0.004350,-0.003345,-0.018182,0.002980,0.000136,0.004482
2025-12-16 19:02:50.965,-0.002323,-0.004163,-0.016824,0.002862,-0.005419,0.004115
2025-12-16 19:02:50.966,-0.002522,-0.005204,-0.017684,-0.001838,-0.006792,0.002729
2025-12-16 19:02:50.967,-0.002282,-0.004138,-0.017192,0.002020,-0.008123,0.001323
2025-12-16 19:02:50.968,-0.003166,-0.003452,-0.016767,0.000102,-0.008418,0.008697
2025-12-16 19:02:50.969,-0.003622,-0.003877,-0.017071,-0.001871,-0.008229,0.011631
2025-12-16 19:02:50.971,-0.003297,-0.003658,-0.016646,0.001412,-0.010070,0.011913
2025-12-16 19:02:50.972,-0.003065,-0.005825,-0.016564,0.002139,-0.004877,0.000675
2025-12-16 19:02:50.973,-0.003166,-0.003626,-0.015369,0.001039,-0.007940,0.009041
2025-12-16 19:02:50.974,-0.003405,-0.002395,-0.015373,0.001510,-0.005599,0.009039
2025-12-16 19:02:50.976,-0.002405,-0.004625,-0.016200,0.002228,-0.005253,0.003802
2025-12-16 19:02:50.977,-0.002382,-0.005478,-0.015589,0.002309,-0.000938,-0.001263
2025-12-16 19:02:50.978,-0.001928,-0.005298,-0.015546,0.002350,-0.000815,-0.000659
2025-12-16 19:02:50.979,-0.002492,-0.003825,-0.014845,0.003105,0.000418,-0.000001
2025-12-16 19:02:50.980,-0.002697,-0.003889,-0.015627,0.003345,0.001392,0.000373
2025-12-16 19:02:50.982,-0.003167,-0.003290,-0.016325,0.001061,0.002838,0.003268
2025-12-16 19:02:50.983,-0.004233,-0.002978,-0.016298,0.001898,0.007202,0.001713
2025-12-16 19:02:50.984,-0.003008,-0.003818,-0.015159,0.000552,0.001792,0.004253
2025-12-16 19:02:50.985,-0.002296,-0.004527,-0.014201,0.000832,-0.001325,0.002202
2025-12-16 19:02:50.986,-0.002143,-0.004764,-0.014574,0.001372,-0.000015,0.000548
2025-12-16 19:02:50.987,-0.002541,-0.004260,-0.015361,0.002038,0.004962,-0.001555
2025-12-16 19:02:50.989,-0.001454,-0.005266,-0.015341,0.002403,0.009063,-0.007678
2025-12-16 19:02:50.990,-0.002647,-0.003916,-0.014425,0.002686,0.003412,0.000032
2025-12-16 19:02:50.991,-0.002847,-0.002483,-0.014271,0.002870,0.002357,0.002308
2025-12-16 19:02:50.992,-0.002092,-0.003971,-0.013742,0.003374,0.003432,-0.002640
2025-12-16 19:02:50.994,-0.002037,-0.004733,-0.014420,0.000367,0.002066,0.000566
2025-12-16 19:02:50.995,-0.002487,-0.005078,-0.015800,0.000829,-0.000015,0.001879
2025-12-16 19:02:50.996,-0.002391,-0.005107,-0.015068,0.001822,0.003937,-0.002915
2025-12-16 19:02:50.997,-0.002058,-0.005230,-0.014868,0.000065,0.003646,-0.000498
2025-12-16 19:02:50.998,-0.001088,-0.005726,-0.013512,0.000999,0.004324,-0.005652
2025-12-16 19:02:50.999,-0.000845,-0.006766,-0.013806,0.001095,0.003063,-0.006830
2025-12-16 19:02:51.000,0.000258,-0.007307,-0.012707,-0.000195,-0.002711,-0.003666
2025-12-16 19:02:51.002,-0.000319,-0.006218,-0.012410,0.000714,-0.000652,-0.004783
2025-12-16 19:02:51.003,-0.000696,-0.006223,-0.013281,-0.000805,-0.001009,-0.002389
2025-12-16 19:02:51.004,-0.000465,-0.007103,-0.012998,-0.002056,-0.004057,-0.000481
2025-12-16 19:02:51.005,-0.001176,-0.005026,-0.012087,-0.001830,-0.005304,0.004741
2025-12-16 19:02:51.006,-0.000646,-0.005885,-0.012000,0.000079,-0.001098,-0.001509
2025-12-16 19:02:51.007,-0.001346,-0.004473,-0.011469,0.004218,0.001917,-0.000891
2025-12-16 19:02:51.009,-0.002680,-0.006193,-0.015046,-0.002349,0.001257,0.004506
2025-12-16 19:02:51.010,-0.002175,-0.005925,-0.014403,-0.001897,0.003654,0.003392
2025-12-16 19:02:51.011,-0.001023,-0.007750,-0.013935,-0.003371,0.003417,-0.000262
2025-12-16 19:02:51.012,-0.001137,-0.008102,-0.015026,-0.002613,0.004446,-0.003388
2025-12-16 19:02:51.013,-0.001435,-0.008271,-0.015405,-0.002531,0.006127,-0.002627
2025-12-16 19:02:51.014,-0.000718,-0.008457,-0.013631,-0.003522,0.004351,-0.003678
2025-12-16 19:02:51.016,0.000403,-0.009937,-0.013245,-0.003776,0.006572,-0.009287
2025-12-16 19:02:51.017,-0.001278,-0.008016,-0.014503,-0.005544,0.006411,-0.001669
2025-12-16 19:02:51.018,-0.001027,-0.008023,-0.013364,-0.003860,0.002509,0.000342
2025-12-16 19:02:51.019,-0.000775,-0.010173,-0.014248,-0.000886,0.003743,-0.000839
2025-12-16 19:02:51.020,-0.000296,-0.010530,-0.013987,-0.000381,0.005290,-0.007556
2025-12-16 19:02:51.021,-0.001278,-0.008967,-0.013765,0.000860,0.004014,-0.000940
2025-12-16 19:02:51.022,-0.001139,-0.008154,-0.012653,-0.000681,-0.000191,0.001987
2025-12-16 19:02:51.024,-0.001271,-0.009137,-0.014979,-0.004117,0.003422,0.000577
2025-12-16 19:02:51.025,-0.002662,-0.007865,-0.015606,-0.004856,0.005903,0.003221
2025-12-16 19:02:51.026,-0.000644,-0.010902,-0.014673,-0.005549,0.001927,-0.001760
2025-12-16 19:02:51.027,0.000198,-0.011006,-0.013915,-0.005347,0.001735,-0.004437
2025-12-16 19:02:51.028,0.000186,-0.011008,-0.014696,-0.005353,0.000650,-0.002165
2025-12-16 19:02:51.030,-0.000323,-0.009795,-0.013395,-0.005651,0.003666,-0.002840
2025-12-16 19:02:51.031,-0.001125,-0.009493,-0.014042,-0.002321,0.003974,0.000595
2025-12-16 19:02:51.032,-0.000451,-0.010401,-0.013836,-0.004025,0.002995,-0.001843
2025-12-16 19:02:51.033,-0.001884,-0.009418,-0.015368,-0.005241,0.005552,0.000608
2025-12-16 19:02:51.034,-0.001584,-0.010011,-0.015132,-0.005509,0.003336,0.000548
2025-12-16 19:02:51.035,-0.001746,-0.009445,-0.016033,-0.006557,0.008773,-0.001398
2025-12-16 19:02:51.036,-0.000601,-0.009951,-0.014706,-0.006123,0.002841,-0.001548
2025-12-16 19:02:51.038,0.001089,-0.009311,-0.011866,-0.000908,-0.000236,-0.000477
2025-12-16 19:02:51.039,0.000027,-0.009854,-0.013220,-0.000815,0.007333,-0.003570
2025-12-16 19:02:51.040,0.001288,-0.009642,-0.012777,-0.001602,0.002904,-0.002896
2025-12-16 19:02:51.041,-0.000381,-0.007950,-0.013328,0.000257,0.005671,0.002370
2025-12-16 19:02:51.043,-0.000163,-0.007376,-0.012437,0.002284,0.002397,0.004873
2025-12-16 19:02:51.044,-0.000219,-0.009514,-0.013501,0.002099,0.012137,-0.003817
2025-12-16 19:02:51.046,-0.001159,-0.006844,-0.012331,0.005070,0.007576,0.004350
2025-12-16 19:02:51.047,-0.002128,-0.006883,-0.012744,0.007286,0.008796,0.005278
2025-12-16 19:02:51.048,-0.002009,-0.008940,-0.013736,0.002202,0.012859,-0.001355
2025-12-16 19:02:51.049,-0.000792,-0.010401,-0.014115,-0.000448,0.009335,-0.003949
2025-12-16 19:02:51.050,-0.001079,-0.010845,-0.014205,0.000713,0.011684,-0.004479
2025-12-16 19:02:51.051,-0.001405,-0.007732,-0.012425,0.003018,0.004652,0.004771
2025-12-16 19:02:51.052,-0.002866,-0.007195,-0.012149,0.005392,0.006179,0.006704
2025-12-16 19:02:51.053,-0.002501,-0.007198,-0.012217,0.005931,0.005329,0.007089
2025-12-16 19:02:51.055,-0.004064,-0.005942,-0.013107,0.006191,0.007021,0.011458
2025-12-16 19:02:51.056,-0.002464,-0.007834,-0.012867,0.002639,0.003620,0.007175
2025-12-16 19:02:51.057,-0.001698,-0.009649,-0.012181,0.004160,0.003546,0.002958
2025-12-16 19:02:51.059,-0.000887,-0.010003,-0.011909,0.003165,0.001971,0.001817
2025-12-16 19:02:51.060,-0.001241,-0.011124,-0.013142,0.000543,0.002874,-0.001033
2025-12-16 19:02:51.061,0.000158,-0.008680,-0.010975,0.002775,0.002912,-0.000317
2025-12-16 19:02:51.063,0.001417,-0.008666,-0.010715,-0.000639,0.003957,-0.004733
2025-12-16 19:02:51.065,0.002517,-0.009046,-0.009326,0.001691,-0.003063,-0.001763
2025-12-16 19:02:51.066,-0.000250,-0.007027,-0.010330,0.006168,0.006059,0.001970
2025-12-16 19:02:51.067,-0.001849,-0.006612,-0.011466,0.006555,0.008554,0.004743
2025-12-16 19:02:51.068,-0.002293,-0.005256,-0.010975,0.007785,0.006618,0.008343
2025-12-16 19:02:51.069,-0.000782,-0.006615,-0.010074,0.004103,0.001658,0.004725
2025-12-16 19:02:51.071,-0.000557,-0.007357,-0.011260,0.002672,0.004582,0.001230
2025-12-16 19:02:51.072,-0.001936,-0.006922,-0.011201,0.005019,0.010528,0.001900
2025-12-16 19:02:51.074,0.000067,-0.008102,-0.008615,0.007427,0.008591,-0.003517
2025-12-16 19:02:51.075,-0.000392,-0.007642,-0.010020,0.003706,0.006130,-0.000877
2025-12-16 19:02:51.076,-0.001514,-0.005571,-0.009263,0.006436,0.009018,0.001812
2025-12-16 19:02:51.077,-0.002039,-0.005845,-0.010589,0.006552,0.011831,0.001478
2025-12-16 19:02:51.078,-0.001942,-0.005713,-0.010100,0.007667,0.010918,0.002767
2025-12-16 19:02:51.079,-0.000920,-0.007718,-0.009845,0.004498,0.007052,-0.000635
2025-12-16 19:02:51.080,-0.001107,-0.005797,-0.008139,0.006275,0.003059,0.004237
2025-12-16 19:02:51.082,0.000254,-0.007875,-0.007297,0.003018,0.001542,-0.002016
2025-12-16 19:02:51.083,0.001349,-0.009488,-0.008161,0.000041,0.003007,-0.007695
2025-12-16 19:02:51.084,0.001267,-0.010472,-0.008954,0.001219,0.006104,-0.009441
2025-12-16 19:02:51.085,0.001327,-0.010579,-0.009285,-0.000165,0.006945,-0.010954
2025-12-16 19:02:51.086,0.000229,-0.009424,-0.009702,0.002178,0.009184,-0.007318
2025-12-16 19:02:51.087,-0.000299,-0.008788,-0.009021,0.004861,0.008350,-0.004860
2025-12-16 19:02:51.088,0.000507,-0.009525,-0.009176,0.001821,0.004717,-0.004992
2025-12-16 19:02:51.090,-0.000083,-0.009361,-0.010345,0.001115,0.005746,-0.005015
2025-12-16 19:02:51.091,0.000550,-0.008857,-0.007794,0.000809,0.004723,-0.007235
2025-12-16 19:02:51.092,-0.001539,-0.005234,-0.008062,0.001651,0.003130,0.006884
2025-12-16 19:02:51.093,-0.001423,-0.006613,-0.008496,0.003652,0.010614,0.000082
2025-12-16 19:02:51.094,-0.001642,-0.005757,-0.007727,0.003684,0.008602,0.000416
2025-12-16 19:02:51.095,-0.000732,-0.007565,-0.009159,0.000517,0.013854,-0.006424
2025-12-16 19:02:51.096,-0.000258,-0.007018,-0.007444,0.003338,0.007777,-0.002868
2025-12-16 19:02:51.097,-0.000029,-0.008050,-0.006797,0.004935,0.005940,-0.003913
2025-12-16 19:02:51.099,0.000114,-0.007587,-0.006363,0.000618,-0.002066,0.003191
2025-12-16 19:02:51.100,0.001320,-0.007394,-0.005657,0.000304,-0.002519,-0.000475
2025-12-16 19:02:51.101,0.000957,-0.008955,-0.006091,0.002452,-0.004108,-0.000782
2025-12-16 19:02:51.102,0.001927,-0.008678,-0.004012,0.005397,-0.006182,-0.000920
2025-12-16 19:02:51.103,0.000823,-0.007687,-0.005046,0.006510,0.003642,-0.003424
2025-12-16 19:02:51.105,0.002664,-0.009888,-0.004715,0.002757,0.000552,-0.009577
2025-12-16 19:02:51.106,0.002784,-0.009539,-0.003252,0.005404,-0.004155,-0.006717
2025-12-16 19:02:51.107,0.001139,-0.010442,-0.004671,0.000095,0.000690,-0.006993
2025-12-16 19:02:51.108,0.001236,-0.009765,-0.004265,0.003118,0.004764,-0.009438
2025-12-16 19:02:51.109,0.002537,-0.009124,-0.002506,0.005233,-0.001455,-0.006304
2025-12-16 19:02:51.110,0.003909,-0.008781,-0.000941,0.003721,-0.004684,-0.008812
2025-12-16 19:02:51.111,0.003478,-0.009989,-0.001939,0.004915,-0.003167,-0.009587
2025-12-16 19:02:51.112,0.002616,-0.007825,-0.002743,0.003606,-0.001528,-0.008147
2025-12-16 19:02:51.113,0.003532,-0.010109,-0.003268,0.003687,-0.001003,-0.012079
2025-12-16 19:02:51.114,0.004201,-0.009404,-0.001767,0.003503,-0.006964,-0.009886
2025-12-16 19:02:51.115,0.004430,-0.010870,-0.002260,0.001721,-0.009048,-0.011273
2025-12-16 19:02:51.117,0.004090,-0.009653,-0.001497,0.003938,-0.011706,-0.005907
2025-12-16 19:02:51.118,0.001950,-0.008027,-0.001771,0.005986,-0.006983,-0.002894
2025-12-16 19:02:51.119,0.001136,-0.007461,-0.002217,0.007442,-0.005097,-0.001105
2025-12-16 19:02:51.120,0.002372,-0.008667,-0.002110,0.009264,-0.000889,-0.007813
2025-12-16 19:02:51.121,0.001955,-0.007261,-0.001961,0.010760,0.003660,-0.007325
2025-12-16 19:02:51.122,0.002154,-0.006560,-0.000701,0.012092,-0.000248,-0.005236
2025-12-16 19:02:51.123,0.000585,-0.006859,-0.001647,0.007141,-0.001804,-0.003943
2025-12-16 19:02:51.124,0.000548,-0.006737,-0.002875,0.003998,-0.003801,-0.001869
2025-12-16 19:02:51.125,0.002959,-0.007757,-0.001090,0.003228,-0.005810,-0.008249
2025-12-16 19:02:51.126,0.004181,-0.008240,-0.000409,0.002433,-0.002930,-0.013411
2025-12-16 19:02:51.127,0.002773,-0.008987,-0.001920,0.003710,-0.001117,-0.011154
2025-12-16 19:02:51.128,0.002781,-0.009229,-0.002985,0.001889,-0.004120,-0.009616
2025-12-16 19:02:51.129,0.004492,-0.010977,-0.001955,0.000773,-0.005802,-0.014984
2025-12-16 19:02:51.130,0.005588,-0.012773,-0.001891,-0.002942,-0.011401,-0.012997
2025-12-16 19:02:51.131,0.003713,-0.011120,-0.003783,-0.004600,-0.002210,-0.010211
2025-12-16 19:02:51.132,0.003975,-0.011507,-0.003447,-0.004829,-0.005255,-0.011421
2025-12-16 19:02:51.134,0.003830,-0.010698,-0.002109,0.000301,-0.007006,-0.009400
2025-12-16 19:02:51.134,0.002917,-0.009694,-0.002414,-0.001084,-0.007683,-0.007120
2025-12-16 19:02:51.135,0.001757,-0.008508,-0.001895,-0.000122,-0.006204,-0.001209
2025-12-16 19:02:51.137,0.001899,-0.008140,-0.001440,0.003914,-0.007341,-0.000915
2025-12-16 19:02:51.138,0.001983,-0.008631,-0.000902,0.004189,-0.010235,0.002761
2025-12-16 19:02:51.139,0.002280,-0.009459,-0.001027,0.003457,-0.008013,0.002132
2025-12-16 19:02:51.140,0.001032,-0.010467,-0.002828,0.001027,-0.008983,0.000889
2025-12-16 19:02:51.141,0.001784,-0.009505,-0.000445,0.006882,-0.010643,-0.000701
2025-12-16 19:02:51.142,0.000831,-0.007564,-0.000437,0.008792,-0.009050,0.002565
2025-12-16 19:02:51.143,0.000149,-0.007244,-0.000141,0.006967,-0.009839,0.007441
2025-12-16 19:02:51.144,0.000241,-0.006912,-0.000794,0.007786,-0.006568,0.008345
2025-12-16 19:02:51.145,0.001493,-0.006183,0.000174,0.004943,-0.011602,0.006560
2025-12-16 19:02:51.147,0.000080,-0.006536,0.000183,0.005995,-0.011649,0.008665
2025-12-16 19:02:51.148,-0.000554,-0.007608,-0.001423,0.005110,-0.003760,0.006835
2025-12-16 19:02:51.149,-0.001683,-0.006697,-0.001376,0.007962,0.000414,0.005745
2025-12-16 19:02:51.150,-0.001243,-0.005528,-0.000771,0.006088,-0.003567,0.006337
2025-12-16 19:02:51.151,-0.002555,-0.006548,-0.002173,0.004771,-0.003269,0.009582
2025-12-16 19:02:51.152,-0.001640,-0.006039,-0.001688,0.002247,-0.006379,0.011038
2025-12-16 19:02:51.153,-0.001309,-0.007859,-0.002011,0.002911,-0.004168,0.004243
2025-12-16 19:02:51.154,-0.002257,-0.008655,-0.003145,0.003448,-0.000463,0.001636
2025-12-16 19:02:51.155,-0.002570,-0.009307,-0.003070,0.003542,-0.000448,0.003374
2025-12-16 19:02:51.156,-0.003328,-0.007987,-0.003078,0.004802,0.000554,0.005175
2025-12-16 19:02:51.157,-0.001403,-0.008005,-0.002200,0.006583,-0.003105,0.004108
2025-12-16 19:02:51.159,-0.002544,-0.006903,-0.001842,0.008260,0.002400,0.002693
2025-12-16 19:02:51.160,-0.001484,-0.008792,-0.002787,0.002914,0.003830,-0.001333
2025-12-16 19:02:51.161,-0.000294,-0.007662,-0.001646,0.002778,0.001871,-0.003879
2025-12-16 19:02:51.162,0.000409,-0.009069,-0.001774,0.000641,-0.003964,-0.002341
2025-12-16 19:02:51.163,0.001370,-0.009929,-0.002235,-0.000703,-0.004356,-0.006187
2025-12-16 19:02:51.164,0.000833,-0.006533,-0.000640,0.004034,-0.001831,-0.003156
2025-12-16 19:02:51.165,0.001179,-0.008066,-0.000357,0.003544,-0.002690,-0.001741
2025-12-16 19:02:51.166,0.000942,-0.008763,-0.000444,0.005487,-0.000648,-0.004397
2025-12-16 19:02:51.167,0.001230,-0.011542,-0.001648,0.003666,-0.003018,-0.003749
2025-12-16 19:02:51.168,0.002564,-0.011269,-0.001104,0.002032,-0.000625,-0.010059
2025-12-16 19:02:51.169,0.000352,-0.010976,-0.003400,0.003847,0.007938,-0.011038
2025-12-16 19:02:51.170,0.001757,-0.010991,-0.002314,0.002327,0.005079,-0.013782
2025-12-16 19:02:51.171,0.002274,-0.009650,-0.000808,0.005482,0.002006,-0.011583
2025-12-16 19:02:51.173,0.000500,-0.008144,-0.001902,0.004606,0.003314,-0.002886
2025-12-16 19:02:51.174,-0.001679,-0.008239,-0.003676,0.005545,0.011693,-0.005652
2025-12-16 19:02:51.175,-0.002158,-0.005942,-0.003177,0.003055,0.001857,0.004623
2025-12-16 19:02:51.176,-0.002102,-0.006504,-0.003611,0.003214,0.001987,0.006836
2025-12-16 19:02:51.177,-0.000535,-0.006037,-0.002153,0.007100,-0.000256,0.005115
2025-12-16 19:02:51.178,-0.001187,-0.006229,-0.002554,0.007291,0.001419,0.003586
2025-12-16 19:02:51.179,0.000143,-0.006186,-0.002167,0.003094,-0.005240,0.006427
2025-12-16 19:02:51.180,0.000422,-0.007318,-0.002520,0.003680,-0.004052,0.006831
2025-12-16 19:02:51.181,0.001060,-0.007284,-0.002373,0.005864,-0.001014,0.002372
2025-12-16 19:02:51.182,0.001124,-0.007026,-0.001193,0.007874,-0.002902,0.001957
2025-12-16 19:02:51.183,-0.000274,-0.006135,-0.002503,0.007281,0.003963,0.004303
2025-12-16 19:02:51.184,-0.000922,-0.005592,-0.002263,0.007947,0.001815,0.005434
2025-12-16 19:02:51.185,-0.002014,-0.005392,-0.002784,0.009250,0.001333,0.006931
2025-12-16 19:02:51.186,-0.000301,-0.006979,-0.001615,0.009329,0.002341,-0.001358
2025-12-16 19:02:51.188,0.000836,-0.007726,-0.001175,0.009342,-0.001400,-0.001796
2025-12-16 19:02:51.189,-0.000625,-0.006739,-0.001772,0.009749,0.005867,-0.000307
2025-12-16 19:02:51.190,0.000073,-0.007138,-0.002809,0.006698,0.002986,-0.002262
2025-12-16 19:02:51.191,0.000218,-0.006941,-0.004278,0.003602,0.007518,-0.005572
2025-12-16 19:02:51.192,-0.000074,-0.005858,-0.002951,0.006477,0.007877,-0.004801
2025-12-16 19:02:51.193,-0.001144,-0.006891,-0.005357,0.001323,0.010885,-0.003367
2025-12-16 19:02:51.194,0.000926,-0.007312,-0.003543,0.000662,0.002045,-0.004131
2025-12-16 19:02:51.195,0.000623,-0.006473,-0.003599,0.004355,0.002903,-0.002518
2025-12-16 19:02:51.196,0.001361,-0.006870,-0.002457,0.004163,0.003306,-0.007336
2025-12-16 19:02:51.197,0.002332,-0.009287,-0.003758,0.000784,0.001469,-0.010536
2025-12-16 19:02:51.198,0.000830,-0.006337,-0.004415,0.000384,0.000455,-0.003952
2025-12-16 19:02:51.199,-0.000035,-0.005443,-0.004616,-0.000851,0.001434,-0.002413
2025-12-16 19:02:51.200,-0.000168,-0.003402,-0.003427,0.003359,0.000376,0.001336
2025-12-16 19:02:51.201,0.000060,-0.005113,-0.003862,0.005259,0.006821,-0.003212
2025-12-16 19:02:51.203,0.001453,-0.006812,-0.004534,0.002867,0.006075,-0.008292
2025-12-16 19:02:51.204,0.000895,-0.005688,-0.003621,0.004814,0.002113,-0.003780
2025-12-16 19:02:51.205,-0.000775,-0.003380,-0.003391,0.007111,0.003632,0.001974
2025-12-16 19:02:51.206,-0.000608,-0.006296,-0.003901,0.003940,0.004315,-0.004555
2025-12-16 19:02:51.207,0.000588,-0.006976,-0.003537,0.003111,0.000891,-0.005447
2025-12-16 19:02:51.208,0.002148,-0.008125,-0.003276,0.000780,-0.005203,-0.005982
2025-12-16 19:02:51.210,0.001714,-0.007998,-0.004926,-0.000489,0.003453,-0.009952
2025-12-16 19:02:51.211,0.001487,-0.007205,-0.005350,-0.001952,0.007844,-0.011807
2025-12-16 19:02:51.212,0.002254,-0.008186,-0.004007,-0.001927,0.004558,-0.013554
2025-12-16 19:02:51.213,0.002115,-0.007361,-0.003489,-0.001053,-0.000539,-0.009463
2025-12-16 19:02:51.214,0.001530,-0.006954,-0.003967,-0.001543,0.001833,-0.009236
2025-12-16 19:02:51.215,0.000416,-0.006502,-0.004610,-0.001097,0.002595,-0.006907
2025-12-16 19:02:51.216,0.002708,-0.006813,-0.003043,-0.000991,0.002508,-0.012288
2025-12-16 19:02:51.217,0.000180,-0.006737,-0.004721,-0.001671,0.006587,-0.010399
2025-12-16 19:02:51.218,0.000233,-0.005394,-0.004866,-0.001900,0.002605,-0.005546
2025-12-16 19:02:51.219,-0.002390,-0.003991,-0.006818,-0.002878,0.004799,-0.000034
2025-12-16 19:02:51.220,-0.002304,-0.002867,-0.005617,0.000685,0.006711,0.001615
2025-12-16 19:02:51.221,-0.000508,-0.004585,-0.004822,0.000544,0.008662,-0.005985
2025-12-16 19:02:51.222,-0.001464,-0.003492,-0.005105,0.000326,0.009407,-0.003689
2025-12-16 19:02:51.223,-0.003112,-0.003725,-0.006627,-0.001312,0.013885,-0.003954
2025-12-16 19:02:51.225,-0.001140,-0.005507,-0.006703,-0.002247,0.007934,-0.005376
2025-12-16 19:02:51.226,-0.002086,-0.005392,-0.006936,-0.002690,0.006448,-0.003018
2025-12-16 19:02:51.227,-0.001519,-0.004413,-0.006009,-0.001899,-0.002233,0.002978
2025-12-16 19:02:51.228,-0.001959,-0.003137,-0.005851,-0.001955,0.000622,0.003047
2025-12-16 19:02:51.229,-0.001830,-0.002868,-0.005198,-0.001675,0.002757,0.001488
2025-12-16 19:02:51.230,-0.001286,-0.002179,-0.004545,-0.001932,-0.002539,0.004547
2025-12-16 19:02:51.231,-0.000104,-0.001994,-0.002663,-0.001427,-0.004952,0.003455
2025-12-16 19:02:51.232,0.000250,-0.003576,-0.003724,-0.001913,-0.006492,0.002688
2025-12-16 19:02:51.233,0.001257,-0.003731,-0.003620,0.002629,-0.004316,-0.006768
2025-12-16 19:02:51.234,0.001669,-0.004613,-0.002937,0.002207,-0.002206,-0.008770
2025-12-16 19:02:51.235,0.000600,-0.003484,-0.003857,0.001080,0.003146,-0.007474
2025-12-16 19:02:51.237,-0.000607,-0.001558,-0.003504,0.004587,0.001380,-0.000225
2025-12-16 19:02:51.238,-0.001108,-0.001048,-0.004077,0.002597,0.004320,0.000159
2025-12-16 19:02:51.239,-0.001754,-0.002750,-0.005869,-0.000997,0.004688,0.001078
2025-12-16 19:02:51.240,-0.000453,-0.001308,-0.003643,0.001016,-0.005538,0.006561
2025-12-16 19:02:51.241,-0.001371,-0.000841,-0.004371,0.000123,0.000023,0.005269
2025-12-16 19:02:51.242,-0.001772,-0.001923,-0.005350,-0.001337,-0.001421,0.005288
2025-12-16 19:02:51.243,-0.001505,-0.000154,-0.004671,-0.000479,0.001019,0.005365
2025-12-16 19:02:51.244,-0.001684,-0.001663,-0.005673,-0.001955,0.002420,0.003607
2025-12-16 19:02:51.246,-0.003839,-0.001064,-0.006589,-0.001699,0.007569,0.004718
2025-12-16 19:02:51.247,-0.002570,-0.001777,-0.006606,-0.002002,0.000856,0.007631
2025-12-16 19:02:51.248,-0.002968,-0.001963,-0.005964,-0.003002,0.001274,0.006040
2025-12-16 19:02:51.249,-0.003031,-0.001280,-0.005686,-0.001987,0.000660,0.007094
2025-12-16 19:02:51.250,-0.004673,-0.000575,-0.006942,-0.002244,0.005756,0.007646
2025-12-16 19:02:51.251,-0.003693,-0.000619,-0.005106,-0.000315,0.002722,0.003719
2025-12-16 19:02:51.252,-0.005624,-0.000237,-0.006501,-0.001369,0.006643,0.005837
2025-12-16 19:02:51.253,-0.004589,-0.001372,-0.005235,-0.001258,0.002926,0.004923
2025-12-16 19:02:51.254,-0.004256,-0.001146,-0.005460,-0.000978,0.005588,0.003765
2025-12-16 19:02:51.255,-0.004269,-0.002050,-0.005325,-0.002417,0.004660,0.002854
2025-12-16 19:02:51.256,-0.004837,-0.000430,-0.004709,-0.002389,0.001493,0.007887
2025-12-16 19:02:51.258,-0.005006,-0.001506,-0.005169,-0.002124,0.001532,0.007177
2025-12-16 19:02:51.259,-0.002912,-0.002318,-0.003959,-0.009331,-0.007638,0.004782
2025-12-16 19:02:51.260,-0.003951,-0.002468,-0.005712,-0.008646,-0.003021,0.005776
2025-12-16 19:02:51.261,-0.004812,-0.001961,-0.005310,-0.006971,-0.003761,0.008141
2025-12-16 19:02:51.262,-0.004957,-0.001894,-0.005120,-0.006338,-0.003523,0.008340
2025-12-16 19:02:51.263,-0.004343,-0.000152,-0.003724,-0.003679,-0.006736,0.011776
2025-12-16 19:02:51.264,-0.007235,0.001930,-0.005249,-0.004945,-0.001172,0.016850
2025-12-16 19:02:51.265,-0.006185,0.002609,-0.003856,-0.002312,-0.006731,0.019442
2025-12-16 19:02:51.266,-0.005142,0.001605,-0.004227,-0.002865,-0.004983,0.015993
2025-12-16 19:02:51.267,-0.004161,0.000908,-0.004611,-0.003208,-0.004570,0.013633
2025-12-16 19:02:51.268,-0.004742,0.000769,-0.004559,-0.002359,-0.004221,0.014691
2025-12-16 19:02:51.269,-0.003610,0.000555,-0.003396,-0.002521,-0.006631,0.012657
2025-12-16 19:02:51.270,-0.004143,-0.000109,-0.003398,-0.001750,-0.006122,0.011689
2025-12-16 19:02:51.272,-0.004803,0.000009,-0.003737,-0.002541,-0.007077,0.013606
2025-12-16 19:02:51.273,-0.005984,0.000463,-0.004460,-0.002870,-0.004131,0.014843
2025-12-16 19:02:51.274,-0.005778,0.000167,-0.004645,-0.001180,-0.001735,0.010668
2025-12-16 19:02:51.275,-0.005507,-0.000527,-0.004302,-0.001771,-0.003760,0.010516
2025-12-16 19:02:51.276,-0.006200,0.000371,-0.004508,-0.001961,-0.004051,0.013751
2025-12-16 19:02:51.277,-0.006994,0.000769,-0.004495,-0.001890,0.002290,0.011364
2025-12-16 19:02:51.278,-0.006874,0.000810,-0.004200,-0.001902,0.000437,0.012103
2025-12-16 19:02:51.279,-0.007231,0.000447,-0.004976,-0.002210,0.005451,0.009576
2025-12-16 19:02:51.281,-0.006956,0.000500,-0.005132,-0.002593,0.001998,0.012064
2025-12-16 19:02:51.282,-0.004439,0.000182,-0.002659,-0.001623,-0.001080,0.008309
2025-12-16 19:02:51.283,-0.004419,0.001163,-0.002725,-0.001068,-0.002104,0.011076
2025-12-16 19:02:51.284,-0.005418,-0.000155,-0.003810,-0.002575,-0.002224,0.011644
2025-12-16 19:02:51.285,-0.004280,-0.000529,-0.002956,-0.002011,-0.006089,0.011163
2025-12-16 19:02:51.286,-0.004614,-0.000645,-0.003022,-0.001511,-0.004493,0.009910
2025-12-16 19:02:51.287,-0.004858,-0.000173,-0.003512,-0.001684,-0.002605,0.010241
2025-12-16 19:02:51.288,-0.004154,-0.000961,-0.003047,-0.002082,-0.000376,0.006669
2025-12-16 19:02:51.290,-0.003832,0.000202,-0.002998,-0.001096,-0.000970,0.008398
2025-12-16 19:02:51.291,-0.002670,0.000933,-0.002174,-0.000964,0.001639,0.005701
2025-12-16 19:02:51.292,-0.003637,-0.000025,-0.002513,-0.001225,0.005580,0.002627
2025-12-16 19:02:51.293,-0.002368,-0.000591,-0.001648,-0.000984,0.002309,0.002084
2025-12-16 19:02:51.294,-0.002444,-0.000581,-0.002235,-0.001323,-0.000003,0.004126
2025-12-16 19:02:51.295,-0.003768,-0.000278,-0.002442,-0.001554,-0.002597,0.008164
2025-12-16 19:02:51.297,-0.002635,-0.000841,-0.001348,-0.000794,-0.002172,0.004963
2025-12-16 19:02:51.298,-0.004234,-0.000593,-0.003312,-0.001836,0.003264,0.004231
2025-12-16 19:02:51.299,-0.004384,-0.000471,-0.003083,-0.001991,-0.002027,0.008395
2025-12-16 19:02:51.300,-0.003460,-0.002051,-0.003102,-0.003035,0.001637,0.002685
2025-12-16 19:02:51.301,-0.003635,-0.000333,-0.002911,-0.001656,-0.000053,0.006712
2025-12-16 19:02:51.302,-0.003503,-0.000479,-0.002771,-0.001738,-0.002123,0.007521
2025-12-16 19:02:51.303,-0.003821,-0.001503,-0.002820,-0.001770,-0.004283,0.007788
2025-12-16 19:02:51.304,-0.003474,-0.000953,-0.003165,-0.001594,-0.005907,0.009152
2025-12-16 19:02:51.305,-0.002765,-0.001043,-0.002560,-0.001593,-0.005448,0.007640
2025-12-16 19:02:51.307,-0.000773,-0.001164,-0.000973,-0.001030,-0.010715,0.007152
2025-12-16 19:02:51.308,-0.000773,-0.000526,-0.000504,-0.001100,-0.008133,0.006782
2025-12-16 19:02:51.309,-0.000607,-0.001321,-0.001185,-0.001109,-0.003271,0.002263
2025-12-16 19:02:51.310,-0.003039,-0.000719,-0.002447,-0.001445,0.002575,0.003171
2025-12-16 19:02:51.311,-0.002033,-0.000598,-0.002142,-0.001365,0.002760,0.001404
2025-12-16 19:02:51.312,-0.000825,-0.000956,-0.001320,-0.000781,-0.003554,0.002447
2025-12-16 19:02:51.313,0.000208,-0.000487,-0.000106,-0.000390,-0.005644,0.002968
2025-12-16 19:02:51.315,-0.000140,-0.000893,-0.000648,-0.000230,-0.000165,-0.000697
2025-12-16 19:02:51.316,0.000487,-0.000274,0.000463,-0.000167,-0.003591,0.000958
2025-12-16 19:02:51.317,0.000622,-0.000835,0.000213,-0.000664,-0.003867,0.000242
2025-12-16 19:02:51.318,0.000258,-0.001216,-0.000673,-0.000920,-0.001014,-0.001335
2025-12-16 19:02:51.320,0.001814,-0.000548,0.001718,0.000640,-0.010410,0.003183
2025-12-16 19:02:51.321,0.000997,-0.000173,0.000808,0.000207,-0.012595,0.006786
2025-12-16 19:02:51.322,-0.001006,-0.001040,-0.000884,-0.000370,-0.005472,0.003969
2025-12-16 19:02:51.323,-0.001434,-0.000661,-0.002203,-0.001664,-0.003531,0.005336
2025-12-16 19:02:51.324,-0.002011,-0.001735,-0.002556,-0.002585,-0.000135,0.002081
2025-12-16 19:02:51.325,-0.002203,-0.000600,-0.002082,-0.001494,-0.001391,0.004832
2025-12-16 19:02:51.326,-0.001416,-0.001238,-0.000960,-0.001706,-0.005777,0.004336
2025-12-16 19:02:51.327,-0.001291,-0.000154,-0.001245,-0.000580,-0.001871,0.003582
2025-12-16 19:02:51.328,-0.001762,-0.000611,-0.001644,-0.001150,-0.003601,0.005232
2025-12-16 19:02:51.330,-0.001803,-0.000148,-0.001398,-0.000825,-0.002724,0.005509
2025-12-16 19:02:51.331,-0.001021,-0.000269,-0.000301,-0.000961,-0.003114,0.003252
2025-12-16 19:02:51.332,-0.000260,0.000236,0.000210,0.000173,-0.000797,0.000409
2025-12-16 19:02:51.333,0.001520,-0.004027,-0.000104,-0.001790,-0.002127,-0.006355
2025-12-16 19:02:51.334,0.001083,-0.003172,-0.000376,-0.001251,-0.001735,-0.004390
2025-12-16 19:02:51.335,0.001097,-0.001997,0.000205,-0.000565,-0.006550,-0.000298
2025-12-16 19:02:51.337,0.000125,-0.001376,-0.000515,-0.000468,-0.000643,-0.001485
2025-12-16 19:02:51.338,0.000475,-0.001311,0.000160,-0.000734,-0.002334,-0.001210
2025-12-16 19:02:51.339,0.000981,-0.000763,0.000345,-0.000509,-0.005232,0.001208
2025-12-16 19:02:51.340,-0.001627,0.000126,-0.001053,-0.000721,0.002688,0.001110
2025-12-16 19:02:51.341,0.000254,-0.001879,-0.000691,-0.004474,-0.000669,-0.004554
2025-12-16 19:02:51.343,-0.000231,-0.001224,-0.001220,-0.004053,0.000240,-0.002069
2025-12-16 19:02:51.344,0.000584,-0.001048,0.000143,-0.001863,-0.010597,0.004228
2025-12-16 19:02:51.345,0.000016,-0.001104,-0.000472,-0.002544,-0.004460,0.000604
2025-12-16 19:02:51.346,0.000429,0.000038,-0.000125,-0.001401,-0.004119,0.002601
2025-12-16 19:02:51.347,0.000143,-0.001054,-0.000203,-0.001767,-0.007191,0.003100
2025-12-16 19:02:51.348,-0.000405,-0.001256,-0.000412,-0.000618,-0.005232,0.001885
2025-12-16 19:02:51.350,-0.000289,-0.001412,-0.001029,-0.001223,-0.000767,-0.000558
2025-12-16 19:02:51.351,-0.000025,-0.000882,-0.000571,-0.000883,-0.000283,-0.000737
2025-12-16 19:02:51.352,0.000177,-0.000256,0.000107,-0.000261,-0.002595,0.000964
2025-12-16 19:02:51.353,0.000242,-0.000826,-0.001936,-0.004712,-0.001320,-0.000557
2025-12-16 19:02:51.354,-0.000185,-0.000939,-0.001537,-0.003366,-0.004116,0.001614
2025-12-16 19:02:51.355,-0.000117,-0.001262,-0.001765,-0.002767,-0.000301,-0.000831
2025-12-16 19:02:51.357,0.000450,-0.001441,-0.001648,-0.002377,-0.004060,0.001218
2025-12-16 19:02:51.358,-0.000420,0.000112,-0.001088,-0.001289,-0.007082,0.005831
2025-12-16 19:02:51.359,-0.000482,0.000360,-0.000566,-0.000935,-0.004823,0.005242
2025-12-16 19:02:51.360,-0.000238,-0.000598,-0.000637,-0.000671,-0.002337,0.001829
2025-12-16 19:02:51.361,0.000427,0.000062,0.000555,0.000240,-0.004071,0.002149
2025-12-16 19:02:51.362,0.000287,-0.000594,0.000097,-0.000022,-0.002266,0.000125
2025-12-16 19:02:51.364,-0.000078,0.000103,0.000397,0.000068,-0.004023,0.002155
2025-12-16 19:02:51.365,0.000750,0.000760,0.001086,0.002587,-0.004443,-0.000789
2025-12-16 19:02:51.366,0.000543,-0.000117,0.001163,0.001767,-0.004489,-0.001081
2025-12-16 19:02:51.367,0.000341,-0.000312,-0.000782,0.001202,-0.001720,-0.000504
2025-12-16 19:02:51.368,-0.000188,0.001169,0.000219,0.000945,-0.003593,0.003376
2025-12-16 19:02:51.369,-0.000001,-0.000673,-0.000738,0.000215,0.001213,-0.001735
2025-12-16 19:02:51.370,-0.000681,0.000605,-0.002014,-0.000504,0.002904,0.001522
2025-12-16 19:02:51.371,-0.000219,-0.000122,-0.000922,-0.000212,0.001787,-0.000530
2025-12-16 19:02:51.372,-0.000554,0.000510,-0.000984,0.000494,0.000207,0.001775
2025-12-16 19:02:51.373,-0.000368,-0.000289,-0.001727,-0.003721,0.000809,-0.000922
2025-12-16 19:02:51.375,-0.000979,-0.000807,-0.002279,-0.003757,-0.000234,0.000548
2025-12-16 19:02:51.376,-0.000320,-0.000064,-0.000927,-0.001660,-0.002290,0.002053
2025-12-16 19:02:51.377,-0.000730,0.000133,-0.002178,-0.001738,0.000831,0.002414
2025-12-16 19:02:51.378,-0.000528,0.000342,-0.001951,-0.001503,0.001026,0.002074
2025-12-16 19:02:51.379,-0.000912,0.000151,-0.001974,-0.001420,0.004150,0.000759
2025-12-16 19:02:51.380,-0.000787,-0.000532,-0.001903,-0.001371,-0.000762,0.003090
2025-12-16 19:02:51.382,-0.000142,0.000301,-0.000628,-0.000469,-0.003961,0.004393
2025-12-16 19:02:51.383,-0.003070,0.001753,-0.001790,-0.000494,0.003939,0.006093
2025-12-16 19:02:51.384,-0.001972,0.002256,-0.001219,0.001301,-0.000485,0.004282
2025-12-16 19:02:51.385,-0.002179,0.002122,-0.001573,0.001090,0.001615,0.003934
2025-12-16 19:02:51.386,-0.001614,0.001456,-0.002455,0.000101,-0.001086,0.005771
2025-12-16 19:02:51.387,-0.000557,0.000193,-0.002315,-0.000538,-0.002310,0.003799
2025-12-16 19:02:51.388,-0.003391,-0.000067,-0.005230,-0.001476,0.008278,0.002227
2025-12-16 19:02:51.390,-0.002495,0.000064,-0.004807,-0.001333,0.005915,0.004109
2025-12-16 19:02:51.391,-0.003088,0.000623,-0.005567,-0.001994,0.006165,0.005668
2025-12-16 19:02:51.392,-0.001649,0.000093,-0.004480,0.000794,0.007988,-0.001951
2025-12-16 19:02:51.393,-0.001236,0.000670,-0.003774,0.000869,0.004168,0.000984
2025-12-16 19:02:51.395,-0.000298,0.000254,-0.002834,0.001643,-0.001577,0.001231
2025-12-16 19:02:51.396,-0.000674,0.000815,-0.002314,0.003379,-0.000593,-0.001062
2025-12-16 19:02:51.397,-0.000627,0.000709,-0.001847,0.001800,-0.001993,0.000962
2025-12-16 19:02:51.398,0.000162,0.000974,-0.001793,0.004598,-0.003276,-0.000290
2025-12-16 19:02:51.399,-0.000113,0.001029,-0.001500,0.005704,-0.003815,-0.001911
2025-12-16 19:02:51.400,-0.000306,0.000965,-0.002056,0.003988,-0.003363,0.000476
2025-12-16 19:02:51.401,-0.001699,0.000658,-0.003598,0.002173,0.001370,0.001332
2025-12-16 19:02:51.403,-0.000615,0.000430,-0.001904,0.003626,0.004576,-0.005248
2025-12-16 19:02:51.404,-0.000315,0.000751,-0.001138,0.003414,0.002259,-0.003005
2025-12-16 19:02:51.405,-0.000114,0.000435,-0.001452,0.003723,0.001880,-0.005569
2025-12-16 19:02:51.406,0.000632,0.000379,-0.000626,0.003730,-0.003010,-0.001575
2025-12-16 19:02:51.407,-0.000088,0.000089,-0.000907,0.002176,-0.003887,0.000679
2025-12-16 19:02:51.409,0.000331,0.000174,-0.000792,0.001860,-0.002133,-0.000376
2025-12-16 19:02:51.410,-0.001777,0.003323,-0.000711,0.004994,-0.001477,0.004565
2025-12-16 19:02:51.411,-0.001682,0.001890,-0.001021,0.002621,-0.001475,0.003482
2025-12-16 19:02:51.412,-0.001029,0.001114,-0.001368,0.001687,0.001676,0.000230
2025-12-16 19:02:51.413,-0.002260,0.001485,-0.001674,0.000962,-0.000199,0.004920
2025-12-16 19:02:51.414,-0.002708,0.000460,-0.002289,0.002699,0.003993,-0.000746
2025-12-16 19:02:51.415,-0.002341,0.000181,-0.002202,0.001347,0.001434,0.000899
2025-12-16 19:02:51.416,-0.001050,0.000347,-0.002460,0.002820,0.000691,-0.001920
2025-12-16 19:02:51.418,-0.000411,0.000087,-0.001579,0.002735,-0.002588,-0.000544
2025-12-16 19:02:51.419,-0.000636,-0.000792,-0.001052,0.001026,-0.002418,-0.000253
2025-12-16 19:02:51.420,-0.001608,-0.000174,-0.001837,0.000396,0.000233,0.001412
2025-12-16 19:02:51.421,-0.001563,-0.000142,-0.002158,0.000034,0.003687,0.000220
2025-12-16 19:02:51.422,-0.002875,0.000531,-0.002479,0.000103,0.001355,0.004988
2025-12-16 19:02:51.423,-0.002416,0.000173,-0.002161,-0.000723,0.001687,0.003794
2025-12-16 19:02:51.424,-0.002778,-0.001241,-0.003533,0.000651,0.005246,-0.002980
2025-12-16 19:02:51.426,-0.002992,-0.001037,-0.004341,-0.000328,0.005163,0.000011
2025-12-16 19:02:51.427,-0.002984,0.000345,-0.002994,-0.002273,-0.002472,0.005652
2025-12-16 19:02:51.428,-0.003531,-0.000019,-0.002807,-0.002123,-0.004372,0.007441
2025-12-16 19:02:51.429,-0.002777,0.000030,-0.002182,-0.002355,-0.009432,0.009440
2025-12-16 19:02:51.430,-0.002422,-0.000252,-0.003177,-0.002037,-0.003208,0.006603
2025-12-16 19:02:51.431,-0.003080,0.000184,-0.003264,-0.000239,0.003371,0.000404
2025-12-16 19:02:51.432,-0.004061,-0.000071,-0.004565,0.001458,0.005376,-0.001114
2025-12-16 19:02:51.433,-0.003125,-0.000375,-0.003510,0.002635,-0.000480,-0.000829
2025-12-16 19:02:51.435,-0.003986,0.000060,-0.003006,0.000586,0.003636,0.000580
2025-12-16 19:02:51.436,-0.003044,-0.000708,-0.003026,0.001682,0.007430,-0.007213
2025-12-16 19:02:51.437,-0.004427,-0.000695,-0.003845,0.001220,0.005459,-0.000904
2025-12-16 19:02:51.438,-0.005116,0.000185,-0.003637,-0.000025,0.005885,0.001987
2025-12-16 19:02:51.439,-0.004629,-0.001483,-0.003898,-0.001448,0.006047,-0.000150
2025-12-16 19:02:51.440,-0.003900,-0.000793,-0.003076,-0.000861,0.003197,0.001916
2025-12-16 19:02:51.441,-0.004096,-0.000711,-0.003302,-0.000574,0.001705,0.004102
2025-12-16 19:02:51.442,-0.004119,-0.000772,-0.004301,-0.001372,0.005094,0.003142
2025-12-16 19:02:51.444,-0.003147,0.000192,-0.003281,-0.001100,0.001781,0.004369
2025-12-16 19:02:51.445,-0.005281,-0.001309,-0.005842,-0.002769,0.006145,0.005091
2025-12-16 19:02:51.446,-0.004489,-0.000492,-0.004114,-0.001819,0.000197,0.007897
2025-12-16 19:02:51.447,-0.003761,-0.000768,-0.003726,-0.002070,-0.002155,0.008203
2025-12-16 19:02:51.448,-0.005419,-0.000595,-0.005793,-0.002842,-0.000759,0.011100
2025-12-16 19:02:51.449,-0.003973,-0.000643,-0.004038,-0.001880,0.000647,0.007501
2025-12-16 19:02:51.450,-0.003035,-0.001077,-0.003250,-0.001427,0.000930,0.004731
2025-12-16 19:02:51.451,-0.003756,-0.000611,-0.003897,-0.002237,0.001277,0.006058
2025-12-16 19:02:51.453,-0.004429,-0.000257,-0.003265,-0.002069,0.001723,0.006215
2025-12-16 19:02:51.454,-0.003490,-0.001760,-0.004439,-0.002468,-0.000972,0.006329
2025-12-16 19:02:51.455,-0.003793,-0.001618,-0.004957,0.000151,0.007418,-0.001106
2025-12-16 19:02:51.456,-0.004204,-0.001588,-0.004620,-0.001383,0.006698,0.000449
2025-12-16 19:02:51.457,-0.004933,-0.001899,-0.005095,-0.001988,0.004578,0.003271
2025-12-16 19:02:51.458,-0.005367,-0.001546,-0.005709,-0.002521,0.004217,0.004450
2025-12-16 19:02:51.459,-0.004662,-0.001811,-0.005563,-0.003923,0.005167,-0.001923
2025-12-16 19:02:51.460,-0.004997,-0.002133,-0.006176,-0.004958,0.009335,-0.002404
2025-12-16 19:02:51.462,-0.004261,-0.001634,-0.004045,-0.003057,0.003707,-0.000051
2025-12-16 19:02:51.463,-0.004748,-0.001610,-0.004629,-0.001464,0.003670,-0.000217
2025-12-16 19:02:51.464,-0.005723,-0.001297,-0.004681,-0.001529,0.002331,0.003675
2025-12-16 19:02:51.465,-0.003731,-0.000325,-0.003318,0.000579,0.004023,-0.002225
2025-12-16 19:02:51.466,-0.002432,-0.001561,-0.002538,0.002502,0.000670,-0.005414
2025-12-16 19:02:51.467,-0.001455,-0.000208,-0.000933,0.004852,-0.003762,-0.004039
2025-12-16 19:02:51.469,-0.001404,-0.002065,-0.002127,0.001344,-0.001467,-0.004187
2025-12-16 19:02:51.470,-0.004608,-0.000869,-0.004418,0.000840,0.007530,-0.001537
2025-12-16 19:02:51.471,-0.003260,-0.001665,-0.004880,-0.000474,0.007841,-0.002894
2025-12-16 19:02:51.472,-0.003900,-0.001763,-0.004317,-0.000692,0.004490,0.000362
2025-12-16 19:02:51.473,-0.004808,-0.000747,-0.005552,-0.001246,0.006552,0.003315
2025-12-16 19:02:51.474,-0.004464,-0.000729,-0.004755,-0.001075,0.003692,0.004775
2025-12-16 19:02:51.475,-0.006188,-0.001556,-0.006481,-0.002625,0.007475,0.004822
2025-12-16 19:02:51.477,-0.006319,-0.001602,-0.006616,-0.003242,0.010078,0.003328
2025-12-16 19:02:51.478,-0.004287,-0.002285,-0.004830,-0.002688,0.000801,0.005110
2025-12-16 19:02:51.479,-0.004372,-0.002004,-0.004342,-0.002531,0.002849,0.003776
2025-12-16 19:02:51.480,-0.005460,-0.001395,-0.005574,-0.002902,0.009887,0.002083
2025-12-16 19:02:51.481,-0.004098,-0.001615,-0.004796,-0.002228,0.003872,0.003927
2025-12-16 19:02:51.482,-0.004026,-0.001317,-0.005484,-0.002093,0.002809,0.006074
2025-12-16 19:02:51.483,-0.003384,-0.001506,-0.004577,-0.002437,-0.002730,0.007992
2025-12-16 19:02:51.484,-0.002061,-0.001260,-0.002892,-0.001398,-0.005111,0.007177
2025-12-16 19:02:51.485,-0.002580,-0.001521,-0.004623,-0.002564,0.001860,0.003947
2025-12-16 19:02:51.487,-0.002549,-0.000571,-0.003413,-0.001490,-0.002097,0.006412
2025-12-16 19:02:51.488,-0.001347,-0.000510,-0.002903,-0.001462,-0.007897,0.008910
2025-12-16 19:02:51.489,-0.002183,-0.000119,-0.003585,-0.000993,-0.001050,0.006842
2025-12-16 19:02:51.490,-0.002242,-0.000594,-0.003806,-0.001409,-0.001411,0.006582
2025-12-16 19:02:51.491,-0.001275,-0.000397,-0.003183,0.000189,-0.004472,0.003873
2025-12-16 19:02:51.492,-0.000852,-0.001681,-0.003301,-0.000079,-0.007162,0.004495
2025-12-16 19:02:51.493,-0.001750,-0.000395,-0.004792,-0.000476,-0.003722,0.007358
2025-12-16 19:02:51.495,-0.001613,-0.000097,-0.003988,-0.001078,-0.005688,0.009016
2025-12-16 19:02:51.496,-0.001359,-0.000586,-0.003589,-0.000284,-0.006332,0.007621
2025-12-16 19:02:51.497,-0.001375,-0.000295,-0.002849,-0.000946,-0.006506,0.008048
2025-12-16 19:02:51.498,-0.000591,-0.000037,-0.001501,0.000201,-0.005247,0.005125
2025-12-16 19:02:51.499,-0.000624,-0.000388,-0.001360,-0.000467,-0.002048,0.002882
2025-12-16 19:02:51.500,-0.000314,-0.001480,-0.002204,-0.000983,-0.003085,0.002404
2025-12-16 19:02:51.501,-0.000188,-0.000471,-0.002128,-0.000993,-0.007954,0.006666
2025-12-16 19:02:51.502,0.000322,-0.000715,-0.001033,-0.000302,-0.006635,0.004555
2025-12-16 19:02:51.504,0.000485,-0.000186,-0.000321,-0.000021,-0.006607,0.003957
2025-12-16 19:02:51.505,-0.000439,0.000783,-0.001427,0.000064,-0.004839,0.006920
2025-12-16 19:02:51.506,-0.000521,-0.001272,-0.003699,-0.002066,-0.000126,0.002854
2025-12-16 19:02:51.507,-0.001266,-0.000425,-0.004004,-0.000501,0.001221,0.004728
2025-12-16 19:02:51.508,-0.001422,-0.000027,-0.004233,-0.001561,0.004413,0.002365
2025-12-16 19:02:51.509,-0.001048,-0.000999,-0.004823,-0.002580,0.002963,0.002374
2025-12-16 19:02:51.510,-0.001164,0.000006,-0.004511,-0.001249,0.003840,0.003616
2025-12-16 19:02:51.511,-0.000382,-0.000512,-0.002838,-0.000441,-0.000426,0.002556
2025-12-16 19:02:51.513,-0.001004,-0.000135,-0.003713,-0.001014,-0.000719,0.005970
2025-12-16 19:02:51.515,-0.001303,-0.000225,-0.004784,-0.002046,0.003530,0.003677
2025-12-16 19:02:51.516,-0.001076,-0.000621,-0.004157,-0.001236,-0.001903,0.006197
2025-12-16 19:02:51.517,-0.001533,0.000066,-0.003518,-0.000897,0.001074,0.005363
2025-12-16 19:02:51.518,-0.001664,0.000744,-0.003579,-0.001385,-0.001359,0.008276
2025-12-16 19:02:51.519,-0.000892,-0.000273,-0.002899,-0.000603,-0.002958,0.005700
2025-12-16 19:02:51.520,-0.001406,-0.000135,-0.002846,-0.001143,-0.002687,0.006288
2025-12-16 19:02:51.522,-0.000595,-0.001300,-0.004237,-0.001487,0.002374,0.001553
2025-12-16 19:02:51.523,-0.001256,-0.000136,-0.003583,-0.001012,0.000969,0.003956
2025-12-16 19:02:51.524,-0.001517,-0.000473,-0.003295,-0.001218,-0.001236,0.005608
2025-12-16 19:02:51.525,-0.002017,0.000957,-0.002561,-0.000868,-0.006258,0.010861
2025-12-16 19:02:51.526,-0.001539,-0.000025,-0.003264,-0.000327,-0.005189,0.009630
2025-12-16 19:02:51.527,-0.001701,-0.000400,-0.003431,-0.001461,-0.006288,0.009359
2025-12-16 19:02:51.528,-0.001210,0.000036,-0.002172,-0.000899,-0.004302,0.006542
2025-12-16 19:02:51.530,-0.000533,0.000577,-0.002228,0.001805,-0.000163,0.000927
2025-12-16 19:02:51.531,-0.000104,-0.000446,-0.000807,0.001211,-0.007099,0.003175
2025-12-16 19:02:51.532,-0.001149,-0.000001,-0.001682,0.000047,-0.001756,0.003093
2025-12-16 19:02:51.533,-0.000331,0.000793,-0.000136,0.000976,-0.002212,0.002581
2025-12-16 19:02:51.534,-0.001227,-0.000035,-0.001675,-0.000444,0.001007,0.001869
2025-12-16 19:02:51.535,-0.000545,-0.000611,-0.001202,-0.000537,-0.000719,0.000994
2025-12-16 19:02:51.536,-0.000666,0.000838,-0.000529,0.000636,-0.001532,0.003308
2025-12-16 19:02:51.537,0.000282,-0.000151,0.000092,0.000529,-0.000780,-0.000013
2025-12-16 19:02:51.538,-0.000759,0.000478,-0.000669,-0.000259,0.000954,0.001155
2025-12-16 19:02:51.539,-0.000191,-0.000387,-0.000417,0.000253,0.001110,-0.000799
2025-12-16 19:02:51.540,-0.001486,-0.000332,-0.001505,-0.000592,-0.002158,0.003313
2025-12-16 19:02:51.541,-0.001600,0.000192,-0.001065,-0.000816,-0.000443,0.003355
2025-12-16 19:02:51.543,-0.002589,-0.000502,-0.001943,-0.001500,0.003113,0.001991
2025-12-16 19:02:51.544,-0.001244,-0.000315,-0.000801,-0.001008,0.001416,0.000778
2025-12-16 19:02:51.545,-0.001355,0.000333,-0.001300,-0.000797,0.001416,0.002700
2025-12-16 19:02:51.546,-0.000508,0.000092,-0.000469,0.000027,-0.001091,0.002423
2025-12-16 19:02:51.547,0.000219,0.000784,0.000307,0.000830,0.000105,0.000510
2025-12-16 19:02:51.548,-0.001452,-0.000018,-0.001197,-0.001285,0.003245,-0.000005
2025-12-16 19:02:51.550,-0.000106,-0.000650,-0.000136,-0.000120,-0.000316,-0.000668
2025-12-16 19:02:51.551,-0.000912,-0.001152,-0.000685,0.000533,0.003301,-0.004730
2025-12-16 19:02:51.552,-0.001610,0.000234,-0.000763,0.000531,0.004198,-0.001719
2025-12-16 19:02:51.553,-0.001111,-0.000190,-0.000511,0.000448,-0.001358,0.000426
2025-12-16 19:02:51.554,-0.000812,0.000515,-0.000511,0.000651,-0.001275,0.002123
2025-12-16 19:02:51.555,-0.000780,0.000009,-0.000617,0.000317,-0.001452,0.001739
2025-12-16 19:02:51.556,0.000689,-0.000394,0.001063,0.000614,-0.003044,-0.001004
2025-12-16 19:02:51.557,-0.000389,-0.000095,0.000012,0.000194,0.000857,-0.000794
2025-12-16 19:02:51.558,-0.001316,-0.000311,-0.000773,-0.000641,0.001606,0.000700
2025-12-16 19:02:51.560,-0.001395,0.000305,-0.000928,-0.000443,0.001410,0.001837
2025-12-16 19:02:51.561,-0.000134,0.000072,0.000193,0.000014,0.000347,-0.000674
2025-12-16 19:02:51.562,-0.001903,-0.000571,-0.000995,-0.000435,0.004285,-0.000874
2025-12-16 19:02:51.563,-0.000297,-0.000387,0.000094,0.001807,0.002033,-0.004631
2025-12-16 19:02:51.564,-0.000493,-0.000373,-0.000213,0.001056,-0.000288,-0.001973
2025-12-16 19:02:51.565,-0.000803,0.000872,0.000141,0.001317,0.000739,-0.000350
2025-12-16 19:02:51.566,-0.000961,-0.000812,-0.000757,-0.000201,0.002805,-0.003041
2025-12-16 19:02:51.567,-0.001235,-0.000018,-0.000470,0.000258,0.003516,-0.002083
2025-12-16 19:02:51.568,-0.000598,0.000444,0.000684,0.001015,-0.000916,0.000724
2025-12-16 19:02:51.570,-0.000147,-0.000287,0.000627,0.000357,-0.001736,-0.000169
2025-12-16 19:02:51.571,-0.000175,-0.000628,-0.000298,-0.000698,0.001629,-0.002013
2025-12-16 19:02:51.572,0.000992,-0.000531,0.000696,0.000100,-0.004398,-0.000330
2025-12-16 19:02:51.573,-0.000623,0.000053,0.000234,0.000149,-0.003912,0.003214
2025-12-16 19:02:51.574,0.000811,-0.000020,0.003254,0.001170,-0.009336,0.002176
2025-12-16 19:02:51.575,0.001404,0.000527,0.003313,0.001648,-0.007862,0.001096
2025-12-16 19:02:51.576,0.000502,0.000241,0.002213,0.000830,-0.004524,0.000691
2025-12-16 19:02:51.577,0.000545,-0.000004,0.001518,-0.000124,-0.002803,-0.000893
2025-12-16 19:02:51.578,0.000628,0.000210,0.001418,0.000896,-0.008254,0.003515
2025-12-16 19:02:51.580,0.000941,-0.000390,0.001585,0.000688,-0.008140,0.002039
2025-12-16 19:02:51.581,-0.000027,-0.000046,0.000315,0.000289,-0.006112,0.003673
2025-12-16 19:02:51.582,0.000110,-0.000552,0.000754,0.000132,-0.004185,0.001237
2025-12-16 19:02:51.583,0.001295,-0.001026,0.000105,-0.003476,-0.007096,-0.000100
2025-12-16 19:02:51.584,0.000132,-0.000968,-0.000611,-0.003451,-0.002976,-0.000558
2025-12-16 19:02:51.585,0.000368,-0.000610,-0.000181,-0.002030,-0.001493,-0.001186
2025-12-16 19:02:51.586,0.000390,0.000196,0.000353,-0.001151,-0.002581,0.000297
2025-12-16 19:02:51.587,0.001092,-0.000517,0.000445,0.000923,-0.002292,-0.004581
2025-12-16 19:02:51.588,0.001330,0.000066,0.001068,0.001218,-0.004295,-0.002265
2025-12-16 19:02:51.589,-0.000170,0.000243,-0.000249,-0.000084,0.000102,-0.001620
2025-12-16 19:02:51.590,0.001216,-0.000220,0.000587,0.002938,0.000534,-0.007109
2025-12-16 19:02:51.592,0.001054,-0.000516,0.000070,0.000749,-0.004865,-0.001157
2025-12-16 19:02:51.593,0.000069,0.000321,-0.000196,0.003023,-0.000382,-0.004164
2025-12-16 19:02:51.594,0.000706,0.000346,-0.000118,0.002232,-0.000957,-0.003179
2025-12-16 19:02:51.595,0.000564,0.000047,0.000399,0.002168,0.000237,-0.003844
2025-12-16 19:02:51.596,-0.000076,-0.000301,-0.000752,0.001605,0.001422,-0.002686
2025-12-16 19:02:51.597,0.000313,0.000322,0.000480,0.000592,-0.001260,-0.000670
2025-12-16 19:02:51.598,0.001099,-0.000377,0.000386,0.003069,-0.001109,-0.006328
2025-12-16 19:02:51.599,0.000116,0.000079,-0.000167,0.002712,0.002592,-0.004745
2025-12-16 19:02:51.600,-0.000110,0.000341,0.000059,0.002173,0.001396,-0.003171
2025-12-16 19:02:51.601,0.000145,0.000197,-0.000123,0.001178,0.001781,-0.003157
2025-12-16 19:02:51.603,0.000386,-0.000645,-0.000093,0.000735,-0.001450,-0.001190
2025-12-16 19:02:51.604,-0.000501,-0.000322,-0.000646,0.000008,-0.000358,-0.000234
2025-12-16 19:02:51.605,-0.000424,-0.000195,-0.000876,-0.000382,0.000131,0.000966
2025-12-16 19:02:51.606,-0.000327,-0.000463,-0.000760,-0.000288,-0.001697,0.001129
2025-12-16 19:02:51.607,0.000569,-0.000601,-0.000743,-0.003053,-0.002819,-0.000753
2025-12-16 19:02:51.608,0.000257,-0.000861,-0.001030,-0.002870,0.000317,-0.002419
2025-12-16 19:02:51.609,-0.000581,-0.000597,-0.001082,-0.002746,0.001067,-0.001338
2025-12-16 19:02:51.610,0.000468,0.000098,-0.000310,0.000420,0.000152,-0.004477
2025-12-16 19:02:51.611,0.001553,-0.000110,0.000484,0.003137,-0.002007,-0.007255
2025-12-16 19:02:51.612,0.000008,0.000962,0.000010,0.002304,0.000675,-0.003415
2025-12-16 19:02:51.614,0.001519,0.000424,0.001221,0.004282,-0.000577,-0.008424
2025-12-16 19:02:51.615,0.003138,0.000534,0.002143,0.003151,-0.005172,-0.004563
2025-12-16 19:02:51.616,0.003574,-0.000145,0.002110,0.004707,-0.005445,-0.008525
2025-12-16 19:02:51.617,0.002154,0.001035,0.001820,0.003295,-0.004365,-0.003731
2025-12-16 19:02:51.618,0.001727,0.000945,0.000844,0.004759,0.000994,-0.008057
2025-12-16 19:02:51.619,0.000644,0.000233,-0.001064,0.003066,0.004619,-0.007214
2025-12-16 19:02:51.620,0.000691,-0.000040,-0.001131,0.002428,-0.001598,-0.001956
2025-12-16 19:02:51.621,0.000852,0.000896,-0.000402,0.004777,-0.000413,-0.004460
2025-12-16 19:02:51.622,0.001125,0.000278,-0.000296,0.002904,-0.001207,-0.004439
2025-12-16 19:02:51.623,0.000115,-0.000260,-0.001493,0.001613,0.003508,-0.004962
2025-12-16 19:02:51.625,0.000653,-0.000685,-0.001027,0.001073,0.001116,-0.004537
2025-12-16 19:02:51.626,0.000446,0.000154,0.000109,0.001299,-0.005022,0.001223
2025-12-16 19:02:51.627,0.000607,0.000043,-0.000037,0.002798,0.000027,-0.004165
2025-12-16 19:02:51.628,0.000694,-0.000152,0.000019,0.002739,0.000149,-0.004782
2025-12-16 19:02:51.629,0.001015,0.000008,0.000364,0.002005,-0.001748,-0.002747
2025-12-16 19:02:51.630,0.001001,-0.000419,-0.001026,0.002954,0.000077,-0.005258
2025-12-16 19:02:51.631,-0.000483,0.000383,-0.001128,0.001889,-0.000661,-0.000437
2025-12-16 19:02:51.632,-0.000077,0.000480,-0.001332,0.000985,0.000091,-0.000751
2025-12-16 19:02:51.633,-0.000006,-0.000473,-0.001178,0.000686,0.001272,-0.002445
2025-12-16 19:02:51.634,-0.001171,-0.000252,-0.003604,-0.003809,0.002234,-0.000367
2025-12-16 19:02:51.635,0.000565,-0.000123,-0.001959,-0.000109,0.000399,-0.005045
2025-12-16 19:02:51.636,0.000012,-0.001065,-0.002444,-0.000590,0.004851,-0.006855
2025-12-16 19:02:51.637,0.000564,-0.000843,-0.001498,0.001388,0.003463,-0.008783
2025-12-16 19:02:51.638,0.000926,-0.000115,-0.000708,0.003742,0.003024,-0.011201
2025-12-16 19:02:51.640,0.001367,0.000421,-0.000363,0.004818,0.001305,-0.010637
2025-12-16 19:02:51.641,0.001357,0.000895,0.000802,0.006971,0.002017,-0.012824
2025-12-16 19:02:51.642,0.000406,0.002319,0.000384,0.007081,-0.000361,-0.005419
2025-12-16 19:02:51.643,0.000926,0.001562,0.000557,0.007208,-0.001750,-0.007443
2025-12-16 19:02:51.644,0.001019,0.000845,0.000917,0.005163,-0.006813,-0.002998
2025-12-16 19:02:51.645,0.000454,-0.000011,-0.001040,0.003207,-0.005296,-0.001366
2025-12-16 19:02:51.646,0.000504,-0.000087,-0.001291,0.001089,-0.006162,-0.004249
2025-12-16 19:02:51.647,0.000874,0.000004,-0.001659,0.002244,-0.003125,-0.007772
2025-12-16 19:02:51.648,0.000694,0.000512,-0.000887,0.002736,-0.004178,-0.003655
2025-12-16 19:02:51.649,-0.000689,0.001846,-0.001776,0.000876,-0.003105,0.002295
2025-12-16 19:02:51.650,-0.000169,0.002469,-0.000754,0.000034,-0.001439,-0.003958
2025-12-16 19:02:51.651,0.000155,0.002328,-0.000308,0.002641,0.000871,-0.007132
2025-12-16 19:02:51.653,0.000208,0.000882,-0.001752,0.002803,0.003366,-0.007190
2025-12-16 19:02:51.654,0.000284,0.000626,-0.001527,0.001603,0.002814,-0.005492
2025-12-16 19:02:51.655,-0.000384,0.001559,-0.001269,0.001437,0.003404,-0.002708
2025-12-16 19:02:51.656,-0.000244,-0.000051,-0.003014,0.002114,0.003776,-0.006086
2025-12-16 19:02:51.658,-0.001363,-0.000009,-0.004603,0.000576,0.003033,0.000773
2025-12-16 19:02:51.659,-0.000443,-0.000149,-0.003214,0.002067,0.000868,-0.002449
2025-12-16 19:02:51.661,-0.000618,0.000646,-0.002569,0.003868,0.003016,-0.004761
2025-12-16 19:02:51.662,-0.000837,0.002456,-0.001196,0.005822,0.001158,-0.001332
2025-12-16 19:02:51.663,-0.001275,0.001249,-0.002824,0.003025,0.004603,-0.002119
2025-12-16 19:02:51.664,-0.000877,0.002895,-0.001741,0.006112,0.005869,-0.003902
2025-12-16 19:02:51.665,-0.002135,0.004396,-0.002695,0.000497,0.004404,0.001508
2025-12-16 19:02:51.666,-0.001971,0.000719,-0.003212,-0.004145,0.005264,-0.004909
2025-12-16 19:02:51.667,-0.002333,0.003619,-0.002235,0.000708,0.002059,0.000410
2025-12-16 19:02:51.668,-0.000409,0.001458,-0.001907,-0.003165,0.000818,-0.004044
2025-12-16 19:02:51.669,-0.001054,0.002249,-0.003274,-0.003267,0.003271,-0.005404
2025-12-16 19:02:51.670,0.000543,0.000367,-0.002920,-0.004891,0.003383,-0.013027
2025-12-16 19:02:51.671,0.000439,0.001125,-0.002494,-0.006437,-0.000051,-0.008267
2025-12-16 19:02:51.672,0.000416,0.001568,-0.002265,-0.008165,-0.007374,-0.001811
2025-12-16 19:02:51.674,0.000300,0.002128,-0.002642,-0.007680,-0.001390,-0.009206
2025-12-16 19:02:51.675,0.000874,0.002206,-0.002175,-0.007928,-0.002769,-0.011488
2025-12-16 19:02:51.676,0.001098,0.001117,-0.002863,-0.014979,-0.006648,-0.010061
2025-12-16 19:02:51.677,0.000367,0.002364,-0.003624,-0.013021,-0.004314,-0.008880
2025-12-16 19:02:51.678,-0.001523,0.002883,-0.004380,-0.009659,0.002207,-0.003872
2025-12-16 19:02:51.679,0.000482,0.001866,-0.003627,-0.008813,0.001154,-0.010005
2025-12-16 19:02:51.680,0.000143,0.001179,-0.003092,-0.006551,0.002332,-0.007254
2025-12-16 19:02:51.681,-0.000168,0.000556,-0.002801,-0.004806,0.002446,-0.005796
2025-12-16 19:02:51.683,0.000200,0.001227,-0.001919,-0.006554,-0.003089,-0.002302
2025-12-16 19:02:51.684,-0.001038,-0.000222,-0.002082,-0.004287,-0.000026,-0.002495
2025-12-16 19:02:51.685,-0.000682,0.000353,-0.002108,-0.000862,-0.002149,-0.003061
2025-12-16 19:02:51.686,0.000648,0.000592,-0.001029,0.001683,-0.004378,-0.004683
2025-12-16 19:02:51.687,-0.000825,0.001964,-0.001159,0.001992,-0.001608,0.000418
2025-12-16 19:02:51.689,-0.002371,0.001469,-0.001489,0.000181,0.002819,0.001665
2025-12-16 19:02:51.690,-0.001636,0.001649,-0.001873,0.001529,0.003555,-0.001703
2025-12-16 19:02:51.691,-0.001382,0.001316,-0.000612,0.001042,-0.000246,0.000201
2025-12-16 19:02:51.692,-0.001542,0.002913,-0.000017,0.000951,0.000310,0.002651
2025-12-16 19:02:51.693,-0.002471,0.002082,-0.001153,-0.000041,0.003092,0.002716
2025-12-16 19:02:51.694,-0.001296,0.001687,-0.000624,0.000791,0.002707,0.000837
2025-12-16 19:02:51.695,-0.000930,0.001728,-0.000115,0.001622,0.000132,0.002965
2025-12-16 19:02:51.696,-0.002052,0.000860,-0.001007,0.000080,-0.001868,0.005076
2025-12-16 19:02:51.698,-0.001360,0.000346,-0.001348,0.000309,-0.000065,0.002402
2025-12-16 19:02:51.699,-0.002472,-0.000401,-0.002328,-0.001066,0.005924,0.000023
2025-12-16 19:02:51.700,-0.001587,-0.000511,-0.001419,-0.000518,0.001677,0.000698
2025-12-16 19:02:51.703,-0.000794,0.002549,0.000196,0.001891,0.001138,0.001933
2025-12-16 19:02:51.707,-0.000698,-0.000022,-0.002649,0.001058,0.007103,-0.012694
2025-12-16 19:02:51.708,-0.000776,0.000103,-0.001799,0.001492,0.006150,-0.009759
2025-12-16 19:02:51.710,-0.000849,0.002731,-0.000227,0.003059,0.000556,-0.002495
2025-12-16 19:02:51.711,-0.000440,0.003396,0.000610,0.005215,0.000931,-0.003917
2025-12-16 19:02:51.712,-0.000811,0.003336,0.000349,0.006429,0.004518,-0.006725
2025-12-16 19:02:51.713,-0.000842,0.001884,-0.000320,0.004453,0.004306,-0.005247
2025-12-16 19:02:51.715,-0.000376,0.001706,0.000665,0.003853,-0.003537,-0.001254
2025-12-16 19:02:51.716,-0.001824,0.002397,-0.001728,0.001629,0.002603,0.000851
2025-12-16 19:02:51.717,-0.000438,0.002466,0.000263,0.002436,-0.000438,0.001039
2025-12-16 19:02:51.718,-0.001096,0.001774,-0.001782,0.003028,0.005919,-0.004075
2025-12-16 19:02:51.719,-0.000631,0.000908,-0.001905,0.002214,-0.000064,0.000166
2025-12-16 19:02:51.721,-0.001424,0.002865,-0.002109,0.003064,-0.001980,0.005085
2025-12-16 19:02:51.723,-0.000433,0.001442,-0.001873,0.002242,0.002041,0.000233
2025-12-16 19:02:51.724,-0.000530,0.000878,-0.002407,0.001507,0.002007,0.001189
2025-12-16 19:02:51.725,-0.000997,0.000463,-0.003042,0.000040,0.003555,0.000843
2025-12-16 19:02:51.726,-0.000964,0.000199,-0.002209,0.000425,-0.001158,0.003719
2025-12-16 19:02:51.729,-0.000748,0.000853,-0.001904,0.001773,-0.000161,0.000003
2025-12-16 19:02:51.730,-0.001648,0.003088,-0.002271,0.002362,-0.004148,0.008397
2025-12-16 19:02:51.731,-0.002205,0.002033,-0.002901,0.001046,-0.002288,0.007217
2025-12-16 19:02:51.732,-0.002666,0.003514,-0.003127,0.003319,0.002301,0.005444
2025-12-16 19:02:51.735,-0.001200,0.003029,-0.000725,0.004203,-0.007882,0.007173
2025-12-16 19:02:51.737,-0.001238,0.001991,-0.003190,0.000249,-0.001621,0.000868
2025-12-16 19:02:51.738,-0.000377,0.002052,-0.002536,0.002465,0.000733,-0.003244
2025-12-16 19:02:51.739,-0.000715,0.001460,-0.002424,0.001778,-0.004315,0.001953
2025-12-16 19:02:51.741,-0.000956,0.002671,-0.002863,0.002874,0.001539,0.001079
2025-12-16 19:02:51.742,-0.001819,0.002275,-0.003448,0.001215,0.005124,0.000940
2025-12-16 19:02:51.743,-0.001292,0.001577,-0.004131,0.002915,0.008667,-0.004311
2025-12-16 19:02:51.744,-0.001474,0.000129,-0.006007,-0.002502,0.003321,-0.000868
2025-12-16 19:02:51.746,-0.000329,-0.000720,-0.005669,-0.007222,0.000214,-0.005567
2025-12-16 19:02:51.747,-0.000327,-0.000843,-0.005777,-0.009056,-0.003306,-0.002403
2025-12-16 19:02:51.748,-0.000628,-0.001351,-0.007548,-0.012107,0.001320,-0.004547
2025-12-16 19:02:51.749,0.000478,-0.001460,-0.005044,-0.006718,-0.003156,-0.006336
2025-12-16 19:02:51.750,0.000844,-0.001401,-0.005033,-0.003195,0.000394,-0.009059
2025-12-16 19:02:51.751,-0.000974,-0.000513,-0.005364,-0.003316,0.000864,-0.002847
2025-12-16 19:02:51.753,-0.000752,-0.000562,-0.005939,-0.006895,0.002199,-0.003511
2025-12-16 19:02:51.754,-0.000298,0.000312,-0.005454,-0.009167,-0.004423,-0.000459
2025-12-16 19:02:51.755,-0.000680,0.000992,-0.005487,-0.005454,0.001459,-0.003997
2025-12-16 19:02:51.757,0.000309,0.000551,-0.002839,0.001038,0.004108,-0.011208
2025-12-16 19:02:51.759,0.000601,-0.001297,-0.003950,0.001575,0.005740,-0.014541
2025-12-16 19:02:51.760,-0.000981,0.001835,-0.003615,0.000874,0.004705,-0.006805
2025-12-16 19:02:51.761,-0.000975,0.002859,-0.003445,0.000558,0.004518,-0.002963
2025-12-16 19:02:51.762,-0.001564,0.001476,-0.005155,-0.000584,0.008184,-0.002271
2025-12-16 19:02:51.763,-0.002638,0.001244,-0.005561,-0.000768,0.003897,0.003576
2025-12-16 19:02:51.764,-0.002546,-0.000081,-0.006505,-0.001816,0.009187,-0.000531
2025-12-16 19:02:51.765,-0.002145,0.001647,-0.005552,0.000124,0.009269,-0.001086
2025-12-16 19:02:51.767,-0.002305,0.001100,-0.005152,-0.000179,0.001481,0.004946
2025-12-16 19:02:51.768,-0.002043,-0.000364,-0.006216,0.000978,0.003374,-0.000247
2025-12-16 19:02:51.769,-0.000911,0.000724,-0.003436,0.003455,-0.003174,0.000620
2025-12-16 19:02:51.771,-0.001431,-0.000603,-0.004921,0.000273,0.001644,0.000934
2025-12-16 19:02:51.772,-0.001156,0.000148,-0.004832,0.002565,-0.000609,0.001003
2025-12-16 19:02:51.773,-0.001605,-0.000301,-0.005902,0.000870,0.000043,0.003236
2025-12-16 19:02:51.775,-0.002527,0.000562,-0.005937,0.000210,0.007822,0.002079
2025-12-16 19:02:51.776,-0.001352,-0.000860,-0.004694,-0.004075,-0.002242,0.002535
2025-12-16 19:02:51.777,-0.001657,-0.000269,-0.005445,-0.003914,-0.001909,0.005338
2025-12-16 19:02:51.778,-0.002924,-0.000567,-0.007542,-0.004303,0.005572,0.004367
2025-12-16 19:02:51.780,-0.000694,-0.000198,-0.004105,0.001199,0.001982,-0.003154
2025-12-16 19:02:51.781,-0.001999,0.000292,-0.005625,0.000555,0.002498,0.002141
2025-12-16 19:02:51.783,-0.000271,-0.001129,-0.004523,-0.000348,-0.002976,-0.002827
2025-12-16 19:02:51.784,-0.000416,-0.000945,-0.004822,-0.004840,-0.000400,-0.003035
2025-12-16 19:02:51.785,-0.001031,-0.000595,-0.005542,-0.004136,-0.001137,0.000706
2025-12-16 19:02:51.786,-0.001324,-0.000965,-0.005507,-0.003939,-0.004245,0.004341
2025-12-16 19:02:51.788,-0.001604,0.000071,-0.006051,-0.001425,0.001639,0.002712
2025-12-16 19:02:51.789,-0.003403,-0.001319,-0.005652,0.000021,0.007109,-0.003879
2025-12-16 19:02:51.790,-0.002699,-0.001073,-0.005540,-0.000897,0.002979,-0.000396
2025-12-16 19:02:51.792,-0.001913,0.000307,-0.004464,0.001328,-0.001952,0.003000
2025-12-16 19:02:51.793,-0.001683,-0.001072,-0.005744,-0.003543,-0.001931,0.001759
2025-12-16 19:02:51.795,-0.001853,-0.000557,-0.005637,-0.001254,0.000125,0.001738
2025-12-16 19:02:51.796,-0.001201,-0.000873,-0.005222,-0.001710,-0.003638,0.003247
2025-12-16 19:02:51.797,-0.001629,-0.000047,-0.004859,-0.001011,-0.004623,0.006727
2025-12-16 19:02:51.798,-0.001462,-0.000684,-0.005119,-0.001296,0.001377,0.002321
2025-12-16 19:02:51.799,-0.001716,-0.000337,-0.004623,-0.001305,-0.000667,0.004738
2025-12-16 19:02:51.800,-0.001206,0.000787,-0.003421,-0.000099,-0.006215,0.009601
2025-12-16 19:02:51.802,-0.001621,-0.000066,-0.003410,-0.001408,-0.007209,0.010010
2025-12-16 19:02:51.803,0.000174,0.000266,-0.001702,0.001564,-0.009284,0.004614
2025-12-16 19:02:51.804,0.000314,-0.000417,-0.001650,0.000809,-0.006749,0.002139
2025-12-16 19:02:51.805,-0.001024,0.000604,-0.001930,0.001515,-0.002225,0.003275
2025-12-16 19:02:51.806,-0.000746,0.000282,-0.002483,0.000393,-0.001972,0.003001
2025-12-16 19:02:51.807,-0.001606,-0.000346,-0.003918,-0.000620,0.004555,0.000806
2025-12-16 19:02:51.808,-0.000353,-0.001553,-0.004955,-0.005030,0.001021,0.000022
2025-12-16 19:02:51.810,-0.000885,-0.000943,-0.004785,-0.002673,-0.003346,0.002703
2025-12-16 19:02:51.811,-0.001397,-0.000876,-0.004871,-0.001427,-0.003295,0.004738
2025-12-16 19:02:51.812,-0.001823,0.000538,-0.005210,0.000724,-0.000529,0.003566
2025-12-16 19:02:51.813,-0.000042,-0.000117,-0.003275,0.001929,-0.005326,-0.000603
2025-12-16 19:02:51.814,-0.000057,-0.000090,-0.003083,0.001629,-0.003360,-0.000376
2025-12-16 19:02:51.815,0.000814,-0.001356,-0.004310,-0.001461,-0.005483,-0.004130
2025-12-16 19:02:51.817,-0.000836,-0.000450,-0.005174,0.001115,0.001715,-0.003585
2025-12-16 19:02:51.818,0.000647,-0.003065,-0.004728,-0.000290,-0.001488,-0.005570
2025-12-16 19:02:51.819,0.000377,-0.002728,-0.004344,0.000420,-0.000745,-0.004306
2025-12-16 19:02:51.820,-0.000304,-0.001309,-0.004950,0.001239,0.004833,-0.006571
2025-12-16 19:02:51.821,0.000082,-0.001306,-0.003479,0.000938,-0.001470,-0.002877
2025-12-16 19:02:51.823,-0.001081,-0.001551,-0.006067,-0.000357,0.004269,-0.000644
2025-12-16 19:02:51.824,-0.001850,-0.001798,-0.006618,-0.000685,0.001827,0.003101
2025-12-16 19:02:51.825,-0.000877,-0.001492,-0.004569,-0.000355,0.000791,0.001503
2025-12-16 19:02:51.826,-0.001553,-0.001079,-0.005747,-0.001998,0.006481,0.000372
2025-12-16 19:02:51.827,-0.000802,-0.000441,-0.003973,-0.001371,0.004258,0.000624
2025-12-16 19:02:51.828,-0.001152,0.000617,-0.003593,-0.000419,-0.000512,0.005937
2025-12-16 19:02:51.829,-0.002063,-0.000896,-0.005026,-0.002238,0.003961,0.003087
2025-12-16 19:02:51.830,-0.002010,-0.000155,-0.004373,-0.001955,0.000464,0.006115
2025-12-16 19:02:51.831,-0.001959,-0.000432,-0.004808,-0.001694,0.004789,0.003288
2025-12-16 19:02:51.832,-0.001459,-0.000002,-0.004919,0.000004,0.002120,0.002334
2025-12-16 19:02:51.833,-0.000300,-0.000099,-0.003519,0.002067,-0.001656,-0.000561
2025-12-16 19:02:51.835,-0.001008,-0.000521,-0.004488,0.000894,-0.002520,0.002799
2025-12-16 19:02:51.836,-0.000245,-0.000932,-0.002833,0.001048,0.000736,-0.001308
2025-12-16 19:02:51.837,-0.000093,-0.000543,-0.001978,0.000840,-0.004075,0.002840
2025-12-16 19:02:51.838,-0.002309,-0.000502,-0.006150,-0.000921,-0.003053,0.008956
2025-12-16 19:02:51.839,-0.001904,0.000208,-0.005185,-0.000520,-0.003892,0.009023
2025-12-16 19:02:51.840,-0.000975,-0.000295,-0.003678,-0.000001,-0.006049,0.007846
2025-12-16 19:02:51.841,-0.001278,-0.000697,-0.004571,0.000425,-0.004471,0.004716
2025-12-16 19:02:51.842,-0.001256,-0.000378,-0.005135,0.001804,0.000219,0.000312
2025-12-16 19:02:51.843,-0.000934,-0.000099,-0.004783,0.002196,0.000566,0.001102
2025-12-16 19:02:51.844,-0.002021,0.000550,-0.004959,0.000845,0.001700,0.003703
2025-12-16 19:02:51.846,-0.002522,0.000342,-0.006313,-0.001243,0.001200,0.007227
2025-12-16 19:02:51.847,-0.002282,-0.000305,-0.006052,-0.001958,-0.001728,0.007868
2025-12-16 19:02:51.848,-0.002282,-0.000038,-0.005981,-0.000711,0.000782,0.007616
2025-12-16 19:02:51.849,-0.001994,0.000084,-0.005801,-0.001273,0.002893,0.005723
2025-12-16 19:02:51.850,-0.002178,-0.000650,-0.006280,-0.001422,0.004530,0.004271
2025-12-16 19:02:51.851,-0.002047,-0.000458,-0.006428,0.000178,0.007856,-0.001056
2025-12-16 19:02:51.852,-0.002338,-0.000161,-0.006699,-0.000205,0.004584,0.003123
2025-12-16 19:02:51.853,-0.001629,0.000113,-0.005390,0.002528,0.005198,-0.001076
2025-12-16 19:02:51.855,-0.001227,-0.000941,-0.005809,0.000307,0.003101,0.000340
2025-12-16 19:02:51.856,-0.002558,0.000879,-0.005880,0.000073,0.003219,0.005603
2025-12-16 19:02:51.857,-0.003073,0.000292,-0.007833,-0.001404,0.008401,0.004293
2025-12-16 19:02:51.858,-0.002458,-0.000352,-0.006997,-0.000988,0.005154,0.004377
2025-12-16 19:02:51.859,-0.002986,-0.000073,-0.006865,-0.001990,0.004647,0.005742
2025-12-16 19:02:51.860,-0.002579,-0.000656,-0.006681,-0.001992,0.008533,0.002301
2025-12-16 19:02:51.862,-0.003258,-0.000540,-0.007388,-0.002321,0.011875,0.002244
2025-12-16 19:02:51.863,-0.001289,-0.000086,-0.005790,-0.001950,0.005000,0.003551
2025-12-16 19:02:51.864,-0.001471,-0.001225,-0.007475,-0.002576,0.010816,0.000285
2025-12-16 19:02:51.865,-0.002168,-0.000402,-0.007090,-0.002044,0.008733,0.003279
2025-12-16 19:02:51.866,-0.001232,-0.000525,-0.005864,-0.001737,0.006744,0.002004
2025-12-16 19:02:51.867,-0.002105,0.000424,-0.006161,-0.001062,0.003383,0.007257
2025-12-16 19:02:51.868,-0.001639,-0.001010,-0.006399,-0.002028,0.001702,0.005934
2025-12-16 19:02:51.870,-0.002607,-0.000935,-0.006744,-0.002724,0.002077,0.007161
2025-12-16 19:02:51.872,-0.001439,-0.000235,-0.004328,-0.000791,-0.002395,0.007257
2025-12-16 19:02:51.873,-0.001214,-0.000453,-0.003710,0.000920,-0.003872,0.004371
2025-12-16 19:02:51.874,-0.001289,0.000199,-0.003801,0.000431,-0.003476,0.005683
2025-12-16 19:02:51.876,-0.001261,0.000622,-0.003551,0.001778,-0.006802,0.006815
2025-12-16 19:02:51.877,-0.001093,0.000435,-0.003641,0.001484,-0.007006,0.007709
2025-12-16 19:02:51.878,-0.001675,-0.000359,-0.004707,-0.000677,-0.000559,0.004164
2025-12-16 19:02:51.880,-0.001886,0.000270,-0.005089,-0.000302,0.002666,0.004582
2025-12-16 19:02:51.881,-0.000700,-0.001607,-0.003853,-0.000862,0.001572,-0.000325
2025-12-16 19:02:51.882,-0.001737,-0.000303,-0.004026,-0.000924,-0.002104,0.006681
2025-12-16 19:02:51.883,-0.001880,0.000188,-0.004601,-0.001318,-0.001863,0.008059
2025-12-16 19:02:51.884,-0.001557,-0.000805,-0.005007,-0.001500,-0.000733,0.005891
2025-12-16 19:02:51.885,-0.001710,0.000170,-0.004806,-0.001671,-0.002880,0.008877
2025-12-16 19:02:51.887,-0.001664,-0.000094,-0.006162,0.000287,0.001081,0.004290
2025-12-16 19:02:51.888,-0.002167,0.000149,-0.005744,0.000021,0.001102,0.006307
2025-12-16 19:02:51.890,-0.003151,0.000295,-0.006610,-0.000822,0.005279,0.005037
2025-12-16 19:02:51.891,-0.001194,0.000033,-0.005053,0.001293,0.001045,0.002044
2025-12-16 19:02:51.893,-0.001711,0.000305,-0.004297,0.000003,-0.002581,0.006242
2025-12-16 19:02:51.894,-0.001548,-0.000138,-0.004370,-0.000392,0.001560,0.003222
2025-12-16 19:02:51.896,-0.001120,-0.000045,-0.004350,0.002543,-0.002051,0.001342
2025-12-16 19:02:51.898,-0.001688,0.000312,-0.005238,0.000933,0.006446,-0.000610
2025-12-16 19:02:51.899,-0.001075,-0.002781,-0.005964,-0.001280,0.008344,-0.005353
2025-12-16 19:02:51.901,-0.001107,-0.001470,-0.005813,0.000544,0.002482,-0.000646
2025-12-16 19:02:51.902,-0.001600,-0.001586,-0.006106,-0.000106,0.002773,0.000075
2025-12-16 19:02:51.903,-0.001135,-0.001086,-0.005346,0.000040,0.000536,0.002240
2025-12-16 19:02:51.904,-0.000955,0.000071,-0.004963,0.001620,-0.001458,0.002098
2025-12-16 19:02:51.905,-0.001745,-0.000375,-0.005389,0.001087,-0.000952,0.004166
2025-12-16 19:02:51.907,-0.002087,0.000429,-0.005211,-0.000352,0.003942,0.003448
2025-12-16 19:02:51.908,-0.001958,-0.000103,-0.005507,-0.000680,0.007070,0.001012
2025-12-16 19:02:51.909,-0.001225,-0.000324,-0.005332,-0.001019,0.001653,0.004428
2025-12-16 19:02:51.911,-0.001736,-0.000123,-0.005762,0.000396,0.004039,0.001327
2025-12-16 19:02:51.913,-0.001629,-0.000186,-0.005277,0.001344,0.005866,-0.002468
2025-12-16 19:02:51.914,-0.001998,-0.000266,-0.005810,0.001375,0.003684,0.001977
2025-12-16 19:02:51.915,-0.001710,-0.000510,-0.005709,-0.000262,-0.000233,0.003828
2025-12-16 19:02:51.919,-0.002072,0.000258,-0.006019,0.000040,-0.001376,0.007515
2025-12-16 19:02:51.920,-0.001656,-0.001439,-0.006797,-0.000791,0.004536,0.001712
2025-12-16 19:02:51.921,0.000017,-0.001696,-0.005155,0.000087,-0.001234,0.001931
2025-12-16 19:02:51.923,-0.001398,-0.000899,-0.005711,-0.000887,0.000733,0.004675
2025-12-16 19:02:51.924,-0.001332,-0.000796,-0.005767,-0.001820,-0.000505,0.005550
2025-12-16 19:02:51.928,-0.002018,-0.000894,-0.006603,-0.002333,-0.000262,0.008159
2025-12-16 19:02:51.931,-0.001279,-0.000529,-0.007574,-0.001796,0.008566,0.002800
2025-12-16 19:02:51.933,-0.000619,0.000721,-0.006381,0.000071,0.003847,0.004187
2025-12-16 19:02:51.934,-0.001447,-0.000656,-0.007436,-0.001403,0.003235,0.005077
2025-12-16 19:02:51.935,-0.001351,-0.000025,-0.007462,0.000856,0.005109,0.001619
2025-12-16 19:02:51.936,-0.001320,-0.001614,-0.007729,-0.000416,0.003835,0.001249
2025-12-16 19:02:51.938,0.000208,0.000343,-0.005258,0.000687,0.001291,0.003435
2025-12-16 19:02:51.940,-0.000267,-0.000875,-0.005511,-0.000704,0.004032,0.001061
2025-12-16 19:02:51.941,0.000198,-0.000184,-0.004811,-0.000617,-0.002162,0.005733
2025-12-16 19:02:51.943,-0.000165,-0.000427,-0.004842,-0.000575,-0.001984,0.005302
2025-12-16 19:02:51.948,0.001210,-0.003650,-0.005001,-0.001123,-0.002953,0.000542
2025-12-16 19:02:51.950,-0.000230,-0.001884,-0.005691,-0.000208,0.002752,-0.000808
2025-12-16 19:02:51.951,-0.000744,-0.002800,-0.006293,-0.001655,0.001001,0.000736
2025-12-16 19:02:51.953,-0.000626,-0.000476,-0.005639,0.001015,-0.002360,0.003730
2025-12-16 19:02:51.954,0.001324,-0.002609,-0.004521,0.000188,-0.008014,0.001975
2025-12-16 19:02:51.957,0.000535,-0.001741,-0.004404,0.001563,-0.008289,0.004241
2025-12-16 19:02:51.958,0.001166,-0.001713,-0.004880,0.002778,-0.001617,-0.003254
2025-12-16 19:02:51.959,0.000389,-0.001359,-0.004718,0.001368,0.002521,-0.002998
2025-12-16 19:02:51.960,-0.000010,-0.000348,-0.004486,0.003107,0.003408,-0.004065
2025-12-16 19:02:51.963,-0.000456,-0.000560,-0.004822,0.002357,0.006685,-0.005914
2025-12-16 19:02:51.964,0.001711,-0.002501,-0.004294,0.000661,0.003773,-0.007114
2025-12-16 19:02:51.965,0.000616,-0.003305,-0.005910,-0.000666,0.004268,-0.004574
2025-12-16 19:02:51.966,0.000279,-0.003174,-0.005405,-0.000787,-0.001535,-0.000541
2025-12-16 19:02:51.967,0.000881,-0.001563,-0.005423,-0.000467,-0.002172,0.002122
2025-12-16 19:02:51.968,-0.000740,-0.002033,-0.007577,-0.001683,0.007000,-0.000643
2025-12-16 19:02:51.969,-0.001414,-0.002292,-0.007674,-0.002231,0.009421,-0.001490
2025-12-16 19:02:51.971,-0.001546,-0.002229,-0.007266,-0.001878,0.006099,0.001985
2025-12-16 19:02:51.973,-0.001239,-0.000221,-0.006727,-0.000158,0.005905,0.001193
2025-12-16 19:02:51.974,0.001580,-0.001420,-0.004560,0.002292,0.003051,-0.006107
2025-12-16 19:02:51.975,-0.000484,-0.000139,-0.006220,0.001124,0.002302,0.002159
2025-12-16 19:02:51.976,-0.000288,-0.000342,-0.005374,0.000086,-0.001706,0.004388
2025-12-16 19:02:51.977,-0.001031,-0.001260,-0.006360,-0.001026,0.004251,0.000656
2025-12-16 19:02:51.979,-0.000151,-0.000971,-0.007205,-0.001475,0.002008,0.004185
2025-12-16 19:02:51.980,-0.001526,-0.000161,-0.007479,-0.001768,0.003468,0.006690
2025-12-16 19:02:51.981,0.000112,-0.001546,-0.004792,-0.000820,-0.003403,0.004557
2025-12-16 19:02:51.985,-0.001186,-0.000668,-0.005460,-0.000965,-0.003337,0.008048
2025-12-16 19:02:51.986,-0.000346,-0.000796,-0.005011,0.001266,0.003342,-0.000944
2025-12-16 19:02:51.987,-0.000863,-0.000713,-0.004226,0.000647,0.001828,0.000470
2025-12-16 19:02:51.988,-0.000562,-0.001673,-0.005322,0.001704,0.001726,-0.002228
2025-12-16 19:02:51.989,-0.001179,-0.001803,-0.006786,-0.000089,0.005990,-0.002501
2025-12-16 19:02:51.990,-0.001748,-0.001513,-0.006819,-0.000984,0.008615,-0.001917
2025-12-16 19:02:51.991,-0.000471,-0.000002,-0.005018,0.000125,0.002007,0.002523
2025-12-16 19:02:51.993,0.000006,-0.000544,-0.004800,-0.000063,0.001234,0.002744
2025-12-16 19:02:51.994,0.000777,-0.000330,-0.004259,-0.000514,-0.005495,0.006227
2025-12-16 19:02:51.995,0.000448,-0.000902,-0.005107,-0.001220,-0.002404,0.004505
2025-12-16 19:02:51.997,-0.000142,-0.000055,-0.003868,-0.000986,-0.001948,0.005510
2025-12-16 19:02:51.998,0.000475,-0.000032,-0.002568,0.002051,-0.005910,0.002732
2025-12-16 19:02:51.999,-0.000002,-0.000151,-0.002927,0.000728,-0.003522,0.002779
2025-12-16 19:02:52.001,0.000380,-0.002491,-0.004365,0.000017,-0.000975,-0.001460
2025-12-16 19:02:52.002,-0.000291,-0.002403,-0.004910,-0.001327,0.004220,-0.001932
2025-12-16 19:02:52.003,0.001451,-0.003448,-0.004339,0.001171,0.003036,-0.008326
2025-12-16 19:02:52.004,0.000752,-0.003518,-0.004887,0.000170,0.002401,-0.005182
2025-12-16 19:02:52.005,0.002042,-0.002652,-0.003712,0.001868,-0.001034,-0.006978
2025-12-16 19:02:52.006,0.002084,-0.002463,-0.003265,0.001424,0.000424,-0.007322
2025-12-16 19:02:52.007,0.001774,-0.002362,-0.003612,0.002577,-0.001962,-0.007075
2025-12-16 19:02:52.009,0.000412,-0.001370,-0.003858,0.001623,-0.003720,-0.001062
2025-12-16 19:02:52.010,0.000887,-0.004881,-0.005192,-0.001207,0.002345,-0.007744
2025-12-16 19:02:52.011,0.000994,-0.002800,-0.004653,-0.000542,-0.001149,-0.001263
2025-12-16 19:02:52.012,0.000554,-0.001980,-0.004440,-0.001419,0.000592,-0.000610
2025-12-16 19:02:52.013,0.000815,-0.002786,-0.004430,0.001540,-0.001932,-0.003258
2025-12-16 19:02:52.014,0.001543,-0.004577,-0.004396,0.000059,-0.001512,-0.006824
2025-12-16 19:02:52.015,0.002149,-0.003008,-0.003997,0.002458,-0.002849,-0.006888
2025-12-16 19:02:52.017,0.000068,-0.002093,-0.005446,0.001348,-0.002858,0.000093
2025-12-16 19:02:52.018,-0.000578,-0.001063,-0.005124,0.001774,0.003539,-0.002439
2025-12-16 19:02:52.019,-0.001159,-0.000326,-0.005056,0.000894,0.002184,0.001547
2025-12-16 19:02:52.020,-0.002032,-0.000929,-0.006531,-0.000682,0.003093,0.003063
2025-12-16 19:02:52.021,-0.000205,-0.002783,-0.006238,-0.001951,-0.000865,0.000686
2025-12-16 19:02:52.022,-0.000403,-0.002310,-0.005291,-0.001459,-0.003759,0.003782
2025-12-16 19:02:52.024,-0.002067,-0.001209,-0.006271,-0.001349,0.002649,0.003878
2025-12-16 19:02:52.025,-0.001441,-0.000629,-0.005201,-0.001659,-0.002653,0.007365
2025-12-16 19:02:52.027,-0.002504,-0.000719,-0.006422,-0.001838,0.002206,0.006832
2025-12-16 19:02:52.028,-0.001577,-0.000464,-0.004543,-0.001801,0.003059,0.003464
2025-12-16 19:02:52.029,-0.002237,-0.000497,-0.005453,-0.001989,0.004869,0.004304
2025-12-16 19:02:52.030,-0.001433,-0.001806,-0.005505,-0.001194,0.001528,0.003083
2025-12-16 19:02:52.031,-0.000730,-0.002710,-0.005606,-0.002520,0.001771,0.001053
2025-12-16 19:02:52.032,-0.000367,-0.004021,-0.005778,-0.002901,0.004612,-0.003640
2025-12-16 19:02:52.035,-0.002841,-0.001572,-0.007457,-0.003435,0.009529,0.001914
2025-12-16 19:02:52.036,-0.001247,-0.002045,-0.005090,-0.001010,0.001909,0.002354
2025-12-16 19:02:52.037,-0.000650,-0.002194,-0.004068,-0.001022,-0.001836,0.002678
2025-12-16 19:02:52.038,-0.000541,-0.002758,-0.003711,0.001550,0.001822,0.000646
2025-12-16 19:02:52.039,-0.000107,-0.004352,-0.004748,-0.000507,0.003840,-0.002563
2025-12-16 19:02:52.041,0.000119,-0.004133,-0.003734,-0.000147,0.003720,-0.004493
2025-12-16 19:02:52.042,0.000621,-0.003400,-0.002122,-0.000323,-0.004006,0.000063
2025-12-16 19:02:52.043,0.000383,-0.003179,-0.003202,-0.000745,0.000280,-0.001658
2025-12-16 19:02:52.045,-0.000352,-0.002379,-0.003740,-0.001531,0.000881,0.000277
2025-12-16 19:02:52.046,-0.000259,-0.002326,-0.003032,-0.001097,-0.000456,0.000091
2025-12-16 19:02:52.047,-0.000539,-0.001835,-0.004014,-0.001796,0.004885,-0.001928
2025-12-16 19:02:52.049,-0.001098,-0.001703,-0.005091,-0.002041,0.008058,-0.001941
2025-12-16 19:02:52.050,0.000589,-0.002219,-0.002906,-0.002166,-0.004707,0.002182
2025-12-16 19:02:52.051,-0.000718,-0.001021,-0.002903,-0.001350,-0.001555,0.003483
2025-12-16 19:02:52.052,-0.000530,-0.000783,-0.003615,-0.001720,-0.001477,0.003608
2025-12-16 19:02:52.054,-0.000062,-0.000852,-0.002401,-0.000126,-0.000687,0.001791
2025-12-16 19:02:52.055,-0.000286,-0.002292,-0.003318,-0.001827,-0.004635,0.003496
2025-12-16 19:02:52.056,-0.000523,-0.001137,-0.003584,-0.000890,-0.000742,0.003121
2025-12-16 19:02:52.059,-0.001331,-0.000366,-0.004629,0.000192,0.005175,0.000385
2025-12-16 19:02:52.061,-0.000530,-0.000534,-0.003540,0.000348,0.002990,-0.000802
2025-12-16 19:02:52.062,-0.000760,-0.000268,-0.001393,0.003058,0.000794,0.002173
2025-12-16 19:02:52.064,0.000032,-0.001837,-0.001987,0.000632,-0.002462,0.001947
2025-12-16 19:02:52.066,-0.000327,-0.001181,-0.003291,-0.000096,-0.000377,0.002690
2025-12-16 19:02:52.067,0.001057,-0.001685,-0.002200,0.000164,-0.005720,0.002402
2025-12-16 19:02:52.068,0.000421,-0.000830,-0.001800,0.000950,-0.002678,0.002451
2025-12-16 19:02:52.069,0.000954,-0.001602,-0.002264,-0.000231,-0.001870,0.000318
2025-12-16 19:02:52.070,0.000710,-0.001059,-0.001677,-0.000338,-0.000331,-0.000276
2025-12-16 19:02:52.072,-0.000947,-0.000543,-0.003681,-0.000793,0.004657,0.001074
2025-12-16 19:02:52.073,-0.000519,-0.001110,-0.003266,-0.000675,0.004271,-0.000549
2025-12-16 19:02:52.074,-0.001032,-0.001664,-0.004697,-0.001226,0.007983,-0.002173
2025-12-16 19:02:52.075,-0.001510,0.000552,-0.003015,0.000177,0.007932,0.000521
2025-12-16 19:02:52.077,-0.001187,-0.000822,-0.003186,-0.001214,0.006057,-0.000901
2025-12-16 19:02:52.078,-0.000757,-0.000219,-0.002674,0.001011,0.004982,-0.003123
2025-12-16 19:02:52.079,-0.001460,-0.000371,-0.003941,-0.000124,0.009265,-0.003215
2025-12-16 19:02:52.080,-0.000683,0.000654,-0.002143,0.000516,0.001172,0.001369
2025-12-16 19:02:52.081,-0.000233,-0.000369,-0.001808,0.000889,0.001633,-0.000662
2025-12-16 19:02:52.083,-0.000734,-0.000875,-0.002242,-0.000537,0.003001,-0.001111
2025-12-16 19:02:52.084,-0.000834,-0.000351,-0.002086,0.000037,0.004574,-0.001268
2025-12-16 19:02:52.085,-0.001258,-0.000452,-0.002142,-0.000669,0.004900,-0.000285
2025-12-16 19:02:52.087,-0.000656,-0.000537,-0.001998,-0.000980,0.002743,0.000041
2025-12-16 19:02:52.088,-0.000134,-0.000514,-0.001396,-0.000161,0.003492,-0.001717
2025-12-16 19:02:52.089,-0.000467,-0.000454,-0.001405,-0.000087,0.003866,-0.001507
2025-12-16 19:02:52.091,-0.000182,0.000301,-0.001206,-0.000392,-0.000475,0.001928
2025-12-16 19:02:52.092,-0.000916,-0.000909,-0.002440,-0.001456,0.005303,-0.001564
2025-12-16 19:02:52.094,-0.000549,-0.000342,-0.002193,-0.000137,0.004675,-0.000622
2025-12-16 19:02:52.095,-0.001403,-0.000493,-0.003961,-0.001112,0.007055,-0.000313
2025-12-16 19:02:52.097,-0.000551,-0.000468,-0.001946,-0.001219,0.003840,-0.000335
2025-12-16 19:02:52.099,-0.000405,-0.000415,-0.001667,-0.000864,0.002775,-0.000588
2025-12-16 19:02:52.100,-0.001227,-0.000453,-0.002948,-0.000147,0.005559,-0.000013
2025-12-16 19:02:52.101,-0.001495,-0.000011,-0.003331,-0.001279,0.006294,0.000837
2025-12-16 19:02:52.103,-0.001081,-0.000415,-0.003445,-0.001349,0.006855,-0.000561
2025-12-16 19:02:52.104,-0.000227,-0.000842,-0.001793,-0.001265,0.002023,-0.000562
2025-12-16 19:02:52.105,0.000092,-0.000304,-0.001374,0.001835,0.002619,-0.004209
2025-12-16 19:02:52.107,-0.000422,0.000006,-0.001640,0.000125,0.005117,-0.003495
2025-12-16 19:02:52.108,0.000004,0.000487,-0.000818,0.000691,0.000683,-0.000054
2025-12-16 19:02:52.110,-0.000370,0.000226,-0.000881,0.000528,0.002469,-0.000974
2025-12-16 19:02:52.111,0.000320,-0.000409,-0.000505,0.000191,0.002040,-0.002745
2025-12-16 19:02:52.113,0.000220,0.000075,0.000610,0.000907,-0.004958,0.001924
2025-12-16 19:02:52.115,-0.000414,-0.000358,-0.000182,0.000498,0.000635,-0.000867
2025-12-16 19:02:52.116,0.000280,-0.000606,-0.000028,-0.000240,-0.000829,-0.001700
2025-12-16 19:02:52.117,0.000804,-0.000229,0.000899,0.000097,-0.003523,0.000381
2025-12-16 19:02:52.118,0.000360,0.000522,0.000565,0.000552,-0.002522,0.001853
2025-12-16 19:02:52.121,0.000687,-0.000311,0.000706,-0.000171,-0.001754,-0.000860
2025-12-16 19:02:52.123,0.000490,-0.000193,0.000488,0.000067,-0.003517,0.000782
2025-12-16 19:02:52.124,0.000746,-0.000289,0.000529,0.000504,-0.000267,-0.001730
2025-12-16 19:02:52.125,0.000388,0.000129,0.000639,0.000568,-0.000648,-0.000113
2025-12-16 19:02:52.126,0.000319,-0.000110,0.000714,-0.000289,-0.002824,0.000410
2025-12-16 19:02:52.127,0.000628,-0.000201,0.000733,0.000283,-0.002064,-0.000597
2025-12-16 19:02:52.128,0.000969,0.000605,0.001357,0.000621,-0.002133,0.000429
2025-12-16 19:02:52.131,0.003811,0.001637,0.004464,0.002551,-0.012538,0.002608
2025-12-16 19:02:52.132,0.002614,0.000170,0.003148,0.001199,-0.006555,-0.001211
2025-12-16 19:02:52.133,0.001753,0.000692,0.001955,0.000855,-0.004635,0.000486
2025-12-16 19:02:52.135,0.001904,0.000381,0.002163,0.001063,-0.006812,0.000833
2025-12-16 19:02:52.136,0.001382,0.000212,0.001508,0.000598,-0.003624,-0.000330
2025-12-16 19:02:52.137,0.000769,0.000168,0.001214,0.000554,-0.002292,0.000052
2025-12-16 19:02:52.138,0.000905,-0.000469,0.000806,-0.000004,-0.001202,-0.001930
2025-12-16 19:02:52.140,0.000557,0.000617,0.001082,0.000502,-0.003438,0.001732
2025-12-16 19:02:52.141,0.000255,0.000739,0.000427,0.000673,-0.001486,0.001566
2025-12-16 19:02:52.142,-0.000271,0.000231,0.000483,-0.000267,0.000537,-0.000127
2025-12-16 19:02:52.143,0.000343,0.000073,0.000452,0.000436,-0.000532,-0.000364
2025-12-16 19:02:52.144,0.000489,-0.000060,0.000937,0.000776,-0.003251,0.000968
2025-12-16 19:02:52.145,0.000529,-0.000430,0.000557,-0.000036,-0.002044,-0.000348
2025-12-16 19:02:52.146,0.000147,0.000178,0.000362,-0.000203,0.000584,-0.000743
2025-12-16 19:02:52.148,0.001016,0.000102,0.000707,0.000539,-0.003186,-0.000027
2025-12-16 19:02:52.149,-0.000097,0.000609,0.000422,0.000622,-0.001458,0.001647
2025-12-16 19:02:52.150,-0.000212,0.000374,0.000399,0.000531,0.000538,-0.000208
2025-12-16 19:02:52.151,-0.000404,-0.000446,-0.000580,-0.000463,0.002868,-0.001346
2025-12-16 19:02:52.153,-0.000258,-0.000624,-0.000719,-0.000593,0.000771,-0.000095
2025-12-16 19:02:52.154,0.000601,-0.000530,0.000616,0.000349,-0.002580,-0.000571
2025-12-16 19:02:52.155,0.000728,-0.000639,0.000261,-0.000209,0.000488,-0.002472
2025-12-16 19:02:52.156,0.000417,0.000288,0.000077,0.000478,0.000568,0.000049
2025-12-16 19:02:52.158,0.000081,0.000075,-0.000583,-0.000650,-0.001392,0.001714
2025-12-16 19:02:52.160,0.000257,-0.000397,-0.000402,-0.000734,0.001862,-0.001999
2025-12-16 19:02:52.161,-0.000615,0.000560,-0.000422,-0.000036,0.001544,0.001117
2025-12-16 19:02:52.162,0.000106,0.000005,-0.000007,0.000530,-0.000050,0.000177
2025-12-16 19:02:52.164,0.000469,-0.001120,-0.000236,-0.000256,0.000890,-0.002823
2025-12-16 19:02:52.165,-0.000012,-0.000531,-0.000761,-0.000523,0.001680,-0.001434
2025-12-16 19:02:52.166,0.000260,-0.000284,-0.000284,-0.000235,0.000775,-0.000899
2025-12-16 19:02:52.167,-0.000596,0.000036,-0.001203,-0.000002,0.001294,0.001072
2025-12-16 19:02:52.169,-0.000154,-0.000437,-0.000357,-0.000786,0.000534,-0.000110
2025-12-16 19:02:52.170,-0.000514,0.000661,-0.000513,0.000379,0.002815,0.000591
2025-12-16 19:02:52.171,-0.000185,-0.000120,-0.000655,-0.000096,0.001207,0.000121
2025-12-16 19:02:52.172,-0.000107,-0.001130,-0.000890,-0.000884,0.000455,-0.001435
2025-12-16 19:02:52.173,-0.000373,-0.000617,-0.001240,-0.001224,0.001062,-0.000374
2025-12-16 19:02:52.174,0.000267,-0.000070,-0.000013,0.000414,0.001355,-0.001266
2025-12-16 19:02:52.176,-0.000235,-0.000322,-0.000382,-0.000129,-0.000714,0.001031
2025-12-16 19:02:52.177,-0.000196,0.000141,-0.000348,0.000228,-0.000250,0.001419
2025-12-16 19:02:52.178,0.000411,-0.000130,-0.000005,0.000300,0.000632,-0.001383
2025-12-16 19:02:52.179,-0.000708,-0.000314,-0.000920,-0.000610,0.003193,-0.000742
2025-12-16 19:02:52.180,0.000359,0.000539,0.000594,0.000233,-0.001416,0.000641
2025-12-16 19:02:52.182,-0.000154,0.000423,0.000091,0.000267,-0.000936,0.001660
2025-12-16 19:02:52.183,-0.000096,-0.000093,-0.000304,-0.000651,0.000594,0.000373
2025-12-16 19:02:52.185,-0.003421,-0.000286,-0.002754,-0.001818,0.007698,0.000878
2025-12-16 19:02:52.186,-0.002860,-0.000810,-0.002359,-0.001140,0.005489,0.000788
2025-12-16 19:02:52.188,-0.000742,-0.000070,-0.000009,-0.000176,0.002000,-0.000895
2025-12-16 19:02:52.191,0.000227,0.000548,0.001022,0.000711,-0.007903,0.004644
2025-12-16 19:02:52.192,0.000127,0.000575,0.000469,0.000021,-0.003517,0.002589
2025-12-16 19:02:52.193,-0.000971,-0.000092,-0.000518,-0.000552,0.000083,0.001647
2025-12-16 19:02:52.194,-0.000879,0.001063,-0.000121,0.000051,-0.000352,0.002842
2025-12-16 19:02:52.197,0.000095,-0.000369,-0.000628,-0.000163,-0.002189,0.001478
2025-12-16 19:02:52.198,-0.000387,-0.000205,-0.000189,0.000237,-0.001065,0.001361
2025-12-16 19:02:52.199,-0.000272,0.000431,0.000049,0.000122,-0.003980,0.003991
2025-12-16 19:02:52.200,0.000354,0.000114,0.000537,0.000493,-0.002689,0.001225
2025-12-16 19:02:52.202,-0.000395,0.000811,0.000196,0.000472,0.000338,0.001687
2025-12-16 19:02:52.203,0.000199,0.000334,0.001003,0.000807,-0.007151,0.004351
2025-12-16 19:02:52.204,0.000249,0.000134,0.000631,0.000090,-0.006088,0.003115
2025-12-16 19:02:52.205,-0.000032,-0.000392,-0.000139,-0.000877,-0.003480,0.001809
2025-12-16 19:02:52.207,-0.000064,0.000796,0.000753,0.000606,-0.006616,0.005314
2025-12-16 19:02:52.208,0.000884,-0.002057,0.000331,-0.000695,-0.010386,0.002742
2025-12-16 19:02:52.209,0.000048,-0.000699,-0.000339,-0.000431,-0.006025,0.003290
2025-12-16 19:02:52.211,0.000855,-0.000204,0.000569,0.000160,-0.003213,0.000412
2025-12-16 19:02:52.212,0.000429,0.000071,0.000366,-0.000100,-0.004037,0.002353
2025-12-16 19:02:52.213,0.000341,-0.000505,0.000362,0.000233,-0.003881,0.001383
2025-12-16 19:02:52.214,-0.000044,-0.000291,-0.000442,-0.000835,-0.000376,0.000433
2025-12-16 19:02:52.216,0.000500,-0.000365,0.000665,0.000015,-0.001639,-0.001019
2025-12-16 19:02:52.217,0.000210,0.000210,0.000033,0.000381,-0.001517,0.002076
2025-12-16 19:02:52.218,0.000453,0.000219,0.000666,0.000791,-0.001926,0.000489
2025-12-16 19:02:52.219,0.000436,0.000374,0.000422,0.001771,-0.003535,-0.001136
2025-12-16 19:02:52.220,0.000868,0.000185,0.000861,0.002378,-0.006119,-0.000293
2025-12-16 19:02:52.221,0.000765,0.000012,0.000832,0.001240,-0.007568,0.001434
2025-12-16 19:02:52.222,-0.000241,0.000197,0.000158,0.000644,-0.005820,0.003293
2025-12-16 19:02:52.223,0.000515,-0.001384,0.000125,0.000084,-0.002484,-0.002746
2025-12-16 19:02:52.224,-0.000050,-0.000576,-0.000916,-0.000671,0.000549,-0.001050
2025-12-16 19:02:52.225,0.000677,-0.000653,0.000178,0.000058,-0.006742,0.002084
2025-12-16 19:02:52.226,0.001245,-0.000491,0.000495,0.000824,-0.011308,0.005022
2025-12-16 19:02:52.227,0.000166,-0.000686,-0.000344,-0.000406,-0.006194,0.002721
2025-12-16 19:02:52.229,0.001080,-0.002435,-0.001759,-0.009114,-0.008034,-0.002081
2025-12-16 19:02:52.230,0.001344,-0.002102,-0.001086,-0.007044,-0.008192,-0.001477
2025-12-16 19:02:52.231,0.001284,-0.000750,-0.000055,-0.004316,-0.007853,0.000448
2025-12-16 19:02:52.232,0.001265,-0.001823,0.000168,-0.003027,-0.005479,-0.002833
2025-12-16 19:02:52.233,0.000959,-0.001856,-0.000621,-0.003358,-0.002225,-0.003688
2025-12-16 19:02:52.234,0.000859,-0.000885,0.000136,-0.001654,-0.002385,-0.001910
2025-12-16 19:02:52.235,0.000109,-0.001123,-0.000642,-0.001509,-0.002050,-0.000651
2025-12-16 19:02:52.236,0.001686,-0.000459,0.001020,0.001614,-0.007337,-0.002722
2025-12-16 19:02:52.238,0.000398,-0.000531,-0.000320,0.000407,-0.003715,-0.001020
2025-12-16 19:02:52.239,0.000571,-0.000360,0.000128,0.000772,-0.006040,0.001061
2025-12-16 19:02:52.240,0.001426,-0.001035,0.000430,0.000274,-0.005485,-0.001327
2025-12-16 19:02:52.241,0.000089,-0.001200,-0.000646,-0.000755,-0.001553,-0.000687
2025-12-16 19:02:52.242,-0.000333,-0.000520,-0.000559,0.000096,0.000168,-0.000685
2025-12-16 19:02:52.243,0.001359,-0.001402,0.000477,0.000340,-0.007333,0.000159
2025-12-16 19:02:52.245,0.000475,-0.000424,-0.001008,0.000255,-0.002402,0.001244
2025-12-16 19:02:52.246,-0.000562,-0.001264,-0.001970,-0.000937,0.003254,-0.002167
2025-12-16 19:02:52.247,-0.000452,0.000277,-0.000565,-0.000308,-0.000629,0.002006
2025-12-16 19:02:52.248,0.000015,-0.000265,-0.000761,0.000281,0.000384,-0.000179
2025-12-16 19:02:52.249,-0.000307,-0.000565,-0.001039,-0.000177,-0.003072,0.003043
2025-12-16 19:02:52.250,0.000378,0.000217,0.000229,0.000121,-0.010550,0.006715
2025-12-16 19:02:52.251,0.000251,-0.000370,0.000241,-0.000440,-0.005502,0.001718
2025-12-16 19:02:52.253,-0.000963,0.001243,-0.000318,0.000199,-0.003354,0.006206
2025-12-16 19:02:52.254,0.000192,-0.000891,-0.000973,-0.000552,-0.003605,0.001854
2025-12-16 19:02:52.255,-0.000482,0.000039,-0.000098,0.000502,-0.001456,0.001930
2025-12-16 19:02:52.256,0.000959,-0.001437,-0.000085,-0.000226,-0.001879,-0.002374
2025-12-16 19:02:52.257,0.000059,-0.002023,-0.001098,-0.001910,0.001660,-0.003222
2025-12-16 19:02:52.259,0.000247,-0.001121,-0.000532,-0.001024,-0.000406,-0.001393
2025-12-16 19:02:52.260,0.000695,-0.000569,0.000429,0.000514,-0.000631,-0.002095
2025-12-16 19:02:52.261,-0.000155,-0.001500,-0.000696,-0.000925,-0.000179,-0.000787
2025-12-16 19:02:52.262,0.000402,-0.000977,-0.000370,-0.000585,-0.000460,-0.001249
2025-12-16 19:02:52.263,0.000693,-0.000137,0.000360,-0.000475,-0.003469,0.001163
2025-12-16 19:02:52.264,0.000582,-0.000282,0.000293,0.000123,-0.000065,-0.001352
2025-12-16 19:02:52.266,-0.000090,-0.000910,-0.000766,-0.000389,0.002496,-0.002295
2025-12-16 19:02:52.267,0.000065,-0.001066,-0.000145,-0.000070,0.000239,-0.001756
2025-12-16 19:02:52.268,0.000068,-0.000272,-0.000225,-0.000421,-0.000629,-0.000309
2025-12-16 19:02:52.269,0.000634,-0.000900,-0.000200,-0.000244,0.001558,-0.003314
2025-12-16 19:02:52.270,0.001085,-0.000795,0.000817,-0.000177,-0.000932,-0.002662
2025-12-16 19:02:52.271,0.000909,-0.000482,0.000904,0.000328,-0.002659,-0.001345
2025-12-16 19:02:52.272,-0.000410,-0.000536,-0.000971,-0.000608,0.000444,0.000241
2025-12-16 19:02:52.274,0.000032,-0.000288,0.000193,0.000003,-0.000128,-0.000685
2025-12-16 19:02:52.275,0.000301,-0.000766,-0.000210,-0.000152,0.000648,-0.001750
2025-12-16 19:02:52.276,0.001400,-0.000811,0.000834,0.002189,-0.001287,-0.006003
2025-12-16 19:02:52.277,0.000493,-0.000523,-0.000084,0.001911,0.002502,-0.005483
2025-12-16 19:02:52.278,0.000195,0.000156,0.000180,0.001047,0.001292,-0.002804
2025-12-16 19:02:52.279,-0.003044,-0.000495,-0.002534,-0.000362,0.005948,-0.000171
2025-12-16 19:02:52.281,-0.001036,-0.000748,-0.000628,0.002056,0.002691,-0.005115
2025-12-16 19:02:52.282,-0.000512,-0.000869,-0.001183,0.000957,0.005424,-0.006961
2025-12-16 19:02:52.283,-0.000913,0.000229,-0.000830,0.000864,0.003638,-0.002308
2025-12-16 19:02:52.284,-0.000041,-0.000288,-0.000131,0.000892,0.000944,-0.002486
2025-12-16 19:02:52.285,-0.000432,0.000383,0.000297,0.000920,-0.001243,0.000605
2025-12-16 19:02:52.286,-0.000431,-0.000010,-0.000366,0.000853,0.001503,-0.000842
2025-12-16 19:02:52.288,-0.000518,-0.000214,-0.000570,-0.000249,0.002621,-0.001791
2025-12-16 19:02:52.289,-0.000579,0.000465,-0.000428,0.000014,0.000337,0.001170
2025-12-16 19:02:52.290,0.000176,0.000337,0.000270,-0.000390,-0.002517,0.002011
2025-12-16 19:02:52.291,-0.000460,0.000179,-0.000408,0.000029,0.002274,-0.000755
2025-12-16 19:02:52.292,-0.000465,0.000884,0.000445,0.001223,0.000078,0.001384
2025-12-16 19:02:52.293,0.000175,0.000785,0.000150,0.002842,0.001577,-0.003344
2025-12-16 19:02:52.294,0.000543,0.000195,0.000219,0.001496,-0.002027,-0.001188
2025-12-16 19:02:52.296,-0.000155,0.000465,0.000139,0.001061,0.000852,-0.000768
2025-12-16 19:02:52.297,0.000644,0.000129,0.000484,0.000787,-0.000112,-0.001804
2025-12-16 19:02:52.298,0.000403,-0.000199,0.000400,0.000712,-0.002302,-0.000519
2025-12-16 19:02:52.299,0.000405,0.000302,0.001191,0.001237,-0.001915,-0.000460
2025-12-16 19:02:52.300,-0.000472,0.000496,-0.000304,0.000016,-0.002728,0.002815
2025-12-16 19:02:52.301,-0.000090,-0.000449,-0.000258,-0.000298,-0.001520,0.001182
2025-12-16 19:02:52.303,0.000318,0.000199,-0.000255,-0.000530,-0.002098,0.001340
2025-12-16 19:02:52.304,-0.000707,0.000010,-0.000364,-0.000249,-0.000227,0.001173
2025-12-16 19:02:52.305,0.000072,0.000535,0.000787,0.000718,-0.001214,0.000815
2025-12-16 19:02:52.306,-0.000770,0.001276,0.000263,-0.000227,-0.002027,0.004359
2025-12-16 19:02:52.308,0.000110,0.000361,0.000182,-0.000067,-0.001889,0.001476
2025-12-16 19:02:52.309,-0.000062,0.000341,0.000338,0.000923,0.001039,-0.000887
2025-12-16 19:02:52.310,-0.000601,0.000175,-0.000687,-0.000759,0.001456,0.000557
2025-12-16 19:02:52.311,0.000389,0.000762,0.000571,0.000930,-0.002846,0.001751
2025-12-16 19:02:52.312,0.001297,0.000011,0.003146,0.000796,-0.007347,0.000655
2025-12-16 19:02:52.314,0.001318,-0.000571,0.002344,0.000498,-0.003435,-0.002650
2025-12-16 19:02:52.315,0.000661,0.000048,0.000940,0.000788,-0.003090,0.000212
2025-12-16 19:02:52.316,0.001031,0.000509,0.001529,0.002724,-0.003222,-0.003217
2025-12-16 19:02:52.317,0.000631,0.000278,0.001473,0.001884,-0.001098,-0.003224
2025-12-16 19:02:52.318,-0.000083,0.000531,0.000017,0.001794,-0.002011,0.000361
2025-12-16 19:02:52.319,0.000238,-0.000534,0.000089,0.000887,-0.003606,-0.000190
2025-12-16 19:02:52.321,0.000929,0.000115,0.000976,0.000446,-0.003118,-0.000444
2025-12-16 19:02:52.322,-0.000370,-0.000032,-0.000234,-0.000003,0.001415,-0.000790
2025-12-16 19:02:52.323,0.000351,0.000419,0.000215,0.000487,-0.002422,0.001447
2025-12-16 19:02:52.324,0.000852,-0.000119,0.000516,0.002588,-0.001397,-0.004352
2025-12-16 19:02:52.326,0.000172,-0.000368,0.000015,0.002093,0.000379,-0.003899
2025-12-16 19:02:52.327,0.000493,-0.000015,0.000137,0.002390,0.000872,-0.004723
2025-12-16 19:02:52.328,0.000113,0.000117,-0.000094,0.001424,0.000077,-0.003022
2025-12-16 19:02:52.329,0.000646,-0.000284,0.000207,0.001742,-0.000588,-0.003609
2025-12-16 19:02:52.330,0.000691,0.000462,0.000570,0.001494,-0.000697,-0.001590
2025-12-16 19:02:52.331,0.000393,0.000724,0.000752,0.001918,-0.000408,-0.000826
2025-12-16 19:02:52.333,0.000420,-0.000155,0.000778,0.001311,-0.002214,-0.000777
2025-12-16 19:02:52.334,-0.000088,-0.000334,-0.000078,-0.000238,0.001474,-0.001784
2025-12-16 19:02:52.335,0.000285,0.000297,0.000452,0.000845,0.000358,-0.000561
2025-12-16 19:02:52.336,0.000455,0.000125,0.000552,0.000445,-0.001640,-0.000543
2025-12-16 19:02:52.339,-0.000495,-0.000105,-0.000803,-0.000396,0.002696,-0.000534
2025-12-16 19:02:52.340,-0.000462,-0.000091,-0.000444,0.000016,0.001966,-0.000949
2025-12-16 19:02:52.342,-0.000150,-0.000604,-0.000588,-0.000170,-0.003972,0.002268
2025-12-16 19:02:52.343,-0.000724,0.000329,-0.000938,-0.000330,-0.001905,0.003685
2025-12-16 19:02:52.344,-0.000613,0.000146,-0.000407,-0.000915,-0.000228,0.001618
2025-12-16 19:02:52.345,0.001241,-0.000985,0.000087,-0.003181,-0.003705,-0.003206
2025-12-16 19:02:52.347,0.000801,-0.000937,-0.000361,-0.003471,-0.004032,-0.000850
2025-12-16 19:02:52.348,0.000773,-0.000424,0.000459,-0.001684,-0.002679,-0.001367
2025-12-16 19:02:52.349,-0.000217,0.000168,-0.000222,-0.001296,0.000061,0.000190
2025-12-16 19:02:52.350,0.001122,0.000065,0.000647,-0.000548,-0.003893,0.000525
2025-12-16 19:02:52.351,-0.000051,-0.000188,-0.000430,-0.000786,0.000795,-0.001230
2025-12-16 19:02:52.352,0.000761,-0.001881,-0.000628,-0.000952,0.000468,-0.004446
2025-12-16 19:02:52.353,0.000453,-0.001144,-0.000199,-0.000997,0.000819,-0.002672
2025-12-16 19:02:52.355,0.000241,-0.000777,0.000185,-0.000003,-0.001240,-0.001201
2025-12-16 19:02:52.356,0.000476,-0.000582,0.000287,-0.000385,-0.000464,-0.001393
2025-12-16 19:02:52.357,0.000508,0.000227,-0.000188,0.001538,0.002133,-0.004578
2025-12-16 19:02:52.358,-0.000355,0.000653,-0.000194,0.001452,0.001353,-0.001753
2025-12-16 19:02:52.360,0.000238,0.000269,0.000161,0.001695,-0.001014,-0.001198
2025-12-16 19:02:52.361,0.000058,0.000140,-0.000173,0.000980,0.000135,-0.000958
2025-12-16 19:02:52.362,-0.000010,0.000518,0.000378,0.000523,-0.000227,0.000016
2025-12-16 19:02:52.363,0.000439,-0.000042,0.000106,-0.000132,-0.001565,-0.000542
2025-12-16 19:02:52.364,0.000042,0.000351,0.000272,0.000833,-0.000766,-0.000467
2025-12-16 19:02:52.365,-0.000228,0.000840,0.000075,0.000400,0.000696,0.001025
2025-12-16 19:02:52.366,-0.000812,0.000059,-0.000577,-0.000247,-0.001178,0.002337
2025-12-16 19:02:52.367,0.000861,-0.000213,0.001111,0.000722,-0.006935,0.002250
2025-12-16 19:02:52.368,-0.000350,-0.000247,-0.000474,0.000509,-0.002012,0.001915
2025-12-16 19:02:52.370,0.001439,-0.000813,0.000445,0.000351,-0.002319,-0.002464
2025-12-16 19:02:52.371,-0.000266,-0.000174,-0.000324,-0.000387,0.000824,0.000160
2025-12-16 19:02:52.372,0.000368,0.000223,0.000437,0.000124,-0.003858,0.002195
2025-12-16 19:02:52.373,-0.000406,0.000616,-0.000201,-0.000420,-0.001390,0.002718
2025-12-16 19:02:52.374,0.000035,0.000229,0.000230,0.000553,-0.000126,-0.000296
2025-12-16 19:02:52.376,0.000709,-0.000677,0.000286,0.000349,-0.002181,-0.000512
2025-12-16 19:02:52.378,0.000066,0.000304,0.000439,0.000190,0.001325,-0.000863
2025-12-16 19:02:52.379,0.000187,-0.000423,0.000377,-0.000153,-0.001954,0.000116
2025-12-16 19:02:52.380,0.000262,0.000069,0.000441,0.000036,-0.001224,0.000051
2025-12-16 19:02:52.381,-0.000171,0.000018,-0.000153,0.000234,0.000144,-0.000072
2025-12-16 19:02:52.382,0.000631,0.000443,0.000784,0.000345,-0.000280,-0.000378
2025-12-16 19:02:52.385,-0.000532,0.000534,-0.000446,0.000334,0.000122,0.001773
2025-12-16 19:02:52.386,0.000507,0.000118,0.000332,0.000129,-0.000012,-0.000880
2025-12-16 19:02:52.387,0.000652,-0.000255,0.000509,-0.000076,-0.000459,-0.001614
2025-12-16 19:02:52.388,0.000089,-0.000180,0.000148,0.000083,-0.001037,0.000121
2025-12-16 19:02:52.389,-0.000668,0.000480,-0.000354,0.000265,0.001231,0.001148
2025-12-16 19:02:52.390,0.000696,0.000286,0.000973,0.000926,-0.001397,-0.000111
2025-12-16 19:02:52.392,0.000028,-0.000313,-0.000085,-0.000199,0.000868,-0.001211
2025-12-16 19:02:52.393,0.000272,-0.001079,-0.000669,-0.001299,-0.000771,-0.000994
2025-12-16 19:02:52.395,0.000051,-0.000033,0.000232,0.000041,-0.001435,0.000785
2025-12-16 19:02:52.396,0.000195,-0.000102,0.000029,-0.000116,0.000994,-0.001126
2025-12-16 19:02:52.397,-0.000105,-0.000040,0.000138,0.000181,-0.000096,0.000286
2025-12-16 19:02:52.398,-0.000497,0.000180,-0.000334,0.000238,-0.003341,0.003264
2025-12-16 19:02:52.399,0.000152,0.000472,0.000378,0.000052,-0.004962,0.003564
2025-12-16 19:02:52.400,0.000103,-0.000521,-0.000198,-0.000024,-0.001477,0.000382
2025-12-16 19:02:52.401,0.001409,-0.003242,-0.000451,-0.000120,-0.001432,-0.005275
2025-12-16 19:02:52.402,-0.000706,-0.001805,-0.001215,-0.000291,0.001798,-0.001970
2025-12-16 19:02:52.403,-0.000293,-0.002117,-0.001514,-0.001163,0.003548,-0.004313
2025-12-16 19:02:52.405,0.000444,-0.001951,0.000346,-0.000208,-0.001134,-0.002773
2025-12-16 19:02:52.406,0.000342,-0.000148,0.000054,0.002402,-0.000632,-0.003052
2025-12-16 19:02:52.407,0.000878,-0.000361,0.000095,0.001638,-0.001277,-0.003037
2025-12-16 19:02:52.408,0.000388,0.000099,0.000127,0.001773,0.001831,-0.003083
2025-12-16 19:02:52.410,0.000498,-0.000337,0.000018,0.000706,0.001303,-0.003401
2025-12-16 19:02:52.411,0.000329,0.000130,0.000465,0.000525,-0.001593,-0.000211
2025-12-16 19:02:52.412,0.000330,-0.000922,-0.000100,0.000809,-0.000792,-0.001689
2025-12-16 19:02:52.413,-0.000365,0.000978,-0.000177,0.000548,0.001221,0.000666
2025-12-16 19:02:52.414,0.000419,0.000406,0.000610,0.000300,-0.002229,0.000463
2025-12-16 19:02:52.415,0.000094,0.000242,-0.000165,0.000171,0.000033,-0.000223
2025-12-16 19:02:52.416,0.000405,-0.000387,0.000199,0.000215,0.000341,-0.001600
2025-12-16 19:02:52.417,0.000085,-0.000042,0.000459,-0.000069,-0.001356,0.000245
2025-12-16 19:02:52.418,-0.000028,0.000218,-0.000101,-0.000549,0.001282,-0.000317
2025-12-16 19:02:52.419,0.000152,-0.000069,0.000002,0.000236,-0.001318,0.000368
2025-12-16 19:02:52.420,-0.000491,0.000425,0.000166,0.000085,0.001176,0.000032
2025-12-16 19:02:52.421,-0.000832,0.000197,-0.000639,-0.000148,0.002538,0.000007
2025-12-16 19:02:52.423,-0.000034,-0.000418,-0.000285,-0.000541,0.000931,-0.000622
2025-12-16 19:02:52.424,0.000461,-0.001835,-0.000270,-0.000626,-0.001276,-0.002238
2025-12-16 19:02:52.425,0.000408,-0.000393,-0.000432,0.002575,-0.002225,-0.001904
2025-12-16 19:02:52.426,0.000306,-0.000067,0.000631,0.001982,-0.001699,-0.001886
2025-12-16 19:02:52.427,0.000219,0.000702,0.000647,0.001445,-0.002407,0.000233
2025-12-16 19:02:52.428,-0.000206,0.000396,-0.000654,0.000964,0.000880,-0.000504
2025-12-16 19:02:52.430,0.000650,-0.000391,0.000328,0.001048,-0.002067,-0.000939
2025-12-16 19:02:52.431,0.001379,-0.001962,0.000477,0.000697,-0.005061,-0.002005
2025-12-16 19:02:52.432,0.000620,-0.000498,0.000507,-0.000167,-0.004011,0.000424
2025-12-16 19:02:52.433,-0.000049,-0.000195,-0.000049,0.000283,-0.005958,0.003786
2025-12-16 19:02:52.434,0.001070,-0.000310,0.000581,0.000651,-0.008101,0.002611
2025-12-16 19:02:52.435,-0.000336,0.000224,-0.000541,0.000557,-0.001801,0.001998
2025-12-16 19:02:52.436,0.001036,-0.000264,0.000608,0.002246,-0.002301,-0.004147
2025-12-16 19:02:52.439,0.000065,0.000254,0.000531,0.001255,-0.002608,-0.000197
2025-12-16 19:02:52.440,0.000014,-0.000281,-0.000103,0.000041,-0.005202,0.002224
2025-12-16 19:02:52.441,-0.000017,0.000457,0.000154,0.000626,-0.002433,0.001284
2025-12-16 19:02:52.442,-0.000533,0.000168,-0.000699,-0.000128,-0.005542,0.004931
2025-12-16 19:02:52.443,0.000458,-0.000205,0.000894,0.000907,-0.008295,0.004080
2025-12-16 19:02:52.447,-0.000442,-0.001386,-0.001274,-0.000807,-0.002373,0.000712
2025-12-16 19:02:52.448,0.000118,0.000081,-0.000059,0.000092,-0.007961,0.005225
2025-12-16 19:02:52.449,0.000719,-0.000518,0.000345,-0.000284,-0.009309,0.004300
2025-12-16 19:02:52.450,-0.000615,0.000108,-0.000110,-0.000095,-0.005245,0.004585
2025-12-16 19:02:52.452,0.000787,0.000062,0.000696,0.000622,-0.007993,0.003819
2025-12-16 19:02:52.453,-0.000107,-0.000765,-0.000260,-0.000603,-0.004702,0.002703
2025-12-16 19:02:52.454,-0.000187,-0.000647,-0.001328,-0.001145,-0.000426,0.000574
2025-12-16 19:02:52.455,-0.001096,-0.000053,-0.001967,-0.000263,0.003627,0.001179
2025-12-16 19:02:52.456,-0.000659,-0.000614,-0.001459,-0.001506,-0.003654,0.003899
2025-12-16 19:02:52.457,0.000176,-0.001006,-0.000125,-0.000125,-0.004526,0.001543
2025-12-16 19:02:52.458,-0.002394,-0.000338,-0.001887,-0.000896,-0.002189,0.005579
2025-12-16 19:02:52.459,-0.001740,-0.000523,-0.001663,-0.000779,-0.000300,0.003247
2025-12-16 19:02:52.460,-0.001821,-0.001116,-0.001878,-0.001354,-0.003630,0.004808
2025-12-16 19:02:52.461,-0.000941,-0.000418,-0.001456,-0.000521,-0.003465,0.003567
2025-12-16 19:02:52.463,-0.002646,-0.000697,-0.002196,-0.001378,-0.004459,0.007213
2025-12-16 19:02:52.464,-0.001410,0.000008,-0.000812,0.000083,-0.002789,0.004289
2025-12-16 19:02:52.465,-0.003449,-0.000852,-0.004059,-0.001721,0.001755,0.005654
2025-12-16 19:02:52.466,-0.002795,-0.000351,-0.002732,0.000733,0.004796,-0.000962
2025-12-16 19:02:52.467,-0.003081,-0.000316,-0.002805,-0.000196,0.001274,0.002313
2025-12-16 19:02:52.468,-0.002598,-0.000605,-0.003797,-0.000775,0.002942,0.001719
2025-12-16 19:02:52.469,-0.002227,-0.001097,-0.002376,-0.000591,-0.003150,0.004083
2025-12-16 19:02:52.470,-0.001102,-0.000890,-0.002441,0.001027,0.001371,-0.002396
2025-12-16 19:02:52.471,-0.002925,-0.000598,-0.003729,0.002369,0.007310,-0.005311
2025-12-16 19:02:52.473,-0.002693,-0.000172,-0.004164,0.001648,0.007672,-0.003072
2025-12-16 19:02:52.474,-0.001660,-0.000338,-0.002958,0.001350,-0.000030,0.001017
2025-12-16 19:02:52.475,-0.002512,-0.000200,-0.002862,0.000508,-0.000915,0.003470
2025-12-16 19:02:52.476,-0.002801,-0.000733,-0.004468,0.000672,0.001740,0.000417
2025-12-16 19:02:52.477,-0.002058,-0.000434,-0.003251,0.001164,0.001364,-0.000009
2025-12-16 19:02:52.479,-0.002475,0.000264,-0.003427,0.000473,0.000102,0.004239
2025-12-16 19:02:52.480,-0.001244,-0.000666,-0.002249,0.000170,-0.000784,0.001389
2025-12-16 19:02:52.481,-0.000618,0.000185,-0.000881,0.000639,-0.005395,0.003888
2025-12-16 19:02:52.482,-0.000340,-0.000323,-0.001061,-0.000187,-0.008917,0.005573
2025-12-16 19:02:52.483,-0.001226,-0.000239,-0.002262,-0.000236,-0.009024,0.009171
2025-12-16 19:02:52.484,-0.001351,-0.000137,-0.003214,-0.000248,-0.002917,0.006770
2025-12-16 19:02:52.485,-0.001530,0.000153,-0.002258,0.000006,-0.004658,0.007437
2025-12-16 19:02:52.486,-0.002714,-0.000663,-0.004441,-0.001815,0.002792,0.004288
2025-12-16 19:02:52.488,-0.002272,-0.000934,-0.004101,-0.001891,0.002898,0.003414
2025-12-16 19:02:52.491,-0.003106,-0.000076,-0.004746,-0.001557,-0.001409,0.009241
2025-12-16 19:02:52.492,-0.002146,-0.000402,-0.003587,-0.001337,-0.005967,0.009423
2025-12-16 19:02:52.494,-0.002423,0.000562,-0.003043,-0.001448,0.000131,0.006741
2025-12-16 19:02:52.497,-0.001504,-0.000989,-0.003607,0.000339,0.002712,-0.000204
2025-12-16 19:02:52.498,-0.000882,-0.000656,-0.003955,0.001925,0.006274,-0.005411
2025-12-16 19:02:52.500,-0.000906,-0.000087,-0.004559,0.003240,0.009267,-0.007394
2025-12-16 19:02:52.501,-0.000566,0.000440,-0.003129,0.005187,0.006966,-0.009250
2025-12-16 19:02:52.502,0.000114,0.000436,-0.001705,0.004381,0.001734,-0.006086
2025-12-16 19:02:52.503,0.000372,0.000405,-0.000862,0.005472,0.001387,-0.008235
2025-12-16 19:02:52.504,-0.000613,0.000561,-0.002646,0.004148,0.005431,-0.005970
2025-12-16 19:02:52.505,-0.000055,0.000206,-0.002286,0.004807,0.003803,-0.007689
2025-12-16 19:02:52.506,0.000803,0.000388,-0.000332,0.004321,0.001437,-0.006421
2025-12-16 19:02:52.508,-0.001868,-0.000564,-0.004378,0.000115,0.002899,0.000706
2025-12-16 19:02:52.509,-0.000753,-0.000175,-0.002513,0.001109,-0.001188,0.001430
2025-12-16 19:02:52.511,-0.000497,0.000109,-0.001780,0.000989,0.001625,0.000187
2025-12-16 19:02:52.513,-0.000600,-0.000035,-0.002115,0.000001,-0.001955,0.003513
2025-12-16 19:02:52.514,-0.000185,-0.000234,-0.001783,0.000323,-0.006894,0.005507
2025-12-16 19:02:52.515,-0.000616,-0.000603,-0.002494,-0.000537,-0.005001,0.004956
2025-12-16 19:02:52.516,-0.000317,-0.000117,-0.000979,-0.000218,-0.009916,0.007658
2025-12-16 19:02:52.517,-0.001009,0.000157,-0.001795,-0.000256,-0.005856,0.006963
2025-12-16 19:02:52.518,-0.002156,-0.000834,-0.003694,-0.001557,-0.000007,0.004907
2025-12-16 19:02:52.519,-0.000291,-0.000063,-0.001487,-0.000259,-0.005908,0.005259
2025-12-16 19:02:52.521,-0.001275,0.001106,-0.002206,0.000264,-0.006071,0.009253
2025-12-16 19:02:52.522,-0.000582,0.000605,-0.000645,0.000181,-0.006302,0.007039
2025-12-16 19:02:52.523,-0.000519,0.000794,-0.001371,0.002114,-0.000716,0.000811
2025-12-16 19:02:52.524,0.000222,-0.000590,-0.001789,0.002767,-0.001719,-0.004314
2025-12-16 19:02:52.525,-0.000081,0.000125,-0.000819,0.003103,-0.001183,-0.001574
2025-12-16 19:02:52.526,0.001358,-0.001011,0.000097,0.002291,-0.009528,0.000093
2025-12-16 19:02:52.527,0.002203,-0.001682,0.000603,0.003950,-0.010534,-0.004729
2025-12-16 19:02:52.529,0.000844,-0.000826,-0.000516,0.004777,-0.004257,-0.005617
2025-12-16 19:02:52.530,0.000812,-0.000161,0.000307,0.004240,-0.003238,-0.006598
2025-12-16 19:02:52.531,0.000141,0.000028,-0.001270,0.003670,-0.004459,-0.001102
2025-12-16 19:02:52.532,-0.000008,-0.000823,-0.001028,0.001740,-0.006666,-0.000022
2025-12-16 19:02:52.533,-0.000219,-0.000835,-0.000622,0.002149,-0.006969,0.001729
2025-12-16 19:02:52.534,-0.000126,-0.001239,-0.001250,0.000338,-0.008683,0.003231
2025-12-16 19:02:52.535,0.000664,-0.001282,-0.000091,0.001157,-0.014583,0.005356
2025-12-16 19:02:52.536,0.000759,-0.000430,0.000341,0.001564,-0.016012,0.008069
2025-12-16 19:02:52.537,0.000314,0.000457,0.000541,0.002833,-0.008901,0.001389
2025-12-16 19:02:52.538,0.000264,-0.000623,-0.001246,0.001599,-0.003689,-0.000565
2025-12-16 19:02:52.539,0.000535,-0.000352,0.000156,0.001590,-0.006764,0.001128
2025-12-16 19:02:52.541,-0.001427,-0.000287,-0.002322,0.000439,0.000330,0.002303
2025-12-16 19:02:52.542,-0.001091,-0.000284,-0.002975,-0.000466,0.002625,0.001416
2025-12-16 19:02:52.543,-0.003515,-0.001062,-0.005465,-0.001836,0.008956,0.000932
2025-12-16 19:02:52.544,-0.001933,-0.001328,-0.003685,-0.001580,0.004867,-0.000234
2025-12-16 19:02:52.545,-0.002285,-0.000990,-0.004130,-0.001683,0.006066,0.000953
2025-12-16 19:02:52.546,-0.001774,0.000532,-0.002815,-0.000454,0.001200,0.004614
2025-12-16 19:02:52.547,-0.001617,-0.000168,-0.002507,-0.001071,0.001983,0.002365
2025-12-16 19:02:52.548,-0.000827,-0.000283,-0.001609,-0.000466,0.000845,0.001435
2025-12-16 19:02:52.551,-0.001643,-0.001010,-0.002021,0.001191,0.001067,-0.001856
2025-12-16 19:02:52.552,-0.002853,-0.001436,-0.003680,-0.000786,0.003940,-0.000465
2025-12-16 19:02:52.553,-0.003805,-0.000349,-0.002971,-0.000096,-0.001462,0.006348
2025-12-16 19:02:52.555,-0.001796,-0.001063,-0.001908,-0.000524,-0.006141,0.005521
2025-12-16 19:02:52.556,-0.001642,-0.001207,-0.001584,-0.001014,-0.004331,0.003832
2025-12-16 19:02:52.557,-0.001802,-0.000690,-0.001927,-0.000982,-0.008324,0.008139
2025-12-16 19:02:52.558,-0.001589,0.000821,-0.000769,0.000153,-0.006343,0.008428
2025-12-16 19:02:52.559,-0.001266,0.000063,-0.001140,-0.000718,-0.007312,0.007512
2025-12-16 19:02:52.560,0.000470,-0.000738,0.000421,0.002705,-0.009614,0.000771
2025-12-16 19:02:52.561,-0.001589,0.000291,-0.000721,0.001604,-0.005488,0.003724
2025-12-16 19:02:52.563,-0.003636,-0.000702,-0.002808,-0.001104,0.003401,0.001721
2025-12-16 19:02:52.564,-0.003233,-0.000819,-0.003597,-0.001043,0.002011,0.003747
2025-12-16 19:02:52.565,-0.002890,-0.000366,-0.002892,-0.000764,0.002448,0.003408
2025-12-16 19:02:52.566,-0.001649,-0.000744,-0.001565,-0.000061,-0.001368,0.002684
2025-12-16 19:02:52.567,-0.003176,0.000143,-0.002512,-0.000881,-0.000326,0.005598
2025-12-16 19:02:52.571,-0.000410,-0.000358,-0.000873,0.000870,-0.005109,0.001033
2025-12-16 19:02:52.572,-0.000395,-0.000062,-0.000303,0.001225,-0.003191,0.001181
2025-12-16 19:02:52.573,-0.000903,-0.000535,-0.000625,0.000414,0.000055,-0.000564
2025-12-16 19:02:52.575,-0.002059,0.000181,-0.001816,-0.000518,0.001652,0.002246
2025-12-16 19:02:52.576,-0.002001,-0.000673,-0.001315,-0.000884,-0.002173,0.003370
2025-12-16 19:02:52.577,-0.001871,0.000148,-0.000980,-0.000067,-0.000026,0.002789
2025-12-16 19:02:52.578,-0.000981,-0.002182,-0.000693,-0.000446,0.000643,-0.003246
2025-12-16 19:02:52.579,0.000175,-0.001514,0.000052,0.002284,-0.006393,-0.001616
2025-12-16 19:02:52.581,-0.001765,-0.001392,-0.001503,-0.000223,-0.001639,0.000577
2025-12-16 19:02:52.585,-0.001461,-0.000390,-0.001836,0.000753,0.000261,0.000463
2025-12-16 19:02:52.587,-0.002027,-0.000095,-0.001186,0.000285,0.000593,0.000976
2025-12-16 19:02:52.588,-0.002270,-0.000886,-0.002296,-0.000756,0.005606,-0.000973
2025-12-16 19:02:52.589,-0.001406,-0.000626,-0.001786,-0.000443,-0.002199,0.002854
2025-12-16 19:02:52.590,-0.000755,-0.002669,-0.001277,-0.000975,0.000184,-0.003285
2025-12-16 19:02:52.591,-0.001085,-0.001333,-0.000750,-0.000265,-0.001103,0.000604
2025-12-16 19:02:52.592,-0.000521,-0.001322,-0.000356,-0.000707,-0.000125,-0.000854
2025-12-16 19:02:52.594,-0.001454,-0.000491,-0.001069,0.001815,-0.002479,0.000081
2025-12-16 19:02:52.595,-0.000553,-0.000372,-0.000124,0.001205,-0.001168,-0.001865
2025-12-16 19:02:52.597,-0.000669,0.000582,0.000017,0.001230,-0.006462,0.004396
2025-12-16 19:02:52.599,-0.000605,-0.000744,-0.000852,-0.000442,-0.002970,0.001755
2025-12-16 19:02:52.600,-0.000131,-0.000149,-0.000969,-0.000362,-0.001968,0.002068
2025-12-16 19:02:52.601,0.000058,0.000714,-0.000951,0.000630,-0.003505,0.004062
2025-12-16 19:02:52.602,0.000480,0.000001,0.000118,0.000679,-0.003782,0.002210
2025-12-16 19:02:52.603,-0.000577,-0.000449,-0.002013,-0.001052,-0.001890,0.002582
2025-12-16 19:02:52.604,0.000159,0.000227,-0.000892,-0.000061,-0.001787,0.002035
2025-12-16 19:02:52.605,-0.000223,0.000184,-0.001161,0.001629,0.000060,-0.001262
2025-12-16 19:02:52.606,-0.001583,-0.000199,-0.001522,0.000956,-0.001396,0.000948
2025-12-16 19:02:52.608,-0.000093,-0.000022,-0.000369,0.002332,-0.006299,0.001272
2025-12-16 19:02:52.609,-0.000676,-0.000179,-0.000729,0.001422,-0.002541,0.000501
2025-12-16 19:02:52.610,-0.000078,0.000272,-0.000725,0.002656,-0.003124,-0.001699
2025-12-16 19:02:52.611,-0.000411,0.000323,-0.000592,0.002819,-0.001009,-0.001334
2025-12-16 19:02:52.612,-0.000365,-0.000232,-0.000939,0.001300,0.000946,-0.002924
2025-12-16 19:02:52.613,-0.000156,0.000247,-0.000390,0.001576,0.001315,-0.002211
2025-12-16 19:02:52.614,-0.000460,-0.000001,-0.000851,0.000371,-0.002456,0.001466
2025-12-16 19:02:52.616,-0.000189,0.000302,-0.000242,0.001265,-0.005500,0.004054
2025-12-16 19:02:52.617,-0.000242,-0.000269,-0.001637,-0.000541,-0.001659,0.002127
2025-12-16 19:02:52.618,0.000599,-0.000458,-0.000589,0.002318,-0.005248,-0.000654
2025-12-16 19:02:52.619,0.000195,0.000577,-0.000557,0.002055,-0.003722,0.000821
2025-12-16 19:02:52.620,-0.001047,-0.000349,-0.001367,0.001277,-0.001537,0.001284
2025-12-16 19:02:52.621,0.000241,-0.000203,-0.000469,0.000355,-0.003084,0.000251
2025-12-16 19:02:52.622,0.000079,0.000689,0.000140,0.003397,-0.003478,-0.000957
2025-12-16 19:02:52.624,0.000393,0.000136,0.000331,0.002322,-0.005212,-0.000316
2025-12-16 19:02:52.625,0.000219,0.000271,-0.000767,0.002960,-0.003540,-0.001758
2025-12-16 19:02:52.626,0.000757,0.000166,0.000376,0.003090,-0.004070,-0.001742
2025-12-16 19:02:52.627,-0.000078,0.000579,0.000047,0.002108,-0.005183,0.002252
2025-12-16 19:02:52.629,-0.000828,0.002188,0.000094,0.001415,-0.004109,0.005798
2025-12-16 19:02:52.630,-0.000114,0.001921,0.000420,0.001001,-0.007868,0.006656
2025-12-16 19:02:52.631,0.000036,0.000774,0.000104,0.001451,-0.004615,0.003590
2025-12-16 19:02:52.632,-0.000169,0.000925,0.000081,0.001073,-0.003202,0.003267
2025-12-16 19:02:52.633,-0.000510,0.000965,0.000160,0.000917,-0.004751,0.005182
2025-12-16 19:02:52.634,0.000223,0.000149,0.000270,0.000500,-0.004081,0.002303
2025-12-16 19:02:52.635,0.000514,0.000298,-0.000097,-0.000424,-0.001767,0.000430
2025-12-16 19:02:52.636,0.000667,0.000356,0.000490,0.003159,0.000197,-0.004383
2025-12-16 19:02:52.638,-0.001684,0.000232,-0.001321,0.002855,0.004587,-0.004024
2025-12-16 19:02:52.639,-0.001278,0.000157,-0.001198,0.002150,0.004197,-0.003525
2025-12-16 19:02:52.640,-0.000164,-0.000883,-0.000683,0.001588,0.003103,-0.005136
2025-12-16 19:02:52.641,-0.000036,0.000371,-0.000051,0.001625,-0.005253,0.002689
2025-12-16 19:02:52.643,-0.000180,-0.000914,-0.002282,0.001522,0.001774,-0.004195
2025-12-16 19:02:52.644,0.000492,-0.000143,-0.000606,0.002105,-0.002588,-0.001672
2025-12-16 19:02:52.645,-0.000114,0.000095,-0.000704,0.001256,-0.000440,-0.000934
2025-12-16 19:02:52.646,0.000119,-0.000394,-0.000522,0.001126,-0.001727,-0.000578
2025-12-16 19:02:52.647,0.000438,0.000211,-0.000092,0.003300,-0.000556,-0.004354
2025-12-16 19:02:52.649,0.001655,0.000410,0.001160,0.004697,0.000004,-0.009397
2025-12-16 19:02:52.650,0.001045,0.000534,-0.000364,0.005645,0.002701,-0.011607
2025-12-16 19:02:52.651,0.000370,-0.000140,-0.000677,0.004297,0.003725,-0.009345
2025-12-16 19:02:52.652,0.000049,-0.000232,-0.001961,0.003239,0.004215,-0.005445
2025-12-16 19:02:52.653,0.000478,0.000455,-0.000781,0.002494,0.003137,-0.004464
2025-12-16 19:02:52.654,-0.000392,-0.000174,-0.001272,0.002845,0.003521,-0.007233
2025-12-16 19:02:52.655,-0.000177,-0.000065,-0.000845,0.005038,0.004132,-0.009325
2025-12-16 19:02:52.656,-0.001360,-0.000494,-0.001749,0.002754,0.007536,-0.009305
2025-12-16 19:02:52.657,-0.001524,-0.000217,-0.001592,0.004325,0.007776,-0.009935
2025-12-16 19:02:52.659,-0.001009,0.000503,-0.000769,0.006266,0.005400,-0.010577
2025-12-16 19:02:52.660,-0.001534,-0.000305,-0.001399,0.006212,0.003409,-0.009777
2025-12-16 19:02:52.661,-0.001357,-0.000336,-0.000878,0.004162,0.005246,-0.009701
2025-12-16 19:02:52.662,-0.003426,0.000849,-0.002723,0.004045,0.004881,-0.005180
2025-12-16 19:02:52.663,-0.003048,0.000630,-0.002243,0.004639,0.000131,-0.003859
2025-12-16 19:02:52.664,-0.001825,0.000409,-0.001452,0.005858,0.000447,-0.006981
2025-12-16 19:02:52.666,-0.000668,0.000385,-0.000543,0.004690,0.001079,-0.007141
2025-12-16 19:02:52.667,-0.001759,-0.000329,-0.001043,0.005460,0.005460,-0.010603
2025-12-16 19:02:52.668,-0.000662,0.000121,-0.001017,0.002091,-0.001237,-0.009782
2025-12-16 19:02:52.669,-0.001777,-0.000096,-0.001435,0.002024,0.000056,-0.006639
2025-12-16 19:02:52.670,-0.001465,-0.000795,-0.001651,0.000760,-0.001824,-0.003637
2025-12-16 19:02:52.671,-0.000019,-0.001529,-0.001359,-0.001180,-0.005843,-0.007685
2025-12-16 19:02:52.672,-0.001349,-0.000693,-0.001811,0.000355,-0.005985,-0.004024
2025-12-16 19:02:52.674,-0.001289,-0.000519,-0.001228,0.002722,-0.004745,-0.006535
2025-12-16 19:02:52.675,-0.000071,-0.000728,-0.001289,-0.000303,-0.003838,-0.008787
2025-12-16 19:02:52.676,-0.001358,-0.001508,-0.001960,-0.000987,-0.000207,-0.007835
2025-12-16 19:02:52.677,-0.002946,-0.000398,-0.002799,-0.001541,0.002054,-0.003112
2025-12-16 19:02:52.679,-0.003095,-0.000596,-0.002448,0.001961,0.000581,-0.005026
2025-12-16 19:02:52.680,-0.003962,-0.000549,-0.002802,0.000761,-0.000899,-0.000421
2025-12-16 19:02:52.681,-0.004501,-0.000913,-0.004008,-0.000761,-0.001559,0.003037
2025-12-16 19:02:52.682,-0.004183,-0.000518,-0.003301,0.001086,-0.004278,0.002915
2025-12-16 19:02:52.683,-0.003403,-0.000924,-0.003210,0.001007,-0.004312,0.003216
2025-12-16 19:02:52.684,-0.003558,-0.001278,-0.002962,-0.003289,-0.008168,0.004481
2025-12-16 19:02:52.685,-0.003664,-0.001024,-0.003223,-0.003619,-0.007437,0.006190
2025-12-16 19:02:52.686,-0.004314,-0.001404,-0.003677,-0.003322,-0.007700,0.007988
2025-12-16 19:02:52.687,-0.002275,-0.001552,-0.003092,-0.006171,-0.012521,0.007042
2025-12-16 19:02:52.688,-0.003380,-0.000081,-0.002437,-0.002178,-0.006378,0.003829
2025-12-16 19:02:52.689,-0.003960,-0.001286,-0.003876,-0.003029,0.001281,0.000222
2025-12-16 19:02:52.690,-0.004095,-0.000884,-0.003413,-0.002964,0.002411,0.001264
2025-12-16 19:02:52.692,-0.002969,-0.001465,-0.004429,-0.004218,-0.002780,-0.000136
2025-12-16 19:02:52.693,-0.005202,-0.000868,-0.006335,-0.004877,0.006909,0.000557
2025-12-16 19:02:52.694,-0.002857,-0.001949,-0.004301,-0.003630,-0.000108,0.000519
2025-12-16 19:02:52.695,-0.001674,-0.000682,-0.002772,-0.000643,-0.002714,-0.000622
2025-12-16 19:02:52.696,-0.002349,-0.001202,-0.002951,0.001429,-0.001384,-0.003912
2025-12-16 19:02:52.697,-0.003670,-0.002421,-0.006271,-0.004210,0.007284,-0.006236
2025-12-16 19:02:52.698,-0.003104,-0.001069,-0.004936,-0.007934,0.003534,-0.003943
2025-12-16 19:02:52.700,-0.003640,-0.002584,-0.005824,-0.005788,0.007457,-0.009079
2025-12-16 19:02:52.701,-0.003615,-0.001684,-0.005319,-0.001315,0.010770,-0.011507
2025-12-16 19:02:52.702,-0.003708,-0.002133,-0.004480,-0.000955,0.007905,-0.008092
2025-12-16 19:02:52.703,-0.004850,-0.001716,-0.004637,-0.001563,0.009057,-0.005511
2025-12-16 19:02:52.704,-0.004359,-0.001049,-0.003866,-0.001435,0.007250,-0.002242
2025-12-16 19:02:52.705,-0.002600,-0.001974,-0.003782,-0.005315,-0.000551,-0.001788
2025-12-16 19:02:52.706,-0.002177,-0.001372,-0.002426,-0.003496,-0.003222,0.001095
2025-12-16 19:02:52.707,-0.002554,-0.000988,-0.002440,-0.001552,0.000395,-0.003037
2025-12-16 19:02:52.709,-0.001040,-0.001217,-0.001529,-0.001285,-0.000621,-0.004045
2025-12-16 19:02:52.710,-0.001313,-0.001116,-0.001693,0.002954,-0.003024,-0.005006
2025-12-16 19:02:52.711,-0.001860,-0.000442,-0.003288,0.003676,0.003765,-0.006965
2025-12-16 19:02:52.712,-0.001224,-0.000318,-0.002110,0.002989,0.002662,-0.005692
2025-12-16 19:02:52.713,-0.002646,0.000035,-0.003553,0.001325,0.000055,0.001697
2025-12-16 19:02:52.714,-0.003244,-0.000813,-0.003799,0.000604,-0.001182,0.002948
2025-12-16 19:02:52.715,-0.004049,-0.001658,-0.004286,-0.001128,0.004652,0.000615
2025-12-16 19:02:52.716,-0.004755,-0.000553,-0.003817,0.000976,0.007756,-0.002887
2025-12-16 19:02:52.717,-0.006004,0.000681,-0.005600,0.001164,0.011828,-0.002059
2025-12-16 19:02:52.718,-0.004587,0.001190,-0.004338,0.003498,0.009279,-0.004131
2025-12-16 19:02:52.720,-0.006226,-0.000700,-0.006763,-0.001546,0.012189,-0.004568
2025-12-16 19:02:52.721,-0.006485,-0.001114,-0.007846,-0.003401,0.011141,-0.000665
2025-12-16 19:02:52.722,-0.006951,-0.000383,-0.006923,-0.001847,0.010199,0.002287
2025-12-16 19:02:52.723,-0.004305,-0.000273,-0.005343,0.000739,0.006062,-0.001615
2025-12-16 19:02:52.724,-0.004558,-0.000468,-0.006335,-0.002119,0.004193,-0.002975
2025-12-16 19:02:52.725,-0.004825,-0.000828,-0.006089,-0.000316,0.008750,-0.006834
2025-12-16 19:02:52.726,-0.003180,-0.001336,-0.006112,-0.002488,0.002391,-0.007380
2025-12-16 19:02:52.727,-0.002685,-0.000538,-0.006505,-0.002227,0.001437,-0.010274
2025-12-16 19:02:52.729,-0.000979,0.000248,-0.003693,-0.000249,-0.005052,-0.004393
2025-12-16 19:02:52.730,-0.003323,0.000544,-0.006286,-0.002533,0.003317,-0.005849
2025-12-16 19:02:52.731,-0.004268,0.000931,-0.007187,-0.000795,0.006944,-0.005647
2025-12-16 19:02:52.732,-0.002378,0.000239,-0.005157,0.001356,0.006462,-0.010563
2025-12-16 19:02:52.733,-0.002835,0.001012,-0.005435,0.003059,0.011358,-0.011471
2025-12-16 19:02:52.734,-0.002051,0.000984,-0.004073,0.003738,0.009964,-0.012181
2025-12-16 19:02:52.735,-0.001373,-0.000256,-0.004765,0.001136,0.007716,-0.013908
2025-12-16 19:02:52.736,-0.001156,0.000101,-0.003776,0.001076,0.002121,-0.007360
2025-12-16 19:02:52.737,-0.000366,-0.002172,-0.005528,-0.004993,0.005300,-0.011390
2025-12-16 19:02:52.738,-0.001192,0.000810,-0.004898,-0.000963,0.003773,-0.006877
2025-12-16 19:02:52.739,-0.002691,-0.000802,-0.007242,-0.003716,0.004285,-0.007299
2025-12-16 19:02:52.740,-0.001766,0.000011,-0.004581,-0.002642,0.001779,-0.004220
2025-12-16 19:02:52.742,-0.002681,-0.002430,-0.008150,-0.006254,0.007804,-0.010718
2025-12-16 19:02:52.743,-0.003720,-0.000780,-0.007439,-0.003524,0.009882,-0.005654
2025-12-16 19:02:52.744,-0.002427,-0.002167,-0.008301,-0.004695,0.006637,-0.009457
2025-12-16 19:02:52.745,-0.001850,-0.000774,-0.006979,-0.002326,0.005147,-0.007967
2025-12-16 19:02:52.746,-0.000724,-0.000914,-0.006316,0.000405,0.008040,-0.012661
2025-12-16 19:02:52.747,-0.002030,-0.000361,-0.005997,0.002220,0.012430,-0.013262
2025-12-16 19:02:52.748,-0.003072,0.001185,-0.006381,0.003165,0.010077,-0.007713
2025-12-16 19:02:52.749,-0.002289,0.000998,-0.006036,0.004636,0.009528,-0.008649
2025-12-16 19:02:52.750,-0.002393,0.000550,-0.004800,0.001500,0.002830,-0.007833
2025-12-16 19:02:52.751,-0.002756,0.002975,-0.004629,0.003263,0.007093,-0.006762
2025-12-16 19:02:52.752,-0.004204,0.002362,-0.007462,0.002917,0.010729,-0.005721
2025-12-16 19:02:52.753,-0.003664,0.002195,-0.006342,0.004223,0.010842,-0.008046
2025-12-16 19:02:52.754,-0.004553,0.002351,-0.006309,0.005242,0.008291,-0.003983
2025-12-16 19:02:52.755,-0.003162,0.002315,-0.005283,0.001940,0.007004,-0.007269
2025-12-16 19:02:52.756,-0.003880,0.001219,-0.006617,0.001830,0.012240,-0.010190
2025-12-16 19:02:52.758,-0.003648,0.002217,-0.007032,-0.000788,0.003903,-0.001257
2025-12-16 19:02:52.759,-0.003272,0.001451,-0.006889,0.000907,0.008951,-0.006543
2025-12-16 19:02:52.760,-0.003068,0.002086,-0.006509,-0.000775,0.008892,-0.008038
2025-12-16 19:02:52.761,-0.002843,0.001306,-0.007196,0.000511,0.008095,-0.007373
2025-12-16 19:02:52.762,-0.001858,0.000377,-0.007683,0.000354,0.005612,-0.012605
2025-12-16 19:02:52.763,-0.001911,0.001120,-0.007200,-0.003503,-0.000602,-0.004787
2025-12-16 19:02:52.764,-0.002439,0.002207,-0.006889,-0.002668,-0.001066,0.001770
2025-12-16 19:02:52.765,-0.003790,0.002848,-0.005841,-0.000380,-0.004392,0.005724
2025-12-16 19:02:52.766,-0.004735,0.003351,-0.006169,0.001449,0.002635,0.003014
2025-12-16 19:02:52.767,-0.003734,0.001381,-0.007063,0.001915,0.000871,0.000580
2025-12-16 19:02:52.768,-0.001839,0.001114,-0.004709,0.000793,-0.010132,0.001655
2025-12-16 19:02:52.770,-0.001980,0.000820,-0.005623,-0.002243,-0.007008,-0.002073
2025-12-16 19:02:52.771,-0.002304,0.001060,-0.005583,0.001248,-0.005857,-0.000503
2025-12-16 19:02:52.772,-0.002773,-0.000515,-0.007469,-0.002909,-0.003310,-0.004206
2025-12-16 19:02:52.773,-0.004382,0.000803,-0.008653,-0.004656,0.004085,-0.005054
2025-12-16 19:02:52.774,-0.005744,0.001231,-0.009735,-0.001944,0.008990,-0.004050
2025-12-16 19:02:52.775,-0.005496,0.004076,-0.006620,0.001328,0.001532,0.003372
2025-12-16 19:02:52.776,-0.004570,0.003953,-0.006839,0.000461,-0.000060,0.006761
2025-12-16 19:02:52.777,-0.002892,0.003622,-0.004553,0.003474,-0.005023,0.005136
2025-12-16 19:02:52.779,-0.004907,0.002756,-0.004649,0.004631,0.003092,0.000087
2025-12-16 19:02:52.782,-0.003796,0.002028,-0.006034,0.001355,0.005513,-0.002652
2025-12-16 19:02:52.783,-0.003486,0.002158,-0.006375,0.002417,0.005442,-0.002292
2025-12-16 19:02:52.784,-0.003064,0.002644,-0.004901,0.000929,0.004468,-0.005126
2025-12-16 19:02:52.785,-0.002658,0.000814,-0.006145,-0.004255,0.003713,-0.005677
2025-12-16 19:02:52.786,-0.003202,0.001211,-0.005935,-0.002774,0.005464,-0.001670
2025-12-16 19:02:52.787,-0.003960,0.000195,-0.007491,-0.001835,0.013823,-0.007949
2025-12-16 19:02:52.789,-0.003742,-0.000035,-0.007096,-0.002258,0.009843,-0.002970
2025-12-16 19:02:52.790,-0.004893,0.005282,-0.004182,0.003323,0.006767,0.003477
2025-12-16 19:02:52.791,-0.004952,0.004462,-0.005330,-0.001352,0.004725,0.001986
2025-12-16 19:02:52.793,-0.005389,0.004401,-0.005005,0.000952,0.003805,0.002703
2025-12-16 19:02:52.794,-0.005498,0.002953,-0.006527,-0.001112,0.009350,-0.000213
2025-12-16 19:02:52.795,-0.004720,0.002299,-0.006901,0.000868,0.011964,-0.004116
2025-12-16 19:02:52.796,-0.003354,0.002126,-0.006298,-0.001186,0.010372,-0.008809
2025-12-16 19:02:52.797,-0.003423,0.001048,-0.006692,-0.004532,0.008367,-0.009768
2025-12-16 19:02:52.798,-0.005137,0.001621,-0.006874,-0.004490,0.006302,-0.001453
2025-12-16 19:02:52.799,-0.005181,0.000293,-0.007302,-0.002003,0.004868,-0.002244
2025-12-16 19:02:52.800,-0.002019,-0.000798,-0.005538,-0.003535,-0.002607,-0.006342
2025-12-16 19:02:52.802,-0.003358,0.000300,-0.005594,-0.001663,-0.000038,-0.004223
2025-12-16 19:02:52.803,-0.002594,-0.000353,-0.005588,-0.002813,-0.001495,-0.002592
2025-12-16 19:02:52.804,-0.003828,-0.000177,-0.006168,-0.001101,0.000820,-0.002331
2025-12-16 19:02:52.805,-0.003789,0.000641,-0.006822,-0.005295,-0.001808,0.002697
2025-12-16 19:02:52.806,-0.003330,-0.000087,-0.006584,-0.002789,0.000852,-0.001197
2025-12-16 19:02:52.807,-0.004952,0.004265,-0.006288,0.000368,-0.000385,0.006958
2025-12-16 19:02:52.808,-0.003224,0.002749,-0.004777,0.001498,-0.003724,0.002558
2025-12-16 19:02:52.809,-0.003558,0.001371,-0.006279,-0.001352,-0.003792,0.000852
2025-12-16 19:02:52.811,-0.002926,0.003068,-0.004345,0.002188,-0.004559,0.002182
2025-12-16 19:02:52.812,-0.003744,0.001590,-0.005118,-0.001338,-0.004320,0.001822
2025-12-16 19:02:52.813,-0.004884,0.000952,-0.005906,-0.002114,-0.004969,0.007188
2025-12-16 19:02:52.814,-0.005666,0.000369,-0.007433,-0.007354,0.001165,0.004506
2025-12-16 19:02:52.815,-0.005649,0.000078,-0.008203,-0.005521,0.004525,0.000983
2025-12-16 19:02:52.816,-0.005672,0.001464,-0.007987,-0.002086,0.005066,0.001797
2025-12-16 19:02:52.817,-0.005528,0.004142,-0.005477,0.002240,0.000231,0.006536
2025-12-16 19:02:52.818,-0.003207,0.002844,-0.003756,0.006437,-0.004840,-0.000254
2025-12-16 19:02:52.819,-0.003294,0.003443,-0.002850,0.007601,-0.003921,0.001038
2025-12-16 19:02:52.820,-0.003923,0.003348,-0.002750,0.005825,-0.005198,0.006076
2025-12-16 19:02:52.821,-0.005146,0.002508,-0.005738,0.001344,-0.000083,0.002428
2025-12-16 19:02:52.822,-0.004581,0.005096,-0.004987,0.005073,0.001971,0.000600
2025-12-16 19:02:52.824,-0.002924,0.002875,-0.004339,0.002534,-0.002587,-0.003134
2025-12-16 19:02:52.825,-0.002342,0.002600,-0.003524,0.004127,-0.003421,-0.003302
2025-12-16 19:02:52.826,-0.003899,0.002903,-0.003374,0.005701,-0.002701,-0.000070
2025-12-16 19:02:52.827,-0.001089,0.001057,-0.002695,0.002289,-0.009956,-0.003533
2025-12-16 19:02:52.828,-0.002441,0.002671,-0.003555,0.003755,-0.001934,-0.002805
2025-12-16 19:02:52.829,-0.001818,0.003350,-0.003605,-0.001027,-0.010798,0.004126
2025-12-16 19:02:52.831,-0.002844,0.000592,-0.006677,-0.004972,-0.003676,-0.002420
2025-12-16 19:02:52.832,-0.005293,0.002891,-0.005968,-0.001986,-0.000992,0.000390
2025-12-16 19:02:52.833,-0.006602,0.001105,-0.007991,-0.000935,0.004419,-0.001331
2025-12-16 19:02:52.834,-0.006008,0.002616,-0.007405,-0.002359,0.002775,-0.000268
2025-12-16 19:02:52.835,-0.005149,0.001763,-0.007762,-0.000972,0.003355,-0.001249
2025-12-16 19:02:52.836,-0.004015,0.000696,-0.007197,-0.002930,0.000358,-0.003665
2025-12-16 19:02:52.837,-0.004157,0.000298,-0.006815,-0.002305,-0.002532,0.001403
2025-12-16 19:02:52.838,-0.003610,0.000246,-0.006360,-0.000804,-0.001363,-0.001367
2025-12-16 19:02:52.839,-0.005259,0.000340,-0.007851,0.000437,0.004659,-0.001888
2025-12-16 19:02:52.840,-0.003928,-0.000733,-0.008059,-0.002333,0.001594,-0.004823
2025-12-16 19:02:52.842,-0.005136,0.000005,-0.008882,-0.000906,0.004128,-0.002151
2025-12-16 19:02:52.843,-0.003922,-0.001939,-0.008419,-0.002578,0.002239,-0.007051
2025-12-16 19:02:52.844,-0.002364,-0.001135,-0.006489,0.000610,-0.005607,-0.002839
2025-12-16 19:02:52.845,-0.002198,0.000351,-0.005498,0.002379,-0.009611,0.001277
2025-12-16 19:02:52.846,-0.003003,-0.000682,-0.006372,0.002353,-0.006779,-0.000426
2025-12-16 19:02:52.847,-0.002939,-0.001373,-0.006837,0.002424,-0.000098,-0.005932
2025-12-16 19:02:52.848,-0.005067,-0.001402,-0.008532,0.002658,0.010228,-0.009112
2025-12-16 19:02:52.849,-0.005240,-0.001010,-0.008755,0.002685,0.011180,-0.008255
2025-12-16 19:02:52.850,-0.004943,-0.001112,-0.008514,0.003153,0.013035,-0.009567
2025-12-16 19:02:52.851,-0.005406,-0.001323,-0.008619,0.003796,0.013807,-0.009859
2025-12-16 19:02:52.853,-0.005835,-0.001033,-0.009339,-0.002591,0.011183,-0.004418
2025-12-16 19:02:52.854,-0.004603,-0.001550,-0.009220,-0.006693,0.007412,-0.004033
2025-12-16 19:02:52.855,-0.005585,-0.002200,-0.010378,-0.009487,0.002354,0.003459
2025-12-16 19:02:52.856,-0.005064,-0.003799,-0.011072,-0.012945,0.006225,-0.001821
2025-12-16 19:02:52.857,-0.002853,-0.003783,-0.009202,-0.011923,-0.000450,-0.004636
2025-12-16 19:02:52.858,-0.001945,-0.003000,-0.008147,-0.009147,-0.001206,-0.001713
2025-12-16 19:02:52.859,-0.002184,-0.003473,-0.009222,-0.012717,-0.001509,-0.000916
2025-12-16 19:02:52.860,-0.003171,-0.004411,-0.009817,-0.014798,0.002726,-0.003533
2025-12-16 19:02:52.861,-0.003407,-0.004103,-0.009627,-0.010637,0.002367,-0.004141
2025-12-16 19:02:52.863,-0.004187,-0.004282,-0.010106,-0.009472,0.004602,-0.002741
2025-12-16 19:02:52.864,-0.005247,-0.003050,-0.009698,-0.008339,0.000574,0.004248
2025-12-16 19:02:52.865,-0.005566,-0.002976,-0.009971,-0.005368,0.008574,-0.001665
2025-12-16 19:02:52.866,-0.003989,-0.002933,-0.009380,-0.006245,0.003633,-0.003721
2025-12-16 19:02:52.867,-0.003877,-0.004413,-0.010014,-0.010923,0.000661,-0.002959
2025-12-16 19:02:52.868,-0.004590,-0.004210,-0.009986,-0.007951,-0.000116,-0.002135
2025-12-16 19:02:52.869,-0.005627,-0.004556,-0.010882,-0.010398,0.002422,-0.005267
2025-12-16 19:02:52.870,-0.003960,-0.006849,-0.010833,-0.013073,0.000826,-0.008058
2025-12-16 19:02:52.872,-0.004370,-0.006069,-0.010177,-0.011559,0.005498,-0.010410
2025-12-16 19:02:52.873,-0.004467,-0.006024,-0.010437,-0.007390,0.009123,-0.012519
2025-12-16 19:02:52.874,-0.004061,-0.007573,-0.011188,-0.011718,0.000860,-0.008834
2025-12-16 19:02:52.875,-0.002536,-0.005996,-0.007662,-0.007557,-0.000004,-0.010789
2025-12-16 19:02:52.876,-0.003384,-0.004707,-0.008178,-0.008510,0.000132,-0.010044
2025-12-16 19:02:52.877,-0.003133,-0.004815,-0.008423,-0.011066,-0.005098,-0.004855
2025-12-16 19:02:52.879,-0.003288,-0.005050,-0.009101,-0.012177,-0.002984,-0.007568
2025-12-16 19:02:52.880,-0.003119,-0.007017,-0.010654,-0.014603,-0.000821,-0.008855
2025-12-16 19:02:52.881,-0.003895,-0.007437,-0.011288,-0.010852,0.001095,-0.011403
2025-12-16 19:02:52.882,-0.003042,-0.007718,-0.009976,-0.011215,-0.000666,-0.014539
2025-12-16 19:02:52.883,-0.000455,-0.006550,-0.006858,-0.009560,-0.008030,-0.015560
2025-12-16 19:02:52.884,-0.001692,-0.007525,-0.008173,-0.010099,-0.005484,-0.011011
2025-12-16 19:02:52.885,-0.003297,-0.006923,-0.009858,-0.007752,-0.000006,-0.010750
2025-12-16 19:02:52.886,-0.003578,-0.005676,-0.009359,-0.005356,0.003190,-0.011609
2025-12-16 19:02:52.887,-0.002710,-0.005641,-0.008765,-0.004002,-0.002566,-0.005402
2025-12-16 19:02:52.888,-0.001738,-0.005394,-0.007500,-0.005891,-0.006307,-0.007437
2025-12-16 19:02:52.889,-0.003579,-0.005748,-0.010173,-0.009206,-0.006889,-0.004239
2025-12-16 19:02:52.891,-0.003131,-0.005313,-0.008872,-0.005892,-0.004135,-0.007471
2025-12-16 19:02:52.892,-0.003061,-0.005969,-0.009997,-0.009837,-0.000348,-0.008075
2025-12-16 19:02:52.893,-0.001635,-0.006150,-0.007567,-0.005580,-0.004820,-0.010113
2025-12-16 19:02:52.894,-0.001584,-0.005632,-0.008350,-0.007795,-0.005378,-0.009957
2025-12-16 19:02:52.895,0.000082,-0.007299,-0.007369,-0.010035,-0.007467,-0.015773
2025-12-16 19:02:52.896,-0.002060,-0.006710,-0.010777,-0.013226,0.000313,-0.011891
2025-12-16 19:02:52.897,-0.001019,-0.006251,-0.009821,-0.013410,-0.002786,-0.012805
2025-12-16 19:02:52.898,-0.002450,-0.006961,-0.010857,-0.016505,-0.007266,-0.006649
2025-12-16 19:02:52.899,-0.002838,-0.007529,-0.011633,-0.018844,-0.001006,-0.009128
2025-12-16 19:02:52.901,-0.002271,-0.009449,-0.012669,-0.020033,0.003256,-0.015534
2025-12-16 19:02:52.902,-0.003307,-0.009469,-0.012642,-0.021179,-0.003753,-0.007964
2025-12-16 19:02:52.903,-0.001790,-0.010663,-0.012261,-0.021137,-0.002636,-0.014783
2025-12-16 19:02:52.904,-0.002913,-0.010625,-0.013117,-0.022093,-0.006825,-0.008114
2025-12-16 19:02:52.905,0.000027,-0.012897,-0.012038,-0.023251,-0.007123,-0.015500
2025-12-16 19:02:52.906,-0.000407,-0.012477,-0.012099,-0.023905,-0.006042,-0.014022
2025-12-16 19:02:52.908,-0.003447,-0.011823,-0.014741,-0.024483,-0.003469,-0.010486
2025-12-16 19:02:52.909,-0.003174,-0.011484,-0.013805,-0.019052,0.001339,-0.014303
2025-12-16 19:02:52.910,-0.001874,-0.010124,-0.012237,-0.017917,-0.005364,-0.012945
2025-12-16 19:02:52.911,-0.000678,-0.013421,-0.013295,-0.026212,-0.006037,-0.018210
2025-12-16 19:02:52.912,-0.001031,-0.013678,-0.014172,-0.025203,-0.002364,-0.021455
2025-12-16 19:02:52.913,0.001491,-0.016075,-0.013167,-0.025570,-0.010536,-0.025532
2025-12-16 19:02:52.917,0.001438,-0.020281,-0.017733,-0.034349,-0.003841,-0.033512
2025-12-16 19:02:52.918,-0.000504,-0.021105,-0.019262,-0.033406,0.001789,-0.032182
2025-12-16 19:02:52.919,-0.000228,-0.020811,-0.018595,-0.036451,0.000299,-0.032243
2025-12-16 19:02:52.920,-0.000084,-0.018413,-0.016789,-0.030931,0.001429,-0.032938
2025-12-16 19:02:52.922,0.001542,-0.021234,-0.018323,-0.032087,-0.003005,-0.037250
2025-12-16 19:02:52.923,0.001844,-0.021769,-0.018359,-0.032493,0.001059,-0.043091
2025-12-16 19:02:52.924,0.003668,-0.022637,-0.015522,-0.028107,0.001575,-0.050894
2025-12-16 19:02:52.925,0.002197,-0.023351,-0.017188,-0.030852,-0.001069,-0.047855
2025-12-16 19:02:52.926,0.002227,-0.024167,-0.017074,-0.029555,-0.003209,-0.047016
2025-12-16 19:02:52.927,0.002477,-0.024328,-0.017573,-0.028564,-0.003968,-0.045558
2025-12-16 19:02:52.929,0.002280,-0.023854,-0.016473,-0.026105,0.000375,-0.047323
2025-12-16 19:02:52.930,0.001907,-0.024390,-0.019157,-0.029063,-0.002461,-0.048720
2025-12-16 19:02:52.931,0.004180,-0.025178,-0.017182,-0.032617,-0.010879,-0.045399
2025-12-16 19:02:52.933,0.002844,-0.025440,-0.018675,-0.026701,-0.001492,-0.048504
2025-12-16 19:02:52.934,0.000954,-0.024943,-0.019418,-0.025048,0.001001,-0.045672
2025-12-16 19:02:52.936,0.001229,-0.024392,-0.020022,-0.025511,-0.001213,-0.048283
2025-12-16 19:02:52.937,0.002622,-0.024584,-0.020234,-0.023986,0.000653,-0.052653
2025-12-16 19:02:52.938,0.002447,-0.024056,-0.019273,-0.021454,-0.000128,-0.049202
2025-12-16 19:02:52.939,0.000399,-0.021490,-0.019009,-0.020820,-0.000398,-0.041003
2025-12-16 19:02:52.940,0.001077,-0.021592,-0.019768,-0.019362,-0.000570,-0.042826
2025-12-16 19:02:52.941,0.002012,-0.021598,-0.018687,-0.017039,-0.000851,-0.046608
2025-12-16 19:02:52.942,0.002202,-0.020607,-0.019502,-0.015044,0.002834,-0.047588
2025-12-16 19:02:52.943,-0.000407,-0.020771,-0.021962,-0.015568,0.009356,-0.048565
2025-12-16 19:02:52.944,0.000354,-0.019003,-0.020844,-0.013985,0.005842,-0.045678
2025-12-16 19:02:52.945,0.000285,-0.018478,-0.020234,-0.011589,0.004291,-0.048202
2025-12-16 19:02:52.946,-0.002445,-0.018213,-0.021256,-0.007094,0.012980,-0.046209
2025-12-16 19:02:52.949,-0.001383,-0.017805,-0.021688,-0.010047,0.011661,-0.053668
2025-12-16 19:02:52.950,-0.001274,-0.018463,-0.021606,-0.008223,0.011183,-0.056460
2025-12-16 19:02:52.951,-0.003084,-0.016618,-0.022682,-0.007364,0.010762,-0.051204
2025-12-16 19:02:52.952,-0.002944,-0.015071,-0.020916,-0.006542,0.009945,-0.048187
2025-12-16 19:02:52.954,-0.002606,-0.012659,-0.020647,-0.003541,0.011366,-0.047381
2025-12-16 19:02:52.955,-0.002866,-0.014446,-0.022081,-0.004031,0.012282,-0.049621
2025-12-16 19:02:52.956,-0.004454,-0.011262,-0.023991,-0.002824,0.020471,-0.049653
2025-12-16 19:02:52.957,-0.004591,-0.007974,-0.023010,0.000460,0.013790,-0.044092
2025-12-16 19:02:52.958,-0.002655,-0.008638,-0.022255,0.001353,0.012776,-0.049815
2025-12-16 19:02:52.959,-0.002180,-0.007786,-0.022338,0.003331,0.009138,-0.048038
2025-12-16 19:02:52.960,-0.004776,-0.007532,-0.023469,0.001394,0.010230,-0.042853
2025-12-16 19:02:52.961,-0.004192,-0.006021,-0.022522,0.003827,0.008902,-0.043038
2025-12-16 19:02:52.963,-0.005263,-0.002662,-0.022893,0.005911,0.009361,-0.037857
2025-12-16 19:02:52.964,-0.004974,-0.004123,-0.025106,-0.000078,0.006855,-0.034834
2025-12-16 19:02:52.965,-0.004736,-0.004178,-0.023631,0.003072,0.003328,-0.035197
2025-12-16 19:02:52.966,-0.003686,-0.004806,-0.023709,0.000533,0.002832,-0.039373
2025-12-16 19:02:52.967,-0.004246,-0.003680,-0.024730,-0.000655,0.004489,-0.039489
2025-12-16 19:02:52.968,-0.005673,-0.004321,-0.026558,0.000899,0.005700,-0.042278
2025-12-16 19:02:52.969,-0.004198,-0.002542,-0.025907,0.002435,0.002647,-0.043678
2025-12-16 19:02:52.970,-0.003867,-0.001542,-0.027487,0.002174,0.005468,-0.046028
2025-12-16 19:02:52.971,-0.004547,-0.001898,-0.029927,-0.002939,0.014872,-0.053929
2025-12-16 19:02:52.972,-0.005359,0.000349,-0.029142,0.002429,0.015375,-0.048761
2025-12-16 19:02:52.973,-0.005267,0.002629,-0.029179,0.003254,0.013862,-0.045339
2025-12-16 19:02:52.974,-0.004862,0.006387,-0.027371,0.006792,0.007049,-0.040468
2025-12-16 19:02:52.975,-0.006732,0.006911,-0.030478,0.002234,0.014766,-0.040678
2025-12-16 19:02:52.977,-0.005673,0.007838,-0.029519,0.002441,0.010171,-0.038058
2025-12-16 19:02:52.978,-0.007688,0.009496,-0.029080,0.002770,0.009075,-0.032422
2025-12-16 19:02:52.979,-0.008106,0.011510,-0.028972,0.008417,0.011816,-0.028827
2025-12-16 19:02:52.980,-0.008397,0.010319,-0.029407,0.008266,0.015886,-0.032603
2025-12-16 19:02:52.981,-0.008715,0.013931,-0.028464,0.009614,0.017486,-0.028441
2025-12-16 19:02:52.982,-0.009570,0.014852,-0.028226,0.013881,0.016563,-0.023811
2025-12-16 19:02:52.983,-0.009271,0.015349,-0.029910,0.007945,0.016793,-0.024785
2025-12-16 19:02:52.985,-0.009637,0.016521,-0.031428,0.008196,0.014877,-0.027324
2025-12-16 19:02:52.986,-0.010553,0.018399,-0.030602,0.011607,0.013637,-0.019170
2025-12-16 19:02:52.987,-0.009652,0.018189,-0.029615,0.012158,0.012242,-0.022806
2025-12-16 19:02:52.989,-0.010618,0.020448,-0.030769,0.013436,0.017829,-0.021259
2025-12-16 19:02:52.990,-0.011598,0.021185,-0.032012,0.011613,0.019689,-0.017616
2025-12-16 19:02:52.991,-0.011756,0.022510,-0.031590,0.011170,0.013341,-0.013122
2025-12-16 19:02:52.992,-0.011522,0.022453,-0.032253,0.011503,0.014070,-0.014926
2025-12-16 19:02:52.993,-0.012150,0.023457,-0.032030,0.012743,0.013035,-0.012612
2025-12-16 19:02:52.994,-0.011827,0.023448,-0.033303,0.009677,0.011384,-0.013890
2025-12-16 19:02:52.995,-0.009334,0.023648,-0.032277,0.005583,0.001771,-0.008977
2025-12-16 19:02:52.997,-0.012842,0.027713,-0.032962,0.008017,0.004236,-0.002382
2025-12-16 19:02:52.998,-0.013220,0.029594,-0.032942,0.005186,0.008467,-0.004768
2025-12-16 19:02:52.999,-0.013287,0.029794,-0.033219,0.003542,0.003689,-0.001681
2025-12-16 19:02:53.000,-0.013348,0.027299,-0.034747,0.005199,0.012009,-0.008756
2025-12-16 19:02:53.001,-0.012692,0.025531,-0.036950,-0.000837,0.007753,-0.011422
2025-12-16 19:02:53.002,-0.014656,0.029491,-0.037051,0.002571,0.010555,-0.007870
2025-12-16 19:02:53.003,-0.013605,0.030188,-0.035978,0.008607,0.014037,-0.011114
2025-12-16 19:02:53.004,-0.014795,0.030914,-0.035934,0.006208,0.017037,-0.010386
2025-12-16 19:02:53.006,-0.015853,0.029794,-0.038306,0.004466,0.015554,-0.004982
2025-12-16 19:02:53.007,-0.014572,0.029921,-0.038404,-0.000939,0.013086,-0.006731
2025-12-16 19:02:53.008,-0.014519,0.029357,-0.038643,-0.002993,0.011177,-0.011572
2025-12-16 19:02:53.009,-0.013134,0.028704,-0.037253,-0.006895,0.004257,-0.010507
2025-12-16 19:02:53.011,-0.011690,0.028315,-0.037137,-0.007573,-0.001025,-0.012993
2025-12-16 19:02:53.013,-0.013865,0.030872,-0.038490,-0.009545,-0.002805,-0.000203
2025-12-16 19:02:53.014,-0.013120,0.031284,-0.038001,-0.010431,-0.005473,0.000403
2025-12-16 19:02:53.015,-0.014096,0.030052,-0.039016,-0.008576,-0.004793,0.002293
2025-12-16 19:02:53.016,-0.014961,0.030427,-0.040515,-0.011113,-0.007180,0.005807
2025-12-16 19:02:53.018,-0.013760,0.029905,-0.039139,-0.012453,-0.007188,0.001644
2025-12-16 19:02:53.019,-0.015768,0.028551,-0.041875,-0.012726,-0.000406,0.000350
2025-12-16 19:02:53.021,-0.015624,0.028512,-0.041391,-0.015593,-0.000647,-0.000578
2025-12-16 19:02:53.022,-0.016542,0.029571,-0.041835,-0.011089,0.004865,0.000670
2025-12-16 19:02:53.023,-0.016290,0.027908,-0.042471,-0.014197,0.005873,-0.002028
2025-12-16 19:02:53.025,-0.014716,0.026916,-0.041969,-0.015240,0.002701,-0.004644
2025-12-16 19:02:53.027,-0.016942,0.028595,-0.043249,-0.009445,0.003761,0.003362
2025-12-16 19:02:53.029,-0.016419,0.026023,-0.044939,-0.011261,0.005545,-0.000638
2025-12-16 19:02:53.030,-0.017666,0.027549,-0.043568,-0.008708,0.005928,0.002910
2025-12-16 19:02:53.031,-0.018700,0.028731,-0.044347,-0.007494,0.006205,0.008098
2025-12-16 19:02:53.032,-0.018223,0.029026,-0.043991,-0.009416,0.003135,0.007452
2025-12-16 19:02:53.033,-0.018112,0.027869,-0.044694,-0.009824,0.002646,0.006842
2025-12-16 19:02:53.034,-0.017556,0.027508,-0.044403,-0.005737,0.006275,-0.000323
2025-12-16 19:02:53.036,-0.017318,0.029282,-0.044165,-0.009451,0.004495,0.006751
2025-12-16 19:02:53.037,-0.018116,0.031863,-0.042961,-0.004517,0.003049,0.009510
2025-12-16 19:02:53.038,-0.018371,0.030106,-0.043883,-0.005300,0.001135,0.008879
2025-12-16 19:02:53.039,-0.014719,0.029336,-0.041228,-0.000669,-0.003680,0.002760
2025-12-16 19:02:53.040,-0.016793,0.029240,-0.043169,-0.002126,0.004484,0.002042
2025-12-16 19:02:53.041,-0.015435,0.027857,-0.042844,-0.001710,0.003978,-0.003133
2025-12-16 19:02:53.043,-0.017188,0.028714,-0.043068,-0.000283,0.008594,-0.001490
2025-12-16 19:02:53.044,-0.016202,0.025824,-0.045234,-0.005584,0.011794,-0.006139
2025-12-16 19:02:53.045,-0.016992,0.026010,-0.045699,-0.006425,0.009464,-0.001874
2025-12-16 19:02:53.046,-0.016909,0.028322,-0.043866,-0.003233,0.008005,-0.001540
2025-12-16 19:02:53.047,-0.017708,0.028542,-0.044382,-0.003822,0.010641,-0.000510
2025-12-16 19:02:53.048,-0.017028,0.029175,-0.042232,-0.002617,0.005534,0.003007
2025-12-16 19:02:53.050,-0.015465,0.026804,-0.043547,-0.007877,0.007281,-0.004313
2025-12-16 19:02:53.051,-0.017002,0.027655,-0.043466,-0.006212,0.013880,-0.003792
2025-12-16 19:02:53.052,-0.018421,0.027900,-0.044783,-0.006348,0.015458,-0.001922
2025-12-16 19:02:53.055,-0.015985,0.029362,-0.040105,-0.004384,-0.002527,0.005583
2025-12-16 19:02:53.056,-0.014608,0.028539,-0.040795,-0.006599,-0.002834,-0.001196
2025-12-16 19:02:53.057,-0.014167,0.029183,-0.039232,-0.004787,-0.003508,0.000999
2025-12-16 19:02:53.058,-0.013863,0.025844,-0.040629,-0.009689,-0.007362,-0.001246
2025-12-16 19:02:53.059,-0.013159,0.026243,-0.039111,-0.005618,-0.003472,-0.006760
2025-12-16 19:02:53.060,-0.012748,0.025169,-0.039624,-0.010131,-0.008759,-0.005297
2025-12-16 19:02:53.062,-0.013608,0.028160,-0.037983,-0.004005,-0.004433,-0.005516
2025-12-16 19:02:53.063,-0.013564,0.028759,-0.038468,-0.004844,-0.001281,-0.008682
2025-12-16 19:02:53.064,-0.014879,0.029601,-0.038401,-0.003743,0.005903,-0.009127
2025-12-16 19:02:53.065,-0.015008,0.029141,-0.037862,-0.002901,0.005473,-0.007325
2025-12-16 19:02:53.066,-0.013900,0.028391,-0.037068,0.000873,0.007028,-0.012736
2025-12-16 19:02:53.067,-0.012890,0.028572,-0.035386,0.003674,0.004303,-0.015079
2025-12-16 19:02:53.069,-0.013504,0.028509,-0.036202,0.001939,0.004743,-0.012276
2025-12-16 19:02:53.070,-0.012779,0.027075,-0.035876,-0.005071,0.002522,-0.012567
2025-12-16 19:02:53.071,-0.013325,0.026675,-0.036864,-0.005322,0.006130,-0.012163
2025-12-16 19:02:53.072,-0.012435,0.024295,-0.037431,-0.004459,0.012438,-0.020611
2025-12-16 19:02:53.073,-0.012590,0.024876,-0.037189,-0.002371,0.007905,-0.017399
2025-12-16 19:02:53.074,-0.015071,0.028804,-0.037537,-0.001596,0.011995,-0.008766
2025-12-16 19:02:53.076,-0.015333,0.027711,-0.038196,-0.005024,0.016461,-0.008676
2025-12-16 19:02:53.079,-0.014456,0.028938,-0.034229,-0.001805,0.013940,-0.006738
2025-12-16 19:02:53.081,-0.013253,0.025896,-0.034439,-0.005358,0.007392,-0.004836
2025-12-16 19:02:53.083,-0.012149,0.025638,-0.033207,-0.003743,0.006586,-0.011061
2025-12-16 19:02:53.084,-0.011532,0.026554,-0.032170,0.001707,0.008750,-0.011786
2025-12-16 19:02:53.085,-0.012430,0.028410,-0.031502,0.006598,0.011086,-0.009525
2025-12-16 19:02:53.087,-0.013883,0.028593,-0.030619,0.006437,0.010458,-0.002438
2025-12-16 19:02:53.091,-0.013369,0.028837,-0.033242,0.002679,0.006984,-0.001871
2025-12-16 19:02:53.092,-0.012569,0.027300,-0.033647,0.001378,0.007912,-0.007285
2025-12-16 19:02:53.093,-0.012803,0.027702,-0.031986,0.003603,0.004072,-0.001103
2025-12-16 19:02:53.094,-0.013695,0.028259,-0.031415,0.004757,0.001416,0.004220
2025-12-16 19:02:53.096,-0.013417,0.028440,-0.031985,0.002563,0.001628,-0.001292
2025-12-16 19:02:53.098,-0.013416,0.027199,-0.031685,0.006776,0.006172,-0.003279
2025-12-16 19:02:53.099,-0.012343,0.026345,-0.030767,0.003471,-0.005378,0.001967
2025-12-16 19:02:53.100,-0.013365,0.026802,-0.031248,0.001880,-0.002446,0.000049
2025-12-16 19:02:53.101,-0.012562,0.027116,-0.030081,0.004302,0.000911,-0.001140
2025-12-16 19:02:53.102,-0.013093,0.026337,-0.030025,0.004638,0.002742,-0.000085
2025-12-16 19:02:53.104,-0.012942,0.026280,-0.030317,-0.000256,-0.002290,-0.000756
2025-12-16 19:02:53.105,-0.011886,0.024623,-0.030364,-0.001728,-0.006493,-0.000883
2025-12-16 19:02:53.106,-0.012456,0.026688,-0.029300,-0.000287,-0.007286,0.000099
2025-12-16 19:02:53.109,-0.012209,0.026592,-0.028175,0.009780,-0.001018,-0.005879
2025-12-16 19:02:53.111,-0.013134,0.023807,-0.030202,0.003681,0.005232,-0.008714
2025-12-16 19:02:53.112,-0.011135,0.022596,-0.028953,0.002993,-0.001337,-0.012144
2025-12-16 19:02:53.114,-0.010322,0.021317,-0.029137,0.001667,-0.004821,-0.014980
2025-12-16 19:02:53.115,-0.011225,0.021254,-0.028730,0.003001,-0.002689,-0.013977
2025-12-16 19:02:53.116,-0.011147,0.022111,-0.029077,0.000775,-0.000998,-0.011833
2025-12-16 19:02:53.117,-0.011987,0.023402,-0.028294,0.002648,0.000210,-0.008290
2025-12-16 19:02:53.118,-0.012950,0.025099,-0.027567,0.002708,-0.001344,-0.002135
2025-12-16 19:02:53.121,-0.011928,0.022822,-0.026331,0.004932,0.003670,-0.007082
2025-12-16 19:02:53.124,-0.012138,0.023099,-0.025419,0.003533,0.003920,-0.006468
2025-12-16 19:02:53.125,-0.010934,0.020969,-0.026001,0.003263,0.003473,-0.010033
2025-12-16 19:02:53.126,-0.010545,0.021255,-0.024994,0.003270,0.001670,-0.008592
2025-12-16 19:02:53.129,-0.011222,0.022328,-0.024623,0.005638,0.007580,-0.008970
2025-12-16 19:02:53.131,-0.010025,0.021096,-0.022549,0.007375,-0.000248,-0.003173
2025-12-16 19:02:53.132,-0.010831,0.021397,-0.023438,0.004102,0.004017,-0.002810
2025-12-16 19:02:53.135,-0.008899,0.020201,-0.021241,0.004992,-0.002622,-0.006532
2025-12-16 19:02:53.136,-0.010902,0.022572,-0.020068,0.004077,-0.002167,-0.000608
2025-12-16 19:02:53.141,-0.009239,0.019387,-0.019792,0.001671,0.001223,-0.003008
2025-12-16 19:02:53.143,-0.009891,0.019534,-0.018742,-0.000414,-0.004475,0.007298
2025-12-16 19:02:53.144,-0.009209,0.018672,-0.018156,0.003570,0.000749,0.001137
2025-12-16 19:02:53.145,-0.010314,0.020980,-0.017309,0.005324,0.004158,0.005007
2025-12-16 19:02:53.149,-0.007671,0.016690,-0.015381,0.002261,-0.001090,0.000585
2025-12-16 19:02:53.151,-0.008494,0.017374,-0.015478,0.001441,-0.001964,0.003518
2025-12-16 19:02:53.152,-0.006958,0.014417,-0.015402,-0.002647,-0.003885,0.001413
2025-12-16 19:02:53.153,-0.006579,0.014779,-0.015065,-0.005009,-0.003590,0.002156
2025-12-16 19:02:53.154,-0.005326,0.012131,-0.015361,-0.008632,-0.004029,-0.001796
2025-12-16 19:02:53.155,-0.006729,0.013709,-0.014989,-0.006570,-0.005008,0.006260
2025-12-16 19:02:53.157,-0.006564,0.014099,-0.013197,-0.004327,-0.006238,0.006013
2025-12-16 19:02:53.158,-0.005895,0.013182,-0.013703,-0.004844,-0.002743,-0.000730
2025-12-16 19:02:53.160,-0.005944,0.015482,-0.011023,-0.003970,-0.011983,0.007850
2025-12-16 19:02:53.161,-0.006372,0.014249,-0.011392,-0.005438,-0.008392,0.010132
2025-12-16 19:02:53.163,-0.005999,0.014917,-0.010295,-0.002942,-0.006833,0.009195
2025-12-16 19:02:53.164,-0.003927,0.011542,-0.008795,-0.003612,-0.006387,-0.001411
2025-12-16 19:02:53.165,-0.003203,0.010718,-0.008422,-0.001937,-0.007737,-0.001375
2025-12-16 19:02:53.166,-0.003850,0.012757,-0.007582,-0.000232,-0.007047,0.001416
2025-12-16 19:02:53.167,-0.003061,0.011939,-0.007395,-0.000902,-0.005223,-0.002411
2025-12-16 19:02:53.171,-0.003628,0.009320,-0.009118,-0.002606,-0.004889,0.000879
2025-12-16 19:02:53.172,-0.004531,0.011924,-0.008117,-0.002626,-0.006138,0.008160
2025-12-16 19:02:53.174,-0.005055,0.011594,-0.006501,-0.001439,-0.006901,0.011536
2025-12-16 19:02:53.175,-0.004513,0.011703,-0.006381,-0.000092,-0.008851,0.009856
2025-12-16 19:02:53.176,-0.004282,0.011061,-0.005505,0.003001,-0.007137,0.010048
2025-12-16 19:02:53.177,-0.004404,0.010770,-0.005246,0.006804,-0.003771,0.006808
2025-12-16 19:02:53.179,-0.004579,0.008747,-0.007389,0.002707,0.000176,0.001042
2025-12-16 19:02:53.180,-0.001513,0.006156,-0.006084,0.002603,-0.010291,-0.002866
2025-12-16 19:02:53.181,-0.001671,0.006031,-0.005684,0.005497,-0.008179,-0.003350
2025-12-16 19:02:53.182,-0.003102,0.008588,-0.005261,0.006795,-0.005998,0.003223
2025-12-16 19:02:53.184,-0.001464,0.004377,-0.005409,0.005055,-0.001197,-0.008190
2025-12-16 19:02:53.185,-0.002802,0.004065,-0.007321,0.000824,-0.000893,-0.004385
2025-12-16 19:02:53.186,-0.003416,0.005015,-0.007938,0.002522,0.000123,-0.000185
2025-12-16 19:02:53.187,-0.003023,0.005888,-0.007059,0.004094,-0.000810,0.002513
2025-12-16 19:02:53.188,-0.003321,0.006197,-0.005973,0.005803,-0.000829,0.003571
2025-12-16 19:02:53.189,-0.002135,0.005435,-0.004537,0.003407,-0.005649,0.001975
2025-12-16 19:02:53.190,-0.003427,0.007038,-0.004846,0.000814,-0.012185,0.010265
2025-12-16 19:02:53.191,-0.002516,0.006977,-0.004323,0.002618,-0.010662,0.008385
2025-12-16 19:02:53.193,-0.002326,0.006914,-0.004206,0.006838,-0.003248,0.001526
2025-12-16 19:02:53.194,-0.002094,0.006950,-0.002814,0.007973,-0.006063,0.003166
2025-12-16 19:02:53.195,-0.002010,0.004348,-0.003897,0.006711,-0.004308,0.000507
2025-12-16 19:02:53.196,-0.002625,0.004351,-0.004714,0.001077,-0.005266,0.004559
2025-12-16 19:02:53.197,-0.002899,0.004149,-0.004852,0.000601,-0.001362,0.006478
2025-12-16 19:02:53.198,-0.003679,0.003689,-0.006686,-0.000338,0.003109,0.007158
2025-12-16 19:02:53.199,-0.002869,0.003485,-0.006461,-0.002617,0.005917,0.000170
2025-12-16 19:02:53.201,-0.002531,0.004576,-0.006067,-0.000057,0.001912,0.003256
2025-12-16 19:02:53.201,-0.002776,0.002984,-0.006829,-0.003014,0.002828,-0.001001
2025-12-16 19:02:53.203,-0.002196,0.003709,-0.004044,0.001412,0.001894,0.000927
2025-12-16 19:02:53.204,-0.001122,0.002944,-0.003805,0.000110,0.001800,-0.003519
2025-12-16 19:02:53.205,-0.001932,0.002914,-0.004161,-0.004530,-0.000957,-0.000193
2025-12-16 19:02:53.206,0.000131,0.002233,-0.002318,-0.001850,-0.006330,-0.002560
2025-12-16 19:02:53.207,-0.000444,0.001309,-0.003283,-0.002107,-0.006358,0.001144
2025-12-16 19:02:53.208,-0.001092,0.001879,-0.003725,-0.001681,-0.008676,0.006836
2025-12-16 19:02:53.209,-0.001096,0.001877,-0.002208,-0.001697,-0.011203,0.009191
2025-12-16 19:02:53.210,-0.001872,0.002640,-0.002959,-0.000981,-0.005511,0.009792
2025-12-16 19:02:53.212,-0.002219,0.002221,-0.003791,-0.001044,0.001040,0.006638
2025-12-16 19:02:53.213,0.000374,0.000269,-0.001708,-0.001450,-0.004169,0.002495
2025-12-16 19:02:53.214,-0.001491,0.000267,-0.003644,-0.000964,-0.000297,0.004132
2025-12-16 19:02:53.215,0.000069,-0.003579,-0.004529,-0.003168,-0.000941,-0.001743
2025-12-16 19:02:53.216,-0.000788,-0.001941,-0.004026,-0.002115,-0.002759,0.002706
2025-12-16 19:02:53.217,0.000094,-0.001767,-0.003167,-0.001808,-0.004845,0.002197
2025-12-16 19:02:53.218,0.000203,-0.001094,-0.002186,-0.001807,-0.007835,0.004817
2025-12-16 19:02:53.219,0.000925,-0.004829,-0.002890,-0.002433,-0.003221,-0.003873
2025-12-16 19:02:53.220,0.000277,-0.002803,-0.002563,-0.001825,-0.000132,-0.003243
2025-12-16 19:02:53.222,0.001772,-0.002121,-0.000989,-0.000300,-0.011805,0.002712
2025-12-16 19:02:53.223,0.002584,-0.003488,-0.000712,-0.000183,-0.009267,-0.002290
2025-12-16 19:02:53.224,0.002051,-0.003558,-0.001088,-0.001369,-0.008320,-0.002233
2025-12-16 19:02:53.225,0.002869,-0.004692,-0.000743,-0.000555,-0.006446,-0.006522
2025-12-16 19:02:53.226,0.001859,-0.004796,-0.001725,-0.003722,-0.004755,-0.002042
2025-12-16 19:02:53.227,0.002150,-0.004208,-0.000203,-0.001450,-0.006008,-0.002826
2025-12-16 19:02:53.228,0.001478,-0.004073,-0.000925,-0.001439,-0.002060,-0.003917
2025-12-16 19:02:53.229,0.001698,-0.003446,-0.000750,-0.001332,-0.001251,-0.005551
2025-12-16 19:02:53.230,0.000241,-0.001891,-0.000806,0.002776,0.002863,-0.002551
2025-12-16 19:02:53.231,0.001388,-0.004162,-0.000739,0.001850,-0.000251,-0.006405
2025-12-16 19:02:53.233,0.002367,-0.005266,-0.000030,0.003071,0.000955,-0.010205
2025-12-16 19:02:53.234,0.001747,-0.004960,-0.000248,0.002989,0.004162,-0.011295
2025-12-16 19:02:53.235,0.002761,-0.004747,0.001714,0.007068,0.000570,-0.010187
2025-12-16 19:02:53.236,0.001902,-0.004017,0.001727,0.008250,0.000832,-0.006970
2025-12-16 19:02:53.237,0.001198,-0.002856,0.002208,0.010538,-0.000062,-0.003610
2025-12-16 19:02:53.238,0.000754,-0.001622,0.002152,0.006375,0.000038,0.000184
2025-12-16 19:02:53.239,0.001891,-0.003172,0.001677,0.004422,-0.001205,-0.004123
2025-12-16 19:02:53.240,0.001357,-0.002306,0.001216,0.003468,0.000485,-0.003937
2025-12-16 19:02:53.241,0.001930,-0.004603,0.001455,0.006021,-0.000196,-0.006919
2025-12-16 19:02:53.242,0.003066,-0.006145,0.000875,0.003982,-0.001284,-0.010785
2025-12-16 19:02:53.245,0.001697,-0.005546,0.002018,0.008046,0.002258,-0.005514
2025-12-16 19:02:53.247,0.004497,-0.006376,0.003624,0.007082,-0.005388,-0.009838
2025-12-16 19:02:53.248,0.003372,-0.006086,0.003634,0.008474,-0.002145,-0.010046
2025-12-16 19:02:53.249,0.003151,-0.007439,0.001746,0.006076,0.001216,-0.013846
2025-12-16 19:02:53.250,0.002784,-0.006674,0.002568,0.006846,-0.001003,-0.008065
2025-12-16 19:02:53.251,0.003647,-0.006362,0.003516,0.007975,-0.003601,-0.007932
2025-12-16 19:02:53.252,0.003285,-0.005791,0.004457,0.010426,-0.001742,-0.009592
2025-12-16 19:02:53.253,0.003941,-0.006370,0.003782,0.004973,-0.000795,-0.009347
2025-12-16 19:02:53.254,0.002897,-0.006686,0.002718,0.005123,0.002017,-0.007025
2025-12-16 19:02:53.255,0.004321,-0.007781,0.003865,0.004817,-0.002783,-0.010792
2025-12-16 19:02:53.256,0.002709,-0.007912,0.001840,0.004200,-0.000136,-0.005334
2025-12-16 19:02:53.257,0.004323,-0.008448,0.004419,0.006983,-0.003270,-0.009906
2025-12-16 19:02:53.258,0.004230,-0.008477,0.004240,0.002756,-0.005042,-0.008713
2025-12-16 19:02:53.259,0.004228,-0.009132,0.003518,0.004078,-0.003460,-0.008021
2025-12-16 19:02:53.260,0.002524,-0.007253,0.002544,0.004819,-0.001875,-0.001174
2025-12-16 19:02:53.262,0.002558,-0.005467,0.004747,0.007037,-0.006851,0.004103
2025-12-16 19:02:53.263,0.002605,-0.006039,0.004749,0.006874,-0.004133,0.002342
2025-12-16 19:02:53.264,0.001975,-0.006845,0.003694,0.006039,-0.003104,0.004141
2025-12-16 19:02:53.265,0.001957,-0.004880,0.005458,0.008901,-0.000257,0.003613
2025-12-16 19:02:53.268,0.004081,-0.008761,0.005172,0.007552,0.000062,-0.004338
2025-12-16 19:02:53.271,0.002507,-0.008822,0.003818,0.004158,0.002036,0.001127
2025-12-16 19:02:53.272,0.003834,-0.010015,0.005879,0.004419,-0.002527,-0.000022
2025-12-16 19:02:53.275,0.005066,-0.011261,0.006624,0.004215,-0.003496,-0.003563
2025-12-16 19:02:53.277,0.004958,-0.010199,0.006184,0.005155,-0.000549,-0.004963
2025-12-16 19:02:53.278,0.004551,-0.010385,0.005845,-0.000502,0.001436,-0.005354
2025-12-16 19:02:53.279,0.004087,-0.009088,0.006205,0.001682,-0.002237,-0.001717
2025-12-16 19:02:53.283,0.003823,-0.010274,0.004349,-0.001790,-0.000029,0.003383
2025-12-16 19:02:53.284,0.004281,-0.008143,0.007540,0.003577,0.001310,-0.001132
2025-12-16 19:02:53.287,0.003983,-0.007680,0.007171,0.005750,0.000773,0.003034
2025-12-16 19:02:53.288,0.003948,-0.009809,0.005692,0.002561,0.003538,0.000679
2025-12-16 19:02:53.290,0.003939,-0.011070,0.004155,-0.003526,0.001855,0.000630
2025-12-16 19:02:53.291,0.002298,-0.008818,0.004727,-0.001022,0.004557,0.006075
2025-12-16 19:02:53.293,0.005019,-0.010054,0.007534,-0.003176,-0.011702,0.013837
2025-12-16 19:02:53.294,0.003250,-0.009628,0.004714,-0.002924,-0.000685,0.011119
2025-12-16 19:02:53.295,0.003387,-0.010650,0.003701,-0.004612,0.002083,0.007810
2025-12-16 19:02:53.297,0.003273,-0.011674,0.004026,-0.003589,0.003704,0.005330
2025-12-16 19:02:53.298,0.005020,-0.011595,0.004920,-0.002111,0.001510,0.003558
2025-12-16 19:02:53.299,0.004621,-0.014032,0.004484,-0.006042,0.002935,0.003273
2025-12-16 19:02:53.300,0.002948,-0.012554,0.003591,-0.004987,0.008156,0.003585
2025-12-16 19:02:53.301,0.004669,-0.014618,0.002907,-0.008407,0.002812,-0.000104
2025-12-16 19:02:53.303,0.003141,-0.013190,0.003461,0.000700,0.003657,0.006391
2025-12-16 19:02:53.304,0.003394,-0.013617,0.004441,-0.000543,-0.000000,0.005731
2025-12-16 19:02:53.305,0.003649,-0.014378,0.003094,-0.001561,0.006276,0.000469
2025-12-16 19:02:53.306,0.003662,-0.015084,0.002765,-0.002969,0.006697,-0.001061
2025-12-16 19:02:53.307,0.004267,-0.015360,0.003234,-0.002075,0.007402,-0.003033
2025-12-16 19:02:53.308,0.004031,-0.015207,0.003415,-0.001927,0.001506,0.000889
2025-12-16 19:02:53.309,0.004344,-0.014679,0.004796,-0.004683,0.000308,0.003258
2025-12-16 19:02:53.310,0.004584,-0.014384,0.005090,-0.001855,0.002559,-0.002646
2025-12-16 19:02:53.312,0.005227,-0.013637,0.006907,-0.001562,-0.000071,-0.001894
2025-12-16 19:02:53.313,0.005317,-0.014679,0.006074,-0.004000,0.000548,-0.000939
2025-12-16 19:02:53.314,0.003269,-0.013061,0.005024,-0.004961,0.004043,0.005615
2025-12-16 19:02:53.315,0.003402,-0.013542,0.004226,-0.005262,0.006650,0.002105
2025-12-16 19:02:53.316,0.004822,-0.014592,0.006825,-0.003473,0.002500,0.003117
2025-12-16 19:02:53.317,0.003405,-0.013976,0.005561,-0.003877,0.005560,0.003102
2025-12-16 19:02:53.319,0.002703,-0.010961,0.005887,0.000659,0.001390,0.010375
2025-12-16 19:02:53.320,0.003280,-0.013648,0.004826,-0.000545,0.010586,-0.001136
2025-12-16 19:02:53.321,0.003903,-0.014472,0.004733,-0.001598,0.011065,-0.004278
2025-12-16 19:02:53.322,0.004090,-0.015688,0.004815,-0.003908,0.007950,-0.001872
2025-12-16 19:02:53.323,0.003153,-0.014054,0.005312,0.000534,0.008918,0.001319
2025-12-16 19:02:53.325,0.003540,-0.010734,0.008330,0.001979,-0.005406,0.010199
2025-12-16 19:02:53.326,0.003914,-0.012600,0.006614,0.000121,0.000382,0.003823
2025-12-16 19:02:53.328,0.003012,-0.011761,0.007131,0.005411,0.004820,0.004855
2025-12-16 19:02:53.330,0.003509,-0.014018,0.006702,0.003585,0.009945,0.000954
2025-12-16 19:02:53.331,0.003973,-0.013988,0.006836,0.005516,0.010688,0.000407
2025-12-16 19:02:53.332,0.004270,-0.015660,0.006395,0.003253,0.010493,-0.004416
2025-12-16 19:02:53.333,0.002977,-0.014430,0.005107,0.001353,0.012007,-0.001742
2025-12-16 19:02:53.334,0.002831,-0.012736,0.006146,0.002563,0.007497,0.001518
2025-12-16 19:02:53.335,0.004939,-0.013145,0.008736,0.002558,-0.002631,0.002222
2025-12-16 19:02:53.337,0.002629,-0.012732,0.006385,0.004062,0.008841,0.000650
2025-12-16 19:02:53.338,0.002788,-0.012811,0.006089,0.003328,0.002737,0.003923
2025-12-16 19:02:53.341,0.003614,-0.011387,0.005585,0.005960,0.012113,-0.005731
2025-12-16 19:02:53.342,0.004550,-0.011645,0.005808,0.003874,0.010654,-0.006206
2025-12-16 19:02:53.343,0.005177,-0.011409,0.006265,0.002658,0.006722,-0.002506
2025-12-16 19:02:53.344,0.003669,-0.011271,0.004830,0.001962,0.008138,-0.000108
2025-12-16 19:02:53.345,0.004787,-0.010407,0.006151,0.005765,0.005681,0.002772
2025-12-16 19:02:53.346,0.005276,-0.012517,0.006140,0.006915,0.012075,-0.004037
2025-12-16 19:02:53.347,0.004541,-0.012378,0.005869,0.005930,0.014273,-0.005461
2025-12-16 19:02:53.349,0.006423,-0.009984,0.007638,0.004440,0.003932,0.000462
2025-12-16 19:02:53.350,0.008654,-0.013276,0.008550,0.002292,-0.001350,-0.004756
2025-12-16 19:02:53.351,0.009323,-0.014441,0.008106,0.001649,0.001042,-0.008107
2025-12-16 19:02:53.352,0.007609,-0.014265,0.007338,0.000835,0.002975,-0.007038
2025-12-16 19:02:53.355,0.005992,-0.010968,0.005099,0.000430,-0.001622,0.004545
2025-12-16 19:02:53.356,0.006063,-0.010917,0.004000,-0.000152,-0.003789,0.007807
2025-12-16 19:02:53.357,0.007841,-0.010675,0.006464,-0.000452,-0.001134,0.002106
2025-12-16 19:02:53.358,0.005206,-0.009456,0.005801,0.002061,0.000372,0.010864
2025-12-16 19:02:53.360,0.005242,-0.010290,0.005574,-0.001277,-0.005142,0.015247
2025-12-16 19:02:53.364,0.005215,-0.011582,0.005398,-0.005957,-0.004337,0.014033
2025-12-16 19:02:53.366,0.005604,-0.011786,0.006371,-0.003839,-0.003692,0.008729
2025-12-16 19:02:53.367,0.005904,-0.012564,0.004678,-0.003968,0.005454,0.001886
2025-12-16 19:02:53.368,0.007175,-0.011650,0.006826,-0.002154,0.001750,0.001368
2025-12-16 19:02:53.369,0.008455,-0.012237,0.007188,-0.003715,0.000232,-0.006525
2025-12-16 19:02:53.370,0.005808,-0.010208,0.005566,0.000819,0.005553,0.000335
2025-12-16 19:02:53.372,0.009481,-0.012912,0.007228,-0.001473,-0.006061,-0.004981
2025-12-16 19:02:53.373,0.009460,-0.013662,0.007241,-0.002676,-0.004309,-0.006524
2025-12-16 19:02:53.374,0.008573,-0.013022,0.007618,-0.001422,-0.002057,-0.005137
2025-12-16 19:02:53.375,0.009891,-0.014112,0.008217,0.001823,-0.005832,-0.009353
2025-12-16 19:02:53.376,0.007461,-0.013397,0.006845,0.000691,-0.005636,-0.002995
2025-12-16 19:02:53.378,0.005915,-0.012208,0.005400,-0.001180,-0.005003,0.002051
2025-12-16 19:02:53.379,0.004174,-0.010254,0.004289,0.001177,0.002687,-0.001575
2025-12-16 19:02:53.380,0.003381,-0.011152,0.002501,0.000843,0.010024,-0.006929
2025-12-16 19:02:53.381,0.002531,-0.008695,0.003605,0.002834,0.009197,-0.002681
2025-12-16 19:02:53.385,0.004808,-0.010856,0.004720,-0.005412,-0.002277,-0.001504
2025-12-16 19:02:53.386,0.004710,-0.010424,0.005551,-0.003679,-0.005419,0.002395
2025-12-16 19:02:53.387,0.006020,-0.010705,0.006573,-0.002832,-0.009852,0.004476
2025-12-16 19:02:53.388,0.006627,-0.013076,0.006346,-0.003224,-0.008631,0.000949
2025-12-16 19:02:53.389,0.006893,-0.010764,0.006608,-0.005179,-0.009901,0.004480
2025-12-16 19:02:53.390,0.004998,-0.008316,0.005549,-0.003924,-0.002064,0.007443
2025-12-16 19:02:53.392,0.002493,-0.006305,0.002859,-0.002982,0.007045,0.004409
2025-12-16 19:02:53.393,0.003269,-0.008114,0.003149,-0.005462,0.004571,-0.001588
2025-12-16 19:02:53.394,0.004448,-0.005900,0.005484,-0.002484,0.000869,0.002710
2025-12-16 19:02:53.395,0.005516,-0.006496,0.006670,-0.000351,-0.000069,-0.000413
2025-12-16 19:02:53.396,0.006185,-0.007774,0.005006,-0.002577,-0.001048,-0.002876
2025-12-16 19:02:53.397,0.005811,-0.007738,0.004651,0.000353,-0.001417,-0.000800
2025-12-16 19:02:53.398,0.008335,-0.007499,0.007235,-0.000804,-0.013341,0.000258
2025-12-16 19:02:53.399,0.005942,-0.008068,0.004763,0.000660,-0.007071,0.000125
2025-12-16 19:02:53.401,0.006162,-0.008751,0.004309,0.001681,-0.002394,-0.003766
2025-12-16 19:02:53.402,0.006555,-0.008574,0.004284,0.002466,0.003183,-0.005510
2025-12-16 19:02:53.403,0.005679,-0.008011,0.005144,0.003591,0.004138,-0.005112
2025-12-16 19:02:53.404,0.006632,-0.006777,0.006634,0.001223,-0.001830,-0.003709
2025-12-16 19:02:53.405,0.007334,-0.007366,0.005756,0.003615,-0.000132,-0.005330
2025-12-16 19:02:53.406,0.006152,-0.007431,0.006273,0.003119,0.002768,-0.002953
2025-12-16 19:02:53.407,0.004783,-0.007529,0.004968,0.001396,0.005564,-0.000465
2025-12-16 19:02:53.408,0.005639,-0.008141,0.005804,0.002552,0.004395,-0.004257
2025-12-16 19:02:53.409,0.005068,-0.008308,0.006018,0.004676,0.005821,-0.005537
2025-12-16 19:02:53.410,0.003719,-0.006983,0.005077,0.005329,0.007857,-0.002833
2025-12-16 19:02:53.412,0.004940,-0.006485,0.006063,0.001410,0.002202,-0.000035
2025-12-16 19:02:53.413,0.004064,-0.006133,0.005450,0.001691,0.002642,-0.000961
2025-12-16 19:02:53.414,0.002038,-0.003698,0.004401,0.003205,0.007948,0.002694
2025-12-16 19:02:53.415,0.002991,-0.004272,0.003285,-0.000279,0.007679,0.000202
2025-12-16 19:02:53.416,0.004964,-0.006372,0.004556,-0.004021,-0.003453,0.003026
2025-12-16 19:02:53.417,0.004111,-0.006741,0.003812,-0.000499,0.004047,-0.001698
2025-12-16 19:02:53.418,0.003667,-0.005496,0.004179,0.002598,0.006784,-0.001292
2025-12-16 19:02:53.419,0.003870,-0.007544,0.003284,-0.000589,0.008301,-0.007018
2025-12-16 19:02:53.420,0.005185,-0.006605,0.005567,0.003963,0.000732,-0.006289
2025-12-16 19:02:53.421,0.005655,-0.007400,0.004654,0.002147,-0.002703,-0.009401
2025-12-16 19:02:53.422,0.006580,-0.007922,0.005992,0.003391,-0.006837,-0.007191
2025-12-16 19:02:53.424,0.003159,-0.004650,0.004486,0.005240,-0.002768,0.002366
2025-12-16 19:02:53.425,0.006151,-0.005051,0.006945,0.004700,-0.002810,-0.003019
2025-12-16 19:02:53.426,0.005305,-0.007054,0.005376,-0.000214,-0.004075,-0.004195
2025-12-16 19:02:53.427,0.004177,-0.005386,0.004064,-0.000245,-0.005382,-0.002534
2025-12-16 19:02:53.429,0.002153,-0.004254,0.002883,0.002227,-0.001802,0.002380
2025-12-16 19:02:53.430,0.002067,-0.001910,0.003559,0.008157,-0.000329,0.005047
2025-12-16 19:02:53.431,0.002067,-0.001407,0.004876,0.010274,-0.001817,0.004237
2025-12-16 19:02:53.432,0.001594,-0.002162,0.004902,0.009866,-0.000692,0.004866
2025-12-16 19:02:53.433,0.002145,-0.002841,0.004907,0.006304,-0.003555,0.004582
2025-12-16 19:02:53.434,0.001455,-0.003176,0.003424,0.008234,0.002308,0.000581
2025-12-16 19:02:53.435,0.001627,-0.002526,0.004429,0.008336,-0.001593,0.005104
2025-12-16 19:02:53.436,-0.000454,-0.000954,0.003188,0.008802,0.001869,0.010494
2025-12-16 19:02:53.437,0.000955,-0.002912,0.003280,0.005936,0.002312,0.001403
2025-12-16 19:02:53.438,0.000981,-0.003660,0.001827,0.003270,0.000645,0.000058
2025-12-16 19:02:53.439,0.000930,-0.003634,0.001944,0.003888,0.001363,0.001899
2025-12-16 19:02:53.440,0.001681,-0.005582,0.001419,0.000511,0.000229,-0.000276
2025-12-16 19:02:53.442,0.000475,-0.003896,0.001476,-0.000094,-0.001194,0.007473
2025-12-16 19:02:53.443,0.000782,-0.003932,0.001809,0.004361,0.000886,0.003349
2025-12-16 19:02:53.444,-0.000895,-0.002486,0.001794,0.005361,0.005128,0.006023
2025-12-16 19:02:53.445,0.001122,-0.004732,0.000907,0.002927,0.005341,-0.002560
2025-12-16 19:02:53.446,0.002050,-0.005190,0.001052,0.002081,0.004071,-0.006317
2025-12-16 19:02:53.447,0.001013,-0.004667,0.001296,0.006239,0.004923,-0.005029
2025-12-16 19:02:53.448,0.002013,-0.004853,0.001367,0.005328,0.002490,-0.006268
2025-12-16 19:02:53.449,0.001752,-0.004210,0.000687,0.003803,0.004626,-0.008118
2025-12-16 19:02:53.451,0.002374,-0.005070,0.001163,0.001212,0.002664,-0.010653
2025-12-16 19:02:53.452,0.000246,-0.002780,0.000141,0.002434,0.003989,-0.001428
2025-12-16 19:02:53.453,0.001516,-0.004683,-0.000500,0.000289,0.003892,-0.006783
2025-12-16 19:02:53.454,0.000717,-0.003181,0.000613,0.005046,0.002322,-0.002443
2025-12-16 19:02:53.455,0.001117,-0.004257,0.000539,0.006927,0.003588,-0.004546
2025-12-16 19:02:53.456,0.000947,-0.003870,0.000243,0.005140,0.009982,-0.009750
2025-12-16 19:02:53.457,0.001142,-0.002841,0.000593,0.002508,0.005349,-0.003639
2025-12-16 19:02:53.458,-0.000778,-0.001585,-0.000273,0.002758,0.007290,0.003288
2025-12-16 19:02:53.459,0.000581,-0.002878,0.000088,0.002463,0.004116,-0.000512
2025-12-16 19:02:53.460,0.000449,-0.002419,-0.000223,0.001490,0.001421,0.000497
2025-12-16 19:02:53.461,-0.000438,-0.002439,-0.001415,0.000680,0.005512,-0.001058
2025-12-16 19:02:53.463,-0.000965,-0.002991,-0.003692,-0.002197,0.008852,-0.000232
2025-12-16 19:02:53.464,-0.001036,-0.001403,-0.003359,-0.002089,0.007032,0.000959
2025-12-16 19:02:53.465,-0.002156,-0.000540,-0.002527,0.001112,0.006298,0.007842
2025-12-16 19:02:53.466,-0.001046,-0.001328,-0.001626,0.000117,0.004727,0.003704
2025-12-16 19:02:53.467,0.000784,-0.000922,-0.000428,0.001725,0.001837,0.002117
2025-12-16 19:02:53.468,0.000278,-0.001148,-0.000800,-0.000243,0.002491,0.000398
2025-12-16 19:02:53.469,0.000578,-0.001662,-0.002213,0.000172,0.004387,-0.000965
2025-12-16 19:02:53.470,0.002632,-0.002415,-0.000635,-0.000333,-0.002180,-0.001778
2025-12-16 19:02:53.471,0.003095,-0.001608,0.000244,-0.001957,-0.004682,0.002705
2025-12-16 19:02:53.472,0.001965,-0.000522,0.000568,-0.002720,-0.004002,0.006532
2025-12-16 19:02:53.473,0.001418,0.001151,0.000879,-0.001752,-0.003511,0.006928
2025-12-16 19:02:53.475,0.000625,-0.000244,-0.000169,0.003109,0.001440,0.004117
2025-12-16 19:02:53.476,0.001151,-0.000429,-0.001149,-0.003164,-0.003324,0.010902
2025-12-16 19:02:53.477,0.001884,-0.000133,-0.000633,-0.002899,-0.002641,0.010140
2025-12-16 19:02:53.478,0.001227,-0.000626,-0.001977,-0.003765,0.001633,0.006497
2025-12-16 19:02:53.479,0.000943,0.001838,-0.000850,-0.001330,-0.000664,0.009130
2025-12-16 19:02:53.480,-0.000211,0.000582,-0.001508,0.002278,0.003184,0.007707
2025-12-16 19:02:53.481,0.000911,0.000595,-0.001713,-0.000056,-0.000675,0.010236
2025-12-16 19:02:53.482,0.001447,-0.000239,-0.001943,-0.000245,0.002682,0.004325
2025-12-16 19:02:53.483,0.002892,-0.001960,-0.002051,-0.000473,0.002043,-0.000790
2025-12-16 19:02:53.484,0.001963,-0.002712,-0.002595,-0.000631,0.004121,-0.003220
2025-12-16 19:02:53.486,0.001699,-0.002688,-0.003248,0.000138,0.005822,0.001225
2025-12-16 19:02:53.487,0.003411,-0.003365,-0.002849,0.000756,0.003279,-0.004176
2025-12-16 19:02:53.488,0.004060,-0.003840,-0.002019,-0.001216,0.001360,-0.003113
2025-12-16 19:02:53.489,0.001879,-0.002920,-0.003673,-0.002340,0.006597,-0.002319
2025-12-16 19:02:53.490,0.000986,-0.002480,-0.004471,-0.004486,0.005657,0.002196
2025-12-16 19:02:53.491,0.001966,-0.003547,-0.003969,-0.006236,0.002675,0.003087
2025-12-16 19:02:53.492,0.002810,-0.005721,-0.004196,-0.006917,0.001132,0.000785
2025-12-16 19:02:53.493,0.002430,-0.006873,-0.004043,-0.004153,0.006170,-0.000959
2025-12-16 19:02:53.494,0.002848,-0.006752,-0.002580,-0.001990,0.004157,0.000564
2025-12-16 19:02:53.496,0.001599,-0.006356,-0.003548,-0.001521,0.007683,0.002494
2025-12-16 19:02:53.497,0.003294,-0.007336,-0.003836,-0.004070,0.002802,-0.000782
2025-12-16 19:02:53.498,0.003359,-0.005178,-0.003213,-0.002133,0.003880,-0.001963
2025-12-16 19:02:53.499,0.002599,-0.006335,-0.004205,-0.004562,0.005203,-0.001985
2025-12-16 19:02:53.500,0.002823,-0.005051,-0.003283,0.000606,0.007265,-0.003816
2025-12-16 19:02:53.501,0.006231,-0.006193,-0.001346,-0.000047,-0.001440,-0.004694
2025-12-16 19:02:53.502,0.006622,-0.008342,-0.002428,-0.003615,-0.001554,-0.005572
2025-12-16 19:02:53.504,0.006026,-0.007192,-0.001439,-0.004101,-0.003780,-0.002245
2025-12-16 19:02:53.505,0.005889,-0.006405,-0.001217,0.003435,0.002481,-0.004511
2025-12-16 19:02:53.506,0.003708,-0.007095,-0.003112,0.004893,0.007667,-0.005575
2025-12-16 19:02:53.507,0.005351,-0.006466,-0.002092,0.003839,0.003320,-0.008550
2025-12-16 19:02:53.508,0.005917,-0.008682,-0.002750,-0.000333,0.001114,-0.009132
2025-12-16 19:02:53.509,0.005530,-0.008180,-0.003527,0.000351,0.001294,-0.009044
2025-12-16 19:02:53.510,0.006715,-0.008803,-0.002670,-0.003680,-0.002197,-0.008193
2025-12-16 19:02:53.512,0.007057,-0.009241,-0.002902,-0.003442,-0.000225,-0.012042
2025-12-16 19:02:53.513,0.003386,-0.005592,-0.002435,0.000261,0.000329,0.002321
2025-12-16 19:02:53.514,0.004414,-0.006860,-0.002120,0.004101,0.003093,-0.004561
2025-12-16 19:02:53.515,0.000903,-0.004779,-0.003858,0.004450,0.010270,0.001945
2025-12-16 19:02:53.516,0.002402,-0.006036,-0.003321,0.004307,0.006717,0.002282
2025-12-16 19:02:53.517,0.003907,-0.007063,-0.002770,0.001776,0.005283,-0.001464
2025-12-16 19:02:53.519,0.003306,-0.005288,-0.001525,0.002965,0.004603,0.002582
2025-12-16 19:02:53.520,0.003528,-0.005628,-0.002119,0.003732,0.004511,0.004779
2025-12-16 19:02:53.521,0.003684,-0.004755,-0.001130,0.004847,0.003558,0.006843
2025-12-16 19:02:53.523,0.002565,-0.005909,-0.003056,0.001253,0.007417,0.000567
2025-12-16 19:02:53.524,0.001595,-0.004113,-0.002734,0.006480,0.003430,0.003660
2025-12-16 19:02:53.525,0.004981,-0.005963,-0.001567,0.008514,-0.000916,-0.002358
2025-12-16 19:02:53.526,0.005536,-0.006405,-0.001511,0.010457,0.001846,-0.006607
2025-12-16 19:02:53.527,0.007491,-0.006043,-0.000201,0.008184,-0.002060,-0.008682
2025-12-16 19:02:53.529,0.005006,-0.004480,-0.002419,0.003715,0.000966,-0.001018
2025-12-16 19:02:53.530,0.005752,-0.006062,-0.001956,0.005800,0.000388,-0.005065
2025-12-16 19:02:53.531,0.004313,-0.004999,-0.002990,0.006012,0.004381,-0.000431
2025-12-16 19:02:53.532,0.006551,-0.007582,-0.002567,0.003341,0.002986,-0.010428
2025-12-16 19:02:53.534,0.005113,-0.005377,-0.003768,0.002369,0.005756,-0.007956
2025-12-16 19:02:53.535,0.004866,-0.007702,-0.005478,-0.000970,0.005743,-0.004997
2025-12-16 19:02:53.536,0.005207,-0.005050,-0.003986,-0.002469,-0.006206,0.006281
2025-12-16 19:02:53.537,0.005923,-0.006748,-0.004740,-0.003804,-0.005999,0.000166
2025-12-16 19:02:53.538,0.006582,-0.008301,-0.004106,-0.004950,-0.005184,-0.002547
2025-12-16 19:02:53.540,0.005377,-0.007671,-0.005308,0.004741,-0.001512,-0.000303
2025-12-16 19:02:53.541,0.004873,-0.006585,-0.005496,0.004073,-0.002613,-0.000189
2025-12-16 19:02:53.542,0.005688,-0.007232,-0.004391,0.004295,-0.006366,0.002192
2025-12-16 19:02:53.543,0.005170,-0.006045,-0.003283,0.006559,-0.006482,0.003802
2025-12-16 19:02:53.545,0.004485,-0.005405,-0.005715,0.005527,-0.005579,0.007681
2025-12-16 19:02:53.546,0.003920,-0.004922,-0.006994,0.006300,0.002265,0.007959
2025-12-16 19:02:53.547,0.004681,-0.005649,-0.006894,0.003439,0.003843,0.001527
2025-12-16 19:02:53.548,0.005763,-0.003550,-0.005861,0.002450,0.001890,0.001020
2025-12-16 19:02:53.550,0.007601,-0.006943,-0.004674,0.002111,-0.002321,-0.004530
2025-12-16 19:02:53.551,0.006050,-0.004689,-0.004135,0.005482,-0.003154,0.001203
2025-12-16 19:02:53.552,0.007629,-0.005112,-0.003105,0.008876,-0.005374,-0.000457
2025-12-16 19:02:53.553,0.004605,-0.005074,-0.006962,0.008618,0.007422,-0.002112
2025-12-16 19:02:53.554,0.006184,-0.003855,-0.005635,0.010993,0.005724,-0.002357
2025-12-16 19:02:53.555,0.006376,-0.005832,-0.006432,0.007060,0.004220,-0.005958
2025-12-16 19:02:53.557,0.005618,-0.003244,-0.006867,0.004284,0.001044,-0.000766
2025-12-16 19:02:53.558,0.007901,-0.004966,-0.005822,0.003124,-0.003751,-0.005198
2025-12-16 19:02:53.559,0.007012,-0.005147,-0.006236,0.001000,-0.003359,-0.003840
2025-12-16 19:02:53.560,0.008103,-0.006339,-0.007024,-0.000491,-0.004495,-0.006592
2025-12-16 19:02:53.561,0.004778,-0.004931,-0.009685,-0.001472,0.003735,-0.003435
2025-12-16 19:02:53.562,0.005849,-0.003904,-0.008667,-0.001059,-0.000333,-0.001963
2025-12-16 19:02:53.563,0.006920,-0.005186,-0.008512,-0.000548,0.001670,-0.006950
2025-12-16 19:02:53.565,0.007552,-0.006649,-0.007523,-0.002048,-0.001700,-0.008548
2025-12-16 19:02:53.566,0.009218,-0.008226,-0.006993,-0.001443,-0.004489,-0.012732
2025-12-16 19:02:53.567,0.009456,-0.006704,-0.005648,-0.001281,-0.009575,-0.007454
2025-12-16 19:02:53.568,0.010593,-0.006880,-0.004927,-0.000674,-0.009327,-0.010193
2025-12-16 19:02:53.569,0.009501,-0.007598,-0.006469,-0.002125,-0.003399,-0.012464
2025-12-16 19:02:53.570,0.008595,-0.006575,-0.006404,-0.000773,-0.002588,-0.011046
2025-12-16 19:02:53.571,0.007725,-0.006329,-0.007342,-0.001214,0.000436,-0.010354
2025-12-16 19:02:53.573,0.006509,-0.003535,-0.008004,-0.001224,0.000190,-0.003698
2025-12-16 19:02:53.574,0.009050,-0.005074,-0.006223,-0.000804,-0.004087,-0.008000
2025-12-16 19:02:53.575,0.007144,-0.004595,-0.008151,-0.002185,-0.000398,-0.005485
2025-12-16 19:02:53.576,0.007455,-0.005185,-0.008277,-0.002312,0.002949,-0.009085
2025-12-16 19:02:53.577,0.008348,-0.006328,-0.008629,-0.002324,-0.005305,-0.005904
2025-12-16 19:02:53.578,0.007700,-0.006301,-0.009054,-0.001861,-0.004328,-0.004935
2025-12-16 19:02:53.579,0.006342,-0.004243,-0.009744,-0.001475,-0.003284,-0.000182
2025-12-16 19:02:53.581,0.004846,-0.003644,-0.011024,-0.002639,0.000817,0.000470
2025-12-16 19:02:53.582,0.003647,-0.002344,-0.011303,-0.001409,-0.001010,0.005756
2025-12-16 19:02:53.583,0.005009,-0.003482,-0.011058,-0.002325,-0.004088,0.004000
2025-12-16 19:02:53.584,0.005552,-0.003242,-0.011048,-0.002391,-0.005272,0.004671
2025-12-16 19:02:53.585,0.003072,-0.003631,-0.013079,-0.003242,0.003102,0.003231
2025-12-16 19:02:53.586,0.004502,-0.004358,-0.011173,-0.002803,-0.001969,0.001637
2025-12-16 19:02:53.588,0.004299,-0.004351,-0.010846,-0.002905,0.002584,-0.001576
2025-12-16 19:02:53.589,0.004371,-0.003810,-0.010250,0.002204,-0.002224,0.003819
2025-12-16 19:02:53.590,0.003681,-0.001813,-0.010995,0.001154,-0.000792,0.007789
2025-12-16 19:02:53.591,0.003855,-0.001771,-0.011237,0.000271,-0.004093,0.009259
2025-12-16 19:02:53.592,0.003816,-0.004127,-0.012359,-0.001903,0.000193,0.003506
2025-12-16 19:02:53.593,0.003458,-0.003210,-0.012755,-0.001577,-0.000134,0.006157
2025-12-16 19:02:53.595,0.002911,-0.003252,-0.014507,-0.002891,0.003586,0.005099
2025-12-16 19:02:53.596,0.003600,-0.006030,-0.013735,-0.003526,0.004501,-0.001537
2025-12-16 19:02:53.597,0.005672,-0.007144,-0.012542,-0.003411,0.002273,-0.005375
2025-12-16 19:02:53.598,0.004786,-0.007581,-0.013117,-0.004052,0.003170,-0.004976
2025-12-16 19:02:53.599,0.003667,-0.006737,-0.013720,-0.004179,-0.000924,0.000583
2025-12-16 19:02:53.601,0.003361,-0.005977,-0.012590,0.002878,0.005230,-0.000021
2025-12-16 19:02:53.602,0.003675,-0.004948,-0.011818,0.004914,0.004234,0.003168
2025-12-16 19:02:53.603,0.002554,-0.004640,-0.012995,0.003164,0.003282,0.005154
2025-12-16 19:02:53.604,0.002729,-0.003160,-0.013585,0.001180,0.001354,0.008196
2025-12-16 19:02:53.605,0.001618,-0.004189,-0.014124,0.003863,0.007256,0.006290
2025-12-16 19:02:53.606,0.003141,-0.003914,-0.012129,0.006693,0.000804,0.008121
2025-12-16 19:02:53.607,0.004425,-0.004712,-0.011543,0.004540,0.000869,0.003069
2025-12-16 19:02:53.609,0.002051,-0.004515,-0.013824,0.003627,0.006650,0.004315
2025-12-16 19:02:53.610,0.002490,-0.006031,-0.014214,0.000734,0.001697,0.004422
2025-12-16 19:02:53.611,0.001875,-0.005389,-0.013818,-0.000660,0.003125,0.004154
2025-12-16 19:02:53.612,0.002956,-0.005864,-0.014311,-0.001885,0.001606,0.003329
2025-12-16 19:02:53.613,0.003731,-0.005474,-0.013891,-0.001917,0.001162,0.002795
2025-12-16 19:02:53.614,0.003372,-0.006464,-0.014649,-0.003456,0.003710,-0.000304
2025-12-16 19:02:53.615,0.004686,-0.007339,-0.013284,0.000631,0.001872,-0.001219
2025-12-16 19:02:53.616,0.002589,-0.005844,-0.014242,-0.001223,0.006282,0.000669
2025-12-16 19:02:53.617,0.001062,-0.004040,-0.015486,-0.002269,0.004878,0.007581
2025-12-16 19:02:53.619,0.001662,-0.006530,-0.015103,0.000115,0.004260,0.004093
2025-12-16 19:02:53.620,0.000719,-0.003220,-0.013847,0.001675,0.002986,0.009995
2025-12-16 19:02:53.621,0.000079,-0.004622,-0.015241,-0.000541,0.004259,0.008506
2025-12-16 19:02:53.622,0.001818,-0.005742,-0.014197,-0.001070,-0.001912,0.007860
2025-12-16 19:02:53.623,0.000691,-0.004259,-0.014451,-0.001015,0.003577,0.006548
2025-12-16 19:02:53.624,0.000964,-0.004023,-0.014614,0.002901,0.002031,0.010407
2025-12-16 19:02:53.625,0.000872,-0.004182,-0.014207,0.000653,0.001486,0.010039
2025-12-16 19:02:53.626,0.002358,-0.005584,-0.015143,-0.002079,-0.002011,0.007928
2025-12-16 19:02:53.627,0.003531,-0.006384,-0.013485,0.002751,0.001667,0.002369
2025-12-16 19:02:53.628,0.003615,-0.008280,-0.013799,-0.000849,-0.000260,0.000165
2025-12-16 19:02:53.630,0.002266,-0.006900,-0.015241,-0.002257,0.003859,0.001796
2025-12-16 19:02:53.631,0.002447,-0.004414,-0.012953,0.004549,0.003357,0.007312
2025-12-16 19:02:53.632,0.003335,-0.005791,-0.014248,0.001124,0.005971,0.002217
2025-12-16 19:02:53.633,0.002120,-0.005195,-0.016000,-0.000580,0.011240,0.001351
2025-12-16 19:02:53.634,0.002930,-0.006899,-0.015658,-0.002312,0.004854,0.000638
2025-12-16 19:02:53.635,0.002270,-0.007272,-0.015123,-0.003005,0.001552,0.002305
2025-12-16 19:02:53.636,0.002865,-0.009632,-0.016371,-0.004570,-0.000912,0.000977
2025-12-16 19:02:53.637,0.002719,-0.008911,-0.015864,-0.004442,0.002268,-0.000801
2025-12-16 19:02:53.638,0.002659,-0.009365,-0.015860,-0.000533,0.002341,0.000540
2025-12-16 19:02:53.639,0.004925,-0.010027,-0.014481,-0.002379,0.001282,-0.005299
2025-12-16 19:02:53.640,0.003773,-0.010362,-0.016323,-0.004412,0.006866,-0.006706
2025-12-16 19:02:53.642,0.003639,-0.011242,-0.016985,-0.005152,0.007166,-0.007448
2025-12-16 19:02:53.643,0.002422,-0.008674,-0.017020,-0.001240,0.010175,-0.002633
2025-12-16 19:02:53.644,0.004324,-0.009480,-0.017047,-0.003217,0.008862,-0.006204
2025-12-16 19:02:53.645,0.005428,-0.009876,-0.016543,-0.003138,0.007488,-0.008063
2025-12-16 19:02:53.646,0.003326,-0.007762,-0.017475,-0.005377,0.004622,0.000463
2025-12-16 19:02:53.647,0.004334,-0.011444,-0.017733,-0.007547,0.005195,-0.007264
2025-12-16 19:02:53.648,0.003238,-0.009980,-0.017572,-0.006413,0.003940,-0.003334
2025-12-16 19:02:53.649,0.002567,-0.008919,-0.017670,-0.006416,0.008591,-0.003403
2025-12-16 19:02:53.650,0.003549,-0.009366,-0.017804,-0.006015,0.008720,-0.005464
2025-12-16 19:02:53.651,0.001125,-0.006154,-0.018074,-0.005572,0.006882,0.004008
2025-12-16 19:02:53.652,0.001134,-0.006012,-0.017940,-0.005129,0.003743,0.005900
2025-12-16 19:02:53.654,0.001850,-0.006923,-0.018797,-0.002558,0.003291,0.006979
2025-12-16 19:02:53.655,0.003123,-0.007644,-0.017981,-0.003802,0.004933,0.002017
2025-12-16 19:02:53.656,0.004563,-0.009270,-0.017427,-0.000223,0.008208,-0.003328
2025-12-16 19:02:53.657,0.004825,-0.010405,-0.017665,-0.001687,0.003055,-0.002676
2025-12-16 19:02:53.658,0.004472,-0.010368,-0.019147,-0.002687,0.000778,-0.000116
2025-12-16 19:02:53.659,0.003146,-0.006268,-0.018778,0.001115,-0.000363,0.010464
2025-12-16 19:02:53.660,0.003277,-0.006450,-0.018147,0.003926,0.003204,0.008495
2025-12-16 19:02:53.661,0.004315,-0.007662,-0.016931,0.005128,0.000488,0.006855
2025-12-16 19:02:53.663,0.002910,-0.007305,-0.018275,0.001546,0.002153,0.007406
2025-12-16 19:02:53.664,0.001631,-0.005834,-0.019186,-0.000806,0.000920,0.011733
2025-12-16 19:02:53.665,0.002778,-0.006880,-0.018733,0.004079,0.003822,0.009134
2025-12-16 19:02:53.666,0.001640,-0.007691,-0.020751,0.000609,0.006817,0.008104
2025-12-16 19:02:53.667,0.004738,-0.010452,-0.019744,-0.001809,0.001863,0.001103
2025-12-16 19:02:53.668,0.005389,-0.012180,-0.020790,-0.004388,0.000970,-0.001683
2025-12-16 19:02:53.669,0.005190,-0.010001,-0.020249,-0.004743,-0.002409,0.003685
2025-12-16 19:02:53.670,0.004734,-0.010372,-0.019644,-0.005078,-0.006503,0.005027
2025-12-16 19:02:53.671,0.006115,-0.010288,-0.019232,-0.004822,-0.005350,0.002339
2025-12-16 19:02:53.672,0.004492,-0.009576,-0.020456,-0.006257,-0.002151,0.004413
2025-12-16 19:02:53.673,0.007303,-0.009706,-0.017725,-0.004934,-0.009719,0.003406
2025-12-16 19:02:53.675,0.004793,-0.009694,-0.020240,-0.007106,-0.002794,0.003839
2025-12-16 19:02:53.676,0.001922,-0.008317,-0.021635,-0.006408,-0.004894,0.011971
2025-12-16 19:02:53.677,0.003525,-0.008935,-0.020833,-0.006648,-0.008861,0.010788
2025-12-16 19:02:53.678,0.002032,-0.009243,-0.022495,-0.007633,-0.002914,0.009857
2025-12-16 19:02:53.679,0.001869,-0.011601,-0.024396,-0.009036,-0.001764,0.006652
2025-12-16 19:02:53.680,0.002282,-0.010995,-0.023736,-0.009040,-0.006852,0.010143
2025-12-16 19:02:53.682,-0.000324,-0.009045,-0.025987,-0.008699,0.005735,0.010514
2025-12-16 19:02:53.683,0.000170,-0.007353,-0.024732,-0.007939,0.000487,0.014877
2025-12-16 19:02:53.684,0.001198,-0.009132,-0.024763,-0.009439,-0.003338,0.013413
2025-12-16 19:02:53.685,0.001224,-0.009157,-0.024814,-0.008207,-0.000785,0.011705
2025-12-16 19:02:53.686,0.003030,-0.009223,-0.023197,-0.007972,-0.006925,0.011900
2025-12-16 19:02:53.687,0.003192,-0.008694,-0.021647,-0.006440,-0.005203,0.010533
2025-12-16 19:02:53.689,0.006484,-0.009970,-0.020654,-0.006050,-0.010702,0.006588
2025-12-16 19:02:53.690,0.004187,-0.010214,-0.022764,-0.007476,-0.006127,0.008154
2025-12-16 19:02:53.691,0.002875,-0.009925,-0.023487,-0.007906,-0.007411,0.012398
2025-12-16 19:02:53.692,0.002976,-0.010903,-0.024253,-0.008471,-0.005495,0.009869
2025-12-16 19:02:53.693,0.002478,-0.012596,-0.025534,-0.009472,-0.003067,0.007113
2025-12-16 19:02:53.694,0.001548,-0.009725,-0.024755,-0.007989,-0.005396,0.014356
2025-12-16 19:02:53.695,0.003420,-0.011133,-0.024430,-0.006944,-0.007187,0.006662
2025-12-16 19:02:53.697,0.002481,-0.008627,-0.024601,-0.007521,-0.011043,0.015949
2025-12-16 19:02:53.698,0.002972,-0.007575,-0.022847,-0.006399,-0.013958,0.018148
2025-12-16 19:02:53.699,0.001788,-0.008910,-0.024055,-0.004072,-0.008000,0.016986
2025-12-16 19:02:53.700,0.001806,-0.008506,-0.024305,-0.005086,-0.009233,0.019057
2025-12-16 19:02:53.701,0.001214,-0.006660,-0.024172,-0.005910,-0.011414,0.023397
2025-12-16 19:02:53.702,0.000981,-0.008616,-0.025636,-0.007410,-0.012559,0.022428
2025-12-16 19:02:53.703,-0.000121,-0.008029,-0.025464,-0.004183,-0.006536,0.021475
2025-12-16 19:02:53.705,-0.001325,-0.009013,-0.024750,0.000831,-0.003307,0.020959
2025-12-16 19:02:53.706,-0.001452,-0.010223,-0.026059,-0.001585,-0.001226,0.017905
2025-12-16 19:02:53.707,-0.000765,-0.009173,-0.024819,0.001900,0.001648,0.016827
2025-12-16 19:02:53.708,-0.001225,-0.009632,-0.026180,-0.002102,0.003739,0.015047
2025-12-16 19:02:53.709,-0.000268,-0.009969,-0.024955,-0.003578,-0.000828,0.013835
2025-12-16 19:02:53.710,0.001005,-0.009145,-0.023208,-0.003523,-0.002034,0.012853
2025-12-16 19:02:53.711,-0.000776,-0.007015,-0.023316,-0.000515,-0.006926,0.023171
2025-12-16 19:02:53.713,-0.001203,-0.008640,-0.025576,-0.005142,-0.004502,0.019897
2025-12-16 19:02:53.714,-0.001257,-0.006311,-0.024956,-0.005129,-0.007089,0.025049
2025-12-16 19:02:53.715,-0.001943,-0.006992,-0.025746,-0.005473,-0.003847,0.022971
2025-12-16 19:02:53.716,-0.002543,-0.007885,-0.026989,-0.006839,-0.003452,0.023155
2025-12-16 19:02:53.717,-0.002802,-0.007908,-0.026875,-0.007061,-0.002104,0.021983
2025-12-16 19:02:53.718,-0.003258,-0.007649,-0.027485,-0.009090,-0.002020,0.023103
2025-12-16 19:02:53.719,-0.003336,-0.005612,-0.026808,-0.007590,0.003281,0.022182
2025-12-16 19:02:53.721,-0.003579,-0.007521,-0.027020,-0.009490,-0.000055,0.022267
2025-12-16 19:02:53.722,-0.003534,-0.006701,-0.026916,-0.006535,0.000548,0.019575
2025-12-16 19:02:53.723,-0.002641,-0.007314,-0.026266,-0.006753,-0.000866,0.018845
2025-12-16 19:02:53.725,-0.003238,-0.006299,-0.026060,-0.005185,0.001940,0.015732
2025-12-16 19:02:53.726,-0.002531,-0.008123,-0.026156,-0.005167,0.004908,0.008680
2025-12-16 19:02:53.728,-0.001990,-0.008671,-0.025334,-0.003037,0.001228,0.006952
2025-12-16 19:02:53.729,0.000126,-0.005272,-0.023043,-0.000291,0.000865,0.006561
2025-12-16 19:02:53.730,0.000667,-0.006562,-0.022968,-0.001095,-0.001667,0.004832
2025-12-16 19:02:53.731,0.000711,-0.007938,-0.023695,-0.002243,-0.003095,0.006944
2025-12-16 19:02:53.732,0.000847,-0.009445,-0.023475,-0.001892,-0.000444,0.000471
2025-12-16 19:02:53.733,0.000463,-0.009502,-0.024069,-0.001477,0.001088,-0.000154
2025-12-16 19:02:53.734,0.000545,-0.009372,-0.024304,-0.001895,0.000315,-0.000091
2025-12-16 19:02:53.735,-0.001288,-0.007963,-0.023992,-0.001841,0.000269,0.004030
2025-12-16 19:02:53.737,-0.001416,-0.008436,-0.024592,-0.003205,-0.002599,0.007605
2025-12-16 19:02:53.738,-0.000455,-0.008932,-0.025132,-0.002578,-0.001721,0.004340
2025-12-16 19:02:53.739,-0.000537,-0.009499,-0.025661,-0.003244,0.004836,-0.000916
2025-12-16 19:02:53.740,0.001313,-0.010648,-0.023986,-0.002022,0.001503,-0.005098
2025-12-16 19:02:53.741,0.000876,-0.009509,-0.024599,-0.001943,-0.000486,-0.001130
2025-12-16 19:02:53.742,-0.000589,-0.008603,-0.024848,-0.003324,-0.001373,0.006055
2025-12-16 19:02:53.744,0.001930,-0.007655,-0.022446,-0.001572,-0.003489,0.001170
2025-12-16 19:02:53.745,0.000372,-0.007918,-0.023647,-0.002315,-0.001086,0.005803
2025-12-16 19:02:53.747,0.000618,-0.004433,-0.022911,0.000700,-0.006464,0.008459
2025-12-16 19:02:53.749,0.000124,-0.004015,-0.023515,-0.002016,-0.000981,0.011301
2025-12-16 19:02:53.750,-0.000237,-0.004069,-0.024361,-0.001254,-0.000606,0.012059
2025-12-16 19:02:53.751,-0.000295,-0.002541,-0.024082,-0.001148,-0.002624,0.014333
2025-12-16 19:02:53.752,-0.000708,-0.002204,-0.022966,-0.001355,-0.006901,0.019764
2025-12-16 19:02:53.753,-0.000381,-0.003784,-0.022348,-0.000844,-0.008011,0.015003
2025-12-16 19:02:53.754,-0.000309,-0.003561,-0.021789,0.000884,-0.004229,0.011564
2025-12-16 19:02:53.757,0.001569,-0.005214,-0.022300,0.001436,0.000145,0.001899
2025-12-16 19:02:53.758,0.002171,-0.005386,-0.023499,-0.001762,0.002405,-0.000911
2025-12-16 19:02:53.759,0.001742,-0.005146,-0.023701,-0.001276,0.005224,-0.001621
2025-12-16 19:02:53.761,0.000961,-0.005141,-0.023541,-0.000252,0.004223,0.000276
2025-12-16 19:02:53.762,0.000243,-0.004106,-0.022986,0.002636,0.003463,-0.000836
2025-12-16 19:02:53.763,0.000992,-0.005950,-0.022022,0.001924,0.000111,-0.001891
2025-12-16 19:02:53.764,0.000648,-0.005312,-0.022808,0.002239,-0.000784,0.001552
2025-12-16 19:02:53.767,-0.000255,-0.005685,-0.022666,0.001272,0.002455,-0.000035
2025-12-16 19:02:53.768,-0.001634,-0.006882,-0.024906,-0.000378,0.006785,-0.000298
2025-12-16 19:02:53.769,-0.000536,-0.007480,-0.024080,-0.000526,0.004506,-0.001942
2025-12-16 19:02:53.770,-0.001720,-0.006770,-0.025801,0.001569,0.008111,-0.003400
2025-12-16 19:02:53.771,-0.000405,-0.006780,-0.023881,0.001697,0.006244,-0.004847
2025-12-16 19:02:53.773,-0.001017,-0.008554,-0.025882,-0.000470,0.014508,-0.009355
2025-12-16 19:02:53.774,-0.000119,-0.009122,-0.024518,0.000465,0.011769,-0.010395
2025-12-16 19:02:53.775,0.000433,-0.009968,-0.025058,-0.001249,0.008547,-0.009754
2025-12-16 19:02:53.776,-0.001424,-0.006372,-0.024063,-0.000282,0.004624,0.001175
2025-12-16 19:02:53.778,0.000130,-0.007284,-0.021519,0.000058,0.002872,-0.003758
2025-12-16 19:02:53.779,-0.001383,-0.008035,-0.022414,0.000330,0.006206,-0.004340
2025-12-16 19:02:53.780,-0.001037,-0.007036,-0.021465,0.000664,0.006769,-0.005039
2025-12-16 19:02:53.781,-0.001012,-0.007347,-0.021926,-0.002313,0.003244,0.000182
2025-12-16 19:02:53.782,-0.000491,-0.006454,-0.021090,0.000061,0.003600,-0.000117
2025-12-16 19:02:53.783,0.000371,-0.006589,-0.020605,-0.000838,-0.003290,0.002132
2025-12-16 19:02:53.784,0.001044,-0.006653,-0.019123,0.000290,-0.003699,-0.000691
2025-12-16 19:02:53.786,0.000073,-0.006786,-0.020131,0.000816,0.002885,-0.003580
2025-12-16 19:02:53.787,0.001237,-0.007615,-0.019749,0.000826,0.002728,-0.007057
2025-12-16 19:02:53.788,0.001927,-0.008268,-0.019050,-0.000231,-0.007745,-0.000299
2025-12-16 19:02:53.789,0.001561,-0.008399,-0.019829,-0.002264,-0.004953,0.001424
2025-12-16 19:02:53.790,0.000007,-0.006635,-0.021437,-0.001881,0.001651,0.002775
2025-12-16 19:02:53.791,0.000914,-0.007314,-0.020395,-0.001359,0.002422,-0.002327
2025-12-16 19:02:53.792,0.001729,-0.007590,-0.018698,-0.000857,-0.000923,-0.000965
2025-12-16 19:02:53.793,0.000511,-0.005825,-0.019630,-0.001130,-0.004522,0.005087
2025-12-16 19:02:53.795,0.002962,-0.008042,-0.017498,0.000087,-0.003464,-0.006445
2025-12-16 19:02:53.796,0.002935,-0.009277,-0.017754,0.001014,-0.000536,-0.010496
2025-12-16 19:02:53.797,0.002469,-0.008744,-0.019736,0.000799,-0.001297,-0.006751
2025-12-16 19:02:53.798,0.003068,-0.009500,-0.019225,0.000998,-0.001656,-0.008995
2025-12-16 19:02:53.799,0.002808,-0.011507,-0.020123,-0.001341,-0.000579,-0.008008
2025-12-16 19:02:53.800,0.002879,-0.008894,-0.017659,0.001207,-0.000629,-0.008020
2025-12-16 19:02:53.801,0.001328,-0.007366,-0.017965,0.000028,-0.000151,-0.001297
2025-12-16 19:02:53.803,0.001818,-0.006655,-0.016360,-0.001745,-0.005980,0.002137
2025-12-16 19:02:53.804,0.003314,-0.008258,-0.016520,-0.000626,-0.005083,-0.004212
2025-12-16 19:02:53.805,0.001783,-0.008358,-0.017895,-0.002208,-0.004376,0.001547
2025-12-16 19:02:53.806,0.004835,-0.008777,-0.014745,-0.000346,-0.010673,-0.003600
2025-12-16 19:02:53.807,0.003810,-0.010221,-0.017364,-0.002013,-0.004287,-0.007716
2025-12-16 19:02:53.809,0.004658,-0.010739,-0.016198,-0.001019,-0.004074,-0.010816
2025-12-16 19:02:53.810,0.003508,-0.009231,-0.016297,-0.001585,-0.003742,-0.005339
2025-12-16 19:02:53.811,0.003172,-0.008538,-0.015920,-0.001814,-0.002386,-0.003591
2025-12-16 19:02:53.812,0.004247,-0.009811,-0.014869,-0.002944,-0.007030,-0.003439
2025-12-16 19:02:53.813,0.004620,-0.008889,-0.013957,-0.001928,-0.010222,-0.003637
2025-12-16 19:02:53.814,0.004597,-0.007395,-0.012478,0.004109,-0.008922,-0.003535
2025-12-16 19:02:53.815,0.003519,-0.007655,-0.013904,0.002923,-0.006650,-0.003982
2025-12-16 19:02:53.816,0.001374,-0.008237,-0.015861,-0.000127,-0.001072,-0.001741
2025-12-16 19:02:53.819,0.002391,-0.006926,-0.014587,0.000574,-0.005679,0.000495
2025-12-16 19:02:53.820,0.002489,-0.007521,-0.015531,-0.002885,-0.007357,0.003108
2025-12-16 19:02:53.822,0.001296,-0.006366,-0.016418,-0.004631,-0.001789,0.004697
2025-12-16 19:02:53.823,0.002270,-0.007846,-0.016057,-0.005184,-0.004084,0.004199
2025-12-16 19:02:53.825,0.001889,-0.008339,-0.015398,-0.004851,-0.006464,0.004679
2025-12-16 19:02:53.826,0.002999,-0.008392,-0.014653,-0.004488,-0.004137,0.001131
2025-12-16 19:02:53.828,0.001262,-0.006479,-0.015472,-0.001606,0.003412,-0.004080
2025-12-16 19:02:53.830,0.000829,-0.007219,-0.015798,-0.000635,0.003431,-0.004580
2025-12-16 19:02:53.831,0.000494,-0.006997,-0.016687,-0.000774,0.004717,-0.005266
2025-12-16 19:02:53.832,0.000159,-0.005350,-0.015902,0.000640,0.007616,-0.006139
2025-12-16 19:02:53.835,0.002398,-0.007444,-0.014622,-0.000983,-0.002280,-0.003267
2025-12-16 19:02:53.836,0.001660,-0.007082,-0.014773,-0.002694,-0.001464,-0.000576
2025-12-16 19:02:53.837,0.002876,-0.005806,-0.013393,-0.002368,-0.002377,0.000370
2025-12-16 19:02:53.838,0.003089,-0.007201,-0.012629,-0.002325,-0.005589,0.000007
2025-12-16 19:02:53.839,0.003426,-0.006756,-0.011704,-0.001929,-0.006604,0.000852
2025-12-16 19:02:53.841,0.003209,-0.004609,-0.011297,-0.000750,-0.007308,0.002552
2025-12-16 19:02:53.842,0.001724,-0.005149,-0.014384,-0.000912,-0.000484,0.000251
2025-12-16 19:02:53.843,0.003947,-0.004694,-0.012934,0.000531,-0.001598,-0.004499
2025-12-16 19:02:53.844,0.002863,-0.006398,-0.014534,0.000248,0.004270,-0.009404
2025-12-16 19:02:53.845,0.005120,-0.005425,-0.010928,0.002171,-0.004169,-0.009141
2025-12-16 19:02:53.846,0.004134,-0.004880,-0.011117,0.001653,-0.001363,-0.006729
2025-12-16 19:02:53.847,0.003186,-0.006397,-0.011937,0.000548,-0.000388,-0.009878
2025-12-16 19:02:53.849,0.003156,-0.007398,-0.013753,-0.002994,-0.005223,-0.002243
2025-12-16 19:02:53.850,0.003108,-0.005252,-0.011596,0.000952,-0.009216,0.005435
2025-12-16 19:02:53.851,0.003205,-0.005533,-0.010467,0.004243,-0.010665,0.006609
2025-12-16 19:02:53.852,0.002951,-0.005092,-0.011432,0.002731,-0.008420,0.006948
2025-12-16 19:02:53.854,0.001256,-0.006339,-0.013137,0.000178,-0.006030,0.006234
2025-12-16 19:02:53.857,0.000259,-0.007737,-0.013745,-0.005603,0.004283,-0.001919
2025-12-16 19:02:53.858,-0.001596,-0.008307,-0.015106,-0.002040,0.011239,-0.001739
2025-12-16 19:02:53.860,-0.000049,-0.007882,-0.012907,0.002027,0.004230,0.001632
2025-12-16 19:02:53.861,-0.000514,-0.009070,-0.014685,-0.003240,0.003944,0.001354
2025-12-16 19:02:53.862,-0.000267,-0.006290,-0.012793,-0.002680,-0.003267,0.007559
2025-12-16 19:02:53.863,-0.000277,-0.007598,-0.013250,-0.003845,0.001821,0.001677
2025-12-16 19:02:53.864,-0.000711,-0.006444,-0.012714,-0.003565,0.002078,0.002250
2025-12-16 19:02:53.868,0.002950,-0.009488,-0.012539,-0.004099,-0.001403,-0.003127
2025-12-16 19:02:53.870,0.002630,-0.008015,-0.011267,-0.003684,-0.001900,-0.002484
2025-12-16 19:02:53.871,0.002886,-0.008812,-0.011378,-0.003807,-0.001910,-0.003772
2025-12-16 19:02:53.873,0.003222,-0.006611,-0.009161,0.000146,-0.008770,0.003415
2025-12-16 19:02:53.874,0.002102,-0.008149,-0.009985,-0.000485,-0.004109,-0.000133
2025-12-16 19:02:53.875,0.002762,-0.009582,-0.011079,-0.002673,-0.001978,-0.004094
2025-12-16 19:02:53.877,0.003981,-0.010616,-0.010381,-0.001000,-0.000094,-0.008355
2025-12-16 19:02:53.878,0.003707,-0.010347,-0.010207,-0.002555,-0.000436,-0.008323
2025-12-16 19:02:53.879,0.004817,-0.010094,-0.009510,-0.003348,-0.002269,-0.009174
2025-12-16 19:02:53.880,0.002976,-0.008736,-0.010563,-0.003992,-0.001441,-0.004610
2025-12-16 19:02:53.881,0.002440,-0.007212,-0.010469,-0.003085,-0.001690,-0.000883
2025-12-16 19:02:53.882,0.003362,-0.009723,-0.009356,-0.003069,-0.002722,-0.006930
2025-12-16 19:02:53.883,0.002530,-0.008659,-0.009509,-0.000230,0.003340,-0.005968
2025-12-16 19:02:53.885,0.003206,-0.004545,-0.005239,0.004270,-0.007413,0.003271
2025-12-16 19:02:53.886,0.003211,-0.004859,-0.005204,0.006173,-0.001858,-0.000483
2025-12-16 19:02:53.890,0.000731,-0.004156,-0.007141,0.002818,-0.000188,0.002401
2025-12-16 19:02:53.891,0.000459,-0.004269,-0.006320,0.004867,-0.006635,0.008163
2025-12-16 19:02:53.893,0.002201,-0.003357,-0.004645,0.002252,-0.016186,0.009838
2025-12-16 19:02:53.894,0.004396,-0.006008,-0.004279,0.000768,-0.012855,0.000792
2025-12-16 19:02:53.895,0.004528,-0.005276,-0.003624,0.000327,-0.013286,0.000704
2025-12-16 19:02:53.896,0.002646,-0.004766,-0.005799,-0.000143,-0.010057,0.003755
2025-12-16 19:02:53.897,0.002897,-0.005756,-0.006438,-0.000587,-0.007718,0.000924
2025-12-16 19:02:53.899,0.002616,-0.006392,-0.007015,0.001158,0.001766,-0.004802
2025-12-16 19:02:53.900,0.002794,-0.004380,-0.005660,0.001903,0.001796,-0.004022
2025-12-16 19:02:53.903,0.002132,-0.002332,-0.005674,0.001292,-0.000733,0.000955
2025-12-16 19:02:53.904,0.000513,-0.002304,-0.006728,0.000728,0.002227,0.001592
2025-12-16 19:02:53.906,0.003653,-0.005266,-0.005017,-0.001134,-0.007223,-0.001546
2025-12-16 19:02:53.907,0.004163,-0.004524,-0.003644,0.000296,-0.012236,0.002014
2025-12-16 19:02:53.908,0.003393,-0.004585,-0.004705,-0.000979,-0.009517,0.001174
2025-12-16 19:02:53.909,0.004440,-0.004823,-0.003783,-0.000464,-0.010087,-0.001209
2025-12-16 19:02:53.910,0.001727,-0.002804,-0.003580,0.003027,-0.008474,0.005583
2025-12-16 19:02:53.912,0.003407,-0.002665,-0.002754,0.002987,-0.011970,0.004705
2025-12-16 19:02:53.913,0.005590,-0.004008,-0.002030,0.001826,-0.012570,-0.000170
2025-12-16 19:02:53.914,0.003787,-0.004906,-0.003366,0.000667,-0.005130,-0.003768
2025-12-16 19:02:53.915,0.003529,-0.005972,-0.004829,-0.000387,-0.002432,-0.006514
2025-12-16 19:02:53.917,0.002924,-0.004903,-0.004524,-0.001877,-0.004498,-0.002990
2025-12-16 19:02:53.918,0.001488,-0.003798,-0.004754,0.001513,0.001842,-0.002128
2025-12-16 19:02:53.919,0.001766,-0.003339,-0.003228,0.005350,-0.000526,-0.000344
2025-12-16 19:02:53.921,0.001043,-0.002558,-0.003005,0.007369,0.003683,-0.000020
2025-12-16 19:02:53.922,0.000423,-0.002430,-0.003009,0.008884,-0.000392,0.004419
2025-12-16 19:02:53.923,-0.000551,-0.002321,-0.003755,0.010181,-0.000410,0.006885
2025-12-16 19:02:53.924,0.000678,-0.000035,-0.002301,0.007979,-0.006218,0.010647
2025-12-16 19:02:53.925,0.002261,-0.001406,-0.001797,0.009221,-0.007674,0.007331
2025-12-16 19:02:53.926,0.000186,0.000672,-0.002503,0.010744,-0.004619,0.011663
2025-12-16 19:02:53.929,0.002427,-0.000984,-0.002248,0.004321,-0.006272,0.005312
2025-12-16 19:02:53.930,0.000826,-0.000824,-0.004058,0.002948,0.000704,0.003624
2025-12-16 19:02:53.931,0.001908,-0.001767,-0.003167,0.002708,-0.002860,0.002382
2025-12-16 19:02:53.932,0.001451,-0.001187,-0.003812,0.001934,-0.004460,0.005611
2025-12-16 19:02:53.934,0.000934,-0.001600,-0.003971,-0.000189,-0.001016,0.002031
2025-12-16 19:02:53.935,0.001059,-0.003356,-0.005484,-0.001667,0.004864,-0.003884
2025-12-16 19:02:53.936,0.001665,-0.003417,-0.004537,-0.001380,0.004768,-0.005607
2025-12-16 19:02:53.939,0.004148,-0.003645,-0.001308,-0.000723,-0.003530,-0.006583
2025-12-16 19:02:53.940,0.005140,-0.003731,-0.000685,-0.000164,-0.001933,-0.009140
2025-12-16 19:02:53.942,0.004485,-0.004452,-0.000406,-0.001817,-0.002178,-0.009482
2025-12-16 19:02:53.943,0.002337,-0.002947,-0.002774,0.000670,0.003263,-0.006025
2025-12-16 19:02:53.944,0.000569,-0.001951,-0.003354,0.000444,0.000165,0.000366
2025-12-16 19:02:53.945,0.000955,-0.000979,-0.001892,0.002222,-0.002118,0.001229
2025-12-16 19:02:53.947,0.002552,-0.003899,-0.002357,0.000270,-0.000235,-0.005552
2025-12-16 19:02:53.949,0.001904,-0.003318,-0.001974,0.000286,-0.004009,-0.002347
2025-12-16 19:02:53.950,0.001050,-0.004171,-0.003260,-0.001318,-0.002799,-0.002424
2025-12-16 19:02:53.951,0.000444,-0.002729,-0.003604,0.002064,0.003106,-0.001581
2025-12-16 19:02:53.953,0.002249,-0.002669,-0.003278,-0.000641,-0.003349,-0.000072
2025-12-16 19:02:53.954,0.002520,-0.002190,-0.002391,0.000129,-0.006560,0.001244
2025-12-16 19:02:53.955,0.001643,-0.002997,-0.003880,-0.000922,-0.001397,-0.000997
2025-12-16 19:02:53.956,0.003222,-0.003212,-0.001623,0.000361,-0.002387,-0.004779
2025-12-16 19:02:53.959,0.005011,-0.003078,-0.000289,-0.000062,-0.006786,-0.005555
2025-12-16 19:02:53.961,0.004035,-0.001457,-0.000372,0.002967,-0.003005,-0.003136
2025-12-16 19:02:53.962,0.003461,-0.001371,-0.001649,0.001267,0.001222,-0.004602
2025-12-16 19:02:53.963,0.001656,-0.000337,-0.000707,0.004886,0.001948,-0.000737
2025-12-16 19:02:53.964,0.000331,-0.001281,-0.003367,0.001697,0.004721,-0.000439
2025-12-16 19:02:53.965,0.001205,-0.000307,-0.000658,0.002221,-0.000142,0.008538
2025-12-16 19:02:53.966,0.000720,-0.001084,-0.001490,0.001047,0.002578,0.004078
2025-12-16 19:02:53.967,0.001699,-0.000174,0.000321,0.005658,0.001237,0.003817
2025-12-16 19:02:53.968,0.000808,-0.000300,-0.001562,0.003894,0.003548,0.003003
2025-12-16 19:02:53.971,0.002279,-0.003172,-0.001099,0.001088,0.000513,-0.003652
2025-12-16 19:02:53.972,0.003155,-0.004742,-0.001331,0.000122,0.002956,-0.009783
2025-12-16 19:02:53.974,0.001498,-0.003123,-0.000773,0.003168,0.004338,-0.005087
2025-12-16 19:02:53.975,0.002414,-0.003476,0.000751,0.004955,0.000360,-0.006169
2025-12-16 19:02:53.976,0.000997,-0.002588,-0.000690,0.001957,0.003692,-0.005388
2025-12-16 19:02:53.979,0.002125,-0.002482,0.000258,0.000261,-0.003706,-0.000691
2025-12-16 19:02:53.981,0.002297,-0.002917,0.000525,-0.000770,-0.003536,-0.002911
2025-12-16 19:02:53.982,0.000641,-0.003161,-0.000993,0.001353,0.004432,-0.004346
2025-12-16 19:02:53.983,0.000313,-0.001663,0.000468,0.002762,0.001958,-0.003022
2025-12-16 19:02:53.984,-0.000121,-0.000448,0.000580,0.005582,0.001456,0.001003
2025-12-16 19:02:53.987,0.001521,-0.003662,0.000388,0.001557,0.001660,-0.008220
2025-12-16 19:02:53.989,0.001253,-0.002681,0.000720,0.001076,-0.002191,-0.003776
2025-12-16 19:02:53.990,0.000422,-0.002237,0.000306,0.003238,0.001197,-0.002589
2025-12-16 19:02:53.991,0.000873,-0.002522,0.000498,0.005675,0.002257,-0.004173
2025-12-16 19:02:53.992,0.000542,-0.001605,0.001242,0.007227,0.002939,-0.002436
2025-12-16 19:02:53.993,0.001145,-0.002418,0.001093,0.005061,0.001578,-0.004661
2025-12-16 19:02:53.994,0.001070,-0.002657,0.003168,0.004413,-0.002197,-0.004708
2025-12-16 19:02:53.995,-0.000494,-0.002189,0.001758,0.004221,-0.001730,0.002695
2025-12-16 19:02:53.997,0.000333,-0.002216,0.001912,0.004137,-0.000813,-0.000150
2025-12-16 19:02:53.998,0.000811,-0.002412,0.002263,0.006128,0.000458,-0.002850
2025-12-16 19:02:53.999,0.000513,-0.001871,0.000912,0.002312,0.000005,-0.001889
2025-12-16 19:02:54.000,0.002045,-0.002198,0.003050,0.003212,-0.005733,-0.003189
2025-12-16 19:02:54.001,0.001092,-0.002017,0.002078,0.001989,-0.003192,-0.002386
2025-12-16 19:02:54.002,0.001510,-0.002177,0.002159,0.001464,-0.004059,-0.003508
2025-12-16 19:02:54.003,0.002340,-0.001743,0.002540,0.001702,-0.004502,-0.004464
2025-12-16 19:02:54.004,0.001047,-0.000993,0.002713,0.004713,-0.002408,-0.001532
2025-12-16 19:02:54.005,0.001676,-0.002748,0.001954,0.002467,-0.004449,-0.004159
2025-12-16 19:02:54.006,0.001866,-0.003150,0.001162,0.001072,-0.002488,-0.005465
2025-12-16 19:02:54.008,0.001736,-0.003336,0.001502,0.003993,-0.000728,-0.005218
2025-12-16 19:02:54.009,0.000623,-0.002092,0.000694,0.005756,0.003000,-0.003201
2025-12-16 19:02:54.010,0.001319,-0.003864,0.000688,0.008041,0.003476,-0.006288
2025-12-16 19:02:54.011,-0.000765,0.000351,0.001372,0.010732,0.002625,0.004109
2025-12-16 19:02:54.012,0.000869,-0.000879,0.002469,0.012477,0.001898,-0.001028
2025-12-16 19:02:54.013,0.001009,-0.001803,0.002082,0.013248,0.005198,-0.003283
2025-12-16 19:02:54.015,0.001751,-0.001677,0.002067,0.009084,0.000611,-0.004119
2025-12-16 19:02:54.017,0.000979,-0.002847,0.000404,0.005976,0.001953,-0.004405
2025-12-16 19:02:54.018,0.002462,-0.004090,0.000919,0.004002,0.000105,-0.008077
2025-12-16 19:02:54.019,0.002567,-0.004849,0.001857,0.009142,0.002274,-0.009914
2025-12-16 19:02:54.020,0.001398,-0.003842,0.000832,0.009768,0.004894,-0.006926
2025-12-16 19:02:54.021,0.002307,-0.002927,0.001795,0.007724,-0.000588,-0.005298
2025-12-16 19:02:54.023,0.000691,-0.002914,0.001375,0.007744,0.005746,-0.002780
2025-12-16 19:02:54.024,0.001946,-0.002876,0.002288,0.012138,0.006043,-0.005552
2025-12-16 19:02:54.025,0.000852,-0.002218,0.001133,0.011965,0.006834,-0.003164
2025-12-16 19:02:54.026,0.000767,-0.002079,0.001572,0.012837,0.010367,-0.005952
2025-12-16 19:02:54.028,0.001415,-0.004016,0.000569,0.008376,0.006846,-0.008769
2025-12-16 19:02:54.029,0.002240,-0.004809,0.001265,0.000888,0.000971,-0.004263
2025-12-16 19:02:54.030,0.001244,-0.004521,-0.000069,0.000141,0.003126,-0.005168
2025-12-16 19:02:54.031,0.000756,-0.003241,0.001617,0.001266,-0.000068,0.001978
2025-12-16 19:02:54.032,0.000034,-0.003715,-0.000196,-0.002745,-0.001268,0.005195
2025-12-16 19:02:54.033,0.001019,-0.003198,0.000589,-0.001870,-0.002134,0.002110
2025-12-16 19:02:54.034,0.000816,-0.002438,0.000997,-0.001390,-0.003454,0.002045
2025-12-16 19:02:54.036,0.000536,-0.002366,0.001174,0.000512,-0.000288,0.003422
2025-12-16 19:02:54.037,0.000245,-0.002388,0.000288,-0.003695,-0.000705,0.006515
2025-12-16 19:02:54.038,0.001088,-0.003967,0.000628,-0.002920,-0.001027,0.000855
2025-12-16 19:02:54.041,0.001123,-0.003450,0.000070,0.000174,0.002690,-0.004253
2025-12-16 19:02:54.042,0.001451,-0.002945,0.000856,-0.000593,-0.000615,-0.003833
2025-12-16 19:02:54.043,-0.000466,-0.001486,0.000076,-0.001956,-0.002275,0.005279
2025-12-16 19:02:54.045,-0.000234,-0.001045,0.001353,0.002503,-0.001507,0.004820
2025-12-16 19:02:54.046,-0.001588,-0.000373,0.000342,-0.000319,0.000251,0.008025
2025-12-16 19:02:54.047,-0.001343,-0.000462,-0.000039,-0.002070,0.000773,0.008992
2025-12-16 19:02:54.048,-0.002435,0.001673,0.000156,-0.001379,-0.002383,0.013818
2025-12-16 19:02:54.049,-0.001050,0.001763,0.001012,-0.001164,0.000921,0.006777
2025-12-16 19:02:54.050,-0.001940,0.001729,0.000402,-0.000629,0.006760,0.003791
2025-12-16 19:02:54.051,-0.000999,0.001642,0.001043,-0.000310,0.004713,0.002215
2025-12-16 19:02:54.053,0.000901,-0.001500,0.000934,0.000291,0.003795,-0.005516
2025-12-16 19:02:54.054,0.001651,-0.003410,0.000550,-0.000217,0.002511,-0.007774
2025-12-16 19:02:54.055,0.000580,-0.000853,0.000354,0.000833,0.002798,-0.003143
2025-12-16 19:02:54.056,-0.000670,-0.000226,0.000333,-0.000606,0.007859,-0.001078
2025-12-16 19:02:54.057,0.001282,-0.001670,0.001399,-0.000112,0.006792,-0.007571
2025-12-16 19:02:54.058,0.001122,-0.002936,0.000703,-0.001834,0.009607,-0.007668
2025-12-16 19:02:54.060,0.001355,-0.003883,-0.000415,-0.003626,0.006159,-0.007685
2025-12-16 19:02:54.061,0.001462,-0.002981,0.000654,-0.003643,0.005549,-0.004818
2025-12-16 19:02:54.062,0.001678,-0.002840,0.000098,-0.003873,0.007897,-0.007446
2025-12-16 19:02:54.063,0.000927,-0.002376,-0.000243,-0.003479,0.006538,-0.005636
2025-12-16 19:02:54.064,0.000571,-0.000743,0.000501,-0.001465,0.002423,-0.002283
2025-12-16 19:02:54.065,0.001039,-0.001098,0.001137,0.002884,0.002163,-0.002043
2025-12-16 19:02:54.066,0.001052,-0.001319,0.000686,0.001364,0.001611,-0.003308
2025-12-16 19:02:54.067,0.000294,0.000300,0.000562,0.002300,0.007742,-0.004250
2025-12-16 19:02:54.068,0.000756,-0.000135,0.000710,0.000638,0.004232,-0.003528
2025-12-16 19:02:54.070,0.001847,-0.000965,0.001345,0.000162,-0.000791,-0.004179
2025-12-16 19:02:54.071,0.002025,-0.001066,0.003238,-0.000642,-0.006175,-0.000370
2025-12-16 19:02:54.072,0.002000,-0.000951,0.002415,-0.001078,-0.003825,-0.001409
2025-12-16 19:02:54.073,0.001157,-0.000750,0.001556,-0.001240,-0.001815,-0.001328
2025-12-16 19:02:54.074,0.001396,-0.000222,0.001916,0.003210,-0.001106,-0.000795
2025-12-16 19:02:54.075,0.002239,-0.001688,0.002105,0.002521,-0.004503,-0.002474
2025-12-16 19:02:54.076,0.000816,-0.000433,0.001429,0.005760,-0.000641,0.000081
2025-12-16 19:02:54.077,0.000348,-0.000707,0.000837,0.003903,0.006875,-0.004447
2025-12-16 19:02:54.078,-0.000267,-0.000748,0.000247,0.002721,0.005927,-0.003265
2025-12-16 19:02:54.079,-0.000315,-0.000317,0.000271,0.002410,0.004087,-0.001410
2025-12-16 19:02:54.080,-0.000574,-0.000664,-0.000108,-0.000905,0.001643,0.003276
2025-12-16 19:02:54.081,0.000981,-0.003846,-0.000894,-0.002493,0.001191,-0.003956
2025-12-16 19:02:54.083,0.001038,-0.004365,-0.001064,-0.002496,0.003724,-0.007801
2025-12-16 19:02:54.084,0.000694,-0.002503,0.000154,-0.001352,0.001797,-0.003848
2025-12-16 19:02:54.085,0.000664,-0.002383,-0.000442,-0.000658,0.000841,-0.003772
2025-12-16 19:02:54.086,0.001146,-0.003248,-0.000019,-0.001268,-0.000222,-0.005374
2025-12-16 19:02:54.087,-0.000502,-0.002333,-0.001062,-0.001148,0.001746,-0.002709
2025-12-16 19:02:54.088,-0.001031,-0.002301,-0.002066,-0.002191,0.006161,-0.004041
2025-12-16 19:02:54.089,-0.001599,0.000100,-0.001099,-0.000337,0.004686,0.000089
2025-12-16 19:02:54.090,-0.000599,-0.001492,-0.001313,-0.000332,0.004088,-0.002648
2025-12-16 19:02:54.091,-0.000449,-0.001941,-0.001037,-0.000529,0.002214,-0.002788
2025-12-16 19:02:54.093,-0.001567,-0.000882,-0.001504,-0.000489,0.003600,-0.000266
2025-12-16 19:02:54.094,-0.000510,-0.000034,-0.000191,0.001052,0.001829,-0.000422
2025-12-16 19:02:54.095,-0.001019,-0.001665,-0.001324,-0.000922,0.004429,-0.002627
2025-12-16 19:02:54.096,-0.000311,-0.000645,-0.000229,0.000357,-0.000075,-0.000445
2025-12-16 19:02:54.097,0.000389,-0.002455,-0.001059,-0.000192,0.002117,-0.004670
2025-12-16 19:02:54.098,0.000283,-0.001700,-0.000719,-0.000307,0.000693,-0.002663
2025-12-16 19:02:54.099,0.000210,-0.001398,-0.000738,-0.000127,0.002623,-0.003515
2025-12-16 19:02:54.100,0.000760,-0.001849,-0.000209,0.000110,0.002403,-0.005512
2025-12-16 19:02:54.101,0.000762,-0.002280,-0.000760,-0.000616,0.000549,-0.004235
2025-12-16 19:02:54.103,0.000371,-0.000960,-0.000867,-0.000860,0.000633,-0.001249
2025-12-16 19:02:54.104,-0.000515,-0.000220,-0.000167,0.003669,0.004105,-0.001196
2025-12-16 19:02:54.105,-0.000367,0.000275,-0.000265,0.001818,0.002738,-0.000080
2025-12-16 19:02:54.106,0.000161,-0.001292,-0.000828,0.000636,0.002689,-0.002443
2025-12-16 19:02:54.107,0.000857,-0.001968,-0.000421,-0.000022,-0.000419,-0.002039
2025-12-16 19:02:54.108,-0.000179,0.001302,0.000353,0.001115,-0.002209,0.003802
2025-12-16 19:02:54.110,0.000113,-0.000504,-0.000305,0.000272,0.001479,-0.001363
2025-12-16 19:02:54.111,0.000448,-0.000668,0.000034,-0.000202,0.004042,-0.004528
2025-12-16 19:02:54.112,0.000134,0.000518,-0.000140,-0.000115,0.001746,0.000004
2025-12-16 19:02:54.113,0.000457,-0.000183,-0.000541,-0.000534,0.000357,-0.000728
2025-12-16 19:02:54.114,-0.000624,0.000291,-0.000330,-0.000340,0.001324,0.000791
2025-12-16 19:02:54.115,0.000618,0.000767,0.000910,0.000907,0.000377,0.000030
2025-12-16 19:02:54.116,0.000004,0.000671,-0.000205,0.000665,0.002155,0.000030
2025-12-16 19:02:54.118,-0.001070,0.001661,-0.000626,0.000709,0.000934,0.003956
2025-12-16 19:02:54.119,-0.000184,0.001287,0.000239,0.000550,-0.000875,0.003376
2025-12-16 19:02:54.120,0.001509,-0.002208,0.000549,0.000734,0.000783,-0.006823
2025-12-16 19:02:54.121,-0.000399,-0.000289,-0.000336,-0.000295,0.002022,-0.000985
2025-12-16 19:02:54.124,-0.001874,0.002138,-0.001703,0.001088,0.004371,0.004613
2025-12-16 19:02:54.125,-0.002802,0.002889,-0.001531,0.001129,0.005219,0.005691
2025-12-16 19:02:54.126,-0.001905,0.003176,-0.001264,0.001484,0.003413,0.006717
2025-12-16 19:02:54.128,0.000086,0.002352,0.000626,0.002183,-0.002821,0.004964
2025-12-16 19:02:54.129,-0.000115,0.002282,0.000695,0.001240,-0.000661,0.004009
2025-12-16 19:02:54.130,-0.000405,0.002989,0.001231,0.001965,-0.001893,0.005871
2025-12-16 19:02:54.131,0.003199,-0.000051,0.000910,-0.006448,-0.007811,-0.002466
2025-12-16 19:02:54.133,0.001788,0.000160,0.000865,-0.003241,-0.006560,0.000483
2025-12-16 19:02:54.134,0.002468,-0.000628,0.001157,-0.003231,-0.007786,-0.000700
2025-12-16 19:02:54.135,0.001818,-0.000207,0.001124,-0.002317,-0.003498,-0.001978
2025-12-16 19:02:54.136,0.001592,-0.000303,0.000728,-0.000972,-0.001612,-0.002722
2025-12-16 19:02:54.137,0.001286,0.000085,0.001364,-0.000503,-0.004450,0.000319
2025-12-16 19:02:54.138,0.000281,0.000477,0.000248,-0.000423,-0.002035,0.000931
2025-12-16 19:02:54.140,0.000834,0.001285,0.001269,-0.000069,-0.004664,0.003039
2025-12-16 19:02:54.141,0.001068,0.001622,0.001622,0.000715,-0.003240,0.001626
2025-12-16 19:02:54.142,0.001202,0.000975,0.001553,0.000732,-0.003592,0.000845
2025-12-16 19:02:54.143,0.001044,0.001117,0.001534,0.000755,-0.003908,0.001570
2025-12-16 19:02:54.144,0.001400,-0.000375,0.000840,-0.000224,-0.004313,-0.000065
2025-12-16 19:02:54.145,0.000531,0.001868,0.000960,0.000025,-0.002361,0.002947
2025-12-16 19:02:54.146,0.000939,0.000115,0.000647,0.000137,-0.001490,-0.000682
2025-12-16 19:02:54.147,0.002558,0.000747,0.002406,0.000457,-0.002287,-0.002679
2025-12-16 19:02:54.148,0.002571,-0.000045,0.001632,-0.000951,-0.003123,-0.002443
2025-12-16 19:02:54.151,0.000704,0.000303,-0.000025,0.000127,0.001969,-0.001618
2025-12-16 19:02:54.152,-0.000823,0.001181,-0.000239,0.000252,0.002924,0.001395
2025-12-16 19:02:54.154,0.001540,0.000078,0.001724,0.000155,-0.005136,0.000030
2025-12-16 19:02:54.155,0.001256,0.000920,0.001340,0.001384,-0.003321,0.000725
2025-12-16 19:02:54.156,0.001662,0.000413,0.001766,0.000877,-0.003270,-0.000673
2025-12-16 19:02:54.157,0.002868,-0.001469,0.001669,0.001696,-0.002975,-0.005089
2025-12-16 19:02:54.159,0.001969,-0.000247,0.001643,0.001678,-0.003340,-0.001903
2025-12-16 19:02:54.161,0.001547,0.000479,0.001384,0.002379,-0.001727,-0.001547
2025-12-16 19:02:54.162,0.002357,-0.001091,0.001595,0.001954,-0.002493,-0.004151
2025-12-16 19:02:54.163,0.000663,0.000208,0.000768,0.000951,-0.001222,-0.000393
2025-12-16 19:02:54.165,0.001310,-0.001086,0.000444,0.000416,-0.002535,-0.001528
2025-12-16 19:02:54.166,0.002733,-0.000285,0.001523,0.001242,-0.005873,-0.000538
2025-12-16 19:02:54.167,0.003180,-0.000595,0.001716,0.001148,-0.004349,-0.003086
2025-12-16 19:02:54.168,0.003016,-0.001150,0.001206,0.000905,-0.003329,-0.004678
2025-12-16 19:02:54.169,0.001498,-0.000544,0.000194,0.000672,-0.000428,-0.002443
2025-12-16 19:02:54.170,0.001246,-0.000126,0.000115,0.000379,-0.002416,-0.000365
2025-12-16 19:02:54.171,0.001090,-0.000380,0.001037,0.000776,-0.003398,-0.001059
2025-12-16 19:02:54.172,0.003020,-0.000712,0.003789,0.001352,-0.003282,-0.006285
2025-12-16 19:02:54.174,0.001440,-0.000009,0.002284,0.000624,-0.000944,-0.003195
2025-12-16 19:02:54.175,0.000904,-0.000320,0.000898,0.000466,0.004705,-0.005834
2025-12-16 19:02:54.176,0.002047,-0.001067,0.001314,0.000757,0.000847,-0.006083
2025-12-16 19:02:54.177,0.002260,-0.000794,0.001088,0.000784,0.003356,-0.007308
2025-12-16 19:02:54.178,0.002394,-0.002623,-0.000115,-0.000773,0.004802,-0.010612
2025-12-16 19:02:54.181,0.000878,-0.000717,-0.000460,-0.000394,0.006933,-0.006890
2025-12-16 19:02:54.182,0.001131,-0.001612,-0.000415,-0.001434,0.007480,-0.008694
2025-12-16 19:02:54.183,0.002175,0.000218,0.002859,0.001057,0.005711,-0.009184
2025-12-16 19:02:54.184,0.003178,-0.000708,0.002317,0.000744,0.002223,-0.009077
2025-12-16 19:02:54.187,0.000993,0.000417,0.001198,0.000606,0.006826,-0.006908
2025-12-16 19:02:54.188,0.001429,-0.000976,0.001130,0.000381,0.010159,-0.011333
2025-12-16 19:02:54.189,0.002550,-0.000518,0.002124,0.000141,0.008193,-0.011910
2025-12-16 19:02:54.191,0.000834,-0.000027,0.001118,0.000121,0.009062,-0.008676
2025-12-16 19:02:54.192,0.000786,-0.000169,0.000866,0.000458,0.005431,-0.006238
2025-12-16 19:02:54.193,0.000029,0.000435,0.000504,0.000640,0.005203,-0.003628
2025-12-16 19:02:54.194,0.002500,-0.000345,0.002187,0.000503,0.000232,-0.006139
2025-12-16 19:02:54.195,0.001614,-0.000763,0.001028,-0.000129,0.006583,-0.008525
2025-12-16 19:02:54.197,0.000328,-0.000318,0.000477,0.000144,0.004441,-0.004470
2025-12-16 19:02:54.198,0.002259,-0.000907,0.000973,0.000688,-0.000920,-0.004120
2025-12-16 19:02:54.199,0.002780,-0.000568,0.001879,0.001170,-0.001280,-0.005118
2025-12-16 19:02:54.200,0.003566,0.000471,0.002831,0.002018,-0.005158,-0.002582
2025-12-16 19:02:54.201,0.003043,0.000488,0.002435,0.002519,0.000870,-0.005907
2025-12-16 19:02:54.202,0.001916,-0.000515,0.001416,0.000998,-0.001083,-0.003956
2025-12-16 19:02:54.203,0.003649,0.000462,0.002706,0.002145,-0.005658,-0.002570
2025-12-16 19:02:54.204,0.003542,0.000696,0.002523,-0.000113,-0.001147,-0.001325
2025-12-16 19:02:54.206,0.004263,0.000682,0.003466,0.001310,-0.004891,-0.001076
2025-12-16 19:02:54.207,0.003161,-0.000307,0.002060,-0.000032,-0.000293,-0.004394
2025-12-16 19:02:54.208,0.004775,0.000429,0.003076,0.001289,-0.006035,-0.002039
2025-12-16 19:02:54.209,0.004767,0.000254,0.002787,0.001007,-0.006913,-0.001924
2025-12-16 19:02:54.210,0.005611,-0.000635,0.003592,-0.000627,-0.003389,-0.004795
2025-12-16 19:02:54.211,0.004798,-0.001165,0.002807,-0.000347,-0.002726,-0.005574
2025-12-16 19:02:54.212,0.003704,-0.001538,0.001708,-0.000510,-0.002841,-0.004376
2025-12-16 19:02:54.214,0.003690,0.000421,0.002330,0.001117,-0.002552,-0.002845
2025-12-16 19:02:54.215,0.004057,-0.000540,0.001959,0.000469,-0.001067,-0.006613
2025-12-16 19:02:54.216,0.003799,0.000006,0.002228,0.001671,-0.001244,-0.005276
2025-12-16 19:02:54.217,0.005520,-0.000472,0.003588,0.001552,-0.003568,-0.007059
2025-12-16 19:02:54.218,0.002833,0.001709,0.002134,0.001282,-0.001698,-0.000803
2025-12-16 19:02:54.219,0.002727,0.002466,0.002671,0.001060,-0.005098,0.001693
2025-12-16 19:02:54.220,0.003745,0.002240,0.003242,0.001486,-0.001790,-0.001773
2025-12-16 19:02:54.221,0.003820,0.002704,0.003282,0.001629,0.000361,-0.003834
2025-12-16 19:02:54.222,0.003523,0.003614,0.003139,0.001323,-0.001465,-0.000318
2025-12-16 19:02:54.223,0.002054,0.002783,0.002677,0.001148,-0.002659,0.001403
2025-12-16 19:02:54.225,0.001853,0.003555,0.002307,0.001304,-0.005321,0.005223
2025-12-16 19:02:54.226,0.001025,0.003200,0.001913,0.001188,-0.001941,0.003395
2025-12-16 19:02:54.227,0.001603,0.003138,0.001766,0.001461,-0.002097,0.002958
2025-12-16 19:02:54.228,0.002587,0.003238,0.002550,0.002447,-0.005473,0.003468
2025-12-16 19:02:54.229,0.001552,0.003400,0.002175,0.001504,-0.006161,0.006081
2025-12-16 19:02:54.230,0.002114,0.002917,0.002217,0.002077,-0.002331,0.002199
2025-12-16 19:02:54.231,0.002689,0.003467,0.003260,0.003126,0.000212,-0.000703
2025-12-16 19:02:54.233,0.001648,0.003637,0.002111,0.001840,0.002317,0.000424
2025-12-16 19:02:54.234,0.000561,0.003410,0.001457,0.001429,0.001916,0.002736
2025-12-16 19:02:54.235,0.001208,0.004013,0.002171,0.002951,0.001035,0.002480
2025-12-16 19:02:54.236,0.000957,0.003508,0.001580,0.001946,0.006964,-0.001768
2025-12-16 19:02:54.237,-0.000808,0.003500,0.000896,-0.000381,0.009060,0.003092
2025-12-16 19:02:54.238,-0.000778,0.004652,0.001453,0.000593,0.006235,0.005321
2025-12-16 19:02:54.239,0.000007,0.002818,0.001194,0.000248,0.003172,0.003183
2025-12-16 19:02:54.241,0.000962,0.002725,0.002242,0.001767,0.001309,0.001086
2025-12-16 19:02:54.242,0.001714,0.002893,0.002266,0.002767,0.001869,0.000324
2025-12-16 19:02:54.243,0.001241,0.001090,0.001286,-0.001120,0.001057,0.002375
2025-12-16 19:02:54.244,0.000946,0.001629,0.001454,-0.000493,-0.001378,0.004112
2025-12-16 19:02:54.245,0.001711,0.000184,0.000758,-0.000318,-0.001169,0.000910
2025-12-16 19:02:54.246,0.003361,0.000236,0.002352,0.000568,-0.002194,-0.002388
2025-12-16 19:02:54.247,0.001314,0.000893,0.000893,-0.000606,0.001457,-0.000884
2025-12-16 19:02:54.248,0.000811,0.001845,0.001228,0.000136,0.000871,0.001175
2025-12-16 19:02:54.249,0.000566,0.002545,0.001092,0.001055,0.003753,0.000222
2025-12-16 19:02:54.251,0.002673,0.002429,0.002937,0.002570,-0.005330,0.001840
2025-12-16 19:02:54.252,0.003109,0.000679,0.001952,0.001061,-0.003218,-0.002178
2025-12-16 19:02:54.253,0.001858,0.001090,0.001791,0.000911,-0.002996,-0.000164
2025-12-16 19:02:54.254,0.001026,0.001430,0.000812,0.000215,0.000301,-0.000003
2025-12-16 19:02:54.255,0.001045,0.001998,0.001453,0.001583,-0.002890,0.002571
2025-12-16 19:02:54.256,0.001289,0.001320,0.001330,0.000911,-0.004044,0.002483
2025-12-16 19:02:54.259,0.001231,-0.000994,0.000187,-0.000412,0.002814,-0.005515
2025-12-16 19:02:54.260,-0.001127,0.001288,-0.000574,0.000306,0.004022,0.000747
2025-12-16 19:02:54.261,-0.002492,0.001524,-0.001922,-0.001325,0.009747,0.000800
2025-12-16 19:02:54.262,0.000538,0.002180,0.000423,0.000496,0.001514,0.000866
2025-12-16 19:02:54.263,0.000835,0.001258,0.001445,0.000615,0.000239,-0.000743
2025-12-16 19:02:54.265,0.000292,-0.000876,-0.000665,-0.002215,0.003572,-0.003180
2025-12-16 19:02:54.266,-0.000591,0.001136,0.001219,0.000594,-0.000808,0.002037
2025-12-16 19:02:54.267,-0.001229,0.001102,0.000346,0.000055,-0.000654,0.003631
2025-12-16 19:02:54.268,-0.002580,0.002457,-0.000808,-0.000050,0.003776,0.005313
2025-12-16 19:02:54.269,-0.001356,0.002195,-0.000186,-0.001603,0.000681,0.008297
2025-12-16 19:02:54.270,0.000738,0.000463,0.000914,-0.000304,-0.001434,0.002503
2025-12-16 19:02:54.271,0.000527,-0.001316,0.000364,-0.000889,-0.001595,0.000436
2025-12-16 19:02:54.272,0.001257,0.000247,0.001801,0.000107,-0.006052,0.002731
2025-12-16 19:02:54.274,-0.000245,0.001112,0.000857,0.000466,-0.000486,0.002224
2025-12-16 19:02:54.275,0.000332,0.000992,0.001022,0.000643,0.003620,-0.001397
2025-12-16 19:02:54.278,0.000804,0.000783,0.001833,0.000622,0.004308,-0.004610
2025-12-16 19:02:54.279,-0.000226,0.001221,0.000814,0.000320,0.004255,-0.001373
2025-12-16 19:02:54.280,-0.000497,0.000917,0.000338,0.000045,0.002424,-0.000063
2025-12-16 19:02:54.281,-0.000335,0.000254,0.000330,0.000062,0.006565,-0.004002
2025-12-16 19:02:54.283,0.001374,-0.000018,0.002121,0.001136,0.007943,-0.008745
2025-12-16 19:02:54.284,-0.001116,0.002698,0.000589,-0.000047,0.011855,-0.002137
2025-12-16 19:02:54.285,-0.000319,0.002654,0.001091,0.000448,0.010038,-0.003294
2025-12-16 19:02:54.287,-0.000536,0.001298,0.000358,0.000271,0.014410,-0.007835
2025-12-16 19:02:54.288,-0.001276,0.002713,0.000721,-0.001629,0.010095,0.001068
2025-12-16 19:02:54.290,0.000950,0.002117,0.001311,0.000650,0.004340,-0.000774
2025-12-16 19:02:54.291,0.000053,0.002203,0.000752,0.000201,0.005712,-0.000313
2025-12-16 19:02:54.293,0.001570,0.000506,0.001324,0.000084,0.000592,-0.002288
2025-12-16 19:02:54.294,0.001566,0.000590,0.001070,0.000153,-0.002285,0.000264
2025-12-16 19:02:54.295,0.000732,-0.001031,0.000153,-0.002084,-0.000528,0.001267
2025-12-16 19:02:54.296,-0.000258,-0.000442,0.000257,-0.001534,0.001189,0.001480
2025-12-16 19:02:54.299,-0.000672,-0.000790,0.000791,-0.003683,-0.004104,0.007024
2025-12-16 19:02:54.300,-0.000502,-0.000217,-0.000247,-0.002773,-0.001021,0.005207
2025-12-16 19:02:54.301,0.001119,-0.001438,0.001582,-0.002420,-0.005304,0.005138
2025-12-16 19:02:54.303,0.001736,-0.004360,-0.000271,-0.003418,-0.000545,-0.003614
2025-12-16 19:02:54.304,0.000427,-0.001262,0.000686,-0.001162,0.001168,-0.001564
2025-12-16 19:02:54.305,0.000081,-0.000611,0.000221,-0.001444,0.005836,-0.003366
2025-12-16 19:02:54.306,0.001239,-0.000456,0.000993,-0.002756,0.001067,0.001157
2025-12-16 19:02:54.307,0.001030,-0.000036,0.000765,-0.001425,0.002055,0.000241
2025-12-16 19:02:54.310,0.000958,0.000416,0.001507,0.000130,-0.001245,0.000989
2025-12-16 19:02:54.311,0.000756,0.000179,0.001248,-0.002040,-0.000239,0.002296
2025-12-16 19:02:54.312,0.001205,-0.000627,0.001047,-0.001177,0.000549,-0.001116
2025-12-16 19:02:54.313,-0.000148,-0.000870,-0.000389,-0.004283,0.001870,0.003626
2025-12-16 19:02:54.314,0.001370,-0.001398,0.000848,-0.002456,-0.002233,0.001508
2025-12-16 19:02:54.315,0.000546,0.000042,0.000992,-0.003621,-0.005274,0.008933
2025-12-16 19:02:54.317,0.000563,-0.000665,0.000743,-0.001617,-0.002045,0.002562
2025-12-16 19:02:54.318,-0.000290,-0.000789,0.000214,-0.004140,-0.001249,0.005972
2025-12-16 19:02:54.321,0.000586,-0.000337,0.000982,-0.001388,-0.004473,0.003454
2025-12-16 19:02:54.322,0.000402,-0.000376,0.000633,-0.001137,-0.001242,0.001281
2025-12-16 19:02:54.323,-0.000141,-0.000249,-0.000044,-0.001040,0.000574,0.000778
2025-12-16 19:02:54.324,-0.000209,-0.000432,-0.000111,-0.002818,-0.001115,0.004568
2025-12-16 19:02:54.325,0.001489,0.000273,0.001562,-0.000942,-0.004446,0.003376
2025-12-16 19:02:54.327,0.000394,0.000351,0.000344,-0.000823,-0.001909,0.002117
2025-12-16 19:02:54.329,0.000324,0.000043,0.000143,-0.003108,-0.002250,0.005751
2025-12-16 19:02:54.330,0.001989,0.000276,0.001168,-0.001030,-0.005298,0.004317
2025-12-16 19:02:54.332,0.002998,0.000342,0.002314,0.000185,-0.009288,0.004111
2025-12-16 19:02:54.333,0.002251,0.000645,0.001745,0.000494,-0.005799,0.001921
2025-12-16 19:02:54.334,0.001674,0.001682,0.001620,-0.000726,-0.004627,0.006481
2025-12-16 19:02:54.335,0.002280,0.001198,0.001746,-0.000011,-0.005614,0.005386
2025-12-16 19:02:54.336,0.002925,-0.000319,0.001124,-0.000594,-0.006481,0.001711
2025-12-16 19:02:54.338,0.001963,0.000877,0.000456,-0.000434,-0.004757,0.004177
2025-12-16 19:02:54.339,0.001887,-0.001634,-0.000469,-0.001373,-0.000403,-0.002204
2025-12-16 19:02:54.340,0.000762,-0.000250,-0.000954,-0.002636,-0.000336,0.003944
2025-12-16 19:02:54.341,0.000428,-0.000888,-0.000294,-0.001642,-0.000039,0.001280
2025-12-16 19:02:54.342,0.000602,-0.000755,-0.000401,-0.002125,-0.001992,0.002072
2025-12-16 19:02:54.343,0.001548,0.000214,0.000246,-0.000762,-0.003319,0.001726
2025-12-16 19:02:54.344,0.001100,-0.000237,0.000168,-0.002535,-0.001227,0.003328
2025-12-16 19:02:54.346,0.000719,-0.000271,-0.000726,-0.001547,0.000109,0.002113
2025-12-16 19:02:54.347,0.003019,-0.000307,0.000947,-0.000432,-0.006920,0.002032
2025-12-16 19:02:54.348,0.003665,0.000117,0.001303,0.000283,-0.006082,0.000409
2025-12-16 19:02:54.349,0.003563,-0.000065,0.001217,0.000031,-0.000917,-0.003320
2025-12-16 19:02:54.350,0.004530,-0.000055,0.001961,0.001416,-0.003249,-0.004186
2025-12-16 19:02:54.352,0.005135,0.000165,0.002964,0.000749,-0.007749,-0.002728
2025-12-16 19:02:54.353,0.005829,-0.000735,0.002587,0.001661,-0.008578,-0.003874
2025-12-16 19:02:54.354,0.005747,-0.000759,0.002112,0.000811,-0.003682,-0.006475
2025-12-16 19:02:54.355,0.004886,-0.000608,0.002256,0.001122,-0.002674,-0.006563
2025-12-16 19:02:54.356,0.004156,-0.001466,0.001651,0.000426,-0.002472,-0.006935
2025-12-16 19:02:54.358,0.003538,0.000835,0.002268,0.001782,-0.004351,-0.001667
2025-12-16 19:02:54.359,0.004473,-0.000079,0.002365,0.001512,-0.007252,-0.002280
2025-12-16 19:02:54.360,0.004324,0.000022,0.002273,0.002313,-0.001800,-0.005803
2025-12-16 19:02:54.361,0.006169,0.000068,0.002763,0.001387,-0.006652,-0.004993
2025-12-16 19:02:54.362,0.004857,0.000106,0.002299,0.001894,-0.007271,-0.002663
2025-12-16 19:02:54.363,0.005803,-0.000196,0.003161,0.001677,-0.008500,-0.003690
2025-12-16 19:02:54.364,0.006660,-0.001324,0.002446,0.001359,-0.003779,-0.009408
2025-12-16 19:02:54.365,0.005303,0.000606,0.002954,0.001559,-0.004459,-0.004605
2025-12-16 19:02:54.366,0.003965,0.003717,0.003116,0.002981,-0.000961,-0.000815
2025-12-16 19:02:54.367,0.004234,0.003079,0.002897,0.002067,-0.003880,0.000037
2025-12-16 19:02:54.369,0.005433,0.002390,0.003681,0.002931,-0.007367,-0.000643
2025-12-16 19:02:54.370,0.005102,0.001836,0.004551,0.003673,-0.008534,-0.001090
2025-12-16 19:02:54.371,0.005040,0.002565,0.004222,0.003274,-0.009984,0.001289
2025-12-16 19:02:54.372,0.005133,0.002528,0.005032,0.003714,-0.009305,-0.000323
2025-12-16 19:02:54.373,0.003219,0.001947,0.002894,0.001966,-0.003997,-0.000289
2025-12-16 19:02:54.374,0.004295,0.003139,0.004949,0.003599,-0.010287,0.002439
2025-12-16 19:02:54.375,0.004004,0.002101,0.003401,0.002750,-0.005299,-0.000596
2025-12-16 19:02:54.376,0.004204,0.002550,0.004340,0.003784,-0.006112,-0.000341
2025-12-16 19:02:54.378,0.003110,0.001565,0.003327,0.002703,-0.000538,-0.003079
2025-12-16 19:02:54.379,0.001992,0.002130,0.002470,0.002107,-0.000003,-0.001318
2025-12-16 19:02:54.380,0.001663,0.001936,0.002754,0.002416,0.002477,-0.002787
2025-12-16 19:02:54.381,0.001233,0.001928,0.001406,0.001638,0.005435,-0.003262
2025-12-16 19:02:54.382,0.002211,0.002472,0.002952,0.002113,-0.001055,-0.000630
2025-12-16 19:02:54.383,0.003561,0.003297,0.002502,0.002995,-0.007023,0.003749
2025-12-16 19:02:54.385,0.003464,0.002753,0.002641,0.002434,-0.004984,0.002032
2025-12-16 19:02:54.386,0.003339,0.003078,0.002274,0.002807,-0.000734,-0.000145
2025-12-16 19:02:54.387,0.003547,0.003941,0.002418,0.003444,0.001538,-0.000602
2025-12-16 19:02:54.388,0.002612,0.002442,-0.000069,0.001831,0.002003,0.000123
2025-12-16 19:02:54.389,0.000744,0.005169,0.001104,0.003847,0.000995,0.006173
2025-12-16 19:02:54.390,0.002078,0.004629,0.001509,0.003096,-0.001578,0.005174
2025-12-16 19:02:54.392,0.000280,0.006217,0.000293,0.003420,0.003487,0.007424
2025-12-16 19:02:54.393,-0.000268,0.006132,-0.000483,0.002321,0.003410,0.009312
2025-12-16 19:02:54.394,0.001435,0.005862,0.000797,0.002753,-0.002865,0.008926
2025-12-16 19:02:54.395,0.004307,0.004322,0.001287,0.002867,-0.005625,0.005262
2025-12-16 19:02:54.396,0.004534,0.003902,0.002176,0.002311,-0.005415,0.003029
2025-12-16 19:02:54.397,0.003278,0.005281,0.002180,0.003013,-0.007013,0.007835
2025-12-16 19:02:54.399,0.002128,0.002948,0.000240,-0.003360,-0.002654,0.002258
2025-12-16 19:02:54.400,0.002271,0.003622,0.000779,-0.001513,-0.003481,0.003720
2025-12-16 19:02:54.401,0.002920,0.004168,0.001927,-0.000129,-0.004478,0.004099
2025-12-16 19:02:54.402,0.004833,0.002203,0.002923,0.000031,-0.007767,-0.000284
2025-12-16 19:02:54.403,0.003397,0.002586,0.001168,0.000448,-0.004421,0.002202
2025-12-16 19:02:54.404,0.003503,0.003311,0.000828,0.000703,-0.002459,0.002563
2025-12-16 19:02:54.405,0.003121,0.003424,0.000389,0.000858,-0.000052,0.002195
2025-12-16 19:02:54.406,0.004431,0.002548,0.001154,0.001095,0.000593,-0.002153
2025-12-16 19:02:54.408,0.003665,0.004406,0.002672,0.003135,-0.004988,0.004172
2025-12-16 19:02:54.409,0.001723,0.003981,0.000521,0.002352,-0.000417,0.004703
2025-12-16 19:02:54.410,0.003045,0.004177,0.002544,0.003417,-0.005154,0.004515
2025-12-16 19:02:54.411,0.002220,0.004220,0.001124,0.002754,-0.002569,0.005550
2025-12-16 19:02:54.413,0.002797,0.003578,0.001049,0.001289,-0.003991,0.004508
2025-12-16 19:02:54.414,0.001479,0.004815,0.000247,0.001727,-0.003636,0.008879
2025-12-16 19:02:54.415,-0.000626,0.003941,-0.001590,0.001421,0.002361,0.008062
2025-12-16 19:02:54.416,0.000562,0.004144,-0.000761,0.002353,0.000498,0.007109
2025-12-16 19:02:54.417,0.000464,0.002805,-0.001643,-0.002170,0.000491,0.004192
2025-12-16 19:02:54.419,0.001481,0.003373,-0.000790,-0.000267,-0.002050,0.005208
2025-12-16 19:02:54.420,0.001566,0.003903,-0.001508,0.001606,-0.000520,0.002931
2025-12-16 19:02:54.421,0.001108,0.004285,-0.001518,0.002274,-0.000191,0.004626
2025-12-16 19:02:54.422,0.000778,0.002983,-0.001358,0.001780,0.002304,0.002432
2025-12-16 19:02:54.423,0.001316,0.004238,-0.000600,0.002001,-0.001039,0.005580
2025-12-16 19:02:54.424,0.001035,0.003861,-0.001708,0.002088,0.001180,0.004863
2025-12-16 19:02:54.426,0.000527,0.003374,-0.001898,0.000634,0.000703,0.005894
2025-12-16 19:02:54.427,-0.000913,0.001674,-0.004567,-0.000921,0.008622,0.001804
2025-12-16 19:02:54.428,0.000101,0.003368,-0.002077,0.000739,0.003841,0.005281
2025-12-16 19:02:54.429,0.000389,0.003510,-0.002058,0.001626,0.003537,0.004687
2025-12-16 19:02:54.430,0.001973,0.002189,-0.001050,0.001221,-0.001554,0.003871
2025-12-16 19:02:54.431,0.001601,0.001044,-0.002378,0.000053,0.001105,0.002385
2025-12-16 19:02:54.433,0.002403,0.002295,-0.001335,0.000505,-0.000389,0.002003
2025-12-16 19:02:54.434,0.003158,0.001634,-0.000667,0.001202,-0.000852,-0.000022
2025-12-16 19:02:54.435,0.003522,0.001643,0.000052,0.000923,-0.005198,0.002770
2025-12-16 19:02:54.436,0.002743,0.001629,-0.000818,-0.000219,-0.001807,0.001600
2025-12-16 19:02:54.438,0.002390,0.000864,-0.000340,0.000598,-0.001263,0.000056
2025-12-16 19:02:54.439,0.003676,-0.000150,0.000481,0.000488,-0.003077,-0.002929
2025-12-16 19:02:54.440,0.004724,-0.000066,0.001525,0.001000,-0.007844,-0.001361
2025-12-16 19:02:54.441,0.002924,-0.001581,-0.000560,-0.000715,-0.000719,-0.004731
2025-12-16 19:02:54.442,0.002241,0.000627,-0.001108,0.000730,-0.001066,0.000512
2025-12-16 19:02:54.444,0.000963,0.000446,-0.001579,-0.000233,0.002308,-0.000414
2025-12-16 19:02:54.445,0.002116,-0.000399,-0.001902,-0.003541,0.000370,-0.002923
2025-12-16 19:02:54.446,0.002468,0.000614,-0.000785,-0.001968,-0.001578,-0.001044
2025-12-16 19:02:54.447,0.004459,-0.000342,0.001320,-0.001173,-0.008641,-0.002263
2025-12-16 19:02:54.448,0.002074,0.000334,-0.000652,-0.000759,-0.001256,-0.000916
2025-12-16 19:02:54.450,0.003531,0.000293,-0.000215,-0.000663,-0.005525,0.000128
2025-12-16 19:02:54.451,0.002734,-0.000366,-0.001197,-0.000537,-0.001692,-0.001416
2025-12-16 19:02:54.453,0.003122,-0.000760,0.000289,0.000029,0.000560,-0.006244
2025-12-16 19:02:54.454,0.002662,-0.000907,-0.001207,-0.000334,0.002315,-0.004686
2025-12-16 19:02:54.455,0.001684,0.000373,-0.000092,0.000488,0.002881,-0.002767
2025-12-16 19:02:54.456,0.001059,-0.001550,-0.001476,-0.001510,0.002870,-0.005087
2025-12-16 19:02:54.458,0.000958,-0.000510,-0.001398,-0.000241,0.002446,-0.002467
2025-12-16 19:02:54.459,0.002721,-0.001520,-0.001005,-0.000772,-0.000736,-0.004089
2025-12-16 19:02:54.460,0.001219,-0.001241,-0.002957,-0.001705,0.006072,-0.005067
2025-12-16 19:02:54.461,0.001186,-0.000746,-0.001723,-0.000970,0.004223,-0.003639
2025-12-16 19:02:54.465,0.000669,-0.000154,-0.000469,0.000211,0.001000,-0.001361
2025-12-16 19:02:54.467,0.001520,0.000385,0.000744,0.001401,-0.000317,-0.001597
2025-12-16 19:02:54.468,-0.000297,0.000397,-0.002245,-0.000748,0.002443,0.001167
2025-12-16 19:02:54.469,0.000601,-0.000967,-0.001390,-0.000266,0.000582,-0.001769
2025-12-16 19:02:54.470,-0.000146,-0.000782,-0.001871,-0.001261,0.007967,-0.004508
2025-12-16 19:02:54.471,0.000218,-0.001046,-0.001878,-0.001253,0.007129,-0.005152
2025-12-16 19:02:54.472,0.000915,-0.001075,-0.001073,-0.000770,0.008479,-0.007640
2025-12-16 19:02:54.473,0.000066,-0.000153,-0.000749,-0.000136,0.004964,-0.002942
2025-12-16 19:02:54.475,0.001337,-0.000233,0.000512,0.000030,0.000520,-0.003237
2025-12-16 19:02:54.476,0.000635,-0.000804,-0.001447,-0.000961,0.005606,-0.004182
2025-12-16 19:02:54.477,0.000730,0.000037,-0.000388,-0.000498,0.002771,-0.002880
2025-12-16 19:02:54.479,0.001717,-0.000176,0.001393,0.000760,-0.003880,-0.000783
2025-12-16 19:02:54.480,0.001171,0.000131,0.001130,0.000602,-0.003228,-0.000292
2025-12-16 19:02:54.481,0.000533,0.000812,0.001073,0.001347,-0.001042,0.000198
2025-12-16 19:02:54.482,-0.000598,-0.000155,-0.001409,-0.000970,0.003678,-0.001138
2025-12-16 19:02:54.483,0.001317,0.000885,0.000999,0.001151,-0.003896,0.001668
2025-12-16 19:02:54.484,-0.000538,0.001135,0.000033,0.000179,-0.001624,0.003967
2025-12-16 19:02:54.485,-0.000272,0.000421,-0.000434,-0.000287,0.000808,0.000828
2025-12-16 19:02:54.486,0.000328,0.001459,-0.000917,0.000715,0.001086,0.002339
2025-12-16 19:02:54.488,0.000242,-0.000256,-0.000535,-0.000025,0.006953,-0.004295
2025-12-16 19:02:54.489,0.000160,-0.000159,-0.000395,0.000195,0.003286,-0.002180
2025-12-16 19:02:54.490,0.000127,-0.001442,-0.001944,-0.001046,0.003622,-0.002973
2025-12-16 19:02:54.491,0.001094,-0.001446,-0.001229,-0.000801,0.003429,-0.004600
2025-12-16 19:02:54.492,0.003242,-0.001878,-0.000336,0.000135,0.001490,-0.007280
2025-12-16 19:02:54.494,0.002113,-0.000884,-0.000388,0.000056,-0.000952,-0.002249
2025-12-16 19:02:54.495,0.001436,-0.000403,-0.001257,-0.000586,-0.001078,0.000089
2025-12-16 19:02:54.496,0.000834,-0.000489,-0.002612,-0.000562,0.004407,-0.001890
2025-12-16 19:02:54.497,0.001137,-0.001205,-0.002188,-0.000923,0.003363,-0.003471
2025-12-16 19:02:54.498,0.001949,-0.001431,-0.001459,-0.000773,0.001609,-0.003549
2025-12-16 19:02:54.504,-0.001549,0.001776,-0.003486,0.000066,0.006376,0.003864
2025-12-16 19:02:54.505,-0.000989,0.000180,-0.002893,-0.001408,0.006626,0.000076
2025-12-16 19:02:54.507,-0.000687,0.001811,-0.000928,0.000384,0.002382,0.003025
2025-12-16 19:02:54.509,-0.001182,0.001327,-0.001059,-0.000692,0.003751,0.002257
2025-12-16 19:02:54.511,-0.001285,0.000121,-0.002019,-0.000880,0.003039,0.002452
2025-12-16 19:02:54.513,-0.001262,-0.000237,-0.003406,-0.001153,0.006896,0.000406
2025-12-16 19:02:54.515,-0.002188,0.001158,-0.002305,-0.000190,0.006833,0.002384
2025-12-16 19:02:54.516,-0.002275,0.002098,-0.001184,0.000834,0.003075,0.005773
2025-12-16 19:02:54.518,-0.002130,0.002083,-0.001127,-0.002985,0.000604,0.005330
2025-12-16 19:02:54.519,-0.002185,0.002055,-0.001242,-0.001989,0.003096,0.004865
2025-12-16 19:02:54.520,-0.002517,0.001705,-0.001507,-0.002071,0.002543,0.004864
2025-12-16 19:02:54.521,-0.001987,0.002236,-0.000878,-0.001536,0.003444,0.004260
2025-12-16 19:02:54.522,-0.002051,0.002496,-0.000819,-0.001409,0.001540,0.005478
2025-12-16 19:02:54.523,-0.001468,0.001676,-0.000456,0.000043,-0.000022,0.005139
2025-12-16 19:02:54.525,-0.002014,0.001133,-0.002086,-0.003950,0.004478,0.002048
2025-12-16 19:02:54.526,-0.001442,0.000398,-0.002305,-0.006729,0.002548,0.000610
2025-12-16 19:02:54.527,-0.002085,0.001980,-0.002810,-0.004289,0.002331,0.004670
2025-12-16 19:02:54.528,-0.002881,0.002985,-0.002418,-0.003564,0.004205,0.006200
2025-12-16 19:02:54.529,-0.001346,0.001601,-0.002057,-0.006783,0.001630,0.002499
2025-12-16 19:02:54.534,-0.003416,0.005403,-0.003362,-0.002661,0.004124,0.010706
2025-12-16 19:02:54.536,-0.002267,0.002585,-0.004180,-0.002609,0.008934,0.002629
2025-12-16 19:02:54.537,-0.002771,0.003483,-0.003308,-0.004702,0.005076,0.006253
2025-12-16 19:02:54.538,-0.001134,0.001018,-0.004858,-0.008343,0.002777,0.001665
2025-12-16 19:02:54.539,-0.002362,0.001303,-0.006105,-0.006224,0.007204,0.003414
2025-12-16 19:02:54.540,-0.003005,0.003329,-0.004534,-0.004070,0.008777,0.005522
2025-12-16 19:02:54.544,-0.001137,0.003842,-0.002610,-0.003456,0.001298,0.004554
2025-12-16 19:02:54.546,-0.001839,0.002787,-0.002905,-0.002749,0.005596,-0.001667
2025-12-16 19:02:54.547,-0.000753,0.001385,-0.003609,-0.007423,0.001539,-0.001567
2025-12-16 19:02:54.549,-0.001056,0.001625,-0.004675,-0.010110,-0.000133,0.001717
2025-12-16 19:02:54.550,-0.000990,0.002336,-0.003895,-0.009708,-0.000989,-0.000791
2025-12-16 19:02:54.552,-0.002427,0.002735,-0.005195,-0.006643,0.005357,0.000495
2025-12-16 19:02:54.553,-0.003021,0.002840,-0.005859,-0.005319,0.007211,0.002507
2025-12-16 19:02:54.555,-0.003742,0.002458,-0.007158,-0.007220,0.011919,-0.002350
2025-12-16 19:02:54.556,-0.003996,0.004157,-0.005998,-0.006231,0.009768,0.003856
2025-12-16 19:02:54.557,-0.003451,0.003724,-0.005726,-0.002599,0.009318,0.001509
2025-12-16 19:02:54.561,-0.002551,0.003682,-0.003984,-0.005354,0.005134,0.001230
2025-12-16 19:02:54.562,-0.003501,0.003675,-0.004868,-0.004667,0.007483,0.001307
2025-12-16 19:02:54.563,-0.002288,0.002165,-0.004103,-0.003354,0.003697,0.001711
2025-12-16 19:02:54.564,-0.002159,0.002744,-0.004416,-0.004305,0.002550,-0.000498
2025-12-16 19:02:54.565,-0.001301,0.002587,-0.003601,-0.001826,0.003062,-0.003650
2025-12-16 19:02:54.567,-0.004913,0.004327,-0.004252,-0.000312,0.005572,0.005166
2025-12-16 19:02:54.568,-0.003836,0.004284,-0.003980,0.000767,0.008476,0.003637
2025-12-16 19:02:54.569,-0.003236,0.002440,-0.003785,-0.000169,0.008242,0.000975
2025-12-16 19:02:54.570,-0.003351,0.003414,-0.003753,-0.000009,0.007207,0.004569
2025-12-16 19:02:54.573,-0.002817,0.002994,-0.003137,-0.000144,0.003834,0.005581
2025-12-16 19:02:54.574,-0.002424,0.001779,-0.003953,-0.005060,0.002729,0.003627
2025-12-16 19:02:54.575,-0.001523,0.000810,-0.003780,-0.003232,0.006693,-0.004809
2025-12-16 19:02:54.577,-0.002943,0.002280,-0.003803,-0.001855,0.008744,0.000079
2025-12-16 19:02:54.578,-0.003597,0.004669,-0.002803,-0.000701,0.006575,0.006145
2025-12-16 19:02:54.579,-0.003571,0.003081,-0.003132,-0.001234,0.005008,0.005718
2025-12-16 19:02:54.581,-0.003676,0.004694,-0.002174,-0.000178,0.005644,0.008128
2025-12-16 19:02:54.584,-0.003271,0.003176,-0.002479,-0.003836,0.002100,0.007669
2025-12-16 19:02:54.586,-0.001595,0.000312,-0.001832,-0.003406,0.003139,-0.001694
2025-12-16 19:02:54.587,-0.001932,0.001126,-0.002229,-0.002395,0.003592,0.002015
2025-12-16 19:02:54.588,-0.000524,-0.000876,-0.001590,0.000879,0.004141,-0.007043
2025-12-16 19:02:54.589,0.001258,-0.003490,-0.001402,-0.004314,0.002315,-0.011986
2025-12-16 19:02:54.590,0.000317,-0.003039,-0.003054,-0.003141,0.006393,-0.010323
2025-12-16 19:02:54.593,-0.000415,-0.000808,-0.001894,-0.001644,0.005007,-0.003917
2025-12-16 19:02:54.594,-0.000874,-0.000793,-0.003007,-0.001664,-0.000033,0.001469
2025-12-16 19:02:54.596,-0.000746,0.000070,-0.001657,-0.000379,0.001973,0.000314
2025-12-16 19:02:54.597,-0.000244,0.000840,0.000198,-0.000530,-0.003100,0.003036
2025-12-16 19:02:54.598,0.002722,0.001193,0.002734,0.001246,-0.007612,0.001347
2025-12-16 19:02:54.599,0.001440,0.000355,0.000029,-0.000162,-0.006451,0.003533
2025-12-16 19:02:54.601,0.001222,0.000843,-0.000066,0.000016,-0.004452,0.003248
2025-12-16 19:02:54.602,0.001594,0.000394,0.000540,0.002501,-0.003444,-0.002610
2025-12-16 19:02:54.603,0.000601,0.002930,0.001601,0.004091,-0.009066,0.005841
2025-12-16 19:02:54.607,0.001032,0.001581,0.000823,0.003826,-0.004739,-0.000501
2025-12-16 19:02:54.608,0.001117,0.000934,0.001385,0.002820,-0.006098,0.000251
2025-12-16 19:02:54.610,0.000051,0.002078,0.000451,0.001411,-0.003770,0.003478
2025-12-16 19:02:54.613,0.001269,0.000042,0.000721,0.001548,-0.009215,0.001660
2025-12-16 19:02:54.614,0.003402,0.001558,0.002528,0.004769,-0.011807,-0.000855
2025-12-16 19:02:54.616,0.002864,0.000014,0.002296,0.003558,-0.011684,-0.000952
2025-12-16 19:02:54.617,0.000854,0.001841,0.001064,0.002391,-0.006347,0.003087
2025-12-16 19:02:54.618,0.000440,0.001406,0.000623,0.002669,-0.003885,0.002561
2025-12-16 19:02:54.619,0.000279,0.001056,0.001217,0.002141,-0.004761,0.001810
2025-12-16 19:02:54.622,0.002470,0.001445,0.001588,-0.001577,-0.010835,-0.000053
2025-12-16 19:02:54.624,0.000732,-0.000483,-0.001001,-0.002521,-0.005880,0.000783
2025-12-16 19:02:54.625,0.000000,-0.000775,-0.001352,-0.000987,-0.007359,0.003244
2025-12-16 19:02:54.626,0.002254,-0.002280,0.000212,-0.001029,-0.007581,-0.002232
2025-12-16 19:02:54.627,0.003451,-0.001504,0.000823,-0.000235,-0.007775,-0.002924
2025-12-16 19:02:54.628,0.001788,-0.000310,0.000724,0.000703,-0.005526,-0.000299
2025-12-16 19:02:54.630,0.002038,0.000214,0.001437,0.000528,-0.006673,0.000247
2025-12-16 19:02:54.633,0.000953,0.000349,0.000896,-0.000039,-0.002477,0.000621
2025-12-16 19:02:54.634,-0.000306,0.001192,-0.000336,0.000248,-0.000000,0.002514
2025-12-16 19:02:54.636,0.001851,0.000770,0.001385,0.001177,-0.004448,0.000835
2025-12-16 19:02:54.638,-0.000008,0.000119,-0.001677,-0.000135,0.003721,-0.000937
2025-12-16 19:02:54.639,0.000442,-0.000584,-0.001127,-0.000684,0.001749,-0.001797
2025-12-16 19:02:54.640,-0.000722,0.001803,-0.000562,-0.000121,-0.000856,0.004994
2025-12-16 19:02:54.643,-0.000346,0.000987,-0.001147,-0.000836,0.002847,0.001120
2025-12-16 19:02:54.644,0.000398,0.000078,-0.000677,-0.001028,0.000578,-0.000178
2025-12-16 19:02:54.648,0.003416,-0.001342,0.000551,-0.000497,-0.002868,-0.004421
2025-12-16 19:02:54.649,0.002411,-0.000864,0.000197,-0.000350,-0.002298,-0.003206
2025-12-16 19:02:54.650,0.002316,-0.002318,-0.000539,-0.001574,-0.000647,-0.005652
2025-12-16 19:02:54.651,0.002432,-0.001904,0.000508,-0.000511,-0.004383,-0.003575
2025-12-16 19:02:54.653,0.002188,-0.000990,0.000344,0.000200,-0.002138,-0.002938
2025-12-16 19:02:54.657,0.002172,0.000893,0.000709,0.000205,-0.004262,0.000811
2025-12-16 19:02:54.658,0.001033,-0.000507,-0.000018,0.000781,-0.001221,-0.001254
2025-12-16 19:02:54.660,0.000236,-0.000268,-0.000912,0.000335,0.002577,-0.002000
2025-12-16 19:02:54.661,0.002805,-0.000094,0.001368,0.000541,-0.003252,-0.002353
2025-12-16 19:02:54.662,-0.000029,0.000961,-0.000758,0.000419,0.001906,0.000995
2025-12-16 19:02:54.663,0.000469,0.000067,-0.000789,-0.000850,0.001222,0.000084
2025-12-16 19:02:54.664,0.000370,0.000538,0.000277,0.000488,-0.001452,0.001162
2025-12-16 19:02:54.666,-0.000021,-0.000937,-0.000595,0.000087,0.002291,-0.002485
2025-12-16 19:02:54.667,0.002285,-0.000867,0.000561,0.001216,-0.001927,-0.003404
2025-12-16 19:02:54.668,0.002740,0.000431,0.000706,0.001922,-0.001851,-0.001469
2025-12-16 19:02:54.669,0.002539,-0.002851,-0.001111,0.000544,-0.000507,-0.006209
2025-12-16 19:02:54.670,0.002200,-0.003156,-0.000638,-0.000108,-0.000138,-0.006131
2025-12-16 19:02:54.672,0.003905,-0.001947,0.000190,0.000470,-0.002401,-0.006285
2025-12-16 19:02:54.673,0.004675,-0.003585,-0.000578,-0.000084,-0.002301,-0.009277
2025-12-16 19:02:54.675,0.006149,-0.003821,-0.000464,0.000566,-0.004285,-0.008811
2025-12-16 19:02:54.676,0.004143,-0.003229,-0.002318,0.000399,0.003144,-0.009142
2025-12-16 19:02:54.677,0.004731,-0.004040,-0.002983,-0.000039,0.002123,-0.010011
2025-12-16 19:02:54.678,0.005644,-0.003141,-0.000750,0.001091,-0.002968,-0.008235
2025-12-16 19:02:54.680,0.006961,-0.004884,0.000324,0.000459,-0.004020,-0.013495
2025-12-16 19:02:54.681,0.004449,-0.003072,-0.000780,0.000357,-0.002000,-0.007914
2025-12-16 19:02:54.682,0.005517,-0.000286,0.001615,0.004406,-0.006467,-0.002023
2025-12-16 19:02:54.684,0.004096,0.001203,0.000223,0.002952,-0.003001,0.000212
2025-12-16 19:02:54.685,0.003347,-0.000545,-0.000331,0.002245,0.000614,-0.004385
2025-12-16 19:02:54.686,0.004736,0.000186,0.000488,0.002723,-0.003172,-0.003448
2025-12-16 19:02:54.687,0.004379,-0.000449,-0.000631,0.001289,-0.001602,-0.004083
2025-12-16 19:02:54.688,0.003256,0.000824,-0.001604,0.001143,0.000428,-0.001345
2025-12-16 19:02:54.689,0.004486,0.000962,0.000122,0.002141,-0.003803,-0.001353
2025-12-16 19:02:54.691,0.005142,-0.000536,-0.001072,0.001534,-0.002193,-0.004335
2025-12-16 19:02:54.692,0.005889,0.000465,0.000120,0.002288,-0.006121,-0.001292
2025-12-16 19:02:54.693,0.005535,0.000763,-0.000387,0.001844,-0.004757,-0.001687
2025-12-16 19:02:54.694,0.006485,-0.002151,-0.000376,0.000106,-0.004053,-0.007391
2025-12-16 19:02:54.696,0.006777,-0.001470,0.000762,0.001662,-0.005974,-0.006148
2025-12-16 19:02:54.697,0.004136,-0.000859,-0.001318,-0.000556,-0.002772,-0.002915
2025-12-16 19:02:54.698,0.004573,0.000923,0.000871,0.002057,-0.006424,0.000245
2025-12-16 19:02:54.700,0.003107,-0.000137,-0.001583,-0.000901,-0.000197,0.000251
2025-12-16 19:02:54.701,0.001794,0.001379,-0.000704,0.000391,-0.000999,0.003572
2025-12-16 19:02:54.702,0.002070,0.000322,-0.001402,0.000075,-0.001414,0.002089
2025-12-16 19:02:54.703,0.001819,0.001807,-0.000953,0.001156,-0.001834,0.004775
2025-12-16 19:02:54.705,0.002117,0.001226,-0.001602,0.001442,-0.000005,0.002421
2025-12-16 19:02:54.706,0.001790,0.001272,-0.002562,0.001533,0.007916,-0.001463
2025-12-16 19:02:54.707,0.003199,0.000897,-0.000665,0.001534,0.000604,-0.000706
2025-12-16 19:02:54.708,0.001659,0.002469,-0.001952,0.001444,0.002474,0.003449
2025-12-16 19:02:54.709,0.002895,-0.000668,-0.002032,0.000642,0.003942,-0.004627
2025-12-16 19:02:54.711,0.003003,0.000415,-0.002381,0.000468,0.003293,-0.002331
2025-12-16 19:02:54.712,0.001475,0.001203,-0.003674,0.000433,0.005183,0.001215
2025-12-16 19:02:54.713,0.003586,0.000473,-0.001895,0.000467,0.000196,-0.000113
2025-12-16 19:02:54.715,0.002160,-0.000587,-0.000942,-0.001588,-0.000587,0.000738
2025-12-16 19:02:54.716,0.002108,-0.000058,-0.001595,-0.001829,0.001362,-0.000364
2025-12-16 19:02:54.717,0.002177,-0.000782,-0.001881,-0.001818,0.000761,-0.001265
2025-12-16 19:02:54.718,0.004142,-0.002035,-0.000804,-0.001233,-0.002139,-0.004694
2025-12-16 19:02:54.720,0.004367,-0.000618,-0.000619,-0.000478,-0.000616,-0.003770
2025-12-16 19:02:54.721,0.003411,0.000056,-0.001409,-0.000401,0.001464,-0.002670
2025-12-16 19:02:54.722,0.004249,0.000299,-0.000641,0.000289,-0.002298,-0.001466
2025-12-16 19:02:54.723,0.003848,0.000182,-0.000635,-0.001489,-0.002676,0.002078
2025-12-16 19:02:54.724,0.004727,-0.000145,-0.000058,-0.000438,-0.004652,0.000919
2025-12-16 19:02:54.726,0.003402,-0.000135,-0.002052,-0.001377,-0.000540,0.000407
2025-12-16 19:02:54.727,0.004717,0.000816,-0.001487,-0.000384,0.000607,-0.002191
2025-12-16 19:02:54.728,0.004899,-0.000112,-0.002426,-0.000084,0.006438,-0.006814
2025-12-16 19:02:54.729,0.004302,-0.000409,-0.002863,-0.000263,0.006104,-0.006384
2025-12-16 19:02:54.730,0.004530,0.000095,-0.002520,0.000319,0.002619,-0.004169
2025-12-16 19:02:54.731,0.004210,0.000167,-0.002774,0.000447,0.004371,-0.004113
2025-12-16 19:02:54.733,0.005071,0.001619,-0.001378,0.001716,0.000720,-0.001674
2025-12-16 19:02:54.734,0.004873,0.000519,-0.001291,0.000958,-0.001230,-0.002299
2025-12-16 19:02:54.735,0.003605,0.001457,-0.002551,0.000941,0.001852,0.000186
2025-12-16 19:02:54.736,0.004200,0.001634,-0.000966,0.001276,-0.002923,0.001461
2025-12-16 19:02:54.737,0.005769,0.001515,0.000044,0.002340,-0.005013,-0.000817
2025-12-16 19:02:54.738,0.007198,0.001413,0.001585,0.002868,-0.004001,-0.004331
2025-12-16 19:02:54.739,0.004749,0.001468,-0.000762,0.001385,0.003631,-0.003902
2025-12-16 19:02:54.741,0.004406,0.002906,0.000012,0.003057,0.001188,-0.000905
2025-12-16 19:02:54.742,0.004311,0.001107,-0.001543,0.001597,0.005671,-0.004547
2025-12-16 19:02:54.743,0.004629,-0.000889,-0.001779,0.000842,0.009997,-0.011480
2025-12-16 19:02:54.744,0.004647,-0.000726,-0.002501,0.000788,0.011718,-0.011308
2025-12-16 19:02:54.745,0.005617,-0.002087,-0.001694,0.000531,0.007090,-0.011905
2025-12-16 19:02:54.747,0.005504,-0.003149,-0.002372,-0.000114,0.008090,-0.014262
2025-12-16 19:02:54.748,0.004389,-0.000422,-0.001312,0.004006,0.007494,-0.007066
2025-12-16 19:02:54.749,0.004692,-0.001844,-0.002065,0.001811,0.009603,-0.011218
2025-12-16 19:02:54.751,0.004657,-0.000664,-0.001582,0.001313,0.002061,-0.005281
2025-12-16 19:02:54.752,0.003893,-0.000919,-0.002075,-0.000935,0.006997,-0.004674
2025-12-16 19:02:54.753,0.004482,-0.001887,-0.001944,-0.000971,0.004019,-0.005649
2025-12-16 19:02:54.754,0.005674,-0.001801,-0.000057,-0.001564,-0.000806,-0.003172
2025-12-16 19:02:54.755,0.003327,-0.001064,-0.001757,-0.002544,0.005571,-0.003431
2025-12-16 19:02:54.756,0.003155,-0.001258,-0.001765,0.000822,0.004345,-0.002243
2025-12-16 19:02:54.758,0.000657,-0.000695,-0.002520,0.002777,0.012095,0.000904
2025-12-16 19:02:54.759,0.002419,-0.001421,-0.002427,0.001624,0.009903,-0.003252
2025-12-16 19:02:54.760,-0.000163,0.000967,-0.002445,0.005398,0.011012,0.003443
2025-12-16 19:02:54.761,0.000209,-0.000701,-0.002235,0.000886,0.011631,0.001335
2025-12-16 19:02:54.762,0.000063,-0.000384,-0.002163,0.001231,0.007824,0.002395
2025-12-16 19:02:54.764,0.001059,-0.000519,-0.003007,-0.002393,0.009324,0.000850
2025-12-16 19:02:54.765,0.002241,-0.000068,-0.000934,-0.000143,0.004876,-0.000223
2025-12-16 19:02:54.766,0.002396,-0.001087,-0.001841,-0.000909,0.007832,-0.004992
2025-12-16 19:02:54.767,0.002655,-0.001601,-0.000957,-0.001835,0.002831,-0.001042
2025-12-16 19:02:54.768,0.001143,-0.000215,-0.000942,-0.003267,0.002931,0.005764
2025-12-16 19:02:54.770,0.001485,-0.000065,0.000423,-0.003594,-0.001184,0.007521
2025-12-16 19:02:54.771,0.003624,-0.001262,0.000808,0.002333,-0.000904,0.000519
2025-12-16 19:02:54.772,0.001800,0.001208,0.000678,0.003380,-0.002589,0.011016
2025-12-16 19:02:54.773,0.001208,0.000484,0.000259,0.000490,-0.002562,0.012128
2025-12-16 19:02:54.774,0.002144,0.001947,0.001373,0.001959,-0.004095,0.010099
2025-12-16 19:02:54.776,0.001008,0.002072,0.000218,-0.000779,-0.001886,0.013292
2025-12-16 19:02:54.777,0.001127,0.003495,0.000442,0.004413,0.001875,0.009297
2025-12-16 19:02:54.778,0.001232,0.003737,0.001173,0.004874,0.002554,0.012252
2025-12-16 19:02:54.779,0.001906,0.002050,0.000756,0.001729,0.005564,0.007507
2025-12-16 19:02:54.780,0.003294,0.000919,0.001760,-0.000091,0.003510,0.005607
2025-12-16 19:02:54.781,0.002395,-0.000149,0.000904,-0.002641,0.002329,0.006715
2025-12-16 19:02:54.782,0.003067,-0.000365,0.001477,-0.004005,-0.002935,0.008939
2025-12-16 19:02:54.783,0.003010,-0.001827,0.001127,-0.001103,0.000685,0.006590
2025-12-16 19:02:54.784,0.004223,-0.002092,0.002964,0.001362,-0.003201,0.007441
2025-12-16 19:02:54.786,0.004221,-0.001599,0.001754,0.001469,0.002817,0.001345
2025-12-16 19:02:54.787,0.003739,-0.001850,0.001763,0.002363,0.005588,-0.000648
2025-12-16 19:02:54.788,0.004588,-0.002727,0.002935,0.004600,0.005154,-0.005555
2025-12-16 19:02:54.789,0.004986,-0.001934,0.003541,0.003018,-0.000910,-0.000197
2025-12-16 19:02:54.790,0.003348,-0.002290,0.003005,0.003528,0.002615,0.000773
2025-12-16 19:02:54.791,0.002480,-0.001315,0.002015,0.007365,0.008020,-0.000792
2025-12-16 19:02:54.792,0.002175,-0.000613,0.001139,0.006502,0.010751,0.001323
2025-12-16 19:02:54.793,0.003746,-0.001228,0.002994,0.009578,0.006375,-0.002242
2025-12-16 19:02:54.794,0.003313,-0.000995,0.002747,0.008172,0.004097,0.002312
2025-12-16 19:02:54.795,0.003448,-0.002446,0.002479,0.008738,0.006191,-0.003032
2025-12-16 19:02:54.796,0.006432,-0.002420,0.004211,0.007501,-0.004104,-0.003793
2025-12-16 19:02:54.798,0.004326,-0.002529,0.001631,-0.000858,-0.002309,0.001937
2025-12-16 19:02:54.799,0.005293,-0.002729,0.002148,0.000727,-0.003399,-0.002251
2025-12-16 19:02:54.800,0.005298,-0.001516,0.003905,0.002820,-0.001533,0.000016
2025-12-16 19:02:54.801,0.004531,-0.000393,0.002878,0.002224,-0.002347,0.001773
2025-12-16 19:02:54.802,0.003829,-0.000867,0.002280,0.002260,0.002836,-0.004119
2025-12-16 19:02:54.803,0.003722,-0.002019,0.001920,0.000490,-0.001490,-0.001408
2025-12-16 19:02:54.804,0.003772,-0.000676,0.002179,0.001043,0.001725,-0.003235
2025-12-16 19:02:54.806,0.004113,-0.002483,0.001797,0.000442,0.004091,-0.009076
2025-12-16 19:02:54.807,0.003173,-0.001893,0.001269,-0.000727,0.000573,-0.003581
2025-12-16 19:02:54.808,0.005280,-0.003143,0.002917,0.000487,-0.005960,-0.005934
2025-12-16 19:02:54.809,0.005359,-0.002013,0.003142,0.000481,-0.007598,-0.003684
2025-12-16 19:02:54.810,0.004078,-0.001411,0.001977,0.000339,-0.000948,-0.005993
2025-12-16 19:02:54.811,0.003920,-0.001935,0.001937,0.000326,0.003473,-0.010404
2025-12-16 19:02:54.812,0.003255,-0.000038,0.002323,-0.001536,-0.000086,0.001205
2025-12-16 19:02:54.814,0.002114,-0.001195,0.000984,-0.003856,0.002614,0.001198
2025-12-16 19:02:54.815,0.005529,0.000755,0.005254,-0.001015,-0.005637,0.003377
2025-12-16 19:02:54.816,0.002610,0.001023,0.002342,-0.001773,0.004440,-0.000141
2025-12-16 19:02:54.817,0.003444,0.001704,0.003284,0.000090,-0.002660,0.002892
2025-12-16 19:02:54.818,0.005699,-0.000972,0.004078,-0.000549,-0.000384,-0.008348
2025-12-16 19:02:54.820,0.002424,0.000696,0.002304,0.001281,0.004029,-0.004473
2025-12-16 19:02:54.821,0.002915,0.000267,0.002881,0.000901,0.002532,-0.005748
2025-12-16 19:02:54.822,0.003528,0.001225,0.003424,0.000748,0.002534,-0.005467
2025-12-16 19:02:54.823,0.002670,0.000538,0.002810,0.000407,0.001220,-0.004411
2025-12-16 19:02:54.824,0.004453,0.000399,0.003835,0.000684,-0.005475,-0.004052
2025-12-16 19:02:54.825,0.003294,0.000287,0.003012,0.000325,-0.002885,-0.003499
2025-12-16 19:02:54.826,0.002847,0.000243,0.002172,0.000005,0.000085,-0.004378
2025-12-16 19:02:54.828,0.003095,-0.000379,0.002638,0.000548,0.001109,-0.007318
2025-12-16 19:02:54.829,0.003272,0.000940,0.002935,0.001417,-0.001552,-0.003889
2025-12-16 19:02:54.830,0.002727,0.000207,0.002370,0.001261,0.002924,-0.007105
2025-12-16 19:02:54.831,0.003381,0.000905,0.002953,0.001005,-0.002788,-0.003163
2025-12-16 19:02:54.832,0.002067,0.001219,0.001675,0.001306,0.000706,-0.002904
2025-12-16 19:02:54.833,0.001818,0.000906,0.001424,0.001059,0.004377,-0.005280
2025-12-16 19:02:54.834,0.000597,0.000152,0.000794,0.000280,0.003873,-0.004085
2025-12-16 19:02:54.835,0.003053,0.000615,0.002563,0.000942,-0.002736,-0.002668
2025-12-16 19:02:54.836,0.001164,0.001416,0.001496,0.000622,-0.002790,0.001697
2025-12-16 19:02:54.837,0.000156,0.001020,0.000388,-0.000210,0.004466,-0.001945
2025-12-16 19:02:54.839,0.000709,0.001156,0.001015,0.000298,0.001249,-0.000553
2025-12-16 19:02:54.840,0.000261,0.000561,0.000166,-0.000648,0.004107,-0.002709
2025-12-16 19:02:54.841,0.002443,0.001597,0.003240,0.001470,-0.007444,0.001939
2025-12-16 19:02:54.842,0.001668,0.000134,0.001876,-0.000987,-0.005887,0.003876
2025-12-16 19:02:54.843,0.000246,0.000910,0.000703,-0.000599,-0.001840,0.004632
2025-12-16 19:02:54.844,0.000782,0.000455,0.000693,-0.000212,0.000411,0.001153
2025-12-16 19:02:54.845,0.000508,0.001480,0.001983,0.000581,-0.002501,0.002530
2025-12-16 19:02:54.846,0.000740,0.001823,0.003408,0.001619,-0.003533,0.002515
2025-12-16 19:02:54.847,0.000806,0.001713,0.003659,0.001463,-0.005327,0.001846
2025-12-16 19:02:54.848,0.000345,0.002169,0.003549,0.002039,-0.005387,0.004343
2025-12-16 19:02:54.849,0.000539,0.001564,0.002688,0.001776,-0.002859,0.001860
2025-12-16 19:02:54.851,0.000132,0.001118,0.001294,0.001190,-0.000625,0.001134
2025-12-16 19:02:54.852,-0.000406,0.001317,0.000865,0.000873,0.004075,-0.000881
2025-12-16 19:02:54.853,-0.000646,0.001091,0.000930,0.000860,0.000533,0.001062
2025-12-16 19:02:54.854,-0.000906,0.002228,0.000761,0.001427,0.001745,0.002685
2025-12-16 19:02:54.855,0.001936,0.000740,0.001892,0.001533,-0.001618,-0.001503
2025-12-16 19:02:54.856,0.001633,0.000427,0.001676,0.001262,-0.003273,-0.000604
2025-12-16 19:02:54.858,-0.002460,-0.000528,-0.001510,-0.000769,0.007597,-0.001534
2025-12-16 19:02:54.859,-0.001568,0.000772,-0.000478,0.000438,0.006470,-0.001050
2025-12-16 19:02:54.860,-0.000702,-0.000742,-0.000791,-0.000600,0.004400,-0.002575
2025-12-16 19:02:54.861,-0.000987,-0.000929,-0.000966,-0.000640,0.010526,-0.006514
2025-12-16 19:02:54.862,-0.000860,-0.000816,-0.001161,-0.000175,0.009475,-0.005467
2025-12-16 19:02:54.863,-0.000486,-0.000598,-0.001184,-0.000235,0.005562,-0.003061
2025-12-16 19:02:54.864,-0.000021,-0.000520,-0.000307,-0.000709,0.002611,-0.002580
2025-12-16 19:02:54.865,-0.001962,0.000694,-0.001200,-0.000043,0.004725,0.001137
2025-12-16 19:02:54.866,-0.001531,0.000520,-0.000924,-0.000322,0.005020,0.000150
2025-12-16 19:02:54.868,-0.000143,-0.001138,-0.000889,-0.000482,0.003674,-0.003399
2025-12-16 19:02:54.869,-0.000218,-0.001705,-0.000805,-0.000913,0.002228,-0.003229
2025-12-16 19:02:54.870,-0.000470,-0.001196,-0.001259,-0.001880,0.001286,-0.000842
2025-12-16 19:02:54.871,0.000199,-0.002175,-0.000437,-0.001697,0.001078,-0.004517
2025-12-16 19:02:54.872,0.001106,-0.001554,0.001085,-0.000069,-0.002329,-0.003095
2025-12-16 19:02:54.873,0.000719,-0.000026,0.001815,0.000111,-0.002717,-0.000842
2025-12-16 19:02:54.875,-0.001189,-0.000613,-0.000802,-0.000865,0.003683,-0.001547
2025-12-16 19:02:54.876,-0.000841,-0.000441,-0.000667,-0.000522,0.003922,-0.001915
2025-12-16 19:02:54.877,-0.000896,0.000248,-0.000588,-0.000074,0.004197,-0.001068
2025-12-16 19:02:54.878,-0.001041,0.000938,-0.000215,-0.000563,0.002723,0.000419
2025-12-16 19:02:54.879,0.000082,0.000805,0.001486,0.000149,-0.001534,0.000692
2025-12-16 19:02:54.880,0.000241,0.000410,0.001623,-0.000133,-0.002050,-0.000216
2025-12-16 19:02:54.881,-0.001352,0.002299,0.000055,-0.000832,-0.002139,0.006776
2025-12-16 19:02:54.883,-0.000723,0.000228,-0.000573,-0.003855,-0.000819,0.001289
2025-12-16 19:02:54.884,-0.000040,0.000684,0.000523,-0.002227,-0.001376,0.000399
2025-12-16 19:02:54.885,-0.001004,0.000618,-0.000204,-0.002339,0.000136,0.001422
2025-12-16 19:02:54.886,-0.000598,0.001758,-0.000001,-0.000785,0.000201,0.002650
2025-12-16 19:02:54.887,-0.001249,0.001696,-0.000320,-0.000578,-0.000245,0.004053
2025-12-16 19:02:54.888,-0.001716,0.001584,-0.000608,-0.000909,0.004643,0.001679
2025-12-16 19:02:54.889,-0.001406,0.001343,-0.000004,-0.000726,0.002479,0.002437
2025-12-16 19:02:54.891,-0.002189,0.002701,-0.000241,0.000768,0.005132,0.003759
2025-12-16 19:02:54.892,-0.001604,0.002682,0.000035,0.000585,0.007523,0.001044
2025-12-16 19:02:54.893,-0.001142,0.002630,0.000573,0.001533,0.002187,0.003619
2025-12-16 19:02:54.894,-0.001662,0.002527,0.000387,0.001434,0.003503,0.003526
2025-12-16 19:02:54.895,-0.001851,0.002978,-0.000073,0.000695,0.003349,0.004582
2025-12-16 19:02:54.896,-0.000576,0.002042,0.000966,0.000565,0.003173,0.000558
2025-12-16 19:02:54.898,-0.001320,0.002198,-0.000007,0.000746,0.002728,0.003059
2025-12-16 19:02:54.899,-0.000045,0.001606,0.000532,0.000561,0.002054,0.000666
2025-12-16 19:02:54.900,-0.000284,0.002595,0.001174,0.001304,-0.000559,0.003980
2025-12-16 19:02:54.901,-0.000517,0.002531,0.001242,0.001269,0.003874,0.000281
2025-12-16 19:02:54.902,-0.000264,0.002010,0.000972,0.000658,0.004240,-0.000420
2025-12-16 19:02:54.903,-0.000770,0.001923,0.000574,0.001061,0.008044,-0.001928
2025-12-16 19:02:54.904,-0.000314,0.000679,0.000077,0.000424,0.006385,-0.003056
2025-12-16 19:02:54.905,-0.000341,0.002314,0.000368,0.000888,0.005313,0.000069
2025-12-16 19:02:54.906,-0.001221,0.004290,0.000794,0.001262,0.003636,0.005275
2025-12-16 19:02:54.908,0.000490,0.003524,0.002106,0.000926,0.000426,0.002836
2025-12-16 19:02:54.909,-0.000629,0.001989,0.000603,0.000608,0.005292,-0.000174
2025-12-16 19:02:54.910,-0.000109,0.001069,0.000201,-0.000091,0.008778,-0.004617
2025-12-16 19:02:54.911,0.000039,0.001698,0.000963,0.000352,0.003229,-0.000607
2025-12-16 19:02:54.912,0.000373,0.000746,0.000567,0.000506,0.004659,-0.002967
2025-12-16 19:02:54.913,0.000197,0.001555,0.000804,0.000130,0.004865,-0.002309
2025-12-16 19:02:54.919,0.002665,0.000131,0.001832,0.001356,-0.001964,-0.003224
2025-12-16 19:02:54.925,0.001738,-0.000629,0.001837,0.000244,-0.002649,-0.002975
2025-12-16 19:02:54.927,0.001678,-0.000695,0.001082,0.000520,0.004290,-0.007714
2025-12-16 19:02:54.928,0.000208,-0.000563,0.000179,0.000119,0.005306,-0.005011
2025-12-16 19:02:54.929,-0.001033,0.001373,-0.000205,0.000869,0.003435,0.000507
2025-12-16 19:02:54.931,0.000580,0.000712,0.002238,0.000674,0.000752,-0.002352
