timestamp,linear_x,linear_y,linear_z,angular_x,angular_y,angular_z
2025-12-16 18:17:00.045,-0.000276,0.000306,-0.000263,-0.000000,0.000000,0.000000
2025-12-16 18:17:00.046,-0.000280,0.000333,-0.000227,-0.000000,0.000000,0.000000
2025-12-16 18:17:00.048,-0.000283,0.000353,-0.000191,-0.000000,0.000000,0.000000
2025-12-16 18:17:00.049,-0.000288,0.000404,-0.000118,-0.000000,0.000000,0.000000
2025-12-16 18:17:00.050,-0.000292,0.000430,-0.000091,-0.000000,0.000000,0.000000
2025-12-16 18:17:00.051,-0.000291,0.000452,-0.000060,-0.000000,0.000000,0.000000
2025-12-16 18:17:00.052,-0.000288,0.000463,-0.000030,-0.000000,0.000000,0.000000
2025-12-16 18:17:00.054,-0.000276,0.000483,0.000016,0.000000,0.000000,0.000000
2025-12-16 18:17:00.055,-0.000270,0.000488,0.000038,0.000000,0.000000,0.000000
2025-12-16 18:17:00.056,-0.000260,0.000490,0.000059,0.000000,0.000000,0.000000
2025-12-16 18:17:00.057,-0.000250,0.000497,0.000084,0.000000,0.000000,0.000000
2025-12-16 18:17:00.058,-0.000240,0.000500,0.000104,0.000000,0.000000,0.000000
2025-12-16 18:17:00.059,-0.000227,0.000499,0.000119,0.000000,0.000000,0.000000
2025-12-16 18:17:00.060,-0.000217,0.000501,0.000134,0.000000,0.000000,0.000000
2025-12-16 18:17:00.062,-0.000205,0.000497,0.000150,0.000000,0.000000,0.000000
2025-12-16 18:17:00.063,-0.000176,0.000480,0.000176,0.000000,0.000000,0.000000
2025-12-16 18:17:00.064,-0.000164,0.000473,0.000185,0.000000,0.000000,0.000000
2025-12-16 18:17:00.065,-0.000151,0.000459,0.000195,0.000000,0.000000,0.000000
2025-12-16 18:17:00.066,-0.000139,0.000446,0.000203,0.000000,0.000000,0.000000
2025-12-16 18:17:00.068,-0.000129,0.000440,0.000208,0.000000,0.000000,0.000000
2025-12-16 18:17:00.069,-0.000109,0.000417,0.000204,0.000000,0.000000,0.000000
2025-12-16 18:17:00.070,-0.000100,0.000407,0.000208,0.000000,0.000000,0.000000
2025-12-16 18:17:00.071,-0.000090,0.000396,0.000210,0.000000,-0.000000,0.000000
2025-12-16 18:17:00.072,-0.000082,0.000386,0.000212,0.000000,-0.000000,0.000000
2025-12-16 18:17:00.073,-0.000075,0.000379,0.000213,0.000000,-0.000000,0.000000
2025-12-16 18:17:00.075,-0.000068,0.000364,0.000212,0.000000,-0.000000,0.000000
2025-12-16 18:17:00.076,-0.000061,0.000348,0.000211,0.000000,-0.000000,0.000000
2025-12-16 18:17:00.077,-0.000056,0.000335,0.000210,0.000000,-0.000000,0.000000
2025-12-16 18:17:00.078,-0.000044,0.000296,0.000206,0.000000,-0.000000,0.000000
2025-12-16 18:17:00.079,-0.000039,0.000275,0.000206,0.000000,-0.000000,0.000000
2025-12-16 18:17:00.080,-0.000033,0.000252,0.000204,0.000000,-0.000000,0.000000
2025-12-16 18:17:00.081,-0.000029,0.000230,0.000197,0.000000,-0.000000,0.000000
2025-12-16 18:17:00.082,-0.000023,0.000209,0.000191,0.000000,-0.000000,0.000000
2025-12-16 18:17:00.083,-0.000016,0.000191,0.000185,0.000000,-0.000000,0.000000
2025-12-16 18:17:00.085,-0.000010,0.000178,0.000181,0.000000,-0.000000,0.000000
2025-12-16 18:17:00.086,-0.000004,0.000147,0.000166,0.000000,-0.000000,0.000000
2025-12-16 18:17:00.087,0.000001,0.000131,0.000162,0.000000,-0.000000,0.000000
2025-12-16 18:17:00.088,0.000006,0.000122,0.000159,0.000000,-0.000000,0.000000
2025-12-16 18:17:00.089,0.000010,0.000118,0.000157,0.000000,-0.000000,0.000000
2025-12-16 18:17:00.090,0.000014,0.000110,0.000148,0.000000,-0.000000,0.000000
2025-12-16 18:17:00.091,0.000017,0.000101,0.000138,0.000000,-0.000000,-0.000000
2025-12-16 18:17:00.092,0.000024,0.000091,0.000130,0.000000,-0.000000,-0.000000
2025-12-16 18:17:00.094,0.000031,0.000082,0.000124,0.000000,-0.000000,-0.000000
2025-12-16 18:17:00.095,0.000039,0.000070,0.000117,0.000000,-0.000000,-0.000000
2025-12-16 18:17:00.096,0.000049,0.000067,0.000113,0.000000,-0.000000,-0.000000
2025-12-16 18:17:00.097,0.000066,0.000057,0.000091,0.000000,-0.000000,-0.000000
2025-12-16 18:17:00.098,0.000072,0.000057,0.000079,0.000000,-0.000000,-0.000000
2025-12-16 18:17:00.099,0.000078,0.000064,0.000073,0.000000,-0.000000,-0.000000
2025-12-16 18:17:00.100,0.000086,0.000069,0.000065,0.000000,-0.000000,-0.000000
2025-12-16 18:17:00.102,0.000093,0.000072,0.000059,0.000000,-0.000000,-0.000000
2025-12-16 18:17:00.103,0.000097,0.000076,0.000048,0.000000,-0.000000,-0.000000
2025-12-16 18:17:00.104,0.000105,0.000094,0.000035,0.000000,-0.000000,-0.000000
2025-12-16 18:17:00.105,0.000110,0.000101,0.000027,0.000000,-0.000000,-0.000000
2025-12-16 18:17:00.106,0.000115,0.000104,0.000019,0.000000,-0.000000,-0.000000
2025-12-16 18:17:00.107,0.000117,0.000109,0.000007,0.000000,-0.000000,-0.000000
2025-12-16 18:17:00.108,0.000118,0.000114,-0.000006,0.000000,-0.000000,-0.000000
2025-12-16 18:17:00.109,0.000118,0.000118,-0.000016,0.000000,-0.000000,-0.000000
2025-12-16 18:17:00.110,0.000118,0.000120,-0.000024,0.000000,-0.000000,-0.000000
2025-12-16 18:17:00.112,0.000113,0.000130,-0.000033,-0.000000,0.000000,0.000000
2025-12-16 18:17:00.113,0.000107,0.000140,-0.000041,-0.000000,0.000000,0.000000
2025-12-16 18:17:00.114,0.000102,0.000172,-0.000047,-0.000000,0.000000,0.000000
2025-12-16 18:17:00.115,0.000097,0.000187,-0.000049,-0.000000,0.000000,0.000000
2025-12-16 18:17:00.116,0.000091,0.000201,-0.000051,-0.000000,0.000000,0.000000
2025-12-16 18:17:00.117,0.000083,0.000220,-0.000051,-0.000000,0.000000,0.000000
2025-12-16 18:17:00.118,0.000076,0.000239,-0.000051,0.000000,0.000000,0.000000
2025-12-16 18:17:00.119,0.000068,0.000253,-0.000055,-0.000000,0.000000,0.000000
2025-12-16 18:17:00.121,0.000056,0.000277,-0.000055,-0.000000,0.000000,0.000000
2025-12-16 18:17:00.122,0.000044,0.000305,-0.000056,-0.000000,0.000000,0.000000
2025-12-16 18:17:00.123,0.000018,0.000344,-0.000067,-0.000000,0.000000,0.000000
2025-12-16 18:17:00.124,0.000004,0.000361,-0.000074,-0.000000,0.000000,0.000000
2025-12-16 18:17:00.125,-0.000007,0.000374,-0.000080,-0.000000,0.000000,0.000000
2025-12-16 18:17:00.126,-0.000017,0.000388,-0.000082,-0.000000,0.000000,0.000000
2025-12-16 18:17:00.127,-0.000029,0.000406,-0.000079,-0.000000,0.000000,0.000000
2025-12-16 18:17:00.128,-0.000039,0.000421,-0.000074,-0.000000,0.000000,0.000000
2025-12-16 18:17:00.130,-0.000049,0.000443,-0.000069,-0.000000,0.000000,0.000000
2025-12-16 18:17:00.131,-0.000065,0.000482,-0.000060,-0.000000,0.000000,0.000000
2025-12-16 18:17:00.132,-0.000073,0.000505,-0.000055,-0.000000,0.000000,0.000000
2025-12-16 18:17:00.133,-0.000080,0.000526,-0.000052,0.000000,0.000000,0.000000
2025-12-16 18:17:00.134,-0.000087,0.000535,-0.000060,0.000000,0.000000,0.000000
2025-12-16 18:17:00.136,-0.000096,0.000542,-0.000069,-0.000000,0.000000,0.000000
2025-12-16 18:17:00.137,-0.000103,0.000547,-0.000077,-0.000000,0.000000,0.000000
2025-12-16 18:17:00.138,-0.000120,0.000564,-0.000081,-0.000000,0.000000,0.000000
2025-12-16 18:17:00.139,-0.000126,0.000571,-0.000080,-0.000000,0.000000,0.000000
2025-12-16 18:17:00.140,-0.000133,0.000574,-0.000084,-0.000000,0.000000,0.000000
2025-12-16 18:17:00.141,-0.000139,0.000576,-0.000089,-0.000000,0.000000,0.000000
2025-12-16 18:17:00.142,-0.000143,0.000571,-0.000091,-0.000000,0.000000,0.000000
2025-12-16 18:17:00.143,-0.000145,0.000568,-0.000088,-0.000000,0.000000,0.000000
2025-12-16 18:17:00.144,-0.000147,0.000563,-0.000088,-0.000000,0.000000,0.000000
2025-12-16 18:17:00.145,-0.000151,0.000562,-0.000085,-0.000000,0.000000,0.000000
2025-12-16 18:17:00.147,-0.000153,0.000555,-0.000083,-0.000000,0.000000,0.000000
2025-12-16 18:17:00.148,-0.000154,0.000550,-0.000084,-0.000000,0.000000,0.000000
2025-12-16 18:17:00.149,-0.000159,0.000545,-0.000085,-0.000000,0.000000,0.000000
2025-12-16 18:17:00.150,-0.000165,0.000527,-0.000094,-0.000000,0.000000,0.000000
2025-12-16 18:17:00.151,-0.000168,0.000519,-0.000092,-0.000000,0.000000,0.000000
2025-12-16 18:17:00.152,-0.000172,0.000512,-0.000089,-0.000000,0.000000,0.000000
2025-12-16 18:17:00.153,-0.000175,0.000501,-0.000094,-0.000000,0.000000,0.000000
2025-12-16 18:17:00.155,-0.000175,0.000491,-0.000096,-0.000000,0.000000,0.000000
2025-12-16 18:17:00.156,-0.000176,0.000477,-0.000099,-0.000000,0.000000,0.000000
2025-12-16 18:17:00.157,-0.000177,0.000463,-0.000102,-0.000000,0.000000,0.000000
2025-12-16 18:17:00.158,-0.000173,0.000426,-0.000111,-0.000000,0.000000,0.000000
2025-12-16 18:17:00.159,-0.000176,0.000412,-0.000115,-0.000000,0.000000,0.000000
2025-12-16 18:17:00.160,-0.000175,0.000399,-0.000118,-0.000000,0.000000,0.000000
2025-12-16 18:17:00.162,-0.000171,0.000375,-0.000117,-0.000000,0.000000,0.000000
2025-12-16 18:17:00.163,-0.000167,0.000358,-0.000118,-0.000000,0.000000,0.000000
2025-12-16 18:17:00.164,-0.000160,0.000345,-0.000115,-0.000000,0.000000,0.000000
2025-12-16 18:17:00.165,-0.000154,0.000323,-0.000117,-0.000000,0.000000,0.000000
2025-12-16 18:17:00.166,-0.000148,0.000302,-0.000121,-0.000000,0.000000,0.000000
2025-12-16 18:17:00.168,-0.000143,0.000284,-0.000124,-0.000000,0.000000,0.000000
2025-12-16 18:17:00.169,-0.000135,0.000268,-0.000125,-0.000000,0.000000,0.000000
2025-12-16 18:17:00.170,-0.000121,0.000234,-0.000122,-0.000000,0.000000,0.000000
2025-12-16 18:17:00.171,-0.000115,0.000221,-0.000120,-0.000000,0.000000,0.000000
2025-12-16 18:17:00.172,-0.000109,0.000202,-0.000120,-0.000000,0.000000,0.000000
2025-12-16 18:17:00.173,-0.000103,0.000184,-0.000120,-0.000000,0.000000,0.000000
2025-12-16 18:17:00.175,-0.000096,0.000164,-0.000123,-0.000000,0.000000,0.000000
2025-12-16 18:17:00.176,-0.000089,0.000146,-0.000127,-0.000000,0.000000,0.000000
2025-12-16 18:17:00.177,-0.000070,0.000106,-0.000127,-0.000000,0.000000,0.000000
2025-12-16 18:17:00.178,-0.000062,0.000091,-0.000126,-0.000000,0.000000,0.000000
2025-12-16 18:17:00.179,-0.000048,0.000067,-0.000125,-0.000000,0.000000,0.000000
2025-12-16 18:17:00.180,-0.000035,0.000044,-0.000124,-0.000000,0.000000,0.000000
2025-12-16 18:17:00.181,-0.000024,0.000020,-0.000121,-0.000000,0.000000,0.000000
2025-12-16 18:17:00.183,-0.000013,-0.000005,-0.000121,-0.000000,0.000000,0.000000
2025-12-16 18:17:00.184,0.000004,-0.000055,-0.000119,-0.000000,0.000000,0.000000
2025-12-16 18:17:00.185,0.000014,-0.000076,-0.000117,-0.000000,0.000000,-0.000000
2025-12-16 18:17:00.186,0.000023,-0.000092,-0.000115,-0.000000,0.000000,-0.000000
2025-12-16 18:17:00.187,0.000033,-0.000109,-0.000116,-0.000000,0.000000,-0.000000
2025-12-16 18:17:00.189,0.000042,-0.000124,-0.000119,-0.000000,0.000000,-0.000000
2025-12-16 18:17:00.190,0.000049,-0.000140,-0.000119,-0.000000,0.000000,-0.000000
2025-12-16 18:17:00.191,0.000057,-0.000159,-0.000122,-0.000000,0.000000,-0.000000
2025-12-16 18:17:00.192,0.000067,-0.000186,-0.000126,-0.000000,0.000000,-0.000000
2025-12-16 18:17:00.193,0.000077,-0.000209,-0.000126,-0.000000,0.000000,-0.000000
2025-12-16 18:17:00.194,0.000089,-0.000232,-0.000127,-0.000000,-0.000000,-0.000000
2025-12-16 18:17:00.195,0.000100,-0.000251,-0.000129,-0.000000,-0.000000,-0.000000
2025-12-16 18:17:00.196,0.000108,-0.000266,-0.000131,-0.000000,-0.000000,-0.000000
2025-12-16 18:17:00.197,0.000117,-0.000281,-0.000135,-0.000000,-0.000000,-0.000000
2025-12-16 18:17:00.198,0.000126,-0.000293,-0.000136,-0.000000,-0.000000,-0.000000
2025-12-16 18:17:00.199,0.000146,-0.000315,-0.000137,-0.000000,-0.000000,-0.000000
2025-12-16 18:17:00.201,0.000152,-0.000322,-0.000139,-0.000000,-0.000000,-0.000000
2025-12-16 18:17:00.202,0.000166,-0.000340,-0.000147,-0.000000,-0.000000,-0.000000
2025-12-16 18:17:00.203,0.000171,-0.000343,-0.000153,-0.000000,-0.000000,-0.000000
2025-12-16 18:17:00.204,0.000176,-0.000344,-0.000160,-0.000000,-0.000000,-0.000000
2025-12-16 18:17:00.205,0.000180,-0.000350,-0.000163,-0.000000,-0.000000,-0.000000
2025-12-16 18:17:00.206,0.000183,-0.000356,-0.000165,-0.000000,-0.000000,-0.000000
2025-12-16 18:17:00.207,0.000183,-0.000357,-0.000163,-0.000000,-0.000000,-0.000000
2025-12-16 18:17:00.208,0.000184,-0.000365,-0.000161,-0.000000,-0.000000,-0.000000
2025-12-16 18:17:00.210,0.000183,-0.000370,-0.000157,-0.000000,-0.000000,-0.000000
2025-12-16 18:17:00.211,0.000181,-0.000373,-0.000152,-0.000000,-0.000000,-0.000000
2025-12-16 18:17:00.212,0.000180,-0.000375,-0.000147,-0.000000,-0.000000,-0.000000
2025-12-16 18:17:00.213,0.000178,-0.000372,-0.000146,-0.000000,-0.000000,-0.000000
2025-12-16 18:17:00.214,0.000176,-0.000372,-0.000141,-0.000000,-0.000000,-0.000000
2025-12-16 18:17:00.215,0.000173,-0.000374,-0.000135,-0.000000,-0.000000,-0.000000
2025-12-16 18:17:00.216,0.000170,-0.000375,-0.000127,-0.000000,-0.000000,-0.000000
2025-12-16 18:17:00.218,0.000165,-0.000384,-0.000123,-0.000000,-0.000000,-0.000000
2025-12-16 18:17:00.219,0.000158,-0.000389,-0.000118,-0.000000,-0.000000,-0.000000
2025-12-16 18:17:00.220,0.000149,-0.000393,-0.000097,-0.000000,-0.000000,-0.000000
2025-12-16 18:17:00.221,0.000147,-0.000398,-0.000087,-0.000000,-0.000000,-0.000000
2025-12-16 18:17:00.222,0.000145,-0.000402,-0.000077,-0.000000,-0.000000,-0.000000
2025-12-16 18:17:00.223,0.000143,-0.000407,-0.000066,-0.000000,-0.000000,-0.000000
2025-12-16 18:17:00.224,0.000142,-0.000417,-0.000059,-0.000000,-0.000000,-0.000000
2025-12-16 18:17:00.225,0.000142,-0.000424,-0.000055,-0.000000,-0.000000,-0.000000
2025-12-16 18:17:00.226,0.000140,-0.000426,-0.000048,-0.000000,-0.000000,-0.000000
2025-12-16 18:17:00.228,0.000139,-0.000429,-0.000045,-0.000000,-0.000000,-0.000000
2025-12-16 18:17:00.229,0.000140,-0.000428,-0.000046,-0.000000,-0.000000,-0.000000
2025-12-16 18:17:00.230,0.000141,-0.000427,-0.000049,-0.000000,-0.000000,-0.000000
2025-12-16 18:17:00.231,0.000142,-0.000431,-0.000048,-0.000000,-0.000000,-0.000000
2025-12-16 18:17:00.232,0.000145,-0.000434,-0.000053,-0.000000,-0.000000,-0.000000
2025-12-16 18:17:00.233,0.000148,-0.000436,-0.000058,-0.000000,-0.000000,-0.000000
2025-12-16 18:17:00.234,0.000151,-0.000434,-0.000065,-0.000000,-0.000000,-0.000000
2025-12-16 18:17:00.236,0.000153,-0.000429,-0.000072,-0.000000,-0.000000,-0.000000
2025-12-16 18:17:00.237,0.000155,-0.000430,-0.000075,-0.000000,-0.000000,-0.000000
2025-12-16 18:17:00.238,0.000157,-0.000424,-0.000082,-0.000000,-0.000000,-0.000000
2025-12-16 18:17:00.239,0.000156,-0.000423,-0.000088,-0.000000,-0.000000,-0.000000
2025-12-16 18:17:00.240,0.000154,-0.000418,-0.000097,-0.000000,-0.000000,-0.000000
2025-12-16 18:17:00.241,0.000151,-0.000413,-0.000106,-0.000000,-0.000000,-0.000000
2025-12-16 18:17:00.242,0.000150,-0.000408,-0.000113,-0.000000,-0.000000,-0.000000
2025-12-16 18:17:00.243,0.000148,-0.000399,-0.000120,-0.000000,-0.000000,-0.000000
2025-12-16 18:17:00.244,0.000145,-0.000392,-0.000131,-0.000000,-0.000000,-0.000000
2025-12-16 18:17:00.246,0.000142,-0.000388,-0.000141,-0.000000,-0.000000,-0.000000
2025-12-16 18:17:00.247,0.000137,-0.000375,-0.000148,-0.000000,-0.000000,-0.000000
2025-12-16 18:17:00.248,0.000132,-0.000361,-0.000153,-0.000000,-0.000000,-0.000000
2025-12-16 18:17:00.249,0.000119,-0.000344,-0.000168,-0.000000,-0.000000,-0.000000
2025-12-16 18:17:00.250,0.000112,-0.000330,-0.000174,-0.000000,-0.000000,-0.000000
2025-12-16 18:17:00.251,0.000103,-0.000318,-0.000181,-0.000000,0.000000,-0.000000
2025-12-16 18:17:00.252,0.000093,-0.000303,-0.000186,-0.000000,0.000000,-0.000000
2025-12-16 18:17:00.254,0.000083,-0.000290,-0.000188,-0.000000,0.000000,-0.000000
2025-12-16 18:17:00.255,0.000078,-0.000284,-0.000193,-0.000000,0.000000,-0.000000
2025-12-16 18:17:00.256,0.000071,-0.000275,-0.000201,-0.000000,0.000000,-0.000000
2025-12-16 18:17:00.257,0.000061,-0.000256,-0.000207,-0.000000,0.000000,-0.000000
2025-12-16 18:17:00.258,0.000041,-0.000224,-0.000225,-0.000000,0.000000,-0.000000
2025-12-16 18:17:00.259,0.000030,-0.000204,-0.000232,-0.000000,0.000000,-0.000000
2025-12-16 18:17:00.260,0.000019,-0.000187,-0.000240,-0.000000,0.000000,-0.000000
2025-12-16 18:17:00.261,0.000007,-0.000165,-0.000247,-0.000000,0.000000,-0.000000
2025-12-16 18:17:00.262,-0.000006,-0.000141,-0.000259,-0.000000,0.000000,0.000000
2025-12-16 18:17:00.264,-0.000016,-0.000120,-0.000270,-0.000000,0.000000,0.000000
2025-12-16 18:17:00.265,-0.000026,-0.000097,-0.000273,-0.000000,0.000000,0.000000
2025-12-16 18:17:00.266,-0.000035,-0.000074,-0.000277,-0.000000,0.000000,0.000000
2025-12-16 18:17:00.267,-0.000042,-0.000054,-0.000282,-0.000000,0.000000,0.000000
2025-12-16 18:17:00.268,-0.000055,-0.000012,-0.000291,-0.000000,0.000000,0.000000
2025-12-16 18:17:00.269,-0.000061,0.000012,-0.000294,-0.000000,0.000000,0.000000
2025-12-16 18:17:00.270,-0.000066,0.000033,-0.000296,-0.000000,0.000000,0.000000
2025-12-16 18:17:00.271,-0.000070,0.000054,-0.000300,-0.000000,0.000000,0.000000
2025-12-16 18:17:00.272,-0.000073,0.000073,-0.000304,-0.000000,0.000000,0.000000
2025-12-16 18:17:00.274,-0.000089,0.000123,-0.000315,-0.000000,0.000000,0.000000
2025-12-16 18:17:00.275,-0.000098,0.000146,-0.000317,-0.000000,0.000000,0.000000
2025-12-16 18:17:00.276,-0.000108,0.000165,-0.000324,-0.000000,0.000000,0.000000
2025-12-16 18:17:00.277,-0.000114,0.000182,-0.000327,-0.000000,0.000000,0.000000
2025-12-16 18:17:00.278,-0.000122,0.000198,-0.000329,-0.000000,0.000000,0.000000
2025-12-16 18:17:00.280,-0.000130,0.000211,-0.000331,-0.000000,0.000000,0.000000
2025-12-16 18:17:00.281,-0.000137,0.000227,-0.000335,-0.000000,0.000000,0.000000
2025-12-16 18:17:00.282,-0.000147,0.000238,-0.000337,-0.000000,0.000000,0.000000
2025-12-16 18:17:00.283,-0.000164,0.000251,-0.000341,-0.000000,0.000000,0.000000
2025-12-16 18:17:00.284,-0.000174,0.000257,-0.000343,-0.000000,0.000000,0.000000
2025-12-16 18:17:00.285,-0.000184,0.000262,-0.000345,-0.000000,0.000000,0.000000
2025-12-16 18:17:00.286,-0.000197,0.000269,-0.000348,-0.000000,0.000000,0.000000
2025-12-16 18:17:00.287,-0.000209,0.000275,-0.000351,-0.000000,0.000000,0.000000
2025-12-16 18:17:00.288,-0.000218,0.000280,-0.000353,-0.000000,0.000000,0.000000
2025-12-16 18:17:00.289,-0.000230,0.000281,-0.000354,-0.000000,0.000000,0.000000
2025-12-16 18:17:00.291,-0.000239,0.000288,-0.000352,-0.000000,0.000000,0.000000
2025-12-16 18:17:00.292,-0.000247,0.000289,-0.000352,-0.000000,0.000000,0.000000
2025-12-16 18:17:00.293,-0.000254,0.000287,-0.000352,-0.000000,0.000000,0.000000
2025-12-16 18:17:00.294,-0.000269,0.000281,-0.000353,-0.000000,0.000000,0.000000
2025-12-16 18:17:00.295,-0.000273,0.000275,-0.000357,-0.000000,0.000000,0.000000
2025-12-16 18:17:00.296,-0.000268,0.000263,-0.000351,-0.000000,0.000000,0.000000
2025-12-16 18:17:00.297,-0.000271,0.000258,-0.000348,-0.000000,0.000000,0.000000
2025-12-16 18:17:00.298,-0.000277,0.000257,-0.000348,-0.000000,0.000000,0.000000
2025-12-16 18:17:00.299,-0.000280,0.000252,-0.000351,-0.000000,0.000000,0.000000
2025-12-16 18:17:00.300,-0.000282,0.000247,-0.000355,-0.000000,0.000000,0.000000
2025-12-16 18:17:00.302,-0.000282,0.000231,-0.000353,-0.000000,0.000000,0.000000
2025-12-16 18:17:00.303,-0.000280,0.000220,-0.000347,-0.000000,0.000000,0.000000
2025-12-16 18:17:00.304,-0.000278,0.000215,-0.000343,-0.000000,0.000000,0.000000
2025-12-16 18:17:00.305,-0.000275,0.000210,-0.000333,-0.000000,0.000000,0.000000
2025-12-16 18:17:00.306,-0.000271,0.000206,-0.000322,-0.000000,0.000000,0.000000
2025-12-16 18:17:00.308,-0.000265,0.000199,-0.000317,-0.000000,0.000000,0.000000
2025-12-16 18:17:00.309,-0.000259,0.000193,-0.000304,-0.000000,0.000000,0.000000
2025-12-16 18:17:00.310,-0.000251,0.000186,-0.000290,-0.000000,0.000000,0.000000
2025-12-16 18:17:00.311,-0.000235,0.000172,-0.000255,-0.000000,0.000000,0.000000
2025-12-16 18:17:00.312,-0.000230,0.000161,-0.000232,-0.000000,0.000000,0.000000
2025-12-16 18:17:00.313,-0.000223,0.000145,-0.000215,-0.000000,0.000000,0.000000
2025-12-16 18:17:00.314,-0.000218,0.000137,-0.000196,-0.000000,0.000000,0.000000
2025-12-16 18:17:00.315,-0.000212,0.000129,-0.000172,-0.000000,0.000000,0.000000
2025-12-16 18:17:00.316,-0.000204,0.000121,-0.000144,-0.000000,0.000000,0.000000
2025-12-16 18:17:00.318,-0.000195,0.000116,-0.000114,-0.000000,0.000000,0.000000
2025-12-16 18:17:00.319,-0.000185,0.000115,-0.000084,-0.000000,0.000000,0.000000
2025-12-16 18:17:00.320,-0.000171,0.000108,-0.000020,-0.000000,0.000000,0.000000
2025-12-16 18:17:00.321,-0.000166,0.000106,0.000008,-0.000000,0.000000,0.000000
2025-12-16 18:17:00.322,-0.000157,0.000102,0.000031,0.000000,0.000000,0.000000
2025-12-16 18:17:00.323,-0.000149,0.000101,0.000058,0.000000,0.000000,0.000000
2025-12-16 18:17:00.324,-0.000136,0.000095,0.000089,0.000000,0.000000,0.000000
2025-12-16 18:17:00.325,-0.000125,0.000088,0.000123,0.000000,-0.000000,0.000000
2025-12-16 18:17:00.326,-0.000115,0.000084,0.000156,0.000000,-0.000000,0.000000
2025-12-16 18:17:00.328,-0.000105,0.000085,0.000188,0.000000,-0.000000,0.000000
2025-12-16 18:17:00.329,-0.000096,0.000086,0.000215,0.000000,-0.000000,0.000000
2025-12-16 18:17:00.330,-0.000071,0.000082,0.000261,0.000000,-0.000000,0.000000
2025-12-16 18:17:00.331,-0.000058,0.000079,0.000285,0.000000,-0.000000,-0.000000
2025-12-16 18:17:00.332,-0.000044,0.000085,0.000308,0.000000,-0.000000,-0.000000
2025-12-16 18:17:00.333,-0.000033,0.000093,0.000328,0.000000,-0.000000,-0.000000
2025-12-16 18:17:00.335,-0.000022,0.000097,0.000349,0.000000,-0.000000,-0.000000
2025-12-16 18:17:00.336,0.000007,0.000099,0.000389,0.000000,-0.000000,-0.000000
2025-12-16 18:17:00.337,0.000020,0.000098,0.000397,0.000000,-0.000000,-0.000000
2025-12-16 18:17:00.338,0.000033,0.000099,0.000404,0.000000,-0.000000,-0.000000
2025-12-16 18:17:00.339,0.000048,0.000102,0.000409,0.000000,-0.000000,-0.000000
2025-12-16 18:17:00.340,0.000061,0.000106,0.000412,0.000000,-0.000000,-0.000000
2025-12-16 18:17:00.341,0.000075,0.000106,0.000411,0.000000,-0.000000,-0.000000
2025-12-16 18:17:00.342,0.000088,0.000103,0.000403,0.000000,-0.000000,-0.000000
2025-12-16 18:17:00.343,0.000100,0.000101,0.000394,0.000000,-0.000000,-0.000000
2025-12-16 18:17:00.344,0.000109,0.000099,0.000387,0.000000,-0.000000,-0.000000
2025-12-16 18:17:00.346,0.000119,0.000097,0.000375,0.000000,-0.000000,-0.000000
2025-12-16 18:17:00.347,0.000125,0.000094,0.000360,0.000000,-0.000000,-0.000000
2025-12-16 18:17:00.348,0.000135,0.000085,0.000335,0.000000,-0.000000,-0.000000
2025-12-16 18:17:00.349,0.000140,0.000083,0.000322,0.000000,-0.000000,-0.000000
2025-12-16 18:17:00.350,0.000144,0.000075,0.000302,0.000000,-0.000000,-0.000000
2025-12-16 18:17:00.351,0.000146,0.000066,0.000282,0.000000,-0.000000,-0.000000
2025-12-16 18:17:00.352,0.000149,0.000052,0.000258,0.000000,-0.000000,-0.000000
2025-12-16 18:17:00.353,0.000151,0.000036,0.000228,0.000000,-0.000000,-0.000000
2025-12-16 18:17:00.355,0.000151,0.000024,0.000193,0.000000,-0.000000,-0.000000
2025-12-16 18:17:00.356,0.000150,0.000016,0.000162,0.000000,-0.000000,-0.000000
2025-12-16 18:17:00.357,0.000148,-0.000009,0.000102,0.000000,-0.000000,-0.000000
2025-12-16 18:17:00.358,0.000146,-0.000022,0.000076,0.000000,-0.000000,-0.000000
2025-12-16 18:17:00.359,0.000141,-0.000041,0.000042,0.000000,-0.000000,-0.000000
2025-12-16 18:17:00.360,0.000137,-0.000055,0.000010,0.000000,-0.000000,-0.000000
2025-12-16 18:17:00.361,0.000131,-0.000068,-0.000022,-0.000000,-0.000000,-0.000000
2025-12-16 18:17:00.362,0.000126,-0.000078,-0.000048,-0.000000,-0.000000,-0.000000
2025-12-16 18:17:00.363,0.000121,-0.000092,-0.000076,-0.000000,-0.000000,-0.000000
2025-12-16 18:17:00.364,0.000116,-0.000107,-0.000104,-0.000000,-0.000000,-0.000000
2025-12-16 18:17:00.366,0.000114,-0.000126,-0.000132,-0.000000,0.000000,-0.000000
2025-12-16 18:17:00.367,0.000112,-0.000145,-0.000159,-0.000000,0.000000,-0.000000
2025-12-16 18:17:00.368,0.000104,-0.000159,-0.000182,-0.000000,0.000000,-0.000000
2025-12-16 18:17:00.369,0.000096,-0.000192,-0.000230,-0.000000,0.000000,-0.000000
2025-12-16 18:17:00.370,0.000094,-0.000210,-0.000253,-0.000000,0.000000,-0.000000
2025-12-16 18:17:00.371,0.000088,-0.000222,-0.000273,-0.000000,0.000000,-0.000000
2025-12-16 18:17:00.372,0.000084,-0.000245,-0.000287,-0.000000,0.000000,-0.000000
2025-12-16 18:17:00.373,0.000080,-0.000263,-0.000294,-0.000000,0.000000,-0.000000
2025-12-16 18:17:00.374,0.000075,-0.000284,-0.000305,-0.000000,0.000000,-0.000000
2025-12-16 18:17:00.376,0.000072,-0.000307,-0.000314,-0.000000,0.000000,-0.000000
2025-12-16 18:17:00.377,0.000067,-0.000324,-0.000318,-0.000000,0.000000,-0.000000
2025-12-16 18:17:00.378,0.000063,-0.000341,-0.000326,-0.000000,0.000000,-0.000000
2025-12-16 18:17:00.379,0.000057,-0.000367,-0.000333,-0.000000,0.000000,-0.000000
2025-12-16 18:17:00.380,0.000055,-0.000391,-0.000331,-0.000000,0.000000,-0.000000
2025-12-16 18:17:00.381,0.000051,-0.000416,-0.000325,-0.000000,0.000000,-0.000000
2025-12-16 18:17:00.382,0.000045,-0.000439,-0.000322,-0.000000,0.000000,-0.000000
2025-12-16 18:17:00.383,0.000039,-0.000457,-0.000312,-0.000000,0.000000,-0.000000
2025-12-16 18:17:00.384,0.000037,-0.000480,-0.000301,-0.000000,0.000000,-0.000000
2025-12-16 18:17:00.386,0.000031,-0.000498,-0.000293,-0.000000,0.000000,-0.000000
2025-12-16 18:17:00.387,0.000023,-0.000534,-0.000273,-0.000000,0.000000,-0.000000
2025-12-16 18:17:00.388,0.000019,-0.000558,-0.000264,-0.000000,0.000000,-0.000000
2025-12-16 18:17:00.389,0.000017,-0.000577,-0.000253,-0.000000,0.000000,-0.000000
2025-12-16 18:17:00.390,0.000018,-0.000591,-0.000242,-0.000000,0.000000,-0.000000
2025-12-16 18:17:00.392,0.000016,-0.000606,-0.000227,-0.000000,0.000000,-0.000000
2025-12-16 18:17:00.393,0.000011,-0.000617,-0.000218,-0.000000,-0.000000,-0.000000
2025-12-16 18:17:00.394,0.000006,-0.000630,-0.000211,-0.000000,-0.000000,-0.000000
2025-12-16 18:17:00.395,-0.000004,-0.000647,-0.000186,-0.000000,-0.000000,-0.000000
2025-12-16 18:17:00.396,-0.000006,-0.000664,-0.000179,-0.000000,-0.000000,-0.000000
2025-12-16 18:17:00.397,-0.000008,-0.000681,-0.000175,-0.000000,-0.000000,-0.000000
2025-12-16 18:17:00.398,-0.000009,-0.000684,-0.000168,-0.000000,-0.000000,-0.000000
2025-12-16 18:17:00.399,-0.000009,-0.000698,-0.000163,-0.000000,-0.000000,-0.000000
2025-12-16 18:17:00.400,-0.000009,-0.000706,-0.000153,-0.000000,-0.000000,-0.000000
2025-12-16 18:17:00.402,-0.000010,-0.000707,-0.000144,-0.000000,-0.000000,-0.000000
2025-12-16 18:17:00.403,-0.000010,-0.000710,-0.000136,-0.000000,-0.000000,-0.000000
2025-12-16 18:17:00.404,-0.000010,-0.000720,-0.000121,-0.000000,-0.000000,-0.000000
2025-12-16 18:17:00.405,-0.000010,-0.000728,-0.000114,-0.000000,-0.000000,-0.000000
2025-12-16 18:17:00.406,-0.000010,-0.000730,-0.000111,-0.000000,-0.000000,-0.000000
2025-12-16 18:17:00.407,-0.000006,-0.000736,-0.000106,-0.000000,-0.000000,-0.000000
2025-12-16 18:17:00.408,-0.000005,-0.000742,-0.000103,-0.000000,-0.000000,-0.000000
2025-12-16 18:17:00.409,-0.000005,-0.000745,-0.000101,-0.000000,-0.000000,-0.000000
2025-12-16 18:17:00.410,-0.000002,-0.000755,-0.000096,-0.000000,-0.000000,-0.000000
2025-12-16 18:17:00.411,0.000001,-0.000763,-0.000098,-0.000000,-0.000000,-0.000000
2025-12-16 18:17:00.412,0.000002,-0.000767,-0.000092,-0.000000,-0.000000,-0.000000
2025-12-16 18:17:00.414,0.000005,-0.000774,-0.000087,-0.000000,-0.000000,-0.000000
2025-12-16 18:17:00.415,0.000009,-0.000780,-0.000084,-0.000000,-0.000000,-0.000000
2025-12-16 18:17:00.416,0.000011,-0.000786,-0.000081,-0.000000,-0.000000,-0.000000
2025-12-16 18:17:00.417,0.000014,-0.000790,-0.000080,-0.000000,-0.000000,-0.000000
2025-12-16 18:17:00.418,0.000021,-0.000798,-0.000076,-0.000000,-0.000000,-0.000000
2025-12-16 18:17:00.419,0.000025,-0.000798,-0.000071,-0.000000,-0.000000,-0.000000
2025-12-16 18:17:00.420,0.000028,-0.000803,-0.000073,-0.000000,-0.000000,-0.000000
2025-12-16 18:17:00.421,0.000030,-0.000814,-0.000076,-0.000000,-0.000000,-0.000000
2025-12-16 18:17:00.422,0.000034,-0.000823,-0.000073,-0.000000,-0.000000,-0.000000
2025-12-16 18:17:00.425,0.000041,-0.000825,-0.000071,-0.000000,-0.000000,-0.000000
2025-12-16 18:17:00.426,0.000055,-0.000827,-0.000067,-0.000000,-0.000000,-0.000000
2025-12-16 18:17:00.427,0.000061,-0.000828,-0.000065,-0.000000,-0.000000,-0.000000
2025-12-16 18:17:00.428,0.000068,-0.000827,-0.000059,-0.000000,-0.000000,-0.000000
2025-12-16 18:17:00.429,0.000072,-0.000822,-0.000059,-0.000000,-0.000000,-0.000000
2025-12-16 18:17:00.430,0.000077,-0.000826,-0.000063,-0.000000,-0.000000,-0.000000
2025-12-16 18:17:00.432,0.000081,-0.000822,-0.000061,-0.000000,-0.000000,-0.000000
2025-12-16 18:17:00.433,0.000084,-0.000814,-0.000058,-0.000000,-0.000000,-0.000000
2025-12-16 18:17:00.434,0.000088,-0.000801,-0.000052,-0.000000,-0.000000,-0.000000
2025-12-16 18:17:00.435,0.000094,-0.000799,-0.000049,-0.000000,-0.000000,-0.000000
2025-12-16 18:17:00.436,0.000098,-0.000794,-0.000043,-0.000000,-0.000000,-0.000000
2025-12-16 18:17:00.437,0.000100,-0.000788,-0.000036,-0.000000,-0.000000,-0.000000
2025-12-16 18:17:00.439,0.000102,-0.000779,-0.000033,-0.000000,-0.000000,-0.000000
2025-12-16 18:17:00.440,0.000108,-0.000750,-0.000013,-0.000000,-0.000000,-0.000000
2025-12-16 18:17:00.441,0.000110,-0.000733,0.000001,-0.000000,-0.000000,-0.000000
2025-12-16 18:17:00.442,0.000112,-0.000718,0.000013,-0.000000,-0.000000,-0.000000
2025-12-16 18:17:00.443,0.000110,-0.000703,0.000026,-0.000000,-0.000000,-0.000000
2025-12-16 18:17:00.444,0.000108,-0.000689,0.000037,-0.000000,-0.000000,-0.000000
2025-12-16 18:17:00.445,0.000103,-0.000674,0.000049,-0.000000,-0.000000,-0.000000
2025-12-16 18:17:00.450,0.000070,-0.000572,0.000110,0.000000,-0.000000,-0.000000
2025-12-16 18:17:00.452,0.000064,-0.000550,0.000124,0.000000,-0.000000,-0.000000
2025-12-16 18:17:00.453,0.000055,-0.000523,0.000142,0.000000,-0.000000,-0.000000
2025-12-16 18:17:00.454,0.000035,-0.000479,0.000175,0.000000,-0.000000,-0.000000
2025-12-16 18:17:00.455,0.000025,-0.000451,0.000196,0.000000,-0.000000,-0.000000
2025-12-16 18:17:00.456,0.000015,-0.000426,0.000220,0.000000,-0.000000,-0.000000
2025-12-16 18:17:00.457,0.000006,-0.000401,0.000240,0.000000,-0.000000,-0.000000
2025-12-16 18:17:00.458,-0.000006,-0.000377,0.000254,0.000000,-0.000000,-0.000000
2025-12-16 18:17:00.459,-0.000019,-0.000358,0.000268,0.000000,-0.000000,-0.000000
2025-12-16 18:17:00.460,-0.000031,-0.000336,0.000288,0.000000,-0.000000,-0.000000
2025-12-16 18:17:00.461,-0.000041,-0.000313,0.000305,0.000000,-0.000000,-0.000000
2025-12-16 18:17:00.463,-0.000052,-0.000287,0.000322,0.000000,-0.000000,-0.000000
2025-12-16 18:17:00.464,-0.000063,-0.000265,0.000340,0.000000,-0.000000,-0.000000
2025-12-16 18:17:00.465,-0.000078,-0.000215,0.000378,0.000000,-0.000000,-0.000000
2025-12-16 18:17:00.466,-0.000087,-0.000187,0.000398,0.000000,-0.000000,-0.000000
2025-12-16 18:17:00.467,-0.000093,-0.000162,0.000419,0.000000,-0.000000,-0.000000
2025-12-16 18:17:00.469,-0.000097,-0.000141,0.000437,0.000000,-0.000000,-0.000000
2025-12-16 18:17:00.470,-0.000102,-0.000106,0.000469,0.000000,-0.000000,-0.000000
2025-12-16 18:17:00.471,-0.000103,-0.000089,0.000486,0.000000,-0.000000,-0.000000
2025-12-16 18:17:00.472,-0.000103,-0.000068,0.000502,0.000000,-0.000000,-0.000000
2025-12-16 18:17:00.474,-0.000103,-0.000045,0.000519,0.000000,-0.000000,-0.000000
2025-12-16 18:17:00.475,-0.000105,-0.000024,0.000533,0.000000,-0.000000,-0.000000
2025-12-16 18:17:00.476,-0.000106,-0.000008,0.000544,0.000000,-0.000000,-0.000000
2025-12-16 18:17:00.477,-0.000107,0.000010,0.000550,0.000000,-0.000000,-0.000000
2025-12-16 18:17:00.478,-0.000108,0.000020,0.000555,0.000000,-0.000000,-0.000000
2025-12-16 18:17:00.479,-0.000107,0.000033,0.000562,0.000000,-0.000000,-0.000000
2025-12-16 18:17:00.480,-0.000105,0.000050,0.000566,0.000000,-0.000000,-0.000000
2025-12-16 18:17:00.481,-0.000105,0.000063,0.000564,0.000000,-0.000000,-0.000000
2025-12-16 18:17:00.484,-0.000101,0.000104,0.000564,0.000000,-0.000000,-0.000000
2025-12-16 18:17:00.485,-0.000102,0.000117,0.000557,0.000000,-0.000000,-0.000000
2025-12-16 18:17:00.486,-0.000104,0.000143,0.000544,0.000000,-0.000000,-0.000000
2025-12-16 18:17:00.488,-0.000105,0.000156,0.000537,0.000000,-0.000000,-0.000000
2025-12-16 18:17:00.489,-0.000107,0.000161,0.000531,0.000000,-0.000000,-0.000000
2025-12-16 18:17:00.490,-0.000111,0.000171,0.000516,0.000000,-0.000000,0.000000
2025-12-16 18:17:00.491,-0.000112,0.000174,0.000502,0.000000,-0.000000,0.000000
2025-12-16 18:17:00.492,-0.000116,0.000178,0.000487,0.000000,-0.000000,0.000000
2025-12-16 18:17:00.495,-0.000120,0.000186,0.000453,0.000000,-0.000000,0.000000
2025-12-16 18:17:00.497,-0.000126,0.000190,0.000409,0.000000,-0.000000,0.000000
2025-12-16 18:17:00.498,-0.000134,0.000196,0.000362,0.000000,-0.000000,0.000000
2025-12-16 18:17:00.499,-0.000140,0.000200,0.000343,0.000000,-0.000000,0.000000
2025-12-16 18:17:00.500,-0.000144,0.000204,0.000324,0.000000,-0.000000,0.000000
2025-12-16 18:17:00.502,-0.000145,0.000201,0.000301,0.000000,-0.000000,0.000000
2025-12-16 18:17:00.503,-0.000150,0.000215,0.000253,0.000000,-0.000000,0.000000
2025-12-16 18:17:00.504,-0.000152,0.000218,0.000230,0.000000,-0.000000,0.000000
2025-12-16 18:17:00.507,-0.000150,0.000226,0.000184,0.000000,-0.000000,0.000000
2025-12-16 18:17:00.508,-0.000150,0.000231,0.000162,0.000000,0.000000,0.000000
2025-12-16 18:17:00.509,-0.000150,0.000242,0.000121,0.000000,0.000000,0.000000
2025-12-16 18:17:00.511,-0.000148,0.000250,0.000102,0.000000,0.000000,0.000000
2025-12-16 18:17:00.512,-0.000149,0.000267,0.000061,0.000000,0.000000,0.000000
2025-12-16 18:17:00.513,-0.000147,0.000270,0.000042,0.000000,0.000000,0.000000
2025-12-16 18:17:00.514,-0.000145,0.000269,0.000027,0.000000,0.000000,0.000000
2025-12-16 18:17:00.515,-0.000141,0.000268,0.000010,0.000000,0.000000,0.000000
2025-12-16 18:17:00.517,-0.000125,0.000277,-0.000015,0.000000,0.000000,0.000000
2025-12-16 18:17:00.519,-0.000117,0.000279,-0.000024,-0.000000,0.000000,0.000000
2025-12-16 18:17:00.521,-0.000104,0.000278,-0.000047,-0.000000,0.000000,0.000000
2025-12-16 18:17:00.522,-0.000097,0.000278,-0.000078,-0.000000,0.000000,0.000000
2025-12-16 18:17:00.523,-0.000092,0.000280,-0.000084,-0.000000,0.000000,0.000000
2025-12-16 18:17:00.525,-0.000091,0.000283,-0.000092,-0.000000,0.000000,0.000000
2025-12-16 18:17:00.526,-0.000087,0.000285,-0.000110,-0.000000,0.000000,0.000000
2025-12-16 18:17:00.527,-0.000084,0.000282,-0.000118,-0.000000,0.000000,0.000000
2025-12-16 18:17:00.528,-0.000081,0.000279,-0.000126,-0.000000,0.000000,0.000000
2025-12-16 18:17:00.529,-0.000079,0.000276,-0.000131,-0.000000,0.000000,0.000000
2025-12-16 18:17:00.531,-0.000075,0.000270,-0.000138,-0.000000,0.000000,0.000000
2025-12-16 18:17:00.532,-0.000068,0.000253,-0.000146,-0.000000,0.000000,0.000000
2025-12-16 18:17:00.533,-0.000056,0.000230,-0.000162,-0.000000,0.000000,0.000000
2025-12-16 18:17:00.534,-0.000052,0.000224,-0.000168,-0.000000,0.000000,0.000000
2025-12-16 18:17:00.535,-0.000049,0.000219,-0.000173,-0.000000,0.000000,0.000000
2025-12-16 18:17:00.536,-0.000044,0.000206,-0.000177,-0.000000,0.000000,0.000000
2025-12-16 18:17:00.538,-0.000039,0.000197,-0.000183,-0.000000,0.000000,0.000000
2025-12-16 18:17:00.539,-0.000036,0.000191,-0.000188,-0.000000,0.000000,0.000000
2025-12-16 18:17:00.540,-0.000030,0.000178,-0.000194,-0.000000,0.000000,0.000000
2025-12-16 18:17:00.541,-0.000021,0.000157,-0.000204,-0.000000,0.000000,0.000000
2025-12-16 18:17:00.542,-0.000017,0.000147,-0.000207,-0.000000,0.000000,0.000000
2025-12-16 18:17:00.543,-0.000010,0.000134,-0.000217,-0.000000,0.000000,0.000000
2025-12-16 18:17:00.545,0.000000,0.000113,-0.000229,-0.000000,0.000000,0.000000
2025-12-16 18:17:00.546,0.000012,0.000100,-0.000237,-0.000000,0.000000,0.000000
2025-12-16 18:17:00.547,0.000037,0.000069,-0.000252,-0.000000,0.000000,0.000000
2025-12-16 18:17:00.548,0.000048,0.000056,-0.000261,-0.000000,0.000000,0.000000
2025-12-16 18:17:00.549,0.000058,0.000040,-0.000268,-0.000000,0.000000,0.000000
2025-12-16 18:17:00.550,0.000068,0.000032,-0.000271,-0.000000,0.000000,0.000000
2025-12-16 18:17:00.552,0.000082,0.000023,-0.000269,-0.000000,0.000000,0.000000
2025-12-16 18:17:00.553,0.000090,0.000017,-0.000271,-0.000000,0.000000,0.000000
2025-12-16 18:17:00.554,0.000096,0.000007,-0.000273,-0.000000,0.000000,0.000000
2025-12-16 18:17:00.555,0.000104,-0.000007,-0.000277,-0.000000,0.000000,0.000000
2025-12-16 18:17:00.557,0.000108,-0.000016,-0.000278,-0.000000,0.000000,0.000000
2025-12-16 18:17:00.558,0.000113,-0.000031,-0.000279,-0.000000,0.000000,-0.000000
2025-12-16 18:17:00.559,0.000117,-0.000042,-0.000282,-0.000000,0.000000,-0.000000
2025-12-16 18:17:00.560,0.000125,-0.000048,-0.000273,-0.000000,0.000000,-0.000000
2025-12-16 18:17:00.561,0.000130,-0.000055,-0.000268,-0.000000,0.000000,-0.000000
2025-12-16 18:17:00.562,0.000134,-0.000061,-0.000265,-0.000000,0.000000,-0.000000
2025-12-16 18:17:00.563,0.000139,-0.000069,-0.000256,-0.000000,0.000000,-0.000000
2025-12-16 18:17:00.564,0.000141,-0.000071,-0.000243,-0.000000,0.000000,-0.000000
2025-12-16 18:17:00.565,0.000142,-0.000076,-0.000229,-0.000000,0.000000,-0.000000
2025-12-16 18:17:00.566,0.000142,-0.000082,-0.000216,-0.000000,0.000000,-0.000000
2025-12-16 18:17:00.568,0.000144,-0.000089,-0.000200,-0.000000,0.000000,-0.000000
2025-12-16 18:17:00.569,0.000144,-0.000091,-0.000182,-0.000000,0.000000,-0.000000
2025-12-16 18:17:00.570,0.000144,-0.000085,-0.000139,-0.000000,0.000000,-0.000000
2025-12-16 18:17:00.571,0.000145,-0.000080,-0.000114,-0.000000,-0.000000,-0.000000
2025-12-16 18:17:00.572,0.000148,-0.000079,-0.000096,-0.000000,-0.000000,-0.000000
2025-12-16 18:17:00.573,0.000152,-0.000079,-0.000073,-0.000000,-0.000000,-0.000000
2025-12-16 18:17:00.574,0.000157,-0.000080,-0.000046,-0.000000,-0.000000,-0.000000
2025-12-16 18:17:00.575,0.000162,-0.000082,-0.000019,-0.000000,-0.000000,-0.000000
2025-12-16 18:17:00.576,0.000167,-0.000084,0.000008,0.000000,-0.000000,-0.000000
2025-12-16 18:17:00.577,0.000167,-0.000069,0.000036,0.000000,-0.000000,-0.000000
2025-12-16 18:17:00.579,0.000167,-0.000058,0.000065,0.000000,-0.000000,-0.000000
2025-12-16 18:17:00.580,0.000170,-0.000054,0.000096,0.000000,-0.000000,-0.000000
2025-12-16 18:17:00.581,0.000171,-0.000040,0.000133,0.000000,-0.000000,-0.000000
2025-12-16 18:17:00.582,0.000172,-0.000024,0.000172,0.000000,-0.000000,-0.000000
2025-12-16 18:17:00.583,0.000175,0.000005,0.000239,0.000000,-0.000000,-0.000000
2025-12-16 18:17:00.584,0.000176,0.000024,0.000277,0.000000,-0.000000,-0.000000
2025-12-16 18:17:00.585,0.000178,0.000043,0.000314,0.000000,-0.000000,-0.000000
2025-12-16 18:17:00.586,0.000180,0.000060,0.000346,0.000000,-0.000000,-0.000000
2025-12-16 18:17:00.587,0.000179,0.000080,0.000382,0.000000,-0.000000,-0.000000
2025-12-16 18:17:00.588,0.000179,0.000100,0.000420,0.000000,-0.000000,-0.000000
2025-12-16 18:17:00.589,0.000178,0.000122,0.000455,0.000000,-0.000000,-0.000000
2025-12-16 18:17:00.591,0.000179,0.000140,0.000494,0.000000,-0.000000,-0.000000
2025-12-16 18:17:00.592,0.000180,0.000159,0.000532,0.000000,-0.000000,-0.000000
2025-12-16 18:17:00.593,0.000180,0.000175,0.000563,0.000000,-0.000000,-0.000000
2025-12-16 18:17:00.594,0.000179,0.000237,0.000651,0.000000,-0.000000,-0.000000
2025-12-16 18:17:00.595,0.000181,0.000272,0.000697,0.000000,-0.000000,-0.000000
2025-12-16 18:17:00.597,0.000184,0.000306,0.000743,0.000000,-0.000000,-0.000000
2025-12-16 18:17:00.598,0.000191,0.000368,0.000826,0.000000,-0.000000,-0.000000
2025-12-16 18:17:00.599,0.000200,0.000405,0.000868,0.000000,-0.000000,-0.000000
2025-12-16 18:17:00.601,0.000210,0.000436,0.000903,0.000000,-0.000000,-0.000000
2025-12-16 18:17:00.602,0.000231,0.000496,0.000975,0.000001,-0.000000,-0.000000
2025-12-16 18:17:00.603,0.000242,0.000534,0.001016,0.000001,-0.000001,-0.000000
2025-12-16 18:17:00.604,0.000259,0.000570,0.001058,0.000001,-0.000001,-0.000000
2025-12-16 18:17:00.606,0.000280,0.000608,0.001102,0.000001,-0.000001,-0.000000
2025-12-16 18:17:00.607,0.000302,0.000651,0.001146,0.000001,-0.000001,-0.000000
2025-12-16 18:17:00.608,0.000348,0.000730,0.001231,0.000001,-0.000001,-0.000000
2025-12-16 18:17:00.609,0.000375,0.000766,0.001274,0.000001,-0.000001,-0.000000
2025-12-16 18:17:00.610,0.000402,0.000812,0.001322,0.000001,-0.000001,-0.000000
2025-12-16 18:17:00.611,0.000431,0.000853,0.001369,0.000001,-0.000001,-0.000000
2025-12-16 18:17:00.612,0.000464,0.000891,0.001413,0.000001,-0.000001,-0.000000
2025-12-16 18:17:00.613,0.000496,0.000927,0.001457,0.000001,-0.000001,-0.000000
2025-12-16 18:17:00.614,0.000530,0.000965,0.001496,0.000001,-0.000001,-0.000000
2025-12-16 18:17:00.616,0.000564,0.001004,0.001536,0.000001,-0.000001,-0.000000
2025-12-16 18:17:00.617,0.000596,0.001045,0.001577,0.000001,-0.000001,-0.000000
2025-12-16 18:17:00.618,0.000662,0.001122,0.001669,0.000001,-0.000001,-0.000000
2025-12-16 18:17:00.619,0.000694,0.001158,0.001711,0.000001,-0.000001,-0.000000
2025-12-16 18:17:00.620,0.000724,0.001192,0.001756,0.000001,-0.000001,-0.000000
2025-12-16 18:17:00.621,0.000757,0.001226,0.001797,0.000001,-0.000001,-0.000000
2025-12-16 18:17:00.623,0.000786,0.001256,0.001835,0.000001,-0.000001,-0.000000
2025-12-16 18:17:00.624,0.000848,0.001314,0.001907,0.000001,-0.000001,-0.000000
2025-12-16 18:17:00.625,0.000876,0.001340,0.001943,0.000001,-0.000001,-0.000000
2025-12-16 18:17:00.626,0.000898,0.001361,0.001974,0.000001,-0.000001,-0.000000
2025-12-16 18:17:00.627,0.000927,0.001380,0.002002,0.000001,-0.000001,-0.000000
2025-12-16 18:17:00.628,0.000955,0.001396,0.002029,0.000001,-0.000001,-0.000000
2025-12-16 18:17:00.631,0.001006,0.001430,0.002089,0.000001,-0.000001,-0.000000
2025-12-16 18:17:00.632,0.001060,0.001454,0.002134,0.000001,-0.000001,-0.000000
2025-12-16 18:17:00.633,0.001086,0.001468,0.002161,0.000001,-0.000001,-0.000000
2025-12-16 18:17:00.634,0.001108,0.001480,0.002185,0.000001,-0.000001,-0.000000
2025-12-16 18:17:00.635,0.001133,0.001484,0.002203,0.000001,-0.000001,-0.000000
2025-12-16 18:17:00.636,0.001154,0.001483,0.002216,0.000001,-0.000001,-0.000000
2025-12-16 18:17:00.638,0.001180,0.001481,0.002225,0.000001,-0.000001,-0.000000
2025-12-16 18:17:00.639,0.001204,0.001479,0.002232,0.000001,-0.000001,-0.000000
2025-12-16 18:17:00.640,0.001232,0.001472,0.002239,0.000001,-0.000001,-0.000000
2025-12-16 18:17:00.641,0.001293,0.001479,0.002253,0.000001,-0.000001,-0.000000
2025-12-16 18:17:00.642,0.001323,0.001480,0.002266,0.000001,-0.000001,-0.000000
2025-12-16 18:17:00.643,0.001357,0.001478,0.002280,0.000001,-0.000001,-0.000000
2025-12-16 18:17:00.644,0.001391,0.001477,0.002286,0.000001,-0.000001,-0.000000
2025-12-16 18:17:00.645,0.001425,0.001470,0.002297,0.000001,-0.000001,-0.000001
2025-12-16 18:17:00.646,0.001459,0.001466,0.002307,0.000001,-0.000001,-0.000001
2025-12-16 18:17:00.647,0.001488,0.001462,0.002314,0.000001,-0.000001,-0.000001
2025-12-16 18:17:00.649,0.001512,0.001462,0.002325,0.000001,-0.000001,-0.000001
2025-12-16 18:17:00.650,0.001536,0.001465,0.002333,0.000001,-0.000001,-0.000001
2025-12-16 18:17:00.651,0.001598,0.001455,0.002348,0.000001,-0.000001,-0.000001
2025-12-16 18:17:00.652,0.001629,0.001448,0.002358,0.000001,-0.000001,-0.000001
2025-12-16 18:17:00.653,0.001658,0.001437,0.002363,0.000001,-0.000001,-0.000001
2025-12-16 18:17:00.654,0.001683,0.001428,0.002370,0.000001,-0.000002,-0.000001
2025-12-16 18:17:00.656,0.001708,0.001426,0.002385,0.000001,-0.000002,-0.000001
2025-12-16 18:17:00.657,0.001733,0.001425,0.002402,0.000001,-0.000002,-0.000001
2025-12-16 18:17:00.658,0.001754,0.001424,0.002417,0.000001,-0.000002,-0.000001
2025-12-16 18:17:00.659,0.001775,0.001420,0.002431,0.000001,-0.000002,-0.000001
2025-12-16 18:17:00.660,0.001806,0.001415,0.002459,0.000001,-0.000002,-0.000001
2025-12-16 18:17:00.661,0.001821,0.001418,0.002474,0.000001,-0.000002,-0.000001
2025-12-16 18:17:00.662,0.001834,0.001421,0.002487,0.000001,-0.000002,-0.000001
2025-12-16 18:17:00.663,0.001846,0.001422,0.002503,0.000001,-0.000002,-0.000001
2025-12-16 18:17:00.664,0.001858,0.001418,0.002525,0.000001,-0.000002,-0.000001
2025-12-16 18:17:00.665,0.001870,0.001421,0.002547,0.000001,-0.000002,-0.000001
2025-12-16 18:17:00.666,0.001881,0.001421,0.002568,0.000002,-0.000002,-0.000001
2025-12-16 18:17:00.667,0.001891,0.001421,0.002589,0.000002,-0.000002,-0.000001
2025-12-16 18:17:00.669,0.001910,0.001415,0.002620,0.000002,-0.000002,-0.000001
2025-12-16 18:17:00.670,0.001947,0.001413,0.002672,0.000002,-0.000002,-0.000001
2025-12-16 18:17:00.671,0.001965,0.001412,0.002696,0.000002,-0.000002,-0.000001
2025-12-16 18:17:00.672,0.001985,0.001410,0.002727,0.000002,-0.000002,-0.000001
2025-12-16 18:17:00.673,0.002007,0.001406,0.002756,0.000002,-0.000002,-0.000001
2025-12-16 18:17:00.674,0.002026,0.001402,0.002781,0.000002,-0.000002,-0.000001
2025-12-16 18:17:00.675,0.002050,0.001396,0.002812,0.000002,-0.000002,-0.000001
2025-12-16 18:17:00.676,0.002078,0.001395,0.002844,0.000002,-0.000002,-0.000001
2025-12-16 18:17:00.677,0.002106,0.001392,0.002877,0.000002,-0.000002,-0.000001
2025-12-16 18:17:00.679,0.002139,0.001388,0.002918,0.000002,-0.000002,-0.000001
2025-12-16 18:17:00.680,0.002174,0.001387,0.002958,0.000002,-0.000002,-0.000001
2025-12-16 18:17:00.681,0.002210,0.001388,0.003003,0.000002,-0.000002,-0.000001
2025-12-16 18:17:00.682,0.002246,0.001384,0.003050,0.000002,-0.000002,-0.000001
2025-12-16 18:17:00.683,0.002277,0.001379,0.003090,0.000002,-0.000002,-0.000001
2025-12-16 18:17:00.684,0.002311,0.001376,0.003132,0.000002,-0.000002,-0.000001
2025-12-16 18:17:00.685,0.002348,0.001377,0.003177,0.000002,-0.000002,-0.000001
2025-12-16 18:17:00.686,0.002391,0.001376,0.003229,0.000002,-0.000002,-0.000001
2025-12-16 18:17:00.687,0.002428,0.001374,0.003274,0.000002,-0.000002,-0.000001
2025-12-16 18:17:00.688,0.002466,0.001375,0.003321,0.000002,-0.000002,-0.000001
2025-12-16 18:17:00.689,0.002506,0.001376,0.003366,0.000002,-0.000002,-0.000001
2025-12-16 18:17:00.691,0.002625,0.001379,0.003500,0.000002,-0.000002,-0.000001
2025-12-16 18:17:00.692,0.002665,0.001380,0.003545,0.000002,-0.000002,-0.000001
2025-12-16 18:17:00.693,0.002685,0.001387,0.003592,0.000002,-0.000003,-0.000001
2025-12-16 18:17:00.694,0.002714,0.001391,0.003646,0.000002,-0.000003,-0.000001
2025-12-16 18:17:00.695,0.002746,0.001398,0.003703,0.000002,-0.000003,-0.000001
2025-12-16 18:17:00.696,0.002777,0.001402,0.003759,0.000002,-0.000003,-0.000001
2025-12-16 18:17:00.697,0.002806,0.001409,0.003814,0.000002,-0.000003,-0.000001
2025-12-16 18:17:00.698,0.002833,0.001419,0.003864,0.000002,-0.000003,-0.000001
2025-12-16 18:17:00.699,0.002861,0.001422,0.003913,0.000002,-0.000003,-0.000001
2025-12-16 18:17:00.700,0.002887,0.001432,0.003965,0.000002,-0.000003,-0.000001
2025-12-16 18:17:00.701,0.002913,0.001441,0.004011,0.000002,-0.000003,-0.000001
2025-12-16 18:17:00.703,0.002939,0.001447,0.004059,0.000002,-0.000003,-0.000001
2025-12-16 18:17:00.704,0.002968,0.001451,0.004105,0.000002,-0.000003,-0.000001
2025-12-16 18:17:00.705,0.003026,0.001469,0.004201,0.000002,-0.000003,-0.000002
2025-12-16 18:17:00.706,0.003053,0.001478,0.004249,0.000002,-0.000003,-0.000002
2025-12-16 18:17:00.707,0.003079,0.001489,0.004298,0.000002,-0.000003,-0.000002
2025-12-16 18:17:00.708,0.003106,0.001496,0.004340,0.000002,-0.000003,-0.000002
2025-12-16 18:17:00.709,0.003135,0.001506,0.004378,0.000002,-0.000003,-0.000002
2025-12-16 18:17:00.710,0.003162,0.001518,0.004412,0.000002,-0.000003,-0.000002
2025-12-16 18:17:00.711,0.003192,0.001528,0.004445,0.000002,-0.000003,-0.000002
2025-12-16 18:17:00.713,0.003222,0.001533,0.004473,0.000002,-0.000003,-0.000002
2025-12-16 18:17:00.714,0.003255,0.001536,0.004502,0.000002,-0.000003,-0.000002
2025-12-16 18:17:00.715,0.003320,0.001535,0.004545,0.000002,-0.000003,-0.000002
2025-12-16 18:17:00.716,0.003359,0.001533,0.004566,0.000002,-0.000003,-0.000002
2025-12-16 18:17:00.717,0.003396,0.001533,0.004588,0.000002,-0.000003,-0.000002
2025-12-16 18:17:00.718,0.003434,0.001531,0.004603,0.000002,-0.000003,-0.000002
2025-12-16 18:17:00.719,0.003473,0.001529,0.004619,0.000002,-0.000003,-0.000002
2025-12-16 18:17:00.720,0.003515,0.001520,0.004626,0.000002,-0.000003,-0.000002
2025-12-16 18:17:00.722,0.003562,0.001512,0.004638,0.000002,-0.000003,-0.000002
2025-12-16 18:17:00.723,0.003612,0.001499,0.004644,0.000002,-0.000003,-0.000002
2025-12-16 18:17:00.724,0.003662,0.001486,0.004651,0.000002,-0.000004,-0.000002
2025-12-16 18:17:00.725,0.003717,0.001470,0.004656,0.000002,-0.000004,-0.000002
2025-12-16 18:17:00.726,0.003837,0.001430,0.004656,0.000002,-0.000004,-0.000002
2025-12-16 18:17:00.727,0.003896,0.001408,0.004653,0.000002,-0.000004,-0.000002
2025-12-16 18:17:00.728,0.003954,0.001389,0.004650,0.000002,-0.000004,-0.000002
2025-12-16 18:17:00.729,0.004018,0.001361,0.004643,0.000002,-0.000004,-0.000002
2025-12-16 18:17:00.730,0.004073,0.001334,0.004636,0.000002,-0.000004,-0.000002
2025-12-16 18:17:00.731,0.004138,0.001301,0.004629,0.000002,-0.000004,-0.000002
2025-12-16 18:17:00.732,0.004210,0.001270,0.004626,0.000002,-0.000004,-0.000002
2025-12-16 18:17:00.733,0.004285,0.001239,0.004621,0.000002,-0.000004,-0.000002
2025-12-16 18:17:00.735,0.004350,0.001213,0.004617,0.000002,-0.000004,-0.000002
2025-12-16 18:17:00.736,0.004424,0.001179,0.004610,0.000002,-0.000004,-0.000002
2025-12-16 18:17:00.737,0.004579,0.001106,0.004594,0.000002,-0.000004,-0.000003
2025-12-16 18:17:00.738,0.004651,0.001069,0.004582,0.000002,-0.000004,-0.000003
2025-12-16 18:17:00.739,0.004737,0.001025,0.004572,0.000002,-0.000004,-0.000003
2025-12-16 18:17:00.740,0.004827,0.000976,0.004562,0.000002,-0.000004,-0.000003
2025-12-16 18:17:00.741,0.004915,0.000928,0.004552,0.000002,-0.000004,-0.000003
2025-12-16 18:17:00.742,0.005004,0.000876,0.004549,0.000002,-0.000004,-0.000003
2025-12-16 18:17:00.744,0.005174,0.000774,0.004543,0.000002,-0.000004,-0.000003
2025-12-16 18:17:00.745,0.005258,0.000728,0.004542,0.000002,-0.000004,-0.000003
2025-12-16 18:17:00.746,0.005343,0.000682,0.004536,0.000002,-0.000004,-0.000003
2025-12-16 18:17:00.747,0.005432,0.000631,0.004529,0.000002,-0.000004,-0.000003
2025-12-16 18:17:00.748,0.005522,0.000572,0.004520,0.000002,-0.000004,-0.000003
2025-12-16 18:17:00.749,0.005599,0.000520,0.004511,0.000002,-0.000004,-0.000003
2025-12-16 18:17:00.750,0.005685,0.000470,0.004503,0.000002,-0.000004,-0.000003
2025-12-16 18:17:00.752,0.005773,0.000421,0.004495,0.000002,-0.000004,-0.000003
2025-12-16 18:17:00.753,0.005958,0.000318,0.004481,0.000002,-0.000004,-0.000003
2025-12-16 18:17:00.754,0.006050,0.000262,0.004475,0.000002,-0.000004,-0.000003
2025-12-16 18:17:00.755,0.006144,0.000214,0.004477,0.000002,-0.000005,-0.000003
2025-12-16 18:17:00.756,0.006233,0.000164,0.004476,0.000002,-0.000005,-0.000004
2025-12-16 18:17:00.757,0.006324,0.000109,0.004475,0.000002,-0.000005,-0.000004
2025-12-16 18:17:00.758,0.006416,0.000054,0.004472,0.000002,-0.000005,-0.000004
2025-12-16 18:17:00.761,0.006598,-0.000051,0.004466,0.000002,-0.000005,-0.000004
2025-12-16 18:17:00.763,0.006766,-0.000141,0.004464,0.000002,-0.000005,-0.000004
2025-12-16 18:17:00.764,0.006861,-0.000190,0.004460,0.000002,-0.000005,-0.000004
2025-12-16 18:17:00.765,0.006942,-0.000232,0.004455,0.000001,-0.000005,-0.000004
2025-12-16 18:17:00.766,0.007020,-0.000277,0.004457,0.000001,-0.000005,-0.000004
2025-12-16 18:17:00.767,0.007099,-0.000325,0.004455,0.000001,-0.000005,-0.000004
2025-12-16 18:17:00.768,0.007276,-0.000423,0.004454,0.000001,-0.000005,-0.000004
2025-12-16 18:17:00.769,0.007366,-0.000471,0.004453,0.000001,-0.000005,-0.000004
2025-12-16 18:17:00.770,0.007451,-0.000521,0.004455,0.000001,-0.000005,-0.000004
2025-12-16 18:17:00.773,0.007613,-0.000624,0.004462,0.000001,-0.000005,-0.000005
2025-12-16 18:17:00.774,0.007759,-0.000699,0.004472,0.000001,-0.000005,-0.000005
2025-12-16 18:17:00.775,0.007834,-0.000740,0.004478,0.000001,-0.000005,-0.000005
2025-12-16 18:17:00.776,0.007910,-0.000774,0.004488,0.000001,-0.000005,-0.000005
2025-12-16 18:17:00.777,0.007980,-0.000808,0.004497,0.000001,-0.000005,-0.000005
2025-12-16 18:17:00.778,0.008046,-0.000842,0.004510,0.000001,-0.000005,-0.000005
2025-12-16 18:17:00.779,0.008108,-0.000870,0.004524,0.000001,-0.000005,-0.000005
2025-12-16 18:17:00.780,0.008171,-0.000906,0.004537,0.000001,-0.000005,-0.000005
2025-12-16 18:17:00.782,0.008291,-0.000983,0.004556,0.000001,-0.000006,-0.000005
2025-12-16 18:17:00.783,0.008343,-0.001019,0.004570,0.000001,-0.000006,-0.000005
2025-12-16 18:17:00.784,0.008395,-0.001055,0.004584,0.000001,-0.000006,-0.000005
2025-12-16 18:17:00.785,0.008446,-0.001090,0.004599,0.000001,-0.000006,-0.000005
2025-12-16 18:17:00.787,0.008498,-0.001125,0.004613,0.000001,-0.000006,-0.000005
2025-12-16 18:17:00.788,0.008556,-0.001155,0.004644,0.000001,-0.000006,-0.000005
2025-12-16 18:17:00.789,0.008605,-0.001180,0.004669,0.000001,-0.000006,-0.000005
2025-12-16 18:17:00.793,0.008801,-0.001302,0.004797,0.000001,-0.000006,-0.000005
2025-12-16 18:17:00.794,0.008832,-0.001327,0.004822,0.000000,-0.000006,-0.000005
2025-12-16 18:17:00.798,0.008959,-0.001430,0.004980,0.000000,-0.000006,-0.000006
2025-12-16 18:17:00.799,0.008990,-0.001455,0.005023,0.000000,-0.000006,-0.000006
2025-12-16 18:17:00.800,0.009014,-0.001477,0.005060,0.000000,-0.000006,-0.000006
2025-12-16 18:17:00.801,0.009039,-0.001491,0.005112,0.000000,-0.000006,-0.000006
2025-12-16 18:17:00.803,0.009066,-0.001507,0.005166,0.000001,-0.000006,-0.000006
2025-12-16 18:17:00.804,0.009108,-0.001539,0.005264,0.000000,-0.000006,-0.000006
2025-12-16 18:17:00.805,0.009128,-0.001546,0.005328,0.000000,-0.000006,-0.000006
2025-12-16 18:17:00.806,0.009143,-0.001551,0.005393,0.000001,-0.000006,-0.000006
2025-12-16 18:17:00.807,0.009155,-0.001556,0.005453,0.000001,-0.000007,-0.000006
2025-12-16 18:17:00.808,0.009167,-0.001563,0.005509,0.000000,-0.000007,-0.000006
2025-12-16 18:17:00.809,0.009175,-0.001575,0.005561,0.000001,-0.000007,-0.000006
2025-12-16 18:17:00.810,0.009185,-0.001588,0.005614,0.000000,-0.000007,-0.000006
2025-12-16 18:17:00.811,0.009189,-0.001599,0.005670,0.000001,-0.000007,-0.000006
2025-12-16 18:17:00.813,0.009190,-0.001608,0.005717,0.000001,-0.000007,-0.000006
2025-12-16 18:17:00.814,0.009186,-0.001610,0.005763,0.000000,-0.000007,-0.000006
2025-12-16 18:17:00.815,0.009171,-0.001610,0.005857,0.000001,-0.000007,-0.000006
2025-12-16 18:17:00.816,0.009162,-0.001611,0.005901,0.000000,-0.000007,-0.000006
2025-12-16 18:17:00.817,0.009148,-0.001611,0.005936,0.000000,-0.000007,-0.000006
2025-12-16 18:17:00.819,0.009131,-0.001611,0.005973,0.000000,-0.000007,-0.000006
2025-12-16 18:17:00.820,0.009115,-0.001611,0.006004,0.000000,-0.000007,-0.000006
2025-12-16 18:17:00.821,0.009079,-0.001604,0.006060,0.000000,-0.000007,-0.000006
2025-12-16 18:17:00.822,0.009057,-0.001599,0.006082,0.000000,-0.000007,-0.000006
2025-12-16 18:17:00.823,0.009027,-0.001587,0.006105,0.000000,-0.000007,-0.000006
2025-12-16 18:17:00.824,0.008995,-0.001578,0.006126,0.000000,-0.000007,-0.000006
2025-12-16 18:17:00.827,0.008890,-0.001565,0.006151,-0.000000,-0.000006,-0.000006
2025-12-16 18:17:00.829,0.008809,-0.001535,0.006162,-0.000000,-0.000006,-0.000005
2025-12-16 18:17:00.830,0.008773,-0.001519,0.006167,-0.000000,-0.000006,-0.000005
2025-12-16 18:17:00.831,0.008735,-0.001503,0.006167,-0.000000,-0.000006,-0.000005
2025-12-16 18:17:00.832,0.008698,-0.001486,0.006164,-0.000000,-0.000006,-0.000005
2025-12-16 18:17:00.833,0.008662,-0.001474,0.006161,-0.000000,-0.000006,-0.000005
2025-12-16 18:17:00.834,0.008626,-0.001460,0.006151,-0.000000,-0.000006,-0.000005
2025-12-16 18:17:00.836,0.008593,-0.001455,0.006138,-0.000000,-0.000006,-0.000005
2025-12-16 18:17:00.837,0.008560,-0.001449,0.006118,-0.000000,-0.000006,-0.000005
2025-12-16 18:17:00.838,0.008495,-0.001424,0.006088,-0.000000,-0.000006,-0.000005
2025-12-16 18:17:00.839,0.008464,-0.001413,0.006070,-0.000000,-0.000006,-0.000005
2025-12-16 18:17:00.840,0.008436,-0.001402,0.006049,0.000000,-0.000006,-0.000005
2025-12-16 18:17:00.841,0.008410,-0.001391,0.006019,0.000000,-0.000006,-0.000005
2025-12-16 18:17:00.842,0.008388,-0.001383,0.005991,0.000000,-0.000006,-0.000005
2025-12-16 18:17:00.844,0.008367,-0.001374,0.005966,0.000000,-0.000006,-0.000005
2025-12-16 18:17:00.845,0.008347,-0.001371,0.005933,0.000000,-0.000006,-0.000005
2025-12-16 18:17:00.846,0.008318,-0.001373,0.005872,0.000000,-0.000006,-0.000005
2025-12-16 18:17:00.847,0.008305,-0.001369,0.005838,0.000000,-0.000006,-0.000005
2025-12-16 18:17:00.848,0.008294,-0.001363,0.005809,0.000000,-0.000006,-0.000005
2025-12-16 18:17:00.849,0.008285,-0.001361,0.005772,0.000000,-0.000006,-0.000005
2025-12-16 18:17:00.850,0.008280,-0.001366,0.005735,0.000000,-0.000006,-0.000005
2025-12-16 18:17:00.851,0.008275,-0.001370,0.005697,0.000000,-0.000006,-0.000005
2025-12-16 18:17:00.852,0.008272,-0.001386,0.005650,0.000000,-0.000006,-0.000005
2025-12-16 18:17:00.853,0.008270,-0.001400,0.005605,0.000000,-0.000006,-0.000005
2025-12-16 18:17:00.855,0.008270,-0.001418,0.005560,0.000000,-0.000006,-0.000005
2025-12-16 18:17:00.856,0.008273,-0.001434,0.005517,0.000000,-0.000006,-0.000005
2025-12-16 18:17:00.857,0.008283,-0.001472,0.005423,0.000000,-0.000006,-0.000005
2025-12-16 18:17:00.858,0.008290,-0.001486,0.005376,0.000000,-0.000006,-0.000005
2025-12-16 18:17:00.859,0.008299,-0.001505,0.005327,0.000000,-0.000006,-0.000005
2025-12-16 18:17:00.860,0.008306,-0.001527,0.005270,0.000000,-0.000006,-0.000005
2025-12-16 18:17:00.861,0.008310,-0.001547,0.005220,0.000000,-0.000006,-0.000005
2025-12-16 18:17:00.862,0.008317,-0.001575,0.005169,0.000000,-0.000006,-0.000005
2025-12-16 18:17:00.864,0.008324,-0.001605,0.005108,0.000000,-0.000006,-0.000005
2025-12-16 18:17:00.865,0.008332,-0.001631,0.005047,0.000000,-0.000006,-0.000005
2025-12-16 18:17:00.866,0.008340,-0.001652,0.004995,0.000000,-0.000006,-0.000005
2025-12-16 18:17:00.867,0.008351,-0.001683,0.004926,0.000000,-0.000006,-0.000005
2025-12-16 18:17:00.868,0.008370,-0.001754,0.004782,-0.000000,-0.000006,-0.000005
2025-12-16 18:17:00.870,0.008380,-0.001790,0.004709,-0.000000,-0.000006,-0.000005
2025-12-16 18:17:00.871,0.008390,-0.001822,0.004638,-0.000000,-0.000006,-0.000005
2025-12-16 18:17:00.872,0.008398,-0.001848,0.004578,-0.000000,-0.000006,-0.000005
2025-12-16 18:17:00.873,0.008420,-0.001923,0.004422,-0.000000,-0.000006,-0.000005
2025-12-16 18:17:00.874,0.008428,-0.001961,0.004345,-0.000000,-0.000005,-0.000005
2025-12-16 18:17:00.875,0.008436,-0.002001,0.004266,-0.000000,-0.000005,-0.000005
2025-12-16 18:17:00.876,0.008444,-0.002041,0.004186,-0.000000,-0.000005,-0.000005
2025-12-16 18:17:00.878,0.008461,-0.002135,0.004024,-0.000001,-0.000005,-0.000005
2025-12-16 18:17:00.879,0.008469,-0.002182,0.003940,-0.000001,-0.000005,-0.000005
2025-12-16 18:17:00.880,0.008478,-0.002227,0.003865,-0.000001,-0.000005,-0.000005
2025-12-16 18:17:00.881,0.008486,-0.002272,0.003788,-0.000001,-0.000005,-0.000005
2025-12-16 18:17:00.882,0.008497,-0.002324,0.003703,-0.000001,-0.000005,-0.000005
2025-12-16 18:17:00.883,0.008509,-0.002371,0.003622,-0.000001,-0.000005,-0.000005
2025-12-16 18:17:00.884,0.008521,-0.002421,0.003542,-0.000001,-0.000005,-0.000005
2025-12-16 18:17:00.886,0.008530,-0.002474,0.003462,-0.000001,-0.000005,-0.000005
2025-12-16 18:17:00.887,0.008541,-0.002524,0.003386,-0.000001,-0.000005,-0.000005
2025-12-16 18:17:00.888,0.008554,-0.002573,0.003312,-0.000001,-0.000005,-0.000005
2025-12-16 18:17:00.889,0.008569,-0.002619,0.003237,-0.000001,-0.000005,-0.000005
2025-12-16 18:17:00.890,0.008614,-0.002758,0.003012,-0.000001,-0.000005,-0.000005
2025-12-16 18:17:00.891,0.008636,-0.002799,0.002940,-0.000001,-0.000005,-0.000005
2025-12-16 18:17:00.892,0.008661,-0.002847,0.002865,-0.000001,-0.000005,-0.000005
2025-12-16 18:17:00.893,0.008687,-0.002898,0.002788,-0.000001,-0.000005,-0.000005
2025-12-16 18:17:00.895,0.008714,-0.002946,0.002713,-0.000001,-0.000005,-0.000005
2025-12-16 18:17:00.897,0.008773,-0.003035,0.002557,-0.000001,-0.000005,-0.000005
2025-12-16 18:17:00.898,0.008802,-0.003076,0.002481,-0.000001,-0.000005,-0.000005
2025-12-16 18:17:00.899,0.008836,-0.003112,0.002408,-0.000001,-0.000005,-0.000005
2025-12-16 18:17:00.900,0.008872,-0.003147,0.002329,-0.000001,-0.000005,-0.000005
2025-12-16 18:17:00.901,0.008911,-0.003181,0.002248,-0.000001,-0.000005,-0.000005
2025-12-16 18:17:00.902,0.008952,-0.003216,0.002176,-0.000001,-0.000005,-0.000005
2025-12-16 18:17:00.904,0.008993,-0.003250,0.002111,-0.000001,-0.000005,-0.000005
2025-12-16 18:17:00.906,0.009127,-0.003347,0.001910,-0.000001,-0.000005,-0.000005
2025-12-16 18:17:00.907,0.009172,-0.003374,0.001844,-0.000001,-0.000004,-0.000005
2025-12-16 18:17:00.908,0.009217,-0.003393,0.001783,-0.000001,-0.000005,-0.000005
2025-12-16 18:17:00.909,0.009256,-0.003406,0.001734,-0.000001,-0.000004,-0.000005
2025-12-16 18:17:00.910,0.009300,-0.003423,0.001675,-0.000001,-0.000004,-0.000005
2025-12-16 18:17:00.911,0.009345,-0.003436,0.001615,-0.000001,-0.000004,-0.000005
2025-12-16 18:17:00.913,0.009392,-0.003448,0.001561,-0.000001,-0.000004,-0.000005
2025-12-16 18:17:00.914,0.009436,-0.003462,0.001509,-0.000001,-0.000005,-0.000005
2025-12-16 18:17:00.915,0.009481,-0.003473,0.001460,-0.000001,-0.000004,-0.000005
2025-12-16 18:17:00.916,0.009564,-0.003491,0.001370,-0.000001,-0.000004,-0.000005
2025-12-16 18:17:00.917,0.009607,-0.003498,0.001329,-0.000001,-0.000004,-0.000005
2025-12-16 18:17:00.918,0.009649,-0.003497,0.001291,-0.000001,-0.000004,-0.000005
2025-12-16 18:17:00.919,0.009687,-0.003492,0.001255,-0.000001,-0.000004,-0.000005
2025-12-16 18:17:00.920,0.009718,-0.003487,0.001225,-0.000001,-0.000004,-0.000005
2025-12-16 18:17:00.921,0.009755,-0.003482,0.001193,-0.000001,-0.000004,-0.000006
2025-12-16 18:17:00.922,0.009792,-0.003473,0.001157,-0.000001,-0.000004,-0.000006
2025-12-16 18:17:00.924,0.009861,-0.003454,0.001084,-0.000001,-0.000004,-0.000006
2025-12-16 18:17:00.925,0.009895,-0.003440,0.001053,-0.000001,-0.000004,-0.000006
2025-12-16 18:17:00.926,0.009928,-0.003422,0.001025,-0.000002,-0.000004,-0.000006
2025-12-16 18:17:00.927,0.009961,-0.003397,0.001000,-0.000001,-0.000004,-0.000006
2025-12-16 18:17:00.928,0.009994,-0.003379,0.000971,-0.000002,-0.000004,-0.000006
2025-12-16 18:17:00.929,0.010032,-0.003360,0.000944,-0.000002,-0.000004,-0.000006
2025-12-16 18:17:00.930,0.010069,-0.003338,0.000919,-0.000002,-0.000004,-0.000006
2025-12-16 18:17:00.932,0.010111,-0.003319,0.000890,-0.000002,-0.000004,-0.000006
2025-12-16 18:17:00.933,0.010153,-0.003297,0.000861,-0.000002,-0.000004,-0.000006
2025-12-16 18:17:00.934,0.010239,-0.003243,0.000816,-0.000002,-0.000004,-0.000006
2025-12-16 18:17:00.935,0.010283,-0.003221,0.000793,-0.000002,-0.000004,-0.000006
2025-12-16 18:17:00.936,0.010330,-0.003201,0.000761,-0.000002,-0.000004,-0.000006
2025-12-16 18:17:00.937,0.010378,-0.003179,0.000735,-0.000002,-0.000004,-0.000006
2025-12-16 18:17:00.938,0.010429,-0.003163,0.000706,-0.000002,-0.000004,-0.000006
2025-12-16 18:17:00.940,0.010486,-0.003150,0.000676,-0.000002,-0.000004,-0.000006
2025-12-16 18:17:00.941,0.010544,-0.003132,0.000646,-0.000002,-0.000004,-0.000006
2025-12-16 18:17:00.942,0.010671,-0.003089,0.000588,-0.000002,-0.000004,-0.000006
2025-12-16 18:17:00.943,0.010734,-0.003060,0.000563,-0.000002,-0.000004,-0.000006
2025-12-16 18:17:00.944,0.010803,-0.003040,0.000534,-0.000002,-0.000005,-0.000006
2025-12-16 18:17:00.945,0.010867,-0.003017,0.000507,-0.000002,-0.000005,-0.000006
2025-12-16 18:17:00.946,0.010942,-0.002993,0.000477,-0.000002,-0.000005,-0.000006
2025-12-16 18:17:00.948,0.011018,-0.002979,0.000445,-0.000002,-0.000005,-0.000006
2025-12-16 18:17:00.949,0.011097,-0.002963,0.000413,-0.000002,-0.000005,-0.000006
2025-12-16 18:17:00.950,0.011180,-0.002949,0.000378,-0.000002,-0.000005,-0.000006
2025-12-16 18:17:00.951,0.011329,-0.002918,0.000312,-0.000002,-0.000005,-0.000006
2025-12-16 18:17:00.952,0.011411,-0.002893,0.000280,-0.000002,-0.000005,-0.000006
2025-12-16 18:17:00.953,0.011499,-0.002873,0.000241,-0.000002,-0.000005,-0.000006
2025-12-16 18:17:00.955,0.011590,-0.002855,0.000205,-0.000002,-0.000005,-0.000006
2025-12-16 18:17:00.956,0.011678,-0.002839,0.000165,-0.000002,-0.000005,-0.000006
2025-12-16 18:17:00.957,0.011765,-0.002823,0.000129,-0.000002,-0.000005,-0.000006
2025-12-16 18:17:00.958,0.011937,-0.002783,0.000050,-0.000002,-0.000005,-0.000006
2025-12-16 18:17:00.959,0.012024,-0.002758,0.000002,-0.000002,-0.000005,-0.000006
2025-12-16 18:17:00.960,0.012110,-0.002736,-0.000047,-0.000002,-0.000005,-0.000006
2025-12-16 18:17:00.961,0.012198,-0.002713,-0.000100,-0.000002,-0.000005,-0.000006
2025-12-16 18:17:00.963,0.012287,-0.002693,-0.000157,-0.000002,-0.000005,-0.000006
2025-12-16 18:17:00.964,0.012377,-0.002671,-0.000218,-0.000002,-0.000005,-0.000006
2025-12-16 18:17:00.965,0.012556,-0.002630,-0.000347,-0.000002,-0.000005,-0.000006
2025-12-16 18:17:00.966,0.012629,-0.002609,-0.000405,-0.000003,-0.000005,-0.000006
2025-12-16 18:17:00.967,0.012702,-0.002589,-0.000463,-0.000003,-0.000005,-0.000006
2025-12-16 18:17:00.969,0.012811,-0.002567,-0.000551,-0.000003,-0.000005,-0.000006
2025-12-16 18:17:00.970,0.012915,-0.002541,-0.000640,-0.000003,-0.000005,-0.000007
2025-12-16 18:17:00.971,0.013112,-0.002494,-0.000818,-0.000003,-0.000005,-0.000007
2025-12-16 18:17:00.972,0.013204,-0.002472,-0.000909,-0.000003,-0.000005,-0.000007
2025-12-16 18:17:00.974,0.013301,-0.002450,-0.000997,-0.000003,-0.000005,-0.000007
2025-12-16 18:17:00.975,0.013489,-0.002389,-0.001174,-0.000003,-0.000005,-0.000007
2025-12-16 18:17:00.977,0.013582,-0.002357,-0.001268,-0.000003,-0.000005,-0.000007
2025-12-16 18:17:00.978,0.013771,-0.002296,-0.001464,-0.000003,-0.000005,-0.000007
2025-12-16 18:17:00.979,0.013866,-0.002266,-0.001555,-0.000003,-0.000005,-0.000007
2025-12-16 18:17:00.980,0.013960,-0.002238,-0.001646,-0.000003,-0.000005,-0.000007
2025-12-16 18:17:00.982,0.014059,-0.002208,-0.001734,-0.000003,-0.000005,-0.000007
2025-12-16 18:17:00.983,0.014160,-0.002172,-0.001827,-0.000003,-0.000005,-0.000007
2025-12-16 18:17:00.984,0.014263,-0.002142,-0.001915,-0.000003,-0.000005,-0.000007
2025-12-16 18:17:00.985,0.014359,-0.002111,-0.001992,-0.000003,-0.000005,-0.000007
2025-12-16 18:17:00.987,0.014458,-0.002078,-0.002074,-0.000003,-0.000005,-0.000007
2025-12-16 18:17:00.988,0.014557,-0.002050,-0.002156,-0.000003,-0.000005,-0.000007
2025-12-16 18:17:00.989,0.014655,-0.002015,-0.002229,-0.000004,-0.000005,-0.000007
2025-12-16 18:17:00.990,0.014751,-0.001976,-0.002306,-0.000003,-0.000005,-0.000007
2025-12-16 18:17:00.991,0.015037,-0.001858,-0.002537,-0.000004,-0.000005,-0.000007
2025-12-16 18:17:00.992,0.015111,-0.001805,-0.002564,-0.000004,-0.000005,-0.000007
2025-12-16 18:17:00.993,0.015195,-0.001747,-0.002609,-0.000004,-0.000005,-0.000007
2025-12-16 18:17:00.994,0.015287,-0.001695,-0.002659,-0.000004,-0.000005,-0.000007
2025-12-16 18:17:00.997,0.015567,-0.001532,-0.002791,-0.000004,-0.000005,-0.000007
2025-12-16 18:17:00.998,0.015659,-0.001476,-0.002830,-0.000004,-0.000005,-0.000007
2025-12-16 18:17:00.999,0.015747,-0.001416,-0.002869,-0.000004,-0.000005,-0.000007
2025-12-16 18:17:01.000,0.015820,-0.001364,-0.002901,-0.000004,-0.000005,-0.000007
2025-12-16 18:17:01.001,0.015893,-0.001309,-0.002927,-0.000004,-0.000005,-0.000007
2025-12-16 18:17:01.002,0.015983,-0.001242,-0.002953,-0.000004,-0.000005,-0.000007
2025-12-16 18:17:01.004,0.016075,-0.001167,-0.002982,-0.000004,-0.000005,-0.000008
2025-12-16 18:17:01.006,0.016369,-0.000936,-0.003051,-0.000004,-0.000005,-0.000008
2025-12-16 18:17:01.009,0.016633,-0.000718,-0.003103,-0.000004,-0.000005,-0.000008
2025-12-16 18:17:01.010,0.016728,-0.000643,-0.003119,-0.000004,-0.000005,-0.000008
2025-12-16 18:17:01.011,0.016833,-0.000562,-0.003131,-0.000004,-0.000005,-0.000008
2025-12-16 18:17:01.013,0.017057,-0.000410,-0.003165,-0.000004,-0.000005,-0.000008
2025-12-16 18:17:01.014,0.017172,-0.000334,-0.003182,-0.000004,-0.000005,-0.000008
2025-12-16 18:17:01.015,0.017288,-0.000256,-0.003201,-0.000004,-0.000005,-0.000008
2025-12-16 18:17:01.016,0.017407,-0.000184,-0.003220,-0.000004,-0.000005,-0.000008
2025-12-16 18:17:01.017,0.017527,-0.000117,-0.003240,-0.000004,-0.000005,-0.000008
2025-12-16 18:17:01.018,0.017650,-0.000044,-0.003258,-0.000004,-0.000005,-0.000008
2025-12-16 18:17:01.020,0.017778,0.000023,-0.003279,-0.000004,-0.000005,-0.000008
2025-12-16 18:17:01.021,0.018038,0.000151,-0.003331,-0.000004,-0.000006,-0.000008
2025-12-16 18:17:01.022,0.018174,0.000205,-0.003357,-0.000004,-0.000006,-0.000008
2025-12-16 18:17:01.023,0.018312,0.000253,-0.003385,-0.000004,-0.000006,-0.000008
2025-12-16 18:17:01.024,0.018448,0.000293,-0.003416,-0.000004,-0.000006,-0.000008
2025-12-16 18:17:01.025,0.018561,0.000325,-0.003443,-0.000004,-0.000006,-0.000008
2025-12-16 18:17:01.026,0.018680,0.000363,-0.003474,-0.000004,-0.000006,-0.000009
2025-12-16 18:17:01.027,0.018827,0.000402,-0.003514,-0.000004,-0.000006,-0.000009
2025-12-16 18:17:01.029,0.018981,0.000445,-0.003555,-0.000004,-0.000006,-0.000009
2025-12-16 18:17:01.030,0.019113,0.000482,-0.003589,-0.000004,-0.000006,-0.000009
2025-12-16 18:17:01.031,0.019396,0.000537,-0.003679,-0.000005,-0.000006,-0.000009
2025-12-16 18:17:01.032,0.019544,0.000565,-0.003726,-0.000005,-0.000006,-0.000009
2025-12-16 18:17:01.033,0.019696,0.000595,-0.003772,-0.000005,-0.000006,-0.000009
2025-12-16 18:17:01.034,0.019846,0.000617,-0.003829,-0.000005,-0.000006,-0.000009
2025-12-16 18:17:01.035,0.019990,0.000636,-0.003888,-0.000005,-0.000006,-0.000009
2025-12-16 18:17:01.036,0.020129,0.000657,-0.003950,-0.000005,-0.000006,-0.000009
2025-12-16 18:17:01.039,0.020509,0.000719,-0.004129,-0.000004,-0.000006,-0.000009
2025-12-16 18:17:01.040,0.020625,0.000734,-0.004187,-0.000005,-0.000006,-0.000010
2025-12-16 18:17:01.041,0.020732,0.000755,-0.004246,-0.000005,-0.000006,-0.000010
2025-12-16 18:17:01.042,0.020836,0.000777,-0.004301,-0.000005,-0.000006,-0.000010
2025-12-16 18:17:01.043,0.020938,0.000805,-0.004362,-0.000005,-0.000006,-0.000010
2025-12-16 18:17:01.045,0.021037,0.000829,-0.004422,-0.000005,-0.000006,-0.000010
2025-12-16 18:17:01.046,0.021219,0.000870,-0.004545,-0.000005,-0.000006,-0.000010
2025-12-16 18:17:01.047,0.021303,0.000894,-0.004604,-0.000005,-0.000006,-0.000010
2025-12-16 18:17:01.048,0.021384,0.000920,-0.004660,-0.000005,-0.000006,-0.000010
2025-12-16 18:17:01.050,0.021552,0.000958,-0.004774,-0.000005,-0.000006,-0.000010
2025-12-16 18:17:01.051,0.021634,0.000974,-0.004822,-0.000005,-0.000006,-0.000010
2025-12-16 18:17:01.052,0.021704,0.000986,-0.004862,-0.000005,-0.000006,-0.000010
2025-12-16 18:17:01.054,0.021786,0.001004,-0.004911,-0.000005,-0.000007,-0.000010
2025-12-16 18:17:01.055,0.021946,0.001044,-0.004996,-0.000006,-0.000007,-0.000010
2025-12-16 18:17:01.056,0.022032,0.001066,-0.005038,-0.000006,-0.000007,-0.000010
2025-12-16 18:17:01.057,0.022129,0.001080,-0.005079,-0.000006,-0.000007,-0.000010
2025-12-16 18:17:01.058,0.022232,0.001092,-0.005118,-0.000005,-0.000007,-0.000010
2025-12-16 18:17:01.060,0.022339,0.001098,-0.005155,-0.000006,-0.000007,-0.000011
2025-12-16 18:17:01.061,0.022446,0.001101,-0.005195,-0.000006,-0.000007,-0.000011
2025-12-16 18:17:01.062,0.022560,0.001098,-0.005233,-0.000006,-0.000007,-0.000011
2025-12-16 18:17:01.063,0.022795,0.001094,-0.005302,-0.000006,-0.000007,-0.000011
2025-12-16 18:17:01.064,0.022922,0.001088,-0.005334,-0.000006,-0.000007,-0.000011
2025-12-16 18:17:01.065,0.023054,0.001085,-0.005369,-0.000006,-0.000007,-0.000011
2025-12-16 18:17:01.067,0.023191,0.001080,-0.005402,-0.000006,-0.000007,-0.000011
2025-12-16 18:17:01.068,0.023474,0.001054,-0.005460,-0.000006,-0.000007,-0.000011
2025-12-16 18:17:01.069,0.023620,0.001041,-0.005483,-0.000006,-0.000007,-0.000011
2025-12-16 18:17:01.070,0.023744,0.001032,-0.005500,-0.000006,-0.000007,-0.000011
2025-12-16 18:17:01.072,0.023869,0.001021,-0.005518,-0.000007,-0.000007,-0.000011
2025-12-16 18:17:01.073,0.023994,0.001012,-0.005536,-0.000006,-0.000007,-0.000012
2025-12-16 18:17:01.074,0.024373,0.000947,-0.005606,-0.000006,-0.000007,-0.000012
2025-12-16 18:17:01.075,0.024535,0.000921,-0.005639,-0.000006,-0.000007,-0.000012
2025-12-16 18:17:01.076,0.024689,0.000897,-0.005669,-0.000007,-0.000008,-0.000012
2025-12-16 18:17:01.077,0.024836,0.000870,-0.005701,-0.000007,-0.000008,-0.000012
2025-12-16 18:17:01.078,0.024981,0.000848,-0.005724,-0.000007,-0.000008,-0.000012
2025-12-16 18:17:01.080,0.025118,0.000826,-0.005748,-0.000007,-0.000008,-0.000012
2025-12-16 18:17:01.081,0.025246,0.000815,-0.005773,-0.000007,-0.000008,-0.000012
2025-12-16 18:17:01.082,0.025367,0.000800,-0.005800,-0.000007,-0.000008,-0.000012
2025-12-16 18:17:01.083,0.025490,0.000786,-0.005828,-0.000007,-0.000008,-0.000012
2025-12-16 18:17:01.084,0.025610,0.000776,-0.005854,-0.000007,-0.000008,-0.000013
2025-12-16 18:17:01.085,0.025724,0.000765,-0.005879,-0.000007,-0.000008,-0.000013
2025-12-16 18:17:01.086,0.025836,0.000753,-0.005903,-0.000007,-0.000008,-0.000013
2025-12-16 18:17:01.088,0.025930,0.000742,-0.005923,-0.000008,-0.000008,-0.000013
2025-12-16 18:17:01.089,0.026123,0.000726,-0.005968,-0.000008,-0.000008,-0.000013
2025-12-16 18:17:01.090,0.026215,0.000720,-0.005989,-0.000007,-0.000008,-0.000013
2025-12-16 18:17:01.091,0.026307,0.000723,-0.006009,-0.000008,-0.000008,-0.000013
2025-12-16 18:17:01.092,0.026392,0.000726,-0.006030,-0.000008,-0.000008,-0.000013
2025-12-16 18:17:01.093,0.026473,0.000729,-0.006048,-0.000008,-0.000008,-0.000013
2025-12-16 18:17:01.094,0.026636,0.000734,-0.006085,-0.000007,-0.000008,-0.000013
2025-12-16 18:17:01.095,0.026692,0.000743,-0.006093,-0.000008,-0.000009,-0.000014
2025-12-16 18:17:01.097,0.026758,0.000749,-0.006100,-0.000008,-0.000009,-0.000014
2025-12-16 18:17:01.098,0.026847,0.000755,-0.006111,-0.000008,-0.000009,-0.000014
2025-12-16 18:17:01.099,0.027041,0.000762,-0.006128,-0.000008,-0.000009,-0.000014
2025-12-16 18:17:01.100,0.027138,0.000766,-0.006126,-0.000008,-0.000009,-0.000014
2025-12-16 18:17:01.101,0.027233,0.000771,-0.006118,-0.000009,-0.000009,-0.000014
2025-12-16 18:17:01.102,0.027329,0.000774,-0.006107,-0.000008,-0.000009,-0.000014
2025-12-16 18:17:01.104,0.027428,0.000774,-0.006093,-0.000009,-0.000009,-0.000014
2025-12-16 18:17:01.105,0.027614,0.000767,-0.006066,-0.000008,-0.000009,-0.000014
2025-12-16 18:17:01.106,0.027702,0.000759,-0.006055,-0.000008,-0.000009,-0.000014
2025-12-16 18:17:01.108,0.027806,0.000744,-0.006039,-0.000008,-0.000009,-0.000014
2025-12-16 18:17:01.109,0.027917,0.000725,-0.006017,-0.000008,-0.000009,-0.000014
2025-12-16 18:17:01.110,0.028029,0.000704,-0.005995,-0.000008,-0.000009,-0.000014
2025-12-16 18:17:01.111,0.028247,0.000649,-0.005938,-0.000009,-0.000010,-0.000015
2025-12-16 18:17:01.112,0.028352,0.000620,-0.005904,-0.000009,-0.000010,-0.000015
2025-12-16 18:17:01.113,0.028452,0.000583,-0.005874,-0.000009,-0.000010,-0.000015
2025-12-16 18:17:01.114,0.028554,0.000542,-0.005843,-0.000009,-0.000010,-0.000015
2025-12-16 18:17:01.115,0.028651,0.000504,-0.005805,-0.000009,-0.000010,-0.000015
2025-12-16 18:17:01.116,0.028750,0.000456,-0.005769,-0.000009,-0.000010,-0.000015
2025-12-16 18:17:01.117,0.028850,0.000401,-0.005726,-0.000009,-0.000010,-0.000015
2025-12-16 18:17:01.119,0.028946,0.000348,-0.005684,-0.000009,-0.000010,-0.000015
2025-12-16 18:17:01.120,0.029128,0.000214,-0.005612,-0.000010,-0.000010,-0.000015
2025-12-16 18:17:01.121,0.029215,0.000132,-0.005580,-0.000010,-0.000010,-0.000015
2025-12-16 18:17:01.122,0.029302,0.000051,-0.005546,-0.000010,-0.000011,-0.000016
2025-12-16 18:17:01.123,0.029389,-0.000035,-0.005514,-0.000009,-0.000011,-0.000016
2025-12-16 18:17:01.124,0.029462,-0.000110,-0.005488,-0.000009,-0.000011,-0.000016
2025-12-16 18:17:01.125,0.029533,-0.000182,-0.005459,-0.000010,-0.000011,-0.000016
2025-12-16 18:17:01.126,0.029608,-0.000257,-0.005425,-0.000010,-0.000011,-0.000016
2025-12-16 18:17:01.127,0.029692,-0.000349,-0.005390,-0.000010,-0.000011,-0.000016
2025-12-16 18:17:01.129,0.029767,-0.000431,-0.005360,-0.000010,-0.000011,-0.000016
2025-12-16 18:17:01.130,0.029858,-0.000543,-0.005323,-0.000010,-0.000011,-0.000016
2025-12-16 18:17:01.131,0.030025,-0.000757,-0.005247,-0.000011,-0.000011,-0.000016
2025-12-16 18:17:01.132,0.030099,-0.000852,-0.005208,-0.000011,-0.000011,-0.000016
2025-12-16 18:17:01.133,0.030182,-0.000973,-0.005162,-0.000011,-0.000011,-0.000016
2025-12-16 18:17:01.134,0.030268,-0.001115,-0.005118,-0.000011,-0.000011,-0.000016
2025-12-16 18:17:01.135,0.030350,-0.001257,-0.005071,-0.000011,-0.000012,-0.000016
2025-12-16 18:17:01.136,0.030426,-0.001386,-0.005021,-0.000011,-0.000012,-0.000017
2025-12-16 18:17:01.138,0.030497,-0.001517,-0.004971,-0.000011,-0.000012,-0.000017
2025-12-16 18:17:01.139,0.030556,-0.001628,-0.004930,-0.000012,-0.000012,-0.000017
2025-12-16 18:17:01.140,0.030660,-0.001879,-0.004827,-0.000012,-0.000012,-0.000017
2025-12-16 18:17:01.141,0.030708,-0.002012,-0.004770,-0.000012,-0.000012,-0.000017
2025-12-16 18:17:01.142,0.030748,-0.002126,-0.004719,-0.000012,-0.000012,-0.000017
2025-12-16 18:17:01.143,0.030785,-0.002261,-0.004655,-0.000012,-0.000012,-0.000017
2025-12-16 18:17:01.144,0.030818,-0.002397,-0.004584,-0.000012,-0.000012,-0.000017
2025-12-16 18:17:01.145,0.030847,-0.002542,-0.004510,-0.000012,-0.000012,-0.000017
2025-12-16 18:17:01.147,0.030873,-0.002684,-0.004435,-0.000012,-0.000012,-0.000017
2025-12-16 18:17:01.148,0.030893,-0.002817,-0.004360,-0.000013,-0.000012,-0.000017
2025-12-16 18:17:01.149,0.030906,-0.002954,-0.004279,-0.000013,-0.000012,-0.000018
2025-12-16 18:17:01.150,0.030913,-0.003223,-0.004125,-0.000013,-0.000013,-0.000018
2025-12-16 18:17:01.151,0.030911,-0.003370,-0.004050,-0.000013,-0.000013,-0.000018
2025-12-16 18:17:01.152,0.030909,-0.003501,-0.003987,-0.000013,-0.000013,-0.000018
2025-12-16 18:17:01.153,0.030902,-0.003640,-0.003918,-0.000014,-0.000013,-0.000018
2025-12-16 18:17:01.154,0.030891,-0.003784,-0.003839,-0.000014,-0.000013,-0.000018
2025-12-16 18:17:01.156,0.030875,-0.003923,-0.003756,-0.000014,-0.000013,-0.000018
2025-12-16 18:17:01.157,0.030857,-0.004068,-0.003667,-0.000014,-0.000013,-0.000018
2025-12-16 18:17:01.158,0.030838,-0.004211,-0.003573,-0.000015,-0.000013,-0.000018
2025-12-16 18:17:01.159,0.030809,-0.004464,-0.003395,-0.000015,-0.000013,-0.000018
2025-12-16 18:17:01.160,0.030797,-0.004599,-0.003295,-0.000015,-0.000013,-0.000018
2025-12-16 18:17:01.161,0.030785,-0.004738,-0.003190,-0.000015,-0.000013,-0.000018
2025-12-16 18:17:01.163,0.030770,-0.004875,-0.003081,-0.000015,-0.000013,-0.000018
2025-12-16 18:17:01.164,0.030734,-0.005154,-0.002872,-0.000015,-0.000013,-0.000018
2025-12-16 18:17:01.165,0.030715,-0.005302,-0.002771,-0.000015,-0.000013,-0.000018
2025-12-16 18:17:01.166,0.030694,-0.005457,-0.002665,-0.000016,-0.000014,-0.000018
2025-12-16 18:17:01.167,0.030670,-0.005602,-0.002564,-0.000015,-0.000014,-0.000018
2025-12-16 18:17:01.168,0.030647,-0.005745,-0.002465,-0.000016,-0.000014,-0.000018
2025-12-16 18:17:01.170,0.030628,-0.005864,-0.002383,-0.000016,-0.000014,-0.000018
2025-12-16 18:17:01.171,0.030603,-0.005993,-0.002278,-0.000016,-0.000014,-0.000018
2025-12-16 18:17:01.172,0.030574,-0.006123,-0.002170,-0.000016,-0.000014,-0.000019
2025-12-16 18:17:01.173,0.030517,-0.006390,-0.001936,-0.000016,-0.000014,-0.000018
2025-12-16 18:17:01.174,0.030485,-0.006521,-0.001814,-0.000016,-0.000014,-0.000018
2025-12-16 18:17:01.175,0.030452,-0.006644,-0.001694,-0.000016,-0.000014,-0.000018
2025-12-16 18:17:01.176,0.030419,-0.006762,-0.001582,-0.000017,-0.000014,-0.000019
2025-12-16 18:17:01.177,0.030387,-0.006882,-0.001470,-0.000016,-0.000014,-0.000019
2025-12-16 18:17:01.178,0.030356,-0.007003,-0.001358,-0.000017,-0.000014,-0.000019
2025-12-16 18:17:01.180,0.030321,-0.007122,-0.001245,-0.000017,-0.000014,-0.000019
2025-12-16 18:17:01.181,0.030287,-0.007240,-0.001133,-0.000017,-0.000014,-0.000019
2025-12-16 18:17:01.182,0.030254,-0.007359,-0.001020,-0.000017,-0.000014,-0.000019
2025-12-16 18:17:01.183,0.030191,-0.007604,-0.000793,-0.000017,-0.000014,-0.000019
2025-12-16 18:17:01.184,0.030162,-0.007722,-0.000678,-0.000017,-0.000014,-0.000019
2025-12-16 18:17:01.185,0.030135,-0.007838,-0.000553,-0.000017,-0.000014,-0.000019
2025-12-16 18:17:01.187,0.030106,-0.007945,-0.000425,-0.000017,-0.000014,-0.000019
2025-12-16 18:17:01.188,0.030057,-0.008142,-0.000179,-0.000018,-0.000014,-0.000019
2025-12-16 18:17:01.189,0.030036,-0.008238,-0.000057,-0.000018,-0.000014,-0.000019
2025-12-16 18:17:01.190,0.030015,-0.008335,0.000065,-0.000018,-0.000014,-0.000019
2025-12-16 18:17:01.191,0.029997,-0.008419,0.000167,-0.000019,-0.000014,-0.000019
2025-12-16 18:17:01.192,0.029980,-0.008501,0.000274,-0.000019,-0.000014,-0.000019
2025-12-16 18:17:01.193,0.029963,-0.008588,0.000378,-0.000019,-0.000014,-0.000019
2025-12-16 18:17:01.194,0.029027,-0.008390,0.000444,-0.000019,-0.000014,-0.000018
2025-12-16 18:17:01.196,0.028806,-0.008428,0.000553,-0.000019,-0.000014,-0.000018
2025-12-16 18:17:01.197,0.028880,-0.008558,0.000686,-0.000018,-0.000014,-0.000018
2025-12-16 18:17:01.198,0.029043,-0.008717,0.000829,-0.000019,-0.000014,-0.000018
2025-12-16 18:17:01.199,0.029350,-0.008993,0.001086,-0.000018,-0.000014,-0.000019
2025-12-16 18:17:01.200,0.029443,-0.009108,0.001222,-0.000018,-0.000014,-0.000019
2025-12-16 18:17:01.201,0.029494,-0.009208,0.001356,-0.000019,-0.000014,-0.000019
2025-12-16 18:17:01.202,0.029523,-0.009285,0.001467,-0.000019,-0.000014,-0.000019
2025-12-16 18:17:01.203,0.029520,-0.009360,0.001591,-0.000019,-0.000014,-0.000019
2025-12-16 18:17:01.205,0.029497,-0.009433,0.001714,-0.000020,-0.000014,-0.000019
2025-12-16 18:17:01.206,0.029418,-0.009565,0.001957,-0.000020,-0.000015,-0.000019
2025-12-16 18:17:01.207,0.029365,-0.009631,0.002080,-0.000020,-0.000014,-0.000019
2025-12-16 18:17:01.208,0.029306,-0.009695,0.002203,-0.000020,-0.000014,-0.000019
2025-12-16 18:17:01.209,0.029244,-0.009754,0.002319,-0.000020,-0.000014,-0.000019
2025-12-16 18:17:01.210,0.029179,-0.009805,0.002431,-0.000020,-0.000014,-0.000019
2025-12-16 18:17:01.212,0.029111,-0.009857,0.002543,-0.000020,-0.000014,-0.000019
2025-12-16 18:17:01.213,0.029053,-0.009902,0.002639,-0.000021,-0.000014,-0.000019
2025-12-16 18:17:01.214,0.028916,-0.009997,0.002839,-0.000020,-0.000014,-0.000019
2025-12-16 18:17:01.215,0.028848,-0.010043,0.002948,-0.000020,-0.000014,-0.000019
2025-12-16 18:17:01.216,0.028782,-0.010094,0.003060,-0.000020,-0.000014,-0.000019
2025-12-16 18:17:01.217,0.028714,-0.010142,0.003163,-0.000020,-0.000014,-0.000019
2025-12-16 18:17:01.218,0.028657,-0.010183,0.003247,-0.000020,-0.000014,-0.000019
2025-12-16 18:17:01.220,0.028539,-0.010302,0.003434,-0.000021,-0.000014,-0.000019
2025-12-16 18:17:01.221,0.028480,-0.010366,0.003531,-0.000020,-0.000014,-0.000019
2025-12-16 18:17:01.222,0.028421,-0.010423,0.003625,-0.000020,-0.000014,-0.000019
2025-12-16 18:17:01.223,0.028366,-0.010485,0.003716,-0.000020,-0.000014,-0.000019
2025-12-16 18:17:01.225,0.028310,-0.010539,0.003811,-0.000020,-0.000014,-0.000019
2025-12-16 18:17:01.226,0.028193,-0.010657,0.003988,-0.000020,-0.000014,-0.000019
2025-12-16 18:17:01.227,0.028136,-0.010722,0.004065,-0.000020,-0.000014,-0.000019
2025-12-16 18:17:01.228,0.028080,-0.010786,0.004141,-0.000021,-0.000014,-0.000019
2025-12-16 18:17:01.229,0.028022,-0.010856,0.004218,-0.000020,-0.000014,-0.000019
2025-12-16 18:17:01.231,0.027957,-0.010923,0.004295,-0.000020,-0.000014,-0.000019
2025-12-16 18:17:01.232,0.027889,-0.010992,0.004371,-0.000020,-0.000014,-0.000019
2025-12-16 18:17:01.233,0.027743,-0.011127,0.004514,-0.000020,-0.000014,-0.000019
2025-12-16 18:17:01.234,0.027664,-0.011194,0.004581,-0.000020,-0.000014,-0.000019
2025-12-16 18:17:01.235,0.027583,-0.011258,0.004651,-0.000020,-0.000014,-0.000019
2025-12-16 18:17:01.236,0.027500,-0.011323,0.004715,-0.000020,-0.000014,-0.000019
2025-12-16 18:17:01.237,0.027414,-0.011387,0.004782,-0.000020,-0.000014,-0.000019
2025-12-16 18:17:01.238,0.027325,-0.011452,0.004849,-0.000020,-0.000014,-0.000019
2025-12-16 18:17:01.240,0.027229,-0.011514,0.004919,-0.000020,-0.000014,-0.000019
2025-12-16 18:17:01.241,0.027131,-0.011574,0.004993,-0.000020,-0.000014,-0.000019
2025-12-16 18:17:01.242,0.027036,-0.011624,0.005062,-0.000021,-0.000014,-0.000019
2025-12-16 18:17:01.243,0.026831,-0.011738,0.005197,-0.000021,-0.000013,-0.000019
2025-12-16 18:17:01.244,0.026732,-0.011799,0.005264,-0.000021,-0.000013,-0.000019
2025-12-16 18:17:01.245,0.026632,-0.011854,0.005326,-0.000021,-0.000013,-0.000019
2025-12-16 18:17:01.246,0.026533,-0.011901,0.005398,-0.000021,-0.000013,-0.000019
2025-12-16 18:17:01.247,0.026433,-0.011945,0.005469,-0.000021,-0.000013,-0.000018
2025-12-16 18:17:01.248,0.026335,-0.011979,0.005544,-0.000021,-0.000013,-0.000019
2025-12-16 18:17:01.249,0.026240,-0.012014,0.005613,-0.000021,-0.000013,-0.000019
2025-12-16 18:17:01.250,0.026161,-0.012045,0.005669,-0.000021,-0.000012,-0.000019
2025-12-16 18:17:01.252,0.026079,-0.012085,0.005734,-0.000021,-0.000012,-0.000019
2025-12-16 18:17:01.253,0.025925,-0.012179,0.005861,-0.000021,-0.000012,-0.000018
2025-12-16 18:17:01.254,0.025854,-0.012227,0.005919,-0.000021,-0.000012,-0.000018
2025-12-16 18:17:01.255,0.025787,-0.012277,0.005971,-0.000021,-0.000012,-0.000018
2025-12-16 18:17:01.256,0.025722,-0.012318,0.006021,-0.000021,-0.000012,-0.000018
2025-12-16 18:17:01.257,0.025664,-0.012356,0.006066,-0.000021,-0.000012,-0.000018
2025-12-16 18:17:01.258,0.025608,-0.012394,0.006115,-0.000021,-0.000012,-0.000018
2025-12-16 18:17:01.259,0.025558,-0.012427,0.006159,-0.000021,-0.000012,-0.000018
2025-12-16 18:17:01.260,0.025509,-0.012462,0.006197,-0.000021,-0.000012,-0.000018
2025-12-16 18:17:01.261,0.025459,-0.012501,0.006233,-0.000021,-0.000012,-0.000018
2025-12-16 18:17:01.262,0.025417,-0.012535,0.006261,-0.000021,-0.000012,-0.000018
2025-12-16 18:17:01.264,0.025371,-0.012577,0.006289,-0.000021,-0.000012,-0.000018
2025-12-16 18:17:01.265,0.025322,-0.012620,0.006315,-0.000020,-0.000012,-0.000018
2025-12-16 18:17:01.266,0.025274,-0.012664,0.006334,-0.000020,-0.000012,-0.000018
2025-12-16 18:17:01.267,0.025226,-0.012715,0.006350,-0.000021,-0.000012,-0.000018
2025-12-16 18:17:01.268,0.025178,-0.012760,0.006361,-0.000021,-0.000012,-0.000018
2025-12-16 18:17:01.269,0.025075,-0.012856,0.006373,-0.000020,-0.000012,-0.000018
2025-12-16 18:17:01.270,0.025016,-0.012898,0.006377,-0.000021,-0.000012,-0.000018
2025-12-16 18:17:01.271,0.024954,-0.012933,0.006376,-0.000020,-0.000012,-0.000018
2025-12-16 18:17:01.272,0.024886,-0.012958,0.006371,-0.000021,-0.000012,-0.000018
2025-12-16 18:17:01.273,0.024814,-0.012986,0.006366,-0.000020,-0.000012,-0.000018
2025-12-16 18:17:01.274,0.024736,-0.013003,0.006363,-0.000020,-0.000012,-0.000018
2025-12-16 18:17:01.275,0.024654,-0.013023,0.006355,-0.000021,-0.000012,-0.000018
2025-12-16 18:17:01.276,0.024567,-0.013043,0.006344,-0.000020,-0.000012,-0.000018
2025-12-16 18:17:01.278,0.024478,-0.013062,0.006334,-0.000020,-0.000012,-0.000018
2025-12-16 18:17:01.279,0.024382,-0.013073,0.006323,-0.000020,-0.000011,-0.000018
2025-12-16 18:17:01.280,0.024191,-0.013091,0.006294,-0.000020,-0.000011,-0.000017
2025-12-16 18:17:01.281,0.024091,-0.013093,0.006279,-0.000020,-0.000011,-0.000017
2025-12-16 18:17:01.282,0.023992,-0.013089,0.006259,-0.000020,-0.000011,-0.000017
2025-12-16 18:17:01.283,0.023888,-0.013076,0.006241,-0.000020,-0.000011,-0.000017
2025-12-16 18:17:01.284,0.023780,-0.013048,0.006227,-0.000019,-0.000011,-0.000017
2025-12-16 18:17:01.285,0.023669,-0.013026,0.006208,-0.000019,-0.000011,-0.000017
2025-12-16 18:17:01.286,0.023562,-0.012995,0.006190,-0.000019,-0.000011,-0.000017
2025-12-16 18:17:01.287,0.023459,-0.012968,0.006176,-0.000019,-0.000011,-0.000017
2025-12-16 18:17:01.289,0.023358,-0.012934,0.006159,-0.000019,-0.000011,-0.000017
2025-12-16 18:17:01.290,0.023260,-0.012896,0.006142,-0.000019,-0.000011,-0.000017
2025-12-16 18:17:01.291,0.023163,-0.012859,0.006125,-0.000019,-0.000011,-0.000017
2025-12-16 18:17:01.292,0.023070,-0.012820,0.006112,-0.000019,-0.000011,-0.000017
2025-12-16 18:17:01.293,0.022983,-0.012776,0.006098,-0.000019,-0.000011,-0.000017
2025-12-16 18:17:01.294,0.022897,-0.012724,0.006080,-0.000019,-0.000011,-0.000017
2025-12-16 18:17:01.295,0.022818,-0.012678,0.006059,-0.000018,-0.000011,-0.000016
2025-12-16 18:17:01.296,0.022745,-0.012624,0.006042,-0.000018,-0.000010,-0.000016
2025-12-16 18:17:01.297,0.022677,-0.012576,0.006025,-0.000018,-0.000010,-0.000016
2025-12-16 18:17:01.298,0.022611,-0.012529,0.006001,-0.000018,-0.000010,-0.000016
2025-12-16 18:17:01.299,0.022479,-0.012436,0.005954,-0.000018,-0.000010,-0.000016
2025-12-16 18:17:01.300,0.022428,-0.012385,0.005926,-0.000019,-0.000010,-0.000016
2025-12-16 18:17:01.302,0.022379,-0.012334,0.005899,-0.000019,-0.000010,-0.000016
2025-12-16 18:17:01.303,0.022333,-0.012286,0.005875,-0.000018,-0.000010,-0.000016
2025-12-16 18:17:01.304,0.022248,-0.012189,0.005828,-0.000018,-0.000010,-0.000016
2025-12-16 18:17:01.305,0.022204,-0.012139,0.005799,-0.000017,-0.000011,-0.000016
2025-12-16 18:17:01.306,0.022155,-0.012087,0.005774,-0.000017,-0.000010,-0.000016
2025-12-16 18:17:01.307,0.022109,-0.012044,0.005750,-0.000017,-0.000011,-0.000016
2025-12-16 18:17:01.308,0.022072,-0.012010,0.005730,-0.000017,-0.000011,-0.000016
2025-12-16 18:17:01.309,0.022034,-0.011972,0.005708,-0.000016,-0.000010,-0.000016
2025-12-16 18:17:01.310,0.021990,-0.011924,0.005678,-0.000016,-0.000010,-0.000016
2025-12-16 18:17:01.311,0.021942,-0.011881,0.005650,-0.000016,-0.000010,-0.000015
2025-12-16 18:17:01.313,0.021900,-0.011845,0.005627,-0.000016,-0.000011,-0.000015
2025-12-16 18:17:01.314,0.021845,-0.011801,0.005596,-0.000016,-0.000010,-0.000015
2025-12-16 18:17:01.315,0.021727,-0.011707,0.005524,-0.000015,-0.000010,-0.000015
2025-12-16 18:17:01.316,0.021668,-0.011654,0.005493,-0.000015,-0.000010,-0.000015
2025-12-16 18:17:01.317,0.021606,-0.011593,0.005467,-0.000015,-0.000010,-0.000015
2025-12-16 18:17:01.318,0.021538,-0.011532,0.005444,-0.000015,-0.000010,-0.000015
2025-12-16 18:17:01.319,0.021467,-0.011472,0.005417,-0.000015,-0.000010,-0.000015
2025-12-16 18:17:01.320,0.021395,-0.011408,0.005386,-0.000015,-0.000010,-0.000015
2025-12-16 18:17:01.322,0.021322,-0.011344,0.005360,-0.000015,-0.000010,-0.000015
2025-12-16 18:17:01.323,0.021260,-0.011289,0.005339,-0.000014,-0.000010,-0.000015
2025-12-16 18:17:01.324,0.021186,-0.011225,0.005314,-0.000014,-0.000010,-0.000015
2025-12-16 18:17:01.325,0.021031,-0.011079,0.005252,-0.000014,-0.000010,-0.000014
2025-12-16 18:17:01.326,0.020965,-0.011012,0.005229,-0.000014,-0.000010,-0.000014
2025-12-16 18:17:01.327,0.020891,-0.010931,0.005205,-0.000014,-0.000010,-0.000014
2025-12-16 18:17:01.328,0.020816,-0.010848,0.005179,-0.000014,-0.000010,-0.000014
2025-12-16 18:17:01.330,0.020742,-0.010768,0.005153,-0.000014,-0.000010,-0.000014
2025-12-16 18:17:01.331,0.020668,-0.010683,0.005126,-0.000014,-0.000010,-0.000014
2025-12-16 18:17:01.332,0.020528,-0.010501,0.005075,-0.000013,-0.000010,-0.000014
2025-12-16 18:17:01.333,0.020468,-0.010414,0.005053,-0.000013,-0.000010,-0.000014
2025-12-16 18:17:01.334,0.020408,-0.010324,0.005032,-0.000013,-0.000010,-0.000014
2025-12-16 18:17:01.335,0.020353,-0.010235,0.005010,-0.000013,-0.000010,-0.000014
2025-12-16 18:17:01.336,0.020303,-0.010148,0.004985,-0.000013,-0.000010,-0.000014
2025-12-16 18:17:01.337,0.020258,-0.010064,0.004957,-0.000013,-0.000010,-0.000014
2025-12-16 18:17:01.338,0.020221,-0.009994,0.004933,-0.000013,-0.000010,-0.000014
2025-12-16 18:17:01.339,0.020189,-0.009912,0.004912,-0.000013,-0.000010,-0.000014
2025-12-16 18:17:01.341,0.020158,-0.009827,0.004889,-0.000012,-0.000010,-0.000013
2025-12-16 18:17:01.342,0.020132,-0.009745,0.004864,-0.000012,-0.000010,-0.000013
2025-12-16 18:17:01.343,0.020108,-0.009660,0.004836,-0.000012,-0.000010,-0.000013
2025-12-16 18:17:01.344,0.020076,-0.009515,0.004778,-0.000012,-0.000010,-0.000013
2025-12-16 18:17:01.345,0.020067,-0.009449,0.004740,-0.000012,-0.000010,-0.000013
2025-12-16 18:17:01.346,0.020055,-0.009386,0.004703,-0.000012,-0.000010,-0.000013
2025-12-16 18:17:01.347,0.020050,-0.009328,0.004668,-0.000012,-0.000010,-0.000013
2025-12-16 18:17:01.348,0.020046,-0.009273,0.004632,-0.000012,-0.000010,-0.000013
2025-12-16 18:17:01.349,0.020046,-0.009216,0.004599,-0.000012,-0.000009,-0.000013
2025-12-16 18:17:01.350,0.020050,-0.009162,0.004567,-0.000012,-0.000009,-0.000013
2025-12-16 18:17:01.352,0.020055,-0.009117,0.004539,-0.000012,-0.000009,-0.000013
2025-12-16 18:17:01.353,0.020061,-0.009027,0.004466,-0.000012,-0.000009,-0.000013
2025-12-16 18:17:01.354,0.020063,-0.008992,0.004429,-0.000012,-0.000009,-0.000013
2025-12-16 18:17:01.355,0.020060,-0.008958,0.004396,-0.000011,-0.000009,-0.000013
2025-12-16 18:17:01.356,0.020054,-0.008922,0.004360,-0.000011,-0.000009,-0.000013
2025-12-16 18:17:01.357,0.020048,-0.008897,0.004323,-0.000011,-0.000009,-0.000013
2025-12-16 18:17:01.358,0.020039,-0.008873,0.004287,-0.000011,-0.000009,-0.000013
2025-12-16 18:17:01.359,0.020024,-0.008843,0.004248,-0.000011,-0.000009,-0.000013
2025-12-16 18:17:01.360,0.020001,-0.008815,0.004209,-0.000011,-0.000010,-0.000013
2025-12-16 18:17:01.361,0.019972,-0.008782,0.004166,-0.000011,-0.000009,-0.000013
2025-12-16 18:17:01.362,0.019945,-0.008753,0.004128,-0.000011,-0.000010,-0.000013
2025-12-16 18:17:01.363,0.019909,-0.008717,0.004093,-0.000011,-0.000010,-0.000013
2025-12-16 18:17:01.365,0.019870,-0.008683,0.004063,-0.000011,-0.000010,-0.000013
2025-12-16 18:17:01.366,0.019789,-0.008613,0.004013,-0.000010,-0.000010,-0.000013
2025-12-16 18:17:01.367,0.019730,-0.008567,0.003987,-0.000010,-0.000010,-0.000013
2025-12-16 18:17:01.368,0.019666,-0.008521,0.003962,-0.000010,-0.000010,-0.000013
2025-12-16 18:17:01.369,0.019598,-0.008480,0.003936,-0.000010,-0.000010,-0.000013
2025-12-16 18:17:01.371,0.019529,-0.008439,0.003910,-0.000010,-0.000010,-0.000012
2025-12-16 18:17:01.372,0.019469,-0.008399,0.003900,-0.000010,-0.000009,-0.000012
2025-12-16 18:17:01.373,0.019400,-0.008350,0.003890,-0.000010,-0.000009,-0.000012
2025-12-16 18:17:01.374,0.019327,-0.008300,0.003880,-0.000010,-0.000009,-0.000012
2025-12-16 18:17:01.375,0.019244,-0.008242,0.003873,-0.000010,-0.000009,-0.000012
2025-12-16 18:17:01.376,0.019158,-0.008181,0.003869,-0.000010,-0.000009,-0.000012
2025-12-16 18:17:01.377,0.018992,-0.008055,0.003861,-0.000009,-0.000009,-0.000012
2025-12-16 18:17:01.378,0.018915,-0.007996,0.003859,-0.000009,-0.000009,-0.000012
2025-12-16 18:17:01.379,0.018835,-0.007935,0.003861,-0.000009,-0.000009,-0.000012
2025-12-16 18:17:01.380,0.018759,-0.007875,0.003866,-0.000009,-0.000009,-0.000012
2025-12-16 18:17:01.381,0.018691,-0.007816,0.003877,-0.000009,-0.000009,-0.000012
2025-12-16 18:17:01.382,0.018630,-0.007767,0.003883,-0.000009,-0.000009,-0.000012
2025-12-16 18:17:01.384,0.018569,-0.007717,0.003892,-0.000009,-0.000009,-0.000012
2025-12-16 18:17:01.385,0.018460,-0.007617,0.003920,-0.000009,-0.000009,-0.000012
2025-12-16 18:17:01.386,0.018414,-0.007571,0.003937,-0.000009,-0.000009,-0.000012
2025-12-16 18:17:01.387,0.018369,-0.007526,0.003952,-0.000009,-0.000009,-0.000012
2025-12-16 18:17:01.389,0.018330,-0.007484,0.003968,-0.000009,-0.000009,-0.000012
2025-12-16 18:17:01.390,0.018270,-0.007414,0.003999,-0.000008,-0.000009,-0.000012
2025-12-16 18:17:01.391,0.018245,-0.007385,0.004018,-0.000008,-0.000009,-0.000012
2025-12-16 18:17:01.392,0.018225,-0.007362,0.004035,-0.000008,-0.000009,-0.000012
2025-12-16 18:17:01.393,0.018210,-0.007338,0.004056,-0.000008,-0.000009,-0.000012
2025-12-16 18:17:01.394,0.018202,-0.007315,0.004079,-0.000008,-0.000009,-0.000012
2025-12-16 18:17:01.395,0.018197,-0.007296,0.004099,-0.000008,-0.000009,-0.000012
2025-12-16 18:17:01.397,0.018196,-0.007281,0.004115,-0.000008,-0.000009,-0.000012
2025-12-16 18:17:01.398,0.018195,-0.007263,0.004134,-0.000008,-0.000009,-0.000012
2025-12-16 18:17:01.399,0.018200,-0.007248,0.004151,-0.000008,-0.000009,-0.000011
2025-12-16 18:17:01.400,0.018213,-0.007240,0.004166,-0.000008,-0.000009,-0.000011
2025-12-16 18:17:01.401,0.018227,-0.007234,0.004178,-0.000008,-0.000009,-0.000011
2025-12-16 18:17:01.403,0.018268,-0.007217,0.004215,-0.000008,-0.000009,-0.000011
2025-12-16 18:17:01.404,0.018286,-0.007221,0.004202,-0.000009,-0.000009,-0.000011
2025-12-16 18:17:01.405,0.018311,-0.007228,0.004196,-0.000008,-0.000009,-0.000011
2025-12-16 18:17:01.406,0.018335,-0.007235,0.004193,-0.000008,-0.000009,-0.000012
2025-12-16 18:17:01.407,0.018358,-0.007239,0.004186,-0.000008,-0.000009,-0.000011
2025-12-16 18:17:01.408,0.018380,-0.007242,0.004174,-0.000008,-0.000009,-0.000011
2025-12-16 18:17:01.409,0.018399,-0.007244,0.004162,-0.000008,-0.000009,-0.000011
2025-12-16 18:17:01.410,0.018416,-0.007233,0.004151,-0.000008,-0.000009,-0.000011
2025-12-16 18:17:01.411,0.018433,-0.007219,0.004137,-0.000008,-0.000009,-0.000012
2025-12-16 18:17:01.412,0.018454,-0.007209,0.004116,-0.000008,-0.000009,-0.000012
2025-12-16 18:17:01.413,0.018473,-0.007198,0.004093,-0.000008,-0.000009,-0.000012
2025-12-16 18:17:01.415,0.018491,-0.007163,0.004028,-0.000008,-0.000009,-0.000011
2025-12-16 18:17:01.416,0.018495,-0.007146,0.004000,-0.000008,-0.000009,-0.000011
2025-12-16 18:17:01.417,0.018496,-0.007123,0.003970,-0.000008,-0.000009,-0.000011
2025-12-16 18:17:01.418,0.018495,-0.007103,0.003943,-0.000008,-0.000009,-0.000011
2025-12-16 18:17:01.421,0.018473,-0.006996,0.003829,-0.000008,-0.000009,-0.000011
2025-12-16 18:17:01.423,0.018457,-0.006946,0.003792,-0.000008,-0.000009,-0.000011
2025-12-16 18:17:01.424,0.018424,-0.006849,0.003718,-0.000008,-0.000009,-0.000011
2025-12-16 18:17:01.425,0.018412,-0.006807,0.003688,-0.000008,-0.000009,-0.000011
2025-12-16 18:17:01.426,0.018393,-0.006756,0.003656,-0.000008,-0.000009,-0.000011
2025-12-16 18:17:01.427,0.018372,-0.006694,0.003616,-0.000008,-0.000009,-0.000011
2025-12-16 18:17:01.428,0.018348,-0.006625,0.003574,-0.000008,-0.000009,-0.000011
2025-12-16 18:17:01.429,0.018326,-0.006564,0.003537,-0.000008,-0.000009,-0.000011
2025-12-16 18:17:01.431,0.018302,-0.006507,0.003498,-0.000008,-0.000009,-0.000011
2025-12-16 18:17:01.432,0.018255,-0.006373,0.003410,-0.000008,-0.000009,-0.000011
2025-12-16 18:17:01.433,0.018234,-0.006304,0.003366,-0.000008,-0.000009,-0.000011
2025-12-16 18:17:01.434,0.018219,-0.006240,0.003331,-0.000008,-0.000009,-0.000011
2025-12-16 18:17:01.435,0.018209,-0.006178,0.003300,-0.000008,-0.000009,-0.000011
2025-12-16 18:17:01.436,0.018197,-0.006115,0.003269,-0.000008,-0.000009,-0.000011
2025-12-16 18:17:01.438,0.018188,-0.006055,0.003246,-0.000008,-0.000009,-0.000011
2025-12-16 18:17:01.439,0.018184,-0.005955,0.003210,-0.000008,-0.000009,-0.000011
2025-12-16 18:17:01.440,0.018188,-0.005907,0.003192,-0.000007,-0.000009,-0.000011
2025-12-16 18:17:01.441,0.018198,-0.005866,0.003176,-0.000008,-0.000009,-0.000011
2025-12-16 18:17:01.442,0.018213,-0.005826,0.003159,-0.000007,-0.000009,-0.000011
2025-12-16 18:17:01.445,0.018275,-0.005718,0.003132,-0.000007,-0.000009,-0.000011
2025-12-16 18:17:01.446,0.018301,-0.005684,0.003132,-0.000007,-0.000009,-0.000011
2025-12-16 18:17:01.447,0.018333,-0.005660,0.003131,-0.000007,-0.000009,-0.000011
2025-12-16 18:17:01.448,0.018368,-0.005635,0.003135,-0.000007,-0.000009,-0.000011
2025-12-16 18:17:01.449,0.018405,-0.005609,0.003143,-0.000007,-0.000009,-0.000011
2025-12-16 18:17:01.450,0.018444,-0.005589,0.003153,-0.000007,-0.000009,-0.000011
2025-12-16 18:17:01.452,0.018490,-0.005578,0.003158,-0.000007,-0.000009,-0.000011
2025-12-16 18:17:01.453,0.018584,-0.005559,0.003158,-0.000007,-0.000009,-0.000011
2025-12-16 18:17:01.454,0.018632,-0.005545,0.003163,-0.000007,-0.000009,-0.000011
2025-12-16 18:17:01.455,0.018684,-0.005530,0.003168,-0.000007,-0.000009,-0.000011
2025-12-16 18:17:01.456,0.018738,-0.005514,0.003177,-0.000007,-0.000009,-0.000011
2025-12-16 18:17:01.457,0.018797,-0.005502,0.003181,-0.000007,-0.000009,-0.000011
2025-12-16 18:17:01.458,0.018849,-0.005495,0.003183,-0.000007,-0.000009,-0.000011
2025-12-16 18:17:01.460,0.018909,-0.005489,0.003189,-0.000007,-0.000009,-0.000011
2025-12-16 18:17:01.461,0.019028,-0.005467,0.003193,-0.000007,-0.000009,-0.000011
2025-12-16 18:17:01.462,0.019087,-0.005452,0.003196,-0.000007,-0.000009,-0.000011
2025-12-16 18:17:01.463,0.019147,-0.005439,0.003198,-0.000007,-0.000009,-0.000011
2025-12-16 18:17:01.464,0.019206,-0.005422,0.003203,-0.000008,-0.000009,-0.000011
2025-12-16 18:17:01.465,0.019263,-0.005399,0.003209,-0.000008,-0.000009,-0.000011
2025-12-16 18:17:01.466,0.019316,-0.005374,0.003212,-0.000008,-0.000009,-0.000011
2025-12-16 18:17:01.468,0.019362,-0.005341,0.003214,-0.000008,-0.000009,-0.000012
2025-12-16 18:17:01.469,0.019435,-0.005280,0.003213,-0.000008,-0.000009,-0.000012
2025-12-16 18:17:01.470,0.019467,-0.005246,0.003205,-0.000008,-0.000009,-0.000012
2025-12-16 18:17:01.471,0.019497,-0.005206,0.003203,-0.000008,-0.000009,-0.000012
2025-12-16 18:17:01.472,0.019525,-0.005164,0.003204,-0.000008,-0.000009,-0.000012
2025-12-16 18:17:01.473,0.019544,-0.005120,0.003198,-0.000008,-0.000009,-0.000012
2025-12-16 18:17:01.474,0.019561,-0.005076,0.003191,-0.000008,-0.000009,-0.000012
2025-12-16 18:17:01.475,0.019573,-0.005030,0.003182,-0.000008,-0.000009,-0.000012
2025-12-16 18:17:01.476,0.019582,-0.004974,0.003174,-0.000008,-0.000009,-0.000012
2025-12-16 18:17:01.478,0.019586,-0.004920,0.003163,-0.000008,-0.000009,-0.000012
2025-12-16 18:17:01.479,0.019584,-0.004863,0.003150,-0.000008,-0.000009,-0.000012
2025-12-16 18:17:01.480,0.019566,-0.004744,0.003116,-0.000008,-0.000009,-0.000011
2025-12-16 18:17:01.481,0.019555,-0.004683,0.003099,-0.000008,-0.000009,-0.000011
2025-12-16 18:17:01.482,0.019539,-0.004618,0.003079,-0.000008,-0.000009,-0.000011
2025-12-16 18:17:01.483,0.019519,-0.004556,0.003058,-0.000008,-0.000010,-0.000011
2025-12-16 18:17:01.484,0.019496,-0.004493,0.003034,-0.000008,-0.000009,-0.000011
2025-12-16 18:17:01.486,0.019472,-0.004432,0.003005,-0.000008,-0.000010,-0.000011
2025-12-16 18:17:01.487,0.019447,-0.004374,0.002975,-0.000008,-0.000010,-0.000011
2025-12-16 18:17:01.488,0.019410,-0.004278,0.002911,-0.000007,-0.000009,-0.000011
2025-12-16 18:17:01.489,0.019392,-0.004234,0.002877,-0.000007,-0.000010,-0.000011
2025-12-16 18:17:01.490,0.019381,-0.004194,0.002841,-0.000007,-0.000009,-0.000011
2025-12-16 18:17:01.491,0.019370,-0.004152,0.002809,-0.000007,-0.000009,-0.000011
2025-12-16 18:17:01.492,0.019362,-0.004109,0.002771,-0.000007,-0.000009,-0.000011
2025-12-16 18:17:01.493,0.019354,-0.004066,0.002733,-0.000007,-0.000009,-0.000011
2025-12-16 18:17:01.494,0.019356,-0.004037,0.002697,-0.000007,-0.000009,-0.000011
2025-12-16 18:17:01.495,0.019356,-0.004008,0.002661,-0.000007,-0.000009,-0.000011
2025-12-16 18:17:01.497,0.019358,-0.003983,0.002625,-0.000007,-0.000009,-0.000011
2025-12-16 18:17:01.498,0.019380,-0.003938,0.002538,-0.000007,-0.000009,-0.000011
2025-12-16 18:17:01.499,0.019397,-0.003918,0.002499,-0.000007,-0.000009,-0.000011
2025-12-16 18:17:01.500,0.019423,-0.003905,0.002464,-0.000007,-0.000009,-0.000011
2025-12-16 18:17:01.501,0.019450,-0.003894,0.002431,-0.000007,-0.000009,-0.000011
2025-12-16 18:17:01.502,0.019479,-0.003890,0.002395,-0.000007,-0.000009,-0.000011
2025-12-16 18:17:01.504,0.019514,-0.003891,0.002359,-0.000007,-0.000009,-0.000011
2025-12-16 18:17:01.505,0.019553,-0.003895,0.002325,-0.000007,-0.000009,-0.000011
2025-12-16 18:17:01.506,0.019649,-0.003904,0.002270,-0.000007,-0.000009,-0.000011
2025-12-16 18:17:01.507,0.019697,-0.003902,0.002245,-0.000007,-0.000009,-0.000011
2025-12-16 18:17:01.508,0.019746,-0.003899,0.002220,-0.000007,-0.000009,-0.000011
2025-12-16 18:17:01.509,0.019798,-0.003895,0.002199,-0.000007,-0.000009,-0.000011
2025-12-16 18:17:01.511,0.019850,-0.003896,0.002174,-0.000007,-0.000009,-0.000011
2025-12-16 18:17:01.512,0.019904,-0.003902,0.002153,-0.000007,-0.000009,-0.000011
2025-12-16 18:17:01.513,0.020008,-0.003912,0.002119,-0.000007,-0.000009,-0.000011
2025-12-16 18:17:01.514,0.020061,-0.003918,0.002100,-0.000007,-0.000009,-0.000011
2025-12-16 18:17:01.515,0.020113,-0.003923,0.002087,-0.000007,-0.000009,-0.000011
2025-12-16 18:17:01.516,0.020163,-0.003931,0.002072,-0.000007,-0.000009,-0.000011
2025-12-16 18:17:01.517,0.020210,-0.003934,0.002065,-0.000007,-0.000009,-0.000011
2025-12-16 18:17:01.518,0.020251,-0.003939,0.002059,-0.000007,-0.000010,-0.000011
2025-12-16 18:17:01.520,0.020290,-0.003946,0.002055,-0.000007,-0.000010,-0.000011
2025-12-16 18:17:01.521,0.020324,-0.003946,0.002054,-0.000007,-0.000010,-0.000011
2025-12-16 18:17:01.522,0.020352,-0.003943,0.002054,-0.000007,-0.000009,-0.000011
2025-12-16 18:17:01.523,0.020373,-0.003939,0.002054,-0.000007,-0.000010,-0.000011
2025-12-16 18:17:01.524,0.020404,-0.003933,0.002071,-0.000007,-0.000010,-0.000011
2025-12-16 18:17:01.525,0.020408,-0.003930,0.002081,-0.000007,-0.000010,-0.000011
2025-12-16 18:17:01.526,0.020405,-0.003928,0.002095,-0.000007,-0.000010,-0.000011
2025-12-16 18:17:01.527,0.020398,-0.003927,0.002114,-0.000007,-0.000010,-0.000011
2025-12-16 18:17:01.528,0.020388,-0.003927,0.002135,-0.000007,-0.000010,-0.000011
2025-12-16 18:17:01.530,0.020370,-0.003925,0.002158,-0.000007,-0.000010,-0.000011
2025-12-16 18:17:01.531,0.020348,-0.003922,0.002189,-0.000008,-0.000010,-0.000011
2025-12-16 18:17:01.532,0.020320,-0.003918,0.002220,-0.000007,-0.000010,-0.000011
2025-12-16 18:17:01.533,0.020247,-0.003908,0.002293,-0.000007,-0.000010,-0.000011
2025-12-16 18:17:01.534,0.020206,-0.003907,0.002328,-0.000008,-0.000010,-0.000011
2025-12-16 18:17:01.535,0.020162,-0.003911,0.002362,-0.000008,-0.000010,-0.000011
2025-12-16 18:17:01.536,0.020124,-0.003916,0.002390,-0.000008,-0.000010,-0.000011
2025-12-16 18:17:01.537,0.020079,-0.003924,0.002432,-0.000008,-0.000010,-0.000011
2025-12-16 18:17:01.538,0.020038,-0.003932,0.002474,-0.000008,-0.000010,-0.000012
2025-12-16 18:17:01.539,0.019987,-0.003938,0.002532,-0.000007,-0.000010,-0.000011
2025-12-16 18:17:01.540,0.019940,-0.003942,0.002587,-0.000007,-0.000010,-0.000012
2025-12-16 18:17:01.541,0.019892,-0.003958,0.002639,-0.000007,-0.000010,-0.000011
2025-12-16 18:17:01.542,0.019841,-0.003978,0.002693,-0.000007,-0.000010,-0.000011
2025-12-16 18:17:01.543,0.019784,-0.004000,0.002755,-0.000007,-0.000010,-0.000011
2025-12-16 18:17:01.545,0.019730,-0.004034,0.002818,-0.000007,-0.000010,-0.000011
2025-12-16 18:17:01.546,0.019680,-0.004073,0.002883,-0.000007,-0.000010,-0.000011
2025-12-16 18:17:01.547,0.019639,-0.004107,0.002939,-0.000007,-0.000010,-0.000011
2025-12-16 18:17:01.548,0.019563,-0.004186,0.003047,-0.000007,-0.000010,-0.000011
2025-12-16 18:17:01.549,0.019531,-0.004221,0.003091,-0.000007,-0.000010,-0.000011
2025-12-16 18:17:01.550,0.019504,-0.004258,0.003135,-0.000007,-0.000010,-0.000011
2025-12-16 18:17:01.551,0.019482,-0.004309,0.003176,-0.000007,-0.000010,-0.000011
2025-12-16 18:17:01.552,0.019466,-0.004365,0.003214,-0.000007,-0.000010,-0.000011
2025-12-16 18:17:01.553,0.019456,-0.004429,0.003250,-0.000007,-0.000010,-0.000011
2025-12-16 18:17:01.554,0.019450,-0.004484,0.003281,-0.000007,-0.000010,-0.000011
2025-12-16 18:17:01.556,0.019447,-0.004601,0.003341,-0.000007,-0.000010,-0.000011
2025-12-16 18:17:01.557,0.019452,-0.004667,0.003359,-0.000007,-0.000010,-0.000011
2025-12-16 18:17:01.558,0.019459,-0.004736,0.003375,-0.000007,-0.000010,-0.000011
2025-12-16 18:17:01.559,0.019471,-0.004814,0.003382,-0.000007,-0.000010,-0.000011
2025-12-16 18:17:01.561,0.019486,-0.004896,0.003386,-0.000008,-0.000010,-0.000011
2025-12-16 18:17:01.562,0.019518,-0.005058,0.003380,-0.000007,-0.000010,-0.000012
2025-12-16 18:17:01.563,0.019535,-0.005147,0.003367,-0.000008,-0.000010,-0.000012
2025-12-16 18:17:01.564,0.019551,-0.005235,0.003349,-0.000008,-0.000010,-0.000012
2025-12-16 18:17:01.565,0.019571,-0.005322,0.003327,-0.000008,-0.000010,-0.000012
2025-12-16 18:17:01.566,0.019588,-0.005395,0.003307,-0.000008,-0.000010,-0.000012
2025-12-16 18:17:01.567,0.019603,-0.005474,0.003278,-0.000008,-0.000009,-0.000012
2025-12-16 18:17:01.569,0.019622,-0.005566,0.003241,-0.000008,-0.000009,-0.000012
2025-12-16 18:17:01.570,0.019640,-0.005648,0.003207,-0.000008,-0.000009,-0.000012
2025-12-16 18:17:01.571,0.019652,-0.005734,0.003160,-0.000008,-0.000009,-0.000012
2025-12-16 18:17:01.572,0.019666,-0.005913,0.003061,-0.000008,-0.000009,-0.000012
2025-12-16 18:17:01.573,0.019664,-0.005999,0.003000,-0.000008,-0.000009,-0.000012
2025-12-16 18:17:01.575,0.019656,-0.006079,0.002939,-0.000009,-0.000009,-0.000012
2025-12-16 18:17:01.576,0.019643,-0.006158,0.002876,-0.000009,-0.000009,-0.000012
2025-12-16 18:17:01.577,0.019628,-0.006239,0.002809,-0.000008,-0.000009,-0.000012
2025-12-16 18:17:01.578,0.019579,-0.006385,0.002675,-0.000009,-0.000009,-0.000012
2025-12-16 18:17:01.579,0.019549,-0.006453,0.002606,-0.000009,-0.000009,-0.000012
2025-12-16 18:17:01.581,0.019519,-0.006514,0.002540,-0.000009,-0.000009,-0.000012
2025-12-16 18:17:01.582,0.019477,-0.006574,0.002466,-0.000008,-0.000009,-0.000012
2025-12-16 18:17:01.583,0.019380,-0.006678,0.002316,-0.000009,-0.000009,-0.000012
2025-12-16 18:17:01.584,0.019324,-0.006724,0.002242,-0.000009,-0.000009,-0.000012
2025-12-16 18:17:01.585,0.019263,-0.006769,0.002170,-0.000009,-0.000009,-0.000012
2025-12-16 18:17:01.586,0.019198,-0.006811,0.002097,-0.000009,-0.000009,-0.000011
2025-12-16 18:17:01.589,0.019071,-0.006890,0.001960,-0.000009,-0.000009,-0.000011
2025-12-16 18:17:01.590,0.019004,-0.006924,0.001896,-0.000009,-0.000009,-0.000011
2025-12-16 18:17:01.591,0.018937,-0.006955,0.001833,-0.000008,-0.000008,-0.000011
2025-12-16 18:17:01.592,0.018870,-0.006985,0.001775,-0.000008,-0.000008,-0.000011
2025-12-16 18:17:01.593,0.018746,-0.007036,0.001672,-0.000009,-0.000008,-0.000011
2025-12-16 18:17:01.594,0.018688,-0.007061,0.001628,-0.000008,-0.000008,-0.000011
2025-12-16 18:17:01.595,0.018633,-0.007086,0.001591,-0.000008,-0.000008,-0.000011
2025-12-16 18:17:01.596,0.018580,-0.007107,0.001556,-0.000008,-0.000008,-0.000011
2025-12-16 18:17:01.597,0.018532,-0.007127,0.001521,-0.000008,-0.000008,-0.000011
2025-12-16 18:17:01.598,0.018491,-0.007143,0.001495,-0.000008,-0.000008,-0.000011
2025-12-16 18:17:01.599,0.018452,-0.007160,0.001474,-0.000008,-0.000008,-0.000011
2025-12-16 18:17:01.601,0.018417,-0.007180,0.001457,-0.000008,-0.000008,-0.000011
2025-12-16 18:17:01.602,0.018366,-0.007226,0.001429,-0.000008,-0.000008,-0.000011
2025-12-16 18:17:01.603,0.018348,-0.007243,0.001424,-0.000008,-0.000008,-0.000011
2025-12-16 18:17:01.604,0.018334,-0.007256,0.001423,-0.000008,-0.000008,-0.000011
2025-12-16 18:17:01.605,0.018320,-0.007269,0.001422,-0.000008,-0.000008,-0.000011
2025-12-16 18:17:01.606,0.018306,-0.007282,0.001421,-0.000008,-0.000008,-0.000011
2025-12-16 18:17:01.607,0.018316,-0.007298,0.001449,-0.000008,-0.000008,-0.000011
2025-12-16 18:17:01.608,0.018330,-0.007311,0.001470,-0.000008,-0.000008,-0.000011
2025-12-16 18:17:01.609,0.018348,-0.007322,0.001497,-0.000008,-0.000008,-0.000011
2025-12-16 18:17:01.611,0.018367,-0.007333,0.001526,-0.000008,-0.000008,-0.000011
2025-12-16 18:17:01.612,0.018390,-0.007343,0.001553,-0.000008,-0.000008,-0.000011
2025-12-16 18:17:01.613,0.018419,-0.007356,0.001582,-0.000008,-0.000008,-0.000011
2025-12-16 18:17:01.614,0.018448,-0.007370,0.001613,-0.000008,-0.000008,-0.000011
2025-12-16 18:17:01.615,0.018514,-0.007400,0.001671,-0.000008,-0.000008,-0.000011
2025-12-16 18:17:01.616,0.018548,-0.007416,0.001702,-0.000008,-0.000008,-0.000011
2025-12-16 18:17:01.617,0.018581,-0.007432,0.001730,-0.000008,-0.000008,-0.000011
2025-12-16 18:17:01.618,0.018618,-0.007449,0.001760,-0.000008,-0.000008,-0.000011
2025-12-16 18:17:01.619,0.018657,-0.007466,0.001786,-0.000008,-0.000008,-0.000011
2025-12-16 18:17:01.620,0.018697,-0.007479,0.001811,-0.000008,-0.000008,-0.000011
2025-12-16 18:17:01.621,0.018736,-0.007492,0.001839,-0.000009,-0.000008,-0.000011
2025-12-16 18:17:01.622,0.018767,-0.007502,0.001863,-0.000008,-0.000008,-0.000011
2025-12-16 18:17:01.623,0.018802,-0.007514,0.001883,-0.000009,-0.000009,-0.000011
2025-12-16 18:17:01.625,0.018837,-0.007527,0.001897,-0.000008,-0.000009,-0.000011
2025-12-16 18:17:01.626,0.018872,-0.007546,0.001908,-0.000009,-0.000009,-0.000011
2025-12-16 18:17:01.627,0.018902,-0.007563,0.001917,-0.000009,-0.000009,-0.000011
2025-12-16 18:17:01.628,0.018932,-0.007579,0.001925,-0.000009,-0.000008,-0.000011
2025-12-16 18:17:01.629,0.018971,-0.007597,0.001935,-0.000009,-0.000009,-0.000011
2025-12-16 18:17:01.630,0.018987,-0.007610,0.001929,-0.000009,-0.000008,-0.000011
2025-12-16 18:17:01.631,0.019000,-0.007621,0.001923,-0.000009,-0.000008,-0.000011
2025-12-16 18:17:01.632,0.019011,-0.007630,0.001917,-0.000009,-0.000008,-0.000011
2025-12-16 18:17:01.633,0.019017,-0.007638,0.001908,-0.000009,-0.000008,-0.000011
2025-12-16 18:17:01.634,0.019021,-0.007644,0.001899,-0.000009,-0.000008,-0.000011
2025-12-16 18:17:01.636,0.019019,-0.007648,0.001882,-0.000009,-0.000008,-0.000011
2025-12-16 18:17:01.637,0.019016,-0.007652,0.001855,-0.000009,-0.000008,-0.000011
2025-12-16 18:17:01.638,0.019009,-0.007662,0.001823,-0.000009,-0.000008,-0.000011
2025-12-16 18:17:01.639,0.019002,-0.007674,0.001794,-0.000009,-0.000008,-0.000011
2025-12-16 18:17:01.640,0.018968,-0.007677,0.001722,-0.000009,-0.000008,-0.000011
2025-12-16 18:17:01.641,0.018947,-0.007676,0.001678,-0.000009,-0.000009,-0.000011
2025-12-16 18:17:01.642,0.018928,-0.007674,0.001641,-0.000009,-0.000008,-0.000011
2025-12-16 18:17:01.643,0.018909,-0.007678,0.001594,-0.000010,-0.000009,-0.000011
2025-12-16 18:17:01.644,0.018889,-0.007681,0.001542,-0.000009,-0.000008,-0.000011
2025-12-16 18:17:01.645,0.018867,-0.007684,0.001485,-0.000009,-0.000008,-0.000011
2025-12-16 18:17:01.646,0.018849,-0.007687,0.001427,-0.000009,-0.000008,-0.000011
2025-12-16 18:17:01.647,0.018830,-0.007688,0.001367,-0.000009,-0.000008,-0.000011
2025-12-16 18:17:01.648,0.018810,-0.007688,0.001306,-0.000009,-0.000008,-0.000011
2025-12-16 18:17:01.649,0.018794,-0.007699,0.001241,-0.000009,-0.000008,-0.000011
2025-12-16 18:17:01.651,0.018777,-0.007708,0.001172,-0.000009,-0.000008,-0.000011
2025-12-16 18:17:01.652,0.018753,-0.007721,0.001045,-0.000009,-0.000008,-0.000011
2025-12-16 18:17:01.653,0.018749,-0.007724,0.000995,-0.000009,-0.000008,-0.000011
2025-12-16 18:17:01.654,0.018747,-0.007735,0.000936,-0.000009,-0.000008,-0.000011
2025-12-16 18:17:01.655,0.018747,-0.007749,0.000874,-0.000009,-0.000008,-0.000011
2025-12-16 18:17:01.657,0.018748,-0.007761,0.000820,-0.000009,-0.000008,-0.000011
2025-12-16 18:17:01.659,0.018776,-0.007810,0.000654,-0.000009,-0.000008,-0.000011
2025-12-16 18:17:01.660,0.018799,-0.007833,0.000587,-0.000009,-0.000008,-0.000011
2025-12-16 18:17:01.661,0.018823,-0.007859,0.000521,-0.000009,-0.000008,-0.000011
2025-12-16 18:17:01.662,0.018843,-0.007883,0.000465,-0.000009,-0.000008,-0.000011
2025-12-16 18:17:01.663,0.018874,-0.007912,0.000403,-0.000009,-0.000008,-0.000011
2025-12-16 18:17:01.664,0.018910,-0.007941,0.000349,-0.000009,-0.000008,-0.000011
2025-12-16 18:17:01.665,0.018943,-0.007965,0.000306,-0.000009,-0.000008,-0.000011
2025-12-16 18:17:01.666,0.018983,-0.007988,0.000262,-0.000009,-0.000008,-0.000011
2025-12-16 18:17:01.668,0.019033,-0.008019,0.000211,-0.000009,-0.000008,-0.000011
2025-12-16 18:17:01.670,0.019234,-0.008135,0.000039,-0.000009,-0.000008,-0.000011
2025-12-16 18:17:01.671,0.019294,-0.008169,-0.000006,-0.000009,-0.000008,-0.000011
2025-12-16 18:17:01.673,0.019362,-0.008208,-0.000057,-0.000009,-0.000008,-0.000011
2025-12-16 18:17:01.674,0.019437,-0.008250,-0.000105,-0.000009,-0.000008,-0.000011
2025-12-16 18:17:01.675,0.019607,-0.008336,-0.000199,-0.000009,-0.000008,-0.000011
2025-12-16 18:17:01.676,0.019687,-0.008374,-0.000239,-0.000009,-0.000008,-0.000011
2025-12-16 18:17:01.678,0.019765,-0.008404,-0.000280,-0.000009,-0.000008,-0.000012
2025-12-16 18:17:01.679,0.019915,-0.008466,-0.000358,-0.000009,-0.000008,-0.000012
2025-12-16 18:17:01.680,0.019992,-0.008497,-0.000395,-0.000009,-0.000008,-0.000012
2025-12-16 18:17:01.681,0.020070,-0.008525,-0.000435,-0.000009,-0.000008,-0.000012
2025-12-16 18:17:01.682,0.020142,-0.008549,-0.000469,-0.000009,-0.000008,-0.000012
2025-12-16 18:17:01.683,0.020212,-0.008563,-0.000498,-0.000009,-0.000008,-0.000012
2025-12-16 18:17:01.684,0.020276,-0.008574,-0.000529,-0.000010,-0.000008,-0.000012
2025-12-16 18:17:01.686,0.020398,-0.008586,-0.000597,-0.000010,-0.000008,-0.000012
2025-12-16 18:17:01.687,0.020457,-0.008596,-0.000636,-0.000010,-0.000008,-0.000012
2025-12-16 18:17:01.688,0.020508,-0.008598,-0.000669,-0.000009,-0.000008,-0.000012
2025-12-16 18:17:01.691,0.020586,-0.008585,-0.000729,-0.000009,-0.000008,-0.000012
2025-12-16 18:17:01.692,0.020619,-0.008565,-0.000761,-0.000009,-0.000008,-0.000012
2025-12-16 18:17:01.693,0.020647,-0.008544,-0.000790,-0.000010,-0.000008,-0.000012
2025-12-16 18:17:01.694,0.020672,-0.008520,-0.000820,-0.000010,-0.000008,-0.000012
2025-12-16 18:17:01.695,0.020692,-0.008498,-0.000847,-0.000010,-0.000008,-0.000012
2025-12-16 18:17:01.697,0.020708,-0.008469,-0.000883,-0.000010,-0.000008,-0.000012
2025-12-16 18:17:01.698,0.020725,-0.008433,-0.000921,-0.000010,-0.000008,-0.000012
2025-12-16 18:17:01.699,0.020743,-0.008400,-0.000958,-0.000010,-0.000008,-0.000012
2025-12-16 18:17:01.700,0.020777,-0.008326,-0.001038,-0.000010,-0.000008,-0.000012
2025-12-16 18:17:01.701,0.020791,-0.008279,-0.001072,-0.000010,-0.000008,-0.000012
2025-12-16 18:17:01.703,0.020835,-0.008137,-0.001174,-0.000009,-0.000008,-0.000012
2025-12-16 18:17:01.704,0.020861,-0.008100,-0.001222,-0.000009,-0.000008,-0.000012
2025-12-16 18:17:01.705,0.020886,-0.008068,-0.001265,-0.000010,-0.000008,-0.000012
2025-12-16 18:17:01.706,0.020916,-0.008030,-0.001309,-0.000010,-0.000008,-0.000012
2025-12-16 18:17:01.709,0.021009,-0.007923,-0.001433,-0.000009,-0.000008,-0.000012
2025-12-16 18:17:01.710,0.021052,-0.007899,-0.001475,-0.000009,-0.000008,-0.000012
2025-12-16 18:17:01.711,0.021102,-0.007876,-0.001522,-0.000010,-0.000008,-0.000012
2025-12-16 18:17:01.712,0.021154,-0.007854,-0.001570,-0.000009,-0.000008,-0.000012
2025-12-16 18:17:01.713,0.021211,-0.007831,-0.001614,-0.000009,-0.000008,-0.000012
2025-12-16 18:17:01.714,0.021274,-0.007807,-0.001665,-0.000009,-0.000008,-0.000012
2025-12-16 18:17:01.715,0.021339,-0.007787,-0.001716,-0.000010,-0.000008,-0.000012
2025-12-16 18:17:01.717,0.021405,-0.007773,-0.001767,-0.000010,-0.000008,-0.000012
2025-12-16 18:17:01.718,0.021462,-0.007763,-0.001811,-0.000010,-0.000008,-0.000012
2025-12-16 18:17:01.719,0.021601,-0.007736,-0.001913,-0.000010,-0.000008,-0.000012
2025-12-16 18:17:01.720,0.021690,-0.007729,-0.001971,-0.000010,-0.000008,-0.000012
2025-12-16 18:17:01.721,0.021785,-0.007728,-0.002033,-0.000010,-0.000008,-0.000012
2025-12-16 18:17:01.722,0.021886,-0.007733,-0.002100,-0.000010,-0.000008,-0.000012
2025-12-16 18:17:01.723,0.021983,-0.007740,-0.002163,-0.000009,-0.000008,-0.000012
2025-12-16 18:17:01.725,0.022082,-0.007747,-0.002219,-0.000010,-0.000008,-0.000012
2025-12-16 18:17:01.726,0.022279,-0.007757,-0.002334,-0.000010,-0.000008,-0.000012
2025-12-16 18:17:01.727,0.022379,-0.007768,-0.002387,-0.000010,-0.000008,-0.000012
2025-12-16 18:17:01.728,0.022470,-0.007773,-0.002443,-0.000010,-0.000008,-0.000012
2025-12-16 18:17:01.729,0.022543,-0.007775,-0.002491,-0.000010,-0.000009,-0.000012
2025-12-16 18:17:01.730,0.022621,-0.007780,-0.002536,-0.000011,-0.000009,-0.000013
2025-12-16 18:17:01.731,0.022709,-0.007797,-0.002590,-0.000011,-0.000009,-0.000013
2025-12-16 18:17:01.732,0.022788,-0.007807,-0.002645,-0.000011,-0.000009,-0.000013
2025-12-16 18:17:01.734,0.022868,-0.007815,-0.002698,-0.000011,-0.000009,-0.000013
2025-12-16 18:17:01.735,0.022945,-0.007818,-0.002750,-0.000011,-0.000009,-0.000013
2025-12-16 18:17:01.736,0.023016,-0.007815,-0.002799,-0.000011,-0.000009,-0.000013
2025-12-16 18:17:01.737,0.023143,-0.007814,-0.002893,-0.000011,-0.000009,-0.000013
2025-12-16 18:17:01.738,0.023194,-0.007815,-0.002930,-0.000011,-0.000009,-0.000013
2025-12-16 18:17:01.739,0.023239,-0.007809,-0.002971,-0.000011,-0.000009,-0.000013
2025-12-16 18:17:01.740,0.023276,-0.007803,-0.003006,-0.000011,-0.000009,-0.000013
2025-12-16 18:17:01.741,0.023308,-0.007788,-0.003038,-0.000011,-0.000009,-0.000013
2025-12-16 18:17:01.742,0.023335,-0.007771,-0.003075,-0.000011,-0.000009,-0.000013
2025-12-16 18:17:01.744,0.023380,-0.007734,-0.003156,-0.000011,-0.000009,-0.000013
2025-12-16 18:17:01.745,0.023396,-0.007719,-0.003195,-0.000012,-0.000009,-0.000013
2025-12-16 18:17:01.746,0.023411,-0.007698,-0.003225,-0.000011,-0.000009,-0.000013
2025-12-16 18:17:01.747,0.023424,-0.007681,-0.003255,-0.000012,-0.000009,-0.000013
2025-12-16 18:17:01.748,0.023437,-0.007660,-0.003280,-0.000012,-0.000009,-0.000013
2025-12-16 18:17:01.749,0.023447,-0.007632,-0.003303,-0.000012,-0.000009,-0.000013
2025-12-16 18:17:01.751,0.023462,-0.007613,-0.003328,-0.000012,-0.000009,-0.000013
2025-12-16 18:17:01.752,0.023473,-0.007591,-0.003349,-0.000012,-0.000009,-0.000013
2025-12-16 18:17:01.753,0.023510,-0.007562,-0.003390,-0.000012,-0.000009,-0.000013
2025-12-16 18:17:01.755,0.023567,-0.007547,-0.003420,-0.000011,-0.000009,-0.000013
2025-12-16 18:17:01.756,0.023603,-0.007543,-0.003431,-0.000011,-0.000009,-0.000013
2025-12-16 18:17:01.757,0.023641,-0.007542,-0.003447,-0.000012,-0.000009,-0.000013
2025-12-16 18:17:01.759,0.023683,-0.007542,-0.003458,-0.000012,-0.000009,-0.000013
2025-12-16 18:17:01.760,0.023734,-0.007540,-0.003470,-0.000012,-0.000009,-0.000013
2025-12-16 18:17:01.761,0.023848,-0.007548,-0.003495,-0.000012,-0.000009,-0.000013
2025-12-16 18:17:01.762,0.023915,-0.007564,-0.003512,-0.000012,-0.000009,-0.000013
2025-12-16 18:17:01.763,0.023985,-0.007581,-0.003528,-0.000012,-0.000009,-0.000013
2025-12-16 18:17:01.764,0.024063,-0.007602,-0.003540,-0.000012,-0.000009,-0.000013
2025-12-16 18:17:01.766,0.024131,-0.007620,-0.003547,-0.000012,-0.000009,-0.000013
2025-12-16 18:17:01.767,0.024200,-0.007643,-0.003562,-0.000012,-0.000009,-0.000013
2025-12-16 18:17:01.768,0.024369,-0.007681,-0.003595,-0.000013,-0.000009,-0.000014
2025-12-16 18:17:01.769,0.024459,-0.007703,-0.003611,-0.000012,-0.000009,-0.000014
2025-12-16 18:17:01.770,0.024550,-0.007715,-0.003623,-0.000012,-0.000009,-0.000014
2025-12-16 18:17:01.771,0.024627,-0.007722,-0.003631,-0.000012,-0.000009,-0.000014
2025-12-16 18:17:01.772,0.024713,-0.007738,-0.003645,-0.000012,-0.000009,-0.000014
2025-12-16 18:17:01.774,0.024800,-0.007750,-0.003661,-0.000013,-0.000009,-0.000014
2025-12-16 18:17:01.775,0.024883,-0.007758,-0.003680,-0.000013,-0.000010,-0.000014
2025-12-16 18:17:01.776,0.025024,-0.007781,-0.003715,-0.000013,-0.000010,-0.000014
2025-12-16 18:17:01.778,0.025095,-0.007783,-0.003730,-0.000013,-0.000010,-0.000014
2025-12-16 18:17:01.779,0.025222,-0.007782,-0.003756,-0.000013,-0.000009,-0.000014
2025-12-16 18:17:01.780,0.025286,-0.007783,-0.003772,-0.000013,-0.000009,-0.000014
2025-12-16 18:17:01.781,0.025345,-0.007775,-0.003780,-0.000013,-0.000009,-0.000014
2025-12-16 18:17:01.783,0.025393,-0.007765,-0.003785,-0.000013,-0.000010,-0.000014
2025-12-16 18:17:01.784,0.025481,-0.007722,-0.003812,-0.000013,-0.000010,-0.000014
2025-12-16 18:17:01.785,0.025522,-0.007700,-0.003826,-0.000013,-0.000010,-0.000014
2025-12-16 18:17:01.786,0.025556,-0.007677,-0.003839,-0.000013,-0.000010,-0.000014
2025-12-16 18:17:01.787,0.025588,-0.007649,-0.003854,-0.000013,-0.000010,-0.000014
2025-12-16 18:17:01.789,0.025617,-0.007628,-0.003869,-0.000013,-0.000010,-0.000014
2025-12-16 18:17:01.790,0.025642,-0.007607,-0.003885,-0.000013,-0.000010,-0.000014
2025-12-16 18:17:01.791,0.025681,-0.007561,-0.003916,-0.000013,-0.000010,-0.000014
2025-12-16 18:17:01.793,0.025696,-0.007534,-0.003937,-0.000013,-0.000010,-0.000014
2025-12-16 18:17:01.794,0.025717,-0.007493,-0.003975,-0.000013,-0.000010,-0.000014
2025-12-16 18:17:01.795,0.025731,-0.007476,-0.003998,-0.000013,-0.000010,-0.000014
2025-12-16 18:17:01.797,0.025746,-0.007461,-0.004024,-0.000013,-0.000010,-0.000014
2025-12-16 18:17:01.798,0.025761,-0.007445,-0.004050,-0.000013,-0.000009,-0.000014
2025-12-16 18:17:01.799,0.025791,-0.007429,-0.004103,-0.000013,-0.000010,-0.000014
2025-12-16 18:17:01.800,0.025803,-0.007424,-0.004129,-0.000014,-0.000010,-0.000014
2025-12-16 18:17:01.802,0.025821,-0.007427,-0.004168,-0.000014,-0.000010,-0.000014
2025-12-16 18:17:01.803,0.025835,-0.007435,-0.004185,-0.000014,-0.000010,-0.000014
2025-12-16 18:17:01.804,0.025849,-0.007452,-0.004202,-0.000014,-0.000010,-0.000014
2025-12-16 18:17:01.805,0.025862,-0.007475,-0.004224,-0.000014,-0.000010,-0.000014
2025-12-16 18:17:01.807,0.025872,-0.007498,-0.004248,-0.000014,-0.000010,-0.000014
2025-12-16 18:17:01.808,0.025891,-0.007560,-0.004296,-0.000013,-0.000010,-0.000014
2025-12-16 18:17:01.809,0.025899,-0.007596,-0.004316,-0.000014,-0.000010,-0.000014
2025-12-16 18:17:01.810,0.025907,-0.007636,-0.004336,-0.000014,-0.000010,-0.000014
2025-12-16 18:17:01.812,0.025912,-0.007677,-0.004355,-0.000014,-0.000010,-0.000014
2025-12-16 18:17:01.813,0.025922,-0.007765,-0.004368,-0.000014,-0.000010,-0.000014
2025-12-16 18:17:01.814,0.025924,-0.007811,-0.004379,-0.000014,-0.000010,-0.000014
2025-12-16 18:17:01.815,0.025924,-0.007864,-0.004386,-0.000014,-0.000010,-0.000014
2025-12-16 18:17:01.816,0.025920,-0.007918,-0.004389,-0.000014,-0.000010,-0.000014
2025-12-16 18:17:01.817,0.025913,-0.007968,-0.004391,-0.000013,-0.000010,-0.000014
2025-12-16 18:17:01.819,0.025895,-0.008061,-0.004376,-0.000014,-0.000010,-0.000014
2025-12-16 18:17:01.820,0.025883,-0.008111,-0.004363,-0.000014,-0.000010,-0.000014
2025-12-16 18:17:01.821,0.025871,-0.008168,-0.004347,-0.000014,-0.000010,-0.000014
2025-12-16 18:17:01.822,0.025862,-0.008228,-0.004328,-0.000014,-0.000010,-0.000015
2025-12-16 18:17:01.823,0.025850,-0.008280,-0.004310,-0.000014,-0.000010,-0.000014
2025-12-16 18:17:01.824,0.025838,-0.008326,-0.004288,-0.000014,-0.000010,-0.000015
2025-12-16 18:17:01.825,0.025823,-0.008372,-0.004262,-0.000014,-0.000010,-0.000015
2025-12-16 18:17:01.827,0.025802,-0.008468,-0.004207,-0.000014,-0.000010,-0.000015
2025-12-16 18:17:01.828,0.025791,-0.008509,-0.004173,-0.000014,-0.000010,-0.000015
2025-12-16 18:17:01.829,0.025785,-0.008553,-0.004140,-0.000014,-0.000010,-0.000015
2025-12-16 18:17:01.831,0.025783,-0.008597,-0.004101,-0.000014,-0.000010,-0.000015
2025-12-16 18:17:01.832,0.025775,-0.008674,-0.004024,-0.000014,-0.000010,-0.000015
2025-12-16 18:17:01.833,0.025770,-0.008708,-0.003974,-0.000014,-0.000010,-0.000015
2025-12-16 18:17:01.834,0.025763,-0.008750,-0.003921,-0.000014,-0.000010,-0.000015
2025-12-16 18:17:01.835,0.025754,-0.008791,-0.003867,-0.000014,-0.000010,-0.000015
2025-12-16 18:17:01.836,0.025747,-0.008838,-0.003815,-0.000014,-0.000010,-0.000015
2025-12-16 18:17:01.837,0.025740,-0.008889,-0.003763,-0.000015,-0.000010,-0.000015
2025-12-16 18:17:01.839,0.025736,-0.008944,-0.003711,-0.000014,-0.000010,-0.000015
2025-12-16 18:17:01.840,0.025716,-0.009044,-0.003608,-0.000015,-0.000010,-0.000015
2025-12-16 18:17:01.841,0.025701,-0.009096,-0.003560,-0.000015,-0.000010,-0.000015
2025-12-16 18:17:01.842,0.025684,-0.009149,-0.003512,-0.000015,-0.000010,-0.000015
2025-12-16 18:17:01.843,0.025666,-0.009204,-0.003465,-0.000015,-0.000010,-0.000015
2025-12-16 18:17:01.844,0.025650,-0.009252,-0.003426,-0.000014,-0.000010,-0.000015
2025-12-16 18:17:01.846,0.025596,-0.009362,-0.003343,-0.000014,-0.000010,-0.000015
2025-12-16 18:17:01.847,0.025562,-0.009421,-0.003301,-0.000015,-0.000010,-0.000015
2025-12-16 18:17:01.848,0.025522,-0.009475,-0.003263,-0.000015,-0.000010,-0.000015
2025-12-16 18:17:01.850,0.025476,-0.009533,-0.003224,-0.000015,-0.000010,-0.000015
2025-12-16 18:17:01.851,0.025435,-0.009582,-0.003192,-0.000015,-0.000010,-0.000015
2025-12-16 18:17:01.852,0.025340,-0.009679,-0.003126,-0.000015,-0.000010,-0.000015
2025-12-16 18:17:01.853,0.025284,-0.009730,-0.003096,-0.000015,-0.000010,-0.000015
2025-12-16 18:17:01.854,0.025227,-0.009786,-0.003065,-0.000015,-0.000010,-0.000015
2025-12-16 18:17:01.855,0.025161,-0.009847,-0.003036,-0.000015,-0.000010,-0.000015
2025-12-16 18:17:01.856,0.025093,-0.009910,-0.003007,-0.000014,-0.000010,-0.000015
2025-12-16 18:17:01.858,0.024973,-0.010014,-0.002958,-0.000015,-0.000010,-0.000015
2025-12-16 18:17:01.859,0.024905,-0.010074,-0.002933,-0.000015,-0.000010,-0.000015
2025-12-16 18:17:01.860,0.024834,-0.010131,-0.002909,-0.000015,-0.000010,-0.000015
2025-12-16 18:17:01.861,0.024767,-0.010187,-0.002889,-0.000015,-0.000010,-0.000015
2025-12-16 18:17:01.863,0.024697,-0.010241,-0.002879,-0.000015,-0.000010,-0.000014
2025-12-16 18:17:01.864,0.024630,-0.010294,-0.002874,-0.000015,-0.000010,-0.000014
2025-12-16 18:17:01.865,0.024504,-0.010390,-0.002867,-0.000015,-0.000010,-0.000014
2025-12-16 18:17:01.866,0.024449,-0.010439,-0.002859,-0.000015,-0.000010,-0.000014
2025-12-16 18:17:01.868,0.024346,-0.010539,-0.002854,-0.000015,-0.000010,-0.000014
2025-12-16 18:17:01.869,0.024300,-0.010587,-0.002852,-0.000015,-0.000010,-0.000014
2025-12-16 18:17:01.870,0.024258,-0.010632,-0.002855,-0.000015,-0.000010,-0.000014
2025-12-16 18:17:01.872,0.024197,-0.010720,-0.002862,-0.000014,-0.000009,-0.000014
2025-12-16 18:17:01.873,0.024164,-0.010763,-0.002868,-0.000014,-0.000009,-0.000014
2025-12-16 18:17:01.874,0.024134,-0.010804,-0.002871,-0.000014,-0.000009,-0.000014
2025-12-16 18:17:01.875,0.024106,-0.010840,-0.002872,-0.000015,-0.000009,-0.000014
2025-12-16 18:17:01.876,0.024076,-0.010875,-0.002872,-0.000014,-0.000009,-0.000014
2025-12-16 18:17:01.877,0.024045,-0.010908,-0.002870,-0.000015,-0.000009,-0.000014
2025-12-16 18:17:01.879,0.024017,-0.010939,-0.002870,-0.000015,-0.000009,-0.000014
2025-12-16 18:17:01.880,0.023961,-0.011012,-0.002871,-0.000015,-0.000009,-0.000014
2025-12-16 18:17:01.881,0.023933,-0.011054,-0.002871,-0.000014,-0.000009,-0.000014
2025-12-16 18:17:01.882,0.023907,-0.011091,-0.002866,-0.000014,-0.000009,-0.000014
2025-12-16 18:17:01.883,0.023875,-0.011125,-0.002857,-0.000014,-0.000009,-0.000014
2025-12-16 18:17:01.885,0.023846,-0.011152,-0.002849,-0.000014,-0.000009,-0.000014
2025-12-16 18:17:01.886,0.023779,-0.011205,-0.002815,-0.000014,-0.000009,-0.000014
2025-12-16 18:17:01.887,0.023740,-0.011228,-0.002792,-0.000014,-0.000009,-0.000014
2025-12-16 18:17:01.888,0.023696,-0.011252,-0.002769,-0.000014,-0.000009,-0.000014
2025-12-16 18:17:01.889,0.023655,-0.011271,-0.002749,-0.000014,-0.000009,-0.000014
2025-12-16 18:17:01.891,0.023562,-0.011313,-0.002713,-0.000014,-0.000009,-0.000014
2025-12-16 18:17:01.892,0.023509,-0.011338,-0.002687,-0.000014,-0.000009,-0.000014
2025-12-16 18:17:01.893,0.023456,-0.011363,-0.002658,-0.000014,-0.000009,-0.000014
2025-12-16 18:17:01.894,0.023410,-0.011384,-0.002632,-0.000014,-0.000009,-0.000014
2025-12-16 18:17:01.895,0.023363,-0.011413,-0.002599,-0.000014,-0.000009,-0.000014
2025-12-16 18:17:01.897,0.023318,-0.011447,-0.002565,-0.000014,-0.000009,-0.000014
2025-12-16 18:17:01.898,0.023271,-0.011480,-0.002534,-0.000014,-0.000009,-0.000014
2025-12-16 18:17:01.899,0.023176,-0.011529,-0.002456,-0.000014,-0.000009,-0.000014
2025-12-16 18:17:01.900,0.023133,-0.011551,-0.002423,-0.000014,-0.000009,-0.000014
2025-12-16 18:17:01.901,0.023096,-0.011576,-0.002386,-0.000014,-0.000008,-0.000014
2025-12-16 18:17:01.902,0.023060,-0.011602,-0.002348,-0.000014,-0.000008,-0.000014
2025-12-16 18:17:01.903,0.023023,-0.011627,-0.002310,-0.000014,-0.000009,-0.000014
2025-12-16 18:17:01.904,0.023002,-0.011660,-0.002281,-0.000014,-0.000009,-0.000014
2025-12-16 18:17:01.906,0.022980,-0.011693,-0.002252,-0.000014,-0.000009,-0.000014
2025-12-16 18:17:01.907,0.022953,-0.011777,-0.002196,-0.000014,-0.000008,-0.000014
2025-12-16 18:17:01.908,0.022949,-0.011819,-0.002173,-0.000014,-0.000008,-0.000014
2025-12-16 18:17:01.909,0.022952,-0.011856,-0.002153,-0.000014,-0.000008,-0.000014
2025-12-16 18:17:01.910,0.022959,-0.011899,-0.002139,-0.000014,-0.000008,-0.000014
2025-12-16 18:17:01.911,0.022968,-0.011941,-0.002126,-0.000014,-0.000008,-0.000014
2025-12-16 18:17:01.913,0.022979,-0.011982,-0.002109,-0.000014,-0.000008,-0.000014
2025-12-16 18:17:01.914,0.022992,-0.012025,-0.002096,-0.000013,-0.000008,-0.000014
2025-12-16 18:17:01.915,0.023003,-0.012066,-0.002085,-0.000013,-0.000008,-0.000014
2025-12-16 18:17:01.916,0.023024,-0.012152,-0.002065,-0.000014,-0.000008,-0.000014
2025-12-16 18:17:01.917,0.023033,-0.012184,-0.002053,-0.000014,-0.000008,-0.000014
2025-12-16 18:17:01.918,0.023042,-0.012220,-0.002044,-0.000014,-0.000008,-0.000014
2025-12-16 18:17:01.920,0.023052,-0.012255,-0.002041,-0.000014,-0.000008,-0.000014
2025-12-16 18:17:01.921,0.023060,-0.012288,-0.002033,-0.000014,-0.000008,-0.000014
2025-12-16 18:17:01.922,0.023062,-0.012318,-0.002032,-0.000014,-0.000008,-0.000014
2025-12-16 18:17:01.923,0.023062,-0.012365,-0.002042,-0.000014,-0.000008,-0.000014
2025-12-16 18:17:01.924,0.023053,-0.012379,-0.002039,-0.000014,-0.000008,-0.000014
2025-12-16 18:17:01.925,0.023041,-0.012390,-0.002036,-0.000014,-0.000008,-0.000014
2025-12-16 18:17:01.927,0.023011,-0.012404,-0.002041,-0.000014,-0.000008,-0.000014
2025-12-16 18:17:01.928,0.022994,-0.012405,-0.002040,-0.000013,-0.000008,-0.000014
2025-12-16 18:17:01.929,0.022968,-0.012401,-0.002039,-0.000014,-0.000008,-0.000014
2025-12-16 18:17:01.930,0.022938,-0.012398,-0.002037,-0.000014,-0.000008,-0.000014
2025-12-16 18:17:01.931,0.022907,-0.012392,-0.002036,-0.000013,-0.000008,-0.000014
2025-12-16 18:17:01.932,0.022874,-0.012380,-0.002038,-0.000014,-0.000008,-0.000014
2025-12-16 18:17:01.933,0.022838,-0.012360,-0.002040,-0.000013,-0.000008,-0.000014
2025-12-16 18:17:01.936,0.022763,-0.012313,-0.002046,-0.000013,-0.000008,-0.000014
2025-12-16 18:17:01.937,0.022684,-0.012260,-0.002060,-0.000013,-0.000008,-0.000014
2025-12-16 18:17:01.938,0.022646,-0.012230,-0.002066,-0.000013,-0.000008,-0.000014
2025-12-16 18:17:01.939,0.022609,-0.012203,-0.002069,-0.000013,-0.000008,-0.000014
2025-12-16 18:17:01.940,0.022576,-0.012180,-0.002077,-0.000013,-0.000008,-0.000014
2025-12-16 18:17:01.941,0.022546,-0.012156,-0.002083,-0.000013,-0.000008,-0.000013
2025-12-16 18:17:01.942,0.022514,-0.012129,-0.002085,-0.000013,-0.000008,-0.000013
2025-12-16 18:17:01.943,0.022486,-0.012106,-0.002085,-0.000013,-0.000008,-0.000013
2025-12-16 18:17:01.944,0.022465,-0.012081,-0.002087,-0.000013,-0.000008,-0.000013
2025-12-16 18:17:01.945,0.022447,-0.012058,-0.002095,-0.000013,-0.000008,-0.000013
2025-12-16 18:17:01.946,0.022430,-0.012033,-0.002101,-0.000013,-0.000008,-0.000013
2025-12-16 18:17:01.948,0.022416,-0.012011,-0.002106,-0.000013,-0.000008,-0.000013
2025-12-16 18:17:01.949,0.022408,-0.011999,-0.002115,-0.000013,-0.000008,-0.000013
2025-12-16 18:17:01.950,0.022405,-0.011989,-0.002122,-0.000012,-0.000008,-0.000013
2025-12-16 18:17:01.951,0.022405,-0.011976,-0.002128,-0.000013,-0.000008,-0.000013
2025-12-16 18:17:01.952,0.022412,-0.011957,-0.002141,-0.000013,-0.000008,-0.000013
2025-12-16 18:17:01.953,0.022424,-0.011954,-0.002146,-0.000013,-0.000008,-0.000013
2025-12-16 18:17:01.954,0.022437,-0.011951,-0.002150,-0.000013,-0.000008,-0.000013
2025-12-16 18:17:01.955,0.022451,-0.011947,-0.002150,-0.000013,-0.000008,-0.000013
2025-12-16 18:17:01.956,0.022473,-0.011947,-0.002149,-0.000013,-0.000008,-0.000013
2025-12-16 18:17:01.959,0.022495,-0.011949,-0.002149,-0.000013,-0.000008,-0.000013
2025-12-16 18:17:01.960,0.022536,-0.011951,-0.002152,-0.000013,-0.000008,-0.000013
2025-12-16 18:17:01.961,0.022561,-0.011949,-0.002153,-0.000013,-0.000008,-0.000013
2025-12-16 18:17:01.962,0.022586,-0.011949,-0.002156,-0.000013,-0.000008,-0.000013
2025-12-16 18:17:01.963,0.022609,-0.011943,-0.002157,-0.000013,-0.000008,-0.000013
2025-12-16 18:17:01.964,0.022635,-0.011937,-0.002157,-0.000013,-0.000008,-0.000013
2025-12-16 18:17:01.965,0.022658,-0.011934,-0.002154,-0.000013,-0.000008,-0.000013
2025-12-16 18:17:01.967,0.022677,-0.011929,-0.002153,-0.000013,-0.000008,-0.000013
2025-12-16 18:17:01.968,0.022694,-0.011920,-0.002148,-0.000013,-0.000008,-0.000013
2025-12-16 18:17:01.969,0.022745,-0.011896,-0.002135,-0.000013,-0.000008,-0.000013
2025-12-16 18:17:01.970,0.022732,-0.011851,-0.002122,-0.000014,-0.000008,-0.000014
2025-12-16 18:17:01.971,0.022722,-0.011816,-0.002110,-0.000014,-0.000008,-0.000014
2025-12-16 18:17:01.972,0.022715,-0.011778,-0.002097,-0.000014,-0.000008,-0.000014
2025-12-16 18:17:01.973,0.022709,-0.011741,-0.002087,-0.000013,-0.000008,-0.000014
2025-12-16 18:17:01.974,0.022702,-0.011705,-0.002077,-0.000013,-0.000008,-0.000013
2025-12-16 18:17:01.975,0.022695,-0.011660,-0.002067,-0.000013,-0.000008,-0.000013
2025-12-16 18:17:01.977,0.022682,-0.011606,-0.002055,-0.000013,-0.000008,-0.000013
2025-12-16 18:17:01.978,0.022670,-0.011552,-0.002046,-0.000013,-0.000008,-0.000013
2025-12-16 18:17:01.979,0.022640,-0.011437,-0.002027,-0.000012,-0.000008,-0.000013
2025-12-16 18:17:01.980,0.022622,-0.011387,-0.002020,-0.000012,-0.000008,-0.000013
2025-12-16 18:17:01.981,0.022603,-0.011324,-0.002012,-0.000013,-0.000008,-0.000013
2025-12-16 18:17:01.982,0.022589,-0.011268,-0.002008,-0.000012,-0.000008,-0.000013
2025-12-16 18:17:01.983,0.022574,-0.011212,-0.002002,-0.000013,-0.000008,-0.000013
2025-12-16 18:17:01.985,0.022565,-0.011157,-0.002000,-0.000013,-0.000008,-0.000013
2025-12-16 18:17:01.986,0.022559,-0.011100,-0.001996,-0.000013,-0.000008,-0.000013
2025-12-16 18:17:01.987,0.022565,-0.010993,-0.002007,-0.000013,-0.000009,-0.000013
2025-12-16 18:17:01.988,0.022573,-0.010945,-0.002019,-0.000013,-0.000008,-0.000013
2025-12-16 18:17:01.989,0.022580,-0.010896,-0.002034,-0.000013,-0.000009,-0.000013
2025-12-16 18:17:01.990,0.022594,-0.010851,-0.002054,-0.000013,-0.000008,-0.000013
2025-12-16 18:17:01.991,0.022614,-0.010802,-0.002080,-0.000013,-0.000009,-0.000013
2025-12-16 18:17:01.993,0.022658,-0.010704,-0.002130,-0.000013,-0.000008,-0.000013
2025-12-16 18:17:01.994,0.022685,-0.010661,-0.002158,-0.000013,-0.000008,-0.000013
2025-12-16 18:17:01.995,0.022711,-0.010621,-0.002189,-0.000013,-0.000008,-0.000013
2025-12-16 18:17:01.996,0.022742,-0.010584,-0.002223,-0.000012,-0.000008,-0.000013
2025-12-16 18:17:01.997,0.022773,-0.010548,-0.002260,-0.000013,-0.000008,-0.000013
2025-12-16 18:17:01.998,0.022807,-0.010515,-0.002298,-0.000013,-0.000008,-0.000013
2025-12-16 18:17:01.999,0.022846,-0.010479,-0.002340,-0.000012,-0.000008,-0.000013
2025-12-16 18:17:02.001,0.022924,-0.010401,-0.002425,-0.000013,-0.000008,-0.000013
2025-12-16 18:17:02.002,0.022963,-0.010363,-0.002466,-0.000013,-0.000008,-0.000013
2025-12-16 18:17:02.003,0.023002,-0.010327,-0.002512,-0.000013,-0.000009,-0.000013
2025-12-16 18:17:02.004,0.023039,-0.010288,-0.002557,-0.000013,-0.000009,-0.000013
2025-12-16 18:17:02.005,0.023070,-0.010241,-0.002600,-0.000013,-0.000009,-0.000013
2025-12-16 18:17:02.006,0.023096,-0.010189,-0.002645,-0.000013,-0.000009,-0.000013
2025-12-16 18:17:02.007,0.023116,-0.010138,-0.002687,-0.000013,-0.000009,-0.000013
2025-12-16 18:17:02.009,0.023149,-0.010029,-0.002768,-0.000013,-0.000008,-0.000013
2025-12-16 18:17:02.010,0.023163,-0.009965,-0.002801,-0.000013,-0.000009,-0.000013
2025-12-16 18:17:02.011,0.023174,-0.009908,-0.002828,-0.000013,-0.000009,-0.000013
2025-12-16 18:17:02.013,0.023180,-0.009845,-0.002860,-0.000013,-0.000008,-0.000013
2025-12-16 18:17:02.014,0.023184,-0.009776,-0.002892,-0.000013,-0.000008,-0.000013
2025-12-16 18:17:02.016,0.023176,-0.009524,-0.002978,-0.000012,-0.000008,-0.000013
2025-12-16 18:17:02.017,0.023172,-0.009433,-0.003002,-0.000013,-0.000008,-0.000013
2025-12-16 18:17:02.018,0.023169,-0.009356,-0.003021,-0.000013,-0.000008,-0.000013
2025-12-16 18:17:02.020,0.023164,-0.009268,-0.003040,-0.000013,-0.000008,-0.000013
2025-12-16 18:17:02.021,0.023155,-0.009076,-0.003080,-0.000013,-0.000008,-0.000013
2025-12-16 18:17:02.023,0.023150,-0.008965,-0.003095,-0.000013,-0.000008,-0.000013
2025-12-16 18:17:02.023,0.023150,-0.008860,-0.003111,-0.000013,-0.000008,-0.000013
2025-12-16 18:17:02.024,0.023154,-0.008758,-0.003127,-0.000013,-0.000008,-0.000013
2025-12-16 18:17:02.025,0.023158,-0.008648,-0.003140,-0.000012,-0.000008,-0.000013
2025-12-16 18:17:02.027,0.023168,-0.008544,-0.003153,-0.000012,-0.000008,-0.000013
2025-12-16 18:17:02.028,0.023177,-0.008434,-0.003163,-0.000012,-0.000008,-0.000013
2025-12-16 18:17:02.029,0.023193,-0.008329,-0.003170,-0.000012,-0.000008,-0.000013
2025-12-16 18:17:02.032,0.023298,-0.007933,-0.003198,-0.000012,-0.000008,-0.000013
2025-12-16 18:17:02.033,0.023336,-0.007839,-0.003206,-0.000012,-0.000008,-0.000013
2025-12-16 18:17:02.034,0.023377,-0.007747,-0.003216,-0.000012,-0.000008,-0.000013
2025-12-16 18:17:02.035,0.023422,-0.007660,-0.003230,-0.000012,-0.000009,-0.000013
2025-12-16 18:17:02.037,0.023473,-0.007578,-0.003240,-0.000012,-0.000008,-0.000013
2025-12-16 18:17:02.038,0.023530,-0.007497,-0.003248,-0.000012,-0.000009,-0.000013
2025-12-16 18:17:02.039,0.023646,-0.007337,-0.003259,-0.000012,-0.000008,-0.000013
2025-12-16 18:17:02.040,0.023710,-0.007268,-0.003265,-0.000012,-0.000009,-0.000013
2025-12-16 18:17:02.042,0.023778,-0.007193,-0.003269,-0.000012,-0.000009,-0.000013
2025-12-16 18:17:02.043,0.023846,-0.007116,-0.003276,-0.000011,-0.000009,-0.000013
2025-12-16 18:17:02.044,0.023975,-0.006975,-0.003286,-0.000011,-0.000009,-0.000013
2025-12-16 18:17:02.045,0.024037,-0.006914,-0.003292,-0.000012,-0.000009,-0.000013
2025-12-16 18:17:02.046,0.024097,-0.006856,-0.003296,-0.000012,-0.000009,-0.000013
2025-12-16 18:17:02.047,0.024160,-0.006801,-0.003299,-0.000012,-0.000009,-0.000013
2025-12-16 18:17:02.050,0.024273,-0.006678,-0.003298,-0.000012,-0.000009,-0.000013
2025-12-16 18:17:02.051,0.024380,-0.006550,-0.003290,-0.000012,-0.000009,-0.000013
2025-12-16 18:17:02.052,0.024427,-0.006487,-0.003285,-0.000012,-0.000009,-0.000013
2025-12-16 18:17:02.053,0.024469,-0.006421,-0.003278,-0.000012,-0.000009,-0.000013
2025-12-16 18:17:02.054,0.024510,-0.006354,-0.003270,-0.000012,-0.000009,-0.000013
2025-12-16 18:17:02.056,0.024546,-0.006290,-0.003263,-0.000012,-0.000009,-0.000013
2025-12-16 18:17:02.057,0.024605,-0.006155,-0.003253,-0.000011,-0.000009,-0.000013
2025-12-16 18:17:02.058,0.024630,-0.006086,-0.003239,-0.000011,-0.000009,-0.000013
2025-12-16 18:17:02.059,0.024654,-0.006020,-0.003228,-0.000012,-0.000009,-0.000013
2025-12-16 18:17:02.061,0.024675,-0.005952,-0.003212,-0.000012,-0.000009,-0.000013
2025-12-16 18:17:02.062,0.024697,-0.005882,-0.003194,-0.000012,-0.000009,-0.000013
2025-12-16 18:17:02.063,0.024725,-0.005737,-0.003155,-0.000012,-0.000009,-0.000013
2025-12-16 18:17:02.064,0.024734,-0.005660,-0.003131,-0.000011,-0.000009,-0.000013
2025-12-16 18:17:02.065,0.024744,-0.005582,-0.003106,-0.000011,-0.000009,-0.000013
2025-12-16 18:17:02.066,0.024755,-0.005507,-0.003075,-0.000011,-0.000009,-0.000013
2025-12-16 18:17:02.068,0.024781,-0.005374,-0.003015,-0.000011,-0.000009,-0.000013
2025-12-16 18:17:02.069,0.024797,-0.005314,-0.002989,-0.000011,-0.000009,-0.000013
2025-12-16 18:17:02.071,0.024810,-0.005259,-0.002962,-0.000011,-0.000009,-0.000013
2025-12-16 18:17:02.072,0.024830,-0.005208,-0.002932,-0.000011,-0.000009,-0.000013
2025-12-16 18:17:02.073,0.024875,-0.005109,-0.002879,-0.000011,-0.000010,-0.000013
2025-12-16 18:17:02.074,0.024896,-0.005067,-0.002857,-0.000012,-0.000010,-0.000013
2025-12-16 18:17:02.075,0.024919,-0.005024,-0.002831,-0.000012,-0.000010,-0.000013
2025-12-16 18:17:02.076,0.024945,-0.004986,-0.002798,-0.000011,-0.000010,-0.000013
2025-12-16 18:17:02.078,0.024974,-0.004953,-0.002770,-0.000011,-0.000010,-0.000013
2025-12-16 18:17:02.079,0.025005,-0.004928,-0.002747,-0.000011,-0.000010,-0.000013
2025-12-16 18:17:02.080,0.025070,-0.004892,-0.002697,-0.000011,-0.000010,-0.000013
2025-12-16 18:17:02.081,0.025102,-0.004882,-0.002673,-0.000011,-0.000010,-0.000013
2025-12-16 18:17:02.082,0.025130,-0.004872,-0.002649,-0.000011,-0.000010,-0.000013
2025-12-16 18:17:02.083,0.025160,-0.004869,-0.002626,-0.000011,-0.000010,-0.000013
2025-12-16 18:17:02.085,0.025186,-0.004872,-0.002605,-0.000011,-0.000010,-0.000013
2025-12-16 18:17:02.086,0.025210,-0.004881,-0.002591,-0.000011,-0.000010,-0.000013
2025-12-16 18:17:02.087,0.025246,-0.004904,-0.002571,-0.000011,-0.000010,-0.000013
2025-12-16 18:17:02.088,0.025259,-0.004922,-0.002559,-0.000011,-0.000010,-0.000013
2025-12-16 18:17:02.089,0.025267,-0.004938,-0.002545,-0.000012,-0.000010,-0.000013
2025-12-16 18:17:02.090,0.025270,-0.004957,-0.002533,-0.000012,-0.000010,-0.000013
2025-12-16 18:17:02.091,0.025271,-0.004977,-0.002522,-0.000012,-0.000010,-0.000013
2025-12-16 18:17:02.092,0.025269,-0.005000,-0.002514,-0.000011,-0.000010,-0.000013
2025-12-16 18:17:02.093,0.025265,-0.005024,-0.002502,-0.000011,-0.000010,-0.000013
2025-12-16 18:17:02.094,0.025257,-0.005053,-0.002495,-0.000012,-0.000010,-0.000013
2025-12-16 18:17:02.096,0.025243,-0.005081,-0.002490,-0.000012,-0.000010,-0.000013
2025-12-16 18:17:02.097,0.025203,-0.005129,-0.002490,-0.000011,-0.000010,-0.000013
2025-12-16 18:17:02.098,0.025175,-0.005151,-0.002488,-0.000012,-0.000010,-0.000013
2025-12-16 18:17:02.099,0.025141,-0.005168,-0.002491,-0.000012,-0.000010,-0.000013
2025-12-16 18:17:02.100,0.025107,-0.005188,-0.002499,-0.000012,-0.000010,-0.000013
2025-12-16 18:17:02.102,0.025073,-0.005204,-0.002510,-0.000012,-0.000010,-0.000013
2025-12-16 18:17:02.103,0.024999,-0.005246,-0.002532,-0.000011,-0.000010,-0.000013
2025-12-16 18:17:02.104,0.024960,-0.005262,-0.002542,-0.000011,-0.000010,-0.000013
2025-12-16 18:17:02.105,0.024927,-0.005275,-0.002550,-0.000011,-0.000010,-0.000013
2025-12-16 18:17:02.107,0.024858,-0.005308,-0.002572,-0.000011,-0.000010,-0.000013
2025-12-16 18:17:02.108,0.024826,-0.005321,-0.002585,-0.000011,-0.000010,-0.000013
2025-12-16 18:17:02.109,0.024800,-0.005331,-0.002596,-0.000012,-0.000010,-0.000013
2025-12-16 18:17:02.110,0.024777,-0.005350,-0.002617,-0.000011,-0.000009,-0.000013
2025-12-16 18:17:02.111,0.024757,-0.005370,-0.002634,-0.000011,-0.000009,-0.000013
2025-12-16 18:17:02.112,0.024739,-0.005388,-0.002650,-0.000012,-0.000009,-0.000013
2025-12-16 18:17:02.114,0.024723,-0.005410,-0.002673,-0.000012,-0.000009,-0.000013
2025-12-16 18:17:02.115,0.024711,-0.005432,-0.002693,-0.000012,-0.000010,-0.000013
2025-12-16 18:17:02.116,0.024692,-0.005468,-0.002730,-0.000011,-0.000009,-0.000013
2025-12-16 18:17:02.117,0.024684,-0.005488,-0.002744,-0.000011,-0.000009,-0.000013
2025-12-16 18:17:02.118,0.024681,-0.005507,-0.002759,-0.000011,-0.000009,-0.000013
2025-12-16 18:17:02.121,0.024693,-0.005584,-0.002809,-0.000011,-0.000010,-0.000013
2025-12-16 18:17:02.122,0.024698,-0.005607,-0.002823,-0.000011,-0.000009,-0.000013
2025-12-16 18:17:02.123,0.024705,-0.005633,-0.002834,-0.000011,-0.000010,-0.000013
2025-12-16 18:17:02.124,0.024711,-0.005664,-0.002842,-0.000011,-0.000010,-0.000013
2025-12-16 18:17:02.125,0.024720,-0.005695,-0.002850,-0.000011,-0.000010,-0.000013
2025-12-16 18:17:02.126,0.024728,-0.005725,-0.002855,-0.000011,-0.000010,-0.000013
2025-12-16 18:17:02.131,0.024759,-0.005918,-0.002862,-0.000011,-0.000010,-0.000013
2025-12-16 18:17:02.132,0.024759,-0.005956,-0.002860,-0.000011,-0.000010,-0.000013
2025-12-16 18:17:02.133,0.024754,-0.005984,-0.002856,-0.000011,-0.000010,-0.000013
2025-12-16 18:17:02.135,0.024750,-0.006017,-0.002847,-0.000011,-0.000010,-0.000013
2025-12-16 18:17:02.136,0.024734,-0.006098,-0.002827,-0.000011,-0.000010,-0.000013
2025-12-16 18:17:02.138,0.024724,-0.006137,-0.002817,-0.000011,-0.000010,-0.000013
2025-12-16 18:17:02.139,0.024704,-0.006221,-0.002793,-0.000012,-0.000010,-0.000013
2025-12-16 18:17:02.140,0.024692,-0.006257,-0.002783,-0.000012,-0.000010,-0.000013
2025-12-16 18:17:02.141,0.024680,-0.006289,-0.002768,-0.000012,-0.000010,-0.000013
2025-12-16 18:17:02.143,0.024669,-0.006326,-0.002762,-0.000012,-0.000010,-0.000013
2025-12-16 18:17:02.144,0.024646,-0.006394,-0.002740,-0.000012,-0.000010,-0.000013
2025-12-16 18:17:02.145,0.024632,-0.006429,-0.002730,-0.000011,-0.000009,-0.000013
2025-12-16 18:17:02.150,0.024606,-0.006637,-0.002715,-0.000012,-0.000010,-0.000013
2025-12-16 18:17:02.152,0.024606,-0.006667,-0.002721,-0.000012,-0.000010,-0.000013
2025-12-16 18:17:02.153,0.024611,-0.006736,-0.002734,-0.000012,-0.000010,-0.000013
2025-12-16 18:17:02.154,0.024616,-0.006774,-0.002741,-0.000012,-0.000010,-0.000013
2025-12-16 18:17:02.155,0.024618,-0.006807,-0.002743,-0.000012,-0.000010,-0.000013
2025-12-16 18:17:02.156,0.024623,-0.006840,-0.002743,-0.000012,-0.000010,-0.000013
2025-12-16 18:17:02.157,0.024628,-0.006868,-0.002743,-0.000012,-0.000010,-0.000013
2025-12-16 18:17:02.159,0.024642,-0.006933,-0.002756,-0.000012,-0.000010,-0.000013
2025-12-16 18:17:02.160,0.024647,-0.006965,-0.002769,-0.000012,-0.000009,-0.000013
2025-12-16 18:17:02.161,0.024649,-0.007000,-0.002781,-0.000012,-0.000010,-0.000013
2025-12-16 18:17:02.163,0.024658,-0.007066,-0.002802,-0.000012,-0.000010,-0.000013
2025-12-16 18:17:02.165,0.024661,-0.007111,-0.002810,-0.000012,-0.000009,-0.000013
2025-12-16 18:17:02.166,0.024658,-0.007130,-0.002816,-0.000013,-0.000010,-0.000013
2025-12-16 18:17:02.167,0.024652,-0.007143,-0.002821,-0.000013,-0.000009,-0.000013
2025-12-16 18:17:02.168,0.024648,-0.007155,-0.002823,-0.000012,-0.000009,-0.000013
2025-12-16 18:17:02.169,0.024637,-0.007165,-0.002828,-0.000013,-0.000009,-0.000013
2025-12-16 18:17:02.171,0.024626,-0.007172,-0.002833,-0.000013,-0.000009,-0.000013
2025-12-16 18:17:02.172,0.024608,-0.007174,-0.002834,-0.000013,-0.000009,-0.000013
2025-12-16 18:17:02.173,0.024571,-0.007179,-0.002828,-0.000012,-0.000009,-0.000013
2025-12-16 18:17:02.174,0.024549,-0.007178,-0.002826,-0.000012,-0.000009,-0.000013
2025-12-16 18:17:02.175,0.024526,-0.007176,-0.002829,-0.000012,-0.000009,-0.000013
2025-12-16 18:17:02.176,0.024502,-0.007172,-0.002834,-0.000012,-0.000009,-0.000013
2025-12-16 18:17:02.177,0.024478,-0.007164,-0.002836,-0.000012,-0.000009,-0.000013
2025-12-16 18:17:02.178,0.024457,-0.007156,-0.002837,-0.000013,-0.000009,-0.000013
2025-12-16 18:17:02.180,0.024436,-0.007145,-0.002838,-0.000012,-0.000009,-0.000013
2025-12-16 18:17:02.181,0.024417,-0.007129,-0.002834,-0.000012,-0.000009,-0.000013
2025-12-16 18:17:02.182,0.024402,-0.007114,-0.002827,-0.000012,-0.000009,-0.000013
2025-12-16 18:17:02.183,0.024378,-0.007083,-0.002829,-0.000012,-0.000009,-0.000013
2025-12-16 18:17:02.184,0.024369,-0.007065,-0.002826,-0.000012,-0.000009,-0.000013
2025-12-16 18:17:02.185,0.024362,-0.007048,-0.002821,-0.000012,-0.000009,-0.000013
2025-12-16 18:17:02.186,0.024363,-0.007030,-0.002818,-0.000012,-0.000009,-0.000013
2025-12-16 18:17:02.188,0.024367,-0.007014,-0.002816,-0.000012,-0.000009,-0.000013
2025-12-16 18:17:02.189,0.024389,-0.006982,-0.002814,-0.000013,-0.000010,-0.000013
2025-12-16 18:17:02.190,0.024407,-0.006965,-0.002812,-0.000013,-0.000009,-0.000013
2025-12-16 18:17:02.191,0.024426,-0.006948,-0.002808,-0.000012,-0.000009,-0.000013
2025-12-16 18:17:02.192,0.024448,-0.006930,-0.002804,-0.000012,-0.000009,-0.000013
2025-12-16 18:17:02.194,0.024473,-0.006910,-0.002803,-0.000013,-0.000010,-0.000013
2025-12-16 18:17:02.195,0.024504,-0.006889,-0.002801,-0.000012,-0.000009,-0.000013
2025-12-16 18:17:02.196,0.024571,-0.006848,-0.002799,-0.000012,-0.000009,-0.000013
2025-12-16 18:17:02.197,0.024609,-0.006828,-0.002796,-0.000012,-0.000009,-0.000013
2025-12-16 18:17:02.198,0.024644,-0.006800,-0.002794,-0.000012,-0.000009,-0.000013
2025-12-16 18:17:02.200,0.024678,-0.006775,-0.002792,-0.000012,-0.000010,-0.000013
2025-12-16 18:17:02.202,0.024707,-0.006754,-0.002790,-0.000013,-0.000010,-0.000013
2025-12-16 18:17:02.203,0.024734,-0.006730,-0.002792,-0.000012,-0.000010,-0.000013
2025-12-16 18:17:02.204,0.024785,-0.006684,-0.002793,-0.000013,-0.000010,-0.000013
2025-12-16 18:17:02.205,0.024810,-0.006656,-0.002791,-0.000013,-0.000010,-0.000013
2025-12-16 18:17:02.206,0.024832,-0.006621,-0.002791,-0.000013,-0.000010,-0.000013
2025-12-16 18:17:02.209,0.024860,-0.006539,-0.002783,-0.000012,-0.000010,-0.000013
2025-12-16 18:17:02.210,0.024867,-0.006452,-0.002768,-0.000012,-0.000010,-0.000013
2025-12-16 18:17:02.211,0.024868,-0.006362,-0.002752,-0.000012,-0.000010,-0.000013
2025-12-16 18:17:02.212,0.024869,-0.006317,-0.002743,-0.000012,-0.000010,-0.000013
2025-12-16 18:17:02.213,0.024842,-0.006258,-0.002748,-0.000013,-0.000010,-0.000013
2025-12-16 18:17:02.214,0.024817,-0.006192,-0.002748,-0.000012,-0.000010,-0.000013
2025-12-16 18:17:02.217,0.024745,-0.006007,-0.002731,-0.000013,-0.000010,-0.000013
2025-12-16 18:17:02.218,0.024718,-0.005946,-0.002723,-0.000012,-0.000010,-0.000013
2025-12-16 18:17:02.219,0.024693,-0.005881,-0.002714,-0.000012,-0.000010,-0.000013
2025-12-16 18:17:02.220,0.024672,-0.005816,-0.002702,-0.000012,-0.000010,-0.000013
2025-12-16 18:17:02.221,0.024649,-0.005749,-0.002696,-0.000012,-0.000009,-0.000013
2025-12-16 18:17:02.223,0.024628,-0.005692,-0.002694,-0.000012,-0.000009,-0.000013
2025-12-16 18:17:02.224,0.024597,-0.005565,-0.002674,-0.000011,-0.000009,-0.000013
2025-12-16 18:17:02.225,0.024585,-0.005500,-0.002659,-0.000012,-0.000009,-0.000013
2025-12-16 18:17:02.227,0.024583,-0.005375,-0.002626,-0.000011,-0.000009,-0.000013
2025-12-16 18:17:02.228,0.024587,-0.005310,-0.002615,-0.000011,-0.000009,-0.000013
2025-12-16 18:17:02.229,0.024597,-0.005252,-0.002609,-0.000011,-0.000009,-0.000013
2025-12-16 18:17:02.230,0.024608,-0.005206,-0.002606,-0.000011,-0.000010,-0.000013
2025-12-16 18:17:02.233,0.024640,-0.005123,-0.002594,-0.000011,-0.000010,-0.000013
2025-12-16 18:17:02.234,0.024721,-0.005029,-0.002575,-0.000011,-0.000010,-0.000013
2025-12-16 18:17:02.235,0.024771,-0.004986,-0.002566,-0.000011,-0.000009,-0.000013
2025-12-16 18:17:02.236,0.024826,-0.004940,-0.002555,-0.000011,-0.000010,-0.000013
2025-12-16 18:17:02.237,0.024886,-0.004907,-0.002549,-0.000011,-0.000010,-0.000013
2025-12-16 18:17:02.238,0.024948,-0.004874,-0.002543,-0.000011,-0.000010,-0.000013
2025-12-16 18:17:02.241,0.025073,-0.004815,-0.002537,-0.000011,-0.000010,-0.000013
2025-12-16 18:17:02.242,0.025207,-0.004777,-0.002530,-0.000011,-0.000010,-0.000013
2025-12-16 18:17:02.244,0.025338,-0.004745,-0.002533,-0.000011,-0.000010,-0.000013
2025-12-16 18:17:02.246,0.025391,-0.004737,-0.002540,-0.000011,-0.000010,-0.000013
2025-12-16 18:17:02.247,0.025447,-0.004723,-0.002550,-0.000011,-0.000010,-0.000013
2025-12-16 18:17:02.248,0.025501,-0.004705,-0.002554,-0.000011,-0.000010,-0.000013
2025-12-16 18:17:02.249,0.025596,-0.004654,-0.002564,-0.000011,-0.000010,-0.000013
2025-12-16 18:17:02.253,0.025722,-0.004560,-0.002611,-0.000011,-0.000010,-0.000013
2025-12-16 18:17:02.254,0.025739,-0.004533,-0.002625,-0.000011,-0.000010,-0.000013
2025-12-16 18:17:02.255,0.025752,-0.004506,-0.002649,-0.000011,-0.000010,-0.000013
2025-12-16 18:17:02.257,0.025764,-0.004451,-0.002703,-0.000011,-0.000010,-0.000013
2025-12-16 18:17:02.258,0.025762,-0.004426,-0.002733,-0.000011,-0.000010,-0.000013
2025-12-16 18:17:02.259,0.025752,-0.004395,-0.002766,-0.000011,-0.000010,-0.000013
2025-12-16 18:17:02.260,0.025744,-0.004365,-0.002799,-0.000011,-0.000010,-0.000013
2025-12-16 18:17:02.261,0.025731,-0.004329,-0.002833,-0.000011,-0.000010,-0.000013
2025-12-16 18:17:02.262,0.025719,-0.004298,-0.002870,-0.000011,-0.000010,-0.000013
2025-12-16 18:17:02.263,0.025703,-0.004262,-0.002909,-0.000011,-0.000010,-0.000013
2025-12-16 18:17:02.264,0.025688,-0.004231,-0.002941,-0.000011,-0.000010,-0.000013
2025-12-16 18:17:02.265,0.025673,-0.004200,-0.002984,-0.000011,-0.000010,-0.000013
2025-12-16 18:17:02.266,0.025661,-0.004173,-0.003023,-0.000011,-0.000010,-0.000013
2025-12-16 18:17:02.267,0.025647,-0.004136,-0.003068,-0.000011,-0.000010,-0.000013
2025-12-16 18:17:02.269,0.025637,-0.004105,-0.003114,-0.000011,-0.000010,-0.000013
2025-12-16 18:17:02.271,0.025619,-0.004048,-0.003208,-0.000011,-0.000010,-0.000013
2025-12-16 18:17:02.272,0.025619,-0.003998,-0.003292,-0.000011,-0.000010,-0.000013
2025-12-16 18:17:02.273,0.024830,-0.003858,-0.003218,-0.000011,-0.000010,-0.000013
2025-12-16 18:17:02.274,0.024668,-0.003812,-0.003230,-0.000011,-0.000009,-0.000013
2025-12-16 18:17:02.275,0.024765,-0.003804,-0.003277,-0.000011,-0.000009,-0.000013
2025-12-16 18:17:02.277,0.025140,-0.003828,-0.003399,-0.000011,-0.000010,-0.000013
2025-12-16 18:17:02.278,0.025307,-0.003836,-0.003458,-0.000010,-0.000010,-0.000013
2025-12-16 18:17:02.279,0.025443,-0.003846,-0.003508,-0.000010,-0.000010,-0.000013
2025-12-16 18:17:02.281,0.025549,-0.003855,-0.003552,-0.000011,-0.000010,-0.000013
2025-12-16 18:17:02.282,0.025706,-0.003871,-0.003620,-0.000011,-0.000010,-0.000013
2025-12-16 18:17:02.283,0.025763,-0.003879,-0.003650,-0.000011,-0.000010,-0.000013
2025-12-16 18:17:02.284,0.025807,-0.003887,-0.003675,-0.000011,-0.000010,-0.000013
2025-12-16 18:17:02.286,0.025845,-0.003897,-0.003691,-0.000011,-0.000010,-0.000013
2025-12-16 18:17:02.287,0.025886,-0.003915,-0.003701,-0.000011,-0.000010,-0.000013
2025-12-16 18:17:02.288,0.025956,-0.003956,-0.003706,-0.000011,-0.000010,-0.000013
2025-12-16 18:17:02.289,0.025982,-0.003973,-0.003701,-0.000011,-0.000010,-0.000013
2025-12-16 18:17:02.290,0.026004,-0.003992,-0.003695,-0.000011,-0.000010,-0.000013
2025-12-16 18:17:02.292,0.026025,-0.004012,-0.003684,-0.000012,-0.000010,-0.000013
2025-12-16 18:17:02.293,0.026042,-0.004031,-0.003670,-0.000012,-0.000010,-0.000013
2025-12-16 18:17:02.294,0.026059,-0.004053,-0.003650,-0.000011,-0.000010,-0.000013
2025-12-16 18:17:02.295,0.026074,-0.004072,-0.003631,-0.000011,-0.000010,-0.000013
2025-12-16 18:17:02.297,0.026087,-0.004100,-0.003617,-0.000011,-0.000010,-0.000013
2025-12-16 18:17:02.298,0.026101,-0.004131,-0.003599,-0.000011,-0.000010,-0.000013
2025-12-16 18:17:02.299,0.026133,-0.004208,-0.003555,-0.000011,-0.000010,-0.000013
2025-12-16 18:17:02.300,0.026146,-0.004243,-0.003529,-0.000011,-0.000010,-0.000013
2025-12-16 18:17:02.302,0.026157,-0.004272,-0.003506,-0.000012,-0.000010,-0.000013
2025-12-16 18:17:02.303,0.026177,-0.004329,-0.003459,-0.000012,-0.000010,-0.000014
2025-12-16 18:17:02.304,0.026211,-0.004426,-0.003407,-0.000012,-0.000010,-0.000014
2025-12-16 18:17:02.305,0.026238,-0.004490,-0.003385,-0.000012,-0.000010,-0.000014
2025-12-16 18:17:02.306,0.026265,-0.004554,-0.003368,-0.000012,-0.000010,-0.000014
2025-12-16 18:17:02.307,0.026293,-0.004622,-0.003351,-0.000012,-0.000010,-0.000014
2025-12-16 18:17:02.308,0.026318,-0.004681,-0.003337,-0.000012,-0.000010,-0.000014
2025-12-16 18:17:02.310,0.026345,-0.004740,-0.003319,-0.000012,-0.000010,-0.000014
2025-12-16 18:17:02.311,0.026380,-0.004811,-0.003304,-0.000012,-0.000010,-0.000014
2025-12-16 18:17:02.312,0.026418,-0.004886,-0.003291,-0.000012,-0.000010,-0.000014
2025-12-16 18:17:02.313,0.026493,-0.005050,-0.003268,-0.000013,-0.000011,-0.000014
2025-12-16 18:17:02.314,0.026524,-0.005125,-0.003261,-0.000012,-0.000010,-0.000014
2025-12-16 18:17:02.315,0.026558,-0.005204,-0.003254,-0.000013,-0.000011,-0.000014
2025-12-16 18:17:02.316,0.026589,-0.005285,-0.003251,-0.000013,-0.000010,-0.000014
2025-12-16 18:17:02.317,0.026613,-0.005359,-0.003250,-0.000013,-0.000010,-0.000014
2025-12-16 18:17:02.318,0.026640,-0.005442,-0.003256,-0.000013,-0.000010,-0.000014
2025-12-16 18:17:02.319,0.026667,-0.005532,-0.003263,-0.000013,-0.000010,-0.000014
2025-12-16 18:17:02.320,0.026692,-0.005623,-0.003271,-0.000013,-0.000010,-0.000014
2025-12-16 18:17:02.322,0.026710,-0.005705,-0.003279,-0.000013,-0.000010,-0.000014
2025-12-16 18:17:02.323,0.026726,-0.005788,-0.003286,-0.000013,-0.000010,-0.000014
2025-12-16 18:17:02.324,0.026744,-0.005947,-0.003315,-0.000013,-0.000010,-0.000014
2025-12-16 18:17:02.325,0.026747,-0.006030,-0.003332,-0.000013,-0.000010,-0.000014
2025-12-16 18:17:02.326,0.026741,-0.006110,-0.003347,-0.000013,-0.000010,-0.000014
2025-12-16 18:17:02.327,0.026735,-0.006184,-0.003363,-0.000013,-0.000010,-0.000014
2025-12-16 18:17:02.328,0.026724,-0.006262,-0.003381,-0.000013,-0.000010,-0.000014
2025-12-16 18:17:02.329,0.026710,-0.006340,-0.003400,-0.000014,-0.000010,-0.000014
2025-12-16 18:17:02.330,0.026697,-0.006406,-0.003415,-0.000014,-0.000010,-0.000014
2025-12-16 18:17:02.331,0.026680,-0.006485,-0.003439,-0.000014,-0.000010,-0.000014
2025-12-16 18:17:02.333,0.026660,-0.006561,-0.003458,-0.000014,-0.000010,-0.000014
2025-12-16 18:17:02.334,0.026642,-0.006625,-0.003473,-0.000014,-0.000010,-0.000014
2025-12-16 18:17:02.335,0.026623,-0.006692,-0.003496,-0.000014,-0.000010,-0.000014
2025-12-16 18:17:02.336,0.026587,-0.006849,-0.003555,-0.000014,-0.000010,-0.000014
2025-12-16 18:17:02.337,0.026569,-0.006923,-0.003581,-0.000014,-0.000010,-0.000014
2025-12-16 18:17:02.338,0.026549,-0.006995,-0.003608,-0.000014,-0.000010,-0.000014
2025-12-16 18:17:02.339,0.026533,-0.007060,-0.003638,-0.000014,-0.000010,-0.000014
2025-12-16 18:17:02.340,0.026522,-0.007125,-0.003666,-0.000014,-0.000010,-0.000014
2025-12-16 18:17:02.341,0.026515,-0.007194,-0.003693,-0.000014,-0.000010,-0.000014
2025-12-16 18:17:02.342,0.026510,-0.007258,-0.003718,-0.000014,-0.000010,-0.000014
2025-12-16 18:17:02.344,0.026508,-0.007328,-0.003746,-0.000014,-0.000010,-0.000014
2025-12-16 18:17:02.345,0.026513,-0.007392,-0.003774,-0.000014,-0.000010,-0.000014
2025-12-16 18:17:02.346,0.026518,-0.007443,-0.003797,-0.000014,-0.000010,-0.000014
2025-12-16 18:17:02.347,0.026546,-0.007570,-0.003850,-0.000014,-0.000010,-0.000014
2025-12-16 18:17:02.348,0.026569,-0.007641,-0.003875,-0.000014,-0.000010,-0.000014
2025-12-16 18:17:02.349,0.025767,-0.007460,-0.003773,-0.000014,-0.000010,-0.000014
2025-12-16 18:17:02.350,0.025613,-0.007461,-0.003762,-0.000014,-0.000010,-0.000014
2025-12-16 18:17:02.351,0.025729,-0.007547,-0.003785,-0.000014,-0.000010,-0.000014
2025-12-16 18:17:02.352,0.025927,-0.007650,-0.003817,-0.000014,-0.000010,-0.000014
2025-12-16 18:17:02.354,0.026137,-0.007765,-0.003858,-0.000014,-0.000010,-0.000014
2025-12-16 18:17:02.355,0.026322,-0.007878,-0.003896,-0.000013,-0.000010,-0.000014
2025-12-16 18:17:02.356,0.026585,-0.008061,-0.003949,-0.000014,-0.000010,-0.000014
2025-12-16 18:17:02.357,0.026675,-0.008137,-0.003964,-0.000014,-0.000010,-0.000014
2025-12-16 18:17:02.358,0.026746,-0.008205,-0.003974,-0.000014,-0.000010,-0.000014
2025-12-16 18:17:02.359,0.026800,-0.008262,-0.003979,-0.000014,-0.000010,-0.000014
2025-12-16 18:17:02.360,0.026844,-0.008321,-0.003977,-0.000015,-0.000010,-0.000014
2025-12-16 18:17:02.361,0.026877,-0.008376,-0.003974,-0.000015,-0.000010,-0.000014
2025-12-16 18:17:02.362,0.026899,-0.008420,-0.003962,-0.000015,-0.000010,-0.000014
2025-12-16 18:17:02.364,0.026913,-0.008456,-0.003951,-0.000015,-0.000010,-0.000014
2025-12-16 18:17:02.365,0.026922,-0.008486,-0.003942,-0.000015,-0.000010,-0.000014
2025-12-16 18:17:02.366,0.026922,-0.008511,-0.003923,-0.000014,-0.000010,-0.000014
2025-12-16 18:17:02.367,0.026919,-0.008531,-0.003903,-0.000015,-0.000010,-0.000015
2025-12-16 18:17:02.368,0.026898,-0.008578,-0.003849,-0.000015,-0.000010,-0.000015
2025-12-16 18:17:02.369,0.026882,-0.008596,-0.003817,-0.000015,-0.000010,-0.000014
2025-12-16 18:17:02.370,0.026866,-0.008613,-0.003782,-0.000015,-0.000010,-0.000015
2025-12-16 18:17:02.371,0.026851,-0.008627,-0.003750,-0.000015,-0.000010,-0.000014
2025-12-16 18:17:02.372,0.026831,-0.008635,-0.003713,-0.000015,-0.000010,-0.000015
2025-12-16 18:17:02.373,0.026812,-0.008642,-0.003676,-0.000015,-0.000010,-0.000014
2025-12-16 18:17:02.375,0.026791,-0.008644,-0.003639,-0.000015,-0.000010,-0.000015
2025-12-16 18:17:02.376,0.026771,-0.008643,-0.003599,-0.000015,-0.000010,-0.000015
2025-12-16 18:17:02.377,0.026753,-0.008639,-0.003558,-0.000015,-0.000010,-0.000014
2025-12-16 18:17:02.378,0.026741,-0.008637,-0.003519,-0.000015,-0.000010,-0.000014
2025-12-16 18:17:02.379,0.026724,-0.008630,-0.003437,-0.000015,-0.000010,-0.000014
2025-12-16 18:17:02.380,0.026717,-0.008626,-0.003403,-0.000015,-0.000010,-0.000014
2025-12-16 18:17:02.381,0.026713,-0.008615,-0.003367,-0.000015,-0.000010,-0.000014
2025-12-16 18:17:02.382,0.026711,-0.008606,-0.003334,-0.000015,-0.000010,-0.000014
2025-12-16 18:17:02.383,0.026713,-0.008596,-0.003304,-0.000015,-0.000010,-0.000015
2025-12-16 18:17:02.385,0.026716,-0.008588,-0.003279,-0.000015,-0.000010,-0.000014
2025-12-16 18:17:02.386,0.026727,-0.008578,-0.003248,-0.000015,-0.000010,-0.000014
2025-12-16 18:17:02.387,0.026751,-0.008548,-0.003176,-0.000015,-0.000010,-0.000014
2025-12-16 18:17:02.388,0.026766,-0.008544,-0.003145,-0.000015,-0.000010,-0.000014
2025-12-16 18:17:02.389,0.026780,-0.008543,-0.003121,-0.000015,-0.000010,-0.000014
2025-12-16 18:17:02.391,0.026793,-0.008540,-0.003100,-0.000015,-0.000010,-0.000014
2025-12-16 18:17:02.392,0.026808,-0.008534,-0.003080,-0.000015,-0.000010,-0.000014
2025-12-16 18:17:02.393,0.026822,-0.008525,-0.003060,-0.000015,-0.000010,-0.000014
2025-12-16 18:17:02.394,0.026838,-0.008517,-0.003037,-0.000015,-0.000010,-0.000015
2025-12-16 18:17:02.395,0.026852,-0.008510,-0.003017,-0.000015,-0.000010,-0.000014
2025-12-16 18:17:02.396,0.026865,-0.008501,-0.002998,-0.000015,-0.000010,-0.000014
2025-12-16 18:17:02.397,0.026876,-0.008493,-0.002982,-0.000015,-0.000010,-0.000015
2025-12-16 18:17:02.398,0.026880,-0.008483,-0.002971,-0.000015,-0.000010,-0.000014
2025-12-16 18:17:02.399,0.026876,-0.008470,-0.002960,-0.000015,-0.000010,-0.000014
2025-12-16 18:17:02.400,0.026871,-0.008457,-0.002951,-0.000015,-0.000010,-0.000014
2025-12-16 18:17:02.402,0.026863,-0.008442,-0.002942,-0.000015,-0.000010,-0.000014
2025-12-16 18:17:02.403,0.026850,-0.008430,-0.002933,-0.000015,-0.000010,-0.000014
2025-12-16 18:17:02.404,0.026837,-0.008420,-0.002925,-0.000015,-0.000010,-0.000014
2025-12-16 18:17:02.405,0.026808,-0.008406,-0.002915,-0.000015,-0.000010,-0.000014
2025-12-16 18:17:02.406,0.026774,-0.008390,-0.002900,-0.000015,-0.000010,-0.000014
2025-12-16 18:17:02.407,0.026757,-0.008382,-0.002892,-0.000015,-0.000010,-0.000014
2025-12-16 18:17:02.408,0.026720,-0.008364,-0.002906,-0.000016,-0.000010,-0.000015
2025-12-16 18:17:02.409,0.026688,-0.008346,-0.002921,-0.000016,-0.000010,-0.000015
2025-12-16 18:17:02.410,0.026658,-0.008329,-0.002935,-0.000016,-0.000010,-0.000014
2025-12-16 18:17:02.411,0.026629,-0.008318,-0.002953,-0.000016,-0.000010,-0.000014
2025-12-16 18:17:02.412,0.026601,-0.008306,-0.002968,-0.000015,-0.000010,-0.000014
2025-12-16 18:17:02.413,0.026578,-0.008296,-0.002979,-0.000015,-0.000010,-0.000014
2025-12-16 18:17:02.415,0.026554,-0.008292,-0.002997,-0.000015,-0.000010,-0.000014
2025-12-16 18:17:02.416,0.026528,-0.008294,-0.003023,-0.000015,-0.000010,-0.000014
2025-12-16 18:17:02.417,0.026479,-0.008300,-0.003075,-0.000015,-0.000010,-0.000014
2025-12-16 18:17:02.418,0.026459,-0.008305,-0.003101,-0.000015,-0.000010,-0.000014
2025-12-16 18:17:02.419,0.026444,-0.008310,-0.003132,-0.000015,-0.000010,-0.000014
2025-12-16 18:17:02.420,0.026434,-0.008314,-0.003160,-0.000015,-0.000010,-0.000014
2025-12-16 18:17:02.421,0.026420,-0.008322,-0.003193,-0.000015,-0.000010,-0.000014
2025-12-16 18:17:02.422,0.026407,-0.008329,-0.003222,-0.000015,-0.000010,-0.000014
2025-12-16 18:17:02.424,0.026388,-0.008353,-0.003292,-0.000015,-0.000010,-0.000014
2025-12-16 18:17:02.426,0.026385,-0.008370,-0.003329,-0.000015,-0.000010,-0.000014
2025-12-16 18:17:02.427,0.026386,-0.008406,-0.003399,-0.000015,-0.000010,-0.000014
2025-12-16 18:17:02.428,0.026384,-0.008421,-0.003429,-0.000015,-0.000010,-0.000014
2025-12-16 18:17:02.429,0.026387,-0.008443,-0.003451,-0.000015,-0.000010,-0.000014
2025-12-16 18:17:02.430,0.026393,-0.008468,-0.003473,-0.000015,-0.000010,-0.000014
2025-12-16 18:17:02.431,0.026400,-0.008493,-0.003497,-0.000015,-0.000010,-0.000014
2025-12-16 18:17:02.433,0.026415,-0.008539,-0.003549,-0.000015,-0.000010,-0.000014
2025-12-16 18:17:02.434,0.026420,-0.008559,-0.003570,-0.000015,-0.000010,-0.000014
2025-12-16 18:17:02.435,0.026426,-0.008579,-0.003589,-0.000015,-0.000010,-0.000014
2025-12-16 18:17:02.436,0.026432,-0.008593,-0.003604,-0.000015,-0.000010,-0.000014
2025-12-16 18:17:02.437,0.026435,-0.008605,-0.003619,-0.000015,-0.000010,-0.000014
2025-12-16 18:17:02.439,0.026436,-0.008614,-0.003632,-0.000015,-0.000010,-0.000014
2025-12-16 18:17:02.440,0.026432,-0.008625,-0.003638,-0.000014,-0.000010,-0.000014
2025-12-16 18:17:02.441,0.026423,-0.008643,-0.003643,-0.000015,-0.000010,-0.000014
2025-12-16 18:17:02.442,0.026419,-0.008646,-0.003643,-0.000014,-0.000010,-0.000014
2025-12-16 18:17:02.444,0.026403,-0.008646,-0.003643,-0.000015,-0.000010,-0.000014
2025-12-16 18:17:02.445,0.026390,-0.008639,-0.003636,-0.000015,-0.000010,-0.000014
2025-12-16 18:17:02.446,0.026377,-0.008632,-0.003628,-0.000015,-0.000010,-0.000014
2025-12-16 18:17:02.447,0.026366,-0.008622,-0.003621,-0.000015,-0.000010,-0.000014
2025-12-16 18:17:02.448,0.026356,-0.008615,-0.003618,-0.000014,-0.000010,-0.000014
2025-12-16 18:17:02.450,0.026344,-0.008605,-0.003616,-0.000014,-0.000010,-0.000014
2025-12-16 18:17:02.451,0.026331,-0.008581,-0.003604,-0.000014,-0.000010,-0.000014
2025-12-16 18:17:02.452,0.026325,-0.008572,-0.003602,-0.000014,-0.000010,-0.000014
2025-12-16 18:17:02.453,0.026320,-0.008564,-0.003602,-0.000014,-0.000010,-0.000014
2025-12-16 18:17:02.454,0.026317,-0.008558,-0.003603,-0.000014,-0.000010,-0.000014
2025-12-16 18:17:02.455,0.026316,-0.008546,-0.003603,-0.000014,-0.000010,-0.000014
2025-12-16 18:17:02.457,0.026317,-0.008532,-0.003603,-0.000014,-0.000010,-0.000014
2025-12-16 18:17:02.458,0.026320,-0.008517,-0.003599,-0.000015,-0.000010,-0.000014
2025-12-16 18:17:02.459,0.026330,-0.008486,-0.003589,-0.000014,-0.000010,-0.000014
2025-12-16 18:17:02.460,0.026335,-0.008469,-0.003584,-0.000014,-0.000010,-0.000014
2025-12-16 18:17:02.461,0.026341,-0.008457,-0.003578,-0.000014,-0.000010,-0.000014
2025-12-16 18:17:02.462,0.026345,-0.008448,-0.003573,-0.000014,-0.000010,-0.000014
2025-12-16 18:17:02.463,0.026351,-0.008439,-0.003565,-0.000014,-0.000010,-0.000014
2025-12-16 18:17:02.464,0.026356,-0.008425,-0.003560,-0.000014,-0.000010,-0.000014
2025-12-16 18:17:02.466,0.026359,-0.008413,-0.003560,-0.000014,-0.000010,-0.000014
2025-12-16 18:17:02.467,0.026356,-0.008403,-0.003558,-0.000014,-0.000010,-0.000014
2025-12-16 18:17:02.468,0.026348,-0.008378,-0.003547,-0.000014,-0.000010,-0.000014
2025-12-16 18:17:02.469,0.026338,-0.008359,-0.003541,-0.000014,-0.000010,-0.000014
2025-12-16 18:17:02.470,0.026328,-0.008341,-0.003536,-0.000014,-0.000010,-0.000014
2025-12-16 18:17:02.471,0.026308,-0.008323,-0.003534,-0.000014,-0.000010,-0.000014
2025-12-16 18:17:02.473,0.026284,-0.008303,-0.003530,-0.000015,-0.000010,-0.000014
2025-12-16 18:17:02.474,0.026253,-0.008281,-0.003525,-0.000014,-0.000010,-0.000014
2025-12-16 18:17:02.475,0.026219,-0.008262,-0.003519,-0.000014,-0.000009,-0.000014
2025-12-16 18:17:02.476,0.026148,-0.008232,-0.003511,-0.000014,-0.000010,-0.000014
2025-12-16 18:17:02.477,0.026111,-0.008213,-0.003504,-0.000014,-0.000009,-0.000014
2025-12-16 18:17:02.478,0.026072,-0.008198,-0.003499,-0.000014,-0.000009,-0.000014
2025-12-16 18:17:02.479,0.026029,-0.008182,-0.003493,-0.000014,-0.000009,-0.000014
2025-12-16 18:17:02.480,0.025991,-0.008169,-0.003488,-0.000014,-0.000009,-0.000014
2025-12-16 18:17:02.482,0.025955,-0.008152,-0.003487,-0.000014,-0.000009,-0.000014
2025-12-16 18:17:02.483,0.025917,-0.008140,-0.003490,-0.000014,-0.000009,-0.000014
2025-12-16 18:17:02.484,0.025822,-0.008107,-0.003496,-0.000014,-0.000009,-0.000014
2025-12-16 18:17:02.485,0.025779,-0.008097,-0.003499,-0.000013,-0.000009,-0.000014
2025-12-16 18:17:02.486,0.025744,-0.008092,-0.003503,-0.000014,-0.000009,-0.000014
2025-12-16 18:17:02.487,0.025710,-0.008083,-0.003513,-0.000013,-0.000009,-0.000014
2025-12-16 18:17:02.488,0.025681,-0.008075,-0.003523,-0.000013,-0.000009,-0.000014
2025-12-16 18:17:02.489,0.025652,-0.008075,-0.003539,-0.000013,-0.000009,-0.000014
2025-12-16 18:17:02.490,0.025628,-0.008078,-0.003556,-0.000013,-0.000009,-0.000014
2025-12-16 18:17:02.493,0.025589,-0.008087,-0.003592,-0.000014,-0.000009,-0.000014
2025-12-16 18:17:02.495,0.025569,-0.008113,-0.003638,-0.000014,-0.000010,-0.000014
2025-12-16 18:17:02.496,0.025561,-0.008124,-0.003665,-0.000014,-0.000009,-0.000014
2025-12-16 18:17:02.497,0.025553,-0.008149,-0.003711,-0.000014,-0.000009,-0.000014
2025-12-16 18:17:02.498,0.025554,-0.008167,-0.003735,-0.000014,-0.000009,-0.000013
2025-12-16 18:17:02.499,0.025557,-0.008187,-0.003763,-0.000013,-0.000009,-0.000013
2025-12-16 18:17:02.500,0.025562,-0.008213,-0.003791,-0.000013,-0.000009,-0.000013
2025-12-16 18:17:02.502,0.025568,-0.008237,-0.003823,-0.000013,-0.000009,-0.000013
2025-12-16 18:17:02.504,0.025581,-0.008282,-0.003885,-0.000014,-0.000009,-0.000014
2025-12-16 18:17:02.505,0.025586,-0.008312,-0.003916,-0.000014,-0.000009,-0.000013
2025-12-16 18:17:02.506,0.025597,-0.008372,-0.003977,-0.000014,-0.000009,-0.000014
2025-12-16 18:17:02.507,0.025583,-0.008391,-0.004007,-0.000014,-0.000009,-0.000014
2025-12-16 18:17:02.508,0.025572,-0.008409,-0.004038,-0.000014,-0.000009,-0.000014
2025-12-16 18:17:02.509,0.025561,-0.008426,-0.004070,-0.000014,-0.000009,-0.000014
2025-12-16 18:17:02.511,0.025529,-0.008453,-0.004123,-0.000013,-0.000009,-0.000013
2025-12-16 18:17:02.513,0.025512,-0.008466,-0.004146,-0.000013,-0.000009,-0.000013
2025-12-16 18:17:02.514,0.025469,-0.008474,-0.004183,-0.000013,-0.000009,-0.000013
2025-12-16 18:17:02.517,0.025414,-0.008470,-0.004213,-0.000014,-0.000009,-0.000013
2025-12-16 18:17:02.518,0.025347,-0.008450,-0.004247,-0.000014,-0.000009,-0.000013
2025-12-16 18:17:02.519,0.025310,-0.008436,-0.004266,-0.000013,-0.000009,-0.000013
2025-12-16 18:17:02.520,0.025269,-0.008417,-0.004284,-0.000014,-0.000009,-0.000013
2025-12-16 18:17:02.522,0.025227,-0.008395,-0.004300,-0.000014,-0.000009,-0.000013
2025-12-16 18:17:02.523,0.025143,-0.008347,-0.004328,-0.000013,-0.000009,-0.000013
2025-12-16 18:17:02.524,0.025102,-0.008321,-0.004342,-0.000013,-0.000009,-0.000013
2025-12-16 18:17:02.526,0.025059,-0.008294,-0.004360,-0.000013,-0.000009,-0.000013
2025-12-16 18:17:02.527,0.025020,-0.008267,-0.004382,-0.000013,-0.000009,-0.000013
2025-12-16 18:17:02.528,0.024988,-0.008244,-0.004403,-0.000013,-0.000008,-0.000013
2025-12-16 18:17:02.529,0.024928,-0.008186,-0.004450,-0.000013,-0.000008,-0.000013
2025-12-16 18:17:02.530,0.024898,-0.008160,-0.004473,-0.000013,-0.000009,-0.000013
2025-12-16 18:17:02.531,0.024870,-0.008131,-0.004499,-0.000013,-0.000009,-0.000013
2025-12-16 18:17:02.537,0.024752,-0.007996,-0.004644,-0.000012,-0.000008,-0.000013
2025-12-16 18:17:02.538,0.024722,-0.007961,-0.004705,-0.000013,-0.000008,-0.000013
2025-12-16 18:17:02.541,0.024698,-0.007923,-0.004764,-0.000013,-0.000008,-0.000013
2025-12-16 18:17:02.543,0.024654,-0.007870,-0.004861,-0.000013,-0.000008,-0.000013
2025-12-16 18:17:02.544,0.024639,-0.007854,-0.004900,-0.000012,-0.000008,-0.000013
2025-12-16 18:17:02.545,0.024626,-0.007843,-0.004939,-0.000013,-0.000008,-0.000013
2025-12-16 18:17:02.547,0.024614,-0.007834,-0.004973,-0.000013,-0.000008,-0.000013
2025-12-16 18:17:02.548,0.024596,-0.007820,-0.005007,-0.000013,-0.000008,-0.000013
2025-12-16 18:17:02.549,0.024551,-0.007784,-0.005073,-0.000012,-0.000008,-0.000012
2025-12-16 18:17:02.550,0.024531,-0.007768,-0.005105,-0.000012,-0.000008,-0.000012
2025-12-16 18:17:02.551,0.024509,-0.007754,-0.005134,-0.000012,-0.000008,-0.000012
2025-12-16 18:17:02.552,0.024487,-0.007739,-0.005163,-0.000012,-0.000008,-0.000012
2025-12-16 18:17:02.553,0.024469,-0.007726,-0.005187,-0.000012,-0.000008,-0.000012
2025-12-16 18:17:02.554,0.024447,-0.007716,-0.005210,-0.000012,-0.000008,-0.000012
2025-12-16 18:17:02.556,0.024420,-0.007697,-0.005234,-0.000012,-0.000008,-0.000012
2025-12-16 18:17:02.557,0.024367,-0.007664,-0.005297,-0.000012,-0.000008,-0.000012
2025-12-16 18:17:02.558,0.024340,-0.007648,-0.005329,-0.000012,-0.000008,-0.000012
2025-12-16 18:17:02.559,0.024311,-0.007635,-0.005359,-0.000012,-0.000008,-0.000012
2025-12-16 18:17:02.560,0.024285,-0.007623,-0.005393,-0.000012,-0.000008,-0.000012
2025-12-16 18:17:02.561,0.024262,-0.007612,-0.005429,-0.000013,-0.000008,-0.000012
2025-12-16 18:17:02.563,0.024241,-0.007603,-0.005462,-0.000012,-0.000008,-0.000012
2025-12-16 18:17:02.564,0.024206,-0.007585,-0.005524,-0.000012,-0.000008,-0.000012
2025-12-16 18:17:02.565,0.024190,-0.007572,-0.005554,-0.000012,-0.000008,-0.000012
2025-12-16 18:17:02.567,0.024167,-0.007547,-0.005621,-0.000012,-0.000008,-0.000012
2025-12-16 18:17:02.568,0.024158,-0.007538,-0.005657,-0.000012,-0.000008,-0.000012
2025-12-16 18:17:02.569,0.024155,-0.007529,-0.005694,-0.000012,-0.000008,-0.000012
2025-12-16 18:17:02.570,0.024152,-0.007519,-0.005730,-0.000012,-0.000008,-0.000012
2025-12-16 18:17:02.572,0.024146,-0.007507,-0.005767,-0.000012,-0.000008,-0.000012
2025-12-16 18:17:02.573,0.024138,-0.007487,-0.005847,-0.000012,-0.000008,-0.000012
2025-12-16 18:17:02.574,0.024135,-0.007475,-0.005886,-0.000012,-0.000008,-0.000012
2025-12-16 18:17:02.575,0.024134,-0.007468,-0.005924,-0.000012,-0.000008,-0.000012
2025-12-16 18:17:02.576,0.024132,-0.007460,-0.005960,-0.000012,-0.000008,-0.000012
2025-12-16 18:17:02.577,0.024129,-0.007454,-0.005999,-0.000012,-0.000008,-0.000012
2025-12-16 18:17:02.579,0.024125,-0.007445,-0.006038,-0.000012,-0.000008,-0.000012
2025-12-16 18:17:02.580,0.024123,-0.007427,-0.006108,-0.000012,-0.000008,-0.000012
2025-12-16 18:17:02.581,0.024115,-0.007416,-0.006147,-0.000012,-0.000008,-0.000012
2025-12-16 18:17:02.582,0.024106,-0.007406,-0.006183,-0.000012,-0.000008,-0.000012
2025-12-16 18:17:02.583,0.024092,-0.007391,-0.006215,-0.000012,-0.000008,-0.000012
2025-12-16 18:17:02.584,0.024072,-0.007374,-0.006241,-0.000012,-0.000008,-0.000012
2025-12-16 18:17:02.585,0.024047,-0.007353,-0.006264,-0.000012,-0.000008,-0.000012
2025-12-16 18:17:02.587,0.024019,-0.007333,-0.006291,-0.000012,-0.000008,-0.000012
2025-12-16 18:17:02.588,0.023990,-0.007312,-0.006312,-0.000012,-0.000008,-0.000012
2025-12-16 18:17:02.589,0.023960,-0.007289,-0.006332,-0.000012,-0.000008,-0.000012
2025-12-16 18:17:02.590,0.023928,-0.007266,-0.006348,-0.000012,-0.000008,-0.000012
2025-12-16 18:17:02.591,0.023853,-0.007217,-0.006387,-0.000012,-0.000008,-0.000012
2025-12-16 18:17:02.592,0.023814,-0.007193,-0.006404,-0.000012,-0.000008,-0.000012
2025-12-16 18:17:02.593,0.023772,-0.007167,-0.006417,-0.000012,-0.000008,-0.000012
2025-12-16 18:17:02.594,0.023730,-0.007144,-0.006434,-0.000012,-0.000008,-0.000012
2025-12-16 18:17:02.595,0.023685,-0.007117,-0.006451,-0.000012,-0.000008,-0.000012
2025-12-16 18:17:02.596,0.023642,-0.007088,-0.006462,-0.000012,-0.000008,-0.000012
2025-12-16 18:17:02.598,0.023600,-0.007058,-0.006473,-0.000012,-0.000008,-0.000012
2025-12-16 18:17:02.599,0.023560,-0.007030,-0.006482,-0.000012,-0.000008,-0.000012
2025-12-16 18:17:02.600,0.023519,-0.007001,-0.006492,-0.000012,-0.000008,-0.000012
2025-12-16 18:17:02.601,0.023478,-0.006980,-0.006512,-0.000012,-0.000008,-0.000012
2025-12-16 18:17:02.602,0.023446,-0.006960,-0.006530,-0.000012,-0.000008,-0.000012
2025-12-16 18:17:02.603,0.023413,-0.006942,-0.006549,-0.000012,-0.000008,-0.000012
2025-12-16 18:17:02.604,0.023385,-0.006923,-0.006568,-0.000011,-0.000008,-0.000011
2025-12-16 18:17:02.605,0.023361,-0.006908,-0.006587,-0.000011,-0.000008,-0.000011
2025-12-16 18:17:02.607,0.023339,-0.006893,-0.006608,-0.000011,-0.000008,-0.000011
2025-12-16 18:17:02.608,0.023319,-0.006878,-0.006633,-0.000011,-0.000008,-0.000011
2025-12-16 18:17:02.609,0.023302,-0.006864,-0.006655,-0.000011,-0.000008,-0.000011
2025-12-16 18:17:02.610,0.023277,-0.006854,-0.006687,-0.000012,-0.000008,-0.000011
2025-12-16 18:17:02.611,0.023254,-0.006847,-0.006716,-0.000012,-0.000008,-0.000011
2025-12-16 18:17:02.612,0.023252,-0.006854,-0.006732,-0.000012,-0.000008,-0.000012
2025-12-16 18:17:02.613,0.023255,-0.006867,-0.006753,-0.000012,-0.000008,-0.000012
2025-12-16 18:17:02.614,0.023254,-0.006881,-0.006772,-0.000012,-0.000008,-0.000011
2025-12-16 18:17:02.616,0.023253,-0.006898,-0.006793,-0.000012,-0.000008,-0.000011
2025-12-16 18:17:02.617,0.023252,-0.006912,-0.006812,-0.000012,-0.000008,-0.000011
2025-12-16 18:17:02.618,0.023247,-0.006948,-0.006849,-0.000012,-0.000007,-0.000011
2025-12-16 18:17:02.619,0.023245,-0.006969,-0.006866,-0.000011,-0.000007,-0.000011
2025-12-16 18:17:02.620,0.023241,-0.006989,-0.006884,-0.000012,-0.000008,-0.000011
2025-12-16 18:17:02.621,0.023235,-0.007009,-0.006899,-0.000011,-0.000007,-0.000011
2025-12-16 18:17:02.622,0.023230,-0.007029,-0.006909,-0.000012,-0.000008,-0.000011
2025-12-16 18:17:02.623,0.023220,-0.007051,-0.006917,-0.000012,-0.000008,-0.000011
2025-12-16 18:17:02.625,0.023206,-0.007074,-0.006924,-0.000012,-0.000008,-0.000011
2025-12-16 18:17:02.626,0.023189,-0.007093,-0.006931,-0.000012,-0.000008,-0.000011
2025-12-16 18:17:02.627,0.023149,-0.007139,-0.006939,-0.000012,-0.000007,-0.000011
2025-12-16 18:17:02.628,0.023126,-0.007161,-0.006938,-0.000011,-0.000007,-0.000011
2025-12-16 18:17:02.630,0.023106,-0.007178,-0.006934,-0.000011,-0.000007,-0.000011
2025-12-16 18:17:02.631,0.023082,-0.007190,-0.006935,-0.000011,-0.000007,-0.000011
2025-12-16 18:17:02.632,0.023050,-0.007199,-0.006936,-0.000011,-0.000007,-0.000011
2025-12-16 18:17:02.633,0.022984,-0.007210,-0.006938,-0.000011,-0.000007,-0.000011
2025-12-16 18:17:02.634,0.022952,-0.007213,-0.006937,-0.000011,-0.000007,-0.000011
2025-12-16 18:17:02.635,0.022921,-0.007216,-0.006935,-0.000011,-0.000007,-0.000011
2025-12-16 18:17:02.636,0.022887,-0.007219,-0.006937,-0.000011,-0.000007,-0.000011
2025-12-16 18:17:02.637,0.022852,-0.007219,-0.006940,-0.000011,-0.000007,-0.000011
2025-12-16 18:17:02.638,0.022819,-0.007218,-0.006939,-0.000011,-0.000007,-0.000011
2025-12-16 18:17:02.640,0.022786,-0.007216,-0.006936,-0.000011,-0.000007,-0.000011
2025-12-16 18:17:02.641,0.022758,-0.007213,-0.006934,-0.000011,-0.000007,-0.000011
2025-12-16 18:17:02.642,0.022726,-0.007210,-0.006931,-0.000011,-0.000007,-0.000011
2025-12-16 18:17:02.643,0.022661,-0.007202,-0.006928,-0.000011,-0.000007,-0.000011
2025-12-16 18:17:02.644,0.022631,-0.007200,-0.006926,-0.000011,-0.000007,-0.000011
2025-12-16 18:17:02.645,0.022608,-0.007202,-0.006921,-0.000011,-0.000007,-0.000011
2025-12-16 18:17:02.646,0.022587,-0.007197,-0.006915,-0.000011,-0.000007,-0.000011
2025-12-16 18:17:02.648,0.022569,-0.007191,-0.006910,-0.000011,-0.000007,-0.000011
2025-12-16 18:17:02.649,0.022553,-0.007185,-0.006910,-0.000011,-0.000007,-0.000011
2025-12-16 18:17:02.650,0.022541,-0.007179,-0.006910,-0.000011,-0.000007,-0.000011
2025-12-16 18:17:02.651,0.022525,-0.007169,-0.006913,-0.000011,-0.000007,-0.000011
2025-12-16 18:17:02.652,0.022517,-0.007166,-0.006909,-0.000011,-0.000007,-0.000011
2025-12-16 18:17:02.653,0.022508,-0.007164,-0.006907,-0.000011,-0.000007,-0.000011
2025-12-16 18:17:02.654,0.022499,-0.007157,-0.006900,-0.000011,-0.000007,-0.000011
2025-12-16 18:17:02.656,0.022489,-0.007150,-0.006895,-0.000011,-0.000007,-0.000011
2025-12-16 18:17:02.657,0.022480,-0.007144,-0.006892,-0.000011,-0.000007,-0.000011
2025-12-16 18:17:02.658,0.022470,-0.007139,-0.006885,-0.000011,-0.000007,-0.000011
2025-12-16 18:17:02.659,0.022455,-0.007129,-0.006871,-0.000010,-0.000007,-0.000011
2025-12-16 18:17:02.660,0.022450,-0.007126,-0.006866,-0.000011,-0.000007,-0.000011
2025-12-16 18:17:02.661,0.022446,-0.007121,-0.006862,-0.000010,-0.000007,-0.000011
2025-12-16 18:17:02.662,0.022440,-0.007114,-0.006857,-0.000011,-0.000007,-0.000011
2025-12-16 18:17:02.663,0.022426,-0.007105,-0.006847,-0.000011,-0.000007,-0.000011
2025-12-16 18:17:02.664,0.022406,-0.007090,-0.006837,-0.000011,-0.000007,-0.000011
2025-12-16 18:17:02.665,0.022386,-0.007076,-0.006832,-0.000011,-0.000007,-0.000011
2025-12-16 18:17:02.666,0.022365,-0.007064,-0.006824,-0.000011,-0.000007,-0.000011
2025-12-16 18:17:02.668,0.022344,-0.007052,-0.006814,-0.000011,-0.000007,-0.000011
2025-12-16 18:17:02.669,0.022321,-0.007039,-0.006806,-0.000011,-0.000007,-0.000011
2025-12-16 18:17:02.670,0.022278,-0.007008,-0.006775,-0.000011,-0.000007,-0.000011
2025-12-16 18:17:02.671,0.022255,-0.006994,-0.006760,-0.000010,-0.000007,-0.000011
2025-12-16 18:17:02.672,0.022229,-0.006980,-0.006748,-0.000010,-0.000007,-0.000011
2025-12-16 18:17:02.673,0.022202,-0.006966,-0.006737,-0.000010,-0.000007,-0.000011
2025-12-16 18:17:02.674,0.022177,-0.006954,-0.006723,-0.000010,-0.000007,-0.000011
2025-12-16 18:17:02.675,0.022156,-0.006943,-0.006709,-0.000010,-0.000007,-0.000011
2025-12-16 18:17:02.676,0.022134,-0.006933,-0.006699,-0.000011,-0.000007,-0.000011
2025-12-16 18:17:02.677,0.022115,-0.006924,-0.006692,-0.000011,-0.000007,-0.000011
2025-12-16 18:17:02.678,0.022100,-0.006916,-0.006686,-0.000010,-0.000007,-0.000011
2025-12-16 18:17:02.680,0.022084,-0.006912,-0.006681,-0.000011,-0.000007,-0.000011
2025-12-16 18:17:02.681,0.022076,-0.006909,-0.006675,-0.000011,-0.000007,-0.000011
2025-12-16 18:17:02.682,0.022060,-0.006916,-0.006669,-0.000011,-0.000007,-0.000011
2025-12-16 18:17:02.683,0.022055,-0.006921,-0.006672,-0.000011,-0.000007,-0.000011
2025-12-16 18:17:02.684,0.022056,-0.006932,-0.006675,-0.000010,-0.000007,-0.000011
2025-12-16 18:17:02.685,0.022056,-0.006944,-0.006681,-0.000010,-0.000007,-0.000011
2025-12-16 18:17:02.687,0.022057,-0.006954,-0.006688,-0.000010,-0.000007,-0.000011
2025-12-16 18:17:02.688,0.022059,-0.006969,-0.006697,-0.000010,-0.000007,-0.000011
2025-12-16 18:17:02.689,0.022066,-0.006990,-0.006705,-0.000010,-0.000007,-0.000011
2025-12-16 18:17:02.690,0.022085,-0.007045,-0.006732,-0.000011,-0.000007,-0.000011
2025-12-16 18:17:02.691,0.022092,-0.007075,-0.006748,-0.000011,-0.000007,-0.000011
2025-12-16 18:17:02.692,0.022098,-0.007101,-0.006762,-0.000011,-0.000007,-0.000011
2025-12-16 18:17:02.693,0.022106,-0.007131,-0.006779,-0.000011,-0.000007,-0.000011
2025-12-16 18:17:02.694,0.022121,-0.007168,-0.006800,-0.000011,-0.000007,-0.000011
2025-12-16 18:17:02.695,0.022131,-0.007205,-0.006826,-0.000011,-0.000007,-0.000011
2025-12-16 18:17:02.696,0.022139,-0.007243,-0.006854,-0.000011,-0.000007,-0.000011
2025-12-16 18:17:02.698,0.022148,-0.007280,-0.006883,-0.000011,-0.000007,-0.000011
2025-12-16 18:17:02.699,0.022149,-0.007312,-0.006908,-0.000011,-0.000007,-0.000011
2025-12-16 18:17:02.700,0.022150,-0.007342,-0.006932,-0.000011,-0.000007,-0.000011
2025-12-16 18:17:02.701,0.022145,-0.007405,-0.006978,-0.000011,-0.000007,-0.000011
2025-12-16 18:17:02.702,0.022145,-0.007433,-0.006995,-0.000011,-0.000007,-0.000011
2025-12-16 18:17:02.703,0.022140,-0.007463,-0.007015,-0.000011,-0.000007,-0.000011
2025-12-16 18:17:02.704,0.022126,-0.007488,-0.007037,-0.000011,-0.000007,-0.000011
2025-12-16 18:17:02.705,0.022109,-0.007513,-0.007057,-0.000011,-0.000007,-0.000011
2025-12-16 18:17:02.706,0.022094,-0.007533,-0.007074,-0.000011,-0.000007,-0.000011
2025-12-16 18:17:02.707,0.022075,-0.007553,-0.007096,-0.000012,-0.000007,-0.000011
2025-12-16 18:17:02.709,0.022049,-0.007570,-0.007121,-0.000011,-0.000007,-0.000011
2025-12-16 18:17:02.710,0.022024,-0.007583,-0.007147,-0.000011,-0.000007,-0.000011
2025-12-16 18:17:02.711,0.022001,-0.007593,-0.007168,-0.000011,-0.000007,-0.000011
2025-12-16 18:17:02.712,0.021976,-0.007600,-0.007189,-0.000011,-0.000007,-0.000011
2025-12-16 18:17:02.713,0.021925,-0.007607,-0.007226,-0.000011,-0.000007,-0.000011
2025-12-16 18:17:02.714,0.021899,-0.007604,-0.007238,-0.000011,-0.000007,-0.000011
2025-12-16 18:17:02.715,0.021874,-0.007601,-0.007248,-0.000011,-0.000007,-0.000011
2025-12-16 18:17:02.716,0.021849,-0.007596,-0.007257,-0.000011,-0.000007,-0.000011
2025-12-16 18:17:02.717,0.021827,-0.007590,-0.007264,-0.000011,-0.000007,-0.000011
2025-12-16 18:17:02.718,0.021807,-0.007586,-0.007273,-0.000011,-0.000007,-0.000011
2025-12-16 18:17:02.719,0.021791,-0.007579,-0.007283,-0.000011,-0.000007,-0.000011
2025-12-16 18:17:02.720,0.021775,-0.007567,-0.007289,-0.000011,-0.000007,-0.000011
2025-12-16 18:17:02.721,0.021757,-0.007555,-0.007301,-0.000011,-0.000007,-0.000011
2025-12-16 18:17:02.723,0.021743,-0.007542,-0.007311,-0.000011,-0.000007,-0.000011
2025-12-16 18:17:02.724,0.021726,-0.007529,-0.007318,-0.000011,-0.000007,-0.000011
2025-12-16 18:17:02.725,0.021718,-0.007518,-0.007323,-0.000011,-0.000007,-0.000011
2025-12-16 18:17:02.726,0.021708,-0.007505,-0.007320,-0.000011,-0.000007,-0.000011
2025-12-16 18:17:02.727,0.021708,-0.007502,-0.007318,-0.000010,-0.000007,-0.000011
2025-12-16 18:17:02.728,0.021709,-0.007499,-0.007317,-0.000010,-0.000007,-0.000011
2025-12-16 18:17:02.729,0.021713,-0.007498,-0.007310,-0.000011,-0.000007,-0.000011
2025-12-16 18:17:02.730,0.021718,-0.007497,-0.007303,-0.000010,-0.000007,-0.000011
2025-12-16 18:17:02.731,0.021725,-0.007498,-0.007298,-0.000010,-0.000007,-0.000011
2025-12-16 18:17:02.732,0.021730,-0.007500,-0.007291,-0.000010,-0.000007,-0.000011
2025-12-16 18:17:02.734,0.021739,-0.007502,-0.007283,-0.000011,-0.000007,-0.000011
2025-12-16 18:17:02.735,0.021748,-0.007504,-0.007275,-0.000010,-0.000007,-0.000011
2025-12-16 18:17:02.736,0.021764,-0.007519,-0.007255,-0.000011,-0.000007,-0.000011
2025-12-16 18:17:02.737,0.021767,-0.007525,-0.007241,-0.000010,-0.000007,-0.000011
2025-12-16 18:17:02.738,0.021771,-0.007532,-0.007223,-0.000010,-0.000006,-0.000011
2025-12-16 18:17:02.740,0.021772,-0.007541,-0.007199,-0.000010,-0.000006,-0.000011
2025-12-16 18:17:02.741,0.021773,-0.007554,-0.007174,-0.000010,-0.000006,-0.000011
2025-12-16 18:17:02.742,0.021776,-0.007572,-0.007111,-0.000010,-0.000006,-0.000011
2025-12-16 18:17:02.743,0.021781,-0.007581,-0.007078,-0.000010,-0.000006,-0.000011
2025-12-16 18:17:02.744,0.021781,-0.007586,-0.007050,-0.000011,-0.000007,-0.000011
2025-12-16 18:17:02.745,0.021783,-0.007590,-0.007022,-0.000010,-0.000007,-0.000011
2025-12-16 18:17:02.746,0.021781,-0.007594,-0.006994,-0.000011,-0.000007,-0.000011
2025-12-16 18:17:02.747,0.021775,-0.007593,-0.006959,-0.000010,-0.000007,-0.000011
2025-12-16 18:17:02.748,0.021769,-0.007593,-0.006925,-0.000010,-0.000007,-0.000011
2025-12-16 18:17:02.749,0.021756,-0.007587,-0.006891,-0.000011,-0.000007,-0.000011
2025-12-16 18:17:02.750,0.021745,-0.007587,-0.006858,-0.000011,-0.000007,-0.000011
2025-12-16 18:17:02.752,0.021731,-0.007584,-0.006820,-0.000010,-0.000007,-0.000011
2025-12-16 18:17:02.753,0.021721,-0.007579,-0.006782,-0.000010,-0.000007,-0.000011
2025-12-16 18:17:02.754,0.021706,-0.007569,-0.006721,-0.000010,-0.000007,-0.000011
2025-12-16 18:17:02.755,0.021697,-0.007558,-0.006682,-0.000010,-0.000007,-0.000011
2025-12-16 18:17:02.756,0.021689,-0.007548,-0.006647,-0.000010,-0.000007,-0.000011
2025-12-16 18:17:02.757,0.021688,-0.007537,-0.006609,-0.000010,-0.000007,-0.000011
2025-12-16 18:17:02.758,0.021689,-0.007527,-0.006568,-0.000010,-0.000007,-0.000011
2025-12-16 18:17:02.759,0.021696,-0.007518,-0.006531,-0.000011,-0.000007,-0.000011
2025-12-16 18:17:02.760,0.021709,-0.007507,-0.006495,-0.000011,-0.000007,-0.000011
2025-12-16 18:17:02.761,0.021725,-0.007498,-0.006459,-0.000010,-0.000007,-0.000011
2025-12-16 18:17:02.762,0.021740,-0.007491,-0.006428,-0.000010,-0.000007,-0.000011
2025-12-16 18:17:02.764,0.021760,-0.007484,-0.006400,-0.000010,-0.000007,-0.000011
2025-12-16 18:17:02.765,0.021781,-0.007479,-0.006372,-0.000011,-0.000007,-0.000011
2025-12-16 18:17:02.766,0.021802,-0.007472,-0.006345,-0.000010,-0.000007,-0.000011
2025-12-16 18:17:02.767,0.021832,-0.007471,-0.006318,-0.000010,-0.000007,-0.000011
2025-12-16 18:17:02.768,0.021889,-0.007472,-0.006270,-0.000010,-0.000007,-0.000011
2025-12-16 18:17:02.769,0.021917,-0.007478,-0.006247,-0.000010,-0.000007,-0.000011
2025-12-16 18:17:02.770,0.021947,-0.007485,-0.006227,-0.000010,-0.000007,-0.000011
2025-12-16 18:17:02.771,0.021978,-0.007492,-0.006211,-0.000010,-0.000007,-0.000011
2025-12-16 18:17:02.772,0.022006,-0.007500,-0.006197,-0.000011,-0.000007,-0.000011
2025-12-16 18:17:02.773,0.022029,-0.007511,-0.006183,-0.000010,-0.000007,-0.000011
2025-12-16 18:17:02.775,0.022051,-0.007527,-0.006171,-0.000010,-0.000007,-0.000011
2025-12-16 18:17:02.776,0.022075,-0.007542,-0.006162,-0.000011,-0.000007,-0.000011
2025-12-16 18:17:02.777,0.022096,-0.007557,-0.006152,-0.000011,-0.000007,-0.000011
2025-12-16 18:17:02.778,0.022114,-0.007574,-0.006142,-0.000011,-0.000007,-0.000011
2025-12-16 18:17:02.779,0.022135,-0.007609,-0.006127,-0.000011,-0.000007,-0.000011
2025-12-16 18:17:02.780,0.022140,-0.007621,-0.006123,-0.000010,-0.000007,-0.000011
2025-12-16 18:17:02.781,0.022139,-0.007632,-0.006118,-0.000010,-0.000007,-0.000011
2025-12-16 18:17:02.782,0.022129,-0.007649,-0.006113,-0.000011,-0.000007,-0.000011
2025-12-16 18:17:02.783,0.022115,-0.007669,-0.006110,-0.000011,-0.000007,-0.000011
2025-12-16 18:17:02.784,0.022103,-0.007687,-0.006108,-0.000011,-0.000007,-0.000011
2025-12-16 18:17:02.785,0.022088,-0.007707,-0.006103,-0.000011,-0.000007,-0.000011
2025-12-16 18:17:02.787,0.022066,-0.007720,-0.006095,-0.000011,-0.000007,-0.000011
2025-12-16 18:17:02.788,0.022045,-0.007736,-0.006084,-0.000011,-0.000007,-0.000011
2025-12-16 18:17:02.789,0.022028,-0.007750,-0.006073,-0.000011,-0.000007,-0.000011
2025-12-16 18:17:02.790,0.021988,-0.007771,-0.006044,-0.000011,-0.000007,-0.000011
2025-12-16 18:17:02.791,0.021963,-0.007785,-0.006028,-0.000010,-0.000007,-0.000011
2025-12-16 18:17:02.792,0.021936,-0.007798,-0.006010,-0.000011,-0.000007,-0.000011
2025-12-16 18:17:02.793,0.021910,-0.007808,-0.005988,-0.000010,-0.000007,-0.000011
2025-12-16 18:17:02.794,0.021889,-0.007817,-0.005969,-0.000010,-0.000007,-0.000011
2025-12-16 18:17:02.795,0.021865,-0.007830,-0.005944,-0.000010,-0.000007,-0.000011
2025-12-16 18:17:02.796,0.021844,-0.007841,-0.005922,-0.000010,-0.000007,-0.000011
2025-12-16 18:17:02.798,0.021819,-0.007854,-0.005897,-0.000010,-0.000007,-0.000011
2025-12-16 18:17:02.799,0.021797,-0.007865,-0.005876,-0.000010,-0.000007,-0.000011
2025-12-16 18:17:02.800,0.021777,-0.007881,-0.005849,-0.000010,-0.000007,-0.000011
2025-12-16 18:17:02.801,0.021762,-0.007896,-0.005825,-0.000010,-0.000007,-0.000011
2025-12-16 18:17:02.802,0.021080,-0.007663,-0.005628,-0.000010,-0.000007,-0.000010
2025-12-16 18:17:02.803,0.020931,-0.007627,-0.005557,-0.000010,-0.000007,-0.000010
2025-12-16 18:17:02.804,0.021004,-0.007676,-0.005538,-0.000010,-0.000007,-0.000010
2025-12-16 18:17:02.805,0.021151,-0.007757,-0.005532,-0.000010,-0.000007,-0.000011
2025-12-16 18:17:02.806,0.021303,-0.007837,-0.005532,-0.000010,-0.000007,-0.000011
2025-12-16 18:17:02.807,0.021435,-0.007915,-0.005527,-0.000010,-0.000007,-0.000011
2025-12-16 18:17:02.809,0.021538,-0.007978,-0.005512,-0.000010,-0.000007,-0.000011
2025-12-16 18:17:02.810,0.021621,-0.008036,-0.005495,-0.000010,-0.000007,-0.000011
2025-12-16 18:17:02.811,0.021828,-0.008212,-0.005425,-0.000011,-0.000007,-0.000011
2025-12-16 18:17:02.812,0.021848,-0.008246,-0.005389,-0.000011,-0.000007,-0.000011
2025-12-16 18:17:02.813,0.021868,-0.008283,-0.005352,-0.000011,-0.000007,-0.000011
2025-12-16 18:17:02.814,0.021886,-0.008323,-0.005309,-0.000011,-0.000007,-0.000011
2025-12-16 18:17:02.815,0.021906,-0.008365,-0.005268,-0.000011,-0.000007,-0.000011
2025-12-16 18:17:02.816,0.021926,-0.008409,-0.005227,-0.000011,-0.000007,-0.000011
2025-12-16 18:17:02.817,0.021947,-0.008450,-0.005183,-0.000011,-0.000007,-0.000011
2025-12-16 18:17:02.818,0.021962,-0.008484,-0.005141,-0.000011,-0.000007,-0.000011
2025-12-16 18:17:02.819,0.021975,-0.008522,-0.005100,-0.000011,-0.000007,-0.000011
2025-12-16 18:17:02.820,0.021985,-0.008553,-0.005056,-0.000011,-0.000007,-0.000011
2025-12-16 18:17:02.822,0.021990,-0.008586,-0.005018,-0.000011,-0.000007,-0.000011
2025-12-16 18:17:02.823,0.021994,-0.008614,-0.004987,-0.000011,-0.000007,-0.000011
2025-12-16 18:17:02.824,0.021998,-0.008674,-0.004918,-0.000011,-0.000007,-0.000011
2025-12-16 18:17:02.825,0.021996,-0.008702,-0.004886,-0.000011,-0.000007,-0.000011
2025-12-16 18:17:02.826,0.021993,-0.008725,-0.004860,-0.000011,-0.000007,-0.000011
2025-12-16 18:17:02.827,0.021988,-0.008750,-0.004830,-0.000011,-0.000007,-0.000011
2025-12-16 18:17:02.828,0.021977,-0.008765,-0.004799,-0.000011,-0.000007,-0.000011
2025-12-16 18:17:02.829,0.021962,-0.008775,-0.004766,-0.000011,-0.000007,-0.000011
2025-12-16 18:17:02.830,0.021944,-0.008779,-0.004736,-0.000011,-0.000007,-0.000011
2025-12-16 18:17:02.831,0.021929,-0.008782,-0.004709,-0.000011,-0.000007,-0.000011
2025-12-16 18:17:02.833,0.021909,-0.008784,-0.004684,-0.000011,-0.000007,-0.000011
2025-12-16 18:17:02.834,0.021890,-0.008784,-0.004662,-0.000011,-0.000007,-0.000011
2025-12-16 18:17:02.835,0.021855,-0.008776,-0.004629,-0.000011,-0.000007,-0.000011
2025-12-16 18:17:02.836,0.021835,-0.008765,-0.004619,-0.000011,-0.000007,-0.000011
2025-12-16 18:17:02.837,0.021818,-0.008752,-0.004614,-0.000011,-0.000007,-0.000011
2025-12-16 18:17:02.838,0.021801,-0.008738,-0.004609,-0.000011,-0.000007,-0.000011
2025-12-16 18:17:02.839,0.021788,-0.008720,-0.004603,-0.000011,-0.000007,-0.000011
2025-12-16 18:17:02.840,0.021776,-0.008703,-0.004601,-0.000011,-0.000007,-0.000011
2025-12-16 18:17:02.841,0.021769,-0.008683,-0.004599,-0.000011,-0.000007,-0.000011
2025-12-16 18:17:02.843,0.021765,-0.008669,-0.004604,-0.000011,-0.000007,-0.000011
2025-12-16 18:17:02.844,0.021770,-0.008639,-0.004617,-0.000011,-0.000007,-0.000011
2025-12-16 18:17:02.845,0.021780,-0.008622,-0.004627,-0.000011,-0.000007,-0.000011
2025-12-16 18:17:02.847,0.021794,-0.008607,-0.004639,-0.000011,-0.000007,-0.000011
2025-12-16 18:17:02.848,0.021808,-0.008596,-0.004651,-0.000011,-0.000007,-0.000011
2025-12-16 18:17:02.849,0.021843,-0.008564,-0.004673,-0.000011,-0.000007,-0.000011
2025-12-16 18:17:02.850,0.021874,-0.008552,-0.004688,-0.000011,-0.000007,-0.000011
2025-12-16 18:17:02.851,0.021906,-0.008541,-0.004706,-0.000011,-0.000007,-0.000011
2025-12-16 18:17:02.852,0.021934,-0.008532,-0.004723,-0.000011,-0.000007,-0.000011
2025-12-16 18:17:02.853,0.021969,-0.008526,-0.004743,-0.000011,-0.000007,-0.000011
2025-12-16 18:17:02.855,0.022003,-0.008519,-0.004766,-0.000011,-0.000007,-0.000011
2025-12-16 18:17:02.856,0.022083,-0.008509,-0.004813,-0.000011,-0.000007,-0.000011
2025-12-16 18:17:02.857,0.022126,-0.008504,-0.004833,-0.000011,-0.000007,-0.000011
2025-12-16 18:17:02.858,0.022162,-0.008498,-0.004849,-0.000011,-0.000007,-0.000011
2025-12-16 18:17:02.859,0.022202,-0.008494,-0.004867,-0.000011,-0.000007,-0.000011
2025-12-16 18:17:02.860,0.022247,-0.008494,-0.004886,-0.000011,-0.000007,-0.000011
2025-12-16 18:17:02.861,0.022290,-0.008493,-0.004905,-0.000011,-0.000007,-0.000011
2025-12-16 18:17:02.862,0.022325,-0.008492,-0.004923,-0.000011,-0.000007,-0.000011
2025-12-16 18:17:02.864,0.022358,-0.008490,-0.004944,-0.000011,-0.000007,-0.000011
2025-12-16 18:17:02.865,0.022388,-0.008483,-0.004962,-0.000011,-0.000007,-0.000011
2025-12-16 18:17:02.866,0.022435,-0.008470,-0.004991,-0.000011,-0.000007,-0.000011
2025-12-16 18:17:02.867,0.022458,-0.008462,-0.005004,-0.000011,-0.000007,-0.000011
2025-12-16 18:17:02.868,0.022476,-0.008452,-0.005013,-0.000011,-0.000007,-0.000011
2025-12-16 18:17:02.870,0.022508,-0.008440,-0.005029,-0.000011,-0.000007,-0.000011
2025-12-16 18:17:02.871,0.022518,-0.008427,-0.005039,-0.000011,-0.000007,-0.000011
2025-12-16 18:17:02.872,0.022523,-0.008414,-0.005052,-0.000011,-0.000007,-0.000011
2025-12-16 18:17:02.873,0.022525,-0.008403,-0.005064,-0.000012,-0.000007,-0.000011
2025-12-16 18:17:02.874,0.022527,-0.008387,-0.005072,-0.000011,-0.000007,-0.000011
2025-12-16 18:17:02.875,0.022528,-0.008372,-0.005078,-0.000012,-0.000007,-0.000011
2025-12-16 18:17:02.877,0.022529,-0.008353,-0.005084,-0.000011,-0.000007,-0.000011
2025-12-16 18:17:02.878,0.022530,-0.008336,-0.005089,-0.000011,-0.000007,-0.000011
2025-12-16 18:17:02.879,0.022535,-0.008306,-0.005097,-0.000011,-0.000007,-0.000011
2025-12-16 18:17:02.880,0.022536,-0.008285,-0.005101,-0.000011,-0.000007,-0.000011
2025-12-16 18:17:02.881,0.022540,-0.008267,-0.005106,-0.000011,-0.000007,-0.000011
2025-12-16 18:17:02.882,0.022544,-0.008248,-0.005113,-0.000011,-0.000007,-0.000011
2025-12-16 18:17:02.883,0.022546,-0.008232,-0.005119,-0.000011,-0.000007,-0.000011
2025-12-16 18:17:02.885,0.022551,-0.008217,-0.005129,-0.000011,-0.000007,-0.000011
2025-12-16 18:17:02.886,0.022565,-0.008188,-0.005139,-0.000011,-0.000007,-0.000011
2025-12-16 18:17:02.887,0.022580,-0.008175,-0.005146,-0.000011,-0.000007,-0.000011
2025-12-16 18:17:02.888,0.022594,-0.008164,-0.005152,-0.000011,-0.000007,-0.000011
2025-12-16 18:17:02.889,0.022611,-0.008157,-0.005160,-0.000011,-0.000007,-0.000011
2025-12-16 18:17:02.890,0.022628,-0.008151,-0.005171,-0.000011,-0.000008,-0.000011
2025-12-16 18:17:02.891,0.022646,-0.008147,-0.005185,-0.000011,-0.000008,-0.000011
2025-12-16 18:17:02.893,0.022668,-0.008144,-0.005196,-0.000011,-0.000008,-0.000011
2025-12-16 18:17:02.894,0.022691,-0.008143,-0.005208,-0.000011,-0.000008,-0.000011
2025-12-16 18:17:02.895,0.022733,-0.008139,-0.005235,-0.000011,-0.000008,-0.000011
2025-12-16 18:17:02.896,0.022751,-0.008139,-0.005248,-0.000011,-0.000008,-0.000011
2025-12-16 18:17:02.897,0.022767,-0.008138,-0.005259,-0.000011,-0.000008,-0.000011
2025-12-16 18:17:02.898,0.022780,-0.008141,-0.005273,-0.000011,-0.000007,-0.000011
2025-12-16 18:17:02.899,0.022792,-0.008148,-0.005291,-0.000011,-0.000008,-0.000011
2025-12-16 18:17:02.901,0.022816,-0.008163,-0.005328,-0.000011,-0.000007,-0.000011
2025-12-16 18:17:02.902,0.022819,-0.008168,-0.005343,-0.000011,-0.000007,-0.000011
2025-12-16 18:17:02.903,0.022823,-0.008172,-0.005356,-0.000012,-0.000007,-0.000011
2025-12-16 18:17:02.904,0.022826,-0.008177,-0.005365,-0.000011,-0.000007,-0.000011
2025-12-16 18:17:02.905,0.022826,-0.008181,-0.005376,-0.000012,-0.000007,-0.000011
2025-12-16 18:17:02.907,0.022825,-0.008182,-0.005386,-0.000012,-0.000007,-0.000011
2025-12-16 18:17:02.908,0.022815,-0.008194,-0.005409,-0.000011,-0.000007,-0.000011
2025-12-16 18:17:02.909,0.022804,-0.008198,-0.005419,-0.000011,-0.000007,-0.000011
2025-12-16 18:17:02.910,0.022793,-0.008203,-0.005424,-0.000012,-0.000007,-0.000011
2025-12-16 18:17:02.914,0.022740,-0.008217,-0.005437,-0.000011,-0.000007,-0.000011
2025-12-16 18:17:02.915,0.022725,-0.008217,-0.005438,-0.000011,-0.000007,-0.000011
2025-12-16 18:17:02.916,0.022712,-0.008218,-0.005439,-0.000012,-0.000007,-0.000011
2025-12-16 18:17:02.917,0.022697,-0.008219,-0.005438,-0.000012,-0.000007,-0.000011
2025-12-16 18:17:02.918,0.022684,-0.008221,-0.005437,-0.000011,-0.000007,-0.000011
2025-12-16 18:17:02.919,0.022670,-0.008222,-0.005431,-0.000012,-0.000007,-0.000011
2025-12-16 18:17:02.921,0.022659,-0.008221,-0.005424,-0.000011,-0.000007,-0.000011
2025-12-16 18:17:02.922,0.022639,-0.008230,-0.005415,-0.000011,-0.000007,-0.000011
2025-12-16 18:17:02.923,0.022637,-0.008239,-0.005412,-0.000011,-0.000007,-0.000011
2025-12-16 18:17:02.924,0.022640,-0.008250,-0.005405,-0.000012,-0.000008,-0.000011
2025-12-16 18:17:02.925,0.022644,-0.008263,-0.005398,-0.000012,-0.000007,-0.000011
2025-12-16 18:17:02.926,0.022650,-0.008278,-0.005394,-0.000012,-0.000008,-0.000011
2025-12-16 18:17:02.928,0.022657,-0.008293,-0.005390,-0.000011,-0.000007,-0.000011
2025-12-16 18:17:02.929,0.022674,-0.008312,-0.005377,-0.000012,-0.000008,-0.000011
2025-12-16 18:17:02.931,0.022685,-0.008330,-0.005363,-0.000012,-0.000008,-0.000011
2025-12-16 18:17:02.932,0.022691,-0.008345,-0.005358,-0.000012,-0.000008,-0.000011
2025-12-16 18:17:02.933,0.022698,-0.008359,-0.005355,-0.000012,-0.000008,-0.000011
2025-12-16 18:17:02.934,0.022702,-0.008375,-0.005353,-0.000011,-0.000008,-0.000011
2025-12-16 18:17:02.935,0.022705,-0.008392,-0.005350,-0.000011,-0.000008,-0.000011
2025-12-16 18:17:02.936,0.022711,-0.008408,-0.005350,-0.000011,-0.000008,-0.000011
2025-12-16 18:17:02.938,0.022712,-0.008424,-0.005349,-0.000012,-0.000008,-0.000011
2025-12-16 18:17:02.939,0.022711,-0.008437,-0.005347,-0.000011,-0.000008,-0.000011
2025-12-16 18:17:02.940,0.022706,-0.008471,-0.005342,-0.000011,-0.000007,-0.000011
2025-12-16 18:17:02.943,0.022683,-0.008493,-0.005329,-0.000011,-0.000008,-0.000011
2025-12-16 18:17:02.944,0.022636,-0.008507,-0.005323,-0.000011,-0.000007,-0.000011
2025-12-16 18:17:02.945,0.022605,-0.008509,-0.005321,-0.000011,-0.000007,-0.000011
2025-12-16 18:17:02.946,0.022578,-0.008507,-0.005319,-0.000011,-0.000007,-0.000011
2025-12-16 18:17:02.948,0.022539,-0.008504,-0.005316,-0.000011,-0.000008,-0.000011
2025-12-16 18:17:02.949,0.022452,-0.008508,-0.005301,-0.000011,-0.000007,-0.000011
2025-12-16 18:17:02.950,0.022417,-0.008511,-0.005297,-0.000011,-0.000007,-0.000011
2025-12-16 18:17:02.951,0.022372,-0.008506,-0.005290,-0.000011,-0.000007,-0.000011
2025-12-16 18:17:02.953,0.022319,-0.008497,-0.005285,-0.000011,-0.000007,-0.000011
2025-12-16 18:17:02.954,0.022270,-0.008487,-0.005281,-0.000011,-0.000007,-0.000011
2025-12-16 18:17:02.955,0.022174,-0.008462,-0.005276,-0.000011,-0.000007,-0.000011
2025-12-16 18:17:02.956,0.022117,-0.008446,-0.005275,-0.000011,-0.000007,-0.000011
2025-12-16 18:17:02.957,0.022060,-0.008431,-0.005276,-0.000011,-0.000007,-0.000011
2025-12-16 18:17:02.958,0.022004,-0.008414,-0.005275,-0.000011,-0.000007,-0.000011
2025-12-16 18:17:02.959,0.021950,-0.008397,-0.005274,-0.000011,-0.000007,-0.000011
2025-12-16 18:17:02.961,0.021900,-0.008382,-0.005275,-0.000011,-0.000007,-0.000011
2025-12-16 18:17:02.962,0.021815,-0.008356,-0.005277,-0.000011,-0.000007,-0.000011
2025-12-16 18:17:02.964,0.021739,-0.008335,-0.005282,-0.000011,-0.000007,-0.000011
2025-12-16 18:17:02.965,0.021708,-0.008323,-0.005281,-0.000010,-0.000007,-0.000011
2025-12-16 18:17:02.966,0.021680,-0.008314,-0.005283,-0.000010,-0.000007,-0.000011
2025-12-16 18:17:02.968,0.021653,-0.008305,-0.005284,-0.000011,-0.000007,-0.000011
2025-12-16 18:17:02.969,0.021606,-0.008293,-0.005299,-0.000010,-0.000007,-0.000011
2025-12-16 18:17:02.970,0.021590,-0.008288,-0.005304,-0.000010,-0.000007,-0.000011
2025-12-16 18:17:02.971,0.021575,-0.008287,-0.005314,-0.000010,-0.000007,-0.000011
2025-12-16 18:17:02.973,0.021560,-0.008292,-0.005325,-0.000011,-0.000007,-0.000011
2025-12-16 18:17:02.974,0.021541,-0.008305,-0.005348,-0.000010,-0.000007,-0.000011
2025-12-16 18:17:02.975,0.021532,-0.008313,-0.005355,-0.000010,-0.000007,-0.000011
2025-12-16 18:17:02.976,0.021523,-0.008321,-0.005362,-0.000010,-0.000007,-0.000011
2025-12-16 18:17:02.977,0.021521,-0.008327,-0.005368,-0.000010,-0.000007,-0.000011
2025-12-16 18:17:02.979,0.021520,-0.008337,-0.005373,-0.000010,-0.000007,-0.000011
2025-12-16 18:17:02.980,0.021514,-0.008342,-0.005380,-0.000010,-0.000007,-0.000011
2025-12-16 18:17:02.981,0.021506,-0.008343,-0.005386,-0.000010,-0.000007,-0.000011
2025-12-16 18:17:02.982,0.021490,-0.008359,-0.005407,-0.000011,-0.000007,-0.000011
2025-12-16 18:17:02.983,0.021478,-0.008371,-0.005419,-0.000011,-0.000007,-0.000011
2025-12-16 18:17:02.984,0.021464,-0.008382,-0.005432,-0.000011,-0.000007,-0.000011
2025-12-16 18:17:02.985,0.021447,-0.008391,-0.005444,-0.000010,-0.000007,-0.000011
2025-12-16 18:17:02.986,0.021425,-0.008399,-0.005453,-0.000010,-0.000007,-0.000011
2025-12-16 18:17:02.987,0.021400,-0.008405,-0.005459,-0.000010,-0.000007,-0.000010
2025-12-16 18:17:02.988,0.021374,-0.008406,-0.005469,-0.000010,-0.000007,-0.000010
2025-12-16 18:17:02.989,0.021343,-0.008401,-0.005477,-0.000010,-0.000007,-0.000010
2025-12-16 18:17:02.991,0.021309,-0.008393,-0.005484,-0.000011,-0.000007,-0.000010
2025-12-16 18:17:02.992,0.021277,-0.008386,-0.005492,-0.000011,-0.000007,-0.000010
2025-12-16 18:17:02.993,0.021245,-0.008380,-0.005500,-0.000010,-0.000007,-0.000010
2025-12-16 18:17:02.994,0.021182,-0.008364,-0.005511,-0.000010,-0.000007,-0.000010
2025-12-16 18:17:02.995,0.021140,-0.008351,-0.005519,-0.000010,-0.000007,-0.000010
2025-12-16 18:17:02.996,0.021098,-0.008335,-0.005526,-0.000010,-0.000007,-0.000010
2025-12-16 18:17:02.997,0.021056,-0.008312,-0.005535,-0.000010,-0.000007,-0.000010
2025-12-16 18:17:02.998,0.021012,-0.008290,-0.005548,-0.000010,-0.000007,-0.000010
2025-12-16 18:17:02.999,0.020969,-0.008270,-0.005561,-0.000010,-0.000007,-0.000010
2025-12-16 18:17:03.000,0.020922,-0.008247,-0.005572,-0.000011,-0.000007,-0.000010
2025-12-16 18:17:03.002,0.020876,-0.008224,-0.005582,-0.000010,-0.000006,-0.000010
2025-12-16 18:17:03.003,0.020834,-0.008202,-0.005586,-0.000010,-0.000006,-0.000010
2025-12-16 18:17:03.004,0.020795,-0.008176,-0.005588,-0.000010,-0.000006,-0.000010
2025-12-16 18:17:03.005,0.020758,-0.008152,-0.005590,-0.000010,-0.000006,-0.000010
2025-12-16 18:17:03.006,0.020728,-0.008135,-0.005596,-0.000010,-0.000006,-0.000010
2025-12-16 18:17:03.007,0.020698,-0.008121,-0.005609,-0.000010,-0.000006,-0.000010
2025-12-16 18:17:03.008,0.020668,-0.008106,-0.005620,-0.000010,-0.000006,-0.000010
2025-12-16 18:17:03.009,0.020643,-0.008093,-0.005629,-0.000010,-0.000006,-0.000010
2025-12-16 18:17:03.010,0.020615,-0.008082,-0.005639,-0.000010,-0.000006,-0.000010
2025-12-16 18:17:03.012,0.020561,-0.008061,-0.005659,-0.000010,-0.000006,-0.000010
2025-12-16 18:17:03.013,0.020546,-0.008063,-0.005660,-0.000011,-0.000006,-0.000010
2025-12-16 18:17:03.014,0.020501,-0.008060,-0.005675,-0.000011,-0.000006,-0.000010
2025-12-16 18:17:03.017,0.020434,-0.008074,-0.005705,-0.000011,-0.000006,-0.000010
2025-12-16 18:17:03.018,0.020411,-0.008084,-0.005711,-0.000010,-0.000006,-0.000010
2025-12-16 18:17:03.019,0.020390,-0.008097,-0.005717,-0.000010,-0.000006,-0.000010
2025-12-16 18:17:03.020,0.020366,-0.008107,-0.005722,-0.000010,-0.000006,-0.000010
2025-12-16 18:17:03.021,0.020345,-0.008120,-0.005727,-0.000010,-0.000006,-0.000010
2025-12-16 18:17:03.022,0.020327,-0.008132,-0.005731,-0.000010,-0.000006,-0.000010
2025-12-16 18:17:03.023,0.020298,-0.008146,-0.005739,-0.000010,-0.000006,-0.000010
2025-12-16 18:17:03.024,0.020261,-0.008155,-0.005746,-0.000010,-0.000006,-0.000010
2025-12-16 18:17:03.026,0.020215,-0.008163,-0.005751,-0.000010,-0.000006,-0.000010
2025-12-16 18:17:03.027,0.020164,-0.008165,-0.005752,-0.000010,-0.000006,-0.000010
2025-12-16 18:17:03.028,0.020069,-0.008171,-0.005754,-0.000010,-0.000006,-0.000010
2025-12-16 18:17:03.029,0.020016,-0.008175,-0.005755,-0.000010,-0.000006,-0.000010
2025-12-16 18:17:03.030,0.019961,-0.008174,-0.005753,-0.000010,-0.000006,-0.000010
2025-12-16 18:17:03.031,0.019908,-0.008175,-0.005749,-0.000010,-0.000006,-0.000010
2025-12-16 18:17:03.032,0.019849,-0.008167,-0.005747,-0.000010,-0.000006,-0.000010
2025-12-16 18:17:03.033,0.019789,-0.008162,-0.005746,-0.000010,-0.000006,-0.000010
2025-12-16 18:17:03.035,0.019738,-0.008159,-0.005746,-0.000010,-0.000006,-0.000010
2025-12-16 18:17:03.036,0.019604,-0.008135,-0.005743,-0.000010,-0.000006,-0.000010
2025-12-16 18:17:03.037,0.019534,-0.008119,-0.005740,-0.000010,-0.000006,-0.000009
2025-12-16 18:17:03.038,0.019462,-0.008103,-0.005738,-0.000009,-0.000006,-0.000009
2025-12-16 18:17:03.039,0.019388,-0.008082,-0.005733,-0.000009,-0.000006,-0.000009
2025-12-16 18:17:03.040,0.019314,-0.008062,-0.005728,-0.000009,-0.000006,-0.000009
2025-12-16 18:17:03.041,0.019241,-0.008041,-0.005723,-0.000009,-0.000006,-0.000009
2025-12-16 18:17:03.042,0.019181,-0.008023,-0.005718,-0.000009,-0.000006,-0.000009
2025-12-16 18:17:03.044,0.019117,-0.008005,-0.005716,-0.000009,-0.000006,-0.000009
2025-12-16 18:17:03.045,0.019052,-0.007988,-0.005714,-0.000009,-0.000006,-0.000009
2025-12-16 18:17:03.046,0.018946,-0.007956,-0.005708,-0.000009,-0.000006,-0.000009
2025-12-16 18:17:03.047,0.018889,-0.007942,-0.005709,-0.000009,-0.000006,-0.000009
2025-12-16 18:17:03.048,0.018836,-0.007927,-0.005709,-0.000009,-0.000006,-0.000009
2025-12-16 18:17:03.049,0.018785,-0.007915,-0.005712,-0.000009,-0.000006,-0.000009
2025-12-16 18:17:03.053,0.018642,-0.007899,-0.005732,-0.000008,-0.000006,-0.000009
2025-12-16 18:17:03.054,0.018559,-0.007896,-0.005740,-0.000009,-0.000005,-0.000009
2025-12-16 18:17:03.055,0.018524,-0.007898,-0.005745,-0.000009,-0.000006,-0.000009
2025-12-16 18:17:03.056,0.018492,-0.007903,-0.005755,-0.000009,-0.000006,-0.000009
2025-12-16 18:17:03.057,0.018458,-0.007910,-0.005770,-0.000009,-0.000005,-0.000009
2025-12-16 18:17:03.058,0.018429,-0.007915,-0.005784,-0.000009,-0.000006,-0.000009
2025-12-16 18:17:03.059,0.018400,-0.007928,-0.005803,-0.000009,-0.000006,-0.000009
2025-12-16 18:17:03.060,0.018371,-0.007943,-0.005819,-0.000009,-0.000005,-0.000009
2025-12-16 18:17:03.062,0.018313,-0.007977,-0.005853,-0.000008,-0.000005,-0.000009
2025-12-16 18:17:03.064,0.018284,-0.007995,-0.005871,-0.000008,-0.000005,-0.000009
2025-12-16 18:17:03.065,0.018255,-0.008013,-0.005893,-0.000008,-0.000005,-0.000009
2025-12-16 18:17:03.066,0.018191,-0.008048,-0.005943,-0.000008,-0.000005,-0.000009
2025-12-16 18:17:03.067,0.018156,-0.008066,-0.005969,-0.000008,-0.000005,-0.000009
2025-12-16 18:17:03.068,0.018121,-0.008089,-0.005998,-0.000008,-0.000005,-0.000009
2025-12-16 18:17:03.069,0.018084,-0.008109,-0.006024,-0.000008,-0.000005,-0.000009
2025-12-16 18:17:03.071,0.018044,-0.008122,-0.006051,-0.000008,-0.000005,-0.000009
2025-12-16 18:17:03.072,0.017959,-0.008145,-0.006100,-0.000008,-0.000005,-0.000009
2025-12-16 18:17:03.073,0.017912,-0.008151,-0.006126,-0.000008,-0.000005,-0.000009
2025-12-16 18:17:03.074,0.017864,-0.008154,-0.006153,-0.000008,-0.000005,-0.000009
2025-12-16 18:17:03.075,0.017812,-0.008154,-0.006185,-0.000008,-0.000005,-0.000009
2025-12-16 18:17:03.076,0.017760,-0.008158,-0.006215,-0.000008,-0.000005,-0.000009
2025-12-16 18:17:03.078,0.017651,-0.008150,-0.006264,-0.000008,-0.000005,-0.000009
2025-12-16 18:17:03.079,0.017593,-0.008140,-0.006287,-0.000008,-0.000005,-0.000009
2025-12-16 18:17:03.081,0.017486,-0.008118,-0.006330,-0.000008,-0.000005,-0.000008
2025-12-16 18:17:03.082,0.017427,-0.008104,-0.006351,-0.000008,-0.000005,-0.000008
2025-12-16 18:17:03.083,0.017369,-0.008087,-0.006370,-0.000008,-0.000005,-0.000008
2025-12-16 18:17:03.084,0.017313,-0.008072,-0.006389,-0.000008,-0.000005,-0.000008
2025-12-16 18:17:03.086,0.017267,-0.008059,-0.006405,-0.000008,-0.000005,-0.000008
2025-12-16 18:17:03.087,0.017222,-0.008047,-0.006416,-0.000007,-0.000004,-0.000008
2025-12-16 18:17:03.088,0.017117,-0.008001,-0.006439,-0.000007,-0.000004,-0.000008
2025-12-16 18:17:03.089,0.017068,-0.007977,-0.006451,-0.000007,-0.000004,-0.000008
2025-12-16 18:17:03.090,0.017022,-0.007955,-0.006463,-0.000007,-0.000004,-0.000008
2025-12-16 18:17:03.091,0.016977,-0.007933,-0.006476,-0.000007,-0.000004,-0.000008
2025-12-16 18:17:03.092,0.016934,-0.007909,-0.006490,-0.000007,-0.000004,-0.000008
2025-12-16 18:17:03.093,0.016898,-0.007887,-0.006502,-0.000007,-0.000004,-0.000008
2025-12-16 18:17:03.095,0.016864,-0.007865,-0.006514,-0.000007,-0.000004,-0.000008
2025-12-16 18:17:03.096,0.016836,-0.007846,-0.006525,-0.000008,-0.000004,-0.000008
2025-12-16 18:17:03.097,0.016792,-0.007816,-0.006539,-0.000007,-0.000004,-0.000008
2025-12-16 18:17:03.098,0.016778,-0.007808,-0.006547,-0.000007,-0.000004,-0.000008
2025-12-16 18:17:03.099,0.016772,-0.007800,-0.006558,-0.000008,-0.000005,-0.000008
2025-12-16 18:17:03.100,0.016768,-0.007790,-0.006571,-0.000008,-0.000005,-0.000008
2025-12-16 18:17:03.101,0.016769,-0.007781,-0.006584,-0.000007,-0.000005,-0.000008
2025-12-16 18:17:03.103,0.016773,-0.007774,-0.006604,-0.000007,-0.000004,-0.000008
2025-12-16 18:17:03.104,0.016777,-0.007769,-0.006622,-0.000007,-0.000004,-0.000008
2025-12-16 18:17:03.105,0.016784,-0.007766,-0.006640,-0.000007,-0.000004,-0.000008
2025-12-16 18:17:03.106,0.016803,-0.007766,-0.006685,-0.000007,-0.000005,-0.000008
2025-12-16 18:17:03.107,0.016816,-0.007769,-0.006707,-0.000007,-0.000004,-0.000008
2025-12-16 18:17:03.108,0.016831,-0.007771,-0.006730,-0.000007,-0.000005,-0.000008
2025-12-16 18:17:03.109,0.016845,-0.007771,-0.006749,-0.000007,-0.000005,-0.000008
2025-12-16 18:17:03.110,0.016862,-0.007771,-0.006771,-0.000007,-0.000005,-0.000008
2025-12-16 18:17:03.111,0.016882,-0.007773,-0.006793,-0.000007,-0.000004,-0.000008
2025-12-16 18:17:03.112,0.016903,-0.007776,-0.006814,-0.000007,-0.000004,-0.000008
2025-12-16 18:17:03.114,0.016921,-0.007780,-0.006831,-0.000007,-0.000004,-0.000008
2025-12-16 18:17:03.115,0.016936,-0.007782,-0.006852,-0.000008,-0.000004,-0.000008
2025-12-16 18:17:03.116,0.016948,-0.007783,-0.006871,-0.000008,-0.000005,-0.000008
2025-12-16 18:17:03.117,0.016959,-0.007781,-0.006890,-0.000008,-0.000005,-0.000008
2025-12-16 18:17:03.118,0.016968,-0.007774,-0.006909,-0.000008,-0.000004,-0.000008
2025-12-16 18:17:03.119,0.016974,-0.007766,-0.006925,-0.000008,-0.000004,-0.000008
2025-12-16 18:17:03.120,0.016976,-0.007756,-0.006942,-0.000008,-0.000004,-0.000008
2025-12-16 18:17:03.122,0.016971,-0.007740,-0.006957,-0.000007,-0.000004,-0.000008
2025-12-16 18:17:03.123,0.016962,-0.007708,-0.006987,-0.000007,-0.000004,-0.000008
2025-12-16 18:17:03.124,0.016958,-0.007692,-0.007002,-0.000007,-0.000004,-0.000008
2025-12-16 18:17:03.125,0.016916,-0.007639,-0.007004,-0.000007,-0.000004,-0.000008
2025-12-16 18:17:03.126,0.016889,-0.007606,-0.007002,-0.000007,-0.000004,-0.000008
2025-12-16 18:17:03.129,0.016816,-0.007512,-0.006994,-0.000007,-0.000004,-0.000008
2025-12-16 18:17:03.130,0.016782,-0.007481,-0.006985,-0.000007,-0.000004,-0.000008
2025-12-16 18:17:03.131,0.016747,-0.007449,-0.006975,-0.000007,-0.000004,-0.000008
2025-12-16 18:17:03.132,0.016711,-0.007415,-0.006965,-0.000007,-0.000004,-0.000008
2025-12-16 18:17:03.133,0.016678,-0.007383,-0.006955,-0.000007,-0.000004,-0.000008
2025-12-16 18:17:03.135,0.016647,-0.007353,-0.006944,-0.000007,-0.000004,-0.000008
2025-12-16 18:17:03.136,0.016590,-0.007298,-0.006919,-0.000007,-0.000004,-0.000008
2025-12-16 18:17:03.137,0.016564,-0.007274,-0.006905,-0.000007,-0.000004,-0.000008
2025-12-16 18:17:03.138,0.016538,-0.007249,-0.006892,-0.000007,-0.000004,-0.000008
2025-12-16 18:17:03.139,0.016516,-0.007227,-0.006873,-0.000007,-0.000004,-0.000008
2025-12-16 18:17:03.140,0.016499,-0.007212,-0.006853,-0.000007,-0.000004,-0.000008
2025-12-16 18:17:03.141,0.016482,-0.007195,-0.006835,-0.000007,-0.000004,-0.000008
2025-12-16 18:17:03.142,0.016471,-0.007183,-0.006815,-0.000007,-0.000004,-0.000008
2025-12-16 18:17:03.143,0.016461,-0.007174,-0.006792,-0.000007,-0.000004,-0.000008
2025-12-16 18:17:03.144,0.016457,-0.007169,-0.006775,-0.000007,-0.000004,-0.000008
2025-12-16 18:17:03.146,0.016456,-0.007171,-0.006760,-0.000007,-0.000004,-0.000008
2025-12-16 18:17:03.147,0.016469,-0.007179,-0.006717,-0.000007,-0.000004,-0.000008
2025-12-16 18:17:03.148,0.016477,-0.007189,-0.006696,-0.000007,-0.000004,-0.000008
2025-12-16 18:17:03.149,0.016490,-0.007201,-0.006675,-0.000007,-0.000004,-0.000008
2025-12-16 18:17:03.151,0.016528,-0.007230,-0.006637,-0.000007,-0.000004,-0.000008
2025-12-16 18:17:03.152,0.016556,-0.007253,-0.006621,-0.000007,-0.000005,-0.000008
2025-12-16 18:17:03.153,0.016586,-0.007275,-0.006610,-0.000007,-0.000004,-0.000008
2025-12-16 18:17:03.154,0.016620,-0.007299,-0.006594,-0.000007,-0.000005,-0.000008
2025-12-16 18:17:03.156,0.016655,-0.007322,-0.006581,-0.000007,-0.000005,-0.000008
2025-12-16 18:17:03.157,0.016726,-0.007369,-0.006558,-0.000007,-0.000005,-0.000008
2025-12-16 18:17:03.158,0.016762,-0.007394,-0.006546,-0.000007,-0.000005,-0.000008
2025-12-16 18:17:03.159,0.016797,-0.007421,-0.006536,-0.000007,-0.000005,-0.000008
2025-12-16 18:17:03.160,0.016832,-0.007444,-0.006528,-0.000007,-0.000005,-0.000008
2025-12-16 18:17:03.161,0.016866,-0.007467,-0.006521,-0.000007,-0.000005,-0.000008
2025-12-16 18:17:03.162,0.016901,-0.007491,-0.006513,-0.000008,-0.000005,-0.000008
2025-12-16 18:17:03.164,0.016934,-0.007513,-0.006509,-0.000008,-0.000005,-0.000008
2025-12-16 18:17:03.165,0.016990,-0.007548,-0.006509,-0.000008,-0.000005,-0.000008
2025-12-16 18:17:03.166,0.017010,-0.007558,-0.006510,-0.000008,-0.000005,-0.000008
2025-12-16 18:17:03.167,0.017023,-0.007561,-0.006513,-0.000008,-0.000005,-0.000008
2025-12-16 18:17:03.168,0.017039,-0.007564,-0.006513,-0.000008,-0.000005,-0.000008
2025-12-16 18:17:03.169,0.017049,-0.007564,-0.006510,-0.000008,-0.000005,-0.000008
2025-12-16 18:17:03.170,0.017057,-0.007563,-0.006514,-0.000008,-0.000005,-0.000008
2025-12-16 18:17:03.172,0.017058,-0.007554,-0.006519,-0.000008,-0.000005,-0.000008
2025-12-16 18:17:03.173,0.017048,-0.007533,-0.006529,-0.000008,-0.000005,-0.000008
2025-12-16 18:17:03.174,0.017042,-0.007522,-0.006528,-0.000008,-0.000005,-0.000008
2025-12-16 18:17:03.175,0.017029,-0.007504,-0.006532,-0.000008,-0.000005,-0.000008
2025-12-16 18:17:03.176,0.017014,-0.007486,-0.006540,-0.000008,-0.000005,-0.000008
2025-12-16 18:17:03.177,0.017001,-0.007472,-0.006547,-0.000008,-0.000005,-0.000008
2025-12-16 18:17:03.178,0.016985,-0.007455,-0.006554,-0.000008,-0.000005,-0.000008
2025-12-16 18:17:03.179,0.016965,-0.007430,-0.006563,-0.000008,-0.000005,-0.000008
2025-12-16 18:17:03.181,0.016939,-0.007405,-0.006574,-0.000008,-0.000005,-0.000008
2025-12-16 18:17:03.182,0.016897,-0.007362,-0.006591,-0.000008,-0.000005,-0.000008
2025-12-16 18:17:03.184,0.016877,-0.007337,-0.006598,-0.000008,-0.000005,-0.000008
2025-12-16 18:17:03.185,0.016860,-0.007315,-0.006603,-0.000008,-0.000005,-0.000008
2025-12-16 18:17:03.186,0.016839,-0.007286,-0.006615,-0.000008,-0.000005,-0.000008
2025-12-16 18:17:03.187,0.016834,-0.007274,-0.006625,-0.000007,-0.000005,-0.000008
2025-12-16 18:17:03.188,0.016827,-0.007262,-0.006640,-0.000007,-0.000005,-0.000008
2025-12-16 18:17:03.189,0.016820,-0.007252,-0.006654,-0.000008,-0.000005,-0.000008
2025-12-16 18:17:03.190,0.016823,-0.007251,-0.006669,-0.000008,-0.000005,-0.000008
2025-12-16 18:17:03.192,0.016849,-0.007257,-0.006705,-0.000008,-0.000005,-0.000008
2025-12-16 18:17:03.194,0.016866,-0.007265,-0.006727,-0.000007,-0.000005,-0.000008
2025-12-16 18:17:03.195,0.016910,-0.007292,-0.006772,-0.000008,-0.000005,-0.000008
2025-12-16 18:17:03.196,0.016937,-0.007311,-0.006793,-0.000008,-0.000005,-0.000008
2025-12-16 18:17:03.197,0.016971,-0.007333,-0.006817,-0.000008,-0.000005,-0.000008
2025-12-16 18:17:03.198,0.017010,-0.007357,-0.006843,-0.000008,-0.000005,-0.000008
2025-12-16 18:17:03.199,0.017052,-0.007386,-0.006869,-0.000008,-0.000005,-0.000008
2025-12-16 18:17:03.201,0.017095,-0.007411,-0.006889,-0.000008,-0.000005,-0.000008
2025-12-16 18:17:03.202,0.017196,-0.007471,-0.006945,-0.000008,-0.000005,-0.000008
2025-12-16 18:17:03.203,0.017249,-0.007510,-0.006981,-0.000008,-0.000005,-0.000008
2025-12-16 18:17:03.204,0.017301,-0.007549,-0.007019,-0.000008,-0.000005,-0.000008
2025-12-16 18:17:03.205,0.017351,-0.007582,-0.007057,-0.000008,-0.000005,-0.000008
2025-12-16 18:17:03.206,0.017400,-0.007612,-0.007095,-0.000008,-0.000005,-0.000008
2025-12-16 18:17:03.207,0.017449,-0.007644,-0.007130,-0.000008,-0.000005,-0.000008
2025-12-16 18:17:03.209,0.017497,-0.007675,-0.007162,-0.000008,-0.000005,-0.000008
2025-12-16 18:17:03.210,0.017544,-0.007701,-0.007196,-0.000008,-0.000005,-0.000008
2025-12-16 18:17:03.213,0.017708,-0.007795,-0.007324,-0.000008,-0.000005,-0.000008
2025-12-16 18:17:03.214,0.017744,-0.007811,-0.007356,-0.000008,-0.000005,-0.000008
2025-12-16 18:17:03.215,0.017777,-0.007825,-0.007386,-0.000008,-0.000005,-0.000008
2025-12-16 18:17:03.216,0.017802,-0.007832,-0.007415,-0.000008,-0.000005,-0.000008
2025-12-16 18:17:03.217,0.017823,-0.007835,-0.007445,-0.000008,-0.000005,-0.000008
2025-12-16 18:17:03.218,0.017845,-0.007835,-0.007476,-0.000008,-0.000005,-0.000008
2025-12-16 18:17:03.221,0.017890,-0.007830,-0.007570,-0.000008,-0.000005,-0.000008
2025-12-16 18:17:03.222,0.017899,-0.007823,-0.007601,-0.000008,-0.000005,-0.000008
2025-12-16 18:17:03.223,0.017905,-0.007811,-0.007628,-0.000008,-0.000005,-0.000008
2025-12-16 18:17:03.224,0.017909,-0.007799,-0.007650,-0.000009,-0.000005,-0.000008
2025-12-16 18:17:03.225,0.017913,-0.007787,-0.007672,-0.000009,-0.000005,-0.000008
2025-12-16 18:17:03.226,0.017916,-0.007774,-0.007693,-0.000009,-0.000005,-0.000008
2025-12-16 18:17:03.227,0.017934,-0.007773,-0.007724,-0.000008,-0.000005,-0.000008
2025-12-16 18:17:03.228,0.017949,-0.007771,-0.007756,-0.000009,-0.000005,-0.000008
2025-12-16 18:17:03.230,0.017972,-0.007768,-0.007808,-0.000008,-0.000005,-0.000008
2025-12-16 18:17:03.231,0.017993,-0.007769,-0.007836,-0.000009,-0.000005,-0.000008
2025-12-16 18:17:03.232,0.018020,-0.007775,-0.007867,-0.000008,-0.000005,-0.000008
2025-12-16 18:17:03.233,0.018049,-0.007779,-0.007897,-0.000009,-0.000005,-0.000008
2025-12-16 18:17:03.235,0.018073,-0.007782,-0.007923,-0.000008,-0.000005,-0.000008
2025-12-16 18:17:03.236,0.018158,-0.007815,-0.007989,-0.000008,-0.000005,-0.000008
2025-12-16 18:17:03.237,0.018212,-0.007844,-0.008026,-0.000008,-0.000005,-0.000008
2025-12-16 18:17:03.238,0.018269,-0.007878,-0.008060,-0.000009,-0.000005,-0.000009
2025-12-16 18:17:03.239,0.018333,-0.007917,-0.008098,-0.000009,-0.000005,-0.000008
2025-12-16 18:17:03.240,0.018398,-0.007953,-0.008133,-0.000008,-0.000005,-0.000009
2025-12-16 18:17:03.241,0.018468,-0.007995,-0.008168,-0.000009,-0.000005,-0.000009
2025-12-16 18:17:03.242,0.018540,-0.008043,-0.008207,-0.000009,-0.000005,-0.000009
2025-12-16 18:17:03.244,0.018621,-0.008098,-0.008247,-0.000009,-0.000005,-0.000009
2025-12-16 18:17:03.245,0.018700,-0.008151,-0.008286,-0.000009,-0.000005,-0.000009
2025-12-16 18:17:03.246,0.018880,-0.008267,-0.008365,-0.000009,-0.000005,-0.000009
2025-12-16 18:17:03.247,0.018974,-0.008331,-0.008407,-0.000009,-0.000005,-0.000009
2025-12-16 18:17:03.248,0.019076,-0.008398,-0.008450,-0.000009,-0.000005,-0.000009
2025-12-16 18:17:03.249,0.019176,-0.008466,-0.008491,-0.000009,-0.000005,-0.000009
2025-12-16 18:17:03.251,0.019271,-0.008532,-0.008530,-0.000009,-0.000005,-0.000009
2025-12-16 18:17:03.252,0.019477,-0.008666,-0.008602,-0.000009,-0.000005,-0.000009
2025-12-16 18:17:03.253,0.019580,-0.008734,-0.008639,-0.000009,-0.000005,-0.000009
2025-12-16 18:17:03.255,0.019780,-0.008874,-0.008718,-0.000010,-0.000005,-0.000009
2025-12-16 18:17:03.256,0.019878,-0.008939,-0.008758,-0.000010,-0.000005,-0.000009
2025-12-16 18:17:03.257,0.019976,-0.009003,-0.008799,-0.000010,-0.000005,-0.000009
2025-12-16 18:17:03.259,0.020071,-0.009060,-0.008838,-0.000010,-0.000005,-0.000009
2025-12-16 18:17:03.260,0.020247,-0.009164,-0.008914,-0.000010,-0.000005,-0.000010
2025-12-16 18:17:03.262,0.020327,-0.009209,-0.008947,-0.000010,-0.000005,-0.000010
2025-12-16 18:17:03.263,0.020497,-0.009290,-0.009014,-0.000010,-0.000005,-0.000010
2025-12-16 18:17:03.264,0.020574,-0.009323,-0.009044,-0.000010,-0.000005,-0.000010
2025-12-16 18:17:03.267,0.020788,-0.009406,-0.009126,-0.000010,-0.000005,-0.000010
2025-12-16 18:17:03.268,0.020863,-0.009432,-0.009154,-0.000011,-0.000005,-0.000010
2025-12-16 18:17:03.269,0.020926,-0.009454,-0.009177,-0.000010,-0.000005,-0.000010
2025-12-16 18:17:03.270,0.020990,-0.009472,-0.009196,-0.000011,-0.000005,-0.000010
2025-12-16 18:17:03.271,0.021063,-0.009489,-0.009220,-0.000011,-0.000006,-0.000010
2025-12-16 18:17:03.273,0.021138,-0.009506,-0.009245,-0.000011,-0.000006,-0.000010
2025-12-16 18:17:03.274,0.021202,-0.009519,-0.009265,-0.000011,-0.000006,-0.000010
2025-12-16 18:17:03.275,0.021336,-0.009542,-0.009303,-0.000011,-0.000006,-0.000010
2025-12-16 18:17:03.276,0.021416,-0.009550,-0.009319,-0.000011,-0.000006,-0.000010
2025-12-16 18:17:03.277,0.021500,-0.009558,-0.009332,-0.000011,-0.000006,-0.000010
2025-12-16 18:17:03.278,0.021590,-0.009571,-0.009348,-0.000011,-0.000006,-0.000010
2025-12-16 18:17:03.279,0.021683,-0.009585,-0.009364,-0.000011,-0.000006,-0.000010
2025-12-16 18:17:03.280,0.021777,-0.009600,-0.009377,-0.000011,-0.000006,-0.000010
2025-12-16 18:17:03.281,0.021872,-0.009614,-0.009388,-0.000011,-0.000006,-0.000010
2025-12-16 18:17:03.283,0.021972,-0.009630,-0.009400,-0.000011,-0.000006,-0.000010
2025-12-16 18:17:03.284,0.022072,-0.009646,-0.009411,-0.000012,-0.000006,-0.000011
2025-12-16 18:17:03.285,0.022279,-0.009680,-0.009434,-0.000012,-0.000006,-0.000011
2025-12-16 18:17:03.286,0.022388,-0.009700,-0.009449,-0.000012,-0.000006,-0.000011
2025-12-16 18:17:03.287,0.022500,-0.009718,-0.009460,-0.000012,-0.000006,-0.000011
2025-12-16 18:17:03.288,0.022614,-0.009737,-0.009471,-0.000012,-0.000006,-0.000011
2025-12-16 18:17:03.289,0.022711,-0.009752,-0.009480,-0.000012,-0.000006,-0.000011
2025-12-16 18:17:03.290,0.022807,-0.009776,-0.009494,-0.000012,-0.000006,-0.000011
2025-12-16 18:17:03.291,0.022918,-0.009802,-0.009509,-0.000012,-0.000006,-0.000011
2025-12-16 18:17:03.293,0.023036,-0.009829,-0.009524,-0.000012,-0.000006,-0.000011
2025-12-16 18:17:03.294,0.023269,-0.009878,-0.009553,-0.000012,-0.000006,-0.000011
2025-12-16 18:17:03.295,0.023386,-0.009902,-0.009568,-0.000013,-0.000006,-0.000011
2025-12-16 18:17:03.296,0.023499,-0.009920,-0.009585,-0.000013,-0.000006,-0.000011
2025-12-16 18:17:03.297,0.023606,-0.009936,-0.009602,-0.000013,-0.000007,-0.000011
2025-12-16 18:17:03.299,0.023709,-0.009951,-0.009619,-0.000013,-0.000007,-0.000011
2025-12-16 18:17:03.300,0.023904,-0.009971,-0.009652,-0.000013,-0.000006,-0.000011
2025-12-16 18:17:03.301,0.023995,-0.009979,-0.009673,-0.000013,-0.000007,-0.000011
2025-12-16 18:17:03.302,0.024082,-0.009985,-0.009690,-0.000013,-0.000007,-0.000011
2025-12-16 18:17:03.303,0.024168,-0.009986,-0.009706,-0.000013,-0.000007,-0.000011
2025-12-16 18:17:03.304,0.024248,-0.009984,-0.009723,-0.000013,-0.000007,-0.000011
2025-12-16 18:17:03.305,0.024328,-0.009978,-0.009740,-0.000013,-0.000007,-0.000011
2025-12-16 18:17:03.307,0.024406,-0.009968,-0.009755,-0.000013,-0.000007,-0.000011
2025-12-16 18:17:03.308,0.024480,-0.009958,-0.009768,-0.000013,-0.000007,-0.000011
2025-12-16 18:17:03.309,0.024548,-0.009944,-0.009777,-0.000013,-0.000007,-0.000012
2025-12-16 18:17:03.310,0.024604,-0.009931,-0.009782,-0.000013,-0.000007,-0.000012
2025-12-16 18:17:03.313,0.024804,-0.009871,-0.009815,-0.000014,-0.000007,-0.000012
2025-12-16 18:17:03.314,0.024874,-0.009851,-0.009824,-0.000014,-0.000007,-0.000012
2025-12-16 18:17:03.315,0.025012,-0.009810,-0.009842,-0.000014,-0.000007,-0.000012
2025-12-16 18:17:03.317,0.025084,-0.009801,-0.009859,-0.000015,-0.000007,-0.000012
2025-12-16 18:17:03.318,0.025218,-0.009769,-0.009882,-0.000014,-0.000007,-0.000012
2025-12-16 18:17:03.319,0.025281,-0.009754,-0.009893,-0.000015,-0.000007,-0.000012
2025-12-16 18:17:03.320,0.025346,-0.009736,-0.009899,-0.000014,-0.000007,-0.000012
2025-12-16 18:17:03.321,0.025411,-0.009725,-0.009902,-0.000014,-0.000007,-0.000012
2025-12-16 18:17:03.322,0.025477,-0.009713,-0.009903,-0.000014,-0.000007,-0.000012
2025-12-16 18:17:03.324,0.025541,-0.009710,-0.009906,-0.000014,-0.000007,-0.000012
2025-12-16 18:17:03.325,0.025603,-0.009712,-0.009911,-0.000014,-0.000008,-0.000012
2025-12-16 18:17:03.326,0.025730,-0.009721,-0.009913,-0.000014,-0.000008,-0.000012
2025-12-16 18:17:03.327,0.025789,-0.009726,-0.009912,-0.000015,-0.000008,-0.000012
2025-12-16 18:17:03.328,0.025851,-0.009738,-0.009912,-0.000015,-0.000008,-0.000012
2025-12-16 18:17:03.329,0.025913,-0.009751,-0.009906,-0.000015,-0.000008,-0.000012
2025-12-16 18:17:03.330,0.025966,-0.009763,-0.009899,-0.000015,-0.000008,-0.000012
2025-12-16 18:17:03.331,0.026016,-0.009776,-0.009891,-0.000015,-0.000008,-0.000012
2025-12-16 18:17:03.332,0.026075,-0.009792,-0.009890,-0.000015,-0.000008,-0.000012
2025-12-16 18:17:03.333,0.026136,-0.009812,-0.009883,-0.000015,-0.000008,-0.000012
2025-12-16 18:17:03.335,0.026196,-0.009836,-0.009878,-0.000015,-0.000008,-0.000012
2025-12-16 18:17:03.336,0.026252,-0.009862,-0.009874,-0.000015,-0.000008,-0.000013
2025-12-16 18:17:03.337,0.026364,-0.009921,-0.009863,-0.000015,-0.000008,-0.000013
2025-12-16 18:17:03.338,0.026425,-0.009953,-0.009852,-0.000015,-0.000008,-0.000013
2025-12-16 18:17:03.339,0.026487,-0.009984,-0.009842,-0.000015,-0.000008,-0.000013
2025-12-16 18:17:03.340,0.026550,-0.010020,-0.009832,-0.000015,-0.000008,-0.000013
2025-12-16 18:17:03.341,0.026613,-0.010052,-0.009823,-0.000016,-0.000008,-0.000013
2025-12-16 18:17:03.342,0.026680,-0.010089,-0.009817,-0.000015,-0.000008,-0.000013
2025-12-16 18:17:03.343,0.026752,-0.010123,-0.009815,-0.000015,-0.000008,-0.000013
2025-12-16 18:17:03.344,0.026829,-0.010162,-0.009813,-0.000016,-0.000008,-0.000013
2025-12-16 18:17:03.346,0.026897,-0.010196,-0.009812,-0.000015,-0.000008,-0.000013
2025-12-16 18:17:03.347,0.026955,-0.010222,-0.009810,-0.000015,-0.000008,-0.000013
2025-12-16 18:17:03.348,0.027118,-0.010288,-0.009811,-0.000015,-0.000008,-0.000013
2025-12-16 18:17:03.349,0.027201,-0.010319,-0.009812,-0.000016,-0.000008,-0.000013
2025-12-16 18:17:03.350,0.027288,-0.010350,-0.009815,-0.000015,-0.000008,-0.000013
2025-12-16 18:17:03.351,0.027378,-0.010383,-0.009819,-0.000016,-0.000008,-0.000013
2025-12-16 18:17:03.352,0.027464,-0.010417,-0.009822,-0.000016,-0.000008,-0.000013
2025-12-16 18:17:03.353,0.027549,-0.010448,-0.009827,-0.000016,-0.000008,-0.000013
2025-12-16 18:17:03.354,0.027631,-0.010472,-0.009839,-0.000016,-0.000008,-0.000013
2025-12-16 18:17:03.355,0.027714,-0.010496,-0.009853,-0.000016,-0.000008,-0.000013
2025-12-16 18:17:03.357,0.027789,-0.010516,-0.009864,-0.000016,-0.000008,-0.000013
2025-12-16 18:17:03.358,0.027864,-0.010528,-0.009875,-0.000016,-0.000008,-0.000013
2025-12-16 18:17:03.359,0.027933,-0.010538,-0.009889,-0.000016,-0.000008,-0.000014
2025-12-16 18:17:03.360,0.028055,-0.010546,-0.009913,-0.000017,-0.000009,-0.000014
2025-12-16 18:17:03.361,0.028110,-0.010547,-0.009929,-0.000017,-0.000009,-0.000014
2025-12-16 18:17:03.362,0.028160,-0.010544,-0.009944,-0.000017,-0.000009,-0.000014
2025-12-16 18:17:03.363,0.028200,-0.010538,-0.009956,-0.000017,-0.000009,-0.000014
2025-12-16 18:17:03.364,0.028230,-0.010531,-0.009966,-0.000017,-0.000009,-0.000014
2025-12-16 18:17:03.365,0.028255,-0.010517,-0.009975,-0.000017,-0.000009,-0.000014
2025-12-16 18:17:03.366,0.028282,-0.010504,-0.009989,-0.000017,-0.000009,-0.000014
2025-12-16 18:17:03.368,0.028308,-0.010489,-0.010005,-0.000017,-0.000009,-0.000014
2025-12-16 18:17:03.369,0.028327,-0.010467,-0.010023,-0.000017,-0.000009,-0.000014
2025-12-16 18:17:03.370,0.028362,-0.010419,-0.010053,-0.000017,-0.000009,-0.000014
2025-12-16 18:17:03.371,0.028373,-0.010392,-0.010066,-0.000017,-0.000009,-0.000014
2025-12-16 18:17:03.372,0.028386,-0.010367,-0.010083,-0.000017,-0.000009,-0.000014
2025-12-16 18:17:03.373,0.028400,-0.010343,-0.010096,-0.000018,-0.000009,-0.000014
2025-12-16 18:17:03.374,0.028411,-0.010322,-0.010104,-0.000017,-0.000009,-0.000014
2025-12-16 18:17:03.376,0.028422,-0.010298,-0.010109,-0.000017,-0.000009,-0.000014
2025-12-16 18:17:03.377,0.028431,-0.010279,-0.010116,-0.000017,-0.000009,-0.000014
2025-12-16 18:17:03.378,0.028452,-0.010253,-0.010134,-0.000017,-0.000009,-0.000014
2025-12-16 18:17:03.379,0.028465,-0.010243,-0.010139,-0.000016,-0.000009,-0.000014
2025-12-16 18:17:03.380,0.028477,-0.010233,-0.010143,-0.000017,-0.000009,-0.000014
2025-12-16 18:17:03.381,0.028490,-0.010226,-0.010147,-0.000017,-0.000009,-0.000014
2025-12-16 18:17:03.382,0.028507,-0.010218,-0.010149,-0.000017,-0.000009,-0.000014
2025-12-16 18:17:03.383,0.028527,-0.010217,-0.010151,-0.000017,-0.000009,-0.000014
2025-12-16 18:17:03.384,0.028551,-0.010220,-0.010148,-0.000017,-0.000009,-0.000014
2025-12-16 18:17:03.385,0.028573,-0.010222,-0.010144,-0.000017,-0.000009,-0.000014
2025-12-16 18:17:03.387,0.028597,-0.010226,-0.010137,-0.000017,-0.000009,-0.000014
2025-12-16 18:17:03.388,0.028619,-0.010232,-0.010135,-0.000017,-0.000009,-0.000014
2025-12-16 18:17:03.389,0.028639,-0.010235,-0.010132,-0.000017,-0.000009,-0.000014
2025-12-16 18:17:03.390,0.028680,-0.010250,-0.010117,-0.000017,-0.000009,-0.000014
2025-12-16 18:17:03.391,0.028703,-0.010256,-0.010105,-0.000017,-0.000009,-0.000014
2025-12-16 18:17:03.392,0.028720,-0.010262,-0.010088,-0.000017,-0.000009,-0.000014
2025-12-16 18:17:03.393,0.028733,-0.010266,-0.010073,-0.000017,-0.000009,-0.000014
2025-12-16 18:17:03.394,0.028747,-0.010268,-0.010059,-0.000017,-0.000009,-0.000014
2025-12-16 18:17:03.395,0.028764,-0.010271,-0.010047,-0.000017,-0.000009,-0.000014
2025-12-16 18:17:03.396,0.028781,-0.010270,-0.010035,-0.000017,-0.000009,-0.000014
2025-12-16 18:17:03.397,0.028797,-0.010266,-0.010020,-0.000017,-0.000009,-0.000014
2025-12-16 18:17:03.399,0.028813,-0.010260,-0.010002,-0.000017,-0.000009,-0.000014
2025-12-16 18:17:03.400,0.028826,-0.010253,-0.009984,-0.000016,-0.000009,-0.000014
2025-12-16 18:17:03.401,0.028838,-0.010244,-0.009967,-0.000017,-0.000009,-0.000014
2025-12-16 18:17:03.402,0.028862,-0.010215,-0.009925,-0.000017,-0.000009,-0.000014
2025-12-16 18:17:03.403,0.028872,-0.010195,-0.009907,-0.000017,-0.000009,-0.000014
2025-12-16 18:17:03.404,0.028876,-0.010173,-0.009890,-0.000017,-0.000009,-0.000014
2025-12-16 18:17:03.405,0.028879,-0.010149,-0.009873,-0.000017,-0.000009,-0.000014
2025-12-16 18:17:03.406,0.028879,-0.010120,-0.009854,-0.000017,-0.000009,-0.000014
2025-12-16 18:17:03.407,0.028879,-0.010090,-0.009834,-0.000017,-0.000009,-0.000014
2025-12-16 18:17:03.408,0.028879,-0.010063,-0.009817,-0.000017,-0.000009,-0.000014
2025-12-16 18:17:03.410,0.028876,-0.010032,-0.009800,-0.000017,-0.000009,-0.000014
2025-12-16 18:17:03.411,0.028874,-0.009997,-0.009784,-0.000017,-0.000009,-0.000014
2025-12-16 18:17:03.412,0.028861,-0.009923,-0.009756,-0.000016,-0.000009,-0.000014
2025-12-16 18:17:03.413,0.028853,-0.009889,-0.009742,-0.000017,-0.000009,-0.000014
2025-12-16 18:17:03.414,0.028841,-0.009854,-0.009728,-0.000017,-0.000009,-0.000014
2025-12-16 18:17:03.415,0.028828,-0.009820,-0.009715,-0.000017,-0.000009,-0.000014
2025-12-16 18:17:03.416,0.028808,-0.009779,-0.009698,-0.000017,-0.000009,-0.000014
2025-12-16 18:17:03.417,0.028791,-0.009744,-0.009684,-0.000017,-0.000009,-0.000014
2025-12-16 18:17:03.418,0.028770,-0.009708,-0.009670,-0.000017,-0.000009,-0.000014
2025-12-16 18:17:03.420,0.028750,-0.009676,-0.009659,-0.000017,-0.000009,-0.000014
2025-12-16 18:17:03.421,0.028697,-0.009619,-0.009635,-0.000016,-0.000009,-0.000014
2025-12-16 18:17:03.422,0.028667,-0.009594,-0.009626,-0.000016,-0.000009,-0.000014
2025-12-16 18:17:03.423,0.028636,-0.009572,-0.009616,-0.000016,-0.000009,-0.000014
2025-12-16 18:17:03.424,0.028611,-0.009553,-0.009607,-0.000017,-0.000009,-0.000014
2025-12-16 18:17:03.426,0.028587,-0.009534,-0.009597,-0.000017,-0.000009,-0.000014
2025-12-16 18:17:03.427,0.028568,-0.009517,-0.009588,-0.000017,-0.000009,-0.000014
2025-12-16 18:17:03.428,0.028520,-0.009488,-0.009580,-0.000017,-0.000009,-0.000014
2025-12-16 18:17:03.429,0.028496,-0.009475,-0.009579,-0.000017,-0.000009,-0.000014
2025-12-16 18:17:03.430,0.028475,-0.009469,-0.009580,-0.000017,-0.000009,-0.000014
2025-12-16 18:17:03.431,0.028458,-0.009464,-0.009581,-0.000017,-0.000009,-0.000013
2025-12-16 18:17:03.432,0.028442,-0.009461,-0.009585,-0.000017,-0.000009,-0.000013
2025-12-16 18:17:03.433,0.028426,-0.009456,-0.009586,-0.000017,-0.000009,-0.000013
2025-12-16 18:17:03.435,0.028416,-0.009451,-0.009589,-0.000017,-0.000009,-0.000013
2025-12-16 18:17:03.436,0.028407,-0.009451,-0.009592,-0.000017,-0.000009,-0.000013
2025-12-16 18:17:03.437,0.028394,-0.009453,-0.009599,-0.000017,-0.000009,-0.000013
2025-12-16 18:17:03.438,0.028389,-0.009455,-0.009609,-0.000017,-0.000009,-0.000013
2025-12-16 18:17:03.439,0.028386,-0.009460,-0.009616,-0.000017,-0.000009,-0.000013
2025-12-16 18:17:03.440,0.028386,-0.009466,-0.009627,-0.000017,-0.000009,-0.000013
2025-12-16 18:17:03.441,0.028390,-0.009473,-0.009639,-0.000017,-0.000009,-0.000013
2025-12-16 18:17:03.442,0.028391,-0.009475,-0.009647,-0.000017,-0.000009,-0.000013
2025-12-16 18:17:03.443,0.028392,-0.009478,-0.009658,-0.000017,-0.000009,-0.000013
2025-12-16 18:17:03.444,0.028396,-0.009480,-0.009669,-0.000017,-0.000009,-0.000013
2025-12-16 18:17:03.445,0.028395,-0.009480,-0.009680,-0.000017,-0.000009,-0.000013
2025-12-16 18:17:03.446,0.028392,-0.009478,-0.009688,-0.000017,-0.000009,-0.000013
2025-12-16 18:17:03.448,0.028388,-0.009474,-0.009694,-0.000017,-0.000009,-0.000013
2025-12-16 18:17:03.449,0.028383,-0.009470,-0.009701,-0.000016,-0.000009,-0.000013
2025-12-16 18:17:03.450,0.028362,-0.009448,-0.009702,-0.000017,-0.000009,-0.000013
2025-12-16 18:17:03.451,0.028343,-0.009432,-0.009702,-0.000017,-0.000009,-0.000013
2025-12-16 18:17:03.452,0.028322,-0.009413,-0.009697,-0.000017,-0.000009,-0.000013
2025-12-16 18:17:03.453,0.028304,-0.009394,-0.009691,-0.000017,-0.000009,-0.000013
2025-12-16 18:17:03.454,0.028283,-0.009377,-0.009685,-0.000016,-0.000008,-0.000013
2025-12-16 18:17:03.456,0.028264,-0.009357,-0.009675,-0.000016,-0.000009,-0.000013
2025-12-16 18:17:03.457,0.028241,-0.009338,-0.009665,-0.000016,-0.000008,-0.000013
2025-12-16 18:17:03.458,0.028205,-0.009300,-0.009640,-0.000017,-0.000009,-0.000013
2025-12-16 18:17:03.459,0.028189,-0.009278,-0.009629,-0.000017,-0.000009,-0.000013
2025-12-16 18:17:03.460,0.028174,-0.009250,-0.009619,-0.000017,-0.000009,-0.000013
2025-12-16 18:17:03.461,0.028157,-0.009221,-0.009606,-0.000016,-0.000009,-0.000013
2025-12-16 18:17:03.462,0.028138,-0.009192,-0.009593,-0.000017,-0.000009,-0.000013
2025-12-16 18:17:03.464,0.028123,-0.009165,-0.009578,-0.000017,-0.000009,-0.000013
2025-12-16 18:17:03.465,0.028089,-0.009109,-0.009539,-0.000016,-0.000009,-0.000013
2025-12-16 18:17:03.466,0.028077,-0.009086,-0.009521,-0.000016,-0.000009,-0.000013
2025-12-16 18:17:03.467,0.028065,-0.009067,-0.009501,-0.000016,-0.000009,-0.000013
2025-12-16 18:17:03.468,0.028057,-0.009049,-0.009481,-0.000016,-0.000009,-0.000013
2025-12-16 18:17:03.470,0.028054,-0.009036,-0.009466,-0.000017,-0.000009,-0.000013
2025-12-16 18:17:03.471,0.028060,-0.009027,-0.009433,-0.000017,-0.000009,-0.000013
2025-12-16 18:17:03.472,0.028064,-0.009024,-0.009418,-0.000017,-0.000009,-0.000013
2025-12-16 18:17:03.473,0.028062,-0.009019,-0.009398,-0.000017,-0.000009,-0.000013
2025-12-16 18:17:03.474,0.028060,-0.009014,-0.009382,-0.000016,-0.000009,-0.000013
2025-12-16 18:17:03.475,0.028059,-0.009008,-0.009370,-0.000016,-0.000009,-0.000013
2025-12-16 18:17:03.477,0.028055,-0.009004,-0.009356,-0.000017,-0.000009,-0.000013
2025-12-16 18:17:03.478,0.028047,-0.008991,-0.009329,-0.000017,-0.000009,-0.000013
2025-12-16 18:17:03.479,0.028041,-0.008985,-0.009315,-0.000016,-0.000009,-0.000013
2025-12-16 18:17:03.480,0.028031,-0.008982,-0.009299,-0.000017,-0.000009,-0.000013
2025-12-16 18:17:03.481,0.028023,-0.008977,-0.009280,-0.000017,-0.000009,-0.000013
2025-12-16 18:17:03.482,0.028022,-0.008975,-0.009264,-0.000016,-0.000009,-0.000013
2025-12-16 18:17:03.484,0.028015,-0.008970,-0.009246,-0.000017,-0.000009,-0.000013
2025-12-16 18:17:03.485,0.028001,-0.008961,-0.009214,-0.000016,-0.000009,-0.000013
2025-12-16 18:17:03.486,0.027995,-0.008953,-0.009203,-0.000016,-0.000009,-0.000013
2025-12-16 18:17:03.487,0.027986,-0.008941,-0.009193,-0.000016,-0.000009,-0.000013
2025-12-16 18:17:03.488,0.027977,-0.008930,-0.009184,-0.000016,-0.000009,-0.000013
2025-12-16 18:17:03.489,0.027969,-0.008920,-0.009178,-0.000017,-0.000009,-0.000013
2025-12-16 18:17:03.490,0.027958,-0.008904,-0.009164,-0.000016,-0.000009,-0.000013
2025-12-16 18:17:03.492,0.027944,-0.008879,-0.009147,-0.000017,-0.000009,-0.000013
2025-12-16 18:17:03.493,0.027934,-0.008854,-0.009133,-0.000017,-0.000009,-0.000013
2025-12-16 18:17:03.495,0.027914,-0.008765,-0.009080,-0.000016,-0.000009,-0.000013
2025-12-16 18:17:03.496,0.027910,-0.008733,-0.009062,-0.000016,-0.000009,-0.000013
2025-12-16 18:17:03.497,0.027905,-0.008704,-0.009039,-0.000016,-0.000009,-0.000013
2025-12-16 18:17:03.498,0.027899,-0.008675,-0.009012,-0.000016,-0.000009,-0.000013
2025-12-16 18:17:03.499,0.027891,-0.008642,-0.008984,-0.000016,-0.000009,-0.000013
2025-12-16 18:17:03.500,0.027885,-0.008610,-0.008957,-0.000016,-0.000009,-0.000013
2025-12-16 18:17:03.502,0.027868,-0.008543,-0.008903,-0.000016,-0.000009,-0.000013
2025-12-16 18:17:03.503,0.027860,-0.008511,-0.008880,-0.000016,-0.000009,-0.000013
2025-12-16 18:17:03.504,0.027849,-0.008480,-0.008851,-0.000016,-0.000009,-0.000013
2025-12-16 18:17:03.505,0.027835,-0.008447,-0.008820,-0.000016,-0.000009,-0.000013
2025-12-16 18:17:03.506,0.027818,-0.008411,-0.008786,-0.000016,-0.000009,-0.000013
2025-12-16 18:17:03.507,0.027805,-0.008374,-0.008750,-0.000016,-0.000009,-0.000013
2025-12-16 18:17:03.508,0.027791,-0.008340,-0.008708,-0.000016,-0.000009,-0.000013
2025-12-16 18:17:03.509,0.027775,-0.008310,-0.008667,-0.000016,-0.000009,-0.000013
2025-12-16 18:17:03.510,0.027756,-0.008278,-0.008626,-0.000016,-0.000009,-0.000013
2025-12-16 18:17:03.511,0.027737,-0.008250,-0.008591,-0.000016,-0.000009,-0.000013
2025-12-16 18:17:03.515,0.027658,-0.008159,-0.008427,-0.000016,-0.000009,-0.000013
2025-12-16 18:17:03.516,0.027636,-0.008132,-0.008378,-0.000016,-0.000009,-0.000013
2025-12-16 18:17:03.517,0.027613,-0.008105,-0.008334,-0.000015,-0.000009,-0.000013
2025-12-16 18:17:03.518,0.027594,-0.008083,-0.008298,-0.000016,-0.000009,-0.000013
2025-12-16 18:17:03.521,0.027553,-0.008035,-0.008217,-0.000015,-0.000009,-0.000013
2025-12-16 18:17:03.522,0.027509,-0.007992,-0.008140,-0.000015,-0.000009,-0.000013
2025-12-16 18:17:03.523,0.027493,-0.007974,-0.008102,-0.000015,-0.000009,-0.000013
2025-12-16 18:17:03.524,0.027477,-0.007953,-0.008070,-0.000015,-0.000009,-0.000013
2025-12-16 18:17:03.525,0.027463,-0.007933,-0.008044,-0.000015,-0.000009,-0.000013
2025-12-16 18:17:03.526,0.027449,-0.007913,-0.008019,-0.000015,-0.000009,-0.000013
2025-12-16 18:17:03.527,0.027435,-0.007893,-0.007994,-0.000015,-0.000009,-0.000013
2025-12-16 18:17:03.529,0.027420,-0.007884,-0.007978,-0.000015,-0.000009,-0.000013
2025-12-16 18:17:03.531,0.027378,-0.007839,-0.007924,-0.000015,-0.000009,-0.000013
2025-12-16 18:17:03.532,0.027358,-0.007820,-0.007906,-0.000015,-0.000009,-0.000013
2025-12-16 18:17:03.533,0.027336,-0.007800,-0.007887,-0.000015,-0.000008,-0.000013
2025-12-16 18:17:03.534,0.027314,-0.007778,-0.007866,-0.000015,-0.000009,-0.000013
2025-12-16 18:17:03.536,0.027285,-0.007757,-0.007848,-0.000015,-0.000009,-0.000013
2025-12-16 18:17:03.537,0.027252,-0.007733,-0.007826,-0.000015,-0.000009,-0.000013
2025-12-16 18:17:03.538,0.027216,-0.007707,-0.007810,-0.000015,-0.000009,-0.000013
2025-12-16 18:17:03.539,0.027143,-0.007654,-0.007776,-0.000014,-0.000009,-0.000013
2025-12-16 18:17:03.540,0.027108,-0.007633,-0.007765,-0.000015,-0.000009,-0.000013
2025-12-16 18:17:03.541,0.027069,-0.007611,-0.007750,-0.000014,-0.000009,-0.000012
2025-12-16 18:17:03.543,0.026960,-0.007547,-0.007700,-0.000015,-0.000009,-0.000012
2025-12-16 18:17:03.544,0.026897,-0.007507,-0.007668,-0.000014,-0.000009,-0.000012
2025-12-16 18:17:03.545,0.026832,-0.007468,-0.007629,-0.000015,-0.000009,-0.000012
2025-12-16 18:17:03.546,0.026770,-0.007431,-0.007596,-0.000015,-0.000009,-0.000012
2025-12-16 18:17:03.548,0.026648,-0.007366,-0.007527,-0.000015,-0.000009,-0.000012
2025-12-16 18:17:03.549,0.026592,-0.007333,-0.007495,-0.000014,-0.000009,-0.000012
2025-12-16 18:17:03.550,0.026539,-0.007297,-0.007462,-0.000014,-0.000009,-0.000012
2025-12-16 18:17:03.551,0.026480,-0.007257,-0.007422,-0.000014,-0.000009,-0.000012
2025-12-16 18:17:03.553,0.026359,-0.007176,-0.007341,-0.000014,-0.000009,-0.000012
2025-12-16 18:17:03.554,0.026300,-0.007137,-0.007302,-0.000014,-0.000009,-0.000012
2025-12-16 18:17:03.555,0.026248,-0.007100,-0.007264,-0.000014,-0.000009,-0.000012
2025-12-16 18:17:03.556,0.026203,-0.007067,-0.007229,-0.000014,-0.000009,-0.000012
2025-12-16 18:17:03.557,0.026164,-0.007035,-0.007187,-0.000014,-0.000009,-0.000012
2025-12-16 18:17:03.558,0.026125,-0.007006,-0.007148,-0.000014,-0.000009,-0.000012
2025-12-16 18:17:03.559,0.026089,-0.006978,-0.007111,-0.000014,-0.000009,-0.000012
2025-12-16 18:17:03.560,0.026061,-0.006951,-0.007069,-0.000014,-0.000009,-0.000012
2025-12-16 18:17:03.562,0.026037,-0.006930,-0.007027,-0.000014,-0.000009,-0.000012
2025-12-16 18:17:03.563,0.026000,-0.006892,-0.006944,-0.000014,-0.000008,-0.000012
2025-12-16 18:17:03.564,0.025987,-0.006880,-0.006906,-0.000013,-0.000008,-0.000012
2025-12-16 18:17:03.565,0.025974,-0.006869,-0.006872,-0.000014,-0.000009,-0.000012
2025-12-16 18:17:03.566,0.025962,-0.006860,-0.006846,-0.000013,-0.000008,-0.000012
2025-12-16 18:17:03.567,0.025954,-0.006850,-0.006815,-0.000014,-0.000009,-0.000012
2025-12-16 18:17:03.569,0.025945,-0.006841,-0.006783,-0.000014,-0.000009,-0.000012
2025-12-16 18:17:03.570,0.025937,-0.006836,-0.006745,-0.000014,-0.000009,-0.000012
2025-12-16 18:17:03.571,0.025921,-0.006830,-0.006674,-0.000014,-0.000009,-0.000012
2025-12-16 18:17:03.572,0.025909,-0.006826,-0.006637,-0.000013,-0.000009,-0.000012
2025-12-16 18:17:03.573,0.025900,-0.006823,-0.006600,-0.000013,-0.000009,-0.000012
2025-12-16 18:17:03.574,0.025885,-0.006822,-0.006564,-0.000013,-0.000009,-0.000012
2025-12-16 18:17:03.575,0.025869,-0.006821,-0.006528,-0.000014,-0.000009,-0.000012
2025-12-16 18:17:03.576,0.025851,-0.006822,-0.006495,-0.000014,-0.000009,-0.000012
2025-12-16 18:17:03.577,0.025828,-0.006823,-0.006461,-0.000013,-0.000009,-0.000012
2025-12-16 18:17:03.579,0.025810,-0.006828,-0.006425,-0.000014,-0.000009,-0.000012
2025-12-16 18:17:03.580,0.025773,-0.006837,-0.006353,-0.000014,-0.000009,-0.000012
2025-12-16 18:17:03.581,0.025752,-0.006838,-0.006320,-0.000014,-0.000009,-0.000012
2025-12-16 18:17:03.582,0.025725,-0.006838,-0.006288,-0.000013,-0.000009,-0.000012
2025-12-16 18:17:03.584,0.025700,-0.006841,-0.006259,-0.000013,-0.000009,-0.000012
2025-12-16 18:17:03.585,0.025651,-0.006843,-0.006211,-0.000014,-0.000009,-0.000012
2025-12-16 18:17:03.586,0.025627,-0.006846,-0.006188,-0.000014,-0.000009,-0.000012
2025-12-16 18:17:03.587,0.025604,-0.006849,-0.006164,-0.000014,-0.000009,-0.000012
2025-12-16 18:17:03.588,0.025582,-0.006853,-0.006139,-0.000014,-0.000009,-0.000012
2025-12-16 18:17:03.589,0.025563,-0.006856,-0.006118,-0.000014,-0.000009,-0.000012
2025-12-16 18:17:03.590,0.025543,-0.006860,-0.006099,-0.000014,-0.000009,-0.000012
2025-12-16 18:17:03.591,0.025521,-0.006866,-0.006083,-0.000014,-0.000009,-0.000012
2025-12-16 18:17:03.593,0.025502,-0.006871,-0.006070,-0.000014,-0.000009,-0.000012
2025-12-16 18:17:03.594,0.025486,-0.006875,-0.006060,-0.000013,-0.000009,-0.000012
2025-12-16 18:17:03.595,0.025471,-0.006879,-0.006048,-0.000013,-0.000009,-0.000012
2025-12-16 18:17:03.596,0.025437,-0.006892,-0.006026,-0.000013,-0.000009,-0.000012
2025-12-16 18:17:03.597,0.025420,-0.006901,-0.006014,-0.000013,-0.000009,-0.000012
2025-12-16 18:17:03.598,0.025405,-0.006909,-0.006003,-0.000013,-0.000009,-0.000012
2025-12-16 18:17:03.599,0.025382,-0.006913,-0.005995,-0.000013,-0.000009,-0.000012
2025-12-16 18:17:03.600,0.025358,-0.006919,-0.005990,-0.000013,-0.000009,-0.000012
2025-12-16 18:17:03.601,0.025333,-0.006928,-0.005985,-0.000014,-0.000009,-0.000012
2025-12-16 18:17:03.603,0.025308,-0.006936,-0.005977,-0.000013,-0.000008,-0.000012
2025-12-16 18:17:03.604,0.025282,-0.006947,-0.005967,-0.000014,-0.000009,-0.000012
2025-12-16 18:17:03.605,0.025260,-0.006956,-0.005958,-0.000014,-0.000009,-0.000012
2025-12-16 18:17:03.606,0.025193,-0.006977,-0.005937,-0.000013,-0.000008,-0.000012
2025-12-16 18:17:03.607,0.025155,-0.006988,-0.005929,-0.000013,-0.000008,-0.000012
2025-12-16 18:17:03.608,0.025118,-0.006999,-0.005921,-0.000013,-0.000008,-0.000012
2025-12-16 18:17:03.609,0.025078,-0.007011,-0.005911,-0.000013,-0.000008,-0.000012
2025-12-16 18:17:03.610,0.025043,-0.007020,-0.005902,-0.000013,-0.000008,-0.000012
2025-12-16 18:17:03.611,0.025006,-0.007033,-0.005891,-0.000013,-0.000008,-0.000012
2025-12-16 18:17:03.612,0.024963,-0.007047,-0.005881,-0.000013,-0.000008,-0.000012
2025-12-16 18:17:03.613,0.024921,-0.007062,-0.005870,-0.000013,-0.000008,-0.000012
2025-12-16 18:17:03.615,0.024881,-0.007082,-0.005858,-0.000013,-0.000008,-0.000012
2025-12-16 18:17:03.616,0.024838,-0.007097,-0.005845,-0.000013,-0.000008,-0.000012
2025-12-16 18:17:03.617,0.024797,-0.007120,-0.005831,-0.000013,-0.000008,-0.000012
2025-12-16 18:17:03.618,0.024716,-0.007162,-0.005804,-0.000013,-0.000008,-0.000011
2025-12-16 18:17:03.619,0.024678,-0.007190,-0.005792,-0.000013,-0.000008,-0.000011
2025-12-16 18:17:03.620,0.024641,-0.007212,-0.005778,-0.000013,-0.000008,-0.000011
2025-12-16 18:17:03.621,0.024603,-0.007235,-0.005764,-0.000012,-0.000008,-0.000011
2025-12-16 18:17:03.622,0.024565,-0.007260,-0.005755,-0.000012,-0.000008,-0.000011
2025-12-16 18:17:03.623,0.024530,-0.007287,-0.005741,-0.000013,-0.000008,-0.000011
2025-12-16 18:17:03.624,0.024494,-0.007310,-0.005732,-0.000013,-0.000008,-0.000011
2025-12-16 18:17:03.625,0.024459,-0.007331,-0.005724,-0.000013,-0.000008,-0.000011
2025-12-16 18:17:03.626,0.024422,-0.007353,-0.005712,-0.000013,-0.000008,-0.000011
2025-12-16 18:17:03.627,0.024385,-0.007374,-0.005699,-0.000013,-0.000008,-0.000011
2025-12-16 18:17:03.629,0.024354,-0.007391,-0.005687,-0.000013,-0.000008,-0.000011
2025-12-16 18:17:03.630,0.024320,-0.007415,-0.005675,-0.000013,-0.000008,-0.000011
2025-12-16 18:17:03.631,0.024281,-0.007439,-0.005662,-0.000012,-0.000008,-0.000011
2025-12-16 18:17:03.633,0.024199,-0.007491,-0.005623,-0.000013,-0.000008,-0.000011
2025-12-16 18:17:03.634,0.024112,-0.007543,-0.005578,-0.000012,-0.000008,-0.000011
2025-12-16 18:17:03.635,0.024065,-0.007566,-0.005555,-0.000013,-0.000008,-0.000011
2025-12-16 18:17:03.636,0.024014,-0.007582,-0.005527,-0.000012,-0.000008,-0.000011
2025-12-16 18:17:03.637,0.023962,-0.007598,-0.005494,-0.000012,-0.000008,-0.000011
2025-12-16 18:17:03.638,0.023908,-0.007615,-0.005465,-0.000012,-0.000008,-0.000011
2025-12-16 18:17:03.639,0.023851,-0.007626,-0.005432,-0.000012,-0.000008,-0.000011
2025-12-16 18:17:03.640,0.023795,-0.007639,-0.005397,-0.000012,-0.000008,-0.000011
2025-12-16 18:17:03.641,0.023733,-0.007651,-0.005356,-0.000012,-0.000008,-0.000011
2025-12-16 18:17:03.642,0.023679,-0.007662,-0.005320,-0.000012,-0.000008,-0.000011
2025-12-16 18:17:03.644,0.023615,-0.007667,-0.005275,-0.000012,-0.000008,-0.000011
2025-12-16 18:17:03.645,0.023548,-0.007674,-0.005221,-0.000012,-0.000008,-0.000011
2025-12-16 18:17:03.646,0.023411,-0.007692,-0.005108,-0.000011,-0.000008,-0.000011
2025-12-16 18:17:03.647,0.023339,-0.007699,-0.005049,-0.000011,-0.000008,-0.000011
2025-12-16 18:17:03.648,0.023268,-0.007702,-0.004987,-0.000012,-0.000008,-0.000011
2025-12-16 18:17:03.649,0.023201,-0.007702,-0.004928,-0.000012,-0.000008,-0.000011
2025-12-16 18:17:03.650,0.023133,-0.007706,-0.004867,-0.000012,-0.000008,-0.000011
2025-12-16 18:17:03.651,0.023063,-0.007711,-0.004807,-0.000012,-0.000008,-0.000011
2025-12-16 18:17:03.654,0.022927,-0.007709,-0.004688,-0.000011,-0.000008,-0.000011
2025-12-16 18:17:03.656,0.022811,-0.007710,-0.004569,-0.000011,-0.000008,-0.000011
2025-12-16 18:17:03.657,0.022758,-0.007715,-0.004515,-0.000012,-0.000008,-0.000011
2025-12-16 18:17:03.658,0.022665,-0.007724,-0.004427,-0.000011,-0.000008,-0.000011
2025-12-16 18:17:03.659,0.022620,-0.007731,-0.004382,-0.000011,-0.000007,-0.000011
2025-12-16 18:17:03.660,0.022578,-0.007742,-0.004338,-0.000011,-0.000008,-0.000011
2025-12-16 18:17:03.661,0.022541,-0.007751,-0.004296,-0.000011,-0.000007,-0.000011
2025-12-16 18:17:03.662,0.022509,-0.007762,-0.004257,-0.000011,-0.000007,-0.000011
2025-12-16 18:17:03.663,0.022476,-0.007779,-0.004220,-0.000011,-0.000008,-0.000011
2025-12-16 18:17:03.664,0.022441,-0.007793,-0.004189,-0.000011,-0.000008,-0.000011
2025-12-16 18:17:03.665,0.022410,-0.007805,-0.004162,-0.000011,-0.000008,-0.000011
2025-12-16 18:17:03.666,0.022387,-0.007825,-0.004140,-0.000011,-0.000008,-0.000011
2025-12-16 18:17:03.668,0.022367,-0.007846,-0.004122,-0.000011,-0.000008,-0.000011
2025-12-16 18:17:03.669,0.022327,-0.007887,-0.004096,-0.000011,-0.000007,-0.000011
2025-12-16 18:17:03.670,0.022307,-0.007909,-0.004087,-0.000011,-0.000008,-0.000011
2025-12-16 18:17:03.671,0.022286,-0.007926,-0.004077,-0.000011,-0.000008,-0.000011
2025-12-16 18:17:03.672,0.022261,-0.007943,-0.004070,-0.000011,-0.000007,-0.000010
2025-12-16 18:17:03.673,0.022236,-0.007964,-0.004070,-0.000011,-0.000007,-0.000010
2025-12-16 18:17:03.675,0.022207,-0.007987,-0.004073,-0.000011,-0.000007,-0.000010
2025-12-16 18:17:03.676,0.022177,-0.008007,-0.004077,-0.000011,-0.000007,-0.000010
2025-12-16 18:17:03.677,0.022113,-0.008046,-0.004091,-0.000011,-0.000007,-0.000010
2025-12-16 18:17:03.678,0.022078,-0.008057,-0.004097,-0.000011,-0.000007,-0.000010
2025-12-16 18:17:03.679,0.022044,-0.008071,-0.004105,-0.000011,-0.000007,-0.000010
2025-12-16 18:17:03.680,0.022005,-0.008083,-0.004114,-0.000011,-0.000007,-0.000010
2025-12-16 18:17:03.682,0.021963,-0.008094,-0.004125,-0.000011,-0.000007,-0.000010
2025-12-16 18:17:03.683,0.021871,-0.008108,-0.004159,-0.000011,-0.000007,-0.000010
2025-12-16 18:17:03.684,0.021831,-0.008110,-0.004176,-0.000011,-0.000007,-0.000010
2025-12-16 18:17:03.685,0.021784,-0.008114,-0.004198,-0.000010,-0.000007,-0.000010
2025-12-16 18:17:03.686,0.021730,-0.008113,-0.004221,-0.000010,-0.000007,-0.000010
2025-12-16 18:17:03.687,0.021674,-0.008111,-0.004245,-0.000010,-0.000007,-0.000010
2025-12-16 18:17:03.689,0.021618,-0.008107,-0.004271,-0.000011,-0.000007,-0.000010
2025-12-16 18:17:03.690,0.021509,-0.008089,-0.004327,-0.000011,-0.000007,-0.000010
2025-12-16 18:17:03.691,0.021457,-0.008083,-0.004360,-0.000011,-0.000007,-0.000010
2025-12-16 18:17:03.692,0.021411,-0.008079,-0.004396,-0.000011,-0.000007,-0.000010
2025-12-16 18:17:03.693,0.021364,-0.008072,-0.004435,-0.000011,-0.000007,-0.000010
2025-12-16 18:17:03.694,0.021322,-0.008064,-0.004473,-0.000010,-0.000007,-0.000010
2025-12-16 18:17:03.696,0.021283,-0.008055,-0.004512,-0.000010,-0.000007,-0.000010
2025-12-16 18:17:03.697,0.021243,-0.008045,-0.004552,-0.000010,-0.000007,-0.000010
2025-12-16 18:17:03.698,0.021208,-0.008037,-0.004597,-0.000010,-0.000007,-0.000010
2025-12-16 18:17:03.699,0.021174,-0.008030,-0.004644,-0.000010,-0.000007,-0.000010
2025-12-16 18:17:03.700,0.021138,-0.008021,-0.004690,-0.000010,-0.000007,-0.000010
2025-12-16 18:17:03.701,0.021080,-0.008012,-0.004778,-0.000010,-0.000007,-0.000010
2025-12-16 18:17:03.702,0.021056,-0.008010,-0.004825,-0.000010,-0.000007,-0.000010
2025-12-16 18:17:03.703,0.021037,-0.008008,-0.004874,-0.000010,-0.000007,-0.000010
2025-12-16 18:17:03.705,0.021020,-0.008003,-0.004921,-0.000010,-0.000007,-0.000010
2025-12-16 18:17:03.706,0.021000,-0.007999,-0.005000,-0.000010,-0.000007,-0.000010
2025-12-16 18:17:03.707,0.020992,-0.007999,-0.005037,-0.000010,-0.000007,-0.000010
2025-12-16 18:17:03.708,0.020339,-0.007751,-0.004910,-0.000010,-0.000006,-0.000009
2025-12-16 18:17:03.709,0.020192,-0.007701,-0.004907,-0.000010,-0.000006,-0.000009
2025-12-16 18:17:03.710,0.020251,-0.007733,-0.004956,-0.000010,-0.000006,-0.000009
2025-12-16 18:17:03.711,0.020380,-0.007790,-0.005026,-0.000010,-0.000006,-0.000009
2025-12-16 18:17:03.715,0.020703,-0.007935,-0.005199,-0.000009,-0.000006,-0.000010
2025-12-16 18:17:03.718,0.020840,-0.008000,-0.005319,-0.000010,-0.000007,-0.000010
2025-12-16 18:17:03.719,0.020833,-0.008002,-0.005324,-0.000010,-0.000007,-0.000010
2025-12-16 18:17:03.720,0.020820,-0.008000,-0.005330,-0.000010,-0.000007,-0.000010
2025-12-16 18:17:03.723,0.020758,-0.007970,-0.005329,-0.000010,-0.000007,-0.000010
2025-12-16 18:17:03.724,0.020733,-0.007956,-0.005325,-0.000010,-0.000007,-0.000010
2025-12-16 18:17:03.725,0.020704,-0.007940,-0.005319,-0.000010,-0.000007,-0.000010
2025-12-16 18:17:03.726,0.020673,-0.007920,-0.005313,-0.000010,-0.000007,-0.000010
2025-12-16 18:17:03.727,0.020638,-0.007899,-0.005306,-0.000010,-0.000006,-0.000009
2025-12-16 18:17:03.729,0.020573,-0.007847,-0.005289,-0.000010,-0.000006,-0.000009
2025-12-16 18:17:03.730,0.020543,-0.007817,-0.005276,-0.000009,-0.000006,-0.000009
2025-12-16 18:17:03.731,0.020509,-0.007789,-0.005261,-0.000009,-0.000006,-0.000009
2025-12-16 18:17:03.733,0.020448,-0.007727,-0.005233,-0.000009,-0.000006,-0.000009
2025-12-16 18:17:03.734,0.020419,-0.007692,-0.005219,-0.000010,-0.000006,-0.000009
2025-12-16 18:17:03.735,0.020392,-0.007661,-0.005202,-0.000009,-0.000006,-0.000009
2025-12-16 18:17:03.736,0.020370,-0.007631,-0.005185,-0.000009,-0.000006,-0.000009
2025-12-16 18:17:03.737,0.020355,-0.007600,-0.005170,-0.000010,-0.000007,-0.000009
2025-12-16 18:17:03.738,0.020343,-0.007574,-0.005158,-0.000010,-0.000007,-0.000009
2025-12-16 18:17:03.740,0.020329,-0.007543,-0.005143,-0.000010,-0.000007,-0.000009
2025-12-16 18:17:03.741,0.020317,-0.007509,-0.005129,-0.000009,-0.000007,-0.000009
2025-12-16 18:17:03.742,0.020299,-0.007439,-0.005100,-0.000009,-0.000006,-0.000009
2025-12-16 18:17:03.743,0.020291,-0.007405,-0.005087,-0.000009,-0.000007,-0.000009
2025-12-16 18:17:03.744,0.020282,-0.007374,-0.005072,-0.000009,-0.000007,-0.000009
2025-12-16 18:17:03.745,0.020274,-0.007343,-0.005061,-0.000009,-0.000007,-0.000009
2025-12-16 18:17:03.747,0.020268,-0.007315,-0.005050,-0.000009,-0.000007,-0.000009
2025-12-16 18:17:03.748,0.020259,-0.007257,-0.005030,-0.000009,-0.000007,-0.000009
2025-12-16 18:17:03.749,0.020252,-0.007230,-0.005023,-0.000009,-0.000007,-0.000009
2025-12-16 18:17:03.750,0.020245,-0.007204,-0.005019,-0.000009,-0.000007,-0.000009
2025-12-16 18:17:03.751,0.020239,-0.007176,-0.005017,-0.000009,-0.000006,-0.000009
2025-12-16 18:17:03.753,0.020224,-0.007125,-0.005011,-0.000009,-0.000007,-0.000009
2025-12-16 18:17:03.754,0.020208,-0.007099,-0.005012,-0.000009,-0.000006,-0.000009
2025-12-16 18:17:03.755,0.020192,-0.007069,-0.005019,-0.000009,-0.000006,-0.000009
2025-12-16 18:17:03.756,0.020172,-0.007042,-0.005027,-0.000009,-0.000006,-0.000009
2025-12-16 18:17:03.757,0.020147,-0.007016,-0.005037,-0.000009,-0.000006,-0.000009
2025-12-16 18:17:03.759,0.020098,-0.006958,-0.005069,-0.000009,-0.000006,-0.000009
2025-12-16 18:17:03.760,0.020073,-0.006929,-0.005085,-0.000009,-0.000006,-0.000009
2025-12-16 18:17:03.761,0.020046,-0.006902,-0.005106,-0.000009,-0.000006,-0.000009
2025-12-16 18:17:03.762,0.020022,-0.006877,-0.005127,-0.000009,-0.000006,-0.000009
2025-12-16 18:17:03.763,0.019995,-0.006849,-0.005150,-0.000009,-0.000006,-0.000009
2025-12-16 18:17:03.764,0.019972,-0.006823,-0.005171,-0.000009,-0.000006,-0.000009
2025-12-16 18:17:03.765,0.019945,-0.006795,-0.005199,-0.000009,-0.000006,-0.000009
2025-12-16 18:17:03.767,0.019895,-0.006741,-0.005262,-0.000009,-0.000006,-0.000009
2025-12-16 18:17:03.768,0.019867,-0.006715,-0.005302,-0.000009,-0.000006,-0.000009
2025-12-16 18:17:03.769,0.019838,-0.006689,-0.005346,-0.000009,-0.000006,-0.000009
2025-12-16 18:17:03.770,0.019812,-0.006666,-0.005386,-0.000009,-0.000006,-0.000009
2025-12-16 18:17:03.773,0.019770,-0.006624,-0.005478,-0.000009,-0.000006,-0.000009
2025-12-16 18:17:03.774,0.019743,-0.006586,-0.005581,-0.000009,-0.000006,-0.000009
2025-12-16 18:17:03.777,0.019728,-0.006538,-0.005749,-0.000008,-0.000006,-0.000009
2025-12-16 18:17:03.780,0.019748,-0.006500,-0.005940,-0.000008,-0.000006,-0.000009
2025-12-16 18:17:03.781,0.019757,-0.006492,-0.005997,-0.000009,-0.000006,-0.000009
2025-12-16 18:17:03.782,0.019771,-0.006483,-0.006063,-0.000009,-0.000006,-0.000009
2025-12-16 18:17:03.785,0.019832,-0.006456,-0.006294,-0.000008,-0.000006,-0.000009
2025-12-16 18:17:03.787,0.019882,-0.006439,-0.006450,-0.000008,-0.000006,-0.000009
2025-12-16 18:17:03.788,0.019904,-0.006429,-0.006516,-0.000008,-0.000006,-0.000009
2025-12-16 18:17:03.791,0.019993,-0.006410,-0.006747,-0.000009,-0.000006,-0.000009
2025-12-16 18:17:03.792,0.020018,-0.006406,-0.006817,-0.000008,-0.000006,-0.000009
2025-12-16 18:17:03.795,0.020072,-0.006390,-0.006968,-0.000009,-0.000006,-0.000009
2025-12-16 18:17:03.796,0.020105,-0.006378,-0.007106,-0.000009,-0.000006,-0.000009
2025-12-16 18:17:03.797,0.020122,-0.006371,-0.007176,-0.000009,-0.000006,-0.000009
2025-12-16 18:17:03.798,0.020141,-0.006364,-0.007247,-0.000009,-0.000006,-0.000009
2025-12-16 18:17:03.799,0.020155,-0.006353,-0.007322,-0.000009,-0.000006,-0.000009
2025-12-16 18:17:03.801,0.020165,-0.006340,-0.007394,-0.000008,-0.000006,-0.000009
2025-12-16 18:17:03.802,0.020177,-0.006316,-0.007522,-0.000009,-0.000006,-0.000009
2025-12-16 18:17:03.803,0.020178,-0.006304,-0.007577,-0.000009,-0.000006,-0.000009
2025-12-16 18:17:03.804,0.020177,-0.006289,-0.007630,-0.000009,-0.000006,-0.000009
2025-12-16 18:17:03.805,0.020175,-0.006274,-0.007681,-0.000009,-0.000005,-0.000009
2025-12-16 18:17:03.806,0.020172,-0.006263,-0.007727,-0.000009,-0.000005,-0.000009
2025-12-16 18:17:03.808,0.020162,-0.006233,-0.007812,-0.000009,-0.000006,-0.000009
2025-12-16 18:17:03.810,0.020156,-0.006213,-0.007853,-0.000009,-0.000006,-0.000009
2025-12-16 18:17:03.811,0.020153,-0.006198,-0.007894,-0.000009,-0.000006,-0.000009
2025-12-16 18:17:03.813,0.020152,-0.006180,-0.007933,-0.000009,-0.000006,-0.000009
2025-12-16 18:17:03.814,0.020152,-0.006164,-0.007966,-0.000009,-0.000005,-0.000009
2025-12-16 18:17:03.815,0.020159,-0.006126,-0.008026,-0.000009,-0.000005,-0.000009
2025-12-16 18:17:03.817,0.020170,-0.006109,-0.008056,-0.000008,-0.000005,-0.000009
2025-12-16 18:17:03.818,0.020189,-0.006093,-0.008084,-0.000009,-0.000005,-0.000009
2025-12-16 18:17:03.819,0.020233,-0.006065,-0.008144,-0.000009,-0.000005,-0.000009
2025-12-16 18:17:03.820,0.020262,-0.006054,-0.008173,-0.000009,-0.000005,-0.000009
2025-12-16 18:17:03.821,0.020296,-0.006043,-0.008200,-0.000009,-0.000005,-0.000009
2025-12-16 18:17:03.823,0.020337,-0.006033,-0.008228,-0.000009,-0.000005,-0.000009
2025-12-16 18:17:03.824,0.020420,-0.006011,-0.008285,-0.000009,-0.000006,-0.000009
2025-12-16 18:17:03.825,0.020531,-0.005997,-0.008342,-0.000009,-0.000006,-0.000009
2025-12-16 18:17:03.826,0.020591,-0.005988,-0.008372,-0.000010,-0.000006,-0.000009
2025-12-16 18:17:03.827,0.020656,-0.005981,-0.008402,-0.000009,-0.000006,-0.000009
2025-12-16 18:17:03.828,0.020725,-0.005978,-0.008438,-0.000010,-0.000006,-0.000009
2025-12-16 18:17:03.829,0.020794,-0.005977,-0.008471,-0.000009,-0.000006,-0.000009
2025-12-16 18:17:03.830,0.020864,-0.005973,-0.008508,-0.000009,-0.000006,-0.000009
2025-12-16 18:17:03.832,0.020996,-0.005964,-0.008576,-0.000009,-0.000006,-0.000009
2025-12-16 18:17:03.834,0.021139,-0.005963,-0.008658,-0.000009,-0.000006,-0.000009
2025-12-16 18:17:03.835,0.021213,-0.005961,-0.008702,-0.000009,-0.000006,-0.000009
2025-12-16 18:17:03.836,0.021284,-0.005960,-0.008745,-0.000009,-0.000006,-0.000009
2025-12-16 18:17:03.837,0.021352,-0.005963,-0.008786,-0.000009,-0.000006,-0.000009
2025-12-16 18:17:03.838,0.021419,-0.005967,-0.008830,-0.000009,-0.000006,-0.000009
2025-12-16 18:17:03.840,0.021486,-0.005972,-0.008870,-0.000009,-0.000006,-0.000009
2025-12-16 18:17:03.840,0.021550,-0.005978,-0.008914,-0.000009,-0.000006,-0.000009
2025-12-16 18:17:03.842,0.021604,-0.005984,-0.008953,-0.000009,-0.000006,-0.000009
2025-12-16 18:17:03.843,0.021716,-0.005999,-0.009038,-0.000009,-0.000006,-0.000009
2025-12-16 18:17:03.844,0.021782,-0.006011,-0.009094,-0.000010,-0.000006,-0.000009
2025-12-16 18:17:03.845,0.021848,-0.006025,-0.009154,-0.000010,-0.000006,-0.000009
2025-12-16 18:17:03.846,0.021913,-0.006036,-0.009216,-0.000010,-0.000006,-0.000009
2025-12-16 18:17:03.847,0.021974,-0.006047,-0.009280,-0.000010,-0.000006,-0.000009
2025-12-16 18:17:03.848,0.022031,-0.006057,-0.009339,-0.000010,-0.000006,-0.000009
2025-12-16 18:17:03.849,0.022089,-0.006069,-0.009401,-0.000010,-0.000006,-0.000009
2025-12-16 18:17:03.851,0.022146,-0.006084,-0.009462,-0.000010,-0.000006,-0.000009
2025-12-16 18:17:03.853,0.022264,-0.006121,-0.009594,-0.000010,-0.000006,-0.000009
2025-12-16 18:17:03.854,0.022390,-0.006164,-0.009724,-0.000010,-0.000006,-0.000009
2025-12-16 18:17:03.855,0.022449,-0.006188,-0.009792,-0.000010,-0.000006,-0.000009
2025-12-16 18:17:03.856,0.022508,-0.006212,-0.009863,-0.000010,-0.000006,-0.000009
2025-12-16 18:17:03.859,0.022698,-0.006287,-0.010076,-0.000010,-0.000006,-0.000010
2025-12-16 18:17:03.860,0.022764,-0.006315,-0.010147,-0.000010,-0.000006,-0.000010
2025-12-16 18:17:03.861,0.022829,-0.006346,-0.010219,-0.000011,-0.000006,-0.000010
2025-12-16 18:17:03.862,0.022892,-0.006376,-0.010286,-0.000011,-0.000006,-0.000010
2025-12-16 18:17:03.865,0.023019,-0.006441,-0.010420,-0.000011,-0.000006,-0.000010
2025-12-16 18:17:03.866,0.023082,-0.006472,-0.010483,-0.000011,-0.000006,-0.000010
2025-12-16 18:17:03.867,0.023195,-0.006533,-0.010594,-0.000011,-0.000006,-0.000010
2025-12-16 18:17:03.868,0.023259,-0.006570,-0.010654,-0.000011,-0.000006,-0.000010
2025-12-16 18:17:03.869,0.023322,-0.006611,-0.010713,-0.000011,-0.000006,-0.000010
2025-12-16 18:17:03.870,0.023377,-0.006646,-0.010763,-0.000011,-0.000006,-0.000010
2025-12-16 18:17:03.873,0.023487,-0.006719,-0.010866,-0.000011,-0.000006,-0.000010
2025-12-16 18:17:03.874,0.023585,-0.006787,-0.010955,-0.000011,-0.000006,-0.000010
2025-12-16 18:17:03.875,0.023638,-0.006827,-0.011002,-0.000012,-0.000006,-0.000010
2025-12-16 18:17:03.876,0.023691,-0.006866,-0.011042,-0.000011,-0.000006,-0.000010
2025-12-16 18:17:03.877,0.023742,-0.006906,-0.011079,-0.000012,-0.000006,-0.000010
2025-12-16 18:17:03.879,0.023839,-0.006980,-0.011150,-0.000012,-0.000006,-0.000010
2025-12-16 18:17:03.880,0.023884,-0.007019,-0.011179,-0.000012,-0.000006,-0.000010
2025-12-16 18:17:03.881,0.023937,-0.007056,-0.011206,-0.000012,-0.000006,-0.000010
2025-12-16 18:17:03.883,0.024047,-0.007134,-0.011259,-0.000012,-0.000006,-0.000010
2025-12-16 18:17:03.885,0.024154,-0.007207,-0.011303,-0.000012,-0.000006,-0.000010
2025-12-16 18:17:03.886,0.024213,-0.007243,-0.011326,-0.000012,-0.000006,-0.000010
2025-12-16 18:17:03.887,0.024278,-0.007281,-0.011351,-0.000012,-0.000006,-0.000010
2025-12-16 18:17:03.888,0.024335,-0.007314,-0.011373,-0.000012,-0.000006,-0.000010
2025-12-16 18:17:03.889,0.024400,-0.007349,-0.011393,-0.000012,-0.000006,-0.000010
2025-12-16 18:17:03.891,0.024475,-0.007385,-0.011412,-0.000012,-0.000006,-0.000010
2025-12-16 18:17:03.892,0.024633,-0.007454,-0.011442,-0.000012,-0.000006,-0.000011
2025-12-16 18:17:03.893,0.024716,-0.007493,-0.011455,-0.000012,-0.000007,-0.000011
2025-12-16 18:17:03.896,0.024888,-0.007564,-0.011488,-0.000012,-0.000007,-0.000011
2025-12-16 18:17:03.897,0.025060,-0.007629,-0.011522,-0.000012,-0.000007,-0.000011
2025-12-16 18:17:03.898,0.025145,-0.007655,-0.011535,-0.000013,-0.000007,-0.000011
2025-12-16 18:17:03.899,0.025231,-0.007682,-0.011548,-0.000013,-0.000007,-0.000011
2025-12-16 18:17:03.901,0.025306,-0.007706,-0.011559,-0.000013,-0.000007,-0.000011
2025-12-16 18:17:03.902,0.025444,-0.007736,-0.011578,-0.000013,-0.000007,-0.000011
2025-12-16 18:17:03.903,0.025516,-0.007746,-0.011590,-0.000013,-0.000007,-0.000011
2025-12-16 18:17:03.904,0.025592,-0.007753,-0.011601,-0.000013,-0.000007,-0.000011
2025-12-16 18:17:03.907,0.025743,-0.007767,-0.011624,-0.000013,-0.000007,-0.000011
2025-12-16 18:17:03.908,0.025877,-0.007772,-0.011642,-0.000013,-0.000007,-0.000011
2025-12-16 18:17:03.909,0.025940,-0.007768,-0.011654,-0.000013,-0.000007,-0.000011
2025-12-16 18:17:03.910,0.026002,-0.007765,-0.011664,-0.000014,-0.000007,-0.000011
2025-12-16 18:17:03.911,0.026062,-0.007759,-0.011674,-0.000014,-0.000007,-0.000011
2025-12-16 18:17:03.914,0.026168,-0.007739,-0.011698,-0.000014,-0.000007,-0.000011
2025-12-16 18:17:03.915,0.026219,-0.007728,-0.011706,-0.000014,-0.000007,-0.000011
2025-12-16 18:17:03.916,0.026329,-0.007706,-0.011729,-0.000014,-0.000007,-0.000011
2025-12-16 18:17:03.917,0.026383,-0.007696,-0.011740,-0.000014,-0.000007,-0.000011
2025-12-16 18:17:03.919,0.026439,-0.007686,-0.011753,-0.000014,-0.000007,-0.000011
2025-12-16 18:17:03.920,0.026549,-0.007663,-0.011780,-0.000014,-0.000007,-0.000011
2025-12-16 18:17:03.923,0.026655,-0.007647,-0.011811,-0.000014,-0.000007,-0.000011
2025-12-16 18:17:03.924,0.026768,-0.007636,-0.011837,-0.000015,-0.000008,-0.000012
2025-12-16 18:17:03.925,0.026825,-0.007629,-0.011853,-0.000014,-0.000008,-0.000012
2025-12-16 18:17:03.927,0.026882,-0.007626,-0.011867,-0.000015,-0.000008,-0.000012
2025-12-16 18:17:03.928,0.026990,-0.007619,-0.011899,-0.000015,-0.000008,-0.000012
2025-12-16 18:17:03.929,0.027047,-0.007620,-0.011912,-0.000015,-0.000008,-0.000011
2025-12-16 18:17:03.930,0.027105,-0.007621,-0.011931,-0.000015,-0.000008,-0.000012
2025-12-16 18:17:03.933,0.027287,-0.007630,-0.011989,-0.000015,-0.000008,-0.000012
2025-12-16 18:17:03.934,0.027348,-0.007631,-0.012008,-0.000015,-0.000008,-0.000012
2025-12-16 18:17:03.936,0.027466,-0.007634,-0.012045,-0.000015,-0.000008,-0.000012
2025-12-16 18:17:03.937,0.027526,-0.007639,-0.012069,-0.000015,-0.000008,-0.000012
2025-12-16 18:17:03.939,0.027589,-0.007648,-0.012090,-0.000015,-0.000008,-0.000012
2025-12-16 18:17:03.941,0.027722,-0.007665,-0.012137,-0.000016,-0.000008,-0.000012
2025-12-16 18:17:03.942,0.027860,-0.007684,-0.012183,-0.000016,-0.000008,-0.000012
2025-12-16 18:17:03.943,0.027929,-0.007690,-0.012210,-0.000016,-0.000008,-0.000012
2025-12-16 18:17:03.944,0.028002,-0.007700,-0.012236,-0.000016,-0.000008,-0.000012
2025-12-16 18:17:03.945,0.028078,-0.007709,-0.012261,-0.000016,-0.000008,-0.000012
2025-12-16 18:17:03.946,0.028142,-0.007717,-0.012283,-0.000015,-0.000008,-0.000012
2025-12-16 18:17:03.949,0.028293,-0.007745,-0.012342,-0.000016,-0.000008,-0.000012
2025-12-16 18:17:03.950,0.028445,-0.007769,-0.012406,-0.000017,-0.000008,-0.000012
2025-12-16 18:17:03.955,0.028726,-0.007819,-0.012536,-0.000017,-0.000008,-0.000012
2025-12-16 18:17:03.957,0.028860,-0.007837,-0.012593,-0.000017,-0.000009,-0.000012
2025-12-16 18:17:03.958,0.028981,-0.007850,-0.012660,-0.000017,-0.000009,-0.000013
2025-12-16 18:17:03.959,0.029037,-0.007854,-0.012695,-0.000017,-0.000009,-0.000013
2025-12-16 18:17:03.960,0.029089,-0.007858,-0.012728,-0.000018,-0.000009,-0.000013
2025-12-16 18:17:03.961,0.029141,-0.007864,-0.012761,-0.000018,-0.000009,-0.000013
2025-12-16 18:17:03.963,0.029192,-0.007870,-0.012793,-0.000017,-0.000009,-0.000013
2025-12-16 18:17:03.964,0.029294,-0.007883,-0.012862,-0.000017,-0.000009,-0.000013
2025-12-16 18:17:03.966,0.029391,-0.007894,-0.012942,-0.000018,-0.000009,-0.000013
2025-12-16 18:17:03.967,0.029442,-0.007898,-0.012982,-0.000018,-0.000009,-0.000013
2025-12-16 18:17:03.968,0.029494,-0.007904,-0.013024,-0.000018,-0.000009,-0.000013
2025-12-16 18:17:03.970,0.029549,-0.007913,-0.013066,-0.000018,-0.000009,-0.000013
2025-12-16 18:17:03.971,0.029652,-0.007929,-0.013148,-0.000017,-0.000009,-0.000013
2025-12-16 18:17:03.972,0.029705,-0.007936,-0.013189,-0.000017,-0.000009,-0.000013
2025-12-16 18:17:03.973,0.029755,-0.007943,-0.013229,-0.000018,-0.000009,-0.000013
2025-12-16 18:17:03.976,0.029897,-0.007974,-0.013347,-0.000018,-0.000009,-0.000013
2025-12-16 18:17:03.977,0.029943,-0.007989,-0.013390,-0.000018,-0.000009,-0.000013
2025-12-16 18:17:03.978,0.029996,-0.008004,-0.013431,-0.000018,-0.000009,-0.000013
2025-12-16 18:17:03.979,0.030056,-0.008022,-0.013481,-0.000018,-0.000009,-0.000013
2025-12-16 18:17:03.980,0.030118,-0.008036,-0.013533,-0.000018,-0.000009,-0.000013
2025-12-16 18:17:03.982,0.030175,-0.008049,-0.013585,-0.000018,-0.000009,-0.000013
2025-12-16 18:17:03.983,0.030233,-0.008065,-0.013639,-0.000019,-0.000009,-0.000013
2025-12-16 18:17:03.984,0.030341,-0.008092,-0.013734,-0.000019,-0.000009,-0.000013
2025-12-16 18:17:03.987,0.030425,-0.008115,-0.013802,-0.000019,-0.000009,-0.000013
2025-12-16 18:17:03.989,0.030576,-0.008156,-0.013926,-0.000019,-0.000009,-0.000013
2025-12-16 18:17:03.992,0.030729,-0.008203,-0.014042,-0.000019,-0.000009,-0.000013
2025-12-16 18:17:03.993,0.030782,-0.008220,-0.014079,-0.000019,-0.000009,-0.000013
2025-12-16 18:17:03.994,0.030831,-0.008237,-0.014110,-0.000019,-0.000009,-0.000013
2025-12-16 18:17:03.995,0.030882,-0.008249,-0.014138,-0.000019,-0.000009,-0.000013
2025-12-16 18:17:03.996,0.030931,-0.008258,-0.014163,-0.000019,-0.000009,-0.000013
2025-12-16 18:17:03.997,0.030978,-0.008271,-0.014188,-0.000019,-0.000009,-0.000013
2025-12-16 18:17:03.999,0.031017,-0.008282,-0.014209,-0.000020,-0.000009,-0.000013
2025-12-16 18:17:04.000,0.031105,-0.008312,-0.014249,-0.000019,-0.000009,-0.000014
2025-12-16 18:17:04.001,0.031150,-0.008327,-0.014267,-0.000020,-0.000009,-0.000014
2025-12-16 18:17:04.002,0.031195,-0.008343,-0.014285,-0.000019,-0.000009,-0.000014
2025-12-16 18:17:04.004,0.031239,-0.008362,-0.014303,-0.000020,-0.000009,-0.000014
2025-12-16 18:17:04.005,0.031282,-0.008383,-0.014319,-0.000020,-0.000009,-0.000014
2025-12-16 18:17:04.006,0.031357,-0.008416,-0.014346,-0.000020,-0.000010,-0.000014
2025-12-16 18:17:04.007,0.031387,-0.008434,-0.014356,-0.000020,-0.000009,-0.000014
2025-12-16 18:17:04.008,0.031411,-0.008450,-0.014362,-0.000019,-0.000009,-0.000014
2025-12-16 18:17:04.010,0.031453,-0.008490,-0.014368,-0.000020,-0.000010,-0.000014
2025-12-16 18:17:04.011,0.031472,-0.008512,-0.014370,-0.000020,-0.000010,-0.000014
2025-12-16 18:17:04.013,0.031486,-0.008536,-0.014372,-0.000020,-0.000010,-0.000014
2025-12-16 18:17:04.014,0.031499,-0.008560,-0.014375,-0.000020,-0.000010,-0.000014
2025-12-16 18:17:04.015,0.031514,-0.008587,-0.014376,-0.000020,-0.000010,-0.000014
2025-12-16 18:17:04.016,0.031528,-0.008620,-0.014378,-0.000020,-0.000010,-0.000014
2025-12-16 18:17:04.017,0.031541,-0.008656,-0.014379,-0.000020,-0.000010,-0.000014
2025-12-16 18:17:04.018,0.031549,-0.008691,-0.014379,-0.000020,-0.000010,-0.000014
2025-12-16 18:17:04.022,0.031570,-0.008869,-0.014335,-0.000020,-0.000010,-0.000014
2025-12-16 18:17:04.023,0.031573,-0.008905,-0.014324,-0.000020,-0.000009,-0.000014
2025-12-16 18:17:04.024,0.031570,-0.008959,-0.014300,-0.000020,-0.000010,-0.000014
2025-12-16 18:17:04.025,0.031568,-0.009012,-0.014282,-0.000020,-0.000010,-0.000014
2025-12-16 18:17:04.027,0.031564,-0.009065,-0.014264,-0.000020,-0.000010,-0.000014
2025-12-16 18:17:04.031,0.031568,-0.009312,-0.014143,-0.000020,-0.000009,-0.000014
2025-12-16 18:17:04.032,0.031569,-0.009361,-0.014119,-0.000020,-0.000009,-0.000014
2025-12-16 18:17:04.034,0.031576,-0.009461,-0.014063,-0.000020,-0.000009,-0.000014
2025-12-16 18:17:04.035,0.031576,-0.009508,-0.014038,-0.000020,-0.000009,-0.000014
2025-12-16 18:17:04.036,0.031580,-0.009553,-0.014014,-0.000020,-0.000009,-0.000014
2025-12-16 18:17:04.038,0.031598,-0.009641,-0.013966,-0.000020,-0.000009,-0.000014
2025-12-16 18:17:04.040,0.031613,-0.009691,-0.013945,-0.000020,-0.000009,-0.000014
2025-12-16 18:17:04.041,0.031647,-0.009787,-0.013901,-0.000020,-0.000009,-0.000014
2025-12-16 18:17:04.042,0.031667,-0.009832,-0.013883,-0.000020,-0.000009,-0.000014
2025-12-16 18:17:04.044,0.031686,-0.009877,-0.013864,-0.000020,-0.000009,-0.000014
2025-12-16 18:17:04.045,0.031721,-0.009962,-0.013823,-0.000020,-0.000009,-0.000014
2025-12-16 18:17:04.046,0.031738,-0.010005,-0.013799,-0.000020,-0.000009,-0.000014
2025-12-16 18:17:04.047,0.031757,-0.010046,-0.013777,-0.000020,-0.000009,-0.000014
2025-12-16 18:17:04.048,0.031775,-0.010091,-0.013753,-0.000020,-0.000009,-0.000014
2025-12-16 18:17:04.049,0.031793,-0.010132,-0.013733,-0.000020,-0.000009,-0.000014
2025-12-16 18:17:04.050,0.031809,-0.010171,-0.013714,-0.000020,-0.000009,-0.000014
2025-12-16 18:17:04.052,0.031825,-0.010216,-0.013698,-0.000020,-0.000009,-0.000014
2025-12-16 18:17:04.053,0.031844,-0.010293,-0.013661,-0.000020,-0.000009,-0.000014
2025-12-16 18:17:04.055,0.031848,-0.010330,-0.013644,-0.000020,-0.000009,-0.000014
2025-12-16 18:17:04.056,0.031846,-0.010386,-0.013608,-0.000020,-0.000009,-0.000014
2025-12-16 18:17:04.057,0.031837,-0.010415,-0.013586,-0.000020,-0.000009,-0.000014
2025-12-16 18:17:04.058,0.031826,-0.010441,-0.013566,-0.000020,-0.000009,-0.000014
2025-12-16 18:17:04.059,0.031809,-0.010464,-0.013542,-0.000020,-0.000009,-0.000014
2025-12-16 18:17:04.060,0.031786,-0.010486,-0.013516,-0.000020,-0.000009,-0.000014
2025-12-16 18:17:04.061,0.031763,-0.010505,-0.013491,-0.000020,-0.000009,-0.000014
2025-12-16 18:17:04.063,0.031705,-0.010549,-0.013441,-0.000020,-0.000009,-0.000014
2025-12-16 18:17:04.064,0.031665,-0.010569,-0.013410,-0.000020,-0.000009,-0.000014
2025-12-16 18:17:04.067,0.031537,-0.010611,-0.013323,-0.000020,-0.000009,-0.000014
2025-12-16 18:17:04.068,0.031499,-0.010621,-0.013300,-0.000020,-0.000009,-0.000014
2025-12-16 18:17:04.069,0.031461,-0.010628,-0.013275,-0.000020,-0.000009,-0.000014
2025-12-16 18:17:04.070,0.031419,-0.010641,-0.013246,-0.000020,-0.000009,-0.000014
2025-12-16 18:17:04.071,0.031367,-0.010651,-0.013211,-0.000019,-0.000009,-0.000014
2025-12-16 18:17:04.072,0.031319,-0.010658,-0.013180,-0.000019,-0.000009,-0.000014
2025-12-16 18:17:04.074,0.031263,-0.010660,-0.013138,-0.000020,-0.000009,-0.000014
2025-12-16 18:17:04.075,0.031160,-0.010660,-0.013057,-0.000020,-0.000009,-0.000014
2025-12-16 18:17:04.076,0.031113,-0.010659,-0.013019,-0.000020,-0.000009,-0.000014
2025-12-16 18:17:04.078,0.031061,-0.010658,-0.012979,-0.000020,-0.000009,-0.000014
2025-12-16 18:17:04.079,0.031004,-0.010658,-0.012937,-0.000019,-0.000009,-0.000014
2025-12-16 18:17:04.080,0.030908,-0.010657,-0.012863,-0.000019,-0.000009,-0.000014
2025-12-16 18:17:04.082,0.030864,-0.010657,-0.012831,-0.000019,-0.000009,-0.000014
2025-12-16 18:17:04.083,0.030771,-0.010649,-0.012754,-0.000019,-0.000009,-0.000014
2025-12-16 18:17:04.084,0.030724,-0.010641,-0.012710,-0.000019,-0.000009,-0.000014
2025-12-16 18:17:04.085,0.030685,-0.010634,-0.012671,-0.000019,-0.000009,-0.000014
2025-12-16 18:17:04.087,0.030649,-0.010632,-0.012635,-0.000018,-0.000009,-0.000014
2025-12-16 18:17:04.088,0.030605,-0.010628,-0.012586,-0.000019,-0.000009,-0.000014
2025-12-16 18:17:04.089,0.030513,-0.010614,-0.012488,-0.000018,-0.000009,-0.000013
2025-12-16 18:17:04.090,0.030467,-0.010611,-0.012440,-0.000019,-0.000009,-0.000013
2025-12-16 18:17:04.091,0.030424,-0.010611,-0.012395,-0.000019,-0.000009,-0.000013
2025-12-16 18:17:04.092,0.030385,-0.010612,-0.012346,-0.000019,-0.000009,-0.000013
2025-12-16 18:17:04.093,0.030346,-0.010616,-0.012299,-0.000019,-0.000009,-0.000013
2025-12-16 18:17:04.094,0.030313,-0.010619,-0.012261,-0.000019,-0.000009,-0.000013
2025-12-16 18:17:04.096,0.030277,-0.010627,-0.012213,-0.000019,-0.000009,-0.000013
2025-12-16 18:17:04.097,0.030198,-0.010639,-0.012100,-0.000018,-0.000009,-0.000013
2025-12-16 18:17:04.098,0.030159,-0.010648,-0.012041,-0.000019,-0.000009,-0.000013
2025-12-16 18:17:04.099,0.030122,-0.010658,-0.011981,-0.000019,-0.000009,-0.000013
2025-12-16 18:17:04.100,0.030085,-0.010671,-0.011922,-0.000018,-0.000009,-0.000013
2025-12-16 18:17:04.102,0.030049,-0.010683,-0.011866,-0.000018,-0.000009,-0.000013
2025-12-16 18:17:04.103,0.029973,-0.010712,-0.011745,-0.000019,-0.000009,-0.000013
2025-12-16 18:17:04.104,0.029933,-0.010728,-0.011683,-0.000019,-0.000009,-0.000013
2025-12-16 18:17:04.105,0.029898,-0.010742,-0.011630,-0.000018,-0.000009,-0.000013
2025-12-16 18:17:04.106,0.029861,-0.010759,-0.011578,-0.000019,-0.000009,-0.000013
2025-12-16 18:17:04.107,0.029819,-0.010780,-0.011517,-0.000018,-0.000009,-0.000013
2025-12-16 18:17:04.108,0.029782,-0.010800,-0.011462,-0.000018,-0.000009,-0.000013
2025-12-16 18:17:04.109,0.029741,-0.010828,-0.011394,-0.000018,-0.000009,-0.000013
2025-12-16 18:17:04.110,0.029701,-0.010852,-0.011322,-0.000018,-0.000009,-0.000013
2025-12-16 18:17:04.112,0.029623,-0.010912,-0.011178,-0.000018,-0.000009,-0.000013
2025-12-16 18:17:04.113,0.029581,-0.010943,-0.011105,-0.000018,-0.000009,-0.000013
2025-12-16 18:17:04.114,0.029541,-0.010975,-0.011031,-0.000018,-0.000009,-0.000013
2025-12-16 18:17:04.115,0.029500,-0.011005,-0.010958,-0.000019,-0.000009,-0.000013
2025-12-16 18:17:04.116,0.029461,-0.011036,-0.010886,-0.000018,-0.000009,-0.000013
2025-12-16 18:17:04.117,0.029420,-0.011069,-0.010815,-0.000018,-0.000009,-0.000013
2025-12-16 18:17:04.118,0.029382,-0.011103,-0.010742,-0.000018,-0.000009,-0.000013
2025-12-16 18:17:04.120,0.029340,-0.011138,-0.010667,-0.000018,-0.000009,-0.000013
2025-12-16 18:17:04.121,0.029259,-0.011200,-0.010525,-0.000018,-0.000009,-0.000013
2025-12-16 18:17:04.122,0.029213,-0.011234,-0.010441,-0.000018,-0.000009,-0.000013
2025-12-16 18:17:04.123,0.029167,-0.011268,-0.010355,-0.000018,-0.000009,-0.000013
2025-12-16 18:17:04.124,0.029122,-0.011302,-0.010266,-0.000019,-0.000009,-0.000013
2025-12-16 18:17:04.125,0.029072,-0.011335,-0.010177,-0.000018,-0.000009,-0.000013
2025-12-16 18:17:04.126,0.029022,-0.011364,-0.010089,-0.000018,-0.000009,-0.000013
2025-12-16 18:17:04.127,0.028970,-0.011395,-0.009998,-0.000018,-0.000009,-0.000013
2025-12-16 18:17:04.128,0.028913,-0.011422,-0.009907,-0.000018,-0.000009,-0.000013
2025-12-16 18:17:04.130,0.028854,-0.011449,-0.009815,-0.000018,-0.000009,-0.000013
2025-12-16 18:17:04.131,0.028793,-0.011479,-0.009721,-0.000018,-0.000009,-0.000013
2025-12-16 18:17:04.132,0.028734,-0.011507,-0.009626,-0.000018,-0.000009,-0.000013
2025-12-16 18:17:04.135,0.028616,-0.011563,-0.009443,-0.000019,-0.000009,-0.000013
2025-12-16 18:17:04.136,0.028447,-0.011641,-0.009170,-0.000019,-0.000009,-0.000013
2025-12-16 18:17:04.138,0.028391,-0.011663,-0.009075,-0.000020,-0.000009,-0.000013
2025-12-16 18:17:04.139,0.028332,-0.011686,-0.008978,-0.000019,-0.000009,-0.000013
2025-12-16 18:17:04.140,0.028221,-0.011728,-0.008786,-0.000019,-0.000009,-0.000013
2025-12-16 18:17:04.141,0.028169,-0.011753,-0.008695,-0.000018,-0.000009,-0.000013
2025-12-16 18:17:04.142,0.028117,-0.011778,-0.008601,-0.000019,-0.000009,-0.000013
2025-12-16 18:17:04.143,0.028063,-0.011803,-0.008506,-0.000019,-0.000009,-0.000013
2025-12-16 18:17:04.146,0.027919,-0.011891,-0.008231,-0.000018,-0.000009,-0.000013
2025-12-16 18:17:04.149,0.027777,-0.011972,-0.007962,-0.000018,-0.000009,-0.000013
2025-12-16 18:17:04.150,0.027731,-0.011997,-0.007875,-0.000018,-0.000009,-0.000013
2025-12-16 18:17:04.152,0.027678,-0.012022,-0.007788,-0.000018,-0.000009,-0.000013
2025-12-16 18:17:04.153,0.027569,-0.012071,-0.007611,-0.000018,-0.000009,-0.000013
2025-12-16 18:17:04.154,0.027514,-0.012099,-0.007521,-0.000018,-0.000009,-0.000013
2025-12-16 18:17:04.155,0.027461,-0.012127,-0.007435,-0.000018,-0.000009,-0.000013
2025-12-16 18:17:04.156,0.027405,-0.012152,-0.007351,-0.000018,-0.000009,-0.000013
2025-12-16 18:17:04.161,0.027172,-0.012255,-0.007012,-0.000018,-0.000009,-0.000013
2025-12-16 18:17:04.164,0.026919,-0.012343,-0.006675,-0.000018,-0.000009,-0.000012
2025-12-16 18:17:04.165,0.026852,-0.012361,-0.006592,-0.000018,-0.000009,-0.000012
2025-12-16 18:17:04.166,0.026790,-0.012378,-0.006514,-0.000018,-0.000009,-0.000012
2025-12-16 18:17:04.168,0.026728,-0.012395,-0.006430,-0.000018,-0.000009,-0.000012
2025-12-16 18:17:04.169,0.026663,-0.012411,-0.006345,-0.000018,-0.000009,-0.000012
2025-12-16 18:17:04.170,0.026533,-0.012435,-0.006169,-0.000017,-0.000009,-0.000012
2025-12-16 18:17:04.173,0.026407,-0.012455,-0.005994,-0.000017,-0.000008,-0.000012
2025-12-16 18:17:04.174,0.026275,-0.012466,-0.005819,-0.000017,-0.000008,-0.000012
2025-12-16 18:17:04.175,0.026208,-0.012469,-0.005732,-0.000017,-0.000008,-0.000012
2025-12-16 18:17:04.177,0.026143,-0.012470,-0.005644,-0.000017,-0.000008,-0.000012
2025-12-16 18:17:04.178,0.026078,-0.012468,-0.005555,-0.000018,-0.000008,-0.000012
2025-12-16 18:17:04.179,0.025941,-0.012450,-0.005377,-0.000017,-0.000008,-0.000012
2025-12-16 18:17:04.180,0.025870,-0.012439,-0.005285,-0.000018,-0.000008,-0.000012
2025-12-16 18:17:04.181,0.025810,-0.012429,-0.005207,-0.000017,-0.000008,-0.000012
2025-12-16 18:17:04.182,0.025742,-0.012415,-0.005119,-0.000017,-0.000008,-0.000012
2025-12-16 18:17:04.185,0.025521,-0.012350,-0.004854,-0.000017,-0.000008,-0.000012
2025-12-16 18:17:04.186,0.025447,-0.012324,-0.004769,-0.000017,-0.000008,-0.000012
2025-12-16 18:17:04.187,0.025375,-0.012295,-0.004681,-0.000017,-0.000008,-0.000012
2025-12-16 18:17:04.190,0.025164,-0.012210,-0.004426,-0.000017,-0.000008,-0.000012
2025-12-16 18:17:04.191,0.025097,-0.012184,-0.004344,-0.000017,-0.000008,-0.000012
2025-12-16 18:17:04.193,0.025034,-0.012154,-0.004263,-0.000017,-0.000008,-0.000012
2025-12-16 18:17:04.194,0.024925,-0.012104,-0.004117,-0.000017,-0.000008,-0.000012
2025-12-16 18:17:04.195,0.024873,-0.012077,-0.004043,-0.000017,-0.000008,-0.000012
2025-12-16 18:17:04.197,0.024782,-0.012026,-0.003900,-0.000016,-0.000008,-0.000012
2025-12-16 18:17:04.198,0.024740,-0.012004,-0.003831,-0.000017,-0.000008,-0.000012
2025-12-16 18:17:04.199,0.024702,-0.011984,-0.003766,-0.000016,-0.000008,-0.000012
2025-12-16 18:17:04.200,0.024667,-0.011967,-0.003702,-0.000017,-0.000008,-0.000012
2025-12-16 18:17:04.202,0.024608,-0.011938,-0.003592,-0.000017,-0.000008,-0.000012
2025-12-16 18:17:04.204,0.024551,-0.011918,-0.003482,-0.000017,-0.000008,-0.000012
2025-12-16 18:17:04.205,0.024528,-0.011914,-0.003420,-0.000017,-0.000008,-0.000012
2025-12-16 18:17:04.207,0.024480,-0.011916,-0.003307,-0.000017,-0.000008,-0.000012
2025-12-16 18:17:04.208,0.024456,-0.011916,-0.003252,-0.000016,-0.000008,-0.000012
2025-12-16 18:17:04.209,0.024431,-0.011921,-0.003201,-0.000016,-0.000008,-0.000012
2025-12-16 18:17:04.210,0.024405,-0.011926,-0.003150,-0.000016,-0.000008,-0.000012
2025-12-16 18:17:04.212,0.024346,-0.011938,-0.003049,-0.000016,-0.000008,-0.000012
2025-12-16 18:17:04.214,0.024312,-0.011945,-0.002998,-0.000016,-0.000008,-0.000012
2025-12-16 18:17:04.215,0.024235,-0.011965,-0.002897,-0.000016,-0.000008,-0.000012
2025-12-16 18:17:04.216,0.024188,-0.011973,-0.002847,-0.000016,-0.000008,-0.000012
2025-12-16 18:17:04.217,0.024140,-0.011980,-0.002798,-0.000016,-0.000008,-0.000012
2025-12-16 18:17:04.218,0.024092,-0.011988,-0.002746,-0.000016,-0.000008,-0.000012
2025-12-16 18:17:04.219,0.024037,-0.011996,-0.002695,-0.000016,-0.000008,-0.000012
2025-12-16 18:17:04.220,0.023981,-0.012006,-0.002641,-0.000016,-0.000008,-0.000012
2025-12-16 18:17:04.221,0.023926,-0.012012,-0.002583,-0.000016,-0.000008,-0.000012
2025-12-16 18:17:04.222,0.023865,-0.012022,-0.002526,-0.000016,-0.000008,-0.000012
2025-12-16 18:17:04.224,0.023802,-0.012033,-0.002464,-0.000016,-0.000008,-0.000012
2025-12-16 18:17:04.225,0.023738,-0.012044,-0.002396,-0.000016,-0.000008,-0.000012
2025-12-16 18:17:04.226,0.023669,-0.012053,-0.002337,-0.000016,-0.000008,-0.000012
2025-12-16 18:17:04.227,0.023599,-0.012062,-0.002278,-0.000016,-0.000008,-0.000012
2025-12-16 18:17:04.228,0.023531,-0.012074,-0.002218,-0.000016,-0.000008,-0.000012
2025-12-16 18:17:04.230,0.023475,-0.012084,-0.002166,-0.000016,-0.000008,-0.000012
2025-12-16 18:17:04.231,0.023419,-0.012096,-0.002116,-0.000016,-0.000008,-0.000012
2025-12-16 18:17:04.232,0.023354,-0.012107,-0.002052,-0.000016,-0.000008,-0.000012
2025-12-16 18:17:04.233,0.023287,-0.012121,-0.001984,-0.000016,-0.000008,-0.000012
2025-12-16 18:17:04.234,0.023220,-0.012134,-0.001918,-0.000016,-0.000008,-0.000012
2025-12-16 18:17:04.235,0.023019,-0.012171,-0.001719,-0.000015,-0.000007,-0.000012
2025-12-16 18:17:04.237,0.022981,-0.012199,-0.001657,-0.000017,-0.000007,-0.000012
2025-12-16 18:17:04.238,0.022884,-0.012252,-0.001520,-0.000017,-0.000007,-0.000012
2025-12-16 18:17:04.239,0.022834,-0.012280,-0.001445,-0.000017,-0.000007,-0.000012
2025-12-16 18:17:04.240,0.022783,-0.012304,-0.001371,-0.000017,-0.000007,-0.000012
2025-12-16 18:17:04.241,0.022728,-0.012331,-0.001298,-0.000016,-0.000007,-0.000012
2025-12-16 18:17:04.243,0.022679,-0.012360,-0.001223,-0.000016,-0.000007,-0.000012
2025-12-16 18:17:04.244,0.022582,-0.012421,-0.001083,-0.000016,-0.000008,-0.000012
2025-12-16 18:17:04.245,0.022534,-0.012449,-0.001008,-0.000016,-0.000008,-0.000011
2025-12-16 18:17:04.246,0.022487,-0.012479,-0.000937,-0.000015,-0.000008,-0.000011
2025-12-16 18:17:04.247,0.022440,-0.012508,-0.000869,-0.000015,-0.000008,-0.000011
2025-12-16 18:17:04.248,0.022391,-0.012535,-0.000800,-0.000015,-0.000008,-0.000011
2025-12-16 18:17:04.249,0.022337,-0.012558,-0.000729,-0.000015,-0.000007,-0.000011
2025-12-16 18:17:04.250,0.022280,-0.012582,-0.000661,-0.000015,-0.000007,-0.000011
2025-12-16 18:17:04.252,0.022223,-0.012604,-0.000589,-0.000014,-0.000007,-0.000011
2025-12-16 18:17:04.253,0.022110,-0.012646,-0.000450,-0.000015,-0.000007,-0.000011
2025-12-16 18:17:04.254,0.022050,-0.012665,-0.000375,-0.000015,-0.000007,-0.000011
2025-12-16 18:17:04.255,0.021985,-0.012680,-0.000304,-0.000015,-0.000007,-0.000011
2025-12-16 18:17:04.256,0.021922,-0.012695,-0.000232,-0.000015,-0.000007,-0.000011
2025-12-16 18:17:04.257,0.021855,-0.012707,-0.000156,-0.000015,-0.000007,-0.000011
2025-12-16 18:17:04.258,0.021788,-0.012722,-0.000083,-0.000015,-0.000007,-0.000011
2025-12-16 18:17:04.260,0.021720,-0.012735,-0.000013,-0.000015,-0.000007,-0.000011
2025-12-16 18:17:04.261,0.021651,-0.012748,0.000058,-0.000015,-0.000007,-0.000011
2025-12-16 18:17:04.263,0.021519,-0.012774,0.000197,-0.000015,-0.000007,-0.000011
2025-12-16 18:17:04.264,0.021392,-0.012789,0.000326,-0.000015,-0.000007,-0.000011
2025-12-16 18:17:04.265,0.021328,-0.012796,0.000391,-0.000015,-0.000007,-0.000011
2025-12-16 18:17:04.266,0.021269,-0.012804,0.000459,-0.000014,-0.000007,-0.000011
2025-12-16 18:17:04.267,0.021211,-0.012817,0.000525,-0.000014,-0.000007,-0.000011
2025-12-16 18:17:04.268,0.021157,-0.012827,0.000591,-0.000014,-0.000007,-0.000011
2025-12-16 18:17:04.270,0.021111,-0.012835,0.000647,-0.000014,-0.000007,-0.000011
2025-12-16 18:17:04.271,0.021015,-0.012860,0.000777,-0.000015,-0.000007,-0.000011
2025-12-16 18:17:04.272,0.020970,-0.012877,0.000845,-0.000014,-0.000007,-0.000011
2025-12-16 18:17:04.273,0.020926,-0.012890,0.000908,-0.000015,-0.000007,-0.000011
2025-12-16 18:17:04.274,0.020883,-0.012904,0.000969,-0.000014,-0.000007,-0.000011
2025-12-16 18:17:04.275,0.020847,-0.012924,0.001029,-0.000014,-0.000007,-0.000011
2025-12-16 18:17:04.276,0.020811,-0.012943,0.001087,-0.000014,-0.000007,-0.000011
2025-12-16 18:17:04.277,0.020779,-0.012964,0.001142,-0.000014,-0.000007,-0.000011
2025-12-16 18:17:04.279,0.020750,-0.012984,0.001193,-0.000014,-0.000007,-0.000011
2025-12-16 18:17:04.280,0.020692,-0.013028,0.001290,-0.000014,-0.000007,-0.000011
2025-12-16 18:17:04.281,0.020657,-0.013046,0.001335,-0.000014,-0.000007,-0.000011
2025-12-16 18:17:04.282,0.020622,-0.013063,0.001381,-0.000013,-0.000007,-0.000011
2025-12-16 18:17:04.283,0.020590,-0.013080,0.001423,-0.000014,-0.000007,-0.000011
2025-12-16 18:17:04.284,0.020557,-0.013102,0.001468,-0.000013,-0.000007,-0.000011
2025-12-16 18:17:04.286,0.020521,-0.013122,0.001507,-0.000014,-0.000007,-0.000011
2025-12-16 18:17:04.287,0.020481,-0.013138,0.001547,-0.000014,-0.000007,-0.000011
2025-12-16 18:17:04.288,0.020445,-0.013156,0.001587,-0.000014,-0.000007,-0.000011
2025-12-16 18:17:04.289,0.020358,-0.013193,0.001658,-0.000014,-0.000007,-0.000011
2025-12-16 18:17:04.291,0.020311,-0.013207,0.001690,-0.000014,-0.000007,-0.000011
2025-12-16 18:17:04.292,0.020262,-0.013221,0.001725,-0.000014,-0.000007,-0.000011
2025-12-16 18:17:04.293,0.020205,-0.013232,0.001759,-0.000014,-0.000007,-0.000011
2025-12-16 18:17:04.294,0.020087,-0.013255,0.001829,-0.000014,-0.000007,-0.000011
2025-12-16 18:17:04.295,0.020024,-0.013265,0.001863,-0.000014,-0.000007,-0.000011
2025-12-16 18:17:04.297,0.019959,-0.013274,0.001898,-0.000014,-0.000007,-0.000011
2025-12-16 18:17:04.298,0.019892,-0.013281,0.001930,-0.000014,-0.000007,-0.000011
2025-12-16 18:17:04.299,0.019757,-0.013298,0.001998,-0.000013,-0.000007,-0.000011
2025-12-16 18:17:04.300,0.019685,-0.013303,0.002031,-0.000014,-0.000007,-0.000011
2025-12-16 18:17:04.301,0.019620,-0.013309,0.002066,-0.000013,-0.000007,-0.000011
2025-12-16 18:17:04.302,0.019553,-0.013313,0.002101,-0.000014,-0.000007,-0.000011
2025-12-16 18:17:04.303,0.019485,-0.013315,0.002135,-0.000013,-0.000007,-0.000011
2025-12-16 18:17:04.305,0.019426,-0.013315,0.002162,-0.000013,-0.000007,-0.000011
2025-12-16 18:17:04.307,0.019245,-0.013320,0.002274,-0.000013,-0.000007,-0.000011
2025-12-16 18:17:04.309,0.019185,-0.013324,0.002319,-0.000013,-0.000007,-0.000011
2025-12-16 18:17:04.311,0.019076,-0.013322,0.002415,-0.000013,-0.000007,-0.000011
2025-12-16 18:17:04.312,0.018974,-0.013315,0.002506,-0.000013,-0.000007,-0.000011
2025-12-16 18:17:04.313,0.018927,-0.013309,0.002546,-0.000013,-0.000006,-0.000011
2025-12-16 18:17:04.314,0.018883,-0.013301,0.002593,-0.000013,-0.000006,-0.000010
2025-12-16 18:17:04.316,0.018845,-0.013296,0.002640,-0.000013,-0.000007,-0.000010
2025-12-16 18:17:04.317,0.018781,-0.013295,0.002733,-0.000012,-0.000007,-0.000010
2025-12-16 18:17:04.318,0.018753,-0.013292,0.002786,-0.000013,-0.000007,-0.000010
2025-12-16 18:17:04.319,0.018730,-0.013291,0.002835,-0.000013,-0.000007,-0.000010
2025-12-16 18:17:04.321,0.018712,-0.013288,0.002886,-0.000013,-0.000007,-0.000010
2025-12-16 18:17:04.322,0.018696,-0.013286,0.002938,-0.000013,-0.000007,-0.000010
2025-12-16 18:17:04.323,0.018676,-0.013284,0.003045,-0.000012,-0.000007,-0.000010
2025-12-16 18:17:04.324,0.018672,-0.013285,0.003093,-0.000013,-0.000007,-0.000011
2025-12-16 18:17:04.325,0.018670,-0.013287,0.003145,-0.000013,-0.000007,-0.000010
2025-12-16 18:17:04.327,0.018668,-0.013289,0.003190,-0.000013,-0.000007,-0.000011
2025-12-16 18:17:04.328,0.018672,-0.013290,0.003241,-0.000013,-0.000007,-0.000010
2025-12-16 18:17:04.330,0.018685,-0.013298,0.003343,-0.000013,-0.000007,-0.000011
2025-12-16 18:17:04.331,0.018694,-0.013305,0.003395,-0.000013,-0.000007,-0.000011
2025-12-16 18:17:04.332,0.018704,-0.013309,0.003457,-0.000013,-0.000007,-0.000011
2025-12-16 18:17:04.333,0.018719,-0.013319,0.003522,-0.000013,-0.000007,-0.000011
2025-12-16 18:17:04.334,0.018735,-0.013328,0.003588,-0.000013,-0.000007,-0.000011
2025-12-16 18:17:04.336,0.018766,-0.013346,0.003720,-0.000013,-0.000007,-0.000011
2025-12-16 18:17:04.337,0.018781,-0.013355,0.003786,-0.000013,-0.000007,-0.000011
2025-12-16 18:17:04.338,0.018800,-0.013362,0.003910,-0.000014,-0.000007,-0.000011
2025-12-16 18:17:04.340,0.018812,-0.013366,0.003977,-0.000014,-0.000007,-0.000011
2025-12-16 18:17:04.341,0.018823,-0.013368,0.004113,-0.000013,-0.000007,-0.000011
2025-12-16 18:17:04.342,0.018824,-0.013368,0.004179,-0.000013,-0.000007,-0.000011
2025-12-16 18:17:04.343,0.018822,-0.013365,0.004245,-0.000013,-0.000007,-0.000011
2025-12-16 18:17:04.344,0.018814,-0.013358,0.004308,-0.000013,-0.000007,-0.000011
2025-12-16 18:17:04.345,0.018804,-0.013348,0.004371,-0.000014,-0.000007,-0.000011
2025-12-16 18:17:04.346,0.018794,-0.013339,0.004432,-0.000014,-0.000007,-0.000011
2025-12-16 18:17:04.348,0.018779,-0.013331,0.004494,-0.000014,-0.000007,-0.000011
2025-12-16 18:17:04.349,0.018760,-0.013315,0.004554,-0.000014,-0.000007,-0.000011
2025-12-16 18:17:04.350,0.018733,-0.013296,0.004610,-0.000014,-0.000007,-0.000011
2025-12-16 18:17:04.351,0.018675,-0.013259,0.004709,-0.000013,-0.000007,-0.000011
2025-12-16 18:17:04.352,0.018639,-0.013237,0.004760,-0.000013,-0.000007,-0.000011
2025-12-16 18:17:04.354,0.018601,-0.013208,0.004808,-0.000013,-0.000007,-0.000011
2025-12-16 18:17:04.355,0.018517,-0.013150,0.004890,-0.000013,-0.000007,-0.000011
2025-12-16 18:17:04.356,0.018469,-0.013115,0.004922,-0.000013,-0.000007,-0.000011
2025-12-16 18:17:04.358,0.018375,-0.013046,0.004972,-0.000013,-0.000007,-0.000011
2025-12-16 18:17:04.359,0.018323,-0.013005,0.004989,-0.000013,-0.000007,-0.000011
2025-12-16 18:17:04.360,0.018270,-0.012964,0.005003,-0.000013,-0.000007,-0.000011
2025-12-16 18:17:04.361,0.018225,-0.012929,0.005013,-0.000013,-0.000007,-0.000011
2025-12-16 18:17:04.363,0.018173,-0.012887,0.005016,-0.000013,-0.000007,-0.000011
2025-12-16 18:17:04.364,0.018061,-0.012795,0.005005,-0.000013,-0.000007,-0.000010
2025-12-16 18:17:04.365,0.018008,-0.012748,0.004992,-0.000013,-0.000007,-0.000010
2025-12-16 18:17:04.366,0.017952,-0.012698,0.004975,-0.000013,-0.000007,-0.000010
2025-12-16 18:17:04.367,0.017898,-0.012651,0.004958,-0.000013,-0.000007,-0.000010
2025-12-16 18:17:04.368,0.017846,-0.012606,0.004937,-0.000013,-0.000007,-0.000010
2025-12-16 18:17:04.370,0.017799,-0.012568,0.004912,-0.000013,-0.000007,-0.000010
2025-12-16 18:17:04.371,0.017721,-0.012498,0.004868,-0.000012,-0.000007,-0.000010
2025-12-16 18:17:04.372,0.017683,-0.012462,0.004841,-0.000012,-0.000007,-0.000010
2025-12-16 18:17:04.373,0.017651,-0.012429,0.004808,-0.000012,-0.000007,-0.000010
2025-12-16 18:17:04.374,0.017621,-0.012396,0.004772,-0.000012,-0.000007,-0.000010
2025-12-16 18:17:04.376,0.017597,-0.012363,0.004731,-0.000012,-0.000006,-0.000010
2025-12-16 18:17:04.377,0.017565,-0.012314,0.004649,-0.000012,-0.000006,-0.000010
2025-12-16 18:17:04.378,0.017555,-0.012296,0.004609,-0.000012,-0.000006,-0.000010
2025-12-16 18:17:04.379,0.017554,-0.012281,0.004570,-0.000012,-0.000006,-0.000010
2025-12-16 18:17:04.380,0.017558,-0.012272,0.004533,-0.000012,-0.000007,-0.000010
2025-12-16 18:17:04.381,0.017569,-0.012268,0.004496,-0.000012,-0.000007,-0.000010
2025-12-16 18:17:04.382,0.017586,-0.012271,0.004457,-0.000012,-0.000007,-0.000010
2025-12-16 18:17:04.383,0.017606,-0.012275,0.004422,-0.000012,-0.000006,-0.000010
2025-12-16 18:17:04.385,0.017658,-0.012295,0.004354,-0.000012,-0.000006,-0.000010
2025-12-16 18:17:04.386,0.017691,-0.012313,0.004324,-0.000012,-0.000006,-0.000010
2025-12-16 18:17:04.387,0.017727,-0.012332,0.004294,-0.000012,-0.000006,-0.000010
2025-12-16 18:17:04.388,0.017764,-0.012355,0.004263,-0.000012,-0.000007,-0.000010
2025-12-16 18:17:04.389,0.017807,-0.012383,0.004231,-0.000012,-0.000007,-0.000010
2025-12-16 18:17:04.390,0.017850,-0.012412,0.004203,-0.000012,-0.000007,-0.000010
2025-12-16 18:17:04.391,0.017896,-0.012443,0.004175,-0.000012,-0.000007,-0.000010
2025-12-16 18:17:04.393,0.017941,-0.012480,0.004150,-0.000012,-0.000007,-0.000010
2025-12-16 18:17:04.394,0.017986,-0.012513,0.004127,-0.000012,-0.000007,-0.000010
2025-12-16 18:17:04.395,0.018063,-0.012584,0.004084,-0.000012,-0.000007,-0.000010
2025-12-16 18:17:04.396,0.018097,-0.012617,0.004065,-0.000012,-0.000007,-0.000010
2025-12-16 18:17:04.397,0.018130,-0.012651,0.004045,-0.000012,-0.000007,-0.000010
2025-12-16 18:17:04.398,0.018161,-0.012684,0.004025,-0.000012,-0.000007,-0.000011
2025-12-16 18:17:04.401,0.018211,-0.012750,0.003991,-0.000012,-0.000007,-0.000010
2025-12-16 18:17:04.402,0.018242,-0.012807,0.003960,-0.000012,-0.000007,-0.000010
2025-12-16 18:17:04.403,0.018253,-0.012833,0.003951,-0.000012,-0.000007,-0.000010
2025-12-16 18:17:04.404,0.018259,-0.012857,0.003940,-0.000012,-0.000007,-0.000010
2025-12-16 18:17:04.405,0.018262,-0.012881,0.003928,-0.000013,-0.000007,-0.000010
2025-12-16 18:17:04.406,0.018261,-0.012900,0.003921,-0.000013,-0.000007,-0.000010
2025-12-16 18:17:04.407,0.018254,-0.012915,0.003916,-0.000013,-0.000007,-0.000010
2025-12-16 18:17:04.409,0.018246,-0.012926,0.003912,-0.000013,-0.000007,-0.000010
2025-12-16 18:17:04.411,0.018221,-0.012940,0.003908,-0.000013,-0.000007,-0.000010
2025-12-16 18:17:04.412,0.018173,-0.012945,0.003901,-0.000013,-0.000007,-0.000010
2025-12-16 18:17:04.413,0.018147,-0.012945,0.003894,-0.000012,-0.000007,-0.000010
2025-12-16 18:17:04.414,0.018122,-0.012943,0.003889,-0.000012,-0.000007,-0.000010
2025-12-16 18:17:04.415,0.018094,-0.012935,0.003882,-0.000012,-0.000007,-0.000010
2025-12-16 18:17:04.417,0.018063,-0.012928,0.003870,-0.000012,-0.000007,-0.000010
2025-12-16 18:17:04.418,0.017990,-0.012901,0.003850,-0.000012,-0.000007,-0.000010
2025-12-16 18:17:04.419,0.017957,-0.012884,0.003839,-0.000012,-0.000007,-0.000010
2025-12-16 18:17:04.420,0.017918,-0.012860,0.003826,-0.000012,-0.000007,-0.000010
2025-12-16 18:17:04.422,0.017880,-0.012832,0.003813,-0.000012,-0.000006,-0.000010
2025-12-16 18:17:04.423,0.017847,-0.012807,0.003803,-0.000012,-0.000006,-0.000010
2025-12-16 18:17:04.424,0.017784,-0.012751,0.003763,-0.000012,-0.000006,-0.000010
2025-12-16 18:17:04.425,0.017752,-0.012718,0.003745,-0.000012,-0.000006,-0.000010
2025-12-16 18:17:04.426,0.017722,-0.012687,0.003724,-0.000012,-0.000007,-0.000010
2025-12-16 18:17:04.430,0.017649,-0.012567,0.003633,-0.000012,-0.000006,-0.000010
2025-12-16 18:17:04.433,0.017613,-0.012467,0.003550,-0.000012,-0.000006,-0.000010
2025-12-16 18:17:04.434,0.017607,-0.012431,0.003521,-0.000011,-0.000006,-0.000010
2025-12-16 18:17:04.435,0.017607,-0.012404,0.003490,-0.000012,-0.000006,-0.000010
2025-12-16 18:17:04.436,0.017612,-0.012373,0.003462,-0.000012,-0.000006,-0.000010
2025-12-16 18:17:04.438,0.017642,-0.012323,0.003412,-0.000012,-0.000006,-0.000010
2025-12-16 18:17:04.441,0.017719,-0.012280,0.003343,-0.000011,-0.000006,-0.000010
2025-12-16 18:17:04.442,0.017753,-0.012269,0.003324,-0.000011,-0.000006,-0.000010
2025-12-16 18:17:04.443,0.017789,-0.012260,0.003306,-0.000011,-0.000006,-0.000010
2025-12-16 18:17:04.444,0.017826,-0.012252,0.003285,-0.000012,-0.000006,-0.000010
2025-12-16 18:17:04.445,0.017870,-0.012244,0.003263,-0.000012,-0.000006,-0.000010
2025-12-16 18:17:04.446,0.017916,-0.012240,0.003241,-0.000012,-0.000006,-0.000010
2025-12-16 18:17:04.448,0.017960,-0.012235,0.003222,-0.000012,-0.000006,-0.000010
2025-12-16 18:17:04.449,0.018009,-0.012236,0.003205,-0.000012,-0.000007,-0.000010
2025-12-16 18:17:04.450,0.018114,-0.012248,0.003170,-0.000011,-0.000006,-0.000010
2025-12-16 18:17:04.451,0.018165,-0.012256,0.003155,-0.000012,-0.000007,-0.000010
2025-12-16 18:17:04.452,0.018215,-0.012264,0.003139,-0.000011,-0.000007,-0.000010
2025-12-16 18:17:04.453,0.018266,-0.012272,0.003119,-0.000012,-0.000007,-0.000010
2025-12-16 18:17:04.455,0.018316,-0.012281,0.003104,-0.000012,-0.000007,-0.000010
2025-12-16 18:17:04.458,0.018480,-0.012293,0.003042,-0.000012,-0.000007,-0.000010
2025-12-16 18:17:04.459,0.018512,-0.012295,0.003020,-0.000012,-0.000006,-0.000010
2025-12-16 18:17:04.460,0.018541,-0.012295,0.002998,-0.000012,-0.000007,-0.000010
2025-12-16 18:17:04.461,0.018565,-0.012298,0.002974,-0.000012,-0.000007,-0.000010
2025-12-16 18:17:04.463,0.018587,-0.012297,0.002950,-0.000012,-0.000007,-0.000010
2025-12-16 18:17:04.465,0.018618,-0.012291,0.002898,-0.000012,-0.000006,-0.000010
2025-12-16 18:17:04.466,0.018638,-0.012279,0.002843,-0.000012,-0.000006,-0.000010
2025-12-16 18:17:04.467,0.018643,-0.012274,0.002807,-0.000012,-0.000006,-0.000010
2025-12-16 18:17:04.468,0.018644,-0.012263,0.002771,-0.000012,-0.000006,-0.000010
2025-12-16 18:17:04.469,0.018643,-0.012249,0.002733,-0.000012,-0.000006,-0.000010
2025-12-16 18:17:04.471,0.018642,-0.012238,0.002691,-0.000012,-0.000006,-0.000010
2025-12-16 18:17:04.472,0.018639,-0.012224,0.002646,-0.000012,-0.000006,-0.000010
2025-12-16 18:17:04.473,0.018633,-0.012188,0.002559,-0.000012,-0.000006,-0.000010
2025-12-16 18:17:04.474,0.018632,-0.012171,0.002511,-0.000012,-0.000006,-0.000010
2025-12-16 18:17:04.475,0.018633,-0.012159,0.002457,-0.000012,-0.000006,-0.000010
2025-12-16 18:17:04.476,0.018635,-0.012149,0.002403,-0.000012,-0.000006,-0.000010
2025-12-16 18:17:04.477,0.018637,-0.012137,0.002349,-0.000012,-0.000006,-0.000010
2025-12-16 18:17:04.478,0.018639,-0.012123,0.002296,-0.000012,-0.000007,-0.000010
2025-12-16 18:17:04.479,0.018641,-0.012106,0.002246,-0.000012,-0.000007,-0.000010
2025-12-16 18:17:04.481,0.018648,-0.012091,0.002191,-0.000012,-0.000007,-0.000010
2025-12-16 18:17:04.484,0.018715,-0.012055,0.001965,-0.000011,-0.000007,-0.000010
2025-12-16 18:17:04.485,0.018740,-0.012055,0.001907,-0.000011,-0.000007,-0.000010
2025-12-16 18:17:04.486,0.018771,-0.012054,0.001848,-0.000012,-0.000007,-0.000010
2025-12-16 18:17:04.487,0.018808,-0.012057,0.001789,-0.000012,-0.000006,-0.000010
2025-12-16 18:17:04.489,0.018848,-0.012065,0.001729,-0.000012,-0.000006,-0.000010
2025-12-16 18:17:04.490,0.018932,-0.012091,0.001614,-0.000012,-0.000007,-0.000010
2025-12-16 18:17:04.491,0.018982,-0.012107,0.001558,-0.000012,-0.000007,-0.000010
2025-12-16 18:17:04.492,0.019027,-0.012120,0.001512,-0.000012,-0.000006,-0.000010
2025-12-16 18:17:04.494,0.019082,-0.012145,0.001461,-0.000012,-0.000007,-0.000010
2025-12-16 18:17:04.495,0.019208,-0.012208,0.001351,-0.000012,-0.000007,-0.000010
2025-12-16 18:17:04.496,0.019273,-0.012243,0.001298,-0.000012,-0.000006,-0.000010
2025-12-16 18:17:04.497,0.019339,-0.012279,0.001246,-0.000012,-0.000006,-0.000010
2025-12-16 18:17:04.498,0.019418,-0.012329,0.001196,-0.000012,-0.000006,-0.000010
2025-12-16 18:17:04.499,0.019489,-0.012378,0.001147,-0.000012,-0.000006,-0.000010
2025-12-16 18:17:04.501,0.019555,-0.012422,0.001105,-0.000012,-0.000007,-0.000010
2025-12-16 18:17:04.502,0.019687,-0.012516,0.001027,-0.000012,-0.000006,-0.000010
2025-12-16 18:17:04.503,0.019750,-0.012567,0.000989,-0.000012,-0.000006,-0.000010
2025-12-16 18:17:04.504,0.019813,-0.012613,0.000949,-0.000013,-0.000007,-0.000010
2025-12-16 18:17:04.505,0.019869,-0.012660,0.000915,-0.000012,-0.000007,-0.000010
2025-12-16 18:17:04.506,0.019921,-0.012707,0.000880,-0.000013,-0.000007,-0.000011
2025-12-16 18:17:04.508,0.019971,-0.012750,0.000849,-0.000013,-0.000007,-0.000011
2025-12-16 18:17:04.509,0.020019,-0.012792,0.000820,-0.000013,-0.000007,-0.000011
2025-12-16 18:17:04.510,0.020103,-0.012872,0.000765,-0.000013,-0.000007,-0.000011
2025-12-16 18:17:04.511,0.020131,-0.012905,0.000743,-0.000013,-0.000007,-0.000010
2025-12-16 18:17:04.512,0.020156,-0.012936,0.000723,-0.000013,-0.000007,-0.000011
2025-12-16 18:17:04.513,0.020174,-0.012961,0.000707,-0.000013,-0.000007,-0.000011
2025-12-16 18:17:04.514,0.020188,-0.012980,0.000696,-0.000013,-0.000007,-0.000011
2025-12-16 18:17:04.515,0.020203,-0.013001,0.000678,-0.000013,-0.000007,-0.000010
2025-12-16 18:17:04.517,0.020214,-0.013021,0.000658,-0.000013,-0.000007,-0.000011
2025-12-16 18:17:04.518,0.020218,-0.013054,0.000609,-0.000013,-0.000007,-0.000011
2025-12-16 18:17:04.519,0.020216,-0.013063,0.000587,-0.000013,-0.000007,-0.000011
2025-12-16 18:17:04.520,0.020211,-0.013066,0.000565,-0.000013,-0.000007,-0.000011
2025-12-16 18:17:04.521,0.020201,-0.013068,0.000546,-0.000013,-0.000007,-0.000011
2025-12-16 18:17:04.523,0.020189,-0.013069,0.000528,-0.000013,-0.000007,-0.000011
2025-12-16 18:17:04.524,0.020177,-0.013067,0.000511,-0.000013,-0.000007,-0.000011
2025-12-16 18:17:04.525,0.020167,-0.013063,0.000498,-0.000013,-0.000007,-0.000011
2025-12-16 18:17:04.526,0.020149,-0.013053,0.000455,-0.000013,-0.000006,-0.000011
2025-12-16 18:17:04.528,0.020124,-0.013033,0.000417,-0.000013,-0.000006,-0.000011
2025-12-16 18:17:04.529,0.020113,-0.013024,0.000394,-0.000014,-0.000006,-0.000011
2025-12-16 18:17:04.530,0.020103,-0.013014,0.000372,-0.000013,-0.000006,-0.000011
2025-12-16 18:17:04.531,0.020095,-0.013001,0.000339,-0.000013,-0.000006,-0.000011
2025-12-16 18:17:04.533,0.020089,-0.012990,0.000305,-0.000013,-0.000006,-0.000010
2025-12-16 18:17:04.534,0.020089,-0.012971,0.000239,-0.000013,-0.000006,-0.000010
2025-12-16 18:17:04.536,0.020094,-0.012961,0.000201,-0.000013,-0.000006,-0.000010
2025-12-16 18:17:04.537,0.020107,-0.012946,0.000135,-0.000013,-0.000006,-0.000010
2025-12-16 18:17:04.538,0.020125,-0.012939,0.000093,-0.000013,-0.000006,-0.000010
2025-12-16 18:17:04.539,0.020150,-0.012934,0.000051,-0.000013,-0.000006,-0.000010
2025-12-16 18:17:04.541,0.020177,-0.012929,0.000006,-0.000013,-0.000006,-0.000010
2025-12-16 18:17:04.542,0.020246,-0.012928,-0.000085,-0.000013,-0.000006,-0.000010
2025-12-16 18:17:04.543,0.020288,-0.012930,-0.000134,-0.000013,-0.000006,-0.000010
2025-12-16 18:17:04.545,0.020329,-0.012932,-0.000178,-0.000013,-0.000006,-0.000010
2025-12-16 18:17:04.546,0.020411,-0.012940,-0.000258,-0.000013,-0.000006,-0.000011
2025-12-16 18:17:04.547,0.020466,-0.012950,-0.000305,-0.000013,-0.000006,-0.000011
2025-12-16 18:17:04.548,0.020525,-0.012964,-0.000351,-0.000013,-0.000006,-0.000011
2025-12-16 18:17:04.550,0.020647,-0.013001,-0.000449,-0.000013,-0.000006,-0.000011
2025-12-16 18:17:04.551,0.020710,-0.013021,-0.000493,-0.000014,-0.000007,-0.000011
2025-12-16 18:17:04.552,0.020776,-0.013040,-0.000536,-0.000013,-0.000007,-0.000011
2025-12-16 18:17:04.554,0.020838,-0.013063,-0.000578,-0.000013,-0.000007,-0.000011
2025-12-16 18:17:04.555,0.020901,-0.013088,-0.000618,-0.000013,-0.000007,-0.000011
2025-12-16 18:17:04.556,0.021027,-0.013144,-0.000687,-0.000014,-0.000007,-0.000011
2025-12-16 18:17:04.558,0.021150,-0.013204,-0.000746,-0.000014,-0.000007,-0.000011
2025-12-16 18:17:04.560,0.021260,-0.013270,-0.000803,-0.000014,-0.000007,-0.000011
2025-12-16 18:17:04.562,0.021310,-0.013303,-0.000831,-0.000014,-0.000007,-0.000011
2025-12-16 18:17:04.563,0.021360,-0.013336,-0.000856,-0.000014,-0.000007,-0.000011
2025-12-16 18:17:04.564,0.021448,-0.013401,-0.000901,-0.000014,-0.000007,-0.000011
2025-12-16 18:17:04.565,0.021486,-0.013430,-0.000924,-0.000014,-0.000007,-0.000011
2025-12-16 18:17:04.566,0.021521,-0.013462,-0.000945,-0.000014,-0.000007,-0.000011
2025-12-16 18:17:04.567,0.021553,-0.013495,-0.000964,-0.000014,-0.000007,-0.000011
2025-12-16 18:17:04.568,0.021581,-0.013524,-0.000983,-0.000015,-0.000007,-0.000011
2025-12-16 18:17:04.570,0.021634,-0.013578,-0.001023,-0.000015,-0.000007,-0.000011
2025-12-16 18:17:04.571,0.021660,-0.013607,-0.001042,-0.000015,-0.000007,-0.000011
2025-12-16 18:17:04.572,0.021680,-0.013636,-0.001064,-0.000014,-0.000007,-0.000011
2025-12-16 18:17:04.573,0.021702,-0.013665,-0.001088,-0.000014,-0.000007,-0.000011
2025-12-16 18:17:04.575,0.021737,-0.013720,-0.001138,-0.000014,-0.000007,-0.000011
2025-12-16 18:17:04.576,0.021755,-0.013746,-0.001166,-0.000015,-0.000007,-0.000011
2025-12-16 18:17:04.577,0.021771,-0.013771,-0.001198,-0.000015,-0.000007,-0.000011
2025-12-16 18:17:04.578,0.021786,-0.013795,-0.001235,-0.000015,-0.000007,-0.000011
2025-12-16 18:17:04.579,0.021800,-0.013819,-0.001275,-0.000015,-0.000007,-0.000011
2025-12-16 18:17:04.581,0.021815,-0.013843,-0.001313,-0.000015,-0.000007,-0.000011
2025-12-16 18:17:04.582,0.021831,-0.013869,-0.001354,-0.000016,-0.000007,-0.000011
2025-12-16 18:17:04.584,0.021872,-0.013935,-0.001485,-0.000015,-0.000007,-0.000011
2025-12-16 18:17:04.585,0.021886,-0.013954,-0.001522,-0.000015,-0.000007,-0.000011
2025-12-16 18:17:04.586,0.021903,-0.013978,-0.001564,-0.000015,-0.000007,-0.000011
2025-12-16 18:17:04.587,0.021921,-0.014002,-0.001614,-0.000015,-0.000007,-0.000011
2025-12-16 18:17:04.589,0.021940,-0.014026,-0.001667,-0.000015,-0.000007,-0.000011
2025-12-16 18:17:04.590,0.021982,-0.014073,-0.001780,-0.000015,-0.000007,-0.000011
2025-12-16 18:17:04.591,0.021999,-0.014094,-0.001838,-0.000015,-0.000007,-0.000011
2025-12-16 18:17:04.593,0.022016,-0.014113,-0.001896,-0.000016,-0.000007,-0.000011
2025-12-16 18:17:04.594,0.022057,-0.014149,-0.002015,-0.000015,-0.000007,-0.000011
2025-12-16 18:17:04.595,0.022079,-0.014168,-0.002079,-0.000016,-0.000007,-0.000011
2025-12-16 18:17:04.596,0.022099,-0.014183,-0.002140,-0.000016,-0.000007,-0.000011
2025-12-16 18:17:04.597,0.022118,-0.014197,-0.002200,-0.000016,-0.000007,-0.000011
2025-12-16 18:17:04.598,0.022144,-0.014210,-0.002256,-0.000015,-0.000007,-0.000011
2025-12-16 18:17:04.600,0.022168,-0.014221,-0.002310,-0.000015,-0.000006,-0.000011
2025-12-16 18:17:04.601,0.022209,-0.014231,-0.002411,-0.000015,-0.000007,-0.000011
2025-12-16 18:17:04.602,0.022234,-0.014238,-0.002459,-0.000015,-0.000006,-0.000011
2025-12-16 18:17:04.603,0.022264,-0.014244,-0.002511,-0.000015,-0.000006,-0.000011
2025-12-16 18:17:04.605,0.022296,-0.014251,-0.002563,-0.000015,-0.000007,-0.000011
2025-12-16 18:17:04.606,0.022366,-0.014258,-0.002661,-0.000015,-0.000006,-0.000011
2025-12-16 18:17:04.607,0.022407,-0.014259,-0.002709,-0.000016,-0.000007,-0.000011
2025-12-16 18:17:04.608,0.022452,-0.014261,-0.002758,-0.000015,-0.000006,-0.000011
2025-12-16 18:17:04.609,0.022495,-0.014261,-0.002799,-0.000016,-0.000007,-0.000011
2025-12-16 18:17:04.610,0.022540,-0.014264,-0.002839,-0.000016,-0.000007,-0.000011
2025-12-16 18:17:04.612,0.022588,-0.014267,-0.002877,-0.000016,-0.000006,-0.000011
2025-12-16 18:17:04.613,0.022693,-0.014274,-0.002947,-0.000016,-0.000006,-0.000011
2025-12-16 18:17:04.614,0.022751,-0.014277,-0.002980,-0.000016,-0.000007,-0.000011
2025-12-16 18:17:04.616,0.022883,-0.014289,-0.003040,-0.000016,-0.000007,-0.000011
2025-12-16 18:17:04.617,0.022950,-0.014295,-0.003070,-0.000016,-0.000007,-0.000011
2025-12-16 18:17:04.618,0.023016,-0.014301,-0.003100,-0.000016,-0.000007,-0.000011
2025-12-16 18:17:04.620,0.023146,-0.014317,-0.003155,-0.000016,-0.000007,-0.000011
2025-12-16 18:17:04.622,0.023272,-0.014333,-0.003206,-0.000016,-0.000007,-0.000011
2025-12-16 18:17:04.623,0.023334,-0.014342,-0.003229,-0.000016,-0.000007,-0.000011
2025-12-16 18:17:04.624,0.023391,-0.014350,-0.003255,-0.000016,-0.000007,-0.000011
2025-12-16 18:17:04.626,0.023446,-0.014359,-0.003275,-0.000016,-0.000007,-0.000012
2025-12-16 18:17:04.627,0.023549,-0.014369,-0.003324,-0.000017,-0.000007,-0.000012
2025-12-16 18:17:04.628,0.023591,-0.014371,-0.003346,-0.000016,-0.000007,-0.000012
2025-12-16 18:17:04.629,0.023628,-0.014374,-0.003371,-0.000016,-0.000007,-0.000012
2025-12-16 18:17:04.630,0.023662,-0.014372,-0.003394,-0.000016,-0.000007,-0.000012
2025-12-16 18:17:04.632,0.023691,-0.014370,-0.003417,-0.000016,-0.000007,-0.000012
2025-12-16 18:17:04.633,0.023730,-0.014362,-0.003459,-0.000016,-0.000007,-0.000012
2025-12-16 18:17:04.634,0.023743,-0.014356,-0.003476,-0.000016,-0.000007,-0.000012
2025-12-16 18:17:04.636,0.023749,-0.014348,-0.003495,-0.000017,-0.000007,-0.000012
2025-12-16 18:17:04.637,0.023757,-0.014326,-0.003524,-0.000016,-0.000007,-0.000012
2025-12-16 18:17:04.638,0.023755,-0.014317,-0.003539,-0.000017,-0.000007,-0.000012
2025-12-16 18:17:04.640,0.023749,-0.014305,-0.003552,-0.000016,-0.000007,-0.000012
2025-12-16 18:17:04.642,0.023742,-0.014290,-0.003565,-0.000017,-0.000007,-0.000012
2025-12-16 18:17:04.643,0.023734,-0.014276,-0.003579,-0.000017,-0.000007,-0.000012
2025-12-16 18:17:04.644,0.023713,-0.014243,-0.003603,-0.000016,-0.000007,-0.000012
2025-12-16 18:17:04.645,0.023705,-0.014221,-0.003612,-0.000016,-0.000007,-0.000012
2025-12-16 18:17:04.646,0.023697,-0.014202,-0.003622,-0.000016,-0.000007,-0.000012
2025-12-16 18:17:04.647,0.023689,-0.014186,-0.003628,-0.000017,-0.000007,-0.000012
2025-12-16 18:17:04.648,0.023681,-0.014170,-0.003638,-0.000016,-0.000007,-0.000012
2025-12-16 18:17:04.649,0.023680,-0.014156,-0.003647,-0.000016,-0.000006,-0.000012
2025-12-16 18:17:04.651,0.023676,-0.014112,-0.003675,-0.000017,-0.000006,-0.000012
2025-12-16 18:17:04.653,0.023702,-0.014106,-0.003683,-0.000017,-0.000006,-0.000012
2025-12-16 18:17:04.656,0.023770,-0.014088,-0.003714,-0.000017,-0.000007,-0.000012
2025-12-16 18:17:04.657,0.023815,-0.014086,-0.003733,-0.000016,-0.000007,-0.000012
2025-12-16 18:17:04.659,0.023841,-0.014084,-0.003742,-0.000017,-0.000007,-0.000012
2025-12-16 18:17:04.660,0.023895,-0.014086,-0.003754,-0.000016,-0.000007,-0.000012
2025-12-16 18:17:04.661,0.023921,-0.014091,-0.003761,-0.000016,-0.000007,-0.000012
2025-12-16 18:17:04.663,0.023974,-0.014107,-0.003777,-0.000016,-0.000007,-0.000012
2025-12-16 18:17:04.665,0.024010,-0.014123,-0.003787,-0.000016,-0.000007,-0.000012
2025-12-16 18:17:04.666,0.024086,-0.014160,-0.003806,-0.000017,-0.000007,-0.000012
2025-12-16 18:17:04.667,0.024120,-0.014176,-0.003812,-0.000017,-0.000007,-0.000012
2025-12-16 18:17:04.668,0.024152,-0.014194,-0.003819,-0.000016,-0.000007,-0.000012
2025-12-16 18:17:04.669,0.024179,-0.014212,-0.003822,-0.000016,-0.000007,-0.000012
2025-12-16 18:17:04.670,0.024201,-0.014231,-0.003824,-0.000016,-0.000007,-0.000012
2025-12-16 18:17:04.671,0.024217,-0.014248,-0.003825,-0.000017,-0.000007,-0.000012
2025-12-16 18:17:04.673,0.024232,-0.014266,-0.003821,-0.000016,-0.000007,-0.000012
2025-12-16 18:17:04.674,0.024272,-0.014326,-0.003801,-0.000017,-0.000007,-0.000012
2025-12-16 18:17:04.675,0.024293,-0.014357,-0.003792,-0.000017,-0.000007,-0.000012
2025-12-16 18:17:04.676,0.024314,-0.014387,-0.003782,-0.000017,-0.000007,-0.000012
2025-12-16 18:17:04.677,0.024337,-0.014417,-0.003771,-0.000017,-0.000007,-0.000012
2025-12-16 18:17:04.678,0.024358,-0.014448,-0.003755,-0.000017,-0.000007,-0.000012
2025-12-16 18:17:04.683,0.024420,-0.014539,-0.003693,-0.000017,-0.000007,-0.000012
2025-12-16 18:17:04.684,0.024451,-0.014586,-0.003665,-0.000017,-0.000007,-0.000012
2025-12-16 18:17:04.687,0.024484,-0.014635,-0.003632,-0.000017,-0.000007,-0.000012
2025-12-16 18:17:04.688,0.024520,-0.014678,-0.003596,-0.000017,-0.000007,-0.000012
2025-12-16 18:17:04.689,0.024537,-0.014693,-0.003579,-0.000017,-0.000007,-0.000012
2025-12-16 18:17:04.690,0.024556,-0.014708,-0.003565,-0.000017,-0.000008,-0.000012
2025-12-16 18:17:04.692,0.024574,-0.014718,-0.003553,-0.000017,-0.000008,-0.000012
2025-12-16 18:17:04.693,0.024590,-0.014729,-0.003542,-0.000017,-0.000008,-0.000012
2025-12-16 18:17:04.696,0.024628,-0.014749,-0.003515,-0.000017,-0.000008,-0.000012
2025-12-16 18:17:04.697,0.024652,-0.014760,-0.003502,-0.000017,-0.000008,-0.000012
2025-12-16 18:17:04.698,0.024660,-0.014761,-0.003503,-0.000017,-0.000007,-0.000012
2025-12-16 18:17:04.700,0.024679,-0.014759,-0.003514,-0.000017,-0.000008,-0.000012
2025-12-16 18:17:04.703,0.024690,-0.014756,-0.003517,-0.000017,-0.000007,-0.000012
2025-12-16 18:17:04.704,0.024699,-0.014742,-0.003536,-0.000018,-0.000007,-0.000012
2025-12-16 18:17:04.705,0.024705,-0.014735,-0.003546,-0.000018,-0.000007,-0.000012
2025-12-16 18:17:04.706,0.024709,-0.014725,-0.003557,-0.000018,-0.000007,-0.000012
2025-12-16 18:17:04.710,0.024726,-0.014675,-0.003624,-0.000017,-0.000007,-0.000012
2025-12-16 18:17:04.711,0.024732,-0.014662,-0.003643,-0.000017,-0.000007,-0.000012
2025-12-16 18:17:04.712,0.024740,-0.014646,-0.003662,-0.000017,-0.000007,-0.000012
2025-12-16 18:17:04.713,0.024754,-0.014630,-0.003680,-0.000018,-0.000007,-0.000012
2025-12-16 18:17:04.715,0.024787,-0.014593,-0.003716,-0.000017,-0.000007,-0.000012
2025-12-16 18:17:04.717,0.024831,-0.014559,-0.003758,-0.000018,-0.000008,-0.000012
2025-12-16 18:17:04.718,0.024857,-0.014547,-0.003777,-0.000018,-0.000008,-0.000012
2025-12-16 18:17:04.719,0.024884,-0.014536,-0.003798,-0.000018,-0.000008,-0.000012
2025-12-16 18:17:04.720,0.024916,-0.014524,-0.003816,-0.000018,-0.000008,-0.000012
2025-12-16 18:17:04.721,0.024950,-0.014515,-0.003834,-0.000018,-0.000008,-0.000012
2025-12-16 18:17:04.723,0.024984,-0.014506,-0.003852,-0.000018,-0.000008,-0.000012
2025-12-16 18:17:04.724,0.025024,-0.014502,-0.003866,-0.000017,-0.000007,-0.000012
2025-12-16 18:17:04.725,0.025068,-0.014494,-0.003879,-0.000017,-0.000008,-0.000012
2025-12-16 18:17:04.726,0.025110,-0.014489,-0.003890,-0.000017,-0.000008,-0.000012
2025-12-16 18:17:04.727,0.025153,-0.014488,-0.003900,-0.000017,-0.000008,-0.000012
2025-12-16 18:17:04.728,0.025200,-0.014490,-0.003912,-0.000017,-0.000008,-0.000012
2025-12-16 18:17:04.729,0.025247,-0.014493,-0.003921,-0.000018,-0.000008,-0.000012
2025-12-16 18:17:04.731,0.025388,-0.014502,-0.003946,-0.000018,-0.000008,-0.000012
2025-12-16 18:17:04.732,0.025426,-0.014517,-0.003936,-0.000020,-0.000008,-0.000012
2025-12-16 18:17:04.734,0.025504,-0.014548,-0.003925,-0.000020,-0.000007,-0.000012
2025-12-16 18:17:04.735,0.025540,-0.014565,-0.003920,-0.000020,-0.000007,-0.000012
2025-12-16 18:17:04.736,0.025573,-0.014576,-0.003914,-0.000019,-0.000008,-0.000012
2025-12-16 18:17:04.739,0.025627,-0.014600,-0.003893,-0.000019,-0.000008,-0.000012
2025-12-16 18:17:04.740,0.025661,-0.014622,-0.003859,-0.000019,-0.000008,-0.000012
2025-12-16 18:17:04.741,0.025672,-0.014635,-0.003840,-0.000019,-0.000008,-0.000012
2025-12-16 18:17:04.742,0.025681,-0.014645,-0.003821,-0.000018,-0.000008,-0.000012
2025-12-16 18:17:04.743,0.025688,-0.014654,-0.003800,-0.000019,-0.000008,-0.000012
2025-12-16 18:17:04.745,0.025691,-0.014662,-0.003777,-0.000019,-0.000008,-0.000012
2025-12-16 18:17:04.746,0.025686,-0.014677,-0.003729,-0.000019,-0.000008,-0.000012
2025-12-16 18:17:04.747,0.025677,-0.014681,-0.003701,-0.000019,-0.000008,-0.000012
2025-12-16 18:17:04.748,0.025668,-0.014683,-0.003675,-0.000019,-0.000007,-0.000012
2025-12-16 18:17:04.749,0.025656,-0.014685,-0.003648,-0.000019,-0.000008,-0.000012
2025-12-16 18:17:04.751,0.025645,-0.014685,-0.003624,-0.000019,-0.000007,-0.000012
2025-12-16 18:17:04.752,0.025619,-0.014681,-0.003568,-0.000019,-0.000007,-0.000012
2025-12-16 18:17:04.753,0.025603,-0.014676,-0.003543,-0.000019,-0.000007,-0.000012
2025-12-16 18:17:04.754,0.025590,-0.014672,-0.003523,-0.000019,-0.000007,-0.000012
2025-12-16 18:17:04.756,0.025580,-0.014665,-0.003497,-0.000019,-0.000007,-0.000012
2025-12-16 18:17:04.757,0.025568,-0.014662,-0.003470,-0.000019,-0.000008,-0.000012
2025-12-16 18:17:04.758,0.025545,-0.014654,-0.003415,-0.000019,-0.000008,-0.000012
2025-12-16 18:17:04.759,0.025533,-0.014648,-0.003392,-0.000019,-0.000007,-0.000012
2025-12-16 18:17:04.760,0.025522,-0.014642,-0.003375,-0.000019,-0.000007,-0.000012
2025-12-16 18:17:04.761,0.025510,-0.014635,-0.003353,-0.000019,-0.000007,-0.000012
2025-12-16 18:17:04.763,0.025494,-0.014627,-0.003328,-0.000019,-0.000007,-0.000012
2025-12-16 18:17:04.764,0.025457,-0.014607,-0.003279,-0.000019,-0.000007,-0.000012
2025-12-16 18:17:04.765,0.025435,-0.014595,-0.003255,-0.000019,-0.000008,-0.000012
2025-12-16 18:17:04.766,0.025412,-0.014583,-0.003231,-0.000019,-0.000008,-0.000012
2025-12-16 18:17:04.767,0.025390,-0.014572,-0.003209,-0.000019,-0.000008,-0.000012
2025-12-16 18:17:04.769,0.025365,-0.014555,-0.003187,-0.000019,-0.000008,-0.000012
2025-12-16 18:17:04.770,0.025315,-0.014522,-0.003146,-0.000019,-0.000008,-0.000012
2025-12-16 18:17:04.771,0.025287,-0.014507,-0.003125,-0.000019,-0.000008,-0.000012
2025-12-16 18:17:04.772,0.025255,-0.014494,-0.003106,-0.000019,-0.000008,-0.000012
2025-12-16 18:17:04.773,0.025223,-0.014480,-0.003084,-0.000019,-0.000008,-0.000012
2025-12-16 18:17:04.775,0.025187,-0.014463,-0.003063,-0.000018,-0.000008,-0.000012
2025-12-16 18:17:04.776,0.025121,-0.014437,-0.003017,-0.000019,-0.000008,-0.000012
2025-12-16 18:17:04.777,0.025088,-0.014423,-0.002997,-0.000019,-0.000008,-0.000012
2025-12-16 18:17:04.778,0.025056,-0.014406,-0.002974,-0.000018,-0.000008,-0.000012
2025-12-16 18:17:04.779,0.025027,-0.014393,-0.002949,-0.000019,-0.000008,-0.000012
2025-12-16 18:17:04.780,0.025000,-0.014383,-0.002929,-0.000019,-0.000008,-0.000012
2025-12-16 18:17:04.782,0.024974,-0.014370,-0.002910,-0.000019,-0.000008,-0.000012
2025-12-16 18:17:04.783,0.024930,-0.014350,-0.002871,-0.000019,-0.000008,-0.000012
2025-12-16 18:17:04.784,0.024915,-0.014345,-0.002846,-0.000018,-0.000008,-0.000012
2025-12-16 18:17:04.785,0.024904,-0.014343,-0.002822,-0.000018,-0.000007,-0.000012
2025-12-16 18:17:04.786,0.024896,-0.014341,-0.002795,-0.000018,-0.000007,-0.000012
2025-12-16 18:17:04.787,0.024890,-0.014341,-0.002774,-0.000018,-0.000008,-0.000012
2025-12-16 18:17:04.789,0.024887,-0.014343,-0.002756,-0.000018,-0.000007,-0.000012
2025-12-16 18:17:04.790,0.024885,-0.014346,-0.002734,-0.000018,-0.000007,-0.000012
2025-12-16 18:17:04.791,0.024885,-0.014349,-0.002715,-0.000018,-0.000008,-0.000012
2025-12-16 18:17:04.792,0.024892,-0.014362,-0.002677,-0.000019,-0.000008,-0.000012
2025-12-16 18:17:04.793,0.024899,-0.014370,-0.002660,-0.000018,-0.000008,-0.000012
2025-12-16 18:17:04.794,0.024907,-0.014380,-0.002643,-0.000018,-0.000008,-0.000012
2025-12-16 18:17:04.795,0.024914,-0.014392,-0.002630,-0.000019,-0.000008,-0.000012
2025-12-16 18:17:04.797,0.024922,-0.014400,-0.002617,-0.000018,-0.000008,-0.000012
2025-12-16 18:17:04.798,0.024940,-0.014423,-0.002590,-0.000018,-0.000008,-0.000012
2025-12-16 18:17:04.799,0.024948,-0.014435,-0.002579,-0.000018,-0.000008,-0.000012
2025-12-16 18:17:04.800,0.024952,-0.014443,-0.002568,-0.000018,-0.000008,-0.000012
2025-12-16 18:17:04.801,0.024957,-0.014454,-0.002561,-0.000018,-0.000008,-0.000012
2025-12-16 18:17:04.803,0.024961,-0.014466,-0.002552,-0.000018,-0.000008,-0.000012
2025-12-16 18:17:04.804,0.024956,-0.014485,-0.002539,-0.000018,-0.000008,-0.000012
2025-12-16 18:17:04.805,0.024952,-0.014489,-0.002533,-0.000019,-0.000008,-0.000012
2025-12-16 18:17:04.806,0.024944,-0.014494,-0.002533,-0.000019,-0.000008,-0.000012
2025-12-16 18:17:04.807,0.024932,-0.014495,-0.002531,-0.000018,-0.000008,-0.000012
2025-12-16 18:17:04.809,0.024898,-0.014495,-0.002535,-0.000018,-0.000007,-0.000012
2025-12-16 18:17:04.810,0.024883,-0.014493,-0.002540,-0.000018,-0.000008,-0.000012
2025-12-16 18:17:04.811,0.024872,-0.014492,-0.002543,-0.000018,-0.000007,-0.000012
2025-12-16 18:17:04.812,0.024857,-0.014486,-0.002548,-0.000018,-0.000007,-0.000012
2025-12-16 18:17:04.813,0.024839,-0.014478,-0.002555,-0.000018,-0.000008,-0.000012
2025-12-16 18:17:04.814,0.024819,-0.014469,-0.002565,-0.000018,-0.000007,-0.000012
2025-12-16 18:17:04.816,0.024776,-0.014445,-0.002586,-0.000018,-0.000008,-0.000012
2025-12-16 18:17:04.817,0.024757,-0.014433,-0.002600,-0.000018,-0.000008,-0.000012
2025-12-16 18:17:04.819,0.024738,-0.014419,-0.002614,-0.000018,-0.000008,-0.000012
2025-12-16 18:17:04.820,0.024722,-0.014402,-0.002629,-0.000018,-0.000008,-0.000012
2025-12-16 18:17:04.821,0.024707,-0.014381,-0.002643,-0.000018,-0.000008,-0.000012
2025-12-16 18:17:04.822,0.024695,-0.014362,-0.002654,-0.000018,-0.000008,-0.000012
2025-12-16 18:17:04.823,0.024684,-0.014345,-0.002667,-0.000018,-0.000008,-0.000012
2025-12-16 18:17:04.824,0.024675,-0.014326,-0.002682,-0.000018,-0.000008,-0.000012
2025-12-16 18:17:04.825,0.024669,-0.014308,-0.002696,-0.000018,-0.000008,-0.000012
2025-12-16 18:17:04.826,0.024659,-0.014292,-0.002709,-0.000018,-0.000008,-0.000012
2025-12-16 18:17:04.829,0.024654,-0.014254,-0.002735,-0.000018,-0.000008,-0.000012
2025-12-16 18:17:04.830,0.024658,-0.014225,-0.002751,-0.000018,-0.000008,-0.000012
2025-12-16 18:17:04.831,0.024666,-0.014199,-0.002767,-0.000019,-0.000008,-0.000012
2025-12-16 18:17:04.832,0.024679,-0.014194,-0.002772,-0.000019,-0.000008,-0.000012
2025-12-16 18:17:04.833,0.024694,-0.014188,-0.002779,-0.000020,-0.000008,-0.000012
2025-12-16 18:17:04.834,0.024707,-0.014182,-0.002784,-0.000019,-0.000008,-0.000012
2025-12-16 18:17:04.836,0.024727,-0.014183,-0.002787,-0.000019,-0.000008,-0.000012
2025-12-16 18:17:04.837,0.024748,-0.014184,-0.002786,-0.000019,-0.000007,-0.000012
2025-12-16 18:17:04.838,0.024792,-0.014189,-0.002779,-0.000019,-0.000008,-0.000012
2025-12-16 18:17:04.839,0.024814,-0.014199,-0.002775,-0.000018,-0.000008,-0.000012
2025-12-16 18:17:04.840,0.024838,-0.014212,-0.002771,-0.000018,-0.000008,-0.000012
2025-12-16 18:17:04.841,0.024862,-0.014225,-0.002763,-0.000018,-0.000008,-0.000012
2025-12-16 18:17:04.842,0.024890,-0.014242,-0.002752,-0.000019,-0.000008,-0.000012
2025-12-16 18:17:04.843,0.024919,-0.014260,-0.002741,-0.000019,-0.000008,-0.000012
2025-12-16 18:17:04.844,0.024947,-0.014276,-0.002726,-0.000019,-0.000008,-0.000012
2025-12-16 18:17:04.846,0.024978,-0.014300,-0.002711,-0.000019,-0.000008,-0.000012
2025-12-16 18:17:04.847,0.025011,-0.014325,-0.002696,-0.000019,-0.000008,-0.000012
2025-12-16 18:17:04.848,0.025082,-0.014370,-0.002670,-0.000018,-0.000008,-0.000012
2025-12-16 18:17:04.849,0.025122,-0.014393,-0.002658,-0.000018,-0.000008,-0.000012
2025-12-16 18:17:04.850,0.025165,-0.014416,-0.002650,-0.000019,-0.000008,-0.000012
2025-12-16 18:17:04.851,0.025204,-0.014437,-0.002648,-0.000019,-0.000008,-0.000012
2025-12-16 18:17:04.852,0.025243,-0.014458,-0.002644,-0.000019,-0.000008,-0.000012
2025-12-16 18:17:04.853,0.025284,-0.014481,-0.002636,-0.000019,-0.000008,-0.000012
2025-12-16 18:17:04.854,0.025322,-0.014501,-0.002630,-0.000019,-0.000008,-0.000012
2025-12-16 18:17:04.856,0.025358,-0.014519,-0.002625,-0.000019,-0.000008,-0.000012
2025-12-16 18:17:04.857,0.025391,-0.014538,-0.002623,-0.000019,-0.000008,-0.000012
2025-12-16 18:17:04.858,0.025459,-0.014577,-0.002616,-0.000020,-0.000008,-0.000012
2025-12-16 18:17:04.859,0.025488,-0.014589,-0.002611,-0.000019,-0.000008,-0.000012
2025-12-16 18:17:04.860,0.025515,-0.014599,-0.002606,-0.000019,-0.000008,-0.000012
2025-12-16 18:17:04.861,0.025537,-0.014608,-0.002603,-0.000019,-0.000008,-0.000012
2025-12-16 18:17:04.862,0.025553,-0.014615,-0.002602,-0.000019,-0.000008,-0.000012
2025-12-16 18:17:04.865,0.025570,-0.014624,-0.002609,-0.000019,-0.000008,-0.000012
2025-12-16 18:17:04.866,0.025565,-0.014622,-0.002612,-0.000019,-0.000008,-0.000012
2025-12-16 18:17:04.867,0.025536,-0.014609,-0.002616,-0.000020,-0.000008,-0.000012
2025-12-16 18:17:04.868,0.025513,-0.014597,-0.002619,-0.000020,-0.000008,-0.000012
2025-12-16 18:17:04.869,0.025480,-0.014576,-0.002619,-0.000020,-0.000008,-0.000012
2025-12-16 18:17:04.870,0.025439,-0.014552,-0.002620,-0.000019,-0.000008,-0.000012
2025-12-16 18:17:04.871,0.025401,-0.014531,-0.002621,-0.000019,-0.000008,-0.000012
2025-12-16 18:17:04.872,0.025351,-0.014509,-0.002616,-0.000019,-0.000008,-0.000012
2025-12-16 18:17:04.873,0.025296,-0.014481,-0.002611,-0.000019,-0.000008,-0.000012
2025-12-16 18:17:04.874,0.025236,-0.014451,-0.002602,-0.000020,-0.000008,-0.000012
2025-12-16 18:17:04.876,0.025117,-0.014388,-0.002581,-0.000019,-0.000008,-0.000012
2025-12-16 18:17:04.877,0.025049,-0.014350,-0.002563,-0.000019,-0.000008,-0.000012
2025-12-16 18:17:04.878,0.024980,-0.014313,-0.002546,-0.000019,-0.000008,-0.000012
2025-12-16 18:17:04.879,0.024912,-0.014280,-0.002527,-0.000019,-0.000008,-0.000012
2025-12-16 18:17:04.880,0.024843,-0.014248,-0.002506,-0.000019,-0.000008,-0.000012
2025-12-16 18:17:04.881,0.024778,-0.014218,-0.002479,-0.000019,-0.000008,-0.000012
2025-12-16 18:17:04.882,0.024714,-0.014186,-0.002448,-0.000018,-0.000007,-0.000012
2025-12-16 18:17:04.883,0.024658,-0.014158,-0.002418,-0.000018,-0.000007,-0.000012
2025-12-16 18:17:04.885,0.024606,-0.014128,-0.002388,-0.000018,-0.000007,-0.000012
2025-12-16 18:17:04.886,0.024561,-0.014101,-0.002361,-0.000018,-0.000007,-0.000012
2025-12-16 18:17:04.887,0.024526,-0.014080,-0.002339,-0.000018,-0.000007,-0.000012
2025-12-16 18:17:04.888,0.024466,-0.014051,-0.002281,-0.000018,-0.000007,-0.000012
2025-12-16 18:17:04.889,0.024448,-0.014049,-0.002251,-0.000018,-0.000007,-0.000012
2025-12-16 18:17:04.890,0.024438,-0.014049,-0.002215,-0.000018,-0.000007,-0.000012
2025-12-16 18:17:04.891,0.024435,-0.014053,-0.002181,-0.000018,-0.000007,-0.000012
2025-12-16 18:17:04.892,0.024436,-0.014059,-0.002150,-0.000018,-0.000007,-0.000012
2025-12-16 18:17:04.893,0.024440,-0.014071,-0.002118,-0.000019,-0.000007,-0.000012
2025-12-16 18:17:04.894,0.024444,-0.014083,-0.002091,-0.000018,-0.000007,-0.000012
2025-12-16 18:17:04.895,0.024458,-0.014104,-0.002063,-0.000018,-0.000007,-0.000012
2025-12-16 18:17:04.896,0.024480,-0.014132,-0.002029,-0.000018,-0.000007,-0.000012
2025-12-16 18:17:04.898,0.024508,-0.014166,-0.001999,-0.000018,-0.000007,-0.000012
2025-12-16 18:17:04.899,0.024538,-0.014208,-0.001970,-0.000018,-0.000007,-0.000012
2025-12-16 18:17:04.900,0.024595,-0.014282,-0.001928,-0.000017,-0.000007,-0.000012
2025-12-16 18:17:04.901,0.024631,-0.014325,-0.001909,-0.000018,-0.000007,-0.000012
2025-12-16 18:17:04.902,0.024671,-0.014370,-0.001890,-0.000018,-0.000007,-0.000012
2025-12-16 18:17:04.903,0.024709,-0.014416,-0.001873,-0.000018,-0.000007,-0.000012
2025-12-16 18:17:04.904,0.024748,-0.014467,-0.001857,-0.000018,-0.000008,-0.000012
2025-12-16 18:17:04.905,0.024783,-0.014514,-0.001841,-0.000018,-0.000008,-0.000012
2025-12-16 18:17:04.907,0.024814,-0.014559,-0.001826,-0.000018,-0.000008,-0.000012
2025-12-16 18:17:04.908,0.024864,-0.014650,-0.001801,-0.000018,-0.000007,-0.000012
2025-12-16 18:17:04.909,0.024884,-0.014692,-0.001790,-0.000019,-0.000008,-0.000012
2025-12-16 18:17:04.910,0.024901,-0.014730,-0.001781,-0.000018,-0.000007,-0.000012
2025-12-16 18:17:04.911,0.024911,-0.014765,-0.001774,-0.000018,-0.000007,-0.000012
2025-12-16 18:17:04.913,0.024917,-0.014793,-0.001767,-0.000018,-0.000007,-0.000012
2025-12-16 18:17:04.914,0.024921,-0.014814,-0.001763,-0.000018,-0.000007,-0.000012
2025-12-16 18:17:04.915,0.024929,-0.014850,-0.001755,-0.000019,-0.000007,-0.000012
2025-12-16 18:17:04.916,0.024929,-0.014866,-0.001753,-0.000019,-0.000007,-0.000012
2025-12-16 18:17:04.917,0.024925,-0.014879,-0.001755,-0.000018,-0.000007,-0.000012
2025-12-16 18:17:04.918,0.024921,-0.014883,-0.001757,-0.000019,-0.000007,-0.000012
2025-12-16 18:17:04.920,0.024915,-0.014884,-0.001762,-0.000019,-0.000007,-0.000012
2025-12-16 18:17:04.920,0.024904,-0.014875,-0.001768,-0.000019,-0.000007,-0.000012
2025-12-16 18:17:04.922,0.024890,-0.014862,-0.001779,-0.000019,-0.000007,-0.000012
2025-12-16 18:17:04.923,0.024874,-0.014846,-0.001792,-0.000018,-0.000007,-0.000012
2025-12-16 18:17:04.924,0.024860,-0.014826,-0.001805,-0.000018,-0.000007,-0.000012
2025-12-16 18:17:04.925,0.024844,-0.014801,-0.001820,-0.000018,-0.000007,-0.000012
2025-12-16 18:17:04.927,0.024828,-0.014768,-0.001834,-0.000018,-0.000007,-0.000012
2025-12-16 18:17:04.928,0.024818,-0.014736,-0.001855,-0.000018,-0.000007,-0.000012
2025-12-16 18:17:04.931,0.024797,-0.014662,-0.001899,-0.000019,-0.000007,-0.000012
2025-12-16 18:17:04.932,0.024772,-0.014584,-0.001940,-0.000018,-0.000007,-0.000012
2025-12-16 18:17:04.933,0.024760,-0.014543,-0.001962,-0.000018,-0.000007,-0.000012
2025-12-16 18:17:04.934,0.024749,-0.014503,-0.001984,-0.000018,-0.000007,-0.000012
2025-12-16 18:17:04.935,0.024715,-0.014383,-0.002048,-0.000018,-0.000007,-0.000012
2025-12-16 18:17:04.936,0.024725,-0.014359,-0.002066,-0.000020,-0.000007,-0.000012
2025-12-16 18:17:04.937,0.024733,-0.014330,-0.002081,-0.000021,-0.000007,-0.000012
2025-12-16 18:17:04.941,0.024785,-0.014234,-0.002138,-0.000019,-0.000007,-0.000012
2025-12-16 18:17:04.942,0.024803,-0.014219,-0.002146,-0.000019,-0.000007,-0.000012
2025-12-16 18:17:04.943,0.024821,-0.014207,-0.002153,-0.000019,-0.000007,-0.000012
2025-12-16 18:17:04.944,0.024841,-0.014195,-0.002157,-0.000019,-0.000007,-0.000012
2025-12-16 18:17:04.946,0.024902,-0.014196,-0.002148,-0.000018,-0.000007,-0.000012
2025-12-16 18:17:04.949,0.025018,-0.014223,-0.002120,-0.000018,-0.000007,-0.000012
2025-12-16 18:17:04.950,0.025065,-0.014239,-0.002112,-0.000018,-0.000007,-0.000012
2025-12-16 18:17:04.951,0.025112,-0.014254,-0.002103,-0.000018,-0.000007,-0.000012
2025-12-16 18:17:04.952,0.025159,-0.014269,-0.002096,-0.000019,-0.000007,-0.000012
2025-12-16 18:17:04.953,0.025205,-0.014284,-0.002090,-0.000019,-0.000007,-0.000012
2025-12-16 18:17:04.954,0.025253,-0.014303,-0.002085,-0.000019,-0.000008,-0.000012
2025-12-16 18:17:04.956,0.025359,-0.014342,-0.002072,-0.000019,-0.000008,-0.000012
2025-12-16 18:17:04.957,0.025414,-0.014364,-0.002068,-0.000019,-0.000008,-0.000012
2025-12-16 18:17:04.958,0.025467,-0.014382,-0.002061,-0.000019,-0.000008,-0.000012
2025-12-16 18:17:04.959,0.025516,-0.014400,-0.002055,-0.000019,-0.000008,-0.000012
2025-12-16 18:17:04.961,0.025562,-0.014417,-0.002048,-0.000019,-0.000008,-0.000012
2025-12-16 18:17:04.962,0.025602,-0.014430,-0.002044,-0.000019,-0.000008,-0.000012
2025-12-16 18:17:04.963,0.025668,-0.014451,-0.002039,-0.000019,-0.000008,-0.000012
2025-12-16 18:17:04.964,0.025698,-0.014461,-0.002036,-0.000019,-0.000008,-0.000012
2025-12-16 18:17:04.966,0.025738,-0.014466,-0.002039,-0.000019,-0.000008,-0.000012
2025-12-16 18:17:04.967,0.025756,-0.014467,-0.002044,-0.000019,-0.000008,-0.000012
2025-12-16 18:17:04.968,0.025759,-0.014463,-0.002045,-0.000019,-0.000008,-0.000012
2025-12-16 18:17:04.970,0.025753,-0.014455,-0.002045,-0.000020,-0.000008,-0.000012
2025-12-16 18:17:04.971,0.025721,-0.014432,-0.002045,-0.000019,-0.000008,-0.000012
2025-12-16 18:17:04.972,0.025693,-0.014416,-0.002048,-0.000019,-0.000008,-0.000012
2025-12-16 18:17:04.973,0.025660,-0.014399,-0.002047,-0.000019,-0.000008,-0.000012
2025-12-16 18:17:04.974,0.025630,-0.014384,-0.002044,-0.000019,-0.000008,-0.000012
2025-12-16 18:17:04.975,0.025585,-0.014362,-0.002042,-0.000019,-0.000008,-0.000012
2025-12-16 18:17:04.977,0.025540,-0.014341,-0.002039,-0.000019,-0.000008,-0.000012
2025-12-16 18:17:04.978,0.025414,-0.014277,-0.002035,-0.000019,-0.000008,-0.000012
2025-12-16 18:17:04.979,0.025341,-0.014241,-0.002027,-0.000019,-0.000008,-0.000012
2025-12-16 18:17:04.980,0.025265,-0.014204,-0.002013,-0.000019,-0.000008,-0.000012
2025-12-16 18:17:04.981,0.025190,-0.014170,-0.001995,-0.000018,-0.000008,-0.000012
2025-12-16 18:17:04.982,0.025115,-0.014141,-0.001976,-0.000019,-0.000008,-0.000012
2025-12-16 18:17:04.984,0.025040,-0.014112,-0.001957,-0.000018,-0.000008,-0.000012
2025-12-16 18:17:04.985,0.024903,-0.014065,-0.001911,-0.000018,-0.000008,-0.000012
2025-12-16 18:17:04.986,0.024842,-0.014044,-0.001882,-0.000018,-0.000008,-0.000012
2025-12-16 18:17:04.987,0.024786,-0.014027,-0.001851,-0.000018,-0.000008,-0.000012
2025-12-16 18:17:04.988,0.024735,-0.014011,-0.001821,-0.000018,-0.000008,-0.000012
2025-12-16 18:17:04.990,0.024657,-0.013993,-0.001758,-0.000018,-0.000008,-0.000012
2025-12-16 18:17:04.991,0.024629,-0.013991,-0.001724,-0.000018,-0.000008,-0.000012
2025-12-16 18:17:04.992,0.024610,-0.013994,-0.001686,-0.000018,-0.000008,-0.000012
2025-12-16 18:17:04.993,0.024597,-0.014000,-0.001645,-0.000018,-0.000008,-0.000012
2025-12-16 18:17:04.994,0.024591,-0.014007,-0.001608,-0.000018,-0.000008,-0.000012
2025-12-16 18:17:04.995,0.024597,-0.014024,-0.001566,-0.000018,-0.000008,-0.000012
2025-12-16 18:17:04.999,0.024641,-0.014094,-0.001449,-0.000017,-0.000008,-0.000012
2025-12-16 18:17:05.000,0.024714,-0.014177,-0.001353,-0.000018,-0.000008,-0.000012
2025-12-16 18:17:05.001,0.024756,-0.014224,-0.001306,-0.000018,-0.000008,-0.000012
2025-12-16 18:17:05.002,0.024798,-0.014274,-0.001261,-0.000018,-0.000008,-0.000012
2025-12-16 18:17:05.004,0.024879,-0.014370,-0.001179,-0.000018,-0.000008,-0.000012
2025-12-16 18:17:05.005,0.024920,-0.014421,-0.001140,-0.000019,-0.000008,-0.000012
2025-12-16 18:17:05.006,0.024956,-0.014464,-0.001107,-0.000019,-0.000007,-0.000012
2025-12-16 18:17:05.009,0.025055,-0.014609,-0.001017,-0.000019,-0.000007,-0.000012
2025-12-16 18:17:05.010,0.025080,-0.014649,-0.000993,-0.000019,-0.000007,-0.000012
2025-12-16 18:17:05.011,0.025108,-0.014695,-0.000967,-0.000019,-0.000007,-0.000012
2025-12-16 18:17:05.012,0.025130,-0.014739,-0.000943,-0.000019,-0.000007,-0.000012
2025-12-16 18:17:05.014,0.025148,-0.014784,-0.000924,-0.000019,-0.000007,-0.000013
2025-12-16 18:17:05.015,0.025156,-0.014822,-0.000906,-0.000019,-0.000007,-0.000013
2025-12-16 18:17:05.016,0.025153,-0.014879,-0.000882,-0.000019,-0.000007,-0.000013
2025-12-16 18:17:05.017,0.025142,-0.014900,-0.000873,-0.000020,-0.000007,-0.000013
2025-12-16 18:17:05.019,0.025125,-0.014915,-0.000863,-0.000020,-0.000007,-0.000013
2025-12-16 18:17:05.020,0.025082,-0.014938,-0.000853,-0.000020,-0.000007,-0.000013
2025-12-16 18:17:05.021,0.025049,-0.014938,-0.000851,-0.000020,-0.000007,-0.000013
2025-12-16 18:17:05.022,0.025013,-0.014933,-0.000846,-0.000019,-0.000007,-0.000012
2025-12-16 18:17:05.023,0.024973,-0.014925,-0.000843,-0.000019,-0.000007,-0.000012
2025-12-16 18:17:05.024,0.024932,-0.014912,-0.000841,-0.000019,-0.000007,-0.000012
2025-12-16 18:17:05.025,0.024887,-0.014894,-0.000843,-0.000019,-0.000007,-0.000012
2025-12-16 18:17:05.026,0.024842,-0.014875,-0.000842,-0.000019,-0.000007,-0.000012
2025-12-16 18:17:05.028,0.024794,-0.014851,-0.000840,-0.000019,-0.000007,-0.000012
2025-12-16 18:17:05.029,0.024703,-0.014802,-0.000833,-0.000019,-0.000007,-0.000012
2025-12-16 18:17:05.030,0.024656,-0.014773,-0.000829,-0.000019,-0.000007,-0.000012
2025-12-16 18:17:05.031,0.024606,-0.014746,-0.000825,-0.000019,-0.000007,-0.000012
2025-12-16 18:17:05.032,0.024564,-0.014723,-0.000823,-0.000020,-0.000007,-0.000012
2025-12-16 18:17:05.033,0.024531,-0.014706,-0.000821,-0.000019,-0.000007,-0.000012
2025-12-16 18:17:05.034,0.024495,-0.014682,-0.000816,-0.000019,-0.000007,-0.000012
2025-12-16 18:17:05.036,0.024454,-0.014658,-0.000804,-0.000019,-0.000007,-0.000012
2025-12-16 18:17:05.037,0.024387,-0.014618,-0.000774,-0.000018,-0.000007,-0.000012
2025-12-16 18:17:05.038,0.024354,-0.014601,-0.000754,-0.000019,-0.000007,-0.000012
2025-12-16 18:17:05.039,0.024321,-0.014586,-0.000731,-0.000018,-0.000007,-0.000012
2025-12-16 18:17:05.040,0.024289,-0.014570,-0.000705,-0.000018,-0.000007,-0.000012
2025-12-16 18:17:05.042,0.024260,-0.014561,-0.000680,-0.000018,-0.000007,-0.000012
2025-12-16 18:17:05.043,0.024232,-0.014553,-0.000653,-0.000019,-0.000007,-0.000012
2025-12-16 18:17:05.044,0.024189,-0.014541,-0.000592,-0.000019,-0.000007,-0.000012
2025-12-16 18:17:05.045,0.024171,-0.014541,-0.000560,-0.000018,-0.000007,-0.000012
2025-12-16 18:17:05.046,0.024152,-0.014541,-0.000525,-0.000018,-0.000007,-0.000012
2025-12-16 18:17:05.047,0.024137,-0.014546,-0.000487,-0.000018,-0.000007,-0.000012
2025-12-16 18:17:05.048,0.024117,-0.014551,-0.000450,-0.000018,-0.000007,-0.000012
2025-12-16 18:17:05.050,0.024099,-0.014560,-0.000411,-0.000018,-0.000007,-0.000012
2025-12-16 18:17:05.051,0.024067,-0.014579,-0.000325,-0.000018,-0.000007,-0.000012
2025-12-16 18:17:05.052,0.024049,-0.014588,-0.000280,-0.000018,-0.000007,-0.000012
2025-12-16 18:17:05.053,0.024032,-0.014596,-0.000233,-0.000018,-0.000007,-0.000012
2025-12-16 18:17:05.055,0.024018,-0.014608,-0.000187,-0.000018,-0.000007,-0.000012
2025-12-16 18:17:05.056,0.023980,-0.014625,-0.000093,-0.000018,-0.000007,-0.000012
2025-12-16 18:17:05.057,0.023960,-0.014632,-0.000045,-0.000018,-0.000007,-0.000012
2025-12-16 18:17:05.058,0.023942,-0.014637,-0.000004,-0.000019,-0.000007,-0.000012
2025-12-16 18:17:05.059,0.023920,-0.014640,0.000040,-0.000019,-0.000007,-0.000012
2025-12-16 18:17:05.060,0.023898,-0.014642,0.000088,-0.000018,-0.000007,-0.000012
2025-12-16 18:17:05.061,0.023874,-0.014641,0.000135,-0.000018,-0.000007,-0.000012
2025-12-16 18:17:05.062,0.023851,-0.014638,0.000178,-0.000018,-0.000007,-0.000012
2025-12-16 18:17:05.063,0.023825,-0.014633,0.000216,-0.000018,-0.000007,-0.000012
2025-12-16 18:17:05.065,0.023803,-0.014629,0.000246,-0.000017,-0.000007,-0.000012
2025-12-16 18:17:05.066,0.023754,-0.014615,0.000306,-0.000018,-0.000007,-0.000012
2025-12-16 18:17:05.068,0.023719,-0.014603,0.000335,-0.000018,-0.000007,-0.000012
2025-12-16 18:17:05.069,0.023640,-0.014574,0.000399,-0.000018,-0.000007,-0.000012
2025-12-16 18:17:05.070,0.023601,-0.014562,0.000427,-0.000018,-0.000007,-0.000012
2025-12-16 18:17:05.071,0.023558,-0.014547,0.000447,-0.000018,-0.000007,-0.000012
2025-12-16 18:17:05.073,0.023520,-0.014531,0.000462,-0.000018,-0.000007,-0.000012
2025-12-16 18:17:05.074,0.023434,-0.014507,0.000500,-0.000018,-0.000007,-0.000012
2025-12-16 18:17:05.075,0.023381,-0.014493,0.000520,-0.000018,-0.000007,-0.000012
2025-12-16 18:17:05.076,0.023324,-0.014478,0.000538,-0.000017,-0.000007,-0.000012
2025-12-16 18:17:05.078,0.023268,-0.014464,0.000557,-0.000018,-0.000007,-0.000012
2025-12-16 18:17:05.079,0.023148,-0.014435,0.000589,-0.000018,-0.000007,-0.000012
2025-12-16 18:17:05.080,0.023085,-0.014420,0.000599,-0.000018,-0.000007,-0.000012
2025-12-16 18:17:05.082,0.022960,-0.014405,0.000628,-0.000017,-0.000007,-0.000012
2025-12-16 18:17:05.084,0.022892,-0.014399,0.000647,-0.000018,-0.000007,-0.000012
2025-12-16 18:17:05.085,0.022756,-0.014397,0.000691,-0.000017,-0.000007,-0.000012
2025-12-16 18:17:05.086,0.022689,-0.014402,0.000717,-0.000018,-0.000007,-0.000012
2025-12-16 18:17:05.087,0.022622,-0.014409,0.000742,-0.000018,-0.000007,-0.000011
2025-12-16 18:17:05.090,0.022410,-0.014440,0.000839,-0.000017,-0.000007,-0.000011
2025-12-16 18:17:05.091,0.022348,-0.014448,0.000872,-0.000017,-0.000007,-0.000011
2025-12-16 18:17:05.092,0.022280,-0.014465,0.000908,-0.000017,-0.000007,-0.000011
2025-12-16 18:17:05.097,0.021962,-0.014580,0.001109,-0.000017,-0.000007,-0.000011
2025-12-16 18:17:05.098,0.021896,-0.014607,0.001155,-0.000017,-0.000007,-0.000011
2025-12-16 18:17:05.101,0.021718,-0.014684,0.001275,-0.000016,-0.000007,-0.000011
2025-12-16 18:17:05.102,0.021670,-0.014704,0.001310,-0.000016,-0.000007,-0.000011
2025-12-16 18:17:05.105,0.021499,-0.014772,0.001412,-0.000016,-0.000007,-0.000011
2025-12-16 18:17:05.106,0.021444,-0.014791,0.001443,-0.000016,-0.000007,-0.000011
2025-12-16 18:17:05.108,0.021391,-0.014810,0.001474,-0.000015,-0.000007,-0.000011
2025-12-16 18:17:05.109,0.021286,-0.014836,0.001518,-0.000016,-0.000007,-0.000011
2025-12-16 18:17:05.110,0.021237,-0.014843,0.001537,-0.000016,-0.000007,-0.000011
2025-12-16 18:17:05.111,0.021197,-0.014849,0.001552,-0.000016,-0.000007,-0.000011
2025-12-16 18:17:05.112,0.021159,-0.014848,0.001566,-0.000016,-0.000007,-0.000011
2025-12-16 18:17:05.113,0.021110,-0.014846,0.001573,-0.000016,-0.000007,-0.000011
2025-12-16 18:17:05.114,0.021057,-0.014841,0.001577,-0.000016,-0.000007,-0.000011
2025-12-16 18:17:05.115,0.021004,-0.014837,0.001579,-0.000016,-0.000006,-0.000011
2025-12-16 18:17:05.116,0.020952,-0.014827,0.001578,-0.000016,-0.000006,-0.000011
2025-12-16 18:17:05.117,0.020900,-0.014814,0.001575,-0.000016,-0.000006,-0.000011
2025-12-16 18:17:05.118,0.020856,-0.014802,0.001572,-0.000015,-0.000006,-0.000011
2025-12-16 18:17:05.120,0.020802,-0.014786,0.001571,-0.000015,-0.000006,-0.000011
2025-12-16 18:17:05.121,0.020745,-0.014768,0.001571,-0.000015,-0.000007,-0.000011
2025-12-16 18:17:05.122,0.020626,-0.014727,0.001559,-0.000015,-0.000006,-0.000011
2025-12-16 18:17:05.123,0.020568,-0.014708,0.001550,-0.000015,-0.000006,-0.000011
2025-12-16 18:17:05.124,0.020508,-0.014685,0.001544,-0.000015,-0.000006,-0.000011
2025-12-16 18:17:05.125,0.020447,-0.014661,0.001538,-0.000015,-0.000006,-0.000011
2025-12-16 18:17:05.126,0.020383,-0.014639,0.001534,-0.000015,-0.000006,-0.000011
2025-12-16 18:17:05.127,0.020321,-0.014617,0.001532,-0.000015,-0.000006,-0.000011
2025-12-16 18:17:05.129,0.020260,-0.014597,0.001531,-0.000015,-0.000006,-0.000011
2025-12-16 18:17:05.130,0.020196,-0.014575,0.001535,-0.000015,-0.000006,-0.000011
2025-12-16 18:17:05.131,0.020128,-0.014555,0.001541,-0.000015,-0.000006,-0.000011
2025-12-16 18:17:05.132,0.019995,-0.014522,0.001553,-0.000015,-0.000006,-0.000011
2025-12-16 18:17:05.133,0.019927,-0.014505,0.001565,-0.000015,-0.000006,-0.000011
2025-12-16 18:17:05.134,0.019862,-0.014491,0.001580,-0.000015,-0.000006,-0.000011
2025-12-16 18:17:05.135,0.019795,-0.014476,0.001599,-0.000015,-0.000006,-0.000011
2025-12-16 18:17:05.137,0.019729,-0.014461,0.001615,-0.000014,-0.000006,-0.000011
2025-12-16 18:17:05.138,0.019592,-0.014445,0.001663,-0.000014,-0.000006,-0.000010
2025-12-16 18:17:05.139,0.019525,-0.014438,0.001689,-0.000014,-0.000006,-0.000010
2025-12-16 18:17:05.140,0.019456,-0.014430,0.001717,-0.000014,-0.000006,-0.000010
2025-12-16 18:17:05.141,0.019389,-0.014422,0.001748,-0.000014,-0.000006,-0.000010
2025-12-16 18:17:05.142,0.019321,-0.014416,0.001783,-0.000014,-0.000006,-0.000010
2025-12-16 18:17:05.143,0.019258,-0.014411,0.001823,-0.000014,-0.000006,-0.000010
2025-12-16 18:17:05.145,0.019196,-0.014406,0.001867,-0.000014,-0.000006,-0.000010
2025-12-16 18:17:05.146,0.019131,-0.014404,0.001909,-0.000014,-0.000006,-0.000010
2025-12-16 18:17:05.147,0.019067,-0.014400,0.001953,-0.000014,-0.000006,-0.000010
2025-12-16 18:17:05.148,0.019002,-0.014395,0.001998,-0.000014,-0.000006,-0.000010
2025-12-16 18:17:05.149,0.018947,-0.014391,0.002036,-0.000014,-0.000005,-0.000010
2025-12-16 18:17:05.150,0.018837,-0.014383,0.002112,-0.000014,-0.000005,-0.000010
2025-12-16 18:17:05.151,0.018782,-0.014378,0.002150,-0.000014,-0.000005,-0.000010
2025-12-16 18:17:05.152,0.018718,-0.014383,0.002217,-0.000014,-0.000005,-0.000010
2025-12-16 18:17:05.154,0.018659,-0.014386,0.002277,-0.000014,-0.000005,-0.000010
2025-12-16 18:17:05.155,0.018558,-0.014387,0.002373,-0.000014,-0.000005,-0.000010
2025-12-16 18:17:05.156,0.018500,-0.014383,0.002423,-0.000014,-0.000005,-0.000010
2025-12-16 18:17:05.157,0.018445,-0.014379,0.002470,-0.000014,-0.000005,-0.000010
2025-12-16 18:17:05.158,0.018391,-0.014372,0.002516,-0.000013,-0.000005,-0.000010
2025-12-16 18:17:05.159,0.018337,-0.014367,0.002565,-0.000013,-0.000005,-0.000010
2025-12-16 18:17:05.160,0.018287,-0.014363,0.002613,-0.000013,-0.000005,-0.000010
2025-12-16 18:17:05.162,0.018238,-0.014357,0.002659,-0.000013,-0.000005,-0.000010
2025-12-16 18:17:05.163,0.018150,-0.014344,0.002744,-0.000013,-0.000005,-0.000010
2025-12-16 18:17:05.164,0.018109,-0.014338,0.002781,-0.000013,-0.000005,-0.000010
2025-12-16 18:17:05.165,0.018070,-0.014332,0.002815,-0.000013,-0.000005,-0.000010
2025-12-16 18:17:05.166,0.018036,-0.014328,0.002850,-0.000013,-0.000006,-0.000010
2025-12-16 18:17:05.169,0.017970,-0.014322,0.002917,-0.000013,-0.000006,-0.000010
2025-12-16 18:17:05.170,0.017907,-0.014317,0.002974,-0.000013,-0.000006,-0.000010
2025-12-16 18:17:05.171,0.017875,-0.014310,0.002997,-0.000013,-0.000006,-0.000010
2025-12-16 18:17:05.172,0.017846,-0.014304,0.003015,-0.000013,-0.000006,-0.000010
2025-12-16 18:17:05.173,0.017814,-0.014302,0.003035,-0.000013,-0.000005,-0.000010
2025-12-16 18:17:05.174,0.017786,-0.014303,0.003053,-0.000012,-0.000005,-0.000010
2025-12-16 18:17:05.175,0.017755,-0.014303,0.003073,-0.000013,-0.000005,-0.000010
2025-12-16 18:17:05.176,0.017724,-0.014307,0.003093,-0.000013,-0.000005,-0.000010
2025-12-16 18:17:05.178,0.017671,-0.014316,0.003129,-0.000013,-0.000005,-0.000010
2025-12-16 18:17:05.179,0.017643,-0.014322,0.003142,-0.000013,-0.000005,-0.000010
2025-12-16 18:17:05.181,0.017610,-0.014329,0.003152,-0.000012,-0.000005,-0.000010
2025-12-16 18:17:05.182,0.017538,-0.014348,0.003183,-0.000013,-0.000005,-0.000010
2025-12-16 18:17:05.183,0.017496,-0.014357,0.003200,-0.000013,-0.000005,-0.000010
2025-12-16 18:17:05.184,0.017450,-0.014366,0.003216,-0.000013,-0.000005,-0.000010
2025-12-16 18:17:05.185,0.017402,-0.014375,0.003231,-0.000013,-0.000005,-0.000010
2025-12-16 18:17:05.186,0.017350,-0.014381,0.003244,-0.000012,-0.000005,-0.000010
2025-12-16 18:17:05.188,0.017247,-0.014388,0.003267,-0.000013,-0.000005,-0.000010
2025-12-16 18:17:05.189,0.017197,-0.014392,0.003280,-0.000013,-0.000005,-0.000010
2025-12-16 18:17:05.190,0.017141,-0.014396,0.003297,-0.000012,-0.000005,-0.000010
2025-12-16 18:17:05.191,0.017084,-0.014403,0.003310,-0.000012,-0.000005,-0.000010
2025-12-16 18:17:05.192,0.017036,-0.014410,0.003320,-0.000012,-0.000005,-0.000010
2025-12-16 18:17:05.194,0.016932,-0.014414,0.003341,-0.000012,-0.000005,-0.000010
2025-12-16 18:17:05.195,0.016870,-0.014413,0.003357,-0.000012,-0.000005,-0.000009
2025-12-16 18:17:05.196,0.016806,-0.014406,0.003374,-0.000012,-0.000005,-0.000009
2025-12-16 18:17:05.197,0.016738,-0.014397,0.003389,-0.000012,-0.000005,-0.000010
2025-12-16 18:17:05.199,0.016671,-0.014390,0.003404,-0.000012,-0.000005,-0.000010
2025-12-16 18:17:05.200,0.016539,-0.014374,0.003434,-0.000012,-0.000005,-0.000009
2025-12-16 18:17:05.201,0.016477,-0.014362,0.003445,-0.000012,-0.000005,-0.000009
2025-12-16 18:17:05.202,0.016415,-0.014346,0.003457,-0.000012,-0.000005,-0.000009
2025-12-16 18:17:05.204,0.016304,-0.014312,0.003478,-0.000012,-0.000005,-0.000009
2025-12-16 18:17:05.205,0.016250,-0.014292,0.003488,-0.000012,-0.000005,-0.000009
2025-12-16 18:17:05.206,0.016203,-0.014273,0.003497,-0.000012,-0.000005,-0.000009
2025-12-16 18:17:05.207,0.016151,-0.014253,0.003514,-0.000012,-0.000005,-0.000009
2025-12-16 18:17:05.208,0.016094,-0.014232,0.003532,-0.000012,-0.000005,-0.000009
2025-12-16 18:17:05.209,0.016044,-0.014215,0.003547,-0.000011,-0.000005,-0.000009
2025-12-16 18:17:05.210,0.015996,-0.014193,0.003561,-0.000011,-0.000005,-0.000009
2025-12-16 18:17:05.213,0.015861,-0.014125,0.003616,-0.000011,-0.000005,-0.000009
2025-12-16 18:17:05.214,0.015819,-0.014105,0.003633,-0.000011,-0.000005,-0.000009
2025-12-16 18:17:05.215,0.015785,-0.014089,0.003648,-0.000011,-0.000005,-0.000009
2025-12-16 18:17:05.216,0.015759,-0.014077,0.003660,-0.000011,-0.000005,-0.000009
2025-12-16 18:17:05.217,0.015733,-0.014066,0.003677,-0.000011,-0.000005,-0.000009
2025-12-16 18:17:05.219,0.015711,-0.014056,0.003693,-0.000011,-0.000005,-0.000009
2025-12-16 18:17:05.220,0.015675,-0.014046,0.003738,-0.000011,-0.000005,-0.000009
2025-12-16 18:17:05.222,0.015647,-0.014049,0.003788,-0.000011,-0.000005,-0.000009
2025-12-16 18:17:05.224,0.015640,-0.014055,0.003816,-0.000011,-0.000005,-0.000009
2025-12-16 18:17:05.225,0.015638,-0.014067,0.003846,-0.000010,-0.000005,-0.000009
2025-12-16 18:17:05.227,0.015637,-0.014099,0.003908,-0.000010,-0.000005,-0.000009
2025-12-16 18:17:05.228,0.015642,-0.014138,0.003966,-0.000011,-0.000005,-0.000009
2025-12-16 18:17:05.229,0.015643,-0.014162,0.003994,-0.000011,-0.000005,-0.000009
2025-12-16 18:17:05.230,0.015645,-0.014189,0.004023,-0.000011,-0.000005,-0.000009
2025-12-16 18:17:05.234,0.015657,-0.014303,0.004135,-0.000011,-0.000005,-0.000009
2025-12-16 18:17:05.235,0.015660,-0.014332,0.004163,-0.000011,-0.000005,-0.000009
2025-12-16 18:17:05.237,0.015658,-0.014359,0.004188,-0.000011,-0.000005,-0.000009
2025-12-16 18:17:05.238,0.015646,-0.014417,0.004237,-0.000011,-0.000005,-0.000009
2025-12-16 18:17:05.239,0.015638,-0.014440,0.004260,-0.000011,-0.000005,-0.000009
2025-12-16 18:17:05.240,0.015630,-0.014463,0.004280,-0.000011,-0.000005,-0.000009
2025-12-16 18:17:05.241,0.015618,-0.014484,0.004295,-0.000011,-0.000005,-0.000009
2025-12-16 18:17:05.242,0.015605,-0.014503,0.004311,-0.000011,-0.000005,-0.000009
2025-12-16 18:17:05.243,0.015593,-0.014519,0.004326,-0.000011,-0.000005,-0.000009
2025-12-16 18:17:05.244,0.015575,-0.014537,0.004340,-0.000011,-0.000005,-0.000010
2025-12-16 18:17:05.246,0.015554,-0.014555,0.004351,-0.000011,-0.000005,-0.000009
2025-12-16 18:17:05.247,0.015534,-0.014566,0.004357,-0.000011,-0.000005,-0.000009
2025-12-16 18:17:05.248,0.015513,-0.014578,0.004363,-0.000011,-0.000005,-0.000009
2025-12-16 18:17:05.249,0.015489,-0.014587,0.004366,-0.000011,-0.000005,-0.000009
2025-12-16 18:17:05.250,0.015442,-0.014604,0.004371,-0.000011,-0.000005,-0.000009
2025-12-16 18:17:05.251,0.015403,-0.014596,0.004358,-0.000012,-0.000005,-0.000009
2025-12-16 18:17:05.253,0.015367,-0.014588,0.004342,-0.000012,-0.000005,-0.000009
2025-12-16 18:17:05.254,0.015299,-0.014570,0.004317,-0.000012,-0.000005,-0.000009
2025-12-16 18:17:05.255,0.015261,-0.014558,0.004303,-0.000012,-0.000005,-0.000009
2025-12-16 18:17:05.256,0.015228,-0.014549,0.004289,-0.000012,-0.000005,-0.000009
2025-12-16 18:17:05.257,0.015195,-0.014536,0.004274,-0.000011,-0.000005,-0.000009
2025-12-16 18:17:05.258,0.015160,-0.014524,0.004255,-0.000011,-0.000005,-0.000009
2025-12-16 18:17:05.260,0.015124,-0.014512,0.004235,-0.000011,-0.000005,-0.000009
2025-12-16 18:17:05.261,0.015051,-0.014485,0.004202,-0.000011,-0.000005,-0.000009
2025-12-16 18:17:05.262,0.015012,-0.014472,0.004187,-0.000011,-0.000005,-0.000009
2025-12-16 18:17:05.263,0.014973,-0.014459,0.004171,-0.000011,-0.000005,-0.000009
2025-12-16 18:17:05.265,0.014939,-0.014445,0.004156,-0.000011,-0.000005,-0.000009
2025-12-16 18:17:05.266,0.014873,-0.014429,0.004134,-0.000011,-0.000005,-0.000009
2025-12-16 18:17:05.267,0.014841,-0.014423,0.004123,-0.000011,-0.000005,-0.000009
2025-12-16 18:17:05.268,0.014811,-0.014419,0.004116,-0.000010,-0.000005,-0.000009
2025-12-16 18:17:05.270,0.014787,-0.014418,0.004115,-0.000010,-0.000005,-0.000009
2025-12-16 18:17:05.271,0.014768,-0.014419,0.004117,-0.000010,-0.000005,-0.000009
2025-12-16 18:17:05.272,0.014726,-0.014432,0.004124,-0.000011,-0.000005,-0.000009
2025-12-16 18:17:05.273,0.014704,-0.014441,0.004130,-0.000011,-0.000005,-0.000009
2025-12-16 18:17:05.274,0.014688,-0.014456,0.004142,-0.000011,-0.000005,-0.000009
2025-12-16 18:17:05.275,0.014672,-0.014472,0.004153,-0.000011,-0.000005,-0.000009
2025-12-16 18:17:05.276,0.014656,-0.014489,0.004168,-0.000011,-0.000005,-0.000009
2025-12-16 18:17:05.277,0.014643,-0.014511,0.004185,-0.000011,-0.000005,-0.000009
2025-12-16 18:17:05.279,0.014633,-0.014535,0.004205,-0.000010,-0.000005,-0.000009
2025-12-16 18:17:05.280,0.014615,-0.014587,0.004254,-0.000011,-0.000005,-0.000009
2025-12-16 18:17:05.282,0.014607,-0.014615,0.004276,-0.000011,-0.000005,-0.000009
2025-12-16 18:17:05.283,0.014595,-0.014674,0.004325,-0.000011,-0.000004,-0.000009
2025-12-16 18:17:05.284,0.014586,-0.014704,0.004352,-0.000011,-0.000004,-0.000009
2025-12-16 18:17:05.285,0.014577,-0.014733,0.004380,-0.000011,-0.000004,-0.000009
2025-12-16 18:17:05.286,0.014567,-0.014764,0.004408,-0.000011,-0.000004,-0.000009
2025-12-16 18:17:05.288,0.014556,-0.014795,0.004439,-0.000011,-0.000004,-0.000009
2025-12-16 18:17:05.289,0.014542,-0.014826,0.004469,-0.000011,-0.000004,-0.000009
2025-12-16 18:17:05.290,0.014524,-0.014856,0.004496,-0.000011,-0.000004,-0.000009
2025-12-16 18:17:05.291,0.014485,-0.014911,0.004555,-0.000010,-0.000004,-0.000009
2025-12-16 18:17:05.292,0.014461,-0.014934,0.004583,-0.000011,-0.000004,-0.000009
2025-12-16 18:17:05.293,0.014440,-0.014953,0.004605,-0.000011,-0.000004,-0.000009
2025-12-16 18:17:05.294,0.014409,-0.014973,0.004627,-0.000011,-0.000004,-0.000009
2025-12-16 18:17:05.296,0.014374,-0.014993,0.004653,-0.000011,-0.000004,-0.000009
2025-12-16 18:17:05.297,0.014293,-0.015029,0.004702,-0.000011,-0.000004,-0.000009
2025-12-16 18:17:05.298,0.014247,-0.015043,0.004726,-0.000011,-0.000004,-0.000009
2025-12-16 18:17:05.300,0.014196,-0.015056,0.004747,-0.000011,-0.000004,-0.000009
2025-12-16 18:17:05.301,0.014087,-0.015073,0.004791,-0.000011,-0.000004,-0.000009
2025-12-16 18:17:05.302,0.014029,-0.015077,0.004812,-0.000011,-0.000004,-0.000009
2025-12-16 18:17:05.303,0.013969,-0.015083,0.004830,-0.000011,-0.000004,-0.000009
2025-12-16 18:17:05.305,0.013852,-0.015095,0.004866,-0.000010,-0.000004,-0.000009
2025-12-16 18:17:05.306,0.013790,-0.015099,0.004883,-0.000010,-0.000004,-0.000009
2025-12-16 18:17:05.307,0.013732,-0.015105,0.004903,-0.000010,-0.000004,-0.000009
2025-12-16 18:17:05.308,0.013670,-0.015110,0.004920,-0.000010,-0.000004,-0.000009
2025-12-16 18:17:05.309,0.013610,-0.015115,0.004937,-0.000010,-0.000004,-0.000009
2025-12-16 18:17:05.310,0.013553,-0.015123,0.004956,-0.000010,-0.000004,-0.000009
2025-12-16 18:17:05.311,0.013506,-0.015131,0.004973,-0.000010,-0.000004,-0.000009
2025-12-16 18:17:05.313,0.013450,-0.015146,0.004993,-0.000010,-0.000004,-0.000009
2025-12-16 18:17:05.315,0.013345,-0.015174,0.005034,-0.000010,-0.000004,-0.000009
2025-12-16 18:17:05.316,0.013241,-0.015213,0.005076,-0.000010,-0.000004,-0.000009
2025-12-16 18:17:05.317,0.013193,-0.015236,0.005099,-0.000010,-0.000004,-0.000009
2025-12-16 18:17:05.318,0.013147,-0.015261,0.005124,-0.000010,-0.000004,-0.000009
2025-12-16 18:17:05.319,0.013108,-0.015288,0.005148,-0.000010,-0.000004,-0.000009
2025-12-16 18:17:05.320,0.013070,-0.015316,0.005172,-0.000009,-0.000004,-0.000009
2025-12-16 18:17:05.321,0.013038,-0.015350,0.005193,-0.000010,-0.000004,-0.000009
2025-12-16 18:17:05.322,0.013010,-0.015383,0.005216,-0.000009,-0.000004,-0.000009
2025-12-16 18:17:05.323,0.012987,-0.015417,0.005237,-0.000010,-0.000004,-0.000009
2025-12-16 18:17:05.324,0.012966,-0.015455,0.005258,-0.000009,-0.000004,-0.000009
2025-12-16 18:17:05.325,0.012949,-0.015488,0.005274,-0.000010,-0.000004,-0.000009
2025-12-16 18:17:05.326,0.012932,-0.015526,0.005298,-0.000010,-0.000004,-0.000009
2025-12-16 18:17:05.328,0.012918,-0.015564,0.005320,-0.000009,-0.000004,-0.000009
2025-12-16 18:17:05.329,0.012906,-0.015605,0.005344,-0.000010,-0.000004,-0.000009
2025-12-16 18:17:05.330,0.012890,-0.015680,0.005379,-0.000009,-0.000004,-0.000009
2025-12-16 18:17:05.331,0.012884,-0.015717,0.005394,-0.000010,-0.000004,-0.000009
2025-12-16 18:17:05.332,0.012879,-0.015752,0.005407,-0.000009,-0.000004,-0.000009
2025-12-16 18:17:05.333,0.012878,-0.015790,0.005420,-0.000010,-0.000004,-0.000009
2025-12-16 18:17:05.334,0.012878,-0.015828,0.005432,-0.000009,-0.000004,-0.000009
2025-12-16 18:17:05.335,0.012881,-0.015864,0.005441,-0.000009,-0.000004,-0.000009
2025-12-16 18:17:05.337,0.012884,-0.015898,0.005452,-0.000009,-0.000004,-0.000009
2025-12-16 18:17:05.338,0.012888,-0.015930,0.005461,-0.000009,-0.000004,-0.000009
2025-12-16 18:17:05.340,0.012894,-0.015961,0.005469,-0.000009,-0.000004,-0.000009
2025-12-16 18:17:05.341,0.012902,-0.015990,0.005476,-0.000009,-0.000004,-0.000009
2025-12-16 18:17:05.342,0.012926,-0.016043,0.005486,-0.000010,-0.000004,-0.000009
2025-12-16 18:17:05.343,0.012936,-0.016066,0.005489,-0.000009,-0.000004,-0.000009
2025-12-16 18:17:05.344,0.012946,-0.016088,0.005487,-0.000010,-0.000004,-0.000009
2025-12-16 18:17:05.345,0.012958,-0.016108,0.005486,-0.000010,-0.000004,-0.000009
2025-12-16 18:17:05.346,0.012971,-0.016129,0.005486,-0.000010,-0.000004,-0.000009
2025-12-16 18:17:05.347,0.012987,-0.016153,0.005483,-0.000010,-0.000004,-0.000009
2025-12-16 18:17:05.348,0.013004,-0.016176,0.005482,-0.000010,-0.000004,-0.000009
2025-12-16 18:17:05.350,0.013023,-0.016196,0.005481,-0.000010,-0.000004,-0.000009
2025-12-16 18:17:05.351,0.013061,-0.016236,0.005478,-0.000010,-0.000003,-0.000009
2025-12-16 18:17:05.352,0.013102,-0.016279,0.005472,-0.000011,-0.000003,-0.000009
2025-12-16 18:17:05.353,0.013122,-0.016298,0.005462,-0.000011,-0.000003,-0.000009
2025-12-16 18:17:05.354,0.013141,-0.016317,0.005454,-0.000011,-0.000003,-0.000009
2025-12-16 18:17:05.355,0.013165,-0.016340,0.005448,-0.000011,-0.000003,-0.000009
2025-12-16 18:17:05.356,0.013189,-0.016363,0.005440,-0.000010,-0.000003,-0.000009
2025-12-16 18:17:05.358,0.013214,-0.016387,0.005429,-0.000010,-0.000003,-0.000009
2025-12-16 18:17:05.359,0.013268,-0.016441,0.005403,-0.000010,-0.000004,-0.000009
2025-12-16 18:17:05.360,0.013295,-0.016472,0.005387,-0.000010,-0.000004,-0.000009
2025-12-16 18:17:05.361,0.013326,-0.016506,0.005373,-0.000010,-0.000004,-0.000009
2025-12-16 18:17:05.362,0.013357,-0.016543,0.005358,-0.000010,-0.000003,-0.000009
2025-12-16 18:17:05.364,0.013392,-0.016581,0.005347,-0.000010,-0.000003,-0.000009
2025-12-16 18:17:05.365,0.013465,-0.016661,0.005314,-0.000010,-0.000003,-0.000009
2025-12-16 18:17:05.366,0.013501,-0.016698,0.005298,-0.000010,-0.000003,-0.000009
2025-12-16 18:17:05.367,0.013536,-0.016735,0.005281,-0.000011,-0.000003,-0.000010
2025-12-16 18:17:05.368,0.013573,-0.016776,0.005261,-0.000010,-0.000003,-0.000010
2025-12-16 18:17:05.370,0.013611,-0.016817,0.005241,-0.000010,-0.000003,-0.000010
2025-12-16 18:17:05.371,0.013643,-0.016852,0.005224,-0.000011,-0.000003,-0.000009
2025-12-16 18:17:05.372,0.013720,-0.016928,0.005179,-0.000011,-0.000003,-0.000009
2025-12-16 18:17:05.373,0.013759,-0.016967,0.005153,-0.000010,-0.000003,-0.000010
2025-12-16 18:17:05.374,0.013800,-0.017006,0.005127,-0.000011,-0.000003,-0.000010
2025-12-16 18:17:05.376,0.013876,-0.017074,0.005077,-0.000011,-0.000003,-0.000010
2025-12-16 18:17:05.377,0.013909,-0.017106,0.005052,-0.000011,-0.000003,-0.000010
2025-12-16 18:17:05.378,0.013941,-0.017135,0.005024,-0.000011,-0.000003,-0.000010
2025-12-16 18:17:05.379,0.013975,-0.017161,0.005000,-0.000011,-0.000003,-0.000010
2025-12-16 18:17:05.381,0.014007,-0.017185,0.004973,-0.000011,-0.000003,-0.000010
2025-12-16 18:17:05.382,0.014038,-0.017206,0.004944,-0.000011,-0.000003,-0.000010
2025-12-16 18:17:05.384,0.014109,-0.017246,0.004858,-0.000011,-0.000004,-0.000010
2025-12-16 18:17:05.385,0.014131,-0.017257,0.004831,-0.000011,-0.000003,-0.000010
2025-12-16 18:17:05.386,0.014150,-0.017267,0.004811,-0.000011,-0.000003,-0.000010
2025-12-16 18:17:05.387,0.014172,-0.017274,0.004785,-0.000011,-0.000004,-0.000010
2025-12-16 18:17:05.388,0.014189,-0.017277,0.004757,-0.000011,-0.000003,-0.000010
2025-12-16 18:17:05.390,0.014225,-0.017280,0.004710,-0.000011,-0.000004,-0.000010
2025-12-16 18:17:05.391,0.014243,-0.017283,0.004694,-0.000011,-0.000004,-0.000010
2025-12-16 18:17:05.392,0.014264,-0.017287,0.004677,-0.000011,-0.000003,-0.000010
2025-12-16 18:17:05.393,0.014281,-0.017288,0.004660,-0.000011,-0.000004,-0.000010
2025-12-16 18:17:05.394,0.014294,-0.017287,0.004645,-0.000011,-0.000003,-0.000010
2025-12-16 18:17:05.395,0.014311,-0.017288,0.004635,-0.000012,-0.000003,-0.000010
2025-12-16 18:17:05.396,0.014332,-0.017292,0.004622,-0.000011,-0.000003,-0.000010
2025-12-16 18:17:05.398,0.014358,-0.017297,0.004613,-0.000011,-0.000003,-0.000010
2025-12-16 18:17:05.399,0.014413,-0.017314,0.004604,-0.000011,-0.000003,-0.000010
2025-12-16 18:17:05.400,0.014438,-0.017323,0.004604,-0.000011,-0.000003,-0.000010
2025-12-16 18:17:05.401,0.014469,-0.017337,0.004609,-0.000012,-0.000003,-0.000010
2025-12-16 18:17:05.403,0.014503,-0.017352,0.004618,-0.000011,-0.000003,-0.000010
2025-12-16 18:17:05.404,0.014577,-0.017388,0.004642,-0.000012,-0.000003,-0.000010
2025-12-16 18:17:05.405,0.014617,-0.017411,0.004657,-0.000012,-0.000003,-0.000010
2025-12-16 18:17:05.406,0.014657,-0.017439,0.004675,-0.000012,-0.000004,-0.000010
2025-12-16 18:17:05.407,0.014697,-0.017470,0.004697,-0.000012,-0.000003,-0.000010
2025-12-16 18:17:05.408,0.014741,-0.017501,0.004722,-0.000012,-0.000003,-0.000010
2025-12-16 18:17:05.409,0.014787,-0.017535,0.004747,-0.000012,-0.000003,-0.000010
2025-12-16 18:17:05.410,0.014832,-0.017570,0.004773,-0.000012,-0.000003,-0.000010
2025-12-16 18:17:05.412,0.014876,-0.017606,0.004800,-0.000012,-0.000003,-0.000010
2025-12-16 18:17:05.413,0.014963,-0.017676,0.004850,-0.000012,-0.000004,-0.000010
2025-12-16 18:17:05.414,0.015003,-0.017711,0.004875,-0.000012,-0.000004,-0.000010
2025-12-16 18:17:05.416,0.015080,-0.017780,0.004933,-0.000013,-0.000004,-0.000010
2025-12-16 18:17:05.417,0.015116,-0.017815,0.004960,-0.000013,-0.000004,-0.000010
2025-12-16 18:17:05.418,0.015147,-0.017846,0.004982,-0.000013,-0.000003,-0.000010
2025-12-16 18:17:05.419,0.015178,-0.017876,0.005007,-0.000013,-0.000003,-0.000010
2025-12-16 18:17:05.421,0.015210,-0.017904,0.005027,-0.000013,-0.000003,-0.000010
2025-12-16 18:17:05.422,0.015260,-0.017953,0.005059,-0.000013,-0.000004,-0.000010
2025-12-16 18:17:05.424,0.015283,-0.017976,0.005078,-0.000013,-0.000003,-0.000010
2025-12-16 18:17:05.425,0.015301,-0.017993,0.005091,-0.000013,-0.000003,-0.000010
2025-12-16 18:17:05.426,0.015324,-0.018009,0.005114,-0.000013,-0.000003,-0.000010
2025-12-16 18:17:05.428,0.015334,-0.018018,0.005119,-0.000013,-0.000003,-0.000010
2025-12-16 18:17:05.429,0.015348,-0.018034,0.005125,-0.000014,-0.000003,-0.000010
2025-12-16 18:17:05.430,0.015352,-0.018040,0.005128,-0.000014,-0.000003,-0.000010
2025-12-16 18:17:05.431,0.015355,-0.018045,0.005128,-0.000014,-0.000003,-0.000010
2025-12-16 18:17:05.433,0.015359,-0.018049,0.005128,-0.000013,-0.000003,-0.000010
2025-12-16 18:17:05.434,0.015361,-0.018053,0.005124,-0.000013,-0.000003,-0.000010
2025-12-16 18:17:05.435,0.015364,-0.018070,0.005113,-0.000013,-0.000003,-0.000010
2025-12-16 18:17:05.437,0.015363,-0.018081,0.005106,-0.000013,-0.000003,-0.000010
2025-12-16 18:17:05.438,0.015359,-0.018104,0.005100,-0.000014,-0.000003,-0.000010
2025-12-16 18:17:05.439,0.015357,-0.018119,0.005092,-0.000014,-0.000003,-0.000010
2025-12-16 18:17:05.440,0.015357,-0.018140,0.005082,-0.000014,-0.000003,-0.000010
2025-12-16 18:17:05.441,0.015358,-0.018167,0.005075,-0.000014,-0.000003,-0.000010
2025-12-16 18:17:05.442,0.015367,-0.018202,0.005069,-0.000014,-0.000003,-0.000010
2025-12-16 18:17:05.443,0.015376,-0.018236,0.005060,-0.000013,-0.000003,-0.000010
2025-12-16 18:17:05.444,0.015393,-0.018277,0.005052,-0.000013,-0.000003,-0.000010
2025-12-16 18:17:05.446,0.015436,-0.018377,0.005038,-0.000013,-0.000004,-0.000010
2025-12-16 18:17:05.447,0.015456,-0.018428,0.005029,-0.000013,-0.000003,-0.000010
2025-12-16 18:17:05.448,0.015480,-0.018482,0.005019,-0.000013,-0.000004,-0.000010
2025-12-16 18:17:05.449,0.015502,-0.018540,0.005006,-0.000014,-0.000004,-0.000010
2025-12-16 18:17:05.450,0.015522,-0.018600,0.004994,-0.000013,-0.000003,-0.000010
2025-12-16 18:17:05.451,0.015541,-0.018660,0.004983,-0.000014,-0.000003,-0.000011
2025-12-16 18:17:05.452,0.015565,-0.018741,0.004962,-0.000014,-0.000003,-0.000011
2025-12-16 18:17:05.454,0.015613,-0.018886,0.004921,-0.000014,-0.000003,-0.000011
2025-12-16 18:17:05.455,0.015637,-0.018959,0.004896,-0.000014,-0.000003,-0.000011
2025-12-16 18:17:05.456,0.015663,-0.019034,0.004868,-0.000014,-0.000003,-0.000011
2025-12-16 18:17:05.457,0.015689,-0.019106,0.004836,-0.000014,-0.000003,-0.000011
2025-12-16 18:17:05.458,0.015713,-0.019179,0.004801,-0.000014,-0.000003,-0.000011
2025-12-16 18:17:05.459,0.015732,-0.019248,0.004767,-0.000014,-0.000003,-0.000011
2025-12-16 18:17:05.460,0.015752,-0.019318,0.004731,-0.000014,-0.000003,-0.000011
2025-12-16 18:17:05.461,0.015768,-0.019384,0.004687,-0.000014,-0.000003,-0.000011
2025-12-16 18:17:05.464,0.015790,-0.019578,0.004536,-0.000015,-0.000003,-0.000011
2025-12-16 18:17:05.465,0.015790,-0.019633,0.004490,-0.000015,-0.000003,-0.000011
2025-12-16 18:17:05.466,0.015787,-0.019683,0.004443,-0.000015,-0.000003,-0.000011
2025-12-16 18:17:05.467,0.015784,-0.019734,0.004383,-0.000015,-0.000003,-0.000011
2025-12-16 18:17:05.468,0.015780,-0.019788,0.004319,-0.000015,-0.000003,-0.000011
2025-12-16 18:17:05.470,0.015773,-0.019841,0.004253,-0.000014,-0.000003,-0.000011
2025-12-16 18:17:05.471,0.015766,-0.019892,0.004186,-0.000015,-0.000003,-0.000011
2025-12-16 18:17:05.472,0.015761,-0.019933,0.004129,-0.000014,-0.000003,-0.000011
2025-12-16 18:17:05.473,0.015735,-0.019986,0.004017,-0.000015,-0.000003,-0.000011
2025-12-16 18:17:05.474,0.015718,-0.020006,0.003955,-0.000014,-0.000003,-0.000011
2025-12-16 18:17:05.475,0.015697,-0.020027,0.003886,-0.000015,-0.000003,-0.000011
2025-12-16 18:17:05.476,0.015675,-0.020051,0.003815,-0.000014,-0.000003,-0.000011
2025-12-16 18:17:05.477,0.015651,-0.020075,0.003746,-0.000014,-0.000003,-0.000011
2025-12-16 18:17:05.478,0.015628,-0.020091,0.003675,-0.000014,-0.000003,-0.000011
2025-12-16 18:17:05.479,0.015607,-0.020106,0.003610,-0.000014,-0.000003,-0.000011
2025-12-16 18:17:05.481,0.015590,-0.020119,0.003548,-0.000014,-0.000003,-0.000011
2025-12-16 18:17:05.482,0.015573,-0.020129,0.003488,-0.000014,-0.000003,-0.000011
2025-12-16 18:17:05.483,0.015541,-0.020138,0.003381,-0.000014,-0.000003,-0.000011
2025-12-16 18:17:05.484,0.015527,-0.020139,0.003332,-0.000014,-0.000002,-0.000011
2025-12-16 18:17:05.485,0.015515,-0.020137,0.003285,-0.000014,-0.000002,-0.000011
2025-12-16 18:17:05.486,0.015504,-0.020133,0.003242,-0.000014,-0.000002,-0.000011
2025-12-16 18:17:05.488,0.015494,-0.020130,0.003204,-0.000014,-0.000002,-0.000011
2025-12-16 18:17:05.489,0.015485,-0.020124,0.003165,-0.000014,-0.000003,-0.000011
2025-12-16 18:17:05.490,0.015475,-0.020109,0.003099,-0.000014,-0.000003,-0.000011
2025-12-16 18:17:05.491,0.015476,-0.020101,0.003070,-0.000014,-0.000002,-0.000011
2025-12-16 18:17:05.492,0.015479,-0.020096,0.003047,-0.000014,-0.000003,-0.000010
2025-12-16 18:17:05.493,0.015481,-0.020086,0.003021,-0.000014,-0.000003,-0.000010
2025-12-16 18:17:05.494,0.015484,-0.020074,0.002994,-0.000013,-0.000003,-0.000010
2025-12-16 18:17:05.495,0.015486,-0.020059,0.002969,-0.000014,-0.000003,-0.000010
2025-12-16 18:17:05.496,0.015488,-0.020041,0.002945,-0.000013,-0.000003,-0.000010
2025-12-16 18:17:05.497,0.015490,-0.020024,0.002921,-0.000013,-0.000003,-0.000010
2025-12-16 18:17:05.498,0.015488,-0.019997,0.002893,-0.000013,-0.000003,-0.000010
2025-12-16 18:17:05.499,0.015490,-0.019969,0.002871,-0.000013,-0.000003,-0.000010
2025-12-16 18:17:05.500,0.015491,-0.019939,0.002847,-0.000013,-0.000003,-0.000010
2025-12-16 18:17:05.502,0.015494,-0.019908,0.002826,-0.000013,-0.000003,-0.000010
2025-12-16 18:17:05.503,0.015496,-0.019839,0.002788,-0.000013,-0.000003,-0.000010
2025-12-16 18:17:05.504,0.015500,-0.019798,0.002773,-0.000013,-0.000003,-0.000010
2025-12-16 18:17:05.505,0.015501,-0.019760,0.002758,-0.000013,-0.000003,-0.000010
2025-12-16 18:17:05.506,0.015499,-0.019719,0.002744,-0.000013,-0.000003,-0.000010
2025-12-16 18:17:05.507,0.015496,-0.019676,0.002730,-0.000013,-0.000003,-0.000010
2025-12-16 18:17:05.508,0.015495,-0.019633,0.002716,-0.000013,-0.000003,-0.000010
2025-12-16 18:17:05.509,0.015492,-0.019584,0.002704,-0.000013,-0.000003,-0.000010
2025-12-16 18:17:05.510,0.015486,-0.019531,0.002693,-0.000013,-0.000003,-0.000010
2025-12-16 18:17:05.511,0.015476,-0.019477,0.002682,-0.000013,-0.000003,-0.000010
2025-12-16 18:17:05.513,0.015461,-0.019423,0.002673,-0.000013,-0.000003,-0.000010
2025-12-16 18:17:05.514,0.015443,-0.019369,0.002665,-0.000013,-0.000003,-0.000010
2025-12-16 18:17:05.515,0.015424,-0.019315,0.002657,-0.000013,-0.000003,-0.000010
2025-12-16 18:17:05.516,0.015410,-0.019259,0.002649,-0.000013,-0.000003,-0.000010
2025-12-16 18:17:05.517,0.015375,-0.019144,0.002640,-0.000013,-0.000003,-0.000010
2025-12-16 18:17:05.518,0.015358,-0.019090,0.002641,-0.000013,-0.000003,-0.000010
2025-12-16 18:17:05.519,0.015335,-0.019038,0.002640,-0.000012,-0.000003,-0.000010
2025-12-16 18:17:05.520,0.015311,-0.018991,0.002642,-0.000012,-0.000003,-0.000010
2025-12-16 18:17:05.521,0.015285,-0.018944,0.002644,-0.000012,-0.000003,-0.000010
2025-12-16 18:17:05.522,0.015257,-0.018895,0.002649,-0.000012,-0.000003,-0.000010
2025-12-16 18:17:05.523,0.015225,-0.018846,0.002652,-0.000012,-0.000003,-0.000010
2025-12-16 18:17:05.524,0.015187,-0.018798,0.002653,-0.000012,-0.000003,-0.000010
2025-12-16 18:17:05.525,0.015149,-0.018754,0.002655,-0.000012,-0.000003,-0.000010
2025-12-16 18:17:05.526,0.015114,-0.018712,0.002660,-0.000012,-0.000003,-0.000010
2025-12-16 18:17:05.528,0.015079,-0.018669,0.002665,-0.000012,-0.000004,-0.000010
2025-12-16 18:17:05.529,0.015042,-0.018630,0.002671,-0.000012,-0.000004,-0.000010
2025-12-16 18:17:05.530,0.014976,-0.018564,0.002676,-0.000012,-0.000004,-0.000010
2025-12-16 18:17:05.531,0.014935,-0.018526,0.002677,-0.000012,-0.000004,-0.000010
2025-12-16 18:17:05.532,0.014890,-0.018487,0.002676,-0.000012,-0.000004,-0.000010
2025-12-16 18:17:05.533,0.014841,-0.018446,0.002673,-0.000012,-0.000003,-0.000010
2025-12-16 18:17:05.534,0.014791,-0.018406,0.002668,-0.000012,-0.000003,-0.000010
2025-12-16 18:17:05.536,0.014681,-0.018325,0.002645,-0.000012,-0.000003,-0.000010
2025-12-16 18:17:05.537,0.014624,-0.018288,0.002630,-0.000012,-0.000003,-0.000010
2025-12-16 18:17:05.538,0.014565,-0.018248,0.002612,-0.000012,-0.000003,-0.000010
2025-12-16 18:17:05.539,0.014503,-0.018204,0.002593,-0.000012,-0.000003,-0.000009
2025-12-16 18:17:05.540,0.014443,-0.018165,0.002572,-0.000012,-0.000003,-0.000009
2025-12-16 18:17:05.541,0.014381,-0.018123,0.002552,-0.000012,-0.000003,-0.000009
2025-12-16 18:17:05.542,0.014322,-0.018083,0.002528,-0.000012,-0.000003,-0.000009
2025-12-16 18:17:05.543,0.014257,-0.018042,0.002501,-0.000012,-0.000003,-0.000009
2025-12-16 18:17:05.544,0.014194,-0.018002,0.002471,-0.000011,-0.000003,-0.000009
2025-12-16 18:17:05.546,0.014142,-0.017970,0.002444,-0.000011,-0.000003,-0.000009
2025-12-16 18:17:05.547,0.014075,-0.017926,0.002407,-0.000011,-0.000003,-0.000009
2025-12-16 18:17:05.548,0.014005,-0.017881,0.002366,-0.000011,-0.000003,-0.000009
2025-12-16 18:17:05.549,0.013944,-0.017842,0.002330,-0.000011,-0.000003,-0.000009
2025-12-16 18:17:05.550,0.013823,-0.017764,0.002258,-0.000011,-0.000003,-0.000009
2025-12-16 18:17:05.551,0.013762,-0.017726,0.002222,-0.000011,-0.000003,-0.000009
2025-12-16 18:17:05.552,0.013674,-0.017679,0.002151,-0.000011,-0.000003,-0.000009
2025-12-16 18:17:05.553,0.013592,-0.017635,0.002085,-0.000011,-0.000003,-0.000009
2025-12-16 18:17:05.554,0.013517,-0.017593,0.002025,-0.000011,-0.000003,-0.000009
2025-12-16 18:17:05.556,0.013444,-0.017553,0.001967,-0.000011,-0.000003,-0.000009
2025-12-16 18:17:05.557,0.013374,-0.017518,0.001909,-0.000011,-0.000003,-0.000009
2025-12-16 18:17:05.558,0.013238,-0.017448,0.001799,-0.000010,-0.000003,-0.000009
2025-12-16 18:17:05.559,0.013175,-0.017418,0.001743,-0.000010,-0.000003,-0.000009
2025-12-16 18:17:05.560,0.013112,-0.017389,0.001685,-0.000010,-0.000003,-0.000009
2025-12-16 18:17:05.561,0.013046,-0.017358,0.001624,-0.000010,-0.000003,-0.000009
2025-12-16 18:17:05.562,0.012981,-0.017328,0.001566,-0.000010,-0.000003,-0.000009
2025-12-16 18:17:05.563,0.012920,-0.017299,0.001509,-0.000010,-0.000002,-0.000009
2025-12-16 18:17:05.564,0.012856,-0.017268,0.001454,-0.000010,-0.000002,-0.000009
2025-12-16 18:17:05.565,0.012791,-0.017239,0.001400,-0.000010,-0.000002,-0.000009
2025-12-16 18:17:05.566,0.012728,-0.017210,0.001350,-0.000010,-0.000003,-0.000009
2025-12-16 18:17:05.567,0.012662,-0.017182,0.001295,-0.000010,-0.000003,-0.000008
2025-12-16 18:17:05.569,0.012596,-0.017154,0.001242,-0.000010,-0.000002,-0.000008
2025-12-16 18:17:05.570,0.012460,-0.017091,0.001137,-0.000009,-0.000003,-0.000008
2025-12-16 18:17:05.571,0.012390,-0.017058,0.001087,-0.000009,-0.000003,-0.000008
2025-12-16 18:17:05.572,0.012331,-0.017030,0.001045,-0.000009,-0.000003,-0.000008
2025-12-16 18:17:05.573,0.012271,-0.017001,0.001007,-0.000009,-0.000003,-0.000008
2025-12-16 18:17:05.574,0.012196,-0.016966,0.000962,-0.000009,-0.000002,-0.000008
2025-12-16 18:17:05.576,0.012116,-0.016925,0.000918,-0.000009,-0.000002,-0.000008
2025-12-16 18:17:05.577,0.011956,-0.016842,0.000834,-0.000009,-0.000002,-0.000008
2025-12-16 18:17:05.578,0.011873,-0.016799,0.000794,-0.000009,-0.000002,-0.000008
2025-12-16 18:17:05.579,0.011790,-0.016752,0.000757,-0.000008,-0.000002,-0.000008
2025-12-16 18:17:05.580,0.011706,-0.016705,0.000720,-0.000008,-0.000002,-0.000008
2025-12-16 18:17:05.581,0.011621,-0.016655,0.000687,-0.000008,-0.000002,-0.000008
2025-12-16 18:17:05.583,0.011449,-0.016553,0.000622,-0.000008,-0.000002,-0.000008
2025-12-16 18:17:05.584,0.011376,-0.016508,0.000596,-0.000008,-0.000003,-0.000008
2025-12-16 18:17:05.585,0.011293,-0.016457,0.000566,-0.000008,-0.000002,-0.000008
2025-12-16 18:17:05.586,0.011205,-0.016402,0.000537,-0.000008,-0.000002,-0.000008
2025-12-16 18:17:05.587,0.011109,-0.016338,0.000506,-0.000008,-0.000002,-0.000008
2025-12-16 18:17:05.588,0.011009,-0.016270,0.000474,-0.000007,-0.000002,-0.000008
2025-12-16 18:17:05.590,0.010912,-0.016202,0.000439,-0.000007,-0.000002,-0.000008
2025-12-16 18:17:05.591,0.010819,-0.016134,0.000407,-0.000007,-0.000002,-0.000007
2025-12-16 18:17:05.592,0.010629,-0.015997,0.000351,-0.000007,-0.000002,-0.000007
2025-12-16 18:17:05.593,0.010534,-0.015927,0.000323,-0.000007,-0.000002,-0.000007
2025-12-16 18:17:05.594,0.010438,-0.015855,0.000294,-0.000007,-0.000002,-0.000007
2025-12-16 18:17:05.595,0.010343,-0.015784,0.000265,-0.000007,-0.000002,-0.000007
2025-12-16 18:17:05.596,0.010246,-0.015708,0.000236,-0.000007,-0.000002,-0.000007
2025-12-16 18:17:05.597,0.010151,-0.015632,0.000208,-0.000007,-0.000002,-0.000007
2025-12-16 18:17:05.598,0.010056,-0.015556,0.000180,-0.000007,-0.000002,-0.000007
2025-12-16 18:17:05.599,0.009959,-0.015479,0.000149,-0.000007,-0.000002,-0.000007
2025-12-16 18:17:05.601,0.009863,-0.015400,0.000120,-0.000006,-0.000002,-0.000007
2025-12-16 18:17:05.602,0.009678,-0.015244,0.000066,-0.000006,-0.000002,-0.000007
2025-12-16 18:17:05.603,0.009590,-0.015168,0.000040,-0.000006,-0.000002,-0.000007
2025-12-16 18:17:05.604,0.009501,-0.015091,0.000016,-0.000006,-0.000002,-0.000007
2025-12-16 18:17:05.605,0.009414,-0.015016,-0.000008,-0.000006,-0.000002,-0.000007
2025-12-16 18:17:05.606,0.009340,-0.014953,-0.000027,-0.000006,-0.000002,-0.000007
2025-12-16 18:17:05.610,0.009028,-0.014684,-0.000118,-0.000005,-0.000002,-0.000007
2025-12-16 18:17:05.612,0.008947,-0.014619,-0.000143,-0.000005,-0.000002,-0.000006
2025-12-16 18:17:05.613,0.008870,-0.014553,-0.000166,-0.000005,-0.000002,-0.000006
2025-12-16 18:17:05.614,0.008716,-0.014423,-0.000209,-0.000005,-0.000002,-0.000006
2025-12-16 18:17:05.617,0.008571,-0.014302,-0.000245,-0.000005,-0.000002,-0.000006
2025-12-16 18:17:05.618,0.008425,-0.014184,-0.000287,-0.000005,-0.000002,-0.000006
2025-12-16 18:17:05.619,0.008356,-0.014126,-0.000306,-0.000005,-0.000002,-0.000006
2025-12-16 18:17:05.620,0.008288,-0.014069,-0.000326,-0.000005,-0.000002,-0.000006
2025-12-16 18:17:05.621,0.008219,-0.014011,-0.000346,-0.000005,-0.000002,-0.000006
2025-12-16 18:17:05.623,0.008146,-0.013953,-0.000367,-0.000005,-0.000002,-0.000006
2025-12-16 18:17:05.624,0.007992,-0.013833,-0.000414,-0.000004,-0.000002,-0.000006
2025-12-16 18:17:05.625,0.007928,-0.013784,-0.000434,-0.000004,-0.000002,-0.000006
2025-12-16 18:17:05.626,0.007853,-0.013725,-0.000460,-0.000004,-0.000002,-0.000006
2025-12-16 18:17:05.627,0.007772,-0.013662,-0.000488,-0.000004,-0.000002,-0.000006
2025-12-16 18:17:05.628,0.007691,-0.013598,-0.000518,-0.000004,-0.000002,-0.000006
2025-12-16 18:17:05.630,0.007609,-0.013530,-0.000546,-0.000004,-0.000002,-0.000006
2025-12-16 18:17:05.631,0.007446,-0.013394,-0.000602,-0.000004,-0.000002,-0.000006
2025-12-16 18:17:05.632,0.007366,-0.013331,-0.000633,-0.000004,-0.000002,-0.000006
2025-12-16 18:17:05.633,0.007280,-0.013263,-0.000668,-0.000004,-0.000002,-0.000006
2025-12-16 18:17:05.634,0.007195,-0.013195,-0.000704,-0.000004,-0.000002,-0.000005
2025-12-16 18:17:05.636,0.007111,-0.013125,-0.000743,-0.000004,-0.000001,-0.000005
2025-12-16 18:17:05.637,0.006942,-0.012992,-0.000829,-0.000004,-0.000001,-0.000005
2025-12-16 18:17:05.638,0.006860,-0.012925,-0.000878,-0.000004,-0.000001,-0.000005
2025-12-16 18:17:05.639,0.006774,-0.012854,-0.000925,-0.000003,-0.000001,-0.000005
2025-12-16 18:17:05.640,0.006687,-0.012784,-0.000976,-0.000003,-0.000001,-0.000005
2025-12-16 18:17:05.642,0.006602,-0.012715,-0.001024,-0.000003,-0.000001,-0.000005
2025-12-16 18:17:05.643,0.006439,-0.012587,-0.001129,-0.000003,-0.000001,-0.000005
2025-12-16 18:17:05.644,0.006356,-0.012520,-0.001187,-0.000003,-0.000001,-0.000005
2025-12-16 18:17:05.645,0.006274,-0.012452,-0.001244,-0.000003,-0.000001,-0.000005
2025-12-16 18:17:05.646,0.006188,-0.012386,-0.001302,-0.000003,-0.000001,-0.000005
2025-12-16 18:17:05.647,0.006102,-0.012321,-0.001364,-0.000003,-0.000001,-0.000005
2025-12-16 18:17:05.649,0.006024,-0.012261,-0.001425,-0.000003,-0.000001,-0.000005
2025-12-16 18:17:05.650,0.005854,-0.012138,-0.001554,-0.000003,-0.000001,-0.000005
2025-12-16 18:17:05.651,0.005770,-0.012079,-0.001621,-0.000003,-0.000001,-0.000005
2025-12-16 18:17:05.652,0.005687,-0.012019,-0.001688,-0.000003,-0.000001,-0.000005
2025-12-16 18:17:05.654,0.005527,-0.011911,-0.001816,-0.000003,-0.000001,-0.000004
2025-12-16 18:17:05.655,0.005445,-0.011861,-0.001882,-0.000003,-0.000001,-0.000004
2025-12-16 18:17:05.656,0.005365,-0.011809,-0.001950,-0.000003,-0.000001,-0.000004
2025-12-16 18:17:05.657,0.005285,-0.011758,-0.002018,-0.000003,-0.000001,-0.000004
2025-12-16 18:17:05.659,0.005205,-0.011715,-0.002080,-0.000003,-0.000001,-0.000004
2025-12-16 18:17:05.660,0.005055,-0.011637,-0.002206,-0.000003,-0.000001,-0.000004
2025-12-16 18:17:05.661,0.004982,-0.011600,-0.002267,-0.000003,-0.000001,-0.000004
2025-12-16 18:17:05.662,0.004908,-0.011564,-0.002329,-0.000003,-0.000001,-0.000004
2025-12-16 18:17:05.663,0.004835,-0.011531,-0.002390,-0.000003,-0.000001,-0.000004
2025-12-16 18:17:05.664,0.004763,-0.011505,-0.002446,-0.000003,-0.000001,-0.000004
2025-12-16 18:17:05.666,0.004693,-0.011480,-0.002504,-0.000003,-0.000001,-0.000004
2025-12-16 18:17:05.667,0.004561,-0.011439,-0.002608,-0.000003,-0.000001,-0.000004
2025-12-16 18:17:05.668,0.004495,-0.011421,-0.002657,-0.000002,-0.000001,-0.000004
2025-12-16 18:17:05.669,0.004431,-0.011408,-0.002706,-0.000002,-0.000001,-0.000004
2025-12-16 18:17:05.670,0.004368,-0.011395,-0.002755,-0.000002,-0.000001,-0.000004
2025-12-16 18:17:05.672,0.004307,-0.011386,-0.002803,-0.000003,-0.000001,-0.000004
2025-12-16 18:17:05.673,0.004192,-0.011372,-0.002893,-0.000002,-0.000001,-0.000004
2025-12-16 18:17:05.674,0.004136,-0.011366,-0.002937,-0.000002,-0.000001,-0.000004
2025-12-16 18:17:05.675,0.004082,-0.011362,-0.002980,-0.000002,-0.000001,-0.000004
2025-12-16 18:17:05.676,0.004026,-0.011360,-0.003020,-0.000002,-0.000000,-0.000004
2025-12-16 18:17:05.678,0.003975,-0.011358,-0.003058,-0.000002,-0.000000,-0.000004
2025-12-16 18:17:05.679,0.003865,-0.011355,-0.003131,-0.000002,-0.000000,-0.000004
2025-12-16 18:17:05.680,0.003808,-0.011351,-0.003166,-0.000002,-0.000000,-0.000004
2025-12-16 18:17:05.681,0.003752,-0.011348,-0.003201,-0.000002,-0.000000,-0.000004
2025-12-16 18:17:05.682,0.003696,-0.011345,-0.003232,-0.000002,-0.000000,-0.000004
2025-12-16 18:17:05.684,0.003636,-0.011343,-0.003269,-0.000002,-0.000000,-0.000004
2025-12-16 18:17:05.685,0.003515,-0.011335,-0.003334,-0.000002,-0.000000,-0.000004
2025-12-16 18:17:05.686,0.003453,-0.011329,-0.003367,-0.000002,-0.000000,-0.000004
2025-12-16 18:17:05.687,0.003389,-0.011325,-0.003400,-0.000002,-0.000000,-0.000004
2025-12-16 18:17:05.688,0.003322,-0.011319,-0.003436,-0.000002,-0.000000,-0.000004
2025-12-16 18:17:05.689,0.003253,-0.011315,-0.003471,-0.000002,-0.000000,-0.000004
2025-12-16 18:17:05.691,0.003194,-0.011312,-0.003500,-0.000002,-0.000000,-0.000003
2025-12-16 18:17:05.692,0.003046,-0.011289,-0.003565,-0.000002,-0.000000,-0.000003
2025-12-16 18:17:05.693,0.002969,-0.011275,-0.003597,-0.000002,-0.000000,-0.000003
2025-12-16 18:17:05.694,0.002904,-0.011264,-0.003622,-0.000002,-0.000000,-0.000003
2025-12-16 18:17:05.695,0.002825,-0.011250,-0.003651,-0.000002,-0.000000,-0.000003
2025-12-16 18:17:05.696,0.002741,-0.011232,-0.003681,-0.000002,0.000000,-0.000003
2025-12-16 18:17:05.698,0.002668,-0.011216,-0.003706,-0.000002,0.000000,-0.000003
2025-12-16 18:17:05.699,0.002499,-0.011176,-0.003769,-0.000002,0.000000,-0.000003
2025-12-16 18:17:05.700,0.002410,-0.011153,-0.003799,-0.000002,0.000000,-0.000003
2025-12-16 18:17:05.701,0.002319,-0.011127,-0.003831,-0.000002,0.000000,-0.000003
2025-12-16 18:17:05.703,0.002232,-0.011102,-0.003859,-0.000002,0.000000,-0.000003
2025-12-16 18:17:05.704,0.002068,-0.011046,-0.003911,-0.000002,0.000000,-0.000003
2025-12-16 18:17:05.705,0.001988,-0.011015,-0.003939,-0.000002,0.000000,-0.000003
2025-12-16 18:17:05.706,0.001910,-0.010983,-0.003964,-0.000002,0.000000,-0.000003
2025-12-16 18:17:05.707,0.001836,-0.010951,-0.003990,-0.000002,0.000000,-0.000003
2025-12-16 18:17:05.708,0.001767,-0.010923,-0.004017,-0.000002,0.000000,-0.000003
2025-12-16 18:17:05.709,0.001704,-0.010896,-0.004042,-0.000002,0.000000,-0.000003
2025-12-16 18:17:05.711,0.001583,-0.010830,-0.004091,-0.000002,0.000001,-0.000003
2025-12-16 18:17:05.712,0.001528,-0.010797,-0.004112,-0.000001,0.000001,-0.000003
2025-12-16 18:17:05.713,0.001473,-0.010764,-0.004136,-0.000001,0.000001,-0.000003
2025-12-16 18:17:05.714,0.001423,-0.010729,-0.004158,-0.000001,0.000001,-0.000003
2025-12-16 18:17:05.715,0.001374,-0.010692,-0.004180,-0.000001,0.000001,-0.000003
2025-12-16 18:17:05.717,0.001333,-0.010660,-0.004198,-0.000001,0.000001,-0.000003
2025-12-16 18:17:05.718,0.001240,-0.010595,-0.004241,-0.000001,0.000001,-0.000003
2025-12-16 18:17:05.719,0.001198,-0.010565,-0.004267,-0.000001,0.000001,-0.000003
2025-12-16 18:17:05.720,0.001159,-0.010533,-0.004292,-0.000001,0.000001,-0.000003
2025-12-16 18:17:05.721,0.001124,-0.010504,-0.004317,-0.000001,0.000001,-0.000003
2025-12-16 18:17:05.722,0.001091,-0.010474,-0.004344,-0.000001,0.000001,-0.000003
2025-12-16 18:17:05.723,0.001060,-0.010448,-0.004373,-0.000001,0.000001,-0.000002
2025-12-16 18:17:05.724,0.001030,-0.010420,-0.004403,-0.000001,0.000001,-0.000002
2025-12-16 18:17:05.726,0.000998,-0.010396,-0.004431,-0.000001,0.000001,-0.000002
2025-12-16 18:17:05.727,0.000970,-0.010376,-0.004456,-0.000001,0.000001,-0.000002
2025-12-16 18:17:05.728,0.000906,-0.010333,-0.004514,-0.000001,0.000001,-0.000002
2025-12-16 18:17:05.729,0.000870,-0.010311,-0.004547,-0.000001,0.000001,-0.000002
2025-12-16 18:17:05.730,0.000838,-0.010295,-0.004580,-0.000001,0.000001,-0.000002
2025-12-16 18:17:05.731,0.000807,-0.010279,-0.004614,-0.000001,0.000001,-0.000002
2025-12-16 18:17:05.732,0.000771,-0.010261,-0.004650,-0.000001,0.000001,-0.000002
2025-12-16 18:17:05.733,0.000735,-0.010244,-0.004687,-0.000001,0.000001,-0.000002
2025-12-16 18:17:05.735,0.000696,-0.010226,-0.004723,-0.000001,0.000001,-0.000002
2025-12-16 18:17:05.736,0.000625,-0.010194,-0.004798,-0.000001,0.000001,-0.000002
2025-12-16 18:17:05.737,0.000591,-0.010177,-0.004836,-0.000001,0.000001,-0.000002
2025-12-16 18:17:05.738,0.000556,-0.010164,-0.004877,-0.000001,0.000001,-0.000002
2025-12-16 18:17:05.739,0.000524,-0.010150,-0.004916,-0.000001,0.000001,-0.000002
2025-12-16 18:17:05.740,0.000488,-0.010136,-0.004955,-0.000001,0.000001,-0.000002
2025-12-16 18:17:05.741,0.000456,-0.010124,-0.004990,-0.000001,0.000001,-0.000002
2025-12-16 18:17:05.742,0.000417,-0.010108,-0.005035,-0.000001,0.000001,-0.000002
2025-12-16 18:17:05.744,0.000377,-0.010092,-0.005083,-0.000002,0.000001,-0.000002
2025-12-16 18:17:05.745,0.000337,-0.010077,-0.005128,-0.000001,0.000001,-0.000002
2025-12-16 18:17:05.746,0.000262,-0.010044,-0.005224,-0.000001,0.000001,-0.000002
2025-12-16 18:17:05.747,0.000224,-0.010025,-0.005276,-0.000001,0.000001,-0.000002
2025-12-16 18:17:05.748,0.000188,-0.010004,-0.005329,-0.000002,0.000001,-0.000002
2025-12-16 18:17:05.749,0.000156,-0.009982,-0.005378,-0.000002,0.000001,-0.000002
2025-12-16 18:17:05.750,0.000122,-0.009956,-0.005427,-0.000001,0.000001,-0.000002
2025-12-16 18:17:05.751,0.000088,-0.009931,-0.005474,-0.000001,0.000001,-0.000002
2025-12-16 18:17:05.752,0.000057,-0.009906,-0.005523,-0.000002,0.000001,-0.000002
2025-12-16 18:17:05.753,0.000025,-0.009880,-0.005572,-0.000002,0.000001,-0.000002
2025-12-16 18:17:05.755,-0.000004,-0.009852,-0.005620,-0.000002,0.000001,-0.000002
2025-12-16 18:17:05.756,-0.000033,-0.009821,-0.005666,-0.000002,0.000001,-0.000002
2025-12-16 18:17:05.758,-0.000131,-0.009706,-0.005808,-0.000002,0.000001,-0.000002
2025-12-16 18:17:05.759,-0.000165,-0.009665,-0.005852,-0.000002,0.000001,-0.000002
2025-12-16 18:17:05.760,-0.000199,-0.009618,-0.005898,-0.000002,0.000001,-0.000002
2025-12-16 18:17:05.761,-0.000232,-0.009570,-0.005938,-0.000002,0.000002,-0.000002
2025-12-16 18:17:05.763,-0.000265,-0.009524,-0.005979,-0.000002,0.000002,-0.000002
2025-12-16 18:17:05.764,-0.000335,-0.009422,-0.006058,-0.000002,0.000002,-0.000002
2025-12-16 18:17:05.768,-0.000437,-0.009254,-0.006160,-0.000002,0.000002,-0.000002
2025-12-16 18:17:05.771,-0.000577,-0.009011,-0.006264,-0.000002,0.000002,-0.000001
2025-12-16 18:17:05.772,-0.000613,-0.008944,-0.006285,-0.000002,0.000002,-0.000001
2025-12-16 18:17:05.773,-0.000650,-0.008874,-0.006306,-0.000002,0.000002,-0.000001
2025-12-16 18:17:05.775,-0.000724,-0.008736,-0.006347,-0.000002,0.000002,-0.000001
2025-12-16 18:17:05.776,-0.000759,-0.008664,-0.006363,-0.000002,0.000002,-0.000001
2025-12-16 18:17:05.777,-0.000793,-0.008593,-0.006377,-0.000002,0.000002,-0.000001
2025-12-16 18:17:05.778,-0.000827,-0.008520,-0.006389,-0.000002,0.000002,-0.000001
2025-12-16 18:17:05.779,-0.000858,-0.008448,-0.006398,-0.000002,0.000002,-0.000001
2025-12-16 18:17:05.780,-0.000890,-0.008376,-0.006409,-0.000002,0.000002,-0.000001
2025-12-16 18:17:05.782,-0.000923,-0.008302,-0.006419,-0.000002,0.000002,-0.000001
2025-12-16 18:17:05.783,-0.000981,-0.008151,-0.006441,-0.000002,0.000002,-0.000001
2025-12-16 18:17:05.784,-0.001007,-0.008083,-0.006452,-0.000002,0.000002,-0.000001
2025-12-16 18:17:05.785,-0.001032,-0.008022,-0.006463,-0.000002,0.000002,-0.000001
2025-12-16 18:17:05.786,-0.001061,-0.007949,-0.006472,-0.000002,0.000002,-0.000001
2025-12-16 18:17:05.788,-0.001094,-0.007872,-0.006483,-0.000002,0.000002,-0.000001
2025-12-16 18:17:05.789,-0.001158,-0.007718,-0.006502,-0.000002,0.000002,-0.000001
2025-12-16 18:17:05.790,-0.001186,-0.007644,-0.006512,-0.000002,0.000002,-0.000001
2025-12-16 18:17:05.791,-0.001208,-0.007582,-0.006522,-0.000002,0.000002,-0.000001
2025-12-16 18:17:05.792,-0.001232,-0.007517,-0.006531,-0.000002,0.000002,-0.000001
2025-12-16 18:17:05.794,-0.001293,-0.007374,-0.006557,-0.000002,0.000002,-0.000001
2025-12-16 18:17:05.795,-0.001323,-0.007304,-0.006569,-0.000002,0.000002,-0.000001
2025-12-16 18:17:05.796,-0.001349,-0.007238,-0.006582,-0.000002,0.000002,-0.000001
2025-12-16 18:17:05.797,-0.001376,-0.007172,-0.006598,-0.000002,0.000002,-0.000001
2025-12-16 18:17:05.798,-0.001402,-0.007114,-0.006616,-0.000002,0.000002,-0.000001
2025-12-16 18:17:05.799,-0.001430,-0.007054,-0.006632,-0.000002,0.000002,-0.000001
2025-12-16 18:17:05.801,-0.001460,-0.006991,-0.006649,-0.000002,0.000002,-0.000001
2025-12-16 18:17:05.802,-0.001520,-0.006873,-0.006679,-0.000002,0.000002,-0.000001
2025-12-16 18:17:05.803,-0.001554,-0.006816,-0.006695,-0.000002,0.000002,-0.000001
2025-12-16 18:17:05.804,-0.001584,-0.006770,-0.006710,-0.000002,0.000002,-0.000001
2025-12-16 18:17:05.805,-0.001612,-0.006725,-0.006724,-0.000002,0.000002,-0.000001
2025-12-16 18:17:05.806,-0.001638,-0.006681,-0.006737,-0.000002,0.000002,-0.000001
2025-12-16 18:17:05.808,-0.001669,-0.006629,-0.006754,-0.000002,0.000002,-0.000001
2025-12-16 18:17:05.809,-0.001731,-0.006520,-0.006795,-0.000002,0.000002,-0.000001
2025-12-16 18:17:05.811,-0.001796,-0.006419,-0.006841,-0.000002,0.000002,-0.000000
2025-12-16 18:17:05.812,-0.001830,-0.006365,-0.006863,-0.000002,0.000002,-0.000000
2025-12-16 18:17:05.813,-0.001859,-0.006318,-0.006882,-0.000002,0.000002,-0.000000
2025-12-16 18:17:05.814,-0.001889,-0.006277,-0.006905,-0.000002,0.000002,-0.000000
2025-12-16 18:17:05.815,-0.001922,-0.006235,-0.006933,-0.000002,0.000002,-0.000000
2025-12-16 18:17:05.816,-0.001962,-0.006193,-0.006959,-0.000002,0.000002,-0.000000
2025-12-16 18:17:05.818,-0.002000,-0.006153,-0.006981,-0.000002,0.000002,-0.000000
2025-12-16 18:17:05.821,-0.002099,-0.006044,-0.007042,-0.000002,0.000003,-0.000000
2025-12-16 18:17:05.822,-0.002156,-0.005981,-0.007094,-0.000002,0.000003,-0.000000
2025-12-16 18:17:05.824,-0.002209,-0.005915,-0.007153,-0.000002,0.000003,-0.000000
2025-12-16 18:17:05.825,-0.002236,-0.005885,-0.007185,-0.000002,0.000003,-0.000000
2025-12-16 18:17:05.826,-0.002262,-0.005856,-0.007215,-0.000002,0.000003,-0.000000
2025-12-16 18:17:05.827,-0.002287,-0.005829,-0.007242,-0.000002,0.000003,-0.000000
2025-12-16 18:17:05.828,-0.002307,-0.005807,-0.007265,-0.000002,0.000003,0.000000
2025-12-16 18:17:05.829,-0.002327,-0.005791,-0.007290,-0.000002,0.000003,0.000000
2025-12-16 18:17:05.830,-0.002352,-0.005773,-0.007315,-0.000002,0.000003,0.000000
2025-12-16 18:17:05.832,-0.002380,-0.005752,-0.007342,-0.000002,0.000003,0.000000
2025-12-16 18:17:05.833,-0.002410,-0.005733,-0.007373,-0.000002,0.000003,0.000000
2025-12-16 18:17:05.834,-0.002471,-0.005689,-0.007437,-0.000002,0.000003,0.000000
2025-12-16 18:17:05.835,-0.002496,-0.005671,-0.007466,-0.000002,0.000003,0.000000
2025-12-16 18:17:05.836,-0.002515,-0.005655,-0.007493,-0.000002,0.000003,0.000000
2025-12-16 18:17:05.837,-0.002534,-0.005643,-0.007525,-0.000002,0.000003,0.000000
2025-12-16 18:17:05.838,-0.002553,-0.005630,-0.007555,-0.000002,0.000003,0.000000
2025-12-16 18:17:05.839,-0.002572,-0.005618,-0.007586,-0.000002,0.000003,0.000000
2025-12-16 18:17:05.841,-0.002591,-0.005605,-0.007614,-0.000002,0.000003,0.000000
2025-12-16 18:17:05.842,-0.002630,-0.005580,-0.007672,-0.000002,0.000003,0.000000
2025-12-16 18:17:05.843,-0.002650,-0.005568,-0.007701,-0.000002,0.000003,0.000000
2025-12-16 18:17:05.844,-0.002678,-0.005559,-0.007716,-0.000002,0.000003,0.000000
2025-12-16 18:17:05.845,-0.002704,-0.005550,-0.007734,-0.000002,0.000003,0.000000
2025-12-16 18:17:05.846,-0.002725,-0.005542,-0.007751,-0.000003,0.000003,0.000000
2025-12-16 18:17:05.847,-0.002747,-0.005531,-0.007773,-0.000002,0.000003,0.000000
2025-12-16 18:17:05.849,-0.002768,-0.005518,-0.007795,-0.000002,0.000003,0.000000
2025-12-16 18:17:05.850,-0.002807,-0.005495,-0.007833,-0.000002,0.000003,0.000000
2025-12-16 18:17:05.851,-0.002826,-0.005486,-0.007849,-0.000002,0.000003,0.000000
2025-12-16 18:17:05.852,-0.002844,-0.005476,-0.007864,-0.000002,0.000003,0.000000
2025-12-16 18:17:05.853,-0.002861,-0.005465,-0.007879,-0.000002,0.000003,0.000000
2025-12-16 18:17:05.855,-0.002876,-0.005456,-0.007895,-0.000002,0.000003,0.000000
2025-12-16 18:17:05.856,-0.002893,-0.005444,-0.007906,-0.000002,0.000003,0.000000
2025-12-16 18:17:05.857,-0.002929,-0.005418,-0.007932,-0.000002,0.000003,0.000000
2025-12-16 18:17:05.858,-0.002944,-0.005404,-0.007941,-0.000002,0.000003,0.000001
2025-12-16 18:17:05.859,-0.002958,-0.005393,-0.007947,-0.000002,0.000003,0.000001
2025-12-16 18:17:05.860,-0.002973,-0.005381,-0.007953,-0.000003,0.000003,0.000001
2025-12-16 18:17:05.861,-0.002984,-0.005369,-0.007955,-0.000002,0.000003,0.000001
2025-12-16 18:17:05.862,-0.002999,-0.005358,-0.007959,-0.000002,0.000003,0.000001
2025-12-16 18:17:05.863,-0.003013,-0.005345,-0.007968,-0.000003,0.000003,0.000001
2025-12-16 18:17:05.864,-0.003024,-0.005334,-0.007977,-0.000003,0.000003,0.000001
2025-12-16 18:17:05.866,-0.003035,-0.005322,-0.007987,-0.000003,0.000003,0.000001
2025-12-16 18:17:05.867,-0.003043,-0.005310,-0.007994,-0.000002,0.000004,0.000001
2025-12-16 18:17:05.868,-0.003066,-0.005284,-0.008003,-0.000003,0.000004,0.000001
2025-12-16 18:17:05.869,-0.003080,-0.005272,-0.008006,-0.000003,0.000004,0.000001
2025-12-16 18:17:05.870,-0.003090,-0.005259,-0.008008,-0.000002,0.000003,0.000001
2025-12-16 18:17:05.871,-0.003099,-0.005245,-0.008012,-0.000003,0.000004,0.000001
2025-12-16 18:17:05.872,-0.003109,-0.005229,-0.008018,-0.000003,0.000004,0.000001
2025-12-16 18:17:05.873,-0.003121,-0.005216,-0.008023,-0.000002,0.000004,0.000001
2025-12-16 18:17:05.874,-0.003133,-0.005200,-0.008026,-0.000002,0.000004,0.000001
2025-12-16 18:17:05.875,-0.003141,-0.005188,-0.008032,-0.000002,0.000004,0.000001
2025-12-16 18:17:05.876,-0.003151,-0.005173,-0.008037,-0.000003,0.000004,0.000001
2025-12-16 18:17:05.878,-0.003161,-0.005161,-0.008041,-0.000003,0.000004,0.000001
2025-12-16 18:17:05.879,-0.003172,-0.005138,-0.008047,-0.000003,0.000004,0.000001
2025-12-16 18:17:05.880,-0.003180,-0.005123,-0.008051,-0.000002,0.000004,0.000001
2025-12-16 18:17:05.881,-0.003187,-0.005108,-0.008052,-0.000003,0.000004,0.000001
2025-12-16 18:17:05.882,-0.003190,-0.005095,-0.008053,-0.000002,0.000004,0.000001
2025-12-16 18:17:05.883,-0.003192,-0.005079,-0.008054,-0.000003,0.000004,0.000001
2025-12-16 18:17:05.884,-0.003196,-0.005066,-0.008054,-0.000003,0.000004,0.000001
2025-12-16 18:17:05.885,-0.003204,-0.005052,-0.008055,-0.000003,0.000004,0.000001
2025-12-16 18:17:05.886,-0.003207,-0.005037,-0.008056,-0.000003,0.000004,0.000001
2025-12-16 18:17:05.887,-0.003208,-0.005025,-0.008056,-0.000003,0.000004,0.000001
2025-12-16 18:17:05.888,-0.003207,-0.005014,-0.008054,-0.000003,0.000004,0.000001
2025-12-16 18:17:05.890,-0.003207,-0.005000,-0.008050,-0.000003,0.000004,0.000001
2025-12-16 18:17:05.891,-0.003207,-0.004976,-0.008045,-0.000003,0.000004,0.000001
2025-12-16 18:17:05.892,-0.003206,-0.004964,-0.008038,-0.000003,0.000004,0.000001
2025-12-16 18:17:05.893,-0.003200,-0.004953,-0.008032,-0.000003,0.000004,0.000001
2025-12-16 18:17:05.895,-0.003185,-0.004932,-0.008015,-0.000002,0.000004,0.000001
2025-12-16 18:17:05.896,-0.003174,-0.004921,-0.008005,-0.000003,0.000004,0.000001
2025-12-16 18:17:05.897,-0.003163,-0.004909,-0.007994,-0.000003,0.000004,0.000001
2025-12-16 18:17:05.898,-0.003152,-0.004897,-0.007981,-0.000003,0.000003,0.000001
2025-12-16 18:17:05.899,-0.003143,-0.004887,-0.007970,-0.000003,0.000004,0.000001
2025-12-16 18:17:05.900,-0.003132,-0.004877,-0.007960,-0.000003,0.000004,0.000001
2025-12-16 18:17:05.901,-0.003120,-0.004867,-0.007949,-0.000003,0.000003,0.000001
2025-12-16 18:17:05.903,-0.003106,-0.004856,-0.007939,-0.000003,0.000003,0.000001
2025-12-16 18:17:05.904,-0.003090,-0.004848,-0.007926,-0.000003,0.000004,0.000001
2025-12-16 18:17:05.905,-0.003071,-0.004840,-0.007912,-0.000003,0.000003,0.000001
2025-12-16 18:17:05.906,-0.003032,-0.004825,-0.007882,-0.000003,0.000003,0.000001
2025-12-16 18:17:05.907,-0.003010,-0.004816,-0.007862,-0.000003,0.000003,0.000001
2025-12-16 18:17:05.908,-0.002994,-0.004806,-0.007847,-0.000003,0.000003,0.000001
2025-12-16 18:17:05.909,-0.002972,-0.004796,-0.007834,-0.000002,0.000003,0.000001
2025-12-16 18:17:05.911,-0.002950,-0.004785,-0.007818,-0.000002,0.000003,0.000001
2025-12-16 18:17:05.912,-0.002904,-0.004764,-0.007784,-0.000003,0.000003,0.000001
2025-12-16 18:17:05.913,-0.002882,-0.004755,-0.007765,-0.000003,0.000003,0.000001
2025-12-16 18:17:05.914,-0.002861,-0.004745,-0.007748,-0.000003,0.000003,0.000001
2025-12-16 18:17:05.915,-0.002842,-0.004736,-0.007731,-0.000002,0.000003,0.000001
2025-12-16 18:17:05.916,-0.002820,-0.004728,-0.007713,-0.000003,0.000003,0.000001
2025-12-16 18:17:05.918,-0.002799,-0.004720,-0.007695,-0.000003,0.000003,0.000001
2025-12-16 18:17:05.919,-0.002756,-0.004705,-0.007669,-0.000003,0.000003,0.000001
2025-12-16 18:17:05.921,-0.002710,-0.004692,-0.007639,-0.000003,0.000003,0.000001
2025-12-16 18:17:05.923,-0.002692,-0.004686,-0.007625,-0.000002,0.000003,0.000001
2025-12-16 18:17:05.924,-0.002666,-0.004674,-0.007601,-0.000003,0.000003,0.000001
2025-12-16 18:17:05.926,-0.002636,-0.004661,-0.007577,-0.000003,0.000003,0.000001
2025-12-16 18:17:05.927,-0.002622,-0.004659,-0.007567,-0.000002,0.000003,0.000000
2025-12-16 18:17:05.929,-0.002596,-0.004661,-0.007545,-0.000002,0.000003,0.000000
2025-12-16 18:17:05.930,-0.002586,-0.004662,-0.007537,-0.000002,0.000003,0.000000
2025-12-16 18:17:05.931,-0.002581,-0.004664,-0.007530,-0.000002,0.000003,0.000000
2025-12-16 18:17:05.932,-0.002577,-0.004667,-0.007530,-0.000002,0.000003,0.000000
2025-12-16 18:17:05.933,-0.002570,-0.004673,-0.007529,-0.000002,0.000003,0.000000
2025-12-16 18:17:05.935,-0.002568,-0.004681,-0.007530,-0.000002,0.000003,0.000000
2025-12-16 18:17:05.936,-0.002569,-0.004695,-0.007533,-0.000002,0.000003,0.000000
2025-12-16 18:17:05.937,-0.002570,-0.004707,-0.007540,-0.000002,0.000003,0.000000
2025-12-16 18:17:05.938,-0.002574,-0.004720,-0.007544,-0.000002,0.000003,0.000001
2025-12-16 18:17:05.940,-0.002579,-0.004732,-0.007551,-0.000002,0.000003,0.000000
2025-12-16 18:17:05.941,-0.002587,-0.004749,-0.007559,-0.000002,0.000003,0.000000
2025-12-16 18:17:05.942,-0.002597,-0.004766,-0.007565,-0.000002,0.000003,0.000000
2025-12-16 18:17:05.943,-0.002620,-0.004801,-0.007581,-0.000002,0.000003,0.000000
2025-12-16 18:17:05.944,-0.002629,-0.004825,-0.007590,-0.000002,0.000003,0.000000
2025-12-16 18:17:05.946,-0.002640,-0.004848,-0.007599,-0.000002,0.000003,0.000000
2025-12-16 18:17:05.947,-0.002667,-0.004893,-0.007627,-0.000002,0.000003,0.000000
2025-12-16 18:17:05.948,-0.002679,-0.004915,-0.007641,-0.000002,0.000003,0.000000
2025-12-16 18:17:05.949,-0.002691,-0.004938,-0.007655,-0.000002,0.000003,0.000000
2025-12-16 18:17:05.951,-0.002701,-0.004962,-0.007670,-0.000002,0.000003,0.000000
2025-12-16 18:17:05.952,-0.002725,-0.005012,-0.007689,-0.000003,0.000003,0.000000
2025-12-16 18:17:05.953,-0.002740,-0.005032,-0.007691,-0.000002,0.000003,0.000000
2025-12-16 18:17:05.954,-0.002751,-0.005052,-0.007692,-0.000002,0.000003,0.000000
2025-12-16 18:17:05.955,-0.002761,-0.005073,-0.007699,-0.000003,0.000003,0.000000
2025-12-16 18:17:05.957,-0.002771,-0.005092,-0.007699,-0.000002,0.000003,0.000000
2025-12-16 18:17:05.958,-0.002790,-0.005125,-0.007691,-0.000002,0.000003,0.000000
2025-12-16 18:17:05.959,-0.002797,-0.005140,-0.007688,-0.000002,0.000003,0.000000
2025-12-16 18:17:05.960,-0.002805,-0.005151,-0.007680,-0.000002,0.000003,0.000000
2025-12-16 18:17:05.961,-0.002810,-0.005163,-0.007673,-0.000002,0.000003,0.000000
2025-12-16 18:17:05.962,-0.002817,-0.005174,-0.007665,-0.000002,0.000003,0.000000
2025-12-16 18:17:05.964,-0.002825,-0.005181,-0.007655,-0.000002,0.000003,0.000000
2025-12-16 18:17:05.965,-0.002833,-0.005192,-0.007623,-0.000002,0.000003,0.000000
2025-12-16 18:17:05.966,-0.002836,-0.005194,-0.007606,-0.000002,0.000003,0.000000
2025-12-16 18:17:05.967,-0.002839,-0.005195,-0.007589,-0.000002,0.000003,0.000000
2025-12-16 18:17:05.969,-0.002838,-0.005195,-0.007565,-0.000002,0.000003,0.000000
2025-12-16 18:17:05.970,-0.002840,-0.005186,-0.007511,-0.000002,0.000003,0.000000
2025-12-16 18:17:05.971,-0.002837,-0.005182,-0.007485,-0.000002,0.000003,0.000000
2025-12-16 18:17:05.972,-0.002833,-0.005176,-0.007456,-0.000002,0.000003,0.000000
2025-12-16 18:17:05.973,-0.002825,-0.005168,-0.007430,-0.000002,0.000003,0.000000
2025-12-16 18:17:05.974,-0.002816,-0.005158,-0.007406,-0.000002,0.000003,0.000000
2025-12-16 18:17:05.975,-0.002810,-0.005148,-0.007381,-0.000002,0.000003,0.000000
2025-12-16 18:17:05.976,-0.002799,-0.005134,-0.007354,-0.000002,0.000003,0.000000
2025-12-16 18:17:05.977,-0.002793,-0.005115,-0.007327,-0.000002,0.000003,0.000000
2025-12-16 18:17:05.978,-0.002784,-0.005094,-0.007301,-0.000002,0.000003,0.000000
2025-12-16 18:17:05.979,-0.002772,-0.005076,-0.007274,-0.000002,0.000003,0.000000
2025-12-16 18:17:05.981,-0.002759,-0.005059,-0.007245,-0.000002,0.000003,0.000000
2025-12-16 18:17:05.982,-0.002733,-0.005014,-0.007188,-0.000002,0.000003,0.000000
2025-12-16 18:17:05.983,-0.002714,-0.004989,-0.007160,-0.000002,0.000003,0.000000
2025-12-16 18:17:05.984,-0.002698,-0.004964,-0.007129,-0.000002,0.000003,0.000000
2025-12-16 18:17:05.985,-0.002682,-0.004936,-0.007100,-0.000002,0.000003,0.000000
2025-12-16 18:17:05.986,-0.002667,-0.004908,-0.007070,-0.000002,0.000003,0.000000
2025-12-16 18:17:05.987,-0.002651,-0.004876,-0.007043,-0.000002,0.000003,0.000000
2025-12-16 18:17:05.989,-0.002640,-0.004843,-0.007021,-0.000002,0.000003,0.000000
2025-12-16 18:17:05.990,-0.002605,-0.004784,-0.006975,-0.000002,0.000003,0.000000
2025-12-16 18:17:05.991,-0.002590,-0.004753,-0.006956,-0.000002,0.000003,0.000000
2025-12-16 18:17:05.992,-0.002576,-0.004718,-0.006937,-0.000002,0.000003,0.000000
2025-12-16 18:17:05.993,-0.002563,-0.004686,-0.006920,-0.000002,0.000003,0.000000
2025-12-16 18:17:05.994,-0.002553,-0.004654,-0.006904,-0.000002,0.000003,0.000000
2025-12-16 18:17:05.995,-0.002543,-0.004618,-0.006885,-0.000002,0.000003,0.000000
2025-12-16 18:17:05.996,-0.002533,-0.004585,-0.006868,-0.000002,0.000003,0.000000
2025-12-16 18:17:05.998,-0.002520,-0.004545,-0.006852,-0.000002,0.000003,0.000000
2025-12-16 18:17:05.999,-0.002508,-0.004509,-0.006837,-0.000002,0.000003,0.000000
2025-12-16 18:17:06.000,-0.002491,-0.004416,-0.006803,-0.000002,0.000003,0.000000
2025-12-16 18:17:06.001,-0.002483,-0.004364,-0.006788,-0.000002,0.000003,0.000000
2025-12-16 18:17:06.002,-0.002478,-0.004316,-0.006775,-0.000002,0.000003,0.000000
2025-12-16 18:17:06.003,-0.002472,-0.004270,-0.006767,-0.000002,0.000003,0.000000
2025-12-16 18:17:06.004,-0.002465,-0.004225,-0.006759,-0.000002,0.000003,0.000000
2025-12-16 18:17:06.005,-0.002460,-0.004183,-0.006752,-0.000002,0.000003,0.000000
2025-12-16 18:17:06.006,-0.002457,-0.004139,-0.006751,-0.000002,0.000003,0.000000
2025-12-16 18:17:06.008,-0.002453,-0.004095,-0.006749,-0.000002,0.000003,0.000000
2025-12-16 18:17:06.009,-0.002443,-0.004014,-0.006741,-0.000002,0.000003,0.000000
2025-12-16 18:17:06.010,-0.002441,-0.003974,-0.006740,-0.000002,0.000003,0.000000
2025-12-16 18:17:06.011,-0.002441,-0.003942,-0.006741,-0.000002,0.000003,0.000000
2025-12-16 18:17:06.012,-0.002440,-0.003912,-0.006743,-0.000002,0.000003,0.000000
2025-12-16 18:17:06.013,-0.002437,-0.003882,-0.006747,-0.000002,0.000003,0.000000
2025-12-16 18:17:06.014,-0.002436,-0.003851,-0.006750,-0.000002,0.000003,0.000000
2025-12-16 18:17:06.016,-0.002431,-0.003824,-0.006751,-0.000002,0.000003,0.000000
2025-12-16 18:17:06.017,-0.002424,-0.003798,-0.006755,-0.000002,0.000003,0.000000
2025-12-16 18:17:06.018,-0.002416,-0.003779,-0.006758,-0.000002,0.000003,0.000000
2025-12-16 18:17:06.019,-0.002411,-0.003764,-0.006763,-0.000002,0.000003,0.000000
2025-12-16 18:17:06.020,-0.002410,-0.003748,-0.006769,-0.000002,0.000003,0.000000
2025-12-16 18:17:06.021,-0.002406,-0.003738,-0.006775,-0.000002,0.000003,0.000000
2025-12-16 18:17:06.022,-0.002390,-0.003734,-0.006779,-0.000002,0.000003,0.000000
2025-12-16 18:17:06.023,-0.002383,-0.003735,-0.006779,-0.000002,0.000003,0.000000
2025-12-16 18:17:06.024,-0.002379,-0.003737,-0.006783,-0.000002,0.000003,0.000000
2025-12-16 18:17:06.025,-0.002374,-0.003744,-0.006784,-0.000002,0.000003,0.000000
2025-12-16 18:17:06.026,-0.002370,-0.003750,-0.006785,-0.000002,0.000003,0.000000
2025-12-16 18:17:06.028,-0.002365,-0.003757,-0.006786,-0.000002,0.000003,0.000000
2025-12-16 18:17:06.029,-0.002360,-0.003769,-0.006788,-0.000002,0.000003,0.000000
2025-12-16 18:17:06.031,-0.002355,-0.003799,-0.006789,-0.000002,0.000003,0.000000
2025-12-16 18:17:06.032,-0.002354,-0.003838,-0.006788,-0.000002,0.000003,0.000000
2025-12-16 18:17:06.033,-0.002352,-0.003860,-0.006785,-0.000002,0.000003,0.000000
2025-12-16 18:17:06.034,-0.002347,-0.003884,-0.006776,-0.000002,0.000003,0.000000
2025-12-16 18:17:06.035,-0.002344,-0.003907,-0.006769,-0.000002,0.000003,0.000000
2025-12-16 18:17:06.036,-0.002341,-0.003927,-0.006764,-0.000002,0.000003,0.000000
2025-12-16 18:17:06.037,-0.002337,-0.003948,-0.006755,-0.000002,0.000003,0.000000
2025-12-16 18:17:06.038,-0.002333,-0.003967,-0.006745,-0.000002,0.000003,0.000000
2025-12-16 18:17:06.039,-0.002328,-0.003989,-0.006730,-0.000002,0.000003,0.000000
2025-12-16 18:17:06.041,-0.002327,-0.004010,-0.006718,-0.000002,0.000003,0.000000
2025-12-16 18:17:06.042,-0.002326,-0.004031,-0.006706,-0.000002,0.000003,0.000000
2025-12-16 18:17:06.043,-0.002324,-0.004052,-0.006692,-0.000002,0.000003,0.000000
2025-12-16 18:17:06.045,-0.002328,-0.004086,-0.006666,-0.000002,0.000003,0.000000
2025-12-16 18:17:06.046,-0.002337,-0.004111,-0.006643,-0.000002,0.000003,0.000000
2025-12-16 18:17:06.047,-0.002342,-0.004124,-0.006631,-0.000002,0.000003,0.000000
2025-12-16 18:17:06.048,-0.002342,-0.004134,-0.006609,-0.000002,0.000003,0.000000
2025-12-16 18:17:06.049,-0.002342,-0.004143,-0.006590,-0.000002,0.000003,0.000000
2025-12-16 18:17:06.050,-0.002342,-0.004149,-0.006573,-0.000002,0.000003,0.000000
2025-12-16 18:17:06.051,-0.002340,-0.004152,-0.006549,-0.000002,0.000003,0.000000
2025-12-16 18:17:06.052,-0.002336,-0.004152,-0.006523,-0.000003,0.000003,0.000000
2025-12-16 18:17:06.055,-0.002340,-0.004146,-0.006478,-0.000002,0.000003,0.000000
2025-12-16 18:17:06.056,-0.002347,-0.004130,-0.006435,-0.000002,0.000003,0.000000
2025-12-16 18:17:06.057,-0.002345,-0.004122,-0.006413,-0.000002,0.000003,0.000000
2025-12-16 18:17:06.058,-0.002342,-0.004109,-0.006390,-0.000002,0.000003,0.000000
2025-12-16 18:17:06.059,-0.002342,-0.004094,-0.006367,-0.000002,0.000003,0.000000
2025-12-16 18:17:06.060,-0.002341,-0.004077,-0.006340,-0.000002,0.000003,0.000000
2025-12-16 18:17:06.063,-0.002332,-0.004016,-0.006261,-0.000002,0.000003,0.000000
2025-12-16 18:17:06.064,-0.002324,-0.003993,-0.006231,-0.000002,0.000003,0.000000
2025-12-16 18:17:06.065,-0.002318,-0.003973,-0.006205,-0.000002,0.000003,0.000000
2025-12-16 18:17:06.067,-0.002305,-0.003949,-0.006174,-0.000002,0.000003,0.000000
2025-12-16 18:17:06.068,-0.002278,-0.003906,-0.006118,-0.000002,0.000003,0.000000
2025-12-16 18:17:06.069,-0.002268,-0.003882,-0.006091,-0.000002,0.000003,0.000000
2025-12-16 18:17:06.070,-0.002257,-0.003856,-0.006062,-0.000002,0.000003,0.000000
2025-12-16 18:17:06.071,-0.002243,-0.003823,-0.006030,-0.000002,0.000003,0.000000
2025-12-16 18:17:06.072,-0.002228,-0.003789,-0.005994,-0.000002,0.000002,0.000000
2025-12-16 18:17:06.075,-0.002198,-0.003713,-0.005921,-0.000002,0.000002,0.000000
2025-12-16 18:17:06.076,-0.002165,-0.003640,-0.005846,-0.000002,0.000002,0.000000
2025-12-16 18:17:06.078,-0.002153,-0.003602,-0.005814,-0.000002,0.000002,0.000000
2025-12-16 18:17:06.079,-0.002120,-0.003526,-0.005745,-0.000002,0.000002,0.000000
2025-12-16 18:17:06.080,-0.002100,-0.003493,-0.005712,-0.000002,0.000002,0.000000
2025-12-16 18:17:06.081,-0.002083,-0.003457,-0.005677,-0.000002,0.000002,0.000000
2025-12-16 18:17:06.082,-0.002067,-0.003422,-0.005642,-0.000002,0.000002,0.000000
2025-12-16 18:17:06.084,-0.002048,-0.003344,-0.005578,-0.000002,0.000002,0.000000
2025-12-16 18:17:06.085,-0.002040,-0.003311,-0.005549,-0.000002,0.000002,0.000000
2025-12-16 18:17:06.087,-0.002025,-0.003238,-0.005491,-0.000002,0.000002,0.000000
2025-12-16 18:17:06.088,-0.002014,-0.003199,-0.005458,-0.000002,0.000002,0.000000
2025-12-16 18:17:06.089,-0.002004,-0.003166,-0.005429,-0.000002,0.000002,0.000000
2025-12-16 18:17:06.091,-0.001996,-0.003133,-0.005403,-0.000002,0.000002,0.000000
2025-12-16 18:17:06.092,-0.001979,-0.003057,-0.005337,-0.000002,0.000002,0.000000
2025-12-16 18:17:06.093,-0.001969,-0.003022,-0.005302,-0.000002,0.000002,0.000000
2025-12-16 18:17:06.095,-0.001955,-0.002955,-0.005239,-0.000002,0.000002,0.000000
2025-12-16 18:17:06.096,-0.001950,-0.002924,-0.005212,-0.000002,0.000002,0.000000
2025-12-16 18:17:06.097,-0.001942,-0.002897,-0.005183,-0.000002,0.000002,0.000000
2025-12-16 18:17:06.099,-0.001938,-0.002871,-0.005155,-0.000002,0.000002,0.000000
2025-12-16 18:17:06.100,-0.001936,-0.002848,-0.005129,-0.000002,0.000002,0.000000
2025-12-16 18:17:06.101,-0.001936,-0.002802,-0.005086,-0.000002,0.000002,0.000000
2025-12-16 18:17:06.102,-0.001935,-0.002782,-0.005067,-0.000002,0.000002,0.000000
2025-12-16 18:17:06.103,-0.001933,-0.002766,-0.005051,-0.000002,0.000002,0.000000
2025-12-16 18:17:06.104,-0.001931,-0.002752,-0.005036,-0.000002,0.000002,0.000000
2025-12-16 18:17:06.107,-0.001928,-0.002718,-0.005001,-0.000002,0.000002,0.000000
2025-12-16 18:17:06.108,-0.001931,-0.002708,-0.004990,-0.000002,0.000002,0.000000
2025-12-16 18:17:06.109,-0.001932,-0.002703,-0.004982,-0.000002,0.000002,0.000000
2025-12-16 18:17:06.110,-0.001934,-0.002696,-0.004975,-0.000002,0.000002,0.000000
2025-12-16 18:17:06.111,-0.001936,-0.002689,-0.004970,-0.000002,0.000002,0.000000
2025-12-16 18:17:06.112,-0.001939,-0.002686,-0.004969,-0.000002,0.000002,0.000000
2025-12-16 18:17:06.114,-0.001942,-0.002684,-0.004971,-0.000002,0.000002,0.000000
2025-12-16 18:17:06.115,-0.001943,-0.002682,-0.004976,-0.000002,0.000002,0.000000
2025-12-16 18:17:06.116,-0.001940,-0.002681,-0.004980,-0.000002,0.000002,0.000000
2025-12-16 18:17:06.117,-0.001940,-0.002684,-0.004989,-0.000002,0.000002,0.000000
2025-12-16 18:17:06.118,-0.001940,-0.002688,-0.004999,-0.000002,0.000002,0.000000
2025-12-16 18:17:06.119,-0.001939,-0.002694,-0.005013,-0.000002,0.000002,0.000000
2025-12-16 18:17:06.120,-0.001935,-0.002702,-0.005023,-0.000002,0.000002,0.000000
2025-12-16 18:17:06.121,-0.001931,-0.002712,-0.005034,-0.000002,0.000002,0.000000
2025-12-16 18:17:06.123,-0.001928,-0.002717,-0.005047,-0.000002,0.000002,0.000000
2025-12-16 18:17:06.124,-0.001925,-0.002727,-0.005064,-0.000002,0.000002,0.000000
2025-12-16 18:17:06.125,-0.001925,-0.002734,-0.005081,-0.000002,0.000002,0.000000
2025-12-16 18:17:06.126,-0.001916,-0.002750,-0.005109,-0.000002,0.000002,0.000000
2025-12-16 18:17:06.127,-0.001913,-0.002759,-0.005124,-0.000002,0.000002,0.000000
2025-12-16 18:17:06.128,-0.001910,-0.002769,-0.005142,-0.000002,0.000002,0.000000
2025-12-16 18:17:06.129,-0.001906,-0.002777,-0.005158,-0.000002,0.000002,0.000000
2025-12-16 18:17:06.131,-0.001901,-0.002785,-0.005176,-0.000002,0.000002,0.000000
2025-12-16 18:17:06.132,-0.001895,-0.002797,-0.005192,-0.000002,0.000002,0.000000
2025-12-16 18:17:06.133,-0.001879,-0.002819,-0.005223,-0.000002,0.000002,0.000000
2025-12-16 18:17:06.134,-0.001874,-0.002829,-0.005237,-0.000002,0.000002,0.000000
2025-12-16 18:17:06.135,-0.001868,-0.002841,-0.005248,-0.000002,0.000002,0.000000
2025-12-16 18:17:06.136,-0.001863,-0.002849,-0.005261,-0.000002,0.000002,0.000000
2025-12-16 18:17:06.137,-0.001856,-0.002857,-0.005270,-0.000002,0.000002,0.000000
2025-12-16 18:17:06.139,-0.001845,-0.002869,-0.005279,-0.000002,0.000002,0.000000
2025-12-16 18:17:06.140,-0.001831,-0.002884,-0.005291,-0.000002,0.000002,0.000000
2025-12-16 18:17:06.141,-0.001822,-0.002889,-0.005291,-0.000002,0.000002,0.000000
2025-12-16 18:17:06.142,-0.001811,-0.002896,-0.005289,-0.000002,0.000002,0.000000
2025-12-16 18:17:06.143,-0.001802,-0.002903,-0.005286,-0.000002,0.000002,0.000000
2025-12-16 18:17:06.144,-0.001789,-0.002911,-0.005282,-0.000002,0.000002,0.000000
2025-12-16 18:17:06.145,-0.001779,-0.002916,-0.005282,-0.000002,0.000002,0.000000
2025-12-16 18:17:06.147,-0.001769,-0.002919,-0.005277,-0.000002,0.000002,0.000000
2025-12-16 18:17:06.148,-0.001748,-0.002926,-0.005261,-0.000002,0.000002,0.000000
2025-12-16 18:17:06.149,-0.001734,-0.002928,-0.005253,-0.000002,0.000002,0.000000
2025-12-16 18:17:06.150,-0.001722,-0.002931,-0.005246,-0.000002,0.000002,0.000000
2025-12-16 18:17:06.151,-0.001708,-0.002932,-0.005233,-0.000002,0.000002,0.000000
2025-12-16 18:17:06.153,-0.001694,-0.002930,-0.005217,-0.000002,0.000002,0.000000
2025-12-16 18:17:06.154,-0.001662,-0.002931,-0.005183,-0.000002,0.000002,0.000000
2025-12-16 18:17:06.155,-0.001646,-0.002927,-0.005163,-0.000002,0.000002,0.000000
2025-12-16 18:17:06.156,-0.001628,-0.002923,-0.005140,-0.000002,0.000002,0.000000
2025-12-16 18:17:06.157,-0.001611,-0.002918,-0.005117,-0.000002,0.000002,0.000000
2025-12-16 18:17:06.159,-0.001595,-0.002909,-0.005091,-0.000002,0.000002,0.000000
2025-12-16 18:17:06.160,-0.001559,-0.002896,-0.005040,-0.000002,0.000002,0.000000
2025-12-16 18:17:06.161,-0.001545,-0.002885,-0.005018,-0.000002,0.000002,0.000000
2025-12-16 18:17:06.162,-0.001534,-0.002871,-0.004993,-0.000002,0.000002,0.000000
2025-12-16 18:17:06.163,-0.001523,-0.002854,-0.004969,-0.000002,0.000002,0.000000
2025-12-16 18:17:06.165,-0.001511,-0.002839,-0.004947,-0.000002,0.000002,0.000000
2025-12-16 18:17:06.166,-0.001489,-0.002809,-0.004893,-0.000002,0.000002,0.000000
2025-12-16 18:17:06.167,-0.001477,-0.002791,-0.004866,-0.000002,0.000002,0.000000
2025-12-16 18:17:06.168,-0.001465,-0.002771,-0.004838,-0.000002,0.000002,0.000000
2025-12-16 18:17:06.170,-0.001455,-0.002747,-0.004809,-0.000002,0.000002,0.000000
2025-12-16 18:17:06.171,-0.001442,-0.002700,-0.004762,-0.000002,0.000002,0.000000
2025-12-16 18:17:06.172,-0.001436,-0.002674,-0.004737,-0.000002,0.000002,0.000000
2025-12-16 18:17:06.173,-0.001434,-0.002646,-0.004710,-0.000002,0.000002,0.000000
2025-12-16 18:17:06.174,-0.001429,-0.002617,-0.004682,-0.000002,0.000002,0.000000
2025-12-16 18:17:06.175,-0.001426,-0.002588,-0.004661,-0.000002,0.000002,0.000000
2025-12-16 18:17:06.176,-0.001423,-0.002563,-0.004642,-0.000002,0.000002,0.000000
2025-12-16 18:17:06.178,-0.001421,-0.002536,-0.004623,-0.000002,0.000002,0.000000
2025-12-16 18:17:06.179,-0.001421,-0.002477,-0.004582,-0.000002,0.000002,0.000000
2025-12-16 18:17:06.180,-0.001422,-0.002448,-0.004564,-0.000002,0.000002,0.000000
2025-12-16 18:17:06.181,-0.001421,-0.002422,-0.004547,-0.000002,0.000002,0.000000
2025-12-16 18:17:06.182,-0.001418,-0.002395,-0.004534,-0.000002,0.000002,0.000000
2025-12-16 18:17:06.183,-0.001416,-0.002371,-0.004520,-0.000002,0.000002,0.000000
2025-12-16 18:17:06.184,-0.001417,-0.002347,-0.004507,-0.000002,0.000002,0.000000
2025-12-16 18:17:06.186,-0.001417,-0.002320,-0.004498,-0.000002,0.000002,0.000000
2025-12-16 18:17:06.187,-0.001417,-0.002298,-0.004491,-0.000002,0.000002,0.000000
2025-12-16 18:17:06.188,-0.001426,-0.002252,-0.004482,-0.000002,0.000002,0.000000
2025-12-16 18:17:06.189,-0.001430,-0.002233,-0.004482,-0.000002,0.000002,0.000000
2025-12-16 18:17:06.190,-0.001431,-0.002213,-0.004484,-0.000002,0.000002,0.000000
2025-12-16 18:17:06.191,-0.001431,-0.002194,-0.004483,-0.000002,0.000002,0.000000
2025-12-16 18:17:06.192,-0.001433,-0.002176,-0.004487,-0.000002,0.000002,0.000000
2025-12-16 18:17:06.193,-0.001435,-0.002161,-0.004489,-0.000002,0.000002,0.000000
2025-12-16 18:17:06.194,-0.001440,-0.002146,-0.004496,-0.000002,0.000002,0.000000
2025-12-16 18:17:06.196,-0.001444,-0.002133,-0.004500,-0.000002,0.000002,0.000000
2025-12-16 18:17:06.197,-0.001448,-0.002121,-0.004509,-0.000002,0.000002,0.000000
2025-12-16 18:17:06.198,-0.001456,-0.002101,-0.004523,-0.000002,0.000002,0.000000
2025-12-16 18:17:06.199,-0.001462,-0.002094,-0.004536,-0.000002,0.000002,0.000000
2025-12-16 18:17:06.200,-0.001467,-0.002087,-0.004545,-0.000002,0.000002,0.000000
2025-12-16 18:17:06.201,-0.001471,-0.002082,-0.004555,-0.000002,0.000002,0.000000
2025-12-16 18:17:06.202,-0.001479,-0.002082,-0.004566,-0.000002,0.000002,0.000000
2025-12-16 18:17:06.203,-0.001485,-0.002077,-0.004576,-0.000002,0.000002,0.000000
2025-12-16 18:17:06.205,-0.001490,-0.002074,-0.004587,-0.000002,0.000002,0.000000
2025-12-16 18:17:06.206,-0.001504,-0.002074,-0.004610,-0.000002,0.000002,0.000000
2025-12-16 18:17:06.207,-0.001510,-0.002077,-0.004622,-0.000002,0.000002,0.000000
2025-12-16 18:17:06.208,-0.001515,-0.002082,-0.004636,-0.000002,0.000002,0.000000
2025-12-16 18:17:06.209,-0.001521,-0.002085,-0.004644,-0.000002,0.000002,0.000000
2025-12-16 18:17:06.210,-0.001528,-0.002091,-0.004655,-0.000002,0.000002,0.000000
2025-12-16 18:17:06.211,-0.001536,-0.002099,-0.004668,-0.000002,0.000002,0.000000
2025-12-16 18:17:06.212,-0.001547,-0.002106,-0.004678,-0.000002,0.000002,0.000000
2025-12-16 18:17:06.213,-0.001551,-0.002117,-0.004689,-0.000002,0.000002,0.000000
2025-12-16 18:17:06.215,-0.001553,-0.002128,-0.004697,-0.000002,0.000002,0.000000
2025-12-16 18:17:06.216,-0.001558,-0.002139,-0.004705,-0.000002,0.000002,0.000000
2025-12-16 18:17:06.217,-0.001579,-0.002161,-0.004723,-0.000002,0.000002,0.000000
2025-12-16 18:17:06.218,-0.001588,-0.002171,-0.004732,-0.000002,0.000002,0.000000
2025-12-16 18:17:06.219,-0.001594,-0.002184,-0.004741,-0.000002,0.000002,0.000000
2025-12-16 18:17:06.221,-0.001603,-0.002198,-0.004749,-0.000002,0.000002,0.000000
2025-12-16 18:17:06.222,-0.001626,-0.002224,-0.004764,-0.000002,0.000002,0.000000
2025-12-16 18:17:06.223,-0.001635,-0.002241,-0.004773,-0.000002,0.000002,0.000000
2025-12-16 18:17:06.224,-0.001646,-0.002258,-0.004783,-0.000002,0.000002,0.000000
2025-12-16 18:17:06.225,-0.001656,-0.002273,-0.004792,-0.000002,0.000002,0.000000
2025-12-16 18:17:06.226,-0.001668,-0.002285,-0.004797,-0.000002,0.000002,0.000000
2025-12-16 18:17:06.227,-0.001680,-0.002302,-0.004803,-0.000002,0.000002,0.000000
2025-12-16 18:17:06.228,-0.001696,-0.002319,-0.004809,-0.000002,0.000002,0.000000
2025-12-16 18:17:06.229,-0.001709,-0.002339,-0.004815,-0.000002,0.000002,0.000000
2025-12-16 18:17:06.231,-0.001719,-0.002357,-0.004820,-0.000002,0.000002,0.000000
2025-12-16 18:17:06.232,-0.001730,-0.002377,-0.004822,-0.000002,0.000002,0.000000
2025-12-16 18:17:06.233,-0.001759,-0.002411,-0.004832,-0.000002,0.000002,0.000000
2025-12-16 18:17:06.234,-0.001777,-0.002428,-0.004838,-0.000002,0.000002,0.000000
2025-12-16 18:17:06.235,-0.001795,-0.002446,-0.004849,-0.000002,0.000002,0.000000
2025-12-16 18:17:06.236,-0.001810,-0.002462,-0.004861,-0.000002,0.000002,0.000000
2025-12-16 18:17:06.237,-0.001823,-0.002479,-0.004870,-0.000002,0.000002,0.000000
2025-12-16 18:17:06.238,-0.001834,-0.002497,-0.004879,-0.000002,0.000002,0.000000
2025-12-16 18:17:06.239,-0.001848,-0.002514,-0.004889,-0.000002,0.000002,0.000000
2025-12-16 18:17:06.241,-0.001862,-0.002532,-0.004904,-0.000002,0.000002,0.000000
2025-12-16 18:17:06.242,-0.001873,-0.002552,-0.004919,-0.000002,0.000002,0.000000
2025-12-16 18:17:06.243,-0.001898,-0.002591,-0.004959,-0.000002,0.000002,0.000000
2025-12-16 18:17:06.244,-0.001914,-0.002607,-0.004981,-0.000002,0.000002,0.000000
2025-12-16 18:17:06.245,-0.001927,-0.002626,-0.005004,-0.000002,0.000002,0.000000
2025-12-16 18:17:06.247,-0.001941,-0.002642,-0.005028,-0.000002,0.000002,0.000000
2025-12-16 18:17:06.248,-0.001954,-0.002656,-0.005053,-0.000002,0.000002,0.000000
2025-12-16 18:17:06.249,-0.001965,-0.002674,-0.005078,-0.000002,0.000002,0.000000
2025-12-16 18:17:06.250,-0.001991,-0.002710,-0.005141,-0.000002,0.000002,0.000000
2025-12-16 18:17:06.251,-0.002003,-0.002725,-0.005171,-0.000002,0.000002,0.000000
2025-12-16 18:17:06.252,-0.002021,-0.002740,-0.005204,-0.000002,0.000002,0.000000
2025-12-16 18:17:06.253,-0.002041,-0.002756,-0.005240,-0.000002,0.000002,0.000000
2025-12-16 18:17:06.254,-0.002061,-0.002773,-0.005277,-0.000002,0.000002,0.000000
2025-12-16 18:17:06.256,-0.002079,-0.002791,-0.005312,-0.000002,0.000002,0.000000
2025-12-16 18:17:06.257,-0.002096,-0.002809,-0.005348,-0.000002,0.000002,0.000000
2025-12-16 18:17:06.258,-0.002114,-0.002825,-0.005386,-0.000002,0.000002,0.000000
2025-12-16 18:17:06.259,-0.002132,-0.002841,-0.005426,-0.000002,0.000002,0.000000
2025-12-16 18:17:06.260,-0.002152,-0.002856,-0.005469,-0.000002,0.000002,0.000000
2025-12-16 18:17:06.261,-0.002172,-0.002871,-0.005512,-0.000002,0.000002,0.000000
2025-12-16 18:17:06.262,-0.002213,-0.002902,-0.005599,-0.000002,0.000002,0.000000
2025-12-16 18:17:06.263,-0.002233,-0.002917,-0.005642,-0.000002,0.000002,0.000000
2025-12-16 18:17:06.264,-0.002243,-0.002924,-0.005680,-0.000002,0.000002,0.000000
2025-12-16 18:17:06.265,-0.002255,-0.002933,-0.005717,-0.000002,0.000002,0.000000
2025-12-16 18:17:06.266,-0.002268,-0.002943,-0.005755,-0.000002,0.000002,0.000000
2025-12-16 18:17:06.267,-0.002282,-0.002957,-0.005793,-0.000002,0.000002,0.000000
2025-12-16 18:17:06.269,-0.002296,-0.002964,-0.005832,-0.000002,0.000003,0.000000
2025-12-16 18:17:06.270,-0.002322,-0.002977,-0.005908,-0.000002,0.000003,0.000001
2025-12-16 18:17:06.271,-0.002331,-0.002984,-0.005942,-0.000002,0.000003,0.000001
2025-12-16 18:17:06.272,-0.002340,-0.002990,-0.005977,-0.000002,0.000003,0.000001
2025-12-16 18:17:06.273,-0.002347,-0.002997,-0.006014,-0.000002,0.000003,0.000001
2025-12-16 18:17:06.275,-0.002365,-0.003008,-0.006086,-0.000002,0.000003,0.000001
2025-12-16 18:17:06.276,-0.002374,-0.003011,-0.006122,-0.000002,0.000003,0.000001
2025-12-16 18:17:06.277,-0.002381,-0.003013,-0.006153,-0.000002,0.000003,0.000000
2025-12-16 18:17:06.278,-0.002386,-0.003014,-0.006177,-0.000002,0.000003,0.000001
2025-12-16 18:17:06.279,-0.002391,-0.003015,-0.006206,-0.000002,0.000003,0.000001
2025-12-16 18:17:06.280,-0.002396,-0.003015,-0.006231,-0.000002,0.000003,0.000001
2025-12-16 18:17:06.281,-0.002401,-0.003016,-0.006262,-0.000002,0.000003,0.000001
2025-12-16 18:17:06.282,-0.002410,-0.003019,-0.006292,-0.000002,0.000003,0.000000
2025-12-16 18:17:06.283,-0.002416,-0.003021,-0.006318,-0.000002,0.000003,0.000001
2025-12-16 18:17:06.285,-0.002422,-0.003020,-0.006342,-0.000002,0.000003,0.000001
2025-12-16 18:17:06.287,-0.002431,-0.003022,-0.006416,-0.000002,0.000003,0.000001
2025-12-16 18:17:06.288,-0.002434,-0.003023,-0.006442,-0.000002,0.000003,0.000001
2025-12-16 18:17:06.289,-0.002435,-0.003026,-0.006469,-0.000002,0.000003,0.000001
2025-12-16 18:17:06.290,-0.002439,-0.003028,-0.006499,-0.000002,0.000003,0.000001
2025-12-16 18:17:06.291,-0.002443,-0.003030,-0.006524,-0.000002,0.000003,0.000001
2025-12-16 18:17:06.292,-0.002445,-0.003032,-0.006550,-0.000002,0.000003,0.000001
2025-12-16 18:17:06.295,-0.002448,-0.003043,-0.006631,-0.000002,0.000003,0.000001
2025-12-16 18:17:06.296,-0.002446,-0.003053,-0.006660,-0.000003,0.000003,0.000001
2025-12-16 18:17:06.297,-0.002444,-0.003062,-0.006692,-0.000002,0.000003,0.000001
2025-12-16 18:17:06.298,-0.002447,-0.003068,-0.006726,-0.000002,0.000003,0.000001
2025-12-16 18:17:06.299,-0.002446,-0.003076,-0.006758,-0.000002,0.000003,0.000001
2025-12-16 18:17:06.301,-0.002440,-0.003099,-0.006822,-0.000002,0.000003,0.000001
2025-12-16 18:17:06.303,-0.002440,-0.003117,-0.006889,-0.000003,0.000003,0.000001
2025-12-16 18:17:06.304,-0.002440,-0.003128,-0.006925,-0.000003,0.000003,0.000001
2025-12-16 18:17:06.305,-0.002444,-0.003136,-0.006962,-0.000003,0.000003,0.000001
2025-12-16 18:17:06.306,-0.002449,-0.003142,-0.006994,-0.000003,0.000003,0.000001
2025-12-16 18:17:06.309,-0.002463,-0.003177,-0.007101,-0.000003,0.000003,0.000001
2025-12-16 18:17:06.310,-0.002468,-0.003193,-0.007139,-0.000003,0.000003,0.000001
2025-12-16 18:17:06.312,-0.002475,-0.003206,-0.007178,-0.000003,0.000003,0.000001
2025-12-16 18:17:06.313,-0.002496,-0.003229,-0.007256,-0.000003,0.000003,0.000001
2025-12-16 18:17:06.315,-0.002523,-0.003252,-0.007347,-0.000003,0.000003,0.000001
2025-12-16 18:17:06.318,-0.002564,-0.003294,-0.007477,-0.000003,0.000003,0.000001
2025-12-16 18:17:06.322,-0.002645,-0.003351,-0.007663,-0.000003,0.000003,0.000001
2025-12-16 18:17:06.324,-0.002690,-0.003377,-0.007744,-0.000003,0.000003,0.000001
2025-12-16 18:17:06.327,-0.002735,-0.003398,-0.007827,-0.000003,0.000003,0.000001
2025-12-16 18:17:06.328,-0.002790,-0.003428,-0.007922,-0.000003,0.000003,0.000001
2025-12-16 18:17:06.330,-0.002839,-0.003460,-0.008012,-0.000003,0.000003,0.000001
2025-12-16 18:17:06.332,-0.002868,-0.003481,-0.008064,-0.000003,0.000003,0.000001
2025-12-16 18:17:06.333,-0.002924,-0.003528,-0.008154,-0.000003,0.000003,0.000001
2025-12-16 18:17:06.335,-0.002971,-0.003581,-0.008244,-0.000003,0.000003,0.000001
2025-12-16 18:17:06.337,-0.003017,-0.003629,-0.008334,-0.000003,0.000003,0.000001
2025-12-16 18:17:06.339,-0.003061,-0.003676,-0.008418,-0.000003,0.000004,0.000001
2025-12-16 18:17:06.340,-0.003078,-0.003702,-0.008457,-0.000003,0.000004,0.000001
2025-12-16 18:17:06.344,-0.003136,-0.003810,-0.008603,-0.000003,0.000004,0.000001
2025-12-16 18:17:06.347,-0.003159,-0.003872,-0.008690,-0.000003,0.000004,0.000001
2025-12-16 18:17:06.348,-0.003176,-0.003941,-0.008772,-0.000003,0.000004,0.000001
2025-12-16 18:17:06.349,-0.003183,-0.003975,-0.008810,-0.000003,0.000004,0.000001
2025-12-16 18:17:06.350,-0.003189,-0.004009,-0.008852,-0.000003,0.000004,0.000001
2025-12-16 18:17:06.352,-0.003193,-0.004043,-0.008893,-0.000003,0.000004,0.000001
2025-12-16 18:17:06.353,-0.003196,-0.004073,-0.008928,-0.000003,0.000004,0.000001
2025-12-16 18:17:06.354,-0.003207,-0.004137,-0.009020,-0.000004,0.000004,0.000001
2025-12-16 18:17:06.355,-0.003215,-0.004167,-0.009068,-0.000003,0.000004,0.000001
2025-12-16 18:17:06.356,-0.003222,-0.004199,-0.009113,-0.000003,0.000004,0.000001
2025-12-16 18:17:06.358,-0.003235,-0.004263,-0.009209,-0.000004,0.000004,0.000001
2025-12-16 18:17:06.359,-0.003241,-0.004296,-0.009253,-0.000004,0.000004,0.000001
2025-12-16 18:17:06.361,-0.003247,-0.004357,-0.009331,-0.000004,0.000004,0.000001
2025-12-16 18:17:06.362,-0.003249,-0.004389,-0.009372,-0.000004,0.000004,0.000001
2025-12-16 18:17:06.364,-0.003261,-0.004450,-0.009457,-0.000004,0.000004,0.000001
2025-12-16 18:17:06.365,-0.003267,-0.004479,-0.009495,-0.000004,0.000004,0.000001
2025-12-16 18:17:06.367,-0.003277,-0.004534,-0.009568,-0.000004,0.000004,0.000001
2025-12-16 18:17:06.369,-0.003278,-0.004558,-0.009606,-0.000004,0.000004,0.000001
2025-12-16 18:17:06.370,-0.003281,-0.004605,-0.009682,-0.000004,0.000004,0.000001
2025-12-16 18:17:06.373,-0.003290,-0.004661,-0.009767,-0.000004,0.000004,0.000001
2025-12-16 18:17:06.375,-0.003294,-0.004697,-0.009827,-0.000004,0.000004,0.000001
2025-12-16 18:17:06.377,-0.003298,-0.004726,-0.009891,-0.000004,0.000004,0.000001
2025-12-16 18:17:06.379,-0.003302,-0.004737,-0.009923,-0.000004,0.000004,0.000001
2025-12-16 18:17:06.380,-0.003304,-0.004753,-0.009976,-0.000004,0.000004,0.000001
2025-12-16 18:17:06.381,-0.003304,-0.004756,-0.010001,-0.000004,0.000004,0.000001
2025-12-16 18:17:06.382,-0.003305,-0.004759,-0.010027,-0.000004,0.000004,0.000001
2025-12-16 18:17:06.384,-0.003297,-0.004770,-0.010077,-0.000004,0.000004,0.000001
2025-12-16 18:17:06.385,-0.003291,-0.004777,-0.010099,-0.000004,0.000004,0.000001
2025-12-16 18:17:06.386,-0.003284,-0.004780,-0.010121,-0.000004,0.000004,0.000001
2025-12-16 18:17:06.389,-0.003268,-0.004787,-0.010153,-0.000004,0.000004,0.000001
2025-12-16 18:17:06.390,-0.003243,-0.004792,-0.010176,-0.000004,0.000004,0.000001
2025-12-16 18:17:06.391,-0.003225,-0.004791,-0.010184,-0.000004,0.000004,0.000001
2025-12-16 18:17:06.392,-0.003208,-0.004790,-0.010191,-0.000004,0.000004,0.000001
2025-12-16 18:17:06.397,-0.003097,-0.004776,-0.010217,-0.000004,0.000004,0.000001
2025-12-16 18:17:06.399,-0.003065,-0.004775,-0.010216,-0.000004,0.000004,0.000001
2025-12-16 18:17:06.400,-0.003003,-0.004771,-0.010214,-0.000004,0.000004,0.000000
2025-12-16 18:17:06.401,-0.002971,-0.004771,-0.010212,-0.000004,0.000004,0.000000
2025-12-16 18:17:06.403,-0.002897,-0.004767,-0.010202,-0.000004,0.000004,0.000000
2025-12-16 18:17:06.404,-0.002866,-0.004765,-0.010198,-0.000004,0.000004,0.000000
2025-12-16 18:17:06.406,-0.002841,-0.004765,-0.010196,-0.000004,0.000004,0.000000
2025-12-16 18:17:06.407,-0.002780,-0.004758,-0.010187,-0.000004,0.000004,0.000000
2025-12-16 18:17:06.408,-0.002743,-0.004758,-0.010181,-0.000004,0.000004,0.000000
2025-12-16 18:17:06.409,-0.002710,-0.004755,-0.010180,-0.000004,0.000004,0.000000
2025-12-16 18:17:06.410,-0.002677,-0.004754,-0.010180,-0.000004,0.000004,0.000000
2025-12-16 18:17:06.413,-0.002593,-0.004757,-0.010189,-0.000004,0.000004,0.000000
2025-12-16 18:17:06.414,-0.002568,-0.004760,-0.010193,-0.000004,0.000004,0.000000
2025-12-16 18:17:06.415,-0.002544,-0.004761,-0.010196,-0.000004,0.000004,0.000000
2025-12-16 18:17:06.417,-0.002510,-0.004763,-0.010205,-0.000004,0.000004,0.000000
2025-12-16 18:17:06.418,-0.002493,-0.004764,-0.010213,-0.000004,0.000004,0.000000
2025-12-16 18:17:06.419,-0.002479,-0.004766,-0.010225,-0.000004,0.000004,0.000000
2025-12-16 18:17:06.420,-0.002463,-0.004769,-0.010242,-0.000004,0.000004,0.000000
2025-12-16 18:17:06.422,-0.002449,-0.004772,-0.010260,-0.000004,0.000004,0.000000
2025-12-16 18:17:06.423,-0.002438,-0.004777,-0.010278,-0.000004,0.000004,0.000000
2025-12-16 18:17:06.424,-0.002427,-0.004788,-0.010313,-0.000004,0.000004,0.000000
2025-12-16 18:17:06.425,-0.002419,-0.004792,-0.010330,-0.000004,0.000004,0.000000
2025-12-16 18:17:06.426,-0.002410,-0.004796,-0.010347,-0.000004,0.000004,0.000000
2025-12-16 18:17:06.427,-0.002404,-0.004799,-0.010370,-0.000004,0.000004,0.000000
2025-12-16 18:17:06.430,-0.002401,-0.004810,-0.010451,-0.000004,0.000004,0.000000
2025-12-16 18:17:06.432,-0.002401,-0.004816,-0.010477,-0.000004,0.000004,0.000000
2025-12-16 18:17:06.433,-0.002402,-0.004819,-0.010500,-0.000004,0.000004,0.000000
2025-12-16 18:17:06.434,-0.002400,-0.004829,-0.010546,-0.000004,0.000004,0.000000
2025-12-16 18:17:06.435,-0.002399,-0.004837,-0.010574,-0.000004,0.000004,0.000000
2025-12-16 18:17:06.437,-0.002395,-0.004849,-0.010624,-0.000004,0.000004,0.000000
2025-12-16 18:17:06.439,-0.002392,-0.004859,-0.010676,-0.000004,0.000004,0.000000
2025-12-16 18:17:06.440,-0.002387,-0.004864,-0.010696,-0.000004,0.000004,0.000000
2025-12-16 18:17:06.441,-0.002387,-0.004869,-0.010720,-0.000004,0.000004,0.000000
2025-12-16 18:17:06.442,-0.002387,-0.004875,-0.010747,-0.000004,0.000004,0.000000
2025-12-16 18:17:06.444,-0.002388,-0.004881,-0.010774,-0.000004,0.000004,0.000000
2025-12-16 18:17:06.445,-0.002390,-0.004888,-0.010801,-0.000004,0.000004,0.000000
2025-12-16 18:17:06.446,-0.002390,-0.004897,-0.010828,-0.000004,0.000004,0.000000
2025-12-16 18:17:06.449,-0.002384,-0.004918,-0.010869,-0.000004,0.000004,0.000000
2025-12-16 18:17:06.450,-0.002380,-0.004933,-0.010905,-0.000004,0.000004,0.000000
2025-12-16 18:17:06.451,-0.002376,-0.004941,-0.010920,-0.000004,0.000004,0.000000
2025-12-16 18:17:06.452,-0.002376,-0.004946,-0.010937,-0.000004,0.000004,0.000000
2025-12-16 18:17:06.453,-0.002372,-0.004953,-0.010956,-0.000004,0.000004,0.000000
2025-12-16 18:17:06.455,-0.002369,-0.004961,-0.010974,-0.000004,0.000004,0.000000
2025-12-16 18:17:06.456,-0.002350,-0.004982,-0.011011,-0.000005,0.000004,0.000000
2025-12-16 18:17:06.458,-0.002345,-0.004988,-0.011013,-0.000004,0.000004,0.000000
2025-12-16 18:17:06.459,-0.002329,-0.005006,-0.011019,-0.000005,0.000004,0.000000
2025-12-16 18:17:06.460,-0.002319,-0.005013,-0.011024,-0.000004,0.000004,0.000000
2025-12-16 18:17:06.461,-0.002310,-0.005018,-0.011028,-0.000004,0.000004,0.000000
2025-12-16 18:17:06.463,-0.002305,-0.005021,-0.011031,-0.000004,0.000004,0.000000
2025-12-16 18:17:06.464,-0.002285,-0.005023,-0.011018,-0.000004,0.000004,0.000000
2025-12-16 18:17:06.466,-0.002265,-0.005023,-0.011008,-0.000004,0.000004,0.000000
2025-12-16 18:17:06.467,-0.002256,-0.005024,-0.011000,-0.000004,0.000004,0.000000
2025-12-16 18:17:06.468,-0.002243,-0.005023,-0.010989,-0.000004,0.000004,0.000000
2025-12-16 18:17:06.469,-0.002232,-0.005022,-0.010980,-0.000004,0.000004,0.000000
2025-12-16 18:17:06.471,-0.002221,-0.005018,-0.010970,-0.000004,0.000004,0.000000
2025-12-16 18:17:06.472,-0.002196,-0.005007,-0.010951,-0.000004,0.000004,0.000000
2025-12-16 18:17:06.473,-0.002186,-0.005000,-0.010942,-0.000004,0.000004,0.000000
2025-12-16 18:17:06.474,-0.002177,-0.004994,-0.010933,-0.000004,0.000004,0.000000
2025-12-16 18:17:06.475,-0.002165,-0.004985,-0.010923,-0.000004,0.000004,0.000000
2025-12-16 18:17:06.477,-0.002143,-0.004967,-0.010902,-0.000004,0.000004,0.000000
2025-12-16 18:17:06.478,-0.002132,-0.004953,-0.010893,-0.000004,0.000004,0.000000
2025-12-16 18:17:06.479,-0.002120,-0.004942,-0.010882,-0.000004,0.000004,0.000000
2025-12-16 18:17:06.480,-0.002107,-0.004931,-0.010868,-0.000004,0.000004,0.000000
2025-12-16 18:17:06.483,-0.002070,-0.004893,-0.010850,-0.000004,0.000004,0.000000
2025-12-16 18:17:06.484,-0.002060,-0.004883,-0.010847,-0.000004,0.000004,0.000000
2025-12-16 18:17:06.485,-0.002054,-0.004871,-0.010845,-0.000004,0.000004,0.000000
2025-12-16 18:17:06.487,-0.002051,-0.004859,-0.010843,-0.000004,0.000004,0.000000
2025-12-16 18:17:06.488,-0.002045,-0.004850,-0.010844,-0.000004,0.000004,0.000000
2025-12-16 18:17:06.489,-0.002031,-0.004824,-0.010849,-0.000004,0.000004,0.000000
2025-12-16 18:17:06.491,-0.002018,-0.004806,-0.010857,-0.000004,0.000004,0.000000
2025-12-16 18:17:06.492,-0.002007,-0.004799,-0.010864,-0.000004,0.000004,0.000000
2025-12-16 18:17:06.495,-0.001989,-0.004785,-0.010897,-0.000004,0.000004,0.000000
2025-12-16 18:17:06.496,-0.001985,-0.004783,-0.010913,-0.000004,0.000004,0.000000
2025-12-16 18:17:06.497,-0.001982,-0.004781,-0.010929,-0.000004,0.000004,0.000000
2025-12-16 18:17:06.499,-0.001975,-0.004793,-0.010979,-0.000004,0.000004,0.000000
2025-12-16 18:17:06.500,-0.001972,-0.004800,-0.011003,-0.000004,0.000004,0.000000
2025-12-16 18:17:06.502,-0.001961,-0.004817,-0.011033,-0.000004,0.000004,0.000000
2025-12-16 18:17:06.503,-0.001956,-0.004827,-0.011050,-0.000004,0.000004,0.000000
2025-12-16 18:17:06.504,-0.001949,-0.004840,-0.011067,-0.000004,0.000004,0.000000
2025-12-16 18:17:06.506,-0.001935,-0.004864,-0.011096,-0.000004,0.000004,0.000000
2025-12-16 18:17:06.508,-0.001927,-0.004876,-0.011108,-0.000004,0.000004,0.000000
2025-12-16 18:17:06.509,-0.001919,-0.004888,-0.011118,-0.000004,0.000004,0.000000
2025-12-16 18:17:06.512,-0.001901,-0.004950,-0.011167,-0.000004,0.000004,0.000000
2025-12-16 18:17:06.513,-0.001898,-0.004965,-0.011177,-0.000004,0.000004,0.000000
2025-12-16 18:17:06.515,-0.001885,-0.004995,-0.011185,-0.000004,0.000004,0.000000
2025-12-16 18:17:06.516,-0.001878,-0.005009,-0.011185,-0.000004,0.000004,0.000000
2025-12-16 18:17:06.517,-0.001872,-0.005023,-0.011181,-0.000004,0.000004,0.000000
2025-12-16 18:17:06.519,-0.001860,-0.005055,-0.011162,-0.000004,0.000004,0.000000
2025-12-16 18:17:06.520,-0.001855,-0.005069,-0.011151,-0.000004,0.000004,0.000000
2025-12-16 18:17:06.521,-0.001854,-0.005086,-0.011142,-0.000004,0.000004,0.000000
2025-12-16 18:17:06.523,-0.001851,-0.005104,-0.011133,-0.000004,0.000004,0.000000
2025-12-16 18:17:06.525,-0.001860,-0.005133,-0.011112,-0.000004,0.000004,0.000000
2025-12-16 18:17:06.526,-0.001869,-0.005167,-0.011087,-0.000004,0.000004,0.000000
2025-12-16 18:17:06.529,-0.001887,-0.005222,-0.011039,-0.000004,0.000004,0.000000
2025-12-16 18:17:06.530,-0.001896,-0.005233,-0.011018,-0.000004,0.000004,0.000000
2025-12-16 18:17:06.533,-0.001931,-0.005267,-0.010944,-0.000004,0.000004,0.000000
2025-12-16 18:17:06.535,-0.001954,-0.005290,-0.010889,-0.000004,0.000004,0.000000
2025-12-16 18:17:06.536,-0.001969,-0.005299,-0.010865,-0.000004,0.000004,0.000000
2025-12-16 18:17:06.537,-0.001986,-0.005307,-0.010843,-0.000004,0.000004,0.000000
2025-12-16 18:17:06.538,-0.002001,-0.005314,-0.010825,-0.000004,0.000004,0.000000
2025-12-16 18:17:06.540,-0.002017,-0.005319,-0.010798,-0.000004,0.000004,0.000000
2025-12-16 18:17:06.541,-0.002045,-0.005330,-0.010735,-0.000004,0.000004,0.000000
2025-12-16 18:17:06.542,-0.002063,-0.005335,-0.010706,-0.000004,0.000004,0.000000
2025-12-16 18:17:06.543,-0.002080,-0.005340,-0.010675,-0.000004,0.000004,-0.000000
2025-12-16 18:17:06.544,-0.002099,-0.005342,-0.010649,-0.000004,0.000004,0.000000
2025-12-16 18:17:06.547,-0.002157,-0.005342,-0.010572,-0.000004,0.000004,0.000000
2025-12-16 18:17:06.548,-0.002176,-0.005343,-0.010548,-0.000004,0.000004,-0.000000
2025-12-16 18:17:06.549,-0.002198,-0.005342,-0.010522,-0.000004,0.000004,-0.000000
2025-12-16 18:17:06.551,-0.002218,-0.005346,-0.010498,-0.000004,0.000004,-0.000000
2025-12-16 18:17:06.552,-0.002238,-0.005350,-0.010475,-0.000004,0.000004,0.000000
2025-12-16 18:17:06.553,-0.002271,-0.005353,-0.010434,-0.000004,0.000004,0.000000
2025-12-16 18:17:06.554,-0.002291,-0.005355,-0.010417,-0.000004,0.000004,0.000000
2025-12-16 18:17:06.555,-0.002305,-0.005359,-0.010399,-0.000004,0.000004,0.000000
2025-12-16 18:17:06.556,-0.002321,-0.005363,-0.010380,-0.000004,0.000004,0.000000
2025-12-16 18:17:06.557,-0.002335,-0.005366,-0.010364,-0.000004,0.000004,0.000000
2025-12-16 18:17:06.559,-0.002354,-0.005368,-0.010344,-0.000004,0.000004,0.000000
2025-12-16 18:17:06.560,-0.002399,-0.005370,-0.010305,-0.000004,0.000004,0.000000
2025-12-16 18:17:06.561,-0.002422,-0.005371,-0.010286,-0.000004,0.000004,0.000000
2025-12-16 18:17:06.562,-0.002444,-0.005369,-0.010266,-0.000004,0.000004,0.000000
2025-12-16 18:17:06.564,-0.002488,-0.005369,-0.010225,-0.000004,0.000004,0.000000
2025-12-16 18:17:06.565,-0.002504,-0.005371,-0.010205,-0.000004,0.000004,0.000000
2025-12-16 18:17:06.566,-0.002525,-0.005370,-0.010188,-0.000004,0.000004,0.000000
2025-12-16 18:17:06.568,-0.002548,-0.005368,-0.010173,-0.000004,0.000004,0.000000
2025-12-16 18:17:06.569,-0.002569,-0.005365,-0.010157,-0.000004,0.000004,0.000000
2025-12-16 18:17:06.570,-0.002611,-0.005358,-0.010124,-0.000004,0.000004,0.000000
2025-12-16 18:17:06.571,-0.002630,-0.005354,-0.010107,-0.000004,0.000004,0.000000
2025-12-16 18:17:06.572,-0.002652,-0.005350,-0.010086,-0.000004,0.000004,0.000000
2025-12-16 18:17:06.574,-0.002695,-0.005341,-0.010041,-0.000004,0.000004,0.000000
2025-12-16 18:17:06.575,-0.002714,-0.005335,-0.010017,-0.000004,0.000004,0.000000
2025-12-16 18:17:06.576,-0.002735,-0.005327,-0.009987,-0.000004,0.000004,0.000000
2025-12-16 18:17:06.578,-0.002755,-0.005320,-0.009959,-0.000004,0.000004,0.000000
2025-12-16 18:17:06.579,-0.002801,-0.005300,-0.009911,-0.000004,0.000004,0.000000
2025-12-16 18:17:06.581,-0.002821,-0.005288,-0.009884,-0.000004,0.000004,0.000000
2025-12-16 18:17:06.582,-0.002856,-0.005264,-0.009827,-0.000004,0.000004,0.000000
2025-12-16 18:17:06.583,-0.002869,-0.005252,-0.009800,-0.000004,0.000004,0.000000
2025-12-16 18:17:06.586,-0.002905,-0.005218,-0.009735,-0.000004,0.000004,0.000000
2025-12-16 18:17:06.588,-0.002917,-0.005205,-0.009702,-0.000004,0.000004,0.000000
2025-12-16 18:17:06.589,-0.002945,-0.005173,-0.009634,-0.000004,0.000004,0.000000
2025-12-16 18:17:06.590,-0.002957,-0.005160,-0.009605,-0.000004,0.000004,0.000000
2025-12-16 18:17:06.591,-0.002969,-0.005141,-0.009574,-0.000004,0.000004,0.000000
2025-12-16 18:17:06.592,-0.002978,-0.005121,-0.009545,-0.000004,0.000004,0.000000
2025-12-16 18:17:06.593,-0.002985,-0.005104,-0.009520,-0.000004,0.000004,0.000000
2025-12-16 18:17:06.595,-0.002996,-0.005084,-0.009493,-0.000004,0.000004,0.000000
2025-12-16 18:17:06.596,-0.003020,-0.005051,-0.009448,-0.000004,0.000004,0.000000
2025-12-16 18:17:06.597,-0.003031,-0.005033,-0.009428,-0.000004,0.000004,0.000000
2025-12-16 18:17:06.598,-0.003042,-0.005014,-0.009404,-0.000004,0.000004,0.000000
2025-12-16 18:17:06.599,-0.003054,-0.004991,-0.009378,-0.000004,0.000004,0.000000
2025-12-16 18:17:06.601,-0.003065,-0.004970,-0.009354,-0.000004,0.000004,0.000000
2025-12-16 18:17:06.602,-0.003087,-0.004921,-0.009302,-0.000003,0.000004,0.000000
2025-12-16 18:17:06.603,-0.003093,-0.004900,-0.009278,-0.000003,0.000004,0.000000
2025-12-16 18:17:06.604,-0.003102,-0.004879,-0.009257,-0.000003,0.000004,0.000000
2025-12-16 18:17:06.606,-0.003111,-0.004854,-0.009236,-0.000003,0.000004,0.000000
2025-12-16 18:17:06.607,-0.003132,-0.004808,-0.009201,-0.000004,0.000004,0.000001
2025-12-16 18:17:06.608,-0.003145,-0.004787,-0.009183,-0.000003,0.000004,0.000000
2025-12-16 18:17:06.609,-0.003157,-0.004765,-0.009167,-0.000003,0.000004,0.000000
2025-12-16 18:17:06.611,-0.003182,-0.004726,-0.009141,-0.000003,0.000004,0.000000
2025-12-16 18:17:06.612,-0.003200,-0.004706,-0.009132,-0.000003,0.000004,0.000001
2025-12-16 18:17:06.613,-0.003217,-0.004684,-0.009125,-0.000003,0.000004,0.000001
2025-12-16 18:17:06.614,-0.003231,-0.004664,-0.009120,-0.000003,0.000004,0.000001
2025-12-16 18:17:06.615,-0.003247,-0.004644,-0.009115,-0.000003,0.000004,0.000001
2025-12-16 18:17:06.617,-0.003261,-0.004626,-0.009110,-0.000003,0.000004,0.000001
2025-12-16 18:17:06.618,-0.003288,-0.004599,-0.009116,-0.000003,0.000004,0.000001
2025-12-16 18:17:06.619,-0.003303,-0.004585,-0.009118,-0.000003,0.000004,0.000001
2025-12-16 18:17:06.620,-0.003319,-0.004571,-0.009125,-0.000003,0.000004,0.000001
2025-12-16 18:17:06.621,-0.003334,-0.004559,-0.009133,-0.000003,0.000004,0.000001
2025-12-16 18:17:06.623,-0.003346,-0.004550,-0.009140,-0.000004,0.000004,0.000001
2025-12-16 18:17:06.624,-0.003383,-0.004528,-0.009164,-0.000004,0.000004,0.000001
2025-12-16 18:17:06.625,-0.003398,-0.004520,-0.009174,-0.000004,0.000004,0.000001
2025-12-16 18:17:06.626,-0.003410,-0.004515,-0.009186,-0.000003,0.000004,0.000001
2025-12-16 18:17:06.627,-0.003422,-0.004505,-0.009203,-0.000003,0.000004,0.000001
2025-12-16 18:17:06.629,-0.003440,-0.004489,-0.009237,-0.000003,0.000004,0.000001
2025-12-16 18:17:06.630,-0.003450,-0.004485,-0.009250,-0.000004,0.000004,0.000001
2025-12-16 18:17:06.631,-0.003459,-0.004480,-0.009268,-0.000004,0.000004,0.000001
2025-12-16 18:17:06.632,-0.003467,-0.004476,-0.009284,-0.000004,0.000004,0.000001
2025-12-16 18:17:06.633,-0.003474,-0.004475,-0.009301,-0.000004,0.000004,0.000001
2025-12-16 18:17:06.635,-0.003482,-0.004471,-0.009318,-0.000003,0.000004,0.000001
2025-12-16 18:17:06.636,-0.003487,-0.004469,-0.009338,-0.000003,0.000004,0.000001
2025-12-16 18:17:06.637,-0.003495,-0.004462,-0.009373,-0.000004,0.000004,0.000001
2025-12-16 18:17:06.639,-0.003493,-0.004458,-0.009403,-0.000004,0.000004,0.000001
2025-12-16 18:17:06.640,-0.003496,-0.004455,-0.009412,-0.000004,0.000004,0.000001
2025-12-16 18:17:06.641,-0.003500,-0.004451,-0.009418,-0.000004,0.000004,0.000001
2025-12-16 18:17:06.642,-0.003503,-0.004447,-0.009430,-0.000004,0.000004,0.000001
2025-12-16 18:17:06.643,-0.003505,-0.004440,-0.009438,-0.000004,0.000004,0.000001
2025-12-16 18:17:06.644,-0.003503,-0.004437,-0.009442,-0.000004,0.000004,0.000001
2025-12-16 18:17:06.646,-0.003503,-0.004431,-0.009442,-0.000004,0.000004,0.000001
2025-12-16 18:17:06.647,-0.003508,-0.004421,-0.009439,-0.000004,0.000004,0.000001
2025-12-16 18:17:06.648,-0.003514,-0.004413,-0.009432,-0.000004,0.000004,0.000001
2025-12-16 18:17:06.649,-0.003518,-0.004404,-0.009429,-0.000004,0.000004,0.000001
2025-12-16 18:17:06.650,-0.003523,-0.004392,-0.009419,-0.000004,0.000004,0.000001
2025-12-16 18:17:06.651,-0.003528,-0.004381,-0.009410,-0.000004,0.000004,0.000001
2025-12-16 18:17:06.652,-0.003534,-0.004370,-0.009394,-0.000004,0.000004,0.000001
2025-12-16 18:17:06.654,-0.003539,-0.004354,-0.009376,-0.000004,0.000004,0.000001
2025-12-16 18:17:06.655,-0.003546,-0.004340,-0.009360,-0.000004,0.000004,0.000001
2025-12-16 18:17:06.656,-0.003561,-0.004310,-0.009327,-0.000004,0.000004,0.000001
2025-12-16 18:17:06.657,-0.003565,-0.004295,-0.009304,-0.000004,0.000004,0.000001
2025-12-16 18:17:06.659,-0.003572,-0.004279,-0.009280,-0.000004,0.000004,0.000001
2025-12-16 18:17:06.660,-0.003581,-0.004241,-0.009233,-0.000004,0.000004,0.000001
2025-12-16 18:17:06.661,-0.003583,-0.004219,-0.009210,-0.000004,0.000004,0.000001
2025-12-16 18:17:06.662,-0.003586,-0.004198,-0.009182,-0.000004,0.000004,0.000001
2025-12-16 18:17:06.663,-0.003588,-0.004177,-0.009154,-0.000004,0.000004,0.000001
2025-12-16 18:17:06.665,-0.003593,-0.004150,-0.009121,-0.000003,0.000004,0.000001
2025-12-16 18:17:06.666,-0.003597,-0.004097,-0.009066,-0.000004,0.000004,0.000001
2025-12-16 18:17:06.667,-0.003596,-0.004071,-0.009036,-0.000004,0.000004,0.000001
2025-12-16 18:17:06.668,-0.003595,-0.004044,-0.009006,-0.000004,0.000004,0.000001
2025-12-16 18:17:06.670,-0.003592,-0.004016,-0.008975,-0.000003,0.000004,0.000001
2025-12-16 18:17:06.671,-0.003587,-0.003959,-0.008919,-0.000004,0.000004,0.000001
2025-12-16 18:17:06.672,-0.003584,-0.003929,-0.008890,-0.000003,0.000004,0.000001
2025-12-16 18:17:06.673,-0.003580,-0.003899,-0.008860,-0.000004,0.000004,0.000001
2025-12-16 18:17:06.675,-0.003567,-0.003837,-0.008802,-0.000004,0.000004,0.000001
2025-12-16 18:17:06.676,-0.003561,-0.003804,-0.008777,-0.000003,0.000004,0.000001
2025-12-16 18:17:06.677,-0.003559,-0.003770,-0.008749,-0.000003,0.000004,0.000001
2025-12-16 18:17:06.678,-0.003555,-0.003738,-0.008725,-0.000003,0.000004,0.000001
2025-12-16 18:17:06.680,-0.003554,-0.003708,-0.008702,-0.000003,0.000004,0.000001
2025-12-16 18:17:06.681,-0.003549,-0.003644,-0.008657,-0.000003,0.000004,0.000001
2025-12-16 18:17:06.682,-0.003547,-0.003611,-0.008637,-0.000003,0.000004,0.000001
2025-12-16 18:17:06.684,-0.003545,-0.003547,-0.008597,-0.000003,0.000004,0.000001
2025-12-16 18:17:06.685,-0.003543,-0.003523,-0.008580,-0.000003,0.000004,0.000001
2025-12-16 18:17:06.687,-0.003544,-0.003489,-0.008568,-0.000003,0.000004,0.000001
2025-12-16 18:17:06.688,-0.003549,-0.003424,-0.008545,-0.000003,0.000004,0.000001
2025-12-16 18:17:06.689,-0.003551,-0.003397,-0.008537,-0.000003,0.000004,0.000001
2025-12-16 18:17:06.690,-0.003551,-0.003375,-0.008531,-0.000003,0.000004,0.000001
2025-12-16 18:17:06.692,-0.003562,-0.003320,-0.008532,-0.000003,0.000004,0.000001
2025-12-16 18:17:06.693,-0.003573,-0.003289,-0.008536,-0.000004,0.000004,0.000001
2025-12-16 18:17:06.694,-0.003587,-0.003260,-0.008544,-0.000003,0.000004,0.000001
2025-12-16 18:17:06.695,-0.003598,-0.003230,-0.008552,-0.000003,0.000004,0.000001
2025-12-16 18:17:06.696,-0.003609,-0.003201,-0.008561,-0.000003,0.000004,0.000001
2025-12-16 18:17:06.698,-0.003619,-0.003176,-0.008577,-0.000003,0.000004,0.000001
2025-12-16 18:17:06.699,-0.003646,-0.003123,-0.008611,-0.000003,0.000004,0.000001
2025-12-16 18:17:06.700,-0.003657,-0.003101,-0.008630,-0.000004,0.000004,0.000001
2025-12-16 18:17:06.701,-0.003671,-0.003082,-0.008652,-0.000004,0.000004,0.000001
2025-12-16 18:17:06.703,-0.003684,-0.003058,-0.008675,-0.000003,0.000004,0.000001
2025-12-16 18:17:06.704,-0.003711,-0.003015,-0.008723,-0.000003,0.000004,0.000001
2025-12-16 18:17:06.705,-0.003723,-0.002995,-0.008751,-0.000003,0.000004,0.000001
2025-12-16 18:17:06.706,-0.003738,-0.002976,-0.008782,-0.000004,0.000004,0.000001
2025-12-16 18:17:06.707,-0.003753,-0.002953,-0.008816,-0.000004,0.000004,0.000001
2025-12-16 18:17:06.708,-0.003769,-0.002931,-0.008852,-0.000004,0.000004,0.000001
2025-12-16 18:17:06.709,-0.003783,-0.002913,-0.008883,-0.000004,0.000004,0.000001
2025-12-16 18:17:06.710,-0.003792,-0.002900,-0.008912,-0.000004,0.000004,0.000001
2025-12-16 18:17:06.711,-0.003802,-0.002888,-0.008949,-0.000004,0.000004,0.000001
2025-12-16 18:17:06.712,-0.003813,-0.002875,-0.008987,-0.000004,0.000004,0.000001
2025-12-16 18:17:06.714,-0.003823,-0.002862,-0.009026,-0.000004,0.000004,0.000001
2025-12-16 18:17:06.715,-0.003844,-0.002829,-0.009106,-0.000004,0.000004,0.000001
2025-12-16 18:17:06.716,-0.003856,-0.002816,-0.009144,-0.000004,0.000004,0.000001
2025-12-16 18:17:06.719,-0.003876,-0.002792,-0.009213,-0.000004,0.000004,0.000001
2025-12-16 18:17:06.720,-0.003889,-0.002777,-0.009282,-0.000004,0.000004,0.000001
2025-12-16 18:17:06.721,-0.003896,-0.002767,-0.009317,-0.000004,0.000004,0.000001
2025-12-16 18:17:06.722,-0.003906,-0.002761,-0.009355,-0.000004,0.000004,0.000001
2025-12-16 18:17:06.723,-0.003914,-0.002757,-0.009388,-0.000004,0.000004,0.000001
2025-12-16 18:17:06.724,-0.003921,-0.002755,-0.009415,-0.000004,0.000004,0.000001
2025-12-16 18:17:06.725,-0.003926,-0.002751,-0.009442,-0.000004,0.000004,0.000001
2025-12-16 18:17:06.726,-0.003932,-0.002750,-0.009468,-0.000004,0.000004,0.000001
2025-12-16 18:17:06.728,-0.003936,-0.002747,-0.009498,-0.000004,0.000004,0.000001
2025-12-16 18:17:06.729,-0.003954,-0.002742,-0.009561,-0.000004,0.000004,0.000001
2025-12-16 18:17:06.730,-0.003966,-0.002736,-0.009590,-0.000004,0.000004,0.000001
2025-12-16 18:17:06.731,-0.003974,-0.002731,-0.009614,-0.000004,0.000004,0.000001
2025-12-16 18:17:06.732,-0.003982,-0.002729,-0.009636,-0.000004,0.000004,0.000001
2025-12-16 18:17:06.734,-0.003990,-0.002724,-0.009656,-0.000004,0.000004,0.000001
2025-12-16 18:17:06.735,-0.004003,-0.002723,-0.009691,-0.000004,0.000004,0.000001
2025-12-16 18:17:06.736,-0.004009,-0.002722,-0.009704,-0.000004,0.000004,0.000001
2025-12-16 18:17:06.737,-0.004010,-0.002720,-0.009717,-0.000004,0.000004,0.000001
2025-12-16 18:17:06.738,-0.004015,-0.002715,-0.009728,-0.000004,0.000004,0.000001
2025-12-16 18:17:06.740,-0.004021,-0.002710,-0.009737,-0.000004,0.000004,0.000001
2025-12-16 18:17:06.741,-0.004037,-0.002698,-0.009750,-0.000004,0.000004,0.000001
2025-12-16 18:17:06.742,-0.004043,-0.002696,-0.009752,-0.000004,0.000004,0.000001
2025-12-16 18:17:06.743,-0.004051,-0.002691,-0.009755,-0.000004,0.000004,0.000001
2025-12-16 18:17:06.744,-0.004058,-0.002687,-0.009758,-0.000004,0.000004,0.000001
2025-12-16 18:17:06.746,-0.004066,-0.002681,-0.009756,-0.000004,0.000004,0.000001
2025-12-16 18:17:06.747,-0.004072,-0.002676,-0.009753,-0.000004,0.000004,0.000001
2025-12-16 18:17:06.748,-0.004091,-0.002656,-0.009738,-0.000004,0.000004,0.000001
2025-12-16 18:17:06.749,-0.004097,-0.002644,-0.009726,-0.000004,0.000004,0.000001
2025-12-16 18:17:06.750,-0.004104,-0.002635,-0.009714,-0.000004,0.000004,0.000001
2025-12-16 18:17:06.752,-0.004112,-0.002623,-0.009705,-0.000004,0.000004,0.000001
2025-12-16 18:17:06.753,-0.004125,-0.002606,-0.009685,-0.000004,0.000004,0.000001
2025-12-16 18:17:06.754,-0.004131,-0.002594,-0.009671,-0.000004,0.000004,0.000001
2025-12-16 18:17:06.755,-0.004134,-0.002582,-0.009654,-0.000004,0.000004,0.000001
2025-12-16 18:17:06.756,-0.004138,-0.002567,-0.009642,-0.000004,0.000004,0.000001
2025-12-16 18:17:06.757,-0.004144,-0.002553,-0.009628,-0.000004,0.000004,0.000001
2025-12-16 18:17:06.759,-0.004150,-0.002541,-0.009616,-0.000004,0.000004,0.000001
2025-12-16 18:17:06.760,-0.004154,-0.002519,-0.009589,-0.000004,0.000004,0.000001
2025-12-16 18:17:06.763,-0.004167,-0.002477,-0.009545,-0.000004,0.000004,0.000001
2025-12-16 18:17:06.764,-0.004171,-0.002461,-0.009532,-0.000004,0.000004,0.000001
2025-12-16 18:17:06.765,-0.004175,-0.002451,-0.009519,-0.000004,0.000004,0.000001
2025-12-16 18:17:06.766,-0.004179,-0.002437,-0.009503,-0.000004,0.000004,0.000001
2025-12-16 18:17:06.768,-0.004191,-0.002412,-0.009472,-0.000004,0.000004,0.000001
2025-12-16 18:17:06.778,-0.004251,-0.002321,-0.009307,-0.000004,0.000004,0.000001
2025-12-16 18:17:06.780,-0.004266,-0.002306,-0.009276,-0.000004,0.000004,0.000001
2025-12-16 18:17:06.781,-0.004267,-0.002300,-0.009260,-0.000004,0.000005,0.000001
2025-12-16 18:17:06.783,-0.004272,-0.002289,-0.009231,-0.000004,0.000005,0.000001
2025-12-16 18:17:06.784,-0.004275,-0.002286,-0.009215,-0.000004,0.000005,0.000001
2025-12-16 18:17:06.785,-0.004273,-0.002282,-0.009201,-0.000004,0.000005,0.000001
2025-12-16 18:17:06.786,-0.004274,-0.002279,-0.009187,-0.000004,0.000005,0.000001
2025-12-16 18:17:06.788,-0.004268,-0.002277,-0.009173,-0.000004,0.000005,0.000002
2025-12-16 18:17:06.789,-0.004258,-0.002276,-0.009148,-0.000004,0.000005,0.000002
2025-12-16 18:17:06.791,-0.004252,-0.002274,-0.009137,-0.000005,0.000005,0.000002
2025-12-16 18:17:06.792,-0.004236,-0.002271,-0.009104,-0.000004,0.000005,0.000002
2025-12-16 18:17:06.793,-0.004227,-0.002269,-0.009089,-0.000004,0.000005,0.000002
2025-12-16 18:17:06.794,-0.004222,-0.002267,-0.009076,-0.000004,0.000005,0.000002
2025-12-16 18:17:06.795,-0.004213,-0.002266,-0.009062,-0.000004,0.000005,0.000002
2025-12-16 18:17:06.796,-0.004203,-0.002265,-0.009046,-0.000004,0.000005,0.000002
2025-12-16 18:17:06.799,-0.004179,-0.002267,-0.009014,-0.000004,0.000005,0.000002
2025-12-16 18:17:06.800,-0.004156,-0.002269,-0.008988,-0.000004,0.000004,0.000002
2025-12-16 18:17:06.801,-0.004146,-0.002273,-0.008977,-0.000004,0.000004,0.000001
2025-12-16 18:17:06.802,-0.004135,-0.002274,-0.008968,-0.000004,0.000004,0.000001
2025-12-16 18:17:06.803,-0.004129,-0.002274,-0.008958,-0.000004,0.000004,0.000001
2025-12-16 18:17:06.804,-0.004119,-0.002277,-0.008949,-0.000004,0.000004,0.000001
2025-12-16 18:17:06.805,-0.004110,-0.002280,-0.008943,-0.000004,0.000004,0.000001
2025-12-16 18:17:06.807,-0.004094,-0.002284,-0.008931,-0.000004,0.000004,0.000001
2025-12-16 18:17:06.808,-0.004090,-0.002285,-0.008928,-0.000004,0.000004,0.000001
2025-12-16 18:17:06.809,-0.004083,-0.002288,-0.008922,-0.000004,0.000004,0.000001
2025-12-16 18:17:06.810,-0.004079,-0.002287,-0.008918,-0.000004,0.000004,0.000001
2025-12-16 18:17:06.811,-0.004071,-0.002288,-0.008915,-0.000004,0.000004,0.000001
2025-12-16 18:17:06.815,-0.004058,-0.002295,-0.008945,-0.000004,0.000004,0.000001
2025-12-16 18:17:06.816,-0.004055,-0.002295,-0.008954,-0.000004,0.000004,0.000001
2025-12-16 18:17:06.817,-0.004052,-0.002295,-0.008962,-0.000004,0.000004,0.000001
2025-12-16 18:17:06.818,-0.004050,-0.002293,-0.008975,-0.000004,0.000004,0.000001
2025-12-16 18:17:06.820,-0.004047,-0.002295,-0.008990,-0.000004,0.000004,0.000001
2025-12-16 18:17:06.821,-0.004049,-0.002295,-0.009030,-0.000004,0.000004,0.000001
2025-12-16 18:17:06.822,-0.004052,-0.002293,-0.009052,-0.000004,0.000004,0.000001
2025-12-16 18:17:06.824,-0.004052,-0.002289,-0.009097,-0.000004,0.000004,0.000001
2025-12-16 18:17:06.825,-0.004055,-0.002288,-0.009121,-0.000004,0.000004,0.000001
2025-12-16 18:17:06.826,-0.004059,-0.002286,-0.009149,-0.000004,0.000004,0.000001
2025-12-16 18:17:06.827,-0.004062,-0.002283,-0.009174,-0.000004,0.000004,0.000001
2025-12-16 18:17:06.829,-0.004069,-0.002279,-0.009201,-0.000004,0.000004,0.000001
2025-12-16 18:17:06.830,-0.004075,-0.002276,-0.009223,-0.000004,0.000004,0.000001
2025-12-16 18:17:06.831,-0.004084,-0.002274,-0.009275,-0.000004,0.000004,0.000001
2025-12-16 18:17:06.834,-0.004100,-0.002263,-0.009368,-0.000004,0.000004,0.000001
2025-12-16 18:17:06.835,-0.004103,-0.002259,-0.009402,-0.000004,0.000005,0.000001
2025-12-16 18:17:06.836,-0.004113,-0.002259,-0.009438,-0.000004,0.000005,0.000001
2025-12-16 18:17:06.837,-0.004123,-0.002261,-0.009473,-0.000004,0.000005,0.000001
2025-12-16 18:17:06.839,-0.004135,-0.002260,-0.009505,-0.000004,0.000005,0.000001
2025-12-16 18:17:06.840,-0.004152,-0.002259,-0.009559,-0.000004,0.000005,0.000001
2025-12-16 18:17:06.841,-0.004160,-0.002260,-0.009590,-0.000004,0.000005,0.000002
2025-12-16 18:17:06.842,-0.004169,-0.002262,-0.009620,-0.000004,0.000005,0.000002
2025-12-16 18:17:06.843,-0.004182,-0.002266,-0.009658,-0.000005,0.000005,0.000002
2025-12-16 18:17:06.844,-0.004192,-0.002271,-0.009699,-0.000005,0.000005,0.000002
2025-12-16 18:17:06.845,-0.004205,-0.002276,-0.009743,-0.000004,0.000005,0.000002
2025-12-16 18:17:06.846,-0.004218,-0.002284,-0.009788,-0.000004,0.000005,0.000002
2025-12-16 18:17:06.848,-0.004231,-0.002293,-0.009831,-0.000005,0.000005,0.000002
2025-12-16 18:17:06.849,-0.004252,-0.002315,-0.009921,-0.000005,0.000005,0.000002
2025-12-16 18:17:06.850,-0.004262,-0.002324,-0.009961,-0.000005,0.000005,0.000002
2025-12-16 18:17:06.851,-0.004273,-0.002336,-0.010003,-0.000005,0.000005,0.000002
2025-12-16 18:17:06.852,-0.004286,-0.002350,-0.010047,-0.000005,0.000005,0.000002
2025-12-16 18:17:06.853,-0.004298,-0.002367,-0.010090,-0.000005,0.000005,0.000002
2025-12-16 18:17:06.855,-0.004312,-0.002385,-0.010135,-0.000005,0.000005,0.000002
2025-12-16 18:17:06.856,-0.004333,-0.002419,-0.010226,-0.000005,0.000005,0.000002
2025-12-16 18:17:06.857,-0.004342,-0.002430,-0.010265,-0.000005,0.000005,0.000001
2025-12-16 18:17:06.858,-0.004349,-0.002450,-0.010311,-0.000005,0.000005,0.000001
2025-12-16 18:17:06.860,-0.004368,-0.002497,-0.010407,-0.000005,0.000005,0.000002
2025-12-16 18:17:06.861,-0.004378,-0.002522,-0.010456,-0.000005,0.000005,0.000002
2025-12-16 18:17:06.862,-0.004383,-0.002543,-0.010503,-0.000005,0.000005,0.000002
2025-12-16 18:17:06.863,-0.004387,-0.002569,-0.010550,-0.000005,0.000005,0.000001
2025-12-16 18:17:06.864,-0.004392,-0.002596,-0.010596,-0.000005,0.000005,0.000001
2025-12-16 18:17:06.866,-0.004397,-0.002621,-0.010638,-0.000005,0.000005,0.000001
2025-12-16 18:17:06.867,-0.004407,-0.002663,-0.010716,-0.000005,0.000005,0.000001
2025-12-16 18:17:06.868,-0.004415,-0.002684,-0.010755,-0.000005,0.000005,0.000001
2025-12-16 18:17:06.869,-0.004423,-0.002704,-0.010797,-0.000005,0.000005,0.000001
2025-12-16 18:17:06.870,-0.004430,-0.002725,-0.010839,-0.000005,0.000005,0.000001
2025-12-16 18:17:06.871,-0.004435,-0.002743,-0.010882,-0.000005,0.000005,0.000001
2025-12-16 18:17:06.873,-0.004442,-0.002761,-0.010919,-0.000005,0.000005,0.000001
2025-12-16 18:17:06.874,-0.004447,-0.002776,-0.010954,-0.000005,0.000005,0.000001
2025-12-16 18:17:06.877,-0.004471,-0.002819,-0.011087,-0.000005,0.000005,0.000001
2025-12-16 18:17:06.878,-0.004475,-0.002826,-0.011114,-0.000005,0.000005,0.000001
2025-12-16 18:17:06.879,-0.004481,-0.002829,-0.011140,-0.000005,0.000005,0.000001
2025-12-16 18:17:06.880,-0.004486,-0.002830,-0.011161,-0.000005,0.000005,0.000001
2025-12-16 18:17:06.881,-0.004489,-0.002829,-0.011178,-0.000005,0.000005,0.000001
2025-12-16 18:17:06.883,-0.004495,-0.002825,-0.011192,-0.000005,0.000005,0.000001
2025-12-16 18:17:06.884,-0.004363,-0.002722,-0.010875,-0.000005,0.000005,0.000001
2025-12-16 18:17:06.885,-0.004340,-0.002691,-0.010809,-0.000005,0.000005,0.000001
2025-12-16 18:17:06.886,-0.004358,-0.002684,-0.010858,-0.000005,0.000005,0.000001
2025-12-16 18:17:06.887,-0.004391,-0.002686,-0.010937,-0.000005,0.000005,0.000001
2025-12-16 18:17:06.889,-0.004422,-0.002685,-0.011016,-0.000005,0.000005,0.000001
2025-12-16 18:17:06.890,-0.004466,-0.002661,-0.011125,-0.000005,0.000005,0.000001
2025-12-16 18:17:06.891,-0.004479,-0.002645,-0.011160,-0.000005,0.000005,0.000002
2025-12-16 18:17:06.892,-0.004489,-0.002627,-0.011183,-0.000005,0.000005,0.000002
2025-12-16 18:17:06.893,-0.004495,-0.002604,-0.011200,-0.000005,0.000005,0.000002
2025-12-16 18:17:06.894,-0.004499,-0.002579,-0.011211,-0.000005,0.000005,0.000002
2025-12-16 18:17:06.896,-0.004494,-0.002508,-0.011197,-0.000005,0.000005,0.000002
2025-12-16 18:17:06.897,-0.004487,-0.002467,-0.011182,-0.000005,0.000005,0.000002
2025-12-16 18:17:06.898,-0.004482,-0.002426,-0.011167,-0.000005,0.000005,0.000002
2025-12-16 18:17:06.899,-0.004478,-0.002391,-0.011155,-0.000005,0.000005,0.000002
2025-12-16 18:17:06.900,-0.004472,-0.002350,-0.011138,-0.000006,0.000005,0.000002
2025-12-16 18:17:06.902,-0.004457,-0.002270,-0.011107,-0.000006,0.000005,0.000002
2025-12-16 18:17:06.903,-0.004444,-0.002230,-0.011094,-0.000006,0.000005,0.000002
2025-12-16 18:17:06.904,-0.004432,-0.002185,-0.011077,-0.000005,0.000005,0.000002
2025-12-16 18:17:06.905,-0.004425,-0.002140,-0.011061,-0.000006,0.000005,0.000002
2025-12-16 18:17:06.907,-0.004416,-0.002055,-0.011033,-0.000006,0.000005,0.000002
2025-12-16 18:17:06.908,-0.004414,-0.002012,-0.011020,-0.000006,0.000005,0.000002
2025-12-16 18:17:06.909,-0.004405,-0.001968,-0.011006,-0.000006,0.000005,0.000002
2025-12-16 18:17:06.910,-0.004397,-0.001925,-0.010992,-0.000005,0.000005,0.000002
2025-12-16 18:17:06.911,-0.004392,-0.001878,-0.010978,-0.000006,0.000005,0.000002
2025-12-16 18:17:06.912,-0.004388,-0.001835,-0.010961,-0.000005,0.000005,0.000002
2025-12-16 18:17:06.913,-0.004386,-0.001793,-0.010943,-0.000006,0.000005,0.000002
2025-12-16 18:17:06.917,-0.004397,-0.001629,-0.010904,-0.000005,0.000005,0.000002
2025-12-16 18:17:06.918,-0.004405,-0.001590,-0.010894,-0.000005,0.000005,0.000002
2025-12-16 18:17:06.919,-0.004413,-0.001550,-0.010887,-0.000005,0.000005,0.000002
2025-12-16 18:17:06.920,-0.004423,-0.001510,-0.010885,-0.000005,0.000005,0.000002
2025-12-16 18:17:06.921,-0.004437,-0.001473,-0.010882,-0.000005,0.000005,0.000002
2025-12-16 18:17:06.923,-0.004467,-0.001399,-0.010877,-0.000005,0.000005,0.000002
2025-12-16 18:17:06.924,-0.004481,-0.001366,-0.010876,-0.000005,0.000005,0.000002
2025-12-16 18:17:06.925,-0.004504,-0.001334,-0.010877,-0.000005,0.000005,0.000002
2025-12-16 18:17:06.927,-0.004527,-0.001307,-0.010879,-0.000005,0.000005,0.000002
2025-12-16 18:17:06.928,-0.004564,-0.001259,-0.010880,-0.000005,0.000005,0.000002
2025-12-16 18:17:06.929,-0.004587,-0.001233,-0.010886,-0.000005,0.000005,0.000002
2025-12-16 18:17:06.931,-0.004609,-0.001208,-0.010893,-0.000005,0.000005,0.000002
2025-12-16 18:17:06.932,-0.004646,-0.001171,-0.010906,-0.000005,0.000005,0.000002
2025-12-16 18:17:06.933,-0.004668,-0.001149,-0.010916,-0.000006,0.000005,0.000002
2025-12-16 18:17:06.935,-0.004689,-0.001131,-0.010929,-0.000006,0.000005,0.000002
2025-12-16 18:17:06.936,-0.004733,-0.001107,-0.010954,-0.000005,0.000005,0.000002
2025-12-16 18:17:06.937,-0.004756,-0.001095,-0.010966,-0.000006,0.000005,0.000002
2025-12-16 18:17:06.938,-0.004777,-0.001086,-0.010982,-0.000005,0.000005,0.000002
2025-12-16 18:17:06.941,-0.004826,-0.001076,-0.011032,-0.000005,0.000005,0.000002
2025-12-16 18:17:06.942,-0.004843,-0.001076,-0.011050,-0.000005,0.000005,0.000002
2025-12-16 18:17:06.943,-0.004857,-0.001078,-0.011070,-0.000005,0.000005,0.000002
2025-12-16 18:17:06.944,-0.004869,-0.001080,-0.011087,-0.000005,0.000005,0.000002
2025-12-16 18:17:06.947,-0.004901,-0.001091,-0.011138,-0.000006,0.000005,0.000002
2025-12-16 18:17:06.948,-0.004912,-0.001097,-0.011155,-0.000006,0.000006,0.000002
2025-12-16 18:17:06.949,-0.004921,-0.001105,-0.011170,-0.000005,0.000006,0.000002
2025-12-16 18:17:06.951,-0.004928,-0.001112,-0.011183,-0.000006,0.000006,0.000002
2025-12-16 18:17:06.953,-0.004945,-0.001132,-0.011222,-0.000006,0.000006,0.000002
2025-12-16 18:17:06.954,-0.004950,-0.001143,-0.011233,-0.000006,0.000006,0.000002
2025-12-16 18:17:06.955,-0.004958,-0.001150,-0.011245,-0.000006,0.000006,0.000002
2025-12-16 18:17:06.956,-0.004965,-0.001155,-0.011254,-0.000006,0.000006,0.000002
2025-12-16 18:17:06.957,-0.004969,-0.001163,-0.011264,-0.000006,0.000006,0.000002
2025-12-16 18:17:06.958,-0.004972,-0.001170,-0.011271,-0.000006,0.000006,0.000002
2025-12-16 18:17:06.961,-0.004974,-0.001181,-0.011282,-0.000006,0.000006,0.000002
2025-12-16 18:17:06.962,-0.004968,-0.001194,-0.011283,-0.000006,0.000006,0.000002
2025-12-16 18:17:06.963,-0.004966,-0.001203,-0.011279,-0.000006,0.000006,0.000002
2025-12-16 18:17:06.964,-0.004964,-0.001207,-0.011278,-0.000006,0.000006,0.000002
2025-12-16 18:17:06.966,-0.004961,-0.001214,-0.011276,-0.000006,0.000006,0.000002
2025-12-16 18:17:06.968,-0.004959,-0.001222,-0.011271,-0.000006,0.000006,0.000002
2025-12-16 18:17:06.969,-0.004957,-0.001219,-0.011264,-0.000006,0.000006,0.000002
2025-12-16 18:17:06.970,-0.004952,-0.001216,-0.011256,-0.000006,0.000006,0.000002
2025-12-16 18:17:06.971,-0.004946,-0.001213,-0.011248,-0.000006,0.000006,0.000002
2025-12-16 18:17:06.973,-0.004943,-0.001208,-0.011236,-0.000006,0.000006,0.000002
2025-12-16 18:17:06.974,-0.004935,-0.001187,-0.011217,-0.000006,0.000006,0.000002
2025-12-16 18:17:06.975,-0.004932,-0.001176,-0.011203,-0.000006,0.000006,0.000002
2025-12-16 18:17:06.976,-0.004933,-0.001160,-0.011189,-0.000006,0.000006,0.000002
2025-12-16 18:17:06.977,-0.004930,-0.001144,-0.011176,-0.000006,0.000006,0.000002
2025-12-16 18:17:06.979,-0.004928,-0.001128,-0.011160,-0.000006,0.000006,0.000002
2025-12-16 18:17:06.980,-0.004925,-0.001091,-0.011130,-0.000006,0.000006,0.000002
2025-12-16 18:17:06.981,-0.004921,-0.001068,-0.011114,-0.000006,0.000006,0.000002
2025-12-16 18:17:06.982,-0.004914,-0.001049,-0.011094,-0.000006,0.000006,0.000002
2025-12-16 18:17:06.983,-0.004904,-0.001027,-0.011073,-0.000006,0.000006,0.000002
2025-12-16 18:17:06.985,-0.004898,-0.001002,-0.011052,-0.000006,0.000006,0.000002
2025-12-16 18:17:06.986,-0.004887,-0.000948,-0.011004,-0.000006,0.000006,0.000002
2025-12-16 18:17:06.987,-0.004878,-0.000919,-0.010976,-0.000006,0.000006,0.000002
2025-12-16 18:17:06.988,-0.004866,-0.000892,-0.010950,-0.000006,0.000006,0.000002
2025-12-16 18:17:06.989,-0.004854,-0.000863,-0.010925,-0.000006,0.000006,0.000002
2025-12-16 18:17:06.990,-0.004842,-0.000834,-0.010896,-0.000006,0.000006,0.000002
2025-12-16 18:17:06.992,-0.004827,-0.000806,-0.010866,-0.000006,0.000006,0.000002
2025-12-16 18:17:06.993,-0.004797,-0.000750,-0.010812,-0.000006,0.000006,0.000002
2025-12-16 18:17:06.994,-0.004784,-0.000717,-0.010785,-0.000006,0.000006,0.000002
2025-12-16 18:17:06.995,-0.004768,-0.000688,-0.010761,-0.000006,0.000006,0.000002
2025-12-16 18:17:06.997,-0.004731,-0.000637,-0.010715,-0.000006,0.000006,0.000002
2025-12-16 18:17:06.998,-0.004716,-0.000611,-0.010690,-0.000006,0.000005,0.000002
2025-12-16 18:17:06.999,-0.004696,-0.000585,-0.010669,-0.000006,0.000006,0.000002
2025-12-16 18:17:07.000,-0.004675,-0.000559,-0.010645,-0.000006,0.000005,0.000002
2025-12-16 18:17:07.002,-0.004632,-0.000511,-0.010604,-0.000006,0.000005,0.000002
2025-12-16 18:17:07.003,-0.004613,-0.000488,-0.010587,-0.000005,0.000005,0.000002
2025-12-16 18:17:07.004,-0.004588,-0.000470,-0.010570,-0.000005,0.000005,0.000002
2025-12-16 18:17:07.005,-0.004563,-0.000454,-0.010554,-0.000006,0.000005,0.000002
2025-12-16 18:17:07.006,-0.004537,-0.000440,-0.010538,-0.000006,0.000005,0.000002
2025-12-16 18:17:07.008,-0.004511,-0.000427,-0.010523,-0.000006,0.000005,0.000002
2025-12-16 18:17:07.009,-0.004460,-0.000403,-0.010503,-0.000006,0.000005,0.000002
2025-12-16 18:17:07.010,-0.004434,-0.000393,-0.010498,-0.000005,0.000005,0.000002
2025-12-16 18:17:07.011,-0.004406,-0.000386,-0.010491,-0.000005,0.000005,0.000002
2025-12-16 18:17:07.012,-0.004378,-0.000385,-0.010482,-0.000005,0.000005,0.000002
2025-12-16 18:17:07.013,-0.004352,-0.000385,-0.010476,-0.000005,0.000005,0.000002
2025-12-16 18:17:07.015,-0.004325,-0.000384,-0.010470,-0.000005,0.000005,0.000002
2025-12-16 18:17:07.016,-0.004297,-0.000385,-0.010465,-0.000006,0.000005,0.000002
2025-12-16 18:17:07.017,-0.004239,-0.000389,-0.010457,-0.000005,0.000005,0.000002
2025-12-16 18:17:07.018,-0.004206,-0.000394,-0.010451,-0.000005,0.000005,0.000002
2025-12-16 18:17:07.019,-0.004175,-0.000403,-0.010443,-0.000005,0.000005,0.000002
2025-12-16 18:17:07.020,-0.004147,-0.000411,-0.010438,-0.000005,0.000005,0.000002
2025-12-16 18:17:07.021,-0.004117,-0.000421,-0.010434,-0.000005,0.000005,0.000002
2025-12-16 18:17:07.022,-0.004088,-0.000431,-0.010426,-0.000005,0.000005,0.000002
2025-12-16 18:17:07.023,-0.004062,-0.000441,-0.010422,-0.000005,0.000005,0.000002
2025-12-16 18:17:07.025,-0.004034,-0.000452,-0.010420,-0.000005,0.000005,0.000002
2025-12-16 18:17:07.026,-0.004007,-0.000464,-0.010414,-0.000005,0.000005,0.000002
2025-12-16 18:17:07.027,-0.003981,-0.000473,-0.010408,-0.000005,0.000005,0.000002
2025-12-16 18:17:07.028,-0.003935,-0.000493,-0.010402,-0.000005,0.000005,0.000002
2025-12-16 18:17:07.029,-0.003910,-0.000508,-0.010395,-0.000005,0.000005,0.000002
2025-12-16 18:17:07.030,-0.003886,-0.000524,-0.010385,-0.000005,0.000005,0.000002
2025-12-16 18:17:07.031,-0.003863,-0.000537,-0.010378,-0.000005,0.000005,0.000002
2025-12-16 18:17:07.032,-0.003840,-0.000550,-0.010367,-0.000005,0.000005,0.000002
2025-12-16 18:17:07.033,-0.003819,-0.000564,-0.010357,-0.000005,0.000005,0.000002
2025-12-16 18:17:07.034,-0.003796,-0.000581,-0.010349,-0.000005,0.000005,0.000002
2025-12-16 18:17:07.036,-0.003775,-0.000593,-0.010340,-0.000005,0.000005,0.000002
2025-12-16 18:17:07.037,-0.003758,-0.000606,-0.010327,-0.000005,0.000005,0.000002
2025-12-16 18:17:07.038,-0.003726,-0.000625,-0.010304,-0.000005,0.000005,0.000002
2025-12-16 18:17:07.039,-0.003710,-0.000637,-0.010291,-0.000005,0.000005,0.000002
2025-12-16 18:17:07.040,-0.003692,-0.000648,-0.010273,-0.000005,0.000005,0.000002
2025-12-16 18:17:07.042,-0.003676,-0.000658,-0.010256,-0.000005,0.000005,0.000002
2025-12-16 18:17:07.043,-0.003653,-0.000680,-0.010218,-0.000005,0.000005,0.000002
2025-12-16 18:17:07.044,-0.003641,-0.000688,-0.010196,-0.000005,0.000005,0.000002
2025-12-16 18:17:07.045,-0.003629,-0.000696,-0.010175,-0.000005,0.000005,0.000002
2025-12-16 18:17:07.046,-0.003613,-0.000708,-0.010149,-0.000005,0.000005,0.000002
2025-12-16 18:17:07.047,-0.003594,-0.000722,-0.010120,-0.000005,0.000005,0.000002
2025-12-16 18:17:07.048,-0.003576,-0.000732,-0.010091,-0.000005,0.000005,0.000002
2025-12-16 18:17:07.049,-0.003557,-0.000740,-0.010061,-0.000005,0.000005,0.000002
2025-12-16 18:17:07.050,-0.003534,-0.000748,-0.010031,-0.000005,0.000005,0.000002
2025-12-16 18:17:07.052,-0.003514,-0.000758,-0.010002,-0.000005,0.000005,0.000002
2025-12-16 18:17:07.053,-0.003466,-0.000777,-0.009942,-0.000005,0.000005,0.000002
2025-12-16 18:17:07.054,-0.003443,-0.000786,-0.009905,-0.000005,0.000005,0.000002
2025-12-16 18:17:07.055,-0.003421,-0.000794,-0.009869,-0.000005,0.000005,0.000002
2025-12-16 18:17:07.056,-0.003393,-0.000804,-0.009829,-0.000005,0.000005,0.000002
2025-12-16 18:17:07.057,-0.003362,-0.000810,-0.009790,-0.000005,0.000005,0.000002
2025-12-16 18:17:07.058,-0.003332,-0.000818,-0.009756,-0.000005,0.000005,0.000002
2025-12-16 18:17:07.059,-0.003306,-0.000822,-0.009721,-0.000005,0.000005,0.000002
2025-12-16 18:17:07.060,-0.003279,-0.000830,-0.009687,-0.000005,0.000005,0.000002
2025-12-16 18:17:07.061,-0.003255,-0.000835,-0.009652,-0.000005,0.000005,0.000002
2025-12-16 18:17:07.062,-0.003228,-0.000840,-0.009618,-0.000005,0.000005,0.000002
2025-12-16 18:17:07.064,-0.003198,-0.000848,-0.009582,-0.000005,0.000005,0.000002
2025-12-16 18:17:07.065,-0.003168,-0.000854,-0.009549,-0.000005,0.000005,0.000002
2025-12-16 18:17:07.066,-0.003105,-0.000864,-0.009480,-0.000005,0.000005,0.000002
2025-12-16 18:17:07.067,-0.003073,-0.000869,-0.009446,-0.000005,0.000004,0.000002
2025-12-16 18:17:07.068,-0.003038,-0.000874,-0.009411,-0.000004,0.000004,0.000001
2025-12-16 18:17:07.069,-0.003009,-0.000879,-0.009382,-0.000005,0.000004,0.000001
2025-12-16 18:17:07.070,-0.002982,-0.000884,-0.009354,-0.000005,0.000004,0.000001
2025-12-16 18:17:07.071,-0.002952,-0.000888,-0.009323,-0.000005,0.000004,0.000001
2025-12-16 18:17:07.073,-0.002922,-0.000893,-0.009290,-0.000004,0.000004,0.000001
2025-12-16 18:17:07.074,-0.002896,-0.000895,-0.009259,-0.000004,0.000004,0.000001
2025-12-16 18:17:07.075,-0.002840,-0.000900,-0.009197,-0.000004,0.000004,0.000001
2025-12-16 18:17:07.076,-0.002812,-0.000901,-0.009169,-0.000004,0.000004,0.000001
2025-12-16 18:17:07.077,-0.002784,-0.000909,-0.009145,-0.000004,0.000004,0.000001
2025-12-16 18:17:07.078,-0.002761,-0.000919,-0.009127,-0.000004,0.000004,0.000001
2025-12-16 18:17:07.079,-0.002734,-0.000926,-0.009102,-0.000004,0.000004,0.000001
2025-12-16 18:17:07.080,-0.002705,-0.000928,-0.009078,-0.000004,0.000004,0.000001
2025-12-16 18:17:07.081,-0.002678,-0.000931,-0.009055,-0.000004,0.000004,0.000001
2025-12-16 18:17:07.082,-0.002648,-0.000936,-0.009032,-0.000004,0.000004,0.000001
2025-12-16 18:17:07.083,-0.002622,-0.000940,-0.009012,-0.000004,0.000004,0.000001
2025-12-16 18:17:07.085,-0.002572,-0.000952,-0.008973,-0.000004,0.000004,0.000001
2025-12-16 18:17:07.086,-0.002548,-0.000955,-0.008952,-0.000004,0.000004,0.000001
2025-12-16 18:17:07.087,-0.002524,-0.000957,-0.008934,-0.000004,0.000004,0.000001
2025-12-16 18:17:07.088,-0.002502,-0.000960,-0.008918,-0.000004,0.000004,0.000001
2025-12-16 18:17:07.089,-0.002480,-0.000962,-0.008904,-0.000004,0.000004,0.000001
2025-12-16 18:17:07.090,-0.002460,-0.000962,-0.008892,-0.000004,0.000004,0.000001
2025-12-16 18:17:07.091,-0.002436,-0.000967,-0.008877,-0.000004,0.000004,0.000001
2025-12-16 18:17:07.092,-0.002413,-0.000972,-0.008863,-0.000004,0.000004,0.000001
2025-12-16 18:17:07.093,-0.002395,-0.000977,-0.008852,-0.000004,0.000004,0.000001
2025-12-16 18:17:07.094,-0.002371,-0.000985,-0.008837,-0.000004,0.000004,0.000001
2025-12-16 18:17:07.095,-0.002346,-0.000993,-0.008825,-0.000004,0.000004,0.000001
2025-12-16 18:17:07.096,-0.002324,-0.000999,-0.008815,-0.000004,0.000004,0.000001
2025-12-16 18:17:07.098,-0.002301,-0.001009,-0.008801,-0.000004,0.000004,0.000001
2025-12-16 18:17:07.099,-0.002277,-0.001018,-0.008788,-0.000004,0.000004,0.000001
2025-12-16 18:17:07.100,-0.002217,-0.001040,-0.008758,-0.000004,0.000004,0.000001
2025-12-16 18:17:07.101,-0.002185,-0.001052,-0.008747,-0.000004,0.000004,0.000001
2025-12-16 18:17:07.102,-0.002093,-0.001028,-0.008470,-0.000004,0.000004,0.000001
2025-12-16 18:17:07.103,-0.002054,-0.001030,-0.008401,-0.000004,0.000004,0.000001
2025-12-16 18:17:07.104,-0.002029,-0.001047,-0.008418,-0.000004,0.000004,0.000001
2025-12-16 18:17:07.105,-0.002005,-0.001069,-0.008460,-0.000004,0.000004,0.000001
2025-12-16 18:17:07.106,-0.001986,-0.001088,-0.008505,-0.000004,0.000004,0.000001
2025-12-16 18:17:07.107,-0.001964,-0.001110,-0.008541,-0.000004,0.000004,0.000001
2025-12-16 18:17:07.109,-0.001935,-0.001136,-0.008565,-0.000004,0.000004,0.000001
2025-12-16 18:17:07.110,-0.001869,-0.001188,-0.008595,-0.000004,0.000004,0.000001
2025-12-16 18:17:07.111,-0.001838,-0.001209,-0.008601,-0.000004,0.000004,0.000001
2025-12-16 18:17:07.112,-0.001805,-0.001227,-0.008604,-0.000004,0.000004,0.000001
2025-12-16 18:17:07.113,-0.001772,-0.001243,-0.008601,-0.000004,0.000004,0.000001
2025-12-16 18:17:07.114,-0.001734,-0.001263,-0.008599,-0.000004,0.000004,0.000001
2025-12-16 18:17:07.115,-0.001690,-0.001286,-0.008590,-0.000004,0.000004,0.000001
2025-12-16 18:17:07.116,-0.001645,-0.001306,-0.008584,-0.000004,0.000004,0.000001
2025-12-16 18:17:07.117,-0.001599,-0.001327,-0.008572,-0.000004,0.000003,0.000001
2025-12-16 18:17:07.119,-0.001516,-0.001367,-0.008545,-0.000004,0.000003,0.000001
2025-12-16 18:17:07.120,-0.001477,-0.001386,-0.008530,-0.000004,0.000003,0.000001
2025-12-16 18:17:07.121,-0.001437,-0.001402,-0.008512,-0.000004,0.000003,0.000001
2025-12-16 18:17:07.122,-0.001398,-0.001417,-0.008495,-0.000004,0.000003,0.000001
2025-12-16 18:17:07.123,-0.001363,-0.001434,-0.008479,-0.000003,0.000003,0.000001
2025-12-16 18:17:07.124,-0.001334,-0.001448,-0.008466,-0.000003,0.000003,0.000001
2025-12-16 18:17:07.125,-0.001305,-0.001460,-0.008451,-0.000003,0.000003,0.000001
2025-12-16 18:17:07.127,-0.001279,-0.001473,-0.008437,-0.000003,0.000003,0.000001
2025-12-16 18:17:07.128,-0.001247,-0.001488,-0.008418,-0.000004,0.000003,0.000001
2025-12-16 18:17:07.129,-0.001219,-0.001503,-0.008401,-0.000003,0.000003,0.000001
2025-12-16 18:17:07.130,-0.001186,-0.001517,-0.008377,-0.000003,0.000003,0.000001
2025-12-16 18:17:07.131,-0.001134,-0.001546,-0.008327,-0.000003,0.000003,0.000000
2025-12-16 18:17:07.132,-0.001116,-0.001555,-0.008305,-0.000003,0.000003,0.000000
2025-12-16 18:17:07.133,-0.001102,-0.001563,-0.008280,-0.000003,0.000003,0.000000
2025-12-16 18:17:07.134,-0.001086,-0.001576,-0.008252,-0.000003,0.000003,0.000000
2025-12-16 18:17:07.136,-0.001073,-0.001589,-0.008229,-0.000003,0.000003,0.000000
2025-12-16 18:17:07.137,-0.001050,-0.001606,-0.008169,-0.000003,0.000003,0.000000
2025-12-16 18:17:07.138,-0.001038,-0.001612,-0.008137,-0.000003,0.000003,0.000000
2025-12-16 18:17:07.139,-0.001026,-0.001618,-0.008106,-0.000003,0.000003,0.000000
2025-12-16 18:17:07.140,-0.001019,-0.001626,-0.008080,-0.000003,0.000003,0.000000
2025-12-16 18:17:07.141,-0.001017,-0.001635,-0.008051,-0.000003,0.000003,0.000000
2025-12-16 18:17:07.142,-0.001017,-0.001643,-0.008025,-0.000003,0.000003,0.000000
2025-12-16 18:17:07.143,-0.001014,-0.001649,-0.007996,-0.000003,0.000003,0.000000
2025-12-16 18:17:07.144,-0.001017,-0.001656,-0.007970,-0.000003,0.000003,0.000000
2025-12-16 18:17:07.145,-0.001017,-0.001662,-0.007939,-0.000003,0.000003,0.000000
2025-12-16 18:17:07.147,-0.001022,-0.001666,-0.007906,-0.000003,0.000003,0.000000
2025-12-16 18:17:07.148,-0.001028,-0.001668,-0.007877,-0.000003,0.000003,0.000000
2025-12-16 18:17:07.149,-0.001045,-0.001673,-0.007825,-0.000003,0.000003,0.000000
2025-12-16 18:17:07.150,-0.001052,-0.001680,-0.007798,-0.000003,0.000003,0.000000
2025-12-16 18:17:07.151,-0.001062,-0.001687,-0.007773,-0.000003,0.000003,0.000000
2025-12-16 18:17:07.152,-0.001066,-0.001693,-0.007744,-0.000003,0.000003,0.000000
2025-12-16 18:17:07.153,-0.001070,-0.001699,-0.007716,-0.000003,0.000003,0.000000
2025-12-16 18:17:07.155,-0.001085,-0.001708,-0.007664,-0.000003,0.000003,0.000000
2025-12-16 18:17:07.156,-0.001091,-0.001714,-0.007641,-0.000003,0.000003,0.000000
2025-12-16 18:17:07.157,-0.001096,-0.001718,-0.007623,-0.000003,0.000003,0.000000
2025-12-16 18:17:07.158,-0.001104,-0.001724,-0.007604,-0.000003,0.000003,0.000000
2025-12-16 18:17:07.159,-0.001111,-0.001733,-0.007580,-0.000003,0.000003,0.000000
2025-12-16 18:17:07.160,-0.001120,-0.001742,-0.007556,-0.000003,0.000003,0.000000
2025-12-16 18:17:07.161,-0.001129,-0.001749,-0.007536,-0.000003,0.000003,0.000001
2025-12-16 18:17:07.163,-0.001136,-0.001758,-0.007517,-0.000003,0.000003,0.000000
2025-12-16 18:17:07.164,-0.001154,-0.001772,-0.007482,-0.000003,0.000003,0.000000
2025-12-16 18:17:07.165,-0.001163,-0.001782,-0.007470,-0.000003,0.000003,0.000000
2025-12-16 18:17:07.166,-0.001169,-0.001791,-0.007459,-0.000003,0.000003,0.000000
2025-12-16 18:17:07.167,-0.001176,-0.001800,-0.007448,-0.000003,0.000003,0.000000
2025-12-16 18:17:07.168,-0.001182,-0.001813,-0.007441,-0.000003,0.000003,0.000001
2025-12-16 18:17:07.169,-0.001192,-0.001821,-0.007437,-0.000003,0.000003,0.000000
2025-12-16 18:17:07.170,-0.001204,-0.001830,-0.007434,-0.000003,0.000003,0.000000
2025-12-16 18:17:07.171,-0.001214,-0.001844,-0.007433,-0.000003,0.000003,0.000000
2025-12-16 18:17:07.173,-0.001228,-0.001856,-0.007437,-0.000003,0.000003,0.000000
2025-12-16 18:17:07.174,-0.001257,-0.001884,-0.007446,-0.000003,0.000003,0.000000
2025-12-16 18:17:07.175,-0.001272,-0.001897,-0.007453,-0.000003,0.000003,0.000000
2025-12-16 18:17:07.176,-0.001291,-0.001912,-0.007464,-0.000003,0.000003,0.000000
2025-12-16 18:17:07.177,-0.001308,-0.001925,-0.007475,-0.000003,0.000003,0.000000
2025-12-16 18:17:07.179,-0.001349,-0.001953,-0.007506,-0.000003,0.000003,0.000000
2025-12-16 18:17:07.180,-0.001369,-0.001966,-0.007523,-0.000003,0.000003,0.000000
2025-12-16 18:17:07.181,-0.001391,-0.001981,-0.007544,-0.000003,0.000003,0.000000
2025-12-16 18:17:07.182,-0.001411,-0.001996,-0.007566,-0.000003,0.000003,0.000000
2025-12-16 18:17:07.183,-0.001432,-0.002012,-0.007591,-0.000003,0.000003,0.000000
2025-12-16 18:17:07.184,-0.001454,-0.002030,-0.007620,-0.000003,0.000003,0.000000
2025-12-16 18:17:07.185,-0.001481,-0.002044,-0.007649,-0.000003,0.000003,0.000000
2025-12-16 18:17:07.186,-0.001507,-0.002062,-0.007678,-0.000003,0.000003,0.000000
2025-12-16 18:17:07.188,-0.001564,-0.002092,-0.007737,-0.000003,0.000003,0.000000
2025-12-16 18:17:07.189,-0.001593,-0.002104,-0.007768,-0.000003,0.000003,0.000000
2025-12-16 18:17:07.190,-0.001623,-0.002115,-0.007801,-0.000003,0.000003,0.000000
2025-12-16 18:17:07.192,-0.001686,-0.002134,-0.007868,-0.000003,0.000003,0.000001
2025-12-16 18:17:07.193,-0.001715,-0.002145,-0.007899,-0.000003,0.000003,0.000001
2025-12-16 18:17:07.194,-0.001743,-0.002152,-0.007930,-0.000003,0.000003,0.000001
2025-12-16 18:17:07.195,-0.001771,-0.002161,-0.007962,-0.000003,0.000003,0.000001
2025-12-16 18:17:07.196,-0.001800,-0.002169,-0.007999,-0.000003,0.000003,0.000001
2025-12-16 18:17:07.197,-0.001829,-0.002178,-0.008034,-0.000003,0.000003,0.000001
2025-12-16 18:17:07.199,-0.001859,-0.002187,-0.008076,-0.000003,0.000003,0.000001
2025-12-16 18:17:07.200,-0.001926,-0.002200,-0.008167,-0.000003,0.000003,0.000001
2025-12-16 18:17:07.202,-0.001956,-0.002207,-0.008214,-0.000003,0.000003,0.000001
2025-12-16 18:17:07.203,-0.001981,-0.002213,-0.008254,-0.000003,0.000003,0.000001
2025-12-16 18:17:07.204,-0.002035,-0.002231,-0.008343,-0.000003,0.000003,0.000001
2025-12-16 18:17:07.205,-0.002057,-0.002237,-0.008387,-0.000003,0.000003,0.000001
2025-12-16 18:17:07.206,-0.002081,-0.002241,-0.008429,-0.000003,0.000003,0.000001
2025-12-16 18:17:07.207,-0.002106,-0.002242,-0.008473,-0.000003,0.000003,0.000001
2025-12-16 18:17:07.208,-0.002131,-0.002241,-0.008517,-0.000003,0.000003,0.000001
2025-12-16 18:17:07.209,-0.002152,-0.002239,-0.008554,-0.000003,0.000003,0.000001
2025-12-16 18:17:07.210,-0.002168,-0.002240,-0.008592,-0.000003,0.000003,0.000001
2025-12-16 18:17:07.212,-0.002182,-0.002240,-0.008630,-0.000003,0.000004,0.000001
2025-12-16 18:17:07.213,-0.002203,-0.002237,-0.008707,-0.000003,0.000004,0.000001
2025-12-16 18:17:07.214,-0.002212,-0.002233,-0.008746,-0.000004,0.000004,0.000001
2025-12-16 18:17:07.215,-0.002218,-0.002230,-0.008780,-0.000003,0.000004,0.000001
2025-12-16 18:17:07.216,-0.002225,-0.002222,-0.008816,-0.000004,0.000004,0.000001
2025-12-16 18:17:07.217,-0.002231,-0.002213,-0.008847,-0.000004,0.000004,0.000001
2025-12-16 18:17:07.219,-0.002239,-0.002204,-0.008878,-0.000004,0.000004,0.000001
2025-12-16 18:17:07.220,-0.002246,-0.002193,-0.008908,-0.000004,0.000004,0.000001
2025-12-16 18:17:07.221,-0.002257,-0.002173,-0.008964,-0.000004,0.000004,0.000001
2025-12-16 18:17:07.222,-0.002261,-0.002156,-0.008994,-0.000004,0.000004,0.000001
2025-12-16 18:17:07.223,-0.002266,-0.002134,-0.009018,-0.000004,0.000004,0.000001
2025-12-16 18:17:07.224,-0.002271,-0.002115,-0.009037,-0.000004,0.000004,0.000001
2025-12-16 18:17:07.225,-0.002273,-0.002095,-0.009055,-0.000004,0.000004,0.000001
2025-12-16 18:17:07.227,-0.002278,-0.002076,-0.009076,-0.000004,0.000004,0.000001
2025-12-16 18:17:07.228,-0.002285,-0.002031,-0.009109,-0.000004,0.000004,0.000001
2025-12-16 18:17:07.229,-0.002288,-0.002011,-0.009120,-0.000004,0.000004,0.000001
2025-12-16 18:17:07.230,-0.002292,-0.001991,-0.009130,-0.000004,0.000004,0.000001
2025-12-16 18:17:07.231,-0.002296,-0.001961,-0.009145,-0.000004,0.000004,0.000001
2025-12-16 18:17:07.233,-0.002304,-0.001928,-0.009156,-0.000004,0.000004,0.000001
2025-12-16 18:17:07.234,-0.002315,-0.001865,-0.009172,-0.000004,0.000004,0.000001
2025-12-16 18:17:07.235,-0.002323,-0.001832,-0.009179,-0.000004,0.000004,0.000001
2025-12-16 18:17:07.236,-0.002331,-0.001798,-0.009183,-0.000004,0.000004,0.000001
2025-12-16 18:17:07.237,-0.002341,-0.001767,-0.009188,-0.000004,0.000004,0.000001
2025-12-16 18:17:07.238,-0.002350,-0.001741,-0.009192,-0.000004,0.000004,0.000001
2025-12-16 18:17:07.239,-0.002361,-0.001712,-0.009197,-0.000004,0.000004,0.000001
2025-12-16 18:17:07.241,-0.002394,-0.001631,-0.009198,-0.000004,0.000004,0.000001
2025-12-16 18:17:07.242,-0.002412,-0.001589,-0.009192,-0.000004,0.000004,0.000001
2025-12-16 18:17:07.243,-0.002429,-0.001549,-0.009189,-0.000004,0.000004,0.000001
2025-12-16 18:17:07.244,-0.002446,-0.001507,-0.009184,-0.000004,0.000004,0.000001
2025-12-16 18:17:07.245,-0.002461,-0.001470,-0.009179,-0.000004,0.000004,0.000001
2025-12-16 18:17:07.246,-0.002480,-0.001435,-0.009178,-0.000004,0.000004,0.000001
2025-12-16 18:17:07.248,-0.002500,-0.001393,-0.009173,-0.000004,0.000004,0.000001
2025-12-16 18:17:07.249,-0.002539,-0.001308,-0.009165,-0.000004,0.000004,0.000001
2025-12-16 18:17:07.250,-0.002556,-0.001265,-0.009160,-0.000004,0.000004,0.000001
2025-12-16 18:17:07.251,-0.002575,-0.001223,-0.009152,-0.000004,0.000004,0.000001
2025-12-16 18:17:07.252,-0.002589,-0.001183,-0.009145,-0.000004,0.000004,0.000001
2025-12-16 18:17:07.254,-0.002607,-0.001142,-0.009139,-0.000004,0.000004,0.000001
2025-12-16 18:17:07.255,-0.002626,-0.001075,-0.009127,-0.000004,0.000004,0.000001
2025-12-16 18:17:07.257,-0.002651,-0.001005,-0.009099,-0.000004,0.000004,0.000001
2025-12-16 18:17:07.258,-0.002662,-0.000973,-0.009083,-0.000004,0.000004,0.000001
2025-12-16 18:17:07.259,-0.002669,-0.000940,-0.009064,-0.000004,0.000004,0.000001
2025-12-16 18:17:07.260,-0.002672,-0.000912,-0.009048,-0.000004,0.000004,0.000001
2025-12-16 18:17:07.261,-0.002676,-0.000885,-0.009034,-0.000004,0.000004,0.000001
2025-12-16 18:17:07.262,-0.002677,-0.000860,-0.009020,-0.000004,0.000004,0.000001
2025-12-16 18:17:07.263,-0.002675,-0.000842,-0.009002,-0.000004,0.000004,0.000001
2025-12-16 18:17:07.264,-0.002672,-0.000824,-0.008984,-0.000004,0.000004,0.000001
2025-12-16 18:17:07.266,-0.002665,-0.000807,-0.008967,-0.000004,0.000004,0.000001
2025-12-16 18:17:07.267,-0.002660,-0.000791,-0.008949,-0.000004,0.000004,0.000001
2025-12-16 18:17:07.268,-0.002641,-0.000766,-0.008908,-0.000004,0.000004,0.000001
2025-12-16 18:17:07.269,-0.002633,-0.000754,-0.008892,-0.000004,0.000004,0.000001
2025-12-16 18:17:07.270,-0.002627,-0.000745,-0.008880,-0.000004,0.000004,0.000001
2025-12-16 18:17:07.272,-0.002610,-0.000741,-0.008867,-0.000004,0.000004,0.000001
2025-12-16 18:17:07.272,-0.002592,-0.000741,-0.008855,-0.000004,0.000004,0.000001
2025-12-16 18:17:07.274,-0.002547,-0.000745,-0.008829,-0.000004,0.000004,0.000001
2025-12-16 18:17:07.275,-0.002527,-0.000747,-0.008821,-0.000004,0.000004,0.000001
2025-12-16 18:17:07.276,-0.002506,-0.000749,-0.008814,-0.000004,0.000004,0.000001
2025-12-16 18:17:07.277,-0.002485,-0.000750,-0.008806,-0.000004,0.000004,0.000001
2025-12-16 18:17:07.278,-0.002459,-0.000749,-0.008799,-0.000004,0.000004,0.000001
2025-12-16 18:17:07.279,-0.002434,-0.000752,-0.008795,-0.000004,0.000004,0.000001
2025-12-16 18:17:07.281,-0.002412,-0.000755,-0.008789,-0.000004,0.000004,0.000001
2025-12-16 18:17:07.282,-0.002360,-0.000762,-0.008776,-0.000004,0.000004,0.000001
2025-12-16 18:17:07.283,-0.002332,-0.000764,-0.008774,-0.000004,0.000004,0.000001
2025-12-16 18:17:07.284,-0.002306,-0.000767,-0.008771,-0.000004,0.000004,0.000001
2025-12-16 18:17:07.286,-0.002252,-0.000772,-0.008771,-0.000004,0.000004,0.000001
2025-12-16 18:17:07.287,-0.002227,-0.000773,-0.008775,-0.000004,0.000004,0.000001
2025-12-16 18:17:07.288,-0.002200,-0.000775,-0.008775,-0.000004,0.000004,0.000001
2025-12-16 18:17:07.289,-0.002172,-0.000780,-0.008772,-0.000004,0.000004,0.000001
2025-12-16 18:17:07.290,-0.002139,-0.000784,-0.008772,-0.000004,0.000004,0.000001
2025-12-16 18:17:07.292,-0.002109,-0.000781,-0.008774,-0.000004,0.000004,0.000001
2025-12-16 18:17:07.293,-0.002049,-0.000776,-0.008769,-0.000004,0.000004,0.000001
2025-12-16 18:17:07.294,-0.002027,-0.000769,-0.008770,-0.000004,0.000004,0.000001
2025-12-16 18:17:07.295,-0.002003,-0.000766,-0.008772,-0.000004,0.000004,0.000001
2025-12-16 18:17:07.296,-0.001976,-0.000761,-0.008773,-0.000004,0.000004,0.000001
2025-12-16 18:17:07.297,-0.001942,-0.000751,-0.008778,-0.000004,0.000004,0.000001
2025-12-16 18:17:07.299,-0.001911,-0.000740,-0.008783,-0.000004,0.000004,0.000001
2025-12-16 18:17:07.300,-0.001836,-0.000708,-0.008793,-0.000004,0.000004,0.000001
2025-12-16 18:17:07.301,-0.001799,-0.000690,-0.008798,-0.000004,0.000004,0.000001
2025-12-16 18:17:07.302,-0.001762,-0.000669,-0.008804,-0.000004,0.000004,0.000001
2025-12-16 18:17:07.303,-0.001727,-0.000647,-0.008808,-0.000004,0.000004,0.000001
2025-12-16 18:17:07.304,-0.001694,-0.000625,-0.008815,-0.000004,0.000004,0.000001
2025-12-16 18:17:07.305,-0.001666,-0.000606,-0.008823,-0.000004,0.000004,0.000001
2025-12-16 18:17:07.306,-0.001640,-0.000587,-0.008825,-0.000004,0.000004,0.000001
2025-12-16 18:17:07.309,-0.001561,-0.000512,-0.008841,-0.000004,0.000004,0.000001
2025-12-16 18:17:07.310,-0.001534,-0.000482,-0.008846,-0.000004,0.000004,0.000001
2025-12-16 18:17:07.311,-0.001505,-0.000453,-0.008847,-0.000004,0.000004,0.000001
2025-12-16 18:17:07.312,-0.001472,-0.000427,-0.008847,-0.000004,0.000004,0.000001
2025-12-16 18:17:07.313,-0.001433,-0.000393,-0.008850,-0.000004,0.000004,0.000001
2025-12-16 18:17:07.315,-0.001343,-0.000325,-0.008855,-0.000004,0.000004,0.000001
2025-12-16 18:17:07.317,-0.001254,-0.000256,-0.008852,-0.000004,0.000004,0.000001
2025-12-16 18:17:07.318,-0.001217,-0.000221,-0.008849,-0.000004,0.000004,0.000001
2025-12-16 18:17:07.319,-0.001183,-0.000185,-0.008847,-0.000004,0.000004,0.000001
2025-12-16 18:17:07.321,-0.001113,-0.000120,-0.008835,-0.000004,0.000004,0.000001
2025-12-16 18:17:07.322,-0.001077,-0.000091,-0.008824,-0.000004,0.000004,0.000001
2025-12-16 18:17:07.323,-0.001039,-0.000060,-0.008811,-0.000004,0.000004,0.000001
2025-12-16 18:17:07.326,-0.000920,0.000028,-0.008755,-0.000004,0.000004,0.000001
2025-12-16 18:17:07.329,-0.000821,0.000106,-0.008692,-0.000004,0.000004,0.000001
2025-12-16 18:17:07.330,-0.000790,0.000127,-0.008669,-0.000004,0.000003,0.000001
2025-12-16 18:17:07.331,-0.000757,0.000151,-0.008646,-0.000004,0.000003,0.000001
2025-12-16 18:17:07.334,-0.000645,0.000227,-0.008540,-0.000004,0.000003,0.000001
2025-12-16 18:17:07.335,-0.000608,0.000252,-0.008497,-0.000004,0.000003,0.000001
2025-12-16 18:17:07.336,-0.000572,0.000278,-0.008452,-0.000004,0.000003,0.000001
2025-12-16 18:17:07.337,-0.000541,0.000300,-0.008413,-0.000004,0.000003,0.000001
2025-12-16 18:17:07.339,-0.000508,0.000318,-0.008375,-0.000003,0.000003,0.000001
2025-12-16 18:17:07.341,-0.000437,0.000351,-0.008285,-0.000003,0.000003,0.000001
2025-12-16 18:17:07.342,-0.000375,0.000380,-0.008196,-0.000003,0.000003,0.000001
2025-12-16 18:17:07.343,-0.000346,0.000394,-0.008152,-0.000003,0.000003,0.000001
2025-12-16 18:17:07.344,-0.000322,0.000406,-0.008115,-0.000003,0.000003,0.000001
2025-12-16 18:17:07.345,-0.000295,0.000417,-0.008076,-0.000003,0.000003,0.000001
2025-12-16 18:17:07.346,-0.000267,0.000426,-0.008032,-0.000003,0.000003,0.000001
2025-12-16 18:17:07.347,-0.000240,0.000437,-0.007986,-0.000003,0.000003,0.000001
2025-12-16 18:17:07.349,-0.000211,0.000445,-0.007942,-0.000003,0.000003,0.000001
2025-12-16 18:17:07.350,-0.000184,0.000453,-0.007903,-0.000003,0.000003,0.000001
2025-12-16 18:17:07.351,-0.000137,0.000464,-0.007826,-0.000003,0.000003,0.000001
2025-12-16 18:17:07.352,-0.000113,0.000465,-0.007786,-0.000003,0.000003,0.000001
2025-12-16 18:17:07.353,-0.000092,0.000463,-0.007751,-0.000003,0.000003,0.000001
2025-12-16 18:17:07.354,-0.000072,0.000460,-0.007718,-0.000003,0.000003,0.000001
2025-12-16 18:17:07.355,-0.000054,0.000458,-0.007686,-0.000003,0.000003,0.000001
2025-12-16 18:17:07.356,-0.000037,0.000454,-0.007658,-0.000003,0.000003,0.000001
2025-12-16 18:17:07.358,-0.000023,0.000450,-0.007635,-0.000003,0.000003,0.000001
2025-12-16 18:17:07.359,-0.000009,0.000444,-0.007613,-0.000003,0.000003,0.000001
2025-12-16 18:17:07.360,0.000019,0.000423,-0.007575,-0.000003,0.000003,0.000000
2025-12-16 18:17:07.361,0.000034,0.000411,-0.007564,-0.000003,0.000003,0.000001
2025-12-16 18:17:07.362,0.000049,0.000399,-0.007552,-0.000003,0.000003,0.000000
2025-12-16 18:17:07.363,0.000065,0.000387,-0.007540,-0.000003,0.000003,0.000001
2025-12-16 18:17:07.364,0.000082,0.000378,-0.007530,-0.000003,0.000003,0.000000
2025-12-16 18:17:07.365,0.000101,0.000366,-0.007520,-0.000003,0.000003,0.000000
2025-12-16 18:17:07.366,0.000119,0.000354,-0.007517,-0.000003,0.000003,0.000000
2025-12-16 18:17:07.368,0.000139,0.000337,-0.007512,-0.000003,0.000003,0.000000
2025-12-16 18:17:07.369,0.000160,0.000322,-0.007509,-0.000003,0.000003,0.000000
2025-12-16 18:17:07.370,0.000202,0.000286,-0.007508,-0.000003,0.000003,0.000000
2025-12-16 18:17:07.371,0.000229,0.000264,-0.007516,-0.000003,0.000003,0.000000
2025-12-16 18:17:07.372,0.000253,0.000244,-0.007526,-0.000003,0.000003,0.000000
2025-12-16 18:17:07.373,0.000277,0.000224,-0.007537,-0.000003,0.000003,0.000000
2025-12-16 18:17:07.374,0.000304,0.000203,-0.007547,-0.000003,0.000003,0.000000
2025-12-16 18:17:07.375,0.000332,0.000182,-0.007558,-0.000003,0.000003,0.000000
2025-12-16 18:17:07.376,0.000362,0.000160,-0.007567,-0.000003,0.000003,0.000000
2025-12-16 18:17:07.377,0.000393,0.000137,-0.007576,-0.000003,0.000003,0.000000
2025-12-16 18:17:07.378,0.000424,0.000113,-0.007588,-0.000003,0.000003,0.000000
2025-12-16 18:17:07.379,0.000456,0.000087,-0.007600,-0.000003,0.000003,0.000000
2025-12-16 18:17:07.380,0.000487,0.000060,-0.007615,-0.000003,0.000003,0.000000
2025-12-16 18:17:07.382,0.000519,0.000034,-0.007627,-0.000003,0.000003,0.000000
2025-12-16 18:17:07.383,0.000582,-0.000015,-0.007655,-0.000003,0.000003,0.000000
2025-12-16 18:17:07.384,0.000613,-0.000042,-0.007670,-0.000003,0.000003,0.000000
2025-12-16 18:17:07.385,0.000643,-0.000067,-0.007688,-0.000003,0.000003,0.000000
2025-12-16 18:17:07.386,0.000676,-0.000094,-0.007701,-0.000003,0.000003,0.000000
2025-12-16 18:17:07.389,0.000772,-0.000170,-0.007741,-0.000003,0.000002,0.000000
2025-12-16 18:17:07.391,0.000827,-0.000217,-0.007774,-0.000003,0.000002,0.000000
2025-12-16 18:17:07.392,0.000857,-0.000241,-0.007789,-0.000003,0.000002,0.000000
2025-12-16 18:17:07.393,0.000887,-0.000266,-0.007799,-0.000003,0.000002,0.000000
2025-12-16 18:17:07.395,0.000912,-0.000288,-0.007806,-0.000003,0.000002,0.000000
2025-12-16 18:17:07.396,0.000953,-0.000323,-0.007823,-0.000003,0.000002,0.000000
2025-12-16 18:17:07.398,0.000999,-0.000359,-0.007833,-0.000003,0.000002,0.000000
2025-12-16 18:17:07.400,0.001058,-0.000413,-0.007827,-0.000003,0.000002,0.000000
2025-12-16 18:17:07.401,0.001100,-0.000451,-0.007814,-0.000003,0.000002,0.000000
2025-12-16 18:17:07.402,0.001148,-0.000496,-0.007795,-0.000003,0.000002,0.000000
2025-12-16 18:17:07.403,0.001196,-0.000545,-0.007776,-0.000003,0.000002,0.000000
2025-12-16 18:17:07.404,0.001251,-0.000596,-0.007756,-0.000003,0.000002,-0.000000
2025-12-16 18:17:07.405,0.001310,-0.000650,-0.007734,-0.000003,0.000002,-0.000000
2025-12-16 18:17:07.407,0.001365,-0.000708,-0.007706,-0.000003,0.000002,-0.000000
2025-12-16 18:17:07.408,0.001471,-0.000824,-0.007641,-0.000003,0.000002,-0.000000
2025-12-16 18:17:07.409,0.001522,-0.000887,-0.007608,-0.000003,0.000002,-0.000000
2025-12-16 18:17:07.410,0.001575,-0.000957,-0.007574,-0.000003,0.000002,-0.000000
2025-12-16 18:17:07.411,0.001633,-0.001033,-0.007542,-0.000003,0.000002,-0.000000
2025-12-16 18:17:07.412,0.001689,-0.001112,-0.007512,-0.000003,0.000002,-0.000000
2025-12-16 18:17:07.413,0.001747,-0.001189,-0.007482,-0.000003,0.000002,-0.000000
2025-12-16 18:17:07.414,0.001807,-0.001266,-0.007448,-0.000003,0.000002,-0.000000
2025-12-16 18:17:07.416,0.001924,-0.001419,-0.007369,-0.000003,0.000002,-0.000000
2025-12-16 18:17:07.417,0.001977,-0.001494,-0.007324,-0.000003,0.000002,-0.000000
2025-12-16 18:17:07.418,0.002024,-0.001567,-0.007276,-0.000003,0.000002,-0.000000
2025-12-16 18:17:07.419,0.002061,-0.001633,-0.007231,-0.000002,0.000002,-0.000000
2025-12-16 18:17:07.420,0.002089,-0.001685,-0.007193,-0.000003,0.000002,-0.000001
2025-12-16 18:17:07.421,0.002096,-0.001723,-0.007162,-0.000003,0.000002,-0.000001
2025-12-16 18:17:07.422,0.002095,-0.001749,-0.007138,-0.000002,0.000002,-0.000001
2025-12-16 18:17:07.424,0.002084,-0.001769,-0.007110,-0.000002,0.000002,-0.000001
2025-12-16 18:17:07.425,0.002048,-0.001792,-0.007058,-0.000002,0.000002,-0.000001
2025-12-16 18:17:07.426,0.002017,-0.001791,-0.007030,-0.000002,0.000001,-0.000001
2025-12-16 18:17:07.427,0.001979,-0.001784,-0.007006,-0.000002,0.000001,-0.000001
2025-12-16 18:17:07.428,0.001944,-0.001776,-0.006987,-0.000002,0.000002,-0.000001
2025-12-16 18:17:07.429,0.001908,-0.001764,-0.006964,-0.000002,0.000001,-0.000001
2025-12-16 18:17:07.430,0.001875,-0.001747,-0.006946,-0.000002,0.000001,-0.000001
2025-12-16 18:17:07.432,0.001831,-0.001713,-0.006918,-0.000002,0.000002,-0.000000
2025-12-16 18:17:07.433,0.001781,-0.001668,-0.006889,-0.000002,0.000002,-0.000000
2025-12-16 18:17:07.434,0.001693,-0.001586,-0.006844,-0.000002,0.000002,-0.000000
2025-12-16 18:17:07.435,0.001642,-0.001538,-0.006824,-0.000002,0.000002,-0.000000
2025-12-16 18:17:07.436,0.001594,-0.001490,-0.006801,-0.000002,0.000002,-0.000000
2025-12-16 18:17:07.439,0.001521,-0.001412,-0.006755,-0.000002,0.000002,-0.000000
2025-12-16 18:17:07.440,0.001490,-0.001357,-0.006706,-0.000002,0.000002,-0.000000
2025-12-16 18:17:07.441,0.001483,-0.001338,-0.006685,-0.000002,0.000002,-0.000000
2025-12-16 18:17:07.445,0.001562,-0.001271,-0.006602,-0.000002,0.000002,-0.000000
2025-12-16 18:17:07.446,0.001594,-0.001265,-0.006590,-0.000002,0.000002,-0.000000
2025-12-16 18:17:07.448,0.001690,-0.001275,-0.006565,-0.000002,0.000001,-0.000000
2025-12-16 18:17:07.449,0.001744,-0.001287,-0.006551,-0.000002,0.000001,-0.000000
2025-12-16 18:17:07.450,0.001806,-0.001304,-0.006538,-0.000002,0.000001,-0.000000
2025-12-16 18:17:07.451,0.001870,-0.001322,-0.006528,-0.000002,0.000001,-0.000000
2025-12-16 18:17:07.452,0.001937,-0.001342,-0.006517,-0.000002,0.000001,-0.000001
2025-12-16 18:17:07.453,0.002011,-0.001365,-0.006507,-0.000002,0.000001,-0.000001
2025-12-16 18:17:07.455,0.002087,-0.001389,-0.006504,-0.000002,0.000001,-0.000001
2025-12-16 18:17:07.456,0.002166,-0.001416,-0.006506,-0.000002,0.000001,-0.000001
2025-12-16 18:17:07.457,0.002327,-0.001469,-0.006530,-0.000002,0.000001,-0.000001
2025-12-16 18:17:07.458,0.002404,-0.001494,-0.006547,-0.000002,0.000001,-0.000001
2025-12-16 18:17:07.459,0.002467,-0.001514,-0.006562,-0.000002,0.000001,-0.000001
2025-12-16 18:17:07.460,0.002538,-0.001534,-0.006577,-0.000002,0.000001,-0.000001
2025-12-16 18:17:07.461,0.002600,-0.001551,-0.006590,-0.000002,0.000001,-0.000001
2025-12-16 18:17:07.463,0.002656,-0.001569,-0.006608,-0.000002,0.000001,-0.000001
2025-12-16 18:17:07.464,0.002786,-0.001610,-0.006664,-0.000002,0.000001,-0.000001
2025-12-16 18:17:07.465,0.002842,-0.001623,-0.006695,-0.000002,0.000001,-0.000001
2025-12-16 18:17:07.466,0.002895,-0.001633,-0.006730,-0.000002,0.000001,-0.000001
2025-12-16 18:17:07.467,0.002943,-0.001639,-0.006762,-0.000002,0.000001,-0.000001
2025-12-16 18:17:07.468,0.002984,-0.001641,-0.006797,-0.000002,0.000001,-0.000001
2025-12-16 18:17:07.471,0.003074,-0.001621,-0.006896,-0.000002,0.000001,-0.000001
2025-12-16 18:17:07.472,0.003093,-0.001607,-0.006925,-0.000002,0.000001,-0.000001
2025-12-16 18:17:07.473,0.003110,-0.001596,-0.006952,-0.000002,0.000001,-0.000001
2025-12-16 18:17:07.475,0.003124,-0.001571,-0.006998,-0.000002,0.000001,-0.000001
2025-12-16 18:17:07.476,0.003131,-0.001559,-0.007021,-0.000002,0.000001,-0.000001
2025-12-16 18:17:07.477,0.003112,-0.001524,-0.007048,-0.000002,0.000001,-0.000001
2025-12-16 18:17:07.478,0.003089,-0.001487,-0.007076,-0.000002,0.000001,-0.000001
2025-12-16 18:17:07.479,0.003062,-0.001453,-0.007104,-0.000002,0.000001,-0.000001
2025-12-16 18:17:07.481,0.003002,-0.001388,-0.007157,-0.000002,0.000001,-0.000001
2025-12-16 18:17:07.482,0.002974,-0.001361,-0.007177,-0.000002,0.000001,-0.000001
2025-12-16 18:17:07.483,0.002939,-0.001332,-0.007195,-0.000002,0.000001,-0.000001
2025-12-16 18:17:07.484,0.002906,-0.001306,-0.007211,-0.000002,0.000001,-0.000001
2025-12-16 18:17:07.485,0.002875,-0.001286,-0.007221,-0.000002,0.000001,-0.000001
2025-12-16 18:17:07.487,0.002806,-0.001241,-0.007234,-0.000002,0.000001,-0.000001
2025-12-16 18:17:07.488,0.002767,-0.001218,-0.007235,-0.000002,0.000001,-0.000001
2025-12-16 18:17:07.489,0.002734,-0.001199,-0.007235,-0.000002,0.000001,-0.000001
2025-12-16 18:17:07.490,0.002692,-0.001184,-0.007235,-0.000002,0.000001,-0.000001
2025-12-16 18:17:07.491,0.002652,-0.001172,-0.007234,-0.000002,0.000001,-0.000001
2025-12-16 18:17:07.492,0.002615,-0.001159,-0.007231,-0.000002,0.000001,-0.000001
2025-12-16 18:17:07.493,0.002577,-0.001147,-0.007231,-0.000002,0.000001,-0.000001
2025-12-16 18:17:07.495,0.002499,-0.001129,-0.007225,-0.000002,0.000001,-0.000001
2025-12-16 18:17:07.496,0.002462,-0.001130,-0.007213,-0.000002,0.000001,-0.000001
2025-12-16 18:17:07.497,0.002428,-0.001131,-0.007196,-0.000002,0.000001,-0.000001
2025-12-16 18:17:07.498,0.002399,-0.001137,-0.007180,-0.000002,0.000001,-0.000001
2025-12-16 18:17:07.500,0.002351,-0.001149,-0.007142,-0.000002,0.000001,-0.000001
2025-12-16 18:17:07.502,0.002318,-0.001161,-0.007099,-0.000002,0.000001,-0.000001
2025-12-16 18:17:07.503,0.002309,-0.001172,-0.007075,-0.000002,0.000001,-0.000001
2025-12-16 18:17:07.504,0.002302,-0.001188,-0.007051,-0.000002,0.000001,-0.000001
2025-12-16 18:17:07.506,0.002300,-0.001208,-0.007021,-0.000002,0.000001,-0.000001
2025-12-16 18:17:07.507,0.002299,-0.001253,-0.006957,-0.000002,0.000001,-0.000001
2025-12-16 18:17:07.508,0.002305,-0.001287,-0.006912,-0.000002,0.000001,-0.000001
2025-12-16 18:17:07.509,0.002311,-0.001315,-0.006876,-0.000002,0.000001,-0.000001
2025-12-16 18:17:07.510,0.002318,-0.001340,-0.006846,-0.000002,0.000001,-0.000001
2025-12-16 18:17:07.511,0.002332,-0.001367,-0.006813,-0.000002,0.000001,-0.000001
2025-12-16 18:17:07.513,0.002376,-0.001423,-0.006737,-0.000002,0.000001,-0.000001
2025-12-16 18:17:07.514,0.002401,-0.001450,-0.006701,-0.000002,0.000001,-0.000001
2025-12-16 18:17:07.515,0.002426,-0.001478,-0.006667,-0.000002,0.000001,-0.000001
2025-12-16 18:17:07.517,0.002476,-0.001531,-0.006601,-0.000002,0.000001,-0.000001
2025-12-16 18:17:07.518,0.002507,-0.001560,-0.006567,-0.000002,0.000001,-0.000001
2025-12-16 18:17:07.519,0.002535,-0.001588,-0.006534,-0.000002,0.000001,-0.000001
2025-12-16 18:17:07.520,0.002557,-0.001612,-0.006507,-0.000002,0.000001,-0.000001
2025-12-16 18:17:07.521,0.002585,-0.001640,-0.006480,-0.000002,0.000001,-0.000001
2025-12-16 18:17:07.523,0.002611,-0.001663,-0.006455,-0.000002,0.000001,-0.000001
2025-12-16 18:17:07.525,0.002672,-0.001718,-0.006395,-0.000002,0.000001,-0.000001
2025-12-16 18:17:07.526,0.002688,-0.001735,-0.006379,-0.000002,0.000001,-0.000001
2025-12-16 18:17:07.527,0.002703,-0.001754,-0.006368,-0.000002,0.000001,-0.000001
2025-12-16 18:17:07.528,0.002719,-0.001767,-0.006365,-0.000002,0.000001,-0.000001
2025-12-16 18:17:07.532,0.002771,-0.001819,-0.006399,-0.000002,0.000001,-0.000001
2025-12-16 18:17:07.534,0.002783,-0.001842,-0.006429,-0.000002,0.000001,-0.000001
2025-12-16 18:17:07.535,0.002783,-0.001847,-0.006452,-0.000002,0.000001,-0.000001
2025-12-16 18:17:07.536,0.002784,-0.001851,-0.006483,-0.000002,0.000001,-0.000001
2025-12-16 18:17:07.538,0.002784,-0.001854,-0.006522,-0.000002,0.000001,-0.000001
2025-12-16 18:17:07.539,0.002777,-0.001857,-0.006611,-0.000002,0.000001,-0.000001
2025-12-16 18:17:07.540,0.002774,-0.001857,-0.006659,-0.000002,0.000001,-0.000001
2025-12-16 18:17:07.542,0.002772,-0.001857,-0.006699,-0.000002,0.000001,-0.000001
2025-12-16 18:17:07.543,0.002774,-0.001871,-0.006801,-0.000002,0.000001,-0.000001
2025-12-16 18:17:07.544,0.002779,-0.001881,-0.006853,-0.000002,0.000001,-0.000001
2025-12-16 18:17:07.545,0.002785,-0.001889,-0.006908,-0.000002,0.000001,-0.000001
2025-12-16 18:17:07.547,0.002798,-0.001900,-0.007011,-0.000002,0.000001,-0.000001
2025-12-16 18:17:07.548,0.002807,-0.001908,-0.007073,-0.000002,0.000001,-0.000001
2025-12-16 18:17:07.549,0.002814,-0.001914,-0.007135,-0.000002,0.000001,-0.000001
2025-12-16 18:17:07.550,0.002823,-0.001919,-0.007193,-0.000002,0.000001,-0.000001
2025-12-16 18:17:07.556,0.002906,-0.001956,-0.007531,-0.000002,0.000001,-0.000001
2025-12-16 18:17:07.560,0.002980,-0.001983,-0.007694,-0.000002,0.000001,-0.000001
2025-12-16 18:17:07.562,0.003009,-0.001985,-0.007761,-0.000003,0.000001,-0.000001
2025-12-16 18:17:07.563,0.003024,-0.001985,-0.007790,-0.000003,0.000001,-0.000001
2025-12-16 18:17:07.564,0.003038,-0.001985,-0.007815,-0.000003,0.000001,-0.000001
2025-12-16 18:17:07.566,0.003052,-0.001986,-0.007840,-0.000003,0.000001,-0.000001
2025-12-16 18:17:07.567,0.003064,-0.001987,-0.007860,-0.000003,0.000001,-0.000001
2025-12-16 18:17:07.569,0.003090,-0.001990,-0.007904,-0.000003,0.000001,-0.000001
2025-12-16 18:17:07.570,0.003098,-0.001988,-0.007908,-0.000003,0.000001,-0.000001
2025-12-16 18:17:07.571,0.003106,-0.001983,-0.007905,-0.000003,0.000001,-0.000001
2025-12-16 18:17:07.574,0.003111,-0.001972,-0.007885,-0.000003,0.000001,-0.000001
2025-12-16 18:17:07.577,0.003086,-0.001957,-0.007829,-0.000002,0.000001,-0.000001
2025-12-16 18:17:07.579,0.003069,-0.001951,-0.007802,-0.000003,0.000001,-0.000001
2025-12-16 18:17:07.580,0.003029,-0.001940,-0.007742,-0.000003,0.000001,-0.000001
2025-12-16 18:17:07.582,0.002974,-0.001931,-0.007676,-0.000003,0.000001,-0.000001
2025-12-16 18:17:07.583,0.002945,-0.001931,-0.007638,-0.000003,0.000001,-0.000001
2025-12-16 18:17:07.584,0.002920,-0.001932,-0.007606,-0.000003,0.000001,-0.000001
2025-12-16 18:17:07.586,0.002893,-0.001934,-0.007577,-0.000003,0.000001,-0.000001
2025-12-16 18:17:07.587,0.002835,-0.001943,-0.007521,-0.000003,0.000001,-0.000001
2025-12-16 18:17:07.593,0.002577,-0.002000,-0.007305,-0.000002,0.000001,-0.000001
2025-12-16 18:17:07.594,0.002533,-0.002012,-0.007275,-0.000002,0.000001,-0.000001
2025-12-16 18:17:07.597,0.002443,-0.002047,-0.007219,-0.000002,0.000001,-0.000001
2025-12-16 18:17:07.598,0.002360,-0.002087,-0.007172,-0.000002,0.000001,-0.000001
2025-12-16 18:17:07.599,0.002314,-0.002109,-0.007152,-0.000002,0.000001,-0.000001
2025-12-16 18:17:07.600,0.002268,-0.002133,-0.007134,-0.000002,0.000001,-0.000001
2025-12-16 18:17:07.603,0.002173,-0.002187,-0.007101,-0.000002,0.000001,-0.000001
2025-12-16 18:17:07.605,0.002029,-0.002281,-0.007063,-0.000002,0.000001,-0.000001
2025-12-16 18:17:07.607,0.001984,-0.002313,-0.007056,-0.000002,0.000001,-0.000001
2025-12-16 18:17:07.608,0.001898,-0.002379,-0.007043,-0.000002,0.000001,-0.000001
2025-12-16 18:17:07.611,0.001790,-0.002468,-0.007054,-0.000002,0.000002,-0.000001
2025-12-16 18:17:07.612,0.001754,-0.002496,-0.007063,-0.000002,0.000002,-0.000001
2025-12-16 18:17:07.613,0.001721,-0.002527,-0.007076,-0.000002,0.000002,-0.000001
2025-12-16 18:17:07.615,0.001654,-0.002585,-0.007110,-0.000003,0.000002,-0.000001
2025-12-16 18:17:07.616,0.001628,-0.002607,-0.007127,-0.000002,0.000002,-0.000001
2025-12-16 18:17:07.617,0.001601,-0.002633,-0.007145,-0.000002,0.000002,-0.000001
2025-12-16 18:17:07.618,0.001577,-0.002668,-0.007167,-0.000002,0.000002,-0.000001
2025-12-16 18:17:07.619,0.001555,-0.002704,-0.007193,-0.000003,0.000002,-0.000001
2025-12-16 18:17:07.621,0.001521,-0.002761,-0.007239,-0.000003,0.000002,-0.000001
2025-12-16 18:17:07.622,0.001503,-0.002789,-0.007260,-0.000003,0.000002,-0.000001
2025-12-16 18:17:07.624,0.001458,-0.002849,-0.007327,-0.000003,0.000002,-0.000001
2025-12-16 18:17:07.625,0.001434,-0.002878,-0.007366,-0.000003,0.000002,-0.000001
2025-12-16 18:17:07.626,0.001413,-0.002902,-0.007400,-0.000003,0.000002,-0.000001
2025-12-16 18:17:07.627,0.001389,-0.002927,-0.007439,-0.000003,0.000002,-0.000001
2025-12-16 18:17:07.628,0.001362,-0.002953,-0.007481,-0.000003,0.000002,-0.000001
2025-12-16 18:17:07.629,0.001340,-0.002977,-0.007525,-0.000003,0.000002,-0.000001
2025-12-16 18:17:07.630,0.001318,-0.002999,-0.007566,-0.000003,0.000002,-0.000001
2025-12-16 18:17:07.632,0.001297,-0.003026,-0.007607,-0.000003,0.000002,-0.000001
2025-12-16 18:17:07.633,0.001262,-0.003072,-0.007674,-0.000003,0.000002,-0.000001
2025-12-16 18:17:07.634,0.001242,-0.003089,-0.007707,-0.000003,0.000002,-0.000001
2025-12-16 18:17:07.636,0.001220,-0.003108,-0.007749,-0.000003,0.000002,-0.000001
2025-12-16 18:17:07.637,0.001197,-0.003125,-0.007797,-0.000003,0.000002,-0.000001
2025-12-16 18:17:07.638,0.001172,-0.003139,-0.007843,-0.000003,0.000002,-0.000001
2025-12-16 18:17:07.639,0.001147,-0.003150,-0.007886,-0.000003,0.000002,-0.000001
2025-12-16 18:17:07.640,0.001092,-0.003162,-0.007967,-0.000003,0.000002,-0.000001
2025-12-16 18:17:07.642,0.001042,-0.003166,-0.008047,-0.000003,0.000002,-0.000000
2025-12-16 18:17:07.643,0.001021,-0.003166,-0.008084,-0.000003,0.000002,-0.000001
2025-12-16 18:17:07.644,0.000999,-0.003164,-0.008115,-0.000003,0.000002,-0.000001
2025-12-16 18:17:07.645,0.000971,-0.003161,-0.008147,-0.000003,0.000002,-0.000000
2025-12-16 18:17:07.647,0.000918,-0.003147,-0.008208,-0.000003,0.000002,-0.000000
2025-12-16 18:17:07.648,0.000896,-0.003139,-0.008234,-0.000003,0.000002,-0.000000
2025-12-16 18:17:07.649,0.000871,-0.003127,-0.008257,-0.000003,0.000002,-0.000000
2025-12-16 18:17:07.650,0.000849,-0.003114,-0.008276,-0.000003,0.000002,-0.000000
2025-12-16 18:17:07.653,0.000782,-0.003061,-0.008331,-0.000003,0.000002,-0.000000
2025-12-16 18:17:07.654,0.000760,-0.003039,-0.008343,-0.000003,0.000002,-0.000000
2025-12-16 18:17:07.655,0.000742,-0.003019,-0.008351,-0.000003,0.000002,-0.000000
2025-12-16 18:17:07.656,0.000719,-0.002995,-0.008360,-0.000003,0.000002,-0.000000
2025-12-16 18:17:07.657,0.000694,-0.002970,-0.008364,-0.000003,0.000002,-0.000000
2025-12-16 18:17:07.658,0.000668,-0.002939,-0.008368,-0.000003,0.000002,-0.000000
2025-12-16 18:17:07.660,0.000642,-0.002911,-0.008368,-0.000003,0.000002,-0.000000
2025-12-16 18:17:07.661,0.000593,-0.002853,-0.008365,-0.000003,0.000002,-0.000000
2025-12-16 18:17:07.665,0.000500,-0.002745,-0.008334,-0.000003,0.000002,-0.000000
2025-12-16 18:17:07.666,0.000484,-0.002730,-0.008319,-0.000003,0.000002,-0.000000
2025-12-16 18:17:07.667,0.000472,-0.002723,-0.008299,-0.000003,0.000002,-0.000000
2025-12-16 18:17:07.669,0.000461,-0.002737,-0.008247,-0.000003,0.000002,-0.000000
2025-12-16 18:17:07.671,0.000458,-0.002759,-0.008194,-0.000003,0.000002,-0.000000
2025-12-16 18:17:07.672,0.000458,-0.002777,-0.008166,-0.000003,0.000002,-0.000000
2025-12-16 18:17:07.674,0.000461,-0.002819,-0.008112,-0.000003,0.000002,-0.000000
2025-12-16 18:17:07.675,0.000464,-0.002851,-0.008080,-0.000003,0.000002,-0.000000
2025-12-16 18:17:07.677,0.000470,-0.002892,-0.008047,-0.000003,0.000002,-0.000000
2025-12-16 18:17:07.678,0.000482,-0.002971,-0.007998,-0.000003,0.000002,-0.000000
2025-12-16 18:17:07.679,0.000487,-0.003012,-0.007984,-0.000003,0.000002,-0.000000
2025-12-16 18:17:07.680,0.000495,-0.003068,-0.007968,-0.000003,0.000002,-0.000000
2025-12-16 18:17:07.681,0.000501,-0.003125,-0.007954,-0.000003,0.000002,-0.000000
2025-12-16 18:17:07.682,0.000506,-0.003185,-0.007933,-0.000003,0.000002,-0.000000
2025-12-16 18:17:07.684,0.000503,-0.003282,-0.007900,-0.000003,0.000002,-0.000000
2025-12-16 18:17:07.685,0.000494,-0.003325,-0.007884,-0.000003,0.000002,-0.000000
2025-12-16 18:17:07.686,0.000484,-0.003360,-0.007870,-0.000003,0.000002,-0.000000
2025-12-16 18:17:07.687,0.000466,-0.003387,-0.007862,-0.000003,0.000002,-0.000000
2025-12-16 18:17:07.688,0.000436,-0.003405,-0.007859,-0.000003,0.000002,-0.000000
2025-12-16 18:17:07.689,0.000388,-0.003411,-0.007870,-0.000003,0.000002,-0.000000
2025-12-16 18:17:07.690,0.000334,-0.003414,-0.007880,-0.000003,0.000002,-0.000000
2025-12-16 18:17:07.692,0.000226,-0.003407,-0.007899,-0.000003,0.000002,-0.000000
2025-12-16 18:17:07.693,0.000171,-0.003398,-0.007910,-0.000003,0.000002,-0.000000
2025-12-16 18:17:07.694,0.000108,-0.003381,-0.007931,-0.000003,0.000002,-0.000000
2025-12-16 18:17:07.697,-0.000014,-0.003342,-0.007972,-0.000003,0.000002,-0.000000
2025-12-16 18:17:07.698,-0.000160,-0.003256,-0.008013,-0.000003,0.000002,-0.000000
2025-12-16 18:17:07.699,-0.000237,-0.003208,-0.008032,-0.000003,0.000002,-0.000000
2025-12-16 18:17:07.700,-0.000304,-0.003167,-0.008048,-0.000003,0.000002,-0.000000
2025-12-16 18:17:07.701,-0.000368,-0.003130,-0.008062,-0.000003,0.000003,0.000000
2025-12-16 18:17:07.702,-0.000436,-0.003090,-0.008078,-0.000003,0.000003,0.000000
2025-12-16 18:17:07.704,-0.000499,-0.003053,-0.008092,-0.000003,0.000003,-0.000000
2025-12-16 18:17:07.705,-0.000611,-0.003001,-0.008116,-0.000003,0.000003,0.000000
2025-12-16 18:17:07.707,-0.000700,-0.002974,-0.008135,-0.000003,0.000003,0.000000
2025-12-16 18:17:07.708,-0.000737,-0.002964,-0.008142,-0.000003,0.000003,0.000000
2025-12-16 18:17:07.709,-0.000767,-0.002955,-0.008148,-0.000003,0.000003,0.000000
2025-12-16 18:17:07.710,-0.000792,-0.002955,-0.008156,-0.000003,0.000003,0.000000
2025-12-16 18:17:07.712,-0.000811,-0.002959,-0.008164,-0.000003,0.000003,0.000000
2025-12-16 18:17:07.713,-0.000834,-0.002981,-0.008187,-0.000003,0.000003,0.000000
2025-12-16 18:17:07.714,-0.000838,-0.003003,-0.008192,-0.000003,0.000003,0.000000
2025-12-16 18:17:07.715,-0.000841,-0.003031,-0.008194,-0.000003,0.000003,0.000000
2025-12-16 18:17:07.716,-0.000840,-0.003060,-0.008192,-0.000003,0.000003,0.000000
2025-12-16 18:17:07.717,-0.000839,-0.003085,-0.008189,-0.000003,0.000003,0.000000
2025-12-16 18:17:07.718,-0.000831,-0.003118,-0.008187,-0.000003,0.000003,0.000000
2025-12-16 18:17:07.720,-0.000812,-0.003194,-0.008185,-0.000003,0.000003,0.000000
2025-12-16 18:17:07.721,-0.000805,-0.003229,-0.008187,-0.000003,0.000003,0.000000
2025-12-16 18:17:07.722,-0.000797,-0.003265,-0.008197,-0.000003,0.000003,0.000000
2025-12-16 18:17:07.723,-0.000788,-0.003295,-0.008208,-0.000003,0.000003,0.000000
2025-12-16 18:17:07.724,-0.000783,-0.003324,-0.008218,-0.000003,0.000003,0.000000
2025-12-16 18:17:07.725,-0.000782,-0.003353,-0.008226,-0.000003,0.000003,0.000000
2025-12-16 18:17:07.726,-0.000783,-0.003378,-0.008231,-0.000003,0.000003,0.000000
2025-12-16 18:17:07.727,-0.000788,-0.003399,-0.008238,-0.000003,0.000003,0.000000
2025-12-16 18:17:07.728,-0.000794,-0.003416,-0.008244,-0.000003,0.000003,0.000000
2025-12-16 18:17:07.730,-0.000801,-0.003432,-0.008245,-0.000003,0.000003,0.000000
2025-12-16 18:17:07.731,-0.000829,-0.003454,-0.008250,-0.000003,0.000003,0.000000
2025-12-16 18:17:07.732,-0.000858,-0.003450,-0.008257,-0.000003,0.000003,0.000000
2025-12-16 18:17:07.733,-0.000894,-0.003442,-0.008267,-0.000003,0.000003,0.000000
2025-12-16 18:17:07.734,-0.000938,-0.003426,-0.008276,-0.000003,0.000003,0.000000
2025-12-16 18:17:07.735,-0.000979,-0.003404,-0.008281,-0.000003,0.000003,0.000000
2025-12-16 18:17:07.736,-0.001021,-0.003382,-0.008284,-0.000003,0.000003,0.000000
2025-12-16 18:17:07.737,-0.001066,-0.003356,-0.008288,-0.000003,0.000003,0.000000
2025-12-16 18:17:07.738,-0.001105,-0.003333,-0.008292,-0.000003,0.000003,0.000000
2025-12-16 18:17:07.739,-0.001156,-0.003304,-0.008293,-0.000003,0.000003,0.000000
2025-12-16 18:17:07.740,-0.001204,-0.003273,-0.008291,-0.000003,0.000003,0.000000
2025-12-16 18:17:07.741,-0.001249,-0.003242,-0.008285,-0.000003,0.000003,0.000000
2025-12-16 18:17:07.742,-0.001286,-0.003214,-0.008279,-0.000003,0.000003,0.000000
2025-12-16 18:17:07.747,-0.001520,-0.003021,-0.008281,-0.000003,0.000003,0.000000
2025-12-16 18:17:07.748,-0.001569,-0.002981,-0.008293,-0.000003,0.000003,0.000000
2025-12-16 18:17:07.749,-0.001616,-0.002943,-0.008301,-0.000003,0.000003,0.000000
2025-12-16 18:17:07.751,-0.001690,-0.002883,-0.008313,-0.000003,0.000003,0.000000
2025-12-16 18:17:07.752,-0.001718,-0.002864,-0.008310,-0.000003,0.000003,0.000000
2025-12-16 18:17:07.753,-0.001739,-0.002848,-0.008301,-0.000003,0.000003,0.000000
2025-12-16 18:17:07.755,-0.001754,-0.002838,-0.008294,-0.000003,0.000003,0.000001
2025-12-16 18:17:07.756,-0.001773,-0.002828,-0.008287,-0.000003,0.000003,0.000001
2025-12-16 18:17:07.757,-0.001781,-0.002822,-0.008288,-0.000003,0.000003,0.000001
2025-12-16 18:17:07.758,-0.001788,-0.002816,-0.008290,-0.000003,0.000003,0.000001
2025-12-16 18:17:07.760,-0.001791,-0.002809,-0.008306,-0.000003,0.000003,0.000001
2025-12-16 18:17:07.761,-0.001790,-0.002812,-0.008315,-0.000003,0.000003,0.000001
2025-12-16 18:17:07.762,-0.001788,-0.002817,-0.008323,-0.000003,0.000003,0.000001
2025-12-16 18:17:07.763,-0.001785,-0.002822,-0.008331,-0.000003,0.000003,0.000001
2025-12-16 18:17:07.765,-0.001772,-0.002830,-0.008338,-0.000003,0.000003,0.000001
2025-12-16 18:17:07.766,-0.001744,-0.002852,-0.008349,-0.000003,0.000003,0.000001
2025-12-16 18:17:07.767,-0.001727,-0.002859,-0.008357,-0.000003,0.000003,0.000001
2025-12-16 18:17:07.768,-0.001710,-0.002869,-0.008365,-0.000003,0.000003,0.000001
2025-12-16 18:17:07.769,-0.001696,-0.002879,-0.008372,-0.000003,0.000003,0.000001
2025-12-16 18:17:07.770,-0.001677,-0.002885,-0.008382,-0.000003,0.000003,0.000000
2025-12-16 18:17:07.771,-0.001660,-0.002890,-0.008390,-0.000003,0.000003,0.000001
2025-12-16 18:17:07.772,-0.001643,-0.002893,-0.008399,-0.000003,0.000003,0.000001
2025-12-16 18:17:07.775,-0.001605,-0.002892,-0.008427,-0.000003,0.000003,0.000001
2025-12-16 18:17:07.777,-0.001581,-0.002889,-0.008462,-0.000004,0.000003,0.000001
2025-12-16 18:17:07.778,-0.001571,-0.002886,-0.008475,-0.000004,0.000003,0.000001
2025-12-16 18:17:07.783,-0.001522,-0.002842,-0.008543,-0.000003,0.000003,0.000000
2025-12-16 18:17:07.785,-0.001508,-0.002825,-0.008561,-0.000004,0.000003,0.000000
2025-12-16 18:17:07.786,-0.001505,-0.002816,-0.008569,-0.000003,0.000003,0.000001
2025-12-16 18:17:07.787,-0.001504,-0.002809,-0.008575,-0.000003,0.000003,0.000000
2025-12-16 18:17:07.788,-0.001501,-0.002805,-0.008585,-0.000003,0.000003,0.000001
2025-12-16 18:17:07.792,-0.001501,-0.002781,-0.008617,-0.000003,0.000003,0.000000
2025-12-16 18:17:07.798,-0.001505,-0.002800,-0.008647,-0.000003,0.000003,0.000000
2025-12-16 18:17:07.800,-0.001515,-0.002830,-0.008655,-0.000003,0.000003,0.000000
2025-12-16 18:17:07.801,-0.001519,-0.002848,-0.008657,-0.000003,0.000003,0.000000
2025-12-16 18:17:07.803,-0.001521,-0.002869,-0.008659,-0.000003,0.000003,0.000000
2025-12-16 18:17:07.803,-0.001521,-0.002887,-0.008661,-0.000003,0.000003,0.000000
2025-12-16 18:17:07.805,-0.001523,-0.002929,-0.008666,-0.000003,0.000003,0.000000
2025-12-16 18:17:07.807,-0.001518,-0.002990,-0.008667,-0.000003,0.000003,0.000000
2025-12-16 18:17:07.811,-0.001498,-0.003127,-0.008640,-0.000003,0.000003,0.000000
2025-12-16 18:17:07.812,-0.001488,-0.003161,-0.008631,-0.000003,0.000003,0.000000
2025-12-16 18:17:07.815,-0.001472,-0.003260,-0.008602,-0.000003,0.000003,0.000000
2025-12-16 18:17:07.816,-0.001468,-0.003289,-0.008589,-0.000003,0.000003,0.000000
2025-12-16 18:17:07.821,-0.001455,-0.003425,-0.008517,-0.000003,0.000003,0.000000
2025-12-16 18:17:07.823,-0.001451,-0.003469,-0.008483,-0.000003,0.000003,0.000000
2025-12-16 18:17:07.824,-0.001450,-0.003486,-0.008459,-0.000003,0.000003,0.000000
2025-12-16 18:17:07.826,-0.001451,-0.003503,-0.008433,-0.000003,0.000003,0.000000
2025-12-16 18:17:07.827,-0.001456,-0.003526,-0.008387,-0.000003,0.000003,0.000000
2025-12-16 18:17:07.829,-0.001461,-0.003536,-0.008364,-0.000003,0.000003,0.000000
2025-12-16 18:17:07.831,-0.001461,-0.003551,-0.008310,-0.000003,0.000003,0.000000
2025-12-16 18:17:07.832,-0.001464,-0.003553,-0.008299,-0.000003,0.000003,0.000000
2025-12-16 18:17:07.834,-0.001480,-0.003546,-0.008260,-0.000003,0.000003,0.000000
2025-12-16 18:17:07.835,-0.001486,-0.003541,-0.008241,-0.000003,0.000003,0.000000
2025-12-16 18:17:07.839,-0.001495,-0.003525,-0.008189,-0.000003,0.000003,0.000000
2025-12-16 18:17:07.840,-0.001499,-0.003502,-0.008151,-0.000003,0.000003,0.000000
2025-12-16 18:17:07.841,-0.001495,-0.003491,-0.008133,-0.000003,0.000003,0.000000
2025-12-16 18:17:07.843,-0.001488,-0.003465,-0.008098,-0.000003,0.000003,0.000000
2025-12-16 18:17:07.844,-0.001486,-0.003452,-0.008085,-0.000003,0.000003,0.000000
2025-12-16 18:17:07.846,-0.001484,-0.003440,-0.008071,-0.000003,0.000003,0.000000
2025-12-16 18:17:07.847,-0.001468,-0.003409,-0.008043,-0.000003,0.000003,0.000000
2025-12-16 18:17:07.848,-0.001455,-0.003397,-0.008027,-0.000003,0.000003,0.000000
2025-12-16 18:17:07.849,-0.001444,-0.003381,-0.008009,-0.000003,0.000003,0.000000
2025-12-16 18:17:07.850,-0.001430,-0.003362,-0.007987,-0.000003,0.000003,0.000000
2025-12-16 18:17:07.851,-0.001416,-0.003340,-0.007967,-0.000003,0.000003,0.000000
2025-12-16 18:17:07.855,-0.001373,-0.003283,-0.007918,-0.000003,0.000003,0.000000
2025-12-16 18:17:07.856,-0.001331,-0.003234,-0.007886,-0.000003,0.000003,0.000000
2025-12-16 18:17:07.857,-0.001310,-0.003208,-0.007872,-0.000003,0.000003,0.000000
2025-12-16 18:17:07.858,-0.001287,-0.003183,-0.007853,-0.000003,0.000003,0.000000
2025-12-16 18:17:07.859,-0.001264,-0.003156,-0.007837,-0.000003,0.000003,0.000000
2025-12-16 18:17:07.860,-0.001243,-0.003128,-0.007824,-0.000003,0.000003,0.000000
2025-12-16 18:17:07.862,-0.001204,-0.003078,-0.007803,-0.000003,0.000003,0.000000
2025-12-16 18:17:07.864,-0.001181,-0.003051,-0.007787,-0.000003,0.000003,0.000000
2025-12-16 18:17:07.865,-0.001159,-0.003020,-0.007770,-0.000003,0.000003,0.000000
2025-12-16 18:17:07.866,-0.001134,-0.002986,-0.007758,-0.000003,0.000003,0.000000
2025-12-16 18:17:07.868,-0.001113,-0.002957,-0.007750,-0.000003,0.000003,0.000000
2025-12-16 18:17:07.869,-0.001070,-0.002886,-0.007724,-0.000003,0.000003,0.000000
2025-12-16 18:17:07.870,-0.001049,-0.002845,-0.007711,-0.000003,0.000003,0.000000
2025-12-16 18:17:07.872,-0.001008,-0.002763,-0.007683,-0.000003,0.000003,0.000000
2025-12-16 18:17:07.874,-0.000961,-0.002682,-0.007648,-0.000003,0.000003,0.000000
2025-12-16 18:17:07.876,-0.000911,-0.002599,-0.007613,-0.000003,0.000003,0.000000
2025-12-16 18:17:07.877,-0.000877,-0.002539,-0.007590,-0.000003,0.000003,0.000000
2025-12-16 18:17:07.878,-0.000857,-0.002508,-0.007576,-0.000003,0.000003,0.000000
2025-12-16 18:17:07.880,-0.000815,-0.002446,-0.007556,-0.000003,0.000003,0.000000
2025-12-16 18:17:07.881,-0.000797,-0.002420,-0.007544,-0.000003,0.000003,0.000000
2025-12-16 18:17:07.882,-0.000783,-0.002400,-0.007532,-0.000003,0.000003,0.000000
2025-12-16 18:17:07.883,-0.000764,-0.002378,-0.007526,-0.000003,0.000003,0.000000
2025-12-16 18:17:07.885,-0.000745,-0.002359,-0.007523,-0.000003,0.000003,0.000000
2025-12-16 18:17:07.886,-0.000701,-0.002333,-0.007504,-0.000003,0.000003,0.000000
2025-12-16 18:17:07.888,-0.000664,-0.002310,-0.007485,-0.000003,0.000002,0.000000
2025-12-16 18:17:07.890,-0.000624,-0.002296,-0.007479,-0.000003,0.000002,0.000000
2025-12-16 18:17:07.891,-0.000608,-0.002292,-0.007478,-0.000003,0.000003,0.000000
2025-12-16 18:17:07.892,-0.000598,-0.002286,-0.007480,-0.000003,0.000003,0.000000
2025-12-16 18:17:07.894,-0.000587,-0.002284,-0.007486,-0.000003,0.000002,0.000000
2025-12-16 18:17:07.897,-0.000564,-0.002294,-0.007522,-0.000003,0.000003,0.000000
2025-12-16 18:17:07.899,-0.000560,-0.002303,-0.007552,-0.000003,0.000003,0.000000
2025-12-16 18:17:07.900,-0.000562,-0.002307,-0.007563,-0.000003,0.000003,0.000000
2025-12-16 18:17:07.902,-0.000562,-0.002316,-0.007572,-0.000003,0.000003,0.000000
2025-12-16 18:17:07.904,-0.000580,-0.002347,-0.007604,-0.000003,0.000003,0.000000
2025-12-16 18:17:07.908,-0.000621,-0.002405,-0.007672,-0.000003,0.000003,0.000000
2025-12-16 18:17:07.910,-0.000652,-0.002434,-0.007699,-0.000003,0.000003,0.000000
2025-12-16 18:17:07.913,-0.000671,-0.002466,-0.007721,-0.000003,0.000003,0.000000
2025-12-16 18:17:07.914,-0.000693,-0.002499,-0.007734,-0.000003,0.000003,0.000000
2025-12-16 18:17:07.915,-0.000708,-0.002521,-0.007736,-0.000003,0.000003,0.000000
2025-12-16 18:17:07.917,-0.000727,-0.002564,-0.007737,-0.000003,0.000003,0.000000
2025-12-16 18:17:07.918,-0.000739,-0.002584,-0.007736,-0.000003,0.000003,0.000000
2025-12-16 18:17:07.919,-0.000753,-0.002610,-0.007730,-0.000003,0.000003,0.000000
2025-12-16 18:17:07.921,-0.000786,-0.002658,-0.007714,-0.000003,0.000003,0.000000
2025-12-16 18:17:07.923,-0.000813,-0.002702,-0.007703,-0.000003,0.000003,0.000000
2025-12-16 18:17:07.927,-0.000847,-0.002771,-0.007661,-0.000003,0.000003,0.000000
2025-12-16 18:17:07.929,-0.000876,-0.002807,-0.007631,-0.000003,0.000003,0.000000
2025-12-16 18:17:07.930,-0.000888,-0.002827,-0.007611,-0.000003,0.000003,0.000000
2025-12-16 18:17:07.931,-0.000901,-0.002844,-0.007589,-0.000003,0.000003,0.000000
2025-12-16 18:17:07.932,-0.000916,-0.002863,-0.007565,-0.000003,0.000003,0.000000
2025-12-16 18:17:07.934,-0.000930,-0.002883,-0.007541,-0.000003,0.000003,0.000000
2025-12-16 18:17:07.935,-0.000961,-0.002923,-0.007492,-0.000003,0.000003,0.000000
2025-12-16 18:17:07.936,-0.000976,-0.002941,-0.007465,-0.000003,0.000003,0.000000
2025-12-16 18:17:07.938,-0.000989,-0.002955,-0.007441,-0.000003,0.000003,0.000000
2025-12-16 18:17:07.939,-0.001003,-0.002966,-0.007420,-0.000003,0.000003,0.000000
2025-12-16 18:17:07.942,-0.001064,-0.003002,-0.007332,-0.000003,0.000003,0.000000
2025-12-16 18:17:07.943,-0.001083,-0.003010,-0.007301,-0.000003,0.000003,0.000000
2025-12-16 18:17:07.944,-0.001100,-0.003015,-0.007274,-0.000003,0.000003,0.000000
2025-12-16 18:17:07.945,-0.001117,-0.003020,-0.007250,-0.000003,0.000003,0.000000
2025-12-16 18:17:07.947,-0.001133,-0.003027,-0.007228,-0.000003,0.000003,0.000000
2025-12-16 18:17:07.948,-0.001173,-0.003027,-0.007173,-0.000003,0.000002,0.000000
2025-12-16 18:17:07.949,-0.001195,-0.003022,-0.007154,-0.000003,0.000003,0.000000
2025-12-16 18:17:07.951,-0.001219,-0.003016,-0.007134,-0.000003,0.000002,0.000000
2025-12-16 18:17:07.952,-0.001255,-0.003003,-0.007097,-0.000003,0.000003,0.000000
2025-12-16 18:17:07.953,-0.001270,-0.002999,-0.007082,-0.000003,0.000003,0.000000
2025-12-16 18:17:07.955,-0.001302,-0.002987,-0.007047,-0.000003,0.000003,0.000000
2025-12-16 18:17:07.957,-0.001325,-0.002973,-0.007023,-0.000003,0.000003,0.000000
2025-12-16 18:17:07.958,-0.001346,-0.002959,-0.007001,-0.000003,0.000003,0.000000
2025-12-16 18:17:07.960,-0.001387,-0.002931,-0.006955,-0.000003,0.000003,0.000000
2025-12-16 18:17:07.962,-0.001406,-0.002918,-0.006936,-0.000003,0.000003,0.000000
2025-12-16 18:17:07.963,-0.001444,-0.002888,-0.006899,-0.000003,0.000003,0.000000
2025-12-16 18:17:07.964,-0.001460,-0.002875,-0.006881,-0.000003,0.000003,0.000000
2025-12-16 18:17:07.965,-0.001468,-0.002864,-0.006865,-0.000002,0.000003,0.000000
2025-12-16 18:17:07.967,-0.001484,-0.002838,-0.006837,-0.000003,0.000003,0.000000
2025-12-16 18:17:07.968,-0.001493,-0.002821,-0.006822,-0.000003,0.000003,0.000000
2025-12-16 18:17:07.970,-0.001507,-0.002786,-0.006778,-0.000002,0.000003,0.000000
2025-12-16 18:17:07.971,-0.001518,-0.002753,-0.006734,-0.000002,0.000003,0.000000
2025-12-16 18:17:07.972,-0.001522,-0.002735,-0.006725,-0.000002,0.000003,0.000000
2025-12-16 18:17:07.973,-0.001526,-0.002719,-0.006718,-0.000002,0.000003,0.000000
2025-12-16 18:17:07.974,-0.001525,-0.002698,-0.006704,-0.000003,0.000003,0.000000
2025-12-16 18:17:07.975,-0.001525,-0.002677,-0.006685,-0.000002,0.000003,0.000000
2025-12-16 18:17:07.976,-0.001525,-0.002659,-0.006667,-0.000002,0.000003,0.000000
2025-12-16 18:17:07.977,-0.001520,-0.002639,-0.006654,-0.000002,0.000003,0.000000
2025-12-16 18:17:07.978,-0.001515,-0.002619,-0.006636,-0.000002,0.000003,0.000000
2025-12-16 18:17:07.979,-0.001507,-0.002600,-0.006616,-0.000002,0.000002,0.000000
2025-12-16 18:17:07.980,-0.001501,-0.002581,-0.006602,-0.000002,0.000003,0.000000
2025-12-16 18:17:07.983,-0.001478,-0.002525,-0.006575,-0.000002,0.000003,0.000000
2025-12-16 18:17:07.984,-0.001468,-0.002509,-0.006565,-0.000002,0.000003,0.000000
2025-12-16 18:17:07.985,-0.001461,-0.002495,-0.006557,-0.000002,0.000003,0.000000
2025-12-16 18:17:07.986,-0.001454,-0.002483,-0.006546,-0.000002,0.000003,0.000000
2025-12-16 18:17:07.989,-0.001417,-0.002442,-0.006502,-0.000002,0.000002,0.000000
2025-12-16 18:17:07.990,-0.001395,-0.002427,-0.006485,-0.000002,0.000002,0.000000
2025-12-16 18:17:07.991,-0.001380,-0.002413,-0.006471,-0.000002,0.000003,0.000000
2025-12-16 18:17:07.992,-0.001370,-0.002400,-0.006461,-0.000002,0.000002,0.000000
2025-12-16 18:17:07.995,-0.001325,-0.002364,-0.006443,-0.000002,0.000002,0.000000
2025-12-16 18:17:07.996,-0.001311,-0.002345,-0.006441,-0.000002,0.000002,0.000000
2025-12-16 18:17:07.998,-0.001295,-0.002331,-0.006438,-0.000002,0.000002,0.000000
2025-12-16 18:17:07.999,-0.001266,-0.002308,-0.006434,-0.000002,0.000002,0.000000
2025-12-16 18:17:08.000,-0.001254,-0.002296,-0.006433,-0.000002,0.000002,0.000000
2025-12-16 18:17:08.001,-0.001245,-0.002286,-0.006432,-0.000002,0.000002,0.000000
2025-12-16 18:17:08.003,-0.001233,-0.002273,-0.006433,-0.000002,0.000002,0.000000
2025-12-16 18:17:08.004,-0.001205,-0.002249,-0.006440,-0.000002,0.000002,0.000000
2025-12-16 18:17:08.007,-0.001161,-0.002201,-0.006443,-0.000002,0.000002,0.000000
2025-12-16 18:17:08.011,-0.001129,-0.002159,-0.006457,-0.000002,0.000002,0.000000
2025-12-16 18:17:08.012,-0.001118,-0.002126,-0.006465,-0.000002,0.000002,0.000000
2025-12-16 18:17:08.013,-0.001108,-0.002111,-0.006467,-0.000002,0.000002,0.000000
2025-12-16 18:17:08.014,-0.001093,-0.002093,-0.006472,-0.000002,0.000002,0.000000
2025-12-16 18:17:08.015,-0.001078,-0.002075,-0.006472,-0.000002,0.000002,0.000000
2025-12-16 18:17:08.016,-0.001065,-0.002060,-0.006471,-0.000002,0.000002,0.000000
2025-12-16 18:17:08.018,-0.001048,-0.002026,-0.006457,-0.000003,0.000002,0.000000
2025-12-16 18:17:08.019,-0.001038,-0.002008,-0.006455,-0.000002,0.000002,0.000000
2025-12-16 18:17:08.020,-0.001028,-0.001989,-0.006449,-0.000003,0.000002,0.000000
2025-12-16 18:17:08.023,-0.000996,-0.001934,-0.006437,-0.000002,0.000002,0.000000
2025-12-16 18:17:08.024,-0.000984,-0.001919,-0.006430,-0.000002,0.000002,0.000000
2025-12-16 18:17:08.026,-0.000973,-0.001906,-0.006420,-0.000002,0.000002,0.000000
2025-12-16 18:17:08.027,-0.000946,-0.001887,-0.006395,-0.000002,0.000002,0.000000
2025-12-16 18:17:08.028,-0.000935,-0.001876,-0.006382,-0.000002,0.000002,0.000000
2025-12-16 18:17:08.030,-0.000926,-0.001866,-0.006368,-0.000002,0.000002,0.000000
2025-12-16 18:17:08.033,-0.000892,-0.001845,-0.006319,-0.000002,0.000002,0.000000
2025-12-16 18:17:08.035,-0.000865,-0.001842,-0.006281,-0.000002,0.000002,0.000000
2025-12-16 18:17:08.036,-0.000840,-0.001834,-0.006253,-0.000002,0.000002,0.000000
2025-12-16 18:17:08.037,-0.000829,-0.001832,-0.006242,-0.000002,0.000002,0.000000
2025-12-16 18:17:08.038,-0.000816,-0.001831,-0.006225,-0.000002,0.000002,0.000000
2025-12-16 18:17:08.039,-0.000800,-0.001829,-0.006205,-0.000002,0.000002,0.000000
2025-12-16 18:17:08.040,-0.000783,-0.001830,-0.006185,-0.000002,0.000002,0.000000
2025-12-16 18:17:08.041,-0.000768,-0.001832,-0.006169,-0.000002,0.000002,0.000000
2025-12-16 18:17:08.043,-0.000730,-0.001841,-0.006134,-0.000002,0.000002,0.000000
2025-12-16 18:17:08.044,-0.000710,-0.001850,-0.006114,-0.000002,0.000002,0.000000
2025-12-16 18:17:08.047,-0.000656,-0.001868,-0.006062,-0.000002,0.000002,0.000000
2025-12-16 18:17:08.048,-0.000634,-0.001875,-0.006045,-0.000002,0.000002,0.000000
2025-12-16 18:17:08.049,-0.000611,-0.001880,-0.006031,-0.000002,0.000002,0.000000
2025-12-16 18:17:08.050,-0.000587,-0.001884,-0.006022,-0.000002,0.000002,0.000000
2025-12-16 18:17:08.051,-0.000566,-0.001886,-0.006016,-0.000002,0.000002,0.000000
2025-12-16 18:17:08.053,-0.000548,-0.001891,-0.006010,-0.000002,0.000002,0.000000
2025-12-16 18:17:08.054,-0.000500,-0.001902,-0.005995,-0.000002,0.000002,0.000000
2025-12-16 18:17:08.055,-0.000473,-0.001907,-0.005985,-0.000002,0.000002,0.000000
2025-12-16 18:17:08.056,-0.000446,-0.001912,-0.005977,-0.000002,0.000002,0.000000
2025-12-16 18:17:08.057,-0.000420,-0.001914,-0.005972,-0.000002,0.000002,0.000000
2025-12-16 18:17:08.058,-0.000394,-0.001914,-0.005967,-0.000002,0.000002,0.000000
2025-12-16 18:17:08.059,-0.000365,-0.001915,-0.005962,-0.000002,0.000002,0.000000
2025-12-16 18:17:08.060,-0.000337,-0.001912,-0.005963,-0.000002,0.000002,0.000000
2025-12-16 18:17:08.061,-0.000311,-0.001907,-0.005962,-0.000002,0.000002,0.000000
2025-12-16 18:17:08.063,-0.000281,-0.001904,-0.005962,-0.000002,0.000002,0.000000
2025-12-16 18:17:08.064,-0.000254,-0.001898,-0.005966,-0.000002,0.000002,0.000000
2025-12-16 18:17:08.065,-0.000227,-0.001891,-0.005972,-0.000002,0.000002,0.000000
2025-12-16 18:17:08.066,-0.000204,-0.001880,-0.005978,-0.000002,0.000002,0.000000
2025-12-16 18:17:08.067,-0.000176,-0.001872,-0.005984,-0.000002,0.000002,0.000000
2025-12-16 18:17:08.069,-0.000149,-0.001861,-0.005993,-0.000002,0.000002,0.000000
2025-12-16 18:17:08.070,-0.000124,-0.001851,-0.006003,-0.000002,0.000002,0.000000
2025-12-16 18:17:08.071,-0.000048,-0.001821,-0.006034,-0.000002,0.000002,0.000000
2025-12-16 18:17:08.072,-0.000021,-0.001804,-0.006051,-0.000002,0.000002,0.000000
2025-12-16 18:17:08.073,0.000011,-0.001791,-0.006066,-0.000002,0.000002,0.000000
2025-12-16 18:17:08.075,0.000075,-0.001758,-0.006095,-0.000002,0.000002,0.000000
2025-12-16 18:17:08.076,0.000107,-0.001741,-0.006110,-0.000002,0.000002,-0.000000
2025-12-16 18:17:08.077,0.000134,-0.001727,-0.006124,-0.000002,0.000002,-0.000000
2025-12-16 18:17:08.078,0.000162,-0.001714,-0.006135,-0.000002,0.000002,0.000000
2025-12-16 18:17:08.079,0.000191,-0.001702,-0.006144,-0.000002,0.000002,-0.000000
2025-12-16 18:17:08.080,0.000224,-0.001686,-0.006154,-0.000002,0.000002,-0.000000
2025-12-16 18:17:08.082,0.000264,-0.001670,-0.006167,-0.000002,0.000002,-0.000000
2025-12-16 18:17:08.083,0.000340,-0.001632,-0.006194,-0.000002,0.000002,-0.000000
2025-12-16 18:17:08.084,0.000373,-0.001616,-0.006206,-0.000002,0.000002,-0.000000
2025-12-16 18:17:08.085,0.000404,-0.001598,-0.006217,-0.000002,0.000002,-0.000000
2025-12-16 18:17:08.086,0.000436,-0.001581,-0.006229,-0.000002,0.000002,-0.000000
2025-12-16 18:17:08.087,0.000476,-0.001562,-0.006236,-0.000002,0.000002,-0.000000
2025-12-16 18:17:08.088,0.000518,-0.001539,-0.006242,-0.000002,0.000002,-0.000000
2025-12-16 18:17:08.089,0.000555,-0.001519,-0.006247,-0.000002,0.000002,-0.000000
2025-12-16 18:17:08.090,0.000597,-0.001500,-0.006257,-0.000002,0.000002,-0.000000
2025-12-16 18:17:08.092,0.000642,-0.001417,-0.006037,-0.000002,0.000002,-0.000000
2025-12-16 18:17:08.094,0.000691,-0.001401,-0.006061,-0.000002,0.000002,-0.000000
2025-12-16 18:17:08.095,0.000779,-0.001381,-0.006145,-0.000002,0.000002,-0.000000
2025-12-16 18:17:08.096,0.000827,-0.001366,-0.006183,-0.000002,0.000002,-0.000000
2025-12-16 18:17:08.097,0.000880,-0.001352,-0.006210,-0.000002,0.000002,-0.000000
2025-12-16 18:17:08.098,0.000931,-0.001331,-0.006234,-0.000002,0.000002,-0.000000
2025-12-16 18:17:08.099,0.000981,-0.001307,-0.006247,-0.000002,0.000002,-0.000000
2025-12-16 18:17:08.101,0.001076,-0.001264,-0.006252,-0.000002,0.000002,-0.000000
2025-12-16 18:17:08.103,0.001123,-0.001242,-0.006250,-0.000002,0.000002,-0.000000
2025-12-16 18:17:08.104,0.001209,-0.001204,-0.006246,-0.000002,0.000002,-0.000000
2025-12-16 18:17:08.105,0.001247,-0.001183,-0.006241,-0.000002,0.000002,-0.000000
2025-12-16 18:17:08.106,0.001292,-0.001154,-0.006234,-0.000002,0.000002,-0.000000
2025-12-16 18:17:08.107,0.001340,-0.001124,-0.006226,-0.000002,0.000002,-0.000000
2025-12-16 18:17:08.109,0.001391,-0.001095,-0.006218,-0.000002,0.000002,-0.000000
2025-12-16 18:17:08.110,0.001476,-0.001031,-0.006194,-0.000002,0.000001,-0.000000
2025-12-16 18:17:08.111,0.001521,-0.000996,-0.006179,-0.000002,0.000001,-0.000000
2025-12-16 18:17:08.113,0.001611,-0.000933,-0.006153,-0.000002,0.000001,-0.000000
2025-12-16 18:17:08.114,0.001653,-0.000903,-0.006139,-0.000002,0.000001,-0.000000
2025-12-16 18:17:08.115,0.001690,-0.000877,-0.006127,-0.000002,0.000001,-0.000000
2025-12-16 18:17:08.116,0.001729,-0.000848,-0.006113,-0.000002,0.000001,-0.000000
2025-12-16 18:17:08.117,0.001763,-0.000821,-0.006100,-0.000002,0.000001,-0.000000
2025-12-16 18:17:08.118,0.001800,-0.000792,-0.006089,-0.000002,0.000001,-0.000000
2025-12-16 18:17:08.121,0.001910,-0.000698,-0.006067,-0.000002,0.000001,-0.000000
2025-12-16 18:17:08.122,0.001949,-0.000667,-0.006059,-0.000002,0.000001,-0.000000
2025-12-16 18:17:08.123,0.001982,-0.000642,-0.006052,-0.000002,0.000001,-0.000000
2025-12-16 18:17:08.124,0.002011,-0.000619,-0.006040,-0.000002,0.000001,-0.000000
2025-12-16 18:17:08.126,0.002041,-0.000599,-0.006026,-0.000002,0.000001,-0.000000
2025-12-16 18:17:08.127,0.002113,-0.000548,-0.006008,-0.000002,0.000001,-0.000000
2025-12-16 18:17:08.128,0.002150,-0.000521,-0.006003,-0.000002,0.000001,-0.000000
2025-12-16 18:17:08.130,0.002231,-0.000470,-0.005996,-0.000002,0.000001,-0.000000
2025-12-16 18:17:08.131,0.002273,-0.000448,-0.005992,-0.000002,0.000001,-0.000000
2025-12-16 18:17:08.132,0.002317,-0.000429,-0.005988,-0.000002,0.000001,-0.000000
2025-12-16 18:17:08.133,0.002363,-0.000412,-0.005983,-0.000002,0.000001,-0.000000
2025-12-16 18:17:08.134,0.002403,-0.000397,-0.005980,-0.000002,0.000001,-0.000000
2025-12-16 18:17:08.135,0.002447,-0.000379,-0.005981,-0.000002,0.000001,-0.000000
2025-12-16 18:17:08.137,0.002545,-0.000348,-0.005981,-0.000002,0.000001,-0.000000
2025-12-16 18:17:08.138,0.002599,-0.000336,-0.005976,-0.000002,0.000001,-0.000000
2025-12-16 18:17:08.139,0.002646,-0.000327,-0.005971,-0.000002,0.000001,-0.000001
2025-12-16 18:17:08.140,0.002684,-0.000315,-0.005967,-0.000002,0.000001,-0.000000
2025-12-16 18:17:08.141,0.002731,-0.000304,-0.005963,-0.000002,0.000001,-0.000001
2025-12-16 18:17:08.143,0.002782,-0.000292,-0.005960,-0.000002,0.000001,-0.000001
2025-12-16 18:17:08.144,0.002893,-0.000275,-0.005957,-0.000002,0.000001,-0.000001
2025-12-16 18:17:08.145,0.002948,-0.000269,-0.005952,-0.000002,0.000001,-0.000001
2025-12-16 18:17:08.146,0.003000,-0.000260,-0.005952,-0.000002,0.000001,-0.000001
2025-12-16 18:17:08.147,0.003043,-0.000252,-0.005954,-0.000002,0.000001,-0.000001
2025-12-16 18:17:08.148,0.003084,-0.000247,-0.005957,-0.000002,0.000001,-0.000001
2025-12-16 18:17:08.149,0.003134,-0.000243,-0.005954,-0.000002,0.000001,-0.000001
2025-12-16 18:17:08.150,0.003183,-0.000239,-0.005952,-0.000002,0.000001,-0.000001
2025-12-16 18:17:08.151,0.003233,-0.000235,-0.005949,-0.000002,0.000001,-0.000001
2025-12-16 18:17:08.153,0.003275,-0.000228,-0.005946,-0.000002,0.000001,-0.000001
2025-12-16 18:17:08.154,0.003363,-0.000218,-0.005935,-0.000002,0.000001,-0.000001
2025-12-16 18:17:08.155,0.003410,-0.000214,-0.005927,-0.000002,0.000001,-0.000001
2025-12-16 18:17:08.156,0.003458,-0.000210,-0.005922,-0.000002,0.000001,-0.000001
2025-12-16 18:17:08.157,0.003502,-0.000204,-0.005916,-0.000002,0.000001,-0.000001
2025-12-16 18:17:08.158,0.003539,-0.000199,-0.005911,-0.000002,0.000001,-0.000001
2025-12-16 18:17:08.159,0.003584,-0.000194,-0.005907,-0.000002,0.000001,-0.000001
2025-12-16 18:17:08.161,0.003624,-0.000186,-0.005903,-0.000002,0.000001,-0.000001
2025-12-16 18:17:08.162,0.003697,-0.000169,-0.005895,-0.000002,0.000001,-0.000001
2025-12-16 18:17:08.163,0.003731,-0.000159,-0.005895,-0.000002,0.000001,-0.000001
2025-12-16 18:17:08.164,0.003758,-0.000149,-0.005896,-0.000002,0.000001,-0.000001
2025-12-16 18:17:08.165,0.003786,-0.000141,-0.005900,-0.000002,0.000001,-0.000001
2025-12-16 18:17:08.166,0.003821,-0.000133,-0.005898,-0.000002,0.000001,-0.000001
2025-12-16 18:17:08.167,0.003856,-0.000127,-0.005895,-0.000002,0.000001,-0.000001
2025-12-16 18:17:08.169,0.003889,-0.000121,-0.005894,-0.000002,0.000001,-0.000001
2025-12-16 18:17:08.170,0.003960,-0.000114,-0.005887,-0.000002,0.000001,-0.000001
2025-12-16 18:17:08.171,0.003995,-0.000111,-0.005887,-0.000002,0.000001,-0.000001
2025-12-16 18:17:08.172,0.004024,-0.000108,-0.005888,-0.000002,0.000001,-0.000001
2025-12-16 18:17:08.174,0.004070,-0.000103,-0.005894,-0.000002,0.000001,-0.000001
2025-12-16 18:17:08.175,0.004091,-0.000104,-0.005895,-0.000002,0.000001,-0.000001
2025-12-16 18:17:08.176,0.004110,-0.000105,-0.005893,-0.000002,0.000001,-0.000001
2025-12-16 18:17:08.177,0.004132,-0.000104,-0.005892,-0.000002,0.000001,-0.000001
2025-12-16 18:17:08.178,0.004154,-0.000107,-0.005893,-0.000002,0.000001,-0.000001
2025-12-16 18:17:08.179,0.004172,-0.000112,-0.005895,-0.000002,0.000000,-0.000001
2025-12-16 18:17:08.181,0.004210,-0.000122,-0.005888,-0.000002,0.000000,-0.000001
2025-12-16 18:17:08.182,0.004227,-0.000131,-0.005885,-0.000002,0.000000,-0.000001
2025-12-16 18:17:08.183,0.004242,-0.000143,-0.005882,-0.000002,0.000000,-0.000001
2025-12-16 18:17:08.184,0.004252,-0.000151,-0.005880,-0.000002,0.000000,-0.000001
2025-12-16 18:17:08.185,0.004262,-0.000159,-0.005879,-0.000002,0.000000,-0.000001
2025-12-16 18:17:08.186,0.004273,-0.000172,-0.005872,-0.000002,0.000000,-0.000001
2025-12-16 18:17:08.188,0.004293,-0.000197,-0.005857,-0.000002,0.000000,-0.000001
2025-12-16 18:17:08.189,0.004301,-0.000208,-0.005851,-0.000002,0.000000,-0.000001
2025-12-16 18:17:08.190,0.004306,-0.000215,-0.005846,-0.000002,0.000000,-0.000001
2025-12-16 18:17:08.191,0.004308,-0.000228,-0.005836,-0.000002,0.000000,-0.000001
2025-12-16 18:17:08.192,0.004307,-0.000242,-0.005828,-0.000002,0.000000,-0.000001
2025-12-16 18:17:08.193,0.004305,-0.000258,-0.005819,-0.000002,0.000000,-0.000001
2025-12-16 18:17:08.194,0.004302,-0.000273,-0.005811,-0.000002,0.000000,-0.000001
2025-12-16 18:17:08.195,0.004298,-0.000288,-0.005800,-0.000002,0.000000,-0.000001
2025-12-16 18:17:08.197,0.004288,-0.000324,-0.005783,-0.000002,0.000000,-0.000001
2025-12-16 18:17:08.198,0.004280,-0.000342,-0.005772,-0.000002,0.000000,-0.000001
2025-12-16 18:17:08.199,0.004270,-0.000362,-0.005757,-0.000002,0.000000,-0.000001
2025-12-16 18:17:08.200,0.004261,-0.000383,-0.005740,-0.000002,0.000000,-0.000001
2025-12-16 18:17:08.201,0.004253,-0.000401,-0.005724,-0.000002,0.000000,-0.000001
2025-12-16 18:17:08.203,0.004238,-0.000422,-0.005708,-0.000002,0.000000,-0.000001
2025-12-16 18:17:08.204,0.004202,-0.000456,-0.005682,-0.000002,0.000000,-0.000001
2025-12-16 18:17:08.205,0.004183,-0.000474,-0.005671,-0.000002,0.000000,-0.000001
2025-12-16 18:17:08.206,0.004160,-0.000499,-0.005657,-0.000002,0.000000,-0.000001
2025-12-16 18:17:08.207,0.004135,-0.000524,-0.005643,-0.000002,0.000000,-0.000001
2025-12-16 18:17:08.208,0.004114,-0.000544,-0.005630,-0.000002,0.000000,-0.000001
2025-12-16 18:17:08.210,0.004057,-0.000599,-0.005605,-0.000002,0.000000,-0.000001
2025-12-16 18:17:08.211,0.004032,-0.000621,-0.005595,-0.000002,0.000000,-0.000001
2025-12-16 18:17:08.212,0.003999,-0.000649,-0.005579,-0.000002,0.000000,-0.000001
2025-12-16 18:17:08.213,0.003964,-0.000677,-0.005565,-0.000002,0.000000,-0.000001
2025-12-16 18:17:08.214,0.003923,-0.000703,-0.005554,-0.000002,0.000000,-0.000001
2025-12-16 18:17:08.215,0.003884,-0.000728,-0.005542,-0.000002,0.000000,-0.000001
2025-12-16 18:17:08.216,0.003845,-0.000752,-0.005532,-0.000002,0.000000,-0.000001
2025-12-16 18:17:08.218,0.003801,-0.000775,-0.005523,-0.000002,0.000000,-0.000001
2025-12-16 18:17:08.219,0.003710,-0.000824,-0.005510,-0.000002,0.000000,-0.000001
2025-12-16 18:17:08.220,0.003670,-0.000844,-0.005505,-0.000002,0.000000,-0.000001
2025-12-16 18:17:08.222,0.003632,-0.000862,-0.005503,-0.000002,0.000000,-0.000001
2025-12-16 18:17:08.223,0.003560,-0.000903,-0.005501,-0.000002,0.000000,-0.000001
2025-12-16 18:17:08.225,0.003517,-0.000924,-0.005505,-0.000002,0.000000,-0.000001
2025-12-16 18:17:08.226,0.003431,-0.000969,-0.005516,-0.000002,0.000001,-0.000001
2025-12-16 18:17:08.227,0.003378,-0.000990,-0.005525,-0.000002,0.000001,-0.000001
2025-12-16 18:17:08.228,0.003321,-0.001016,-0.005534,-0.000002,0.000001,-0.000001
2025-12-16 18:17:08.229,0.003260,-0.001039,-0.005545,-0.000002,0.000001,-0.000001
2025-12-16 18:17:08.230,0.003204,-0.001059,-0.005557,-0.000002,0.000001,-0.000001
2025-12-16 18:17:08.231,0.003154,-0.001077,-0.005570,-0.000002,0.000001,-0.000001
2025-12-16 18:17:08.232,0.003102,-0.001092,-0.005588,-0.000002,0.000001,-0.000001
2025-12-16 18:17:08.233,0.003051,-0.001105,-0.005603,-0.000002,0.000001,-0.000001
2025-12-16 18:17:08.235,0.003004,-0.001117,-0.005616,-0.000002,0.000001,-0.000001
2025-12-16 18:17:08.236,0.002957,-0.001131,-0.005631,-0.000002,0.000001,-0.000001
2025-12-16 18:17:08.237,0.002877,-0.001158,-0.005660,-0.000002,0.000001,-0.000001
2025-12-16 18:17:08.238,0.002834,-0.001168,-0.005677,-0.000002,0.000001,-0.000001
2025-12-16 18:17:08.239,0.002791,-0.001180,-0.005697,-0.000002,0.000001,-0.000001
2025-12-16 18:17:08.240,0.002754,-0.001191,-0.005716,-0.000002,0.000001,-0.000001
2025-12-16 18:17:08.241,0.002709,-0.001198,-0.005740,-0.000002,0.000001,-0.000001
2025-12-16 18:17:08.242,0.002666,-0.001203,-0.005765,-0.000002,0.000001,-0.000001
2025-12-16 18:17:08.243,0.002623,-0.001209,-0.005787,-0.000002,0.000001,-0.000001
2025-12-16 18:17:08.244,0.002583,-0.001213,-0.005811,-0.000002,0.000001,-0.000001
2025-12-16 18:17:08.246,0.002505,-0.001225,-0.005853,-0.000002,0.000001,-0.000001
2025-12-16 18:17:08.247,0.002466,-0.001230,-0.005874,-0.000002,0.000001,-0.000001
2025-12-16 18:17:08.248,0.002427,-0.001232,-0.005897,-0.000002,0.000001,-0.000001
2025-12-16 18:17:08.249,0.002393,-0.001234,-0.005920,-0.000002,0.000001,-0.000001
2025-12-16 18:17:08.250,0.002357,-0.001239,-0.005941,-0.000002,0.000001,-0.000001
2025-12-16 18:17:08.251,0.002321,-0.001242,-0.005962,-0.000002,0.000001,-0.000001
2025-12-16 18:17:08.252,0.002286,-0.001244,-0.005979,-0.000002,0.000001,-0.000001
2025-12-16 18:17:08.254,0.002213,-0.001255,-0.006017,-0.000002,0.000001,-0.000001
2025-12-16 18:17:08.255,0.002172,-0.001258,-0.006039,-0.000002,0.000001,-0.000001
2025-12-16 18:17:08.257,0.002099,-0.001262,-0.006073,-0.000002,0.000001,-0.000001
2025-12-16 18:17:08.258,0.002067,-0.001263,-0.006092,-0.000002,0.000001,-0.000001
2025-12-16 18:17:08.259,0.002032,-0.001265,-0.006105,-0.000002,0.000001,-0.000000
2025-12-16 18:17:08.260,0.002001,-0.001263,-0.006117,-0.000002,0.000001,-0.000000
2025-12-16 18:17:08.261,0.001969,-0.001266,-0.006125,-0.000002,0.000001,-0.000000
2025-12-16 18:17:08.262,0.001935,-0.001273,-0.006131,-0.000002,0.000001,-0.000001
2025-12-16 18:17:08.264,0.001903,-0.001276,-0.006138,-0.000002,0.000001,-0.000001
2025-12-16 18:17:08.265,0.001837,-0.001282,-0.006141,-0.000002,0.000001,-0.000000
2025-12-16 18:17:08.266,0.001811,-0.001285,-0.006139,-0.000002,0.000001,-0.000000
2025-12-16 18:17:08.267,0.001778,-0.001291,-0.006141,-0.000002,0.000001,-0.000000
2025-12-16 18:17:08.268,0.001745,-0.001298,-0.006142,-0.000002,0.000001,-0.000000
2025-12-16 18:17:08.270,0.001680,-0.001302,-0.006138,-0.000002,0.000001,-0.000000
2025-12-16 18:17:08.271,0.001646,-0.001305,-0.006135,-0.000002,0.000001,-0.000000
2025-12-16 18:17:08.273,0.001610,-0.001310,-0.006132,-0.000002,0.000001,-0.000000
2025-12-16 18:17:08.274,0.001539,-0.001315,-0.006122,-0.000002,0.000001,-0.000000
2025-12-16 18:17:08.275,0.001507,-0.001315,-0.006115,-0.000002,0.000001,-0.000000
2025-12-16 18:17:08.276,0.001473,-0.001317,-0.006109,-0.000002,0.000001,-0.000000
2025-12-16 18:17:08.277,0.001434,-0.001316,-0.006103,-0.000002,0.000001,-0.000000
2025-12-16 18:17:08.279,0.001398,-0.001321,-0.006099,-0.000002,0.000001,-0.000000
2025-12-16 18:17:08.280,0.001329,-0.001327,-0.006086,-0.000002,0.000001,-0.000000
2025-12-16 18:17:08.283,0.001225,-0.001336,-0.006065,-0.000002,0.000001,-0.000000
2025-12-16 18:17:08.284,0.001192,-0.001339,-0.006055,-0.000002,0.000001,-0.000000
2025-12-16 18:17:08.285,0.001155,-0.001341,-0.006051,-0.000002,0.000001,-0.000000
2025-12-16 18:17:08.286,0.001116,-0.001343,-0.006046,-0.000002,0.000001,-0.000000
2025-12-16 18:17:08.288,0.001039,-0.001345,-0.006034,-0.000002,0.000002,-0.000000
2025-12-16 18:17:08.289,0.001004,-0.001344,-0.006029,-0.000002,0.000002,-0.000000
2025-12-16 18:17:08.290,0.000966,-0.001344,-0.006020,-0.000002,0.000002,-0.000000
2025-12-16 18:17:08.292,0.000890,-0.001344,-0.006001,-0.000002,0.000002,-0.000000
2025-12-16 18:17:08.293,0.000852,-0.001347,-0.005988,-0.000002,0.000002,-0.000000
2025-12-16 18:17:08.294,0.000813,-0.001348,-0.005977,-0.000002,0.000002,-0.000000
2025-12-16 18:17:08.295,0.000773,-0.001351,-0.005968,-0.000002,0.000002,-0.000000
2025-12-16 18:17:08.296,0.000735,-0.001354,-0.005961,-0.000002,0.000002,-0.000000
2025-12-16 18:17:08.297,0.000700,-0.001358,-0.005954,-0.000002,0.000002,-0.000000
2025-12-16 18:17:08.298,0.000660,-0.001359,-0.005945,-0.000002,0.000002,-0.000000
2025-12-16 18:17:08.300,0.000623,-0.001359,-0.005938,-0.000002,0.000002,-0.000000
2025-12-16 18:17:08.301,0.000550,-0.001362,-0.005918,-0.000002,0.000002,-0.000000
2025-12-16 18:17:08.302,0.000512,-0.001361,-0.005909,-0.000002,0.000002,0.000000
2025-12-16 18:17:08.303,0.000479,-0.001363,-0.005898,-0.000002,0.000002,0.000000
2025-12-16 18:17:08.304,0.000447,-0.001363,-0.005889,-0.000002,0.000002,0.000000
2025-12-16 18:17:08.305,0.000414,-0.001362,-0.005876,-0.000002,0.000002,0.000000
2025-12-16 18:17:08.306,0.000389,-0.001364,-0.005860,-0.000002,0.000002,0.000000
2025-12-16 18:17:08.309,0.000319,-0.001372,-0.005819,-0.000002,0.000002,0.000000
2025-12-16 18:17:08.310,0.000299,-0.001376,-0.005807,-0.000002,0.000002,0.000000
2025-12-16 18:17:08.313,0.000246,-0.001387,-0.005777,-0.000002,0.000002,0.000000
2025-12-16 18:17:08.314,0.000233,-0.001390,-0.005770,-0.000002,0.000002,0.000000
2025-12-16 18:17:08.315,0.000221,-0.001396,-0.005761,-0.000002,0.000002,0.000000
2025-12-16 18:17:08.316,0.000208,-0.001404,-0.005755,-0.000002,0.000002,0.000000
2025-12-16 18:17:08.317,0.000196,-0.001412,-0.005751,-0.000002,0.000002,0.000000
2025-12-16 18:17:08.319,0.000189,-0.001421,-0.005747,-0.000002,0.000002,0.000000
2025-12-16 18:17:08.321,0.000180,-0.001436,-0.005733,-0.000002,0.000002,0.000000
2025-12-16 18:17:08.322,0.000174,-0.001452,-0.005729,-0.000002,0.000002,0.000000
2025-12-16 18:17:08.325,0.000188,-0.001476,-0.005735,-0.000002,0.000002,0.000000
2025-12-16 18:17:08.326,0.000194,-0.001487,-0.005743,-0.000002,0.000002,0.000000
2025-12-16 18:17:08.327,0.000205,-0.001501,-0.005756,-0.000002,0.000002,0.000000
2025-12-16 18:17:08.328,0.000215,-0.001514,-0.005768,-0.000002,0.000002,0.000000
2025-12-16 18:17:08.330,0.000238,-0.001538,-0.005795,-0.000002,0.000002,0.000000
2025-12-16 18:17:08.331,0.000252,-0.001550,-0.005811,-0.000002,0.000002,0.000000
2025-12-16 18:17:08.333,0.000284,-0.001577,-0.005842,-0.000002,0.000002,0.000000
2025-12-16 18:17:08.334,0.000297,-0.001591,-0.005866,-0.000002,0.000002,0.000000
2025-12-16 18:17:08.335,0.000306,-0.001605,-0.005894,-0.000002,0.000002,0.000000
2025-12-16 18:17:08.336,0.000312,-0.001617,-0.005919,-0.000002,0.000002,0.000000
2025-12-16 18:17:08.337,0.000321,-0.001624,-0.005937,-0.000002,0.000002,0.000000
2025-12-16 18:17:08.339,0.000334,-0.001630,-0.005960,-0.000002,0.000002,0.000000
2025-12-16 18:17:08.340,0.000349,-0.001639,-0.005983,-0.000002,0.000002,-0.000000
2025-12-16 18:17:08.341,0.000379,-0.001650,-0.006038,-0.000002,0.000002,0.000000
2025-12-16 18:17:08.343,0.000402,-0.001663,-0.006086,-0.000002,0.000002,-0.000000
2025-12-16 18:17:08.344,0.000413,-0.001667,-0.006114,-0.000002,0.000002,-0.000000
2025-12-16 18:17:08.346,0.000422,-0.001670,-0.006139,-0.000002,0.000002,-0.000000
2025-12-16 18:17:08.348,0.000454,-0.001678,-0.006205,-0.000002,0.000002,-0.000000
2025-12-16 18:17:08.349,0.000461,-0.001678,-0.006230,-0.000002,0.000002,-0.000000
2025-12-16 18:17:08.350,0.000473,-0.001680,-0.006254,-0.000002,0.000002,-0.000000
2025-12-16 18:17:08.352,0.000484,-0.001680,-0.006280,-0.000002,0.000002,-0.000000
2025-12-16 18:17:08.356,0.000526,-0.001671,-0.006358,-0.000002,0.000002,-0.000000
2025-12-16 18:17:08.357,0.000544,-0.001660,-0.006388,-0.000002,0.000002,-0.000000
2025-12-16 18:17:08.358,0.000550,-0.001657,-0.006402,-0.000002,0.000002,-0.000000
2025-12-16 18:17:08.359,0.000555,-0.001651,-0.006417,-0.000002,0.000002,-0.000000
2025-12-16 18:17:08.361,0.000568,-0.001647,-0.006435,-0.000002,0.000002,-0.000000
2025-12-16 18:17:08.362,0.000574,-0.001642,-0.006443,-0.000002,0.000002,-0.000000
2025-12-16 18:17:08.363,0.000582,-0.001641,-0.006449,-0.000002,0.000002,-0.000000
2025-12-16 18:17:08.365,0.000591,-0.001630,-0.006452,-0.000002,0.000002,-0.000000
2025-12-16 18:17:08.367,0.000596,-0.001628,-0.006450,-0.000002,0.000002,-0.000000
2025-12-16 18:17:08.368,0.000604,-0.001621,-0.006439,-0.000002,0.000002,-0.000000
2025-12-16 18:17:08.369,0.000608,-0.001614,-0.006427,-0.000002,0.000002,-0.000000
2025-12-16 18:17:08.370,0.000611,-0.001606,-0.006415,-0.000002,0.000002,-0.000000
2025-12-16 18:17:08.372,0.000616,-0.001601,-0.006399,-0.000002,0.000002,-0.000000
2025-12-16 18:17:08.373,0.000626,-0.001588,-0.006365,-0.000002,0.000002,-0.000000
2025-12-16 18:17:08.375,0.000633,-0.001581,-0.006331,-0.000002,0.000002,-0.000000
2025-12-16 18:17:08.377,0.000637,-0.001574,-0.006287,-0.000002,0.000002,-0.000000
2025-12-16 18:17:08.379,0.000642,-0.001566,-0.006240,-0.000002,0.000002,-0.000000
2025-12-16 18:17:08.380,0.000641,-0.001562,-0.006214,-0.000002,0.000002,-0.000000
2025-12-16 18:17:08.381,0.000643,-0.001557,-0.006188,-0.000002,0.000002,-0.000000
2025-12-16 18:17:08.383,0.000644,-0.001552,-0.006134,-0.000002,0.000002,-0.000000
2025-12-16 18:17:08.384,0.000643,-0.001550,-0.006108,-0.000002,0.000002,-0.000000
2025-12-16 18:17:08.385,0.000640,-0.001550,-0.006085,-0.000002,0.000002,-0.000000
2025-12-16 18:17:08.386,0.000637,-0.001548,-0.006062,-0.000002,0.000002,-0.000000
2025-12-16 18:17:08.387,0.000633,-0.001551,-0.006040,-0.000002,0.000002,-0.000000
2025-12-16 18:17:08.389,0.000625,-0.001559,-0.005992,-0.000002,0.000002,-0.000000
2025-12-16 18:17:08.390,0.000621,-0.001564,-0.005967,-0.000002,0.000002,-0.000000
2025-12-16 18:17:08.391,0.000616,-0.001569,-0.005949,-0.000002,0.000002,-0.000000
2025-12-16 18:17:08.393,0.000612,-0.001576,-0.005930,-0.000002,0.000002,-0.000000
2025-12-16 18:17:08.394,0.000598,-0.001589,-0.005895,-0.000002,0.000002,-0.000000
2025-12-16 18:17:08.395,0.000593,-0.001593,-0.005883,-0.000002,0.000002,-0.000000
2025-12-16 18:17:08.396,0.000584,-0.001601,-0.005869,-0.000002,0.000002,-0.000000
2025-12-16 18:17:08.397,0.000575,-0.001609,-0.005857,-0.000002,0.000002,-0.000000
2025-12-16 18:17:08.399,0.000552,-0.001632,-0.005832,-0.000002,0.000002,-0.000000
2025-12-16 18:17:08.400,0.000545,-0.001646,-0.005823,-0.000002,0.000002,-0.000000
2025-12-16 18:17:08.401,0.000533,-0.001659,-0.005813,-0.000002,0.000002,-0.000000
2025-12-16 18:17:08.403,0.000512,-0.001679,-0.005798,-0.000002,0.000002,-0.000000
2025-12-16 18:17:08.404,0.000506,-0.001694,-0.005790,-0.000002,0.000002,-0.000000
2025-12-16 18:17:08.405,0.000500,-0.001711,-0.005788,-0.000002,0.000002,-0.000000
2025-12-16 18:17:08.406,0.000494,-0.001729,-0.005784,-0.000002,0.000002,-0.000000
2025-12-16 18:17:08.407,0.000490,-0.001745,-0.005780,-0.000002,0.000002,-0.000000
2025-12-16 18:17:08.408,0.000482,-0.001760,-0.005779,-0.000002,0.000002,-0.000000
2025-12-16 18:17:08.411,0.000469,-0.001803,-0.005783,-0.000002,0.000002,-0.000000
2025-12-16 18:17:08.415,0.000456,-0.001865,-0.005792,-0.000002,0.000002,-0.000000
2025-12-16 18:17:08.417,0.000455,-0.001882,-0.005795,-0.000002,0.000002,-0.000000
2025-12-16 18:17:08.418,0.000457,-0.001912,-0.005804,-0.000002,0.000002,-0.000000
2025-12-16 18:17:08.419,0.000462,-0.001932,-0.005815,-0.000002,0.000002,-0.000000
2025-12-16 18:17:08.420,0.000464,-0.001948,-0.005833,-0.000002,0.000002,-0.000000
2025-12-16 18:17:08.421,0.000467,-0.001960,-0.005852,-0.000002,0.000002,-0.000000
2025-12-16 18:17:08.423,0.000473,-0.001974,-0.005870,-0.000002,0.000002,-0.000000
2025-12-16 18:17:08.424,0.000480,-0.001996,-0.005912,-0.000002,0.000002,-0.000000
2025-12-16 18:17:08.425,0.000484,-0.002006,-0.005936,-0.000002,0.000002,-0.000000
2025-12-16 18:17:08.426,0.000491,-0.002013,-0.005964,-0.000002,0.000002,-0.000000
2025-12-16 18:17:08.427,0.000498,-0.002018,-0.005995,-0.000002,0.000002,-0.000000
2025-12-16 18:17:08.429,0.000510,-0.002021,-0.006024,-0.000002,0.000002,-0.000000
2025-12-16 18:17:08.430,0.000533,-0.002028,-0.006080,-0.000002,0.000002,-0.000000
2025-12-16 18:17:08.433,0.000572,-0.002022,-0.006178,-0.000002,0.000002,-0.000000
2025-12-16 18:17:08.434,0.000586,-0.002018,-0.006212,-0.000002,0.000002,-0.000000
2025-12-16 18:17:08.435,0.000603,-0.002010,-0.006247,-0.000002,0.000002,-0.000000
2025-12-16 18:17:08.436,0.000622,-0.002001,-0.006279,-0.000002,0.000002,-0.000000
2025-12-16 18:17:08.438,0.000655,-0.001985,-0.006332,-0.000002,0.000002,-0.000000
2025-12-16 18:17:08.439,0.000676,-0.001973,-0.006367,-0.000002,0.000002,-0.000000
2025-12-16 18:17:08.440,0.000695,-0.001961,-0.006400,-0.000002,0.000002,-0.000000
2025-12-16 18:17:08.443,0.000762,-0.001913,-0.006488,-0.000002,0.000002,-0.000000
2025-12-16 18:17:08.445,0.000821,-0.001870,-0.006541,-0.000002,0.000002,-0.000000
2025-12-16 18:17:08.448,0.000918,-0.001804,-0.006608,-0.000002,0.000002,-0.000000
2025-12-16 18:17:08.449,0.000949,-0.001777,-0.006627,-0.000002,0.000002,-0.000000
2025-12-16 18:17:08.450,0.000974,-0.001752,-0.006643,-0.000002,0.000002,-0.000000
2025-12-16 18:17:08.451,0.001001,-0.001727,-0.006662,-0.000002,0.000002,-0.000000
2025-12-16 18:17:08.455,0.001081,-0.001659,-0.006703,-0.000002,0.000002,-0.000000
2025-12-16 18:17:08.456,0.001139,-0.001607,-0.006727,-0.000002,0.000002,-0.000000
2025-12-16 18:17:08.457,0.001165,-0.001583,-0.006735,-0.000002,0.000002,-0.000000
2025-12-16 18:17:08.458,0.001187,-0.001563,-0.006740,-0.000002,0.000002,-0.000000
2025-12-16 18:17:08.460,0.001233,-0.001511,-0.006749,-0.000002,0.000002,-0.000000
2025-12-16 18:17:08.461,0.001259,-0.001493,-0.006753,-0.000002,0.000002,-0.000000
2025-12-16 18:17:08.462,0.001281,-0.001475,-0.006755,-0.000002,0.000002,-0.000000
2025-12-16 18:17:08.463,0.001304,-0.001453,-0.006756,-0.000002,0.000002,-0.000000
2025-12-16 18:17:08.465,0.001325,-0.001433,-0.006754,-0.000002,0.000002,-0.000000
2025-12-16 18:17:08.467,0.001361,-0.001391,-0.006754,-0.000002,0.000002,-0.000000
2025-12-16 18:17:08.469,0.001390,-0.001356,-0.006751,-0.000002,0.000002,-0.000000
2025-12-16 18:17:08.470,0.001409,-0.001322,-0.006748,-0.000002,0.000002,-0.000000
2025-12-16 18:17:08.473,0.001425,-0.001274,-0.006751,-0.000002,0.000002,-0.000000
2025-12-16 18:17:08.474,0.001430,-0.001265,-0.006748,-0.000002,0.000002,-0.000000
2025-12-16 18:17:08.475,0.001433,-0.001254,-0.006741,-0.000002,0.000002,-0.000000
2025-12-16 18:17:08.476,0.001435,-0.001245,-0.006738,-0.000002,0.000002,-0.000000
2025-12-16 18:17:08.477,0.001434,-0.001234,-0.006735,-0.000002,0.000002,-0.000000
2025-12-16 18:17:08.479,0.001429,-0.001210,-0.006730,-0.000002,0.000002,-0.000000
2025-12-16 18:17:08.481,0.001422,-0.001200,-0.006729,-0.000002,0.000002,-0.000000
2025-12-16 18:17:08.482,0.001407,-0.001186,-0.006730,-0.000002,0.000002,-0.000000
2025-12-16 18:17:08.483,0.001397,-0.001177,-0.006728,-0.000002,0.000002,-0.000000
2025-12-16 18:17:08.484,0.001386,-0.001171,-0.006729,-0.000002,0.000002,-0.000000
2025-12-16 18:17:08.486,0.001378,-0.001164,-0.006727,-0.000002,0.000002,-0.000000
2025-12-16 18:17:08.487,0.001371,-0.001158,-0.006724,-0.000002,0.000002,-0.000000
2025-12-16 18:17:08.488,0.001351,-0.001145,-0.006721,-0.000002,0.000002,-0.000000
2025-12-16 18:17:08.490,0.001333,-0.001142,-0.006725,-0.000002,0.000002,-0.000000
2025-12-16 18:17:08.491,0.001326,-0.001145,-0.006725,-0.000002,0.000002,-0.000000
2025-12-16 18:17:08.493,0.001321,-0.001148,-0.006724,-0.000002,0.000002,-0.000000
2025-12-16 18:17:08.494,0.001311,-0.001151,-0.006729,-0.000002,0.000002,-0.000000
2025-12-16 18:17:08.495,0.001304,-0.001154,-0.006732,-0.000002,0.000002,-0.000000
2025-12-16 18:17:08.497,0.001298,-0.001158,-0.006734,-0.000002,0.000002,-0.000000
2025-12-16 18:17:08.498,0.001289,-0.001172,-0.006747,-0.000002,0.000002,-0.000000
2025-12-16 18:17:08.501,0.001293,-0.001205,-0.006767,-0.000002,0.000002,-0.000000
2025-12-16 18:17:08.502,0.001300,-0.001219,-0.006777,-0.000002,0.000002,-0.000000
2025-12-16 18:17:08.505,0.001320,-0.001261,-0.006799,-0.000002,0.000002,-0.000000
2025-12-16 18:17:08.506,0.001328,-0.001273,-0.006809,-0.000002,0.000002,-0.000000
2025-12-16 18:17:08.507,0.001339,-0.001290,-0.006818,-0.000002,0.000002,-0.000000
2025-12-16 18:17:08.508,0.001350,-0.001313,-0.006831,-0.000002,0.000002,-0.000000
2025-12-16 18:17:08.510,0.001362,-0.001336,-0.006849,-0.000002,0.000002,-0.000000
2025-12-16 18:17:08.511,0.001390,-0.001382,-0.006882,-0.000002,0.000002,-0.000000
2025-12-16 18:17:08.513,0.001418,-0.001431,-0.006915,-0.000002,0.000002,-0.000000
2025-12-16 18:17:08.515,0.001450,-0.001482,-0.006946,-0.000002,0.000002,-0.000000
2025-12-16 18:17:08.517,0.001473,-0.001531,-0.006980,-0.000002,0.000002,-0.000000
2025-12-16 18:17:08.518,0.001485,-0.001548,-0.006994,-0.000002,0.000002,-0.000000
2025-12-16 18:17:08.519,0.001501,-0.001570,-0.007010,-0.000002,0.000002,-0.000000
2025-12-16 18:17:08.520,0.001518,-0.001594,-0.007026,-0.000002,0.000002,-0.000000
2025-12-16 18:17:08.522,0.001535,-0.001617,-0.007044,-0.000002,0.000002,-0.000000
2025-12-16 18:17:08.524,0.001575,-0.001687,-0.007092,-0.000002,0.000002,-0.000000
2025-12-16 18:17:08.526,0.001593,-0.001721,-0.007127,-0.000002,0.000002,-0.000000
2025-12-16 18:17:08.527,0.001602,-0.001737,-0.007145,-0.000002,0.000002,-0.000000
2025-12-16 18:17:08.528,0.001610,-0.001751,-0.007160,-0.000003,0.000002,-0.000000
2025-12-16 18:17:08.529,0.001618,-0.001763,-0.007177,-0.000002,0.000002,-0.000000
2025-12-16 18:17:08.530,0.001624,-0.001776,-0.007200,-0.000002,0.000002,-0.000000
2025-12-16 18:17:08.532,0.001632,-0.001785,-0.007223,-0.000002,0.000002,-0.000000
2025-12-16 18:17:08.533,0.001639,-0.001793,-0.007243,-0.000002,0.000002,-0.000000
2025-12-16 18:17:08.534,0.001641,-0.001808,-0.007285,-0.000002,0.000002,-0.000000
2025-12-16 18:17:08.535,0.001644,-0.001815,-0.007307,-0.000002,0.000002,-0.000000
2025-12-16 18:17:08.536,0.001645,-0.001820,-0.007325,-0.000002,0.000002,-0.000000
2025-12-16 18:17:08.539,0.001638,-0.001819,-0.007382,-0.000002,0.000002,-0.000000
2025-12-16 18:17:08.540,0.001634,-0.001815,-0.007402,-0.000002,0.000002,-0.000000
2025-12-16 18:17:08.541,0.001630,-0.001814,-0.007423,-0.000002,0.000002,-0.000000
2025-12-16 18:17:08.542,0.001625,-0.001815,-0.007444,-0.000002,0.000002,-0.000000
2025-12-16 18:17:08.543,0.001622,-0.001814,-0.007470,-0.000002,0.000002,-0.000000
2025-12-16 18:17:08.544,0.001619,-0.001813,-0.007493,-0.000002,0.000002,-0.000000
2025-12-16 18:17:08.547,0.001617,-0.001807,-0.007552,-0.000003,0.000002,-0.000000
2025-12-16 18:17:08.549,0.001612,-0.001806,-0.007598,-0.000003,0.000002,-0.000000
2025-12-16 18:17:08.550,0.001610,-0.001806,-0.007616,-0.000003,0.000002,-0.000000
2025-12-16 18:17:08.551,0.001608,-0.001802,-0.007633,-0.000003,0.000002,-0.000000
2025-12-16 18:17:08.552,0.001606,-0.001800,-0.007655,-0.000003,0.000002,-0.000000
2025-12-16 18:17:08.553,0.001605,-0.001795,-0.007680,-0.000003,0.000002,-0.000000
2025-12-16 18:17:08.554,0.001608,-0.001790,-0.007707,-0.000003,0.000002,-0.000000
2025-12-16 18:17:08.556,0.001610,-0.001787,-0.007730,-0.000003,0.000002,-0.000000
2025-12-16 18:17:08.557,0.001614,-0.001773,-0.007769,-0.000003,0.000002,-0.000000
2025-12-16 18:17:08.558,0.001622,-0.001772,-0.007787,-0.000003,0.000002,-0.000000
2025-12-16 18:17:08.560,0.001629,-0.001768,-0.007804,-0.000003,0.000002,-0.000000
2025-12-16 18:17:08.561,0.001579,-0.001693,-0.007544,-0.000003,0.000002,-0.000000
2025-12-16 18:17:08.562,0.001598,-0.001696,-0.007588,-0.000003,0.000002,-0.000000
2025-12-16 18:17:08.565,0.001659,-0.001716,-0.007790,-0.000003,0.000002,-0.000000
2025-12-16 18:17:08.568,0.001709,-0.001720,-0.007931,-0.000003,0.000002,-0.000000
2025-12-16 18:17:08.570,0.001736,-0.001709,-0.008000,-0.000003,0.000002,-0.000000
2025-12-16 18:17:08.571,0.001751,-0.001703,-0.008026,-0.000003,0.000002,-0.000000
2025-12-16 18:17:08.572,0.001761,-0.001695,-0.008053,-0.000003,0.000002,-0.000000
2025-12-16 18:17:08.574,0.001783,-0.001679,-0.008106,-0.000003,0.000002,-0.000000
2025-12-16 18:17:08.576,0.001802,-0.001661,-0.008160,-0.000003,0.000002,-0.000000
2025-12-16 18:17:08.577,0.001809,-0.001652,-0.008184,-0.000003,0.000002,-0.000000
2025-12-16 18:17:08.579,0.001821,-0.001634,-0.008241,-0.000003,0.000002,-0.000000
2025-12-16 18:17:08.581,0.001837,-0.001616,-0.008301,-0.000003,0.000002,-0.000000
2025-12-16 18:17:08.583,0.001851,-0.001602,-0.008355,-0.000003,0.000002,-0.000000
2025-12-16 18:17:08.584,0.001857,-0.001592,-0.008383,-0.000003,0.000002,-0.000000
2025-12-16 18:17:08.587,0.001867,-0.001563,-0.008446,-0.000003,0.000002,-0.000000
2025-12-16 18:17:08.588,0.001877,-0.001537,-0.008512,-0.000003,0.000002,-0.000000
2025-12-16 18:17:08.591,0.001883,-0.001515,-0.008608,-0.000003,0.000002,-0.000000
2025-12-16 18:17:08.592,0.001885,-0.001510,-0.008640,-0.000003,0.000002,-0.000000
2025-12-16 18:17:08.593,0.001892,-0.001507,-0.008676,-0.000003,0.000002,-0.000000
2025-12-16 18:17:08.594,0.001899,-0.001506,-0.008708,-0.000003,0.000002,-0.000000
2025-12-16 18:17:08.596,0.001903,-0.001502,-0.008736,-0.000003,0.000002,-0.000000
2025-12-16 18:17:08.597,0.001917,-0.001498,-0.008814,-0.000003,0.000002,-0.000000
2025-12-16 18:17:08.599,0.001926,-0.001498,-0.008899,-0.000003,0.000002,-0.000000
2025-12-16 18:17:08.600,0.001933,-0.001501,-0.008943,-0.000003,0.000002,-0.000000
2025-12-16 18:17:08.601,0.001939,-0.001506,-0.008983,-0.000003,0.000002,-0.000000
2025-12-16 18:17:08.602,0.001943,-0.001510,-0.009016,-0.000003,0.000002,-0.000000
2025-12-16 18:17:08.603,0.001948,-0.001516,-0.009051,-0.000003,0.000002,-0.000000
2025-12-16 18:17:08.605,0.001955,-0.001523,-0.009130,-0.000003,0.000002,-0.000000
2025-12-16 18:17:08.606,0.001954,-0.001529,-0.009172,-0.000003,0.000002,-0.000000
2025-12-16 18:17:08.607,0.001956,-0.001541,-0.009216,-0.000003,0.000002,-0.000000
2025-12-16 18:17:08.609,0.001968,-0.001566,-0.009296,-0.000003,0.000002,-0.000000
2025-12-16 18:17:08.610,0.001971,-0.001578,-0.009332,-0.000003,0.000002,-0.000000
2025-12-16 18:17:08.612,0.001973,-0.001587,-0.009374,-0.000003,0.000002,-0.000000
2025-12-16 18:17:08.613,0.001965,-0.001610,-0.009475,-0.000003,0.000002,-0.000000
2025-12-16 18:17:08.614,0.001963,-0.001622,-0.009526,-0.000003,0.000002,-0.000000
2025-12-16 18:17:08.615,0.001962,-0.001638,-0.009573,-0.000003,0.000002,-0.000000
2025-12-16 18:17:08.616,0.001964,-0.001655,-0.009622,-0.000003,0.000002,-0.000000
2025-12-16 18:17:08.617,0.001965,-0.001671,-0.009667,-0.000003,0.000002,-0.000000
2025-12-16 18:17:08.619,0.001967,-0.001685,-0.009705,-0.000003,0.000002,-0.000000
2025-12-16 18:17:08.620,0.001965,-0.001711,-0.009798,-0.000003,0.000002,-0.000000
2025-12-16 18:17:08.621,0.001961,-0.001722,-0.009843,-0.000003,0.000002,-0.000000
2025-12-16 18:17:08.622,0.001958,-0.001736,-0.009885,-0.000003,0.000002,-0.000000
2025-12-16 18:17:08.623,0.001954,-0.001752,-0.009928,-0.000003,0.000003,-0.000000
2025-12-16 18:17:08.625,0.001941,-0.001774,-0.010013,-0.000003,0.000003,-0.000000
2025-12-16 18:17:08.626,0.001938,-0.001781,-0.010047,-0.000004,0.000003,-0.000000
2025-12-16 18:17:08.627,0.001930,-0.001792,-0.010088,-0.000004,0.000003,-0.000000
2025-12-16 18:17:08.629,0.001920,-0.001803,-0.010125,-0.000004,0.000003,-0.000000
2025-12-16 18:17:08.630,0.001898,-0.001814,-0.010191,-0.000004,0.000003,-0.000000
2025-12-16 18:17:08.631,0.001886,-0.001823,-0.010231,-0.000004,0.000003,-0.000000
2025-12-16 18:17:08.632,0.001871,-0.001833,-0.010269,-0.000004,0.000003,-0.000000
2025-12-16 18:17:08.633,0.001855,-0.001841,-0.010308,-0.000004,0.000003,-0.000000
2025-12-16 18:17:08.635,0.001815,-0.001852,-0.010379,-0.000004,0.000003,-0.000000
2025-12-16 18:17:08.636,0.001791,-0.001852,-0.010413,-0.000004,0.000003,-0.000000
2025-12-16 18:17:08.638,0.001768,-0.001853,-0.010445,-0.000004,0.000003,-0.000000
2025-12-16 18:17:08.639,0.001733,-0.001857,-0.010501,-0.000004,0.000003,-0.000000
2025-12-16 18:17:08.640,0.001708,-0.001856,-0.010531,-0.000004,0.000003,-0.000000
2025-12-16 18:17:08.641,0.001680,-0.001854,-0.010556,-0.000004,0.000003,-0.000000
2025-12-16 18:17:08.642,0.001649,-0.001851,-0.010580,-0.000004,0.000003,-0.000000
2025-12-16 18:17:08.643,0.001622,-0.001848,-0.010600,-0.000004,0.000003,-0.000000
2025-12-16 18:17:08.645,0.001553,-0.001831,-0.010646,-0.000004,0.000003,-0.000000
2025-12-16 18:17:08.646,0.001513,-0.001820,-0.010667,-0.000004,0.000003,-0.000000
2025-12-16 18:17:08.647,0.001476,-0.001806,-0.010686,-0.000004,0.000003,-0.000000
2025-12-16 18:17:08.648,0.001443,-0.001794,-0.010700,-0.000004,0.000003,-0.000000
2025-12-16 18:17:08.649,0.001407,-0.001779,-0.010717,-0.000004,0.000003,-0.000000
2025-12-16 18:17:08.651,0.001338,-0.001752,-0.010739,-0.000004,0.000003,-0.000000
2025-12-16 18:17:08.652,0.001304,-0.001736,-0.010745,-0.000004,0.000003,-0.000000
2025-12-16 18:17:08.653,0.001263,-0.001718,-0.010754,-0.000004,0.000003,-0.000000
2025-12-16 18:17:08.654,0.001224,-0.001697,-0.010762,-0.000004,0.000003,-0.000000
2025-12-16 18:17:08.655,0.001186,-0.001675,-0.010768,-0.000004,0.000003,0.000000
2025-12-16 18:17:08.656,0.001148,-0.001653,-0.010775,-0.000004,0.000003,0.000000
2025-12-16 18:17:08.658,0.001108,-0.001633,-0.010779,-0.000004,0.000003,0.000000
2025-12-16 18:17:08.659,0.001072,-0.001616,-0.010783,-0.000004,0.000003,-0.000000
2025-12-16 18:17:08.660,0.000994,-0.001563,-0.010781,-0.000004,0.000003,0.000000
2025-12-16 18:17:08.661,0.000953,-0.001532,-0.010783,-0.000004,0.000003,0.000000
2025-12-16 18:17:08.662,0.000914,-0.001500,-0.010784,-0.000004,0.000003,0.000000
2025-12-16 18:17:08.663,0.000878,-0.001474,-0.010783,-0.000004,0.000003,0.000000
2025-12-16 18:17:08.664,0.000842,-0.001444,-0.010776,-0.000004,0.000003,0.000000
2025-12-16 18:17:08.666,0.000807,-0.001413,-0.010765,-0.000004,0.000003,0.000000
2025-12-16 18:17:08.667,0.000740,-0.001352,-0.010749,-0.000004,0.000003,0.000000
2025-12-16 18:17:08.668,0.000707,-0.001324,-0.010742,-0.000004,0.000003,0.000000
2025-12-16 18:17:08.669,0.000674,-0.001294,-0.010737,-0.000004,0.000003,0.000000
2025-12-16 18:17:08.670,0.000645,-0.001263,-0.010730,-0.000004,0.000003,0.000000
2025-12-16 18:17:08.671,0.000616,-0.001232,-0.010722,-0.000004,0.000003,0.000000
2025-12-16 18:17:08.673,0.000584,-0.001199,-0.010717,-0.000004,0.000003,0.000000
2025-12-16 18:17:08.674,0.000529,-0.001143,-0.010705,-0.000004,0.000003,0.000000
2025-12-16 18:17:08.675,0.000502,-0.001112,-0.010702,-0.000004,0.000003,0.000000
2025-12-16 18:17:08.676,0.000475,-0.001082,-0.010697,-0.000004,0.000004,0.000000
2025-12-16 18:17:08.677,0.000452,-0.001055,-0.010692,-0.000004,0.000003,0.000000
2025-12-16 18:17:08.679,0.000406,-0.000999,-0.010693,-0.000004,0.000004,0.000000
2025-12-16 18:17:08.680,0.000381,-0.000969,-0.010695,-0.000004,0.000004,0.000000
2025-12-16 18:17:08.681,0.000358,-0.000944,-0.010704,-0.000004,0.000004,0.000000
2025-12-16 18:17:08.682,0.000331,-0.000917,-0.010716,-0.000004,0.000004,0.000001
2025-12-16 18:17:08.684,0.000305,-0.000889,-0.010726,-0.000004,0.000004,0.000001
2025-12-16 18:17:08.685,0.000257,-0.000840,-0.010760,-0.000004,0.000004,0.000001
2025-12-16 18:17:08.686,0.000232,-0.000818,-0.010780,-0.000004,0.000004,0.000001
2025-12-16 18:17:08.687,0.000208,-0.000794,-0.010806,-0.000004,0.000004,0.000001
2025-12-16 18:17:08.688,0.000182,-0.000770,-0.010832,-0.000004,0.000004,0.000001
2025-12-16 18:17:08.689,0.000158,-0.000753,-0.010861,-0.000004,0.000004,0.000001
2025-12-16 18:17:08.690,0.000139,-0.000740,-0.010887,-0.000004,0.000004,0.000001
2025-12-16 18:17:08.691,0.000116,-0.000723,-0.010919,-0.000004,0.000004,0.000001
2025-12-16 18:17:08.693,0.000089,-0.000702,-0.010960,-0.000004,0.000004,0.000001
2025-12-16 18:17:08.694,0.000034,-0.000661,-0.011050,-0.000004,0.000004,0.000001
2025-12-16 18:17:08.695,0.000008,-0.000644,-0.011099,-0.000004,0.000004,0.000001
2025-12-16 18:17:08.696,-0.000014,-0.000630,-0.011141,-0.000004,0.000004,0.000001
2025-12-16 18:17:08.697,-0.000039,-0.000620,-0.011184,-0.000004,0.000004,0.000001
2025-12-16 18:17:08.698,-0.000068,-0.000610,-0.011236,-0.000004,0.000004,0.000001
2025-12-16 18:17:08.699,-0.000097,-0.000600,-0.011290,-0.000004,0.000004,0.000001
2025-12-16 18:17:08.700,-0.000129,-0.000586,-0.011348,-0.000004,0.000004,0.000001
2025-12-16 18:17:08.701,-0.000166,-0.000571,-0.011410,-0.000005,0.000004,0.000001
2025-12-16 18:17:08.703,-0.000236,-0.000545,-0.011532,-0.000005,0.000004,0.000001
2025-12-16 18:17:08.704,-0.000273,-0.000534,-0.011593,-0.000005,0.000004,0.000001
2025-12-16 18:17:08.705,-0.000305,-0.000525,-0.011648,-0.000005,0.000004,0.000001
2025-12-16 18:17:08.706,-0.000331,-0.000519,-0.011691,-0.000005,0.000004,0.000001
2025-12-16 18:17:08.707,-0.000365,-0.000511,-0.011745,-0.000005,0.000004,0.000001
2025-12-16 18:17:08.708,-0.000396,-0.000503,-0.011795,-0.000005,0.000004,0.000001
2025-12-16 18:17:08.709,-0.000430,-0.000489,-0.011850,-0.000005,0.000004,0.000001
2025-12-16 18:17:08.710,-0.000468,-0.000476,-0.011911,-0.000005,0.000004,0.000001
2025-12-16 18:17:08.711,-0.000509,-0.000464,-0.011970,-0.000005,0.000004,0.000001
2025-12-16 18:17:08.712,-0.000544,-0.000455,-0.012023,-0.000005,0.000005,0.000001
2025-12-16 18:17:08.714,-0.000573,-0.000449,-0.012066,-0.000005,0.000005,0.000001
2025-12-16 18:17:08.715,-0.000637,-0.000428,-0.012153,-0.000005,0.000005,0.000001
2025-12-16 18:17:08.716,-0.000674,-0.000416,-0.012202,-0.000005,0.000005,0.000001
2025-12-16 18:17:08.717,-0.000709,-0.000404,-0.012250,-0.000005,0.000005,0.000001
2025-12-16 18:17:08.718,-0.000738,-0.000393,-0.012290,-0.000005,0.000005,0.000001
2025-12-16 18:17:08.719,-0.000776,-0.000378,-0.012334,-0.000005,0.000005,0.000001
2025-12-16 18:17:08.720,-0.000811,-0.000361,-0.012379,-0.000006,0.000005,0.000001
2025-12-16 18:17:08.721,-0.000847,-0.000348,-0.012419,-0.000006,0.000005,0.000001
2025-12-16 18:17:08.722,-0.000878,-0.000339,-0.012451,-0.000006,0.000005,0.000001
2025-12-16 18:17:08.723,-0.000910,-0.000324,-0.012486,-0.000005,0.000005,0.000001
2025-12-16 18:17:08.724,-0.000937,-0.000308,-0.012517,-0.000006,0.000005,0.000001
2025-12-16 18:17:08.725,-0.000966,-0.000294,-0.012546,-0.000006,0.000005,0.000001
2025-12-16 18:17:08.726,-0.000992,-0.000278,-0.012573,-0.000006,0.000005,0.000001
2025-12-16 18:17:08.728,-0.001019,-0.000262,-0.012595,-0.000006,0.000005,0.000001
2025-12-16 18:17:08.729,-0.001074,-0.000228,-0.012641,-0.000006,0.000005,0.000001
2025-12-16 18:17:08.730,-0.001102,-0.000205,-0.012659,-0.000006,0.000005,0.000001
2025-12-16 18:17:08.731,-0.001125,-0.000184,-0.012673,-0.000006,0.000005,0.000001
2025-12-16 18:17:08.732,-0.001144,-0.000166,-0.012683,-0.000006,0.000005,0.000001
2025-12-16 18:17:08.733,-0.001166,-0.000147,-0.012698,-0.000006,0.000005,0.000001
2025-12-16 18:17:08.734,-0.001187,-0.000124,-0.012707,-0.000006,0.000005,0.000001
2025-12-16 18:17:08.735,-0.001207,-0.000104,-0.012710,-0.000006,0.000005,0.000001
2025-12-16 18:17:08.736,-0.001224,-0.000088,-0.012712,-0.000006,0.000005,0.000001
2025-12-16 18:17:08.737,-0.001242,-0.000067,-0.012713,-0.000006,0.000005,0.000001
2025-12-16 18:17:08.739,-0.001256,-0.000048,-0.012713,-0.000006,0.000005,0.000001
2025-12-16 18:17:08.740,-0.001278,-0.000009,-0.012711,-0.000006,0.000005,0.000001
2025-12-16 18:17:08.741,-0.001290,0.000010,-0.012707,-0.000006,0.000005,0.000001
2025-12-16 18:17:08.742,-0.001303,0.000029,-0.012704,-0.000006,0.000005,0.000001
2025-12-16 18:17:08.743,-0.001315,0.000047,-0.012703,-0.000006,0.000005,0.000001
2025-12-16 18:17:08.744,-0.001329,0.000064,-0.012700,-0.000006,0.000005,0.000001
2025-12-16 18:17:08.745,-0.001340,0.000085,-0.012696,-0.000006,0.000005,0.000001
2025-12-16 18:17:08.746,-0.001351,0.000104,-0.012691,-0.000006,0.000005,0.000001
2025-12-16 18:17:08.747,-0.001359,0.000124,-0.012686,-0.000006,0.000005,0.000001
2025-12-16 18:17:08.749,-0.001365,0.000148,-0.012677,-0.000006,0.000005,0.000001
2025-12-16 18:17:08.750,-0.001371,0.000189,-0.012659,-0.000006,0.000005,0.000001
2025-12-16 18:17:08.751,-0.001380,0.000210,-0.012652,-0.000006,0.000005,0.000001
2025-12-16 18:17:08.752,-0.001388,0.000235,-0.012647,-0.000006,0.000005,0.000001
2025-12-16 18:17:08.753,-0.001396,0.000261,-0.012645,-0.000006,0.000005,0.000001
2025-12-16 18:17:08.754,-0.001404,0.000284,-0.012645,-0.000006,0.000005,0.000001
2025-12-16 18:17:08.755,-0.001411,0.000307,-0.012644,-0.000006,0.000005,0.000001
2025-12-16 18:17:08.756,-0.001418,0.000331,-0.012641,-0.000006,0.000005,0.000001
2025-12-16 18:17:08.757,-0.001427,0.000356,-0.012640,-0.000006,0.000005,0.000001
2025-12-16 18:17:08.758,-0.001431,0.000378,-0.012642,-0.000006,0.000005,0.000001
2025-12-16 18:17:08.759,-0.001435,0.000399,-0.012646,-0.000006,0.000005,0.000001
2025-12-16 18:17:08.760,-0.001440,0.000421,-0.012650,-0.000006,0.000005,0.000001
2025-12-16 18:17:08.761,-0.001443,0.000445,-0.012656,-0.000006,0.000005,0.000001
2025-12-16 18:17:08.763,-0.001447,0.000470,-0.012661,-0.000006,0.000005,0.000001
2025-12-16 18:17:08.764,-0.001451,0.000514,-0.012670,-0.000006,0.000005,0.000001
2025-12-16 18:17:08.765,-0.001450,0.000538,-0.012676,-0.000006,0.000005,0.000001
2025-12-16 18:17:08.766,-0.001450,0.000561,-0.012688,-0.000006,0.000005,0.000001
2025-12-16 18:17:08.767,-0.001451,0.000585,-0.012703,-0.000006,0.000005,0.000001
2025-12-16 18:17:08.768,-0.001451,0.000605,-0.012717,-0.000006,0.000005,0.000001
2025-12-16 18:17:08.769,-0.001449,0.000625,-0.012733,-0.000006,0.000005,0.000001
2025-12-16 18:17:08.770,-0.001448,0.000641,-0.012747,-0.000006,0.000005,0.000001
2025-12-16 18:17:08.771,-0.001445,0.000659,-0.012762,-0.000006,0.000005,0.000001
2025-12-16 18:17:08.773,-0.001440,0.000673,-0.012780,-0.000006,0.000005,0.000002
2025-12-16 18:17:08.774,-0.001421,0.000697,-0.012821,-0.000006,0.000005,0.000001
2025-12-16 18:17:08.775,-0.001414,0.000705,-0.012846,-0.000006,0.000005,0.000001
2025-12-16 18:17:08.776,-0.001402,0.000713,-0.012871,-0.000006,0.000005,0.000001
2025-12-16 18:17:08.777,-0.001389,0.000719,-0.012893,-0.000006,0.000005,0.000001
2025-12-16 18:17:08.778,-0.001379,0.000725,-0.012921,-0.000006,0.000005,0.000001
2025-12-16 18:17:08.779,-0.001371,0.000731,-0.012948,-0.000006,0.000005,0.000001
2025-12-16 18:17:08.780,-0.001363,0.000734,-0.012975,-0.000006,0.000005,0.000001
2025-12-16 18:17:08.781,-0.001353,0.000736,-0.013003,-0.000006,0.000005,0.000001
2025-12-16 18:17:08.783,-0.001344,0.000737,-0.013028,-0.000006,0.000005,0.000001
2025-12-16 18:17:08.784,-0.001323,0.000734,-0.013084,-0.000006,0.000005,0.000001
2025-12-16 18:17:08.785,-0.001311,0.000731,-0.013118,-0.000006,0.000005,0.000001
2025-12-16 18:17:08.786,-0.001300,0.000721,-0.013153,-0.000006,0.000005,0.000001
2025-12-16 18:17:08.787,-0.001287,0.000712,-0.013185,-0.000006,0.000005,0.000001
2025-12-16 18:17:08.788,-0.001273,0.000702,-0.013220,-0.000006,0.000005,0.000001
2025-12-16 18:17:08.789,-0.001262,0.000694,-0.013250,-0.000006,0.000005,0.000001
2025-12-16 18:17:08.790,-0.001254,0.000684,-0.013283,-0.000006,0.000005,0.000001
2025-12-16 18:17:08.791,-0.001244,0.000672,-0.013314,-0.000006,0.000006,0.000001
2025-12-16 18:17:08.792,-0.001236,0.000660,-0.013345,-0.000007,0.000006,0.000001
2025-12-16 18:17:08.793,-0.001229,0.000649,-0.013370,-0.000007,0.000006,0.000001
2025-12-16 18:17:08.794,-0.001225,0.000640,-0.013393,-0.000007,0.000006,0.000001
2025-12-16 18:17:08.796,-0.001208,0.000623,-0.013437,-0.000007,0.000005,0.000001
2025-12-16 18:17:08.797,-0.001198,0.000612,-0.013463,-0.000007,0.000005,0.000001
2025-12-16 18:17:08.798,-0.001190,0.000602,-0.013485,-0.000006,0.000005,0.000001
2025-12-16 18:17:08.799,-0.001183,0.000591,-0.013504,-0.000007,0.000005,0.000001
2025-12-16 18:17:08.800,-0.001176,0.000580,-0.013519,-0.000007,0.000006,0.000001
2025-12-16 18:17:08.801,-0.001168,0.000570,-0.013536,-0.000007,0.000006,0.000001
2025-12-16 18:17:08.802,-0.001160,0.000564,-0.013548,-0.000007,0.000006,0.000001
2025-12-16 18:17:08.804,-0.001153,0.000561,-0.013555,-0.000007,0.000006,0.000001
2025-12-16 18:17:08.805,-0.001146,0.000552,-0.013563,-0.000007,0.000006,0.000001
2025-12-16 18:17:08.806,-0.001142,0.000551,-0.013566,-0.000007,0.000006,0.000001
2025-12-16 18:17:08.807,-0.001138,0.000552,-0.013568,-0.000007,0.000005,0.000001
2025-12-16 18:17:08.808,-0.001136,0.000554,-0.013569,-0.000007,0.000006,0.000001
2025-12-16 18:17:08.809,-0.001134,0.000556,-0.013570,-0.000007,0.000006,0.000001
2025-12-16 18:17:08.810,-0.001129,0.000559,-0.013572,-0.000006,0.000006,0.000001
2025-12-16 18:17:08.811,-0.001128,0.000565,-0.013572,-0.000007,0.000006,0.000001
2025-12-16 18:17:08.812,-0.001130,0.000571,-0.013574,-0.000007,0.000006,0.000001
2025-12-16 18:17:08.813,-0.001128,0.000578,-0.013575,-0.000007,0.000006,0.000001
2025-12-16 18:17:08.814,-0.001131,0.000588,-0.013576,-0.000007,0.000006,0.000001
2025-12-16 18:17:08.816,-0.001136,0.000602,-0.013575,-0.000007,0.000006,0.000001
2025-12-16 18:17:08.817,-0.001137,0.000629,-0.013572,-0.000007,0.000006,0.000001
2025-12-16 18:17:08.818,-0.001136,0.000640,-0.013568,-0.000007,0.000006,0.000001
2025-12-16 18:17:08.819,-0.001138,0.000658,-0.013565,-0.000006,0.000006,0.000001
2025-12-16 18:17:08.820,-0.001141,0.000675,-0.013563,-0.000007,0.000006,0.000001
2025-12-16 18:17:08.821,-0.001145,0.000694,-0.013560,-0.000006,0.000006,0.000001
2025-12-16 18:17:08.822,-0.001149,0.000711,-0.013557,-0.000006,0.000006,0.000001
2025-12-16 18:17:08.823,-0.001154,0.000729,-0.013557,-0.000006,0.000006,0.000001
2025-12-16 18:17:08.824,-0.001160,0.000743,-0.013558,-0.000006,0.000006,0.000001
2025-12-16 18:17:08.825,-0.001167,0.000763,-0.013560,-0.000007,0.000006,0.000001
2025-12-16 18:17:08.826,-0.001175,0.000783,-0.013562,-0.000007,0.000006,0.000001
2025-12-16 18:17:08.828,-0.001181,0.000798,-0.013564,-0.000007,0.000006,0.000001
2025-12-16 18:17:08.829,-0.001200,0.000830,-0.013560,-0.000007,0.000006,0.000001
2025-12-16 18:17:08.830,-0.001211,0.000850,-0.013558,-0.000007,0.000006,0.000001
2025-12-16 18:17:08.831,-0.001221,0.000870,-0.013553,-0.000007,0.000006,0.000001
2025-12-16 18:17:08.832,-0.001233,0.000892,-0.013545,-0.000007,0.000006,0.000001
2025-12-16 18:17:08.833,-0.001249,0.000915,-0.013533,-0.000007,0.000006,0.000001
2025-12-16 18:17:08.834,-0.001261,0.000932,-0.013520,-0.000007,0.000006,0.000001
2025-12-16 18:17:08.835,-0.001273,0.000948,-0.013511,-0.000007,0.000006,0.000001
2025-12-16 18:17:08.836,-0.001285,0.000962,-0.013499,-0.000007,0.000006,0.000001
2025-12-16 18:17:08.837,-0.001300,0.000975,-0.013489,-0.000007,0.000006,0.000001
2025-12-16 18:17:08.838,-0.001318,0.000988,-0.013476,-0.000007,0.000006,0.000001
2025-12-16 18:17:08.840,-0.001334,0.001003,-0.013463,-0.000007,0.000006,0.000001
2025-12-16 18:17:08.841,-0.001348,0.001017,-0.013451,-0.000007,0.000006,0.000001
2025-12-16 18:17:08.842,-0.001372,0.001038,-0.013428,-0.000007,0.000006,0.000001
2025-12-16 18:17:08.843,-0.001383,0.001046,-0.013411,-0.000007,0.000006,0.000001
2025-12-16 18:17:08.844,-0.001401,0.001055,-0.013395,-0.000007,0.000006,0.000001
2025-12-16 18:17:08.845,-0.001419,0.001063,-0.013382,-0.000007,0.000006,0.000001
2025-12-16 18:17:08.846,-0.001436,0.001071,-0.013367,-0.000007,0.000006,0.000001
2025-12-16 18:17:08.847,-0.001450,0.001077,-0.013353,-0.000007,0.000006,0.000001
2025-12-16 18:17:08.848,-0.001464,0.001081,-0.013341,-0.000007,0.000006,0.000001
2025-12-16 18:17:08.849,-0.001476,0.001086,-0.013327,-0.000007,0.000006,0.000001
2025-12-16 18:17:08.850,-0.001487,0.001089,-0.013314,-0.000007,0.000006,0.000001
2025-12-16 18:17:08.852,-0.001497,0.001089,-0.013295,-0.000007,0.000006,0.000001
2025-12-16 18:17:08.853,-0.001513,0.001070,-0.013253,-0.000007,0.000006,0.000001
2025-12-16 18:17:08.854,-0.001514,0.001049,-0.013233,-0.000006,0.000006,0.000001
2025-12-16 18:17:08.855,-0.001509,0.001013,-0.013203,-0.000007,0.000006,0.000001
2025-12-16 18:17:08.856,-0.001496,0.000965,-0.013172,-0.000007,0.000006,0.000001
2025-12-16 18:17:08.857,-0.001482,0.000920,-0.013145,-0.000007,0.000006,0.000001
2025-12-16 18:17:08.858,-0.001472,0.000877,-0.013124,-0.000006,0.000006,0.000001
2025-12-16 18:17:08.860,-0.001438,0.000764,-0.013083,-0.000006,0.000006,0.000001
2025-12-16 18:17:08.861,-0.001413,0.000692,-0.013059,-0.000006,0.000006,0.000001
2025-12-16 18:17:08.862,-0.001376,0.000599,-0.013036,-0.000006,0.000006,0.000001
2025-12-16 18:17:08.863,-0.001326,0.000469,-0.013010,-0.000007,0.000005,0.000001
2025-12-16 18:17:08.864,-0.001279,0.000344,-0.012986,-0.000006,0.000005,0.000001
2025-12-16 18:17:08.865,-0.001219,0.000187,-0.012965,-0.000006,0.000005,0.000001
2025-12-16 18:17:08.866,-0.001163,0.000041,-0.012948,-0.000006,0.000005,0.000001
2025-12-16 18:17:08.868,-0.001085,-0.000152,-0.012919,-0.000006,0.000005,0.000001
2025-12-16 18:17:08.869,-0.001000,-0.000363,-0.012884,-0.000007,0.000005,0.000001
2025-12-16 18:17:08.870,-0.000908,-0.000595,-0.012844,-0.000006,0.000005,0.000001
2025-12-16 18:17:08.871,-0.000732,-0.001060,-0.012781,-0.000006,0.000005,0.000001
2025-12-16 18:17:08.872,-0.000645,-0.001293,-0.012766,-0.000006,0.000005,0.000001
2025-12-16 18:17:08.873,-0.000572,-0.001491,-0.012757,-0.000006,0.000005,0.000001
2025-12-16 18:17:08.874,-0.000505,-0.001699,-0.012757,-0.000006,0.000005,0.000000
2025-12-16 18:17:08.875,-0.000444,-0.001906,-0.012762,-0.000006,0.000005,0.000000
2025-12-16 18:17:08.876,-0.000389,-0.002117,-0.012767,-0.000006,0.000004,0.000000
2025-12-16 18:17:08.878,-0.000345,-0.002296,-0.012770,-0.000006,0.000004,0.000000
2025-12-16 18:17:08.879,-0.000272,-0.002693,-0.012765,-0.000005,0.000004,0.000000
2025-12-16 18:17:08.880,-0.000254,-0.002901,-0.012765,-0.000005,0.000004,0.000000
2025-12-16 18:17:08.881,-0.000247,-0.003089,-0.012765,-0.000005,0.000004,0.000000
2025-12-16 18:17:08.882,-0.000244,-0.003242,-0.012764,-0.000005,0.000004,0.000000
2025-12-16 18:17:08.883,-0.000254,-0.003388,-0.012763,-0.000005,0.000004,0.000000
2025-12-16 18:17:08.884,-0.000274,-0.003520,-0.012757,-0.000005,0.000004,0.000000
2025-12-16 18:17:08.885,-0.000303,-0.003637,-0.012744,-0.000005,0.000004,0.000000
2025-12-16 18:17:08.886,-0.000332,-0.003729,-0.012731,-0.000005,0.000004,-0.000000
2025-12-16 18:17:08.888,-0.000370,-0.003809,-0.012724,-0.000005,0.000004,0.000000
2025-12-16 18:17:08.890,-0.000496,-0.003920,-0.012738,-0.000005,0.000004,-0.000000
2025-12-16 18:17:08.891,-0.000651,-0.004020,-0.012752,-0.000005,0.000004,-0.000000
2025-12-16 18:17:08.892,-0.000720,-0.004062,-0.012751,-0.000005,0.000004,-0.000000
2025-12-16 18:17:08.893,-0.000786,-0.004100,-0.012741,-0.000005,0.000004,0.000000
2025-12-16 18:17:08.894,-0.000845,-0.004147,-0.012716,-0.000005,0.000004,0.000000
2025-12-16 18:17:08.895,-0.000905,-0.004204,-0.012674,-0.000005,0.000004,-0.000000
2025-12-16 18:17:08.896,-0.000964,-0.004261,-0.012627,-0.000005,0.000004,-0.000000
2025-12-16 18:17:08.899,-0.001086,-0.004427,-0.012493,-0.000005,0.000004,-0.000000
2025-12-16 18:17:08.900,-0.001118,-0.004479,-0.012446,-0.000005,0.000004,-0.000000
2025-12-16 18:17:08.901,-0.001145,-0.004520,-0.012406,-0.000005,0.000004,-0.000000
2025-12-16 18:17:08.902,-0.001166,-0.004552,-0.012364,-0.000005,0.000004,-0.000000
2025-12-16 18:17:08.904,-0.001178,-0.004593,-0.012309,-0.000005,0.000004,-0.000000
2025-12-16 18:17:08.905,-0.001177,-0.004701,-0.012168,-0.000005,0.000004,-0.000000
2025-12-16 18:17:08.907,-0.001150,-0.004799,-0.012027,-0.000004,0.000004,-0.000000
2025-12-16 18:17:08.908,-0.001133,-0.004837,-0.011958,-0.000004,0.000004,-0.000000
2025-12-16 18:17:08.909,-0.001114,-0.004865,-0.011884,-0.000004,0.000004,-0.000000
2025-12-16 18:17:08.910,-0.001092,-0.004880,-0.011805,-0.000004,0.000004,-0.000000
2025-12-16 18:17:08.911,-0.001070,-0.004882,-0.011719,-0.000004,0.000004,-0.000000
2025-12-16 18:17:08.913,-0.001040,-0.004845,-0.011532,-0.000004,0.000004,-0.000000
2025-12-16 18:17:08.914,-0.001027,-0.004815,-0.011441,-0.000004,0.000004,-0.000000
2025-12-16 18:17:08.915,-0.001013,-0.004771,-0.011356,-0.000004,0.000004,-0.000000
2025-12-16 18:17:08.916,-0.000995,-0.004701,-0.011264,-0.000004,0.000004,-0.000000
2025-12-16 18:17:08.917,-0.000979,-0.004632,-0.011182,-0.000004,0.000003,-0.000000
2025-12-16 18:17:08.918,-0.000964,-0.004561,-0.011108,-0.000004,0.000003,-0.000000
2025-12-16 18:17:08.920,-0.000948,-0.004485,-0.011029,-0.000004,0.000003,-0.000000
2025-12-16 18:17:08.923,-0.000866,-0.004009,-0.010656,-0.000004,0.000003,-0.000000
2025-12-16 18:17:08.924,-0.000850,-0.003872,-0.010583,-0.000004,0.000003,0.000000
2025-12-16 18:17:08.925,-0.000838,-0.003735,-0.010515,-0.000004,0.000003,0.000000
2025-12-16 18:17:08.926,-0.000827,-0.003604,-0.010446,-0.000004,0.000003,0.000000
2025-12-16 18:17:08.928,-0.000793,-0.003363,-0.010305,-0.000004,0.000003,0.000000
2025-12-16 18:17:08.929,-0.000773,-0.003248,-0.010242,-0.000004,0.000003,0.000000
2025-12-16 18:17:08.930,-0.000750,-0.003135,-0.010190,-0.000004,0.000003,0.000000
2025-12-16 18:17:08.933,-0.000682,-0.002849,-0.010094,-0.000004,0.000003,0.000000
2025-12-16 18:17:08.934,-0.000658,-0.002771,-0.010072,-0.000004,0.000003,0.000000
2025-12-16 18:17:08.935,-0.000642,-0.002702,-0.010051,-0.000004,0.000003,0.000000
2025-12-16 18:17:08.936,-0.000625,-0.002630,-0.010034,-0.000004,0.000003,0.000000
2025-12-16 18:17:08.937,-0.000610,-0.002569,-0.010020,-0.000004,0.000003,0.000000
2025-12-16 18:17:08.938,-0.000598,-0.002504,-0.010023,-0.000004,0.000003,0.000000
2025-12-16 18:17:08.940,-0.000588,-0.002446,-0.010039,-0.000004,0.000003,0.000000
2025-12-16 18:17:08.941,-0.000575,-0.002402,-0.010057,-0.000004,0.000003,0.000000
2025-12-16 18:17:08.942,-0.000547,-0.002352,-0.010094,-0.000004,0.000003,0.000000
2025-12-16 18:17:08.944,-0.000529,-0.002346,-0.010154,-0.000004,0.000003,0.000000
2025-12-16 18:17:08.945,-0.000527,-0.002343,-0.010193,-0.000004,0.000003,0.000000
2025-12-16 18:17:08.946,-0.000525,-0.002342,-0.010243,-0.000004,0.000003,0.000000
2025-12-16 18:17:08.947,-0.000532,-0.002340,-0.010306,-0.000004,0.000003,0.000000
2025-12-16 18:17:08.948,-0.000547,-0.002343,-0.010379,-0.000004,0.000003,0.000000
2025-12-16 18:17:08.950,-0.000563,-0.002355,-0.010454,-0.000004,0.000003,0.000000
2025-12-16 18:17:08.951,-0.000613,-0.002389,-0.010613,-0.000004,0.000004,0.000000
2025-12-16 18:17:08.952,-0.000644,-0.002408,-0.010700,-0.000004,0.000004,0.000000
2025-12-16 18:17:08.953,-0.000688,-0.002436,-0.010802,-0.000004,0.000004,0.000000
2025-12-16 18:17:08.954,-0.000729,-0.002463,-0.010893,-0.000004,0.000004,0.000000
2025-12-16 18:17:08.955,-0.000766,-0.002489,-0.010978,-0.000004,0.000004,0.000000
2025-12-16 18:17:08.957,-0.000821,-0.002521,-0.011076,-0.000004,0.000004,0.000000
2025-12-16 18:17:08.958,-0.000941,-0.002580,-0.011266,-0.000004,0.000004,0.000000
2025-12-16 18:17:08.959,-0.001018,-0.002606,-0.011381,-0.000004,0.000004,0.000000
2025-12-16 18:17:08.960,-0.001099,-0.002623,-0.011492,-0.000004,0.000004,0.000000
2025-12-16 18:17:08.961,-0.001170,-0.002635,-0.011585,-0.000004,0.000004,0.000000
2025-12-16 18:17:08.963,-0.001353,-0.002662,-0.011788,-0.000005,0.000004,0.000001
2025-12-16 18:17:08.964,-0.001444,-0.002677,-0.011879,-0.000005,0.000004,0.000001
2025-12-16 18:17:08.965,-0.001539,-0.002684,-0.011968,-0.000005,0.000004,0.000001
2025-12-16 18:17:08.966,-0.001626,-0.002691,-0.012049,-0.000005,0.000004,0.000001
2025-12-16 18:17:08.967,-0.001707,-0.002696,-0.012118,-0.000005,0.000005,0.000001
2025-12-16 18:17:08.968,-0.001790,-0.002697,-0.012181,-0.000005,0.000005,0.000001
2025-12-16 18:17:08.969,-0.001865,-0.002698,-0.012235,-0.000005,0.000005,0.000001
2025-12-16 18:17:08.971,-0.001936,-0.002698,-0.012281,-0.000005,0.000005,0.000001
2025-12-16 18:17:08.972,-0.002080,-0.002687,-0.012358,-0.000005,0.000005,0.000001
2025-12-16 18:17:08.973,-0.002148,-0.002671,-0.012394,-0.000005,0.000005,0.000001
2025-12-16 18:17:08.974,-0.002212,-0.002652,-0.012429,-0.000005,0.000005,0.000001
2025-12-16 18:17:08.975,-0.002267,-0.002634,-0.012453,-0.000005,0.000005,0.000001
2025-12-16 18:17:08.976,-0.002317,-0.002621,-0.012466,-0.000005,0.000005,0.000001
2025-12-16 18:17:08.977,-0.002357,-0.002611,-0.012474,-0.000005,0.000005,0.000001
2025-12-16 18:17:08.979,-0.002391,-0.002597,-0.012468,-0.000005,0.000005,0.000001
2025-12-16 18:17:08.980,-0.002417,-0.002583,-0.012457,-0.000005,0.000005,0.000001
2025-12-16 18:17:08.982,-0.002440,-0.002565,-0.012436,-0.000005,0.000005,0.000001
2025-12-16 18:17:08.983,-0.002466,-0.002527,-0.012377,-0.000005,0.000005,0.000001
2025-12-16 18:17:08.984,-0.002475,-0.002502,-0.012331,-0.000005,0.000005,0.000001
2025-12-16 18:17:08.985,-0.002478,-0.002471,-0.012281,-0.000005,0.000005,0.000001
2025-12-16 18:17:08.986,-0.002479,-0.002443,-0.012237,-0.000005,0.000005,0.000001
2025-12-16 18:17:08.989,-0.002441,-0.002394,-0.012024,-0.000005,0.000005,0.000001
2025-12-16 18:17:08.990,-0.002397,-0.002372,-0.011850,-0.000005,0.000005,0.000001
2025-12-16 18:17:08.991,-0.002355,-0.002373,-0.011756,-0.000005,0.000005,0.000001
2025-12-16 18:17:08.992,-0.002309,-0.002376,-0.011658,-0.000005,0.000005,0.000001
2025-12-16 18:17:08.993,-0.002265,-0.002378,-0.011555,-0.000005,0.000005,0.000001
2025-12-16 18:17:08.994,-0.002230,-0.002379,-0.011466,-0.000005,0.000005,0.000001
2025-12-16 18:17:08.996,-0.002159,-0.002374,-0.011296,-0.000005,0.000005,0.000001
2025-12-16 18:17:08.997,-0.002122,-0.002375,-0.011211,-0.000005,0.000005,0.000001
2025-12-16 18:17:08.998,-0.002080,-0.002381,-0.011115,-0.000005,0.000004,0.000001
2025-12-16 18:17:08.999,-0.002040,-0.002391,-0.011025,-0.000005,0.000004,0.000001
2025-12-16 18:17:09.000,-0.001992,-0.002406,-0.010917,-0.000005,0.000004,0.000001
2025-12-16 18:17:09.001,-0.001948,-0.002421,-0.010820,-0.000005,0.000004,0.000001
2025-12-16 18:17:09.003,-0.001911,-0.002431,-0.010722,-0.000005,0.000004,0.000001
2025-12-16 18:17:09.005,-0.001838,-0.002440,-0.010525,-0.000004,0.000004,0.000001
2025-12-16 18:17:09.006,-0.001789,-0.002430,-0.010319,-0.000004,0.000004,0.000001
2025-12-16 18:17:09.008,-0.001799,-0.002365,-0.010150,-0.000004,0.000004,0.000001
2025-12-16 18:17:09.009,-0.001814,-0.002320,-0.010087,-0.000004,0.000004,0.000001
2025-12-16 18:17:09.010,-0.001838,-0.002268,-0.010029,-0.000004,0.000004,0.000001
2025-12-16 18:17:09.011,-0.001871,-0.002211,-0.009971,-0.000004,0.000004,0.000001
2025-12-16 18:17:09.012,-0.001910,-0.002141,-0.009905,-0.000004,0.000004,0.000001
2025-12-16 18:17:09.013,-0.001951,-0.002067,-0.009838,-0.000004,0.000004,0.000001
2025-12-16 18:17:09.015,-0.002000,-0.001985,-0.009774,-0.000004,0.000004,0.000001
2025-12-16 18:17:09.016,-0.002113,-0.001788,-0.009661,-0.000004,0.000004,0.000001
2025-12-16 18:17:09.017,-0.002167,-0.001693,-0.009616,-0.000004,0.000004,0.000001
2025-12-16 18:17:09.018,-0.002227,-0.001591,-0.009569,-0.000004,0.000004,0.000001
2025-12-16 18:17:09.019,-0.002298,-0.001474,-0.009531,-0.000004,0.000004,0.000001
2025-12-16 18:17:09.020,-0.002387,-0.001331,-0.009489,-0.000004,0.000004,0.000001
2025-12-16 18:17:09.021,-0.002469,-0.001201,-0.009453,-0.000004,0.000004,0.000001
2025-12-16 18:17:09.022,-0.002552,-0.001076,-0.009421,-0.000004,0.000004,0.000001
2025-12-16 18:17:09.024,-0.002706,-0.000838,-0.009373,-0.000004,0.000004,0.000001
2025-12-16 18:17:09.025,-0.002781,-0.000713,-0.009346,-0.000004,0.000004,0.000001
2025-12-16 18:17:09.026,-0.002845,-0.000604,-0.009322,-0.000004,0.000004,0.000001
2025-12-16 18:17:09.028,-0.002932,-0.000419,-0.009271,-0.000004,0.000004,0.000001
2025-12-16 18:17:09.030,-0.002991,-0.000247,-0.009224,-0.000004,0.000004,0.000001
2025-12-16 18:17:09.031,-0.003021,-0.000156,-0.009206,-0.000004,0.000004,0.000001
2025-12-16 18:17:09.032,-0.003047,-0.000081,-0.009193,-0.000004,0.000004,0.000001
2025-12-16 18:17:09.033,-0.003065,-0.000007,-0.009181,-0.000004,0.000004,0.000001
2025-12-16 18:17:09.035,-0.003077,0.000056,-0.009170,-0.000004,0.000004,0.000002
2025-12-16 18:17:09.037,-0.003067,0.000188,-0.009102,-0.000004,0.000004,0.000002
2025-12-16 18:17:09.038,-0.003051,0.000212,-0.009078,-0.000004,0.000004,0.000002
2025-12-16 18:17:09.039,-0.003023,0.000234,-0.009054,-0.000004,0.000004,0.000002
2025-12-16 18:17:09.040,-0.002995,0.000251,-0.009033,-0.000004,0.000004,0.000002
2025-12-16 18:17:09.042,-0.002932,0.000278,-0.008995,-0.000004,0.000004,0.000002
2025-12-16 18:17:09.043,-0.002895,0.000283,-0.008978,-0.000004,0.000004,0.000002
2025-12-16 18:17:09.045,-0.002831,0.000291,-0.008944,-0.000004,0.000004,0.000002
2025-12-16 18:17:09.046,-0.002796,0.000295,-0.008925,-0.000004,0.000004,0.000002
2025-12-16 18:17:09.047,-0.002754,0.000294,-0.008899,-0.000004,0.000004,0.000002
2025-12-16 18:17:09.048,-0.002711,0.000289,-0.008872,-0.000004,0.000004,0.000002
2025-12-16 18:17:09.050,-0.002636,0.000273,-0.008825,-0.000004,0.000004,0.000002
2025-12-16 18:17:09.052,-0.002552,0.000257,-0.008766,-0.000004,0.000004,0.000002
2025-12-16 18:17:09.053,-0.002519,0.000255,-0.008736,-0.000004,0.000004,0.000002
2025-12-16 18:17:09.055,-0.002466,0.000244,-0.008681,-0.000004,0.000004,0.000002
2025-12-16 18:17:09.056,-0.002432,0.000223,-0.008637,-0.000004,0.000004,0.000002
2025-12-16 18:17:09.057,-0.002401,0.000200,-0.008594,-0.000004,0.000004,0.000002
2025-12-16 18:17:09.058,-0.002373,0.000176,-0.008557,-0.000004,0.000004,0.000002
2025-12-16 18:17:09.059,-0.002348,0.000150,-0.008517,-0.000004,0.000004,0.000002
2025-12-16 18:17:09.060,-0.002323,0.000122,-0.008474,-0.000004,0.000004,0.000001
2025-12-16 18:17:09.061,-0.002308,0.000096,-0.008435,-0.000004,0.000004,0.000001
2025-12-16 18:17:09.066,-0.002305,-0.000060,-0.008288,-0.000004,0.000004,0.000001
2025-12-16 18:17:09.068,-0.002341,-0.000114,-0.008262,-0.000004,0.000004,0.000001
2025-12-16 18:17:09.069,-0.002364,-0.000140,-0.008240,-0.000004,0.000004,0.000001
2025-12-16 18:17:09.070,-0.002390,-0.000167,-0.008214,-0.000004,0.000004,0.000001
2025-12-16 18:17:09.071,-0.002420,-0.000196,-0.008184,-0.000004,0.000004,0.000001
2025-12-16 18:17:09.073,-0.002486,-0.000246,-0.008122,-0.000004,0.000004,0.000001
2025-12-16 18:17:09.074,-0.002530,-0.000248,-0.008103,-0.000004,0.000004,0.000001
2025-12-16 18:17:09.075,-0.002585,-0.000234,-0.008095,-0.000004,0.000004,0.000001
2025-12-16 18:17:09.079,-0.002849,-0.000122,-0.008073,-0.000004,0.000004,0.000001
2025-12-16 18:17:09.080,-0.002912,-0.000099,-0.008057,-0.000004,0.000004,0.000001
2025-12-16 18:17:09.081,-0.002965,-0.000081,-0.008044,-0.000004,0.000004,0.000001
2025-12-16 18:17:09.082,-0.003007,-0.000070,-0.008026,-0.000004,0.000004,0.000001
2025-12-16 18:17:09.084,-0.003096,-0.000020,-0.007984,-0.000004,0.000004,0.000001
2025-12-16 18:17:09.085,-0.003134,0.000008,-0.007954,-0.000004,0.000004,0.000002
2025-12-16 18:17:09.086,-0.003170,0.000035,-0.007922,-0.000003,0.000004,0.000002
2025-12-16 18:17:09.089,-0.003253,0.000123,-0.007850,-0.000004,0.000004,0.000002
2025-12-16 18:17:09.090,-0.003269,0.000155,-0.007832,-0.000004,0.000004,0.000002
2025-12-16 18:17:09.091,-0.003275,0.000178,-0.007816,-0.000004,0.000004,0.000002
2025-12-16 18:17:09.092,-0.003277,0.000194,-0.007802,-0.000004,0.000004,0.000002
2025-12-16 18:17:09.093,-0.003260,0.000193,-0.007770,-0.000004,0.000004,0.000002
2025-12-16 18:17:09.095,-0.003182,0.000154,-0.007671,-0.000004,0.000004,0.000002
2025-12-16 18:17:09.097,-0.003015,0.000071,-0.007518,-0.000004,0.000004,0.000002
2025-12-16 18:17:09.098,-0.002930,0.000029,-0.007451,-0.000004,0.000004,0.000001
2025-12-16 18:17:09.099,-0.002858,-0.000007,-0.007399,-0.000004,0.000004,0.000001
2025-12-16 18:17:09.101,-0.002773,-0.000052,-0.007332,-0.000003,0.000004,0.000001
2025-12-16 18:17:09.104,-0.002420,-0.000268,-0.007059,-0.000003,0.000003,0.000001
2025-12-16 18:17:09.105,-0.002324,-0.000332,-0.006996,-0.000003,0.000003,0.000001
2025-12-16 18:17:09.107,-0.002198,-0.000423,-0.006907,-0.000003,0.000003,0.000001
2025-12-16 18:17:09.108,-0.001903,-0.000665,-0.006667,-0.000003,0.000003,0.000001
2025-12-16 18:17:09.109,-0.001759,-0.000790,-0.006541,-0.000003,0.000003,0.000001
2025-12-16 18:17:09.110,-0.001638,-0.000896,-0.006433,-0.000003,0.000003,0.000001
2025-12-16 18:17:09.111,-0.001536,-0.000987,-0.006337,-0.000003,0.000003,0.000001
2025-12-16 18:17:09.113,-0.001346,-0.001163,-0.006142,-0.000003,0.000002,0.000001
2025-12-16 18:17:09.115,-0.001184,-0.001351,-0.005940,-0.000002,0.000002,0.000000
2025-12-16 18:17:09.116,-0.001111,-0.001460,-0.005832,-0.000002,0.000002,0.000000
2025-12-16 18:17:09.117,-0.001039,-0.001580,-0.005717,-0.000002,0.000002,0.000000
2025-12-16 18:17:09.118,-0.000968,-0.001703,-0.005601,-0.000002,0.000002,0.000000
2025-12-16 18:17:09.120,-0.000858,-0.001929,-0.005393,-0.000002,0.000002,0.000000
2025-12-16 18:17:09.121,-0.000816,-0.002025,-0.005305,-0.000002,0.000002,0.000000
2025-12-16 18:17:09.123,-0.000766,-0.002174,-0.005154,-0.000002,0.000002,0.000000
2025-12-16 18:17:09.124,-0.000758,-0.002242,-0.005078,-0.000002,0.000002,0.000000
2025-12-16 18:17:09.125,-0.000760,-0.002302,-0.005010,-0.000002,0.000002,0.000000
2025-12-16 18:17:09.126,-0.000764,-0.002357,-0.004945,-0.000002,0.000002,0.000000
2025-12-16 18:17:09.128,-0.000766,-0.002408,-0.004886,-0.000002,0.000002,0.000000
2025-12-16 18:17:09.129,-0.000765,-0.002506,-0.004785,-0.000002,0.000002,-0.000000
2025-12-16 18:17:09.130,-0.000753,-0.002566,-0.004726,-0.000002,0.000002,-0.000000
2025-12-16 18:17:09.131,-0.000736,-0.002627,-0.004675,-0.000002,0.000002,-0.000000
2025-12-16 18:17:09.132,-0.000719,-0.002679,-0.004635,-0.000002,0.000002,-0.000000
2025-12-16 18:17:09.134,-0.000679,-0.002766,-0.004585,-0.000002,0.000001,-0.000000
2025-12-16 18:17:09.135,-0.000656,-0.002804,-0.004571,-0.000002,0.000001,-0.000000
2025-12-16 18:17:09.136,-0.000635,-0.002835,-0.004563,-0.000002,0.000001,-0.000000
2025-12-16 18:17:09.137,-0.000610,-0.002875,-0.004557,-0.000002,0.000001,-0.000000
2025-12-16 18:17:09.138,-0.000588,-0.002912,-0.004553,-0.000002,0.000001,-0.000000
2025-12-16 18:17:09.139,-0.000563,-0.002950,-0.004551,-0.000002,0.000001,-0.000000
2025-12-16 18:17:09.140,-0.000524,-0.002995,-0.004544,-0.000002,0.000001,-0.000000
2025-12-16 18:17:09.141,-0.000470,-0.003045,-0.004538,-0.000002,0.000001,-0.000000
2025-12-16 18:17:09.142,-0.000401,-0.003102,-0.004527,-0.000002,0.000001,-0.000000
2025-12-16 18:17:09.143,-0.000325,-0.003162,-0.004512,-0.000002,0.000001,-0.000000
2025-12-16 18:17:09.144,-0.000246,-0.003221,-0.004489,-0.000002,0.000001,-0.000000
2025-12-16 18:17:09.146,-0.000094,-0.003332,-0.004437,-0.000002,0.000001,-0.000000
2025-12-16 18:17:09.147,-0.000018,-0.003388,-0.004410,-0.000001,0.000001,-0.000000
2025-12-16 18:17:09.148,0.000044,-0.003432,-0.004388,-0.000002,0.000001,-0.000000
2025-12-16 18:17:09.149,0.000101,-0.003468,-0.004372,-0.000001,0.000001,-0.000000
2025-12-16 18:17:09.150,0.000159,-0.003499,-0.004354,-0.000001,0.000001,-0.000000
2025-12-16 18:17:09.151,0.000227,-0.003537,-0.004317,-0.000001,0.000001,-0.000000
2025-12-16 18:17:09.153,0.000298,-0.003579,-0.004270,-0.000001,0.000001,-0.000001
2025-12-16 18:17:09.154,0.000423,-0.003637,-0.004165,-0.000001,0.000001,-0.000001
2025-12-16 18:17:09.155,0.000471,-0.003652,-0.004122,-0.000001,0.000001,-0.000001
2025-12-16 18:17:09.156,0.000518,-0.003647,-0.004077,-0.000001,0.000001,-0.000001
2025-12-16 18:17:09.157,0.000556,-0.003628,-0.004032,-0.000001,0.000001,-0.000001
2025-12-16 18:17:09.158,0.000585,-0.003596,-0.003982,-0.000001,0.000001,-0.000001
2025-12-16 18:17:09.160,0.000600,-0.003549,-0.003933,-0.000001,0.000001,-0.000001
2025-12-16 18:17:09.161,0.000617,-0.003459,-0.003849,-0.000001,0.000001,-0.000001
2025-12-16 18:17:09.162,0.000625,-0.003414,-0.003807,-0.000001,0.000001,-0.000001
2025-12-16 18:17:09.163,0.000576,-0.003267,-0.003783,-0.000001,0.000001,-0.000001
2025-12-16 18:17:09.164,0.000539,-0.003153,-0.003759,-0.000001,0.000001,-0.000001
2025-12-16 18:17:09.165,0.000504,-0.003053,-0.003729,-0.000001,0.000001,-0.000001
2025-12-16 18:17:09.166,0.000471,-0.002953,-0.003689,-0.000001,0.000001,-0.000000
2025-12-16 18:17:09.168,0.000425,-0.002820,-0.003640,-0.000001,0.000001,-0.000000
2025-12-16 18:17:09.169,0.000320,-0.002514,-0.003555,-0.000001,0.000001,-0.000000
2025-12-16 18:17:09.170,0.000252,-0.002334,-0.003526,-0.000001,0.000001,-0.000000
2025-12-16 18:17:09.171,0.000174,-0.002139,-0.003500,-0.000001,0.000001,-0.000000
2025-12-16 18:17:09.172,0.000092,-0.001942,-0.003471,-0.000001,0.000001,-0.000000
2025-12-16 18:17:09.174,0.000012,-0.001753,-0.003444,-0.000001,0.000001,-0.000000
2025-12-16 18:17:09.175,-0.000138,-0.001385,-0.003391,-0.000001,0.000001,0.000000
2025-12-16 18:17:09.176,-0.000208,-0.001204,-0.003369,-0.000001,0.000001,0.000000
2025-12-16 18:17:09.177,-0.000270,-0.001020,-0.003354,-0.000001,0.000001,0.000000
2025-12-16 18:17:09.178,-0.000329,-0.000842,-0.003339,-0.000001,0.000001,0.000000
2025-12-16 18:17:09.179,-0.000380,-0.000675,-0.003324,-0.000001,0.000001,0.000000
2025-12-16 18:17:09.181,-0.000422,-0.000521,-0.003303,-0.000001,0.000001,0.000000
2025-12-16 18:17:09.182,-0.000480,-0.000268,-0.003261,-0.000001,0.000001,0.000000
2025-12-16 18:17:09.183,-0.000502,-0.000140,-0.003244,-0.000001,0.000001,0.000000
2025-12-16 18:17:09.184,-0.000519,-0.000015,-0.003235,-0.000001,0.000001,0.000000
2025-12-16 18:17:09.185,-0.000530,0.000100,-0.003234,-0.000001,0.000001,0.000000
2025-12-16 18:17:09.187,-0.000536,0.000193,-0.003235,-0.000001,0.000001,0.000001
2025-12-16 18:17:09.188,-0.000516,0.000322,-0.003240,-0.000001,0.000001,0.000001
2025-12-16 18:17:09.189,-0.000500,0.000367,-0.003247,-0.000001,0.000001,0.000001
2025-12-16 18:17:09.190,-0.000484,0.000412,-0.003254,-0.000001,0.000001,0.000001
2025-12-16 18:17:09.191,-0.000468,0.000457,-0.003261,-0.000001,0.000001,0.000001
2025-12-16 18:17:09.192,-0.000457,0.000499,-0.003307,-0.000001,0.000001,0.000001
2025-12-16 18:17:09.194,-0.000444,0.000530,-0.003351,-0.000001,0.000001,0.000001
2025-12-16 18:17:09.195,-0.000426,0.000538,-0.003389,-0.000001,0.000001,0.000001
2025-12-16 18:17:09.196,-0.000382,0.000500,-0.003442,-0.000001,0.000001,0.000001
2025-12-16 18:17:09.197,-0.000363,0.000469,-0.003469,-0.000001,0.000001,0.000001
2025-12-16 18:17:09.198,-0.000348,0.000432,-0.003502,-0.000001,0.000001,0.000000
2025-12-16 18:17:09.199,-0.000335,0.000398,-0.003541,-0.000001,0.000001,0.000000
2025-12-16 18:17:09.200,-0.000325,0.000370,-0.003578,-0.000001,0.000001,0.000000
2025-12-16 18:17:09.202,-0.000337,0.000279,-0.003667,-0.000001,0.000001,0.000000
2025-12-16 18:17:09.203,-0.000351,0.000235,-0.003707,-0.000001,0.000001,0.000000
2025-12-16 18:17:09.204,-0.000384,0.000186,-0.003767,-0.000001,0.000001,0.000000
2025-12-16 18:17:09.205,-0.000426,0.000138,-0.003839,-0.000001,0.000001,0.000000
2025-12-16 18:17:09.207,-0.000478,0.000099,-0.003918,-0.000001,0.000002,0.000000
2025-12-16 18:17:09.208,-0.000598,0.000015,-0.004075,-0.000001,0.000002,0.000000
2025-12-16 18:17:09.209,-0.000660,-0.000035,-0.004134,-0.000001,0.000002,0.000001
2025-12-16 18:17:09.210,-0.000721,-0.000083,-0.004185,-0.000001,0.000002,0.000001
2025-12-16 18:17:09.211,-0.000773,-0.000123,-0.004224,-0.000001,0.000002,0.000001
2025-12-16 18:17:09.212,-0.000832,-0.000158,-0.004263,-0.000001,0.000002,0.000001
2025-12-16 18:17:09.213,-0.000912,-0.000177,-0.004327,-0.000001,0.000002,0.000001
2025-12-16 18:17:09.214,-0.000987,-0.000188,-0.004390,-0.000001,0.000002,0.000001
2025-12-16 18:17:09.216,-0.001091,-0.000175,-0.004469,-0.000001,0.000002,0.000001
2025-12-16 18:17:09.217,-0.001331,-0.000122,-0.004634,-0.000002,0.000002,0.000001
2025-12-16 18:17:09.218,-0.001435,-0.000097,-0.004702,-0.000002,0.000002,0.000001
2025-12-16 18:17:09.219,-0.001534,-0.000066,-0.004764,-0.000002,0.000002,0.000001
2025-12-16 18:17:09.220,-0.001630,-0.000027,-0.004831,-0.000002,0.000002,0.000001
2025-12-16 18:17:09.221,-0.001735,0.000029,-0.004910,-0.000002,0.000002,0.000001
2025-12-16 18:17:09.222,-0.001838,0.000092,-0.004990,-0.000002,0.000002,0.000001
2025-12-16 18:17:09.223,-0.001925,0.000147,-0.005059,-0.000002,0.000002,0.000001
2025-12-16 18:17:09.224,-0.001926,0.000181,-0.004951,-0.000002,0.000002,0.000001
2025-12-16 18:17:09.226,-0.002071,0.000318,-0.005052,-0.000002,0.000003,0.000001
2025-12-16 18:17:09.227,-0.002156,0.000397,-0.005144,-0.000002,0.000003,0.000001
2025-12-16 18:17:09.228,-0.002238,0.000487,-0.005242,-0.000002,0.000003,0.000001
2025-12-16 18:17:09.229,-0.002318,0.000597,-0.005347,-0.000002,0.000003,0.000001
2025-12-16 18:17:09.230,-0.002385,0.000696,-0.005440,-0.000002,0.000003,0.000001
2025-12-16 18:17:09.231,-0.002442,0.000782,-0.005521,-0.000002,0.000003,0.000001
2025-12-16 18:17:09.232,-0.002488,0.000858,-0.005592,-0.000002,0.000003,0.000001
2025-12-16 18:17:09.234,-0.002515,0.000929,-0.005648,-0.000002,0.000003,0.000001
2025-12-16 18:17:09.235,-0.002517,0.001060,-0.005725,-0.000002,0.000003,0.000001
2025-12-16 18:17:09.236,-0.002506,0.001131,-0.005752,-0.000002,0.000003,0.000001
2025-12-16 18:17:09.238,-0.002493,0.001194,-0.005774,-0.000002,0.000003,0.000001
2025-12-16 18:17:09.239,-0.002453,0.001333,-0.005798,-0.000002,0.000003,0.000002
2025-12-16 18:17:09.240,-0.002423,0.001395,-0.005798,-0.000002,0.000003,0.000002
2025-12-16 18:17:09.241,-0.002393,0.001458,-0.005789,-0.000002,0.000003,0.000002
2025-12-16 18:17:09.242,-0.002368,0.001512,-0.005778,-0.000002,0.000003,0.000002
2025-12-16 18:17:09.243,-0.002341,0.001556,-0.005767,-0.000002,0.000003,0.000002
2025-12-16 18:17:09.245,-0.002308,0.001595,-0.005747,-0.000002,0.000003,0.000002
2025-12-16 18:17:09.246,-0.002217,0.001669,-0.005662,-0.000002,0.000003,0.000002
2025-12-16 18:17:09.247,-0.002171,0.001699,-0.005610,-0.000002,0.000003,0.000002
2025-12-16 18:17:09.248,-0.002125,0.001732,-0.005554,-0.000002,0.000003,0.000002
2025-12-16 18:17:09.249,-0.002089,0.001771,-0.005499,-0.000002,0.000003,0.000002
2025-12-16 18:17:09.250,-0.002054,0.001811,-0.005446,-0.000002,0.000003,0.000002
2025-12-16 18:17:09.252,-0.002001,0.001913,-0.005327,-0.000002,0.000003,0.000002
2025-12-16 18:17:09.253,-0.001976,0.001964,-0.005254,-0.000002,0.000003,0.000002
2025-12-16 18:17:09.254,-0.001940,0.002000,-0.005154,-0.000002,0.000003,0.000002
2025-12-16 18:17:09.255,-0.001907,0.002025,-0.005059,-0.000002,0.000003,0.000002
2025-12-16 18:17:09.257,-0.001865,0.002038,-0.004960,-0.000002,0.000003,0.000002
2025-12-16 18:17:09.258,-0.001759,0.002055,-0.004741,-0.000002,0.000003,0.000002
2025-12-16 18:17:09.259,-0.001711,0.002059,-0.004643,-0.000002,0.000003,0.000001
2025-12-16 18:17:09.260,-0.001663,0.002057,-0.004554,-0.000002,0.000003,0.000001
2025-12-16 18:17:09.261,-0.001617,0.002047,-0.004463,-0.000002,0.000003,0.000001
2025-12-16 18:17:09.262,-0.001574,0.002027,-0.004368,-0.000002,0.000003,0.000001
2025-12-16 18:17:09.264,-0.001518,0.001981,-0.004260,-0.000002,0.000003,0.000001
2025-12-16 18:17:09.265,-0.001420,0.001875,-0.004076,-0.000002,0.000002,0.000001
2025-12-16 18:17:09.266,-0.001373,0.001813,-0.003999,-0.000002,0.000002,0.000001
2025-12-16 18:17:09.267,-0.001307,0.001711,-0.003901,-0.000002,0.000002,0.000001
2025-12-16 18:17:09.269,-0.001230,0.001579,-0.003787,-0.000002,0.000002,0.000001
2025-12-16 18:17:09.270,-0.001092,0.001317,-0.003583,-0.000001,0.000002,0.000001
2025-12-16 18:17:09.271,-0.001022,0.001153,-0.003487,-0.000001,0.000002,0.000001
2025-12-16 18:17:09.272,-0.000961,0.000972,-0.003408,-0.000001,0.000002,0.000001
2025-12-16 18:17:09.273,-0.000913,0.000794,-0.003350,-0.000001,0.000002,0.000001
2025-12-16 18:17:09.274,-0.000877,0.000616,-0.003306,-0.000001,0.000002,0.000001
2025-12-16 18:17:09.275,-0.000855,0.000434,-0.003269,-0.000001,0.000002,0.000001
2025-12-16 18:17:09.277,-0.000844,0.000244,-0.003240,-0.000001,0.000002,0.000001
2025-12-16 18:17:09.278,-0.000840,0.000045,-0.003210,-0.000001,0.000002,0.000001
2025-12-16 18:17:09.279,-0.000854,-0.000356,-0.003183,-0.000001,0.000001,0.000000
2025-12-16 18:17:09.280,-0.000864,-0.000522,-0.003182,-0.000001,0.000001,0.000000
2025-12-16 18:17:09.281,-0.000885,-0.000710,-0.003196,-0.000001,0.000001,0.000000
2025-12-16 18:17:09.282,-0.000906,-0.000876,-0.003215,-0.000001,0.000001,0.000000
2025-12-16 18:17:09.283,-0.000927,-0.001043,-0.003233,-0.000001,0.000001,0.000000
2025-12-16 18:17:09.284,-0.000985,-0.001242,-0.003267,-0.000001,0.000001,0.000000
2025-12-16 18:17:09.286,-0.001038,-0.001409,-0.003296,-0.000001,0.000001,0.000000
2025-12-16 18:17:09.287,-0.001106,-0.001578,-0.003351,-0.000001,0.000001,0.000000
2025-12-16 18:17:09.288,-0.001260,-0.001865,-0.003491,-0.000001,0.000001,0.000000
2025-12-16 18:17:09.289,-0.001332,-0.001987,-0.003568,-0.000001,0.000001,0.000000
2025-12-16 18:17:09.290,-0.001400,-0.002107,-0.003649,-0.000001,0.000002,0.000000
2025-12-16 18:17:09.293,-0.001572,-0.002528,-0.003903,-0.000002,0.000002,0.000000
2025-12-16 18:17:09.294,-0.001616,-0.002639,-0.003987,-0.000002,0.000002,0.000000
2025-12-16 18:17:09.295,-0.001644,-0.002735,-0.004067,-0.000002,0.000002,0.000000
2025-12-16 18:17:09.296,-0.001665,-0.002825,-0.004149,-0.000002,0.000002,0.000000
2025-12-16 18:17:09.298,-0.001680,-0.002898,-0.004218,-0.000002,0.000002,0.000000
2025-12-16 18:17:09.299,-0.001691,-0.003033,-0.004330,-0.000002,0.000002,0.000000
2025-12-16 18:17:09.300,-0.001681,-0.003099,-0.004375,-0.000002,0.000002,0.000000
2025-12-16 18:17:09.301,-0.001662,-0.003163,-0.004415,-0.000002,0.000002,0.000000
2025-12-16 18:17:09.302,-0.001617,-0.003232,-0.004447,-0.000002,0.000002,0.000000
2025-12-16 18:17:09.303,-0.001560,-0.003303,-0.004469,-0.000002,0.000002,0.000000
2025-12-16 18:17:09.305,-0.001410,-0.003443,-0.004483,-0.000002,0.000002,0.000000
2025-12-16 18:17:09.306,-0.001326,-0.003507,-0.004474,-0.000002,0.000002,0.000000
2025-12-16 18:17:09.308,-0.001179,-0.003607,-0.004450,-0.000002,0.000002,-0.000000
2025-12-16 18:17:09.309,-0.001087,-0.003656,-0.004432,-0.000002,0.000002,-0.000000
2025-12-16 18:17:09.310,-0.001004,-0.003696,-0.004415,-0.000002,0.000002,-0.000000
2025-12-16 18:17:09.311,-0.000897,-0.003747,-0.004374,-0.000001,0.000001,-0.000000
2025-12-16 18:17:09.312,-0.000798,-0.003794,-0.004330,-0.000001,0.000001,-0.000000
2025-12-16 18:17:09.313,-0.000695,-0.003842,-0.004279,-0.000001,0.000001,-0.000000
2025-12-16 18:17:09.314,-0.000582,-0.003879,-0.004216,-0.000001,0.000001,-0.000000
2025-12-16 18:17:09.316,-0.000356,-0.003931,-0.004093,-0.000001,0.000001,-0.000000
2025-12-16 18:17:09.317,-0.000247,-0.003942,-0.004026,-0.000001,0.000001,-0.000000
2025-12-16 18:17:09.319,-0.000063,-0.003949,-0.003908,-0.000001,0.000001,-0.000001
2025-12-16 18:17:09.320,0.000018,-0.003939,-0.003851,-0.000001,0.000001,-0.000001
2025-12-16 18:17:09.321,0.000096,-0.003912,-0.003797,-0.000001,0.000001,-0.000001
2025-12-16 18:17:09.322,0.000171,-0.003846,-0.003748,-0.000001,0.000001,-0.000001
2025-12-16 18:17:09.323,0.000233,-0.003759,-0.003699,-0.000001,0.000001,-0.000001
2025-12-16 18:17:09.324,0.000281,-0.003678,-0.003658,-0.000001,0.000001,-0.000001
2025-12-16 18:17:09.325,0.000325,-0.003591,-0.003613,-0.000001,0.000001,-0.000001
2025-12-16 18:17:09.327,0.000388,-0.003363,-0.003515,-0.000001,0.000001,-0.000001
2025-12-16 18:17:09.329,0.000411,-0.003064,-0.003435,-0.000001,0.000001,-0.000001
2025-12-16 18:17:09.330,0.000413,-0.002911,-0.003405,-0.000001,0.000001,-0.000001
2025-12-16 18:17:09.331,0.000401,-0.002708,-0.003378,-0.000001,0.000001,-0.000000
2025-12-16 18:17:09.332,0.000386,-0.002519,-0.003356,-0.000001,0.000001,-0.000000
2025-12-16 18:17:09.333,0.000360,-0.002329,-0.003338,-0.000001,0.000001,-0.000000
2025-12-16 18:17:09.334,0.000336,-0.002148,-0.003319,-0.000001,0.000001,-0.000000
2025-12-16 18:17:09.335,0.000305,-0.001963,-0.003301,-0.000001,0.000001,-0.000000
2025-12-16 18:17:09.337,0.000222,-0.001571,-0.003295,-0.000001,0.000001,-0.000000
2025-12-16 18:17:09.339,0.000175,-0.001366,-0.003305,-0.000001,0.000001,-0.000000
2025-12-16 18:17:09.340,0.000076,-0.000943,-0.003335,-0.000001,0.000001,0.000000
2025-12-16 18:17:09.341,0.000029,-0.000741,-0.003343,-0.000001,0.000001,0.000000
2025-12-16 18:17:09.342,-0.000013,-0.000550,-0.003348,-0.000001,0.000001,0.000000
2025-12-16 18:17:09.343,-0.000057,-0.000364,-0.003361,-0.000001,0.000001,0.000000
2025-12-16 18:17:09.344,-0.000100,-0.000191,-0.003388,-0.000001,0.000001,0.000000
2025-12-16 18:17:09.345,-0.000140,-0.000021,-0.003432,-0.000001,0.000001,0.000000
2025-12-16 18:17:09.346,-0.000178,0.000141,-0.003484,-0.000001,0.000001,0.000000
2025-12-16 18:17:09.347,-0.000210,0.000294,-0.003547,-0.000001,0.000001,0.000000
2025-12-16 18:17:09.349,-0.000256,0.000529,-0.003658,-0.000001,0.000001,0.000001
2025-12-16 18:17:09.350,-0.000274,0.000625,-0.003716,-0.000001,0.000001,0.000001
2025-12-16 18:17:09.351,-0.000298,0.000716,-0.003787,-0.000001,0.000001,0.000001
2025-12-16 18:17:09.352,-0.000320,0.000805,-0.003873,-0.000001,0.000002,0.000001
2025-12-16 18:17:09.353,-0.000339,0.000883,-0.003971,-0.000001,0.000002,0.000001
2025-12-16 18:17:09.354,-0.000356,0.000951,-0.004072,-0.000001,0.000002,0.000001
2025-12-16 18:17:09.355,-0.000371,0.001005,-0.004175,-0.000001,0.000002,0.000001
2025-12-16 18:17:09.357,-0.000401,0.001070,-0.004416,-0.000001,0.000002,0.000001
2025-12-16 18:17:09.358,-0.000399,0.001055,-0.004377,-0.000001,0.000002,0.000001
2025-12-16 18:17:09.359,-0.000407,0.001064,-0.004461,-0.000001,0.000002,0.000001
2025-12-16 18:17:09.360,-0.000414,0.001072,-0.004592,-0.000001,0.000002,0.000001
2025-12-16 18:17:09.361,-0.000419,0.001058,-0.004746,-0.000001,0.000002,0.000001
2025-12-16 18:17:09.362,-0.000423,0.001038,-0.004886,-0.000002,0.000002,0.000001
2025-12-16 18:17:09.363,-0.000420,0.000996,-0.005024,-0.000002,0.000002,0.000001
2025-12-16 18:17:09.364,-0.000416,0.000944,-0.005170,-0.000002,0.000002,0.000001
2025-12-16 18:17:09.365,-0.000409,0.000889,-0.005308,-0.000002,0.000002,0.000001
2025-12-16 18:17:09.366,-0.000403,0.000842,-0.005422,-0.000002,0.000002,0.000001
2025-12-16 18:17:09.368,-0.000389,0.000682,-0.005641,-0.000002,0.000002,0.000001
2025-12-16 18:17:09.369,-0.000378,0.000569,-0.005733,-0.000002,0.000002,0.000001
2025-12-16 18:17:09.370,-0.000364,0.000441,-0.005817,-0.000002,0.000002,0.000001
2025-12-16 18:17:09.371,-0.000349,0.000307,-0.005897,-0.000002,0.000002,0.000001
2025-12-16 18:17:09.374,-0.000314,-0.000105,-0.006112,-0.000002,0.000002,0.000000
2025-12-16 18:17:09.375,-0.000306,-0.000276,-0.006172,-0.000002,0.000002,0.000000
2025-12-16 18:17:09.376,-0.000300,-0.000425,-0.006218,-0.000002,0.000002,0.000000
2025-12-16 18:17:09.378,-0.000294,-0.000577,-0.006253,-0.000002,0.000002,0.000000
2025-12-16 18:17:09.379,-0.000291,-0.000902,-0.006310,-0.000002,0.000002,0.000000
2025-12-16 18:17:09.380,-0.000318,-0.001076,-0.006368,-0.000002,0.000002,0.000000
2025-12-16 18:17:09.381,-0.000362,-0.001245,-0.006438,-0.000002,0.000002,0.000000
2025-12-16 18:17:09.382,-0.000416,-0.001410,-0.006505,-0.000002,0.000002,0.000000
2025-12-16 18:17:09.383,-0.000483,-0.001572,-0.006566,-0.000002,0.000002,0.000000
2025-12-16 18:17:09.385,-0.000556,-0.001726,-0.006617,-0.000002,0.000002,0.000000
2025-12-16 18:17:09.386,-0.000622,-0.001854,-0.006658,-0.000002,0.000002,0.000000
2025-12-16 18:17:09.387,-0.000690,-0.001968,-0.006693,-0.000002,0.000002,0.000000
2025-12-16 18:17:09.388,-0.000760,-0.002070,-0.006732,-0.000002,0.000002,0.000000
2025-12-16 18:17:09.389,-0.000833,-0.002160,-0.006766,-0.000002,0.000002,0.000000
2025-12-16 18:17:09.390,-0.000909,-0.002239,-0.006806,-0.000002,0.000002,0.000000
2025-12-16 18:17:09.391,-0.000994,-0.002306,-0.006840,-0.000002,0.000002,0.000000
2025-12-16 18:17:09.392,-0.001079,-0.002362,-0.006866,-0.000002,0.000002,0.000000
2025-12-16 18:17:09.393,-0.001164,-0.002412,-0.006882,-0.000003,0.000002,0.000000
2025-12-16 18:17:09.394,-0.001249,-0.002451,-0.006890,-0.000003,0.000002,0.000000
2025-12-16 18:17:09.396,-0.001418,-0.002529,-0.006906,-0.000002,0.000003,0.000000
2025-12-16 18:17:09.397,-0.001548,-0.002487,-0.006921,-0.000003,0.000003,0.000000
2025-12-16 18:17:09.398,-0.001594,-0.002472,-0.006909,-0.000003,0.000003,0.000000
2025-12-16 18:17:09.399,-0.001618,-0.002463,-0.006878,-0.000003,0.000003,0.000000
2025-12-16 18:17:09.400,-0.001617,-0.002464,-0.006832,-0.000003,0.000003,0.000000
2025-12-16 18:17:09.401,-0.001597,-0.002472,-0.006771,-0.000003,0.000003,0.000000
2025-12-16 18:17:09.402,-0.001558,-0.002481,-0.006697,-0.000002,0.000003,0.000000
2025-12-16 18:17:09.403,-0.001501,-0.002490,-0.006616,-0.000002,0.000002,0.000000
2025-12-16 18:17:09.404,-0.001445,-0.002498,-0.006546,-0.000002,0.000002,0.000000
2025-12-16 18:17:09.406,-0.001370,-0.002515,-0.006456,-0.000002,0.000002,0.000000
2025-12-16 18:17:09.407,-0.001284,-0.002534,-0.006355,-0.000002,0.000002,0.000000
2025-12-16 18:17:09.408,-0.001111,-0.002566,-0.006156,-0.000002,0.000002,0.000000
2025-12-16 18:17:09.409,-0.001002,-0.002588,-0.006034,-0.000002,0.000002,0.000000
2025-12-16 18:17:09.410,-0.000884,-0.002619,-0.005901,-0.000002,0.000002,0.000000
2025-12-16 18:17:09.411,-0.000762,-0.002660,-0.005759,-0.000002,0.000002,0.000000
2025-12-16 18:17:09.412,-0.000636,-0.002709,-0.005610,-0.000002,0.000002,0.000000
2025-12-16 18:17:09.413,-0.000506,-0.002765,-0.005457,-0.000002,0.000002,-0.000000
2025-12-16 18:17:09.414,-0.000394,-0.002814,-0.005326,-0.000002,0.000002,-0.000000
2025-12-16 18:17:09.415,-0.000294,-0.002859,-0.005206,-0.000002,0.000002,-0.000000
2025-12-16 18:17:09.416,-0.000183,-0.002896,-0.005068,-0.000002,0.000001,-0.000000
2025-12-16 18:17:09.417,-0.000077,-0.002925,-0.004923,-0.000002,0.000001,-0.000000
2025-12-16 18:17:09.418,0.000024,-0.002952,-0.004777,-0.000002,0.000001,-0.000000
2025-12-16 18:17:09.420,0.000172,-0.002988,-0.004542,-0.000001,0.000001,-0.000000
2025-12-16 18:17:09.421,0.000224,-0.002991,-0.004442,-0.000002,0.000001,-0.000000
2025-12-16 18:17:09.422,0.000265,-0.002979,-0.004356,-0.000001,0.000001,-0.000000
2025-12-16 18:17:09.423,0.000296,-0.002949,-0.004267,-0.000001,0.000001,-0.000000
2025-12-16 18:17:09.424,0.000318,-0.002917,-0.004191,-0.000001,0.000001,-0.000000
2025-12-16 18:17:09.425,0.000342,-0.002881,-0.004112,-0.000001,0.000001,-0.000000
2025-12-16 18:17:09.426,0.000360,-0.002847,-0.004031,-0.000001,0.000001,-0.000000
2025-12-16 18:17:09.427,0.000376,-0.002811,-0.003947,-0.000001,0.000001,-0.000000
2025-12-16 18:17:09.428,0.000387,-0.002772,-0.003869,-0.000001,0.000001,-0.000000
2025-12-16 18:17:09.430,0.000383,-0.002705,-0.003803,-0.000001,0.000001,-0.000000
2025-12-16 18:17:09.431,0.000364,-0.002620,-0.003748,-0.000001,0.000001,-0.000000
2025-12-16 18:17:09.432,0.000316,-0.002437,-0.003668,-0.000001,0.000001,-0.000000
2025-12-16 18:17:09.433,0.000293,-0.002356,-0.003625,-0.000001,0.000001,-0.000000
2025-12-16 18:17:09.434,0.000268,-0.002270,-0.003578,-0.000001,0.000001,-0.000000
2025-12-16 18:17:09.435,0.000245,-0.002185,-0.003534,-0.000001,0.000001,-0.000000
2025-12-16 18:17:09.436,0.000228,-0.002114,-0.003498,-0.000001,0.000001,-0.000000
2025-12-16 18:17:09.437,0.000209,-0.002044,-0.003481,-0.000001,0.000001,-0.000000
2025-12-16 18:17:09.438,0.000192,-0.001968,-0.003477,-0.000001,0.000001,-0.000000
2025-12-16 18:17:09.440,0.000178,-0.001902,-0.003478,-0.000001,0.000001,-0.000000
2025-12-16 18:17:09.441,0.000169,-0.001755,-0.003338,-0.000001,0.000001,-0.000000
2025-12-16 18:17:09.442,0.000182,-0.001745,-0.003333,-0.000001,0.000001,-0.000000
2025-12-16 18:17:09.443,0.000198,-0.001747,-0.003342,-0.000001,0.000001,-0.000000
2025-12-16 18:17:09.444,0.000217,-0.001753,-0.003360,-0.000001,0.000001,-0.000000
2025-12-16 18:17:09.445,0.000239,-0.001761,-0.003385,-0.000001,0.000001,-0.000000
2025-12-16 18:17:09.446,0.000249,-0.001712,-0.003302,-0.000001,0.000001,-0.000000
2025-12-16 18:17:09.447,0.000275,-0.001718,-0.003308,-0.000001,0.000001,-0.000000
2025-12-16 18:17:09.448,0.000305,-0.001752,-0.003365,-0.000001,0.000001,-0.000000
2025-12-16 18:17:09.450,0.000331,-0.001792,-0.003432,-0.000001,0.000001,-0.000000
2025-12-16 18:17:09.451,0.000385,-0.001900,-0.003577,-0.000001,0.000001,-0.000000
2025-12-16 18:17:09.452,0.000410,-0.001958,-0.003668,-0.000001,0.000001,-0.000000
2025-12-16 18:17:09.453,0.000430,-0.002006,-0.003747,-0.000001,0.000001,-0.000000
2025-12-16 18:17:09.454,0.000440,-0.002042,-0.003837,-0.000001,0.000001,-0.000000
2025-12-16 18:17:09.455,0.000440,-0.002068,-0.003932,-0.000001,0.000001,-0.000000
2025-12-16 18:17:09.456,0.000422,-0.002083,-0.004039,-0.000001,0.000001,-0.000000
2025-12-16 18:17:09.458,0.000391,-0.002088,-0.004146,-0.000001,0.000001,-0.000000
2025-12-16 18:17:09.459,0.000324,-0.002023,-0.004169,-0.000001,0.000001,-0.000000
2025-12-16 18:17:09.460,0.000280,-0.001993,-0.004224,-0.000001,0.000001,-0.000000
2025-12-16 18:17:09.461,0.000232,-0.001973,-0.004327,-0.000001,0.000001,-0.000000
2025-12-16 18:17:09.462,0.000160,-0.001937,-0.004463,-0.000001,0.000001,-0.000000
2025-12-16 18:17:09.463,0.000092,-0.001901,-0.004591,-0.000002,0.000001,-0.000000
2025-12-16 18:17:09.464,0.000027,-0.001862,-0.004706,-0.000002,0.000001,-0.000000
2025-12-16 18:17:09.465,-0.000046,-0.001804,-0.004813,-0.000002,0.000001,0.000000
2025-12-16 18:17:09.466,-0.000117,-0.001742,-0.004910,-0.000002,0.000002,0.000000
2025-12-16 18:17:09.468,-0.000239,-0.001633,-0.005046,-0.000002,0.000002,0.000000
2025-12-16 18:17:09.469,-0.000298,-0.001582,-0.005092,-0.000002,0.000002,0.000000
2025-12-16 18:17:09.470,-0.000353,-0.001531,-0.005137,-0.000002,0.000002,0.000000
2025-12-16 18:17:09.471,-0.000399,-0.001488,-0.005174,-0.000002,0.000002,0.000000
2025-12-16 18:17:09.473,-0.000431,-0.001448,-0.005198,-0.000002,0.000002,0.000000
2025-12-16 18:17:09.474,-0.000453,-0.001416,-0.005213,-0.000002,0.000002,0.000000
2025-12-16 18:17:09.475,-0.000449,-0.001413,-0.005171,-0.000002,0.000002,0.000000
2025-12-16 18:17:09.476,-0.000431,-0.001436,-0.005110,-0.000002,0.000002,0.000000
2025-12-16 18:17:09.477,-0.000414,-0.001460,-0.005050,-0.000002,0.000002,0.000000
2025-12-16 18:17:09.478,-0.000385,-0.001497,-0.004991,-0.000002,0.000002,0.000000
2025-12-16 18:17:09.479,-0.000356,-0.001535,-0.004933,-0.000002,0.000002,0.000000
2025-12-16 18:17:09.480,-0.000329,-0.001571,-0.004879,-0.000002,0.000002,0.000000
2025-12-16 18:17:09.481,-0.000306,-0.001600,-0.004834,-0.000002,0.000002,0.000000
2025-12-16 18:17:09.483,-0.000290,-0.001631,-0.004776,-0.000002,0.000002,0.000000
2025-12-16 18:17:09.484,-0.000275,-0.001696,-0.004638,-0.000002,0.000001,0.000000
2025-12-16 18:17:09.485,-0.000280,-0.001722,-0.004568,-0.000002,0.000001,-0.000000
2025-12-16 18:17:09.486,-0.000296,-0.001735,-0.004510,-0.000002,0.000001,-0.000000
2025-12-16 18:17:09.487,-0.000316,-0.001737,-0.004468,-0.000002,0.000001,-0.000000
2025-12-16 18:17:09.488,-0.000335,-0.001735,-0.004438,-0.000002,0.000001,0.000000
2025-12-16 18:17:09.489,-0.000372,-0.001712,-0.004406,-0.000002,0.000001,0.000000
2025-12-16 18:17:09.490,-0.000411,-0.001685,-0.004379,-0.000002,0.000001,0.000000
2025-12-16 18:17:09.492,-0.000552,-0.001564,-0.004302,-0.000001,0.000001,0.000000
2025-12-16 18:17:09.493,-0.000645,-0.001476,-0.004268,-0.000001,0.000002,0.000000
2025-12-16 18:17:09.494,-0.000744,-0.001374,-0.004247,-0.000001,0.000002,0.000000
2025-12-16 18:17:09.495,-0.000831,-0.001282,-0.004236,-0.000001,0.000002,0.000000
2025-12-16 18:17:09.496,-0.000934,-0.001164,-0.004235,-0.000001,0.000002,0.000000
2025-12-16 18:17:09.497,-0.001028,-0.001054,-0.004238,-0.000001,0.000002,0.000000
2025-12-16 18:17:09.498,-0.001119,-0.000941,-0.004241,-0.000001,0.000002,0.000000
2025-12-16 18:17:09.499,-0.001201,-0.000833,-0.004236,-0.000001,0.000002,0.000001
2025-12-16 18:17:09.501,-0.001337,-0.000613,-0.004197,-0.000001,0.000002,0.000001
2025-12-16 18:17:09.502,-0.001389,-0.000513,-0.004170,-0.000001,0.000002,0.000001
2025-12-16 18:17:09.503,-0.001430,-0.000420,-0.004146,-0.000001,0.000002,0.000001
2025-12-16 18:17:09.504,-0.001463,-0.000322,-0.004128,-0.000001,0.000002,0.000001
2025-12-16 18:17:09.505,-0.001489,-0.000233,-0.004114,-0.000001,0.000002,0.000001
2025-12-16 18:17:09.506,-0.001509,-0.000160,-0.004103,-0.000001,0.000002,0.000001
2025-12-16 18:17:09.507,-0.001500,-0.000110,-0.004069,-0.000001,0.000002,0.000001
2025-12-16 18:17:09.509,-0.001474,-0.000078,-0.004027,-0.000001,0.000002,0.000001
2025-12-16 18:17:09.512,-0.001267,-0.000118,-0.003852,-0.000001,0.000002,0.000001
2025-12-16 18:17:09.513,-0.001199,-0.000164,-0.003810,-0.000001,0.000002,0.000001
2025-12-16 18:17:09.514,-0.001130,-0.000218,-0.003769,-0.000001,0.000002,0.000001
2025-12-16 18:17:09.515,-0.001046,-0.000301,-0.003707,-0.000001,0.000002,0.000001
2025-12-16 18:17:09.516,-0.000959,-0.000391,-0.003643,-0.000001,0.000002,0.000000
2025-12-16 18:17:09.517,-0.000877,-0.000489,-0.003579,-0.000001,0.000001,0.000000
2025-12-16 18:17:09.518,-0.000810,-0.000575,-0.003525,-0.000001,0.000001,0.000000
2025-12-16 18:17:09.520,-0.000748,-0.000672,-0.003479,-0.000001,0.000001,0.000000
2025-12-16 18:17:09.521,-0.000664,-0.000842,-0.003437,-0.000001,0.000001,0.000000
2025-12-16 18:17:09.523,-0.000623,-0.000966,-0.003431,-0.000001,0.000001,0.000000
2025-12-16 18:17:09.524,-0.000613,-0.001021,-0.003434,-0.000001,0.000001,0.000000
2025-12-16 18:17:09.526,-0.000620,-0.001070,-0.003441,-0.000001,0.000001,0.000000
2025-12-16 18:17:09.527,-0.000665,-0.001137,-0.003464,-0.000001,0.000001,0.000000
2025-12-16 18:17:09.528,-0.000698,-0.001154,-0.003479,-0.000001,0.000001,0.000000
2025-12-16 18:17:09.529,-0.000732,-0.001161,-0.003500,-0.000001,0.000001,0.000000
2025-12-16 18:17:09.530,-0.000776,-0.001155,-0.003524,-0.000001,0.000001,0.000000
2025-12-16 18:17:09.531,-0.000832,-0.001136,-0.003553,-0.000001,0.000001,0.000000
2025-12-16 18:17:09.533,-0.000940,-0.001083,-0.003599,-0.000001,0.000001,0.000000
2025-12-16 18:17:09.534,-0.000992,-0.001044,-0.003630,-0.000001,0.000002,0.000000
2025-12-16 18:17:09.535,-0.001038,-0.001000,-0.003665,-0.000001,0.000002,0.000000
2025-12-16 18:17:09.536,-0.001074,-0.000961,-0.003697,-0.000001,0.000002,0.000000
2025-12-16 18:17:09.539,-0.001149,-0.000840,-0.003802,-0.000001,0.000002,0.000001
2025-12-16 18:17:09.540,-0.001146,-0.000817,-0.003816,-0.000001,0.000002,0.000001
2025-12-16 18:17:09.541,-0.001138,-0.000803,-0.003822,-0.000001,0.000002,0.000001
2025-12-16 18:17:09.542,-0.001116,-0.000807,-0.003817,-0.000001,0.000002,0.000001
2025-12-16 18:17:09.545,-0.000964,-0.000867,-0.003755,-0.000001,0.000002,0.000000
2025-12-16 18:17:09.547,-0.000803,-0.000957,-0.003689,-0.000001,0.000001,0.000000
2025-12-16 18:17:09.548,-0.000693,-0.001032,-0.003631,-0.000001,0.000001,0.000000
2025-12-16 18:17:09.549,-0.000575,-0.001117,-0.003569,-0.000001,0.000001,0.000000
2025-12-16 18:17:09.550,-0.000452,-0.001213,-0.003507,-0.000001,0.000001,0.000000
2025-12-16 18:17:09.552,-0.000340,-0.001304,-0.003448,-0.000001,0.000001,0.000000
2025-12-16 18:17:09.553,-0.000140,-0.001474,-0.003351,-0.000001,0.000001,0.000000
2025-12-16 18:17:09.555,0.000010,-0.001605,-0.003282,-0.000001,0.000001,-0.000000
2025-12-16 18:17:09.557,0.000136,-0.001722,-0.003195,-0.000001,0.000001,-0.000000
2025-12-16 18:17:09.558,0.000177,-0.001762,-0.003151,-0.000001,0.000001,-0.000000
2025-12-16 18:17:09.559,0.000207,-0.001790,-0.003114,-0.000001,0.000001,-0.000000
2025-12-16 18:17:09.561,0.000208,-0.001786,-0.003073,-0.000001,0.000001,-0.000000
2025-12-16 18:17:09.562,0.000168,-0.001736,-0.003069,-0.000001,0.000001,-0.000000
2025-12-16 18:17:09.563,0.000115,-0.001668,-0.003063,-0.000001,0.000001,-0.000000
2025-12-16 18:17:09.564,0.000066,-0.001603,-0.003057,-0.000001,0.000001,-0.000000
2025-12-16 18:17:09.567,-0.000157,-0.001301,-0.003005,-0.000001,0.000001,0.000000
2025-12-16 18:17:09.570,-0.000414,-0.000902,-0.002991,-0.000001,0.000001,0.000000
2025-12-16 18:17:09.572,-0.000557,-0.000627,-0.002983,-0.000001,0.000001,0.000000
2025-12-16 18:17:09.573,-0.000615,-0.000501,-0.002960,-0.000001,0.000001,0.000000
2025-12-16 18:17:09.574,-0.000660,-0.000398,-0.002935,-0.000001,0.000001,0.000000
2025-12-16 18:17:09.575,-0.000689,-0.000312,-0.002905,-0.000001,0.000001,0.000000
2025-12-16 18:17:09.576,-0.000703,-0.000232,-0.002867,-0.000001,0.000001,0.000000
2025-12-16 18:17:09.577,-0.000709,-0.000167,-0.002833,-0.000001,0.000001,0.000000
2025-12-16 18:17:09.581,-0.000551,-0.000064,-0.002676,-0.000001,0.000001,0.000000
2025-12-16 18:17:09.582,-0.000452,-0.000111,-0.002603,-0.000001,0.000001,0.000000
2025-12-16 18:17:09.583,-0.000352,-0.000169,-0.002531,-0.000001,0.000001,0.000000
2025-12-16 18:17:09.584,-0.000255,-0.000236,-0.002469,-0.000001,0.000001,0.000000
2025-12-16 18:17:09.585,-0.000176,-0.000281,-0.002348,-0.000001,0.000001,0.000000
2025-12-16 18:17:09.587,-0.000082,-0.000354,-0.002291,-0.000001,0.000001,0.000000
2025-12-16 18:17:09.588,0.000092,-0.000531,-0.002268,-0.000001,0.000001,0.000000
2025-12-16 18:17:09.589,0.000168,-0.000631,-0.002265,-0.000001,0.000001,-0.000000
2025-12-16 18:17:09.590,0.000234,-0.000736,-0.002261,-0.000001,0.000001,-0.000000
2025-12-16 18:17:09.593,0.000354,-0.000983,-0.002297,-0.000001,0.000001,-0.000000
2025-12-16 18:17:09.594,0.000360,-0.001051,-0.002341,-0.000001,0.000001,-0.000000
2025-12-16 18:17:09.595,0.000366,-0.001119,-0.002385,-0.000001,0.000001,-0.000000
2025-12-16 18:17:09.596,0.000324,-0.001156,-0.002436,-0.000001,0.000001,-0.000000
2025-12-16 18:17:09.598,0.000279,-0.001182,-0.002476,-0.000001,0.000001,-0.000000
2025-12-16 18:17:09.599,0.000224,-0.001195,-0.002510,-0.000001,0.000001,-0.000000
2025-12-16 18:17:09.600,0.000095,-0.001185,-0.002581,-0.000001,0.000001,-0.000000
2025-12-16 18:17:09.602,-0.000000,-0.001152,-0.002638,-0.000001,0.000001,-0.000000
2025-12-16 18:17:09.603,-0.000207,-0.001067,-0.002772,-0.000001,0.000001,0.000000
2025-12-16 18:17:09.604,-0.000306,-0.001019,-0.002838,-0.000001,0.000001,0.000000
2025-12-16 18:17:09.605,-0.000405,-0.000964,-0.002901,-0.000001,0.000001,0.000000
2025-12-16 18:17:09.606,-0.000497,-0.000911,-0.002959,-0.000001,0.000001,0.000000
2025-12-16 18:17:09.607,-0.000573,-0.000866,-0.003007,-0.000001,0.000001,0.000000
2025-12-16 18:17:09.608,-0.000637,-0.000829,-0.003045,-0.000001,0.000001,0.000000
2025-12-16 18:17:09.609,-0.000686,-0.000800,-0.003073,-0.000001,0.000001,0.000000
2025-12-16 18:17:09.610,-0.000735,-0.000774,-0.003099,-0.000001,0.000001,0.000000
2025-12-16 18:17:09.611,-0.000777,-0.000755,-0.003125,-0.000001,0.000001,0.000000
2025-12-16 18:17:09.613,-0.000810,-0.000741,-0.003146,-0.000001,0.000001,0.000000
2025-12-16 18:17:09.614,-0.000842,-0.000738,-0.003161,-0.000001,0.000001,0.000000
2025-12-16 18:17:09.615,-0.000833,-0.000757,-0.003150,-0.000001,0.000001,0.000000
2025-12-16 18:17:09.616,-0.000817,-0.000779,-0.003135,-0.000001,0.000001,0.000000
2025-12-16 18:17:09.617,-0.000794,-0.000811,-0.003125,-0.000001,0.000001,0.000000
2025-12-16 18:17:09.618,-0.000756,-0.000860,-0.003112,-0.000001,0.000001,0.000000
2025-12-16 18:17:09.619,-0.000705,-0.000925,-0.003095,-0.000001,0.000001,0.000000
2025-12-16 18:17:09.620,-0.000647,-0.000998,-0.003078,-0.000001,0.000001,0.000000
2025-12-16 18:17:09.621,-0.000586,-0.001081,-0.003061,-0.000001,0.000001,0.000000
2025-12-16 18:17:09.623,-0.000532,-0.001156,-0.003046,-0.000001,0.000001,0.000000
2025-12-16 18:17:09.624,-0.000432,-0.001311,-0.003015,-0.000001,0.000001,0.000000
2025-12-16 18:17:09.625,-0.000388,-0.001393,-0.002999,-0.000001,0.000001,0.000000
2025-12-16 18:17:09.626,-0.000349,-0.001471,-0.002985,-0.000001,0.000001,0.000000
2025-12-16 18:17:09.627,-0.000312,-0.001548,-0.002976,-0.000001,0.000001,0.000000
2025-12-16 18:17:09.628,-0.000286,-0.001615,-0.002972,-0.000001,0.000001,-0.000000
2025-12-16 18:17:09.629,-0.000265,-0.001678,-0.002976,-0.000001,0.000001,-0.000000
2025-12-16 18:17:09.631,-0.000245,-0.001736,-0.002976,-0.000001,0.000001,-0.000000
2025-12-16 18:17:09.632,-0.000214,-0.001851,-0.002963,-0.000001,0.000001,-0.000000
2025-12-16 18:17:09.633,-0.000207,-0.001902,-0.002948,-0.000001,0.000001,-0.000000
2025-12-16 18:17:09.634,-0.000206,-0.001939,-0.002936,-0.000001,0.000001,-0.000000
2025-12-16 18:17:09.635,-0.000213,-0.001959,-0.002932,-0.000001,0.000001,-0.000000
2025-12-16 18:17:09.636,-0.000228,-0.001961,-0.002930,-0.000001,0.000001,-0.000000
2025-12-16 18:17:09.638,-0.000265,-0.001943,-0.002928,-0.000001,0.000001,-0.000000
2025-12-16 18:17:09.639,-0.000292,-0.001919,-0.002922,-0.000001,0.000001,-0.000000
2025-12-16 18:17:09.640,-0.000311,-0.001892,-0.002908,-0.000001,0.000001,-0.000000
2025-12-16 18:17:09.641,-0.000318,-0.001859,-0.002885,-0.000001,0.000001,-0.000000
2025-12-16 18:17:09.643,-0.000319,-0.001829,-0.002863,-0.000001,0.000001,-0.000000
2025-12-16 18:17:09.644,-0.000306,-0.001755,-0.002812,-0.000001,0.000001,-0.000000
2025-12-16 18:17:09.645,-0.000287,-0.001716,-0.002784,-0.000001,0.000001,-0.000000
2025-12-16 18:17:09.646,-0.000264,-0.001670,-0.002745,-0.000001,0.000001,-0.000000
2025-12-16 18:17:09.647,-0.000232,-0.001620,-0.002689,-0.000001,0.000001,-0.000000
2025-12-16 18:17:09.648,-0.000202,-0.001577,-0.002636,-0.000001,0.000001,-0.000000
2025-12-16 18:17:09.649,-0.000173,-0.001531,-0.002587,-0.000001,0.000001,-0.000000
2025-12-16 18:17:09.651,-0.000080,-0.001435,-0.002476,-0.000001,0.000001,-0.000000
2025-12-16 18:17:09.652,-0.000020,-0.001393,-0.002415,-0.000001,0.000001,-0.000000
2025-12-16 18:17:09.653,0.000035,-0.001360,-0.002361,-0.000001,0.000001,-0.000000
2025-12-16 18:17:09.654,0.000096,-0.001333,-0.002295,-0.000001,0.000001,-0.000000
2025-12-16 18:17:09.655,0.000159,-0.001315,-0.002231,-0.000001,0.000001,-0.000000
2025-12-16 18:17:09.657,0.000218,-0.001299,-0.002172,-0.000001,0.000001,-0.000000
2025-12-16 18:17:09.658,0.000312,-0.001282,-0.002070,-0.000001,0.000000,-0.000000
2025-12-16 18:17:09.659,0.000351,-0.001273,-0.002030,-0.000001,0.000000,-0.000000
2025-12-16 18:17:09.660,0.000375,-0.001251,-0.002002,-0.000001,0.000000,-0.000000
2025-12-16 18:17:09.661,0.000390,-0.001226,-0.001984,-0.000001,0.000000,-0.000000
2025-12-16 18:17:09.662,0.000385,-0.001194,-0.001987,-0.000001,0.000000,-0.000000
2025-12-16 18:17:09.663,0.000373,-0.001164,-0.001998,-0.000001,0.000000,-0.000000
2025-12-16 18:17:09.665,0.000351,-0.001129,-0.002012,-0.000001,0.000000,-0.000000
2025-12-16 18:17:09.666,0.000274,-0.001036,-0.002053,-0.000001,0.000000,-0.000000
2025-12-16 18:17:09.667,0.000221,-0.000980,-0.002080,-0.000001,0.000001,-0.000000
2025-12-16 18:17:09.668,0.000154,-0.000907,-0.002120,-0.000001,0.000001,-0.000000
2025-12-16 18:17:09.669,0.000079,-0.000826,-0.002164,-0.000001,0.000001,-0.000000
2025-12-16 18:17:09.670,0.000013,-0.000754,-0.002204,-0.000001,0.000001,0.000000
2025-12-16 18:17:09.671,-0.000071,-0.000658,-0.002250,-0.000001,0.000001,0.000000
2025-12-16 18:17:09.673,-0.000175,-0.000545,-0.002302,-0.000001,0.000001,0.000000
2025-12-16 18:17:09.674,-0.000371,-0.000340,-0.002397,-0.000001,0.000001,0.000000
2025-12-16 18:17:09.676,-0.000558,-0.000131,-0.002507,-0.000001,0.000001,0.000000
2025-12-16 18:17:09.678,-0.000644,-0.000014,-0.002571,-0.000001,0.000001,0.000000
2025-12-16 18:17:09.679,-0.000775,0.000199,-0.002676,-0.000001,0.000001,0.000001
2025-12-16 18:17:09.680,-0.000823,0.000290,-0.002712,-0.000001,0.000001,0.000001
2025-12-16 18:17:09.681,-0.000850,0.000361,-0.002728,-0.000001,0.000001,0.000001
2025-12-16 18:17:09.682,-0.000861,0.000419,-0.002736,-0.000001,0.000001,0.000001
2025-12-16 18:17:09.683,-0.000857,0.000465,-0.002742,-0.000001,0.000001,0.000001
2025-12-16 18:17:09.685,-0.000842,0.000500,-0.002754,-0.000001,0.000001,0.000001
2025-12-16 18:17:09.686,-0.000800,0.000541,-0.002775,-0.000001,0.000001,0.000001
2025-12-16 18:17:09.687,-0.000748,0.000522,-0.002762,-0.000001,0.000001,0.000001
2025-12-16 18:17:09.689,-0.000604,0.000413,-0.002692,-0.000001,0.000001,0.000001
2025-12-16 18:17:09.690,-0.000529,0.000342,-0.002652,-0.000001,0.000001,0.000000
2025-12-16 18:17:09.691,-0.000454,0.000272,-0.002613,-0.000001,0.000001,0.000000
2025-12-16 18:17:09.692,-0.000338,0.000138,-0.002580,-0.000001,0.000001,0.000000
2025-12-16 18:17:09.693,-0.000229,0.000006,-0.002550,-0.000001,0.000001,0.000000
2025-12-16 18:17:09.694,-0.000130,-0.000128,-0.002521,-0.000001,0.000001,0.000000
2025-12-16 18:17:09.696,-0.000050,-0.000243,-0.002495,-0.000001,0.000001,0.000000
2025-12-16 18:17:09.697,0.000085,-0.000478,-0.002434,-0.000001,0.000001,0.000000
2025-12-16 18:17:09.698,0.000143,-0.000623,-0.002409,-0.000001,0.000001,-0.000000
2025-12-16 18:17:09.699,0.000189,-0.000754,-0.002391,-0.000001,0.000001,-0.000000
2025-12-16 18:17:09.700,0.000219,-0.000889,-0.002381,-0.000001,0.000001,-0.000000
2025-12-16 18:17:09.701,0.000231,-0.001027,-0.002378,-0.000001,0.000001,-0.000000
2025-12-16 18:17:09.703,0.000219,-0.001289,-0.002373,-0.000001,0.000001,-0.000000
2025-12-16 18:17:09.704,0.000204,-0.001393,-0.002374,-0.000001,0.000001,-0.000000
2025-12-16 18:17:09.705,0.000169,-0.001485,-0.002382,-0.000001,0.000001,-0.000000
2025-12-16 18:17:09.706,0.000118,-0.001555,-0.002402,-0.000001,0.000001,-0.000000
2025-12-16 18:17:09.707,0.000056,-0.001612,-0.002431,-0.000001,0.000001,-0.000000
2025-12-16 18:17:09.709,-0.000016,-0.001654,-0.002468,-0.000001,0.000001,-0.000000
2025-12-16 18:17:09.710,-0.000174,-0.001706,-0.002541,-0.000001,0.000001,-0.000000
2025-12-16 18:17:09.711,-0.000250,-0.001726,-0.002568,-0.000001,0.000001,-0.000000
2025-12-16 18:17:09.712,-0.000314,-0.001742,-0.002588,-0.000001,0.000001,-0.000000
2025-12-16 18:17:09.713,-0.000380,-0.001742,-0.002611,-0.000001,0.000001,-0.000000
2025-12-16 18:17:09.715,-0.000439,-0.001730,-0.002643,-0.000001,0.000001,-0.000000
2025-12-16 18:17:09.717,-0.000536,-0.001694,-0.002701,-0.000001,0.000001,0.000000
2025-12-16 18:17:09.718,-0.000612,-0.001654,-0.002743,-0.000001,0.000001,0.000000
2025-12-16 18:17:09.720,-0.000639,-0.001623,-0.002764,-0.000001,0.000001,0.000000
2025-12-16 18:17:09.721,-0.000666,-0.001557,-0.002802,-0.000001,0.000001,0.000000
2025-12-16 18:17:09.722,-0.000667,-0.001521,-0.002822,-0.000001,0.000001,0.000000
2025-12-16 18:17:09.723,-0.000658,-0.001491,-0.002834,-0.000001,0.000001,0.000000
2025-12-16 18:17:09.724,-0.000648,-0.001468,-0.002841,-0.000001,0.000001,0.000000
2025-12-16 18:17:09.725,-0.000638,-0.001452,-0.002845,-0.000001,0.000001,0.000000
2025-12-16 18:17:09.726,-0.000608,-0.001444,-0.002850,-0.000001,0.000001,0.000000
2025-12-16 18:17:09.727,-0.000566,-0.001436,-0.002849,-0.000001,0.000001,0.000000
2025-12-16 18:17:09.728,-0.000523,-0.001429,-0.002847,-0.000001,0.000001,0.000000
2025-12-16 18:17:09.729,-0.000471,-0.001425,-0.002852,-0.000001,0.000001,0.000000
2025-12-16 18:17:09.731,-0.000417,-0.001426,-0.002859,-0.000001,0.000001,0.000000
2025-12-16 18:17:09.732,-0.000322,-0.001437,-0.002867,-0.000001,0.000001,0.000000
2025-12-16 18:17:09.733,-0.000287,-0.001446,-0.002867,-0.000001,0.000001,0.000000
2025-12-16 18:17:09.734,-0.000250,-0.001454,-0.002875,-0.000001,0.000001,0.000000
2025-12-16 18:17:09.735,-0.000218,-0.001460,-0.002883,-0.000001,0.000001,0.000000
2025-12-16 18:17:09.736,-0.000191,-0.001466,-0.002901,-0.000001,0.000001,-0.000000
2025-12-16 18:17:09.737,-0.000164,-0.001473,-0.002914,-0.000001,0.000001,-0.000000
2025-12-16 18:17:09.738,-0.000140,-0.001479,-0.002924,-0.000001,0.000001,-0.000000
2025-12-16 18:17:09.739,-0.000113,-0.001490,-0.002927,-0.000001,0.000001,-0.000000
2025-12-16 18:17:09.740,-0.000091,-0.001505,-0.002924,-0.000001,0.000001,-0.000000
2025-12-16 18:17:09.741,-0.000072,-0.001516,-0.002923,-0.000001,0.000001,-0.000000
2025-12-16 18:17:09.742,-0.000055,-0.001516,-0.002918,-0.000001,0.000001,-0.000000
2025-12-16 18:17:09.744,-0.000033,-0.001487,-0.002901,-0.000001,0.000001,-0.000000
2025-12-16 18:17:09.747,-0.000018,-0.001442,-0.002825,-0.000001,0.000001,-0.000000
2025-12-16 18:17:09.748,-0.000009,-0.001420,-0.002789,-0.000001,0.000001,-0.000000
2025-12-16 18:17:09.749,-0.000001,-0.001400,-0.002758,-0.000001,0.000001,-0.000000
2025-12-16 18:17:09.750,0.000009,-0.001377,-0.002729,-0.000001,0.000001,-0.000000
2025-12-16 18:17:09.751,0.000021,-0.001348,-0.002697,-0.000001,0.000001,-0.000000
2025-12-16 18:17:09.753,0.000037,-0.001318,-0.002660,-0.000001,0.000001,-0.000000
2025-12-16 18:17:09.754,0.000088,-0.001260,-0.002557,-0.000001,0.000001,-0.000000
2025-12-16 18:17:09.755,0.000122,-0.001232,-0.002488,-0.000001,0.000001,-0.000000
2025-12-16 18:17:09.756,0.000152,-0.001209,-0.002426,-0.000001,0.000001,-0.000000
2025-12-16 18:17:09.757,0.000186,-0.001185,-0.002367,-0.000001,0.000001,-0.000000
2025-12-16 18:17:09.759,0.000249,-0.001147,-0.002259,-0.000001,0.000001,-0.000000
2025-12-16 18:17:09.761,0.000278,-0.001131,-0.002205,-0.000001,0.000001,-0.000000
2025-12-16 18:17:09.762,0.000344,-0.001136,-0.002090,-0.000001,0.000000,-0.000000
2025-12-16 18:17:09.766,0.000460,-0.001191,-0.001929,-0.000001,0.000000,-0.000000
2025-12-16 18:17:09.767,0.000479,-0.001211,-0.001912,-0.000001,0.000000,-0.000000
2025-12-16 18:17:09.768,0.000489,-0.001234,-0.001899,-0.000001,0.000000,-0.000000
2025-12-16 18:17:09.770,0.000476,-0.001308,-0.001908,-0.000001,0.000000,-0.000000
2025-12-16 18:17:09.772,0.000438,-0.001383,-0.001955,-0.000001,0.000000,-0.000000
2025-12-16 18:17:09.773,0.000412,-0.001425,-0.001987,-0.000001,0.000000,-0.000000
2025-12-16 18:17:09.774,0.000388,-0.001463,-0.002018,-0.000001,0.000000,-0.000000
2025-12-16 18:17:09.776,0.000345,-0.001506,-0.002066,-0.000001,0.000000,-0.000000
2025-12-16 18:17:09.777,0.000258,-0.001579,-0.002164,-0.000001,0.000000,-0.000000
2025-12-16 18:17:09.778,0.000211,-0.001609,-0.002220,-0.000001,0.000001,-0.000000
2025-12-16 18:17:09.779,0.000154,-0.001632,-0.002288,-0.000001,0.000001,-0.000000
2025-12-16 18:17:09.781,0.000028,-0.001675,-0.002439,-0.000001,0.000001,-0.000000
2025-12-16 18:17:09.782,-0.000038,-0.001696,-0.002513,-0.000001,0.000001,-0.000000
2025-12-16 18:17:09.783,-0.000102,-0.001715,-0.002588,-0.000001,0.000001,-0.000000
2025-12-16 18:17:09.784,-0.000170,-0.001731,-0.002674,-0.000001,0.000001,-0.000000
2025-12-16 18:17:09.785,-0.000231,-0.001743,-0.002751,-0.000001,0.000001,-0.000000
2025-12-16 18:17:09.787,-0.000331,-0.001758,-0.002902,-0.000001,0.000001,-0.000000
2025-12-16 18:17:09.789,-0.000414,-0.001780,-0.003054,-0.000001,0.000001,0.000000
2025-12-16 18:17:09.790,-0.000443,-0.001792,-0.003123,-0.000001,0.000001,0.000000
2025-12-16 18:17:09.792,-0.000461,-0.001800,-0.003195,-0.000001,0.000001,0.000000
2025-12-16 18:17:09.793,-0.000487,-0.001810,-0.003340,-0.000001,0.000001,0.000000
2025-12-16 18:17:09.794,-0.000491,-0.001815,-0.003405,-0.000001,0.000001,0.000000
2025-12-16 18:17:09.795,-0.000492,-0.001818,-0.003459,-0.000001,0.000001,0.000000
2025-12-16 18:17:09.797,-0.000461,-0.001776,-0.003436,-0.000001,0.000001,0.000000
2025-12-16 18:17:09.799,-0.000423,-0.001795,-0.003493,-0.000001,0.000001,0.000000
2025-12-16 18:17:09.800,-0.000403,-0.001821,-0.003553,-0.000001,0.000001,0.000000
2025-12-16 18:17:09.801,-0.000384,-0.001843,-0.003615,-0.000001,0.000001,0.000000
2025-12-16 18:17:09.803,-0.000361,-0.001862,-0.003674,-0.000001,0.000001,0.000000
2025-12-16 18:17:09.804,-0.000327,-0.001899,-0.003773,-0.000001,0.000001,-0.000000
2025-12-16 18:17:09.805,-0.000319,-0.001916,-0.003823,-0.000001,0.000001,-0.000000
2025-12-16 18:17:09.806,-0.000317,-0.001927,-0.003876,-0.000001,0.000001,0.000000
2025-12-16 18:17:09.808,-0.000317,-0.001861,-0.003827,-0.000001,0.000001,0.000000
2025-12-16 18:17:09.810,-0.000338,-0.001861,-0.003897,-0.000001,0.000001,0.000000
2025-12-16 18:17:09.811,-0.000386,-0.001871,-0.004036,-0.000001,0.000001,0.000000
2025-12-16 18:17:09.812,-0.000417,-0.001868,-0.004095,-0.000001,0.000001,0.000000
2025-12-16 18:17:09.814,-0.000457,-0.001856,-0.004152,-0.000001,0.000001,0.000000
2025-12-16 18:17:09.815,-0.000537,-0.001816,-0.004248,-0.000001,0.000001,0.000000
2025-12-16 18:17:09.816,-0.000577,-0.001791,-0.004289,-0.000001,0.000001,0.000000
2025-12-16 18:17:09.817,-0.000613,-0.001762,-0.004326,-0.000001,0.000002,0.000000
2025-12-16 18:17:09.818,-0.000651,-0.001728,-0.004367,-0.000001,0.000002,0.000000
2025-12-16 18:17:09.820,-0.000728,-0.001643,-0.004437,-0.000002,0.000002,0.000000
2025-12-16 18:17:09.822,-0.000759,-0.001605,-0.004470,-0.000002,0.000002,0.000000
2025-12-16 18:17:09.823,-0.000824,-0.001518,-0.004528,-0.000001,0.000002,0.000000
2025-12-16 18:17:09.824,-0.000849,-0.001466,-0.004558,-0.000002,0.000002,0.000000
2025-12-16 18:17:09.825,-0.000871,-0.001412,-0.004583,-0.000002,0.000002,0.000000
2025-12-16 18:17:09.826,-0.000889,-0.001365,-0.004604,-0.000002,0.000002,0.000000
2025-12-16 18:17:09.827,-0.000899,-0.001319,-0.004626,-0.000002,0.000002,0.000000
2025-12-16 18:17:09.829,-0.000906,-0.001281,-0.004645,-0.000002,0.000002,0.000000
2025-12-16 18:17:09.830,-0.000906,-0.001221,-0.004681,-0.000002,0.000002,0.000000
2025-12-16 18:17:09.831,-0.000902,-0.001195,-0.004700,-0.000002,0.000002,0.000000
2025-12-16 18:17:09.832,-0.000895,-0.001170,-0.004718,-0.000002,0.000002,0.000000
2025-12-16 18:17:09.833,-0.000887,-0.001151,-0.004744,-0.000002,0.000002,0.000000
2025-12-16 18:17:09.836,-0.000837,-0.001132,-0.004808,-0.000002,0.000002,0.000000
2025-12-16 18:17:09.837,-0.000814,-0.001140,-0.004832,-0.000002,0.000002,0.000000
2025-12-16 18:17:09.838,-0.000793,-0.001148,-0.004854,-0.000002,0.000002,0.000000
2025-12-16 18:17:09.839,-0.000771,-0.001163,-0.004888,-0.000002,0.000002,0.000000
2025-12-16 18:17:09.840,-0.000755,-0.001180,-0.004925,-0.000002,0.000002,0.000000
2025-12-16 18:17:09.841,-0.000741,-0.001202,-0.004969,-0.000002,0.000002,0.000000
2025-12-16 18:17:09.842,-0.000735,-0.001225,-0.005016,-0.000002,0.000002,0.000000
2025-12-16 18:17:09.843,-0.000730,-0.001246,-0.005066,-0.000002,0.000002,0.000000
2025-12-16 18:17:09.844,-0.000705,-0.001224,-0.004948,-0.000002,0.000002,0.000000
2025-12-16 18:17:09.846,-0.000703,-0.001267,-0.005024,-0.000002,0.000002,0.000000
2025-12-16 18:17:09.847,-0.000720,-0.001288,-0.005138,-0.000002,0.000002,0.000000
2025-12-16 18:17:09.849,-0.000767,-0.001303,-0.005372,-0.000002,0.000002,0.000000
2025-12-16 18:17:09.850,-0.000803,-0.001298,-0.005487,-0.000002,0.000002,0.000000
2025-12-16 18:17:09.851,-0.000845,-0.001285,-0.005602,-0.000002,0.000002,0.000000
2025-12-16 18:17:09.852,-0.000891,-0.001268,-0.005717,-0.000002,0.000002,0.000000
2025-12-16 18:17:09.853,-0.000945,-0.001238,-0.005854,-0.000002,0.000002,0.000000
2025-12-16 18:17:09.855,-0.000994,-0.001208,-0.005978,-0.000002,0.000002,0.000000
2025-12-16 18:17:09.856,-0.001098,-0.001137,-0.006224,-0.000002,0.000002,0.000001
2025-12-16 18:17:09.857,-0.001144,-0.001096,-0.006329,-0.000002,0.000002,0.000001
2025-12-16 18:17:09.858,-0.001190,-0.001052,-0.006434,-0.000002,0.000002,0.000001
2025-12-16 18:17:09.859,-0.001233,-0.001008,-0.006536,-0.000002,0.000003,0.000001
2025-12-16 18:17:09.860,-0.001276,-0.000965,-0.006641,-0.000002,0.000003,0.000001
2025-12-16 18:17:09.861,-0.001321,-0.000916,-0.006750,-0.000002,0.000003,0.000001
2025-12-16 18:17:09.862,-0.001368,-0.000866,-0.006862,-0.000002,0.000003,0.000001
2025-12-16 18:17:09.864,-0.001415,-0.000810,-0.006999,-0.000003,0.000003,0.000001
2025-12-16 18:17:09.865,-0.001484,-0.000723,-0.007262,-0.000003,0.000003,0.000001
2025-12-16 18:17:09.866,-0.001506,-0.000693,-0.007385,-0.000003,0.000003,0.000001
2025-12-16 18:17:09.867,-0.001509,-0.000690,-0.007497,-0.000003,0.000003,0.000001
2025-12-16 18:17:09.868,-0.001490,-0.000713,-0.007595,-0.000003,0.000003,0.000001
2025-12-16 18:17:09.869,-0.001472,-0.000736,-0.007693,-0.000003,0.000003,0.000001
2025-12-16 18:17:09.871,-0.001453,-0.000760,-0.007791,-0.000003,0.000003,0.000001
2025-12-16 18:17:09.872,-0.001435,-0.000783,-0.007889,-0.000003,0.000003,0.000001
2025-12-16 18:17:09.873,-0.001297,-0.000945,-0.008018,-0.000003,0.000003,0.000001
2025-12-16 18:17:09.874,-0.001237,-0.001026,-0.008083,-0.000003,0.000003,0.000001
2025-12-16 18:17:09.875,-0.001181,-0.001108,-0.008145,-0.000003,0.000003,0.000001
2025-12-16 18:17:09.876,-0.001124,-0.001202,-0.008213,-0.000003,0.000003,0.000001
2025-12-16 18:17:09.877,-0.001065,-0.001304,-0.008282,-0.000003,0.000003,0.000001
2025-12-16 18:17:09.878,-0.001008,-0.001407,-0.008351,-0.000003,0.000003,0.000000
2025-12-16 18:17:09.880,-0.000950,-0.001513,-0.008420,-0.000003,0.000003,0.000000
2025-12-16 18:17:09.881,-0.000836,-0.001738,-0.008543,-0.000003,0.000003,0.000000
2025-12-16 18:17:09.882,-0.000782,-0.001850,-0.008600,-0.000003,0.000003,0.000000
2025-12-16 18:17:09.883,-0.000737,-0.001960,-0.008652,-0.000003,0.000003,0.000000
2025-12-16 18:17:09.884,-0.000703,-0.002056,-0.008706,-0.000003,0.000003,0.000000
2025-12-16 18:17:09.885,-0.000670,-0.002152,-0.008761,-0.000003,0.000003,0.000000
2025-12-16 18:17:09.887,-0.000637,-0.002247,-0.008815,-0.000003,0.000003,0.000000
2025-12-16 18:17:09.888,-0.000644,-0.002345,-0.008914,-0.000003,0.000003,0.000000
2025-12-16 18:17:09.889,-0.000629,-0.002302,-0.008671,-0.000003,0.000003,0.000000
2025-12-16 18:17:09.890,-0.000641,-0.002318,-0.008658,-0.000003,0.000003,0.000000
2025-12-16 18:17:09.891,-0.000671,-0.002361,-0.008737,-0.000003,0.000003,0.000000
2025-12-16 18:17:09.892,-0.000704,-0.002408,-0.008839,-0.000003,0.000003,0.000000
2025-12-16 18:17:09.893,-0.000746,-0.002450,-0.008940,-0.000003,0.000003,0.000000
2025-12-16 18:17:09.894,-0.000786,-0.002484,-0.009025,-0.000003,0.000003,0.000000
2025-12-16 18:17:09.897,-0.000914,-0.002513,-0.009214,-0.000003,0.000003,0.000000
2025-12-16 18:17:09.898,-0.000961,-0.002503,-0.009263,-0.000004,0.000003,0.000000
2025-12-16 18:17:09.900,-0.001065,-0.002464,-0.009337,-0.000003,0.000003,0.000000
2025-12-16 18:17:09.901,-0.001114,-0.002439,-0.009367,-0.000004,0.000003,0.000000
2025-12-16 18:17:09.902,-0.001161,-0.002417,-0.009388,-0.000004,0.000003,0.000000
2025-12-16 18:17:09.903,-0.001202,-0.002399,-0.009397,-0.000004,0.000003,0.000000
2025-12-16 18:17:09.905,-0.001269,-0.002377,-0.009404,-0.000004,0.000003,0.000000
2025-12-16 18:17:09.906,-0.001291,-0.002371,-0.009404,-0.000004,0.000003,0.000000
2025-12-16 18:17:09.907,-0.001311,-0.002368,-0.009405,-0.000004,0.000003,0.000000
2025-12-16 18:17:09.908,-0.001327,-0.002366,-0.009406,-0.000004,0.000003,0.000000
2025-12-16 18:17:09.909,-0.001343,-0.002366,-0.009407,-0.000004,0.000003,0.000000
2025-12-16 18:17:09.910,-0.001358,-0.002372,-0.009408,-0.000004,0.000003,0.000000
2025-12-16 18:17:09.912,-0.001375,-0.002381,-0.009411,-0.000004,0.000003,0.000000
2025-12-16 18:17:09.913,-0.001383,-0.002428,-0.009422,-0.000004,0.000003,0.000000
2025-12-16 18:17:09.914,-0.001376,-0.002463,-0.009424,-0.000004,0.000003,0.000000
2025-12-16 18:17:09.915,-0.001368,-0.002497,-0.009424,-0.000004,0.000003,0.000000
2025-12-16 18:17:09.916,-0.001359,-0.002535,-0.009430,-0.000004,0.000003,0.000000
2025-12-16 18:17:09.917,-0.001343,-0.002580,-0.009437,-0.000004,0.000003,0.000000
2025-12-16 18:17:09.919,-0.001328,-0.002636,-0.009447,-0.000004,0.000003,0.000000
2025-12-16 18:17:09.920,-0.001314,-0.002735,-0.009481,-0.000004,0.000003,0.000000
2025-12-16 18:17:09.921,-0.001312,-0.002776,-0.009506,-0.000004,0.000003,0.000000
2025-12-16 18:17:09.922,-0.001305,-0.002814,-0.009533,-0.000004,0.000003,0.000000
2025-12-16 18:17:09.923,-0.001304,-0.002849,-0.009569,-0.000004,0.000003,0.000000
2025-12-16 18:17:09.924,-0.001304,-0.002882,-0.009604,-0.000004,0.000003,0.000000
2025-12-16 18:17:09.925,-0.001305,-0.002915,-0.009635,-0.000004,0.000003,0.000000
2025-12-16 18:17:09.927,-0.001307,-0.002948,-0.009665,-0.000004,0.000003,0.000000
2025-12-16 18:17:09.928,-0.001304,-0.003014,-0.009722,-0.000004,0.000003,0.000000
2025-12-16 18:17:09.929,-0.001303,-0.003044,-0.009752,-0.000004,0.000003,0.000000
2025-12-16 18:17:09.930,-0.001302,-0.003067,-0.009777,-0.000004,0.000003,0.000000
2025-12-16 18:17:09.931,-0.001303,-0.003087,-0.009805,-0.000004,0.000003,0.000000
2025-12-16 18:17:09.932,-0.001303,-0.003100,-0.009838,-0.000004,0.000003,0.000000
2025-12-16 18:17:09.933,-0.001311,-0.003106,-0.009873,-0.000004,0.000003,0.000000
2025-12-16 18:17:09.934,-0.001319,-0.003108,-0.009903,-0.000004,0.000003,0.000000
2025-12-16 18:17:09.936,-0.001335,-0.003100,-0.009969,-0.000004,0.000003,0.000000
2025-12-16 18:17:09.937,-0.001341,-0.003090,-0.010002,-0.000004,0.000004,0.000000
2025-12-16 18:17:09.938,-0.001341,-0.003083,-0.010034,-0.000004,0.000004,0.000000
2025-12-16 18:17:09.939,-0.001338,-0.003078,-0.010060,-0.000004,0.000004,0.000000
2025-12-16 18:17:09.940,-0.001330,-0.003073,-0.010077,-0.000004,0.000003,0.000000
2025-12-16 18:17:09.941,-0.001316,-0.003071,-0.010087,-0.000004,0.000003,0.000000
2025-12-16 18:17:09.942,-0.001304,-0.003068,-0.010096,-0.000004,0.000004,0.000000
2025-12-16 18:17:09.944,-0.001290,-0.003062,-0.010100,-0.000004,0.000004,0.000000
2025-12-16 18:17:09.945,-0.001260,-0.003047,-0.010119,-0.000004,0.000004,0.000000
2025-12-16 18:17:09.946,-0.001248,-0.003038,-0.010130,-0.000004,0.000004,0.000000
2025-12-16 18:17:09.947,-0.001239,-0.003032,-0.010144,-0.000004,0.000004,0.000000
2025-12-16 18:17:09.948,-0.001232,-0.003023,-0.010160,-0.000004,0.000004,0.000000
2025-12-16 18:17:09.949,-0.001223,-0.003014,-0.010176,-0.000004,0.000003,0.000000
2025-12-16 18:17:09.951,-0.001215,-0.003007,-0.010194,-0.000004,0.000004,0.000000
2025-12-16 18:17:09.952,-0.001204,-0.002995,-0.010232,-0.000004,0.000004,0.000000
2025-12-16 18:17:09.953,-0.001197,-0.002993,-0.010247,-0.000004,0.000004,0.000000
2025-12-16 18:17:09.954,-0.001191,-0.002993,-0.010264,-0.000004,0.000004,0.000000
2025-12-16 18:17:09.955,-0.001192,-0.002987,-0.010284,-0.000004,0.000004,0.000000
2025-12-16 18:17:09.956,-0.001192,-0.002980,-0.010307,-0.000004,0.000004,0.000000
2025-12-16 18:17:09.958,-0.001198,-0.002972,-0.010333,-0.000004,0.000004,0.000000
2025-12-16 18:17:09.959,-0.001228,-0.002936,-0.010391,-0.000004,0.000004,0.000000
2025-12-16 18:17:09.960,-0.001240,-0.002921,-0.010422,-0.000004,0.000004,0.000000
2025-12-16 18:17:09.961,-0.001254,-0.002909,-0.010456,-0.000004,0.000004,0.000000
2025-12-16 18:17:09.962,-0.001270,-0.002893,-0.010500,-0.000004,0.000004,0.000000
2025-12-16 18:17:09.963,-0.001284,-0.002879,-0.010541,-0.000004,0.000004,0.000000
2025-12-16 18:17:09.965,-0.001300,-0.002857,-0.010619,-0.000004,0.000004,0.000000
2025-12-16 18:17:09.966,-0.001306,-0.002845,-0.010660,-0.000004,0.000004,0.000000
2025-12-16 18:17:09.968,-0.001319,-0.002821,-0.010742,-0.000004,0.000004,0.000000
2025-12-16 18:17:09.969,-0.001328,-0.002799,-0.010789,-0.000004,0.000004,0.000000
2025-12-16 18:17:09.970,-0.001332,-0.002783,-0.010829,-0.000004,0.000004,0.000000
2025-12-16 18:17:09.971,-0.001337,-0.002766,-0.010875,-0.000004,0.000004,0.000000
2025-12-16 18:17:09.972,-0.001337,-0.002752,-0.010922,-0.000004,0.000004,0.000000
2025-12-16 18:17:09.973,-0.001334,-0.002741,-0.010967,-0.000004,0.000004,0.000000
2025-12-16 18:17:09.975,-0.001324,-0.002734,-0.011017,-0.000004,0.000004,0.000001
2025-12-16 18:17:09.976,-0.001302,-0.002724,-0.011102,-0.000004,0.000004,0.000001
2025-12-16 18:17:09.977,-0.001294,-0.002718,-0.011138,-0.000004,0.000004,0.000001
2025-12-16 18:17:09.978,-0.001285,-0.002711,-0.011183,-0.000005,0.000004,0.000001
2025-12-16 18:17:09.979,-0.001279,-0.002702,-0.011228,-0.000004,0.000004,0.000001
2025-12-16 18:17:09.981,-0.001269,-0.002693,-0.011272,-0.000005,0.000004,0.000000
2025-12-16 18:17:09.982,-0.001250,-0.002675,-0.011347,-0.000005,0.000004,0.000001
2025-12-16 18:17:09.983,-0.001243,-0.002667,-0.011378,-0.000004,0.000004,0.000001
2025-12-16 18:17:09.984,-0.001238,-0.002661,-0.011407,-0.000005,0.000004,0.000001
2025-12-16 18:17:09.985,-0.001234,-0.002657,-0.011431,-0.000005,0.000004,0.000001
2025-12-16 18:17:09.986,-0.001231,-0.002649,-0.011452,-0.000005,0.000004,0.000001
2025-12-16 18:17:09.988,-0.001229,-0.002643,-0.011474,-0.000004,0.000004,0.000001
2025-12-16 18:17:09.989,-0.001220,-0.002629,-0.011514,-0.000005,0.000004,0.000001
2025-12-16 18:17:09.990,-0.001220,-0.002617,-0.011532,-0.000004,0.000004,0.000001
2025-12-16 18:17:09.991,-0.001222,-0.002606,-0.011547,-0.000005,0.000004,0.000001
2025-12-16 18:17:09.992,-0.001223,-0.002597,-0.011559,-0.000005,0.000004,0.000000
2025-12-16 18:17:09.993,-0.001227,-0.002586,-0.011570,-0.000005,0.000004,0.000001
2025-12-16 18:17:09.995,-0.001228,-0.002579,-0.011577,-0.000005,0.000004,0.000001
2025-12-16 18:17:09.996,-0.001226,-0.002576,-0.011582,-0.000004,0.000004,0.000000
2025-12-16 18:17:09.997,-0.001225,-0.002575,-0.011584,-0.000004,0.000004,0.000000
2025-12-16 18:17:09.999,-0.001217,-0.002582,-0.011576,-0.000005,0.000004,0.000000
2025-12-16 18:17:10.000,-0.001215,-0.002589,-0.011572,-0.000004,0.000004,0.000000
2025-12-16 18:17:10.001,-0.001219,-0.002596,-0.011567,-0.000004,0.000004,0.000000
2025-12-16 18:17:10.002,-0.001221,-0.002614,-0.011559,-0.000005,0.000004,0.000000
2025-12-16 18:17:10.003,-0.001222,-0.002633,-0.011552,-0.000005,0.000004,0.000000
2025-12-16 18:17:10.004,-0.001222,-0.002650,-0.011546,-0.000005,0.000004,0.000001
2025-12-16 18:17:10.007,-0.001214,-0.002701,-0.011541,-0.000005,0.000004,0.000000
2025-12-16 18:17:10.008,-0.001199,-0.002766,-0.011540,-0.000005,0.000004,0.000000
2025-12-16 18:17:10.009,-0.001185,-0.002811,-0.011535,-0.000004,0.000004,0.000000
2025-12-16 18:17:10.010,-0.001174,-0.002851,-0.011530,-0.000004,0.000004,0.000000
2025-12-16 18:17:10.011,-0.001161,-0.002891,-0.011526,-0.000004,0.000004,0.000000
2025-12-16 18:17:10.012,-0.001146,-0.002934,-0.011527,-0.000004,0.000004,0.000000
2025-12-16 18:17:10.013,-0.001132,-0.002972,-0.011530,-0.000004,0.000004,0.000000
2025-12-16 18:17:10.014,-0.001118,-0.003010,-0.011533,-0.000004,0.000004,0.000000
2025-12-16 18:17:10.015,-0.001102,-0.003051,-0.011540,-0.000004,0.000004,0.000000
2025-12-16 18:17:10.016,-0.001087,-0.003086,-0.011548,-0.000004,0.000004,0.000000
2025-12-16 18:17:10.019,-0.001063,-0.003163,-0.011557,-0.000004,0.000004,0.000000
2025-12-16 18:17:10.020,-0.001039,-0.003235,-0.011566,-0.000004,0.000004,0.000000
2025-12-16 18:17:10.023,-0.001016,-0.003312,-0.011598,-0.000004,0.000004,0.000000
2025-12-16 18:17:10.024,-0.001013,-0.003330,-0.011603,-0.000004,0.000004,0.000000
2025-12-16 18:17:10.027,-0.001033,-0.003360,-0.011628,-0.000004,0.000004,0.000000
2025-12-16 18:17:10.028,-0.001039,-0.003365,-0.011638,-0.000004,0.000004,0.000000
2025-12-16 18:17:10.033,-0.001112,-0.003343,-0.011643,-0.000004,0.000004,0.000000
2025-12-16 18:17:10.034,-0.001132,-0.003333,-0.011632,-0.000004,0.000004,0.000000
2025-12-16 18:17:10.036,-0.001158,-0.003320,-0.011614,-0.000004,0.000004,0.000000
2025-12-16 18:17:10.037,-0.001161,-0.003319,-0.011608,-0.000004,0.000004,0.000000
2025-12-16 18:17:10.039,-0.001174,-0.003301,-0.011581,-0.000004,0.000004,0.000000
2025-12-16 18:17:10.040,-0.001174,-0.003295,-0.011560,-0.000004,0.000004,0.000000
2025-12-16 18:17:10.041,-0.001166,-0.003291,-0.011542,-0.000004,0.000004,0.000000
2025-12-16 18:17:10.042,-0.001120,-0.003186,-0.011173,-0.000004,0.000004,0.000000
2025-12-16 18:17:10.045,-0.001073,-0.003178,-0.011146,-0.000004,0.000004,0.000000
2025-12-16 18:17:10.046,-0.001053,-0.003198,-0.011204,-0.000004,0.000004,0.000000
2025-12-16 18:17:10.047,-0.001032,-0.003216,-0.011250,-0.000004,0.000004,0.000000
2025-12-16 18:17:10.048,-0.001000,-0.003228,-0.011279,-0.000004,0.000004,0.000000
2025-12-16 18:17:10.049,-0.000959,-0.003239,-0.011298,-0.000004,0.000004,0.000000
2025-12-16 18:17:10.051,-0.000871,-0.003243,-0.011317,-0.000004,0.000004,0.000000
2025-12-16 18:17:10.052,-0.000837,-0.003239,-0.011325,-0.000004,0.000004,0.000000
2025-12-16 18:17:10.055,-0.000682,-0.003129,-0.010957,-0.000004,0.000004,0.000000
2025-12-16 18:17:10.056,-0.000640,-0.003148,-0.011035,-0.000004,0.000004,0.000000
2025-12-16 18:17:10.058,-0.000556,-0.003170,-0.011200,-0.000004,0.000004,0.000000
2025-12-16 18:17:10.059,-0.000509,-0.003181,-0.011265,-0.000004,0.000004,0.000000
2025-12-16 18:17:10.060,-0.000464,-0.003184,-0.011321,-0.000004,0.000003,-0.000000
2025-12-16 18:17:10.063,-0.000374,-0.003177,-0.011393,-0.000004,0.000004,0.000000
2025-12-16 18:17:10.064,-0.000291,-0.003155,-0.011452,-0.000004,0.000003,-0.000000
2025-12-16 18:17:10.065,-0.000246,-0.003137,-0.011481,-0.000004,0.000004,-0.000000
2025-12-16 18:17:10.066,-0.000205,-0.003120,-0.011505,-0.000004,0.000004,0.000000
2025-12-16 18:17:10.067,-0.000172,-0.003101,-0.011527,-0.000004,0.000004,0.000000
2025-12-16 18:17:10.068,-0.000142,-0.003084,-0.011546,-0.000004,0.000004,0.000000
2025-12-16 18:17:10.070,-0.000114,-0.003068,-0.011559,-0.000004,0.000003,-0.000000
2025-12-16 18:17:10.071,-0.000072,-0.003019,-0.011575,-0.000004,0.000004,-0.000000
2025-12-16 18:17:10.072,-0.000055,-0.002989,-0.011579,-0.000004,0.000004,-0.000000
2025-12-16 18:17:10.073,-0.000049,-0.002957,-0.011585,-0.000004,0.000004,-0.000000
2025-12-16 18:17:10.074,-0.000045,-0.002921,-0.011586,-0.000004,0.000004,-0.000000
2025-12-16 18:17:10.075,-0.000043,-0.002890,-0.011584,-0.000004,0.000004,-0.000000
2025-12-16 18:17:10.077,-0.000049,-0.002856,-0.011577,-0.000004,0.000003,-0.000000
2025-12-16 18:17:10.078,-0.000064,-0.002799,-0.011560,-0.000004,0.000004,-0.000000
2025-12-16 18:17:10.079,-0.000079,-0.002769,-0.011551,-0.000004,0.000004,-0.000000
2025-12-16 18:17:10.080,-0.000095,-0.002737,-0.011541,-0.000004,0.000004,0.000000
2025-12-16 18:17:10.081,-0.000114,-0.002705,-0.011530,-0.000004,0.000004,0.000000
2025-12-16 18:17:10.082,-0.000137,-0.002675,-0.011516,-0.000004,0.000004,0.000000
2025-12-16 18:17:10.084,-0.000158,-0.002643,-0.011498,-0.000004,0.000004,0.000000
2025-12-16 18:17:10.085,-0.000175,-0.002616,-0.011480,-0.000004,0.000004,-0.000000
2025-12-16 18:17:10.086,-0.000194,-0.002595,-0.011460,-0.000004,0.000004,0.000000
2025-12-16 18:17:10.087,-0.000219,-0.002572,-0.011439,-0.000004,0.000004,0.000000
2025-12-16 18:17:10.088,-0.000244,-0.002551,-0.011417,-0.000004,0.000004,0.000000
2025-12-16 18:17:10.089,-0.000272,-0.002534,-0.011391,-0.000004,0.000004,0.000000
2025-12-16 18:17:10.090,-0.000328,-0.002500,-0.011339,-0.000004,0.000004,0.000000
2025-12-16 18:17:10.092,-0.000367,-0.002485,-0.011292,-0.000004,0.000004,0.000000
2025-12-16 18:17:10.093,-0.000379,-0.002486,-0.011274,-0.000004,0.000004,0.000000
2025-12-16 18:17:10.094,-0.000394,-0.002487,-0.011258,-0.000004,0.000004,0.000000
2025-12-16 18:17:10.095,-0.000408,-0.002492,-0.011243,-0.000004,0.000004,0.000000
2025-12-16 18:17:10.097,-0.000422,-0.002513,-0.011208,-0.000004,0.000004,0.000000
2025-12-16 18:17:10.098,-0.000427,-0.002525,-0.011195,-0.000004,0.000004,0.000000
2025-12-16 18:17:10.099,-0.000431,-0.002545,-0.011184,-0.000004,0.000004,0.000000
2025-12-16 18:17:10.100,-0.000438,-0.002564,-0.011174,-0.000004,0.000004,0.000000
2025-12-16 18:17:10.101,-0.000446,-0.002585,-0.011163,-0.000004,0.000004,0.000000
2025-12-16 18:17:10.102,-0.000453,-0.002612,-0.011152,-0.000004,0.000004,0.000000
2025-12-16 18:17:10.103,-0.000458,-0.002636,-0.011142,-0.000004,0.000004,0.000000
2025-12-16 18:17:10.105,-0.000465,-0.002663,-0.011140,-0.000004,0.000004,0.000000
2025-12-16 18:17:10.106,-0.000473,-0.002685,-0.011136,-0.000004,0.000004,0.000000
2025-12-16 18:17:10.107,-0.000482,-0.002739,-0.011129,-0.000004,0.000004,0.000000
2025-12-16 18:17:10.108,-0.000489,-0.002765,-0.011129,-0.000004,0.000004,0.000000
2025-12-16 18:17:10.109,-0.000493,-0.002789,-0.011124,-0.000004,0.000004,0.000000
2025-12-16 18:17:10.110,-0.000493,-0.002817,-0.011124,-0.000004,0.000004,0.000000
2025-12-16 18:17:10.111,-0.000493,-0.002843,-0.011119,-0.000004,0.000004,0.000000
2025-12-16 18:17:10.112,-0.000495,-0.002864,-0.011118,-0.000004,0.000004,0.000000
2025-12-16 18:17:10.113,-0.000498,-0.002884,-0.011115,-0.000004,0.000004,0.000000
2025-12-16 18:17:10.114,-0.000501,-0.002904,-0.011104,-0.000004,0.000004,0.000000
2025-12-16 18:17:10.115,-0.000510,-0.002919,-0.011098,-0.000004,0.000004,0.000000
2025-12-16 18:17:10.117,-0.000521,-0.002933,-0.011086,-0.000004,0.000004,0.000000
2025-12-16 18:17:10.118,-0.000543,-0.002957,-0.011060,-0.000004,0.000004,0.000000
2025-12-16 18:17:10.119,-0.000558,-0.002970,-0.011046,-0.000004,0.000004,0.000000
2025-12-16 18:17:10.120,-0.000572,-0.002980,-0.011034,-0.000004,0.000004,0.000000
2025-12-16 18:17:10.121,-0.000582,-0.002986,-0.011021,-0.000004,0.000004,0.000000
2025-12-16 18:17:10.122,-0.000589,-0.002989,-0.011004,-0.000004,0.000003,0.000000
2025-12-16 18:17:10.123,-0.000594,-0.002995,-0.010987,-0.000004,0.000004,0.000000
2025-12-16 18:17:10.124,-0.000603,-0.002996,-0.010968,-0.000004,0.000004,0.000000
2025-12-16 18:17:10.126,-0.000609,-0.002998,-0.010945,-0.000004,0.000004,0.000000
2025-12-16 18:17:10.127,-0.000636,-0.002988,-0.010896,-0.000004,0.000003,0.000000
2025-12-16 18:17:10.128,-0.000653,-0.002981,-0.010874,-0.000004,0.000003,0.000000
2025-12-16 18:17:10.129,-0.000671,-0.002974,-0.010852,-0.000004,0.000003,0.000000
2025-12-16 18:17:10.130,-0.000686,-0.002967,-0.010828,-0.000004,0.000004,0.000000
2025-12-16 18:17:10.131,-0.000702,-0.002957,-0.010805,-0.000004,0.000003,0.000000
2025-12-16 18:17:10.132,-0.000718,-0.002946,-0.010780,-0.000004,0.000004,0.000000
2025-12-16 18:17:10.133,-0.000733,-0.002937,-0.010758,-0.000004,0.000003,0.000000
2025-12-16 18:17:10.135,-0.000741,-0.002933,-0.010734,-0.000004,0.000004,0.000000
2025-12-16 18:17:10.136,-0.000750,-0.002916,-0.010684,-0.000004,0.000003,0.000000
2025-12-16 18:17:10.137,-0.000754,-0.002904,-0.010663,-0.000004,0.000003,0.000000
2025-12-16 18:17:10.138,-0.000757,-0.002891,-0.010642,-0.000004,0.000004,0.000000
2025-12-16 18:17:10.139,-0.000756,-0.002877,-0.010612,-0.000004,0.000003,0.000000
2025-12-16 18:17:10.140,-0.000754,-0.002864,-0.010583,-0.000004,0.000003,0.000000
2025-12-16 18:17:10.141,-0.000751,-0.002852,-0.010555,-0.000004,0.000003,0.000000
2025-12-16 18:17:10.142,-0.000749,-0.002842,-0.010531,-0.000004,0.000003,0.000000
2025-12-16 18:17:10.144,-0.000745,-0.002814,-0.010477,-0.000004,0.000003,0.000000
2025-12-16 18:17:10.145,-0.000742,-0.002801,-0.010452,-0.000004,0.000003,0.000000
2025-12-16 18:17:10.146,-0.000740,-0.002790,-0.010431,-0.000004,0.000003,0.000000
2025-12-16 18:17:10.147,-0.000740,-0.002776,-0.010408,-0.000004,0.000003,0.000000
2025-12-16 18:17:10.148,-0.000736,-0.002765,-0.010383,-0.000004,0.000003,0.000000
2025-12-16 18:17:10.149,-0.000734,-0.002752,-0.010357,-0.000004,0.000003,0.000000
2025-12-16 18:17:10.151,-0.000735,-0.002727,-0.010294,-0.000004,0.000003,0.000000
2025-12-16 18:17:10.152,-0.000736,-0.002710,-0.010260,-0.000004,0.000003,0.000000
2025-12-16 18:17:10.153,-0.000738,-0.002691,-0.010212,-0.000004,0.000003,0.000000
2025-12-16 18:17:10.154,-0.000740,-0.002674,-0.010167,-0.000004,0.000003,0.000000
2025-12-16 18:17:10.155,-0.000744,-0.002659,-0.010120,-0.000004,0.000003,0.000000
2025-12-16 18:17:10.156,-0.000750,-0.002645,-0.010069,-0.000004,0.000003,0.000000
2025-12-16 18:17:10.157,-0.000757,-0.002630,-0.010011,-0.000004,0.000003,0.000000
2025-12-16 18:17:10.159,-0.000768,-0.002614,-0.009956,-0.000004,0.000003,0.000000
2025-12-16 18:17:10.160,-0.000792,-0.002573,-0.009846,-0.000004,0.000003,0.000000
2025-12-16 18:17:10.161,-0.000807,-0.002547,-0.009776,-0.000004,0.000003,0.000000
2025-12-16 18:17:10.162,-0.000822,-0.002523,-0.009711,-0.000004,0.000003,0.000000
2025-12-16 18:17:10.163,-0.000839,-0.002503,-0.009646,-0.000004,0.000003,0.000000
2025-12-16 18:17:10.164,-0.000853,-0.002483,-0.009579,-0.000004,0.000003,0.000000
2025-12-16 18:17:10.165,-0.000866,-0.002467,-0.009515,-0.000004,0.000003,0.000000
2025-12-16 18:17:10.167,-0.000900,-0.002433,-0.009378,-0.000004,0.000003,0.000000
2025-12-16 18:17:10.168,-0.000918,-0.002420,-0.009303,-0.000004,0.000003,0.000000
2025-12-16 18:17:10.169,-0.000937,-0.002408,-0.009229,-0.000003,0.000003,0.000000
2025-12-16 18:17:10.170,-0.000957,-0.002397,-0.009151,-0.000003,0.000003,0.000000
2025-12-16 18:17:10.171,-0.000974,-0.002385,-0.009076,-0.000003,0.000003,0.000000
2025-12-16 18:17:10.173,-0.001002,-0.002370,-0.008925,-0.000003,0.000003,0.000000
2025-12-16 18:17:10.174,-0.001014,-0.002366,-0.008864,-0.000003,0.000003,0.000000
2025-12-16 18:17:10.175,-0.001023,-0.002363,-0.008799,-0.000003,0.000003,0.000000
2025-12-16 18:17:10.176,-0.001032,-0.002360,-0.008734,-0.000003,0.000003,0.000000
2025-12-16 18:17:10.177,-0.001044,-0.002364,-0.008661,-0.000003,0.000003,0.000000
2025-12-16 18:17:10.178,-0.001056,-0.002373,-0.008589,-0.000003,0.000003,0.000000
2025-12-16 18:17:10.179,-0.001065,-0.002383,-0.008529,-0.000003,0.000003,0.000000
2025-12-16 18:17:10.180,-0.001074,-0.002394,-0.008474,-0.000003,0.000003,0.000000
2025-12-16 18:17:10.182,-0.001099,-0.002422,-0.008353,-0.000003,0.000003,0.000000
2025-12-16 18:17:10.183,-0.001114,-0.002435,-0.008296,-0.000003,0.000003,0.000000
2025-12-16 18:17:10.184,-0.001128,-0.002448,-0.008243,-0.000003,0.000003,0.000000
2025-12-16 18:17:10.185,-0.001138,-0.002462,-0.008188,-0.000003,0.000003,0.000000
2025-12-16 18:17:10.186,-0.001147,-0.002478,-0.008137,-0.000003,0.000003,0.000000
2025-12-16 18:17:10.188,-0.001153,-0.002491,-0.008091,-0.000003,0.000003,0.000000
2025-12-16 18:17:10.189,-0.001161,-0.002501,-0.008053,-0.000003,0.000003,0.000000
2025-12-16 18:17:10.190,-0.001171,-0.002508,-0.008014,-0.000003,0.000003,0.000000
2025-12-16 18:17:10.191,-0.001179,-0.002512,-0.007980,-0.000003,0.000003,0.000000
2025-12-16 18:17:10.192,-0.001182,-0.002518,-0.007936,-0.000003,0.000003,0.000000
2025-12-16 18:17:10.193,-0.001184,-0.002525,-0.007894,-0.000003,0.000003,0.000000
2025-12-16 18:17:10.195,-0.001183,-0.002529,-0.007855,-0.000003,0.000003,0.000000
2025-12-16 18:17:10.196,-0.001185,-0.002532,-0.007818,-0.000003,0.000003,0.000000
2025-12-16 18:17:10.197,-0.001184,-0.002537,-0.007785,-0.000003,0.000003,0.000000
2025-12-16 18:17:10.198,-0.001183,-0.002540,-0.007755,-0.000003,0.000003,0.000000
2025-12-16 18:17:10.199,-0.001178,-0.002552,-0.007663,-0.000003,0.000003,0.000000
2025-12-16 18:17:10.200,-0.001151,-0.002543,-0.007638,-0.000003,0.000003,0.000000
2025-12-16 18:17:10.202,-0.001106,-0.002532,-0.007583,-0.000003,0.000003,0.000000
2025-12-16 18:17:10.203,-0.001084,-0.002529,-0.007555,-0.000003,0.000003,0.000000
2025-12-16 18:17:10.204,-0.001056,-0.002531,-0.007521,-0.000003,0.000003,0.000000
2025-12-16 18:17:10.205,-0.001024,-0.002536,-0.007485,-0.000003,0.000003,0.000000
2025-12-16 18:17:10.206,-0.000991,-0.002543,-0.007447,-0.000003,0.000003,0.000000
2025-12-16 18:17:10.207,-0.000961,-0.002552,-0.007404,-0.000003,0.000003,0.000000
2025-12-16 18:17:10.209,-0.000896,-0.002580,-0.007310,-0.000003,0.000002,0.000000
2025-12-16 18:17:10.210,-0.000865,-0.002596,-0.007264,-0.000003,0.000002,0.000000
2025-12-16 18:17:10.211,-0.000836,-0.002611,-0.007219,-0.000003,0.000002,0.000000
2025-12-16 18:17:10.213,-0.000812,-0.002624,-0.007182,-0.000003,0.000002,0.000000
2025-12-16 18:17:10.214,-0.000778,-0.002652,-0.007108,-0.000003,0.000002,0.000000
2025-12-16 18:17:10.215,-0.000760,-0.002668,-0.007063,-0.000003,0.000002,0.000000
2025-12-16 18:17:10.216,-0.000740,-0.002689,-0.007008,-0.000003,0.000002,0.000000
2025-12-16 18:17:10.217,-0.000724,-0.002707,-0.006958,-0.000003,0.000002,0.000000
2025-12-16 18:17:10.219,-0.000695,-0.002751,-0.006828,-0.000002,0.000002,-0.000000
2025-12-16 18:17:10.220,-0.000684,-0.002768,-0.006760,-0.000002,0.000002,0.000000
2025-12-16 18:17:10.221,-0.000676,-0.002785,-0.006692,-0.000002,0.000002,0.000000
2025-12-16 18:17:10.222,-0.000670,-0.002799,-0.006636,-0.000002,0.000002,0.000000
2025-12-16 18:17:10.223,-0.000666,-0.002811,-0.006580,-0.000002,0.000002,-0.000000
2025-12-16 18:17:10.225,-0.000657,-0.002828,-0.006447,-0.000002,0.000002,-0.000000
2025-12-16 18:17:10.226,-0.000652,-0.002831,-0.006386,-0.000002,0.000002,-0.000000
2025-12-16 18:17:10.227,-0.000645,-0.002827,-0.006320,-0.000002,0.000002,-0.000000
2025-12-16 18:17:10.228,-0.000638,-0.002822,-0.006263,-0.000002,0.000002,-0.000000
2025-12-16 18:17:10.229,-0.000629,-0.002818,-0.006207,-0.000002,0.000002,-0.000000
2025-12-16 18:17:10.230,-0.000617,-0.002812,-0.006147,-0.000002,0.000002,0.000000
2025-12-16 18:17:10.231,-0.000607,-0.002799,-0.006084,-0.000002,0.000002,-0.000000
2025-12-16 18:17:10.233,-0.000588,-0.002771,-0.005980,-0.000002,0.000002,0.000000
2025-12-16 18:17:10.234,-0.000576,-0.002755,-0.005926,-0.000002,0.000002,0.000000
2025-12-16 18:17:10.235,-0.000560,-0.002739,-0.005876,-0.000002,0.000002,0.000000
2025-12-16 18:17:10.236,-0.000539,-0.002720,-0.005820,-0.000002,0.000002,0.000000
2025-12-16 18:17:10.237,-0.000519,-0.002703,-0.005769,-0.000002,0.000002,0.000000
2025-12-16 18:17:10.238,-0.000498,-0.002687,-0.005722,-0.000002,0.000002,0.000000
2025-12-16 18:17:10.239,-0.000469,-0.002666,-0.005663,-0.000002,0.000002,0.000000
2025-12-16 18:17:10.240,-0.000440,-0.002645,-0.005606,-0.000002,0.000002,-0.000000
2025-12-16 18:17:10.242,-0.000393,-0.002602,-0.005518,-0.000002,0.000002,-0.000000
2025-12-16 18:17:10.244,-0.000359,-0.002565,-0.005431,-0.000002,0.000002,-0.000000
2025-12-16 18:17:10.245,-0.000347,-0.002550,-0.005392,-0.000002,0.000002,-0.000000
2025-12-16 18:17:10.247,-0.000333,-0.002517,-0.005324,-0.000002,0.000002,0.000000
2025-12-16 18:17:10.248,-0.000328,-0.002503,-0.005295,-0.000002,0.000002,-0.000000
2025-12-16 18:17:10.249,-0.000330,-0.002488,-0.005269,-0.000002,0.000002,-0.000000
2025-12-16 18:17:10.250,-0.000333,-0.002474,-0.005244,-0.000002,0.000002,-0.000000
2025-12-16 18:17:10.251,-0.000335,-0.002462,-0.005218,-0.000002,0.000002,-0.000000
2025-12-16 18:17:10.252,-0.000342,-0.002448,-0.005193,-0.000002,0.000002,-0.000000
2025-12-16 18:17:10.254,-0.000349,-0.002434,-0.005167,-0.000002,0.000002,-0.000000
2025-12-16 18:17:10.255,-0.000379,-0.002398,-0.005126,-0.000002,0.000002,-0.000000
2025-12-16 18:17:10.256,-0.000399,-0.002379,-0.005102,-0.000002,0.000002,0.000000
2025-12-16 18:17:10.258,-0.000417,-0.002362,-0.005081,-0.000002,0.000002,0.000000
2025-12-16 18:17:10.259,-0.000449,-0.002328,-0.005041,-0.000002,0.000002,0.000000
2025-12-16 18:17:10.260,-0.000468,-0.002312,-0.005020,-0.000002,0.000002,0.000000
2025-12-16 18:17:10.263,-0.000512,-0.002262,-0.004965,-0.000002,0.000002,0.000000
2025-12-16 18:17:10.264,-0.000522,-0.002243,-0.004948,-0.000002,0.000002,0.000000
2025-12-16 18:17:10.265,-0.000525,-0.002226,-0.004930,-0.000002,0.000002,0.000000
2025-12-16 18:17:10.266,-0.000524,-0.002212,-0.004911,-0.000002,0.000002,0.000000
2025-12-16 18:17:10.267,-0.000522,-0.002199,-0.004891,-0.000002,0.000002,0.000000
2025-12-16 18:17:10.269,-0.000504,-0.002167,-0.004859,-0.000002,0.000002,0.000000
2025-12-16 18:17:10.270,-0.000494,-0.002154,-0.004844,-0.000002,0.000002,0.000000
2025-12-16 18:17:10.271,-0.000483,-0.002142,-0.004833,-0.000002,0.000002,0.000000
2025-12-16 18:17:10.272,-0.000465,-0.002133,-0.004810,-0.000002,0.000002,0.000000
2025-12-16 18:17:10.273,-0.000447,-0.002125,-0.004787,-0.000002,0.000002,0.000000
2025-12-16 18:17:10.274,-0.000432,-0.002120,-0.004768,-0.000002,0.000002,0.000000
2025-12-16 18:17:10.275,-0.000410,-0.002117,-0.004749,-0.000002,0.000002,0.000000
2025-12-16 18:17:10.276,-0.000383,-0.002112,-0.004725,-0.000002,0.000002,0.000000
2025-12-16 18:17:10.277,-0.000353,-0.002109,-0.004698,-0.000002,0.000001,-0.000000
2025-12-16 18:17:10.279,-0.000326,-0.002107,-0.004674,-0.000002,0.000001,-0.000000
2025-12-16 18:17:10.280,-0.000268,-0.002106,-0.004621,-0.000002,0.000001,-0.000000
2025-12-16 18:17:10.281,-0.000240,-0.002106,-0.004591,-0.000002,0.000001,-0.000000
2025-12-16 18:17:10.283,-0.000216,-0.002107,-0.004563,-0.000002,0.000001,-0.000000
2025-12-16 18:17:10.284,-0.000178,-0.002108,-0.004502,-0.000002,0.000001,-0.000000
2025-12-16 18:17:10.285,-0.000167,-0.002106,-0.004480,-0.000002,0.000001,-0.000000
2025-12-16 18:17:10.289,-0.000152,-0.002081,-0.004371,-0.000002,0.000001,-0.000000
2025-12-16 18:17:10.290,-0.000154,-0.002068,-0.004335,-0.000002,0.000001,-0.000000
2025-12-16 18:17:10.291,-0.000157,-0.002057,-0.004301,-0.000002,0.000001,-0.000000
2025-12-16 18:17:10.292,-0.000161,-0.002042,-0.004267,-0.000001,0.000001,-0.000000
2025-12-16 18:17:10.293,-0.000171,-0.002020,-0.004232,-0.000001,0.000001,-0.000000
2025-12-16 18:17:10.294,-0.000181,-0.001998,-0.004203,-0.000002,0.000001,-0.000000
2025-12-16 18:17:10.296,-0.000197,-0.001948,-0.004129,-0.000001,0.000001,-0.000000
2025-12-16 18:17:10.297,-0.000207,-0.001925,-0.004097,-0.000001,0.000001,-0.000000
2025-12-16 18:17:10.298,-0.000214,-0.001893,-0.004054,-0.000001,0.000001,-0.000000
2025-12-16 18:17:10.300,-0.000224,-0.001823,-0.003969,-0.000001,0.000001,-0.000000
2025-12-16 18:17:10.301,-0.000234,-0.001788,-0.003931,-0.000001,0.000001,-0.000000
2025-12-16 18:17:10.302,-0.000246,-0.001754,-0.003899,-0.000001,0.000001,-0.000000
2025-12-16 18:17:10.303,-0.000261,-0.001709,-0.003862,-0.000001,0.000001,0.000000
2025-12-16 18:17:10.304,-0.000269,-0.001665,-0.003822,-0.000001,0.000001,0.000000
2025-12-16 18:17:10.305,-0.000278,-0.001620,-0.003788,-0.000001,0.000001,0.000000
2025-12-16 18:17:10.306,-0.000286,-0.001576,-0.003754,-0.000001,0.000001,0.000000
2025-12-16 18:17:10.307,-0.000292,-0.001536,-0.003716,-0.000001,0.000001,0.000000
2025-12-16 18:17:10.308,-0.000297,-0.001500,-0.003682,-0.000001,0.000001,0.000000
2025-12-16 18:17:10.309,-0.000303,-0.001466,-0.003651,-0.000001,0.000001,0.000000
2025-12-16 18:17:10.311,-0.000308,-0.001438,-0.003627,-0.000001,0.000001,0.000000
2025-12-16 18:17:10.312,-0.000313,-0.001410,-0.003602,-0.000001,0.000001,0.000000
2025-12-16 18:17:10.313,-0.000318,-0.001383,-0.003579,-0.000001,0.000001,0.000000
2025-12-16 18:17:10.314,-0.000335,-0.001301,-0.003509,-0.000001,0.000001,0.000000
2025-12-16 18:17:10.315,-0.000344,-0.001279,-0.003481,-0.000001,0.000001,0.000000
2025-12-16 18:17:10.316,-0.000355,-0.001254,-0.003457,-0.000001,0.000001,0.000000
2025-12-16 18:17:10.317,-0.000368,-0.001231,-0.003432,-0.000001,0.000001,0.000000
2025-12-16 18:17:10.318,-0.000378,-0.001212,-0.003407,-0.000001,0.000001,0.000000
2025-12-16 18:17:10.319,-0.000392,-0.001194,-0.003386,-0.000001,0.000001,0.000000
2025-12-16 18:17:10.320,-0.000407,-0.001174,-0.003368,-0.000001,0.000001,0.000000
2025-12-16 18:17:10.321,-0.000419,-0.001157,-0.003354,-0.000001,0.000001,0.000000
2025-12-16 18:17:10.322,-0.000428,-0.001142,-0.003335,-0.000001,0.000001,0.000000
2025-12-16 18:17:10.327,-0.000468,-0.001086,-0.003240,-0.000001,0.000001,0.000000
2025-12-16 18:17:10.328,-0.000477,-0.001072,-0.003219,-0.000001,0.000001,0.000000
2025-12-16 18:17:10.330,-0.000490,-0.001056,-0.003199,-0.000001,0.000001,0.000000
2025-12-16 18:17:10.331,-0.000513,-0.001020,-0.003156,-0.000001,0.000001,0.000000
2025-12-16 18:17:10.332,-0.000519,-0.001002,-0.003127,-0.000001,0.000001,0.000000
2025-12-16 18:17:10.333,-0.000524,-0.000983,-0.003097,-0.000001,0.000001,0.000000
2025-12-16 18:17:10.339,-0.000548,-0.000840,-0.002900,-0.000001,0.000001,0.000000
2025-12-16 18:17:10.340,-0.000552,-0.000813,-0.002867,-0.000001,0.000001,0.000000
2025-12-16 18:17:10.342,-0.000559,-0.000763,-0.002798,-0.000001,0.000001,0.000000
2025-12-16 18:17:10.343,-0.000567,-0.000737,-0.002767,-0.000001,0.000001,0.000000
2025-12-16 18:17:10.345,-0.000574,-0.000715,-0.002740,-0.000001,0.000001,0.000000
2025-12-16 18:17:10.349,-0.000621,-0.000610,-0.002633,-0.000001,0.000001,0.000000
2025-12-16 18:17:10.350,-0.000631,-0.000596,-0.002613,-0.000001,0.000001,0.000000
2025-12-16 18:17:10.352,-0.000646,-0.000582,-0.002598,-0.000001,0.000001,0.000000
2025-12-16 18:17:10.353,-0.000673,-0.000562,-0.002573,-0.000001,0.000001,0.000000
2025-12-16 18:17:10.357,-0.000705,-0.000543,-0.002528,-0.000001,0.000001,0.000000
2025-12-16 18:17:10.358,-0.000709,-0.000545,-0.002518,-0.000001,0.000001,0.000000
2025-12-16 18:17:10.361,-0.000703,-0.000555,-0.002494,-0.000001,0.000001,0.000000
2025-12-16 18:17:10.362,-0.000696,-0.000564,-0.002485,-0.000001,0.000001,0.000000
2025-12-16 18:17:10.365,-0.000667,-0.000596,-0.002456,-0.000001,0.000001,0.000000
2025-12-16 18:17:10.366,-0.000653,-0.000607,-0.002444,-0.000001,0.000001,0.000000
2025-12-16 18:17:10.367,-0.000639,-0.000617,-0.002427,-0.000001,0.000001,0.000000
2025-12-16 18:17:10.369,-0.000609,-0.000635,-0.002393,-0.000001,0.000001,0.000000
2025-12-16 18:17:10.370,-0.000590,-0.000642,-0.002378,-0.000001,0.000001,0.000000
2025-12-16 18:17:10.374,-0.000511,-0.000657,-0.002310,-0.000001,0.000001,0.000000
2025-12-16 18:17:10.376,-0.000492,-0.000655,-0.002298,-0.000001,0.000001,0.000000
2025-12-16 18:17:10.377,-0.000466,-0.000642,-0.002281,-0.000001,0.000001,0.000000
2025-12-16 18:17:10.378,-0.000457,-0.000634,-0.002273,-0.000001,0.000001,0.000000
2025-12-16 18:17:10.379,-0.000447,-0.000622,-0.002262,-0.000001,0.000001,0.000000
2025-12-16 18:17:10.380,-0.000439,-0.000610,-0.002250,-0.000001,0.000001,0.000000
2025-12-16 18:17:10.382,-0.000433,-0.000599,-0.002241,-0.000001,0.000001,0.000000
2025-12-16 18:17:10.383,-0.000427,-0.000577,-0.002235,-0.000001,0.000001,0.000000
2025-12-16 18:17:10.384,-0.000422,-0.000566,-0.002230,-0.000001,0.000001,0.000000
2025-12-16 18:17:10.385,-0.000419,-0.000554,-0.002227,-0.000001,0.000001,0.000000
2025-12-16 18:17:10.386,-0.000419,-0.000543,-0.002226,-0.000001,0.000001,0.000000
2025-12-16 18:17:10.387,-0.000415,-0.000534,-0.002227,-0.000001,0.000001,0.000000
2025-12-16 18:17:10.388,-0.000409,-0.000522,-0.002232,-0.000001,0.000001,0.000000
2025-12-16 18:17:10.391,-0.000392,-0.000495,-0.002248,-0.000001,0.000001,0.000000
2025-12-16 18:17:10.393,-0.000383,-0.000483,-0.002263,-0.000001,0.000001,0.000000
2025-12-16 18:17:10.394,-0.000382,-0.000477,-0.002273,-0.000001,0.000001,0.000000
2025-12-16 18:17:10.395,-0.000382,-0.000472,-0.002283,-0.000001,0.000001,0.000000
2025-12-16 18:17:10.396,-0.000381,-0.000473,-0.002292,-0.000001,0.000001,0.000000
2025-12-16 18:17:10.398,-0.000372,-0.000474,-0.002311,-0.000001,0.000001,0.000000
2025-12-16 18:17:10.399,-0.000368,-0.000476,-0.002322,-0.000001,0.000001,0.000000
2025-12-16 18:17:10.401,-0.000365,-0.000479,-0.002332,-0.000001,0.000001,0.000000
2025-12-16 18:17:10.405,-0.000374,-0.000474,-0.002355,-0.000001,0.000001,0.000000
2025-12-16 18:17:10.406,-0.000379,-0.000474,-0.002358,-0.000001,0.000001,0.000000
2025-12-16 18:17:10.407,-0.000385,-0.000469,-0.002358,-0.000001,0.000001,0.000000
2025-12-16 18:17:10.408,-0.000393,-0.000464,-0.002356,-0.000001,0.000001,0.000000
2025-12-16 18:17:10.409,-0.000407,-0.000457,-0.002354,-0.000001,0.000001,0.000000
2025-12-16 18:17:10.410,-0.000436,-0.000443,-0.002350,-0.000001,0.000001,0.000000
2025-12-16 18:17:10.411,-0.000450,-0.000436,-0.002348,-0.000001,0.000001,0.000000
2025-12-16 18:17:10.413,-0.000466,-0.000428,-0.002340,-0.000001,0.000001,0.000000
2025-12-16 18:17:10.414,-0.000493,-0.000419,-0.002330,-0.000001,0.000001,0.000000
2025-12-16 18:17:10.415,-0.000501,-0.000416,-0.002326,-0.000001,0.000001,0.000000
2025-12-16 18:17:10.417,-0.000513,-0.000410,-0.002307,-0.000001,0.000001,0.000000
2025-12-16 18:17:10.418,-0.000513,-0.000410,-0.002293,-0.000001,0.000001,0.000000
2025-12-16 18:17:10.419,-0.000511,-0.000411,-0.002281,-0.000001,0.000001,0.000000
2025-12-16 18:17:10.420,-0.000508,-0.000413,-0.002272,-0.000001,0.000001,0.000000
2025-12-16 18:17:10.421,-0.000502,-0.000417,-0.002258,-0.000001,0.000001,0.000000
2025-12-16 18:17:10.423,-0.000487,-0.000424,-0.002235,-0.000001,0.000001,0.000000
2025-12-16 18:17:10.425,-0.000469,-0.000429,-0.002217,-0.000001,0.000001,0.000000
2025-12-16 18:17:10.427,-0.000460,-0.000433,-0.002206,-0.000001,0.000001,0.000000
2025-12-16 18:17:10.428,-0.000441,-0.000440,-0.002201,-0.000001,0.000001,0.000000
2025-12-16 18:17:10.429,-0.000432,-0.000445,-0.002200,-0.000001,0.000001,0.000000
2025-12-16 18:17:10.430,-0.000427,-0.000452,-0.002197,-0.000001,0.000001,0.000000
2025-12-16 18:17:10.431,-0.000422,-0.000460,-0.002188,-0.000001,0.000001,0.000000
2025-12-16 18:17:10.432,-0.000420,-0.000466,-0.002184,-0.000001,0.000001,0.000000
2025-12-16 18:17:10.434,-0.000420,-0.000469,-0.002183,-0.000001,0.000001,0.000000
2025-12-16 18:17:10.435,-0.000420,-0.000470,-0.002173,-0.000001,0.000001,0.000000
2025-12-16 18:17:10.436,-0.000422,-0.000466,-0.002171,-0.000001,0.000001,0.000000
2025-12-16 18:17:10.437,-0.000427,-0.000458,-0.002173,-0.000001,0.000001,0.000000
2025-12-16 18:17:10.438,-0.000433,-0.000449,-0.002175,-0.000001,0.000001,0.000000
2025-12-16 18:17:10.439,-0.000439,-0.000438,-0.002180,-0.000001,0.000001,0.000000
2025-12-16 18:17:10.440,-0.000446,-0.000428,-0.002185,-0.000001,0.000001,0.000000
2025-12-16 18:17:10.441,-0.000455,-0.000413,-0.002194,-0.000001,0.000001,0.000000
2025-12-16 18:17:10.442,-0.000465,-0.000398,-0.002202,-0.000001,0.000001,0.000000
2025-12-16 18:17:10.443,-0.000477,-0.000377,-0.002210,-0.000001,0.000001,0.000000
2025-12-16 18:17:10.445,-0.000497,-0.000334,-0.002226,-0.000001,0.000001,0.000000
2025-12-16 18:17:10.446,-0.000508,-0.000309,-0.002238,-0.000001,0.000001,0.000000
2025-12-16 18:17:10.447,-0.000513,-0.000286,-0.002251,-0.000001,0.000001,0.000000
2025-12-16 18:17:10.448,-0.000518,-0.000264,-0.002263,-0.000001,0.000001,0.000000
2025-12-16 18:17:10.449,-0.000522,-0.000237,-0.002276,-0.000001,0.000001,0.000000
2025-12-16 18:17:10.451,-0.000524,-0.000209,-0.002294,-0.000001,0.000001,0.000000
2025-12-16 18:17:10.452,-0.000524,-0.000160,-0.002320,-0.000001,0.000001,0.000000
2025-12-16 18:17:10.453,-0.000521,-0.000134,-0.002330,-0.000001,0.000001,0.000000
2025-12-16 18:17:10.454,-0.000517,-0.000111,-0.002337,-0.000001,0.000001,0.000000
2025-12-16 18:17:10.455,-0.000518,-0.000088,-0.002351,-0.000001,0.000001,0.000000
2025-12-16 18:17:10.456,-0.000522,-0.000067,-0.002365,-0.000001,0.000001,0.000000
2025-12-16 18:17:10.457,-0.000526,-0.000051,-0.002377,-0.000001,0.000001,0.000000
2025-12-16 18:17:10.459,-0.000537,-0.000024,-0.002391,-0.000001,0.000001,0.000000
2025-12-16 18:17:10.460,-0.000564,0.000029,-0.002416,-0.000001,0.000001,0.000000
2025-12-16 18:17:10.461,-0.000578,0.000054,-0.002433,-0.000001,0.000001,0.000000
2025-12-16 18:17:10.462,-0.000593,0.000078,-0.002451,-0.000001,0.000001,0.000000
2025-12-16 18:17:10.463,-0.000609,0.000100,-0.002474,-0.000001,0.000001,0.000000
2025-12-16 18:17:10.464,-0.000623,0.000127,-0.002496,-0.000001,0.000001,0.000000
2025-12-16 18:17:10.466,-0.000645,0.000152,-0.002518,-0.000001,0.000001,0.000000
2025-12-16 18:17:10.467,-0.000688,0.000197,-0.002557,-0.000001,0.000001,0.000000
2025-12-16 18:17:10.468,-0.000712,0.000219,-0.002574,-0.000001,0.000001,0.000000
2025-12-16 18:17:10.469,-0.000736,0.000242,-0.002590,-0.000001,0.000001,0.000001
2025-12-16 18:17:10.470,-0.000758,0.000261,-0.002608,-0.000001,0.000001,0.000001
2025-12-16 18:17:10.471,-0.000784,0.000277,-0.002623,-0.000001,0.000001,0.000001
2025-12-16 18:17:10.475,-0.000881,0.000332,-0.002682,-0.000001,0.000001,0.000001
2025-12-16 18:17:10.476,-0.000899,0.000343,-0.002694,-0.000001,0.000001,0.000001
2025-12-16 18:17:10.477,-0.000918,0.000350,-0.002706,-0.000001,0.000001,0.000001
2025-12-16 18:17:10.478,-0.000936,0.000359,-0.002719,-0.000001,0.000001,0.000001
2025-12-16 18:17:10.480,-0.000975,0.000374,-0.002745,-0.000001,0.000001,0.000001
2025-12-16 18:17:10.481,-0.000988,0.000378,-0.002750,-0.000001,0.000001,0.000001
2025-12-16 18:17:10.482,-0.000997,0.000379,-0.002757,-0.000001,0.000001,0.000001
2025-12-16 18:17:10.483,-0.001008,0.000378,-0.002762,-0.000001,0.000001,0.000001
2025-12-16 18:17:10.484,-0.001018,0.000377,-0.002766,-0.000001,0.000001,0.000001
2025-12-16 18:17:10.485,-0.001020,0.000372,-0.002772,-0.000001,0.000001,0.000001
2025-12-16 18:17:10.486,-0.001018,0.000367,-0.002774,-0.000001,0.000001,0.000001
2025-12-16 18:17:10.488,-0.001012,0.000353,-0.002767,-0.000001,0.000001,0.000001
2025-12-16 18:17:10.489,-0.001009,0.000341,-0.002759,-0.000001,0.000001,0.000001
2025-12-16 18:17:10.490,-0.001006,0.000331,-0.002752,-0.000001,0.000001,0.000001
2025-12-16 18:17:10.491,-0.001002,0.000320,-0.002744,-0.000001,0.000001,0.000001
2025-12-16 18:17:10.492,-0.000999,0.000307,-0.002745,-0.000001,0.000001,0.000001
2025-12-16 18:17:10.493,-0.000998,0.000292,-0.002747,-0.000001,0.000001,0.000001
2025-12-16 18:17:10.495,-0.000998,0.000279,-0.002748,-0.000001,0.000001,0.000001
2025-12-16 18:17:10.496,-0.000999,0.000267,-0.002749,-0.000001,0.000001,0.000001
2025-12-16 18:17:10.497,-0.001001,0.000255,-0.002746,-0.000001,0.000001,0.000001
2025-12-16 18:17:10.498,-0.001003,0.000243,-0.002743,-0.000001,0.000001,0.000001
2025-12-16 18:17:10.499,-0.001005,0.000225,-0.002738,-0.000001,0.000001,0.000001
2025-12-16 18:17:10.500,-0.001006,0.000208,-0.002733,-0.000001,0.000001,0.000001
2025-12-16 18:17:10.502,-0.001030,0.000165,-0.002751,-0.000001,0.000001,0.000001
2025-12-16 18:17:10.503,-0.001038,0.000151,-0.002757,-0.000001,0.000001,0.000001
2025-12-16 18:17:10.504,-0.001057,0.000143,-0.002758,-0.000001,0.000001,0.000001
2025-12-16 18:17:10.505,-0.001078,0.000138,-0.002762,-0.000001,0.000001,0.000001
2025-12-16 18:17:10.506,-0.001098,0.000136,-0.002766,-0.000001,0.000001,0.000001
2025-12-16 18:17:10.507,-0.001115,0.000133,-0.002774,-0.000001,0.000001,0.000001
2025-12-16 18:17:10.508,-0.001128,0.000130,-0.002786,-0.000001,0.000001,0.000001
2025-12-16 18:17:10.509,-0.001138,0.000127,-0.002798,-0.000001,0.000001,0.000001
2025-12-16 18:17:10.511,-0.001145,0.000127,-0.002816,-0.000001,0.000001,0.000001
2025-12-16 18:17:10.512,-0.001153,0.000132,-0.002849,-0.000001,0.000001,0.000001
2025-12-16 18:17:10.513,-0.001157,0.000140,-0.002870,-0.000001,0.000001,0.000001
2025-12-16 18:17:10.514,-0.001160,0.000150,-0.002891,-0.000001,0.000001,0.000001
2025-12-16 18:17:10.515,-0.001162,0.000162,-0.002915,-0.000001,0.000001,0.000001
2025-12-16 18:17:10.516,-0.001164,0.000172,-0.002938,-0.000001,0.000001,0.000001
2025-12-16 18:17:10.517,-0.001166,0.000188,-0.002967,-0.000001,0.000001,0.000001
2025-12-16 18:17:10.518,-0.001169,0.000203,-0.002993,-0.000001,0.000002,0.000001
2025-12-16 18:17:10.519,-0.001160,0.000217,-0.003018,-0.000001,0.000002,0.000001
2025-12-16 18:17:10.520,-0.001150,0.000228,-0.003043,-0.000001,0.000002,0.000001
2025-12-16 18:17:10.522,-0.001137,0.000236,-0.003070,-0.000001,0.000002,0.000001
2025-12-16 18:17:10.523,-0.001116,0.000257,-0.003127,-0.000001,0.000002,0.000001
2025-12-16 18:17:10.524,-0.001108,0.000268,-0.003154,-0.000001,0.000002,0.000001
2025-12-16 18:17:10.525,-0.001100,0.000281,-0.003184,-0.000001,0.000002,0.000001
2025-12-16 18:17:10.526,-0.001093,0.000292,-0.003210,-0.000001,0.000002,0.000001
2025-12-16 18:17:10.527,-0.001085,0.000300,-0.003237,-0.000001,0.000002,0.000001
2025-12-16 18:17:10.528,-0.001078,0.000306,-0.003259,-0.000001,0.000002,0.000001
2025-12-16 18:17:10.529,-0.001075,0.000316,-0.003292,-0.000001,0.000002,0.000001
2025-12-16 18:17:10.531,-0.001074,0.000325,-0.003327,-0.000001,0.000002,0.000001
2025-12-16 18:17:10.532,-0.001070,0.000333,-0.003390,-0.000001,0.000002,0.000001
2025-12-16 18:17:10.533,-0.001063,0.000327,-0.003415,-0.000001,0.000002,0.000001
2025-12-16 18:17:10.534,-0.001056,0.000320,-0.003434,-0.000001,0.000002,0.000001
2025-12-16 18:17:10.535,-0.001049,0.000308,-0.003455,-0.000001,0.000002,0.000001
2025-12-16 18:17:10.536,-0.001044,0.000296,-0.003473,-0.000001,0.000002,0.000001
2025-12-16 18:17:10.537,-0.001039,0.000286,-0.003487,-0.000001,0.000002,0.000001
2025-12-16 18:17:10.538,-0.001037,0.000276,-0.003506,-0.000001,0.000002,0.000001
2025-12-16 18:17:10.539,-0.001041,0.000265,-0.003527,-0.000001,0.000002,0.000001
2025-12-16 18:17:10.541,-0.001046,0.000257,-0.003546,-0.000001,0.000002,0.000001
2025-12-16 18:17:10.542,-0.001049,0.000239,-0.003570,-0.000001,0.000002,0.000001
2025-12-16 18:17:10.543,-0.001048,0.000202,-0.003611,-0.000001,0.000002,0.000001
2025-12-16 18:17:10.544,-0.001048,0.000181,-0.003624,-0.000001,0.000002,0.000001
2025-12-16 18:17:10.545,-0.001047,0.000156,-0.003639,-0.000001,0.000002,0.000001
2025-12-16 18:17:10.546,-0.001046,0.000134,-0.003652,-0.000001,0.000002,0.000001
2025-12-16 18:17:10.547,-0.001043,0.000112,-0.003665,-0.000001,0.000002,0.000001
2025-12-16 18:17:10.548,-0.001039,0.000079,-0.003676,-0.000001,0.000002,0.000001
2025-12-16 18:17:10.550,-0.001029,0.000018,-0.003694,-0.000001,0.000002,0.000001
2025-12-16 18:17:10.551,-0.001023,-0.000012,-0.003704,-0.000001,0.000002,0.000001
2025-12-16 18:17:10.552,-0.001018,-0.000042,-0.003709,-0.000001,0.000002,0.000001
2025-12-16 18:17:10.553,-0.001015,-0.000067,-0.003712,-0.000001,0.000002,0.000001
2025-12-16 18:17:10.554,-0.001012,-0.000093,-0.003724,-0.000001,0.000002,0.000001
2025-12-16 18:17:10.555,-0.001009,-0.000119,-0.003736,-0.000001,0.000002,0.000001
2025-12-16 18:17:10.556,-0.001005,-0.000141,-0.003746,-0.000001,0.000002,0.000001
2025-12-16 18:17:10.557,-0.000998,-0.000167,-0.003758,-0.000001,0.000002,0.000001
2025-12-16 18:17:10.559,-0.000988,-0.000199,-0.003768,-0.000001,0.000002,0.000001
2025-12-16 18:17:10.560,-0.000968,-0.000256,-0.003786,-0.000001,0.000002,0.000001
2025-12-16 18:17:10.561,-0.000959,-0.000279,-0.003793,-0.000001,0.000002,0.000001
2025-12-16 18:17:10.562,-0.000948,-0.000304,-0.003795,-0.000001,0.000002,0.000001
2025-12-16 18:17:10.563,-0.000941,-0.000327,-0.003792,-0.000001,0.000002,0.000001
2025-12-16 18:17:10.564,-0.000929,-0.000352,-0.003786,-0.000001,0.000002,0.000001
2025-12-16 18:17:10.565,-0.000917,-0.000374,-0.003783,-0.000001,0.000002,0.000000
2025-12-16 18:17:10.567,-0.000898,-0.000423,-0.003770,-0.000001,0.000002,0.000000
2025-12-16 18:17:10.568,-0.000892,-0.000446,-0.003761,-0.000001,0.000002,0.000000
2025-12-16 18:17:10.572,-0.000898,-0.000540,-0.003714,-0.000001,0.000002,0.000000
2025-12-16 18:17:10.574,-0.000917,-0.000580,-0.003693,-0.000001,0.000002,0.000000
2025-12-16 18:17:10.576,-0.000936,-0.000624,-0.003669,-0.000001,0.000002,0.000000
2025-12-16 18:17:10.577,-0.000946,-0.000648,-0.003657,-0.000001,0.000002,0.000000
2025-12-16 18:17:10.578,-0.000954,-0.000670,-0.003646,-0.000001,0.000002,0.000000
2025-12-16 18:17:10.579,-0.000964,-0.000688,-0.003636,-0.000001,0.000002,0.000000
2025-12-16 18:17:10.581,-0.000996,-0.000725,-0.003615,-0.000001,0.000002,0.000000
2025-12-16 18:17:10.582,-0.001013,-0.000739,-0.003610,-0.000001,0.000002,0.000000
2025-12-16 18:17:10.583,-0.001028,-0.000756,-0.003607,-0.000001,0.000002,0.000000
2025-12-16 18:17:10.585,-0.001051,-0.000787,-0.003602,-0.000001,0.000002,0.000001
2025-12-16 18:17:10.586,-0.001058,-0.000806,-0.003599,-0.000001,0.000002,0.000000
2025-12-16 18:17:10.591,-0.001096,-0.000892,-0.003603,-0.000001,0.000002,0.000001
2025-12-16 18:17:10.592,-0.001103,-0.000907,-0.003608,-0.000001,0.000002,0.000001
2025-12-16 18:17:10.593,-0.001107,-0.000923,-0.003611,-0.000001,0.000002,0.000001
2025-12-16 18:17:10.595,-0.001110,-0.000941,-0.003609,-0.000001,0.000002,0.000000
2025-12-16 18:17:10.596,-0.001118,-0.000970,-0.003601,-0.000001,0.000002,0.000000
2025-12-16 18:17:10.600,-0.001145,-0.001001,-0.003592,-0.000001,0.000002,0.000000
2025-12-16 18:17:10.602,-0.001148,-0.001019,-0.003583,-0.000001,0.000002,0.000000
2025-12-16 18:17:10.603,-0.001144,-0.001029,-0.003582,-0.000001,0.000002,0.000000
2025-12-16 18:17:10.604,-0.001138,-0.001038,-0.003582,-0.000001,0.000002,0.000000
2025-12-16 18:17:10.605,-0.001133,-0.001044,-0.003583,-0.000001,0.000002,0.000000
2025-12-16 18:17:10.606,-0.001125,-0.001051,-0.003577,-0.000001,0.000002,0.000000
2025-12-16 18:17:10.607,-0.001113,-0.001061,-0.003573,-0.000001,0.000002,0.000000
2025-12-16 18:17:10.609,-0.001101,-0.001070,-0.003570,-0.000001,0.000002,0.000000
2025-12-16 18:17:10.610,-0.001084,-0.001080,-0.003563,-0.000001,0.000002,0.000000
2025-12-16 18:17:10.613,-0.001042,-0.001097,-0.003556,-0.000001,0.000001,0.000000
2025-12-16 18:17:10.615,-0.000946,-0.001128,-0.003562,-0.000001,0.000001,0.000000
2025-12-16 18:17:10.617,-0.000894,-0.001136,-0.003574,-0.000001,0.000001,0.000000
2025-12-16 18:17:10.618,-0.000804,-0.001156,-0.003590,-0.000001,0.000001,0.000000
2025-12-16 18:17:10.621,-0.000687,-0.001179,-0.003614,-0.000001,0.000001,0.000000
2025-12-16 18:17:10.622,-0.000646,-0.001184,-0.003624,-0.000001,0.000001,0.000000
2025-12-16 18:17:10.623,-0.000608,-0.001189,-0.003639,-0.000001,0.000001,0.000000
2025-12-16 18:17:10.627,-0.000512,-0.001193,-0.003680,-0.000001,0.000001,0.000000
2025-12-16 18:17:10.629,-0.000458,-0.001174,-0.003751,-0.000001,0.000001,0.000000
2025-12-16 18:17:10.630,-0.000453,-0.001166,-0.003777,-0.000001,0.000001,0.000000
2025-12-16 18:17:10.633,-0.000454,-0.001126,-0.003853,-0.000001,0.000001,0.000000
2025-12-16 18:17:10.634,-0.000466,-0.001106,-0.003890,-0.000001,0.000001,0.000000
2025-12-16 18:17:10.636,-0.000499,-0.001068,-0.003962,-0.000001,0.000001,0.000000
2025-12-16 18:17:10.637,-0.000518,-0.001051,-0.003994,-0.000001,0.000001,0.000000
2025-12-16 18:17:10.638,-0.000540,-0.001031,-0.004028,-0.000001,0.000001,0.000000
2025-12-16 18:17:10.640,-0.000589,-0.000994,-0.004091,-0.000001,0.000002,0.000000
2025-12-16 18:17:10.643,-0.000674,-0.000944,-0.004207,-0.000001,0.000002,0.000000
2025-12-16 18:17:10.644,-0.000697,-0.000930,-0.004242,-0.000001,0.000002,0.000000
2025-12-16 18:17:10.647,-0.000752,-0.000917,-0.004345,-0.000001,0.000002,0.000000
2025-12-16 18:17:10.649,-0.000770,-0.000924,-0.004425,-0.000002,0.000002,0.000000
2025-12-16 18:17:10.650,-0.000776,-0.000929,-0.004461,-0.000001,0.000002,0.000000
2025-12-16 18:17:10.651,-0.000782,-0.000936,-0.004499,-0.000001,0.000002,0.000000
2025-12-16 18:17:10.653,-0.000784,-0.000952,-0.004573,-0.000002,0.000002,0.000000
2025-12-16 18:17:10.654,-0.000782,-0.000963,-0.004605,-0.000002,0.000002,0.000000
2025-12-16 18:17:10.655,-0.000777,-0.000981,-0.004632,-0.000002,0.000002,0.000000
2025-12-16 18:17:10.656,-0.000773,-0.001000,-0.004662,-0.000002,0.000002,0.000000
2025-12-16 18:17:10.657,-0.000764,-0.001021,-0.004691,-0.000002,0.000002,0.000000
2025-12-16 18:17:10.658,-0.000755,-0.001040,-0.004716,-0.000002,0.000002,0.000000
2025-12-16 18:17:10.660,-0.000744,-0.001079,-0.004767,-0.000002,0.000002,0.000000
2025-12-16 18:17:10.661,-0.000745,-0.001096,-0.004793,-0.000002,0.000002,0.000000
2025-12-16 18:17:10.662,-0.000747,-0.001111,-0.004819,-0.000002,0.000002,0.000000
2025-12-16 18:17:10.663,-0.000751,-0.001124,-0.004846,-0.000002,0.000002,0.000000
2025-12-16 18:17:10.664,-0.000755,-0.001135,-0.004873,-0.000002,0.000002,0.000000
2025-12-16 18:17:10.665,-0.000762,-0.001144,-0.004896,-0.000002,0.000002,0.000000
2025-12-16 18:17:10.667,-0.000770,-0.001153,-0.004917,-0.000002,0.000002,0.000000
2025-12-16 18:17:10.668,-0.000780,-0.001160,-0.004933,-0.000002,0.000002,0.000000
2025-12-16 18:17:10.669,-0.000811,-0.001164,-0.004956,-0.000002,0.000002,0.000000
2025-12-16 18:17:10.670,-0.000831,-0.001163,-0.004969,-0.000002,0.000002,0.000000
2025-12-16 18:17:10.671,-0.000851,-0.001157,-0.004982,-0.000002,0.000002,0.000000
2025-12-16 18:17:10.672,-0.000872,-0.001152,-0.004998,-0.000002,0.000002,0.000000
2025-12-16 18:17:10.673,-0.000897,-0.001146,-0.005012,-0.000002,0.000002,0.000000
2025-12-16 18:17:10.675,-0.000946,-0.001129,-0.005041,-0.000002,0.000002,0.000000
2025-12-16 18:17:10.676,-0.000970,-0.001119,-0.005057,-0.000002,0.000002,0.000000
2025-12-16 18:17:10.677,-0.000996,-0.001108,-0.005076,-0.000002,0.000002,0.000000
2025-12-16 18:17:10.678,-0.001018,-0.001099,-0.005093,-0.000002,0.000002,0.000000
2025-12-16 18:17:10.679,-0.001037,-0.001094,-0.005111,-0.000002,0.000002,0.000000
2025-12-16 18:17:10.680,-0.001054,-0.001086,-0.005129,-0.000002,0.000002,0.000000
2025-12-16 18:17:10.681,-0.001065,-0.001083,-0.005142,-0.000002,0.000002,0.000000
2025-12-16 18:17:10.682,-0.001072,-0.001081,-0.005151,-0.000002,0.000002,0.000000
2025-12-16 18:17:10.684,-0.001080,-0.001082,-0.005166,-0.000002,0.000002,0.000000
2025-12-16 18:17:10.685,-0.001083,-0.001083,-0.005174,-0.000002,0.000002,0.000000
2025-12-16 18:17:10.686,-0.001085,-0.001084,-0.005181,-0.000002,0.000002,0.000000
2025-12-16 18:17:10.687,-0.001087,-0.001086,-0.005188,-0.000002,0.000002,0.000000
2025-12-16 18:17:10.688,-0.001095,-0.001085,-0.005214,-0.000002,0.000002,0.000000
2025-12-16 18:17:10.689,-0.001099,-0.001089,-0.005239,-0.000002,0.000002,0.000000
2025-12-16 18:17:10.690,-0.001102,-0.001095,-0.005260,-0.000002,0.000002,0.000000
2025-12-16 18:17:10.692,-0.001109,-0.001102,-0.005279,-0.000002,0.000002,0.000000
2025-12-16 18:17:10.693,-0.001115,-0.001108,-0.005295,-0.000002,0.000002,0.000000
2025-12-16 18:17:10.694,-0.001118,-0.001113,-0.005313,-0.000002,0.000002,0.000001
2025-12-16 18:17:10.695,-0.001122,-0.001118,-0.005327,-0.000002,0.000002,0.000001
2025-12-16 18:17:10.696,-0.001125,-0.001127,-0.005340,-0.000002,0.000002,0.000000
2025-12-16 18:17:10.697,-0.001133,-0.001134,-0.005357,-0.000002,0.000002,0.000001
2025-12-16 18:17:10.698,-0.001146,-0.001140,-0.005370,-0.000002,0.000002,0.000001
2025-12-16 18:17:10.699,-0.001159,-0.001145,-0.005385,-0.000002,0.000002,0.000001
2025-12-16 18:17:10.701,-0.001196,-0.001155,-0.005422,-0.000002,0.000002,0.000001
2025-12-16 18:17:10.702,-0.001228,-0.001168,-0.005460,-0.000002,0.000002,0.000001
2025-12-16 18:17:10.703,-0.001244,-0.001174,-0.005479,-0.000002,0.000002,0.000001
2025-12-16 18:17:10.704,-0.001277,-0.001182,-0.005507,-0.000002,0.000002,0.000001
2025-12-16 18:17:10.706,-0.001327,-0.001195,-0.005543,-0.000002,0.000002,0.000001
2025-12-16 18:17:10.707,-0.001356,-0.001199,-0.005562,-0.000002,0.000002,0.000001
2025-12-16 18:17:10.708,-0.001382,-0.001202,-0.005579,-0.000002,0.000002,0.000001
2025-12-16 18:17:10.709,-0.001404,-0.001210,-0.005594,-0.000002,0.000002,0.000001
2025-12-16 18:17:10.710,-0.001426,-0.001218,-0.005605,-0.000002,0.000002,0.000001
2025-12-16 18:17:10.712,-0.001468,-0.001237,-0.005629,-0.000002,0.000002,0.000001
2025-12-16 18:17:10.713,-0.001489,-0.001251,-0.005641,-0.000002,0.000002,0.000001
2025-12-16 18:17:10.714,-0.001508,-0.001266,-0.005655,-0.000002,0.000002,0.000001
2025-12-16 18:17:10.715,-0.001525,-0.001279,-0.005673,-0.000002,0.000002,0.000001
2025-12-16 18:17:10.716,-0.001540,-0.001296,-0.005689,-0.000002,0.000002,0.000001
2025-12-16 18:17:10.717,-0.001553,-0.001313,-0.005712,-0.000002,0.000002,0.000001
2025-12-16 18:17:10.718,-0.001514,-0.001285,-0.005555,-0.000002,0.000002,0.000001
2025-12-16 18:17:10.719,-0.001516,-0.001298,-0.005536,-0.000002,0.000002,0.000001
2025-12-16 18:17:10.721,-0.001537,-0.001327,-0.005579,-0.000002,0.000002,0.000001
2025-12-16 18:17:10.722,-0.001594,-0.001402,-0.005725,-0.000002,0.000002,0.000001
2025-12-16 18:17:10.723,-0.001618,-0.001433,-0.005793,-0.000002,0.000002,0.000001
2025-12-16 18:17:10.724,-0.001644,-0.001466,-0.005860,-0.000002,0.000002,0.000001
2025-12-16 18:17:10.725,-0.001663,-0.001501,-0.005929,-0.000002,0.000002,0.000001
2025-12-16 18:17:10.726,-0.001677,-0.001531,-0.005987,-0.000002,0.000002,0.000001
2025-12-16 18:17:10.727,-0.001694,-0.001563,-0.006042,-0.000002,0.000003,0.000001
2025-12-16 18:17:10.728,-0.001706,-0.001591,-0.006092,-0.000002,0.000002,0.000001
2025-12-16 18:17:10.730,-0.001721,-0.001617,-0.006145,-0.000002,0.000003,0.000001
2025-12-16 18:17:10.731,-0.001755,-0.001672,-0.006280,-0.000002,0.000003,0.000001
2025-12-16 18:17:10.732,-0.001772,-0.001700,-0.006350,-0.000002,0.000003,0.000001
2025-12-16 18:17:10.733,-0.001783,-0.001724,-0.006417,-0.000002,0.000003,0.000001
2025-12-16 18:17:10.735,-0.001800,-0.001745,-0.006491,-0.000002,0.000003,0.000001
2025-12-16 18:17:10.736,-0.001831,-0.001781,-0.006654,-0.000003,0.000003,0.000001
2025-12-16 18:17:10.737,-0.001851,-0.001797,-0.006739,-0.000002,0.000003,0.000001
2025-12-16 18:17:10.739,-0.001867,-0.001811,-0.006828,-0.000003,0.000003,0.000001
2025-12-16 18:17:10.740,-0.001900,-0.001843,-0.007008,-0.000003,0.000003,0.000001
2025-12-16 18:17:10.741,-0.001913,-0.001859,-0.007094,-0.000003,0.000003,0.000001
2025-12-16 18:17:10.744,-0.001947,-0.001886,-0.007289,-0.000003,0.000003,0.000001
2025-12-16 18:17:10.745,-0.001979,-0.001906,-0.007471,-0.000003,0.000003,0.000001
2025-12-16 18:17:10.746,-0.001996,-0.001913,-0.007573,-0.000003,0.000003,0.000001
2025-12-16 18:17:10.747,-0.002013,-0.001918,-0.007664,-0.000003,0.000003,0.000001
2025-12-16 18:17:10.748,-0.002031,-0.001921,-0.007753,-0.000003,0.000003,0.000001
2025-12-16 18:17:10.749,-0.002048,-0.001924,-0.007832,-0.000003,0.000003,0.000001
2025-12-16 18:17:10.750,-0.002069,-0.001926,-0.007910,-0.000003,0.000003,0.000001
2025-12-16 18:17:10.752,-0.002119,-0.001921,-0.008063,-0.000003,0.000003,0.000001
2025-12-16 18:17:10.753,-0.002150,-0.001914,-0.008138,-0.000003,0.000003,0.000001
2025-12-16 18:17:10.754,-0.002186,-0.001907,-0.008216,-0.000003,0.000003,0.000001
2025-12-16 18:17:10.755,-0.002224,-0.001896,-0.008296,-0.000003,0.000003,0.000001
2025-12-16 18:17:10.756,-0.002268,-0.001886,-0.008373,-0.000003,0.000003,0.000001
2025-12-16 18:17:10.757,-0.002307,-0.001877,-0.008437,-0.000003,0.000004,0.000001
2025-12-16 18:17:10.758,-0.002348,-0.001866,-0.008499,-0.000003,0.000004,0.000001
2025-12-16 18:17:10.763,-0.002614,-0.001761,-0.008811,-0.000004,0.000004,0.000001
2025-12-16 18:17:10.764,-0.002671,-0.001736,-0.008866,-0.000003,0.000004,0.000001
2025-12-16 18:17:10.766,-0.002794,-0.001674,-0.008995,-0.000004,0.000004,0.000001
2025-12-16 18:17:10.767,-0.002854,-0.001641,-0.009052,-0.000004,0.000004,0.000001
2025-12-16 18:17:10.769,-0.002915,-0.001604,-0.009113,-0.000004,0.000004,0.000001
2025-12-16 18:17:10.770,-0.002980,-0.001568,-0.009171,-0.000004,0.000004,0.000001
2025-12-16 18:17:10.771,-0.003102,-0.001496,-0.009289,-0.000004,0.000004,0.000001
2025-12-16 18:17:10.772,-0.003158,-0.001460,-0.009351,-0.000004,0.000004,0.000001
2025-12-16 18:17:10.773,-0.003215,-0.001421,-0.009413,-0.000004,0.000004,0.000001
2025-12-16 18:17:10.774,-0.003270,-0.001377,-0.009477,-0.000004,0.000004,0.000001
2025-12-16 18:17:10.775,-0.003329,-0.001330,-0.009546,-0.000004,0.000004,0.000001
2025-12-16 18:17:10.776,-0.003388,-0.001283,-0.009614,-0.000004,0.000004,0.000001
2025-12-16 18:17:10.777,-0.003446,-0.001235,-0.009683,-0.000004,0.000005,0.000002
2025-12-16 18:17:10.778,-0.003511,-0.001177,-0.009760,-0.000004,0.000005,0.000002
2025-12-16 18:17:10.779,-0.003576,-0.001120,-0.009837,-0.000004,0.000005,0.000002
2025-12-16 18:17:10.781,-0.003652,-0.001046,-0.009925,-0.000004,0.000005,0.000002
2025-12-16 18:17:10.782,-0.003758,-0.000941,-0.010048,-0.000004,0.000005,0.000002
2025-12-16 18:17:10.783,-0.003819,-0.000884,-0.010115,-0.000004,0.000005,0.000002
2025-12-16 18:17:10.784,-0.003886,-0.000822,-0.010183,-0.000004,0.000005,0.000002
2025-12-16 18:17:10.785,-0.003967,-0.000749,-0.010260,-0.000005,0.000005,0.000002
2025-12-16 18:17:10.786,-0.004041,-0.000684,-0.010328,-0.000005,0.000005,0.000002
2025-12-16 18:17:10.787,-0.004112,-0.000623,-0.010393,-0.000005,0.000005,0.000002
2025-12-16 18:17:10.788,-0.004182,-0.000554,-0.010458,-0.000005,0.000005,0.000002
2025-12-16 18:17:10.790,-0.004334,-0.000416,-0.010593,-0.000005,0.000005,0.000002
2025-12-16 18:17:10.791,-0.004407,-0.000345,-0.010655,-0.000005,0.000006,0.000002
2025-12-16 18:17:10.792,-0.004483,-0.000271,-0.010712,-0.000005,0.000006,0.000002
2025-12-16 18:17:10.793,-0.004560,-0.000199,-0.010769,-0.000005,0.000006,0.000002
2025-12-16 18:17:10.794,-0.004643,-0.000127,-0.010828,-0.000005,0.000006,0.000002
2025-12-16 18:17:10.795,-0.004727,-0.000053,-0.010887,-0.000006,0.000006,0.000002
2025-12-16 18:17:10.796,-0.004815,0.000027,-0.010950,-0.000006,0.000006,0.000002
2025-12-16 18:17:10.797,-0.004897,0.000108,-0.011012,-0.000006,0.000006,0.000002
2025-12-16 18:17:10.798,-0.004974,0.000186,-0.011070,-0.000006,0.000006,0.000002
2025-12-16 18:17:10.799,-0.005049,0.000261,-0.011127,-0.000006,0.000006,0.000003
2025-12-16 18:17:10.801,-0.005122,0.000332,-0.011181,-0.000006,0.000006,0.000003
2025-12-16 18:17:10.802,-0.005192,0.000397,-0.011233,-0.000006,0.000006,0.000003
2025-12-16 18:17:10.803,-0.005263,0.000462,-0.011288,-0.000006,0.000006,0.000003
2025-12-16 18:17:10.804,-0.005334,0.000527,-0.011343,-0.000006,0.000006,0.000003
2025-12-16 18:17:10.805,-0.005476,0.000657,-0.011454,-0.000006,0.000006,0.000002
2025-12-16 18:17:10.806,-0.005547,0.000722,-0.011509,-0.000006,0.000007,0.000002
2025-12-16 18:17:10.807,-0.005600,0.000786,-0.011573,-0.000006,0.000007,0.000003
2025-12-16 18:17:10.809,-0.005651,0.000842,-0.011630,-0.000006,0.000007,0.000003
2025-12-16 18:17:10.810,-0.005754,0.000952,-0.011742,-0.000007,0.000007,0.000003
2025-12-16 18:17:10.811,-0.005810,0.001008,-0.011797,-0.000007,0.000007,0.000003
2025-12-16 18:17:10.812,-0.005865,0.001061,-0.011856,-0.000007,0.000007,0.000003
2025-12-16 18:17:10.813,-0.005910,0.001105,-0.011909,-0.000007,0.000007,0.000003
2025-12-16 18:17:10.814,-0.005957,0.001156,-0.011966,-0.000007,0.000007,0.000003
2025-12-16 18:17:10.815,-0.006003,0.001207,-0.012026,-0.000007,0.000007,0.000003
2025-12-16 18:17:10.816,-0.006047,0.001256,-0.012090,-0.000007,0.000007,0.000003
2025-12-16 18:17:10.817,-0.006092,0.001303,-0.012154,-0.000007,0.000007,0.000003
2025-12-16 18:17:10.818,-0.006139,0.001350,-0.012224,-0.000007,0.000007,0.000003
2025-12-16 18:17:10.820,-0.006228,0.001440,-0.012368,-0.000007,0.000007,0.000003
2025-12-16 18:17:10.821,-0.006273,0.001488,-0.012447,-0.000007,0.000007,0.000003
2025-12-16 18:17:10.822,-0.006313,0.001531,-0.012517,-0.000007,0.000007,0.000003
2025-12-16 18:17:10.823,-0.006353,0.001576,-0.012602,-0.000007,0.000007,0.000003
2025-12-16 18:17:10.824,-0.006393,0.001621,-0.012692,-0.000007,0.000008,0.000003
2025-12-16 18:17:10.825,-0.006429,0.001672,-0.012795,-0.000007,0.000008,0.000003
2025-12-16 18:17:10.826,-0.006460,0.001717,-0.012888,-0.000008,0.000008,0.000003
2025-12-16 18:17:10.827,-0.006496,0.001759,-0.012985,-0.000007,0.000008,0.000003
2025-12-16 18:17:10.828,-0.006533,0.001802,-0.013091,-0.000008,0.000008,0.000003
2025-12-16 18:17:10.830,-0.006566,0.001839,-0.013183,-0.000008,0.000008,0.000003
2025-12-16 18:17:10.831,-0.006636,0.001918,-0.013398,-0.000008,0.000008,0.000003
2025-12-16 18:17:10.832,-0.006665,0.001953,-0.013501,-0.000008,0.000008,0.000003
2025-12-16 18:17:10.833,-0.006695,0.001986,-0.013605,-0.000008,0.000008,0.000003
2025-12-16 18:17:10.834,-0.006727,0.002019,-0.013729,-0.000008,0.000008,0.000003
2025-12-16 18:17:10.835,-0.006761,0.002052,-0.013855,-0.000008,0.000008,0.000003
2025-12-16 18:17:10.836,-0.006791,0.002080,-0.013962,-0.000008,0.000008,0.000003
2025-12-16 18:17:10.837,-0.006820,0.002112,-0.014083,-0.000008,0.000008,0.000003
2025-12-16 18:17:10.838,-0.006844,0.002141,-0.014192,-0.000008,0.000008,0.000003
2025-12-16 18:17:10.840,-0.006886,0.002193,-0.014403,-0.000009,0.000009,0.000003
2025-12-16 18:17:10.841,-0.006907,0.002218,-0.014505,-0.000009,0.000009,0.000003
2025-12-16 18:17:10.842,-0.006933,0.002243,-0.014608,-0.000009,0.000009,0.000003
2025-12-16 18:17:10.843,-0.006961,0.002270,-0.014714,-0.000009,0.000009,0.000003
2025-12-16 18:17:10.844,-0.006991,0.002297,-0.014823,-0.000009,0.000009,0.000003
2025-12-16 18:17:10.845,-0.007028,0.002325,-0.014950,-0.000009,0.000009,0.000003
2025-12-16 18:17:10.846,-0.007064,0.002356,-0.015079,-0.000009,0.000009,0.000003
2025-12-16 18:17:10.847,-0.007094,0.002382,-0.015189,-0.000009,0.000009,0.000003
2025-12-16 18:17:10.848,-0.007123,0.002410,-0.015305,-0.000009,0.000009,0.000003
2025-12-16 18:17:10.849,-0.007155,0.002438,-0.015428,-0.000010,0.000009,0.000003
2025-12-16 18:17:10.851,-0.007213,0.002486,-0.015643,-0.000010,0.000009,0.000003
2025-12-16 18:17:10.852,-0.007241,0.002509,-0.015737,-0.000010,0.000009,0.000003
2025-12-16 18:17:10.853,-0.007265,0.002531,-0.015829,-0.000010,0.000009,0.000003
2025-12-16 18:17:10.854,-0.007298,0.002557,-0.015930,-0.000010,0.000009,0.000003
2025-12-16 18:17:10.855,-0.007328,0.002580,-0.016019,-0.000010,0.000010,0.000003
2025-12-16 18:17:10.857,-0.007388,0.002627,-0.016184,-0.000010,0.000010,0.000003
2025-12-16 18:17:10.858,-0.007420,0.002646,-0.016261,-0.000010,0.000010,0.000003
2025-12-16 18:17:10.859,-0.007454,0.002662,-0.016335,-0.000011,0.000010,0.000003
2025-12-16 18:17:10.860,-0.007486,0.002681,-0.016411,-0.000011,0.000010,0.000003
2025-12-16 18:17:10.861,-0.007518,0.002696,-0.016484,-0.000011,0.000010,0.000003
2025-12-16 18:17:10.862,-0.007544,0.002709,-0.016558,-0.000011,0.000010,0.000003
2025-12-16 18:17:10.863,-0.007571,0.002721,-0.016635,-0.000011,0.000010,0.000003
2025-12-16 18:17:10.864,-0.007597,0.002732,-0.016708,-0.000011,0.000010,0.000003
2025-12-16 18:17:10.865,-0.007619,0.002742,-0.016769,-0.000011,0.000010,0.000003
2025-12-16 18:17:10.866,-0.007644,0.002750,-0.016830,-0.000011,0.000010,0.000003
2025-12-16 18:17:10.868,-0.007683,0.002761,-0.016928,-0.000011,0.000010,0.000003
2025-12-16 18:17:10.869,-0.007699,0.002758,-0.016970,-0.000011,0.000010,0.000003
2025-12-16 18:17:10.870,-0.007712,0.002752,-0.017004,-0.000011,0.000010,0.000003
2025-12-16 18:17:10.871,-0.007729,0.002748,-0.017040,-0.000011,0.000010,0.000003
2025-12-16 18:17:10.872,-0.007744,0.002745,-0.017071,-0.000011,0.000010,0.000003
2025-12-16 18:17:10.873,-0.007750,0.002734,-0.017107,-0.000012,0.000010,0.000004
2025-12-16 18:17:10.874,-0.007751,0.002717,-0.017145,-0.000011,0.000010,0.000003
2025-12-16 18:17:10.875,-0.007748,0.002696,-0.017181,-0.000012,0.000010,0.000003
2025-12-16 18:17:10.877,-0.007740,0.002661,-0.017234,-0.000012,0.000010,0.000003
2025-12-16 18:17:10.878,-0.007731,0.002637,-0.017254,-0.000012,0.000010,0.000004
2025-12-16 18:17:10.879,-0.007724,0.002608,-0.017275,-0.000012,0.000010,0.000003
2025-12-16 18:17:10.880,-0.007715,0.002582,-0.017300,-0.000012,0.000010,0.000003
2025-12-16 18:17:10.881,-0.007706,0.002556,-0.017324,-0.000012,0.000010,0.000003
2025-12-16 18:17:10.882,-0.007701,0.002529,-0.017351,-0.000012,0.000010,0.000003
2025-12-16 18:17:10.883,-0.007693,0.002498,-0.017374,-0.000012,0.000010,0.000003
2025-12-16 18:17:10.884,-0.007686,0.002470,-0.017393,-0.000012,0.000010,0.000003
2025-12-16 18:17:10.885,-0.007680,0.002438,-0.017411,-0.000012,0.000010,0.000003
2025-12-16 18:17:10.886,-0.007676,0.002410,-0.017427,-0.000012,0.000010,0.000003
2025-12-16 18:17:10.887,-0.007672,0.002382,-0.017450,-0.000012,0.000010,0.000003
2025-12-16 18:17:10.889,-0.007673,0.002357,-0.017471,-0.000012,0.000010,0.000003
2025-12-16 18:17:10.890,-0.007678,0.002312,-0.017511,-0.000012,0.000010,0.000003
2025-12-16 18:17:10.891,-0.007683,0.002286,-0.017527,-0.000012,0.000010,0.000004
2025-12-16 18:17:10.892,-0.007693,0.002266,-0.017541,-0.000012,0.000010,0.000003
2025-12-16 18:17:10.893,-0.007713,0.002243,-0.017559,-0.000012,0.000010,0.000003
2025-12-16 18:17:10.894,-0.007735,0.002223,-0.017576,-0.000012,0.000010,0.000004
2025-12-16 18:17:10.895,-0.007751,0.002202,-0.017593,-0.000012,0.000011,0.000004
2025-12-16 18:17:10.896,-0.007770,0.002187,-0.017613,-0.000012,0.000011,0.000004
2025-12-16 18:17:10.897,-0.007791,0.002173,-0.017639,-0.000012,0.000011,0.000004
2025-12-16 18:17:10.898,-0.007812,0.002158,-0.017664,-0.000012,0.000011,0.000004
2025-12-16 18:17:10.899,-0.007834,0.002142,-0.017694,-0.000012,0.000011,0.000004
2025-12-16 18:17:10.900,-0.007859,0.002123,-0.017716,-0.000012,0.000011,0.000004
2025-12-16 18:17:10.901,-0.007882,0.002100,-0.017737,-0.000012,0.000011,0.000004
2025-12-16 18:17:10.903,-0.007902,0.002080,-0.017756,-0.000012,0.000011,0.000004
2025-12-16 18:17:10.904,-0.007919,0.002062,-0.017779,-0.000012,0.000011,0.000004
2025-12-16 18:17:10.905,-0.007936,0.002046,-0.017805,-0.000012,0.000011,0.000003
2025-12-16 18:17:10.906,-0.007949,0.002020,-0.017833,-0.000012,0.000011,0.000003
2025-12-16 18:17:10.907,-0.007958,0.001994,-0.017858,-0.000012,0.000011,0.000004
2025-12-16 18:17:10.908,-0.007965,0.001971,-0.017883,-0.000012,0.000011,0.000004
2025-12-16 18:17:10.909,-0.007971,0.001944,-0.017908,-0.000012,0.000011,0.000004
2025-12-16 18:17:10.910,-0.007988,0.001862,-0.017981,-0.000012,0.000011,0.000004
2025-12-16 18:17:10.911,-0.007980,0.001813,-0.018001,-0.000013,0.000011,0.000004
2025-12-16 18:17:10.912,-0.007727,0.001718,-0.017463,-0.000013,0.000011,0.000003
2025-12-16 18:17:10.913,-0.007664,0.001669,-0.017364,-0.000012,0.000010,0.000003
2025-12-16 18:17:10.914,-0.007683,0.001637,-0.017448,-0.000012,0.000010,0.000003
2025-12-16 18:17:10.916,-0.007723,0.001606,-0.017584,-0.000012,0.000010,0.000003
2025-12-16 18:17:10.917,-0.007765,0.001571,-0.017718,-0.000012,0.000010,0.000003
2025-12-16 18:17:10.918,-0.007797,0.001522,-0.017835,-0.000012,0.000010,0.000003
2025-12-16 18:17:10.919,-0.007820,0.001477,-0.017927,-0.000012,0.000011,0.000003
2025-12-16 18:17:10.920,-0.007833,0.001432,-0.017992,-0.000012,0.000011,0.000003
2025-12-16 18:17:10.921,-0.007835,0.001387,-0.018042,-0.000012,0.000011,0.000003
2025-12-16 18:17:10.922,-0.007828,0.001336,-0.018077,-0.000012,0.000011,0.000003
2025-12-16 18:17:10.923,-0.007815,0.001275,-0.018100,-0.000012,0.000011,0.000003
2025-12-16 18:17:10.924,-0.007786,0.001202,-0.018111,-0.000012,0.000010,0.000003
2025-12-16 18:17:10.925,-0.007757,0.001135,-0.018116,-0.000012,0.000010,0.000003
2025-12-16 18:17:10.926,-0.007725,0.001070,-0.018115,-0.000012,0.000010,0.000003
2025-12-16 18:17:10.928,-0.007642,0.000926,-0.018107,-0.000012,0.000010,0.000003
2025-12-16 18:17:10.929,-0.007595,0.000856,-0.018094,-0.000012,0.000010,0.000003
2025-12-16 18:17:10.930,-0.007542,0.000783,-0.018084,-0.000012,0.000010,0.000003
2025-12-16 18:17:10.931,-0.007483,0.000705,-0.018072,-0.000012,0.000010,0.000003
2025-12-16 18:17:10.932,-0.007417,0.000620,-0.018058,-0.000012,0.000010,0.000003
2025-12-16 18:17:10.933,-0.007336,0.000522,-0.018037,-0.000011,0.000010,0.000003
2025-12-16 18:17:10.934,-0.007261,0.000434,-0.018017,-0.000012,0.000010,0.000003
2025-12-16 18:17:10.935,-0.007173,0.000336,-0.017991,-0.000012,0.000010,0.000003
2025-12-16 18:17:10.936,-0.007093,0.000250,-0.017968,-0.000012,0.000010,0.000003
2025-12-16 18:17:10.938,-0.007009,0.000162,-0.017943,-0.000011,0.000010,0.000003
2025-12-16 18:17:10.939,-0.006839,-0.000009,-0.017892,-0.000011,0.000010,0.000003
2025-12-16 18:17:10.940,-0.006747,-0.000099,-0.017868,-0.000011,0.000009,0.000003
2025-12-16 18:17:10.941,-0.006656,-0.000193,-0.017837,-0.000011,0.000009,0.000003
2025-12-16 18:17:10.942,-0.006564,-0.000288,-0.017808,-0.000011,0.000009,0.000003
2025-12-16 18:17:10.943,-0.006476,-0.000378,-0.017779,-0.000011,0.000009,0.000003
2025-12-16 18:17:10.944,-0.006387,-0.000469,-0.017744,-0.000011,0.000009,0.000002
2025-12-16 18:17:10.945,-0.006300,-0.000560,-0.017706,-0.000011,0.000009,0.000002
2025-12-16 18:17:10.946,-0.006212,-0.000646,-0.017669,-0.000011,0.000009,0.000002
2025-12-16 18:17:10.947,-0.006126,-0.000733,-0.017623,-0.000011,0.000009,0.000002
2025-12-16 18:17:10.948,-0.006044,-0.000817,-0.017575,-0.000010,0.000009,0.000002
2025-12-16 18:17:10.949,-0.005962,-0.000900,-0.017527,-0.000010,0.000009,0.000002
2025-12-16 18:17:10.951,-0.005870,-0.000992,-0.017470,-0.000010,0.000009,0.000002
2025-12-16 18:17:10.952,-0.005705,-0.001164,-0.017355,-0.000010,0.000009,0.000002
2025-12-16 18:17:10.953,-0.005634,-0.001246,-0.017297,-0.000010,0.000008,0.000002
2025-12-16 18:17:10.954,-0.005566,-0.001319,-0.017241,-0.000010,0.000008,0.000002
2025-12-16 18:17:10.955,-0.005501,-0.001389,-0.017189,-0.000010,0.000008,0.000002
2025-12-16 18:17:10.956,-0.005432,-0.001458,-0.017135,-0.000010,0.000008,0.000002
2025-12-16 18:17:10.957,-0.005363,-0.001525,-0.017079,-0.000010,0.000008,0.000002
2025-12-16 18:17:10.958,-0.005284,-0.001599,-0.017006,-0.000010,0.000008,0.000002
2025-12-16 18:17:10.959,-0.005215,-0.001663,-0.016938,-0.000010,0.000008,0.000002
2025-12-16 18:17:10.961,-0.005093,-0.001778,-0.016811,-0.000010,0.000008,0.000002
2025-12-16 18:17:10.962,-0.005012,-0.001853,-0.016725,-0.000010,0.000008,0.000002
2025-12-16 18:17:10.963,-0.004938,-0.001921,-0.016648,-0.000009,0.000008,0.000002
2025-12-16 18:17:10.964,-0.004852,-0.001992,-0.016567,-0.000009,0.000008,0.000002
2025-12-16 18:17:10.965,-0.004775,-0.002054,-0.016498,-0.000009,0.000007,0.000002
2025-12-16 18:17:10.966,-0.004699,-0.002115,-0.016427,-0.000009,0.000007,0.000002
2025-12-16 18:17:10.968,-0.004623,-0.002175,-0.016357,-0.000009,0.000007,0.000002
2025-12-16 18:17:10.969,-0.004440,-0.002306,-0.016200,-0.000009,0.000007,0.000002
2025-12-16 18:17:10.970,-0.004334,-0.002378,-0.016116,-0.000009,0.000007,0.000002
2025-12-16 18:17:10.971,-0.004244,-0.002440,-0.016046,-0.000008,0.000007,0.000002
2025-12-16 18:17:10.972,-0.004144,-0.002504,-0.015971,-0.000008,0.000007,0.000002
2025-12-16 18:17:10.973,-0.004055,-0.002559,-0.015905,-0.000008,0.000007,0.000002
2025-12-16 18:17:10.974,-0.003951,-0.002627,-0.015820,-0.000008,0.000007,0.000002
2025-12-16 18:17:10.975,-0.003857,-0.002690,-0.015740,-0.000008,0.000007,0.000002
2025-12-16 18:17:10.976,-0.003747,-0.002764,-0.015649,-0.000008,0.000007,0.000001
2025-12-16 18:17:10.978,-0.003648,-0.002830,-0.015568,-0.000008,0.000006,0.000001
2025-12-16 18:17:10.979,-0.003551,-0.002894,-0.015488,-0.000008,0.000006,0.000001
2025-12-16 18:17:10.980,-0.003329,-0.003040,-0.015313,-0.000008,0.000006,0.000001
2025-12-16 18:17:10.981,-0.003227,-0.003111,-0.015230,-0.000008,0.000006,0.000001
2025-12-16 18:17:10.982,-0.003123,-0.003184,-0.015137,-0.000007,0.000006,0.000001
2025-12-16 18:17:10.983,-0.003021,-0.003255,-0.015039,-0.000007,0.000006,0.000001
2025-12-16 18:17:10.984,-0.002937,-0.003313,-0.014955,-0.000007,0.000006,0.000001
2025-12-16 18:17:10.985,-0.002849,-0.003374,-0.014860,-0.000007,0.000006,0.000001
2025-12-16 18:17:10.986,-0.002773,-0.003427,-0.014776,-0.000007,0.000006,0.000001
2025-12-16 18:17:10.988,-0.002705,-0.003477,-0.014694,-0.000007,0.000006,0.000001
2025-12-16 18:17:10.989,-0.002638,-0.003526,-0.014611,-0.000007,0.000005,0.000001
2025-12-16 18:17:10.990,-0.002507,-0.003624,-0.014400,-0.000007,0.000005,0.000001
2025-12-16 18:17:10.991,-0.002441,-0.003671,-0.014283,-0.000006,0.000005,0.000000
2025-12-16 18:17:10.992,-0.002316,-0.003592,-0.013753,-0.000006,0.000005,0.000000
2025-12-16 18:17:10.993,-0.002251,-0.003600,-0.013565,-0.000006,0.000005,0.000000
2025-12-16 18:17:10.995,-0.002184,-0.003692,-0.013498,-0.000006,0.000005,0.000000
2025-12-16 18:17:10.996,-0.002160,-0.003739,-0.013493,-0.000006,0.000005,0.000000
2025-12-16 18:17:10.997,-0.002135,-0.003782,-0.013477,-0.000006,0.000005,0.000000
2025-12-16 18:17:10.998,-0.002109,-0.003822,-0.013445,-0.000006,0.000005,0.000000
2025-12-16 18:17:10.999,-0.002082,-0.003855,-0.013397,-0.000006,0.000005,0.000000
2025-12-16 18:17:11.000,-0.002042,-0.003889,-0.013321,-0.000006,0.000005,0.000000
2025-12-16 18:17:11.002,-0.001992,-0.003923,-0.013239,-0.000006,0.000005,0.000000
2025-12-16 18:17:11.003,-0.001938,-0.003951,-0.013154,-0.000006,0.000004,0.000000
2025-12-16 18:17:11.004,-0.001882,-0.003982,-0.013066,-0.000005,0.000004,0.000000
2025-12-16 18:17:11.005,-0.001825,-0.004012,-0.012973,-0.000005,0.000004,0.000000
2025-12-16 18:17:11.006,-0.001767,-0.004043,-0.012885,-0.000005,0.000004,0.000000
2025-12-16 18:17:11.007,-0.001704,-0.004072,-0.012802,-0.000005,0.000004,0.000000
2025-12-16 18:17:11.008,-0.001649,-0.004097,-0.012734,-0.000005,0.000004,0.000000
2025-12-16 18:17:11.009,-0.001589,-0.004127,-0.012666,-0.000005,0.000004,0.000000
2025-12-16 18:17:11.010,-0.001467,-0.004187,-0.012531,-0.000005,0.000004,-0.000000
2025-12-16 18:17:11.011,-0.001398,-0.004232,-0.012476,-0.000005,0.000004,-0.000000
2025-12-16 18:17:11.012,-0.001322,-0.004282,-0.012411,-0.000005,0.000004,-0.000000
2025-12-16 18:17:11.014,-0.001256,-0.004327,-0.012352,-0.000004,0.000004,-0.000000
2025-12-16 18:17:11.015,-0.001192,-0.004372,-0.012296,-0.000005,0.000004,-0.000000
2025-12-16 18:17:11.016,-0.001064,-0.004470,-0.012190,-0.000004,0.000004,-0.000000
2025-12-16 18:17:11.017,-0.000998,-0.004522,-0.012136,-0.000004,0.000004,-0.000000
2025-12-16 18:17:11.018,-0.000934,-0.004573,-0.012087,-0.000004,0.000004,-0.000000
2025-12-16 18:17:11.019,-0.000869,-0.004626,-0.012037,-0.000004,0.000004,-0.000000
2025-12-16 18:17:11.020,-0.000810,-0.004680,-0.011983,-0.000004,0.000004,-0.000000
2025-12-16 18:17:11.021,-0.000753,-0.004737,-0.011930,-0.000004,0.000004,-0.000000
2025-12-16 18:17:11.022,-0.000699,-0.004793,-0.011877,-0.000004,0.000004,-0.000000
2025-12-16 18:17:11.024,-0.000599,-0.004907,-0.011767,-0.000004,0.000003,-0.000000
2025-12-16 18:17:11.025,-0.000558,-0.004957,-0.011722,-0.000004,0.000003,-0.000000
2025-12-16 18:17:11.026,-0.000516,-0.005007,-0.011664,-0.000004,0.000003,-0.000000
2025-12-16 18:17:11.027,-0.000472,-0.005060,-0.011601,-0.000004,0.000003,-0.000001
2025-12-16 18:17:11.028,-0.000433,-0.005111,-0.011530,-0.000004,0.000003,-0.000000
2025-12-16 18:17:11.029,-0.000394,-0.005164,-0.011456,-0.000004,0.000003,-0.000000
2025-12-16 18:17:11.030,-0.000361,-0.005211,-0.011381,-0.000004,0.000003,-0.000001
2025-12-16 18:17:11.031,-0.000330,-0.005255,-0.011303,-0.000004,0.000003,-0.000001
2025-12-16 18:17:11.033,-0.000280,-0.005323,-0.011141,-0.000004,0.000003,-0.000001
2025-12-16 18:17:11.034,-0.000259,-0.005353,-0.011059,-0.000004,0.000003,-0.000001
2025-12-16 18:17:11.036,-0.000221,-0.005401,-0.010890,-0.000004,0.000003,-0.000001
2025-12-16 18:17:11.037,-0.000203,-0.005420,-0.010803,-0.000004,0.000003,-0.000001
2025-12-16 18:17:11.038,-0.000187,-0.005436,-0.010711,-0.000004,0.000003,-0.000001
2025-12-16 18:17:11.039,-0.000174,-0.005441,-0.010615,-0.000004,0.000003,-0.000001
2025-12-16 18:17:11.040,-0.000160,-0.005442,-0.010518,-0.000004,0.000003,-0.000001
2025-12-16 18:17:11.041,-0.000145,-0.005439,-0.010421,-0.000004,0.000003,-0.000001
2025-12-16 18:17:11.042,-0.000131,-0.005430,-0.010321,-0.000004,0.000003,-0.000001
2025-12-16 18:17:11.043,-0.000116,-0.005418,-0.010222,-0.000004,0.000003,-0.000001
2025-12-16 18:17:11.045,-0.000102,-0.005399,-0.010118,-0.000003,0.000003,-0.000001
2025-12-16 18:17:11.046,-0.000077,-0.005342,-0.009895,-0.000004,0.000003,-0.000001
2025-12-16 18:17:11.047,-0.000067,-0.005308,-0.009789,-0.000003,0.000003,-0.000001
2025-12-16 18:17:11.048,-0.000055,-0.005264,-0.009668,-0.000003,0.000003,-0.000001
2025-12-16 18:17:11.049,-0.000043,-0.005222,-0.009561,-0.000003,0.000003,-0.000001
2025-12-16 18:17:11.050,-0.000028,-0.005171,-0.009440,-0.000003,0.000003,-0.000001
2025-12-16 18:17:11.052,-0.000015,-0.005125,-0.009332,-0.000003,0.000002,-0.000001
2025-12-16 18:17:11.053,0.000015,-0.005033,-0.009128,-0.000003,0.000002,-0.000001
2025-12-16 18:17:11.054,0.000033,-0.004981,-0.009029,-0.000003,0.000002,-0.000001
2025-12-16 18:17:11.055,0.000048,-0.004922,-0.008927,-0.000003,0.000002,-0.000001
2025-12-16 18:17:11.056,0.000063,-0.004858,-0.008819,-0.000003,0.000002,-0.000001
2025-12-16 18:17:11.057,0.000074,-0.004789,-0.008712,-0.000003,0.000002,-0.000001
2025-12-16 18:17:11.058,0.000087,-0.004721,-0.008602,-0.000003,0.000002,-0.000001
2025-12-16 18:17:11.060,0.000114,-0.004585,-0.008355,-0.000003,0.000002,-0.000001
2025-12-16 18:17:11.061,0.000131,-0.004517,-0.008233,-0.000003,0.000002,-0.000001
2025-12-16 18:17:11.062,0.000145,-0.004449,-0.008111,-0.000003,0.000002,-0.000000
2025-12-16 18:17:11.063,0.000157,-0.004373,-0.007989,-0.000003,0.000002,-0.000000
2025-12-16 18:17:11.064,0.000165,-0.004302,-0.007878,-0.000003,0.000002,-0.000000
2025-12-16 18:17:11.065,0.000170,-0.004229,-0.007766,-0.000002,0.000002,-0.000000
2025-12-16 18:17:11.066,0.000175,-0.004160,-0.007650,-0.000003,0.000002,-0.000000
2025-12-16 18:17:11.068,0.000172,-0.004023,-0.007421,-0.000002,0.000002,-0.000000
2025-12-16 18:17:11.069,0.000165,-0.003953,-0.007306,-0.000002,0.000002,-0.000000
2025-12-16 18:17:11.070,0.000158,-0.003893,-0.007207,-0.000002,0.000002,-0.000000
2025-12-16 18:17:11.071,0.000150,-0.003823,-0.007094,-0.000002,0.000002,-0.000000
2025-12-16 18:17:11.072,0.000143,-0.003752,-0.006976,-0.000002,0.000002,-0.000000
2025-12-16 18:17:11.073,0.000139,-0.003685,-0.006859,-0.000002,0.000002,-0.000000
2025-12-16 18:17:11.074,0.000127,-0.003619,-0.006739,-0.000002,0.000002,-0.000000
2025-12-16 18:17:11.075,0.000114,-0.003557,-0.006621,-0.000002,0.000002,-0.000000
2025-12-16 18:17:11.079,0.000070,-0.003321,-0.006182,-0.000002,0.000002,-0.000000
2025-12-16 18:17:11.081,0.000054,-0.003215,-0.005966,-0.000002,0.000002,-0.000000
2025-12-16 18:17:11.082,0.000046,-0.003168,-0.005866,-0.000002,0.000002,-0.000000
2025-12-16 18:17:11.083,0.000038,-0.003122,-0.005755,-0.000002,0.000002,-0.000000
2025-12-16 18:17:11.084,0.000032,-0.003083,-0.005657,-0.000002,0.000002,-0.000000
2025-12-16 18:17:11.085,0.000029,-0.003051,-0.005570,-0.000002,0.000002,-0.000000
2025-12-16 18:17:11.086,0.000028,-0.003017,-0.005475,-0.000002,0.000002,-0.000000
2025-12-16 18:17:11.087,0.000029,-0.002988,-0.005392,-0.000002,0.000002,-0.000000
2025-12-16 18:17:11.089,0.000034,-0.002967,-0.005315,-0.000002,0.000001,-0.000000
2025-12-16 18:17:11.090,0.000043,-0.002935,-0.005157,-0.000002,0.000001,-0.000000
2025-12-16 18:17:11.091,0.000051,-0.002924,-0.005077,-0.000002,0.000001,-0.000000
2025-12-16 18:17:11.092,0.000056,-0.002915,-0.004999,-0.000002,0.000001,-0.000000
2025-12-16 18:17:11.093,0.000063,-0.002912,-0.004928,-0.000002,0.000001,-0.000000
2025-12-16 18:17:11.095,0.000074,-0.002905,-0.004794,-0.000002,0.000001,-0.000000
2025-12-16 18:17:11.096,0.000078,-0.002909,-0.004729,-0.000002,0.000001,-0.000000
2025-12-16 18:17:11.097,0.000085,-0.002916,-0.004658,-0.000002,0.000001,-0.000000
2025-12-16 18:17:11.098,0.000088,-0.002924,-0.004595,-0.000002,0.000001,-0.000000
2025-12-16 18:17:11.099,0.000089,-0.002934,-0.004536,-0.000002,0.000001,-0.000000
2025-12-16 18:17:11.100,0.000086,-0.002943,-0.004478,-0.000002,0.000001,-0.000000
2025-12-16 18:17:11.102,0.000082,-0.002953,-0.004421,-0.000002,0.000001,-0.000000
2025-12-16 18:17:11.103,0.000073,-0.002966,-0.004364,-0.000002,0.000001,-0.000000
2025-12-16 18:17:11.104,0.000061,-0.002979,-0.004310,-0.000001,0.000001,-0.000000
2025-12-16 18:17:11.106,0.000025,-0.003017,-0.004179,-0.000002,0.000001,-0.000000
2025-12-16 18:17:11.107,-0.000003,-0.003041,-0.004112,-0.000001,0.000001,-0.000000
2025-12-16 18:17:11.108,-0.000029,-0.003063,-0.004057,-0.000001,0.000001,-0.000000
2025-12-16 18:17:11.109,-0.000053,-0.003080,-0.004008,-0.000001,0.000001,-0.000000
2025-12-16 18:17:11.110,-0.000083,-0.003096,-0.003966,-0.000001,0.000001,-0.000000
2025-12-16 18:17:11.111,-0.000145,-0.003127,-0.003882,-0.000001,0.000001,-0.000000
2025-12-16 18:17:11.113,-0.000247,-0.003149,-0.003765,-0.000001,0.000001,-0.000000
2025-12-16 18:17:11.114,-0.000289,-0.003162,-0.003713,-0.000001,0.000001,-0.000000
2025-12-16 18:17:11.115,-0.000329,-0.003174,-0.003663,-0.000001,0.000001,-0.000000
2025-12-16 18:17:11.117,-0.000422,-0.003188,-0.003569,-0.000001,0.000001,-0.000000
2025-12-16 18:17:11.118,-0.000463,-0.003194,-0.003518,-0.000001,0.000001,-0.000000
2025-12-16 18:17:11.120,-0.000550,-0.003209,-0.003411,-0.000001,0.000001,-0.000000
2025-12-16 18:17:11.121,-0.000593,-0.003215,-0.003355,-0.000001,0.000001,-0.000000
2025-12-16 18:17:11.122,-0.000637,-0.003211,-0.003300,-0.000001,0.000001,-0.000000
2025-12-16 18:17:11.123,-0.000676,-0.003203,-0.003244,-0.000001,0.000001,-0.000000
2025-12-16 18:17:11.124,-0.000716,-0.003192,-0.003191,-0.000001,0.000001,-0.000000
2025-12-16 18:17:11.125,-0.000754,-0.003181,-0.003142,-0.000001,0.000001,-0.000000
2025-12-16 18:17:11.128,-0.000857,-0.003137,-0.002972,-0.000001,0.000001,-0.000000
2025-12-16 18:17:11.130,-0.000909,-0.003096,-0.002847,-0.000001,0.000001,-0.000000
2025-12-16 18:17:11.131,-0.000931,-0.003067,-0.002779,-0.000001,0.000001,-0.000000
2025-12-16 18:17:11.132,-0.000948,-0.003041,-0.002719,-0.000001,0.000001,-0.000000
2025-12-16 18:17:11.133,-0.000959,-0.003016,-0.002658,-0.000001,0.000001,-0.000000
2025-12-16 18:17:11.134,-0.000971,-0.002987,-0.002596,-0.000001,0.000001,-0.000000
2025-12-16 18:17:11.135,-0.000983,-0.002955,-0.002531,-0.000001,0.000001,-0.000000
2025-12-16 18:17:11.138,-0.001018,-0.002843,-0.002326,-0.000001,0.000001,-0.000000
2025-12-16 18:17:11.139,-0.001027,-0.002801,-0.002262,-0.000001,0.000001,-0.000000
2025-12-16 18:17:11.140,-0.001033,-0.002759,-0.002201,-0.000001,0.000001,-0.000000
2025-12-16 18:17:11.141,-0.001038,-0.002717,-0.002140,-0.000001,0.000001,-0.000000
2025-12-16 18:17:11.142,-0.001042,-0.002682,-0.002087,-0.000001,0.000001,-0.000000
2025-12-16 18:17:11.143,-0.001045,-0.002635,-0.002011,-0.000001,0.000001,-0.000000
2025-12-16 18:17:11.144,-0.001048,-0.002592,-0.001939,-0.000001,0.000001,-0.000000
2025-12-16 18:17:11.146,-0.001060,-0.002508,-0.001806,-0.000001,0.000001,-0.000000
2025-12-16 18:17:11.147,-0.001068,-0.002461,-0.001744,-0.000001,0.000001,-0.000000
2025-12-16 18:17:11.148,-0.001074,-0.002417,-0.001682,-0.000001,0.000001,-0.000000
2025-12-16 18:17:11.149,-0.001080,-0.002371,-0.001621,-0.000001,0.000001,-0.000000
2025-12-16 18:17:11.150,-0.001086,-0.002326,-0.001563,-0.000001,0.000001,-0.000000
2025-12-16 18:17:11.151,-0.001093,-0.002284,-0.001508,-0.000001,0.000001,-0.000000
2025-12-16 18:17:11.153,-0.001107,-0.002199,-0.001402,-0.000001,0.000001,-0.000000
2025-12-16 18:17:11.154,-0.001115,-0.002162,-0.001363,-0.000001,0.000001,-0.000000
2025-12-16 18:17:11.155,-0.001121,-0.002117,-0.001319,-0.000001,0.000001,0.000000
2025-12-16 18:17:11.156,-0.001131,-0.002072,-0.001277,-0.000001,0.000001,0.000000
2025-12-16 18:17:11.157,-0.001138,-0.002028,-0.001235,-0.000001,0.000001,0.000000
2025-12-16 18:17:11.159,-0.001151,-0.001941,-0.001153,-0.000001,0.000001,0.000000
2025-12-16 18:17:11.160,-0.001165,-0.001895,-0.001114,-0.000000,0.000001,0.000000
2025-12-16 18:17:11.161,-0.001186,-0.001838,-0.001081,-0.000000,0.000001,0.000000
2025-12-16 18:17:11.162,-0.001207,-0.001787,-0.001055,-0.000000,0.000001,0.000000
2025-12-16 18:17:11.163,-0.001233,-0.001738,-0.001034,-0.000000,0.000001,0.000000
2025-12-16 18:17:11.165,-0.001282,-0.001647,-0.000986,-0.000000,0.000001,0.000000
2025-12-16 18:17:11.166,-0.001313,-0.001601,-0.000962,-0.000000,0.000001,0.000000
2025-12-16 18:17:11.167,-0.001346,-0.001549,-0.000939,-0.000000,0.000001,0.000000
2025-12-16 18:17:11.168,-0.001382,-0.001496,-0.000919,-0.000000,0.000001,0.000000
2025-12-16 18:17:11.170,-0.001417,-0.001441,-0.000899,-0.000000,0.000001,0.000000
2025-12-16 18:17:11.171,-0.001493,-0.001335,-0.000868,-0.000000,0.000001,0.000000
2025-12-16 18:17:11.172,-0.001540,-0.001281,-0.000854,-0.000000,0.000001,0.000000
2025-12-16 18:17:11.173,-0.001589,-0.001225,-0.000831,-0.000000,0.000001,0.000000
2025-12-16 18:17:11.174,-0.001639,-0.001170,-0.000808,-0.000000,0.000001,0.000000
2025-12-16 18:17:11.175,-0.001685,-0.001115,-0.000788,-0.000000,0.000001,0.000000
2025-12-16 18:17:11.176,-0.001730,-0.001062,-0.000771,-0.000000,0.000001,0.000000
2025-12-16 18:17:11.178,-0.001828,-0.000952,-0.000741,-0.000000,0.000001,0.000000
2025-12-16 18:17:11.179,-0.001876,-0.000901,-0.000729,-0.000000,0.000001,0.000001
2025-12-16 18:17:11.181,-0.001956,-0.000805,-0.000699,-0.000000,0.000001,0.000001
2025-12-16 18:17:11.182,-0.001989,-0.000765,-0.000686,-0.000000,0.000001,0.000001
2025-12-16 18:17:11.183,-0.002019,-0.000724,-0.000677,-0.000000,0.000001,0.000001
2025-12-16 18:17:11.184,-0.002047,-0.000682,-0.000670,-0.000000,0.000001,0.000001
2025-12-16 18:17:11.186,-0.002070,-0.000646,-0.000665,-0.000000,0.000001,0.000001
2025-12-16 18:17:11.187,-0.002098,-0.000592,-0.000644,-0.000000,0.000001,0.000001
2025-12-16 18:17:11.188,-0.002106,-0.000575,-0.000632,-0.000000,0.000001,0.000001
2025-12-16 18:17:11.189,-0.002111,-0.000562,-0.000622,-0.000000,0.000001,0.000001
2025-12-16 18:17:11.191,-0.002120,-0.000537,-0.000603,-0.000000,0.000001,0.000001
2025-12-16 18:17:11.192,-0.002114,-0.000530,-0.000596,-0.000000,0.000001,0.000001
2025-12-16 18:17:11.193,-0.002103,-0.000530,-0.000594,-0.000000,0.000001,0.000001
2025-12-16 18:17:11.194,-0.002092,-0.000533,-0.000593,-0.000000,0.000001,0.000001
2025-12-16 18:17:11.195,-0.002078,-0.000544,-0.000589,-0.000000,0.000001,0.000001
2025-12-16 18:17:11.196,-0.002066,-0.000555,-0.000584,-0.000000,0.000001,0.000001
2025-12-16 18:17:11.198,-0.002050,-0.000569,-0.000579,-0.000000,0.000001,0.000001
2025-12-16 18:17:11.199,-0.002019,-0.000597,-0.000566,-0.000000,0.000001,0.000001
2025-12-16 18:17:11.202,-0.001978,-0.000639,-0.000545,-0.000000,0.000001,0.000001
2025-12-16 18:17:11.203,-0.001962,-0.000653,-0.000538,-0.000000,0.000001,0.000001
2025-12-16 18:17:11.205,-0.001936,-0.000685,-0.000519,-0.000000,0.000001,0.000001
2025-12-16 18:17:11.206,-0.001927,-0.000698,-0.000517,-0.000000,0.000001,0.000001
2025-12-16 18:17:11.211,-0.001900,-0.000741,-0.000533,-0.000000,0.000001,0.000001
2025-12-16 18:17:11.212,-0.001898,-0.000747,-0.000540,-0.000000,0.000001,0.000001
2025-12-16 18:17:11.213,-0.001895,-0.000748,-0.000552,-0.000000,0.000001,0.000001
2025-12-16 18:17:11.214,-0.001889,-0.000746,-0.000564,-0.000000,0.000001,0.000001
2025-12-16 18:17:11.215,-0.001886,-0.000740,-0.000581,-0.000000,0.000001,0.000001
2025-12-16 18:17:11.216,-0.001883,-0.000734,-0.000598,-0.000000,0.000001,0.000001
2025-12-16 18:17:11.218,-0.001884,-0.000721,-0.000624,-0.000000,0.000001,0.000001
2025-12-16 18:17:11.219,-0.001882,-0.000713,-0.000636,-0.000000,0.000001,0.000001
2025-12-16 18:17:11.220,-0.001881,-0.000698,-0.000656,-0.000000,0.000001,0.000001
2025-12-16 18:17:11.221,-0.001885,-0.000677,-0.000680,-0.000000,0.000001,0.000001
2025-12-16 18:17:11.222,-0.001890,-0.000656,-0.000702,-0.000000,0.000001,0.000001
2025-12-16 18:17:11.225,-0.001915,-0.000568,-0.000768,-0.000000,0.000001,0.000001
2025-12-16 18:17:11.226,-0.001924,-0.000541,-0.000782,-0.000000,0.000001,0.000001
2025-12-16 18:17:11.227,-0.001930,-0.000515,-0.000796,-0.000000,0.000001,0.000001
2025-12-16 18:17:11.228,-0.001934,-0.000484,-0.000808,-0.000000,0.000001,0.000001
2025-12-16 18:17:11.229,-0.001937,-0.000456,-0.000818,-0.000000,0.000001,0.000001
2025-12-16 18:17:11.233,-0.001967,-0.000349,-0.000837,-0.000000,0.000001,0.000001
2025-12-16 18:17:11.234,-0.001974,-0.000327,-0.000838,-0.000000,0.000001,0.000001
2025-12-16 18:17:11.235,-0.001985,-0.000299,-0.000841,-0.000000,0.000001,0.000001
2025-12-16 18:17:11.236,-0.001995,-0.000273,-0.000844,-0.000000,0.000001,0.000001
2025-12-16 18:17:11.237,-0.002006,-0.000247,-0.000844,-0.000000,0.000001,0.000001
2025-12-16 18:17:11.239,-0.002013,-0.000220,-0.000842,-0.000000,0.000001,0.000001
2025-12-16 18:17:11.240,-0.002021,-0.000168,-0.000839,-0.000000,0.000001,0.000001
2025-12-16 18:17:11.241,-0.002021,-0.000144,-0.000833,-0.000000,0.000001,0.000001
2025-12-16 18:17:11.242,-0.002021,-0.000123,-0.000822,-0.000000,0.000001,0.000001
2025-12-16 18:17:11.243,-0.002018,-0.000100,-0.000810,-0.000000,0.000001,0.000001
2025-12-16 18:17:11.244,-0.002015,-0.000081,-0.000799,-0.000000,0.000001,0.000001
2025-12-16 18:17:11.245,-0.002009,-0.000066,-0.000797,-0.000000,0.000001,0.000001
2025-12-16 18:17:11.246,-0.001999,-0.000054,-0.000798,-0.000000,0.000001,0.000001
2025-12-16 18:17:11.247,-0.001990,-0.000041,-0.000799,-0.000000,0.000001,0.000001
2025-12-16 18:17:11.248,-0.001984,-0.000029,-0.000800,-0.000000,0.000001,0.000001
2025-12-16 18:17:11.249,-0.001972,-0.000017,-0.000798,-0.000000,0.000001,0.000001
2025-12-16 18:17:11.250,-0.001956,-0.000001,-0.000794,-0.000000,0.000001,0.000001
2025-12-16 18:17:11.252,-0.001945,0.000017,-0.000792,-0.000000,0.000001,0.000001
2025-12-16 18:17:11.253,-0.001917,0.000059,-0.000792,-0.000000,0.000001,0.000001
2025-12-16 18:17:11.254,-0.001903,0.000077,-0.000793,-0.000000,0.000001,0.000001
2025-12-16 18:17:11.255,-0.001889,0.000091,-0.000790,-0.000000,0.000001,0.000001
2025-12-16 18:17:11.256,-0.001873,0.000108,-0.000786,-0.000000,0.000001,0.000001
2025-12-16 18:17:11.257,-0.001859,0.000127,-0.000785,-0.000000,0.000001,0.000001
2025-12-16 18:17:11.258,-0.001846,0.000145,-0.000785,-0.000000,0.000001,0.000001
2025-12-16 18:17:11.259,-0.001832,0.000165,-0.000786,-0.000000,0.000001,0.000001
2025-12-16 18:17:11.260,-0.001822,0.000186,-0.000788,-0.000000,0.000001,0.000001
2025-12-16 18:17:11.261,-0.001814,0.000210,-0.000790,-0.000000,0.000001,0.000001
2025-12-16 18:17:11.263,-0.001809,0.000234,-0.000793,-0.000000,0.000001,0.000001
2025-12-16 18:17:11.264,-0.001797,0.000284,-0.000802,-0.000000,0.000001,0.000001
2025-12-16 18:17:11.265,-0.001792,0.000306,-0.000808,-0.000000,0.000001,0.000001
2025-12-16 18:17:11.266,-0.001792,0.000333,-0.000812,-0.000000,0.000001,0.000001
2025-12-16 18:17:11.267,-0.001793,0.000361,-0.000822,-0.000000,0.000001,0.000001
2025-12-16 18:17:11.268,-0.001792,0.000390,-0.000837,-0.000000,0.000001,0.000001
2025-12-16 18:17:11.270,-0.001792,0.000414,-0.000852,-0.000000,0.000001,0.000001
2025-12-16 18:17:11.271,-0.001784,0.000457,-0.000886,-0.000000,0.000001,0.000001
2025-12-16 18:17:11.272,-0.001781,0.000475,-0.000910,-0.000000,0.000001,0.000001
2025-12-16 18:17:11.273,-0.001771,0.000490,-0.000935,-0.000000,0.000001,0.000001
2025-12-16 18:17:11.274,-0.001762,0.000503,-0.000957,-0.000000,0.000001,0.000001
2025-12-16 18:17:11.275,-0.001754,0.000521,-0.000979,-0.000000,0.000001,0.000001
2025-12-16 18:17:11.276,-0.001735,0.000534,-0.001009,-0.000000,0.000001,0.000001
2025-12-16 18:17:11.277,-0.001716,0.000544,-0.001037,-0.000000,0.000001,0.000001
2025-12-16 18:17:11.278,-0.001701,0.000551,-0.001065,-0.000000,0.000001,0.000001
2025-12-16 18:17:11.279,-0.001675,0.000555,-0.001107,-0.000000,0.000001,0.000001
2025-12-16 18:17:11.281,-0.001644,0.000550,-0.001153,-0.000000,0.000001,0.000001
2025-12-16 18:17:11.282,-0.001586,0.000533,-0.001244,-0.000000,0.000001,0.000001
2025-12-16 18:17:11.283,-0.001561,0.000525,-0.001288,-0.000000,0.000001,0.000001
2025-12-16 18:17:11.284,-0.001531,0.000512,-0.001327,-0.000000,0.000001,0.000001
2025-12-16 18:17:11.285,-0.001490,0.000492,-0.001370,-0.000000,0.000001,0.000001
2025-12-16 18:17:11.286,-0.001451,0.000472,-0.001409,-0.000000,0.000001,0.000001
2025-12-16 18:17:11.287,-0.001409,0.000446,-0.001456,-0.000000,0.000001,0.000001
2025-12-16 18:17:11.288,-0.001362,0.000415,-0.001502,-0.000001,0.000001,0.000001
2025-12-16 18:17:11.289,-0.001320,0.000388,-0.001540,-0.000001,0.000001,0.000001
2025-12-16 18:17:11.290,-0.001275,0.000353,-0.001579,-0.000001,0.000001,0.000001
2025-12-16 18:17:11.292,-0.001235,0.000322,-0.001613,-0.000001,0.000001,0.000001
2025-12-16 18:17:11.293,-0.001190,0.000280,-0.001651,-0.000001,0.000001,0.000001
2025-12-16 18:17:11.294,-0.001147,0.000239,-0.001695,-0.000001,0.000001,0.000001
2025-12-16 18:17:11.295,-0.001070,0.000162,-0.001781,-0.000001,0.000001,0.000001
2025-12-16 18:17:11.296,-0.001039,0.000125,-0.001812,-0.000001,0.000001,0.000001
2025-12-16 18:17:11.297,-0.001007,0.000086,-0.001841,-0.000001,0.000001,0.000001
2025-12-16 18:17:11.298,-0.000976,0.000037,-0.001877,-0.000001,0.000001,0.000000
2025-12-16 18:17:11.299,-0.000943,-0.000014,-0.001911,-0.000001,0.000001,0.000000
2025-12-16 18:17:11.300,-0.000903,-0.000067,-0.001947,-0.000001,0.000001,0.000000
2025-12-16 18:17:11.301,-0.000864,-0.000121,-0.001982,-0.000001,0.000001,0.000000
2025-12-16 18:17:11.302,-0.000824,-0.000174,-0.002014,-0.000001,0.000001,0.000000
2025-12-16 18:17:11.304,-0.000790,-0.000225,-0.002050,-0.000001,0.000001,0.000000
2025-12-16 18:17:11.305,-0.000730,-0.000312,-0.002119,-0.000001,0.000001,0.000000
2025-12-16 18:17:11.306,-0.000697,-0.000359,-0.002151,-0.000001,0.000001,0.000000
2025-12-16 18:17:11.307,-0.000664,-0.000404,-0.002185,-0.000001,0.000001,0.000000
2025-12-16 18:17:11.308,-0.000636,-0.000446,-0.002221,-0.000001,0.000001,0.000000
2025-12-16 18:17:11.309,-0.000606,-0.000490,-0.002258,-0.000001,0.000001,0.000000
2025-12-16 18:17:11.310,-0.000576,-0.000532,-0.002299,-0.000001,0.000001,0.000000
2025-12-16 18:17:11.311,-0.000547,-0.000575,-0.002334,-0.000001,0.000001,0.000000
2025-12-16 18:17:11.312,-0.000523,-0.000611,-0.002363,-0.000001,0.000001,0.000000
2025-12-16 18:17:11.314,-0.000492,-0.000652,-0.002393,-0.000001,0.000001,0.000000
2025-12-16 18:17:11.315,-0.000461,-0.000688,-0.002431,-0.000001,0.000001,0.000000
2025-12-16 18:17:11.316,-0.000405,-0.000752,-0.002515,-0.000001,0.000001,0.000000
2025-12-16 18:17:11.317,-0.000385,-0.000780,-0.002558,-0.000001,0.000001,0.000000
2025-12-16 18:17:11.318,-0.000366,-0.000803,-0.002600,-0.000001,0.000001,0.000000
2025-12-16 18:17:11.319,-0.000351,-0.000821,-0.002636,-0.000001,0.000001,0.000000
2025-12-16 18:17:11.320,-0.000345,-0.000837,-0.002671,-0.000001,0.000001,0.000000
2025-12-16 18:17:11.322,-0.000337,-0.000861,-0.002748,-0.000001,0.000001,0.000000
2025-12-16 18:17:11.323,-0.000342,-0.000868,-0.002787,-0.000001,0.000001,0.000000
2025-12-16 18:17:11.324,-0.000352,-0.000870,-0.002828,-0.000001,0.000001,0.000000
2025-12-16 18:17:11.325,-0.000363,-0.000870,-0.002868,-0.000001,0.000001,0.000000
2025-12-16 18:17:11.327,-0.000383,-0.000867,-0.002934,-0.000001,0.000001,0.000000
2025-12-16 18:17:11.328,-0.000393,-0.000864,-0.002961,-0.000001,0.000001,0.000000
2025-12-16 18:17:11.329,-0.000409,-0.000855,-0.002990,-0.000001,0.000001,0.000000
2025-12-16 18:17:11.330,-0.000425,-0.000845,-0.003015,-0.000001,0.000001,0.000000
2025-12-16 18:17:11.331,-0.000450,-0.000829,-0.003050,-0.000001,0.000001,0.000000
2025-12-16 18:17:11.332,-0.000475,-0.000812,-0.003083,-0.000001,0.000001,0.000000
2025-12-16 18:17:11.334,-0.000517,-0.000781,-0.003139,-0.000001,0.000001,0.000000
2025-12-16 18:17:11.335,-0.000537,-0.000762,-0.003172,-0.000001,0.000001,0.000000
2025-12-16 18:17:11.336,-0.000558,-0.000743,-0.003208,-0.000001,0.000001,0.000000
2025-12-16 18:17:11.337,-0.000574,-0.000723,-0.003247,-0.000001,0.000001,0.000000
2025-12-16 18:17:11.339,-0.000586,-0.000706,-0.003282,-0.000001,0.000001,0.000000
2025-12-16 18:17:11.340,-0.000607,-0.000677,-0.003346,-0.000001,0.000001,0.000000
2025-12-16 18:17:11.341,-0.000622,-0.000658,-0.003384,-0.000001,0.000001,0.000000
2025-12-16 18:17:11.342,-0.000637,-0.000639,-0.003420,-0.000001,0.000001,0.000000
2025-12-16 18:17:11.343,-0.000650,-0.000624,-0.003449,-0.000001,0.000001,0.000000
2025-12-16 18:17:11.344,-0.000663,-0.000610,-0.003483,-0.000001,0.000001,0.000000
2025-12-16 18:17:11.345,-0.000675,-0.000600,-0.003518,-0.000001,0.000001,0.000000
2025-12-16 18:17:11.346,-0.000686,-0.000594,-0.003553,-0.000001,0.000001,0.000000
2025-12-16 18:17:11.348,-0.000699,-0.000581,-0.003632,-0.000001,0.000001,0.000000
2025-12-16 18:17:11.349,-0.000707,-0.000575,-0.003676,-0.000001,0.000001,0.000000
2025-12-16 18:17:11.350,-0.000718,-0.000569,-0.003729,-0.000001,0.000001,0.000000
2025-12-16 18:17:11.351,-0.000731,-0.000566,-0.003792,-0.000001,0.000002,0.000000
2025-12-16 18:17:11.352,-0.000742,-0.000564,-0.003849,-0.000001,0.000002,0.000000
2025-12-16 18:17:11.353,-0.000755,-0.000562,-0.003906,-0.000001,0.000002,0.000000
2025-12-16 18:17:11.355,-0.000773,-0.000559,-0.003965,-0.000001,0.000002,0.000000
2025-12-16 18:17:11.356,-0.000821,-0.000557,-0.004088,-0.000001,0.000002,0.000000
2025-12-16 18:17:11.357,-0.000850,-0.000556,-0.004156,-0.000001,0.000002,0.000001
2025-12-16 18:17:11.358,-0.000881,-0.000557,-0.004222,-0.000001,0.000002,0.000000
2025-12-16 18:17:11.359,-0.000908,-0.000559,-0.004283,-0.000001,0.000002,0.000001
2025-12-16 18:17:11.360,-0.000932,-0.000564,-0.004345,-0.000001,0.000002,0.000000
2025-12-16 18:17:11.361,-0.000921,-0.000552,-0.004259,-0.000001,0.000002,0.000000
2025-12-16 18:17:11.362,-0.000939,-0.000559,-0.004292,-0.000001,0.000002,0.000001
2025-12-16 18:17:11.364,-0.000966,-0.000572,-0.004368,-0.000001,0.000002,0.000001
2025-12-16 18:17:11.365,-0.001032,-0.000599,-0.004555,-0.000002,0.000002,0.000000
2025-12-16 18:17:11.366,-0.001059,-0.000611,-0.004638,-0.000002,0.000002,0.000001
2025-12-16 18:17:11.367,-0.001097,-0.000623,-0.004725,-0.000002,0.000002,0.000001
2025-12-16 18:17:11.368,-0.001140,-0.000632,-0.004811,-0.000002,0.000002,0.000001
2025-12-16 18:17:11.369,-0.001178,-0.000639,-0.004883,-0.000002,0.000002,0.000001
2025-12-16 18:17:11.370,-0.001215,-0.000649,-0.004960,-0.000002,0.000002,0.000001
2025-12-16 18:17:11.371,-0.001252,-0.000662,-0.005036,-0.000002,0.000002,0.000001
2025-12-16 18:17:11.373,-0.001286,-0.000671,-0.005110,-0.000002,0.000002,0.000001
2025-12-16 18:17:11.374,-0.001346,-0.000689,-0.005248,-0.000002,0.000002,0.000001
2025-12-16 18:17:11.375,-0.001376,-0.000702,-0.005324,-0.000002,0.000002,0.000001
2025-12-16 18:17:11.376,-0.001406,-0.000717,-0.005397,-0.000002,0.000002,0.000001
2025-12-16 18:17:11.377,-0.001432,-0.000729,-0.005458,-0.000002,0.000002,0.000001
2025-12-16 18:17:11.378,-0.001459,-0.000736,-0.005532,-0.000002,0.000002,0.000001
2025-12-16 18:17:11.379,-0.001487,-0.000743,-0.005608,-0.000002,0.000002,0.000001
2025-12-16 18:17:11.380,-0.001516,-0.000746,-0.005684,-0.000002,0.000002,0.000001
2025-12-16 18:17:11.381,-0.001541,-0.000750,-0.005763,-0.000002,0.000002,0.000001
2025-12-16 18:17:11.382,-0.001570,-0.000754,-0.005845,-0.000002,0.000002,0.000001
2025-12-16 18:17:11.384,-0.001628,-0.000768,-0.006003,-0.000002,0.000003,0.000001
2025-12-16 18:17:11.385,-0.001647,-0.000780,-0.006084,-0.000002,0.000003,0.000001
2025-12-16 18:17:11.386,-0.001660,-0.000791,-0.006165,-0.000002,0.000003,0.000001
2025-12-16 18:17:11.387,-0.001668,-0.000799,-0.006238,-0.000002,0.000003,0.000001
2025-12-16 18:17:11.388,-0.001682,-0.000804,-0.006307,-0.000002,0.000003,0.000001
2025-12-16 18:17:11.389,-0.001696,-0.000809,-0.006374,-0.000002,0.000003,0.000001
2025-12-16 18:17:11.390,-0.001709,-0.000814,-0.006434,-0.000002,0.000003,0.000001
2025-12-16 18:17:11.392,-0.001721,-0.000821,-0.006496,-0.000002,0.000003,0.000001
2025-12-16 18:17:11.393,-0.001749,-0.000825,-0.006618,-0.000002,0.000003,0.000001
2025-12-16 18:17:11.394,-0.001760,-0.000825,-0.006686,-0.000002,0.000003,0.000001
2025-12-16 18:17:11.395,-0.001768,-0.000826,-0.006746,-0.000002,0.000003,0.000001
2025-12-16 18:17:11.396,-0.001774,-0.000826,-0.006793,-0.000002,0.000003,0.000001
2025-12-16 18:17:11.397,-0.001782,-0.000825,-0.006841,-0.000002,0.000003,0.000001
2025-12-16 18:17:11.398,-0.001789,-0.000822,-0.006880,-0.000003,0.000003,0.000001
2025-12-16 18:17:11.399,-0.001798,-0.000818,-0.006923,-0.000003,0.000003,0.000001
2025-12-16 18:17:11.401,-0.001813,-0.000812,-0.006966,-0.000003,0.000003,0.000001
2025-12-16 18:17:11.402,-0.001840,-0.000801,-0.007030,-0.000003,0.000003,0.000001
2025-12-16 18:17:11.403,-0.001852,-0.000791,-0.007066,-0.000003,0.000003,0.000001
2025-12-16 18:17:11.404,-0.001863,-0.000777,-0.007101,-0.000003,0.000003,0.000001
2025-12-16 18:17:11.405,-0.001873,-0.000763,-0.007131,-0.000003,0.000003,0.000001
2025-12-16 18:17:11.406,-0.001890,-0.000746,-0.007162,-0.000003,0.000003,0.000001
2025-12-16 18:17:11.407,-0.001909,-0.000728,-0.007196,-0.000003,0.000003,0.000001
2025-12-16 18:17:11.408,-0.001926,-0.000712,-0.007225,-0.000003,0.000003,0.000001
2025-12-16 18:17:11.409,-0.001942,-0.000695,-0.007251,-0.000003,0.000003,0.000001
2025-12-16 18:17:11.411,-0.001958,-0.000679,-0.007283,-0.000003,0.000003,0.000001
2025-12-16 18:17:11.412,-0.001989,-0.000649,-0.007351,-0.000003,0.000003,0.000001
2025-12-16 18:17:11.413,-0.002007,-0.000636,-0.007382,-0.000003,0.000003,0.000001
2025-12-16 18:17:11.414,-0.002028,-0.000619,-0.007413,-0.000003,0.000003,0.000001
2025-12-16 18:17:11.415,-0.002046,-0.000602,-0.007439,-0.000003,0.000003,0.000001
2025-12-16 18:17:11.416,-0.002065,-0.000586,-0.007470,-0.000003,0.000003,0.000001
2025-12-16 18:17:11.417,-0.002087,-0.000571,-0.007509,-0.000003,0.000003,0.000001
2025-12-16 18:17:11.418,-0.002108,-0.000560,-0.007545,-0.000003,0.000003,0.000001
2025-12-16 18:17:11.419,-0.002131,-0.000549,-0.007580,-0.000003,0.000003,0.000001
2025-12-16 18:17:11.421,-0.002151,-0.000545,-0.007616,-0.000003,0.000003,0.000001
2025-12-16 18:17:11.422,-0.002187,-0.000537,-0.007694,-0.000003,0.000003,0.000001
2025-12-16 18:17:11.423,-0.002200,-0.000536,-0.007731,-0.000003,0.000003,0.000001
2025-12-16 18:17:11.424,-0.002220,-0.000536,-0.007770,-0.000003,0.000003,0.000001
2025-12-16 18:17:11.425,-0.002240,-0.000537,-0.007804,-0.000003,0.000003,0.000001
2025-12-16 18:17:11.426,-0.002185,-0.000522,-0.007587,-0.000003,0.000003,0.000001
2025-12-16 18:17:11.427,-0.002193,-0.000515,-0.007572,-0.000003,0.000003,0.000001
2025-12-16 18:17:11.428,-0.002233,-0.000509,-0.007656,-0.000003,0.000003,0.000001
2025-12-16 18:17:11.429,-0.002273,-0.000503,-0.007739,-0.000003,0.000003,0.000001
2025-12-16 18:17:11.430,-0.002316,-0.000502,-0.007855,-0.000003,0.000003,0.000001
2025-12-16 18:17:11.432,-0.002361,-0.000496,-0.007960,-0.000003,0.000004,0.000001
2025-12-16 18:17:11.433,-0.002433,-0.000485,-0.008138,-0.000003,0.000004,0.000001
2025-12-16 18:17:11.434,-0.002471,-0.000480,-0.008222,-0.000003,0.000004,0.000001
2025-12-16 18:17:11.435,-0.002506,-0.000477,-0.008294,-0.000003,0.000004,0.000001
2025-12-16 18:17:11.437,-0.002572,-0.000453,-0.008432,-0.000003,0.000004,0.000001
2025-12-16 18:17:11.438,-0.002603,-0.000441,-0.008496,-0.000003,0.000004,0.000001
2025-12-16 18:17:11.439,-0.002634,-0.000430,-0.008560,-0.000003,0.000004,0.000001
2025-12-16 18:17:11.440,-0.002666,-0.000419,-0.008625,-0.000003,0.000004,0.000001
2025-12-16 18:17:11.441,-0.002696,-0.000403,-0.008696,-0.000003,0.000004,0.000001
2025-12-16 18:17:11.442,-0.002730,-0.000383,-0.008770,-0.000003,0.000004,0.000001
2025-12-16 18:17:11.443,-0.002768,-0.000365,-0.008849,-0.000003,0.000004,0.000001
2025-12-16 18:17:11.444,-0.002805,-0.000348,-0.008929,-0.000004,0.000004,0.000001
2025-12-16 18:17:11.446,-0.002885,-0.000312,-0.009100,-0.000004,0.000004,0.000001
2025-12-16 18:17:11.447,-0.002926,-0.000298,-0.009192,-0.000004,0.000004,0.000001
2025-12-16 18:17:11.448,-0.002962,-0.000288,-0.009277,-0.000004,0.000004,0.000001
2025-12-16 18:17:11.449,-0.002998,-0.000280,-0.009357,-0.000004,0.000004,0.000001
2025-12-16 18:17:11.450,-0.003038,-0.000270,-0.009440,-0.000004,0.000004,0.000002
2025-12-16 18:17:11.451,-0.003083,-0.000255,-0.009523,-0.000004,0.000004,0.000002
2025-12-16 18:17:11.452,-0.003131,-0.000241,-0.009609,-0.000004,0.000004,0.000001
2025-12-16 18:17:11.454,-0.003227,-0.000217,-0.009774,-0.000004,0.000005,0.000002
2025-12-16 18:17:11.455,-0.003278,-0.000203,-0.009858,-0.000004,0.000005,0.000002
2025-12-16 18:17:11.456,-0.003330,-0.000194,-0.009937,-0.000004,0.000005,0.000002
2025-12-16 18:17:11.457,-0.003392,-0.000183,-0.010030,-0.000004,0.000005,0.000002
2025-12-16 18:17:11.458,-0.003448,-0.000173,-0.010114,-0.000004,0.000005,0.000002
2025-12-16 18:17:11.459,-0.003505,-0.000164,-0.010191,-0.000004,0.000005,0.000002
2025-12-16 18:17:11.460,-0.003558,-0.000155,-0.010259,-0.000004,0.000005,0.000002
2025-12-16 18:17:11.461,-0.003612,-0.000151,-0.010320,-0.000005,0.000005,0.000002
2025-12-16 18:17:11.462,-0.003664,-0.000147,-0.010379,-0.000005,0.000005,0.000002
2025-12-16 18:17:11.463,-0.003720,-0.000140,-0.010436,-0.000005,0.000005,0.000002
2025-12-16 18:17:11.465,-0.003825,-0.000128,-0.010538,-0.000005,0.000005,0.000002
2025-12-16 18:17:11.466,-0.003873,-0.000120,-0.010585,-0.000005,0.000005,0.000002
2025-12-16 18:17:11.467,-0.003925,-0.000113,-0.010634,-0.000005,0.000005,0.000002
2025-12-16 18:17:11.468,-0.003978,-0.000101,-0.010684,-0.000005,0.000005,0.000002
2025-12-16 18:17:11.469,-0.004036,-0.000086,-0.010739,-0.000005,0.000005,0.000002
2025-12-16 18:17:11.470,-0.004088,-0.000071,-0.010786,-0.000005,0.000006,0.000002
2025-12-16 18:17:11.471,-0.004132,-0.000059,-0.010823,-0.000006,0.000006,0.000002
2025-12-16 18:17:11.472,-0.004171,-0.000048,-0.010861,-0.000005,0.000006,0.000002
2025-12-16 18:17:11.474,-0.004252,-0.000026,-0.010927,-0.000006,0.000006,0.000002
2025-12-16 18:17:11.475,-0.004292,-0.000013,-0.010954,-0.000005,0.000006,0.000002
2025-12-16 18:17:11.476,-0.004330,0.000000,-0.010988,-0.000005,0.000006,0.000002
2025-12-16 18:17:11.477,-0.004367,0.000015,-0.011019,-0.000006,0.000006,0.000002
2025-12-16 18:17:11.478,-0.004400,0.000031,-0.011047,-0.000006,0.000006,0.000002
2025-12-16 18:17:11.479,-0.004432,0.000048,-0.011076,-0.000006,0.000006,0.000002
2025-12-16 18:17:11.480,-0.004463,0.000066,-0.011107,-0.000006,0.000006,0.000002
2025-12-16 18:17:11.481,-0.004493,0.000084,-0.011131,-0.000006,0.000006,0.000002
2025-12-16 18:17:11.482,-0.004527,0.000106,-0.011156,-0.000006,0.000006,0.000002
2025-12-16 18:17:11.484,-0.004559,0.000130,-0.011180,-0.000006,0.000006,0.000002
2025-12-16 18:17:11.485,-0.004631,0.000174,-0.011228,-0.000006,0.000006,0.000002
2025-12-16 18:17:11.487,-0.004708,0.000219,-0.011269,-0.000006,0.000006,0.000002
2025-12-16 18:17:11.488,-0.004743,0.000240,-0.011283,-0.000006,0.000006,0.000002
2025-12-16 18:17:11.489,-0.004772,0.000256,-0.011294,-0.000006,0.000006,0.000002
2025-12-16 18:17:11.490,-0.004809,0.000278,-0.011311,-0.000006,0.000006,0.000002
2025-12-16 18:17:11.491,-0.004852,0.000304,-0.011331,-0.000006,0.000006,0.000002
2025-12-16 18:17:11.492,-0.004900,0.000336,-0.011342,-0.000006,0.000006,0.000002
2025-12-16 18:17:11.495,-0.005055,0.000431,-0.011372,-0.000006,0.000006,0.000002
2025-12-16 18:17:11.496,-0.005108,0.000459,-0.011377,-0.000006,0.000006,0.000003
2025-12-16 18:17:11.497,-0.005160,0.000485,-0.011381,-0.000006,0.000006,0.000003
2025-12-16 18:17:11.498,-0.005230,0.000517,-0.011386,-0.000006,0.000006,0.000003
2025-12-16 18:17:11.499,-0.005296,0.000546,-0.011392,-0.000006,0.000006,0.000003
2025-12-16 18:17:11.501,-0.005354,0.000569,-0.011395,-0.000006,0.000006,0.000003
2025-12-16 18:17:11.502,-0.005455,0.000603,-0.011403,-0.000006,0.000006,0.000003
2025-12-16 18:17:11.503,-0.005514,0.000618,-0.011409,-0.000006,0.000006,0.000003
2025-12-16 18:17:11.504,-0.005569,0.000629,-0.011418,-0.000006,0.000007,0.000003
2025-12-16 18:17:11.505,-0.005630,0.000634,-0.011422,-0.000006,0.000007,0.000003
2025-12-16 18:17:11.507,-0.005695,0.000642,-0.011430,-0.000006,0.000007,0.000003
2025-12-16 18:17:11.509,-0.005818,0.000649,-0.011450,-0.000006,0.000007,0.000003
2025-12-16 18:17:11.510,-0.005876,0.000647,-0.011460,-0.000006,0.000007,0.000003
2025-12-16 18:17:11.511,-0.005931,0.000638,-0.011463,-0.000006,0.000007,0.000003
2025-12-16 18:17:11.513,-0.006046,0.000599,-0.011487,-0.000006,0.000007,0.000003
2025-12-16 18:17:11.514,-0.006100,0.000578,-0.011500,-0.000006,0.000007,0.000003
2025-12-16 18:17:11.516,-0.006276,0.000500,-0.011551,-0.000007,0.000007,0.000003
2025-12-16 18:17:11.518,-0.006396,0.000437,-0.011593,-0.000007,0.000007,0.000003
2025-12-16 18:17:11.519,-0.006452,0.000409,-0.011612,-0.000007,0.000007,0.000003
2025-12-16 18:17:11.522,-0.006614,0.000306,-0.011694,-0.000007,0.000007,0.000003
2025-12-16 18:17:11.525,-0.006801,0.000188,-0.011792,-0.000007,0.000007,0.000003
2025-12-16 18:17:11.526,-0.006883,0.000139,-0.011837,-0.000007,0.000007,0.000003
2025-12-16 18:17:11.527,-0.006967,0.000087,-0.011889,-0.000007,0.000007,0.000003
2025-12-16 18:17:11.529,-0.007105,-0.000002,-0.011981,-0.000007,0.000007,0.000003
2025-12-16 18:17:11.530,-0.007178,-0.000040,-0.012031,-0.000007,0.000007,0.000003
2025-12-16 18:17:11.531,-0.007255,-0.000075,-0.012081,-0.000007,0.000007,0.000003
2025-12-16 18:17:11.533,-0.007390,-0.000142,-0.012171,-0.000007,0.000007,0.000003
2025-12-16 18:17:11.537,-0.007727,-0.000352,-0.012405,-0.000007,0.000008,0.000003
2025-12-16 18:17:11.538,-0.007796,-0.000400,-0.012458,-0.000008,0.000008,0.000003
2025-12-16 18:17:11.539,-0.007868,-0.000450,-0.012509,-0.000008,0.000008,0.000003
2025-12-16 18:17:11.543,-0.008122,-0.000668,-0.012697,-0.000008,0.000008,0.000003
2025-12-16 18:17:11.544,-0.008176,-0.000718,-0.012734,-0.000008,0.000008,0.000003
2025-12-16 18:17:11.545,-0.008222,-0.000764,-0.012773,-0.000008,0.000008,0.000003
2025-12-16 18:17:11.547,-0.008299,-0.000867,-0.012835,-0.000008,0.000008,0.000003
2025-12-16 18:17:11.548,-0.008333,-0.000922,-0.012860,-0.000008,0.000008,0.000003
2025-12-16 18:17:11.550,-0.008395,-0.001028,-0.012903,-0.000008,0.000008,0.000003
2025-12-16 18:17:11.553,-0.008469,-0.001202,-0.012976,-0.000008,0.000008,0.000003
2025-12-16 18:17:11.555,-0.008492,-0.001327,-0.013000,-0.000008,0.000008,0.000003
2025-12-16 18:17:11.557,-0.008503,-0.001439,-0.013013,-0.000008,0.000008,0.000003
2025-12-16 18:17:11.558,-0.008503,-0.001494,-0.013019,-0.000008,0.000008,0.000003
2025-12-16 18:17:11.559,-0.008501,-0.001548,-0.013023,-0.000008,0.000008,0.000003
2025-12-16 18:17:11.560,-0.008501,-0.001609,-0.013028,-0.000008,0.000008,0.000003
2025-12-16 18:17:11.565,-0.008515,-0.001863,-0.013030,-0.000008,0.000008,0.000003
2025-12-16 18:17:11.566,-0.008521,-0.001914,-0.013024,-0.000008,0.000008,0.000003
2025-12-16 18:17:11.568,-0.008531,-0.001965,-0.013021,-0.000008,0.000008,0.000003
2025-12-16 18:17:11.569,-0.008550,-0.002053,-0.013018,-0.000008,0.000008,0.000003
2025-12-16 18:17:11.570,-0.008563,-0.002095,-0.013017,-0.000008,0.000008,0.000003
2025-12-16 18:17:11.571,-0.008577,-0.002135,-0.013014,-0.000008,0.000008,0.000003
2025-12-16 18:17:11.572,-0.008591,-0.002172,-0.013011,-0.000008,0.000008,0.000003
2025-12-16 18:17:11.575,-0.008643,-0.002289,-0.012985,-0.000008,0.000008,0.000003
2025-12-16 18:17:11.578,-0.008672,-0.002395,-0.012941,-0.000008,0.000008,0.000003
2025-12-16 18:17:11.579,-0.008677,-0.002436,-0.012917,-0.000008,0.000008,0.000003
2025-12-16 18:17:11.580,-0.008678,-0.002476,-0.012893,-0.000008,0.000008,0.000003
2025-12-16 18:17:11.584,-0.008662,-0.002621,-0.012781,-0.000008,0.000007,0.000003
2025-12-16 18:17:11.586,-0.008635,-0.002706,-0.012734,-0.000007,0.000007,0.000003
2025-12-16 18:17:11.587,-0.008613,-0.002756,-0.012708,-0.000007,0.000007,0.000003
2025-12-16 18:17:11.588,-0.008588,-0.002809,-0.012680,-0.000008,0.000007,0.000003
2025-12-16 18:17:11.591,-0.008490,-0.002964,-0.012590,-0.000007,0.000007,0.000002
2025-12-16 18:17:11.592,-0.008453,-0.003017,-0.012556,-0.000007,0.000007,0.000002
2025-12-16 18:17:11.593,-0.008414,-0.003072,-0.012526,-0.000007,0.000007,0.000002
2025-12-16 18:17:11.594,-0.008374,-0.003131,-0.012500,-0.000007,0.000007,0.000002
2025-12-16 18:17:11.597,-0.008242,-0.003306,-0.012444,-0.000007,0.000007,0.000002
2025-12-16 18:17:11.598,-0.008198,-0.003370,-0.012430,-0.000007,0.000007,0.000002
2025-12-16 18:17:11.599,-0.008153,-0.003435,-0.012425,-0.000007,0.000007,0.000002
2025-12-16 18:17:11.600,-0.008110,-0.003501,-0.012423,-0.000007,0.000007,0.000002
2025-12-16 18:17:11.601,-0.008066,-0.003573,-0.012417,-0.000007,0.000007,0.000002
2025-12-16 18:17:11.603,-0.008021,-0.003644,-0.012419,-0.000007,0.000007,0.000002
2025-12-16 18:17:11.604,-0.007926,-0.003791,-0.012431,-0.000007,0.000007,0.000002
2025-12-16 18:17:11.605,-0.007878,-0.003863,-0.012437,-0.000007,0.000006,0.000002
2025-12-16 18:17:11.607,-0.007787,-0.004016,-0.012463,-0.000006,0.000007,0.000002
2025-12-16 18:17:11.608,-0.007748,-0.004085,-0.012474,-0.000007,0.000006,0.000002
2025-12-16 18:17:11.609,-0.007706,-0.004158,-0.012483,-0.000006,0.000006,0.000002
2025-12-16 18:17:11.610,-0.007658,-0.004237,-0.012498,-0.000007,0.000006,0.000002
2025-12-16 18:17:11.612,-0.007569,-0.004380,-0.012530,-0.000006,0.000006,0.000002
2025-12-16 18:17:11.613,-0.007523,-0.004454,-0.012547,-0.000006,0.000006,0.000002
2025-12-16 18:17:11.614,-0.007492,-0.004501,-0.012559,-0.000006,0.000006,0.000002
2025-12-16 18:17:11.615,-0.007453,-0.004556,-0.012574,-0.000006,0.000006,0.000002
2025-12-16 18:17:11.616,-0.007409,-0.004612,-0.012590,-0.000006,0.000006,0.000002
2025-12-16 18:17:11.617,-0.007363,-0.004668,-0.012610,-0.000006,0.000006,0.000002
2025-12-16 18:17:11.620,-0.007222,-0.004831,-0.012659,-0.000006,0.000006,0.000002
2025-12-16 18:17:11.621,-0.007173,-0.004879,-0.012681,-0.000006,0.000006,0.000002
2025-12-16 18:17:11.622,-0.007129,-0.004919,-0.012703,-0.000006,0.000006,0.000002
2025-12-16 18:17:11.624,-0.007010,-0.005018,-0.012744,-0.000006,0.000006,0.000002
2025-12-16 18:17:11.625,-0.006954,-0.005061,-0.012761,-0.000006,0.000006,0.000001
2025-12-16 18:17:11.626,-0.006887,-0.005108,-0.012781,-0.000006,0.000006,0.000001
2025-12-16 18:17:11.627,-0.006813,-0.005160,-0.012803,-0.000006,0.000006,0.000001
2025-12-16 18:17:11.628,-0.006739,-0.005207,-0.012824,-0.000005,0.000006,0.000001
2025-12-16 18:17:11.630,-0.006601,-0.005288,-0.012867,-0.000005,0.000006,0.000001
2025-12-16 18:17:11.631,-0.006525,-0.005328,-0.012901,-0.000005,0.000006,0.000001
2025-12-16 18:17:11.632,-0.006452,-0.005368,-0.012930,-0.000006,0.000006,0.000001
2025-12-16 18:17:11.634,-0.006298,-0.005447,-0.012995,-0.000005,0.000006,0.000001
2025-12-16 18:17:11.635,-0.006219,-0.005487,-0.013030,-0.000005,0.000006,0.000001
2025-12-16 18:17:11.637,-0.006152,-0.005521,-0.013061,-0.000005,0.000006,0.000001
2025-12-16 18:17:11.638,-0.005985,-0.005594,-0.013122,-0.000005,0.000006,0.000001
2025-12-16 18:17:11.639,-0.005896,-0.005634,-0.013154,-0.000005,0.000006,0.000001
2025-12-16 18:17:11.640,-0.005806,-0.005670,-0.013186,-0.000005,0.000006,0.000001
2025-12-16 18:17:11.641,-0.005712,-0.005708,-0.013212,-0.000005,0.000006,0.000001
2025-12-16 18:17:11.642,-0.005631,-0.005741,-0.013230,-0.000005,0.000006,0.000001
2025-12-16 18:17:11.645,-0.005357,-0.005849,-0.013291,-0.000005,0.000006,0.000001
2025-12-16 18:17:11.646,-0.005265,-0.005883,-0.013307,-0.000005,0.000006,0.000001
2025-12-16 18:17:11.647,-0.005172,-0.005917,-0.013323,-0.000005,0.000005,0.000001
2025-12-16 18:17:11.648,-0.005075,-0.005955,-0.013335,-0.000005,0.000005,0.000001
2025-12-16 18:17:11.649,-0.004979,-0.005993,-0.013341,-0.000005,0.000005,0.000001
2025-12-16 18:17:11.650,-0.004882,-0.006030,-0.013339,-0.000005,0.000005,0.000001
2025-12-16 18:17:11.651,-0.004795,-0.006063,-0.013334,-0.000005,0.000005,0.000001
2025-12-16 18:17:11.653,-0.004710,-0.006091,-0.013330,-0.000005,0.000005,0.000001
2025-12-16 18:17:11.654,-0.004561,-0.006131,-0.013322,-0.000005,0.000005,0.000000
2025-12-16 18:17:11.655,-0.004490,-0.006149,-0.013316,-0.000005,0.000005,0.000001
2025-12-16 18:17:11.657,-0.004358,-0.006178,-0.013284,-0.000005,0.000005,0.000000
2025-12-16 18:17:11.659,-0.004240,-0.006199,-0.013241,-0.000005,0.000005,0.000000
2025-12-16 18:17:11.660,-0.004188,-0.006207,-0.013217,-0.000005,0.000005,0.000000
2025-12-16 18:17:11.661,-0.004144,-0.006208,-0.013196,-0.000005,0.000005,0.000000
2025-12-16 18:17:11.662,-0.004100,-0.006203,-0.013173,-0.000005,0.000005,0.000000
2025-12-16 18:17:11.663,-0.004063,-0.006196,-0.013153,-0.000005,0.000005,0.000000
2025-12-16 18:17:11.664,-0.004028,-0.006183,-0.013137,-0.000005,0.000005,0.000000
2025-12-16 18:17:11.667,-0.003950,-0.006143,-0.013084,-0.000005,0.000005,0.000000
2025-12-16 18:17:11.669,-0.003914,-0.006122,-0.013046,-0.000005,0.000005,0.000000
2025-12-16 18:17:11.670,-0.003898,-0.006113,-0.013027,-0.000005,0.000005,0.000000
2025-12-16 18:17:11.671,-0.003878,-0.006103,-0.013009,-0.000005,0.000005,0.000000
2025-12-16 18:17:11.673,-0.003839,-0.006086,-0.012986,-0.000005,0.000005,0.000000
2025-12-16 18:17:11.676,-0.003783,-0.006068,-0.012962,-0.000005,0.000005,0.000000
2025-12-16 18:17:11.677,-0.003770,-0.006068,-0.012955,-0.000005,0.000005,0.000000
2025-12-16 18:17:11.679,-0.003737,-0.006069,-0.012950,-0.000005,0.000005,0.000000
2025-12-16 18:17:11.680,-0.003721,-0.006073,-0.012953,-0.000005,0.000005,0.000000
2025-12-16 18:17:11.681,-0.003704,-0.006084,-0.012959,-0.000005,0.000005,0.000000
2025-12-16 18:17:11.682,-0.003690,-0.006096,-0.012964,-0.000005,0.000005,0.000000
2025-12-16 18:17:11.683,-0.003668,-0.006117,-0.012964,-0.000005,0.000005,0.000000
2025-12-16 18:17:11.684,-0.003646,-0.006142,-0.012964,-0.000005,0.000005,0.000000
2025-12-16 18:17:11.685,-0.003627,-0.006165,-0.012965,-0.000005,0.000005,0.000000
2025-12-16 18:17:11.687,-0.003586,-0.006226,-0.012967,-0.000005,0.000005,0.000000
2025-12-16 18:17:11.688,-0.003568,-0.006258,-0.012972,-0.000005,0.000005,0.000000
2025-12-16 18:17:11.691,-0.003529,-0.006335,-0.012996,-0.000005,0.000005,0.000000
2025-12-16 18:17:11.692,-0.003518,-0.006361,-0.013009,-0.000004,0.000005,0.000000
2025-12-16 18:17:11.693,-0.003503,-0.006394,-0.013020,-0.000005,0.000005,0.000000
2025-12-16 18:17:11.694,-0.003485,-0.006432,-0.013024,-0.000004,0.000005,0.000000
2025-12-16 18:17:11.695,-0.003468,-0.006465,-0.013024,-0.000004,0.000005,0.000000
2025-12-16 18:17:11.696,-0.003445,-0.006504,-0.013028,-0.000004,0.000005,0.000000
2025-12-16 18:17:11.697,-0.003424,-0.006538,-0.013033,-0.000004,0.000005,0.000000
2025-12-16 18:17:11.699,-0.003377,-0.006595,-0.013037,-0.000004,0.000005,0.000000
2025-12-16 18:17:11.700,-0.003356,-0.006620,-0.013035,-0.000004,0.000005,0.000000
2025-12-16 18:17:11.701,-0.003332,-0.006643,-0.013027,-0.000004,0.000005,0.000000
2025-12-16 18:17:11.702,-0.003311,-0.006661,-0.013017,-0.000004,0.000005,0.000000
2025-12-16 18:17:11.703,-0.003290,-0.006674,-0.013015,-0.000004,0.000005,0.000000
2025-12-16 18:17:11.704,-0.003271,-0.006687,-0.013015,-0.000005,0.000005,0.000000
2025-12-16 18:17:11.705,-0.003250,-0.006701,-0.013014,-0.000004,0.000005,0.000000
2025-12-16 18:17:11.706,-0.003232,-0.006717,-0.013009,-0.000004,0.000005,0.000000
2025-12-16 18:17:11.707,-0.003209,-0.006733,-0.013001,-0.000004,0.000005,0.000000
2025-12-16 18:17:11.709,-0.003174,-0.006751,-0.012985,-0.000004,0.000005,-0.000000
2025-12-16 18:17:11.710,-0.003140,-0.006766,-0.012969,-0.000004,0.000005,-0.000000
2025-12-16 18:17:11.711,-0.003073,-0.006798,-0.012938,-0.000005,0.000005,0.000000
2025-12-16 18:17:11.712,-0.003021,-0.006805,-0.012905,-0.000004,0.000005,0.000000
2025-12-16 18:17:11.713,-0.002977,-0.006812,-0.012877,-0.000004,0.000005,0.000000
2025-12-16 18:17:11.714,-0.002939,-0.006820,-0.012848,-0.000004,0.000004,-0.000000
2025-12-16 18:17:11.715,-0.002902,-0.006825,-0.012821,-0.000004,0.000004,0.000000
2025-12-16 18:17:11.717,-0.002827,-0.006836,-0.012759,-0.000004,0.000004,0.000000
2025-12-16 18:17:11.718,-0.002797,-0.006842,-0.012727,-0.000004,0.000004,-0.000000
2025-12-16 18:17:11.719,-0.002762,-0.006851,-0.012695,-0.000004,0.000004,0.000000
2025-12-16 18:17:11.720,-0.002730,-0.006860,-0.012667,-0.000004,0.000004,0.000000
2025-12-16 18:17:11.721,-0.002691,-0.006873,-0.012639,-0.000004,0.000004,-0.000000
2025-12-16 18:17:11.723,-0.002648,-0.006881,-0.012609,-0.000004,0.000004,0.000000
2025-12-16 18:17:11.724,-0.002545,-0.006900,-0.012543,-0.000004,0.000004,-0.000000
2025-12-16 18:17:11.725,-0.002491,-0.006906,-0.012507,-0.000004,0.000004,0.000000
2025-12-16 18:17:11.726,-0.002445,-0.006910,-0.012475,-0.000004,0.000004,0.000000
2025-12-16 18:17:11.727,-0.002399,-0.006911,-0.012447,-0.000004,0.000004,-0.000000
2025-12-16 18:17:11.728,-0.002349,-0.006914,-0.012419,-0.000005,0.000004,0.000000
2025-12-16 18:17:11.730,-0.002266,-0.006922,-0.012379,-0.000004,0.000004,-0.000000
2025-12-16 18:17:11.731,-0.002228,-0.006925,-0.012361,-0.000004,0.000004,-0.000000
2025-12-16 18:17:11.732,-0.002196,-0.006929,-0.012346,-0.000004,0.000004,-0.000000
2025-12-16 18:17:11.733,-0.002157,-0.006941,-0.012326,-0.000005,0.000004,-0.000000
2025-12-16 18:17:11.734,-0.002103,-0.006961,-0.012304,-0.000005,0.000004,-0.000000
2025-12-16 18:17:11.735,-0.002052,-0.006982,-0.012285,-0.000004,0.000004,-0.000000
2025-12-16 18:17:11.737,-0.001947,-0.007014,-0.012253,-0.000004,0.000004,-0.000000
2025-12-16 18:17:11.738,-0.001900,-0.007028,-0.012241,-0.000004,0.000004,-0.000000
2025-12-16 18:17:11.739,-0.001854,-0.007046,-0.012229,-0.000004,0.000004,-0.000000
2025-12-16 18:17:11.740,-0.001812,-0.007061,-0.012220,-0.000004,0.000004,-0.000000
2025-12-16 18:17:11.741,-0.001772,-0.007076,-0.012213,-0.000004,0.000004,-0.000000
2025-12-16 18:17:11.742,-0.001736,-0.007091,-0.012205,-0.000004,0.000004,-0.000000
2025-12-16 18:17:11.744,-0.001706,-0.007109,-0.012202,-0.000004,0.000004,-0.000000
2025-12-16 18:17:11.745,-0.001642,-0.007164,-0.012192,-0.000004,0.000004,-0.000000
2025-12-16 18:17:11.746,-0.001614,-0.007194,-0.012187,-0.000004,0.000004,-0.000000
2025-12-16 18:17:11.747,-0.001591,-0.007228,-0.012183,-0.000004,0.000004,-0.000000
2025-12-16 18:17:11.748,-0.001575,-0.007259,-0.012179,-0.000004,0.000004,-0.000000
2025-12-16 18:17:11.749,-0.001565,-0.007288,-0.012183,-0.000004,0.000004,-0.000000
2025-12-16 18:17:11.751,-0.001559,-0.007317,-0.012191,-0.000004,0.000004,-0.000000
2025-12-16 18:17:11.752,-0.001561,-0.007377,-0.012208,-0.000004,0.000004,-0.000000
2025-12-16 18:17:11.753,-0.001564,-0.007410,-0.012212,-0.000004,0.000004,-0.000000
2025-12-16 18:17:11.754,-0.001573,-0.007446,-0.012214,-0.000004,0.000004,-0.000000
2025-12-16 18:17:11.755,-0.001585,-0.007478,-0.012220,-0.000004,0.000004,-0.000000
2025-12-16 18:17:11.756,-0.001596,-0.007516,-0.012223,-0.000004,0.000004,-0.000000
2025-12-16 18:17:11.757,-0.001607,-0.007556,-0.012226,-0.000004,0.000004,-0.000000
2025-12-16 18:17:11.758,-0.001611,-0.007597,-0.012225,-0.000004,0.000004,-0.000000
2025-12-16 18:17:11.760,-0.001616,-0.007686,-0.012226,-0.000004,0.000004,-0.000000
2025-12-16 18:17:11.761,-0.001619,-0.007722,-0.012224,-0.000004,0.000004,-0.000000
2025-12-16 18:17:11.762,-0.001620,-0.007764,-0.012229,-0.000004,0.000004,-0.000000
2025-12-16 18:17:11.763,-0.001620,-0.007810,-0.012236,-0.000004,0.000004,-0.000000
2025-12-16 18:17:11.764,-0.001617,-0.007859,-0.012243,-0.000004,0.000004,-0.000000
2025-12-16 18:17:11.765,-0.001605,-0.007916,-0.012250,-0.000004,0.000004,-0.000000
2025-12-16 18:17:11.766,-0.001592,-0.007969,-0.012255,-0.000004,0.000004,-0.000000
2025-12-16 18:17:11.768,-0.001572,-0.008017,-0.012257,-0.000004,0.000004,-0.000000
2025-12-16 18:17:11.769,-0.001491,-0.008152,-0.012231,-0.000004,0.000004,-0.000000
2025-12-16 18:17:11.770,-0.001448,-0.008213,-0.012220,-0.000004,0.000004,-0.000000
2025-12-16 18:17:11.771,-0.001400,-0.008278,-0.012208,-0.000004,0.000004,-0.000000
2025-12-16 18:17:11.772,-0.001346,-0.008345,-0.012194,-0.000004,0.000004,-0.000001
2025-12-16 18:17:11.773,-0.001291,-0.008409,-0.012182,-0.000004,0.000004,-0.000001
2025-12-16 18:17:11.775,-0.001233,-0.008476,-0.012170,-0.000004,0.000004,-0.000001
2025-12-16 18:17:11.776,-0.001105,-0.008623,-0.012142,-0.000004,0.000004,-0.000001
2025-12-16 18:17:11.777,-0.001033,-0.008708,-0.012125,-0.000004,0.000003,-0.000001
2025-12-16 18:17:11.778,-0.000970,-0.008784,-0.012110,-0.000004,0.000003,-0.000001
2025-12-16 18:17:11.779,-0.000907,-0.008859,-0.012092,-0.000004,0.000004,-0.000001
2025-12-16 18:17:11.780,-0.000845,-0.008933,-0.012073,-0.000004,0.000003,-0.000001
2025-12-16 18:17:11.782,-0.000780,-0.009009,-0.012051,-0.000004,0.000003,-0.000001
2025-12-16 18:17:11.783,-0.000630,-0.009179,-0.011996,-0.000004,0.000003,-0.000001
2025-12-16 18:17:11.784,-0.000550,-0.009269,-0.011967,-0.000004,0.000003,-0.000001
2025-12-16 18:17:11.785,-0.000479,-0.009348,-0.011941,-0.000004,0.000003,-0.000001
2025-12-16 18:17:11.786,-0.000414,-0.009417,-0.011913,-0.000004,0.000003,-0.000001
2025-12-16 18:17:11.788,-0.000312,-0.009537,-0.011863,-0.000004,0.000003,-0.000001
2025-12-16 18:17:11.789,-0.000269,-0.009592,-0.011845,-0.000004,0.000003,-0.000001
2025-12-16 18:17:11.790,-0.000234,-0.009637,-0.011831,-0.000004,0.000003,-0.000001
2025-12-16 18:17:11.791,-0.000196,-0.009689,-0.011806,-0.000004,0.000003,-0.000001
2025-12-16 18:17:11.792,-0.000163,-0.009736,-0.011780,-0.000004,0.000003,-0.000001
2025-12-16 18:17:11.793,-0.000130,-0.009783,-0.011747,-0.000004,0.000003,-0.000001
2025-12-16 18:17:11.794,-0.000096,-0.009826,-0.011716,-0.000004,0.000003,-0.000001
2025-12-16 18:17:11.796,-0.000027,-0.009897,-0.011666,-0.000004,0.000003,-0.000002
2025-12-16 18:17:11.797,0.000006,-0.009925,-0.011642,-0.000004,0.000003,-0.000002
2025-12-16 18:17:11.799,0.000060,-0.009967,-0.011600,-0.000004,0.000003,-0.000002
2025-12-16 18:17:11.800,0.000080,-0.009982,-0.011580,-0.000004,0.000002,-0.000002
2025-12-16 18:17:11.801,0.000096,-0.009992,-0.011560,-0.000003,0.000002,-0.000002
2025-12-16 18:17:11.803,0.000112,-0.009994,-0.011530,-0.000004,0.000002,-0.000002
2025-12-16 18:17:11.805,0.000121,-0.009991,-0.011518,-0.000003,0.000002,-0.000002
2025-12-16 18:17:11.806,0.000140,-0.009981,-0.011496,-0.000003,0.000002,-0.000002
2025-12-16 18:17:11.809,0.000205,-0.009978,-0.011430,-0.000003,0.000002,-0.000002
2025-12-16 18:17:11.810,0.000232,-0.009976,-0.011410,-0.000003,0.000002,-0.000002
2025-12-16 18:17:11.811,0.000264,-0.009976,-0.011388,-0.000003,0.000002,-0.000002
2025-12-16 18:17:11.812,0.000292,-0.009977,-0.011369,-0.000003,0.000002,-0.000002
2025-12-16 18:17:11.815,0.000415,-0.009954,-0.011298,-0.000003,0.000002,-0.000002
2025-12-16 18:17:11.816,0.000453,-0.009949,-0.011272,-0.000003,0.000002,-0.000002
2025-12-16 18:17:11.817,0.000497,-0.009941,-0.011236,-0.000003,0.000002,-0.000002
2025-12-16 18:17:11.818,0.000536,-0.009933,-0.011201,-0.000003,0.000002,-0.000002
2025-12-16 18:17:11.820,0.000621,-0.009911,-0.011138,-0.000003,0.000002,-0.000002
2025-12-16 18:17:11.821,0.000671,-0.009905,-0.011101,-0.000003,0.000002,-0.000002
2025-12-16 18:17:11.822,0.000716,-0.009901,-0.011066,-0.000003,0.000002,-0.000002
2025-12-16 18:17:11.823,0.000762,-0.009898,-0.011031,-0.000003,0.000002,-0.000002
2025-12-16 18:17:11.825,0.000853,-0.009862,-0.010928,-0.000003,0.000002,-0.000002
2025-12-16 18:17:11.826,0.000892,-0.009846,-0.010878,-0.000003,0.000002,-0.000002
2025-12-16 18:17:11.827,0.000925,-0.009827,-0.010833,-0.000003,0.000002,-0.000002
2025-12-16 18:17:11.828,0.000960,-0.009807,-0.010794,-0.000003,0.000002,-0.000002
2025-12-16 18:17:11.829,0.000989,-0.009785,-0.010755,-0.000003,0.000002,-0.000002
2025-12-16 18:17:11.831,0.001032,-0.009742,-0.010683,-0.000003,0.000002,-0.000002
2025-12-16 18:17:11.832,0.001053,-0.009719,-0.010637,-0.000003,0.000002,-0.000002
2025-12-16 18:17:11.834,0.001072,-0.009694,-0.010589,-0.000003,0.000002,-0.000002
2025-12-16 18:17:11.835,0.001100,-0.009647,-0.010500,-0.000003,0.000002,-0.000002
2025-12-16 18:17:11.837,0.001118,-0.009582,-0.010415,-0.000003,0.000002,-0.000002
2025-12-16 18:17:11.838,0.001123,-0.009548,-0.010380,-0.000003,0.000002,-0.000002
2025-12-16 18:17:11.839,0.001128,-0.009517,-0.010342,-0.000003,0.000002,-0.000002
2025-12-16 18:17:11.840,0.001129,-0.009483,-0.010299,-0.000003,0.000002,-0.000002
2025-12-16 18:17:11.842,0.001116,-0.009414,-0.010210,-0.000003,0.000002,-0.000002
2025-12-16 18:17:11.844,0.001102,-0.009377,-0.010166,-0.000003,0.000002,-0.000002
2025-12-16 18:17:11.845,0.001081,-0.009306,-0.010091,-0.000003,0.000002,-0.000002
2025-12-16 18:17:11.846,0.001064,-0.009272,-0.010052,-0.000003,0.000002,-0.000002
2025-12-16 18:17:11.849,0.000981,-0.009154,-0.009939,-0.000003,0.000002,-0.000002
2025-12-16 18:17:11.850,0.000949,-0.009121,-0.009895,-0.000003,0.000002,-0.000002
2025-12-16 18:17:11.852,0.000885,-0.009052,-0.009804,-0.000003,0.000002,-0.000002
2025-12-16 18:17:11.853,0.000852,-0.009019,-0.009761,-0.000003,0.000002,-0.000002
2025-12-16 18:17:11.854,0.000817,-0.008981,-0.009726,-0.000003,0.000002,-0.000002
2025-12-16 18:17:11.856,0.000736,-0.008902,-0.009655,-0.000003,0.000002,-0.000002
2025-12-16 18:17:11.857,0.000699,-0.008863,-0.009620,-0.000003,0.000002,-0.000002
2025-12-16 18:17:11.858,0.000662,-0.008831,-0.009581,-0.000003,0.000002,-0.000002
2025-12-16 18:17:11.860,0.000591,-0.008774,-0.009500,-0.000003,0.000002,-0.000002
2025-12-16 18:17:11.861,0.000559,-0.008742,-0.009459,-0.000003,0.000002,-0.000002
2025-12-16 18:17:11.862,0.000526,-0.008710,-0.009426,-0.000003,0.000002,-0.000002
2025-12-16 18:17:11.863,0.000493,-0.008680,-0.009397,-0.000003,0.000002,-0.000002
2025-12-16 18:17:11.864,0.000466,-0.008654,-0.009369,-0.000003,0.000002,-0.000002
2025-12-16 18:17:11.865,0.000444,-0.008630,-0.009344,-0.000003,0.000002,-0.000002
2025-12-16 18:17:11.867,0.000426,-0.008609,-0.009323,-0.000003,0.000002,-0.000002
2025-12-16 18:17:11.868,0.000407,-0.008576,-0.009247,-0.000003,0.000002,-0.000002
2025-12-16 18:17:11.869,0.000395,-0.008555,-0.009216,-0.000003,0.000002,-0.000002
2025-12-16 18:17:11.870,0.000385,-0.008537,-0.009193,-0.000003,0.000002,-0.000002
2025-12-16 18:17:11.871,0.000377,-0.008522,-0.009171,-0.000003,0.000002,-0.000001
2025-12-16 18:17:11.872,0.000369,-0.008505,-0.009151,-0.000003,0.000002,-0.000002
2025-12-16 18:17:11.873,0.000368,-0.008489,-0.009131,-0.000003,0.000002,-0.000002
2025-12-16 18:17:11.874,0.000365,-0.008477,-0.009113,-0.000003,0.000002,-0.000002
2025-12-16 18:17:11.875,0.000361,-0.008462,-0.009091,-0.000003,0.000002,-0.000002
2025-12-16 18:17:11.877,0.000363,-0.008452,-0.009071,-0.000003,0.000002,-0.000002
2025-12-16 18:17:11.879,0.000356,-0.008410,-0.009023,-0.000003,0.000002,-0.000002
2025-12-16 18:17:11.880,0.000349,-0.008390,-0.009005,-0.000003,0.000002,-0.000001
2025-12-16 18:17:11.881,0.000342,-0.008371,-0.008988,-0.000003,0.000002,-0.000002
2025-12-16 18:17:11.882,0.000336,-0.008356,-0.008974,-0.000003,0.000002,-0.000001
2025-12-16 18:17:11.884,0.000317,-0.008313,-0.008940,-0.000003,0.000002,-0.000001
2025-12-16 18:17:11.885,0.000299,-0.008289,-0.008921,-0.000003,0.000002,-0.000001
2025-12-16 18:17:11.886,0.000276,-0.008256,-0.008906,-0.000003,0.000002,-0.000001
2025-12-16 18:17:11.888,0.000249,-0.008222,-0.008896,-0.000003,0.000002,-0.000001
2025-12-16 18:17:11.889,0.000189,-0.008158,-0.008864,-0.000003,0.000002,-0.000001
2025-12-16 18:17:11.890,0.000155,-0.008123,-0.008840,-0.000003,0.000002,-0.000001
2025-12-16 18:17:11.891,0.000118,-0.008085,-0.008812,-0.000003,0.000002,-0.000001
2025-12-16 18:17:11.892,0.000075,-0.008044,-0.008779,-0.000003,0.000002,-0.000001
2025-12-16 18:17:11.893,0.000015,-0.007986,-0.008741,-0.000003,0.000002,-0.000001
2025-12-16 18:17:11.894,-0.000044,-0.007931,-0.008706,-0.000003,0.000002,-0.000001
2025-12-16 18:17:11.895,-0.000105,-0.007874,-0.008673,-0.000002,0.000002,-0.000001
2025-12-16 18:17:11.897,-0.000228,-0.007763,-0.008613,-0.000003,0.000002,-0.000001
2025-12-16 18:17:11.898,-0.000297,-0.007703,-0.008574,-0.000003,0.000002,-0.000001
2025-12-16 18:17:11.899,-0.000369,-0.007639,-0.008533,-0.000002,0.000002,-0.000001
2025-12-16 18:17:11.900,-0.000447,-0.007572,-0.008490,-0.000003,0.000002,-0.000001
2025-12-16 18:17:11.901,-0.000530,-0.007504,-0.008449,-0.000002,0.000002,-0.000001
2025-12-16 18:17:11.902,-0.000615,-0.007430,-0.008407,-0.000003,0.000002,-0.000001
2025-12-16 18:17:11.903,-0.000706,-0.007351,-0.008356,-0.000002,0.000002,-0.000001
2025-12-16 18:17:11.905,-0.000798,-0.007270,-0.008301,-0.000002,0.000002,-0.000001
2025-12-16 18:17:11.906,-0.000989,-0.007108,-0.008186,-0.000002,0.000002,-0.000001
2025-12-16 18:17:11.907,-0.001082,-0.007028,-0.008124,-0.000002,0.000002,-0.000001
2025-12-16 18:17:11.908,-0.001175,-0.006943,-0.008062,-0.000002,0.000003,-0.000000
2025-12-16 18:17:11.909,-0.001262,-0.006858,-0.008002,-0.000002,0.000003,-0.000000
2025-12-16 18:17:11.910,-0.001346,-0.006775,-0.007941,-0.000002,0.000003,-0.000000
2025-12-16 18:17:11.912,-0.001427,-0.006697,-0.007876,-0.000002,0.000003,-0.000000
2025-12-16 18:17:11.913,-0.001582,-0.006527,-0.007727,-0.000002,0.000003,-0.000000
2025-12-16 18:17:11.914,-0.001655,-0.006438,-0.007646,-0.000002,0.000003,-0.000000
2025-12-16 18:17:11.915,-0.001717,-0.006359,-0.007575,-0.000002,0.000003,-0.000000
2025-12-16 18:17:11.916,-0.001772,-0.006279,-0.007512,-0.000002,0.000003,-0.000000
2025-12-16 18:17:11.917,-0.001824,-0.006188,-0.007444,-0.000002,0.000003,-0.000000
2025-12-16 18:17:11.918,-0.001867,-0.006108,-0.007385,-0.000002,0.000003,-0.000000
2025-12-16 18:17:11.920,-0.001938,-0.005947,-0.007236,-0.000002,0.000003,-0.000000
2025-12-16 18:17:11.921,-0.001962,-0.005877,-0.007159,-0.000002,0.000003,0.000000
2025-12-16 18:17:11.922,-0.001982,-0.005812,-0.007090,-0.000002,0.000003,0.000000
2025-12-16 18:17:11.923,-0.001996,-0.005749,-0.007022,-0.000002,0.000003,0.000000
2025-12-16 18:17:11.924,-0.002005,-0.005681,-0.006948,-0.000002,0.000003,0.000000
2025-12-16 18:17:11.926,-0.002017,-0.005543,-0.006818,-0.000002,0.000003,0.000000
2025-12-16 18:17:11.927,-0.002019,-0.005481,-0.006758,-0.000002,0.000003,0.000000
2025-12-16 18:17:11.928,-0.002018,-0.005428,-0.006698,-0.000002,0.000003,0.000000
2025-12-16 18:17:11.929,-0.002019,-0.005377,-0.006637,-0.000002,0.000003,0.000000
2025-12-16 18:17:11.930,-0.002024,-0.005321,-0.006573,-0.000002,0.000003,0.000000
2025-12-16 18:17:11.931,-0.002034,-0.005263,-0.006511,-0.000002,0.000003,0.000000
2025-12-16 18:17:11.933,-0.002040,-0.005207,-0.006450,-0.000002,0.000003,0.000000
2025-12-16 18:17:11.934,-0.002047,-0.005091,-0.006333,-0.000002,0.000003,0.000000
2025-12-16 18:17:11.935,-0.002050,-0.005042,-0.006280,-0.000002,0.000003,0.000000
2025-12-16 18:17:11.936,-0.002054,-0.004997,-0.006231,-0.000002,0.000002,0.000000
2025-12-16 18:17:11.937,-0.002057,-0.004962,-0.006191,-0.000002,0.000002,0.000000
2025-12-16 18:17:11.938,-0.002062,-0.004925,-0.006145,-0.000002,0.000002,0.000000
2025-12-16 18:17:11.940,-0.002070,-0.004886,-0.006105,-0.000002,0.000002,0.000000
2025-12-16 18:17:11.941,-0.002089,-0.004815,-0.006042,-0.000002,0.000002,0.000000
2025-12-16 18:17:11.942,-0.002095,-0.004778,-0.006011,-0.000002,0.000002,0.000000
2025-12-16 18:17:11.943,-0.002102,-0.004746,-0.005979,-0.000002,0.000002,0.000000
2025-12-16 18:17:11.944,-0.002108,-0.004712,-0.005948,-0.000002,0.000002,0.000000
2025-12-16 18:17:11.945,-0.002112,-0.004681,-0.005916,-0.000002,0.000002,0.000000
2025-12-16 18:17:11.947,-0.002122,-0.004623,-0.005861,-0.000002,0.000002,0.000000
2025-12-16 18:17:11.948,-0.002128,-0.004596,-0.005842,-0.000002,0.000002,0.000000
2025-12-16 18:17:11.949,-0.002130,-0.004571,-0.005826,-0.000002,0.000002,0.000000
2025-12-16 18:17:11.950,-0.002132,-0.004548,-0.005814,-0.000002,0.000002,0.000000
2025-12-16 18:17:11.951,-0.002136,-0.004524,-0.005804,-0.000002,0.000002,0.000000
2025-12-16 18:17:11.953,-0.002139,-0.004504,-0.005796,-0.000002,0.000002,0.000000
2025-12-16 18:17:11.954,-0.002147,-0.004472,-0.005789,-0.000002,0.000002,0.000000
2025-12-16 18:17:11.955,-0.002155,-0.004451,-0.005793,-0.000002,0.000002,0.000000
2025-12-16 18:17:11.956,-0.002167,-0.004429,-0.005806,-0.000002,0.000002,0.000000
2025-12-16 18:17:11.958,-0.002178,-0.004409,-0.005821,-0.000002,0.000002,0.000000
2025-12-16 18:17:11.959,-0.002199,-0.004374,-0.005855,-0.000002,0.000003,0.000001
2025-12-16 18:17:11.960,-0.002218,-0.004352,-0.005880,-0.000002,0.000003,0.000001
2025-12-16 18:17:11.961,-0.002238,-0.004332,-0.005906,-0.000002,0.000003,0.000001
2025-12-16 18:17:11.962,-0.002273,-0.004295,-0.005955,-0.000002,0.000003,0.000001
2025-12-16 18:17:11.963,-0.002309,-0.004258,-0.006005,-0.000002,0.000003,0.000001
2025-12-16 18:17:11.964,-0.002351,-0.004218,-0.006063,-0.000002,0.000003,0.000001
2025-12-16 18:17:11.965,-0.002394,-0.004179,-0.006116,-0.000002,0.000003,0.000001
2025-12-16 18:17:11.967,-0.002432,-0.004148,-0.006159,-0.000002,0.000003,0.000001
2025-12-16 18:17:11.968,-0.002554,-0.004046,-0.006299,-0.000002,0.000003,0.000001
2025-12-16 18:17:11.971,-0.002770,-0.003856,-0.006557,-0.000003,0.000003,0.000001
2025-12-16 18:17:11.972,-0.002843,-0.003786,-0.006652,-0.000003,0.000003,0.000001
2025-12-16 18:17:11.974,-0.002974,-0.003650,-0.006822,-0.000003,0.000003,0.000001
2025-12-16 18:17:11.976,-0.003121,-0.003461,-0.007018,-0.000003,0.000004,0.000002
2025-12-16 18:17:11.977,-0.003199,-0.003347,-0.007130,-0.000003,0.000004,0.000002
2025-12-16 18:17:11.979,-0.003347,-0.003107,-0.007371,-0.000003,0.000004,0.000002
2025-12-16 18:17:11.980,-0.003416,-0.002984,-0.007487,-0.000004,0.000004,0.000003
2025-12-16 18:17:11.981,-0.003486,-0.002835,-0.007617,-0.000004,0.000005,0.000003
2025-12-16 18:17:11.983,-0.003545,-0.002700,-0.007732,-0.000004,0.000005,0.000003
2025-12-16 18:17:11.984,-0.003641,-0.002416,-0.007977,-0.000004,0.000005,0.000003
2025-12-16 18:17:11.985,-0.003679,-0.002275,-0.008100,-0.000005,0.000005,0.000003
2025-12-16 18:17:11.986,-0.003708,-0.002132,-0.008221,-0.000005,0.000005,0.000004
2025-12-16 18:17:11.990,-0.003790,-0.001539,-0.008720,-0.000006,0.000006,0.000004
2025-12-16 18:17:11.991,-0.003800,-0.001381,-0.008849,-0.000006,0.000006,0.000004
2025-12-16 18:17:11.992,-0.003808,-0.001209,-0.008988,-0.000006,0.000006,0.000004
2025-12-16 18:17:11.993,-0.003814,-0.001059,-0.009110,-0.000006,0.000006,0.000004
2025-12-16 18:17:11.994,-0.003818,-0.000940,-0.009207,-0.000006,0.000006,0.000005
2025-12-16 18:17:11.997,-0.003904,-0.000236,-0.009856,-0.000006,0.000006,0.000005
2025-12-16 18:17:11.999,-0.003942,0.000016,-0.010088,-0.000006,0.000006,0.000005
2025-12-16 18:17:12.000,-0.004027,0.000518,-0.010527,-0.000007,0.000006,0.000005
2025-12-16 18:17:12.002,-0.004156,0.001087,-0.011031,-0.000007,0.000006,0.000005
2025-12-16 18:17:12.003,-0.004249,0.001426,-0.011330,-0.000008,0.000006,0.000005
2025-12-16 18:17:12.004,-0.004351,0.001776,-0.011638,-0.000008,0.000007,0.000005
2025-12-16 18:17:12.005,-0.004465,0.002140,-0.011948,-0.000008,0.000007,0.000005
2025-12-16 18:17:12.006,-0.004599,0.002531,-0.012269,-0.000008,0.000007,0.000005
2025-12-16 18:17:12.008,-0.004909,0.003408,-0.012958,-0.000009,0.000007,0.000005
2025-12-16 18:17:12.009,-0.005103,0.003925,-0.013349,-0.000009,0.000007,0.000005
2025-12-16 18:17:12.010,-0.005276,0.004377,-0.013689,-0.000010,0.000008,0.000005
2025-12-16 18:17:12.011,-0.005459,0.004863,-0.014055,-0.000010,0.000008,0.000006
2025-12-16 18:17:12.012,-0.005641,0.005357,-0.014425,-0.000010,0.000008,0.000006
2025-12-16 18:17:12.014,-0.006026,0.006407,-0.015173,-0.000011,0.000009,0.000006
2025-12-16 18:17:12.015,-0.006208,0.006899,-0.015506,-0.000012,0.000009,0.000006
2025-12-16 18:17:12.016,-0.006383,0.007382,-0.015824,-0.000013,0.000010,0.000006
2025-12-16 18:17:12.017,-0.006560,0.007880,-0.016158,-0.000013,0.000010,0.000006
2025-12-16 18:17:12.018,-0.006757,0.008429,-0.016539,-0.000014,0.000010,0.000006
2025-12-16 18:17:12.020,-0.007166,0.009599,-0.017379,-0.000015,0.000011,0.000007
2025-12-16 18:17:12.021,-0.007367,0.010224,-0.017818,-0.000016,0.000012,0.000007
2025-12-16 18:17:12.022,-0.007537,0.010767,-0.018195,-0.000016,0.000012,0.000007
2025-12-16 18:17:12.025,-0.008018,0.012461,-0.019388,-0.000019,0.000014,0.000007
2025-12-16 18:17:12.026,-0.008185,0.013096,-0.019869,-0.000020,0.000015,0.000007
2025-12-16 18:17:12.027,-0.008329,0.013648,-0.020293,-0.000021,0.000015,0.000007
2025-12-16 18:17:12.028,-0.008443,0.014117,-0.020659,-0.000022,0.000016,0.000007
2025-12-16 18:17:12.029,-0.008543,0.014548,-0.020987,-0.000023,0.000016,0.000007
2025-12-16 18:17:12.030,-0.008628,0.014955,-0.021300,-0.000024,0.000017,0.000007
2025-12-16 18:17:12.032,-0.008781,0.015761,-0.021947,-0.000025,0.000018,0.000007
2025-12-16 18:17:12.033,-0.008843,0.016096,-0.022224,-0.000025,0.000019,0.000007
2025-12-16 18:17:12.034,-0.008918,0.016491,-0.022583,-0.000026,0.000019,0.000007
2025-12-16 18:17:12.035,-0.008993,0.016924,-0.022998,-0.000027,0.000020,0.000007
2025-12-16 18:17:12.037,-0.009061,0.017339,-0.023409,-0.000028,0.000020,0.000007
2025-12-16 18:17:12.038,-0.009168,0.018103,-0.024175,-0.000029,0.000022,0.000007
2025-12-16 18:17:12.039,-0.009213,0.018457,-0.024547,-0.000030,0.000022,0.000007
2025-12-16 18:17:12.040,-0.009273,0.018848,-0.024986,-0.000030,0.000023,0.000007
2025-12-16 18:17:12.041,-0.009329,0.019193,-0.025383,-0.000031,0.000023,0.000007
2025-12-16 18:17:12.042,-0.009390,0.019524,-0.025776,-0.000031,0.000024,0.000007
2025-12-16 18:17:12.044,-0.009458,0.019854,-0.026189,-0.000032,0.000025,0.000007
2025-12-16 18:17:12.045,-0.009588,0.020447,-0.026967,-0.000033,0.000026,0.000007
2025-12-16 18:17:12.046,-0.009643,0.020682,-0.027285,-0.000034,0.000027,0.000007
2025-12-16 18:17:12.047,-0.009714,0.020926,-0.027648,-0.000034,0.000027,0.000007
2025-12-16 18:17:12.048,-0.009794,0.021164,-0.028042,-0.000035,0.000028,0.000007
2025-12-16 18:17:12.049,-0.009865,0.021365,-0.028386,-0.000035,0.000028,0.000007
2025-12-16 18:17:12.051,-0.010067,0.021824,-0.029273,-0.000037,0.000030,0.000007
2025-12-16 18:17:12.052,-0.010185,0.022050,-0.029755,-0.000037,0.000030,0.000007
2025-12-16 18:17:12.053,-0.010303,0.022251,-0.030218,-0.000038,0.000031,0.000006
2025-12-16 18:17:12.054,-0.010433,0.022429,-0.030683,-0.000039,0.000031,0.000006
2025-12-16 18:17:12.057,-0.010863,0.022844,-0.032012,-0.000040,0.000033,0.000006
2025-12-16 18:17:12.058,-0.011015,0.022958,-0.032462,-0.000042,0.000034,0.000007
2025-12-16 18:17:12.059,-0.011178,0.023062,-0.032943,-0.000042,0.000035,0.000007
2025-12-16 18:17:12.060,-0.011338,0.023146,-0.033406,-0.000042,0.000035,0.000007
2025-12-16 18:17:12.061,-0.011514,0.023190,-0.033907,-0.000044,0.000036,0.000007
2025-12-16 18:17:12.062,-0.011668,0.023213,-0.034346,-0.000044,0.000037,0.000007
2025-12-16 18:17:12.063,-0.011817,0.023213,-0.034771,-0.000045,0.000037,0.000007
2025-12-16 18:17:12.065,-0.012131,0.023165,-0.035633,-0.000047,0.000039,0.000007
2025-12-16 18:17:12.066,-0.012265,0.023136,-0.036002,-0.000048,0.000039,0.000008
2025-12-16 18:17:12.067,-0.012420,0.023107,-0.036426,-0.000048,0.000039,0.000008
2025-12-16 18:17:12.068,-0.012597,0.023067,-0.036884,-0.000049,0.000039,0.000008
2025-12-16 18:17:12.069,-0.012783,0.023009,-0.037345,-0.000049,0.000040,0.000008
2025-12-16 18:17:12.071,-0.013146,0.022834,-0.038204,-0.000051,0.000041,0.000008
2025-12-16 18:17:12.072,-0.013331,0.022714,-0.038612,-0.000051,0.000041,0.000009
2025-12-16 18:17:12.073,-0.013488,0.022605,-0.038951,-0.000051,0.000042,0.000009
2025-12-16 18:17:12.074,-0.013653,0.022478,-0.039316,-0.000052,0.000042,0.000009
2025-12-16 18:17:12.075,-0.013835,0.022335,-0.039709,-0.000053,0.000042,0.000009
2025-12-16 18:17:12.076,-0.013996,0.022209,-0.040053,-0.000054,0.000043,0.000009
2025-12-16 18:17:12.078,-0.014347,0.021888,-0.040743,-0.000056,0.000043,0.000009
2025-12-16 18:17:12.079,-0.014528,0.021695,-0.041068,-0.000056,0.000043,0.000009
2025-12-16 18:17:12.083,-0.015280,0.020900,-0.042268,-0.000060,0.000044,0.000009
2025-12-16 18:17:12.085,-0.015621,0.020477,-0.042763,-0.000060,0.000044,0.000009
2025-12-16 18:17:12.086,-0.015746,0.020299,-0.042940,-0.000062,0.000044,0.000010
2025-12-16 18:17:12.088,-0.015871,0.020062,-0.043084,-0.000062,0.000045,0.000010
2025-12-16 18:17:12.089,-0.016106,0.019503,-0.043316,-0.000063,0.000045,0.000009
2025-12-16 18:17:12.090,-0.016214,0.019215,-0.043408,-0.000064,0.000045,0.000009
2025-12-16 18:17:12.091,-0.016319,0.018926,-0.043486,-0.000064,0.000044,0.000009
2025-12-16 18:17:12.092,-0.016410,0.018647,-0.043540,-0.000063,0.000044,0.000009
2025-12-16 18:17:12.093,-0.016488,0.018361,-0.043565,-0.000064,0.000044,0.000009
2025-12-16 18:17:12.094,-0.016551,0.018118,-0.043576,-0.000065,0.000044,0.000010
2025-12-16 18:17:12.095,-0.016602,0.017827,-0.043538,-0.000065,0.000044,0.000010
2025-12-16 18:17:12.096,-0.016635,0.017515,-0.043465,-0.000064,0.000043,0.000010
2025-12-16 18:17:12.097,-0.016658,0.017194,-0.043367,-0.000065,0.000043,0.000010
2025-12-16 18:17:12.099,-0.016654,0.016462,-0.043064,-0.000063,0.000042,0.000010
2025-12-16 18:17:12.100,-0.016624,0.016109,-0.042888,-0.000063,0.000042,0.000009
2025-12-16 18:17:12.101,-0.016580,0.015766,-0.042690,-0.000063,0.000041,0.000009
2025-12-16 18:17:12.103,-0.016513,0.015409,-0.042455,-0.000062,0.000040,0.000009
2025-12-16 18:17:12.104,-0.016435,0.015047,-0.042197,-0.000061,0.000040,0.000008
2025-12-16 18:17:12.105,-0.016261,0.014353,-0.041664,-0.000060,0.000039,0.000008
2025-12-16 18:17:12.106,-0.016162,0.014009,-0.041378,-0.000060,0.000038,0.000008
2025-12-16 18:17:12.108,-0.015929,0.013318,-0.040775,-0.000058,0.000037,0.000008
2025-12-16 18:17:12.109,-0.015800,0.012974,-0.040452,-0.000057,0.000036,0.000008
2025-12-16 18:17:12.110,-0.015632,0.012566,-0.040060,-0.000056,0.000035,0.000008
2025-12-16 18:17:12.113,-0.015191,0.011557,-0.039082,-0.000052,0.000033,0.000007
2025-12-16 18:17:12.114,-0.014991,0.011130,-0.038672,-0.000052,0.000032,0.000007
2025-12-16 18:17:12.115,-0.014806,0.010739,-0.038297,-0.000050,0.000032,0.000007
2025-12-16 18:17:12.116,-0.014655,0.010421,-0.037992,-0.000050,0.000031,0.000007
2025-12-16 18:17:12.119,-0.014130,0.009290,-0.036931,-0.000045,0.000029,0.000007
2025-12-16 18:17:12.120,-0.013939,0.008825,-0.036526,-0.000045,0.000028,0.000006
2025-12-16 18:17:12.121,-0.013788,0.008454,-0.036206,-0.000044,0.000028,0.000006
2025-12-16 18:17:12.123,-0.013445,0.007585,-0.035529,-0.000042,0.000026,0.000005
2025-12-16 18:17:12.124,-0.013273,0.007120,-0.035188,-0.000041,0.000026,0.000005
2025-12-16 18:17:12.125,-0.013105,0.006647,-0.034855,-0.000040,0.000025,0.000006
2025-12-16 18:17:12.126,-0.012946,0.006169,-0.034540,-0.000040,0.000025,0.000005
2025-12-16 18:17:12.127,-0.012799,0.005708,-0.034253,-0.000038,0.000024,0.000005
2025-12-16 18:17:12.129,-0.012512,0.004687,-0.033699,-0.000037,0.000023,0.000005
2025-12-16 18:17:12.130,-0.012387,0.004201,-0.033460,-0.000036,0.000023,0.000005
2025-12-16 18:17:12.131,-0.012270,0.003706,-0.033229,-0.000036,0.000022,0.000005
2025-12-16 18:17:12.133,-0.012067,0.002775,-0.032823,-0.000034,0.000021,0.000004
2025-12-16 18:17:12.134,-0.011970,0.002284,-0.032631,-0.000033,0.000020,0.000004
2025-12-16 18:17:12.135,-0.011873,0.001739,-0.032437,-0.000032,0.000020,0.000004
2025-12-16 18:17:12.136,-0.011780,0.001167,-0.032240,-0.000031,0.000019,0.000003
2025-12-16 18:17:12.137,-0.011689,0.000591,-0.032054,-0.000030,0.000019,0.000003
2025-12-16 18:17:12.138,-0.011603,0.000010,-0.031880,-0.000030,0.000018,0.000003
2025-12-16 18:17:12.141,-0.011402,-0.001668,-0.031442,-0.000028,0.000017,0.000003
2025-12-16 18:17:12.142,-0.011364,-0.002191,-0.031327,-0.000027,0.000017,0.000002
2025-12-16 18:17:12.143,-0.011346,-0.002720,-0.031221,-0.000026,0.000016,0.000002
2025-12-16 18:17:12.144,-0.011341,-0.003244,-0.031125,-0.000025,0.000016,0.000002
2025-12-16 18:17:12.145,-0.011343,-0.003685,-0.031047,-0.000025,0.000016,0.000002
2025-12-16 18:17:12.147,-0.011365,-0.004686,-0.030806,-0.000024,0.000015,0.000002
2025-12-16 18:17:12.148,-0.011385,-0.005190,-0.030667,-0.000023,0.000015,0.000002
2025-12-16 18:17:12.149,-0.011417,-0.005671,-0.030526,-0.000023,0.000014,0.000001
2025-12-16 18:17:12.150,-0.011461,-0.006141,-0.030381,-0.000022,0.000014,0.000001
2025-12-16 18:17:12.151,-0.011518,-0.006600,-0.030228,-0.000021,0.000014,0.000001
2025-12-16 18:17:12.153,-0.011570,-0.006983,-0.030095,-0.000021,0.000014,0.000001
2025-12-16 18:17:12.154,-0.011729,-0.007775,-0.029722,-0.000020,0.000014,0.000002
2025-12-16 18:17:12.155,-0.011818,-0.008142,-0.029520,-0.000019,0.000013,0.000002
2025-12-16 18:17:12.156,-0.011917,-0.008484,-0.029312,-0.000019,0.000013,0.000002
2025-12-16 18:17:12.157,-0.012013,-0.008794,-0.029109,-0.000019,0.000013,0.000002
2025-12-16 18:17:12.158,-0.012102,-0.009082,-0.028901,-0.000018,0.000013,0.000002
2025-12-16 18:17:12.159,-0.012195,-0.009366,-0.028669,-0.000018,0.000013,0.000002
2025-12-16 18:17:12.160,-0.012280,-0.009689,-0.028365,-0.000018,0.000013,0.000002
2025-12-16 18:17:12.161,-0.012349,-0.009977,-0.028082,-0.000017,0.000012,0.000001
2025-12-16 18:17:12.163,-0.012432,-0.010564,-0.027440,-0.000016,0.000012,0.000002
2025-12-16 18:17:12.164,-0.012452,-0.010872,-0.027067,-0.000016,0.000012,0.000002
2025-12-16 18:17:12.165,-0.012463,-0.011161,-0.026709,-0.000016,0.000012,0.000002
2025-12-16 18:17:12.166,-0.012467,-0.011475,-0.026296,-0.000015,0.000012,0.000002
2025-12-16 18:17:12.167,-0.012468,-0.011751,-0.025927,-0.000014,0.000012,0.000002
2025-12-16 18:17:12.169,-0.012440,-0.012311,-0.025125,-0.000013,0.000011,0.000001
2025-12-16 18:17:12.170,-0.012395,-0.012616,-0.024679,-0.000013,0.000011,0.000001
2025-12-16 18:17:12.171,-0.012327,-0.012953,-0.024191,-0.000013,0.000011,0.000001
2025-12-16 18:17:12.173,-0.012179,-0.013577,-0.023307,-0.000012,0.000010,0.000001
2025-12-16 18:17:12.174,-0.012073,-0.013905,-0.022837,-0.000011,0.000010,0.000001
2025-12-16 18:17:12.175,-0.011957,-0.014229,-0.022348,-0.000011,0.000009,0.000000
2025-12-16 18:17:12.176,-0.011828,-0.014555,-0.021843,-0.000010,0.000009,0.000000
2025-12-16 18:17:12.177,-0.011689,-0.014890,-0.021311,-0.000010,0.000009,0.000000
2025-12-16 18:17:12.179,-0.011406,-0.015552,-0.020181,-0.000009,0.000008,-0.000000
2025-12-16 18:17:12.181,-0.011141,-0.016145,-0.019052,-0.000007,0.000008,-0.000000
2025-12-16 18:17:12.182,-0.011018,-0.016391,-0.018498,-0.000007,0.000008,-0.000000
2025-12-16 18:17:12.183,-0.010894,-0.016632,-0.017875,-0.000006,0.000008,-0.000000
2025-12-16 18:17:12.184,-0.010789,-0.016834,-0.017323,-0.000006,0.000007,-0.000000
2025-12-16 18:17:12.186,-0.010690,-0.017019,-0.016780,-0.000005,0.000007,-0.000000
2025-12-16 18:17:12.187,-0.010496,-0.017350,-0.015628,-0.000004,0.000007,-0.000000
2025-12-16 18:17:12.188,-0.010415,-0.017471,-0.015062,-0.000004,0.000007,-0.000000
2025-12-16 18:17:12.189,-0.010353,-0.017533,-0.014518,-0.000003,0.000007,-0.000000
2025-12-16 18:17:12.190,-0.010315,-0.017543,-0.013997,-0.000003,0.000007,-0.000001
2025-12-16 18:17:12.191,-0.010293,-0.017520,-0.013508,-0.000003,0.000007,-0.000001
2025-12-16 18:17:12.192,-0.010284,-0.017467,-0.013023,-0.000003,0.000007,-0.000001
2025-12-16 18:17:12.194,-0.010313,-0.017302,-0.012018,-0.000002,0.000007,-0.000000
2025-12-16 18:17:12.195,-0.010363,-0.017150,-0.011451,-0.000002,0.000006,-0.000000
2025-12-16 18:17:12.196,-0.010416,-0.016999,-0.010950,-0.000002,0.000006,-0.000000
2025-12-16 18:17:12.198,-0.010462,-0.016871,-0.010550,-0.000001,0.000006,-0.000000
2025-12-16 18:17:12.199,-0.010640,-0.016422,-0.009718,-0.000001,0.000006,-0.000000
2025-12-16 18:17:12.200,-0.010740,-0.016165,-0.009306,-0.000001,0.000006,-0.000000
2025-12-16 18:17:12.201,-0.010839,-0.015915,-0.008896,-0.000001,0.000006,-0.000000
2025-12-16 18:17:12.202,-0.010922,-0.015706,-0.008551,-0.000001,0.000006,-0.000000
2025-12-16 18:17:12.203,-0.011025,-0.015452,-0.008148,-0.000000,0.000006,-0.000000
2025-12-16 18:17:12.204,-0.011145,-0.015166,-0.007752,-0.000000,0.000006,0.000000
2025-12-16 18:17:12.206,-0.011265,-0.014874,-0.007389,-0.000000,0.000006,0.000000
2025-12-16 18:17:12.207,-0.011488,-0.014306,-0.006744,-0.000000,0.000006,0.000000
2025-12-16 18:17:12.208,-0.011603,-0.013993,-0.006374,-0.000000,0.000006,0.000000
2025-12-16 18:17:12.209,-0.011703,-0.013704,-0.006004,-0.000000,0.000006,0.000000
2025-12-16 18:17:12.210,-0.011782,-0.013470,-0.005691,-0.000000,0.000006,0.000000
2025-12-16 18:17:12.212,-0.011848,-0.013264,-0.005400,0.000000,0.000006,0.000000
2025-12-16 18:17:12.213,-0.011942,-0.012855,-0.004901,0.000000,0.000006,0.000000
2025-12-16 18:17:12.214,-0.011968,-0.012681,-0.004713,0.000000,0.000005,0.000000
2025-12-16 18:17:12.215,-0.011973,-0.012521,-0.004522,0.000001,0.000005,0.000000
2025-12-16 18:17:12.216,-0.011955,-0.012386,-0.004326,0.000001,0.000005,0.000000
2025-12-16 18:17:12.217,-0.011917,-0.012284,-0.004127,0.000001,0.000005,0.000000
2025-12-16 18:17:12.218,-0.011862,-0.012204,-0.003920,0.000001,0.000005,0.000000
2025-12-16 18:17:12.219,-0.011782,-0.012137,-0.003713,0.000001,0.000005,0.000000
2025-12-16 18:17:12.220,-0.011692,-0.012081,-0.003521,0.000001,0.000005,0.000000
2025-12-16 18:17:12.222,-0.011430,-0.012005,-0.003161,0.000001,0.000004,-0.000000
2025-12-16 18:17:12.223,-0.011281,-0.011987,-0.003003,0.000001,0.000004,-0.000000
2025-12-16 18:17:12.224,-0.011091,-0.012001,-0.002824,0.000001,0.000004,-0.000000
2025-12-16 18:17:12.225,-0.010900,-0.012015,-0.002645,0.000001,0.000004,-0.000000
2025-12-16 18:17:12.226,-0.010710,-0.012030,-0.002466,0.000001,0.000004,-0.000000
2025-12-16 18:17:12.227,-0.010446,-0.012123,-0.002275,0.000001,0.000004,-0.000000
2025-12-16 18:17:12.228,-0.010211,-0.012207,-0.002119,0.000001,0.000004,-0.000000
2025-12-16 18:17:12.229,-0.010023,-0.012275,-0.001999,0.000001,0.000004,-0.000001
2025-12-16 18:17:12.230,-0.009819,-0.012351,-0.001888,0.000001,0.000003,-0.000001
2025-12-16 18:17:12.231,-0.009581,-0.012444,-0.001779,0.000001,0.000003,-0.000001
2025-12-16 18:17:12.233,-0.009336,-0.012551,-0.001667,0.000001,0.000003,-0.000001
2025-12-16 18:17:12.234,-0.008777,-0.012851,-0.001417,0.000001,0.000003,-0.000001
2025-12-16 18:17:12.235,-0.008512,-0.013014,-0.001302,0.000001,0.000003,-0.000001
2025-12-16 18:17:12.236,-0.008263,-0.013178,-0.001196,0.000001,0.000003,-0.000001
2025-12-16 18:17:12.237,-0.007996,-0.013370,-0.001091,0.000001,0.000002,-0.000002
2025-12-16 18:17:12.238,-0.007738,-0.013567,-0.001000,0.000001,0.000002,-0.000002
2025-12-16 18:17:12.240,-0.007243,-0.013991,-0.000847,0.000002,0.000002,-0.000002
2025-12-16 18:17:12.241,-0.007010,-0.014215,-0.000773,0.000002,0.000002,-0.000002
2025-12-16 18:17:12.242,-0.006781,-0.014455,-0.000695,0.000002,0.000002,-0.000002
2025-12-16 18:17:12.243,-0.006553,-0.014708,-0.000614,0.000002,0.000002,-0.000002
2025-12-16 18:17:12.244,-0.006328,-0.014968,-0.000539,0.000002,0.000002,-0.000003
2025-12-16 18:17:12.245,-0.006108,-0.015232,-0.000482,0.000002,0.000001,-0.000003
2025-12-16 18:17:12.246,-0.005887,-0.015515,-0.000435,0.000002,0.000001,-0.000003
2025-12-16 18:17:12.247,-0.005678,-0.015792,-0.000398,0.000002,0.000001,-0.000003
2025-12-16 18:17:12.248,-0.005480,-0.016067,-0.000362,0.000002,0.000001,-0.000003
2025-12-16 18:17:12.249,-0.005281,-0.016355,-0.000316,0.000002,0.000001,-0.000003
2025-12-16 18:17:12.250,-0.005095,-0.016648,-0.000262,0.000002,0.000001,-0.000004
2025-12-16 18:17:12.252,-0.004755,-0.017258,-0.000125,0.000002,0.000001,-0.000004
2025-12-16 18:17:12.253,-0.004605,-0.017555,-0.000051,0.000002,0.000001,-0.000004
2025-12-16 18:17:12.254,-0.004460,-0.017854,0.000024,0.000002,0.000001,-0.000004
2025-12-16 18:17:12.255,-0.004330,-0.018135,0.000095,0.000002,0.000001,-0.000004
2025-12-16 18:17:12.256,-0.004208,-0.018402,0.000164,0.000002,0.000000,-0.000004
2025-12-16 18:17:12.260,-0.003774,-0.019382,0.000521,0.000002,0.000000,-0.000005
2025-12-16 18:17:12.268,-0.003375,-0.020360,0.001526,0.000003,0.000000,-0.000005
2025-12-16 18:17:12.270,-0.003313,-0.020441,0.001882,0.000003,0.000000,-0.000006
2025-12-16 18:17:12.272,-0.003258,-0.020377,0.002269,0.000003,0.000000,-0.000006
2025-12-16 18:17:12.273,-0.003225,-0.020291,0.002544,0.000003,0.000001,-0.000006
2025-12-16 18:17:12.274,-0.003194,-0.020206,0.002802,0.000004,0.000001,-0.000006
2025-12-16 18:17:12.276,-0.003127,-0.020022,0.003323,0.000003,0.000001,-0.000006
2025-12-16 18:17:12.277,-0.003090,-0.019915,0.003576,0.000004,0.000001,-0.000006
2025-12-16 18:17:12.279,-0.003015,-0.019643,0.004080,0.000003,0.000000,-0.000005
2025-12-16 18:17:12.280,-0.002940,-0.019479,0.004399,0.000003,0.000001,-0.000006
2025-12-16 18:17:12.281,-0.002865,-0.019332,0.004693,0.000003,0.000001,-0.000006
2025-12-16 18:17:12.283,-0.002663,-0.019090,0.005349,0.000003,0.000001,-0.000006
2025-12-16 18:17:12.284,-0.002546,-0.018978,0.005685,0.000003,0.000000,-0.000006
2025-12-16 18:17:12.286,-0.002303,-0.018730,0.006330,0.000003,0.000000,-0.000006
2025-12-16 18:17:12.287,-0.002184,-0.018578,0.006621,0.000003,0.000001,-0.000006
2025-12-16 18:17:12.289,-0.002065,-0.018410,0.006906,0.000003,0.000001,-0.000006
2025-12-16 18:17:12.290,-0.001842,-0.018089,0.007440,0.000003,0.000000,-0.000006
2025-12-16 18:17:12.291,-0.001704,-0.017923,0.007770,0.000002,0.000000,-0.000006
2025-12-16 18:17:12.293,-0.001566,-0.017770,0.008099,0.000002,0.000000,-0.000006
2025-12-16 18:17:12.294,-0.001270,-0.017468,0.008719,0.000002,0.000000,-0.000006
2025-12-16 18:17:12.295,-0.001120,-0.017301,0.008990,0.000002,0.000000,-0.000006
2025-12-16 18:17:12.297,-0.000832,-0.016928,0.009489,0.000001,-0.000000,-0.000006
2025-12-16 18:17:12.298,-0.000693,-0.016735,0.009741,0.000001,-0.000000,-0.000006
2025-12-16 18:17:12.299,-0.000563,-0.016540,0.009993,0.000001,-0.000000,-0.000006
2025-12-16 18:17:12.301,-0.000355,-0.016105,0.010488,0.000001,-0.000000,-0.000006
2025-12-16 18:17:12.302,-0.000281,-0.015873,0.010684,0.000001,-0.000000,-0.000006
2025-12-16 18:17:12.304,-0.000181,-0.015369,0.010978,0.000001,-0.000001,-0.000006
2025-12-16 18:17:12.305,-0.000131,-0.015084,0.011129,0.000001,-0.000001,-0.000006
2025-12-16 18:17:12.307,-0.000031,-0.014613,0.011413,0.000000,-0.000001,-0.000006
2025-12-16 18:17:12.308,0.000035,-0.014425,0.011563,0.000000,-0.000001,-0.000006
2025-12-16 18:17:12.309,0.000108,-0.014260,0.011714,0.000000,-0.000001,-0.000006
2025-12-16 18:17:12.311,0.000247,-0.013913,0.011920,0.000000,-0.000001,-0.000006
2025-12-16 18:17:12.312,0.000310,-0.013700,0.011956,-0.000000,-0.000001,-0.000006
2025-12-16 18:17:12.314,0.000422,-0.013302,0.011976,0.000000,-0.000001,-0.000006
2025-12-16 18:17:12.315,0.000463,-0.013138,0.011959,0.000000,-0.000002,-0.000006
2025-12-16 18:17:12.316,0.000508,-0.013000,0.011943,-0.000000,-0.000002,-0.000006
2025-12-16 18:17:12.318,0.000601,-0.012798,0.011895,0.000000,-0.000002,-0.000006
2025-12-16 18:17:12.319,0.000673,-0.012710,0.011825,0.000000,-0.000002,-0.000006
2025-12-16 18:17:12.321,0.000882,-0.012578,0.011640,0.000000,-0.000002,-0.000005
2025-12-16 18:17:12.322,0.000998,-0.012535,0.011547,-0.000000,-0.000002,-0.000005
2025-12-16 18:17:12.324,0.001252,-0.012505,0.011393,-0.000000,-0.000002,-0.000006
2025-12-16 18:17:12.325,0.001381,-0.012502,0.011312,0.000000,-0.000002,-0.000006
2025-12-16 18:17:12.326,0.001503,-0.012489,0.011193,-0.000000,-0.000002,-0.000006
2025-12-16 18:17:12.328,0.001692,-0.012450,0.010942,-0.000000,-0.000002,-0.000006
2025-12-16 18:17:12.329,0.001772,-0.012423,0.010787,-0.000000,-0.000002,-0.000005
2025-12-16 18:17:12.331,0.001949,-0.012417,0.010491,-0.000000,-0.000002,-0.000005
2025-12-16 18:17:12.332,0.002064,-0.012452,0.010348,-0.000001,-0.000002,-0.000005
2025-12-16 18:17:12.334,0.002170,-0.012492,0.010227,-0.000001,-0.000003,-0.000005
2025-12-16 18:17:12.335,0.002349,-0.012554,0.009993,-0.000001,-0.000002,-0.000005
2025-12-16 18:17:12.336,0.002429,-0.012570,0.009856,-0.000001,-0.000002,-0.000005
2025-12-16 18:17:12.338,0.002544,-0.012568,0.009593,-0.000001,-0.000002,-0.000006
2025-12-16 18:17:12.339,0.002586,-0.012549,0.009448,-0.000001,-0.000002,-0.000006
2025-12-16 18:17:12.341,0.002616,-0.012525,0.009312,-0.000001,-0.000002,-0.000006
2025-12-16 18:17:12.342,0.002665,-0.012500,0.009103,-0.000001,-0.000002,-0.000005
2025-12-16 18:17:12.343,0.002685,-0.012488,0.009004,-0.000001,-0.000002,-0.000005
2025-12-16 18:17:12.345,0.002716,-0.012462,0.008812,-0.000002,-0.000002,-0.000005
2025-12-16 18:17:12.346,0.002720,-0.012442,0.008695,-0.000002,-0.000002,-0.000005
2025-12-16 18:17:12.348,0.002720,-0.012424,0.008584,-0.000002,-0.000002,-0.000005
2025-12-16 18:17:12.349,0.002703,-0.012386,0.008427,-0.000002,-0.000002,-0.000005
2025-12-16 18:17:12.351,0.002644,-0.012304,0.008282,-0.000002,-0.000002,-0.000005
2025-12-16 18:17:12.352,0.002598,-0.012242,0.008206,-0.000002,-0.000002,-0.000005
2025-12-16 18:17:12.354,0.002508,-0.012136,0.008086,-0.000002,-0.000002,-0.000005
2025-12-16 18:17:12.355,0.002482,-0.012108,0.008062,-0.000001,-0.000002,-0.000005
2025-12-16 18:17:12.357,0.002493,-0.012129,0.008101,-0.000002,-0.000002,-0.000005
2025-12-16 18:17:12.358,0.002519,-0.012155,0.008143,-0.000001,-0.000002,-0.000005
2025-12-16 18:17:12.359,0.002550,-0.012173,0.008181,-0.000001,-0.000002,-0.000005
2025-12-16 18:17:12.361,0.002582,-0.012144,0.008194,-0.000001,-0.000002,-0.000005
2025-12-16 18:17:12.362,0.002575,-0.012084,0.008171,-0.000001,-0.000002,-0.000005
2025-12-16 18:17:12.364,0.002533,-0.011935,0.008108,-0.000001,-0.000002,-0.000005
2025-12-16 18:17:12.365,0.002510,-0.011861,0.008094,-0.000001,-0.000002,-0.000005
2025-12-16 18:17:12.366,0.002489,-0.011795,0.008107,-0.000001,-0.000002,-0.000005
2025-12-16 18:17:12.368,0.002496,-0.011667,0.008175,-0.000001,-0.000002,-0.000005
2025-12-16 18:17:12.369,0.002515,-0.011591,0.008211,-0.000001,-0.000002,-0.000005
2025-12-16 18:17:12.371,0.002571,-0.011382,0.008314,-0.000001,-0.000002,-0.000005
2025-12-16 18:17:12.372,0.002593,-0.011297,0.008356,-0.000001,-0.000002,-0.000005
2025-12-16 18:17:12.373,0.002607,-0.011188,0.008408,-0.000001,-0.000002,-0.000005
2025-12-16 18:17:12.375,0.002569,-0.010855,0.008473,-0.000001,-0.000002,-0.000005
2025-12-16 18:17:12.376,0.002507,-0.010607,0.008461,-0.000001,-0.000002,-0.000005
2025-12-16 18:17:12.378,0.002353,-0.010059,0.008398,-0.000001,-0.000002,-0.000005
2025-12-16 18:17:12.379,0.002284,-0.009803,0.008378,-0.000001,-0.000002,-0.000004
2025-12-16 18:17:12.380,0.002238,-0.009562,0.008389,-0.000001,-0.000002,-0.000004
2025-12-16 18:17:12.382,0.002197,-0.009152,0.008474,-0.000001,-0.000003,-0.000004
2025-12-16 18:17:12.383,0.002199,-0.008952,0.008525,-0.000000,-0.000003,-0.000004
2025-12-16 18:17:12.385,0.002197,-0.008467,0.008541,-0.000000,-0.000003,-0.000004
2025-12-16 18:17:12.386,0.002185,-0.008196,0.008501,-0.000000,-0.000003,-0.000004
2025-12-16 18:17:12.387,0.002163,-0.007915,0.008447,-0.000000,-0.000003,-0.000004
2025-12-16 18:17:12.389,0.002111,-0.007356,0.008340,-0.000000,-0.000003,-0.000004
2025-12-16 18:17:12.390,0.002091,-0.007122,0.008298,-0.000000,-0.000003,-0.000004
2025-12-16 18:17:12.392,0.002069,-0.006619,0.008154,0.000000,-0.000003,-0.000003
2025-12-16 18:17:12.393,0.002087,-0.006365,0.008055,0.000000,-0.000003,-0.000003
2025-12-16 18:17:12.394,0.002123,-0.006131,0.007950,0.000000,-0.000003,-0.000003
2025-12-16 18:17:12.396,0.002240,-0.005745,0.007781,0.000000,-0.000003,-0.000003
2025-12-16 18:17:12.397,0.002323,-0.005568,0.007693,0.000000,-0.000003,-0.000003
2025-12-16 18:17:12.399,0.002475,-0.005208,0.007477,0.000000,-0.000003,-0.000003
2025-12-16 18:17:12.400,0.002530,-0.004982,0.007293,0.000000,-0.000003,-0.000003
2025-12-16 18:17:12.401,0.002569,-0.004778,0.007116,0.000000,-0.000003,-0.000003
2025-12-16 18:17:12.403,0.002626,-0.004445,0.006790,0.000000,-0.000003,-0.000003
2025-12-16 18:17:12.404,0.002670,-0.004295,0.006605,0.000000,-0.000003,-0.000003
2025-12-16 18:17:12.406,0.002776,-0.004071,0.006279,0.000000,-0.000003,-0.000003
2025-12-16 18:17:12.407,0.002845,-0.003973,0.006096,0.000000,-0.000003,-0.000003
2025-12-16 18:17:12.409,0.002915,-0.003875,0.005894,0.000000,-0.000003,-0.000003
2025-12-16 18:17:12.410,0.003037,-0.003657,0.005411,0.000000,-0.000003,-0.000003
2025-12-16 18:17:12.411,0.003080,-0.003543,0.005157,0.000000,-0.000003,-0.000003
2025-12-16 18:17:12.413,0.003124,-0.003327,0.004676,0.000000,-0.000003,-0.000002
2025-12-16 18:17:12.414,0.003124,-0.003220,0.004443,0.000000,-0.000003,-0.000002
2025-12-16 18:17:12.415,0.003116,-0.003117,0.004206,0.000000,-0.000003,-0.000002
2025-12-16 18:17:12.417,0.003089,-0.002912,0.003720,0.000000,-0.000002,-0.000002
2025-12-16 18:17:12.418,0.003078,-0.002818,0.003475,-0.000000,-0.000002,-0.000002
2025-12-16 18:17:12.420,0.003071,-0.002734,0.003230,-0.000000,-0.000002,-0.000002
2025-12-16 18:17:12.421,0.003067,-0.002655,0.002999,-0.000000,-0.000002,-0.000002
2025-12-16 18:17:12.422,0.003058,-0.002575,0.002778,-0.000000,-0.000002,-0.000002
2025-12-16 18:17:12.424,0.003042,-0.002493,0.002569,-0.000000,-0.000002,-0.000002
2025-12-16 18:17:12.425,0.002995,-0.002369,0.002315,-0.000000,-0.000002,-0.000002
2025-12-16 18:17:12.427,0.002943,-0.002248,0.002083,-0.000000,-0.000002,-0.000002
2025-12-16 18:17:12.428,0.002785,-0.001966,0.001623,-0.000000,-0.000002,-0.000002
2025-12-16 18:17:12.429,0.002702,-0.001836,0.001431,-0.000000,-0.000002,-0.000001
2025-12-16 18:17:12.431,0.002386,-0.001360,0.000746,-0.000000,-0.000001,-0.000001
2025-12-16 18:17:12.432,0.002351,-0.001271,0.000655,-0.000000,-0.000001,-0.000001
2025-12-16 18:17:12.434,0.002220,-0.001009,0.000378,-0.000000,-0.000001,-0.000001
2025-12-16 18:17:12.435,0.002142,-0.000871,0.000247,-0.000000,-0.000001,-0.000001
2025-12-16 18:17:12.437,0.002057,-0.000725,0.000117,-0.000000,-0.000001,-0.000001
2025-12-16 18:17:12.438,0.001861,-0.000421,-0.000122,-0.000000,-0.000001,-0.000001
2025-12-16 18:17:12.439,0.001757,-0.000264,-0.000233,-0.000000,-0.000001,-0.000001
2025-12-16 18:17:12.441,0.001574,0.000016,-0.000419,-0.000000,-0.000000,-0.000000
2025-12-16 18:17:12.442,0.001496,0.000151,-0.000494,-0.000000,-0.000000,-0.000000
2025-12-16 18:17:12.443,0.001431,0.000280,-0.000558,-0.000000,-0.000000,-0.000000
2025-12-16 18:17:12.445,0.001341,0.000501,-0.000654,-0.000000,-0.000000,-0.000000
2025-12-16 18:17:12.446,0.001297,0.000615,-0.000708,-0.000000,-0.000000,-0.000000
2025-12-16 18:17:12.448,0.001189,0.000886,-0.000853,-0.000000,-0.000000,-0.000000
2025-12-16 18:17:12.449,0.001133,0.001022,-0.000931,-0.000000,-0.000000,-0.000000
2025-12-16 18:17:12.450,0.001075,0.001155,-0.001003,-0.000000,0.000000,0.000000
2025-12-16 18:17:12.452,0.000953,0.001404,-0.001118,-0.000000,0.000000,0.000000
2025-12-16 18:17:12.453,0.000898,0.001511,-0.001158,-0.000000,0.000000,0.000000
2025-12-16 18:17:12.455,0.000827,0.001701,-0.001207,-0.000000,0.000000,0.000000
2025-12-16 18:17:12.456,0.000805,0.001793,-0.001235,-0.000000,0.000000,0.000000
2025-12-16 18:17:12.457,0.000786,0.001887,-0.001265,-0.000000,0.000000,0.000000
2025-12-16 18:17:12.459,0.000752,0.002064,-0.001322,-0.000000,0.000000,0.000000
2025-12-16 18:17:12.460,0.000725,0.002159,-0.001356,-0.000000,0.000000,0.000000
2025-12-16 18:17:12.462,0.000655,0.002344,-0.001433,-0.000000,0.000001,0.000000
2025-12-16 18:17:12.463,0.000595,0.002460,-0.001496,-0.000000,0.000001,0.000001
2025-12-16 18:17:12.464,0.000526,0.002579,-0.001564,-0.000000,0.000001,0.000001
2025-12-16 18:17:12.466,0.000401,0.002785,-0.001680,-0.000000,0.000001,0.000001
2025-12-16 18:17:12.467,0.000340,0.002888,-0.001729,-0.000000,0.000001,0.000001
2025-12-16 18:17:12.469,0.000227,0.003081,-0.001816,-0.000000,0.000001,0.000001
2025-12-16 18:17:12.470,0.000177,0.003162,-0.001848,-0.000000,0.000001,0.000001
2025-12-16 18:17:12.472,0.000051,0.003348,-0.001946,-0.000000,0.000001,0.000001
2025-12-16 18:17:12.473,-0.000027,0.003454,-0.002011,-0.000000,0.000001,0.000001
2025-12-16 18:17:12.474,-0.000120,0.003566,-0.002085,-0.000000,0.000001,0.000001
2025-12-16 18:17:12.476,-0.000341,0.003797,-0.002250,-0.000000,0.000001,0.000001
2025-12-16 18:17:12.477,-0.000458,0.003911,-0.002337,-0.000000,0.000001,0.000001
2025-12-16 18:17:12.479,-0.000578,0.004019,-0.002422,-0.000000,0.000002,0.000001
2025-12-16 18:17:12.480,-0.000805,0.004222,-0.002582,-0.000000,0.000002,0.000001
2025-12-16 18:17:12.481,-0.000907,0.004310,-0.002655,-0.000000,0.000002,0.000002
2025-12-16 18:17:12.483,-0.001094,0.004475,-0.002809,-0.000000,0.000002,0.000002
2025-12-16 18:17:12.484,-0.001186,0.004559,-0.002884,-0.000000,0.000002,0.000002
2025-12-16 18:17:12.486,-0.001282,0.004644,-0.002962,-0.000000,0.000002,0.000002
2025-12-16 18:17:12.487,-0.001384,0.004734,-0.003045,-0.000000,0.000002,0.000002
2025-12-16 18:17:12.488,-0.001591,0.004883,-0.003196,-0.000000,0.000002,0.000002
2025-12-16 18:17:12.490,-0.001769,0.004971,-0.003316,-0.000000,0.000002,0.000002
2025-12-16 18:17:12.492,-0.001903,0.005009,-0.003420,-0.000000,0.000003,0.000002
2025-12-16 18:17:12.493,-0.001949,0.005009,-0.003468,-0.000000,0.000003,0.000002
2025-12-16 18:17:12.495,-0.001980,0.004996,-0.003514,-0.000000,0.000003,0.000002
2025-12-16 18:17:12.496,-0.002013,0.004936,-0.003585,-0.000001,0.000003,0.000002
2025-12-16 18:17:12.497,-0.002025,0.004906,-0.003617,-0.000001,0.000003,0.000002
2025-12-16 18:17:12.499,-0.002007,0.004719,-0.003663,-0.000001,0.000003,0.000002
2025-12-16 18:17:12.500,-0.001996,0.004620,-0.003698,-0.000001,0.000003,0.000002
2025-12-16 18:17:12.502,-0.001985,0.004534,-0.003732,-0.000001,0.000003,0.000002
2025-12-16 18:17:12.503,-0.001959,0.004352,-0.003764,-0.000001,0.000003,0.000002
2025-12-16 18:17:12.504,-0.001934,0.004243,-0.003765,-0.000001,0.000003,0.000002
2025-12-16 18:17:12.506,-0.001871,0.003996,-0.003735,-0.000001,0.000003,0.000002
2025-12-16 18:17:12.507,-0.001847,0.003879,-0.003716,-0.000001,0.000003,0.000002
2025-12-16 18:17:12.509,-0.001830,0.003699,-0.003728,-0.000001,0.000003,0.000002
2025-12-16 18:17:12.510,-0.001838,0.003641,-0.003744,-0.000001,0.000003,0.000002
2025-12-16 18:17:12.512,-0.001853,0.003595,-0.003745,-0.000001,0.000003,0.000002
2025-12-16 18:17:12.513,-0.001927,0.003518,-0.003678,-0.000001,0.000003,0.000002
2025-12-16 18:17:12.514,-0.001968,0.003496,-0.003633,-0.000001,0.000003,0.000002
2025-12-16 18:17:12.516,-0.002118,0.003540,-0.003571,-0.000001,0.000003,0.000002
2025-12-16 18:17:12.517,-0.002198,0.003590,-0.003559,-0.000001,0.000003,0.000002
2025-12-16 18:17:12.519,-0.002373,0.003753,-0.003518,-0.000001,0.000003,0.000002
2025-12-16 18:17:12.520,-0.002479,0.003862,-0.003461,-0.000001,0.000003,0.000002
2025-12-16 18:17:12.522,-0.002654,0.004045,-0.003345,-0.000001,0.000003,0.000002
2025-12-16 18:17:12.523,-0.002754,0.004166,-0.003302,-0.000001,0.000003,0.000002
2025-12-16 18:17:12.524,-0.002867,0.004316,-0.003280,-0.000001,0.000003,0.000002
2025-12-16 18:17:12.526,-0.003121,0.004692,-0.003255,-0.000001,0.000003,0.000003
2025-12-16 18:17:12.527,-0.003239,0.004880,-0.003241,-0.000001,0.000003,0.000003
2025-12-16 18:17:12.529,-0.003333,0.005033,-0.003230,-0.000001,0.000003,0.000003
2025-12-16 18:17:12.530,-0.003508,0.005351,-0.003148,-0.000001,0.000004,0.000003
2025-12-16 18:17:12.531,-0.003591,0.005519,-0.003124,-0.000001,0.000004,0.000003
2025-12-16 18:17:12.533,-0.003745,0.005896,-0.003154,-0.000001,0.000004,0.000003
2025-12-16 18:17:12.534,-0.003807,0.006066,-0.003184,-0.000001,0.000004,0.000003
2025-12-16 18:17:12.536,-0.003851,0.006215,-0.003211,-0.000001,0.000004,0.000003
2025-12-16 18:17:12.537,-0.003902,0.006441,-0.003233,-0.000001,0.000004,0.000003
2025-12-16 18:17:12.538,-0.003917,0.006545,-0.003232,-0.000001,0.000004,0.000003
2025-12-16 18:17:12.540,-0.003931,0.006754,-0.003292,-0.000001,0.000004,0.000003
2025-12-16 18:17:12.544,-0.003860,0.006985,-0.003465,-0.000001,0.000004,0.000003
2025-12-16 18:17:12.551,-0.003474,0.006932,-0.003845,-0.000001,0.000004,0.000003
2025-12-16 18:17:12.554,-0.003304,0.006786,-0.003959,-0.000001,0.000004,0.000003
2025-12-16 18:17:12.555,-0.003258,0.006733,-0.003987,-0.000001,0.000004,0.000003
2025-12-16 18:17:12.556,-0.003215,0.006682,-0.004023,-0.000001,0.000004,0.000003
2025-12-16 18:17:12.558,-0.003146,0.006583,-0.004106,-0.000001,0.000004,0.000003
2025-12-16 18:17:12.559,-0.003117,0.006527,-0.004132,-0.000001,0.000004,0.000003
2025-12-16 18:17:12.561,-0.003081,0.006425,-0.004162,-0.000002,0.000004,0.000003
2025-12-16 18:17:12.562,-0.003079,0.006379,-0.004167,-0.000001,0.000004,0.000003
2025-12-16 18:17:12.563,-0.003093,0.006342,-0.004173,-0.000001,0.000004,0.000003
2025-12-16 18:17:12.565,-0.003162,0.006295,-0.004186,-0.000001,0.000004,0.000003
2025-12-16 18:17:12.566,-0.003209,0.006277,-0.004188,-0.000001,0.000004,0.000003
2025-12-16 18:17:12.568,-0.003257,0.006259,-0.004180,-0.000002,0.000004,0.000003
2025-12-16 18:17:12.569,-0.003354,0.006227,-0.004133,-0.000002,0.000004,0.000003
2025-12-16 18:17:12.570,-0.003420,0.006223,-0.004102,-0.000002,0.000004,0.000003
2025-12-16 18:17:12.572,-0.003536,0.006226,-0.004053,-0.000002,0.000004,0.000003
2025-12-16 18:17:12.573,-0.003592,0.006233,-0.004038,-0.000002,0.000004,0.000003
2025-12-16 18:17:12.575,-0.003705,0.006245,-0.004000,-0.000002,0.000004,0.000003
2025-12-16 18:17:12.576,-0.003754,0.006247,-0.003982,-0.000002,0.000004,0.000003
2025-12-16 18:17:12.577,-0.003801,0.006251,-0.003964,-0.000002,0.000004,0.000003
2025-12-16 18:17:12.579,-0.003883,0.006260,-0.003939,-0.000002,0.000004,0.000003
2025-12-16 18:17:12.580,-0.003914,0.006270,-0.003939,-0.000002,0.000004,0.000003
2025-12-16 18:17:12.582,-0.003938,0.006280,-0.003942,-0.000002,0.000004,0.000003
2025-12-16 18:17:12.583,-0.003956,0.006279,-0.003938,-0.000002,0.000004,0.000003
2025-12-16 18:17:12.585,-0.003956,0.006268,-0.003931,-0.000002,0.000004,0.000003
2025-12-16 18:17:12.586,-0.003942,0.006241,-0.003915,-0.000002,0.000004,0.000003
2025-12-16 18:17:12.587,-0.003929,0.006232,-0.003917,-0.000002,0.000004,0.000003
2025-12-16 18:17:12.589,-0.003888,0.006218,-0.003950,-0.000002,0.000004,0.000003
2025-12-16 18:17:12.590,-0.003870,0.006213,-0.003966,-0.000002,0.000004,0.000003
2025-12-16 18:17:12.592,-0.003849,0.006202,-0.003981,-0.000002,0.000004,0.000003
2025-12-16 18:17:12.593,-0.003768,0.006171,-0.004002,-0.000002,0.000004,0.000003
2025-12-16 18:17:12.594,-0.003728,0.006155,-0.004012,-0.000002,0.000004,0.000003
2025-12-16 18:17:12.596,-0.003656,0.006132,-0.004044,-0.000002,0.000004,0.000003
2025-12-16 18:17:12.597,-0.003627,0.006125,-0.004058,-0.000002,0.000004,0.000003
2025-12-16 18:17:12.598,-0.003589,0.006115,-0.004068,-0.000002,0.000004,0.000003
2025-12-16 18:17:12.600,-0.003504,0.006107,-0.004089,-0.000002,0.000004,0.000003
2025-12-16 18:17:12.601,-0.003467,0.006104,-0.004096,-0.000002,0.000004,0.000003
2025-12-16 18:17:12.603,-0.003391,0.006109,-0.004103,-0.000002,0.000004,0.000003
2025-12-16 18:17:12.604,-0.003355,0.006117,-0.004104,-0.000002,0.000004,0.000003
2025-12-16 18:17:12.605,-0.003312,0.006129,-0.004101,-0.000002,0.000004,0.000003
2025-12-16 18:17:12.607,-0.003236,0.006141,-0.004086,-0.000002,0.000004,0.000003
2025-12-16 18:17:12.608,-0.003199,0.006136,-0.004066,-0.000002,0.000004,0.000003
2025-12-16 18:17:12.610,-0.003147,0.006117,-0.004030,-0.000002,0.000004,0.000003
2025-12-16 18:17:12.611,-0.003049,0.006076,-0.003962,-0.000002,0.000004,0.000003
2025-12-16 18:17:12.612,-0.003003,0.006055,-0.003936,-0.000002,0.000004,0.000003
2025-12-16 18:17:12.614,-0.002926,0.006010,-0.003905,-0.000001,0.000004,0.000003
2025-12-16 18:17:12.615,-0.002896,0.005993,-0.003892,-0.000001,0.000004,0.000003
2025-12-16 18:17:12.617,-0.002866,0.005968,-0.003873,-0.000001,0.000004,0.000003
2025-12-16 18:17:12.618,-0.002809,0.005897,-0.003842,-0.000001,0.000004,0.000003
2025-12-16 18:17:12.619,-0.002779,0.005851,-0.003824,-0.000001,0.000004,0.000003
2025-12-16 18:17:12.621,-0.002716,0.005747,-0.003796,-0.000001,0.000004,0.000003
2025-12-16 18:17:12.622,-0.002677,0.005684,-0.003778,-0.000001,0.000004,0.000003
2025-12-16 18:17:12.624,-0.002596,0.005548,-0.003725,-0.000001,0.000004,0.000003
2025-12-16 18:17:12.625,-0.002558,0.005471,-0.003692,-0.000001,0.000004,0.000003
2025-12-16 18:17:12.626,-0.002519,0.005395,-0.003660,-0.000001,0.000003,0.000002
2025-12-16 18:17:12.628,-0.002480,0.005267,-0.003631,-0.000001,0.000003,0.000002
2025-12-16 18:17:12.629,-0.002484,0.005228,-0.003642,-0.000001,0.000003,0.000002
2025-12-16 18:17:12.631,-0.002494,0.005168,-0.003664,-0.000001,0.000003,0.000002
2025-12-16 18:17:12.632,-0.002493,0.005126,-0.003662,-0.000001,0.000003,0.000002
2025-12-16 18:17:12.633,-0.002483,0.005072,-0.003641,-0.000001,0.000003,0.000002
2025-12-16 18:17:12.635,-0.002444,0.004941,-0.003576,-0.000001,0.000003,0.000002
2025-12-16 18:17:12.636,-0.002420,0.004882,-0.003548,-0.000001,0.000003,0.000002
2025-12-16 18:17:12.638,-0.002372,0.004799,-0.003500,-0.000001,0.000003,0.000002
2025-12-16 18:17:12.639,-0.002353,0.004771,-0.003482,-0.000001,0.000003,0.000002
2025-12-16 18:17:12.640,-0.002342,0.004750,-0.003462,-0.000001,0.000003,0.000002
2025-12-16 18:17:12.642,-0.002326,0.004716,-0.003413,-0.000001,0.000003,0.000002
2025-12-16 18:17:12.644,-0.002309,0.004698,-0.003387,-0.000001,0.000003,0.000002
2025-12-16 18:17:12.645,-0.002298,0.004694,-0.003386,-0.000001,0.000003,0.000002
2025-12-16 18:17:12.647,-0.002247,0.004670,-0.003362,-0.000001,0.000003,0.000002
2025-12-16 18:17:12.648,-0.002208,0.004649,-0.003337,-0.000001,0.000003,0.000002
2025-12-16 18:17:12.649,-0.002160,0.004618,-0.003296,-0.000001,0.000003,0.000002
2025-12-16 18:17:12.651,-0.002072,0.004568,-0.003215,-0.000001,0.000003,0.000002
2025-12-16 18:17:12.652,-0.002036,0.004566,-0.003183,-0.000001,0.000003,0.000002
2025-12-16 18:17:12.654,-0.001990,0.004590,-0.003144,-0.000001,0.000003,0.000002
2025-12-16 18:17:12.655,-0.001973,0.004613,-0.003131,-0.000001,0.000003,0.000002
2025-12-16 18:17:12.657,-0.001952,0.004632,-0.003109,-0.000001,0.000003,0.000002
2025-12-16 18:17:12.658,-0.001903,0.004652,-0.003052,-0.000001,0.000003,0.000002
2025-12-16 18:17:12.659,-0.001860,0.004652,-0.003013,-0.000001,0.000003,0.000002
2025-12-16 18:17:12.661,-0.001772,0.004656,-0.002952,-0.000001,0.000003,0.000002
2025-12-16 18:17:12.662,-0.001730,0.004663,-0.002928,-0.000001,0.000003,0.000002
2025-12-16 18:17:12.664,-0.001691,0.004676,-0.002908,-0.000001,0.000003,0.000002
2025-12-16 18:17:12.665,-0.001628,0.004692,-0.002852,-0.000001,0.000003,0.000002
2025-12-16 18:17:12.666,-0.001610,0.004706,-0.002824,-0.000001,0.000003,0.000002
2025-12-16 18:17:12.668,-0.001587,0.004752,-0.002783,-0.000001,0.000003,0.000002
2025-12-16 18:17:12.669,-0.001574,0.004777,-0.002769,-0.000001,0.000003,0.000002
2025-12-16 18:17:12.671,-0.001552,0.004803,-0.002737,-0.000001,0.000002,0.000002
2025-12-16 18:17:12.672,-0.001529,0.004797,-0.002714,-0.000001,0.000002,0.000002
2025-12-16 18:17:12.673,-0.001500,0.004784,-0.002688,-0.000001,0.000002,0.000002
2025-12-16 18:17:12.675,-0.001455,0.004766,-0.002649,-0.000001,0.000002,0.000002
2025-12-16 18:17:12.676,-0.001443,0.004765,-0.002644,-0.000001,0.000002,0.000002
2025-12-16 18:17:12.677,-0.001435,0.004765,-0.002644,-0.000001,0.000002,0.000002
2025-12-16 18:17:12.679,-0.001435,0.004771,-0.002661,-0.000001,0.000002,0.000002
2025-12-16 18:17:12.680,-0.001440,0.004765,-0.002663,-0.000001,0.000002,0.000002
2025-12-16 18:17:12.682,-0.001440,0.004723,-0.002650,-0.000001,0.000002,0.000002
2025-12-16 18:17:12.683,-0.001432,0.004690,-0.002644,-0.000001,0.000002,0.000002
2025-12-16 18:17:12.685,-0.001409,0.004624,-0.002648,-0.000001,0.000002,0.000002
2025-12-16 18:17:12.686,-0.001391,0.004589,-0.002655,-0.000001,0.000002,0.000002
2025-12-16 18:17:12.688,-0.001370,0.004551,-0.002663,-0.000001,0.000002,0.000002
2025-12-16 18:17:12.689,-0.001342,0.004479,-0.002684,-0.000001,0.000002,0.000002
2025-12-16 18:17:12.690,-0.001336,0.004448,-0.002697,-0.000001,0.000002,0.000002
2025-12-16 18:17:12.692,-0.001333,0.004401,-0.002735,-0.000001,0.000002,0.000002
2025-12-16 18:17:12.693,-0.001337,0.004380,-0.002755,-0.000001,0.000002,0.000002
2025-12-16 18:17:12.694,-0.001332,0.004356,-0.002769,-0.000001,0.000002,0.000002
2025-12-16 18:17:12.696,-0.001300,0.004280,-0.002758,-0.000001,0.000002,0.000002
2025-12-16 18:17:12.697,-0.001274,0.004238,-0.002739,-0.000001,0.000002,0.000002
2025-12-16 18:17:12.699,-0.001245,0.004194,-0.002717,-0.000001,0.000002,0.000002
2025-12-16 18:17:12.700,-0.001219,0.004161,-0.002705,-0.000001,0.000002,0.000002
2025-12-16 18:17:12.702,-0.001181,0.004120,-0.002696,-0.000001,0.000002,0.000002
2025-12-16 18:17:12.703,-0.001178,0.004106,-0.002690,-0.000001,0.000002,0.000002
2025-12-16 18:17:12.705,-0.001182,0.004104,-0.002684,-0.000001,0.000002,0.000002
2025-12-16 18:17:12.706,-0.001195,0.004102,-0.002661,-0.000001,0.000002,0.000002
2025-12-16 18:17:12.707,-0.001199,0.004098,-0.002641,-0.000001,0.000002,0.000002
2025-12-16 18:17:12.709,-0.001191,0.004084,-0.002583,-0.000001,0.000002,0.000002
2025-12-16 18:17:12.710,-0.001187,0.004077,-0.002553,-0.000001,0.000002,0.000002
2025-12-16 18:17:12.712,-0.001158,0.004055,-0.002497,-0.000001,0.000002,0.000002
2025-12-16 18:17:12.713,-0.001135,0.004039,-0.002445,-0.000001,0.000002,0.000002
2025-12-16 18:17:12.714,-0.001118,0.004029,-0.002398,-0.000001,0.000002,0.000002
2025-12-16 18:17:12.716,-0.001106,0.004022,-0.002359,-0.000001,0.000002,0.000002
2025-12-16 18:17:12.717,-0.001097,0.004018,-0.002330,-0.000001,0.000002,0.000002
2025-12-16 18:17:12.719,-0.001098,0.004018,-0.002315,-0.000001,0.000002,0.000002
2025-12-16 18:17:12.720,-0.001098,0.004009,-0.002286,-0.000001,0.000002,0.000002
2025-12-16 18:17:12.721,-0.001098,0.003998,-0.002265,-0.000000,0.000002,0.000002
2025-12-16 18:17:12.723,-0.001076,0.003908,-0.002157,-0.000000,0.000002,0.000001
2025-12-16 18:17:12.724,-0.001037,0.003851,-0.002128,-0.000000,0.000002,0.000001
2025-12-16 18:17:12.725,-0.001005,0.003800,-0.002100,-0.000001,0.000002,0.000001
2025-12-16 18:17:12.727,-0.000959,0.003706,-0.002056,-0.000001,0.000002,0.000001
2025-12-16 18:17:12.728,-0.000943,0.003660,-0.002039,-0.000000,0.000002,0.000001
2025-12-16 18:17:12.730,-0.000918,0.003575,-0.002022,-0.000000,0.000002,0.000001
2025-12-16 18:17:12.731,-0.000905,0.003523,-0.002023,-0.000000,0.000002,0.000001
2025-12-16 18:17:12.733,-0.000860,0.003387,-0.002016,-0.000000,0.000002,0.000001
2025-12-16 18:17:12.734,-0.000835,0.003318,-0.002012,-0.000000,0.000002,0.000001
2025-12-16 18:17:12.735,-0.000806,0.003247,-0.002005,-0.000000,0.000002,0.000001
2025-12-16 18:17:12.737,-0.000744,0.003103,-0.001983,-0.000000,0.000002,0.000001
2025-12-16 18:17:12.738,-0.000714,0.003035,-0.001977,-0.000000,0.000001,0.000001
2025-12-16 18:17:12.740,-0.000666,0.002905,-0.001970,-0.000000,0.000001,0.000001
2025-12-16 18:17:12.741,-0.000644,0.002845,-0.001964,-0.000000,0.000001,0.000001
2025-12-16 18:17:12.742,-0.000620,0.002785,-0.001957,-0.000000,0.000001,0.000001
2025-12-16 18:17:12.744,-0.000573,0.002665,-0.001928,-0.000000,0.000001,0.000001
2025-12-16 18:17:12.745,-0.000549,0.002613,-0.001911,-0.000000,0.000001,0.000001
2025-12-16 18:17:12.747,-0.000475,0.002485,-0.001866,-0.000000,0.000001,0.000001
2025-12-16 18:17:12.748,-0.000433,0.002421,-0.001840,-0.000000,0.000001,0.000001
2025-12-16 18:17:12.749,-0.000392,0.002361,-0.001815,-0.000000,0.000001,0.000001
2025-12-16 18:17:12.751,-0.000325,0.002261,-0.001763,-0.000000,0.000001,0.000001
2025-12-16 18:17:12.752,-0.000301,0.002225,-0.001739,-0.000000,0.000001,0.000001
2025-12-16 18:17:12.754,-0.000268,0.002160,-0.001681,-0.000000,0.000001,0.000001
2025-12-16 18:17:12.755,-0.000258,0.002138,-0.001649,-0.000000,0.000001,0.000001
2025-12-16 18:17:12.757,-0.000242,0.002094,-0.001566,-0.000000,0.000001,0.000001
2025-12-16 18:17:12.758,-0.000236,0.002070,-0.001520,-0.000000,0.000001,0.000001
2025-12-16 18:17:12.760,-0.000232,0.002049,-0.001473,-0.000000,0.000001,0.000001
2025-12-16 18:17:12.761,-0.000224,0.002007,-0.001372,-0.000000,0.000001,0.000001
2025-12-16 18:17:12.762,-0.000226,0.001989,-0.001324,-0.000000,0.000001,0.000001
2025-12-16 18:17:12.764,-0.000244,0.001965,-0.001248,-0.000000,0.000001,0.000001
2025-12-16 18:17:12.765,-0.000260,0.001960,-0.001214,-0.000000,0.000001,0.000001
2025-12-16 18:17:12.767,-0.000279,0.001957,-0.001180,-0.000000,0.000001,0.000001
2025-12-16 18:17:12.768,-0.000328,0.001946,-0.001107,-0.000000,0.000001,0.000001
2025-12-16 18:17:12.769,-0.000350,0.001934,-0.001064,-0.000000,0.000001,0.000001
2025-12-16 18:17:12.771,-0.000378,0.001900,-0.000984,-0.000000,0.000001,0.000001
2025-12-16 18:17:12.772,-0.000388,0.001874,-0.000948,-0.000000,0.000001,0.000001
2025-12-16 18:17:12.774,-0.000411,0.001833,-0.000894,-0.000000,0.000001,0.000001
2025-12-16 18:17:12.775,-0.000423,0.001807,-0.000863,-0.000000,0.000001,0.000001
2025-12-16 18:17:12.776,-0.000438,0.001782,-0.000839,-0.000000,0.000001,0.000001
2025-12-16 18:17:12.778,-0.000461,0.001737,-0.000796,-0.000000,0.000001,0.000001
2025-12-16 18:17:12.779,-0.000478,0.001715,-0.000777,-0.000000,0.000001,0.000001
2025-12-16 18:17:12.781,-0.000493,0.001656,-0.000732,-0.000000,0.000001,0.000001
2025-12-16 18:17:12.782,-0.000492,0.001623,-0.000710,-0.000000,0.000001,0.000001
2025-12-16 18:17:12.784,-0.000476,0.001538,-0.000653,-0.000000,0.000001,0.000001
2025-12-16 18:17:12.785,-0.000463,0.001490,-0.000631,-0.000000,0.000001,0.000001
2025-12-16 18:17:12.787,-0.000431,0.001400,-0.000594,-0.000000,0.000001,0.000001
2025-12-16 18:17:12.789,-0.000392,0.001300,-0.000551,-0.000000,0.000001,0.000000
2025-12-16 18:17:12.790,-0.000367,0.001227,-0.000517,-0.000000,0.000000,0.000000
2025-12-16 18:17:12.792,-0.000336,0.001146,-0.000476,-0.000000,0.000000,0.000000
2025-12-16 18:17:12.793,-0.000271,0.000974,-0.000400,-0.000000,0.000000,0.000000
2025-12-16 18:17:12.794,-0.000228,0.000875,-0.000358,-0.000000,0.000000,0.000000
2025-12-16 18:17:12.796,-0.000118,0.000647,-0.000264,-0.000000,0.000000,0.000000
2025-12-16 18:17:12.797,-0.000058,0.000516,-0.000213,-0.000000,0.000000,0.000000
2025-12-16 18:17:12.799,0.000005,0.000378,-0.000164,-0.000000,0.000000,0.000000
2025-12-16 18:17:12.800,0.000126,0.000103,-0.000076,-0.000000,-0.000000,-0.000000
2025-12-16 18:17:12.801,0.000191,-0.000038,-0.000035,-0.000000,-0.000000,-0.000000
2025-12-16 18:17:12.803,0.000332,-0.000359,0.000069,-0.000000,-0.000000,-0.000000
2025-12-16 18:17:12.804,0.000408,-0.000539,0.000141,-0.000000,-0.000000,-0.000000
2025-12-16 18:17:12.806,0.000488,-0.000727,0.000220,0.000000,-0.000000,-0.000000
2025-12-16 18:17:12.807,0.000638,-0.001085,0.000364,0.000000,-0.000001,-0.000001
2025-12-16 18:17:12.808,0.000701,-0.001248,0.000423,-0.000000,-0.000001,-0.000001
2025-12-16 18:17:12.810,0.000808,-0.001536,0.000525,-0.000000,-0.000001,-0.000001
2025-12-16 18:17:12.811,0.000859,-0.001681,0.000587,-0.000000,-0.000001,-0.000001
2025-12-16 18:17:12.813,0.000969,-0.001995,0.000746,-0.000000,-0.000001,-0.000001
2025-12-16 18:17:12.814,0.001018,-0.002152,0.000834,0.000000,-0.000001,-0.000001
2025-12-16 18:17:12.816,0.001095,-0.002430,0.000989,0.000000,-0.000001,-0.000001
2025-12-16 18:17:12.817,0.001135,-0.002565,0.001082,0.000000,-0.000001,-0.000001
2025-12-16 18:17:12.818,0.001171,-0.002681,0.001166,0.000000,-0.000001,-0.000001
2025-12-16 18:17:12.820,0.001242,-0.002910,0.001359,0.000000,-0.000001,-0.000001
2025-12-16 18:17:12.821,0.001272,-0.003015,0.001456,0.000000,-0.000001,-0.000001
2025-12-16 18:17:12.823,0.001299,-0.003108,0.001548,0.000000,-0.000001,-0.000001
2025-12-16 18:17:12.824,0.001323,-0.003187,0.001626,0.000000,-0.000001,-0.000001
2025-12-16 18:17:12.825,0.001343,-0.003256,0.001692,0.000000,-0.000001,-0.000001
2025-12-16 18:17:12.828,0.001378,-0.003376,0.001813,0.000000,-0.000002,-0.000001
2025-12-16 18:17:12.830,0.001441,-0.003531,0.002001,0.000000,-0.000002,-0.000002
2025-12-16 18:17:12.831,0.001480,-0.003611,0.002097,0.000000,-0.000002,-0.000002
2025-12-16 18:17:12.832,0.001518,-0.003681,0.002185,0.000000,-0.000002,-0.000002
2025-12-16 18:17:12.834,0.001590,-0.003799,0.002326,0.000000,-0.000002,-0.000002
2025-12-16 18:17:12.835,0.001688,-0.003964,0.002527,0.000000,-0.000002,-0.000002
2025-12-16 18:17:12.838,0.001788,-0.004114,0.002689,0.000000,-0.000002,-0.000002
2025-12-16 18:17:12.840,0.001848,-0.004200,0.002755,0.000000,-0.000002,-0.000002
2025-12-16 18:17:12.841,0.001885,-0.004246,0.002783,0.000000,-0.000002,-0.000002
2025-12-16 18:17:12.843,0.001919,-0.004287,0.002807,0.000000,-0.000002,-0.000002
2025-12-16 18:17:12.844,0.002006,-0.004381,0.002858,0.000000,-0.000002,-0.000002
2025-12-16 18:17:12.845,0.002057,-0.004429,0.002877,0.000000,-0.000002,-0.000002
2025-12-16 18:17:12.848,0.002151,-0.004505,0.002888,0.000000,-0.000002,-0.000002
2025-12-16 18:17:12.849,0.002222,-0.004536,0.002873,0.000000,-0.000002,-0.000002
2025-12-16 18:17:12.850,0.002260,-0.004537,0.002850,0.000000,-0.000002,-0.000002
2025-12-16 18:17:12.852,0.002319,-0.004534,0.002807,0.000000,-0.000002,-0.000002
2025-12-16 18:17:12.853,0.002354,-0.004524,0.002790,0.000000,-0.000002,-0.000002
2025-12-16 18:17:12.854,0.002390,-0.004504,0.002769,0.000000,-0.000002,-0.000002
2025-12-16 18:17:12.856,0.002452,-0.004413,0.002705,0.000000,-0.000002,-0.000002
2025-12-16 18:17:12.857,0.002473,-0.004347,0.002666,0.000000,-0.000002,-0.000002
2025-12-16 18:17:12.859,0.002484,-0.004182,0.002601,0.000000,-0.000002,-0.000002
2025-12-16 18:17:12.860,0.002484,-0.004104,0.002579,0.000000,-0.000002,-0.000002
2025-12-16 18:17:12.862,0.002445,-0.003897,0.002527,0.000000,-0.000002,-0.000002
2025-12-16 18:17:12.863,0.002401,-0.003755,0.002488,0.000000,-0.000002,-0.000002
2025-12-16 18:17:12.865,0.002271,-0.003439,0.002390,0.000000,-0.000002,-0.000002
2025-12-16 18:17:12.866,0.002188,-0.003255,0.002337,0.000000,-0.000002,-0.000002
2025-12-16 18:17:12.867,0.002089,-0.003044,0.002284,0.000000,-0.000002,-0.000002
2025-12-16 18:17:12.869,0.001929,-0.002703,0.002207,0.000000,-0.000002,-0.000002
2025-12-16 18:17:12.870,0.001844,-0.002534,0.002172,0.000000,-0.000002,-0.000001
2025-12-16 18:17:12.872,0.001645,-0.002133,0.002070,0.000000,-0.000002,-0.000001
2025-12-16 18:17:12.873,0.001537,-0.001932,0.002006,0.000000,-0.000001,-0.000001
2025-12-16 18:17:12.874,0.001413,-0.001724,0.001955,0.000000,-0.000001,-0.000001
2025-12-16 18:17:12.876,0.001211,-0.001401,0.001886,0.000000,-0.000001,-0.000001
2025-12-16 18:17:12.877,0.001128,-0.001274,0.001854,0.000000,-0.000001,-0.000001
2025-12-16 18:17:12.879,0.000982,-0.001043,0.001749,0.000000,-0.000001,-0.000001
2025-12-16 18:17:12.880,0.000916,-0.000934,0.001671,0.000000,-0.000001,-0.000001
2025-12-16 18:17:12.881,0.000851,-0.000830,0.001591,0.000000,-0.000001,-0.000001
2025-12-16 18:17:12.883,0.000741,-0.000676,0.001453,0.000000,-0.000001,-0.000001
2025-12-16 18:17:12.884,0.000694,-0.000622,0.001395,0.000000,-0.000001,-0.000001
2025-12-16 18:17:12.886,0.000600,-0.000532,0.001279,0.000000,-0.000001,-0.000000
2025-12-16 18:17:12.887,0.000549,-0.000490,0.001214,0.000000,-0.000001,-0.000000
2025-12-16 18:17:12.888,0.000499,-0.000446,0.001140,0.000000,-0.000001,-0.000000
2025-12-16 18:17:12.890,0.000401,-0.000368,0.000990,0.000000,-0.000001,-0.000000
2025-12-16 18:17:12.891,0.000354,-0.000345,0.000929,0.000000,-0.000000,-0.000000
2025-12-16 18:17:12.893,0.000311,-0.000332,0.000884,0.000000,-0.000000,-0.000000
2025-12-16 18:17:12.894,0.000210,-0.000279,0.000780,0.000000,-0.000000,-0.000000
2025-12-16 18:17:12.895,0.000140,-0.000218,0.000691,0.000000,-0.000000,-0.000000
2025-12-16 18:17:12.897,-0.000047,-0.000049,0.000477,0.000000,-0.000000,-0.000000
2025-12-16 18:17:12.898,-0.000148,0.000038,0.000385,0.000000,-0.000000,0.000000
2025-12-16 18:17:12.899,-0.000251,0.000125,0.000313,0.000000,0.000000,0.000000
2025-12-16 18:17:12.901,-0.000461,0.000293,0.000202,0.000000,0.000000,0.000000
2025-12-16 18:17:12.902,-0.000569,0.000388,0.000145,0.000000,0.000000,0.000000
2025-12-16 18:17:12.904,-0.000785,0.000623,0.000008,0.000000,0.000000,0.000000
2025-12-16 18:17:12.905,-0.000910,0.000773,-0.000072,0.000000,0.000000,0.000001
2025-12-16 18:17:12.906,-0.001022,0.000908,-0.000142,0.000000,0.000001,0.000001
2025-12-16 18:17:12.908,-0.001247,0.001184,-0.000266,-0.000000,0.000001,0.000001
2025-12-16 18:17:12.909,-0.001365,0.001333,-0.000331,0.000000,0.000001,0.000001
2025-12-16 18:17:12.911,-0.001614,0.001647,-0.000496,-0.000000,0.000001,0.000001
2025-12-16 18:17:12.912,-0.001727,0.001787,-0.000577,-0.000000,0.000001,0.000001
2025-12-16 18:17:12.913,-0.001840,0.001936,-0.000664,-0.000000,0.000001,0.000001
2025-12-16 18:17:12.915,-0.002029,0.002193,-0.000809,-0.000000,0.000001,0.000001
2025-12-16 18:17:12.916,-0.002113,0.002317,-0.000864,-0.000000,0.000001,0.000001
2025-12-16 18:17:12.918,-0.002198,0.002443,-0.000923,-0.000000,0.000001,0.000001
2025-12-16 18:17:12.919,-0.002372,0.002727,-0.001080,-0.000000,0.000002,0.000002
2025-12-16 18:17:12.920,-0.002465,0.002882,-0.001178,-0.000000,0.000002,0.000002
2025-12-16 18:17:12.922,-0.002633,0.003153,-0.001353,-0.000000,0.000002,0.000002
2025-12-16 18:17:12.923,-0.002720,0.003286,-0.001441,-0.000000,0.000002,0.000002
2025-12-16 18:17:12.925,-0.002869,0.003527,-0.001608,-0.000000,0.000002,0.000002
2025-12-16 18:17:12.926,-0.002940,0.003646,-0.001691,-0.000000,0.000002,0.000002
2025-12-16 18:17:12.927,-0.003010,0.003765,-0.001774,-0.000000,0.000002,0.000002
2025-12-16 18:17:12.929,-0.003064,0.003951,-0.001965,-0.000000,0.000002,0.000002
2025-12-16 18:17:12.930,-0.003085,0.004050,-0.002052,-0.000000,0.000002,0.000002
2025-12-16 18:17:12.932,-0.003119,0.004226,-0.002193,-0.000000,0.000002,0.000002
2025-12-16 18:17:12.934,-0.003153,0.004387,-0.002325,-0.000000,0.000003,0.000002
2025-12-16 18:17:12.935,-0.003175,0.004487,-0.002412,-0.000000,0.000003,0.000002
2025-12-16 18:17:12.936,-0.003194,0.004585,-0.002500,-0.000000,0.000003,0.000002
2025-12-16 18:17:12.938,-0.003214,0.004763,-0.002657,-0.000000,0.000003,0.000003
2025-12-16 18:17:12.939,-0.003212,0.004835,-0.002719,-0.000000,0.000003,0.000003
2025-12-16 18:17:12.941,-0.003185,0.004979,-0.002835,-0.000000,0.000003,0.000003
2025-12-16 18:17:12.942,-0.003169,0.005054,-0.002892,-0.000000,0.000003,0.000003
2025-12-16 18:17:12.943,-0.003157,0.005139,-0.002954,-0.000001,0.000003,0.000003
2025-12-16 18:17:12.945,-0.003157,0.005323,-0.003080,-0.000000,0.000003,0.000003
2025-12-16 18:17:12.946,-0.003164,0.005409,-0.003131,-0.000000,0.000003,0.000003
2025-12-16 18:17:12.948,-0.003177,0.005492,-0.003178,-0.000001,0.000003,0.000003
2025-12-16 18:17:12.949,-0.003192,0.005647,-0.003256,-0.000000,0.000003,0.000003
2025-12-16 18:17:12.950,-0.003201,0.005723,-0.003306,-0.000001,0.000003,0.000003
2025-12-16 18:17:12.952,-0.003211,0.005865,-0.003411,-0.000001,0.000003,0.000003
2025-12-16 18:17:12.953,-0.003220,0.005938,-0.003463,-0.000001,0.000003,0.000003
2025-12-16 18:17:12.955,-0.003229,0.006001,-0.003508,-0.000001,0.000003,0.000003
2025-12-16 18:17:12.956,-0.003248,0.006116,-0.003592,-0.000001,0.000003,0.000003
2025-12-16 18:17:12.957,-0.003266,0.006174,-0.003641,-0.000001,0.000003,0.000003
2025-12-16 18:17:12.959,-0.003287,0.006234,-0.003691,-0.000001,0.000004,0.000003
2025-12-16 18:17:12.960,-0.003337,0.006353,-0.003800,-0.000001,0.000004,0.000003
2025-12-16 18:17:12.961,-0.003357,0.006403,-0.003854,-0.000001,0.000004,0.000003
2025-12-16 18:17:12.963,-0.003381,0.006474,-0.003942,-0.000001,0.000004,0.000003
2025-12-16 18:17:12.964,-0.003388,0.006499,-0.003983,-0.000001,0.000004,0.000003
2025-12-16 18:17:12.966,-0.003390,0.006551,-0.004092,-0.000001,0.000004,0.000003
2025-12-16 18:17:12.967,-0.003392,0.006578,-0.004151,-0.000001,0.000004,0.000003
2025-12-16 18:17:12.969,-0.003402,0.006580,-0.004262,-0.000001,0.000004,0.000003
2025-12-16 18:17:12.970,-0.003401,0.006569,-0.004301,-0.000001,0.000004,0.000003
2025-12-16 18:17:12.971,-0.003397,0.006553,-0.004339,-0.000001,0.000004,0.000003
2025-12-16 18:17:12.973,-0.003388,0.006515,-0.004410,-0.000001,0.000004,0.000003
2025-12-16 18:17:12.974,-0.003379,0.006483,-0.004447,-0.000002,0.000004,0.000003
2025-12-16 18:17:12.976,-0.003334,0.006367,-0.004509,-0.000002,0.000004,0.000003
2025-12-16 18:17:12.977,-0.003294,0.006286,-0.004523,-0.000002,0.000004,0.000003
2025-12-16 18:17:12.978,-0.003249,0.006196,-0.004532,-0.000002,0.000004,0.000003
2025-12-16 18:17:12.980,-0.003158,0.006004,-0.004573,-0.000002,0.000004,0.000003
2025-12-16 18:17:12.981,-0.003120,0.005918,-0.004601,-0.000002,0.000004,0.000003
2025-12-16 18:17:12.983,-0.003053,0.005749,-0.004665,-0.000002,0.000004,0.000003
2025-12-16 18:17:12.984,-0.003017,0.005656,-0.004684,-0.000002,0.000004,0.000003
2025-12-16 18:17:12.986,-0.002977,0.005537,-0.004683,-0.000002,0.000004,0.000003
2025-12-16 18:17:12.987,-0.002908,0.005329,-0.004672,-0.000002,0.000004,0.000003
2025-12-16 18:17:12.988,-0.002883,0.005250,-0.004675,-0.000002,0.000004,0.000003
2025-12-16 18:17:12.990,-0.002863,0.005149,-0.004697,-0.000002,0.000004,0.000003
2025-12-16 18:17:12.991,-0.002860,0.005113,-0.004697,-0.000002,0.000004,0.000003
2025-12-16 18:17:12.992,-0.002863,0.005080,-0.004679,-0.000002,0.000004,0.000003
2025-12-16 18:17:12.994,-0.002898,0.005039,-0.004611,-0.000002,0.000004,0.000003
2025-12-16 18:17:12.995,-0.002936,0.005055,-0.004591,-0.000002,0.000004,0.000003
2025-12-16 18:17:12.997,-0.003037,0.005148,-0.004591,-0.000002,0.000004,0.000003
2025-12-16 18:17:12.998,-0.003111,0.005238,-0.004607,-0.000002,0.000004,0.000003
2025-12-16 18:17:12.999,-0.003188,0.005337,-0.004615,-0.000002,0.000004,0.000003
2025-12-16 18:17:13.001,-0.003333,0.005526,-0.004566,-0.000002,0.000004,0.000003
2025-12-16 18:17:13.002,-0.003388,0.005603,-0.004529,-0.000002,0.000004,0.000003
2025-12-16 18:17:13.004,-0.003533,0.005859,-0.004477,-0.000002,0.000004,0.000003
2025-12-16 18:17:13.005,-0.003608,0.006010,-0.004473,-0.000002,0.000004,0.000003
2025-12-16 18:17:13.006,-0.003694,0.006191,-0.004467,-0.000002,0.000005,0.000003
2025-12-16 18:17:13.008,-0.003835,0.006505,-0.004444,-0.000002,0.000005,0.000003
2025-12-16 18:17:13.009,-0.003892,0.006647,-0.004418,-0.000002,0.000005,0.000003
2025-12-16 18:17:13.010,-0.003939,0.006783,-0.004392,-0.000002,0.000005,0.000003
2025-12-16 18:17:13.012,-0.004024,0.007065,-0.004381,-0.000002,0.000005,0.000003
2025-12-16 18:17:13.013,-0.004052,0.007207,-0.004396,-0.000002,0.000005,0.000003
2025-12-16 18:17:13.015,-0.004069,0.007342,-0.004407,-0.000002,0.000005,0.000003
2025-12-16 18:17:13.016,-0.004071,0.007460,-0.004408,-0.000002,0.000005,0.000004
2025-12-16 18:17:13.017,-0.004056,0.007566,-0.004383,-0.000002,0.000005,0.000004
2025-12-16 18:17:13.019,-0.004009,0.007723,-0.004320,-0.000002,0.000005,0.000004
2025-12-16 18:17:13.020,-0.003980,0.007800,-0.004306,-0.000002,0.000005,0.000004
2025-12-16 18:17:13.022,-0.003950,0.007893,-0.004319,-0.000002,0.000005,0.000004
2025-12-16 18:17:13.023,-0.003898,0.008053,-0.004366,-0.000002,0.000005,0.000004
2025-12-16 18:17:13.024,-0.003865,0.008110,-0.004378,-0.000002,0.000005,0.000004
2025-12-16 18:17:13.026,-0.003753,0.008229,-0.004378,-0.000002,0.000005,0.000004
2025-12-16 18:17:13.027,-0.003715,0.008269,-0.004378,-0.000002,0.000005,0.000004
2025-12-16 18:17:13.028,-0.003659,0.008264,-0.004384,-0.000002,0.000005,0.000004
2025-12-16 18:17:13.030,-0.003569,0.008264,-0.004419,-0.000003,0.000005,0.000004
2025-12-16 18:17:13.031,-0.003526,0.008260,-0.004428,-0.000002,0.000005,0.000004
2025-12-16 18:17:13.033,-0.003454,0.008242,-0.004421,-0.000002,0.000005,0.000004
2025-12-16 18:17:13.034,-0.003430,0.008233,-0.004419,-0.000002,0.000005,0.000003
2025-12-16 18:17:13.036,-0.003400,0.008229,-0.004450,-0.000002,0.000005,0.000003
2025-12-16 18:17:13.037,-0.003396,0.008228,-0.004474,-0.000002,0.000005,0.000003
2025-12-16 18:17:13.038,-0.003396,0.008222,-0.004498,-0.000002,0.000005,0.000003
2025-12-16 18:17:13.040,-0.003399,0.008186,-0.004518,-0.000002,0.000005,0.000003
2025-12-16 18:17:13.041,-0.003402,0.008167,-0.004519,-0.000002,0.000005,0.000004
2025-12-16 18:17:13.042,-0.003406,0.008150,-0.004517,-0.000002,0.000005,0.000003
2025-12-16 18:17:13.044,-0.003452,0.008147,-0.004530,-0.000002,0.000005,0.000003
2025-12-16 18:17:13.045,-0.003483,0.008154,-0.004546,-0.000002,0.000005,0.000004
2025-12-16 18:17:13.047,-0.003577,0.008166,-0.004557,-0.000002,0.000005,0.000004
2025-12-16 18:17:13.048,-0.003629,0.008169,-0.004551,-0.000002,0.000005,0.000004
2025-12-16 18:17:13.049,-0.003679,0.008173,-0.004539,-0.000002,0.000005,0.000004
2025-12-16 18:17:13.051,-0.003775,0.008190,-0.004519,-0.000002,0.000005,0.000004
2025-12-16 18:17:13.052,-0.003832,0.008205,-0.004519,-0.000002,0.000005,0.000004
2025-12-16 18:17:13.054,-0.003943,0.008231,-0.004528,-0.000002,0.000005,0.000004
2025-12-16 18:17:13.055,-0.003995,0.008241,-0.004527,-0.000002,0.000005,0.000004
2025-12-16 18:17:13.056,-0.004042,0.008248,-0.004518,-0.000002,0.000005,0.000004
2025-12-16 18:17:13.058,-0.004144,0.008267,-0.004500,-0.000003,0.000005,0.000004
2025-12-16 18:17:13.059,-0.004190,0.008282,-0.004496,-0.000003,0.000005,0.000004
2025-12-16 18:17:13.061,-0.004236,0.008295,-0.004492,-0.000002,0.000005,0.000004
2025-12-16 18:17:13.062,-0.004298,0.008283,-0.004463,-0.000003,0.000005,0.000004
2025-12-16 18:17:13.063,-0.004311,0.008249,-0.004435,-0.000003,0.000005,0.000004
2025-12-16 18:17:13.065,-0.004300,0.008148,-0.004374,-0.000003,0.000005,0.000004
2025-12-16 18:17:13.066,-0.004284,0.008088,-0.004355,-0.000003,0.000005,0.000004
2025-12-16 18:17:13.068,-0.004264,0.008027,-0.004343,-0.000003,0.000005,0.000004
2025-12-16 18:17:13.069,-0.004218,0.007896,-0.004329,-0.000003,0.000005,0.000004
2025-12-16 18:17:13.070,-0.004183,0.007813,-0.004315,-0.000003,0.000005,0.000004
2025-12-16 18:17:13.072,-0.004082,0.007593,-0.004276,-0.000003,0.000005,0.000004
2025-12-16 18:17:13.073,-0.004021,0.007473,-0.004258,-0.000003,0.000005,0.000004
2025-12-16 18:17:13.075,-0.003884,0.007233,-0.004226,-0.000003,0.000005,0.000003
2025-12-16 18:17:13.077,-0.003738,0.006991,-0.004177,-0.000003,0.000005,0.000003
2025-12-16 18:17:13.078,-0.003660,0.006863,-0.004132,-0.000003,0.000005,0.000003
2025-12-16 18:17:13.079,-0.003581,0.006730,-0.004070,-0.000003,0.000005,0.000003
2025-12-16 18:17:13.081,-0.003423,0.006468,-0.003943,-0.000002,0.000004,0.000003
2025-12-16 18:17:13.082,-0.003362,0.006367,-0.003894,-0.000002,0.000004,0.000003
2025-12-16 18:17:13.084,-0.003231,0.006180,-0.003782,-0.000002,0.000004,0.000003
2025-12-16 18:17:13.085,-0.003162,0.006086,-0.003711,-0.000002,0.000004,0.000003
2025-12-16 18:17:13.086,-0.003102,0.006006,-0.003645,-0.000002,0.000004,0.000003
2025-12-16 18:17:13.088,-0.002992,0.005837,-0.003469,-0.000002,0.000004,0.000003
2025-12-16 18:17:13.089,-0.002935,0.005753,-0.003366,-0.000002,0.000004,0.000003
2025-12-16 18:17:13.091,-0.002827,0.005601,-0.003148,-0.000002,0.000004,0.000003
2025-12-16 18:17:13.092,-0.002785,0.005545,-0.003048,-0.000002,0.000004,0.000003
2025-12-16 18:17:13.093,-0.002745,0.005491,-0.002949,-0.000001,0.000003,0.000003
2025-12-16 18:17:13.095,-0.002658,0.005347,-0.002719,-0.000001,0.000003,0.000002
2025-12-16 18:17:13.096,-0.002610,0.005265,-0.002597,-0.000001,0.000003,0.000002
2025-12-16 18:17:13.098,-0.002558,0.005174,-0.002479,-0.000001,0.000003,0.000002
2025-12-16 18:17:13.099,-0.002454,0.004983,-0.002293,-0.000001,0.000003,0.000002
2025-12-16 18:17:13.100,-0.002402,0.004884,-0.002215,-0.000001,0.000003,0.000002
2025-12-16 18:17:13.102,-0.002294,0.004671,-0.002061,-0.000001,0.000003,0.000002
2025-12-16 18:17:13.103,-0.002234,0.004543,-0.001982,-0.000001,0.000003,0.000002
2025-12-16 18:17:13.104,-0.002177,0.004405,-0.001902,-0.000001,0.000002,0.000002
2025-12-16 18:17:13.106,-0.002058,0.004118,-0.001779,-0.000001,0.000002,0.000002
2025-12-16 18:17:13.107,-0.001990,0.003966,-0.001731,-0.000001,0.000002,0.000002
2025-12-16 18:17:13.109,-0.001920,0.003805,-0.001681,-0.000001,0.000002,0.000002
2025-12-16 18:17:13.110,-0.001755,0.003436,-0.001564,-0.000001,0.000002,0.000002
2025-12-16 18:17:13.111,-0.001660,0.003231,-0.001487,-0.000000,0.000002,0.000002
2025-12-16 18:17:13.113,-0.001454,0.002818,-0.001340,-0.000000,0.000002,0.000001
2025-12-16 18:17:13.114,-0.001353,0.002613,-0.001277,-0.000000,0.000002,0.000001
2025-12-16 18:17:13.115,-0.001258,0.002417,-0.001229,-0.000000,0.000001,0.000001
2025-12-16 18:17:13.117,-0.001091,0.002070,-0.001155,-0.000000,0.000001,0.000001
2025-12-16 18:17:13.118,-0.001001,0.001881,-0.001105,-0.000000,0.000001,0.000001
2025-12-16 18:17:13.124,-0.000651,0.001190,-0.000845,-0.000000,0.000001,0.000001
2025-12-16 18:17:13.126,-0.000330,0.000597,-0.000625,-0.000000,0.000000,0.000000
2025-12-16 18:17:13.128,-0.000238,0.000434,-0.000556,-0.000000,0.000000,0.000000
2025-12-16 18:17:13.129,-0.000061,0.000121,-0.000387,-0.000000,0.000000,0.000000
2025-12-16 18:17:13.131,0.000257,-0.000447,-0.000020,-0.000000,-0.000000,-0.000000
2025-12-16 18:17:13.132,0.000336,-0.000588,0.000072,-0.000000,-0.000000,-0.000000
2025-12-16 18:17:13.133,0.000359,-0.000647,0.000150,-0.000000,-0.000000,-0.000000
2025-12-16 18:17:13.135,0.000425,-0.000772,0.000350,0.000000,-0.000000,-0.000000
2025-12-16 18:17:13.136,0.000452,-0.000818,0.000429,0.000000,-0.000000,-0.000000
2025-12-16 18:17:13.138,0.000486,-0.000873,0.000577,0.000000,-0.000000,-0.000000
2025-12-16 18:17:13.139,0.000487,-0.000881,0.000646,0.000000,-0.000001,-0.000000
2025-12-16 18:17:13.140,0.000479,-0.000879,0.000712,0.000000,-0.000001,-0.000000
2025-12-16 18:17:13.142,0.000448,-0.000846,0.000836,0.000000,-0.000001,-0.000000
2025-12-16 18:17:13.143,0.000429,-0.000818,0.000897,0.000000,-0.000001,-0.000000
2025-12-16 18:17:13.144,0.000409,-0.000782,0.000963,0.000000,-0.000001,-0.000000
2025-12-16 18:17:13.146,0.000371,-0.000694,0.001086,0.000000,-0.000001,-0.000000
2025-12-16 18:17:13.147,0.000344,-0.000637,0.001146,0.000000,-0.000001,-0.000000
2025-12-16 18:17:13.149,0.000285,-0.000489,0.001235,0.000000,-0.000001,-0.000000
2025-12-16 18:17:13.150,0.000250,-0.000390,0.001271,0.000000,-0.000001,-0.000000
2025-12-16 18:17:13.151,0.000218,-0.000298,0.001300,0.000000,-0.000001,-0.000000
2025-12-16 18:17:13.153,0.000154,-0.000090,0.001364,0.000000,-0.000001,-0.000000
2025-12-16 18:17:13.154,0.000137,0.000001,0.001407,0.000000,-0.000001,-0.000000
2025-12-16 18:17:13.156,0.000122,0.000141,0.001487,0.000000,-0.000001,-0.000000
2025-12-16 18:17:13.157,0.000127,0.000200,0.001524,0.000000,-0.000001,-0.000000
2025-12-16 18:17:13.158,0.000140,0.000257,0.001559,0.000000,-0.000001,-0.000000
2025-12-16 18:17:13.160,0.000186,0.000375,0.001613,0.000001,-0.000001,-0.000000
2025-12-16 18:17:13.161,0.000211,0.000427,0.001640,0.000001,-0.000001,-0.000000
2025-12-16 18:17:13.163,0.000277,0.000516,0.001714,0.000001,-0.000001,-0.000000
2025-12-16 18:17:13.164,0.000307,0.000548,0.001749,0.000001,-0.000001,-0.000000
2025-12-16 18:17:13.165,0.000349,0.000576,0.001777,0.000001,-0.000001,-0.000000
2025-12-16 18:17:13.167,0.000442,0.000609,0.001820,0.000001,-0.000001,-0.000000
2025-12-16 18:17:13.168,0.000513,0.000604,0.001858,0.000001,-0.000001,-0.000000
2025-12-16 18:17:13.170,0.000640,0.000575,0.001938,0.000001,-0.000001,-0.000000
2025-12-16 18:17:13.171,0.000698,0.000555,0.001980,0.000001,-0.000001,-0.000000
2025-12-16 18:17:13.172,0.000756,0.000535,0.002015,0.000001,-0.000001,-0.000000
2025-12-16 18:17:13.174,0.000810,0.000519,0.002041,0.000001,-0.000001,-0.000000
2025-12-16 18:17:13.175,0.000887,0.000498,0.002072,0.000001,-0.000001,-0.000000
2025-12-16 18:17:13.176,0.000914,0.000488,0.002089,0.000001,-0.000001,-0.000000
2025-12-16 18:17:13.178,0.000946,0.000459,0.002130,0.000001,-0.000001,-0.000000
2025-12-16 18:17:13.179,0.000960,0.000441,0.002160,0.000001,-0.000001,-0.000000
2025-12-16 18:17:13.181,0.000980,0.000414,0.002219,0.000001,-0.000001,-0.000000
2025-12-16 18:17:13.182,0.000981,0.000408,0.002240,0.000001,-0.000001,-0.000000
2025-12-16 18:17:13.183,0.000969,0.000408,0.002261,0.000001,-0.000001,-0.000000
2025-12-16 18:17:13.185,0.000903,0.000429,0.002310,0.000001,-0.000001,-0.000000
2025-12-16 18:17:13.186,0.000856,0.000446,0.002335,0.000001,-0.000001,-0.000000
2025-12-16 18:17:13.188,0.000799,0.000457,0.002366,0.000001,-0.000001,-0.000000
2025-12-16 18:17:13.189,0.000677,0.000458,0.002455,0.000001,-0.000001,-0.000000
2025-12-16 18:17:13.190,0.000632,0.000455,0.002491,0.000001,-0.000001,-0.000000
2025-12-16 18:17:13.192,0.000537,0.000421,0.002581,0.000001,-0.000001,-0.000000
2025-12-16 18:17:13.193,0.000482,0.000397,0.002623,0.000001,-0.000001,-0.000000
2025-12-16 18:17:13.194,0.000425,0.000375,0.002659,0.000001,-0.000001,-0.000000
2025-12-16 18:17:13.196,0.000318,0.000349,0.002718,0.000001,-0.000001,-0.000000
2025-12-16 18:17:13.197,0.000257,0.000333,0.002742,0.000001,-0.000001,-0.000000
2025-12-16 18:17:13.199,0.000190,0.000311,0.002768,0.000001,-0.000001,-0.000000
2025-12-16 18:17:13.200,0.000052,0.000244,0.002821,0.000001,-0.000001,-0.000000
2025-12-16 18:17:13.201,-0.000001,0.000199,0.002852,0.000001,-0.000001,-0.000000
2025-12-16 18:17:13.203,-0.000045,0.000149,0.002887,0.000001,-0.000001,-0.000000
2025-12-16 18:17:13.204,-0.000100,0.000034,0.002974,0.000001,-0.000001,-0.000000
2025-12-16 18:17:13.206,-0.000119,-0.000024,0.003021,0.000001,-0.000001,-0.000000
2025-12-16 18:17:13.207,-0.000154,-0.000115,0.003105,0.000001,-0.000001,-0.000000
2025-12-16 18:17:13.208,-0.000180,-0.000134,0.003130,0.000001,-0.000001,-0.000000
2025-12-16 18:17:13.210,-0.000254,-0.000117,0.003129,0.000001,-0.000001,-0.000000
2025-12-16 18:17:13.211,-0.000298,-0.000094,0.003129,0.000001,-0.000001,-0.000000
2025-12-16 18:17:13.213,-0.000369,-0.000052,0.003191,0.000001,-0.000001,-0.000000
2025-12-16 18:17:13.214,-0.000389,-0.000040,0.003246,0.000001,-0.000001,-0.000000
2025-12-16 18:17:13.215,-0.000394,-0.000034,0.003311,0.000001,-0.000001,-0.000000
2025-12-16 18:17:13.217,-0.000382,0.000012,0.003435,0.000001,-0.000001,-0.000000
2025-12-16 18:17:13.218,-0.000374,0.000054,0.003498,0.000001,-0.000001,-0.000000
2025-12-16 18:17:13.220,-0.000366,0.000104,0.003555,0.000001,-0.000001,-0.000000
2025-12-16 18:17:13.222,-0.000368,0.000216,0.003715,0.000001,-0.000001,-0.000000
2025-12-16 18:17:13.223,-0.000371,0.000266,0.003803,0.000001,-0.000001,-0.000000
2025-12-16 18:17:13.225,-0.000368,0.000308,0.003894,0.000001,-0.000001,-0.000000
2025-12-16 18:17:13.226,-0.000339,0.000370,0.004053,0.000001,-0.000001,-0.000000
2025-12-16 18:17:13.227,-0.000306,0.000387,0.004130,0.000001,-0.000001,-0.000000
2025-12-16 18:17:13.229,-0.000196,0.000366,0.004306,0.000001,-0.000001,-0.000000
2025-12-16 18:17:13.230,-0.000073,0.000322,0.004495,0.000001,-0.000002,-0.000000
2025-12-16 18:17:13.231,0.000020,0.000234,0.004619,0.000001,-0.000002,-0.000000
2025-12-16 18:17:13.233,0.000180,0.000087,0.004821,0.000001,-0.000002,-0.000001
2025-12-16 18:17:13.234,0.000257,0.000016,0.004899,0.000001,-0.000002,-0.000001
2025-12-16 18:17:13.236,0.000398,-0.000152,0.005041,0.000001,-0.000002,-0.000001
2025-12-16 18:17:13.237,0.000474,-0.000269,0.005132,0.000001,-0.000002,-0.000001
2025-12-16 18:17:13.238,0.000552,-0.000401,0.005227,0.000001,-0.000002,-0.000001
2025-12-16 18:17:13.240,0.000725,-0.000699,0.005413,0.000001,-0.000002,-0.000001
2025-12-16 18:17:13.241,0.000808,-0.000852,0.005474,0.000001,-0.000002,-0.000001
2025-12-16 18:17:13.242,0.000876,-0.000983,0.005516,0.000001,-0.000002,-0.000001
2025-12-16 18:17:13.244,0.000969,-0.001234,0.005583,0.000001,-0.000002,-0.000001
2025-12-16 18:17:13.245,0.001000,-0.001360,0.005624,0.000001,-0.000003,-0.000001
2025-12-16 18:17:13.247,0.001018,-0.001609,0.005700,0.000001,-0.000003,-0.000001
2025-12-16 18:17:13.248,0.000995,-0.001709,0.005701,0.000001,-0.000003,-0.000001
2025-12-16 18:17:13.249,0.000949,-0.001792,0.005665,0.000001,-0.000003,-0.000001
2025-12-16 18:17:13.251,0.000848,-0.001918,0.005571,0.000001,-0.000002,-0.000001
2025-12-16 18:17:13.252,0.000794,-0.001985,0.005532,0.000001,-0.000002,-0.000001
2025-12-16 18:17:13.254,0.000714,-0.002141,0.005486,0.000001,-0.000002,-0.000001
2025-12-16 18:17:13.255,0.000676,-0.002218,0.005472,0.000001,-0.000002,-0.000001
2025-12-16 18:17:13.256,0.000633,-0.002281,0.005446,0.000001,-0.000002,-0.000001
2025-12-16 18:17:13.258,0.000505,-0.002355,0.005348,0.000001,-0.000002,-0.000001
2025-12-16 18:17:13.259,0.000416,-0.002376,0.005290,0.000001,-0.000002,-0.000001
2025-12-16 18:17:13.260,0.000312,-0.002400,0.005245,0.000001,-0.000002,-0.000001
2025-12-16 18:17:13.262,0.000129,-0.002450,0.005181,0.000001,-0.000002,-0.000001
2025-12-16 18:17:13.263,0.000046,-0.002480,0.005148,0.000001,-0.000002,-0.000001
2025-12-16 18:17:13.265,-0.000029,-0.002504,0.005094,0.000001,-0.000002,-0.000001
2025-12-16 18:17:13.266,-0.000160,-0.002544,0.004955,0.000001,-0.000002,-0.000001
2025-12-16 18:17:13.267,-0.000206,-0.002567,0.004895,0.000001,-0.000002,-0.000001
2025-12-16 18:17:13.269,-0.000270,-0.002635,0.004819,0.000001,-0.000002,-0.000001
2025-12-16 18:17:13.270,-0.000295,-0.002682,0.004800,0.000001,-0.000002,-0.000001
2025-12-16 18:17:13.272,-0.000320,-0.002727,0.004784,0.000001,-0.000002,-0.000001
2025-12-16 18:17:13.273,-0.000377,-0.002791,0.004735,0.000001,-0.000002,-0.000001
2025-12-16 18:17:13.274,-0.000402,-0.002826,0.004697,0.000001,-0.000002,-0.000001
2025-12-16 18:17:13.276,-0.000430,-0.002895,0.004642,0.000001,-0.000002,-0.000001
2025-12-16 18:17:13.277,-0.000420,-0.002947,0.004633,0.000001,-0.000002,-0.000001
2025-12-16 18:17:13.278,-0.000400,-0.003005,0.004635,0.000001,-0.000002,-0.000001
2025-12-16 18:17:13.280,-0.000329,-0.003122,0.004600,0.000001,-0.000002,-0.000001
2025-12-16 18:17:13.281,-0.000301,-0.003153,0.004554,0.000001,-0.000002,-0.000001
2025-12-16 18:17:13.282,-0.000286,-0.003164,0.004494,0.000001,-0.000002,-0.000001
2025-12-16 18:17:13.284,-0.000281,-0.003158,0.004396,0.000001,-0.000002,-0.000001
2025-12-16 18:17:13.285,-0.000291,-0.003147,0.004370,0.000001,-0.000002,-0.000001
2025-12-16 18:17:13.287,-0.000309,-0.003128,0.004344,0.000001,-0.000002,-0.000001
2025-12-16 18:17:13.288,-0.000313,-0.003108,0.004335,0.000001,-0.000001,-0.000001
2025-12-16 18:17:13.289,-0.000315,-0.003083,0.004323,0.000001,-0.000001,-0.000001
2025-12-16 18:17:13.291,-0.000308,-0.003019,0.004308,0.000001,-0.000001,-0.000001
2025-12-16 18:17:13.292,-0.000299,-0.002987,0.004308,0.000001,-0.000001,-0.000001
2025-12-16 18:17:13.293,-0.000293,-0.002953,0.004315,0.000001,-0.000001,-0.000001
2025-12-16 18:17:13.295,-0.000297,-0.002880,0.004341,0.000001,-0.000001,-0.000001
2025-12-16 18:17:13.296,-0.000313,-0.002833,0.004343,0.000001,-0.000001,-0.000001
2025-12-16 18:17:13.298,-0.000367,-0.002717,0.004302,0.000001,-0.000001,-0.000001
2025-12-16 18:17:13.299,-0.000399,-0.002656,0.004268,0.000001,-0.000001,-0.000001
2025-12-16 18:17:13.300,-0.000428,-0.002600,0.004235,0.000001,-0.000001,-0.000001
2025-12-16 18:17:13.302,-0.000467,-0.002515,0.004193,0.000001,-0.000001,-0.000001
2025-12-16 18:17:13.303,-0.000472,-0.002492,0.004189,0.000001,-0.000001,-0.000001
2025-12-16 18:17:13.305,-0.000466,-0.002462,0.004158,0.000001,-0.000001,-0.000001
2025-12-16 18:17:13.306,-0.000462,-0.002447,0.004136,0.000001,-0.000001,-0.000001
2025-12-16 18:17:13.307,-0.000464,-0.002428,0.004102,0.000001,-0.000001,-0.000001
2025-12-16 18:17:13.309,-0.000485,-0.002383,0.004012,0.000001,-0.000001,-0.000001
2025-12-16 18:17:13.310,-0.000506,-0.002361,0.003969,0.000001,-0.000001,-0.000001
2025-12-16 18:17:13.311,-0.000525,-0.002344,0.003934,0.000001,-0.000001,-0.000001
2025-12-16 18:17:13.313,-0.000577,-0.002303,0.003851,0.000001,-0.000001,-0.000001
2025-12-16 18:17:13.314,-0.000617,-0.002263,0.003783,0.000001,-0.000001,-0.000001
2025-12-16 18:17:13.316,-0.000655,-0.002224,0.003720,0.000001,-0.000001,-0.000001
2025-12-16 18:17:13.317,-0.000696,-0.002177,0.003649,0.000001,-0.000001,-0.000001
2025-12-16 18:17:13.319,-0.000731,-0.002134,0.003586,0.000001,-0.000001,-0.000001
2025-12-16 18:17:13.320,-0.000826,-0.002015,0.003450,0.000001,-0.000001,-0.000001
2025-12-16 18:17:13.321,-0.000888,-0.001944,0.003384,0.000001,-0.000001,-0.000001
2025-12-16 18:17:13.323,-0.001032,-0.001777,0.003234,0.000001,-0.000001,-0.000000
2025-12-16 18:17:13.324,-0.001102,-0.001686,0.003156,0.000001,-0.000001,-0.000000
2025-12-16 18:17:13.326,-0.001311,-0.001413,0.002922,0.000001,-0.000001,-0.000000
2025-12-16 18:17:13.327,-0.001369,-0.001299,0.002892,0.000001,-0.000001,-0.000000
2025-12-16 18:17:13.328,-0.001419,-0.001194,0.002855,0.000001,-0.000001,-0.000000
2025-12-16 18:17:13.330,-0.001489,-0.001045,0.002794,0.000001,-0.000000,-0.000000
2025-12-16 18:17:13.331,-0.001515,-0.000975,0.002748,0.000001,-0.000000,0.000000
2025-12-16 18:17:13.333,-0.001550,-0.000842,0.002643,0.000001,-0.000000,0.000000
2025-12-16 18:17:13.334,-0.001551,-0.000786,0.002592,0.000001,-0.000000,0.000000
2025-12-16 18:17:13.336,-0.001530,-0.000720,0.002528,0.000001,-0.000000,0.000000
2025-12-16 18:17:13.337,-0.001500,-0.000713,0.002507,0.000001,-0.000000,0.000000
2025-12-16 18:17:13.338,-0.001463,-0.000716,0.002486,0.000001,-0.000000,0.000000
2025-12-16 18:17:13.340,-0.001362,-0.000748,0.002417,0.000001,-0.000000,0.000000
2025-12-16 18:17:13.341,-0.001291,-0.000778,0.002378,0.000001,-0.000000,0.000000
2025-12-16 18:17:13.343,-0.001151,-0.000855,0.002324,0.000001,-0.000000,-0.000000
2025-12-16 18:17:13.344,-0.001071,-0.000920,0.002326,0.000001,-0.000000,-0.000000
2025-12-16 18:17:13.345,-0.000986,-0.000995,0.002337,0.000001,-0.000001,-0.000000
2025-12-16 18:17:13.347,-0.000821,-0.001131,0.002331,0.000001,-0.000001,-0.000000
2025-12-16 18:17:13.348,-0.000758,-0.001179,0.002318,0.000001,-0.000001,-0.000000
2025-12-16 18:17:13.350,-0.000657,-0.001238,0.002266,0.000000,-0.000001,-0.000000
2025-12-16 18:17:13.351,-0.000605,-0.001263,0.002251,0.000001,-0.000001,-0.000000
2025-12-16 18:17:13.353,-0.000503,-0.001312,0.002266,0.000001,-0.000001,-0.000000
2025-12-16 18:17:13.354,-0.000461,-0.001322,0.002271,0.000000,-0.000001,-0.000000
2025-12-16 18:17:13.356,-0.000433,-0.001314,0.002273,0.000000,-0.000001,-0.000000
2025-12-16 18:17:13.357,-0.000429,-0.001224,0.002239,0.000000,-0.000001,-0.000000
2025-12-16 18:17:13.358,-0.000439,-0.001154,0.002220,0.000000,-0.000001,-0.000000
2025-12-16 18:17:13.360,-0.000473,-0.001002,0.002243,0.000000,-0.000001,-0.000000
2025-12-16 18:17:13.362,-0.000488,-0.000849,0.002335,0.000001,-0.000001,-0.000000
2025-12-16 18:17:13.363,-0.000494,-0.000771,0.002377,0.000000,-0.000001,-0.000000
2025-12-16 18:17:13.364,-0.000500,-0.000694,0.002408,0.000001,-0.000001,-0.000000
2025-12-16 18:17:13.366,-0.000507,-0.000523,0.002436,0.000001,-0.000001,-0.000000
2025-12-16 18:17:13.367,-0.000504,-0.000439,0.002452,0.000001,-0.000001,-0.000000
2025-12-16 18:17:13.369,-0.000498,-0.000374,0.002478,0.000001,-0.000001,-0.000000
2025-12-16 18:17:13.370,-0.000473,-0.000285,0.002552,0.000001,-0.000001,-0.000000
2025-12-16 18:17:13.371,-0.000454,-0.000257,0.002579,0.000001,-0.000001,-0.000000
2025-12-16 18:17:13.373,-0.000390,-0.000217,0.002570,0.000001,-0.000001,-0.000000
2025-12-16 18:17:13.374,-0.000343,-0.000224,0.002559,0.000001,-0.000001,-0.000000
2025-12-16 18:17:13.375,-0.000281,-0.000264,0.002568,0.000001,-0.000001,-0.000000
2025-12-16 18:17:13.377,-0.000111,-0.000429,0.002647,0.000001,-0.000001,-0.000000
2025-12-16 18:17:13.378,-0.000017,-0.000535,0.002695,0.000001,-0.000001,-0.000000
2025-12-16 18:17:13.380,0.000174,-0.000770,0.002737,0.000001,-0.000001,-0.000001
2025-12-16 18:17:13.381,0.000266,-0.000897,0.002717,0.000001,-0.000001,-0.000001
2025-12-16 18:17:13.382,0.000355,-0.001045,0.002694,0.000001,-0.000001,-0.000001
2025-12-16 18:17:13.384,0.000507,-0.001333,0.002671,0.000001,-0.000001,-0.000001
2025-12-16 18:17:13.385,0.000588,-0.001509,0.002674,0.000000,-0.000001,-0.000001
2025-12-16 18:17:13.387,0.000719,-0.001808,0.002662,0.000000,-0.000001,-0.000001
2025-12-16 18:17:13.388,0.000769,-0.001933,0.002624,0.000000,-0.000001,-0.000001
2025-12-16 18:17:13.389,0.000807,-0.002033,0.002584,0.000000,-0.000001,-0.000001
2025-12-16 18:17:13.391,0.000866,-0.002225,0.002471,0.000000,-0.000001,-0.000001
2025-12-16 18:17:13.392,0.000888,-0.002329,0.002440,0.000000,-0.000001,-0.000001
2025-12-16 18:17:13.394,0.000904,-0.002429,0.002426,0.000000,-0.000001,-0.000001
2025-12-16 18:17:13.395,0.000897,-0.002558,0.002378,0.000000,-0.000001,-0.000001
2025-12-16 18:17:13.396,0.000867,-0.002573,0.002327,0.000000,-0.000001,-0.000001
2025-12-16 18:17:13.398,0.000780,-0.002537,0.002201,0.000000,-0.000001,-0.000001
2025-12-16 18:17:13.399,0.000732,-0.002507,0.002162,0.000000,-0.000001,-0.000001
2025-12-16 18:17:13.402,0.000636,-0.002428,0.002130,0.000000,-0.000001,-0.000001
2025-12-16 18:17:13.404,0.000443,-0.002149,0.002028,0.000000,-0.000001,-0.000001
2025-12-16 18:17:13.406,0.000294,-0.001847,0.001912,0.000000,-0.000001,-0.000001
2025-12-16 18:17:13.412,0.000128,-0.001277,0.001947,0.000000,-0.000001,-0.000001
2025-12-16 18:17:13.414,0.000168,-0.000951,0.001881,0.000000,-0.000001,-0.000000
2025-12-16 18:17:13.416,0.000205,-0.000872,0.001871,0.000000,-0.000001,-0.000000
2025-12-16 18:17:13.417,0.000263,-0.000826,0.001884,0.000000,-0.000001,-0.000000
2025-12-16 18:17:13.418,0.000331,-0.000806,0.001906,0.000000,-0.000001,-0.000000
2025-12-16 18:17:13.420,0.000496,-0.000794,0.001894,0.000000,-0.000001,-0.000001
2025-12-16 18:17:13.423,0.000801,-0.000820,0.001756,0.000000,-0.000001,-0.000001
2025-12-16 18:17:13.425,0.001062,-0.000959,0.001723,0.000000,-0.000001,-0.000001
2025-12-16 18:17:13.426,0.001333,-0.001124,0.001713,0.000000,-0.000001,-0.000001
2025-12-16 18:17:13.427,0.001469,-0.001207,0.001707,0.000000,-0.000001,-0.000001
2025-12-16 18:17:13.429,0.001600,-0.001247,0.001491,0.000000,-0.000001,-0.000001
2025-12-16 18:17:13.430,0.001649,-0.001264,0.001412,0.000000,-0.000001,-0.000001
2025-12-16 18:17:13.433,0.001755,-0.001351,0.001350,0.000000,-0.000001,-0.000001
2025-12-16 18:17:13.434,0.001768,-0.001367,0.001336,0.000000,-0.000001,-0.000001
2025-12-16 18:17:13.435,0.001774,-0.001374,0.001317,0.000000,-0.000001,-0.000001
2025-12-16 18:17:13.437,0.001752,-0.001317,0.001226,0.000000,-0.000001,-0.000001
2025-12-16 18:17:13.439,0.001681,-0.001208,0.001153,0.000000,-0.000001,-0.000001
2025-12-16 18:17:13.440,0.001632,-0.001152,0.001143,0.000000,-0.000001,-0.000001
2025-12-16 18:17:13.441,0.001589,-0.001105,0.001140,0.000000,-0.000001,-0.000001
2025-12-16 18:17:13.444,0.001449,-0.000966,0.001128,0.000000,-0.000001,-0.000001
2025-12-16 18:17:13.445,0.001299,-0.000809,0.001078,0.000000,-0.000001,-0.000001
2025-12-16 18:17:13.446,0.001220,-0.000726,0.001041,0.000000,-0.000001,-0.000001
2025-12-16 18:17:13.448,0.001157,-0.000659,0.001028,0.000000,-0.000001,-0.000001
2025-12-16 18:17:13.449,0.001080,-0.000582,0.001049,0.000000,-0.000001,-0.000001
2025-12-16 18:17:13.450,0.001049,-0.000568,0.001069,0.000000,-0.000001,-0.000001
2025-12-16 18:17:13.451,0.001023,-0.000560,0.001086,0.000000,-0.000001,-0.000001
2025-12-16 18:17:13.452,0.000999,-0.000553,0.001085,0.000000,-0.000001,-0.000001
2025-12-16 18:17:13.456,0.000888,-0.000489,0.000909,0.000000,-0.000001,-0.000001
2025-12-16 18:17:13.457,0.000865,-0.000491,0.000873,0.000000,-0.000001,-0.000001
2025-12-16 18:17:13.459,0.000849,-0.000501,0.000841,0.000000,-0.000001,-0.000000
2025-12-16 18:17:13.461,0.000830,-0.000525,0.000748,0.000000,-0.000001,-0.000000
2025-12-16 18:17:13.462,0.000817,-0.000535,0.000642,0.000000,-0.000001,-0.000000
2025-12-16 18:17:13.463,0.000805,-0.000522,0.000588,0.000000,-0.000001,-0.000000
2025-12-16 18:17:13.464,0.000792,-0.000505,0.000542,0.000000,-0.000001,-0.000000
2025-12-16 18:17:13.465,0.000775,-0.000486,0.000509,0.000000,-0.000001,-0.000000
2025-12-16 18:17:13.466,0.000749,-0.000457,0.000481,0.000000,-0.000000,-0.000000
2025-12-16 18:17:13.468,0.000720,-0.000423,0.000450,0.000000,-0.000000,-0.000000
2025-12-16 18:17:13.470,0.000602,-0.000274,0.000295,0.000000,-0.000000,-0.000000
2025-12-16 18:17:13.471,0.000567,-0.000211,0.000226,0.000000,-0.000000,-0.000000
2025-12-16 18:17:13.472,0.000537,-0.000149,0.000166,0.000000,-0.000000,-0.000000
2025-12-16 18:17:13.473,0.000511,-0.000093,0.000122,0.000000,-0.000000,-0.000000
2025-12-16 18:17:13.474,0.000495,-0.000047,0.000094,0.000000,-0.000000,-0.000000
2025-12-16 18:17:13.475,0.000488,-0.000006,0.000073,0.000000,-0.000000,-0.000000
2025-12-16 18:17:13.476,0.000481,0.000025,0.000059,0.000000,-0.000000,-0.000000
2025-12-16 18:17:13.477,0.000476,0.000061,0.000036,0.000000,-0.000000,-0.000000
2025-12-16 18:17:13.479,0.000468,0.000130,-0.000031,0.000000,-0.000000,-0.000000
2025-12-16 18:17:13.480,0.000476,0.000147,-0.000059,0.000000,-0.000000,-0.000000
2025-12-16 18:17:13.481,0.000497,0.000145,-0.000075,0.000000,-0.000000,-0.000000
2025-12-16 18:17:13.482,0.000519,0.000136,-0.000082,0.000000,-0.000000,-0.000000
2025-12-16 18:17:13.484,0.000547,0.000111,-0.000073,0.000000,-0.000000,-0.000000
2025-12-16 18:17:13.485,0.000631,0.000018,-0.000058,0.000000,-0.000000,-0.000000
2025-12-16 18:17:13.486,0.000674,-0.000034,-0.000063,-0.000000,-0.000000,-0.000000
2025-12-16 18:17:13.487,0.000713,-0.000088,-0.000077,-0.000000,-0.000000,-0.000000
2025-12-16 18:17:13.488,0.000754,-0.000142,-0.000094,-0.000000,-0.000000,-0.000000
2025-12-16 18:17:13.489,0.000797,-0.000208,-0.000104,-0.000000,-0.000000,-0.000000
2025-12-16 18:17:13.491,0.000835,-0.000267,-0.000109,-0.000000,-0.000000,-0.000000
2025-12-16 18:17:13.492,0.000923,-0.000435,-0.000088,-0.000000,-0.000000,-0.000000
2025-12-16 18:17:13.493,0.000968,-0.000523,-0.000082,-0.000000,-0.000000,-0.000000
2025-12-16 18:17:13.494,0.001011,-0.000611,-0.000084,-0.000000,-0.000000,-0.000000
2025-12-16 18:17:13.495,0.001057,-0.000700,-0.000089,-0.000000,-0.000000,-0.000001
2025-12-16 18:17:13.496,0.001104,-0.000789,-0.000094,-0.000000,-0.000000,-0.000001
2025-12-16 18:17:13.497,0.001149,-0.000883,-0.000086,-0.000000,-0.000001,-0.000001
2025-12-16 18:17:13.499,0.001196,-0.000984,-0.000063,-0.000000,-0.000001,-0.000001
2025-12-16 18:17:13.500,0.001279,-0.001178,0.000006,-0.000000,-0.000001,-0.000001
2025-12-16 18:17:13.501,0.001307,-0.001247,0.000035,-0.000000,-0.000001,-0.000001
2025-12-16 18:17:13.502,0.001309,-0.001283,0.000038,-0.000000,-0.000001,-0.000001
2025-12-16 18:17:13.503,0.001292,-0.001294,0.000018,-0.000000,-0.000001,-0.000001
2025-12-16 18:17:13.504,0.001261,-0.001292,-0.000008,-0.000000,-0.000001,-0.000001
2025-12-16 18:17:13.505,0.001222,-0.001286,-0.000018,-0.000000,-0.000001,-0.000001
2025-12-16 18:17:13.507,0.001139,-0.001281,0.000007,-0.000000,-0.000001,-0.000001
2025-12-16 18:17:13.511,0.001039,-0.001252,0.000097,-0.000000,-0.000001,-0.000001
2025-12-16 18:17:13.512,0.000948,-0.001178,0.000138,-0.000000,-0.000001,-0.000001
2025-12-16 18:17:13.513,0.000894,-0.001136,0.000160,-0.000000,-0.000001,-0.000001
2025-12-16 18:17:13.514,0.000836,-0.001090,0.000178,-0.000000,-0.000000,-0.000001
2025-12-16 18:17:13.515,0.000767,-0.001034,0.000203,-0.000000,-0.000000,-0.000001
2025-12-16 18:17:13.516,0.000695,-0.000973,0.000220,-0.000000,-0.000000,-0.000000
2025-12-16 18:17:13.517,0.000621,-0.000905,0.000225,-0.000000,-0.000000,-0.000000
2025-12-16 18:17:13.519,0.000496,-0.000770,0.000223,-0.000000,-0.000000,-0.000000
2025-12-16 18:17:13.520,0.000455,-0.000723,0.000226,-0.000000,-0.000000,-0.000000
2025-12-16 18:17:13.521,0.000437,-0.000709,0.000246,-0.000000,-0.000000,-0.000000
2025-12-16 18:17:13.522,0.000448,-0.000726,0.000283,-0.000000,-0.000000,-0.000000
2025-12-16 18:17:13.523,0.000478,-0.000759,0.000329,0.000000,-0.000000,-0.000000
2025-12-16 18:17:13.524,0.000519,-0.000802,0.000382,0.000000,-0.000000,-0.000000
2025-12-16 18:17:13.525,0.000562,-0.000844,0.000413,0.000000,-0.000000,-0.000000
2025-12-16 18:17:13.526,0.000610,-0.000876,0.000422,0.000000,-0.000000,-0.000000
2025-12-16 18:17:13.528,0.000651,-0.000893,0.000401,0.000000,-0.000000,-0.000000
2025-12-16 18:17:13.529,0.000676,-0.000899,0.000366,-0.000000,-0.000000,-0.000000
2025-12-16 18:17:13.530,0.000697,-0.000904,0.000322,-0.000000,-0.000000,-0.000000
2025-12-16 18:17:13.532,0.000796,-0.000973,0.000223,-0.000000,-0.000000,-0.000001
2025-12-16 18:17:13.533,0.000845,-0.001023,0.000212,-0.000000,-0.000001,-0.000001
2025-12-16 18:17:13.534,0.000889,-0.001065,0.000199,-0.000000,-0.000001,-0.000001
2025-12-16 18:17:13.535,0.000935,-0.001096,0.000173,-0.000000,-0.000001,-0.000001
2025-12-16 18:17:13.536,0.000979,-0.001118,0.000151,-0.000000,-0.000001,-0.000001
2025-12-16 18:17:13.537,0.001016,-0.001132,0.000133,-0.000000,-0.000001,-0.000001
2025-12-16 18:17:13.539,0.001038,-0.001126,0.000121,-0.000000,-0.000001,-0.000001
2025-12-16 18:17:13.540,0.001042,-0.001105,0.000114,-0.000000,-0.000001,-0.000001
2025-12-16 18:17:13.541,0.000991,-0.000997,0.000098,-0.000000,-0.000001,-0.000001
2025-12-16 18:17:13.542,0.000933,-0.000903,0.000067,-0.000000,-0.000000,-0.000001
2025-12-16 18:17:13.543,0.000857,-0.000786,0.000019,-0.000000,-0.000000,-0.000000
2025-12-16 18:17:13.544,0.000774,-0.000661,-0.000032,-0.000000,-0.000000,-0.000000
2025-12-16 18:17:13.545,0.000695,-0.000539,-0.000074,-0.000000,-0.000000,-0.000000
2025-12-16 18:17:13.546,0.000625,-0.000424,-0.000096,-0.000000,-0.000000,-0.000000
2025-12-16 18:17:13.548,0.000529,-0.000254,-0.000058,-0.000000,-0.000000,-0.000000
2025-12-16 18:17:13.549,0.000498,-0.000186,-0.000023,-0.000000,-0.000000,-0.000000
2025-12-16 18:17:13.550,0.000469,-0.000118,0.000007,-0.000000,-0.000000,-0.000000
2025-12-16 18:17:13.551,0.000437,-0.000029,0.000011,-0.000000,-0.000000,-0.000000
2025-12-16 18:17:13.552,0.000401,0.000070,-0.000005,0.000000,-0.000000,-0.000000
2025-12-16 18:17:13.554,0.000318,0.000254,-0.000035,0.000000,-0.000000,-0.000000
2025-12-16 18:17:13.555,0.000272,0.000335,-0.000041,0.000000,-0.000000,-0.000000
2025-12-16 18:17:13.556,0.000230,0.000396,-0.000040,0.000000,-0.000000,0.000000
2025-12-16 18:17:13.558,0.000184,0.000460,-0.000051,0.000000,-0.000000,0.000000
2025-12-16 18:17:13.559,0.000175,0.000472,-0.000073,0.000000,0.000000,0.000000
2025-12-16 18:17:13.560,0.000189,0.000459,-0.000104,0.000000,0.000000,0.000000
2025-12-16 18:17:13.561,0.000208,0.000439,-0.000132,0.000000,0.000000,0.000000
2025-12-16 18:17:13.562,0.000238,0.000405,-0.000148,0.000000,0.000000,0.000000
2025-12-16 18:17:13.564,0.000270,0.000359,-0.000149,0.000000,-0.000000,0.000000
2025-12-16 18:17:13.565,0.000310,0.000271,-0.000149,-0.000000,-0.000000,-0.000000
2025-12-16 18:17:13.567,0.000293,0.000230,-0.000200,-0.000000,-0.000000,-0.000000
2025-12-16 18:17:13.568,0.000259,0.000233,-0.000245,-0.000000,0.000000,-0.000000
2025-12-16 18:17:13.569,0.000220,0.000241,-0.000288,-0.000000,0.000000,0.000000
2025-12-16 18:17:13.570,0.000181,0.000232,-0.000310,-0.000000,0.000000,0.000000
2025-12-16 18:17:13.571,0.000148,0.000218,-0.000321,-0.000000,0.000000,0.000000
2025-12-16 18:17:13.573,0.000122,0.000204,-0.000327,-0.000000,0.000000,0.000000
2025-12-16 18:17:13.574,0.000060,0.000205,-0.000333,-0.000000,0.000000,0.000000
2025-12-16 18:17:13.575,0.000024,0.000218,-0.000343,-0.000000,0.000000,0.000000
2025-12-16 18:17:13.576,-0.000018,0.000246,-0.000360,-0.000000,0.000000,0.000000
2025-12-16 18:17:13.577,-0.000076,0.000293,-0.000374,-0.000000,0.000000,0.000000
2025-12-16 18:17:13.578,-0.000148,0.000353,-0.000386,-0.000000,0.000000,0.000000
2025-12-16 18:17:13.580,-0.000313,0.000503,-0.000386,-0.000000,0.000000,0.000000
2025-12-16 18:17:13.581,-0.000399,0.000589,-0.000375,-0.000000,0.000000,0.000000
2025-12-16 18:17:13.582,-0.000489,0.000682,-0.000366,-0.000000,0.000000,0.000000
2025-12-16 18:17:13.583,-0.000572,0.000775,-0.000362,-0.000000,0.000000,0.000000
2025-12-16 18:17:13.584,-0.000646,0.000857,-0.000361,-0.000000,0.000000,0.000000
2025-12-16 18:17:13.586,-0.000712,0.000929,-0.000359,-0.000000,0.000001,0.000001
2025-12-16 18:17:13.587,-0.000816,0.001049,-0.000337,-0.000000,0.000001,0.000001
2025-12-16 18:17:13.588,-0.000854,0.001094,-0.000314,0.000000,0.000001,0.000001
2025-12-16 18:17:13.589,-0.000888,0.001133,-0.000287,0.000000,0.000001,0.000001
2025-12-16 18:17:13.590,-0.000922,0.001175,-0.000270,0.000000,0.000001,0.000001
2025-12-16 18:17:13.591,-0.000960,0.001222,-0.000264,0.000000,0.000001,0.000001
2025-12-16 18:17:13.593,-0.001039,0.001303,-0.000277,0.000000,0.000001,0.000001
2025-12-16 18:17:13.594,-0.001062,0.001319,-0.000285,0.000000,0.000001,0.000001
2025-12-16 18:17:13.595,-0.001070,0.001305,-0.000284,0.000000,0.000001,0.000001
2025-12-16 18:17:13.596,-0.001054,0.001255,-0.000270,0.000000,0.000001,0.000001
2025-12-16 18:17:13.597,-0.001020,0.001185,-0.000252,0.000000,0.000001,0.000001
2025-12-16 18:17:13.598,-0.000972,0.001098,-0.000239,0.000000,0.000001,0.000001
2025-12-16 18:17:13.599,-0.000904,0.000996,-0.000246,0.000000,0.000001,0.000001
2025-12-16 18:17:13.601,-0.000765,0.000780,-0.000308,-0.000000,0.000000,0.000000
2025-12-16 18:17:13.602,-0.000693,0.000664,-0.000354,-0.000000,0.000000,0.000000
2025-12-16 18:17:13.603,-0.000626,0.000544,-0.000397,-0.000000,0.000000,0.000000
2025-12-16 18:17:13.604,-0.000563,0.000420,-0.000432,-0.000000,0.000000,0.000000
2025-12-16 18:17:13.605,-0.000506,0.000301,-0.000462,-0.000000,0.000000,0.000000
2025-12-16 18:17:13.606,-0.000446,0.000179,-0.000494,-0.000000,0.000000,0.000000
2025-12-16 18:17:13.608,-0.000381,0.000054,-0.000527,-0.000000,0.000000,0.000000
2025-12-16 18:17:13.609,-0.000263,-0.000167,-0.000586,-0.000000,0.000000,0.000000
2025-12-16 18:17:13.610,-0.000193,-0.000308,-0.000595,-0.000000,0.000000,0.000000
2025-12-16 18:17:13.611,-0.000130,-0.000436,-0.000595,-0.000000,0.000000,0.000000
2025-12-16 18:17:13.612,-0.000073,-0.000556,-0.000587,-0.000000,0.000000,-0.000000
2025-12-16 18:17:13.613,-0.000026,-0.000654,-0.000578,-0.000000,0.000000,-0.000000
2025-12-16 18:17:13.614,-0.000008,-0.000724,-0.000580,-0.000000,0.000000,-0.000000
2025-12-16 18:17:13.615,-0.000025,-0.000749,-0.000605,-0.000000,0.000000,-0.000000
2025-12-16 18:17:13.617,-0.000133,-0.000704,-0.000688,-0.000000,0.000000,-0.000000
2025-12-16 18:17:13.619,-0.000285,-0.000604,-0.000721,-0.000000,0.000000,0.000000
2025-12-16 18:17:13.620,-0.000351,-0.000568,-0.000695,-0.000000,0.000000,0.000000
2025-12-16 18:17:13.621,-0.000399,-0.000546,-0.000649,-0.000000,0.000000,0.000000
2025-12-16 18:17:13.622,-0.000437,-0.000533,-0.000591,-0.000000,0.000000,0.000000
2025-12-16 18:17:13.623,-0.000466,-0.000511,-0.000530,-0.000000,0.000000,0.000000
2025-12-16 18:17:13.624,-0.000493,-0.000473,-0.000472,-0.000000,0.000000,0.000000
2025-12-16 18:17:13.625,-0.000527,-0.000419,-0.000420,-0.000000,0.000000,0.000000
2025-12-16 18:17:13.626,-0.000573,-0.000352,-0.000371,-0.000000,0.000000,0.000000
2025-12-16 18:17:13.628,-0.000616,-0.000291,-0.000330,-0.000000,0.000000,0.000000
2025-12-16 18:17:13.629,-0.000656,-0.000230,-0.000300,-0.000000,0.000000,0.000000
2025-12-16 18:17:13.630,-0.000702,-0.000163,-0.000286,-0.000000,0.000000,0.000000
2025-12-16 18:17:13.631,-0.000793,-0.000029,-0.000258,-0.000000,0.000000,0.000000
2025-12-16 18:17:13.632,-0.000775,-0.000012,-0.000253,-0.000000,0.000000,0.000000
2025-12-16 18:17:13.634,-0.000733,-0.000022,-0.000224,-0.000000,0.000000,0.000000
2025-12-16 18:17:13.635,-0.000612,-0.000095,-0.000132,-0.000000,0.000000,0.000000
2025-12-16 18:17:13.636,-0.000519,-0.000166,-0.000053,-0.000000,0.000000,0.000000
2025-12-16 18:17:13.637,-0.000417,-0.000245,0.000033,-0.000000,0.000000,0.000000
2025-12-16 18:17:13.638,-0.000306,-0.000325,0.000106,-0.000000,0.000000,0.000000
2025-12-16 18:17:13.639,-0.000203,-0.000395,0.000164,-0.000000,-0.000000,-0.000000
2025-12-16 18:17:13.640,-0.000118,-0.000446,0.000198,0.000000,-0.000000,-0.000000
2025-12-16 18:17:13.642,0.000000,-0.000480,0.000206,0.000000,-0.000000,-0.000000
2025-12-16 18:17:13.643,0.000045,-0.000488,0.000198,0.000000,-0.000000,-0.000000
2025-12-16 18:17:13.644,0.000091,-0.000507,0.000203,0.000000,-0.000000,-0.000000
2025-12-16 18:17:13.645,0.000143,-0.000532,0.000219,0.000000,-0.000000,-0.000000
2025-12-16 18:17:13.646,0.000226,-0.000574,0.000252,0.000000,-0.000000,-0.000000
2025-12-16 18:17:13.647,0.000308,-0.000616,0.000287,0.000000,-0.000000,-0.000000
2025-12-16 18:17:13.648,0.000387,-0.000652,0.000322,0.000000,-0.000000,-0.000000
2025-12-16 18:17:13.650,0.000524,-0.000684,0.000400,0.000000,-0.000000,-0.000000
2025-12-16 18:17:13.651,0.000569,-0.000663,0.000439,0.000000,-0.000000,-0.000000
2025-12-16 18:17:13.652,0.000592,-0.000615,0.000482,0.000000,-0.000000,-0.000000
2025-12-16 18:17:13.653,0.000574,-0.000509,0.000515,0.000000,-0.000000,-0.000000
2025-12-16 18:17:13.654,0.000544,-0.000398,0.000539,0.000000,-0.000000,-0.000000
2025-12-16 18:17:13.655,0.000498,-0.000279,0.000550,0.000000,-0.000000,-0.000000
2025-12-16 18:17:13.656,0.000435,-0.000137,0.000536,0.000000,-0.000000,-0.000000
2025-12-16 18:17:13.657,0.000369,0.000012,0.000514,0.000000,-0.000000,-0.000000
2025-12-16 18:17:13.659,0.000265,0.000282,0.000499,0.000000,-0.000000,-0.000000
2025-12-16 18:17:13.660,0.000241,0.000398,0.000534,0.000000,-0.000000,-0.000000
2025-12-16 18:17:13.661,0.000228,0.000492,0.000576,0.000000,-0.000000,-0.000000
2025-12-16 18:17:13.662,0.000222,0.000572,0.000618,0.000000,-0.000000,-0.000000
2025-12-16 18:17:13.663,0.000216,0.000655,0.000651,0.000000,-0.000000,0.000000
2025-12-16 18:17:13.665,0.000198,0.000759,0.000663,0.000000,-0.000000,0.000000
2025-12-16 18:17:13.666,0.000122,0.001008,0.000618,0.000000,-0.000000,0.000000
2025-12-16 18:17:13.667,0.000083,0.001109,0.000596,0.000000,-0.000000,0.000000
2025-12-16 18:17:13.668,0.000050,0.001187,0.000580,0.000000,-0.000000,0.000000
2025-12-16 18:17:13.669,0.000035,0.001234,0.000574,0.000000,-0.000000,0.000000
2025-12-16 18:17:13.670,0.000042,0.001252,0.000571,0.000000,-0.000000,0.000000
2025-12-16 18:17:13.672,0.000124,0.001192,0.000517,0.000000,-0.000000,0.000000
2025-12-16 18:17:13.673,0.000182,0.001144,0.000469,0.000000,-0.000000,0.000000
2025-12-16 18:17:13.674,0.000251,0.001088,0.000421,0.000000,-0.000000,0.000000
2025-12-16 18:17:13.675,0.000329,0.001019,0.000370,0.000000,-0.000000,0.000000
2025-12-16 18:17:13.676,0.000403,0.000938,0.000330,0.000000,-0.000000,0.000000
2025-12-16 18:17:13.678,0.000471,0.000850,0.000304,0.000000,-0.000000,0.000000
2025-12-16 18:17:13.679,0.000581,0.000676,0.000252,0.000000,-0.000000,-0.000000
2025-12-16 18:17:13.680,0.000630,0.000588,0.000216,0.000000,-0.000000,-0.000000
2025-12-16 18:17:13.681,0.000677,0.000501,0.000178,0.000000,-0.000000,-0.000000
2025-12-16 18:17:13.682,0.000722,0.000411,0.000145,0.000000,-0.000000,-0.000000
2025-12-16 18:17:13.683,0.000783,0.000305,0.000124,0.000000,-0.000000,-0.000000
2025-12-16 18:17:13.685,0.000923,0.000070,0.000130,0.000000,-0.000000,-0.000000
2025-12-16 18:17:13.686,0.000993,-0.000050,0.000142,0.000000,-0.000000,-0.000000
2025-12-16 18:17:13.687,0.001048,-0.000152,0.000148,0.000000,-0.000000,-0.000000
2025-12-16 18:17:13.688,0.001072,-0.000223,0.000132,0.000000,-0.000000,-0.000000
2025-12-16 18:17:13.689,0.001082,-0.000272,0.000110,0.000000,-0.000000,-0.000000
2025-12-16 18:17:13.690,0.001061,-0.000301,0.000091,0.000000,-0.000000,-0.000000
2025-12-16 18:17:13.691,0.001031,-0.000319,0.000076,0.000000,-0.000000,-0.000000
2025-12-16 18:17:13.692,0.000996,-0.000330,0.000072,0.000000,-0.000000,-0.000000
2025-12-16 18:17:13.694,0.000939,-0.000367,0.000108,0.000000,-0.000000,-0.000000
2025-12-16 18:17:13.695,0.000918,-0.000408,0.000167,0.000000,-0.000000,-0.000000
2025-12-16 18:17:13.696,0.000905,-0.000454,0.000229,0.000000,-0.000000,-0.000000
2025-12-16 18:17:13.697,0.000898,-0.000495,0.000289,0.000000,-0.000001,-0.000000
2025-12-16 18:17:13.698,0.000896,-0.000532,0.000341,0.000000,-0.000001,-0.000000
2025-12-16 18:17:13.699,0.000891,-0.000566,0.000391,0.000000,-0.000001,-0.000000
2025-12-16 18:17:13.700,0.000874,-0.000588,0.000431,0.000000,-0.000001,-0.000000
2025-12-16 18:17:13.701,0.000836,-0.000592,0.000464,0.000000,-0.000001,-0.000000
2025-12-16 18:17:13.702,0.000784,-0.000587,0.000494,0.000000,-0.000001,-0.000000
2025-12-16 18:17:13.704,0.000654,-0.000557,0.000547,0.000000,-0.000001,-0.000000
2025-12-16 18:17:13.705,0.000585,-0.000543,0.000569,0.000000,-0.000000,-0.000000
2025-12-16 18:17:13.706,0.000526,-0.000541,0.000597,0.000000,-0.000000,-0.000000
2025-12-16 18:17:13.707,0.000487,-0.000554,0.000635,0.000000,-0.000000,-0.000000
2025-12-16 18:17:13.708,0.000472,-0.000590,0.000687,0.000000,-0.000000,-0.000000
2025-12-16 18:17:13.709,0.000475,-0.000640,0.000747,0.000000,-0.000001,-0.000000
2025-12-16 18:17:13.711,0.000528,-0.000750,0.000873,0.000000,-0.000001,-0.000000
2025-12-16 18:17:13.712,0.000554,-0.000799,0.000934,0.000000,-0.000001,-0.000000
2025-12-16 18:17:13.713,0.000570,-0.000831,0.000976,0.000000,-0.000001,-0.000000
2025-12-16 18:17:13.714,0.000569,-0.000841,0.000993,0.000000,-0.000001,-0.000001
2025-12-16 18:17:13.715,0.000546,-0.000829,0.000987,0.000000,-0.000001,-0.000000
2025-12-16 18:17:13.716,0.000510,-0.000803,0.000970,0.000000,-0.000001,-0.000000
2025-12-16 18:17:13.717,0.000471,-0.000778,0.000948,0.000000,-0.000001,-0.000000
2025-12-16 18:17:13.719,0.000425,-0.000749,0.000938,0.000000,-0.000001,-0.000000
2025-12-16 18:17:13.720,0.000426,-0.000745,0.000950,0.000000,-0.000001,-0.000000
2025-12-16 18:17:13.721,0.000442,-0.000742,0.000962,0.000000,-0.000001,-0.000000
2025-12-16 18:17:13.722,0.000458,-0.000719,0.000965,0.000000,-0.000001,-0.000000
2025-12-16 18:17:13.723,0.000473,-0.000692,0.000963,0.000000,-0.000001,-0.000000
2025-12-16 18:17:13.724,0.000473,-0.000636,0.000952,0.000000,-0.000001,-0.000000
2025-12-16 18:17:13.726,0.000468,-0.000577,0.000938,0.000000,-0.000001,-0.000000
2025-12-16 18:17:13.727,0.000435,-0.000489,0.000917,0.000000,-0.000001,-0.000000
2025-12-16 18:17:13.728,0.000396,-0.000403,0.000895,0.000000,-0.000001,-0.000000
2025-12-16 18:17:13.729,0.000354,-0.000316,0.000873,0.000000,-0.000000,-0.000000
2025-12-16 18:17:13.730,0.000310,-0.000226,0.000851,0.000000,-0.000000,-0.000000
2025-12-16 18:17:13.731,0.000266,-0.000137,0.000825,0.000000,-0.000000,-0.000000
2025-12-16 18:17:13.732,0.000228,-0.000045,0.000791,0.000000,-0.000000,-0.000000
2025-12-16 18:17:13.733,0.000201,0.000038,0.000760,0.000000,-0.000000,-0.000000
2025-12-16 18:17:13.735,0.000121,0.000289,0.000669,0.000000,-0.000000,-0.000000
2025-12-16 18:17:13.736,0.000207,0.000260,0.000714,0.000000,-0.000000,-0.000000
2025-12-16 18:17:13.737,0.000276,0.000246,0.000748,0.000000,-0.000000,-0.000000
2025-12-16 18:17:13.738,0.000330,0.000248,0.000756,0.000000,-0.000000,-0.000000
2025-12-16 18:17:13.739,0.000373,0.000259,0.000745,0.000000,-0.000000,-0.000000
2025-12-16 18:17:13.740,0.000404,0.000272,0.000723,0.000000,-0.000000,-0.000000
2025-12-16 18:17:13.741,0.000438,0.000268,0.000698,0.000000,-0.000000,-0.000000
2025-12-16 18:17:13.742,0.000486,0.000237,0.000681,0.000000,-0.000000,-0.000000
2025-12-16 18:17:13.744,0.000644,0.000075,0.000690,0.000000,-0.000000,-0.000000
2025-12-16 18:17:13.746,0.000765,-0.000057,0.000688,0.000000,-0.000001,-0.000000
2025-12-16 18:17:13.747,0.001024,-0.000328,0.000624,0.000000,-0.000001,-0.000001
2025-12-16 18:17:13.748,0.001134,-0.000449,0.000582,0.000000,-0.000001,-0.000001
2025-12-16 18:17:13.749,0.001222,-0.000548,0.000544,0.000000,-0.000001,-0.000001
2025-12-16 18:17:13.750,0.001289,-0.000625,0.000514,0.000000,-0.000001,-0.000001
2025-12-16 18:17:13.751,0.001338,-0.000712,0.000494,0.000000,-0.000001,-0.000001
2025-12-16 18:17:13.753,0.001370,-0.000804,0.000481,0.000000,-0.000001,-0.000001
2025-12-16 18:17:13.754,0.001396,-0.000959,0.000426,0.000000,-0.000001,-0.000001
2025-12-16 18:17:13.755,0.001390,-0.001011,0.000376,-0.000000,-0.000001,-0.000001
2025-12-16 18:17:13.756,0.001381,-0.001049,0.000326,-0.000000,-0.000001,-0.000001
2025-12-16 18:17:13.757,0.001364,-0.001077,0.000287,-0.000000,-0.000001,-0.000001
2025-12-16 18:17:13.758,0.001346,-0.001102,0.000265,-0.000000,-0.000001,-0.000001
2025-12-16 18:17:13.759,0.001318,-0.001123,0.000263,-0.000000,-0.000001,-0.000001
2025-12-16 18:17:13.760,0.001282,-0.001138,0.000273,-0.000000,-0.000001,-0.000001
2025-12-16 18:17:13.762,0.001130,-0.001083,0.000266,-0.000000,-0.000001,-0.000001
2025-12-16 18:17:13.763,0.001021,-0.001013,0.000237,-0.000000,-0.000001,-0.000001
2025-12-16 18:17:13.764,0.000895,-0.000921,0.000194,-0.000000,-0.000000,-0.000001
2025-12-16 18:17:13.765,0.000770,-0.000825,0.000153,-0.000000,-0.000000,-0.000000
2025-12-16 18:17:13.766,0.000646,-0.000733,0.000126,-0.000000,-0.000000,-0.000000
2025-12-16 18:17:13.767,0.000535,-0.000651,0.000130,-0.000000,-0.000000,-0.000000
2025-12-16 18:17:13.768,0.000441,-0.000587,0.000150,-0.000000,-0.000000,-0.000000
2025-12-16 18:17:13.770,0.000305,-0.000501,0.000206,-0.000000,-0.000000,-0.000000
2025-12-16 18:17:13.771,0.000254,-0.000461,0.000210,0.000000,-0.000000,-0.000000
2025-12-16 18:17:13.772,0.000198,-0.000418,0.000190,-0.000000,-0.000000,-0.000000
2025-12-16 18:17:13.773,0.000152,-0.000384,0.000173,0.000000,-0.000000,-0.000000
2025-12-16 18:17:13.774,0.000117,-0.000366,0.000175,0.000000,-0.000000,-0.000000
2025-12-16 18:17:13.775,0.000093,-0.000357,0.000183,0.000000,-0.000000,-0.000000
2025-12-16 18:17:13.776,0.000077,-0.000365,0.000201,0.000000,-0.000000,-0.000000
2025-12-16 18:17:13.777,0.000075,-0.000393,0.000228,0.000000,-0.000000,-0.000000
2025-12-16 18:17:13.778,0.000080,-0.000438,0.000247,0.000000,-0.000000,-0.000000
2025-12-16 18:17:13.780,0.000126,-0.000552,0.000237,0.000000,-0.000000,-0.000000
2025-12-16 18:17:13.781,0.000168,-0.000617,0.000219,-0.000000,-0.000000,-0.000000
2025-12-16 18:17:13.782,0.000235,-0.000708,0.000219,-0.000000,-0.000000,-0.000000
2025-12-16 18:17:13.783,0.000301,-0.000794,0.000225,-0.000000,-0.000000,-0.000000
2025-12-16 18:17:13.784,0.000360,-0.000882,0.000243,-0.000000,-0.000000,-0.000000
2025-12-16 18:17:13.785,0.000415,-0.000963,0.000266,-0.000000,-0.000000,-0.000000
2025-12-16 18:17:13.786,0.000459,-0.001034,0.000285,-0.000000,-0.000000,-0.000000
2025-12-16 18:17:13.788,0.000489,-0.001093,0.000280,-0.000000,-0.000000,-0.000000
2025-12-16 18:17:13.789,0.000518,-0.001165,0.000231,-0.000000,-0.000000,-0.000000
2025-12-16 18:17:13.790,0.000521,-0.001179,0.000206,-0.000000,-0.000000,-0.000000
2025-12-16 18:17:13.791,0.000528,-0.001194,0.000207,-0.000000,-0.000000,-0.000000
2025-12-16 18:17:13.792,0.000540,-0.001212,0.000237,-0.000000,-0.000000,-0.000001
2025-12-16 18:17:13.793,0.000554,-0.001228,0.000283,-0.000000,-0.000000,-0.000001
2025-12-16 18:17:13.794,0.000560,-0.001229,0.000326,-0.000000,-0.000000,-0.000001
2025-12-16 18:17:13.795,0.000555,-0.001218,0.000358,-0.000000,-0.000000,-0.000001
2025-12-16 18:17:13.796,0.000532,-0.001185,0.000372,-0.000000,-0.000000,-0.000001
2025-12-16 18:17:13.797,0.000497,-0.001129,0.000370,-0.000000,-0.000000,-0.000000
2025-12-16 18:17:13.798,0.000453,-0.001062,0.000368,-0.000000,-0.000000,-0.000000
2025-12-16 18:17:13.800,0.000404,-0.000990,0.000370,-0.000000,-0.000000,-0.000000
2025-12-16 18:17:13.801,0.000311,-0.000864,0.000413,0.000000,-0.000000,-0.000000
2025-12-16 18:17:13.802,0.000270,-0.000808,0.000444,0.000000,-0.000000,-0.000000
2025-12-16 18:17:13.803,0.000233,-0.000755,0.000467,0.000000,-0.000000,-0.000000
2025-12-16 18:17:13.804,0.000205,-0.000698,0.000468,0.000000,-0.000000,-0.000000
2025-12-16 18:17:13.805,0.000188,-0.000649,0.000456,0.000000,-0.000000,-0.000000
2025-12-16 18:17:13.806,0.000183,-0.000608,0.000444,0.000000,-0.000000,-0.000000
2025-12-16 18:17:13.807,0.000184,-0.000581,0.000442,0.000000,-0.000000,-0.000000
2025-12-16 18:17:13.809,0.000200,-0.000572,0.000459,0.000000,-0.000000,-0.000000
2025-12-16 18:17:13.810,0.000254,-0.000607,0.000513,0.000000,-0.000000,-0.000000
2025-12-16 18:17:13.811,0.000290,-0.000640,0.000528,0.000000,-0.000000,-0.000000
2025-12-16 18:17:13.812,0.000333,-0.000684,0.000504,0.000000,-0.000000,-0.000000
2025-12-16 18:17:13.813,0.000376,-0.000730,0.000457,0.000000,-0.000000,-0.000000
2025-12-16 18:17:13.814,0.000413,-0.000770,0.000407,0.000000,-0.000000,-0.000000
2025-12-16 18:17:13.815,0.000453,-0.000807,0.000362,0.000000,-0.000000,-0.000000
2025-12-16 18:17:13.816,0.000500,-0.000854,0.000327,0.000000,-0.000000,-0.000000
2025-12-16 18:17:13.817,0.000565,-0.000926,0.000307,-0.000000,-0.000000,-0.000000
2025-12-16 18:17:13.818,0.000627,-0.000997,0.000296,-0.000000,-0.000000,-0.000000
2025-12-16 18:17:13.819,0.000687,-0.001068,0.000280,-0.000000,-0.000000,-0.000001
2025-12-16 18:17:13.821,0.000748,-0.001135,0.000256,-0.000000,-0.000000,-0.000001
2025-12-16 18:17:13.822,0.000838,-0.001233,0.000167,-0.000000,-0.000001,-0.000001
2025-12-16 18:17:13.823,0.000865,-0.001258,0.000117,-0.000000,-0.000001,-0.000001
2025-12-16 18:17:13.824,0.000884,-0.001272,0.000075,-0.000000,-0.000001,-0.000001
2025-12-16 18:17:13.825,0.000894,-0.001281,0.000054,-0.000000,-0.000000,-0.000001
2025-12-16 18:17:13.826,0.000895,-0.001279,0.000039,-0.000000,-0.000000,-0.000001
2025-12-16 18:17:13.827,0.000882,-0.001253,0.000018,-0.000000,-0.000000,-0.000001
2025-12-16 18:17:13.828,0.000850,-0.001201,-0.000019,-0.000000,-0.000000,-0.000001
2025-12-16 18:17:13.829,0.000802,-0.001121,-0.000073,-0.000000,-0.000000,-0.000001
2025-12-16 18:17:13.830,0.000739,-0.001020,-0.000136,-0.000000,-0.000000,-0.000000
2025-12-16 18:17:13.831,0.000673,-0.000911,-0.000191,-0.000000,-0.000000,-0.000000
2025-12-16 18:17:13.832,0.000596,-0.000789,-0.000233,-0.000000,-0.000000,-0.000000
2025-12-16 18:17:13.833,0.000516,-0.000665,-0.000251,-0.000000,-0.000000,-0.000000
2025-12-16 18:17:13.834,0.000441,-0.000546,-0.000233,-0.000000,-0.000000,-0.000000
2025-12-16 18:17:13.835,0.000379,-0.000447,-0.000204,-0.000000,-0.000000,-0.000000
2025-12-16 18:17:13.836,0.000320,-0.000346,-0.000178,-0.000000,-0.000000,-0.000000
2025-12-16 18:17:13.838,0.000265,-0.000228,-0.000168,-0.000000,-0.000000,-0.000000
2025-12-16 18:17:13.839,0.000154,0.000009,-0.000148,-0.000000,-0.000000,-0.000000
2025-12-16 18:17:13.840,0.000104,0.000150,-0.000157,-0.000000,0.000000,0.000000
2025-12-16 18:17:13.841,0.000061,0.000272,-0.000164,-0.000000,0.000000,0.000000
2025-12-16 18:17:13.842,0.000030,0.000366,-0.000151,0.000000,0.000000,0.000000
2025-12-16 18:17:13.843,0.000015,0.000432,-0.000133,0.000000,0.000000,0.000000
2025-12-16 18:17:13.844,0.000014,0.000484,-0.000115,0.000000,0.000000,0.000000
2025-12-16 18:17:13.845,0.000021,0.000521,-0.000116,0.000000,0.000000,0.000000
2025-12-16 18:17:13.846,0.000042,0.000550,-0.000127,0.000000,0.000000,0.000000
2025-12-16 18:17:13.847,0.000082,0.000562,-0.000143,0.000000,0.000000,0.000000
2025-12-16 18:17:13.848,0.000140,0.000552,-0.000146,0.000000,0.000000,0.000000
2025-12-16 18:17:13.849,0.000212,0.000522,-0.000137,0.000000,0.000000,0.000000
2025-12-16 18:17:13.851,0.000386,0.000413,-0.000069,0.000000,-0.000000,-0.000000
2025-12-16 18:17:13.852,0.000473,0.000352,-0.000036,0.000000,-0.000000,-0.000000
2025-12-16 18:17:13.853,0.000556,0.000297,-0.000032,0.000000,-0.000000,-0.000000
2025-12-16 18:17:13.854,0.000625,0.000252,-0.000038,0.000000,-0.000000,-0.000000
2025-12-16 18:17:13.855,0.000686,0.000219,-0.000061,0.000000,-0.000000,-0.000000
2025-12-16 18:17:13.857,0.000744,0.000176,-0.000074,0.000000,-0.000000,-0.000000
2025-12-16 18:17:13.858,0.000829,0.000103,-0.000088,-0.000000,-0.000000,-0.000000
2025-12-16 18:17:13.859,0.000860,0.000067,-0.000068,-0.000000,-0.000000,-0.000000
2025-12-16 18:17:13.860,0.000886,0.000040,-0.000040,0.000000,-0.000000,-0.000000
2025-12-16 18:17:13.861,0.000896,0.000039,-0.000035,0.000000,-0.000000,-0.000000
2025-12-16 18:17:13.862,0.000898,0.000048,-0.000038,0.000000,-0.000000,-0.000000
2025-12-16 18:17:13.863,0.000874,0.000093,-0.000064,0.000000,-0.000000,-0.000000
2025-12-16 18:17:13.864,0.000834,0.000160,-0.000096,0.000000,-0.000000,-0.000000
2025-12-16 18:17:13.865,0.000779,0.000239,-0.000112,0.000000,-0.000000,-0.000000
2025-12-16 18:17:13.866,0.000712,0.000326,-0.000116,0.000000,-0.000000,-0.000000
2025-12-16 18:17:13.868,0.000542,0.000516,-0.000095,0.000000,-0.000000,-0.000000
2025-12-16 18:17:13.869,0.000460,0.000604,-0.000088,0.000000,-0.000000,-0.000000
2025-12-16 18:17:13.870,0.000350,0.000733,-0.000115,0.000000,-0.000000,0.000000
2025-12-16 18:17:13.871,0.000237,0.000877,-0.000161,0.000000,0.000000,0.000000
2025-12-16 18:17:13.872,0.000125,0.001018,-0.000209,0.000000,0.000000,0.000000
2025-12-16 18:17:13.873,0.000018,0.001151,-0.000252,0.000000,0.000000,0.000000
2025-12-16 18:17:13.874,-0.000070,0.001261,-0.000287,0.000000,0.000000,0.000000
2025-12-16 18:17:13.875,-0.000152,0.001356,-0.000292,0.000000,0.000000,0.000000
2025-12-16 18:17:13.876,-0.000226,0.001444,-0.000286,0.000000,0.000000,0.000000
2025-12-16 18:17:13.877,-0.000286,0.001515,-0.000277,0.000000,0.000000,0.000000
2025-12-16 18:17:13.879,-0.000348,0.001599,-0.000301,0.000000,0.000000,0.000001
2025-12-16 18:17:13.880,-0.000448,0.001738,-0.000384,0.000000,0.000000,0.000001
2025-12-16 18:17:13.881,-0.000471,0.001767,-0.000407,0.000000,0.000001,0.000001
2025-12-16 18:17:13.882,-0.000475,0.001761,-0.000413,0.000000,0.000001,0.000001
2025-12-16 18:17:13.883,-0.000456,0.001724,-0.000402,0.000000,0.000001,0.000001
2025-12-16 18:17:13.884,-0.000423,0.001670,-0.000391,0.000000,0.000000,0.000001
2025-12-16 18:17:13.886,-0.000336,0.001544,-0.000429,0.000000,0.000000,0.000001
2025-12-16 18:17:13.887,-0.000281,0.001475,-0.000478,0.000000,0.000000,0.000001
2025-12-16 18:17:13.888,-0.000222,0.001395,-0.000526,0.000000,0.000000,0.000000
2025-12-16 18:17:13.889,-0.000154,0.001297,-0.000562,-0.000000,0.000000,0.000000
2025-12-16 18:17:13.890,-0.000093,0.001206,-0.000587,-0.000000,0.000000,0.000000
2025-12-16 18:17:13.891,-0.000016,0.001071,-0.000574,-0.000000,0.000000,0.000000
2025-12-16 18:17:13.892,0.000064,0.000928,-0.000548,-0.000000,0.000000,0.000000
2025-12-16 18:17:13.894,0.000207,0.000667,-0.000515,-0.000000,0.000000,0.000000
2025-12-16 18:17:13.895,0.000261,0.000566,-0.000528,-0.000000,0.000000,0.000000
2025-12-16 18:17:13.896,0.000310,0.000480,-0.000549,-0.000000,0.000000,0.000000
2025-12-16 18:17:13.897,0.000351,0.000402,-0.000562,-0.000000,0.000000,0.000000
2025-12-16 18:17:13.898,0.000382,0.000325,-0.000551,-0.000000,0.000000,-0.000000
2025-12-16 18:17:13.899,0.000405,0.000254,-0.000521,-0.000000,0.000000,-0.000000
2025-12-16 18:17:13.900,0.000417,0.000194,-0.000489,-0.000000,0.000000,-0.000000
2025-12-16 18:17:13.902,0.000404,0.000132,-0.000445,-0.000000,0.000000,-0.000000
2025-12-16 18:17:13.903,0.000379,0.000131,-0.000438,-0.000000,0.000000,-0.000000
2025-12-16 18:17:13.904,0.000353,0.000137,-0.000437,-0.000000,0.000000,-0.000000
2025-12-16 18:17:13.905,0.000320,0.000148,-0.000416,-0.000000,0.000000,-0.000000
2025-12-16 18:17:13.906,0.000288,0.000159,-0.000390,-0.000000,0.000000,-0.000000
2025-12-16 18:17:13.907,0.000241,0.000175,-0.000336,-0.000000,0.000000,-0.000000
2025-12-16 18:17:13.908,0.000192,0.000190,-0.000267,-0.000000,0.000000,0.000000
2025-12-16 18:17:13.909,0.000141,0.000214,-0.000204,-0.000000,0.000000,0.000000
2025-12-16 18:17:13.910,0.000091,0.000241,-0.000154,-0.000000,0.000000,0.000000
2025-12-16 18:17:13.911,0.000045,0.000272,-0.000122,-0.000000,0.000000,0.000000
2025-12-16 18:17:13.913,0.000003,0.000299,-0.000099,0.000000,0.000000,0.000000
2025-12-16 18:17:13.914,-0.000030,0.000312,-0.000072,0.000000,0.000000,0.000000
2025-12-16 18:17:13.915,-0.000056,0.000276,0.000015,0.000000,0.000000,0.000000
2025-12-16 18:17:13.916,-0.000053,0.000233,0.000069,0.000000,0.000000,0.000000
2025-12-16 18:17:13.917,-0.000038,0.000180,0.000115,0.000000,-0.000000,0.000000
2025-12-16 18:17:13.918,-0.000019,0.000123,0.000142,0.000000,-0.000000,0.000000
2025-12-16 18:17:13.919,0.000008,0.000062,0.000152,0.000000,-0.000000,-0.000000
2025-12-16 18:17:13.920,0.000037,-0.000000,0.000149,0.000000,-0.000000,-0.000000
2025-12-16 18:17:13.921,0.000062,-0.000053,0.000141,0.000000,-0.000000,-0.000000
2025-12-16 18:17:13.922,0.000090,-0.000115,0.000129,0.000000,-0.000000,-0.000000
2025-12-16 18:17:13.924,0.000121,-0.000190,0.000129,0.000000,-0.000000,-0.000000
2025-12-16 18:17:13.925,0.000153,-0.000267,0.000139,0.000000,-0.000000,-0.000000
2025-12-16 18:17:13.926,0.000217,-0.000410,0.000164,0.000000,-0.000000,-0.000000
2025-12-16 18:17:13.927,0.000256,-0.000489,0.000172,0.000000,-0.000000,-0.000000
2025-12-16 18:17:13.928,0.000290,-0.000557,0.000171,-0.000000,-0.000000,-0.000000
2025-12-16 18:17:13.929,0.000315,-0.000611,0.000166,-0.000000,-0.000000,-0.000000
2025-12-16 18:17:13.930,0.000333,-0.000646,0.000165,-0.000000,-0.000000,-0.000000
2025-12-16 18:17:13.931,0.000345,-0.000669,0.000169,-0.000000,-0.000000,-0.000000
2025-12-16 18:17:13.932,0.000354,-0.000683,0.000175,-0.000000,-0.000000,-0.000000
2025-12-16 18:17:13.933,0.000347,-0.000681,0.000197,-0.000000,-0.000000,-0.000000
2025-12-16 18:17:13.935,0.000302,-0.000617,0.000221,0.000000,-0.000000,-0.000000
2025-12-16 18:17:13.936,0.000265,-0.000553,0.000211,0.000000,-0.000000,-0.000000
2025-12-16 18:17:13.937,0.000206,-0.000453,0.000182,0.000000,-0.000000,-0.000000
2025-12-16 18:17:13.938,0.000144,-0.000342,0.000164,0.000000,-0.000000,-0.000000
2025-12-16 18:17:13.939,0.000085,-0.000228,0.000159,0.000000,-0.000000,-0.000000
2025-12-16 18:17:13.940,0.000035,-0.000124,0.000177,0.000000,-0.000000,-0.000000
2025-12-16 18:17:13.942,-0.000003,-0.000035,0.000220,0.000000,-0.000000,-0.000000
2025-12-16 18:17:13.942,-0.000033,0.000041,0.000272,0.000000,-0.000000,-0.000000
2025-12-16 18:17:13.943,-0.000058,0.000115,0.000316,0.000000,-0.000000,0.000000
2025-12-16 18:17:13.945,-0.000116,0.000316,0.000336,0.000000,-0.000000,0.000000
2025-12-16 18:17:13.946,-0.000145,0.000412,0.000340,0.000000,-0.000000,0.000000
2025-12-16 18:17:13.949,-0.000167,0.000556,0.000394,0.000000,-0.000000,0.000000
2025-12-16 18:17:13.950,-0.000141,0.000544,0.000409,0.000000,-0.000000,0.000000
2025-12-16 18:17:13.951,-0.000112,0.000522,0.000417,0.000000,-0.000000,0.000000
2025-12-16 18:17:13.952,-0.000077,0.000487,0.000417,0.000000,-0.000000,0.000000
2025-12-16 18:17:13.953,-0.000023,0.000431,0.000408,0.000000,-0.000000,0.000000
2025-12-16 18:17:13.954,0.000045,0.000345,0.000405,0.000000,-0.000000,0.000000
2025-12-16 18:17:13.955,0.000129,0.000226,0.000418,0.000000,-0.000000,-0.000000
2025-12-16 18:17:13.957,0.000230,0.000076,0.000451,0.000000,-0.000000,-0.000000
2025-12-16 18:17:13.959,0.000514,-0.000383,0.000540,0.000000,-0.000000,-0.000000
2025-12-16 18:17:13.961,0.000680,-0.000690,0.000530,0.000000,-0.000001,-0.000000
2025-12-16 18:17:13.962,0.000750,-0.000824,0.000503,0.000000,-0.000001,-0.000001
2025-12-16 18:17:13.965,0.000934,-0.001278,0.000528,0.000000,-0.000001,-0.000001
2025-12-16 18:17:13.966,0.000996,-0.001437,0.000569,0.000000,-0.000001,-0.000001
2025-12-16 18:17:13.967,0.001050,-0.001585,0.000612,0.000000,-0.000001,-0.000001
2025-12-16 18:17:13.969,0.001108,-0.001794,0.000657,0.000000,-0.000001,-0.000001
2025-12-16 18:17:13.970,0.001085,-0.001848,0.000667,0.000000,-0.000001,-0.000001
2025-12-16 18:17:13.971,0.001052,-0.001880,0.000677,0.000000,-0.000001,-0.000001
2025-12-16 18:17:13.972,0.001000,-0.001898,0.000715,0.000000,-0.000001,-0.000001
2025-12-16 18:17:13.973,0.000950,-0.001908,0.000756,0.000000,-0.000001,-0.000001
2025-12-16 18:17:13.975,0.000885,-0.001899,0.000804,0.000000,-0.000001,-0.000001
2025-12-16 18:17:13.976,0.000705,-0.001802,0.000876,0.000000,-0.000001,-0.000001
2025-12-16 18:17:13.977,0.000618,-0.001740,0.000895,0.000000,-0.000001,-0.000001
2025-12-16 18:17:13.978,0.000524,-0.001662,0.000911,0.000000,-0.000001,-0.000001
2025-12-16 18:17:13.979,0.000433,-0.001577,0.000933,0.000000,-0.000001,-0.000001
2025-12-16 18:17:13.980,0.000347,-0.001487,0.000972,0.000000,-0.000001,-0.000001
2025-12-16 18:17:13.981,0.000271,-0.001408,0.001028,0.000000,-0.000001,-0.000001
2025-12-16 18:17:13.983,0.000132,-0.001263,0.001138,0.000000,-0.000001,-0.000000
2025-12-16 18:17:13.984,0.000068,-0.001184,0.001166,0.000000,-0.000001,-0.000000
2025-12-16 18:17:13.985,0.000005,-0.001099,0.001173,0.000000,-0.000001,-0.000000
2025-12-16 18:17:13.986,-0.000051,-0.001017,0.001166,0.000000,-0.000000,-0.000000
2025-12-16 18:17:13.987,-0.000107,-0.000935,0.001160,0.000000,-0.000000,-0.000000
2025-12-16 18:17:13.988,-0.000096,-0.000919,0.001188,0.000000,-0.000000,-0.000000
2025-12-16 18:17:13.990,-0.000084,-0.000910,0.001212,0.000000,-0.000000,-0.000000
2025-12-16 18:17:13.993,0.000169,-0.001098,0.001321,0.000000,-0.000001,-0.000000
2025-12-16 18:17:13.994,0.000259,-0.001164,0.001306,0.000000,-0.000001,-0.000001
2025-12-16 18:17:13.995,0.000346,-0.001237,0.001285,0.000000,-0.000001,-0.000001
2025-12-16 18:17:13.999,0.000766,-0.001685,0.001299,0.000000,-0.000001,-0.000001
2025-12-16 18:17:14.000,0.000875,-0.001817,0.001308,0.000000,-0.000001,-0.000001
2025-12-16 18:17:14.001,0.000984,-0.001944,0.001304,0.000000,-0.000001,-0.000001
2025-12-16 18:17:14.002,0.001076,-0.002050,0.001295,0.000000,-0.000001,-0.000001
2025-12-16 18:17:14.003,0.001164,-0.002151,0.001274,0.000000,-0.000001,-0.000001
2025-12-16 18:17:14.005,0.001251,-0.002253,0.001262,0.000000,-0.000001,-0.000001
2025-12-16 18:17:14.006,0.001402,-0.002444,0.001284,0.000000,-0.000001,-0.000001
2025-12-16 18:17:14.009,0.001473,-0.002560,0.001278,-0.000000,-0.000001,-0.000001
2025-12-16 18:17:14.010,0.001442,-0.002526,0.001248,-0.000000,-0.000001,-0.000001
2025-12-16 18:17:14.011,0.001404,-0.002481,0.001216,-0.000000,-0.000001,-0.000001
2025-12-16 18:17:14.012,0.001357,-0.002427,0.001201,-0.000000,-0.000001,-0.000001
2025-12-16 18:17:14.013,0.001309,-0.002375,0.001208,-0.000000,-0.000001,-0.000001
2025-12-16 18:17:14.014,0.001264,-0.002326,0.001241,-0.000000,-0.000001,-0.000001
2025-12-16 18:17:14.016,0.001219,-0.002274,0.001288,-0.000000,-0.000001,-0.000001
2025-12-16 18:17:14.017,0.001108,-0.002114,0.001349,-0.000000,-0.000001,-0.000001
2025-12-16 18:17:14.018,0.001039,-0.002001,0.001359,-0.000000,-0.000001,-0.000001
2025-12-16 18:17:14.019,0.000960,-0.001870,0.001352,-0.000000,-0.000001,-0.000001
2025-12-16 18:17:14.021,0.000806,-0.001622,0.001354,0.000000,-0.000001,-0.000001
2025-12-16 18:17:14.022,0.000743,-0.001518,0.001381,0.000000,-0.000001,-0.000001
2025-12-16 18:17:14.023,0.000687,-0.001428,0.001417,0.000000,-0.000001,-0.000001
2025-12-16 18:17:14.024,0.000643,-0.001349,0.001445,0.000000,-0.000001,-0.000001
2025-12-16 18:17:14.025,0.000617,-0.001277,0.001452,0.000000,-0.000001,-0.000001
2025-12-16 18:17:14.027,0.000619,-0.001223,0.001457,0.000000,-0.000001,-0.000001
2025-12-16 18:17:14.028,0.000630,-0.001184,0.001461,0.000000,-0.000001,-0.000001
2025-12-16 18:17:14.029,0.000714,-0.001198,0.001512,0.000000,-0.000001,-0.000001
2025-12-16 18:17:14.030,0.000801,-0.001269,0.001563,0.000000,-0.000001,-0.000001
2025-12-16 18:17:14.031,0.000889,-0.001348,0.001613,0.000000,-0.000001,-0.000001
2025-12-16 18:17:14.032,0.000976,-0.001428,0.001643,0.000000,-0.000001,-0.000001
2025-12-16 18:17:14.033,0.001068,-0.001509,0.001623,0.000000,-0.000001,-0.000001
2025-12-16 18:17:14.034,0.001147,-0.001578,0.001587,0.000000,-0.000001,-0.000001
2025-12-16 18:17:14.035,0.001224,-0.001646,0.001543,0.000000,-0.000001,-0.000001
2025-12-16 18:17:14.037,0.001305,-0.001731,0.001506,0.000000,-0.000001,-0.000001
2025-12-16 18:17:14.038,0.001484,-0.001967,0.001495,0.000000,-0.000001,-0.000001
2025-12-16 18:17:14.039,0.001582,-0.002108,0.001520,0.000000,-0.000001,-0.000001
2025-12-16 18:17:14.040,0.001678,-0.002248,0.001542,0.000000,-0.000001,-0.000001
2025-12-16 18:17:14.041,0.001765,-0.002375,0.001547,0.000000,-0.000001,-0.000001
2025-12-16 18:17:14.042,0.001835,-0.002476,0.001544,0.000000,-0.000001,-0.000001
2025-12-16 18:17:14.043,0.001891,-0.002554,0.001524,0.000000,-0.000001,-0.000001
2025-12-16 18:17:14.044,0.001933,-0.002618,0.001510,0.000000,-0.000001,-0.000001
2025-12-16 18:17:14.045,0.001966,-0.002675,0.001522,0.000000,-0.000002,-0.000001
2025-12-16 18:17:14.046,0.001978,-0.002723,0.001550,0.000000,-0.000002,-0.000002
2025-12-16 18:17:14.048,0.001967,-0.002749,0.001581,0.000000,-0.000002,-0.000002
2025-12-16 18:17:14.049,0.001846,-0.002685,0.001574,0.000000,-0.000001,-0.000001
2025-12-16 18:17:14.050,0.001757,-0.002601,0.001544,0.000000,-0.000001,-0.000001
2025-12-16 18:17:14.051,0.001673,-0.002514,0.001510,0.000000,-0.000001,-0.000001
2025-12-16 18:17:14.052,0.001584,-0.002425,0.001489,0.000000,-0.000001,-0.000001
2025-12-16 18:17:14.053,0.001495,-0.002332,0.001502,0.000000,-0.000001,-0.000001
2025-12-16 18:17:14.054,0.001407,-0.002249,0.001545,0.000000,-0.000001,-0.000001
2025-12-16 18:17:14.055,0.001327,-0.002174,0.001611,0.000000,-0.000001,-0.000001
2025-12-16 18:17:14.056,0.001246,-0.002094,0.001681,0.000000,-0.000001,-0.000001
2025-12-16 18:17:14.057,0.001158,-0.001985,0.001735,0.000000,-0.000001,-0.000001
2025-12-16 18:17:14.058,0.001062,-0.001851,0.001768,0.000000,-0.000001,-0.000001
2025-12-16 18:17:14.059,0.000960,-0.001702,0.001779,0.000000,-0.000001,-0.000001
2025-12-16 18:17:14.060,0.000866,-0.001554,0.001792,0.000000,-0.000001,-0.000001
2025-12-16 18:17:14.061,0.000782,-0.001421,0.001810,0.000000,-0.000001,-0.000001
2025-12-16 18:17:14.063,0.000661,-0.001226,0.001876,0.000000,-0.000001,-0.000001
2025-12-16 18:17:14.064,0.000622,-0.001152,0.001924,0.000000,-0.000001,-0.000001
2025-12-16 18:17:14.065,0.000592,-0.001085,0.001952,0.000000,-0.000001,-0.000001
2025-12-16 18:17:14.066,0.000577,-0.001026,0.001960,0.000000,-0.000001,-0.000001
2025-12-16 18:17:14.068,0.000591,-0.000940,0.001940,0.000000,-0.000001,-0.000001
2025-12-16 18:17:14.069,0.000622,-0.000930,0.001946,0.000000,-0.000001,-0.000001
2025-12-16 18:17:14.070,0.000667,-0.000946,0.001970,0.000000,-0.000001,-0.000001
2025-12-16 18:17:14.071,0.000720,-0.000975,0.002004,0.000000,-0.000001,-0.000001
2025-12-16 18:17:14.072,0.000772,-0.001007,0.002033,0.000000,-0.000001,-0.000001
2025-12-16 18:17:14.073,0.000824,-0.001035,0.002044,0.000000,-0.000001,-0.000001
2025-12-16 18:17:14.074,0.000870,-0.001058,0.002034,0.000000,-0.000001,-0.000001
2025-12-16 18:17:14.075,0.000907,-0.001072,0.001995,0.000000,-0.000001,-0.000001
2025-12-16 18:17:14.076,0.000947,-0.001087,0.001947,0.000000,-0.000001,-0.000001
2025-12-16 18:17:14.077,0.000986,-0.001113,0.001901,0.000000,-0.000001,-0.000001
2025-12-16 18:17:14.078,0.001028,-0.001154,0.001871,0.000000,-0.000001,-0.000001
2025-12-16 18:17:14.079,0.001067,-0.001202,0.001857,0.000000,-0.000001,-0.000001
2025-12-16 18:17:14.080,0.001100,-0.001246,0.001845,0.000000,-0.000001,-0.000001
2025-12-16 18:17:14.081,0.001125,-0.001281,0.001836,0.000000,-0.000001,-0.000001
2025-12-16 18:17:14.082,0.001126,-0.001284,0.001783,0.000000,-0.000001,-0.000001
2025-12-16 18:17:14.083,0.001107,-0.001256,0.001701,0.000000,-0.000001,-0.000001
2025-12-16 18:17:14.085,0.001018,-0.001151,0.001535,0.000000,-0.000001,-0.000001
2025-12-16 18:17:14.086,0.000963,-0.001086,0.001476,0.000000,-0.000001,-0.000001
