timestamp,linear_x,linear_y,linear_z,angular_x,angular_y,angular_z
2025-12-16 17:31:02.419,0.001137,-0.000831,-0.001097,-0.000000,-0.000000,-0.000000
2025-12-16 17:31:02.421,0.001111,-0.000820,-0.001100,-0.000000,-0.000000,-0.000000
2025-12-16 17:31:02.423,0.001092,-0.000812,-0.001102,-0.000000,-0.000000,-0.000000
2025-12-16 17:31:02.425,0.001050,-0.000799,-0.001100,-0.000000,-0.000000,-0.000000
2025-12-16 17:31:02.426,0.001034,-0.000791,-0.001095,-0.000000,-0.000000,-0.000000
2025-12-16 17:31:02.427,0.001001,-0.000773,-0.001083,-0.000000,-0.000000,-0.000000
2025-12-16 17:31:02.429,0.000977,-0.000759,-0.001077,-0.000000,-0.000000,-0.000000
2025-12-16 17:31:02.431,0.000927,-0.000727,-0.001053,-0.000000,-0.000000,-0.000000
2025-12-16 17:31:02.434,0.000899,-0.000699,-0.001026,-0.000000,0.000000,-0.000000
2025-12-16 17:31:02.435,0.000869,-0.000674,-0.001004,-0.000000,0.000000,-0.000000
2025-12-16 17:31:02.438,0.000819,-0.000655,-0.000977,-0.000000,0.000000,-0.000000
2025-12-16 17:31:02.440,0.000734,-0.000615,-0.000944,-0.000000,0.000000,-0.000000
2025-12-16 17:31:02.442,0.000709,-0.000605,-0.000939,-0.000000,0.000000,-0.000000
2025-12-16 17:31:02.443,0.000630,-0.000573,-0.000919,-0.000000,0.000000,-0.000000
2025-12-16 17:31:02.444,0.000586,-0.000558,-0.000904,-0.000000,0.000000,-0.000000
2025-12-16 17:31:02.446,0.000510,-0.000520,-0.000878,-0.000000,0.000000,-0.000000
2025-12-16 17:31:02.448,0.000477,-0.000507,-0.000864,-0.000000,0.000000,-0.000000
2025-12-16 17:31:02.449,0.000394,-0.000484,-0.000839,-0.000000,0.000000,-0.000000
2025-12-16 17:31:02.450,0.000350,-0.000473,-0.000826,-0.000000,0.000000,-0.000000
2025-12-16 17:31:02.451,0.000297,-0.000458,-0.000812,-0.000000,0.000000,-0.000000
2025-12-16 17:31:02.452,0.000249,-0.000443,-0.000799,-0.000000,0.000000,-0.000000
2025-12-16 17:31:02.454,0.000203,-0.000433,-0.000785,-0.000000,0.000000,-0.000000
2025-12-16 17:31:02.455,0.000096,-0.000411,-0.000751,-0.000000,0.000000,-0.000000
2025-12-16 17:31:02.456,0.000053,-0.000406,-0.000737,-0.000000,0.000000,-0.000000
2025-12-16 17:31:02.458,0.000007,-0.000394,-0.000719,-0.000000,0.000000,-0.000000
2025-12-16 17:31:02.459,-0.000104,-0.000357,-0.000685,-0.000000,0.000000,0.000000
2025-12-16 17:31:02.460,-0.000158,-0.000340,-0.000668,-0.000000,0.000000,0.000000
2025-12-16 17:31:02.462,-0.000210,-0.000322,-0.000651,-0.000000,0.000000,0.000000
2025-12-16 17:31:02.463,-0.000261,-0.000301,-0.000633,-0.000000,0.000000,0.000000
2025-12-16 17:31:02.464,-0.000359,-0.000265,-0.000602,-0.000000,0.000000,0.000000
2025-12-16 17:31:02.465,-0.000410,-0.000248,-0.000587,-0.000000,0.000000,0.000000
2025-12-16 17:31:02.466,-0.000469,-0.000224,-0.000573,-0.000000,0.000000,0.000000
2025-12-16 17:31:02.467,-0.000522,-0.000195,-0.000556,-0.000000,0.000000,0.000000
2025-12-16 17:31:02.468,-0.000575,-0.000163,-0.000537,-0.000000,0.000000,0.000000
2025-12-16 17:31:02.470,-0.000623,-0.000132,-0.000518,-0.000000,0.000000,0.000000
2025-12-16 17:31:02.471,-0.000727,-0.000068,-0.000485,-0.000000,0.000000,0.000000
2025-12-16 17:31:02.472,-0.000768,-0.000046,-0.000476,-0.000000,0.000000,0.000000
2025-12-16 17:31:02.473,-0.000819,-0.000018,-0.000465,-0.000000,0.000000,0.000000
2025-12-16 17:31:02.474,-0.000871,0.000018,-0.000452,-0.000000,0.000000,0.000000
2025-12-16 17:31:02.476,-0.000930,0.000060,-0.000438,-0.000000,0.000000,0.000000
2025-12-16 17:31:02.477,-0.001036,0.000145,-0.000416,-0.000000,0.000001,0.000000
2025-12-16 17:31:02.478,-0.001093,0.000186,-0.000410,-0.000000,0.000001,0.000000
2025-12-16 17:31:02.480,-0.001151,0.000231,-0.000403,-0.000000,0.000001,0.000000
2025-12-16 17:31:02.481,-0.001201,0.000278,-0.000398,-0.000000,0.000001,0.000001
2025-12-16 17:31:02.482,-0.001298,0.000373,-0.000386,-0.000000,0.000001,0.000001
2025-12-16 17:31:02.483,-0.001338,0.000415,-0.000380,-0.000000,0.000001,0.000001
2025-12-16 17:31:02.484,-0.001383,0.000470,-0.000378,-0.000000,0.000001,0.000001
2025-12-16 17:31:02.485,-0.001433,0.000527,-0.000378,-0.000000,0.000001,0.000001
2025-12-16 17:31:02.486,-0.001481,0.000590,-0.000381,-0.000000,0.000001,0.000001
2025-12-16 17:31:02.487,-0.001531,0.000654,-0.000389,-0.000000,0.000001,0.000001
2025-12-16 17:31:02.488,-0.001577,0.000714,-0.000397,-0.000000,0.000001,0.000001
2025-12-16 17:31:02.489,-0.001617,0.000778,-0.000403,-0.000000,0.000001,0.000001
2025-12-16 17:31:02.491,-0.001657,0.000844,-0.000413,-0.000000,0.000001,0.000001
2025-12-16 17:31:02.492,-0.001694,0.000914,-0.000422,-0.000000,0.000001,0.000001
2025-12-16 17:31:02.493,-0.001728,0.000983,-0.000433,-0.000000,0.000001,0.000001
2025-12-16 17:31:02.494,-0.001761,0.001051,-0.000444,-0.000000,0.000001,0.000001
2025-12-16 17:31:02.495,-0.001814,0.001184,-0.000469,-0.000000,0.000001,0.000001
2025-12-16 17:31:02.496,-0.001840,0.001248,-0.000482,-0.000000,0.000001,0.000001
2025-12-16 17:31:02.497,-0.001862,0.001313,-0.000494,-0.000000,0.000001,0.000001
2025-12-16 17:31:02.498,-0.001883,0.001381,-0.000504,-0.000000,0.000001,0.000001
2025-12-16 17:31:02.499,-0.001898,0.001445,-0.000513,-0.000000,0.000001,0.000001
2025-12-16 17:31:02.500,-0.001915,0.001507,-0.000522,-0.000000,0.000001,0.000001
2025-12-16 17:31:02.502,-0.001930,0.001569,-0.000531,-0.000000,0.000001,0.000001
2025-12-16 17:31:02.503,-0.001939,0.001626,-0.000540,-0.000000,0.000001,0.000001
2025-12-16 17:31:02.504,-0.001959,0.001716,-0.000558,-0.000000,0.000001,0.000001
2025-12-16 17:31:02.505,-0.001967,0.001756,-0.000567,-0.000000,0.000001,0.000001
2025-12-16 17:31:02.506,-0.001968,0.001793,-0.000571,-0.000000,0.000001,0.000001
2025-12-16 17:31:02.508,-0.001971,0.001862,-0.000574,-0.000000,0.000001,0.000001
2025-12-16 17:31:02.509,-0.001978,0.001892,-0.000581,-0.000000,0.000001,0.000001
2025-12-16 17:31:02.510,-0.001977,0.001915,-0.000584,-0.000000,0.000001,0.000001
2025-12-16 17:31:02.511,-0.001974,0.001932,-0.000585,-0.000000,0.000001,0.000001
2025-12-16 17:31:02.512,-0.001967,0.001947,-0.000584,-0.000000,0.000001,0.000001
2025-12-16 17:31:02.514,-0.001963,0.001957,-0.000584,-0.000000,0.000001,0.000001
2025-12-16 17:31:02.515,-0.001960,0.001962,-0.000580,-0.000000,0.000001,0.000001
2025-12-16 17:31:02.516,-0.001958,0.001964,-0.000576,-0.000000,0.000001,0.000001
2025-12-16 17:31:02.517,-0.001944,0.001958,-0.000565,-0.000000,0.000001,0.000001
2025-12-16 17:31:02.518,-0.001940,0.001950,-0.000559,-0.000000,0.000001,0.000001
2025-12-16 17:31:02.519,-0.001941,0.001939,-0.000555,-0.000000,0.000001,0.000001
2025-12-16 17:31:02.520,-0.001934,0.001922,-0.000550,-0.000000,0.000001,0.000001
2025-12-16 17:31:02.521,-0.001927,0.001900,-0.000543,-0.000000,0.000001,0.000001
2025-12-16 17:31:02.522,-0.001921,0.001880,-0.000536,-0.000000,0.000001,0.000001
2025-12-16 17:31:02.524,-0.001912,0.001861,-0.000529,-0.000000,0.000001,0.000001
2025-12-16 17:31:02.525,-0.001900,0.001837,-0.000518,-0.000000,0.000001,0.000001
2025-12-16 17:31:02.526,-0.001889,0.001815,-0.000509,-0.000000,0.000001,0.000001
2025-12-16 17:31:02.527,-0.001877,0.001790,-0.000498,-0.000000,0.000001,0.000001
2025-12-16 17:31:02.528,-0.001849,0.001728,-0.000469,-0.000000,0.000001,0.000001
2025-12-16 17:31:02.529,-0.001828,0.001697,-0.000451,-0.000000,0.000001,0.000001
2025-12-16 17:31:02.530,-0.001806,0.001663,-0.000430,-0.000000,0.000001,0.000001
2025-12-16 17:31:02.531,-0.001790,0.001630,-0.000410,-0.000000,0.000001,0.000001
2025-12-16 17:31:02.532,-0.001774,0.001596,-0.000390,-0.000000,0.000001,0.000001
2025-12-16 17:31:02.534,-0.001762,0.001563,-0.000366,-0.000000,0.000001,0.000001
2025-12-16 17:31:02.535,-0.001751,0.001530,-0.000348,-0.000000,0.000001,0.000001
2025-12-16 17:31:02.536,-0.001737,0.001498,-0.000328,-0.000000,0.000001,0.000001
2025-12-16 17:31:02.537,-0.001706,0.001433,-0.000290,-0.000000,0.000001,0.000001
2025-12-16 17:31:02.538,-0.001682,0.001394,-0.000269,-0.000000,0.000001,0.000001
2025-12-16 17:31:02.539,-0.001661,0.001361,-0.000243,-0.000000,0.000001,0.000001
2025-12-16 17:31:02.540,-0.001648,0.001330,-0.000218,-0.000000,0.000001,0.000001
2025-12-16 17:31:02.541,-0.001633,0.001295,-0.000196,-0.000000,0.000001,0.000001
2025-12-16 17:31:02.542,-0.001620,0.001259,-0.000173,-0.000000,0.000001,0.000001
2025-12-16 17:31:02.543,-0.001606,0.001224,-0.000150,-0.000000,0.000001,0.000001
2025-12-16 17:31:02.545,-0.001598,0.001171,-0.000105,-0.000000,0.000001,0.000001
2025-12-16 17:31:02.546,-0.001601,0.001149,-0.000088,-0.000000,0.000001,0.000001
2025-12-16 17:31:02.547,-0.001599,0.001126,-0.000066,-0.000000,0.000001,0.000001
2025-12-16 17:31:02.548,-0.001597,0.001102,-0.000039,-0.000000,0.000001,0.000001
2025-12-16 17:31:02.549,-0.001598,0.001078,-0.000013,-0.000000,0.000001,0.000001
2025-12-16 17:31:02.550,-0.001607,0.001056,0.000013,0.000000,0.000001,0.000001
2025-12-16 17:31:02.552,-0.001620,0.001035,0.000036,0.000000,0.000001,0.000001
2025-12-16 17:31:02.553,-0.001631,0.001015,0.000063,0.000000,0.000001,0.000001
2025-12-16 17:31:02.554,-0.001648,0.000999,0.000087,0.000000,0.000001,0.000001
2025-12-16 17:31:02.555,-0.001665,0.000982,0.000112,0.000000,0.000001,0.000001
2025-12-16 17:31:02.556,-0.001685,0.000971,0.000136,0.000000,0.000001,0.000001
2025-12-16 17:31:02.557,-0.001736,0.000951,0.000181,0.000000,0.000001,0.000001
2025-12-16 17:31:02.558,-0.001761,0.000944,0.000205,0.000000,0.000001,0.000001
2025-12-16 17:31:02.559,-0.001786,0.000936,0.000223,0.000000,0.000001,0.000001
2025-12-16 17:31:02.560,-0.001810,0.000931,0.000243,0.000000,0.000001,0.000001
2025-12-16 17:31:02.561,-0.001840,0.000934,0.000265,0.000000,0.000001,0.000001
2025-12-16 17:31:02.562,-0.001867,0.000939,0.000284,0.000000,0.000001,0.000001
2025-12-16 17:31:02.565,-0.001945,0.000952,0.000339,0.000000,0.000001,0.000001
2025-12-16 17:31:02.566,-0.001968,0.000960,0.000353,0.000000,0.000001,0.000001
2025-12-16 17:31:02.567,-0.001989,0.000967,0.000364,0.000000,0.000001,0.000001
2025-12-16 17:31:02.568,-0.002005,0.000974,0.000376,0.000000,0.000001,0.000001
2025-12-16 17:31:02.569,-0.002018,0.000985,0.000387,0.000000,0.000001,0.000001
2025-12-16 17:31:02.570,-0.002029,0.000996,0.000396,0.000000,0.000001,0.000001
2025-12-16 17:31:02.571,-0.002038,0.001012,0.000407,0.000000,0.000001,0.000001
2025-12-16 17:31:02.573,-0.002044,0.001021,0.000413,0.000000,0.000001,0.000001
2025-12-16 17:31:02.574,-0.002050,0.001039,0.000420,0.000000,0.000001,0.000001
2025-12-16 17:31:02.575,-0.002050,0.001052,0.000424,0.000000,0.000001,0.000001
2025-12-16 17:31:02.576,-0.002050,0.001065,0.000423,0.000000,0.000001,0.000001
2025-12-16 17:31:02.577,-0.002052,0.001082,0.000421,0.000000,0.000001,0.000001
2025-12-16 17:31:02.578,-0.002055,0.001099,0.000415,0.000000,0.000001,0.000001
2025-12-16 17:31:02.580,-0.002058,0.001113,0.000408,0.000000,0.000001,0.000001
2025-12-16 17:31:02.581,-0.002062,0.001125,0.000398,0.000000,0.000001,0.000001
2025-12-16 17:31:02.582,-0.002063,0.001145,0.000375,0.000000,0.000001,0.000001
2025-12-16 17:31:02.583,-0.002065,0.001156,0.000362,0.000000,0.000001,0.000001
2025-12-16 17:31:02.584,-0.002055,0.001159,0.000346,0.000000,0.000001,0.000001
2025-12-16 17:31:02.585,-0.002054,0.001165,0.000329,0.000000,0.000001,0.000001
2025-12-16 17:31:02.586,-0.002056,0.001173,0.000310,0.000000,0.000001,0.000001
2025-12-16 17:31:02.587,-0.002058,0.001175,0.000288,0.000000,0.000001,0.000001
2025-12-16 17:31:02.589,-0.002062,0.001173,0.000246,-0.000000,0.000001,0.000001
2025-12-16 17:31:02.590,-0.002055,0.001167,0.000221,-0.000000,0.000001,0.000001
2025-12-16 17:31:02.591,-0.002046,0.001159,0.000199,-0.000000,0.000001,0.000001
2025-12-16 17:31:02.592,-0.002039,0.001155,0.000173,-0.000000,0.000001,0.000001
2025-12-16 17:31:02.593,-0.002039,0.001155,0.000148,-0.000000,0.000001,0.000001
2025-12-16 17:31:02.595,-0.002035,0.001148,0.000121,-0.000000,0.000001,0.000001
2025-12-16 17:31:02.596,-0.002024,0.001131,0.000072,-0.000000,0.000001,0.000001
2025-12-16 17:31:02.597,-0.002014,0.001126,0.000049,-0.000000,0.000001,0.000001
2025-12-16 17:31:02.598,-0.002008,0.001122,0.000019,-0.000000,0.000001,0.000001
2025-12-16 17:31:02.599,-0.001998,0.001119,-0.000008,-0.000000,0.000001,0.000001
2025-12-16 17:31:02.601,-0.001988,0.001118,-0.000034,-0.000000,0.000001,0.000001
2025-12-16 17:31:02.603,-0.001970,0.001110,-0.000092,-0.000000,0.000001,0.000001
2025-12-16 17:31:02.604,-0.001935,0.001096,-0.000143,-0.000000,0.000001,0.000001
2025-12-16 17:31:02.605,-0.001922,0.001097,-0.000165,-0.000000,0.000001,0.000001
2025-12-16 17:31:02.606,-0.001905,0.001096,-0.000191,-0.000000,0.000001,0.000001
2025-12-16 17:31:02.608,-0.001882,0.001095,-0.000215,-0.000000,0.000001,0.000001
2025-12-16 17:31:02.609,-0.001861,0.001095,-0.000242,-0.000000,0.000001,0.000001
2025-12-16 17:31:02.610,-0.001836,0.001096,-0.000266,-0.000000,0.000001,0.000001
2025-12-16 17:31:02.611,-0.001814,0.001098,-0.000289,-0.000000,0.000001,0.000001
2025-12-16 17:31:02.612,-0.001788,0.001094,-0.000313,-0.000000,0.000001,0.000001
2025-12-16 17:31:02.613,-0.001759,0.001095,-0.000333,-0.000000,0.000001,0.000001
2025-12-16 17:31:02.614,-0.001733,0.001100,-0.000352,-0.000000,0.000001,0.000001
2025-12-16 17:31:02.616,-0.001706,0.001104,-0.000369,-0.000000,0.000001,0.000001
2025-12-16 17:31:02.617,-0.001622,0.001118,-0.000417,-0.000000,0.000001,0.000001
2025-12-16 17:31:02.618,-0.001594,0.001122,-0.000433,-0.000000,0.000001,0.000001
2025-12-16 17:31:02.619,-0.001560,0.001111,-0.000439,-0.000000,0.000001,0.000001
2025-12-16 17:31:02.620,-0.001519,0.001100,-0.000444,-0.000000,0.000001,0.000001
2025-12-16 17:31:02.621,-0.001479,0.001094,-0.000445,-0.000000,0.000001,0.000001
2025-12-16 17:31:02.622,-0.001428,0.001084,-0.000444,-0.000000,0.000001,0.000001
2025-12-16 17:31:02.623,-0.001381,0.001074,-0.000444,-0.000000,0.000001,0.000001
2025-12-16 17:31:02.624,-0.001343,0.001066,-0.000443,-0.000000,0.000001,0.000001
2025-12-16 17:31:02.626,-0.001296,0.001052,-0.000439,-0.000000,0.000001,0.000001
2025-12-16 17:31:02.627,-0.001253,0.001039,-0.000434,-0.000000,0.000001,0.000001
2025-12-16 17:31:02.628,-0.001149,0.000988,-0.000419,-0.000000,0.000001,0.000001
2025-12-16 17:31:02.630,-0.001096,0.000957,-0.000409,-0.000000,0.000001,0.000001
2025-12-16 17:31:02.631,-0.001046,0.000927,-0.000397,-0.000000,0.000001,0.000001
2025-12-16 17:31:02.632,-0.000995,0.000894,-0.000384,-0.000000,0.000001,0.000001
2025-12-16 17:31:02.633,-0.000885,0.000820,-0.000358,-0.000000,0.000001,0.000001
2025-12-16 17:31:02.634,-0.000827,0.000773,-0.000344,-0.000000,0.000000,0.000001
2025-12-16 17:31:02.635,-0.000775,0.000730,-0.000331,-0.000000,0.000000,0.000000
2025-12-16 17:31:02.636,-0.000723,0.000687,-0.000317,-0.000000,0.000000,0.000000
2025-12-16 17:31:02.639,-0.000549,0.000510,-0.000270,-0.000000,0.000000,0.000000
2025-12-16 17:31:02.640,-0.000490,0.000444,-0.000255,-0.000000,0.000000,0.000000
2025-12-16 17:31:02.641,-0.000431,0.000380,-0.000238,-0.000000,0.000000,0.000000
2025-12-16 17:31:02.642,-0.000382,0.000317,-0.000223,-0.000000,0.000000,0.000000
2025-12-16 17:31:02.643,-0.000337,0.000252,-0.000208,-0.000000,0.000000,0.000000
2025-12-16 17:31:02.645,-0.000300,0.000197,-0.000197,-0.000000,0.000000,0.000000
2025-12-16 17:31:02.646,-0.000203,0.000064,-0.000165,-0.000000,0.000000,0.000000
2025-12-16 17:31:02.647,-0.000159,0.000001,-0.000148,-0.000000,0.000000,0.000000
2025-12-16 17:31:02.648,-0.000112,-0.000063,-0.000136,-0.000000,0.000000,0.000000
2025-12-16 17:31:02.650,-0.000064,-0.000129,-0.000125,-0.000000,0.000000,0.000000
2025-12-16 17:31:02.651,-0.000012,-0.000193,-0.000113,-0.000000,0.000000,-0.000000
2025-12-16 17:31:02.652,0.000084,-0.000316,-0.000096,-0.000000,-0.000000,-0.000000
2025-12-16 17:31:02.653,0.000120,-0.000366,-0.000088,-0.000000,-0.000000,-0.000000
2025-12-16 17:31:02.654,0.000151,-0.000418,-0.000086,-0.000000,-0.000000,-0.000000
2025-12-16 17:31:02.655,0.000182,-0.000472,-0.000085,-0.000000,-0.000000,-0.000000
2025-12-16 17:31:02.656,0.000214,-0.000529,-0.000088,-0.000000,-0.000000,-0.000000
2025-12-16 17:31:02.658,0.000252,-0.000584,-0.000091,-0.000000,-0.000000,-0.000000
2025-12-16 17:31:02.659,0.000291,-0.000669,-0.000104,-0.000000,-0.000000,-0.000000
2025-12-16 17:31:02.660,0.000315,-0.000710,-0.000112,-0.000000,-0.000000,-0.000000
2025-12-16 17:31:02.661,0.000337,-0.000745,-0.000118,-0.000000,-0.000000,-0.000000
2025-12-16 17:31:02.663,0.000352,-0.000780,-0.000134,-0.000000,-0.000000,-0.000000
2025-12-16 17:31:02.664,0.000363,-0.000810,-0.000150,-0.000000,-0.000000,-0.000000
2025-12-16 17:31:02.665,0.000375,-0.000866,-0.000191,-0.000000,-0.000000,-0.000000
2025-12-16 17:31:02.667,0.000376,-0.000894,-0.000217,-0.000000,-0.000000,-0.000000
2025-12-16 17:31:02.668,0.000378,-0.000924,-0.000243,-0.000000,-0.000000,-0.000000
2025-12-16 17:31:02.669,0.000380,-0.000950,-0.000266,-0.000000,-0.000000,-0.000000
2025-12-16 17:31:02.670,0.000370,-0.000994,-0.000317,-0.000000,-0.000000,-0.000000
2025-12-16 17:31:02.671,0.000356,-0.001016,-0.000345,-0.000000,-0.000000,-0.000000
2025-12-16 17:31:02.672,0.000341,-0.001036,-0.000370,-0.000000,-0.000000,-0.000000
2025-12-16 17:31:02.673,0.000325,-0.001060,-0.000403,-0.000000,-0.000000,-0.000000
2025-12-16 17:31:02.674,0.000313,-0.001088,-0.000436,-0.000000,-0.000000,-0.000000
2025-12-16 17:31:02.676,0.000301,-0.001115,-0.000469,-0.000000,-0.000000,-0.000000
2025-12-16 17:31:02.677,0.000260,-0.001157,-0.000534,-0.000000,-0.000000,-0.000000
2025-12-16 17:31:02.678,0.000243,-0.001185,-0.000567,-0.000000,0.000000,-0.000000
2025-12-16 17:31:02.679,0.000227,-0.001215,-0.000601,-0.000000,0.000000,-0.000000
2025-12-16 17:31:02.680,0.000205,-0.001239,-0.000634,-0.000000,0.000000,-0.000000
2025-12-16 17:31:02.682,0.000183,-0.001267,-0.000668,-0.000000,0.000000,-0.000000
2025-12-16 17:31:02.683,0.000151,-0.001324,-0.000734,-0.000000,0.000000,-0.000000
2025-12-16 17:31:02.684,0.000131,-0.001356,-0.000767,-0.000000,0.000000,-0.000000
2025-12-16 17:31:02.687,0.000096,-0.001421,-0.000834,-0.000000,0.000000,-0.000000
2025-12-16 17:31:02.688,0.000063,-0.001477,-0.000894,-0.000000,0.000000,-0.000000
2025-12-16 17:31:02.689,0.000049,-0.001512,-0.000926,-0.000000,0.000000,-0.000000
2025-12-16 17:31:02.690,0.000033,-0.001555,-0.000962,-0.000000,0.000000,-0.000000
2025-12-16 17:31:02.691,0.000019,-0.001594,-0.000998,-0.000000,0.000000,-0.000000
2025-12-16 17:31:02.692,0.000004,-0.001628,-0.001030,-0.000000,0.000000,-0.000000
2025-12-16 17:31:02.693,-0.000016,-0.001661,-0.001060,-0.000000,0.000000,-0.000000
2025-12-16 17:31:02.694,-0.000035,-0.001698,-0.001092,-0.000001,0.000000,-0.000000
2025-12-16 17:31:02.696,-0.000056,-0.001734,-0.001121,-0.000000,0.000000,-0.000000
2025-12-16 17:31:02.697,-0.000073,-0.001764,-0.001145,-0.000001,0.000000,-0.000000
2025-12-16 17:31:02.698,-0.000091,-0.001799,-0.001172,-0.000001,0.000000,-0.000000
2025-12-16 17:31:02.699,-0.000156,-0.001871,-0.001232,-0.000001,0.000000,-0.000000
2025-12-16 17:31:02.701,-0.000179,-0.001905,-0.001256,-0.000001,0.000000,-0.000000
2025-12-16 17:31:02.702,-0.000232,-0.001976,-0.001305,-0.000001,0.000000,-0.000000
2025-12-16 17:31:02.703,-0.000275,-0.002008,-0.001331,-0.000001,0.000000,-0.000000
2025-12-16 17:31:02.704,-0.000317,-0.002034,-0.001354,-0.000001,0.000000,-0.000000
2025-12-16 17:31:02.705,-0.000362,-0.002056,-0.001375,-0.000001,0.000000,-0.000000
2025-12-16 17:31:02.706,-0.000416,-0.002081,-0.001395,-0.000001,0.000000,-0.000000
2025-12-16 17:31:02.708,-0.000470,-0.002109,-0.001413,-0.000001,0.000000,-0.000000
2025-12-16 17:31:02.709,-0.000525,-0.002133,-0.001431,-0.000001,0.000000,-0.000000
2025-12-16 17:31:02.710,-0.000571,-0.002153,-0.001446,-0.000001,0.000001,-0.000000
2025-12-16 17:31:02.711,-0.000675,-0.002185,-0.001472,-0.000001,0.000001,-0.000000
2025-12-16 17:31:02.712,-0.000733,-0.002200,-0.001483,-0.000001,0.000001,-0.000000
2025-12-16 17:31:02.715,-0.000867,-0.002212,-0.001497,-0.000001,0.000001,-0.000000
2025-12-16 17:31:02.716,-0.000928,-0.002212,-0.001502,-0.000001,0.000001,-0.000000
2025-12-16 17:31:02.717,-0.001055,-0.002222,-0.001507,-0.000001,0.000001,-0.000000
2025-12-16 17:31:02.718,-0.001115,-0.002223,-0.001505,-0.000001,0.000001,-0.000000
2025-12-16 17:31:02.719,-0.001177,-0.002218,-0.001504,-0.000001,0.000001,0.000000
2025-12-16 17:31:02.720,-0.001238,-0.002212,-0.001503,-0.000001,0.000001,0.000000
2025-12-16 17:31:02.722,-0.001340,-0.002200,-0.001500,-0.000001,0.000001,0.000000
2025-12-16 17:31:02.725,-0.001417,-0.002190,-0.001486,-0.000001,0.000001,0.000000
2025-12-16 17:31:02.727,-0.001484,-0.002181,-0.001472,-0.000001,0.000001,0.000000
2025-12-16 17:31:02.728,-0.001547,-0.002160,-0.001457,-0.000001,0.000001,0.000000
2025-12-16 17:31:02.729,-0.001566,-0.002154,-0.001451,-0.000001,0.000001,0.000000
2025-12-16 17:31:02.730,-0.001588,-0.002144,-0.001442,-0.000001,0.000001,0.000000
2025-12-16 17:31:02.732,-0.001608,-0.002135,-0.001433,-0.000001,0.000001,0.000000
2025-12-16 17:31:02.733,-0.001611,-0.002130,-0.001424,-0.000001,0.000001,0.000000
2025-12-16 17:31:02.734,-0.001612,-0.002125,-0.001414,-0.000001,0.000001,0.000000
2025-12-16 17:31:02.735,-0.001612,-0.002117,-0.001394,-0.000001,0.000001,0.000000
2025-12-16 17:31:02.736,-0.001611,-0.002110,-0.001384,-0.000001,0.000001,0.000000
2025-12-16 17:31:02.737,-0.001612,-0.002101,-0.001376,-0.000001,0.000001,0.000000
2025-12-16 17:31:02.738,-0.001608,-0.002096,-0.001368,-0.000001,0.000001,0.000000
2025-12-16 17:31:02.739,-0.001606,-0.002097,-0.001363,-0.000001,0.000001,0.000000
2025-12-16 17:31:02.740,-0.001606,-0.002100,-0.001360,-0.000001,0.000001,0.000000
2025-12-16 17:31:02.741,-0.001598,-0.002103,-0.001358,-0.000001,0.000001,0.000000
2025-12-16 17:31:02.742,-0.001594,-0.002113,-0.001358,-0.000001,0.000001,0.000000
2025-12-16 17:31:02.745,-0.001603,-0.002130,-0.001366,-0.000001,0.000001,0.000000
2025-12-16 17:31:02.746,-0.001613,-0.002137,-0.001371,-0.000001,0.000001,0.000000
2025-12-16 17:31:02.747,-0.001618,-0.002144,-0.001377,-0.000001,0.000001,0.000000
2025-12-16 17:31:02.748,-0.001632,-0.002148,-0.001385,-0.000001,0.000001,0.000000
2025-12-16 17:31:02.749,-0.001647,-0.002156,-0.001396,-0.000001,0.000001,0.000000
2025-12-16 17:31:02.750,-0.001659,-0.002164,-0.001407,-0.000001,0.000001,0.000000
2025-12-16 17:31:02.752,-0.001669,-0.002170,-0.001416,-0.000001,0.000001,0.000000
2025-12-16 17:31:02.753,-0.001693,-0.002174,-0.001431,-0.000001,0.000001,0.000000
2025-12-16 17:31:02.755,-0.001778,-0.002204,-0.001501,-0.000001,0.000001,0.000000
2025-12-16 17:31:02.756,-0.001810,-0.002208,-0.001521,-0.000001,0.000001,0.000000
2025-12-16 17:31:02.757,-0.001842,-0.002216,-0.001544,-0.000001,0.000001,0.000000
2025-12-16 17:31:02.758,-0.001890,-0.002225,-0.001576,-0.000001,0.000001,0.000000
2025-12-16 17:31:02.759,-0.001941,-0.002230,-0.001607,-0.000001,0.000001,0.000000
2025-12-16 17:31:02.760,-0.001984,-0.002238,-0.001638,-0.000001,0.000001,0.000000
2025-12-16 17:31:02.762,-0.002017,-0.002247,-0.001664,-0.000001,0.000001,0.000000
2025-12-16 17:31:02.763,-0.002062,-0.002256,-0.001695,-0.000001,0.000001,0.000000
2025-12-16 17:31:02.764,-0.002113,-0.002263,-0.001730,-0.000001,0.000001,0.000000
2025-12-16 17:31:02.765,-0.002215,-0.002256,-0.001786,-0.000001,0.000001,0.000000
2025-12-16 17:31:02.766,-0.002268,-0.002255,-0.001818,-0.000001,0.000001,0.000000
2025-12-16 17:31:02.767,-0.002315,-0.002256,-0.001846,-0.000001,0.000001,0.000000
2025-12-16 17:31:02.768,-0.002361,-0.002258,-0.001874,-0.000001,0.000001,0.000000
2025-12-16 17:31:02.770,-0.002412,-0.002254,-0.001902,-0.000001,0.000001,0.000000
2025-12-16 17:31:02.771,-0.002467,-0.002249,-0.001931,-0.000001,0.000001,0.000000
2025-12-16 17:31:02.773,-0.002606,-0.002228,-0.001997,-0.000001,0.000001,0.000001
2025-12-16 17:31:02.774,-0.002644,-0.002219,-0.002010,-0.000001,0.000001,0.000001
2025-12-16 17:31:02.775,-0.002686,-0.002213,-0.002022,-0.000001,0.000001,0.000001
2025-12-16 17:31:02.776,-0.002724,-0.002209,-0.002033,-0.000001,0.000001,0.000001
2025-12-16 17:31:02.777,-0.002763,-0.002200,-0.002040,-0.000001,0.000001,0.000001
2025-12-16 17:31:02.779,-0.002801,-0.002188,-0.002043,-0.000001,0.000001,0.000001
2025-12-16 17:31:02.780,-0.002828,-0.002180,-0.002042,-0.000001,0.000001,0.000001
2025-12-16 17:31:02.781,-0.002861,-0.002165,-0.002038,-0.000001,0.000002,0.000001
2025-12-16 17:31:02.785,-0.002976,-0.002099,-0.001974,-0.000001,0.000002,0.000001
2025-12-16 17:31:02.786,-0.002995,-0.002085,-0.001951,-0.000001,0.000001,0.000001
2025-12-16 17:31:02.787,-0.003006,-0.002074,-0.001928,-0.000001,0.000001,0.000001
2025-12-16 17:31:02.789,-0.003019,-0.002057,-0.001902,-0.000001,0.000002,0.000001
2025-12-16 17:31:02.790,-0.003030,-0.002041,-0.001875,-0.000001,0.000001,0.000001
2025-12-16 17:31:02.791,-0.003039,-0.002017,-0.001823,-0.000001,0.000001,0.000001
2025-12-16 17:31:02.795,-0.003043,-0.001986,-0.001750,-0.000001,0.000001,0.000001
2025-12-16 17:31:02.796,-0.003029,-0.001960,-0.001700,-0.000001,0.000001,0.000001
2025-12-16 17:31:02.797,-0.003014,-0.001952,-0.001676,-0.000001,0.000001,0.000001
2025-12-16 17:31:02.798,-0.002996,-0.001944,-0.001649,-0.000001,0.000001,0.000001
2025-12-16 17:31:02.799,-0.002976,-0.001936,-0.001624,-0.000001,0.000001,0.000001
2025-12-16 17:31:02.800,-0.002949,-0.001934,-0.001604,-0.000001,0.000001,0.000001
2025-12-16 17:31:02.801,-0.002920,-0.001933,-0.001586,-0.000001,0.000001,0.000001
2025-12-16 17:31:02.803,-0.002892,-0.001929,-0.001566,-0.000001,0.000001,0.000001
2025-12-16 17:31:02.805,-0.002777,-0.001924,-0.001512,-0.000001,0.000001,0.000001
2025-12-16 17:31:02.806,-0.002734,-0.001928,-0.001500,-0.000001,0.000001,0.000001
2025-12-16 17:31:02.807,-0.002692,-0.001931,-0.001490,-0.000001,0.000001,0.000001
2025-12-16 17:31:02.808,-0.002644,-0.001936,-0.001479,-0.000001,0.000001,0.000001
2025-12-16 17:31:02.811,-0.002479,-0.001966,-0.001451,-0.000001,0.000001,0.000001
2025-12-16 17:31:02.812,-0.002420,-0.001974,-0.001441,-0.000001,0.000001,0.000000
2025-12-16 17:31:02.813,-0.002371,-0.001978,-0.001432,-0.000001,0.000001,0.000000
2025-12-16 17:31:02.815,-0.002309,-0.001988,-0.001422,-0.000001,0.000001,0.000000
2025-12-16 17:31:02.816,-0.002243,-0.001998,-0.001409,-0.000001,0.000001,0.000000
2025-12-16 17:31:02.817,-0.002176,-0.002014,-0.001400,-0.000001,0.000001,0.000000
2025-12-16 17:31:02.818,-0.002109,-0.002026,-0.001389,-0.000001,0.000001,0.000000
2025-12-16 17:31:02.821,-0.001985,-0.002056,-0.001371,-0.000001,0.000001,0.000000
2025-12-16 17:31:02.822,-0.001932,-0.002069,-0.001361,-0.000001,0.000001,0.000000
2025-12-16 17:31:02.823,-0.001881,-0.002079,-0.001347,-0.000001,0.000001,0.000000
2025-12-16 17:31:02.824,-0.001785,-0.002022,-0.001295,-0.000001,0.000001,0.000000
2025-12-16 17:31:02.825,-0.001498,-0.001851,-0.001137,-0.000000,0.000001,0.000000
2025-12-16 17:31:02.826,-0.001402,-0.001794,-0.001084,-0.000000,0.000001,0.000000
2025-12-16 17:31:02.827,-0.001432,-0.001931,-0.001129,-0.000000,0.000001,0.000000
2025-12-16 17:31:02.829,-0.001419,-0.002096,-0.001161,-0.000001,0.000001,0.000000
2025-12-16 17:31:02.833,-0.001358,-0.002200,-0.001147,-0.000001,0.000001,0.000000
2025-12-16 17:31:02.834,-0.001311,-0.002226,-0.001126,-0.000001,0.000001,0.000000
2025-12-16 17:31:02.835,-0.001281,-0.002233,-0.001115,-0.000001,0.000001,0.000000
2025-12-16 17:31:02.836,-0.001256,-0.002239,-0.001106,-0.000001,0.000001,-0.000000
2025-12-16 17:31:02.837,-0.001241,-0.002239,-0.001097,-0.000000,0.000001,-0.000000
2025-12-16 17:31:02.838,-0.001229,-0.002235,-0.001087,-0.000000,0.000001,-0.000000
2025-12-16 17:31:02.839,-0.001216,-0.002226,-0.001077,-0.000000,0.000001,-0.000000
2025-12-16 17:31:02.840,-0.001202,-0.002215,-0.001065,-0.000000,0.000001,-0.000000
2025-12-16 17:31:02.842,-0.001187,-0.002200,-0.001053,-0.000000,0.000001,-0.000000
2025-12-16 17:31:02.843,-0.001179,-0.002184,-0.001044,-0.000000,0.000001,-0.000000
2025-12-16 17:31:02.844,-0.001166,-0.002169,-0.001034,-0.000000,0.000001,-0.000000
2025-12-16 17:31:02.845,-0.001154,-0.002141,-0.001021,-0.000000,0.000001,-0.000000
2025-12-16 17:31:02.846,-0.001146,-0.002124,-0.001017,-0.000000,0.000001,-0.000000
2025-12-16 17:31:02.847,-0.001139,-0.002101,-0.001014,-0.000000,0.000001,-0.000000
2025-12-16 17:31:02.848,-0.001136,-0.002073,-0.001011,-0.000000,0.000001,-0.000000
2025-12-16 17:31:02.849,-0.001135,-0.002047,-0.001009,-0.000000,0.000001,-0.000000
2025-12-16 17:31:02.850,-0.001133,-0.002016,-0.001005,-0.000000,0.000001,-0.000000
2025-12-16 17:31:02.852,-0.001129,-0.001985,-0.000998,-0.000000,0.000001,-0.000000
2025-12-16 17:31:02.853,-0.001125,-0.001952,-0.000991,-0.000000,0.000001,0.000000
2025-12-16 17:31:02.854,-0.001132,-0.001876,-0.000978,-0.000000,0.000001,0.000000
2025-12-16 17:31:02.855,-0.001141,-0.001840,-0.000971,-0.000000,0.000001,0.000000
2025-12-16 17:31:02.856,-0.001151,-0.001805,-0.000961,-0.000000,0.000001,0.000000
2025-12-16 17:31:02.857,-0.001157,-0.001766,-0.000949,-0.000000,0.000001,0.000000
2025-12-16 17:31:02.859,-0.001164,-0.001725,-0.000937,-0.000000,0.000001,0.000000
2025-12-16 17:31:02.860,-0.001170,-0.001689,-0.000928,-0.000000,0.000001,0.000000
2025-12-16 17:31:02.861,-0.001188,-0.001615,-0.000912,-0.000000,0.000001,0.000000
2025-12-16 17:31:02.862,-0.001202,-0.001574,-0.000905,-0.000000,0.000001,0.000000
2025-12-16 17:31:02.863,-0.001217,-0.001531,-0.000898,-0.000000,0.000001,0.000000
2025-12-16 17:31:02.864,-0.001223,-0.001489,-0.000888,-0.000000,0.000001,0.000000
2025-12-16 17:31:02.866,-0.001239,-0.001443,-0.000877,-0.000000,0.000001,0.000000
2025-12-16 17:31:02.867,-0.001253,-0.001400,-0.000864,-0.000000,0.000001,0.000000
2025-12-16 17:31:02.868,-0.001262,-0.001362,-0.000850,-0.000000,0.000001,0.000000
2025-12-16 17:31:02.869,-0.001272,-0.001322,-0.000836,-0.000000,0.000001,0.000000
2025-12-16 17:31:02.870,-0.001284,-0.001253,-0.000809,-0.000000,0.000001,0.000000
2025-12-16 17:31:02.871,-0.001289,-0.001222,-0.000799,-0.000000,0.000001,0.000000
2025-12-16 17:31:02.872,-0.001290,-0.001193,-0.000790,-0.000000,0.000001,0.000000
2025-12-16 17:31:02.873,-0.001290,-0.001169,-0.000781,-0.000000,0.000001,0.000000
2025-12-16 17:31:02.874,-0.001285,-0.001148,-0.000773,-0.000000,0.000001,0.000000
2025-12-16 17:31:02.875,-0.001278,-0.001127,-0.000767,-0.000000,0.000001,0.000000
2025-12-16 17:31:02.876,-0.001267,-0.001107,-0.000761,-0.000000,0.000001,0.000000
2025-12-16 17:31:02.878,-0.001254,-0.001086,-0.000754,-0.000000,0.000001,0.000000
2025-12-16 17:31:02.879,-0.001241,-0.001069,-0.000748,-0.000000,0.000001,0.000000
2025-12-16 17:31:02.880,-0.001224,-0.001027,-0.000735,-0.000000,0.000001,0.000000
2025-12-16 17:31:02.881,-0.001217,-0.001009,-0.000729,-0.000000,0.000001,0.000000
2025-12-16 17:31:02.882,-0.001203,-0.000994,-0.000724,-0.000000,0.000001,0.000000
2025-12-16 17:31:02.883,-0.001182,-0.000983,-0.000720,-0.000000,0.000001,0.000000
2025-12-16 17:31:02.884,-0.001161,-0.000975,-0.000718,-0.000000,0.000001,0.000000
2025-12-16 17:31:02.885,-0.001136,-0.000969,-0.000716,-0.000000,0.000001,0.000000
2025-12-16 17:31:02.886,-0.001110,-0.000962,-0.000712,-0.000000,0.000001,0.000000
2025-12-16 17:31:02.888,-0.001082,-0.000948,-0.000708,-0.000000,0.000001,0.000000
2025-12-16 17:31:02.889,-0.001053,-0.000937,-0.000706,-0.000000,0.000001,0.000000
2025-12-16 17:31:02.890,-0.001024,-0.000926,-0.000704,-0.000000,0.000001,0.000000
2025-12-16 17:31:02.891,-0.000995,-0.000910,-0.000697,-0.000000,0.000000,0.000000
2025-12-16 17:31:02.892,-0.000964,-0.000898,-0.000692,-0.000000,0.000000,0.000000
2025-12-16 17:31:02.893,-0.000908,-0.000872,-0.000678,-0.000000,0.000000,0.000000
2025-12-16 17:31:02.894,-0.000878,-0.000861,-0.000671,-0.000000,0.000000,0.000000
2025-12-16 17:31:02.895,-0.000851,-0.000851,-0.000665,-0.000000,0.000000,0.000000
2025-12-16 17:31:02.896,-0.000820,-0.000841,-0.000659,-0.000000,0.000000,0.000000
2025-12-16 17:31:02.897,-0.000790,-0.000832,-0.000653,-0.000000,0.000000,0.000000
2025-12-16 17:31:02.898,-0.000767,-0.000824,-0.000648,-0.000000,0.000000,0.000000
2025-12-16 17:31:02.899,-0.000730,-0.000816,-0.000638,-0.000000,0.000000,0.000000
2025-12-16 17:31:02.901,-0.000691,-0.000806,-0.000626,-0.000000,0.000000,0.000000
2025-12-16 17:31:02.902,-0.000653,-0.000793,-0.000612,-0.000000,0.000000,0.000000
2025-12-16 17:31:02.903,-0.000615,-0.000782,-0.000600,-0.000000,0.000000,0.000000
2025-12-16 17:31:02.904,-0.000578,-0.000770,-0.000584,-0.000000,0.000000,0.000000
2025-12-16 17:31:02.905,-0.000513,-0.000749,-0.000555,-0.000000,0.000000,0.000000
2025-12-16 17:31:02.906,-0.000474,-0.000740,-0.000539,-0.000000,0.000000,0.000000
2025-12-16 17:31:02.907,-0.000439,-0.000734,-0.000521,-0.000000,0.000000,0.000000
2025-12-16 17:31:02.908,-0.000400,-0.000726,-0.000503,-0.000000,0.000000,0.000000
2025-12-16 17:31:02.909,-0.000357,-0.000720,-0.000483,-0.000000,0.000000,-0.000000
2025-12-16 17:31:02.911,-0.000316,-0.000712,-0.000464,-0.000000,0.000000,-0.000000
2025-12-16 17:31:02.912,-0.000233,-0.000705,-0.000425,-0.000000,0.000000,-0.000000
2025-12-16 17:31:02.913,-0.000191,-0.000698,-0.000404,-0.000000,0.000000,-0.000000
2025-12-16 17:31:02.914,-0.000157,-0.000692,-0.000386,-0.000000,0.000000,-0.000000
2025-12-16 17:31:02.916,-0.000118,-0.000684,-0.000366,-0.000000,0.000000,-0.000000
2025-12-16 17:31:02.917,-0.000084,-0.000677,-0.000344,-0.000000,0.000000,-0.000000
2025-12-16 17:31:02.918,-0.000048,-0.000673,-0.000321,-0.000000,0.000000,-0.000000
2025-12-16 17:31:02.919,-0.000008,-0.000677,-0.000301,-0.000000,0.000000,-0.000000
2025-12-16 17:31:02.920,0.000059,-0.000679,-0.000263,-0.000000,0.000000,-0.000000
2025-12-16 17:31:02.921,0.000094,-0.000683,-0.000244,-0.000000,-0.000000,-0.000000
2025-12-16 17:31:02.922,0.000128,-0.000684,-0.000221,-0.000000,-0.000000,-0.000000
2025-12-16 17:31:02.923,0.000156,-0.000684,-0.000201,-0.000000,-0.000000,-0.000000
2025-12-16 17:31:02.924,0.000183,-0.000688,-0.000182,-0.000000,-0.000000,-0.000000
2025-12-16 17:31:02.926,0.000207,-0.000692,-0.000164,-0.000000,-0.000000,-0.000000
2025-12-16 17:31:02.927,0.000225,-0.000697,-0.000148,-0.000000,-0.000000,-0.000000
2025-12-16 17:31:02.928,0.000238,-0.000701,-0.000135,-0.000000,-0.000000,-0.000000
2025-12-16 17:31:02.929,0.000263,-0.000713,-0.000104,-0.000000,-0.000000,-0.000000
2025-12-16 17:31:02.930,0.000275,-0.000726,-0.000089,-0.000000,-0.000000,-0.000000
2025-12-16 17:31:02.931,0.000278,-0.000735,-0.000072,-0.000000,-0.000000,-0.000000
2025-12-16 17:31:02.932,0.000277,-0.000741,-0.000057,-0.000000,-0.000000,-0.000000
2025-12-16 17:31:02.933,0.000272,-0.000748,-0.000044,-0.000000,-0.000000,-0.000000
2025-12-16 17:31:02.935,0.000264,-0.000759,-0.000031,-0.000000,-0.000000,-0.000000
2025-12-16 17:31:02.936,0.000255,-0.000770,-0.000020,-0.000000,-0.000000,-0.000000
2025-12-16 17:31:02.937,0.000224,-0.000790,-0.000004,-0.000000,-0.000000,-0.000000
2025-12-16 17:31:02.938,0.000192,-0.000799,-0.000002,-0.000000,-0.000000,-0.000000
2025-12-16 17:31:02.939,0.000157,-0.000810,-0.000000,-0.000000,-0.000000,-0.000000
2025-12-16 17:31:02.940,0.000127,-0.000820,0.000001,-0.000000,-0.000000,-0.000000
2025-12-16 17:31:02.942,0.000092,-0.000832,-0.000001,-0.000000,-0.000000,-0.000000
2025-12-16 17:31:02.943,0.000053,-0.000842,-0.000003,-0.000000,-0.000000,-0.000000
2025-12-16 17:31:02.944,-0.000020,-0.000849,-0.000011,-0.000000,-0.000000,-0.000000
2025-12-16 17:31:02.945,-0.000059,-0.000846,-0.000016,-0.000000,-0.000000,-0.000000
2025-12-16 17:31:02.946,-0.000100,-0.000848,-0.000025,-0.000000,-0.000000,-0.000000
2025-12-16 17:31:02.947,-0.000146,-0.000845,-0.000034,-0.000000,-0.000000,-0.000000
2025-12-16 17:31:02.949,-0.000190,-0.000842,-0.000048,-0.000000,-0.000000,-0.000000
2025-12-16 17:31:02.950,-0.000239,-0.000836,-0.000067,-0.000000,0.000000,-0.000000
2025-12-16 17:31:02.951,-0.000289,-0.000826,-0.000087,-0.000000,0.000000,-0.000000
2025-12-16 17:31:02.952,-0.000330,-0.000816,-0.000105,-0.000000,0.000000,-0.000000
2025-12-16 17:31:02.953,-0.000367,-0.000810,-0.000124,-0.000000,0.000000,-0.000000
2025-12-16 17:31:02.954,-0.000452,-0.000790,-0.000175,-0.000000,0.000000,-0.000000
2025-12-16 17:31:02.955,-0.000493,-0.000781,-0.000205,-0.000000,0.000000,0.000000
2025-12-16 17:31:02.956,-0.000539,-0.000760,-0.000236,-0.000000,0.000000,0.000000
2025-12-16 17:31:02.957,-0.000588,-0.000736,-0.000269,-0.000000,0.000000,0.000000
2025-12-16 17:31:02.959,-0.000628,-0.000712,-0.000296,-0.000000,0.000000,0.000000
2025-12-16 17:31:02.960,-0.000657,-0.000687,-0.000323,-0.000000,0.000000,0.000000
2025-12-16 17:31:02.961,-0.000708,-0.000647,-0.000371,-0.000000,0.000000,0.000000
2025-12-16 17:31:02.962,-0.000732,-0.000619,-0.000396,-0.000000,0.000000,0.000000
2025-12-16 17:31:02.964,-0.000751,-0.000591,-0.000417,-0.000000,0.000000,0.000000
2025-12-16 17:31:02.965,-0.000780,-0.000541,-0.000450,-0.000000,0.000000,0.000000
2025-12-16 17:31:02.966,-0.000794,-0.000511,-0.000468,-0.000000,0.000000,0.000000
2025-12-16 17:31:02.967,-0.000806,-0.000483,-0.000487,-0.000000,0.000000,0.000000
2025-12-16 17:31:02.968,-0.000818,-0.000454,-0.000503,-0.000000,0.000000,0.000000
2025-12-16 17:31:02.969,-0.000827,-0.000428,-0.000515,-0.000000,0.000000,0.000000
2025-12-16 17:31:02.971,-0.000833,-0.000398,-0.000522,-0.000000,0.000000,0.000000
2025-12-16 17:31:02.972,-0.000837,-0.000371,-0.000526,-0.000000,0.000000,0.000000
2025-12-16 17:31:02.973,-0.000824,-0.000316,-0.000517,-0.000000,0.000000,0.000000
2025-12-16 17:31:02.974,-0.000814,-0.000293,-0.000510,-0.000000,0.000000,0.000000
2025-12-16 17:31:02.975,-0.000801,-0.000263,-0.000499,-0.000000,0.000000,0.000000
2025-12-16 17:31:02.977,-0.000783,-0.000238,-0.000486,-0.000000,0.000000,0.000000
2025-12-16 17:31:02.978,-0.000739,-0.000199,-0.000458,-0.000000,0.000000,0.000000
2025-12-16 17:31:02.979,-0.000707,-0.000181,-0.000434,-0.000000,0.000000,0.000000
2025-12-16 17:31:02.981,-0.000676,-0.000162,-0.000411,-0.000000,0.000000,0.000000
2025-12-16 17:31:02.982,-0.000610,-0.000135,-0.000365,-0.000000,0.000000,0.000000
2025-12-16 17:31:02.983,-0.000574,-0.000124,-0.000342,-0.000000,0.000000,0.000000
2025-12-16 17:31:02.984,-0.000527,-0.000109,-0.000314,-0.000000,0.000000,0.000000
2025-12-16 17:31:02.985,-0.000475,-0.000096,-0.000284,-0.000000,0.000000,0.000000
2025-12-16 17:31:02.987,-0.000431,-0.000079,-0.000254,-0.000000,0.000000,0.000000
2025-12-16 17:31:02.988,-0.000396,-0.000064,-0.000228,-0.000000,0.000000,0.000000
2025-12-16 17:31:02.989,-0.000361,-0.000052,-0.000204,-0.000000,0.000000,0.000000
2025-12-16 17:31:02.990,-0.000332,-0.000044,-0.000184,-0.000000,0.000000,0.000000
2025-12-16 17:31:02.991,-0.000247,-0.000027,-0.000141,-0.000000,0.000000,0.000000
2025-12-16 17:31:02.992,-0.000205,-0.000022,-0.000121,-0.000000,0.000000,0.000000
2025-12-16 17:31:02.993,-0.000154,-0.000019,-0.000102,-0.000000,0.000000,0.000000
2025-12-16 17:31:02.994,-0.000104,-0.000014,-0.000083,-0.000000,0.000000,0.000000
2025-12-16 17:31:02.995,-0.000054,-0.000009,-0.000063,-0.000000,0.000000,0.000000
2025-12-16 17:31:02.997,-0.000005,-0.000006,-0.000046,-0.000000,0.000000,0.000000
2025-12-16 17:31:02.998,0.000037,-0.000003,-0.000032,-0.000000,-0.000000,-0.000000
2025-12-16 17:31:02.999,0.000070,-0.000001,-0.000022,-0.000000,-0.000000,-0.000000
2025-12-16 17:31:03.000,0.000104,0.000013,-0.000012,0.000000,-0.000000,-0.000000
2025-12-16 17:31:03.001,0.000111,0.000018,-0.000010,0.000000,-0.000000,-0.000000
2025-12-16 17:31:03.003,0.000115,0.000021,-0.000009,0.000000,-0.000000,-0.000000
2025-12-16 17:31:03.004,0.000111,0.000027,-0.000011,0.000000,-0.000000,-0.000000
2025-12-16 17:31:03.005,0.000094,0.000030,-0.000016,0.000000,-0.000000,-0.000000
2025-12-16 17:31:03.006,0.000071,0.000035,-0.000023,-0.000000,-0.000000,-0.000000
2025-12-16 17:31:03.007,0.000022,0.000037,-0.000040,-0.000000,0.000000,0.000000
2025-12-16 17:31:03.008,-0.000009,0.000040,-0.000048,-0.000000,0.000000,0.000000
2025-12-16 17:31:03.009,-0.000054,0.000044,-0.000060,-0.000000,0.000000,0.000000
2025-12-16 17:31:03.010,-0.000110,0.000052,-0.000072,-0.000000,0.000000,0.000000
2025-12-16 17:31:03.011,-0.000167,0.000063,-0.000085,-0.000000,0.000000,0.000000
2025-12-16 17:31:03.013,-0.000235,0.000077,-0.000098,-0.000000,0.000000,0.000000
2025-12-16 17:31:03.014,-0.000311,0.000095,-0.000115,-0.000000,0.000000,0.000000
2025-12-16 17:31:03.015,-0.000378,0.000111,-0.000131,-0.000000,0.000000,0.000000
2025-12-16 17:31:03.016,-0.000431,0.000123,-0.000143,-0.000000,0.000000,0.000000
2025-12-16 17:31:03.017,-0.000471,0.000133,-0.000153,-0.000000,0.000000,0.000000
2025-12-16 17:31:03.018,-0.000500,0.000140,-0.000160,-0.000000,0.000000,0.000000
2025-12-16 17:31:03.022,-0.001016,0.000269,-0.000290,-0.000000,0.000000,0.000000
2025-12-16 17:31:03.023,-0.001190,0.000309,-0.000334,-0.000000,0.000001,0.000001
2025-12-16 17:31:03.024,-0.001345,0.000348,-0.000376,-0.000000,0.000001,0.000001
2025-12-16 17:31:03.026,-0.001470,0.000379,-0.000411,-0.000000,0.000001,0.000001
2025-12-16 17:31:03.027,-0.001747,0.000456,-0.000492,-0.000000,0.000001,0.000001
2025-12-16 17:31:03.028,-0.001864,0.000487,-0.000529,-0.000000,0.000001,0.000001
2025-12-16 17:31:03.030,-0.001996,0.000529,-0.000567,-0.000000,0.000001,0.000001
2025-12-16 17:31:03.031,-0.002278,0.000623,-0.000653,-0.000000,0.000001,0.000001
2025-12-16 17:31:03.032,-0.002423,0.000671,-0.000701,-0.000000,0.000001,0.000001
2025-12-16 17:31:03.033,-0.002545,0.000711,-0.000742,-0.000000,0.000001,0.000001
2025-12-16 17:31:03.034,-0.002677,0.000758,-0.000785,-0.000000,0.000001,0.000001
2025-12-16 17:31:03.035,-0.002818,0.000808,-0.000831,-0.000000,0.000001,0.000001
2025-12-16 17:31:03.036,-0.002955,0.000862,-0.000876,-0.000000,0.000001,0.000001
2025-12-16 17:31:03.037,-0.003087,0.000911,-0.000922,-0.000000,0.000001,0.000001
2025-12-16 17:31:03.038,-0.003222,0.000968,-0.000966,-0.000000,0.000001,0.000001
2025-12-16 17:31:03.040,-0.003358,0.001024,-0.001013,-0.000000,0.000002,0.000001
2025-12-16 17:31:03.041,-0.003474,0.001071,-0.001053,-0.000001,0.000002,0.000002
2025-12-16 17:31:03.042,-0.003684,0.001162,-0.001138,-0.000001,0.000002,0.000002
2025-12-16 17:31:03.043,-0.003793,0.001215,-0.001184,-0.000001,0.000002,0.000002
2025-12-16 17:31:03.044,-0.003899,0.001270,-0.001227,-0.000001,0.000002,0.000002
2025-12-16 17:31:03.046,-0.004004,0.001329,-0.001269,-0.000001,0.000002,0.000002
2025-12-16 17:31:03.047,-0.004092,0.001380,-0.001304,-0.000001,0.000002,0.000002
2025-12-16 17:31:03.048,-0.004170,0.001428,-0.001335,-0.000001,0.000002,0.000002
2025-12-16 17:31:03.049,-0.004261,0.001484,-0.001374,-0.000001,0.000002,0.000002
2025-12-16 17:31:03.050,-0.004421,0.001581,-0.001445,-0.000001,0.000002,0.000002
2025-12-16 17:31:03.051,-0.004493,0.001638,-0.001477,-0.000001,0.000002,0.000002
2025-12-16 17:31:03.052,-0.004562,0.001698,-0.001508,-0.000001,0.000002,0.000002
2025-12-16 17:31:03.053,-0.004630,0.001756,-0.001537,-0.000001,0.000002,0.000002
2025-12-16 17:31:03.054,-0.004692,0.001810,-0.001567,-0.000001,0.000002,0.000002
2025-12-16 17:31:03.055,-0.004750,0.001864,-0.001593,-0.000001,0.000002,0.000002
2025-12-16 17:31:03.056,-0.004797,0.001910,-0.001615,-0.000001,0.000002,0.000002
2025-12-16 17:31:03.057,-0.004838,0.001949,-0.001633,-0.000001,0.000002,0.000002
2025-12-16 17:31:03.058,-0.004875,0.001995,-0.001651,-0.000001,0.000002,0.000002
2025-12-16 17:31:03.060,-0.004904,0.002035,-0.001665,-0.000001,0.000002,0.000002
2025-12-16 17:31:03.061,-0.004930,0.002081,-0.001675,-0.000001,0.000002,0.000002
2025-12-16 17:31:03.062,-0.004951,0.002122,-0.001683,-0.000001,0.000002,0.000002
2025-12-16 17:31:03.063,-0.004983,0.002197,-0.001699,-0.000001,0.000003,0.000002
2025-12-16 17:31:03.064,-0.004996,0.002231,-0.001709,-0.000001,0.000003,0.000002
2025-12-16 17:31:03.065,-0.005007,0.002260,-0.001718,-0.000001,0.000003,0.000002
2025-12-16 17:31:03.066,-0.005012,0.002286,-0.001728,-0.000001,0.000003,0.000002
2025-12-16 17:31:03.067,-0.005015,0.002307,-0.001735,-0.000001,0.000003,0.000002
2025-12-16 17:31:03.068,-0.005017,0.002329,-0.001737,-0.000001,0.000003,0.000002
2025-12-16 17:31:03.070,-0.005020,0.002350,-0.001745,-0.000001,0.000003,0.000002
2025-12-16 17:31:03.071,-0.005023,0.002367,-0.001753,-0.000001,0.000003,0.000002
2025-12-16 17:31:03.072,-0.005029,0.002377,-0.001762,-0.000001,0.000003,0.000002
2025-12-16 17:31:03.073,-0.005030,0.002380,-0.001773,-0.000001,0.000003,0.000002
2025-12-16 17:31:03.074,-0.005029,0.002380,-0.001799,-0.000001,0.000003,0.000002
2025-12-16 17:31:03.075,-0.005029,0.002380,-0.001813,-0.000001,0.000003,0.000002
2025-12-16 17:31:03.076,-0.005029,0.002381,-0.001826,-0.000001,0.000003,0.000002
2025-12-16 17:31:03.077,-0.005036,0.002376,-0.001844,-0.000001,0.000003,0.000002
2025-12-16 17:31:03.078,-0.005045,0.002370,-0.001866,-0.000001,0.000003,0.000002
2025-12-16 17:31:03.079,-0.005054,0.002366,-0.001890,-0.000001,0.000003,0.000002
2025-12-16 17:31:03.081,-0.005073,0.002361,-0.001917,-0.000001,0.000003,0.000002
2025-12-16 17:31:03.082,-0.005093,0.002356,-0.001941,-0.000001,0.000003,0.000002
2025-12-16 17:31:03.083,-0.005123,0.002352,-0.001978,-0.000001,0.000003,0.000002
2025-12-16 17:31:03.084,-0.005185,0.002341,-0.002060,-0.000001,0.000003,0.000002
2025-12-16 17:31:03.085,-0.005222,0.002343,-0.002104,-0.000001,0.000003,0.000002
2025-12-16 17:31:03.086,-0.005269,0.002345,-0.002155,-0.000001,0.000003,0.000003
2025-12-16 17:31:03.087,-0.005312,0.002347,-0.002199,-0.000002,0.000003,0.000003
2025-12-16 17:31:03.088,-0.005371,0.002356,-0.002257,-0.000002,0.000003,0.000003
2025-12-16 17:31:03.089,-0.005425,0.002367,-0.002310,-0.000002,0.000003,0.000003
2025-12-16 17:31:03.090,-0.005489,0.002379,-0.002374,-0.000002,0.000003,0.000003
2025-12-16 17:31:03.091,-0.005546,0.002391,-0.002432,-0.000002,0.000003,0.000003
2025-12-16 17:31:03.092,-0.005619,0.002411,-0.002498,-0.000002,0.000003,0.000003
2025-12-16 17:31:03.094,-0.005704,0.002432,-0.002570,-0.000002,0.000003,0.000003
2025-12-16 17:31:03.095,-0.005809,0.002462,-0.002656,-0.000002,0.000003,0.000003
2025-12-16 17:31:03.096,-0.006005,0.002521,-0.002815,-0.000002,0.000003,0.000003
2025-12-16 17:31:03.097,-0.006113,0.002553,-0.002899,-0.000002,0.000003,0.000003
2025-12-16 17:31:03.098,-0.006233,0.002594,-0.002992,-0.000002,0.000004,0.000003
2025-12-16 17:31:03.100,-0.006357,0.002636,-0.003091,-0.000002,0.000004,0.000003
2025-12-16 17:31:03.101,-0.006486,0.002683,-0.003190,-0.000002,0.000004,0.000003
2025-12-16 17:31:03.102,-0.006719,0.002775,-0.003365,-0.000002,0.000004,0.000003
2025-12-16 17:31:03.103,-0.006825,0.002818,-0.003444,-0.000002,0.000004,0.000003
2025-12-16 17:31:03.104,-0.006942,0.002867,-0.003529,-0.000002,0.000004,0.000003
2025-12-16 17:31:03.105,-0.007059,0.002917,-0.003616,-0.000003,0.000004,0.000003
2025-12-16 17:31:03.107,-0.007187,0.002969,-0.003715,-0.000003,0.000004,0.000004
2025-12-16 17:31:03.108,-0.007317,0.003024,-0.003815,-0.000003,0.000004,0.000004
2025-12-16 17:31:03.109,-0.007559,0.003130,-0.004008,-0.000003,0.000005,0.000004
2025-12-16 17:31:03.110,-0.007672,0.003185,-0.004102,-0.000003,0.000005,0.000004
2025-12-16 17:31:03.111,-0.007767,0.003231,-0.004182,-0.000003,0.000005,0.000004
2025-12-16 17:31:03.112,-0.007856,0.003275,-0.004262,-0.000003,0.000005,0.000004
2025-12-16 17:31:03.114,-0.007940,0.003319,-0.004341,-0.000003,0.000005,0.000004
2025-12-16 17:31:03.115,-0.008103,0.003415,-0.004510,-0.000003,0.000005,0.000004
2025-12-16 17:31:03.116,-0.008173,0.003462,-0.004590,-0.000003,0.000005,0.000004
2025-12-16 17:31:03.117,-0.008230,0.003503,-0.004656,-0.000004,0.000005,0.000004
2025-12-16 17:31:03.119,-0.008271,0.003536,-0.004729,-0.000004,0.000005,0.000004
2025-12-16 17:31:03.120,-0.008301,0.003562,-0.004798,-0.000004,0.000005,0.000004
2025-12-16 17:31:03.121,-0.008310,0.003581,-0.004865,-0.000004,0.000005,0.000004
2025-12-16 17:31:03.122,-0.008322,0.003613,-0.004985,-0.000004,0.000005,0.000004
2025-12-16 17:31:03.123,-0.008321,0.003623,-0.005034,-0.000004,0.000005,0.000004
2025-12-16 17:31:03.124,-0.008307,0.003627,-0.005083,-0.000004,0.000005,0.000004
2025-12-16 17:31:03.125,-0.008286,0.003627,-0.005131,-0.000004,0.000005,0.000004
2025-12-16 17:31:03.127,-0.008253,0.003623,-0.005174,-0.000004,0.000005,0.000004
2025-12-16 17:31:03.128,-0.008213,0.003612,-0.005212,-0.000004,0.000005,0.000004
2025-12-16 17:31:03.129,-0.008134,0.003583,-0.005271,-0.000004,0.000005,0.000004
2025-12-16 17:31:03.130,-0.008087,0.003559,-0.005295,-0.000004,0.000005,0.000004
2025-12-16 17:31:03.131,-0.008030,0.003532,-0.005313,-0.000004,0.000005,0.000004
2025-12-16 17:31:03.133,-0.007969,0.003501,-0.005326,-0.000004,0.000005,0.000004
2025-12-16 17:31:03.134,-0.007905,0.003466,-0.005332,-0.000004,0.000005,0.000004
2025-12-16 17:31:03.135,-0.007850,0.003435,-0.005335,-0.000004,0.000005,0.000004
2025-12-16 17:31:03.136,-0.007740,0.003361,-0.005333,-0.000004,0.000005,0.000004
2025-12-16 17:31:03.137,-0.007684,0.003323,-0.005321,-0.000004,0.000005,0.000004
2025-12-16 17:31:03.138,-0.007623,0.003276,-0.005301,-0.000004,0.000005,0.000004
2025-12-16 17:31:03.139,-0.007565,0.003234,-0.005274,-0.000004,0.000005,0.000004
2025-12-16 17:31:03.141,-0.007514,0.003194,-0.005242,-0.000004,0.000005,0.000004
2025-12-16 17:31:03.142,-0.007462,0.003150,-0.005201,-0.000004,0.000005,0.000003
2025-12-16 17:31:03.143,-0.007416,0.003105,-0.005159,-0.000004,0.000005,0.000003
2025-12-16 17:31:03.145,-0.007330,0.003025,-0.005055,-0.000004,0.000005,0.000003
2025-12-16 17:31:03.146,-0.007288,0.002983,-0.004998,-0.000004,0.000005,0.000003
2025-12-16 17:31:03.147,-0.007220,0.002915,-0.004882,-0.000004,0.000005,0.000003
2025-12-16 17:31:03.148,-0.007184,0.002881,-0.004816,-0.000004,0.000005,0.000003
2025-12-16 17:31:03.149,-0.007154,0.002851,-0.004741,-0.000004,0.000005,0.000003
2025-12-16 17:31:03.150,-0.007120,0.002819,-0.004663,-0.000004,0.000005,0.000003
2025-12-16 17:31:03.152,-0.007096,0.002789,-0.004588,-0.000004,0.000005,0.000003
2025-12-16 17:31:03.153,-0.007074,0.002764,-0.004508,-0.000004,0.000005,0.000003
2025-12-16 17:31:03.154,-0.007043,0.002717,-0.004349,-0.000004,0.000004,0.000003
2025-12-16 17:31:03.155,-0.007032,0.002699,-0.004282,-0.000004,0.000004,0.000003
2025-12-16 17:31:03.156,-0.007020,0.002680,-0.004206,-0.000004,0.000004,0.000003
2025-12-16 17:31:03.157,-0.007010,0.002668,-0.004126,-0.000003,0.000004,0.000003
2025-12-16 17:31:03.159,-0.007006,0.002663,-0.004047,-0.000003,0.000004,0.000003
2025-12-16 17:31:03.161,-0.006996,0.002653,-0.003914,-0.000003,0.000004,0.000003
2025-12-16 17:31:03.162,-0.006975,0.002649,-0.003775,-0.000003,0.000004,0.000003
2025-12-16 17:31:03.163,-0.006963,0.002650,-0.003712,-0.000003,0.000004,0.000003
2025-12-16 17:31:03.165,-0.006958,0.002659,-0.003653,-0.000003,0.000004,0.000003
2025-12-16 17:31:03.166,-0.006956,0.002669,-0.003599,-0.000003,0.000004,0.000003
2025-12-16 17:31:03.167,-0.006955,0.002677,-0.003552,-0.000003,0.000004,0.000003
2025-12-16 17:31:03.168,-0.006944,0.002688,-0.003483,-0.000003,0.000004,0.000003
2025-12-16 17:31:03.169,-0.006935,0.002697,-0.003457,-0.000003,0.000004,0.000003
2025-12-16 17:31:03.173,-0.006896,0.002763,-0.003417,-0.000003,0.000004,0.000003
2025-12-16 17:31:03.175,-0.006883,0.002806,-0.003441,-0.000003,0.000004,0.000003
2025-12-16 17:31:03.177,-0.006873,0.002825,-0.003460,-0.000003,0.000004,0.000003
2025-12-16 17:31:03.178,-0.006825,0.002855,-0.003540,-0.000003,0.000004,0.000003
2025-12-16 17:31:03.179,-0.006797,0.002871,-0.003593,-0.000003,0.000004,0.000003
2025-12-16 17:31:03.180,-0.006776,0.002889,-0.003655,-0.000003,0.000004,0.000003
2025-12-16 17:31:03.182,-0.006760,0.002905,-0.003712,-0.000003,0.000004,0.000003
2025-12-16 17:31:03.183,-0.006732,0.002919,-0.003783,-0.000003,0.000004,0.000003
2025-12-16 17:31:03.185,-0.006666,0.002947,-0.003953,-0.000003,0.000004,0.000003
2025-12-16 17:31:03.186,-0.006586,0.002963,-0.004131,-0.000003,0.000004,0.000003
2025-12-16 17:31:03.187,-0.006543,0.002974,-0.004222,-0.000003,0.000004,0.000003
2025-12-16 17:31:03.189,-0.006498,0.002985,-0.004323,-0.000003,0.000004,0.000003
2025-12-16 17:31:03.190,-0.006446,0.002992,-0.004436,-0.000003,0.000004,0.000003
2025-12-16 17:31:03.191,-0.006390,0.002999,-0.004558,-0.000003,0.000004,0.000003
2025-12-16 17:31:03.192,-0.006286,0.003001,-0.004795,-0.000004,0.000004,0.000003
2025-12-16 17:31:03.193,-0.006249,0.003000,-0.004881,-0.000003,0.000004,0.000003
2025-12-16 17:31:03.195,-0.006189,0.002999,-0.005011,-0.000003,0.000004,0.000003
2025-12-16 17:31:03.196,-0.006061,0.002995,-0.005283,-0.000004,0.000005,0.000003
2025-12-16 17:31:03.197,-0.006002,0.002992,-0.005415,-0.000004,0.000005,0.000003
2025-12-16 17:31:03.199,-0.005944,0.002992,-0.005571,-0.000004,0.000005,0.000003
2025-12-16 17:31:03.200,-0.005895,0.002994,-0.005711,-0.000004,0.000005,0.000003
2025-12-16 17:31:03.201,-0.005832,0.002988,-0.005870,-0.000004,0.000005,0.000003
2025-12-16 17:31:03.202,-0.005685,0.002966,-0.006217,-0.000004,0.000005,0.000003
2025-12-16 17:31:03.203,-0.005613,0.002949,-0.006383,-0.000004,0.000005,0.000003
2025-12-16 17:31:03.204,-0.005544,0.002935,-0.006543,-0.000004,0.000005,0.000003
2025-12-16 17:31:03.206,-0.005416,0.002903,-0.006829,-0.000004,0.000005,0.000003
2025-12-16 17:31:03.209,-0.005283,0.002864,-0.007137,-0.000005,0.000005,0.000003
2025-12-16 17:31:03.210,-0.005169,0.002822,-0.007456,-0.000005,0.000005,0.000003
2025-12-16 17:31:03.211,-0.005120,0.002803,-0.007590,-0.000005,0.000005,0.000003
2025-12-16 17:31:03.212,-0.005069,0.002782,-0.007739,-0.000005,0.000005,0.000003
2025-12-16 17:31:03.214,-0.005023,0.002766,-0.007893,-0.000005,0.000005,0.000003
2025-12-16 17:31:03.215,-0.004977,0.002744,-0.008046,-0.000005,0.000005,0.000003
2025-12-16 17:31:03.216,-0.004931,0.002721,-0.008200,-0.000005,0.000005,0.000003
2025-12-16 17:31:03.217,-0.004889,0.002695,-0.008353,-0.000005,0.000005,0.000003
2025-12-16 17:31:03.218,-0.004803,0.002650,-0.008643,-0.000006,0.000005,0.000003
2025-12-16 17:31:03.219,-0.004765,0.002630,-0.008783,-0.000006,0.000006,0.000003
2025-12-16 17:31:03.220,-0.004735,0.002614,-0.008901,-0.000006,0.000006,0.000003
2025-12-16 17:31:03.222,-0.004690,0.002571,-0.009168,-0.000006,0.000006,0.000002
2025-12-16 17:31:03.223,-0.004680,0.002552,-0.009314,-0.000006,0.000006,0.000002
2025-12-16 17:31:03.224,-0.004673,0.002533,-0.009462,-0.000006,0.000006,0.000002
2025-12-16 17:31:03.226,-0.004668,0.002516,-0.009588,-0.000006,0.000006,0.000002
2025-12-16 17:31:03.227,-0.004671,0.002501,-0.009735,-0.000006,0.000006,0.000002
2025-12-16 17:31:03.228,-0.004690,0.002489,-0.009993,-0.000006,0.000006,0.000003
2025-12-16 17:31:03.229,-0.004714,0.002492,-0.010136,-0.000006,0.000006,0.000002
2025-12-16 17:31:03.230,-0.004747,0.002494,-0.010289,-0.000007,0.000006,0.000003
2025-12-16 17:31:03.231,-0.004784,0.002497,-0.010444,-0.000007,0.000006,0.000003
2025-12-16 17:31:03.233,-0.004818,0.002502,-0.010596,-0.000007,0.000006,0.000003
2025-12-16 17:31:03.234,-0.004847,0.002509,-0.010724,-0.000007,0.000006,0.000003
2025-12-16 17:31:03.235,-0.004907,0.002524,-0.011023,-0.000007,0.000006,0.000003
2025-12-16 17:31:03.236,-0.004941,0.002535,-0.011179,-0.000007,0.000007,0.000003
2025-12-16 17:31:03.237,-0.004976,0.002546,-0.011335,-0.000007,0.000007,0.000003
2025-12-16 17:31:03.238,-0.005021,0.002570,-0.011494,-0.000007,0.000007,0.000003
2025-12-16 17:31:03.240,-0.005074,0.002595,-0.011657,-0.000008,0.000007,0.000003
2025-12-16 17:31:03.241,-0.005124,0.002620,-0.011820,-0.000008,0.000007,0.000003
2025-12-16 17:31:03.242,-0.005165,0.002642,-0.011958,-0.000008,0.000007,0.000003
2025-12-16 17:31:03.243,-0.005257,0.002714,-0.012283,-0.000008,0.000007,0.000003
2025-12-16 17:31:03.244,-0.005298,0.002758,-0.012450,-0.000008,0.000007,0.000003
2025-12-16 17:31:03.246,-0.005335,0.002804,-0.012619,-0.000008,0.000007,0.000003
2025-12-16 17:31:03.247,-0.005359,0.002842,-0.012792,-0.000008,0.000007,0.000003
2025-12-16 17:31:03.248,-0.005378,0.002882,-0.012964,-0.000009,0.000008,0.000003
2025-12-16 17:31:03.249,-0.005396,0.002956,-0.013310,-0.000009,0.000008,0.000003
2025-12-16 17:31:03.250,-0.005389,0.002994,-0.013481,-0.000009,0.000008,0.000003
2025-12-16 17:31:03.251,-0.005374,0.003033,-0.013653,-0.000009,0.000008,0.000003
2025-12-16 17:31:03.253,-0.005354,0.003071,-0.013827,-0.000009,0.000008,0.000003
2025-12-16 17:31:03.254,-0.005335,0.003113,-0.014002,-0.000010,0.000008,0.000003
2025-12-16 17:31:03.256,-0.005287,0.003181,-0.014326,-0.000010,0.000008,0.000003
2025-12-16 17:31:03.257,-0.005187,0.003235,-0.014644,-0.000010,0.000009,0.000003
2025-12-16 17:31:03.258,-0.005108,0.003257,-0.014822,-0.000011,0.000009,0.000003
2025-12-16 17:31:03.259,-0.005036,0.003274,-0.014975,-0.000011,0.000009,0.000003
2025-12-16 17:31:03.260,-0.004941,0.003287,-0.015134,-0.000011,0.000009,0.000003
2025-12-16 17:31:03.262,-0.004808,0.003293,-0.015311,-0.000011,0.000009,0.000003
2025-12-16 17:31:03.263,-0.004530,0.003305,-0.015659,-0.000011,0.000009,0.000003
2025-12-16 17:31:03.265,-0.004239,0.003294,-0.015994,-0.000011,0.000009,0.000003
2025-12-16 17:31:03.266,-0.004087,0.003285,-0.016153,-0.000011,0.000009,0.000003
2025-12-16 17:31:03.267,-0.003931,0.003270,-0.016308,-0.000011,0.000009,0.000002
2025-12-16 17:31:03.269,-0.003798,0.003256,-0.016438,-0.000012,0.000009,0.000002
2025-12-16 17:31:03.270,-0.003644,0.003237,-0.016583,-0.000012,0.000009,0.000002
2025-12-16 17:31:03.271,-0.003319,0.003194,-0.016866,-0.000012,0.000009,0.000002
2025-12-16 17:31:03.272,-0.003150,0.003165,-0.017003,-0.000012,0.000009,0.000002
2025-12-16 17:31:03.274,-0.002798,0.003099,-0.017275,-0.000012,0.000009,0.000002
2025-12-16 17:31:03.278,-0.002146,0.002944,-0.017776,-0.000012,0.000009,0.000002
2025-12-16 17:31:03.280,-0.002000,0.002906,-0.017890,-0.000012,0.000009,0.000002
2025-12-16 17:31:03.281,-0.001858,0.002868,-0.017999,-0.000012,0.000009,0.000002
2025-12-16 17:31:03.282,-0.001717,0.002832,-0.018104,-0.000012,0.000009,0.000002
2025-12-16 17:31:03.283,-0.001584,0.002795,-0.018205,-0.000012,0.000009,0.000002
2025-12-16 17:31:03.284,-0.001342,0.002727,-0.018399,-0.000012,0.000009,0.000001
2025-12-16 17:31:03.285,-0.001232,0.002694,-0.018494,-0.000012,0.000009,0.000001
2025-12-16 17:31:03.288,-0.001025,0.002627,-0.018680,-0.000012,0.000009,0.000001
2025-12-16 17:31:03.289,-0.000865,0.002584,-0.018859,-0.000012,0.000009,0.000001
2025-12-16 17:31:03.290,-0.000799,0.002571,-0.018942,-0.000012,0.000009,0.000001
2025-12-16 17:31:03.291,-0.000746,0.002562,-0.019010,-0.000012,0.000009,0.000001
2025-12-16 17:31:03.293,-0.000698,0.002554,-0.019084,-0.000012,0.000009,0.000002
2025-12-16 17:31:03.294,-0.000626,0.002546,-0.019247,-0.000012,0.000009,0.000001
2025-12-16 17:31:03.295,-0.000596,0.002537,-0.019335,-0.000012,0.000009,0.000001
2025-12-16 17:31:03.297,-0.000566,0.002532,-0.019424,-0.000012,0.000009,0.000001
2025-12-16 17:31:03.298,-0.000541,0.002529,-0.019499,-0.000012,0.000009,0.000001
2025-12-16 17:31:03.299,-0.000480,0.002527,-0.019660,-0.000012,0.000009,0.000001
2025-12-16 17:31:03.302,-0.000454,0.002554,-0.019905,-0.000012,0.000009,0.000001
2025-12-16 17:31:03.304,-0.000465,0.002570,-0.019974,-0.000013,0.000009,0.000001
2025-12-16 17:31:03.305,-0.000482,0.002591,-0.020047,-0.000013,0.000009,0.000001
2025-12-16 17:31:03.306,-0.000526,0.002629,-0.020191,-0.000013,0.000009,0.000001
2025-12-16 17:31:03.307,-0.000551,0.002650,-0.020260,-0.000013,0.000009,0.000002
2025-12-16 17:31:03.308,-0.000574,0.002667,-0.020336,-0.000013,0.000009,0.000002
2025-12-16 17:31:03.310,-0.000587,0.002672,-0.020418,-0.000014,0.000009,0.000002
2025-12-16 17:31:03.311,-0.000602,0.002671,-0.020516,-0.000014,0.000009,0.000002
2025-12-16 17:31:03.312,-0.000635,0.002665,-0.020714,-0.000014,0.000009,0.000001
2025-12-16 17:31:03.314,-0.000653,0.002660,-0.020800,-0.000014,0.000010,0.000001
2025-12-16 17:31:03.315,-0.000688,0.002659,-0.020900,-0.000015,0.000010,0.000002
2025-12-16 17:31:03.316,-0.000730,0.002665,-0.021005,-0.000015,0.000010,0.000002
2025-12-16 17:31:03.317,-0.000772,0.002674,-0.021111,-0.000014,0.000010,0.000002
2025-12-16 17:31:03.318,-0.000818,0.002676,-0.021225,-0.000015,0.000010,0.000002
2025-12-16 17:31:03.319,-0.000930,0.002675,-0.021467,-0.000015,0.000010,0.000002
2025-12-16 17:31:03.320,-0.000990,0.002672,-0.021598,-0.000015,0.000010,0.000002
2025-12-16 17:31:03.321,-0.001049,0.002667,-0.021734,-0.000015,0.000010,0.000002
2025-12-16 17:31:03.322,-0.001109,0.002657,-0.021879,-0.000015,0.000010,0.000002
2025-12-16 17:31:03.324,-0.001171,0.002641,-0.022029,-0.000015,0.000010,0.000002
2025-12-16 17:31:03.325,-0.001241,0.002625,-0.022188,-0.000015,0.000010,0.000002
2025-12-16 17:31:03.326,-0.001316,0.002618,-0.022349,-0.000015,0.000010,0.000002
2025-12-16 17:31:03.327,-0.001475,0.002610,-0.022674,-0.000016,0.000011,0.000002
2025-12-16 17:31:03.328,-0.001547,0.002610,-0.022812,-0.000016,0.000011,0.000002
2025-12-16 17:31:03.331,-0.001717,0.002615,-0.023156,-0.000016,0.000011,0.000002
2025-12-16 17:31:03.332,-0.001808,0.002611,-0.023342,-0.000016,0.000011,0.000002
2025-12-16 17:31:03.333,-0.001978,0.002607,-0.023693,-0.000017,0.000011,0.000002
2025-12-16 17:31:03.334,-0.002041,0.002599,-0.023869,-0.000017,0.000012,0.000002
2025-12-16 17:31:03.335,-0.002106,0.002589,-0.024055,-0.000017,0.000012,0.000002
2025-12-16 17:31:03.336,-0.002178,0.002585,-0.024241,-0.000018,0.000012,0.000002
2025-12-16 17:31:03.338,-0.002254,0.002585,-0.024423,-0.000018,0.000012,0.000002
2025-12-16 17:31:03.339,-0.002340,0.002589,-0.024608,-0.000018,0.000012,0.000002
2025-12-16 17:31:03.340,-0.002416,0.002594,-0.024765,-0.000018,0.000012,0.000002
2025-12-16 17:31:03.341,-0.002592,0.002606,-0.025078,-0.000018,0.000012,0.000002
2025-12-16 17:31:03.342,-0.002679,0.002609,-0.025234,-0.000019,0.000013,0.000002
2025-12-16 17:31:03.343,-0.002753,0.002610,-0.025372,-0.000019,0.000013,0.000002
2025-12-16 17:31:03.345,-0.002822,0.002606,-0.025509,-0.000019,0.000013,0.000002
2025-12-16 17:31:03.346,-0.002885,0.002599,-0.025649,-0.000020,0.000013,0.000002
2025-12-16 17:31:03.347,-0.002953,0.002587,-0.025796,-0.000020,0.000013,0.000002
2025-12-16 17:31:03.348,-0.003076,0.002563,-0.026049,-0.000021,0.000013,0.000001
2025-12-16 17:31:03.349,-0.003158,0.002550,-0.026175,-0.000021,0.000013,0.000001
2025-12-16 17:31:03.351,-0.003258,0.002541,-0.026301,-0.000021,0.000013,0.000001
2025-12-16 17:31:03.352,-0.003437,0.002530,-0.026509,-0.000022,0.000013,0.000001
2025-12-16 17:31:03.353,-0.003527,0.002523,-0.026606,-0.000022,0.000013,0.000001
2025-12-16 17:31:03.354,-0.003626,0.002513,-0.026700,-0.000022,0.000013,0.000001
2025-12-16 17:31:03.355,-0.003725,0.002497,-0.026788,-0.000022,0.000014,0.000001
2025-12-16 17:31:03.357,-0.003810,0.002483,-0.026860,-0.000023,0.000014,0.000001
2025-12-16 17:31:03.358,-0.003883,0.002456,-0.026928,-0.000022,0.000014,0.000001
2025-12-16 17:31:03.359,-0.003960,0.002425,-0.026995,-0.000023,0.000014,0.000001
2025-12-16 17:31:03.363,-0.004272,0.002296,-0.027216,-0.000024,0.000014,0.000001
2025-12-16 17:31:03.364,-0.004429,0.002248,-0.027285,-0.000024,0.000014,0.000001
2025-12-16 17:31:03.365,-0.004494,0.002226,-0.027309,-0.000023,0.000014,0.000001
2025-12-16 17:31:03.367,-0.004570,0.002197,-0.027334,-0.000023,0.000014,0.000001
2025-12-16 17:31:03.370,-0.004848,0.002073,-0.027393,-0.000024,0.000014,0.000001
2025-12-16 17:31:03.373,-0.004950,0.002021,-0.027402,-0.000023,0.000014,0.000001
2025-12-16 17:31:03.374,-0.005086,0.001981,-0.027387,-0.000023,0.000014,0.000001
2025-12-16 17:31:03.375,-0.005156,0.001968,-0.027377,-0.000023,0.000014,0.000001
2025-12-16 17:31:03.377,-0.005223,0.001959,-0.027360,-0.000024,0.000014,0.000002
2025-12-16 17:31:03.378,-0.005394,0.001940,-0.027304,-0.000023,0.000014,0.000001
2025-12-16 17:31:03.380,-0.005483,0.001936,-0.027268,-0.000023,0.000014,0.000001
2025-12-16 17:31:03.381,-0.005632,0.001931,-0.027201,-0.000023,0.000014,0.000001
2025-12-16 17:31:03.383,-0.005700,0.001921,-0.027166,-0.000024,0.000014,0.000002
2025-12-16 17:31:03.384,-0.005818,0.001903,-0.027102,-0.000024,0.000014,0.000002
2025-12-16 17:31:03.386,-0.005880,0.001899,-0.027064,-0.000024,0.000014,0.000002
2025-12-16 17:31:03.387,-0.006018,0.001911,-0.026981,-0.000024,0.000014,0.000002
2025-12-16 17:31:03.389,-0.006088,0.001926,-0.026941,-0.000024,0.000014,0.000002
2025-12-16 17:31:03.390,-0.006217,0.001957,-0.026871,-0.000024,0.000014,0.000002
2025-12-16 17:31:03.391,-0.006270,0.001970,-0.026842,-0.000024,0.000014,0.000002
2025-12-16 17:31:03.393,-0.006362,0.001993,-0.026791,-0.000024,0.000015,0.000002
2025-12-16 17:31:03.394,-0.006390,0.002001,-0.026768,-0.000024,0.000014,0.000002
2025-12-16 17:31:03.396,-0.006412,0.002003,-0.026748,-0.000024,0.000014,0.000002
2025-12-16 17:31:03.397,-0.006441,0.002011,-0.026713,-0.000024,0.000014,0.000002
2025-12-16 17:31:03.399,-0.006446,0.002016,-0.026695,-0.000024,0.000014,0.000002
2025-12-16 17:31:03.400,-0.006448,0.002032,-0.026669,-0.000024,0.000014,0.000002
2025-12-16 17:31:03.402,-0.006442,0.002035,-0.026658,-0.000024,0.000014,0.000002
2025-12-16 17:31:03.403,-0.006423,0.002043,-0.026631,-0.000024,0.000014,0.000002
2025-12-16 17:31:03.404,-0.006413,0.002045,-0.026617,-0.000024,0.000014,0.000002
2025-12-16 17:31:03.406,-0.006388,0.002051,-0.026581,-0.000024,0.000014,0.000002
2025-12-16 17:31:03.407,-0.006369,0.002043,-0.026560,-0.000024,0.000014,0.000002
2025-12-16 17:31:03.409,-0.006348,0.002032,-0.026534,-0.000024,0.000014,0.000002
2025-12-16 17:31:03.410,-0.006301,0.002004,-0.026480,-0.000024,0.000014,0.000002
2025-12-16 17:31:03.412,-0.006278,0.001983,-0.026446,-0.000024,0.000014,0.000002
2025-12-16 17:31:03.413,-0.006228,0.001937,-0.026365,-0.000024,0.000014,0.000002
2025-12-16 17:31:03.414,-0.006204,0.001908,-0.026315,-0.000023,0.000014,0.000002
2025-12-16 17:31:03.416,-0.006155,0.001852,-0.026214,-0.000023,0.000014,0.000002
2025-12-16 17:31:03.418,-0.006091,0.001778,-0.026090,-0.000024,0.000014,0.000001
2025-12-16 17:31:03.419,-0.006051,0.001724,-0.026014,-0.000023,0.000014,0.000001
2025-12-16 17:31:03.421,-0.006015,0.001668,-0.025934,-0.000023,0.000014,0.000001
2025-12-16 17:31:03.422,-0.005939,0.001560,-0.025773,-0.000023,0.000013,0.000001
2025-12-16 17:31:03.424,-0.005895,0.001501,-0.025682,-0.000022,0.000013,0.000001
2025-12-16 17:31:03.425,-0.005797,0.001373,-0.025484,-0.000022,0.000013,0.000001
2025-12-16 17:31:03.426,-0.005745,0.001300,-0.025383,-0.000022,0.000013,0.000001
2025-12-16 17:31:03.428,-0.005695,0.001225,-0.025282,-0.000022,0.000013,0.000001
2025-12-16 17:31:03.429,-0.005610,0.001073,-0.025079,-0.000021,0.000013,0.000001
2025-12-16 17:31:03.431,-0.005563,0.000995,-0.024972,-0.000021,0.000013,0.000001
2025-12-16 17:31:03.432,-0.005469,0.000833,-0.024745,-0.000021,0.000013,0.000001
2025-12-16 17:31:03.434,-0.005440,0.000769,-0.024653,-0.000021,0.000012,0.000001
2025-12-16 17:31:03.435,-0.005374,0.000628,-0.024447,-0.000020,0.000012,0.000001
2025-12-16 17:31:03.436,-0.005339,0.000558,-0.024344,-0.000020,0.000012,0.000001
2025-12-16 17:31:03.438,-0.005305,0.000483,-0.024232,-0.000020,0.000012,0.000002
2025-12-16 17:31:03.439,-0.005230,0.000331,-0.023989,-0.000018,0.000012,0.000001
2025-12-16 17:31:03.441,-0.005201,0.000254,-0.023861,-0.000018,0.000012,0.000001
2025-12-16 17:31:03.442,-0.005164,0.000108,-0.023590,-0.000018,0.000012,0.000002
2025-12-16 17:31:03.443,-0.005152,0.000037,-0.023456,-0.000018,0.000011,0.000002
2025-12-16 17:31:03.445,-0.005139,-0.000033,-0.023324,-0.000018,0.000011,0.000002
2025-12-16 17:31:03.446,-0.005121,-0.000166,-0.023084,-0.000017,0.000011,0.000002
2025-12-16 17:31:03.448,-0.005112,-0.000232,-0.022949,-0.000017,0.000011,0.000002
2025-12-16 17:31:03.449,-0.005091,-0.000350,-0.022704,-0.000017,0.000011,0.000001
2025-12-16 17:31:03.450,-0.005080,-0.000416,-0.022570,-0.000017,0.000011,0.000001
2025-12-16 17:31:03.452,-0.005079,-0.000479,-0.022442,-0.000016,0.000011,0.000001
2025-12-16 17:31:03.453,-0.005067,-0.000597,-0.022192,-0.000016,0.000010,0.000002
2025-12-16 17:31:03.455,-0.005069,-0.000652,-0.022073,-0.000016,0.000010,0.000002
2025-12-16 17:31:03.456,-0.005088,-0.000739,-0.021876,-0.000015,0.000010,0.000001
2025-12-16 17:31:03.457,-0.005102,-0.000782,-0.021774,-0.000015,0.000010,0.000002
2025-12-16 17:31:03.459,-0.005129,-0.000878,-0.021559,-0.000015,0.000010,0.000002
2025-12-16 17:31:03.460,-0.005137,-0.000928,-0.021455,-0.000015,0.000010,0.000002
2025-12-16 17:31:03.462,-0.005141,-0.000971,-0.021370,-0.000015,0.000010,0.000002
2025-12-16 17:31:03.463,-0.005159,-0.001067,-0.021201,-0.000015,0.000010,0.000001
2025-12-16 17:31:03.465,-0.005168,-0.001118,-0.021130,-0.000015,0.000010,0.000002
2025-12-16 17:31:03.466,-0.005180,-0.001211,-0.021013,-0.000014,0.000010,0.000002
2025-12-16 17:31:03.468,-0.005182,-0.001254,-0.020961,-0.000014,0.000010,0.000002
2025-12-16 17:31:03.469,-0.005200,-0.001336,-0.020878,-0.000014,0.000010,0.000002
2025-12-16 17:31:03.470,-0.005207,-0.001379,-0.020846,-0.000014,0.000010,0.000002
2025-12-16 17:31:03.472,-0.005224,-0.001474,-0.020799,-0.000014,0.000010,0.000002
2025-12-16 17:31:03.473,-0.005232,-0.001522,-0.020781,-0.000014,0.000010,0.000002
2025-12-16 17:31:03.475,-0.005239,-0.001600,-0.020757,-0.000014,0.000010,0.000002
2025-12-16 17:31:03.476,-0.005234,-0.001644,-0.020752,-0.000014,0.000010,0.000002
2025-12-16 17:31:03.478,-0.005230,-0.001693,-0.020752,-0.000014,0.000010,0.000002
2025-12-16 17:31:03.479,-0.005245,-0.001797,-0.020770,-0.000014,0.000009,0.000002
2025-12-16 17:31:03.481,-0.005265,-0.001840,-0.020783,-0.000014,0.000009,0.000002
2025-12-16 17:31:03.482,-0.005312,-0.001928,-0.020818,-0.000014,0.000009,0.000001
2025-12-16 17:31:03.484,-0.005337,-0.001969,-0.020836,-0.000014,0.000009,0.000001
2025-12-16 17:31:03.485,-0.005395,-0.002046,-0.020858,-0.000014,0.000009,0.000001
2025-12-16 17:31:03.487,-0.005416,-0.002077,-0.020866,-0.000014,0.000010,0.000001
2025-12-16 17:31:03.488,-0.005480,-0.002150,-0.020874,-0.000014,0.000009,0.000001
2025-12-16 17:31:03.489,-0.005510,-0.002182,-0.020877,-0.000014,0.000009,0.000001
2025-12-16 17:31:03.491,-0.005591,-0.002260,-0.020875,-0.000014,0.000010,0.000002
2025-12-16 17:31:03.492,-0.005632,-0.002295,-0.020864,-0.000014,0.000009,0.000001
2025-12-16 17:31:03.494,-0.005672,-0.002333,-0.020843,-0.000014,0.000010,0.000002
2025-12-16 17:31:03.495,-0.005766,-0.002412,-0.020766,-0.000014,0.000009,0.000001
2025-12-16 17:31:03.497,-0.005815,-0.002449,-0.020719,-0.000014,0.000009,0.000001
2025-12-16 17:31:03.498,-0.005887,-0.002533,-0.020621,-0.000014,0.000009,0.000001
2025-12-16 17:31:03.500,-0.005914,-0.002587,-0.020559,-0.000014,0.000009,0.000001
2025-12-16 17:31:03.501,-0.005945,-0.002709,-0.020400,-0.000014,0.000009,0.000001
2025-12-16 17:31:03.502,-0.005958,-0.002770,-0.020311,-0.000014,0.000009,0.000001
2025-12-16 17:31:03.504,-0.005966,-0.002833,-0.020212,-0.000014,0.000009,0.000001
2025-12-16 17:31:03.505,-0.005969,-0.002952,-0.020025,-0.000014,0.000009,0.000001
2025-12-16 17:31:03.507,-0.005958,-0.003027,-0.019908,-0.000014,0.000009,0.000001
2025-12-16 17:31:03.508,-0.005931,-0.003187,-0.019650,-0.000013,0.000009,0.000001
2025-12-16 17:31:03.510,-0.005921,-0.003254,-0.019533,-0.000013,0.000009,0.000001
2025-12-16 17:31:03.511,-0.005891,-0.003374,-0.019319,-0.000013,0.000009,0.000001
2025-12-16 17:31:03.512,-0.005849,-0.003461,-0.019172,-0.000013,0.000009,0.000001
2025-12-16 17:31:03.514,-0.005745,-0.003643,-0.018836,-0.000012,0.000009,0.000001
2025-12-16 17:31:03.515,-0.005689,-0.003737,-0.018662,-0.000012,0.000008,0.000001
2025-12-16 17:31:03.517,-0.005626,-0.003833,-0.018487,-0.000012,0.000008,0.000001
2025-12-16 17:31:03.518,-0.005567,-0.003926,-0.018313,-0.000012,0.000008,0.000001
2025-12-16 17:31:03.520,-0.005510,-0.004013,-0.018139,-0.000012,0.000008,0.000001
2025-12-16 17:31:03.521,-0.005453,-0.004095,-0.017966,-0.000012,0.000008,0.000001
2025-12-16 17:31:03.523,-0.005399,-0.004181,-0.017800,-0.000011,0.000008,0.000001
2025-12-16 17:31:03.524,-0.005297,-0.004338,-0.017499,-0.000011,0.000008,0.000001
2025-12-16 17:31:03.525,-0.005243,-0.004423,-0.017346,-0.000011,0.000008,0.000001
2025-12-16 17:31:03.527,-0.005137,-0.004593,-0.017034,-0.000010,0.000007,0.000001
2025-12-16 17:31:03.528,-0.005089,-0.004676,-0.016883,-0.000010,0.000007,0.000001
2025-12-16 17:31:03.530,-0.004948,-0.004976,-0.016353,-0.000009,0.000007,0.000001
2025-12-16 17:31:03.531,-0.004947,-0.005033,-0.016259,-0.000010,0.000007,0.000001
2025-12-16 17:31:03.533,-0.004944,-0.005096,-0.016163,-0.000009,0.000007,0.000001
2025-12-16 17:31:03.534,-0.004953,-0.005215,-0.015983,-0.000009,0.000007,0.000001
2025-12-16 17:31:03.536,-0.004973,-0.005267,-0.015907,-0.000009,0.000007,0.000001
2025-12-16 17:31:03.537,-0.005039,-0.005360,-0.015781,-0.000009,0.000007,0.000001
2025-12-16 17:31:03.538,-0.005084,-0.005404,-0.015737,-0.000009,0.000007,0.000001
2025-12-16 17:31:03.540,-0.005189,-0.005484,-0.015676,-0.000008,0.000007,0.000001
2025-12-16 17:31:03.541,-0.005250,-0.005523,-0.015657,-0.000008,0.000007,0.000001
2025-12-16 17:31:03.543,-0.005313,-0.005558,-0.015646,-0.000008,0.000007,0.000001
2025-12-16 17:31:03.544,-0.005452,-0.005617,-0.015655,-0.000008,0.000007,0.000001
2025-12-16 17:31:03.546,-0.005529,-0.005646,-0.015674,-0.000008,0.000007,0.000001
2025-12-16 17:31:03.547,-0.005695,-0.005682,-0.015729,-0.000008,0.000007,0.000001
2025-12-16 17:31:03.548,-0.005770,-0.005696,-0.015761,-0.000008,0.000007,0.000001
2025-12-16 17:31:03.550,-0.005915,-0.005715,-0.015842,-0.000008,0.000007,0.000001
2025-12-16 17:31:03.551,-0.005979,-0.005729,-0.015895,-0.000008,0.000007,0.000002
2025-12-16 17:31:03.553,-0.006031,-0.005748,-0.015951,-0.000008,0.000007,0.000002
2025-12-16 17:31:03.554,-0.006104,-0.005782,-0.016064,-0.000008,0.000007,0.000002
2025-12-16 17:31:03.556,-0.006128,-0.005806,-0.016127,-0.000008,0.000007,0.000002
2025-12-16 17:31:03.557,-0.006165,-0.005850,-0.016264,-0.000008,0.000007,0.000002
2025-12-16 17:31:03.559,-0.006173,-0.005866,-0.016329,-0.000008,0.000007,0.000001
2025-12-16 17:31:03.560,-0.006172,-0.005907,-0.016465,-0.000009,0.000007,0.000001
2025-12-16 17:31:03.562,-0.006151,-0.005941,-0.016589,-0.000009,0.000007,0.000001
2025-12-16 17:31:03.564,-0.006128,-0.005958,-0.016650,-0.000009,0.000007,0.000001
2025-12-16 17:31:03.565,-0.006048,-0.006014,-0.016770,-0.000009,0.000007,0.000001
2025-12-16 17:31:03.566,-0.005991,-0.006052,-0.016826,-0.000009,0.000007,0.000001
2025-12-16 17:31:03.568,-0.005933,-0.006091,-0.016880,-0.000009,0.000007,0.000001
2025-12-16 17:31:03.569,-0.005842,-0.006154,-0.016970,-0.000009,0.000007,0.000001
2025-12-16 17:31:03.571,-0.005796,-0.006193,-0.017015,-0.000009,0.000007,0.000001
2025-12-16 17:31:03.572,-0.005709,-0.006255,-0.017083,-0.000009,0.000007,0.000001
2025-12-16 17:31:03.574,-0.005667,-0.006289,-0.017106,-0.000008,0.000007,0.000001
2025-12-16 17:31:03.575,-0.005569,-0.006377,-0.017143,-0.000008,0.000007,0.000001
2025-12-16 17:31:03.576,-0.005515,-0.006424,-0.017149,-0.000008,0.000007,0.000001
2025-12-16 17:31:03.578,-0.005466,-0.006472,-0.017148,-0.000008,0.000007,0.000001
2025-12-16 17:31:03.579,-0.005392,-0.006558,-0.017140,-0.000008,0.000007,0.000000
2025-12-16 17:31:03.581,-0.005363,-0.006594,-0.017126,-0.000008,0.000007,0.000000
2025-12-16 17:31:03.582,-0.005318,-0.006668,-0.017065,-0.000008,0.000007,0.000000
2025-12-16 17:31:03.584,-0.005300,-0.006710,-0.017021,-0.000008,0.000007,0.000000
2025-12-16 17:31:03.585,-0.005260,-0.006792,-0.016909,-0.000008,0.000007,0.000000
2025-12-16 17:31:03.586,-0.005244,-0.006826,-0.016843,-0.000007,0.000007,0.000000
2025-12-16 17:31:03.588,-0.005226,-0.006863,-0.016776,-0.000008,0.000006,0.000000
2025-12-16 17:31:03.589,-0.005202,-0.006932,-0.016629,-0.000007,0.000006,0.000000
2025-12-16 17:31:03.591,-0.005187,-0.006962,-0.016543,-0.000007,0.000006,0.000000
2025-12-16 17:31:03.592,-0.005161,-0.007015,-0.016363,-0.000007,0.000006,-0.000000
2025-12-16 17:31:03.593,-0.005154,-0.007035,-0.016273,-0.000007,0.000006,-0.000000
2025-12-16 17:31:03.595,-0.005160,-0.007044,-0.016077,-0.000007,0.000006,0.000000
2025-12-16 17:31:03.596,-0.005167,-0.007041,-0.015976,-0.000007,0.000006,-0.000000
2025-12-16 17:31:03.598,-0.005171,-0.007037,-0.015875,-0.000007,0.000006,0.000000
2025-12-16 17:31:03.599,-0.005175,-0.007023,-0.015684,-0.000007,0.000006,0.000000
2025-12-16 17:31:03.601,-0.005171,-0.007018,-0.015592,-0.000007,0.000006,0.000000
2025-12-16 17:31:03.602,-0.005154,-0.007003,-0.015400,-0.000007,0.000006,0.000000
2025-12-16 17:31:03.604,-0.005147,-0.006990,-0.015309,-0.000007,0.000006,0.000000
2025-12-16 17:31:03.605,-0.005132,-0.006943,-0.015118,-0.000007,0.000006,0.000000
2025-12-16 17:31:03.606,-0.005121,-0.006910,-0.015014,-0.000007,0.000006,0.000000
2025-12-16 17:31:03.608,-0.005105,-0.006834,-0.014820,-0.000006,0.000006,0.000000
2025-12-16 17:31:03.609,-0.005096,-0.006792,-0.014732,-0.000006,0.000006,0.000000
2025-12-16 17:31:03.611,-0.005086,-0.006746,-0.014648,-0.000006,0.000006,0.000000
2025-12-16 17:31:03.612,-0.005057,-0.006665,-0.014513,-0.000006,0.000006,0.000000
2025-12-16 17:31:03.614,-0.005034,-0.006619,-0.014451,-0.000006,0.000006,0.000000
2025-12-16 17:31:03.615,-0.005009,-0.006567,-0.014391,-0.000006,0.000006,0.000000
2025-12-16 17:31:03.616,-0.004955,-0.006460,-0.014291,-0.000006,0.000006,0.000000
2025-12-16 17:31:03.618,-0.004932,-0.006413,-0.014256,-0.000006,0.000006,0.000000
2025-12-16 17:31:03.619,-0.004856,-0.006299,-0.014184,-0.000006,0.000006,0.000000
2025-12-16 17:31:03.621,-0.004808,-0.006244,-0.014156,-0.000007,0.000006,0.000000
2025-12-16 17:31:03.622,-0.004758,-0.006190,-0.014133,-0.000006,0.000006,0.000000
2025-12-16 17:31:03.623,-0.004690,-0.006134,-0.014114,-0.000007,0.000005,0.000000
2025-12-16 17:31:03.625,-0.004622,-0.006078,-0.014103,-0.000006,0.000005,0.000000
2025-12-16 17:31:03.626,-0.004549,-0.006028,-0.014102,-0.000007,0.000005,0.000000
2025-12-16 17:31:03.627,-0.004468,-0.005984,-0.014106,-0.000007,0.000005,0.000000
2025-12-16 17:31:03.629,-0.004317,-0.005908,-0.014128,-0.000007,0.000005,0.000000
2025-12-16 17:31:03.630,-0.004225,-0.005869,-0.014150,-0.000007,0.000005,0.000000
2025-12-16 17:31:03.632,-0.003837,-0.005731,-0.014268,-0.000006,0.000005,0.000000
2025-12-16 17:31:03.633,-0.003737,-0.005722,-0.014317,-0.000007,0.000005,0.000000
2025-12-16 17:31:03.635,-0.003626,-0.005707,-0.014371,-0.000007,0.000005,0.000000
2025-12-16 17:31:03.636,-0.003385,-0.005673,-0.014486,-0.000007,0.000005,0.000000
2025-12-16 17:31:03.638,-0.003262,-0.005659,-0.014548,-0.000007,0.000005,0.000000
2025-12-16 17:31:03.639,-0.003026,-0.005642,-0.014681,-0.000007,0.000005,0.000000
2025-12-16 17:31:03.645,-0.002487,-0.005608,-0.015056,-0.000007,0.000005,0.000000
2025-12-16 17:31:03.650,-0.002068,-0.005568,-0.015419,-0.000007,0.000005,0.000000
2025-12-16 17:31:03.652,-0.001877,-0.005535,-0.015629,-0.000007,0.000006,0.000000
2025-12-16 17:31:03.654,-0.001761,-0.005504,-0.015773,-0.000007,0.000006,-0.000000
2025-12-16 17:31:03.655,-0.001711,-0.005485,-0.015843,-0.000007,0.000006,0.000000
2025-12-16 17:31:03.657,-0.001669,-0.005463,-0.015912,-0.000007,0.000006,0.000000
2025-12-16 17:31:03.658,-0.001571,-0.005389,-0.016045,-0.000007,0.000006,0.000000
2025-12-16 17:31:03.659,-0.001525,-0.005346,-0.016099,-0.000007,0.000006,0.000000
2025-12-16 17:31:03.661,-0.001451,-0.005244,-0.016221,-0.000008,0.000006,0.000000
2025-12-16 17:31:03.662,-0.001422,-0.005181,-0.016284,-0.000008,0.000006,0.000000
2025-12-16 17:31:03.664,-0.001398,-0.005123,-0.016337,-0.000008,0.000006,0.000000
2025-12-16 17:31:03.665,-0.001343,-0.004989,-0.016429,-0.000008,0.000006,0.000000
2025-12-16 17:31:03.667,-0.001316,-0.004910,-0.016471,-0.000008,0.000006,0.000000
2025-12-16 17:31:03.668,-0.001267,-0.004741,-0.016541,-0.000008,0.000006,0.000000
2025-12-16 17:31:03.670,-0.001242,-0.004649,-0.016569,-0.000008,0.000006,0.000000
2025-12-16 17:31:03.671,-0.001184,-0.004487,-0.016612,-0.000008,0.000006,0.000000
2025-12-16 17:31:03.672,-0.001154,-0.004399,-0.016634,-0.000008,0.000006,0.000000
2025-12-16 17:31:03.674,-0.001072,-0.004197,-0.016675,-0.000008,0.000006,0.000000
2025-12-16 17:31:03.675,-0.001030,-0.004097,-0.016687,-0.000008,0.000006,0.000000
2025-12-16 17:31:03.677,-0.000990,-0.003991,-0.016697,-0.000008,0.000006,0.000000
2025-12-16 17:31:03.678,-0.000917,-0.003771,-0.016712,-0.000008,0.000006,0.000000
2025-12-16 17:31:03.680,-0.000873,-0.003668,-0.016713,-0.000008,0.000006,0.000000
2025-12-16 17:31:03.681,-0.000782,-0.003491,-0.016714,-0.000008,0.000006,0.000000
2025-12-16 17:31:03.683,-0.000725,-0.003402,-0.016709,-0.000008,0.000006,0.000000
2025-12-16 17:31:03.684,-0.000608,-0.003237,-0.016702,-0.000008,0.000006,0.000000
2025-12-16 17:31:03.685,-0.000545,-0.003146,-0.016697,-0.000008,0.000006,0.000000
2025-12-16 17:31:03.687,-0.000417,-0.002946,-0.016680,-0.000008,0.000006,0.000000
2025-12-16 17:31:03.688,-0.000361,-0.002860,-0.016674,-0.000008,0.000006,0.000000
2025-12-16 17:31:03.690,-0.000306,-0.002762,-0.016665,-0.000008,0.000006,0.000000
2025-12-16 17:31:03.691,-0.000183,-0.002565,-0.016650,-0.000008,0.000006,0.000000
2025-12-16 17:31:03.692,-0.000117,-0.002467,-0.016640,-0.000008,0.000006,0.000000
2025-12-16 17:31:03.694,0.000027,-0.002281,-0.016628,-0.000009,0.000006,0.000000
2025-12-16 17:31:03.696,0.000109,-0.002190,-0.016621,-0.000009,0.000006,0.000000
2025-12-16 17:31:03.697,0.000242,-0.002033,-0.016610,-0.000009,0.000006,0.000000
2025-12-16 17:31:03.698,0.000316,-0.001937,-0.016611,-0.000008,0.000006,0.000000
2025-12-16 17:31:03.700,0.000390,-0.001835,-0.016612,-0.000008,0.000006,0.000000
2025-12-16 17:31:03.701,0.000533,-0.001624,-0.016618,-0.000008,0.000006,0.000000
2025-12-16 17:31:03.703,0.000606,-0.001516,-0.016621,-0.000008,0.000006,0.000000
2025-12-16 17:31:03.704,0.000753,-0.001302,-0.016639,-0.000008,0.000006,0.000000
2025-12-16 17:31:03.705,0.000825,-0.001191,-0.016650,-0.000008,0.000006,0.000000
2025-12-16 17:31:03.707,0.000900,-0.001078,-0.016660,-0.000008,0.000006,0.000000
2025-12-16 17:31:03.708,0.001074,-0.000867,-0.016686,-0.000008,0.000006,0.000000
2025-12-16 17:31:03.709,0.001151,-0.000778,-0.016698,-0.000008,0.000006,0.000000
2025-12-16 17:31:03.711,0.001234,-0.000672,-0.016715,-0.000009,0.000006,0.000000
2025-12-16 17:31:03.712,0.001405,-0.000430,-0.016754,-0.000008,0.000006,0.000000
2025-12-16 17:31:03.714,0.001571,-0.000208,-0.016796,-0.000009,0.000006,0.000000
2025-12-16 17:31:03.716,0.001661,-0.000088,-0.016822,-0.000009,0.000006,0.000000
2025-12-16 17:31:03.717,0.001828,0.000124,-0.016871,-0.000008,0.000006,0.000000
2025-12-16 17:31:03.718,0.001933,0.000244,-0.016899,-0.000008,0.000006,0.000000
2025-12-16 17:31:03.720,0.002027,0.000348,-0.016922,-0.000008,0.000006,0.000000
2025-12-16 17:31:03.721,0.002117,0.000451,-0.016952,-0.000008,0.000006,0.000000
2025-12-16 17:31:03.723,0.002201,0.000560,-0.016983,-0.000009,0.000006,0.000000
2025-12-16 17:31:03.724,0.002282,0.000681,-0.017020,-0.000008,0.000006,0.000000
2025-12-16 17:31:03.725,0.002362,0.000803,-0.017058,-0.000009,0.000006,0.000000
2025-12-16 17:31:03.727,0.002436,0.000920,-0.017097,-0.000008,0.000006,0.000000
2025-12-16 17:31:03.728,0.002579,0.001118,-0.017167,-0.000009,0.000006,0.000000
2025-12-16 17:31:03.730,0.002655,0.001207,-0.017199,-0.000009,0.000006,-0.000000
2025-12-16 17:31:03.731,0.002804,0.001376,-0.017273,-0.000009,0.000006,0.000000
2025-12-16 17:31:03.732,0.002875,0.001460,-0.017310,-0.000009,0.000006,-0.000000
2025-12-16 17:31:03.734,0.003099,0.001742,-0.017427,-0.000009,0.000006,0.000000
2025-12-16 17:31:03.735,0.003116,0.001789,-0.017437,-0.000009,0.000006,0.000000
2025-12-16 17:31:03.737,0.003138,0.001838,-0.017447,-0.000009,0.000006,0.000000
2025-12-16 17:31:03.738,0.003186,0.001922,-0.017456,-0.000009,0.000006,0.000000
2025-12-16 17:31:03.739,0.003207,0.001954,-0.017457,-0.000009,0.000006,-0.000000
2025-12-16 17:31:03.741,0.003215,0.001983,-0.017452,-0.000009,0.000006,-0.000000
2025-12-16 17:31:03.742,0.003215,0.002021,-0.017432,-0.000009,0.000006,-0.000000
2025-12-16 17:31:03.744,0.003210,0.002030,-0.017421,-0.000009,0.000006,-0.000000
2025-12-16 17:31:03.745,0.003201,0.002037,-0.017382,-0.000009,0.000006,-0.000000
2025-12-16 17:31:03.746,0.003191,0.002042,-0.017354,-0.000009,0.000006,-0.000000
2025-12-16 17:31:03.748,0.003180,0.002047,-0.017329,-0.000009,0.000006,-0.000000
2025-12-16 17:31:03.749,0.003131,0.002050,-0.017269,-0.000009,0.000006,-0.000000
2025-12-16 17:31:03.750,0.003100,0.002049,-0.017228,-0.000009,0.000006,-0.000000
2025-12-16 17:31:03.752,0.003039,0.002047,-0.017153,-0.000009,0.000006,-0.000000
2025-12-16 17:31:03.753,0.003009,0.002047,-0.017118,-0.000009,0.000006,0.000000
2025-12-16 17:31:03.755,0.002982,0.002048,-0.017083,-0.000009,0.000006,0.000000
2025-12-16 17:31:03.756,0.002931,0.002055,-0.017028,-0.000009,0.000006,0.000000
2025-12-16 17:31:03.757,0.002892,0.002069,-0.017002,-0.000009,0.000006,0.000000
2025-12-16 17:31:03.759,0.002855,0.002083,-0.016981,-0.000009,0.000006,0.000000
2025-12-16 17:31:03.760,0.002784,0.002121,-0.016952,-0.000009,0.000006,0.000000
2025-12-16 17:31:03.761,0.002750,0.002142,-0.016944,-0.000009,0.000006,0.000000
2025-12-16 17:31:03.763,0.002684,0.002208,-0.016935,-0.000009,0.000006,0.000000
2025-12-16 17:31:03.764,0.002653,0.002243,-0.016939,-0.000008,0.000006,0.000000
2025-12-16 17:31:03.766,0.002623,0.002285,-0.016951,-0.000008,0.000006,0.000000
2025-12-16 17:31:03.767,0.002576,0.002362,-0.016980,-0.000008,0.000006,0.000000
2025-12-16 17:31:03.768,0.002558,0.002404,-0.017004,-0.000008,0.000006,0.000000
2025-12-16 17:31:03.770,0.002529,0.002492,-0.017077,-0.000009,0.000006,0.000000
2025-12-16 17:31:03.771,0.002518,0.002534,-0.017116,-0.000009,0.000007,0.000000
2025-12-16 17:31:03.773,0.002513,0.002586,-0.017159,-0.000009,0.000007,0.000000
2025-12-16 17:31:03.774,0.002506,0.002645,-0.017204,-0.000009,0.000007,0.000000
2025-12-16 17:31:03.775,0.002485,0.002782,-0.017323,-0.000009,0.000007,0.000000
2025-12-16 17:31:03.777,0.002463,0.002908,-0.017459,-0.000009,0.000007,0.000001
2025-12-16 17:31:03.778,0.002466,0.002961,-0.017528,-0.000009,0.000007,0.000000
2025-12-16 17:31:03.780,0.002471,0.003011,-0.017597,-0.000009,0.000007,0.000000
2025-12-16 17:31:03.781,0.002480,0.003091,-0.017730,-0.000010,0.000007,0.000001
2025-12-16 17:31:03.783,0.002485,0.003131,-0.017790,-0.000010,0.000007,0.000000
2025-12-16 17:31:03.784,0.002497,0.003212,-0.017915,-0.000010,0.000007,0.000000
2025-12-16 17:31:03.785,0.002498,0.003249,-0.017977,-0.000010,0.000007,0.000001
2025-12-16 17:31:03.787,0.002492,0.003286,-0.018044,-0.000010,0.000007,0.000001
2025-12-16 17:31:03.788,0.002474,0.003363,-0.018172,-0.000010,0.000007,0.000001
2025-12-16 17:31:03.790,0.002463,0.003398,-0.018229,-0.000010,0.000007,0.000001
2025-12-16 17:31:03.791,0.002445,0.003446,-0.018326,-0.000010,0.000007,0.000001
2025-12-16 17:31:03.792,0.002441,0.003454,-0.018375,-0.000010,0.000007,0.000001
2025-12-16 17:31:03.794,0.002440,0.003457,-0.018421,-0.000011,0.000007,0.000001
2025-12-16 17:31:03.795,0.002440,0.003460,-0.018489,-0.000011,0.000007,0.000001
2025-12-16 17:31:03.797,0.002438,0.003459,-0.018514,-0.000011,0.000008,0.000001
2025-12-16 17:31:03.798,0.002417,0.003451,-0.018557,-0.000011,0.000007,0.000001
2025-12-16 17:31:03.799,0.002403,0.003448,-0.018572,-0.000011,0.000008,0.000001
2025-12-16 17:31:03.801,0.002385,0.003444,-0.018583,-0.000012,0.000008,0.000001
2025-12-16 17:31:03.802,0.002367,0.003430,-0.018589,-0.000012,0.000008,0.000001
2025-12-16 17:31:03.803,0.002361,0.003414,-0.018589,-0.000012,0.000008,0.000001
2025-12-16 17:31:03.805,0.002355,0.003395,-0.018588,-0.000012,0.000008,0.000001
2025-12-16 17:31:03.806,0.002338,0.003361,-0.018581,-0.000012,0.000008,0.000001
2025-12-16 17:31:03.808,0.002327,0.003349,-0.018576,-0.000012,0.000008,0.000001
2025-12-16 17:31:03.809,0.002322,0.003319,-0.018560,-0.000011,0.000008,0.000001
2025-12-16 17:31:03.810,0.002317,0.003302,-0.018551,-0.000012,0.000008,0.000001
2025-12-16 17:31:03.812,0.002314,0.003291,-0.018538,-0.000012,0.000008,0.000001
2025-12-16 17:31:03.813,0.002284,0.003288,-0.018518,-0.000011,0.000008,0.000001
2025-12-16 17:31:03.815,0.002259,0.003292,-0.018511,-0.000011,0.000008,0.000001
2025-12-16 17:31:03.816,0.002214,0.003306,-0.018511,-0.000011,0.000008,0.000001
2025-12-16 17:31:03.817,0.002191,0.003317,-0.018514,-0.000011,0.000008,0.000001
2025-12-16 17:31:03.819,0.002170,0.003334,-0.018514,-0.000011,0.000008,0.000001
2025-12-16 17:31:03.820,0.002123,0.003373,-0.018516,-0.000011,0.000008,0.000001
2025-12-16 17:31:03.822,0.002110,0.003389,-0.018518,-0.000011,0.000008,0.000001
2025-12-16 17:31:03.823,0.002047,0.003450,-0.018534,-0.000011,0.000008,0.000001
2025-12-16 17:31:03.824,0.001999,0.003498,-0.018548,-0.000010,0.000008,0.000001
2025-12-16 17:31:03.826,0.001956,0.003543,-0.018561,-0.000010,0.000008,0.000001
2025-12-16 17:31:03.827,0.001857,0.003648,-0.018602,-0.000010,0.000008,0.000001
2025-12-16 17:31:03.829,0.001793,0.003712,-0.018627,-0.000010,0.000008,0.000001
2025-12-16 17:31:03.830,0.001681,0.003825,-0.018683,-0.000011,0.000008,0.000001
2025-12-16 17:31:03.831,0.001636,0.003877,-0.018711,-0.000011,0.000008,0.000001
2025-12-16 17:31:03.833,0.001586,0.003938,-0.018742,-0.000011,0.000008,0.000001
2025-12-16 17:31:03.834,0.001498,0.004049,-0.018808,-0.000011,0.000008,0.000001
2025-12-16 17:31:03.835,0.001444,0.004116,-0.018853,-0.000011,0.000008,0.000001
2025-12-16 17:31:03.837,0.001395,0.004190,-0.018904,-0.000011,0.000009,0.000001
2025-12-16 17:31:03.838,0.001304,0.004329,-0.019006,-0.000011,0.000009,0.000001
2025-12-16 17:31:03.840,0.001257,0.004394,-0.019058,-0.000011,0.000009,0.000001
2025-12-16 17:31:03.841,0.001175,0.004516,-0.019174,-0.000011,0.000009,0.000001
2025-12-16 17:31:03.842,0.001147,0.004563,-0.019228,-0.000011,0.000009,0.000001
2025-12-16 17:31:03.844,0.001128,0.004613,-0.019292,-0.000011,0.000009,0.000001
2025-12-16 17:31:03.845,0.001103,0.004702,-0.019418,-0.000012,0.000009,0.000001
2025-12-16 17:31:03.847,0.001096,0.004738,-0.019491,-0.000012,0.000009,0.000001
2025-12-16 17:31:03.848,0.001116,0.004791,-0.019636,-0.000012,0.000009,0.000001
2025-12-16 17:31:03.849,0.001134,0.004805,-0.019696,-0.000012,0.000009,0.000001
2025-12-16 17:31:03.851,0.001159,0.004814,-0.019766,-0.000012,0.000009,0.000001
2025-12-16 17:31:03.852,0.001220,0.004821,-0.019917,-0.000012,0.000009,0.000001
2025-12-16 17:31:03.854,0.001254,0.004819,-0.019992,-0.000013,0.000009,0.000001
2025-12-16 17:31:03.855,0.001335,0.004801,-0.020132,-0.000013,0.000009,0.000001
2025-12-16 17:31:03.857,0.001429,0.004751,-0.020286,-0.000013,0.000009,0.000001
2025-12-16 17:31:03.858,0.001479,0.004723,-0.020361,-0.000013,0.000009,0.000001
2025-12-16 17:31:03.860,0.001522,0.004700,-0.020424,-0.000013,0.000009,0.000001
2025-12-16 17:31:03.861,0.001598,0.004651,-0.020558,-0.000013,0.000009,0.000001
2025-12-16 17:31:03.863,0.001634,0.004621,-0.020629,-0.000013,0.000009,0.000001
2025-12-16 17:31:03.864,0.001699,0.004560,-0.020778,-0.000013,0.000010,0.000001
2025-12-16 17:31:03.865,0.001731,0.004526,-0.020851,-0.000014,0.000009,0.000001
2025-12-16 17:31:03.867,0.001764,0.004495,-0.020921,-0.000013,0.000010,0.000001
2025-12-16 17:31:03.868,0.001794,0.004453,-0.021045,-0.000014,0.000010,0.000001
2025-12-16 17:31:03.870,0.001792,0.004441,-0.021103,-0.000014,0.000010,0.000001
2025-12-16 17:31:03.871,0.001774,0.004424,-0.021203,-0.000014,0.000009,0.000001
2025-12-16 17:31:03.872,0.001758,0.004422,-0.021247,-0.000013,0.000010,0.000001
2025-12-16 17:31:03.874,0.001736,0.004422,-0.021290,-0.000014,0.000010,0.000001
2025-12-16 17:31:03.875,0.001683,0.004428,-0.021365,-0.000014,0.000010,0.000001
2025-12-16 17:31:03.877,0.001659,0.004435,-0.021394,-0.000013,0.000010,0.000001
2025-12-16 17:31:03.878,0.001588,0.004464,-0.021453,-0.000014,0.000010,0.000001
2025-12-16 17:31:03.880,0.001552,0.004485,-0.021478,-0.000014,0.000010,0.000001
2025-12-16 17:31:03.881,0.001486,0.004526,-0.021516,-0.000014,0.000010,0.000001
2025-12-16 17:31:03.882,0.001451,0.004554,-0.021527,-0.000014,0.000010,0.000001
2025-12-16 17:31:03.884,0.001421,0.004580,-0.021535,-0.000014,0.000010,0.000001
2025-12-16 17:31:03.885,0.001359,0.004644,-0.021536,-0.000014,0.000010,0.000001
2025-12-16 17:31:03.887,0.001335,0.004677,-0.021535,-0.000014,0.000010,0.000001
2025-12-16 17:31:03.888,0.001315,0.004739,-0.021528,-0.000014,0.000010,0.000001
2025-12-16 17:31:03.889,0.001313,0.004763,-0.021524,-0.000014,0.000010,0.000001
2025-12-16 17:31:03.891,0.001322,0.004784,-0.021521,-0.000014,0.000010,0.000001
2025-12-16 17:31:03.892,0.001352,0.004824,-0.021522,-0.000014,0.000010,0.000001
2025-12-16 17:31:03.893,0.001378,0.004845,-0.021520,-0.000014,0.000010,0.000001
2025-12-16 17:31:03.895,0.001409,0.004871,-0.021518,-0.000014,0.000010,0.000001
2025-12-16 17:31:03.896,0.001470,0.004918,-0.021518,-0.000014,0.000010,0.000001
2025-12-16 17:31:03.898,0.001504,0.004944,-0.021523,-0.000014,0.000010,0.000001
2025-12-16 17:31:03.899,0.001611,0.004981,-0.021537,-0.000014,0.000010,0.000001
2025-12-16 17:31:03.901,0.001675,0.004999,-0.021543,-0.000014,0.000010,0.000001
2025-12-16 17:31:03.902,0.001817,0.005009,-0.021571,-0.000014,0.000010,0.000001
2025-12-16 17:31:03.903,0.001880,0.005009,-0.021585,-0.000014,0.000010,0.000001
2025-12-16 17:31:03.905,0.001946,0.005013,-0.021600,-0.000014,0.000010,0.000001
2025-12-16 17:31:03.906,0.002083,0.005022,-0.021634,-0.000014,0.000010,0.000001
2025-12-16 17:31:03.907,0.002151,0.005027,-0.021659,-0.000014,0.000010,0.000001
2025-12-16 17:31:03.909,0.002280,0.005041,-0.021704,-0.000014,0.000010,0.000001
2025-12-16 17:31:03.910,0.002334,0.005050,-0.021722,-0.000014,0.000010,0.000001
2025-12-16 17:31:03.912,0.002421,0.005077,-0.021757,-0.000014,0.000010,0.000001
2025-12-16 17:31:03.914,0.002463,0.005091,-0.021779,-0.000014,0.000010,0.000001
2025-12-16 17:31:03.915,0.002552,0.005114,-0.021838,-0.000014,0.000010,0.000001
2025-12-16 17:31:03.916,0.002590,0.005129,-0.021867,-0.000013,0.000010,0.000001
2025-12-16 17:31:03.918,0.002624,0.005141,-0.021898,-0.000013,0.000010,0.000001
2025-12-16 17:31:03.919,0.002668,0.005161,-0.021952,-0.000013,0.000010,0.000001
2025-12-16 17:31:03.921,0.002686,0.005173,-0.021977,-0.000014,0.000010,0.000001
2025-12-16 17:31:03.922,0.002714,0.005204,-0.022033,-0.000014,0.000010,0.000001
2025-12-16 17:31:03.923,0.002722,0.005222,-0.022058,-0.000013,0.000010,0.000001
2025-12-16 17:31:03.927,0.002765,0.005250,-0.022133,-0.000013,0.000010,0.000001
2025-12-16 17:31:03.930,0.002823,0.005244,-0.022208,-0.000013,0.000010,0.000001
2025-12-16 17:31:03.934,0.003003,0.005142,-0.022316,-0.000013,0.000010,0.000001
2025-12-16 17:31:03.936,0.003040,0.005119,-0.022327,-0.000013,0.000010,0.000001
2025-12-16 17:31:03.941,0.003271,0.004917,-0.022426,-0.000013,0.000010,0.000001
2025-12-16 17:31:03.942,0.003371,0.004808,-0.022458,-0.000014,0.000010,0.000001
2025-12-16 17:31:03.944,0.003464,0.004689,-0.022481,-0.000014,0.000010,0.000001
2025-12-16 17:31:03.946,0.003562,0.004557,-0.022498,-0.000013,0.000010,0.000001
2025-12-16 17:31:03.947,0.003606,0.004498,-0.022502,-0.000013,0.000010,0.000001
2025-12-16 17:31:03.949,0.003648,0.004437,-0.022503,-0.000013,0.000010,0.000001
2025-12-16 17:31:03.950,0.003708,0.004338,-0.022502,-0.000013,0.000010,0.000001
2025-12-16 17:31:03.951,0.003725,0.004287,-0.022498,-0.000013,0.000010,0.000000
2025-12-16 17:31:03.953,0.003755,0.004177,-0.022490,-0.000013,0.000010,0.000000
2025-12-16 17:31:03.954,0.003761,0.004131,-0.022487,-0.000013,0.000009,0.000000
2025-12-16 17:31:03.956,0.003760,0.004089,-0.022482,-0.000013,0.000009,0.000000
2025-12-16 17:31:03.957,0.003747,0.004019,-0.022464,-0.000013,0.000009,0.000000
2025-12-16 17:31:03.958,0.003736,0.003988,-0.022454,-0.000013,0.000009,0.000000
2025-12-16 17:31:03.960,0.003715,0.003941,-0.022440,-0.000013,0.000009,0.000000
2025-12-16 17:31:03.961,0.003703,0.003921,-0.022437,-0.000013,0.000009,0.000000
2025-12-16 17:31:03.963,0.003688,0.003907,-0.022434,-0.000013,0.000009,0.000000
2025-12-16 17:31:03.964,0.003656,0.003890,-0.022435,-0.000013,0.000009,0.000000
2025-12-16 17:31:03.965,0.003636,0.003891,-0.022437,-0.000013,0.000009,0.000001
2025-12-16 17:31:03.967,0.003606,0.003892,-0.022453,-0.000013,0.000009,0.000000
2025-12-16 17:31:03.968,0.003598,0.003892,-0.022462,-0.000013,0.000009,0.000000
2025-12-16 17:31:03.970,0.003591,0.003889,-0.022473,-0.000013,0.000009,0.000000
2025-12-16 17:31:03.971,0.003593,0.003891,-0.022500,-0.000013,0.000009,0.000000
2025-12-16 17:31:03.973,0.003597,0.003889,-0.022516,-0.000013,0.000009,0.000000
2025-12-16 17:31:03.974,0.003611,0.003880,-0.022546,-0.000014,0.000009,0.000000
2025-12-16 17:31:03.976,0.003623,0.003874,-0.022561,-0.000013,0.000009,0.000000
2025-12-16 17:31:03.977,0.003678,0.003843,-0.022609,-0.000014,0.000009,0.000000
2025-12-16 17:31:03.978,0.003718,0.003824,-0.022637,-0.000014,0.000009,0.000000
2025-12-16 17:31:03.980,0.003800,0.003770,-0.022692,-0.000014,0.000009,-0.000000
2025-12-16 17:31:03.981,0.003836,0.003743,-0.022719,-0.000014,0.000009,-0.000000
2025-12-16 17:31:03.983,0.003865,0.003721,-0.022741,-0.000014,0.000009,-0.000000
2025-12-16 17:31:03.984,0.003941,0.003655,-0.022791,-0.000014,0.000009,-0.000000
2025-12-16 17:31:03.986,0.003981,0.003620,-0.022817,-0.000014,0.000009,-0.000000
2025-12-16 17:31:03.987,0.004060,0.003536,-0.022862,-0.000014,0.000009,0.000000
2025-12-16 17:31:03.988,0.004101,0.003484,-0.022885,-0.000014,0.000009,0.000000
2025-12-16 17:31:03.990,0.004175,0.003388,-0.022935,-0.000014,0.000009,0.000000
2025-12-16 17:31:03.991,0.004207,0.003344,-0.022953,-0.000013,0.000009,-0.000000
2025-12-16 17:31:03.993,0.004241,0.003292,-0.022968,-0.000013,0.000009,-0.000000
2025-12-16 17:31:03.994,0.004309,0.003179,-0.022999,-0.000013,0.000009,-0.000000
2025-12-16 17:31:03.995,0.004339,0.003122,-0.023011,-0.000014,0.000009,-0.000000
2025-12-16 17:31:03.997,0.004386,0.003012,-0.023040,-0.000014,0.000009,-0.000000
2025-12-16 17:31:03.998,0.004406,0.002960,-0.023053,-0.000014,0.000009,-0.000000
2025-12-16 17:31:04.000,0.004422,0.002916,-0.023063,-0.000014,0.000009,-0.000000
2025-12-16 17:31:04.001,0.004446,0.002836,-0.023081,-0.000014,0.000009,-0.000000
2025-12-16 17:31:04.003,0.004455,0.002797,-0.023095,-0.000014,0.000009,-0.000000
2025-12-16 17:31:04.004,0.004470,0.002728,-0.023126,-0.000014,0.000009,-0.000000
2025-12-16 17:31:04.005,0.004480,0.002693,-0.023148,-0.000014,0.000009,-0.000000
2025-12-16 17:31:04.007,0.004509,0.002618,-0.023180,-0.000014,0.000009,-0.000000
2025-12-16 17:31:04.008,0.004522,0.002587,-0.023196,-0.000014,0.000009,-0.000000
2025-12-16 17:31:04.010,0.004542,0.002555,-0.023206,-0.000014,0.000008,-0.000001
2025-12-16 17:31:04.011,0.004569,0.002497,-0.023221,-0.000014,0.000008,-0.000001
2025-12-16 17:31:04.013,0.004590,0.002451,-0.023224,-0.000014,0.000008,-0.000001
2025-12-16 17:31:04.015,0.004604,0.002426,-0.023221,-0.000014,0.000008,-0.000001
2025-12-16 17:31:04.016,0.004623,0.002393,-0.023213,-0.000014,0.000008,-0.000001
2025-12-16 17:31:04.017,0.004666,0.002323,-0.023182,-0.000014,0.000008,-0.000001
2025-12-16 17:31:04.019,0.004688,0.002283,-0.023158,-0.000014,0.000008,-0.000001
2025-12-16 17:31:04.020,0.004731,0.002197,-0.023097,-0.000014,0.000008,-0.000001
2025-12-16 17:31:04.022,0.004747,0.002164,-0.023067,-0.000014,0.000008,-0.000001
2025-12-16 17:31:04.023,0.004785,0.002077,-0.022981,-0.000014,0.000008,-0.000001
2025-12-16 17:31:04.024,0.004797,0.002035,-0.022929,-0.000014,0.000008,-0.000001
2025-12-16 17:31:04.026,0.004806,0.002000,-0.022883,-0.000014,0.000008,-0.000001
2025-12-16 17:31:04.027,0.004823,0.001918,-0.022779,-0.000014,0.000008,-0.000001
2025-12-16 17:31:04.029,0.004833,0.001868,-0.022717,-0.000014,0.000008,-0.000001
2025-12-16 17:31:04.030,0.004842,0.001777,-0.022576,-0.000013,0.000008,-0.000001
2025-12-16 17:31:04.031,0.004850,0.001733,-0.022501,-0.000013,0.000008,-0.000001
2025-12-16 17:31:04.033,0.004851,0.001693,-0.022423,-0.000013,0.000008,-0.000001
2025-12-16 17:31:04.034,0.004845,0.001614,-0.022271,-0.000013,0.000008,-0.000001
2025-12-16 17:31:04.036,0.004839,0.001575,-0.022195,-0.000013,0.000007,-0.000001
2025-12-16 17:31:04.037,0.004816,0.001506,-0.022051,-0.000013,0.000007,-0.000001
2025-12-16 17:31:04.038,0.004809,0.001475,-0.021981,-0.000013,0.000007,-0.000001
2025-12-16 17:31:04.040,0.004802,0.001450,-0.021914,-0.000013,0.000007,-0.000001
2025-12-16 17:31:04.041,0.004783,0.001411,-0.021795,-0.000013,0.000007,-0.000000
2025-12-16 17:31:04.042,0.004773,0.001397,-0.021739,-0.000012,0.000007,-0.000000
2025-12-16 17:31:04.044,0.004744,0.001376,-0.021643,-0.000012,0.000007,-0.000000
2025-12-16 17:31:04.045,0.004732,0.001368,-0.021607,-0.000012,0.000007,-0.000000
2025-12-16 17:31:04.047,0.004716,0.001368,-0.021575,-0.000012,0.000007,-0.000000
2025-12-16 17:31:04.048,0.004666,0.001387,-0.021515,-0.000012,0.000007,-0.000000
2025-12-16 17:31:04.050,0.004637,0.001403,-0.021492,-0.000012,0.000007,-0.000000
2025-12-16 17:31:04.051,0.004554,0.001450,-0.021464,-0.000012,0.000007,-0.000000
2025-12-16 17:31:04.052,0.004510,0.001477,-0.021459,-0.000012,0.000007,-0.000000
2025-12-16 17:31:04.054,0.004474,0.001501,-0.021457,-0.000012,0.000007,-0.000000
2025-12-16 17:31:04.055,0.004383,0.001566,-0.021468,-0.000012,0.000007,-0.000000
2025-12-16 17:31:04.057,0.004342,0.001591,-0.021475,-0.000012,0.000007,-0.000000
2025-12-16 17:31:04.058,0.004242,0.001665,-0.021502,-0.000013,0.000008,-0.000000
2025-12-16 17:31:04.059,0.004184,0.001706,-0.021521,-0.000012,0.000008,-0.000000
2025-12-16 17:31:04.061,0.004121,0.001747,-0.021546,-0.000012,0.000007,-0.000000
2025-12-16 17:31:04.062,0.004002,0.001820,-0.021598,-0.000012,0.000008,-0.000000
2025-12-16 17:31:04.064,0.003946,0.001853,-0.021623,-0.000013,0.000008,-0.000000
2025-12-16 17:31:04.065,0.003825,0.001924,-0.021682,-0.000013,0.000008,-0.000000
2025-12-16 17:31:04.066,0.003766,0.001954,-0.021718,-0.000013,0.000008,-0.000000
2025-12-16 17:31:04.068,0.003654,0.002015,-0.021791,-0.000013,0.000008,-0.000000
2025-12-16 17:31:04.069,0.003609,0.002039,-0.021822,-0.000013,0.000008,-0.000000
2025-12-16 17:31:04.071,0.003567,0.002059,-0.021856,-0.000013,0.000008,-0.000000
2025-12-16 17:31:04.072,0.003495,0.002094,-0.021932,-0.000013,0.000008,-0.000000
2025-12-16 17:31:04.073,0.003463,0.002108,-0.021971,-0.000013,0.000008,-0.000000
2025-12-16 17:31:04.075,0.003434,0.002120,-0.022017,-0.000013,0.000008,-0.000000
2025-12-16 17:31:04.076,0.003396,0.002136,-0.022110,-0.000014,0.000008,-0.000000
2025-12-16 17:31:04.078,0.003386,0.002138,-0.022148,-0.000013,0.000008,-0.000000
2025-12-16 17:31:04.079,0.003374,0.002141,-0.022244,-0.000013,0.000008,-0.000000
2025-12-16 17:31:04.080,0.003374,0.002142,-0.022287,-0.000014,0.000008,-0.000000
2025-12-16 17:31:04.082,0.003387,0.002146,-0.022374,-0.000014,0.000008,-0.000000
2025-12-16 17:31:04.083,0.003404,0.002147,-0.022424,-0.000014,0.000008,-0.000000
2025-12-16 17:31:04.085,0.003425,0.002147,-0.022480,-0.000014,0.000008,-0.000000
2025-12-16 17:31:04.086,0.003468,0.002156,-0.022584,-0.000013,0.000009,-0.000000
2025-12-16 17:31:04.087,0.003487,0.002160,-0.022633,-0.000013,0.000009,0.000000
2025-12-16 17:31:04.089,0.003504,0.002170,-0.022681,-0.000013,0.000009,-0.000000
2025-12-16 17:31:04.090,0.003532,0.002204,-0.022766,-0.000013,0.000009,-0.000000
2025-12-16 17:31:04.092,0.003539,0.002225,-0.022811,-0.000013,0.000009,-0.000000
2025-12-16 17:31:04.093,0.003548,0.002282,-0.022895,-0.000013,0.000009,-0.000000
2025-12-16 17:31:04.094,0.003552,0.002316,-0.022932,-0.000013,0.000009,-0.000000
2025-12-16 17:31:04.096,0.003544,0.002352,-0.022970,-0.000013,0.000009,-0.000000
2025-12-16 17:31:04.097,0.003511,0.002432,-0.023028,-0.000014,0.000009,-0.000000
2025-12-16 17:31:04.099,0.003480,0.002496,-0.023052,-0.000013,0.000009,-0.000000
2025-12-16 17:31:04.100,0.003407,0.002618,-0.023088,-0.000013,0.000009,-0.000000
2025-12-16 17:31:04.101,0.003365,0.002685,-0.023103,-0.000013,0.000009,-0.000000
2025-12-16 17:31:04.103,0.003317,0.002757,-0.023110,-0.000013,0.000009,-0.000000
2025-12-16 17:31:04.104,0.003227,0.002891,-0.023108,-0.000013,0.000009,0.000000
2025-12-16 17:31:04.106,0.003172,0.002963,-0.023099,-0.000014,0.000009,0.000000
2025-12-16 17:31:04.107,0.003062,0.003105,-0.023050,-0.000013,0.000009,0.000000
2025-12-16 17:31:04.108,0.003004,0.003175,-0.023024,-0.000013,0.000009,-0.000000
2025-12-16 17:31:04.110,0.002946,0.003249,-0.022990,-0.000013,0.000009,-0.000000
2025-12-16 17:31:04.111,0.002827,0.003408,-0.022888,-0.000014,0.000009,-0.000000
2025-12-16 17:31:04.112,0.002782,0.003471,-0.022839,-0.000014,0.000009,0.000000
2025-12-16 17:31:04.114,0.002678,0.003606,-0.022719,-0.000014,0.000010,0.000000
2025-12-16 17:31:04.115,0.002629,0.003665,-0.022660,-0.000014,0.000010,0.000000
2025-12-16 17:31:04.117,0.002587,0.003721,-0.022599,-0.000014,0.000010,0.000000
2025-12-16 17:31:04.118,0.002538,0.003823,-0.022453,-0.000014,0.000010,0.000000
2025-12-16 17:31:04.119,0.002520,0.003868,-0.022382,-0.000014,0.000010,0.000000
2025-12-16 17:31:04.121,0.002492,0.003947,-0.022241,-0.000014,0.000010,0.000001
2025-12-16 17:31:04.122,0.002487,0.003983,-0.022161,-0.000014,0.000010,0.000001
2025-12-16 17:31:04.124,0.002486,0.004012,-0.022089,-0.000014,0.000010,0.000001
2025-12-16 17:31:04.125,0.002496,0.004039,-0.022004,-0.000014,0.000010,0.000000
2025-12-16 17:31:04.126,0.002524,0.004088,-0.021839,-0.000014,0.000009,0.000000
2025-12-16 17:31:04.128,0.002557,0.004129,-0.021685,-0.000013,0.000010,0.000001
2025-12-16 17:31:04.129,0.002581,0.004138,-0.021614,-0.000014,0.000009,0.000000
2025-12-16 17:31:04.131,0.002612,0.004141,-0.021544,-0.000014,0.000009,0.000001
2025-12-16 17:31:04.132,0.002651,0.004157,-0.021426,-0.000013,0.000009,0.000001
2025-12-16 17:31:04.134,0.002673,0.004164,-0.021364,-0.000013,0.000009,0.000001
2025-12-16 17:31:04.135,0.002707,0.004181,-0.021250,-0.000013,0.000009,0.000001
2025-12-16 17:31:04.136,0.002713,0.004192,-0.021197,-0.000013,0.000009,0.000001
2025-12-16 17:31:04.138,0.002720,0.004203,-0.021149,-0.000012,0.000009,0.000001
2025-12-16 17:31:04.139,0.002723,0.004232,-0.021071,-0.000012,0.000009,0.000001
2025-12-16 17:31:04.141,0.002718,0.004244,-0.021044,-0.000012,0.000009,0.000001
2025-12-16 17:31:04.142,0.002692,0.004277,-0.020998,-0.000012,0.000009,0.000001
2025-12-16 17:31:04.143,0.002672,0.004294,-0.020980,-0.000012,0.000009,0.000001
2025-12-16 17:31:04.145,0.002653,0.004307,-0.020966,-0.000012,0.000009,0.000001
2025-12-16 17:31:04.146,0.002599,0.004349,-0.020947,-0.000012,0.000009,0.000001
2025-12-16 17:31:04.148,0.002568,0.004372,-0.020940,-0.000012,0.000009,0.000001
2025-12-16 17:31:04.149,0.002512,0.004420,-0.020940,-0.000012,0.000009,0.000001
2025-12-16 17:31:04.150,0.002481,0.004448,-0.020948,-0.000012,0.000009,0.000001
2025-12-16 17:31:04.152,0.002421,0.004495,-0.020973,-0.000012,0.000009,0.000001
2025-12-16 17:31:04.153,0.002393,0.004516,-0.020989,-0.000012,0.000009,0.000001
2025-12-16 17:31:04.155,0.002341,0.004550,-0.021026,-0.000012,0.000009,0.000001
2025-12-16 17:31:04.157,0.002291,0.004579,-0.021072,-0.000012,0.000009,0.000001
2025-12-16 17:31:04.158,0.002277,0.004583,-0.021097,-0.000012,0.000009,0.000001
2025-12-16 17:31:04.160,0.002265,0.004581,-0.021147,-0.000012,0.000010,0.000001
2025-12-16 17:31:04.161,0.002267,0.004579,-0.021170,-0.000012,0.000009,0.000001
2025-12-16 17:31:04.163,0.002277,0.004573,-0.021196,-0.000012,0.000009,0.000001
2025-12-16 17:31:04.164,0.002305,0.004551,-0.021245,-0.000012,0.000010,0.000001
2025-12-16 17:31:04.166,0.002320,0.004538,-0.021269,-0.000012,0.000010,0.000001
2025-12-16 17:31:04.167,0.002374,0.004491,-0.021319,-0.000012,0.000010,0.000001
2025-12-16 17:31:04.168,0.002412,0.004457,-0.021342,-0.000012,0.000009,0.000001
2025-12-16 17:31:04.170,0.002447,0.004425,-0.021360,-0.000012,0.000009,0.000001
2025-12-16 17:31:04.171,0.002532,0.004332,-0.021377,-0.000012,0.000009,0.000000
2025-12-16 17:31:04.173,0.002571,0.004290,-0.021381,-0.000012,0.000009,0.000001
2025-12-16 17:31:04.174,0.002665,0.004192,-0.021376,-0.000012,0.000009,0.000001
2025-12-16 17:31:04.175,0.002721,0.004134,-0.021364,-0.000012,0.000009,0.000000
2025-12-16 17:31:04.177,0.002776,0.004077,-0.021343,-0.000012,0.000009,0.000001
2025-12-16 17:31:04.178,0.002867,0.003979,-0.021298,-0.000012,0.000009,0.000001
2025-12-16 17:31:04.180,0.002905,0.003935,-0.021275,-0.000011,0.000009,0.000001
2025-12-16 17:31:04.181,0.002981,0.003844,-0.021204,-0.000012,0.000009,0.000000
2025-12-16 17:31:04.183,0.003017,0.003796,-0.021154,-0.000012,0.000009,0.000000
2025-12-16 17:31:04.184,0.003071,0.003711,-0.021040,-0.000011,0.000009,0.000000
2025-12-16 17:31:04.185,0.003090,0.003675,-0.020990,-0.000011,0.000009,0.000000
2025-12-16 17:31:04.187,0.003105,0.003644,-0.020941,-0.000011,0.000009,0.000000
2025-12-16 17:31:04.188,0.003131,0.003589,-0.020834,-0.000011,0.000009,0.000000
2025-12-16 17:31:04.190,0.003137,0.003566,-0.020766,-0.000011,0.000009,0.000000
2025-12-16 17:31:04.191,0.003137,0.003532,-0.020633,-0.000011,0.000009,0.000000
2025-12-16 17:31:04.192,0.003129,0.003520,-0.020557,-0.000011,0.000008,0.000000
2025-12-16 17:31:04.194,0.003117,0.003512,-0.020485,-0.000011,0.000008,0.000000
2025-12-16 17:31:04.195,0.003091,0.003511,-0.020349,-0.000011,0.000008,0.000000
2025-12-16 17:31:04.197,0.003082,0.003508,-0.020281,-0.000011,0.000008,0.000000
2025-12-16 17:31:04.198,0.003071,0.003497,-0.020155,-0.000011,0.000008,0.000000
2025-12-16 17:31:04.199,0.003071,0.003490,-0.020089,-0.000011,0.000008,0.000000
2025-12-16 17:31:04.201,0.003072,0.003482,-0.020021,-0.000011,0.000008,0.000000
2025-12-16 17:31:04.202,0.002968,0.003338,-0.019161,-0.000011,0.000008,0.000000
2025-12-16 17:31:04.204,0.002996,0.003334,-0.019168,-0.000011,0.000008,0.000000
2025-12-16 17:31:04.205,0.003084,0.003343,-0.019311,-0.000011,0.000008,0.000000
2025-12-16 17:31:04.206,0.003122,0.003348,-0.019373,-0.000011,0.000008,0.000000
2025-12-16 17:31:04.208,0.003207,0.003328,-0.019425,-0.000011,0.000008,0.000000
2025-12-16 17:31:04.209,0.003254,0.003304,-0.019423,-0.000011,0.000008,0.000000
2025-12-16 17:31:04.211,0.003190,0.003180,-0.018818,-0.000010,0.000008,0.000000
2025-12-16 17:31:04.212,0.003273,0.003102,-0.018709,-0.000010,0.000007,-0.000000
2025-12-16 17:31:04.213,0.003337,0.003090,-0.018810,-0.000010,0.000007,0.000000
2025-12-16 17:31:04.215,0.003476,0.003039,-0.018985,-0.000010,0.000007,0.000000
2025-12-16 17:31:04.217,0.003540,0.003005,-0.019034,-0.000010,0.000007,0.000000
2025-12-16 17:31:04.219,0.003660,0.002922,-0.019061,-0.000010,0.000007,0.000000
2025-12-16 17:31:04.221,0.003752,0.002836,-0.019044,-0.000010,0.000007,-0.000000
2025-12-16 17:31:04.223,0.003824,0.002748,-0.018994,-0.000010,0.000007,-0.000000
2025-12-16 17:31:04.227,0.003911,0.002554,-0.018808,-0.000010,0.000007,-0.000000
2025-12-16 17:31:04.229,0.003918,0.002516,-0.018765,-0.000009,0.000007,-0.000000
2025-12-16 17:31:04.230,0.003927,0.002457,-0.018690,-0.000009,0.000007,-0.000000
2025-12-16 17:31:04.232,0.003919,0.002437,-0.018656,-0.000009,0.000007,-0.000000
2025-12-16 17:31:04.233,0.003911,0.002398,-0.018578,-0.000009,0.000007,-0.000000
2025-12-16 17:31:04.235,0.003904,0.002381,-0.018542,-0.000009,0.000007,-0.000000
2025-12-16 17:31:04.236,0.003890,0.002346,-0.018469,-0.000009,0.000007,-0.000000
2025-12-16 17:31:04.237,0.003868,0.002343,-0.018431,-0.000009,0.000006,-0.000000
2025-12-16 17:31:04.239,0.003847,0.002339,-0.018391,-0.000009,0.000007,-0.000000
2025-12-16 17:31:04.240,0.003817,0.002330,-0.018318,-0.000009,0.000007,-0.000000
2025-12-16 17:31:04.241,0.003807,0.002325,-0.018286,-0.000009,0.000007,-0.000000
2025-12-16 17:31:04.243,0.003790,0.002308,-0.018228,-0.000009,0.000006,-0.000000
2025-12-16 17:31:04.244,0.003791,0.002301,-0.018203,-0.000009,0.000006,0.000000
2025-12-16 17:31:04.246,0.003792,0.002291,-0.018180,-0.000009,0.000006,-0.000000
2025-12-16 17:31:04.247,0.003812,0.002269,-0.018137,-0.000009,0.000006,-0.000000
2025-12-16 17:31:04.248,0.003825,0.002260,-0.018120,-0.000009,0.000006,-0.000000
2025-12-16 17:31:04.250,0.003863,0.002238,-0.018097,-0.000009,0.000006,-0.000000
2025-12-16 17:31:04.251,0.003890,0.002223,-0.018091,-0.000010,0.000006,-0.000000
2025-12-16 17:31:04.253,0.003923,0.002199,-0.018091,-0.000010,0.000006,-0.000000
2025-12-16 17:31:04.254,0.003995,0.002147,-0.018099,-0.000010,0.000006,-0.000000
2025-12-16 17:31:04.256,0.004041,0.002116,-0.018108,-0.000010,0.000006,-0.000000
2025-12-16 17:31:04.257,0.004151,0.002046,-0.018132,-0.000010,0.000006,-0.000000
2025-12-16 17:31:04.258,0.004200,0.002015,-0.018142,-0.000010,0.000006,-0.000000
2025-12-16 17:31:04.260,0.004247,0.001981,-0.018154,-0.000009,0.000006,-0.000000
2025-12-16 17:31:04.261,0.004346,0.001911,-0.018182,-0.000009,0.000006,-0.000000
2025-12-16 17:31:04.263,0.004407,0.001869,-0.018193,-0.000009,0.000006,-0.000000
2025-12-16 17:31:04.264,0.004552,0.001763,-0.018223,-0.000009,0.000006,0.000000
2025-12-16 17:31:04.265,0.004618,0.001714,-0.018233,-0.000009,0.000006,-0.000000
2025-12-16 17:31:04.267,0.004686,0.001666,-0.018242,-0.000009,0.000006,-0.000000
2025-12-16 17:31:04.268,0.004794,0.001590,-0.018255,-0.000009,0.000006,-0.000000
2025-12-16 17:31:04.270,0.004846,0.001556,-0.018259,-0.000009,0.000006,-0.000000
2025-12-16 17:31:04.271,0.004954,0.001481,-0.018252,-0.000009,0.000006,-0.000000
2025-12-16 17:31:04.272,0.005003,0.001447,-0.018245,-0.000009,0.000006,-0.000000
2025-12-16 17:31:04.274,0.005049,0.001418,-0.018230,-0.000009,0.000006,-0.000000
2025-12-16 17:31:04.275,0.005142,0.001371,-0.018189,-0.000009,0.000006,-0.000000
2025-12-16 17:31:04.277,0.005182,0.001353,-0.018161,-0.000009,0.000006,-0.000000
2025-12-16 17:31:04.278,0.005230,0.001338,-0.018109,-0.000009,0.000006,-0.000000
2025-12-16 17:31:04.279,0.005249,0.001339,-0.018076,-0.000009,0.000006,-0.000001
2025-12-16 17:31:04.281,0.005289,0.001347,-0.017995,-0.000009,0.000005,-0.000000
2025-12-16 17:31:04.282,0.005304,0.001355,-0.017959,-0.000009,0.000006,-0.000000
2025-12-16 17:31:04.284,0.005316,0.001368,-0.017915,-0.000009,0.000005,-0.000000
2025-12-16 17:31:04.285,0.005327,0.001400,-0.017834,-0.000009,0.000005,-0.000000
2025-12-16 17:31:04.286,0.005326,0.001425,-0.017789,-0.000009,0.000005,-0.000000
2025-12-16 17:31:04.288,0.005331,0.001454,-0.017739,-0.000009,0.000005,-0.000000
2025-12-16 17:31:04.289,0.005348,0.001504,-0.017645,-0.000009,0.000005,-0.000000
2025-12-16 17:31:04.291,0.005355,0.001522,-0.017611,-0.000009,0.000005,-0.000001
2025-12-16 17:31:04.292,0.005356,0.001580,-0.017536,-0.000009,0.000005,-0.000001
2025-12-16 17:31:04.293,0.005362,0.001604,-0.017504,-0.000009,0.000005,-0.000000
2025-12-16 17:31:04.295,0.005371,0.001627,-0.017475,-0.000009,0.000005,-0.000001
2025-12-16 17:31:04.296,0.005396,0.001660,-0.017434,-0.000009,0.000005,-0.000000
2025-12-16 17:31:04.297,0.005411,0.001672,-0.017422,-0.000009,0.000005,-0.000001
2025-12-16 17:31:04.299,0.005451,0.001697,-0.017411,-0.000009,0.000005,-0.000000
2025-12-16 17:31:04.300,0.005470,0.001707,-0.017411,-0.000009,0.000005,-0.000000
2025-12-16 17:31:04.302,0.005485,0.001717,-0.017412,-0.000009,0.000005,-0.000001
2025-12-16 17:31:04.304,0.005559,0.001706,-0.017440,-0.000009,0.000005,-0.000001
2025-12-16 17:31:04.305,0.005586,0.001693,-0.017455,-0.000009,0.000005,-0.000001
2025-12-16 17:31:04.307,0.005613,0.001675,-0.017475,-0.000009,0.000005,-0.000001
2025-12-16 17:31:04.308,0.005666,0.001625,-0.017515,-0.000009,0.000005,-0.000001
2025-12-16 17:31:04.309,0.005694,0.001602,-0.017536,-0.000009,0.000005,-0.000001
2025-12-16 17:31:04.311,0.005742,0.001561,-0.017589,-0.000009,0.000005,-0.000001
2025-12-16 17:31:04.312,0.005757,0.001539,-0.017618,-0.000009,0.000005,-0.000001
2025-12-16 17:31:04.314,0.005779,0.001495,-0.017669,-0.000009,0.000005,-0.000001
2025-12-16 17:31:04.315,0.005792,0.001469,-0.017693,-0.000009,0.000005,-0.000001
2025-12-16 17:31:04.317,0.005806,0.001436,-0.017719,-0.000008,0.000005,-0.000001
2025-12-16 17:31:04.318,0.005828,0.001373,-0.017760,-0.000009,0.000005,-0.000001
2025-12-16 17:31:04.319,0.005828,0.001346,-0.017782,-0.000009,0.000005,-0.000001
2025-12-16 17:31:04.321,0.005826,0.001318,-0.017800,-0.000008,0.000005,-0.000001
2025-12-16 17:31:04.322,0.005819,0.001276,-0.017829,-0.000009,0.000005,-0.000001
2025-12-16 17:31:04.324,0.005811,0.001256,-0.017838,-0.000009,0.000005,-0.000001
2025-12-16 17:31:04.325,0.005796,0.001225,-0.017847,-0.000008,0.000005,-0.000001
2025-12-16 17:31:04.326,0.005792,0.001209,-0.017845,-0.000009,0.000005,-0.000001
2025-12-16 17:31:04.328,0.005777,0.001176,-0.017834,-0.000008,0.000005,-0.000001
2025-12-16 17:31:04.329,0.005771,0.001158,-0.017826,-0.000008,0.000005,-0.000001
2025-12-16 17:31:04.331,0.005764,0.001140,-0.017813,-0.000008,0.000005,-0.000001
2025-12-16 17:31:04.332,0.005757,0.001106,-0.017780,-0.000008,0.000005,-0.000001
2025-12-16 17:31:04.334,0.005753,0.001094,-0.017761,-0.000008,0.000005,-0.000001
2025-12-16 17:31:04.335,0.005759,0.001056,-0.017715,-0.000009,0.000005,-0.000001
2025-12-16 17:31:04.336,0.005768,0.001031,-0.017695,-0.000008,0.000005,-0.000001
2025-12-16 17:31:04.338,0.005780,0.001010,-0.017672,-0.000008,0.000005,-0.000001
2025-12-16 17:31:04.339,0.005815,0.000956,-0.017618,-0.000008,0.000005,-0.000001
2025-12-16 17:31:04.341,0.005838,0.000927,-0.017592,-0.000008,0.000005,-0.000001
2025-12-16 17:31:04.342,0.005899,0.000858,-0.017541,-0.000008,0.000005,-0.000001
2025-12-16 17:31:04.343,0.005929,0.000831,-0.017519,-0.000008,0.000005,-0.000001
2025-12-16 17:31:04.345,0.006002,0.000759,-0.017478,-0.000008,0.000005,-0.000001
2025-12-16 17:31:04.346,0.006045,0.000715,-0.017459,-0.000008,0.000005,-0.000001
2025-12-16 17:31:04.348,0.006096,0.000670,-0.017439,-0.000008,0.000005,-0.000001
2025-12-16 17:31:04.349,0.006184,0.000592,-0.017419,-0.000008,0.000005,-0.000001
2025-12-16 17:31:04.350,0.006230,0.000554,-0.017410,-0.000008,0.000005,-0.000001
2025-12-16 17:31:04.352,0.006279,0.000515,-0.017402,-0.000008,0.000005,-0.000001
2025-12-16 17:31:04.353,0.006375,0.000430,-0.017386,-0.000008,0.000005,-0.000001
2025-12-16 17:31:04.355,0.006416,0.000394,-0.017381,-0.000008,0.000004,-0.000001
2025-12-16 17:31:04.356,0.006493,0.000332,-0.017372,-0.000008,0.000004,-0.000001
2025-12-16 17:31:04.357,0.006533,0.000297,-0.017368,-0.000008,0.000004,-0.000001
2025-12-16 17:31:04.359,0.006573,0.000258,-0.017367,-0.000008,0.000004,-0.000001
2025-12-16 17:31:04.360,0.006629,0.000198,-0.017367,-0.000008,0.000004,-0.000001
2025-12-16 17:31:04.362,0.006652,0.000175,-0.017366,-0.000007,0.000004,-0.000001
2025-12-16 17:31:04.363,0.006663,0.000151,-0.017370,-0.000008,0.000004,-0.000001
2025-12-16 17:31:04.365,0.006659,0.000148,-0.017370,-0.000008,0.000004,-0.000001
2025-12-16 17:31:04.366,0.006637,0.000152,-0.017371,-0.000008,0.000004,-0.000001
2025-12-16 17:31:04.367,0.006620,0.000157,-0.017373,-0.000008,0.000004,-0.000002
2025-12-16 17:31:04.369,0.006597,0.000167,-0.017371,-0.000008,0.000004,-0.000001
2025-12-16 17:31:04.370,0.006532,0.000204,-0.017359,-0.000008,0.000004,-0.000002
2025-12-16 17:31:04.372,0.006491,0.000226,-0.017353,-0.000008,0.000004,-0.000001
2025-12-16 17:31:04.373,0.006405,0.000269,-0.017349,-0.000007,0.000004,-0.000001
2025-12-16 17:31:04.374,0.006343,0.000302,-0.017345,-0.000007,0.000004,-0.000001
2025-12-16 17:31:04.376,0.006279,0.000339,-0.017341,-0.000008,0.000004,-0.000001
2025-12-16 17:31:04.377,0.006158,0.000409,-0.017335,-0.000008,0.000004,-0.000001
2025-12-16 17:31:04.379,0.006089,0.000455,-0.017333,-0.000007,0.000004,-0.000001
2025-12-16 17:31:04.380,0.005962,0.000535,-0.017331,-0.000007,0.000004,-0.000001
2025-12-16 17:31:04.382,0.005911,0.000568,-0.017331,-0.000008,0.000004,-0.000001
2025-12-16 17:31:04.383,0.005791,0.000643,-0.017344,-0.000007,0.000005,-0.000001
2025-12-16 17:31:04.384,0.005742,0.000675,-0.017353,-0.000008,0.000005,-0.000001
2025-12-16 17:31:04.386,0.005696,0.000707,-0.017365,-0.000007,0.000005,-0.000001
2025-12-16 17:31:04.387,0.005619,0.000772,-0.017406,-0.000007,0.000005,-0.000001
2025-12-16 17:31:04.388,0.005584,0.000802,-0.017435,-0.000007,0.000005,-0.000001
2025-12-16 17:31:04.390,0.005529,0.000860,-0.017489,-0.000008,0.000005,-0.000001
2025-12-16 17:31:04.391,0.005504,0.000890,-0.017517,-0.000008,0.000005,-0.000001
2025-12-16 17:31:04.393,0.005486,0.000917,-0.017549,-0.000008,0.000005,-0.000001
2025-12-16 17:31:04.394,0.005466,0.000954,-0.017599,-0.000008,0.000005,-0.000001
2025-12-16 17:31:04.396,0.005465,0.000965,-0.017623,-0.000008,0.000005,-0.000001
2025-12-16 17:31:04.397,0.005484,0.000986,-0.017672,-0.000008,0.000005,-0.000001
2025-12-16 17:31:04.398,0.005503,0.000989,-0.017697,-0.000008,0.000005,-0.000001
2025-12-16 17:31:04.400,0.005550,0.000986,-0.017741,-0.000008,0.000005,-0.000001
2025-12-16 17:31:04.401,0.005578,0.000983,-0.017758,-0.000008,0.000005,-0.000001
2025-12-16 17:31:04.403,0.005610,0.000981,-0.017767,-0.000008,0.000005,-0.000001
2025-12-16 17:31:04.404,0.005674,0.000972,-0.017777,-0.000008,0.000005,-0.000001
2025-12-16 17:31:04.405,0.005700,0.000966,-0.017778,-0.000008,0.000005,-0.000001
2025-12-16 17:31:04.407,0.005751,0.000965,-0.017755,-0.000008,0.000005,-0.000001
2025-12-16 17:31:04.408,0.005782,0.000960,-0.017734,-0.000008,0.000005,-0.000001
2025-12-16 17:31:04.410,0.005812,0.000955,-0.017714,-0.000008,0.000005,-0.000001
2025-12-16 17:31:04.411,0.005868,0.000936,-0.017660,-0.000008,0.000005,-0.000001
2025-12-16 17:31:04.413,0.005893,0.000927,-0.017632,-0.000008,0.000005,-0.000001
2025-12-16 17:31:04.414,0.005939,0.000922,-0.017559,-0.000008,0.000005,-0.000001
2025-12-16 17:31:04.415,0.005961,0.000924,-0.017511,-0.000008,0.000005,-0.000001
2025-12-16 17:31:04.417,0.005981,0.000928,-0.017454,-0.000008,0.000005,-0.000001
2025-12-16 17:31:04.418,0.006016,0.000935,-0.017336,-0.000008,0.000005,-0.000001
2025-12-16 17:31:04.420,0.006033,0.000941,-0.017268,-0.000007,0.000005,-0.000001
2025-12-16 17:31:04.421,0.006048,0.000963,-0.017138,-0.000007,0.000005,-0.000001
2025-12-16 17:31:04.423,0.006059,0.000971,-0.017069,-0.000007,0.000005,-0.000001
2025-12-16 17:31:04.424,0.006082,0.000986,-0.016937,-0.000007,0.000005,-0.000001
2025-12-16 17:31:04.425,0.006092,0.000994,-0.016874,-0.000007,0.000005,-0.000001
2025-12-16 17:31:04.427,0.006093,0.001005,-0.016806,-0.000007,0.000005,-0.000001
2025-12-16 17:31:04.428,0.006098,0.001013,-0.016733,-0.000007,0.000005,-0.000001
2025-12-16 17:31:04.430,0.006097,0.001026,-0.016662,-0.000007,0.000005,-0.000001
2025-12-16 17:31:04.431,0.006098,0.001042,-0.016527,-0.000007,0.000005,-0.000001
2025-12-16 17:31:04.433,0.006103,0.001044,-0.016466,-0.000007,0.000004,-0.000001
2025-12-16 17:31:04.434,0.006107,0.001043,-0.016357,-0.000007,0.000004,-0.000001
2025-12-16 17:31:04.435,0.006110,0.001039,-0.016314,-0.000007,0.000004,-0.000001
2025-12-16 17:31:04.437,0.006116,0.001030,-0.016227,-0.000007,0.000004,-0.000001
2025-12-16 17:31:04.438,0.006111,0.001004,-0.016154,-0.000007,0.000004,-0.000001
2025-12-16 17:31:04.440,0.006105,0.000991,-0.016131,-0.000007,0.000004,-0.000001
2025-12-16 17:31:04.441,0.006096,0.000961,-0.016082,-0.000007,0.000004,-0.000001
2025-12-16 17:31:04.442,0.006089,0.000938,-0.016065,-0.000007,0.000004,-0.000001
2025-12-16 17:31:04.444,0.006069,0.000892,-0.016037,-0.000007,0.000004,-0.000001
2025-12-16 17:31:04.445,0.006059,0.000864,-0.016026,-0.000007,0.000004,-0.000001
2025-12-16 17:31:04.447,0.006020,0.000821,-0.016007,-0.000007,0.000004,-0.000001
2025-12-16 17:31:04.449,0.006001,0.000804,-0.016003,-0.000007,0.000004,-0.000001
2025-12-16 17:31:04.450,0.005942,0.000760,-0.015999,-0.000007,0.000004,-0.000001
2025-12-16 17:31:04.452,0.005915,0.000738,-0.015999,-0.000007,0.000004,-0.000001
2025-12-16 17:31:04.453,0.005843,0.000698,-0.016004,-0.000007,0.000004,-0.000001
2025-12-16 17:31:04.454,0.005796,0.000680,-0.016010,-0.000007,0.000004,-0.000001
2025-12-16 17:31:04.456,0.005741,0.000664,-0.016016,-0.000007,0.000004,-0.000001
2025-12-16 17:31:04.457,0.005620,0.000648,-0.016028,-0.000007,0.000004,-0.000001
2025-12-16 17:31:04.459,0.005539,0.000648,-0.016034,-0.000007,0.000004,-0.000001
2025-12-16 17:31:04.460,0.005380,0.000648,-0.016044,-0.000007,0.000004,-0.000001
2025-12-16 17:31:04.461,0.005302,0.000653,-0.016047,-0.000007,0.000004,-0.000001
2025-12-16 17:31:04.463,0.005135,0.000671,-0.016047,-0.000007,0.000004,-0.000001
2025-12-16 17:31:04.464,0.005038,0.000686,-0.016046,-0.000007,0.000004,-0.000001
2025-12-16 17:31:04.466,0.004938,0.000699,-0.016045,-0.000007,0.000005,-0.000001
2025-12-16 17:31:04.467,0.004775,0.000723,-0.016037,-0.000007,0.000005,-0.000001
2025-12-16 17:31:04.469,0.004685,0.000734,-0.016029,-0.000007,0.000005,-0.000001
2025-12-16 17:31:04.470,0.004510,0.000753,-0.016013,-0.000007,0.000005,-0.000000
2025-12-16 17:31:04.471,0.004423,0.000764,-0.016005,-0.000007,0.000005,-0.000000
2025-12-16 17:31:04.473,0.004343,0.000774,-0.015997,-0.000007,0.000005,-0.000000
2025-12-16 17:31:04.474,0.004197,0.000786,-0.015972,-0.000007,0.000005,-0.000000
2025-12-16 17:31:04.476,0.004133,0.000790,-0.015960,-0.000007,0.000005,-0.000000
2025-12-16 17:31:04.477,0.004022,0.000780,-0.015931,-0.000007,0.000005,-0.000000
2025-12-16 17:31:04.479,0.003981,0.000770,-0.015914,-0.000007,0.000005,-0.000000
2025-12-16 17:31:04.480,0.003912,0.000746,-0.015878,-0.000007,0.000005,-0.000000
2025-12-16 17:31:04.481,0.003884,0.000730,-0.015860,-0.000007,0.000005,-0.000000
2025-12-16 17:31:04.483,0.003833,0.000680,-0.015824,-0.000007,0.000005,-0.000000
2025-12-16 17:31:04.484,0.003820,0.000648,-0.015810,-0.000007,0.000005,-0.000000
2025-12-16 17:31:04.486,0.003810,0.000620,-0.015800,-0.000007,0.000005,-0.000000
2025-12-16 17:31:04.487,0.003827,0.000551,-0.015783,-0.000007,0.000005,-0.000000
2025-12-16 17:31:04.488,0.003842,0.000510,-0.015778,-0.000007,0.000005,-0.000000
2025-12-16 17:31:04.490,0.003873,0.000439,-0.015767,-0.000007,0.000005,-0.000000
2025-12-16 17:31:04.491,0.003891,0.000403,-0.015760,-0.000007,0.000005,-0.000000
2025-12-16 17:31:04.493,0.003915,0.000367,-0.015749,-0.000007,0.000005,-0.000000
2025-12-16 17:31:04.494,0.003964,0.000309,-0.015736,-0.000007,0.000005,-0.000000
2025-12-16 17:31:04.495,0.003989,0.000275,-0.015735,-0.000007,0.000005,-0.000000
2025-12-16 17:31:04.497,0.004037,0.000212,-0.015732,-0.000007,0.000005,-0.000000
2025-12-16 17:31:04.498,0.004054,0.000190,-0.015731,-0.000007,0.000005,-0.000000
2025-12-16 17:31:04.500,0.004064,0.000176,-0.015728,-0.000007,0.000005,-0.000000
2025-12-16 17:31:04.501,0.004068,0.000159,-0.015724,-0.000007,0.000005,-0.000000
2025-12-16 17:31:04.503,0.004070,0.000149,-0.015718,-0.000007,0.000005,-0.000000
2025-12-16 17:31:04.504,0.004058,0.000143,-0.015704,-0.000007,0.000005,-0.000000
2025-12-16 17:31:04.505,0.004052,0.000142,-0.015694,-0.000007,0.000005,-0.000000
2025-12-16 17:31:04.507,0.004000,0.000168,-0.015661,-0.000007,0.000005,-0.000000
2025-12-16 17:31:04.508,0.003969,0.000188,-0.015638,-0.000007,0.000005,-0.000000
2025-12-16 17:31:04.511,0.003913,0.000226,-0.015586,-0.000007,0.000005,-0.000000
2025-12-16 17:31:04.512,0.003858,0.000266,-0.015519,-0.000007,0.000005,-0.000000
2025-12-16 17:31:04.515,0.003745,0.000356,-0.015398,-0.000007,0.000005,-0.000000
2025-12-16 17:31:04.516,0.003705,0.000388,-0.015359,-0.000007,0.000005,-0.000000
2025-12-16 17:31:04.518,0.003665,0.000416,-0.015313,-0.000007,0.000005,-0.000000
2025-12-16 17:31:04.520,0.003567,0.000479,-0.015181,-0.000007,0.000005,-0.000000
2025-12-16 17:31:04.522,0.003543,0.000499,-0.015123,-0.000007,0.000005,-0.000000
2025-12-16 17:31:04.523,0.003505,0.000536,-0.015012,-0.000007,0.000005,-0.000000
2025-12-16 17:31:04.525,0.003490,0.000549,-0.014955,-0.000007,0.000005,-0.000000
2025-12-16 17:31:04.526,0.003480,0.000560,-0.014896,-0.000007,0.000005,-0.000000
2025-12-16 17:31:04.529,0.003461,0.000572,-0.014704,-0.000007,0.000004,-0.000000
2025-12-16 17:31:04.530,0.003462,0.000560,-0.014567,-0.000007,0.000004,-0.000000
2025-12-16 17:31:04.532,0.003477,0.000541,-0.014453,-0.000007,0.000004,-0.000000
2025-12-16 17:31:04.533,0.003483,0.000529,-0.014397,-0.000006,0.000004,-0.000000
2025-12-16 17:31:04.535,0.003495,0.000513,-0.014334,-0.000007,0.000004,-0.000000
2025-12-16 17:31:04.536,0.003512,0.000490,-0.014277,-0.000007,0.000004,-0.000000
2025-12-16 17:31:04.537,0.003528,0.000468,-0.014230,-0.000006,0.000004,-0.000000
2025-12-16 17:31:04.538,0.003546,0.000444,-0.014188,-0.000006,0.000004,-0.000000
2025-12-16 17:31:04.539,0.003580,0.000395,-0.014100,-0.000006,0.000004,-0.000000
2025-12-16 17:31:04.540,0.003597,0.000372,-0.014060,-0.000006,0.000004,-0.000000
2025-12-16 17:31:04.542,0.003628,0.000320,-0.013995,-0.000006,0.000004,-0.000000
2025-12-16 17:31:04.544,0.003661,0.000268,-0.013930,-0.000006,0.000004,-0.000000
2025-12-16 17:31:04.549,0.003718,0.000180,-0.013846,-0.000006,0.000004,-0.000000
2025-12-16 17:31:04.550,0.003718,0.000151,-0.013810,-0.000006,0.000004,-0.000000
2025-12-16 17:31:04.552,0.003719,0.000128,-0.013780,-0.000006,0.000004,-0.000000
2025-12-16 17:31:04.553,0.003717,0.000117,-0.013768,-0.000006,0.000004,-0.000000
2025-12-16 17:31:04.554,0.003711,0.000105,-0.013763,-0.000006,0.000004,-0.000000
2025-12-16 17:31:04.556,0.003698,0.000094,-0.013738,-0.000006,0.000004,-0.000000
2025-12-16 17:31:04.557,0.003686,0.000092,-0.013728,-0.000006,0.000004,-0.000000
2025-12-16 17:31:04.558,0.003670,0.000094,-0.013722,-0.000006,0.000004,-0.000000
2025-12-16 17:31:04.560,0.003653,0.000094,-0.013721,-0.000006,0.000004,-0.000000
2025-12-16 17:31:04.561,0.003605,0.000106,-0.013711,-0.000006,0.000004,-0.000000
2025-12-16 17:31:04.563,0.003573,0.000115,-0.013703,-0.000006,0.000004,-0.000000
2025-12-16 17:31:04.564,0.003509,0.000134,-0.013683,-0.000006,0.000004,-0.000000
2025-12-16 17:31:04.565,0.003476,0.000142,-0.013672,-0.000006,0.000004,-0.000000
2025-12-16 17:31:04.567,0.003438,0.000154,-0.013659,-0.000006,0.000004,-0.000000
2025-12-16 17:31:04.568,0.003368,0.000175,-0.013634,-0.000006,0.000004,-0.000000
2025-12-16 17:31:04.570,0.003293,0.000199,-0.013604,-0.000006,0.000004,-0.000000
2025-12-16 17:31:04.573,0.003207,0.000231,-0.013565,-0.000006,0.000004,-0.000000
2025-12-16 17:31:04.575,0.003127,0.000250,-0.013519,-0.000006,0.000004,-0.000000
2025-12-16 17:31:04.577,0.003002,0.000271,-0.013438,-0.000006,0.000004,-0.000000
2025-12-16 17:31:04.580,0.002910,0.000293,-0.013347,-0.000006,0.000004,-0.000000
2025-12-16 17:31:04.581,0.002886,0.000296,-0.013311,-0.000005,0.000004,-0.000000
2025-12-16 17:31:04.583,0.002862,0.000290,-0.013272,-0.000006,0.000004,-0.000000
2025-12-16 17:31:04.584,0.002834,0.000283,-0.013206,-0.000006,0.000004,-0.000000
2025-12-16 17:31:04.587,0.002816,0.000267,-0.013138,-0.000006,0.000004,-0.000000
2025-12-16 17:31:04.589,0.002809,0.000245,-0.013072,-0.000005,0.000004,-0.000000
2025-12-16 17:31:04.591,0.002853,0.000177,-0.012981,-0.000006,0.000004,-0.000000
2025-12-16 17:31:04.592,0.002872,0.000153,-0.012953,-0.000006,0.000004,-0.000000
2025-12-16 17:31:04.593,0.002888,0.000131,-0.012925,-0.000006,0.000004,-0.000000
2025-12-16 17:31:04.594,0.002909,0.000107,-0.012895,-0.000005,0.000004,-0.000000
2025-12-16 17:31:04.596,0.002928,0.000085,-0.012870,-0.000006,0.000004,-0.000000
2025-12-16 17:31:04.598,0.002971,0.000042,-0.012826,-0.000005,0.000004,-0.000000
2025-12-16 17:31:04.599,0.003001,0.000015,-0.012802,-0.000005,0.000004,-0.000000
2025-12-16 17:31:04.600,0.003055,-0.000039,-0.012763,-0.000005,0.000004,-0.000000
2025-12-16 17:31:04.601,0.003078,-0.000066,-0.012744,-0.000005,0.000004,-0.000000
2025-12-16 17:31:04.602,0.003099,-0.000092,-0.012724,-0.000005,0.000004,-0.000000
2025-12-16 17:31:04.607,0.003182,-0.000218,-0.012663,-0.000005,0.000004,-0.000000
2025-12-16 17:31:04.609,0.003209,-0.000271,-0.012650,-0.000005,0.000004,-0.000000
2025-12-16 17:31:04.611,0.003220,-0.000296,-0.012646,-0.000005,0.000004,-0.000000
2025-12-16 17:31:04.612,0.003232,-0.000341,-0.012633,-0.000005,0.000004,-0.000000
2025-12-16 17:31:04.615,0.003238,-0.000390,-0.012622,-0.000005,0.000004,-0.000000
2025-12-16 17:31:04.616,0.003226,-0.000430,-0.012610,-0.000005,0.000004,-0.000000
2025-12-16 17:31:04.617,0.003220,-0.000444,-0.012606,-0.000005,0.000004,-0.000000
2025-12-16 17:31:04.618,0.003211,-0.000461,-0.012602,-0.000005,0.000003,-0.000000
2025-12-16 17:31:04.621,0.003197,-0.000492,-0.012596,-0.000005,0.000003,-0.000000
2025-12-16 17:31:04.622,0.003196,-0.000512,-0.012592,-0.000005,0.000003,-0.000000
2025-12-16 17:31:04.623,0.003190,-0.000554,-0.012585,-0.000005,0.000003,-0.000000
2025-12-16 17:31:04.624,0.003190,-0.000577,-0.012580,-0.000005,0.000003,-0.000000
2025-12-16 17:31:04.626,0.003178,-0.000611,-0.012574,-0.000005,0.000003,-0.000000
2025-12-16 17:31:04.627,0.003169,-0.000628,-0.012565,-0.000005,0.000004,-0.000000
2025-12-16 17:31:04.628,0.003161,-0.000642,-0.012555,-0.000005,0.000004,-0.000000
2025-12-16 17:31:04.630,0.003128,-0.000674,-0.012529,-0.000005,0.000004,-0.000000
2025-12-16 17:31:04.631,0.003114,-0.000687,-0.012516,-0.000005,0.000003,-0.000000
2025-12-16 17:31:04.632,0.003101,-0.000701,-0.012502,-0.000005,0.000003,-0.000000
2025-12-16 17:31:04.634,0.003077,-0.000730,-0.012469,-0.000005,0.000003,-0.000000
2025-12-16 17:31:04.635,0.003068,-0.000744,-0.012454,-0.000005,0.000003,-0.000000
2025-12-16 17:31:04.636,0.003057,-0.000760,-0.012436,-0.000005,0.000003,-0.000000
2025-12-16 17:31:04.637,0.003048,-0.000775,-0.012419,-0.000005,0.000003,-0.000000
2025-12-16 17:31:04.638,0.003042,-0.000794,-0.012400,-0.000005,0.000003,-0.000001
2025-12-16 17:31:04.642,0.003003,-0.000861,-0.012312,-0.000005,0.000003,-0.000000
2025-12-16 17:31:04.643,0.002989,-0.000870,-0.012283,-0.000005,0.000003,-0.000000
2025-12-16 17:31:04.644,0.002975,-0.000876,-0.012252,-0.000005,0.000003,-0.000000
2025-12-16 17:31:04.646,0.002963,-0.000880,-0.012225,-0.000005,0.000003,-0.000000
2025-12-16 17:31:04.647,0.002960,-0.000884,-0.012194,-0.000005,0.000003,-0.000000
2025-12-16 17:31:04.651,0.002970,-0.000900,-0.012021,-0.000005,0.000003,-0.000000
2025-12-16 17:31:04.652,0.002972,-0.000897,-0.011992,-0.000005,0.000003,-0.000000
2025-12-16 17:31:04.653,0.002980,-0.000895,-0.011959,-0.000005,0.000003,-0.000000
2025-12-16 17:31:04.654,0.002994,-0.000897,-0.011921,-0.000005,0.000003,-0.000000
2025-12-16 17:31:04.655,0.003013,-0.000893,-0.011882,-0.000005,0.000003,-0.000000
2025-12-16 17:31:04.656,0.003032,-0.000890,-0.011843,-0.000005,0.000003,-0.000000
2025-12-16 17:31:04.658,0.003053,-0.000887,-0.011806,-0.000005,0.000003,-0.000000
2025-12-16 17:31:04.659,0.003075,-0.000884,-0.011768,-0.000005,0.000003,-0.000000
2025-12-16 17:31:04.661,0.003126,-0.000875,-0.011689,-0.000005,0.000003,-0.000001
2025-12-16 17:31:04.662,0.003190,-0.000872,-0.011607,-0.000005,0.000003,-0.000001
2025-12-16 17:31:04.663,0.003216,-0.000864,-0.011570,-0.000005,0.000003,-0.000001
2025-12-16 17:31:04.664,0.003253,-0.000859,-0.011527,-0.000005,0.000003,-0.000001
2025-12-16 17:31:04.665,0.003286,-0.000853,-0.011478,-0.000004,0.000003,-0.000001
2025-12-16 17:31:04.666,0.003313,-0.000847,-0.011435,-0.000005,0.000003,-0.000001
2025-12-16 17:31:04.667,0.003342,-0.000841,-0.011388,-0.000005,0.000003,-0.000001
2025-12-16 17:31:04.669,0.003400,-0.000835,-0.011300,-0.000004,0.000003,-0.000001
2025-12-16 17:31:04.670,0.003434,-0.000831,-0.011249,-0.000004,0.000003,-0.000001
2025-12-16 17:31:04.671,0.003470,-0.000829,-0.011193,-0.000004,0.000003,-0.000001
2025-12-16 17:31:04.672,0.003504,-0.000826,-0.011138,-0.000004,0.000003,-0.000001
2025-12-16 17:31:04.673,0.003532,-0.000824,-0.011091,-0.000004,0.000003,-0.000001
2025-12-16 17:31:04.675,0.003554,-0.000821,-0.011042,-0.000004,0.000003,-0.000001
2025-12-16 17:31:04.677,0.003587,-0.000824,-0.010938,-0.000004,0.000003,-0.000001
2025-12-16 17:31:04.678,0.003617,-0.000834,-0.010837,-0.000004,0.000003,-0.000001
2025-12-16 17:31:04.679,0.003626,-0.000837,-0.010787,-0.000004,0.000003,-0.000001
2025-12-16 17:31:04.682,0.003634,-0.000848,-0.010692,-0.000004,0.000002,-0.000001
2025-12-16 17:31:04.683,0.003617,-0.000848,-0.010615,-0.000004,0.000002,-0.000001
2025-12-16 17:31:04.684,0.003604,-0.000845,-0.010582,-0.000004,0.000003,-0.000001
2025-12-16 17:31:04.685,0.003587,-0.000841,-0.010549,-0.000004,0.000002,-0.000001
2025-12-16 17:31:04.687,0.003568,-0.000839,-0.010509,-0.000004,0.000002,-0.000001
2025-12-16 17:31:04.688,0.003551,-0.000838,-0.010472,-0.000004,0.000002,-0.000001
2025-12-16 17:31:04.693,0.003415,-0.000846,-0.010298,-0.000004,0.000002,-0.000001
2025-12-16 17:31:04.695,0.003368,-0.000843,-0.010238,-0.000004,0.000002,-0.000001
2025-12-16 17:31:04.696,0.003318,-0.000836,-0.010186,-0.000004,0.000002,-0.000001
2025-12-16 17:31:04.699,0.003258,-0.000826,-0.010133,-0.000004,0.000002,-0.000001
2025-12-16 17:31:04.700,0.003208,-0.000825,-0.010090,-0.000004,0.000002,-0.000001
2025-12-16 17:31:04.702,0.003186,-0.000826,-0.010067,-0.000004,0.000002,-0.000001
2025-12-16 17:31:04.703,0.003163,-0.000827,-0.010039,-0.000004,0.000002,-0.000001
2025-12-16 17:31:04.705,0.003119,-0.000846,-0.009973,-0.000004,0.000002,-0.000001
2025-12-16 17:31:04.706,0.003107,-0.000851,-0.009948,-0.000004,0.000002,-0.000001
2025-12-16 17:31:04.708,0.003088,-0.000866,-0.009902,-0.000004,0.000002,-0.000001
2025-12-16 17:31:04.709,0.003079,-0.000875,-0.009880,-0.000004,0.000002,-0.000001
2025-12-16 17:31:04.711,0.003072,-0.000888,-0.009849,-0.000004,0.000002,-0.000001
2025-12-16 17:31:04.713,0.003063,-0.000918,-0.009783,-0.000004,0.000002,-0.000001
2025-12-16 17:31:04.714,0.003060,-0.000940,-0.009741,-0.000004,0.000002,-0.000001
2025-12-16 17:31:04.717,0.003050,-0.001007,-0.009627,-0.000004,0.000002,-0.000001
2025-12-16 17:31:04.718,0.003046,-0.001056,-0.009546,-0.000004,0.000002,-0.000001
2025-12-16 17:31:04.720,0.003042,-0.001081,-0.009498,-0.000003,0.000002,-0.000001
2025-12-16 17:31:04.721,0.003022,-0.001124,-0.009409,-0.000003,0.000002,-0.000001
2025-12-16 17:31:04.722,0.003011,-0.001151,-0.009365,-0.000003,0.000002,-0.000001
2025-12-16 17:31:04.723,0.003002,-0.001178,-0.009327,-0.000003,0.000002,-0.000001
2025-12-16 17:31:04.724,0.002987,-0.001207,-0.009278,-0.000003,0.000002,-0.000001
2025-12-16 17:31:04.726,0.002955,-0.001263,-0.009184,-0.000003,0.000002,-0.000001
2025-12-16 17:31:04.727,0.002934,-0.001290,-0.009136,-0.000003,0.000002,-0.000001
2025-12-16 17:31:04.729,0.002913,-0.001317,-0.009088,-0.000003,0.000002,-0.000001
2025-12-16 17:31:04.730,0.002869,-0.001369,-0.008998,-0.000003,0.000002,-0.000001
2025-12-16 17:31:04.731,0.002855,-0.001391,-0.008961,-0.000003,0.000002,-0.000001
2025-12-16 17:31:04.733,0.002839,-0.001412,-0.008922,-0.000003,0.000002,-0.000001
2025-12-16 17:31:04.735,0.002797,-0.001452,-0.008836,-0.000003,0.000002,-0.000001
2025-12-16 17:31:04.738,0.002677,-0.001507,-0.008677,-0.000003,0.000002,-0.000001
2025-12-16 17:31:04.739,0.002642,-0.001521,-0.008640,-0.000003,0.000002,-0.000001
2025-12-16 17:31:04.741,0.002610,-0.001538,-0.008608,-0.000003,0.000002,-0.000001
2025-12-16 17:31:04.742,0.002576,-0.001549,-0.008577,-0.000003,0.000002,-0.000001
2025-12-16 17:31:04.743,0.002492,-0.001555,-0.008521,-0.000003,0.000002,-0.000001
2025-12-16 17:31:04.744,0.002448,-0.001555,-0.008494,-0.000003,0.000002,-0.000001
2025-12-16 17:31:04.745,0.002402,-0.001552,-0.008466,-0.000003,0.000002,-0.000001
2025-12-16 17:31:04.747,0.002356,-0.001548,-0.008442,-0.000003,0.000002,-0.000001
2025-12-16 17:31:04.749,0.002278,-0.001540,-0.008399,-0.000003,0.000002,-0.000001
2025-12-16 17:31:04.750,0.002180,-0.001522,-0.008352,-0.000003,0.000002,-0.000001
2025-12-16 17:31:04.751,0.002128,-0.001510,-0.008333,-0.000003,0.000002,-0.000000
2025-12-16 17:31:04.752,0.002073,-0.001503,-0.008313,-0.000003,0.000002,-0.000001
2025-12-16 17:31:04.753,0.002024,-0.001499,-0.008297,-0.000003,0.000002,-0.000001
2025-12-16 17:31:04.755,0.001967,-0.001486,-0.008277,-0.000003,0.000002,-0.000000
2025-12-16 17:31:04.756,0.001904,-0.001470,-0.008256,-0.000003,0.000002,-0.000000
2025-12-16 17:31:04.757,0.001769,-0.001436,-0.008224,-0.000003,0.000002,-0.000000
2025-12-16 17:31:04.758,0.001708,-0.001416,-0.008207,-0.000003,0.000002,-0.000000
2025-12-16 17:31:04.759,0.001641,-0.001393,-0.008188,-0.000003,0.000002,-0.000000
2025-12-16 17:31:04.761,0.001573,-0.001368,-0.008167,-0.000003,0.000002,-0.000000
2025-12-16 17:31:04.762,0.001516,-0.001345,-0.008149,-0.000003,0.000002,-0.000000
2025-12-16 17:31:04.763,0.001408,-0.001308,-0.008112,-0.000003,0.000002,-0.000000
2025-12-16 17:31:04.764,0.001343,-0.001286,-0.008092,-0.000003,0.000002,-0.000000
2025-12-16 17:31:04.765,0.001278,-0.001264,-0.008066,-0.000003,0.000002,-0.000000
2025-12-16 17:31:04.766,0.001224,-0.001246,-0.008041,-0.000003,0.000002,-0.000000
2025-12-16 17:31:04.767,0.001173,-0.001228,-0.008017,-0.000003,0.000002,-0.000000
2025-12-16 17:31:04.768,0.001111,-0.001205,-0.007991,-0.000003,0.000002,0.000000
2025-12-16 17:31:04.769,0.001053,-0.001183,-0.007969,-0.000003,0.000002,0.000000
2025-12-16 17:31:04.770,0.000992,-0.001165,-0.007942,-0.000003,0.000002,0.000000
2025-12-16 17:31:04.772,0.000934,-0.001149,-0.007910,-0.000003,0.000002,0.000000
2025-12-16 17:31:04.773,0.000874,-0.001126,-0.007874,-0.000003,0.000002,0.000000
2025-12-16 17:31:04.774,0.000816,-0.001105,-0.007837,-0.000003,0.000002,0.000000
2025-12-16 17:31:04.775,0.000759,-0.001085,-0.007801,-0.000003,0.000002,0.000000
2025-12-16 17:31:04.776,0.000667,-0.001054,-0.007736,-0.000003,0.000003,0.000000
2025-12-16 17:31:04.777,0.000626,-0.001041,-0.007700,-0.000003,0.000003,0.000000
2025-12-16 17:31:04.778,0.000585,-0.001031,-0.007653,-0.000003,0.000003,0.000000
2025-12-16 17:31:04.779,0.000545,-0.001021,-0.007607,-0.000003,0.000003,0.000000
2025-12-16 17:31:04.780,0.000513,-0.001013,-0.007569,-0.000003,0.000003,0.000000
2025-12-16 17:31:04.782,0.000460,-0.000994,-0.007473,-0.000003,0.000003,0.000000
2025-12-16 17:31:04.784,0.000438,-0.000983,-0.007426,-0.000003,0.000003,0.000000
2025-12-16 17:31:04.787,0.000376,-0.000965,-0.007283,-0.000003,0.000003,0.000000
2025-12-16 17:31:04.788,0.000340,-0.000950,-0.007185,-0.000003,0.000002,0.000000
2025-12-16 17:31:04.789,0.000326,-0.000940,-0.007128,-0.000003,0.000002,0.000000
2025-12-16 17:31:04.790,0.000319,-0.000937,-0.007072,-0.000003,0.000002,0.000000
2025-12-16 17:31:04.791,0.000316,-0.000935,-0.007024,-0.000003,0.000002,0.000000
2025-12-16 17:31:04.792,0.000309,-0.000931,-0.006975,-0.000003,0.000002,0.000000
2025-12-16 17:31:04.794,0.000300,-0.000920,-0.006928,-0.000003,0.000002,0.000000
2025-12-16 17:31:04.795,0.000297,-0.000912,-0.006879,-0.000003,0.000002,0.000000
2025-12-16 17:31:04.796,0.000296,-0.000902,-0.006827,-0.000003,0.000002,0.000000
2025-12-16 17:31:04.798,0.000293,-0.000890,-0.006749,-0.000003,0.000002,0.000000
2025-12-16 17:31:04.799,0.000298,-0.000878,-0.006687,-0.000003,0.000002,0.000000
2025-12-16 17:31:04.800,0.000300,-0.000870,-0.006655,-0.000003,0.000002,0.000000
2025-12-16 17:31:04.803,0.000297,-0.000827,-0.006568,-0.000003,0.000002,0.000000
2025-12-16 17:31:04.804,0.000297,-0.000808,-0.006547,-0.000003,0.000002,0.000000
2025-12-16 17:31:04.805,0.000296,-0.000788,-0.006528,-0.000003,0.000002,0.000000
2025-12-16 17:31:04.806,0.000295,-0.000770,-0.006511,-0.000002,0.000002,0.000000
2025-12-16 17:31:04.807,0.000295,-0.000747,-0.006496,-0.000003,0.000002,0.000000
2025-12-16 17:31:04.808,0.000288,-0.000721,-0.006484,-0.000002,0.000002,0.000000
2025-12-16 17:31:04.809,0.000280,-0.000697,-0.006474,-0.000002,0.000002,0.000000
2025-12-16 17:31:04.810,0.000263,-0.000666,-0.006467,-0.000002,0.000002,0.000000
2025-12-16 17:31:04.811,0.000247,-0.000637,-0.006462,-0.000002,0.000002,0.000000
2025-12-16 17:31:04.813,0.000231,-0.000608,-0.006459,-0.000002,0.000002,0.000000
2025-12-16 17:31:04.814,0.000215,-0.000579,-0.006459,-0.000002,0.000002,0.000000
2025-12-16 17:31:04.815,0.000196,-0.000545,-0.006463,-0.000002,0.000002,0.000000
2025-12-16 17:31:04.816,0.000149,-0.000475,-0.006482,-0.000002,0.000002,0.000000
2025-12-16 17:31:04.818,0.000099,-0.000390,-0.006490,-0.000003,0.000002,0.000000
2025-12-16 17:31:04.820,0.000059,-0.000337,-0.006495,-0.000002,0.000002,0.000000
2025-12-16 17:31:04.821,-0.000008,-0.000235,-0.006303,-0.000002,0.000002,0.000000
2025-12-16 17:31:04.822,-0.000039,-0.000193,-0.006268,-0.000002,0.000002,0.000000
2025-12-16 17:31:04.823,-0.000075,-0.000147,-0.006298,-0.000002,0.000002,0.000000
2025-12-16 17:31:04.824,-0.000112,-0.000100,-0.006345,-0.000002,0.000002,0.000001
2025-12-16 17:31:04.825,-0.000156,-0.000050,-0.006393,-0.000003,0.000002,0.000001
2025-12-16 17:31:04.827,-0.000199,0.000002,-0.006437,-0.000002,0.000002,0.000001
2025-12-16 17:31:04.829,-0.000273,0.000089,-0.006500,-0.000003,0.000002,0.000001
2025-12-16 17:31:04.831,-0.000382,0.000216,-0.006543,-0.000003,0.000003,0.000001
2025-12-16 17:31:04.832,-0.000416,0.000255,-0.006552,-0.000003,0.000003,0.000001
2025-12-16 17:31:04.833,-0.000449,0.000290,-0.006557,-0.000003,0.000003,0.000001
2025-12-16 17:31:04.835,-0.000481,0.000326,-0.006557,-0.000003,0.000003,0.000001
2025-12-16 17:31:04.836,-0.000511,0.000361,-0.006558,-0.000003,0.000003,0.000001
2025-12-16 17:31:04.837,-0.000566,0.000422,-0.006555,-0.000003,0.000003,0.000001
2025-12-16 17:31:04.839,-0.000588,0.000445,-0.006555,-0.000003,0.000003,0.000001
2025-12-16 17:31:04.840,-0.000607,0.000467,-0.006552,-0.000003,0.000003,0.000001
2025-12-16 17:31:04.841,-0.000644,0.000500,-0.006546,-0.000003,0.000003,0.000001
2025-12-16 17:31:04.842,-0.000661,0.000516,-0.006543,-0.000003,0.000003,0.000001
2025-12-16 17:31:04.845,-0.000698,0.000541,-0.006542,-0.000003,0.000003,0.000001
2025-12-16 17:31:04.846,-0.000703,0.000545,-0.006536,-0.000003,0.000003,0.000001
2025-12-16 17:31:04.847,-0.000706,0.000547,-0.006528,-0.000003,0.000003,0.000001
2025-12-16 17:31:04.848,-0.000711,0.000553,-0.006524,-0.000003,0.000003,0.000001
2025-12-16 17:31:04.850,-0.000716,0.000559,-0.006521,-0.000003,0.000003,0.000001
2025-12-16 17:31:04.851,-0.000719,0.000558,-0.006519,-0.000003,0.000003,0.000001
2025-12-16 17:31:04.852,-0.000720,0.000554,-0.006519,-0.000003,0.000003,0.000001
2025-12-16 17:31:04.853,-0.000722,0.000547,-0.006518,-0.000003,0.000003,0.000001
2025-12-16 17:31:04.855,-0.000721,0.000539,-0.006518,-0.000003,0.000003,0.000001
2025-12-16 17:31:04.856,-0.000719,0.000529,-0.006518,-0.000003,0.000003,0.000001
2025-12-16 17:31:04.857,-0.000710,0.000515,-0.006513,-0.000003,0.000003,0.000001
2025-12-16 17:31:04.858,-0.000705,0.000506,-0.006510,-0.000003,0.000003,0.000001
2025-12-16 17:31:04.859,-0.000701,0.000498,-0.006508,-0.000003,0.000003,0.000001
2025-12-16 17:31:04.861,-0.000703,0.000493,-0.006512,-0.000003,0.000003,0.000001
2025-12-16 17:31:04.862,-0.000709,0.000483,-0.006519,-0.000003,0.000003,0.000001
2025-12-16 17:31:04.863,-0.000709,0.000478,-0.006520,-0.000003,0.000003,0.000001
2025-12-16 17:31:04.864,-0.000705,0.000476,-0.006518,-0.000003,0.000003,0.000001
2025-12-16 17:31:04.865,-0.000701,0.000476,-0.006515,-0.000003,0.000003,0.000001
2025-12-16 17:31:04.866,-0.000696,0.000472,-0.006517,-0.000003,0.000003,0.000001
2025-12-16 17:31:04.868,-0.000691,0.000467,-0.006521,-0.000003,0.000003,0.000001
2025-12-16 17:31:04.869,-0.000684,0.000459,-0.006522,-0.000003,0.000003,0.000001
2025-12-16 17:31:04.870,-0.000684,0.000457,-0.006522,-0.000003,0.000003,0.000001
2025-12-16 17:31:04.871,-0.000686,0.000456,-0.006525,-0.000003,0.000003,0.000001
2025-12-16 17:31:04.872,-0.000684,0.000455,-0.006527,-0.000003,0.000003,0.000001
2025-12-16 17:31:04.873,-0.000678,0.000452,-0.006532,-0.000003,0.000003,0.000001
2025-12-16 17:31:04.874,-0.000671,0.000449,-0.006537,-0.000003,0.000003,0.000001
2025-12-16 17:31:04.875,-0.000666,0.000447,-0.006542,-0.000003,0.000003,0.000001
2025-12-16 17:31:04.876,-0.000661,0.000445,-0.006545,-0.000003,0.000003,0.000001
2025-12-16 17:31:04.877,-0.000661,0.000447,-0.006550,-0.000003,0.000003,0.000001
2025-12-16 17:31:04.878,-0.000655,0.000445,-0.006555,-0.000003,0.000003,0.000001
2025-12-16 17:31:04.880,-0.000637,0.000439,-0.006571,-0.000003,0.000003,0.000001
2025-12-16 17:31:04.881,-0.000623,0.000433,-0.006578,-0.000003,0.000003,0.000001
2025-12-16 17:31:04.882,-0.000613,0.000430,-0.006587,-0.000003,0.000003,0.000001
2025-12-16 17:31:04.883,-0.000607,0.000429,-0.006595,-0.000003,0.000003,0.000001
2025-12-16 17:31:04.884,-0.000601,0.000424,-0.006606,-0.000003,0.000003,0.000001
2025-12-16 17:31:04.885,-0.000596,0.000418,-0.006617,-0.000003,0.000003,0.000001
2025-12-16 17:31:04.886,-0.000589,0.000410,-0.006624,-0.000003,0.000003,0.000001
2025-12-16 17:31:04.887,-0.000581,0.000402,-0.006628,-0.000003,0.000003,0.000001
2025-12-16 17:31:04.888,-0.000567,0.000392,-0.006636,-0.000003,0.000003,0.000001
2025-12-16 17:31:04.889,-0.000554,0.000389,-0.006643,-0.000003,0.000003,0.000001
2025-12-16 17:31:04.891,-0.000538,0.000381,-0.006652,-0.000003,0.000003,0.000001
2025-12-16 17:31:04.892,-0.000521,0.000375,-0.006658,-0.000003,0.000003,0.000001
2025-12-16 17:31:04.893,-0.000505,0.000367,-0.006666,-0.000003,0.000003,0.000001
2025-12-16 17:31:04.894,-0.000491,0.000358,-0.006674,-0.000003,0.000003,0.000001
2025-12-16 17:31:04.895,-0.000472,0.000350,-0.006697,-0.000003,0.000003,0.000001
2025-12-16 17:31:04.896,-0.000462,0.000344,-0.006704,-0.000003,0.000003,0.000001
2025-12-16 17:31:04.897,-0.000447,0.000340,-0.006708,-0.000003,0.000003,0.000001
2025-12-16 17:31:04.898,-0.000435,0.000334,-0.006714,-0.000003,0.000003,0.000001
2025-12-16 17:31:04.899,-0.000421,0.000327,-0.006721,-0.000003,0.000003,0.000001
2025-12-16 17:31:04.900,-0.000410,0.000320,-0.006727,-0.000003,0.000003,0.000001
2025-12-16 17:31:04.901,-0.000400,0.000314,-0.006733,-0.000003,0.000003,0.000001
2025-12-16 17:31:04.903,-0.000385,0.000307,-0.006742,-0.000003,0.000003,0.000001
2025-12-16 17:31:04.904,-0.000370,0.000301,-0.006756,-0.000003,0.000003,0.000001
2025-12-16 17:31:04.905,-0.000342,0.000286,-0.006784,-0.000003,0.000003,0.000001
2025-12-16 17:31:04.906,-0.000329,0.000281,-0.006796,-0.000003,0.000003,0.000001
2025-12-16 17:31:04.908,-0.000316,0.000277,-0.006808,-0.000003,0.000003,0.000001
2025-12-16 17:31:04.909,-0.000299,0.000273,-0.006822,-0.000003,0.000003,0.000001
2025-12-16 17:31:04.910,-0.000291,0.000273,-0.006833,-0.000003,0.000003,0.000001
2025-12-16 17:31:04.911,-0.000280,0.000272,-0.006846,-0.000003,0.000003,0.000001
2025-12-16 17:31:04.912,-0.000271,0.000271,-0.006858,-0.000003,0.000003,0.000001
2025-12-16 17:31:04.913,-0.000265,0.000267,-0.006870,-0.000003,0.000003,0.000001
2025-12-16 17:31:04.914,-0.000263,0.000269,-0.006881,-0.000003,0.000003,0.000001
2025-12-16 17:31:04.915,-0.000259,0.000271,-0.006891,-0.000003,0.000003,0.000001
2025-12-16 17:31:04.917,-0.000258,0.000276,-0.006903,-0.000003,0.000003,0.000001
2025-12-16 17:31:04.918,-0.000250,0.000283,-0.006926,-0.000003,0.000003,0.000001
2025-12-16 17:31:04.919,-0.000244,0.000289,-0.006937,-0.000003,0.000003,0.000001
2025-12-16 17:31:04.920,-0.000240,0.000293,-0.006949,-0.000003,0.000003,0.000001
2025-12-16 17:31:04.921,-0.000235,0.000300,-0.006962,-0.000003,0.000003,0.000001
2025-12-16 17:31:04.922,-0.000226,0.000306,-0.006976,-0.000003,0.000003,0.000001
2025-12-16 17:31:04.923,-0.000217,0.000311,-0.006993,-0.000003,0.000003,0.000001
2025-12-16 17:31:04.924,-0.000211,0.000313,-0.007011,-0.000003,0.000003,0.000001
2025-12-16 17:31:04.925,-0.000200,0.000310,-0.007031,-0.000003,0.000003,0.000001
2025-12-16 17:31:04.927,-0.000192,0.000309,-0.007052,-0.000003,0.000003,0.000001
2025-12-16 17:31:04.928,-0.000177,0.000303,-0.007097,-0.000003,0.000003,0.000001
2025-12-16 17:31:04.929,-0.000168,0.000299,-0.007120,-0.000003,0.000003,0.000001
2025-12-16 17:31:04.930,-0.000160,0.000295,-0.007141,-0.000003,0.000003,0.000001
2025-12-16 17:31:04.931,-0.000157,0.000295,-0.007160,-0.000003,0.000003,0.000001
2025-12-16 17:31:04.933,-0.000151,0.000291,-0.007187,-0.000003,0.000003,0.000001
2025-12-16 17:31:04.935,-0.000133,0.000277,-0.007243,-0.000003,0.000003,0.000001
2025-12-16 17:31:04.937,-0.000113,0.000253,-0.007309,-0.000003,0.000003,0.000001
2025-12-16 17:31:04.938,-0.000104,0.000222,-0.007384,-0.000003,0.000003,0.000001
2025-12-16 17:31:04.939,-0.000097,0.000204,-0.007419,-0.000003,0.000003,0.000001
2025-12-16 17:31:04.943,-0.000077,0.000148,-0.007527,-0.000003,0.000003,0.000001
2025-12-16 17:31:04.944,-0.000062,0.000104,-0.007611,-0.000003,0.000003,0.000001
2025-12-16 17:31:04.945,-0.000046,0.000081,-0.007651,-0.000003,0.000003,0.000001
2025-12-16 17:31:04.946,-0.000028,0.000055,-0.007697,-0.000003,0.000003,0.000001
2025-12-16 17:31:04.947,-0.000015,0.000030,-0.007746,-0.000003,0.000003,0.000001
2025-12-16 17:31:04.949,-0.000002,0.000001,-0.007799,-0.000003,0.000003,0.000001
2025-12-16 17:31:04.950,0.000011,-0.000029,-0.007855,-0.000003,0.000003,0.000001
2025-12-16 17:31:04.951,0.000027,-0.000060,-0.007910,-0.000003,0.000003,0.000001
2025-12-16 17:31:04.953,0.000042,-0.000086,-0.007957,-0.000003,0.000003,0.000001
2025-12-16 17:31:04.954,0.000055,-0.000110,-0.008004,-0.000003,0.000003,0.000001
2025-12-16 17:31:04.955,0.000073,-0.000134,-0.008055,-0.000003,0.000003,0.000001
2025-12-16 17:31:04.957,0.000137,-0.000209,-0.008229,-0.000003,0.000003,0.000001
2025-12-16 17:31:04.958,0.000192,-0.000243,-0.008343,-0.000003,0.000003,0.000000
2025-12-16 17:31:04.959,0.000212,-0.000260,-0.008400,-0.000003,0.000003,0.000000
2025-12-16 17:31:04.960,0.000235,-0.000275,-0.008456,-0.000003,0.000003,0.000000
2025-12-16 17:31:04.961,0.000254,-0.000286,-0.008516,-0.000003,0.000003,0.000000
2025-12-16 17:31:04.963,0.000274,-0.000298,-0.008584,-0.000003,0.000003,0.000000
2025-12-16 17:31:04.964,0.000311,-0.000313,-0.008708,-0.000003,0.000003,0.000000
2025-12-16 17:31:04.965,0.000329,-0.000318,-0.008775,-0.000003,0.000003,0.000000
2025-12-16 17:31:04.967,0.000346,-0.000317,-0.008849,-0.000004,0.000003,0.000000
2025-12-16 17:31:04.968,0.000359,-0.000313,-0.008913,-0.000003,0.000003,0.000000
2025-12-16 17:31:04.969,0.000400,-0.000303,-0.009053,-0.000004,0.000003,0.000000
2025-12-16 17:31:04.970,0.000425,-0.000296,-0.009130,-0.000004,0.000003,0.000000
2025-12-16 17:31:04.972,0.000464,-0.000280,-0.009267,-0.000004,0.000003,0.000000
2025-12-16 17:31:04.976,0.000507,-0.000243,-0.009493,-0.000004,0.000003,0.000000
2025-12-16 17:31:04.977,0.000537,-0.000217,-0.009631,-0.000004,0.000003,0.000000
2025-12-16 17:31:04.979,0.000555,-0.000202,-0.009707,-0.000004,0.000003,0.000001
2025-12-16 17:31:04.980,0.000595,-0.000172,-0.009860,-0.000004,0.000003,0.000000
2025-12-16 17:31:04.981,0.000613,-0.000162,-0.009922,-0.000004,0.000003,0.000001
2025-12-16 17:31:04.983,0.000626,-0.000143,-0.009991,-0.000004,0.000004,0.000001
2025-12-16 17:31:04.984,0.000638,-0.000108,-0.010120,-0.000004,0.000004,0.000001
2025-12-16 17:31:04.985,0.000640,-0.000091,-0.010183,-0.000004,0.000004,0.000001
2025-12-16 17:31:04.986,0.000646,-0.000074,-0.010252,-0.000004,0.000004,0.000001
2025-12-16 17:31:04.987,0.000653,-0.000060,-0.010313,-0.000004,0.000004,0.000001
2025-12-16 17:31:04.988,0.000663,-0.000047,-0.010374,-0.000005,0.000004,0.000001
2025-12-16 17:31:04.989,0.000678,-0.000036,-0.010432,-0.000004,0.000004,0.000001
2025-12-16 17:31:04.990,0.000692,-0.000028,-0.010481,-0.000004,0.000004,0.000001
2025-12-16 17:31:04.992,0.000705,-0.000017,-0.010534,-0.000005,0.000004,0.000001
2025-12-16 17:31:04.993,0.000727,0.000002,-0.010624,-0.000005,0.000004,0.000001
2025-12-16 17:31:04.994,0.000742,0.000008,-0.010667,-0.000005,0.000004,0.000001
2025-12-16 17:31:04.995,0.000757,0.000013,-0.010704,-0.000005,0.000004,0.000001
2025-12-16 17:31:04.997,0.000769,0.000019,-0.010738,-0.000005,0.000004,0.000001
2025-12-16 17:31:04.998,0.000785,0.000026,-0.010770,-0.000005,0.000004,0.000001
2025-12-16 17:31:04.999,0.000823,0.000039,-0.010819,-0.000005,0.000004,0.000001
2025-12-16 17:31:05.000,0.000849,0.000041,-0.010840,-0.000005,0.000004,0.000001
2025-12-16 17:31:05.001,0.000873,0.000042,-0.010856,-0.000005,0.000004,0.000001
2025-12-16 17:31:05.002,0.000909,0.000034,-0.010866,-0.000005,0.000004,0.000001
2025-12-16 17:31:05.003,0.000948,0.000028,-0.010870,-0.000005,0.000004,0.000001
2025-12-16 17:31:05.004,0.000991,0.000021,-0.010868,-0.000005,0.000004,0.000001
2025-12-16 17:31:05.007,0.001084,-0.000001,-0.010847,-0.000005,0.000004,0.000000
2025-12-16 17:31:05.008,0.001176,-0.000026,-0.010826,-0.000005,0.000004,0.000000
2025-12-16 17:31:05.009,0.001222,-0.000036,-0.010809,-0.000005,0.000004,0.000000
2025-12-16 17:31:05.010,0.001269,-0.000048,-0.010791,-0.000005,0.000004,0.000000
2025-12-16 17:31:05.011,0.001309,-0.000060,-0.010776,-0.000005,0.000004,0.000000
2025-12-16 17:31:05.013,0.001427,-0.000101,-0.010726,-0.000005,0.000004,0.000000
2025-12-16 17:31:05.014,0.001488,-0.000121,-0.010698,-0.000005,0.000004,0.000000
2025-12-16 17:31:05.015,0.001540,-0.000137,-0.010674,-0.000005,0.000003,0.000000
2025-12-16 17:31:05.017,0.001597,-0.000156,-0.010652,-0.000004,0.000003,0.000000
2025-12-16 17:31:05.018,0.001700,-0.000197,-0.010619,-0.000004,0.000003,0.000000
2025-12-16 17:31:05.021,0.001797,-0.000246,-0.010585,-0.000004,0.000003,0.000000
2025-12-16 17:31:05.022,0.001896,-0.000292,-0.010543,-0.000004,0.000003,0.000000
2025-12-16 17:31:05.023,0.001941,-0.000314,-0.010529,-0.000004,0.000003,0.000000
2025-12-16 17:31:05.024,0.001988,-0.000337,-0.010521,-0.000004,0.000003,0.000000
2025-12-16 17:31:05.026,0.002027,-0.000361,-0.010519,-0.000004,0.000003,0.000000
2025-12-16 17:31:05.027,0.002062,-0.000379,-0.010520,-0.000004,0.000003,-0.000000
2025-12-16 17:31:05.028,0.002092,-0.000393,-0.010522,-0.000004,0.000003,0.000000
2025-12-16 17:31:05.029,0.002140,-0.000429,-0.010538,-0.000004,0.000003,0.000000
2025-12-16 17:31:05.031,0.002162,-0.000448,-0.010551,-0.000004,0.000003,-0.000000
2025-12-16 17:31:05.032,0.002182,-0.000465,-0.010562,-0.000004,0.000003,-0.000000
2025-12-16 17:31:05.033,0.002207,-0.000494,-0.010605,-0.000004,0.000003,-0.000000
2025-12-16 17:31:05.035,0.002210,-0.000508,-0.010645,-0.000004,0.000003,-0.000000
2025-12-16 17:31:05.037,0.002206,-0.000531,-0.010727,-0.000004,0.000003,-0.000000
2025-12-16 17:31:05.039,0.002198,-0.000556,-0.010829,-0.000004,0.000003,-0.000000
2025-12-16 17:31:05.040,0.002179,-0.000582,-0.010958,-0.000004,0.000003,-0.000000
2025-12-16 17:31:05.041,0.002169,-0.000596,-0.011025,-0.000004,0.000003,-0.000000
2025-12-16 17:31:05.042,0.002159,-0.000607,-0.011096,-0.000004,0.000003,-0.000000
2025-12-16 17:31:05.045,0.002142,-0.000633,-0.011232,-0.000005,0.000003,-0.000000
2025-12-16 17:31:05.046,0.002123,-0.000661,-0.011393,-0.000005,0.000003,-0.000000
2025-12-16 17:31:05.049,0.002094,-0.000687,-0.011560,-0.000005,0.000003,-0.000000
2025-12-16 17:31:05.051,0.002065,-0.000712,-0.011752,-0.000005,0.000003,-0.000000
2025-12-16 17:31:05.052,0.002057,-0.000723,-0.011842,-0.000005,0.000003,-0.000000
2025-12-16 17:31:05.053,0.002048,-0.000737,-0.011952,-0.000005,0.000004,-0.000000
2025-12-16 17:31:05.055,0.002038,-0.000760,-0.012166,-0.000005,0.000004,-0.000000
2025-12-16 17:31:05.056,0.002024,-0.000787,-0.012374,-0.000005,0.000004,0.000000
2025-12-16 17:31:05.057,0.002019,-0.000798,-0.012478,-0.000005,0.000004,0.000000
2025-12-16 17:31:05.059,0.002007,-0.000823,-0.012698,-0.000005,0.000004,0.000000
2025-12-16 17:31:05.060,0.002009,-0.000833,-0.012802,-0.000005,0.000004,0.000000
2025-12-16 17:31:05.061,0.002016,-0.000844,-0.012900,-0.000005,0.000004,0.000000
2025-12-16 17:31:05.063,0.002017,-0.000854,-0.013009,-0.000006,0.000004,0.000000
2025-12-16 17:31:05.064,0.002022,-0.000871,-0.013203,-0.000005,0.000004,0.000000
2025-12-16 17:31:05.069,0.002054,-0.000876,-0.013551,-0.000006,0.000004,0.000000
2025-12-16 17:31:05.070,0.002076,-0.000875,-0.013706,-0.000006,0.000004,0.000000
2025-12-16 17:31:05.071,0.002085,-0.000869,-0.013777,-0.000006,0.000004,0.000000
2025-12-16 17:31:05.073,0.002093,-0.000862,-0.013837,-0.000006,0.000004,0.000000
2025-12-16 17:31:05.075,0.002117,-0.000825,-0.013998,-0.000006,0.000004,0.000000
2025-12-16 17:31:05.076,0.002129,-0.000813,-0.014035,-0.000006,0.000004,0.000000
2025-12-16 17:31:05.077,0.002141,-0.000794,-0.014060,-0.000006,0.000004,0.000000
2025-12-16 17:31:05.078,0.002150,-0.000776,-0.014077,-0.000006,0.000004,0.000000
2025-12-16 17:31:05.080,0.002160,-0.000750,-0.014090,-0.000006,0.000004,0.000000
2025-12-16 17:31:05.081,0.002167,-0.000724,-0.014101,-0.000006,0.000004,0.000000
2025-12-16 17:31:05.083,0.002186,-0.000677,-0.014106,-0.000006,0.000004,0.000000
2025-12-16 17:31:05.084,0.002205,-0.000627,-0.014085,-0.000006,0.000004,-0.000000
2025-12-16 17:31:05.095,0.002456,-0.000350,-0.013671,-0.000006,0.000004,-0.000000
2025-12-16 17:31:05.096,0.002490,-0.000327,-0.013615,-0.000006,0.000004,-0.000000
2025-12-16 17:31:05.098,0.002524,-0.000307,-0.013564,-0.000006,0.000004,-0.000000
2025-12-16 17:31:05.099,0.002558,-0.000285,-0.013517,-0.000006,0.000004,-0.000000
2025-12-16 17:31:05.100,0.002623,-0.000250,-0.013415,-0.000006,0.000004,-0.000000
2025-12-16 17:31:05.105,0.002791,-0.000197,-0.013190,-0.000006,0.000004,-0.000000
2025-12-16 17:31:05.106,0.002831,-0.000196,-0.013144,-0.000006,0.000004,-0.000000
2025-12-16 17:31:05.108,0.002878,-0.000196,-0.013099,-0.000006,0.000004,-0.000000
2025-12-16 17:31:05.109,0.002964,-0.000195,-0.013010,-0.000006,0.000004,-0.000000
2025-12-16 17:31:05.110,0.003002,-0.000197,-0.012972,-0.000006,0.000004,-0.000000
2025-12-16 17:31:05.111,0.003034,-0.000201,-0.012942,-0.000006,0.000004,-0.000000
2025-12-16 17:31:05.112,0.003064,-0.000205,-0.012914,-0.000006,0.000004,-0.000000
2025-12-16 17:31:05.113,0.003099,-0.000212,-0.012884,-0.000006,0.000004,-0.000000
2025-12-16 17:31:05.115,0.003130,-0.000219,-0.012858,-0.000006,0.000004,-0.000000
2025-12-16 17:31:05.116,0.003197,-0.000239,-0.012816,-0.000005,0.000004,-0.000000
2025-12-16 17:31:05.117,0.003223,-0.000252,-0.012802,-0.000005,0.000004,-0.000000
2025-12-16 17:31:05.121,0.003288,-0.000276,-0.012769,-0.000005,0.000003,-0.000000
2025-12-16 17:31:05.122,0.003330,-0.000298,-0.012766,-0.000005,0.000003,-0.000001
2025-12-16 17:31:05.123,0.003349,-0.000308,-0.012772,-0.000005,0.000003,-0.000001
2025-12-16 17:31:05.124,0.003363,-0.000317,-0.012779,-0.000005,0.000003,-0.000000
2025-12-16 17:31:05.125,0.003371,-0.000323,-0.012793,-0.000005,0.000003,-0.000000
2025-12-16 17:31:05.126,0.003383,-0.000332,-0.012812,-0.000005,0.000003,-0.000001
2025-12-16 17:31:05.128,0.003393,-0.000340,-0.012838,-0.000005,0.000003,-0.000001
2025-12-16 17:31:05.129,0.003409,-0.000355,-0.012892,-0.000005,0.000003,-0.000001
2025-12-16 17:31:05.130,0.003416,-0.000360,-0.012924,-0.000005,0.000003,-0.000001
2025-12-16 17:31:05.133,0.003430,-0.000370,-0.012997,-0.000005,0.000003,-0.000001
2025-12-16 17:31:05.134,0.003440,-0.000374,-0.013081,-0.000005,0.000003,-0.000001
2025-12-16 17:31:05.135,0.003445,-0.000374,-0.013132,-0.000005,0.000003,-0.000001
2025-12-16 17:31:05.136,0.003448,-0.000373,-0.013177,-0.000005,0.000003,-0.000001
2025-12-16 17:31:05.137,0.003449,-0.000371,-0.013226,-0.000005,0.000004,-0.000001
2025-12-16 17:31:05.138,0.003451,-0.000371,-0.013279,-0.000005,0.000004,-0.000001
2025-12-16 17:31:05.140,0.003453,-0.000372,-0.013374,-0.000005,0.000004,-0.000001
2025-12-16 17:31:05.141,0.003456,-0.000371,-0.013423,-0.000005,0.000004,-0.000001
2025-12-16 17:31:05.142,0.003457,-0.000372,-0.013481,-0.000005,0.000004,-0.000001
2025-12-16 17:31:05.143,0.003457,-0.000370,-0.013542,-0.000006,0.000004,-0.000001
2025-12-16 17:31:05.144,0.003457,-0.000366,-0.013596,-0.000006,0.000004,-0.000001
2025-12-16 17:31:05.146,0.003459,-0.000365,-0.013648,-0.000006,0.000004,-0.000001
2025-12-16 17:31:05.147,0.003458,-0.000362,-0.013694,-0.000006,0.000004,-0.000001
2025-12-16 17:31:05.148,0.003456,-0.000356,-0.013736,-0.000006,0.000004,-0.000001
2025-12-16 17:31:05.149,0.003457,-0.000354,-0.013807,-0.000006,0.000004,-0.000000
2025-12-16 17:31:05.151,0.003456,-0.000354,-0.013844,-0.000006,0.000004,-0.000000
2025-12-16 17:31:05.152,0.003458,-0.000354,-0.013905,-0.000006,0.000004,-0.000000
2025-12-16 17:31:05.153,0.003462,-0.000354,-0.013929,-0.000006,0.000004,-0.000000
2025-12-16 17:31:05.155,0.003458,-0.000357,-0.013953,-0.000006,0.000004,-0.000000
2025-12-16 17:31:05.156,0.003451,-0.000359,-0.013975,-0.000006,0.000004,-0.000000
2025-12-16 17:31:05.157,0.003450,-0.000368,-0.013992,-0.000006,0.000004,-0.000000
2025-12-16 17:31:05.158,0.003443,-0.000375,-0.013994,-0.000006,0.000004,-0.000000
2025-12-16 17:31:05.159,0.003435,-0.000382,-0.013994,-0.000006,0.000004,-0.000000
2025-12-16 17:31:05.160,0.003434,-0.000387,-0.013988,-0.000006,0.000004,-0.000000
2025-12-16 17:31:05.162,0.003432,-0.000396,-0.013979,-0.000006,0.000004,-0.000000
2025-12-16 17:31:05.163,0.003424,-0.000400,-0.013965,-0.000006,0.000004,-0.000000
2025-12-16 17:31:05.165,0.003406,-0.000411,-0.013936,-0.000006,0.000004,-0.000000
2025-12-16 17:31:05.166,0.003385,-0.000432,-0.013883,-0.000006,0.000004,-0.000000
2025-12-16 17:31:05.167,0.003373,-0.000442,-0.013847,-0.000006,0.000004,-0.000000
2025-12-16 17:31:05.168,0.003361,-0.000451,-0.013810,-0.000006,0.000004,-0.000000
2025-12-16 17:31:05.170,0.003333,-0.000461,-0.013725,-0.000006,0.000004,-0.000000
2025-12-16 17:31:05.172,0.003317,-0.000466,-0.013683,-0.000006,0.000004,-0.000000
2025-12-16 17:31:05.173,0.003294,-0.000468,-0.013639,-0.000006,0.000004,-0.000000
2025-12-16 17:31:05.174,0.003275,-0.000470,-0.013589,-0.000006,0.000004,-0.000000
2025-12-16 17:31:05.175,0.003228,-0.000475,-0.013492,-0.000006,0.000004,-0.000000
2025-12-16 17:31:05.177,0.003201,-0.000475,-0.013448,-0.000006,0.000004,-0.000000
2025-12-16 17:31:05.178,0.003148,-0.000476,-0.013354,-0.000006,0.000004,-0.000000
2025-12-16 17:31:05.179,0.003119,-0.000468,-0.013308,-0.000005,0.000004,-0.000000
2025-12-16 17:31:05.181,0.003037,-0.000450,-0.013205,-0.000005,0.000004,-0.000000
2025-12-16 17:31:05.182,0.002987,-0.000439,-0.013146,-0.000005,0.000004,-0.000000
2025-12-16 17:31:05.183,0.002938,-0.000430,-0.013086,-0.000005,0.000004,-0.000000
2025-12-16 17:31:05.184,0.002887,-0.000417,-0.013027,-0.000005,0.000004,-0.000000
2025-12-16 17:31:05.186,0.002837,-0.000405,-0.012971,-0.000005,0.000004,-0.000000
2025-12-16 17:31:05.187,0.002748,-0.000379,-0.012878,-0.000005,0.000004,-0.000000
2025-12-16 17:31:05.188,0.002706,-0.000370,-0.012839,-0.000005,0.000004,-0.000000
2025-12-16 17:31:05.189,0.002659,-0.000358,-0.012799,-0.000005,0.000004,-0.000000
2025-12-16 17:31:05.191,0.002616,-0.000347,-0.012766,-0.000005,0.000004,-0.000000
2025-12-16 17:31:05.192,0.002581,-0.000335,-0.012731,-0.000005,0.000004,-0.000000
2025-12-16 17:31:05.193,0.002536,-0.000319,-0.012697,-0.000005,0.000004,-0.000000
2025-12-16 17:31:05.194,0.002440,-0.000283,-0.012630,-0.000005,0.000004,-0.000000
2025-12-16 17:31:05.195,0.002395,-0.000264,-0.012604,-0.000005,0.000004,-0.000000
2025-12-16 17:31:05.197,0.002349,-0.000242,-0.012581,-0.000005,0.000004,-0.000000
2025-12-16 17:31:05.198,0.002296,-0.000217,-0.012564,-0.000005,0.000004,-0.000000
2025-12-16 17:31:05.199,0.002210,-0.000178,-0.012542,-0.000005,0.000004,-0.000000
2025-12-16 17:31:05.200,0.002167,-0.000160,-0.012536,-0.000005,0.000004,-0.000000
2025-12-16 17:31:05.201,0.002126,-0.000142,-0.012535,-0.000005,0.000004,-0.000000
2025-12-16 17:31:05.202,0.002082,-0.000117,-0.012538,-0.000005,0.000004,0.000000
2025-12-16 17:31:05.204,0.002025,-0.000086,-0.012545,-0.000005,0.000004,0.000000
2025-12-16 17:31:05.205,0.001973,-0.000056,-0.012557,-0.000005,0.000004,0.000000
2025-12-16 17:31:05.206,0.001871,0.000003,-0.012591,-0.000005,0.000004,0.000000
2025-12-16 17:31:05.209,0.001776,0.000060,-0.012626,-0.000005,0.000004,0.000000
2025-12-16 17:31:05.210,0.001667,0.000125,-0.012669,-0.000006,0.000004,0.000000
2025-12-16 17:31:05.211,0.001606,0.000165,-0.012696,-0.000006,0.000004,0.000000
2025-12-16 17:31:05.212,0.001553,0.000201,-0.012720,-0.000006,0.000004,0.000000
2025-12-16 17:31:05.215,0.001383,0.000323,-0.012800,-0.000006,0.000004,0.000001
2025-12-16 17:31:05.216,0.001322,0.000364,-0.012831,-0.000006,0.000004,0.000001
2025-12-16 17:31:05.217,0.001270,0.000400,-0.012859,-0.000006,0.000004,0.000001
2025-12-16 17:31:05.219,0.001217,0.000436,-0.012884,-0.000006,0.000005,0.000001
2025-12-16 17:31:05.220,0.001101,0.000520,-0.012936,-0.000006,0.000005,0.000001
2025-12-16 17:31:05.222,0.001053,0.000552,-0.012959,-0.000006,0.000005,0.000001
2025-12-16 17:31:05.226,0.000833,0.000767,-0.013038,-0.000006,0.000005,0.000001
2025-12-16 17:31:05.228,0.000790,0.000818,-0.013045,-0.000006,0.000005,0.000001
2025-12-16 17:31:05.229,0.000752,0.000866,-0.013052,-0.000006,0.000005,0.000001
2025-12-16 17:31:05.230,0.000720,0.000907,-0.013048,-0.000006,0.000005,0.000001
2025-12-16 17:31:05.233,0.000649,0.001043,-0.012999,-0.000006,0.000005,0.000001
2025-12-16 17:31:05.234,0.000640,0.001074,-0.012976,-0.000006,0.000005,0.000001
2025-12-16 17:31:05.235,0.000633,0.001100,-0.012955,-0.000006,0.000005,0.000001
2025-12-16 17:31:05.236,0.000636,0.001121,-0.012926,-0.000006,0.000005,0.000001
2025-12-16 17:31:05.238,0.000648,0.001136,-0.012893,-0.000006,0.000005,0.000001
2025-12-16 17:31:05.239,0.000662,0.001146,-0.012858,-0.000006,0.000005,0.000001
2025-12-16 17:31:05.240,0.000693,0.001163,-0.012783,-0.000006,0.000005,0.000001
2025-12-16 17:31:05.243,0.000723,0.001179,-0.012713,-0.000006,0.000005,0.000001
2025-12-16 17:31:05.244,0.000764,0.001200,-0.012605,-0.000006,0.000005,0.000001
2025-12-16 17:31:05.245,0.000797,0.001198,-0.012546,-0.000006,0.000005,0.000001
2025-12-16 17:31:05.246,0.000829,0.001192,-0.012493,-0.000006,0.000005,0.000001
2025-12-16 17:31:05.248,0.000869,0.001191,-0.012428,-0.000006,0.000005,0.000001
2025-12-16 17:31:05.249,0.000911,0.001189,-0.012359,-0.000006,0.000005,0.000001
2025-12-16 17:31:05.250,0.000947,0.001187,-0.012298,-0.000006,0.000005,0.000001
2025-12-16 17:31:05.251,0.000981,0.001184,-0.012246,-0.000006,0.000005,0.000001
2025-12-16 17:31:05.252,0.001055,0.001178,-0.012130,-0.000006,0.000004,0.000001
2025-12-16 17:31:05.253,0.001094,0.001173,-0.012063,-0.000006,0.000004,0.000001
2025-12-16 17:31:05.254,0.001136,0.001169,-0.011991,-0.000006,0.000004,0.000000
2025-12-16 17:31:05.255,0.001173,0.001166,-0.011929,-0.000006,0.000004,0.000000
2025-12-16 17:31:05.256,0.001210,0.001164,-0.011868,-0.000005,0.000004,0.000000
2025-12-16 17:31:05.257,0.001246,0.001165,-0.011801,-0.000006,0.000004,0.000000
2025-12-16 17:31:05.259,0.001291,0.001162,-0.011730,-0.000005,0.000004,0.000000
2025-12-16 17:31:05.260,0.001332,0.001159,-0.011668,-0.000005,0.000004,0.000000
2025-12-16 17:31:05.261,0.001373,0.001154,-0.011602,-0.000005,0.000004,0.000000
2025-12-16 17:31:05.262,0.001444,0.001153,-0.011473,-0.000005,0.000004,0.000000
2025-12-16 17:31:05.263,0.001477,0.001152,-0.011415,-0.000005,0.000004,0.000001
2025-12-16 17:31:05.264,0.001513,0.001154,-0.011354,-0.000005,0.000004,0.000000
2025-12-16 17:31:05.266,0.001547,0.001157,-0.011294,-0.000005,0.000004,0.000000
2025-12-16 17:31:05.267,0.001581,0.001159,-0.011234,-0.000005,0.000004,0.000000
2025-12-16 17:31:05.268,0.001638,0.001167,-0.011129,-0.000005,0.000004,0.000000
2025-12-16 17:31:05.269,0.001662,0.001173,-0.011080,-0.000005,0.000004,0.000000
2025-12-16 17:31:05.271,0.001698,0.001189,-0.010985,-0.000005,0.000004,0.000000
2025-12-16 17:31:05.272,0.001713,0.001195,-0.010938,-0.000005,0.000004,0.000000
2025-12-16 17:31:05.273,0.001726,0.001205,-0.010893,-0.000005,0.000004,0.000000
2025-12-16 17:31:05.274,0.001741,0.001213,-0.010849,-0.000005,0.000004,0.000000
2025-12-16 17:31:05.275,0.001755,0.001220,-0.010814,-0.000004,0.000004,0.000000
2025-12-16 17:31:05.276,0.001765,0.001230,-0.010781,-0.000004,0.000004,0.000000
2025-12-16 17:31:05.278,0.001771,0.001244,-0.010750,-0.000005,0.000004,0.000000
2025-12-16 17:31:05.279,0.001775,0.001273,-0.010699,-0.000005,0.000004,0.000000
2025-12-16 17:31:05.281,0.001753,0.001320,-0.010651,-0.000004,0.000004,0.000000
2025-12-16 17:31:05.282,0.001739,0.001342,-0.010637,-0.000004,0.000004,0.000001
2025-12-16 17:31:05.283,0.001726,0.001361,-0.010627,-0.000004,0.000004,0.000000
2025-12-16 17:31:05.284,0.001708,0.001388,-0.010620,-0.000004,0.000004,0.000000
2025-12-16 17:31:05.285,0.001690,0.001413,-0.010616,-0.000004,0.000004,0.000000
2025-12-16 17:31:05.286,0.001668,0.001439,-0.010614,-0.000004,0.000004,0.000000
2025-12-16 17:31:05.288,0.001643,0.001471,-0.010614,-0.000004,0.000004,0.000001
2025-12-16 17:31:05.289,0.001621,0.001500,-0.010616,-0.000004,0.000004,0.000001
2025-12-16 17:31:05.290,0.001568,0.001565,-0.010637,-0.000004,0.000004,0.000001
2025-12-16 17:31:05.291,0.001549,0.001592,-0.010644,-0.000004,0.000004,0.000001
2025-12-16 17:31:05.293,0.001528,0.001628,-0.010654,-0.000004,0.000004,0.000001
2025-12-16 17:31:05.294,0.001510,0.001661,-0.010663,-0.000004,0.000004,0.000001
2025-12-16 17:31:05.295,0.001465,0.001733,-0.010676,-0.000004,0.000004,0.000001
2025-12-16 17:31:05.296,0.001445,0.001766,-0.010688,-0.000004,0.000004,0.000001
2025-12-16 17:31:05.297,0.001427,0.001800,-0.010700,-0.000004,0.000004,0.000001
2025-12-16 17:31:05.298,0.001408,0.001836,-0.010707,-0.000005,0.000004,0.000001
2025-12-16 17:31:05.299,0.001392,0.001868,-0.010712,-0.000004,0.000004,0.000001
2025-12-16 17:31:05.300,0.001381,0.001905,-0.010718,-0.000004,0.000004,0.000001
2025-12-16 17:31:05.302,0.001373,0.001937,-0.010723,-0.000004,0.000004,0.000001
2025-12-16 17:31:05.303,0.001359,0.002016,-0.010729,-0.000004,0.000004,0.000001
2025-12-16 17:31:05.304,0.001353,0.002058,-0.010731,-0.000004,0.000004,0.000001
2025-12-16 17:31:05.305,0.001356,0.002095,-0.010725,-0.000004,0.000004,0.000001
2025-12-16 17:31:05.306,0.001361,0.002126,-0.010716,-0.000004,0.000004,0.000001
2025-12-16 17:31:05.308,0.001373,0.002198,-0.010696,-0.000004,0.000004,0.000001
2025-12-16 17:31:05.309,0.001380,0.002231,-0.010685,-0.000005,0.000004,0.000001
2025-12-16 17:31:05.310,0.001392,0.002262,-0.010670,-0.000004,0.000004,0.000001
2025-12-16 17:31:05.311,0.001403,0.002287,-0.010657,-0.000005,0.000004,0.000001
2025-12-16 17:31:05.312,0.001413,0.002315,-0.010638,-0.000004,0.000004,0.000001
2025-12-16 17:31:05.314,0.001430,0.002342,-0.010618,-0.000004,0.000004,0.000001
2025-12-16 17:31:05.315,0.001452,0.002371,-0.010595,-0.000004,0.000004,0.000001
2025-12-16 17:31:05.316,0.001472,0.002395,-0.010575,-0.000004,0.000004,0.000001
2025-12-16 17:31:05.317,0.001489,0.002422,-0.010551,-0.000004,0.000004,0.000001
2025-12-16 17:31:05.318,0.001536,0.002467,-0.010492,-0.000004,0.000004,0.000001
2025-12-16 17:31:05.319,0.001578,0.002486,-0.010441,-0.000004,0.000004,0.000001
2025-12-16 17:31:05.320,0.001618,0.002500,-0.010394,-0.000004,0.000004,0.000001
2025-12-16 17:31:05.321,0.001657,0.002517,-0.010342,-0.000004,0.000004,0.000001
2025-12-16 17:31:05.322,0.001700,0.002528,-0.010289,-0.000004,0.000004,0.000001
2025-12-16 17:31:05.324,0.001784,0.002541,-0.010181,-0.000004,0.000004,0.000001
2025-12-16 17:31:05.325,0.001824,0.002541,-0.010134,-0.000004,0.000004,0.000000
2025-12-16 17:31:05.326,0.001873,0.002534,-0.010082,-0.000004,0.000004,0.000001
2025-12-16 17:31:05.327,0.001919,0.002525,-0.010036,-0.000004,0.000004,0.000001
2025-12-16 17:31:05.329,0.001963,0.002516,-0.009983,-0.000004,0.000004,0.000000
2025-12-16 17:31:05.330,0.002006,0.002507,-0.009929,-0.000004,0.000004,0.000000
2025-12-16 17:31:05.331,0.002053,0.002497,-0.009869,-0.000004,0.000004,0.000000
2025-12-16 17:31:05.332,0.002104,0.002484,-0.009808,-0.000004,0.000004,0.000000
2025-12-16 17:31:05.333,0.002149,0.002472,-0.009756,-0.000004,0.000003,0.000000
2025-12-16 17:31:05.334,0.002190,0.002452,-0.009701,-0.000004,0.000003,0.000000
2025-12-16 17:31:05.335,0.002229,0.002429,-0.009643,-0.000004,0.000003,0.000000
2025-12-16 17:31:05.336,0.002272,0.002399,-0.009585,-0.000004,0.000003,0.000000
2025-12-16 17:31:05.337,0.002310,0.002371,-0.009536,-0.000004,0.000003,0.000000
2025-12-16 17:31:05.338,0.002369,0.002324,-0.009436,-0.000004,0.000003,0.000000
2025-12-16 17:31:05.339,0.002391,0.002302,-0.009388,-0.000004,0.000003,0.000000
2025-12-16 17:31:05.341,0.002410,0.002280,-0.009341,-0.000003,0.000003,0.000000
2025-12-16 17:31:05.342,0.002428,0.002255,-0.009295,-0.000004,0.000003,0.000000
2025-12-16 17:31:05.343,0.002439,0.002235,-0.009253,-0.000003,0.000003,0.000000
2025-12-16 17:31:05.344,0.002444,0.002198,-0.009184,-0.000003,0.000003,0.000000
2025-12-16 17:31:05.345,0.002445,0.002180,-0.009150,-0.000003,0.000003,0.000000
2025-12-16 17:31:05.347,0.002446,0.002162,-0.009117,-0.000003,0.000003,0.000000
2025-12-16 17:31:05.348,0.002410,0.002148,-0.009076,-0.000003,0.000003,0.000000
2025-12-16 17:31:05.351,0.002377,0.002127,-0.009040,-0.000003,0.000003,0.000000
2025-12-16 17:31:05.352,0.002340,0.002111,-0.009017,-0.000003,0.000003,0.000000
2025-12-16 17:31:05.353,0.002315,0.002104,-0.009010,-0.000003,0.000003,0.000000
2025-12-16 17:31:05.355,0.002293,0.002098,-0.009006,-0.000003,0.000003,0.000000
2025-12-16 17:31:05.356,0.002269,0.002093,-0.009003,-0.000003,0.000003,0.000000
2025-12-16 17:31:05.357,0.002242,0.002089,-0.009006,-0.000003,0.000003,0.000000
2025-12-16 17:31:05.358,0.002208,0.002078,-0.009011,-0.000003,0.000003,0.000000
2025-12-16 17:31:05.361,0.002169,0.002070,-0.009032,-0.000003,0.000003,0.000000
2025-12-16 17:31:05.362,0.002132,0.002065,-0.009060,-0.000003,0.000003,0.000000
2025-12-16 17:31:05.363,0.002119,0.002064,-0.009076,-0.000003,0.000003,0.000000
2025-12-16 17:31:05.368,0.002109,0.002038,-0.009214,-0.000003,0.000003,0.000000
2025-12-16 17:31:05.370,0.002132,0.002017,-0.009285,-0.000003,0.000003,0.000000
2025-12-16 17:31:05.373,0.002167,0.001985,-0.009359,-0.000004,0.000003,0.000000
2025-12-16 17:31:05.374,0.002213,0.001948,-0.009453,-0.000003,0.000003,0.000000
2025-12-16 17:31:05.375,0.002233,0.001929,-0.009495,-0.000004,0.000003,0.000000
2025-12-16 17:31:05.377,0.002299,0.001883,-0.009598,-0.000004,0.000003,0.000000
2025-12-16 17:31:05.378,0.002341,0.001854,-0.009652,-0.000004,0.000003,0.000000
2025-12-16 17:31:05.379,0.002391,0.001823,-0.009706,-0.000004,0.000003,0.000000
2025-12-16 17:31:05.380,0.002436,0.001797,-0.009752,-0.000004,0.000003,0.000000
2025-12-16 17:31:05.382,0.002532,0.001735,-0.009856,-0.000004,0.000003,0.000000
2025-12-16 17:31:05.383,0.002574,0.001709,-0.009903,-0.000004,0.000003,0.000000
2025-12-16 17:31:05.384,0.002616,0.001681,-0.009945,-0.000004,0.000003,0.000000
2025-12-16 17:31:05.385,0.002661,0.001648,-0.009989,-0.000004,0.000003,0.000000
2025-12-16 17:31:05.386,0.002709,0.001609,-0.010032,-0.000004,0.000003,0.000000
2025-12-16 17:31:05.388,0.002751,0.001575,-0.010068,-0.000004,0.000003,0.000000
2025-12-16 17:31:05.389,0.002795,0.001543,-0.010103,-0.000004,0.000003,0.000000
2025-12-16 17:31:05.390,0.002837,0.001506,-0.010137,-0.000004,0.000003,0.000000
2025-12-16 17:31:05.391,0.002879,0.001470,-0.010171,-0.000004,0.000003,0.000000
2025-12-16 17:31:05.392,0.002953,0.001400,-0.010227,-0.000004,0.000003,0.000000
2025-12-16 17:31:05.393,0.002990,0.001367,-0.010244,-0.000004,0.000003,-0.000000
2025-12-16 17:31:05.394,0.003027,0.001330,-0.010257,-0.000004,0.000003,-0.000000
2025-12-16 17:31:05.395,0.003060,0.001293,-0.010267,-0.000004,0.000003,-0.000000
2025-12-16 17:31:05.396,0.003087,0.001260,-0.010275,-0.000004,0.000003,-0.000000
2025-12-16 17:31:05.397,0.003110,0.001232,-0.010278,-0.000004,0.000003,-0.000000
2025-12-16 17:31:05.398,0.003129,0.001209,-0.010278,-0.000004,0.000003,-0.000000
2025-12-16 17:31:05.400,0.003151,0.001167,-0.010270,-0.000004,0.000003,-0.000000
2025-12-16 17:31:05.401,0.003159,0.001142,-0.010259,-0.000004,0.000003,-0.000000
2025-12-16 17:31:05.402,0.003165,0.001118,-0.010242,-0.000004,0.000003,-0.000000
2025-12-16 17:31:05.403,0.003170,0.001096,-0.010222,-0.000004,0.000003,-0.000000
2025-12-16 17:31:05.404,0.003174,0.001072,-0.010203,-0.000004,0.000003,-0.000000
2025-12-16 17:31:05.407,0.003163,0.001013,-0.010139,-0.000004,0.000003,-0.000000
2025-12-16 17:31:05.408,0.003157,0.000997,-0.010117,-0.000004,0.000003,-0.000000
2025-12-16 17:31:05.409,0.003152,0.000985,-0.010100,-0.000004,0.000003,-0.000000
2025-12-16 17:31:05.410,0.003141,0.000972,-0.010076,-0.000004,0.000003,-0.000000
2025-12-16 17:31:05.412,0.003130,0.000958,-0.010050,-0.000004,0.000003,-0.000000
2025-12-16 17:31:05.413,0.003109,0.000934,-0.010005,-0.000004,0.000003,-0.000000
2025-12-16 17:31:05.415,0.003100,0.000922,-0.009987,-0.000004,0.000003,-0.000000
2025-12-16 17:31:05.416,0.003082,0.000903,-0.009951,-0.000004,0.000003,-0.000000
2025-12-16 17:31:05.417,0.003070,0.000894,-0.009934,-0.000004,0.000003,-0.000000
2025-12-16 17:31:05.418,0.003059,0.000884,-0.009914,-0.000004,0.000003,-0.000000
2025-12-16 17:31:05.419,0.003050,0.000875,-0.009897,-0.000004,0.000003,-0.000000
2025-12-16 17:31:05.421,0.003046,0.000857,-0.009884,-0.000004,0.000003,-0.000000
2025-12-16 17:31:05.422,0.003040,0.000818,-0.009869,-0.000004,0.000003,-0.000000
2025-12-16 17:31:05.424,0.003037,0.000801,-0.009867,-0.000004,0.000003,-0.000000
2025-12-16 17:31:05.425,0.003035,0.000783,-0.009866,-0.000004,0.000003,-0.000000
2025-12-16 17:31:05.426,0.003038,0.000745,-0.009878,-0.000004,0.000003,-0.000000
2025-12-16 17:31:05.427,0.003039,0.000729,-0.009879,-0.000004,0.000003,-0.000000
2025-12-16 17:31:05.428,0.003039,0.000715,-0.009885,-0.000004,0.000003,-0.000000
2025-12-16 17:31:05.429,0.003040,0.000694,-0.009898,-0.000004,0.000003,-0.000000
2025-12-16 17:31:05.430,0.003043,0.000670,-0.009916,-0.000004,0.000003,-0.000000
2025-12-16 17:31:05.431,0.003048,0.000644,-0.009938,-0.000004,0.000003,-0.000000
2025-12-16 17:31:05.432,0.003053,0.000622,-0.009958,-0.000004,0.000003,-0.000000
2025-12-16 17:31:05.434,0.003059,0.000600,-0.009980,-0.000004,0.000003,-0.000000
2025-12-16 17:31:05.435,0.003068,0.000557,-0.010041,-0.000004,0.000003,-0.000000
2025-12-16 17:31:05.436,0.003074,0.000533,-0.010076,-0.000004,0.000003,-0.000000
2025-12-16 17:31:05.437,0.003080,0.000512,-0.010107,-0.000004,0.000003,-0.000000
2025-12-16 17:31:05.438,0.003090,0.000483,-0.010153,-0.000004,0.000003,-0.000000
2025-12-16 17:31:05.440,0.003100,0.000457,-0.010196,-0.000004,0.000003,-0.000000
2025-12-16 17:31:05.441,0.003108,0.000437,-0.010245,-0.000004,0.000003,-0.000000
2025-12-16 17:31:05.442,0.003131,0.000390,-0.010350,-0.000004,0.000003,-0.000000
2025-12-16 17:31:05.443,0.003141,0.000365,-0.010397,-0.000004,0.000003,-0.000000
2025-12-16 17:31:05.444,0.003156,0.000341,-0.010446,-0.000004,0.000003,-0.000000
2025-12-16 17:31:05.445,0.003169,0.000317,-0.010509,-0.000004,0.000003,-0.000000
2025-12-16 17:31:05.448,0.003205,0.000247,-0.010733,-0.000004,0.000003,-0.000000
2025-12-16 17:31:05.449,0.003218,0.000225,-0.010806,-0.000004,0.000003,-0.000000
2025-12-16 17:31:05.450,0.003232,0.000198,-0.010889,-0.000004,0.000003,-0.000000
2025-12-16 17:31:05.451,0.003244,0.000174,-0.010963,-0.000004,0.000003,-0.000000
2025-12-16 17:31:05.452,0.003257,0.000149,-0.011043,-0.000004,0.000003,-0.000000
2025-12-16 17:31:05.453,0.003273,0.000123,-0.011127,-0.000004,0.000003,-0.000000
2025-12-16 17:31:05.454,0.003295,0.000091,-0.011217,-0.000004,0.000003,-0.000000
2025-12-16 17:31:05.455,0.003317,0.000062,-0.011311,-0.000004,0.000003,-0.000000
2025-12-16 17:31:05.457,0.003337,0.000039,-0.011391,-0.000004,0.000003,-0.000000
2025-12-16 17:31:05.458,0.003356,0.000009,-0.011482,-0.000004,0.000003,-0.000000
2025-12-16 17:31:05.459,0.003381,-0.000024,-0.011573,-0.000004,0.000003,-0.000000
2025-12-16 17:31:05.460,0.003433,-0.000090,-0.011736,-0.000005,0.000003,-0.000000
2025-12-16 17:31:05.461,0.003460,-0.000120,-0.011814,-0.000005,0.000003,-0.000000
2025-12-16 17:31:05.462,0.003500,-0.000158,-0.011901,-0.000005,0.000003,-0.000000
2025-12-16 17:31:05.463,0.003539,-0.000196,-0.011990,-0.000005,0.000003,-0.000000
2025-12-16 17:31:05.464,0.003572,-0.000229,-0.012067,-0.000005,0.000003,-0.000000
2025-12-16 17:31:05.466,0.003610,-0.000266,-0.012134,-0.000005,0.000003,-0.000000
2025-12-16 17:31:05.467,0.003683,-0.000347,-0.012273,-0.000005,0.000003,-0.000000
2025-12-16 17:31:05.468,0.003724,-0.000392,-0.012337,-0.000005,0.000003,-0.000000
2025-12-16 17:31:05.469,0.003763,-0.000435,-0.012401,-0.000005,0.000003,-0.000000
2025-12-16 17:31:05.470,0.003806,-0.000484,-0.012465,-0.000005,0.000003,-0.000001
2025-12-16 17:31:05.471,0.003844,-0.000528,-0.012519,-0.000005,0.000003,-0.000001
2025-12-16 17:31:05.473,0.003884,-0.000575,-0.012571,-0.000005,0.000003,-0.000001
2025-12-16 17:31:05.474,0.003961,-0.000667,-0.012670,-0.000005,0.000003,-0.000001
2025-12-16 17:31:05.475,0.003993,-0.000713,-0.012714,-0.000005,0.000003,-0.000001
2025-12-16 17:31:05.476,0.004019,-0.000758,-0.012750,-0.000005,0.000003,-0.000001
2025-12-16 17:31:05.477,0.004045,-0.000803,-0.012781,-0.000005,0.000003,-0.000001
2025-12-16 17:31:05.479,0.004066,-0.000842,-0.012804,-0.000005,0.000003,-0.000001
2025-12-16 17:31:05.480,0.004090,-0.000905,-0.012840,-0.000005,0.000003,-0.000001
2025-12-16 17:31:05.481,0.004089,-0.000934,-0.012854,-0.000005,0.000003,-0.000001
2025-12-16 17:31:05.483,0.004067,-0.000992,-0.012876,-0.000005,0.000003,-0.000001
2025-12-16 17:31:05.484,0.004050,-0.001015,-0.012878,-0.000005,0.000003,-0.000001
2025-12-16 17:31:05.485,0.004027,-0.001035,-0.012877,-0.000005,0.000003,-0.000001
2025-12-16 17:31:05.486,0.003997,-0.001055,-0.012873,-0.000005,0.000003,-0.000001
2025-12-16 17:31:05.487,0.003969,-0.001073,-0.012869,-0.000005,0.000003,-0.000001
2025-12-16 17:31:05.489,0.003936,-0.001087,-0.012858,-0.000005,0.000003,-0.000001
2025-12-16 17:31:05.490,0.003861,-0.001114,-0.012826,-0.000005,0.000003,-0.000001
2025-12-16 17:31:05.491,0.003823,-0.001122,-0.012810,-0.000005,0.000003,-0.000001
2025-12-16 17:31:05.492,0.003776,-0.001128,-0.012794,-0.000005,0.000003,-0.000001
2025-12-16 17:31:05.493,0.003733,-0.001132,-0.012782,-0.000005,0.000003,-0.000001
2025-12-16 17:31:05.494,0.003682,-0.001142,-0.012765,-0.000005,0.000003,-0.000001
2025-12-16 17:31:05.496,0.003629,-0.001151,-0.012745,-0.000005,0.000003,-0.000001
2025-12-16 17:31:05.497,0.003535,-0.001165,-0.012707,-0.000005,0.000003,-0.000001
2025-12-16 17:31:05.498,0.003486,-0.001175,-0.012685,-0.000005,0.000003,-0.000001
2025-12-16 17:31:05.499,0.003444,-0.001184,-0.012666,-0.000005,0.000003,-0.000001
2025-12-16 17:31:05.500,0.003400,-0.001193,-0.012651,-0.000005,0.000003,-0.000001
2025-12-16 17:31:05.501,0.003365,-0.001205,-0.012637,-0.000005,0.000003,-0.000001
2025-12-16 17:31:05.503,0.003325,-0.001218,-0.012622,-0.000005,0.000003,-0.000001
2025-12-16 17:31:05.504,0.003264,-0.001247,-0.012597,-0.000005,0.000003,-0.000001
2025-12-16 17:31:05.505,0.003240,-0.001269,-0.012589,-0.000005,0.000003,-0.000001
2025-12-16 17:31:05.506,0.003220,-0.001298,-0.012586,-0.000005,0.000003,-0.000001
2025-12-16 17:31:05.507,0.003201,-0.001327,-0.012589,-0.000005,0.000003,-0.000001
2025-12-16 17:31:05.508,0.003182,-0.001357,-0.012597,-0.000005,0.000003,-0.000001
2025-12-16 17:31:05.509,0.003165,-0.001383,-0.012607,-0.000005,0.000003,-0.000001
2025-12-16 17:31:05.510,0.003156,-0.001419,-0.012622,-0.000005,0.000003,-0.000001
2025-12-16 17:31:05.512,0.003151,-0.001453,-0.012635,-0.000005,0.000003,-0.000001
2025-12-16 17:31:05.513,0.003163,-0.001535,-0.012672,-0.000005,0.000003,-0.000001
2025-12-16 17:31:05.514,0.003174,-0.001584,-0.012698,-0.000005,0.000003,-0.000001
2025-12-16 17:31:05.515,0.003185,-0.001635,-0.012729,-0.000005,0.000003,-0.000001
2025-12-16 17:31:05.516,0.003195,-0.001680,-0.012759,-0.000005,0.000003,-0.000001
2025-12-16 17:31:05.517,0.003204,-0.001732,-0.012795,-0.000005,0.000003,-0.000001
2025-12-16 17:31:05.518,0.003219,-0.001788,-0.012841,-0.000005,0.000003,-0.000001
2025-12-16 17:31:05.520,0.003253,-0.001893,-0.012941,-0.000005,0.000003,-0.000001
2025-12-16 17:31:05.521,0.003269,-0.001940,-0.012989,-0.000005,0.000003,-0.000001
2025-12-16 17:31:05.522,0.003283,-0.001978,-0.013030,-0.000005,0.000003,-0.000001
2025-12-16 17:31:05.523,0.003304,-0.002025,-0.013084,-0.000005,0.000003,-0.000001
2025-12-16 17:31:05.524,0.003324,-0.002074,-0.013143,-0.000005,0.000003,-0.000001
2025-12-16 17:31:05.525,0.003348,-0.002127,-0.013207,-0.000005,0.000003,-0.000001
2025-12-16 17:31:05.526,0.003376,-0.002187,-0.013289,-0.000005,0.000003,-0.000001
2025-12-16 17:31:05.527,0.003401,-0.002240,-0.013364,-0.000005,0.000003,-0.000001
2025-12-16 17:31:05.529,0.003421,-0.002288,-0.013438,-0.000005,0.000003,-0.000001
2025-12-16 17:31:05.530,0.003443,-0.002340,-0.013525,-0.000005,0.000003,-0.000001
2025-12-16 17:31:05.531,0.003463,-0.002390,-0.013617,-0.000005,0.000003,-0.000001
2025-12-16 17:31:05.532,0.003490,-0.002468,-0.013775,-0.000005,0.000003,-0.000001
2025-12-16 17:31:05.533,0.003506,-0.002503,-0.013861,-0.000005,0.000003,-0.000001
2025-12-16 17:31:05.534,0.003521,-0.002536,-0.013947,-0.000005,0.000003,-0.000001
2025-12-16 17:31:05.535,0.003534,-0.002565,-0.014021,-0.000005,0.000003,-0.000001
2025-12-16 17:31:05.536,0.003547,-0.002593,-0.014094,-0.000005,0.000003,-0.000001
2025-12-16 17:31:05.537,0.003561,-0.002617,-0.014171,-0.000005,0.000003,-0.000001
2025-12-16 17:31:05.538,0.003569,-0.002638,-0.014247,-0.000005,0.000003,-0.000001
2025-12-16 17:31:05.540,0.003590,-0.002676,-0.014389,-0.000006,0.000003,-0.000001
2025-12-16 17:31:05.542,0.003598,-0.002704,-0.014529,-0.000005,0.000003,-0.000001
2025-12-16 17:31:05.543,0.003595,-0.002713,-0.014592,-0.000005,0.000003,-0.000001
2025-12-16 17:31:05.544,0.003593,-0.002720,-0.014656,-0.000006,0.000004,-0.000001
2025-12-16 17:31:05.545,0.003594,-0.002728,-0.014716,-0.000006,0.000004,-0.000001
2025-12-16 17:31:05.546,0.003595,-0.002728,-0.014770,-0.000006,0.000004,-0.000001
2025-12-16 17:31:05.548,0.003600,-0.002721,-0.014856,-0.000006,0.000004,-0.000001
2025-12-16 17:31:05.549,0.003603,-0.002719,-0.014893,-0.000006,0.000004,-0.000001
2025-12-16 17:31:05.550,0.003611,-0.002717,-0.014928,-0.000005,0.000004,-0.000001
2025-12-16 17:31:05.551,0.003613,-0.002713,-0.014964,-0.000006,0.000004,-0.000001
2025-12-16 17:31:05.552,0.003616,-0.002707,-0.014990,-0.000005,0.000004,-0.000001
2025-12-16 17:31:05.553,0.003619,-0.002699,-0.015015,-0.000006,0.000004,-0.000001
2025-12-16 17:31:05.554,0.003621,-0.002691,-0.015035,-0.000006,0.000004,-0.000001
2025-12-16 17:31:05.556,0.003623,-0.002683,-0.015051,-0.000006,0.000004,-0.000001
2025-12-16 17:31:05.557,0.003625,-0.002677,-0.015062,-0.000006,0.000004,-0.000001
2025-12-16 17:31:05.558,0.003633,-0.002671,-0.015070,-0.000006,0.000004,-0.000001
2025-12-16 17:31:05.559,0.003642,-0.002666,-0.015076,-0.000006,0.000004,-0.000001
2025-12-16 17:31:05.560,0.003662,-0.002659,-0.015077,-0.000006,0.000004,-0.000001
2025-12-16 17:31:05.561,0.003677,-0.002657,-0.015076,-0.000006,0.000004,-0.000001
2025-12-16 17:31:05.562,0.003700,-0.002652,-0.015072,-0.000006,0.000004,-0.000001
2025-12-16 17:31:05.564,0.003723,-0.002647,-0.015067,-0.000006,0.000004,-0.000001
2025-12-16 17:31:05.565,0.003778,-0.002642,-0.015055,-0.000006,0.000004,-0.000001
2025-12-16 17:31:05.566,0.003807,-0.002646,-0.015050,-0.000006,0.000004,-0.000001
2025-12-16 17:31:05.567,0.003840,-0.002655,-0.015046,-0.000006,0.000004,-0.000001
2025-12-16 17:31:05.568,0.003874,-0.002666,-0.015045,-0.000006,0.000004,-0.000001
2025-12-16 17:31:05.570,0.003902,-0.002676,-0.015046,-0.000006,0.000004,-0.000001
2025-12-16 17:31:05.571,0.003969,-0.002702,-0.015037,-0.000006,0.000003,-0.000001
2025-12-16 17:31:05.572,0.004012,-0.002719,-0.015030,-0.000006,0.000003,-0.000001
2025-12-16 17:31:05.573,0.004055,-0.002738,-0.015028,-0.000006,0.000003,-0.000001
2025-12-16 17:31:05.574,0.004099,-0.002759,-0.015021,-0.000006,0.000003,-0.000001
2025-12-16 17:31:05.576,0.004177,-0.002803,-0.015006,-0.000006,0.000003,-0.000001
2025-12-16 17:31:05.578,0.004221,-0.002833,-0.015002,-0.000006,0.000003,-0.000001
2025-12-16 17:31:05.579,0.004264,-0.002863,-0.014999,-0.000006,0.000003,-0.000001
2025-12-16 17:31:05.580,0.004358,-0.002937,-0.014996,-0.000006,0.000003,-0.000001
2025-12-16 17:31:05.581,0.004397,-0.002969,-0.014994,-0.000006,0.000003,-0.000002
2025-12-16 17:31:05.582,0.004426,-0.002993,-0.014992,-0.000006,0.000003,-0.000001
2025-12-16 17:31:05.583,0.004460,-0.003024,-0.014988,-0.000006,0.000003,-0.000001
2025-12-16 17:31:05.584,0.004491,-0.003059,-0.014984,-0.000006,0.000003,-0.000001
2025-12-16 17:31:05.586,0.004548,-0.003127,-0.014989,-0.000006,0.000003,-0.000002
2025-12-16 17:31:05.588,0.004570,-0.003158,-0.014996,-0.000006,0.000003,-0.000002
2025-12-16 17:31:05.589,0.004605,-0.003209,-0.015011,-0.000006,0.000003,-0.000002
2025-12-16 17:31:05.590,0.004617,-0.003232,-0.015022,-0.000006,0.000003,-0.000002
2025-12-16 17:31:05.591,0.004621,-0.003257,-0.015036,-0.000006,0.000003,-0.000002
2025-12-16 17:31:05.592,0.004622,-0.003278,-0.015050,-0.000006,0.000003,-0.000002
2025-12-16 17:31:05.593,0.004623,-0.003300,-0.015062,-0.000006,0.000003,-0.000002
2025-12-16 17:31:05.594,0.004618,-0.003317,-0.015076,-0.000006,0.000003,-0.000002
2025-12-16 17:31:05.597,0.004585,-0.003368,-0.015148,-0.000006,0.000003,-0.000002
2025-12-16 17:31:05.598,0.004567,-0.003379,-0.015175,-0.000006,0.000003,-0.000001
2025-12-16 17:31:05.599,0.004540,-0.003384,-0.015201,-0.000006,0.000003,-0.000001
2025-12-16 17:31:05.600,0.004515,-0.003387,-0.015223,-0.000006,0.000003,-0.000001
2025-12-16 17:31:05.601,0.004493,-0.003393,-0.015248,-0.000006,0.000003,-0.000002
2025-12-16 17:31:05.602,0.004464,-0.003401,-0.015275,-0.000006,0.000003,-0.000002
2025-12-16 17:31:05.603,0.004438,-0.003407,-0.015299,-0.000006,0.000003,-0.000002
2025-12-16 17:31:05.605,0.004408,-0.003414,-0.015326,-0.000007,0.000003,-0.000001
2025-12-16 17:31:05.606,0.004340,-0.003418,-0.015384,-0.000007,0.000003,-0.000001
2025-12-16 17:31:05.607,0.004305,-0.003425,-0.015410,-0.000007,0.000003,-0.000001
2025-12-16 17:31:05.608,0.004272,-0.003432,-0.015437,-0.000007,0.000003,-0.000001
2025-12-16 17:31:05.609,0.004244,-0.003438,-0.015460,-0.000007,0.000003,-0.000001
2025-12-16 17:31:05.610,0.004207,-0.003441,-0.015481,-0.000007,0.000003,-0.000001
2025-12-16 17:31:05.611,0.004170,-0.003445,-0.015501,-0.000007,0.000003,-0.000001
2025-12-16 17:31:05.613,0.004139,-0.003448,-0.015517,-0.000007,0.000003,-0.000001
2025-12-16 17:31:05.614,0.004106,-0.003454,-0.015532,-0.000007,0.000003,-0.000001
2025-12-16 17:31:05.615,0.004079,-0.003460,-0.015545,-0.000007,0.000003,-0.000001
2025-12-16 17:31:05.616,0.004019,-0.003466,-0.015557,-0.000007,0.000003,-0.000001
2025-12-16 17:31:05.619,0.003975,-0.003484,-0.015557,-0.000007,0.000003,-0.000001
2025-12-16 17:31:05.620,0.003948,-0.003516,-0.015536,-0.000007,0.000003,-0.000001
2025-12-16 17:31:05.621,0.003937,-0.003532,-0.015521,-0.000007,0.000003,-0.000001
2025-12-16 17:31:05.623,0.003930,-0.003553,-0.015504,-0.000007,0.000003,-0.000001
2025-12-16 17:31:05.624,0.003928,-0.003578,-0.015480,-0.000007,0.000003,-0.000001
2025-12-16 17:31:05.625,0.003942,-0.003642,-0.015428,-0.000007,0.000003,-0.000001
2025-12-16 17:31:05.626,0.003952,-0.003671,-0.015403,-0.000006,0.000003,-0.000001
2025-12-16 17:31:05.629,0.003982,-0.003729,-0.015345,-0.000006,0.000003,-0.000001
2025-12-16 17:31:05.631,0.004029,-0.003805,-0.015265,-0.000006,0.000003,-0.000001
2025-12-16 17:31:05.632,0.004093,-0.003900,-0.015189,-0.000006,0.000003,-0.000001
2025-12-16 17:31:05.633,0.004129,-0.003947,-0.015147,-0.000006,0.000003,-0.000002
2025-12-16 17:31:05.635,0.004171,-0.003996,-0.015103,-0.000006,0.000003,-0.000001
2025-12-16 17:31:05.636,0.004258,-0.004100,-0.015023,-0.000006,0.000003,-0.000002
2025-12-16 17:31:05.637,0.004301,-0.004152,-0.014981,-0.000006,0.000003,-0.000002
2025-12-16 17:31:05.638,0.004344,-0.004207,-0.014941,-0.000006,0.000003,-0.000002
2025-12-16 17:31:05.639,0.004381,-0.004255,-0.014907,-0.000006,0.000003,-0.000002
2025-12-16 17:31:05.641,0.004423,-0.004306,-0.014871,-0.000006,0.000003,-0.000002
2025-12-16 17:31:05.642,0.004468,-0.004364,-0.014830,-0.000006,0.000003,-0.000002
2025-12-16 17:31:05.643,0.004516,-0.004429,-0.014788,-0.000006,0.000003,-0.000002
2025-12-16 17:31:05.644,0.004599,-0.004551,-0.014720,-0.000006,0.000003,-0.000002
2025-12-16 17:31:05.645,0.004639,-0.004613,-0.014685,-0.000006,0.000003,-0.000002
2025-12-16 17:31:05.646,0.004674,-0.004674,-0.014649,-0.000006,0.000003,-0.000002
2025-12-16 17:31:05.648,0.004707,-0.004735,-0.014615,-0.000006,0.000003,-0.000002
2025-12-16 17:31:05.649,0.004733,-0.004787,-0.014588,-0.000006,0.000003,-0.000002
2025-12-16 17:31:05.650,0.004763,-0.004845,-0.014562,-0.000006,0.000003,-0.000002
2025-12-16 17:31:05.651,0.004789,-0.004897,-0.014541,-0.000006,0.000003,-0.000002
2025-12-16 17:31:05.652,0.004814,-0.004947,-0.014523,-0.000006,0.000002,-0.000002
2025-12-16 17:31:05.654,0.004865,-0.005060,-0.014493,-0.000006,0.000002,-0.000002
2025-12-16 17:31:05.655,0.004888,-0.005119,-0.014484,-0.000006,0.000002,-0.000002
2025-12-16 17:31:05.656,0.004905,-0.005170,-0.014477,-0.000006,0.000002,-0.000002
2025-12-16 17:31:05.657,0.004941,-0.005272,-0.014463,-0.000006,0.000002,-0.000002
2025-12-16 17:31:05.658,0.004959,-0.005322,-0.014456,-0.000006,0.000002,-0.000002
2025-12-16 17:31:05.659,0.004959,-0.005361,-0.014466,-0.000006,0.000002,-0.000002
2025-12-16 17:31:05.660,0.004963,-0.005402,-0.014478,-0.000006,0.000002,-0.000002
2025-12-16 17:31:05.661,0.004964,-0.005443,-0.014494,-0.000006,0.000002,-0.000002
2025-12-16 17:31:05.663,0.004964,-0.005514,-0.014522,-0.000006,0.000002,-0.000002
2025-12-16 17:31:05.664,0.004960,-0.005551,-0.014545,-0.000006,0.000002,-0.000002
2025-12-16 17:31:05.666,0.004944,-0.005613,-0.014594,-0.000006,0.000002,-0.000002
2025-12-16 17:31:05.667,0.004936,-0.005641,-0.014621,-0.000006,0.000002,-0.000002
2025-12-16 17:31:05.668,0.004924,-0.005664,-0.014650,-0.000006,0.000002,-0.000002
2025-12-16 17:31:05.670,0.004913,-0.005680,-0.014676,-0.000006,0.000002,-0.000002
2025-12-16 17:31:05.671,0.004893,-0.005721,-0.014720,-0.000006,0.000002,-0.000002
2025-12-16 17:31:05.672,0.004880,-0.005735,-0.014740,-0.000006,0.000003,-0.000002
2025-12-16 17:31:05.673,0.004868,-0.005752,-0.014759,-0.000006,0.000003,-0.000002
2025-12-16 17:31:05.674,0.004855,-0.005764,-0.014777,-0.000006,0.000003,-0.000002
2025-12-16 17:31:05.675,0.004836,-0.005774,-0.014801,-0.000006,0.000003,-0.000002
2025-12-16 17:31:05.677,0.004818,-0.005787,-0.014823,-0.000006,0.000003,-0.000002
2025-12-16 17:31:05.678,0.004799,-0.005803,-0.014849,-0.000006,0.000003,-0.000002
2025-12-16 17:31:05.679,0.004791,-0.005809,-0.014859,-0.000006,0.000003,-0.000002
2025-12-16 17:31:05.680,0.004785,-0.005816,-0.014862,-0.000006,0.000003,-0.000002
2025-12-16 17:31:05.682,0.004780,-0.005822,-0.014862,-0.000006,0.000003,-0.000002
2025-12-16 17:31:05.683,0.004777,-0.005826,-0.014862,-0.000006,0.000003,-0.000002
2025-12-16 17:31:05.684,0.004768,-0.005837,-0.014861,-0.000006,0.000003,-0.000002
2025-12-16 17:31:05.685,0.004767,-0.005846,-0.014855,-0.000006,0.000003,-0.000002
2025-12-16 17:31:05.686,0.004768,-0.005854,-0.014849,-0.000006,0.000003,-0.000002
2025-12-16 17:31:05.687,0.004776,-0.005861,-0.014838,-0.000006,0.000003,-0.000002
2025-12-16 17:31:05.691,0.004830,-0.005896,-0.014763,-0.000006,0.000003,-0.000002
2025-12-16 17:31:05.692,0.004866,-0.005929,-0.014700,-0.000006,0.000002,-0.000002
2025-12-16 17:31:05.694,0.004922,-0.005958,-0.014629,-0.000006,0.000002,-0.000002
2025-12-16 17:31:05.696,0.004998,-0.006001,-0.014541,-0.000006,0.000002,-0.000002
2025-12-16 17:31:05.697,0.005030,-0.006023,-0.014493,-0.000006,0.000002,-0.000002
2025-12-16 17:31:05.698,0.005055,-0.006040,-0.014453,-0.000006,0.000002,-0.000002
2025-12-16 17:31:05.699,0.005087,-0.006060,-0.014402,-0.000005,0.000002,-0.000002
2025-12-16 17:31:05.700,0.005127,-0.006082,-0.014349,-0.000006,0.000002,-0.000002
2025-12-16 17:31:05.702,0.005166,-0.006106,-0.014295,-0.000006,0.000002,-0.000002
2025-12-16 17:31:05.703,0.005203,-0.006129,-0.014240,-0.000005,0.000002,-0.000002
2025-12-16 17:31:05.704,0.005240,-0.006151,-0.014182,-0.000005,0.000002,-0.000002
2025-12-16 17:31:05.705,0.005298,-0.006188,-0.014085,-0.000006,0.000002,-0.000002
2025-12-16 17:31:05.707,0.005318,-0.006206,-0.014042,-0.000005,0.000002,-0.000002
2025-12-16 17:31:05.708,0.005342,-0.006226,-0.013995,-0.000006,0.000002,-0.000002
2025-12-16 17:31:05.709,0.005394,-0.006264,-0.013889,-0.000006,0.000002,-0.000002
2025-12-16 17:31:05.710,0.005418,-0.006281,-0.013836,-0.000005,0.000002,-0.000002
2025-12-16 17:31:05.711,0.005441,-0.006299,-0.013789,-0.000006,0.000002,-0.000002
2025-12-16 17:31:05.713,0.005458,-0.006313,-0.013741,-0.000006,0.000002,-0.000002
2025-12-16 17:31:05.714,0.005478,-0.006336,-0.013649,-0.000005,0.000002,-0.000002
2025-12-16 17:31:05.715,0.005482,-0.006348,-0.013603,-0.000006,0.000002,-0.000002
2025-12-16 17:31:05.716,0.005493,-0.006363,-0.013557,-0.000005,0.000002,-0.000002
2025-12-16 17:31:05.717,0.005497,-0.006372,-0.013514,-0.000005,0.000002,-0.000002
2025-12-16 17:31:05.719,0.005490,-0.006383,-0.013434,-0.000006,0.000002,-0.000002
2025-12-16 17:31:05.720,0.005488,-0.006389,-0.013403,-0.000005,0.000002,-0.000002
2025-12-16 17:31:05.721,0.005484,-0.006392,-0.013377,-0.000005,0.000002,-0.000002
2025-12-16 17:31:05.722,0.005470,-0.006394,-0.013354,-0.000005,0.000002,-0.000002
2025-12-16 17:31:05.725,0.005435,-0.006395,-0.013324,-0.000005,0.000002,-0.000002
2025-12-16 17:31:05.726,0.005388,-0.006393,-0.013303,-0.000005,0.000002,-0.000002
2025-12-16 17:31:05.727,0.005365,-0.006392,-0.013297,-0.000005,0.000002,-0.000002
2025-12-16 17:31:05.728,0.005339,-0.006389,-0.013288,-0.000005,0.000002,-0.000002
2025-12-16 17:31:05.730,0.005276,-0.006386,-0.013275,-0.000005,0.000002,-0.000002
2025-12-16 17:31:05.731,0.005248,-0.006385,-0.013270,-0.000005,0.000002,-0.000002
2025-12-16 17:31:05.732,0.005215,-0.006383,-0.013272,-0.000005,0.000002,-0.000002
2025-12-16 17:31:05.734,0.005185,-0.006382,-0.013275,-0.000005,0.000002,-0.000002
2025-12-16 17:31:05.735,0.005150,-0.006381,-0.013285,-0.000005,0.000002,-0.000002
2025-12-16 17:31:05.737,0.005078,-0.006381,-0.013305,-0.000005,0.000002,-0.000002
2025-12-16 17:31:05.738,0.005007,-0.006384,-0.013324,-0.000005,0.000002,-0.000002
2025-12-16 17:31:05.740,0.004919,-0.006394,-0.013352,-0.000005,0.000002,-0.000002
2025-12-16 17:31:05.741,0.004882,-0.006400,-0.013363,-0.000005,0.000002,-0.000002
2025-12-16 17:31:05.742,0.004844,-0.006408,-0.013375,-0.000005,0.000002,-0.000002
2025-12-16 17:31:05.743,0.004812,-0.006415,-0.013385,-0.000005,0.000002,-0.000002
2025-12-16 17:31:05.748,0.004662,-0.006450,-0.013432,-0.000006,0.000002,-0.000002
2025-12-16 17:31:05.749,0.004602,-0.006476,-0.013452,-0.000005,0.000002,-0.000002
2025-12-16 17:31:05.750,0.004577,-0.006489,-0.013464,-0.000005,0.000002,-0.000002
2025-12-16 17:31:05.752,0.004556,-0.006501,-0.013476,-0.000005,0.000002,-0.000002
2025-12-16 17:31:05.753,0.004536,-0.006509,-0.013483,-0.000005,0.000002,-0.000002
2025-12-16 17:31:05.754,0.004504,-0.006531,-0.013491,-0.000006,0.000002,-0.000002
2025-12-16 17:31:05.755,0.004489,-0.006541,-0.013494,-0.000005,0.000002,-0.000002
2025-12-16 17:31:05.756,0.004476,-0.006550,-0.013498,-0.000005,0.000002,-0.000002
2025-12-16 17:31:05.757,0.004474,-0.006560,-0.013500,-0.000005,0.000002,-0.000002
2025-12-16 17:31:05.758,0.004476,-0.006568,-0.013501,-0.000005,0.000002,-0.000002
2025-12-16 17:31:05.760,0.004488,-0.006584,-0.013493,-0.000005,0.000002,-0.000002
2025-12-16 17:31:05.762,0.004496,-0.006590,-0.013490,-0.000005,0.000002,-0.000002
2025-12-16 17:31:05.763,0.004506,-0.006598,-0.013486,-0.000005,0.000002,-0.000002
2025-12-16 17:31:05.764,0.004543,-0.006607,-0.013473,-0.000006,0.000002,-0.000002
2025-12-16 17:31:05.766,0.004562,-0.006610,-0.013464,-0.000005,0.000002,-0.000002
2025-12-16 17:31:05.767,0.004604,-0.006614,-0.013439,-0.000005,0.000002,-0.000002
2025-12-16 17:31:05.768,0.004620,-0.006615,-0.013429,-0.000005,0.000002,-0.000002
2025-12-16 17:31:05.769,0.004641,-0.006617,-0.013419,-0.000005,0.000002,-0.000002
2025-12-16 17:31:05.770,0.004662,-0.006619,-0.013408,-0.000005,0.000002,-0.000002
2025-12-16 17:31:05.772,0.004705,-0.006623,-0.013387,-0.000005,0.000002,-0.000002
2025-12-16 17:31:05.773,0.004741,-0.006623,-0.013359,-0.000005,0.000002,-0.000002
2025-12-16 17:31:05.774,0.004780,-0.006624,-0.013331,-0.000005,0.000002,-0.000002
2025-12-16 17:31:05.776,0.004814,-0.006624,-0.013309,-0.000005,0.000002,-0.000002
2025-12-16 17:31:05.777,0.004869,-0.006625,-0.013267,-0.000005,0.000002,-0.000002
2025-12-16 17:31:05.778,0.004893,-0.006624,-0.013242,-0.000005,0.000002,-0.000002
2025-12-16 17:31:05.779,0.004918,-0.006622,-0.013222,-0.000005,0.000002,-0.000002
2025-12-16 17:31:05.781,0.004951,-0.006621,-0.013195,-0.000005,0.000002,-0.000002
2025-12-16 17:31:05.782,0.004991,-0.006624,-0.013163,-0.000005,0.000002,-0.000002
2025-12-16 17:31:05.783,0.005059,-0.006623,-0.013094,-0.000005,0.000002,-0.000002
2025-12-16 17:31:05.784,0.005086,-0.006622,-0.013064,-0.000005,0.000002,-0.000002
2025-12-16 17:31:05.785,0.005120,-0.006626,-0.013036,-0.000005,0.000002,-0.000002
2025-12-16 17:31:05.786,0.005159,-0.006627,-0.013009,-0.000005,0.000002,-0.000002
2025-12-16 17:31:05.787,0.005204,-0.006631,-0.012980,-0.000005,0.000002,-0.000002
2025-12-16 17:31:05.788,0.005249,-0.006636,-0.012949,-0.000005,0.000002,-0.000002
2025-12-16 17:31:05.791,0.005322,-0.006639,-0.012890,-0.000005,0.000002,-0.000002
2025-12-16 17:31:05.792,0.005383,-0.006640,-0.012834,-0.000005,0.000002,-0.000002
2025-12-16 17:31:05.793,0.005422,-0.006640,-0.012807,-0.000005,0.000002,-0.000002
2025-12-16 17:31:05.795,0.005498,-0.006638,-0.012757,-0.000005,0.000001,-0.000002
2025-12-16 17:31:05.796,0.005536,-0.006640,-0.012724,-0.000005,0.000001,-0.000002
2025-12-16 17:31:05.799,0.005654,-0.006654,-0.012631,-0.000005,0.000001,-0.000003
2025-12-16 17:31:05.801,0.005684,-0.006657,-0.012607,-0.000005,0.000001,-0.000003
2025-12-16 17:31:05.802,0.005733,-0.006653,-0.012552,-0.000004,0.000001,-0.000003
2025-12-16 17:31:05.803,0.005758,-0.006654,-0.012524,-0.000005,0.000001,-0.000003
2025-12-16 17:31:05.804,0.005781,-0.006658,-0.012494,-0.000005,0.000001,-0.000003
2025-12-16 17:31:05.807,0.005820,-0.006660,-0.012407,-0.000005,0.000001,-0.000003
2025-12-16 17:31:05.808,0.005827,-0.006658,-0.012377,-0.000005,0.000001,-0.000003
2025-12-16 17:31:05.809,0.005841,-0.006660,-0.012344,-0.000005,0.000001,-0.000003
2025-12-16 17:31:05.810,0.005852,-0.006661,-0.012312,-0.000005,0.000001,-0.000003
2025-12-16 17:31:05.811,0.005859,-0.006665,-0.012281,-0.000005,0.000001,-0.000003
2025-12-16 17:31:05.813,0.005864,-0.006668,-0.012255,-0.000005,0.000001,-0.000003
2025-12-16 17:31:05.815,0.005851,-0.006663,-0.012163,-0.000005,0.000001,-0.000003
2025-12-16 17:31:05.816,0.005846,-0.006664,-0.012133,-0.000005,0.000001,-0.000003
2025-12-16 17:31:05.817,0.005836,-0.006661,-0.012101,-0.000005,0.000001,-0.000003
2025-12-16 17:31:05.818,0.005824,-0.006660,-0.012070,-0.000005,0.000001,-0.000003
2025-12-16 17:31:05.820,0.005813,-0.006662,-0.012032,-0.000005,0.000001,-0.000003
2025-12-16 17:31:05.823,0.005777,-0.006665,-0.011927,-0.000005,0.000001,-0.000002
2025-12-16 17:31:05.825,0.005759,-0.006667,-0.011854,-0.000005,0.000001,-0.000002
2025-12-16 17:31:05.826,0.005740,-0.006680,-0.011776,-0.000005,0.000001,-0.000002
2025-12-16 17:31:05.828,0.005734,-0.006696,-0.011709,-0.000005,0.000001,-0.000002
2025-12-16 17:31:05.829,0.005729,-0.006702,-0.011676,-0.000005,0.000001,-0.000002
2025-12-16 17:31:05.830,0.005720,-0.006707,-0.011634,-0.000005,0.000001,-0.000002
2025-12-16 17:31:05.832,0.005712,-0.006710,-0.011595,-0.000005,0.000001,-0.000002
2025-12-16 17:31:05.833,0.005708,-0.006725,-0.011551,-0.000005,0.000001,-0.000002
2025-12-16 17:31:05.834,0.005709,-0.006758,-0.011469,-0.000005,0.000001,-0.000002
2025-12-16 17:31:05.835,0.005711,-0.006772,-0.011430,-0.000005,0.000001,-0.000002
2025-12-16 17:31:05.837,0.005714,-0.006783,-0.011387,-0.000005,0.000001,-0.000003
2025-12-16 17:31:05.838,0.005728,-0.006817,-0.011302,-0.000005,0.000001,-0.000003
2025-12-16 17:31:05.839,0.005739,-0.006835,-0.011259,-0.000005,0.000001,-0.000003
2025-12-16 17:31:05.840,0.005753,-0.006859,-0.011211,-0.000005,0.000001,-0.000003
2025-12-16 17:31:05.841,0.005766,-0.006882,-0.011168,-0.000005,0.000001,-0.000003
2025-12-16 17:31:05.842,0.005783,-0.006908,-0.011124,-0.000005,0.000001,-0.000003
2025-12-16 17:31:05.844,0.005797,-0.006934,-0.011081,-0.000005,0.000001,-0.000003
2025-12-16 17:31:05.845,0.005818,-0.006962,-0.011032,-0.000005,0.000001,-0.000003
2025-12-16 17:31:05.847,0.005848,-0.007018,-0.010933,-0.000005,0.000001,-0.000003
2025-12-16 17:31:05.848,0.005859,-0.007041,-0.010883,-0.000004,0.000001,-0.000003
2025-12-16 17:31:05.850,0.005883,-0.007085,-0.010786,-0.000004,0.000001,-0.000003
2025-12-16 17:31:05.851,0.005917,-0.007132,-0.010690,-0.000004,0.000000,-0.000003
2025-12-16 17:31:05.852,0.005936,-0.007157,-0.010647,-0.000004,0.000000,-0.000003
2025-12-16 17:31:05.854,0.005953,-0.007178,-0.010602,-0.000004,0.000000,-0.000003
2025-12-16 17:31:05.855,0.005966,-0.007192,-0.010555,-0.000004,0.000000,-0.000003
2025-12-16 17:31:05.856,0.005974,-0.007203,-0.010509,-0.000004,0.000000,-0.000003
2025-12-16 17:31:05.857,0.005983,-0.007215,-0.010467,-0.000004,0.000000,-0.000003
2025-12-16 17:31:05.858,0.005999,-0.007230,-0.010422,-0.000004,0.000000,-0.000003
2025-12-16 17:31:05.860,0.006016,-0.007245,-0.010381,-0.000004,0.000000,-0.000003
2025-12-16 17:31:05.861,0.006027,-0.007276,-0.010350,-0.000004,0.000000,-0.000003
2025-12-16 17:31:05.862,0.006031,-0.007340,-0.010309,-0.000004,0.000000,-0.000003
2025-12-16 17:31:05.863,0.006023,-0.007373,-0.010294,-0.000004,0.000000,-0.000003
2025-12-16 17:31:05.864,0.006013,-0.007401,-0.010281,-0.000004,0.000000,-0.000003
2025-12-16 17:31:05.865,0.005992,-0.007456,-0.010257,-0.000004,0.000000,-0.000003
2025-12-16 17:31:05.867,0.005982,-0.007484,-0.010245,-0.000004,0.000000,-0.000003
2025-12-16 17:31:05.868,0.005959,-0.007553,-0.010231,-0.000004,0.000000,-0.000003
2025-12-16 17:31:05.869,0.005954,-0.007597,-0.010235,-0.000004,0.000000,-0.000003
2025-12-16 17:31:05.871,0.005955,-0.007647,-0.010246,-0.000004,0.000000,-0.000003
2025-12-16 17:31:05.872,0.005964,-0.007698,-0.010261,-0.000004,0.000000,-0.000003
2025-12-16 17:31:05.873,0.005977,-0.007782,-0.010288,-0.000004,0.000000,-0.000003
2025-12-16 17:31:05.874,0.005971,-0.007823,-0.010306,-0.000004,0.000000,-0.000003
2025-12-16 17:31:05.875,0.005954,-0.007855,-0.010326,-0.000004,0.000000,-0.000003
2025-12-16 17:31:05.876,0.005933,-0.007882,-0.010346,-0.000004,0.000000,-0.000003
2025-12-16 17:31:05.878,0.005912,-0.007910,-0.010367,-0.000004,0.000000,-0.000003
2025-12-16 17:31:05.879,0.005884,-0.007944,-0.010400,-0.000004,0.000000,-0.000003
2025-12-16 17:31:05.880,0.005877,-0.007945,-0.010413,-0.000004,0.000000,-0.000003
2025-12-16 17:31:05.881,0.005872,-0.007943,-0.010423,-0.000004,0.000000,-0.000003
2025-12-16 17:31:05.882,0.005872,-0.007929,-0.010424,-0.000004,0.000000,-0.000003
2025-12-16 17:31:05.883,0.005875,-0.007912,-0.010422,-0.000004,0.000000,-0.000003
2025-12-16 17:31:05.884,0.005876,-0.007878,-0.010411,-0.000004,0.000000,-0.000003
2025-12-16 17:31:05.886,0.005876,-0.007843,-0.010399,-0.000004,0.000000,-0.000003
2025-12-16 17:31:05.887,0.005873,-0.007794,-0.010387,-0.000004,0.000000,-0.000003
2025-12-16 17:31:05.888,0.005850,-0.007685,-0.010353,-0.000004,0.000000,-0.000003
2025-12-16 17:31:05.889,0.005839,-0.007630,-0.010331,-0.000004,0.000000,-0.000003
2025-12-16 17:31:05.890,0.005823,-0.007566,-0.010303,-0.000004,0.000000,-0.000003
2025-12-16 17:31:05.891,0.005793,-0.007491,-0.010269,-0.000004,0.000000,-0.000003
2025-12-16 17:31:05.893,0.005764,-0.007416,-0.010236,-0.000004,0.000000,-0.000003
2025-12-16 17:31:05.894,0.005733,-0.007340,-0.010200,-0.000004,0.000000,-0.000003
2025-12-16 17:31:05.895,0.005679,-0.007204,-0.010132,-0.000004,0.000000,-0.000003
2025-12-16 17:31:05.896,0.005655,-0.007150,-0.010100,-0.000004,0.000000,-0.000003
2025-12-16 17:31:05.897,0.005631,-0.007098,-0.010067,-0.000004,0.000000,-0.000003
2025-12-16 17:31:05.898,0.005606,-0.007036,-0.010024,-0.000004,0.000000,-0.000003
2025-12-16 17:31:05.900,0.005584,-0.006981,-0.009983,-0.000004,0.000000,-0.000003
2025-12-16 17:31:05.901,0.005559,-0.006926,-0.009937,-0.000004,0.000000,-0.000003
2025-12-16 17:31:05.902,0.005495,-0.006826,-0.009835,-0.000004,0.000000,-0.000003
2025-12-16 17:31:05.903,0.005453,-0.006779,-0.009787,-0.000004,0.000000,-0.000003
2025-12-16 17:31:05.904,0.005413,-0.006739,-0.009739,-0.000004,0.000000,-0.000003
2025-12-16 17:31:05.905,0.005380,-0.006708,-0.009698,-0.000004,0.000000,-0.000003
2025-12-16 17:31:05.906,0.005346,-0.006684,-0.009664,-0.000004,0.000000,-0.000003
2025-12-16 17:31:05.909,0.005278,-0.006651,-0.009581,-0.000004,0.000000,-0.000003
2025-12-16 17:31:05.910,0.005246,-0.006635,-0.009540,-0.000004,0.000000,-0.000003
2025-12-16 17:31:05.911,0.005213,-0.006618,-0.009501,-0.000004,0.000000,-0.000003
2025-12-16 17:31:05.912,0.005155,-0.006589,-0.009431,-0.000004,0.000000,-0.000003
2025-12-16 17:31:05.913,0.005131,-0.006577,-0.009397,-0.000004,0.000000,-0.000003
2025-12-16 17:31:05.914,0.005112,-0.006569,-0.009366,-0.000004,0.000000,-0.000003
2025-12-16 17:31:05.916,0.005097,-0.006566,-0.009334,-0.000004,0.000000,-0.000003
2025-12-16 17:31:05.917,0.005081,-0.006559,-0.009301,-0.000004,0.000000,-0.000003
2025-12-16 17:31:05.919,0.005046,-0.006538,-0.009243,-0.000004,0.000000,-0.000003
2025-12-16 17:31:05.920,0.005002,-0.006517,-0.009192,-0.000004,0.000000,-0.000002
2025-12-16 17:31:05.921,0.004983,-0.006507,-0.009182,-0.000004,0.000000,-0.000002
2025-12-16 17:31:05.922,0.004953,-0.006492,-0.009171,-0.000004,0.000000,-0.000002
2025-12-16 17:31:05.923,0.004922,-0.006471,-0.009161,-0.000004,0.000000,-0.000002
2025-12-16 17:31:05.924,0.004889,-0.006448,-0.009147,-0.000004,0.000000,-0.000002
2025-12-16 17:31:05.925,0.004858,-0.006422,-0.009135,-0.000004,0.000000,-0.000002
2025-12-16 17:31:05.926,0.004823,-0.006392,-0.009123,-0.000004,0.000000,-0.000002
2025-12-16 17:31:05.928,0.004750,-0.006327,-0.009109,-0.000004,0.000000,-0.000002
2025-12-16 17:31:05.929,0.004699,-0.006287,-0.009110,-0.000004,0.000000,-0.000002
2025-12-16 17:31:05.931,0.004652,-0.006251,-0.009112,-0.000004,0.000000,-0.000002
2025-12-16 17:31:05.932,0.004614,-0.006223,-0.009114,-0.000004,0.000001,-0.000002
2025-12-16 17:31:05.933,0.004520,-0.006140,-0.009131,-0.000004,0.000001,-0.000002
2025-12-16 17:31:05.934,0.004460,-0.006091,-0.009149,-0.000004,0.000001,-0.000002
2025-12-16 17:31:05.935,0.004405,-0.006047,-0.009168,-0.000004,0.000001,-0.000002
2025-12-16 17:31:05.937,0.004352,-0.006002,-0.009183,-0.000004,0.000001,-0.000002
2025-12-16 17:31:05.938,0.004239,-0.005907,-0.009221,-0.000004,0.000001,-0.000002
2025-12-16 17:31:05.939,0.004191,-0.005862,-0.009239,-0.000004,0.000001,-0.000002
2025-12-16 17:31:05.941,0.004092,-0.005778,-0.009274,-0.000004,0.000001,-0.000002
2025-12-16 17:31:05.942,0.004034,-0.005731,-0.009289,-0.000004,0.000001,-0.000002
2025-12-16 17:31:05.943,0.003981,-0.005689,-0.009301,-0.000004,0.000001,-0.000002
2025-12-16 17:31:05.945,0.003930,-0.005650,-0.009318,-0.000004,0.000001,-0.000002
2025-12-16 17:31:05.947,0.003765,-0.005540,-0.009381,-0.000003,0.000001,-0.000002
2025-12-16 17:31:05.948,0.003714,-0.005506,-0.009399,-0.000004,0.000001,-0.000002
2025-12-16 17:31:05.949,0.003665,-0.005477,-0.009414,-0.000004,0.000001,-0.000002
2025-12-16 17:31:05.950,0.003614,-0.005447,-0.009429,-0.000003,0.000001,-0.000002
2025-12-16 17:31:05.951,0.003570,-0.005420,-0.009441,-0.000003,0.000001,-0.000002
2025-12-16 17:31:05.952,0.003532,-0.005396,-0.009453,-0.000003,0.000001,-0.000002
2025-12-16 17:31:05.954,0.003499,-0.005373,-0.009465,-0.000003,0.000001,-0.000002
2025-12-16 17:31:05.955,0.003471,-0.005356,-0.009479,-0.000003,0.000001,-0.000002
2025-12-16 17:31:05.957,0.003416,-0.005325,-0.009501,-0.000004,0.000001,-0.000002
2025-12-16 17:31:05.958,0.003387,-0.005311,-0.009511,-0.000004,0.000001,-0.000002
2025-12-16 17:31:05.959,0.003328,-0.005285,-0.009525,-0.000004,0.000001,-0.000001
2025-12-16 17:31:05.960,0.003293,-0.005274,-0.009536,-0.000003,0.000001,-0.000001
2025-12-16 17:31:05.961,0.003261,-0.005264,-0.009548,-0.000004,0.000001,-0.000001
2025-12-16 17:31:05.962,0.003228,-0.005258,-0.009558,-0.000004,0.000001,-0.000001
2025-12-16 17:31:05.963,0.003197,-0.005253,-0.009564,-0.000004,0.000002,-0.000001
2025-12-16 17:31:05.964,0.003171,-0.005249,-0.009567,-0.000004,0.000002,-0.000001
2025-12-16 17:31:05.967,0.003120,-0.005241,-0.009574,-0.000004,0.000002,-0.000001
2025-12-16 17:31:05.968,0.003055,-0.005239,-0.009579,-0.000004,0.000002,-0.000001
2025-12-16 17:31:05.969,0.003018,-0.005236,-0.009574,-0.000004,0.000002,-0.000001
2025-12-16 17:31:05.970,0.002982,-0.005235,-0.009567,-0.000004,0.000002,-0.000001
2025-12-16 17:31:05.971,0.002953,-0.005236,-0.009559,-0.000003,0.000002,-0.000001
2025-12-16 17:31:05.973,0.002916,-0.005236,-0.009548,-0.000003,0.000002,-0.000001
2025-12-16 17:31:05.975,0.002826,-0.005232,-0.009520,-0.000004,0.000002,-0.000001
2025-12-16 17:31:05.976,0.002730,-0.005224,-0.009490,-0.000003,0.000002,-0.000001
2025-12-16 17:31:05.977,0.002682,-0.005220,-0.009474,-0.000003,0.000002,-0.000001
2025-12-16 17:31:05.979,0.002624,-0.005217,-0.009451,-0.000003,0.000002,-0.000001
2025-12-16 17:31:05.981,0.002505,-0.005204,-0.009404,-0.000003,0.000002,-0.000001
2025-12-16 17:31:05.982,0.002383,-0.005190,-0.009365,-0.000003,0.000002,-0.000001
2025-12-16 17:31:05.983,0.002332,-0.005188,-0.009347,-0.000003,0.000002,-0.000001
2025-12-16 17:31:05.984,0.002279,-0.005183,-0.009325,-0.000003,0.000002,-0.000001
2025-12-16 17:31:05.985,0.002220,-0.005178,-0.009300,-0.000003,0.000002,-0.000001
2025-12-16 17:31:05.987,0.002150,-0.005170,-0.009272,-0.000003,0.000002,-0.000001
2025-12-16 17:31:05.988,0.002005,-0.005149,-0.009211,-0.000003,0.000002,-0.000001
2025-12-16 17:31:05.989,0.001942,-0.005140,-0.009185,-0.000003,0.000002,-0.000001
2025-12-16 17:31:05.990,0.001871,-0.005126,-0.009160,-0.000003,0.000002,-0.000001
2025-12-16 17:31:05.991,0.001798,-0.005113,-0.009138,-0.000003,0.000002,-0.000001
2025-12-16 17:31:05.992,0.001719,-0.005098,-0.009118,-0.000003,0.000002,-0.000001
2025-12-16 17:31:05.993,0.001641,-0.005082,-0.009105,-0.000003,0.000002,-0.000001
2025-12-16 17:31:05.994,0.001565,-0.005068,-0.009095,-0.000003,0.000002,-0.000001
2025-12-16 17:31:05.996,0.001501,-0.005057,-0.009087,-0.000003,0.000002,-0.000001
2025-12-16 17:31:05.997,0.001361,-0.005028,-0.009072,-0.000003,0.000002,-0.000001
2025-12-16 17:31:05.998,0.001283,-0.005007,-0.009071,-0.000003,0.000002,-0.000001
2025-12-16 17:31:05.999,0.001206,-0.004988,-0.009070,-0.000003,0.000002,-0.000001
2025-12-16 17:31:06.000,0.001130,-0.004965,-0.009072,-0.000003,0.000002,-0.000001
2025-12-16 17:31:06.001,0.001067,-0.004943,-0.009076,-0.000003,0.000002,-0.000001
2025-12-16 17:31:06.002,0.001008,-0.004923,-0.009082,-0.000003,0.000002,-0.000001
2025-12-16 17:31:06.003,0.000947,-0.004904,-0.009088,-0.000003,0.000002,-0.000001
2025-12-16 17:31:06.004,0.000882,-0.004882,-0.009100,-0.000003,0.000002,-0.000001
2025-12-16 17:31:06.006,0.000810,-0.004854,-0.009119,-0.000003,0.000002,-0.000001
2025-12-16 17:31:06.007,0.000746,-0.004827,-0.009139,-0.000003,0.000002,-0.000000
2025-12-16 17:31:06.008,0.000669,-0.004795,-0.009167,-0.000003,0.000003,-0.000000
2025-12-16 17:31:06.009,0.000534,-0.004729,-0.009223,-0.000003,0.000003,-0.000000
2025-12-16 17:31:06.010,0.000484,-0.004703,-0.009246,-0.000003,0.000003,-0.000000
2025-12-16 17:31:06.011,0.000431,-0.004673,-0.009272,-0.000003,0.000003,-0.000000
2025-12-16 17:31:06.012,0.000374,-0.004639,-0.009297,-0.000003,0.000003,-0.000000
2025-12-16 17:31:06.013,0.000318,-0.004602,-0.009324,-0.000003,0.000003,-0.000000
2025-12-16 17:31:06.014,0.000264,-0.004562,-0.009352,-0.000003,0.000003,-0.000000
2025-12-16 17:31:06.015,0.000213,-0.004523,-0.009377,-0.000003,0.000003,-0.000000
2025-12-16 17:31:06.017,0.000160,-0.004480,-0.009404,-0.000003,0.000003,-0.000000
2025-12-16 17:31:06.018,0.000114,-0.004442,-0.009428,-0.000003,0.000003,-0.000000
2025-12-16 17:31:06.019,0.000072,-0.004405,-0.009453,-0.000003,0.000003,-0.000000
2025-12-16 17:31:06.020,-0.000010,-0.004327,-0.009507,-0.000003,0.000003,0.000000
2025-12-16 17:31:06.021,-0.000043,-0.004294,-0.009530,-0.000003,0.000003,0.000000
2025-12-16 17:31:06.022,-0.000079,-0.004251,-0.009549,-0.000003,0.000003,0.000000
2025-12-16 17:31:06.023,-0.000110,-0.004211,-0.009563,-0.000003,0.000003,0.000000
2025-12-16 17:31:06.025,-0.000173,-0.004128,-0.009595,-0.000003,0.000003,0.000000
2025-12-16 17:31:06.026,-0.000198,-0.004091,-0.009608,-0.000003,0.000003,0.000000
2025-12-16 17:31:06.027,-0.000217,-0.004052,-0.009616,-0.000003,0.000003,0.000000
2025-12-16 17:31:06.028,-0.000231,-0.004019,-0.009621,-0.000003,0.000003,0.000000
2025-12-16 17:31:06.031,-0.000266,-0.003945,-0.009625,-0.000003,0.000003,0.000000
2025-12-16 17:31:06.032,-0.000291,-0.003877,-0.009623,-0.000003,0.000003,0.000000
2025-12-16 17:31:06.033,-0.000302,-0.003843,-0.009623,-0.000003,0.000003,0.000000
2025-12-16 17:31:06.034,-0.000310,-0.003815,-0.009623,-0.000003,0.000003,0.000000
2025-12-16 17:31:06.035,-0.000317,-0.003794,-0.009623,-0.000003,0.000003,0.000000
2025-12-16 17:31:06.036,-0.000327,-0.003770,-0.009621,-0.000003,0.000003,0.000000
2025-12-16 17:31:06.037,-0.000337,-0.003750,-0.009619,-0.000003,0.000003,0.000000
2025-12-16 17:31:06.038,-0.000345,-0.003734,-0.009616,-0.000003,0.000003,0.000000
2025-12-16 17:31:06.040,-0.000358,-0.003705,-0.009607,-0.000003,0.000003,0.000000
2025-12-16 17:31:06.041,-0.000372,-0.003675,-0.009596,-0.000003,0.000003,0.000000
2025-12-16 17:31:06.042,-0.000383,-0.003649,-0.009586,-0.000003,0.000003,0.000000
2025-12-16 17:31:06.043,-0.000400,-0.003624,-0.009579,-0.000003,0.000003,0.000000
2025-12-16 17:31:06.045,-0.000415,-0.003604,-0.009573,-0.000003,0.000003,0.000000
2025-12-16 17:31:06.046,-0.000429,-0.003584,-0.009565,-0.000003,0.000003,0.000000
2025-12-16 17:31:06.048,-0.000444,-0.003566,-0.009553,-0.000003,0.000003,0.000000
2025-12-16 17:31:06.049,-0.000461,-0.003548,-0.009546,-0.000003,0.000003,0.000000
2025-12-16 17:31:06.050,-0.000489,-0.003517,-0.009532,-0.000003,0.000003,0.000000
2025-12-16 17:31:06.051,-0.000509,-0.003502,-0.009527,-0.000003,0.000003,0.000000
2025-12-16 17:31:06.053,-0.000529,-0.003486,-0.009521,-0.000003,0.000003,0.000000
2025-12-16 17:31:06.054,-0.000601,-0.003424,-0.009493,-0.000003,0.000003,0.000000
2025-12-16 17:31:06.056,-0.000617,-0.003407,-0.009485,-0.000003,0.000003,0.000000
2025-12-16 17:31:06.057,-0.000635,-0.003391,-0.009477,-0.000003,0.000003,0.000000
2025-12-16 17:31:06.059,-0.000672,-0.003361,-0.009467,-0.000003,0.000003,0.000000
2025-12-16 17:31:06.060,-0.000691,-0.003347,-0.009464,-0.000003,0.000003,0.000000
2025-12-16 17:31:06.061,-0.000703,-0.003331,-0.009464,-0.000003,0.000003,0.000000
2025-12-16 17:31:06.062,-0.000719,-0.003304,-0.009456,-0.000003,0.000003,0.000000
2025-12-16 17:31:06.063,-0.000724,-0.003290,-0.009452,-0.000003,0.000003,0.000000
2025-12-16 17:31:06.066,-0.000739,-0.003256,-0.009452,-0.000003,0.000003,0.000000
2025-12-16 17:31:06.069,-0.000762,-0.003206,-0.009461,-0.000004,0.000003,0.000000
2025-12-16 17:31:06.070,-0.000765,-0.003181,-0.009473,-0.000004,0.000003,0.000000
2025-12-16 17:31:06.072,-0.000748,-0.003152,-0.009495,-0.000004,0.000003,0.000000
2025-12-16 17:31:06.073,-0.000733,-0.003139,-0.009502,-0.000004,0.000003,0.000000
2025-12-16 17:31:06.074,-0.000719,-0.003127,-0.009507,-0.000004,0.000003,0.000000
2025-12-16 17:31:06.075,-0.000704,-0.003118,-0.009518,-0.000004,0.000003,0.000000
2025-12-16 17:31:06.076,-0.000688,-0.003105,-0.009532,-0.000004,0.000003,0.000000
2025-12-16 17:31:06.077,-0.000667,-0.003092,-0.009545,-0.000004,0.000003,0.000000
2025-12-16 17:31:06.079,-0.000649,-0.003081,-0.009555,-0.000004,0.000003,0.000000
2025-12-16 17:31:06.081,-0.000598,-0.003070,-0.009578,-0.000004,0.000003,0.000000
2025-12-16 17:31:06.085,-0.000460,-0.003040,-0.009633,-0.000004,0.000003,0.000000
2025-12-16 17:31:06.086,-0.000382,-0.003035,-0.009659,-0.000004,0.000003,-0.000000
2025-12-16 17:31:06.088,-0.000332,-0.003029,-0.009673,-0.000004,0.000003,-0.000000
2025-12-16 17:31:06.089,-0.000287,-0.003023,-0.009687,-0.000004,0.000003,-0.000000
2025-12-16 17:31:06.090,-0.000184,-0.003011,-0.009712,-0.000004,0.000003,-0.000000
2025-12-16 17:31:06.091,-0.000127,-0.003004,-0.009722,-0.000004,0.000003,-0.000000
2025-12-16 17:31:06.093,-0.000071,-0.003001,-0.009734,-0.000004,0.000003,-0.000000
2025-12-16 17:31:06.094,0.000016,-0.002992,-0.009757,-0.000004,0.000003,-0.000000
2025-12-16 17:31:06.096,0.000060,-0.002989,-0.009766,-0.000004,0.000003,-0.000000
2025-12-16 17:31:06.097,0.000101,-0.002982,-0.009775,-0.000004,0.000003,-0.000000
2025-12-16 17:31:06.098,0.000143,-0.002978,-0.009788,-0.000004,0.000003,-0.000000
2025-12-16 17:31:06.101,0.000271,-0.002949,-0.009843,-0.000004,0.000003,-0.000000
2025-12-16 17:31:06.105,0.000401,-0.002898,-0.009918,-0.000004,0.000003,-0.000000
2025-12-16 17:31:06.106,0.000451,-0.002868,-0.009969,-0.000004,0.000003,-0.000000
2025-12-16 17:31:06.107,0.000472,-0.002857,-0.009995,-0.000004,0.000003,-0.000000
2025-12-16 17:31:06.113,0.000509,-0.002770,-0.010121,-0.000004,0.000003,-0.000000
2025-12-16 17:31:06.114,0.000494,-0.002721,-0.010176,-0.000004,0.000003,-0.000000
2025-12-16 17:31:06.117,0.000481,-0.002678,-0.010223,-0.000004,0.000003,-0.000000
2025-12-16 17:31:06.118,0.000463,-0.002633,-0.010269,-0.000004,0.000003,-0.000000
2025-12-16 17:31:06.120,0.000455,-0.002611,-0.010289,-0.000004,0.000003,-0.000000
2025-12-16 17:31:06.125,0.000404,-0.002494,-0.010393,-0.000004,0.000003,-0.000000
2025-12-16 17:31:06.126,0.000376,-0.002440,-0.010426,-0.000004,0.000003,-0.000000
2025-12-16 17:31:06.127,0.000363,-0.002411,-0.010442,-0.000004,0.000003,-0.000000
2025-12-16 17:31:06.131,0.000356,-0.002345,-0.010483,-0.000004,0.000003,-0.000000
2025-12-16 17:31:06.132,0.000377,-0.002310,-0.010517,-0.000004,0.000003,-0.000000
2025-12-16 17:31:06.133,0.000393,-0.002292,-0.010538,-0.000004,0.000003,-0.000000
2025-12-16 17:31:06.135,0.000411,-0.002272,-0.010560,-0.000004,0.000003,-0.000000
2025-12-16 17:31:06.136,0.000428,-0.002254,-0.010579,-0.000004,0.000003,-0.000000
2025-12-16 17:31:06.137,0.000473,-0.002226,-0.010613,-0.000004,0.000003,-0.000000
2025-12-16 17:31:06.138,0.000476,-0.002147,-0.010300,-0.000004,0.000003,-0.000000
2025-12-16 17:31:06.140,0.000494,-0.002121,-0.010247,-0.000004,0.000003,-0.000000
2025-12-16 17:31:06.141,0.000526,-0.002121,-0.010305,-0.000004,0.000003,-0.000000
2025-12-16 17:31:06.142,0.000566,-0.002127,-0.010400,-0.000004,0.000003,-0.000000
2025-12-16 17:31:06.143,0.000650,-0.002141,-0.010594,-0.000004,0.000003,-0.000000
2025-12-16 17:31:06.144,0.000687,-0.002145,-0.010674,-0.000004,0.000003,-0.000000
2025-12-16 17:31:06.145,0.000720,-0.002147,-0.010744,-0.000004,0.000003,-0.000000
2025-12-16 17:31:06.147,0.000757,-0.002147,-0.010810,-0.000004,0.000003,-0.000000
2025-12-16 17:31:06.148,0.000788,-0.002147,-0.010865,-0.000004,0.000003,-0.000000
2025-12-16 17:31:06.149,0.000814,-0.002142,-0.010916,-0.000004,0.000003,-0.000000
2025-12-16 17:31:06.150,0.000864,-0.002134,-0.011024,-0.000004,0.000003,-0.000000
2025-12-16 17:31:06.153,0.000900,-0.002123,-0.011124,-0.000004,0.000003,-0.000000
2025-12-16 17:31:06.154,0.000931,-0.002108,-0.011224,-0.000004,0.000003,-0.000000
2025-12-16 17:31:06.155,0.000940,-0.002098,-0.011267,-0.000004,0.000003,-0.000000
2025-12-16 17:31:06.156,0.000942,-0.002086,-0.011310,-0.000004,0.000003,-0.000000
2025-12-16 17:31:06.157,0.000939,-0.002074,-0.011360,-0.000004,0.000003,-0.000000
2025-12-16 17:31:06.158,0.000936,-0.002063,-0.011405,-0.000004,0.000003,-0.000000
2025-12-16 17:31:06.161,0.000929,-0.002038,-0.011506,-0.000005,0.000003,-0.000000
2025-12-16 17:31:06.162,0.000918,-0.002007,-0.011615,-0.000004,0.000003,-0.000000
2025-12-16 17:31:06.163,0.000906,-0.001982,-0.011671,-0.000004,0.000003,-0.000000
2025-12-16 17:31:06.164,0.000894,-0.001959,-0.011718,-0.000005,0.000003,-0.000000
2025-12-16 17:31:06.165,0.000880,-0.001938,-0.011765,-0.000005,0.000004,-0.000000
2025-12-16 17:31:06.167,0.000864,-0.001914,-0.011813,-0.000005,0.000004,-0.000000
2025-12-16 17:31:06.168,0.000847,-0.001881,-0.011860,-0.000005,0.000004,-0.000000
2025-12-16 17:31:06.169,0.000816,-0.001817,-0.011954,-0.000005,0.000004,-0.000000
2025-12-16 17:31:06.171,0.000804,-0.001787,-0.011991,-0.000005,0.000004,-0.000000
2025-12-16 17:31:06.172,0.000796,-0.001761,-0.012025,-0.000005,0.000004,-0.000000
2025-12-16 17:31:06.173,0.000788,-0.001703,-0.012094,-0.000005,0.000004,-0.000000
2025-12-16 17:31:06.177,0.000766,-0.001613,-0.012190,-0.000005,0.000004,0.000000
2025-12-16 17:31:06.178,0.000771,-0.001548,-0.012240,-0.000005,0.000004,0.000000
2025-12-16 17:31:06.179,0.000783,-0.001511,-0.012262,-0.000005,0.000004,0.000000
2025-12-16 17:31:06.180,0.000789,-0.001474,-0.012284,-0.000005,0.000004,0.000000
2025-12-16 17:31:06.185,0.000821,-0.001350,-0.012343,-0.000005,0.000004,0.000000
2025-12-16 17:31:06.186,0.000870,-0.001292,-0.012363,-0.000005,0.000004,-0.000000
2025-12-16 17:31:06.187,0.000894,-0.001265,-0.012370,-0.000005,0.000004,-0.000000
2025-12-16 17:31:06.189,0.000921,-0.001246,-0.012380,-0.000005,0.000004,0.000000
2025-12-16 17:31:06.190,0.000948,-0.001228,-0.012392,-0.000005,0.000004,0.000000
2025-12-16 17:31:06.191,0.001005,-0.001199,-0.012414,-0.000005,0.000004,-0.000000
2025-12-16 17:31:06.193,0.001069,-0.001173,-0.012421,-0.000005,0.000004,0.000000
2025-12-16 17:31:06.194,0.001102,-0.001155,-0.012430,-0.000005,0.000004,0.000000
2025-12-16 17:31:06.195,0.001131,-0.001138,-0.012439,-0.000005,0.000004,0.000000
2025-12-16 17:31:06.197,0.001151,-0.001120,-0.012450,-0.000005,0.000004,-0.000000
2025-12-16 17:31:06.198,0.001185,-0.001082,-0.012474,-0.000005,0.000004,-0.000000
2025-12-16 17:31:06.199,0.001199,-0.001068,-0.012485,-0.000005,0.000004,-0.000000
2025-12-16 17:31:06.201,0.001221,-0.001055,-0.012501,-0.000005,0.000004,-0.000000
2025-12-16 17:31:06.202,0.001241,-0.001038,-0.012516,-0.000005,0.000004,-0.000000
2025-12-16 17:31:06.203,0.001257,-0.001023,-0.012528,-0.000005,0.000004,-0.000000
2025-12-16 17:31:06.204,0.001255,-0.000973,-0.012564,-0.000005,0.000004,-0.000000
2025-12-16 17:31:06.207,0.001245,-0.000921,-0.012599,-0.000005,0.000004,-0.000000
2025-12-16 17:31:06.208,0.001216,-0.000869,-0.012636,-0.000005,0.000004,-0.000000
2025-12-16 17:31:06.209,0.001199,-0.000845,-0.012648,-0.000005,0.000004,0.000000
2025-12-16 17:31:06.210,0.001166,-0.000813,-0.012668,-0.000005,0.000004,-0.000000
2025-12-16 17:31:06.211,0.001131,-0.000777,-0.012687,-0.000005,0.000004,0.000000
2025-12-16 17:31:06.213,0.001101,-0.000745,-0.012703,-0.000005,0.000004,0.000000
2025-12-16 17:31:06.214,0.001069,-0.000715,-0.012723,-0.000005,0.000004,0.000000
2025-12-16 17:31:06.217,0.000917,-0.000589,-0.012788,-0.000005,0.000004,0.000000
2025-12-16 17:31:06.219,0.000825,-0.000514,-0.012826,-0.000005,0.000004,0.000000
2025-12-16 17:31:06.220,0.000784,-0.000479,-0.012845,-0.000006,0.000004,0.000000
2025-12-16 17:31:06.221,0.000735,-0.000439,-0.012861,-0.000006,0.000004,0.000000
2025-12-16 17:31:06.222,0.000684,-0.000397,-0.012879,-0.000006,0.000004,0.000000
2025-12-16 17:31:06.223,0.000631,-0.000359,-0.012898,-0.000006,0.000004,0.000001
2025-12-16 17:31:06.224,0.000585,-0.000327,-0.012914,-0.000006,0.000004,0.000001
2025-12-16 17:31:06.228,0.000464,-0.000238,-0.012958,-0.000006,0.000005,0.000001
2025-12-16 17:31:06.229,0.000398,-0.000191,-0.012995,-0.000006,0.000005,0.000001
2025-12-16 17:31:06.230,0.000375,-0.000169,-0.013009,-0.000006,0.000005,0.000001
2025-12-16 17:31:06.231,0.000352,-0.000149,-0.013025,-0.000006,0.000005,0.000001
2025-12-16 17:31:06.232,0.000333,-0.000133,-0.013039,-0.000006,0.000005,0.000001
2025-12-16 17:31:06.233,0.000318,-0.000119,-0.013055,-0.000006,0.000005,0.000001
2025-12-16 17:31:06.234,0.000306,-0.000109,-0.013073,-0.000006,0.000005,0.000001
2025-12-16 17:31:06.236,0.000297,-0.000088,-0.013105,-0.000006,0.000005,0.000001
2025-12-16 17:31:06.237,0.000294,-0.000079,-0.013125,-0.000006,0.000005,0.000001
2025-12-16 17:31:06.238,0.000291,-0.000073,-0.013143,-0.000006,0.000005,0.000001
2025-12-16 17:31:06.239,0.000301,-0.000071,-0.013165,-0.000006,0.000005,0.000001
2025-12-16 17:31:06.240,0.000315,-0.000072,-0.013185,-0.000006,0.000005,0.000001
2025-12-16 17:31:06.241,0.000327,-0.000073,-0.013201,-0.000006,0.000005,0.000001
2025-12-16 17:31:06.242,0.000346,-0.000076,-0.013218,-0.000006,0.000005,0.000001
2025-12-16 17:31:06.244,0.000363,-0.000079,-0.013233,-0.000006,0.000005,0.000001
2025-12-16 17:31:06.245,0.000386,-0.000084,-0.013250,-0.000006,0.000005,0.000001
2025-12-16 17:31:06.246,0.000449,-0.000092,-0.013283,-0.000006,0.000005,0.000000
2025-12-16 17:31:06.247,0.000483,-0.000097,-0.013300,-0.000006,0.000005,0.000000
2025-12-16 17:31:06.248,0.000529,-0.000106,-0.013316,-0.000006,0.000005,0.000000
2025-12-16 17:31:06.249,0.000574,-0.000109,-0.013331,-0.000006,0.000005,0.000000
2025-12-16 17:31:06.250,0.000613,-0.000109,-0.013343,-0.000006,0.000005,0.000000
2025-12-16 17:31:06.251,0.000657,-0.000110,-0.013357,-0.000006,0.000005,0.000000
2025-12-16 17:31:06.253,0.000709,-0.000113,-0.013369,-0.000006,0.000005,0.000000
2025-12-16 17:31:06.254,0.000757,-0.000116,-0.013378,-0.000006,0.000005,0.000001
2025-12-16 17:31:06.255,0.000857,-0.000120,-0.013396,-0.000006,0.000005,0.000000
2025-12-16 17:31:06.256,0.000908,-0.000119,-0.013404,-0.000006,0.000005,0.000000
2025-12-16 17:31:06.257,0.000950,-0.000118,-0.013410,-0.000006,0.000005,0.000001
2025-12-16 17:31:06.259,0.000996,-0.000113,-0.013413,-0.000006,0.000005,0.000000
2025-12-16 17:31:06.260,0.001071,-0.000095,-0.013416,-0.000006,0.000004,0.000000
2025-12-16 17:31:06.261,0.001111,-0.000082,-0.013417,-0.000006,0.000004,0.000000
2025-12-16 17:31:06.262,0.001153,-0.000066,-0.013416,-0.000006,0.000004,0.000000
2025-12-16 17:31:06.263,0.001191,-0.000052,-0.013414,-0.000006,0.000004,0.000000
2025-12-16 17:31:06.264,0.001229,-0.000036,-0.013408,-0.000006,0.000004,0.000000
2025-12-16 17:31:06.266,0.001270,-0.000018,-0.013399,-0.000006,0.000004,0.000000
2025-12-16 17:31:06.267,0.001310,0.000004,-0.013385,-0.000006,0.000004,0.000000
2025-12-16 17:31:06.268,0.001376,0.000049,-0.013354,-0.000006,0.000004,0.000000
2025-12-16 17:31:06.269,0.001404,0.000074,-0.013341,-0.000006,0.000004,0.000000
2025-12-16 17:31:06.270,0.001432,0.000096,-0.013329,-0.000005,0.000004,0.000000
2025-12-16 17:31:06.271,0.001460,0.000118,-0.013315,-0.000006,0.000004,0.000000
2025-12-16 17:31:06.272,0.001485,0.000140,-0.013299,-0.000005,0.000004,0.000000
2025-12-16 17:31:06.273,0.001513,0.000167,-0.013276,-0.000005,0.000004,0.000000
2025-12-16 17:31:06.275,0.001540,0.000202,-0.013248,-0.000005,0.000004,0.000000
2025-12-16 17:31:06.276,0.001568,0.000241,-0.013217,-0.000006,0.000004,0.000000
2025-12-16 17:31:06.277,0.001620,0.000324,-0.013158,-0.000006,0.000004,0.000000
2025-12-16 17:31:06.278,0.001647,0.000362,-0.013131,-0.000005,0.000004,0.000000
2025-12-16 17:31:06.279,0.001669,0.000392,-0.013110,-0.000005,0.000004,0.000000
2025-12-16 17:31:06.280,0.001690,0.000426,-0.013087,-0.000006,0.000004,0.000000
2025-12-16 17:31:06.282,0.001711,0.000462,-0.013062,-0.000006,0.000004,0.000000
2025-12-16 17:31:06.283,0.001734,0.000500,-0.013039,-0.000006,0.000004,0.000000
2025-12-16 17:31:06.284,0.001775,0.000565,-0.013001,-0.000006,0.000004,0.000000
2025-12-16 17:31:06.285,0.001793,0.000600,-0.012980,-0.000006,0.000004,0.000000
2025-12-16 17:31:06.286,0.001812,0.000644,-0.012962,-0.000006,0.000004,0.000000
2025-12-16 17:31:06.287,0.001828,0.000685,-0.012947,-0.000006,0.000004,0.000000
2025-12-16 17:31:06.288,0.001846,0.000726,-0.012935,-0.000006,0.000004,0.000000
2025-12-16 17:31:06.290,0.001864,0.000778,-0.012920,-0.000006,0.000004,0.000000
2025-12-16 17:31:06.291,0.001878,0.000834,-0.012910,-0.000005,0.000004,0.000000
2025-12-16 17:31:06.293,0.001913,0.000993,-0.012898,-0.000005,0.000004,0.000000
2025-12-16 17:31:06.294,0.001924,0.001051,-0.012902,-0.000006,0.000004,0.000000
2025-12-16 17:31:06.295,0.001931,0.001100,-0.012908,-0.000005,0.000004,0.000000
2025-12-16 17:31:06.296,0.001938,0.001156,-0.012915,-0.000006,0.000004,0.000000
2025-12-16 17:31:06.297,0.001943,0.001205,-0.012921,-0.000006,0.000004,0.000000
2025-12-16 17:31:06.299,0.001947,0.001262,-0.012928,-0.000005,0.000004,0.000000
2025-12-16 17:31:06.300,0.001940,0.001320,-0.012936,-0.000006,0.000004,0.000001
2025-12-16 17:31:06.301,0.001928,0.001384,-0.012949,-0.000006,0.000004,0.000001
2025-12-16 17:31:06.302,0.001915,0.001453,-0.012960,-0.000006,0.000004,0.000001
2025-12-16 17:31:06.303,0.001872,0.001603,-0.012988,-0.000006,0.000004,0.000001
2025-12-16 17:31:06.304,0.001841,0.001686,-0.013006,-0.000006,0.000004,0.000001
2025-12-16 17:31:06.305,0.001806,0.001769,-0.013027,-0.000006,0.000004,0.000001
2025-12-16 17:31:06.306,0.001775,0.001840,-0.013046,-0.000006,0.000005,0.000001
2025-12-16 17:31:06.307,0.001734,0.001918,-0.013065,-0.000006,0.000005,0.000001
2025-12-16 17:31:06.308,0.001697,0.001988,-0.013082,-0.000006,0.000005,0.000001
2025-12-16 17:31:06.309,0.001657,0.002062,-0.013100,-0.000006,0.000005,0.000001
2025-12-16 17:31:06.310,0.001612,0.002139,-0.013113,-0.000006,0.000005,0.000001
2025-12-16 17:31:06.312,0.001570,0.002204,-0.013123,-0.000006,0.000005,0.000001
2025-12-16 17:31:06.313,0.001523,0.002273,-0.013134,-0.000006,0.000005,0.000001
2025-12-16 17:31:06.314,0.001424,0.002418,-0.013155,-0.000006,0.000005,0.000001
2025-12-16 17:31:06.319,0.001176,0.002775,-0.013172,-0.000006,0.000005,0.000001
2025-12-16 17:31:06.320,0.001121,0.002847,-0.013170,-0.000006,0.000005,0.000001
2025-12-16 17:31:06.321,0.001071,0.002910,-0.013169,-0.000006,0.000005,0.000001
2025-12-16 17:31:06.322,0.001029,0.002970,-0.013162,-0.000006,0.000005,0.000001
2025-12-16 17:31:06.323,0.000987,0.003034,-0.013149,-0.000006,0.000005,0.000001
2025-12-16 17:31:06.324,0.000949,0.003096,-0.013136,-0.000006,0.000005,0.000001
2025-12-16 17:31:06.327,0.000895,0.003196,-0.013110,-0.000006,0.000005,0.000001
2025-12-16 17:31:06.328,0.000844,0.003302,-0.013071,-0.000006,0.000005,0.000001
2025-12-16 17:31:06.329,0.000814,0.003361,-0.013047,-0.000006,0.000005,0.000001
2025-12-16 17:31:06.330,0.000788,0.003411,-0.013026,-0.000006,0.000005,0.000001
2025-12-16 17:31:06.331,0.000766,0.003461,-0.013004,-0.000006,0.000005,0.000001
2025-12-16 17:31:06.332,0.000745,0.003512,-0.012979,-0.000006,0.000005,0.000001
2025-12-16 17:31:06.334,0.000716,0.003606,-0.012929,-0.000006,0.000006,0.000001
2025-12-16 17:31:06.335,0.000704,0.003657,-0.012899,-0.000006,0.000005,0.000001
2025-12-16 17:31:06.336,0.000693,0.003701,-0.012874,-0.000006,0.000006,0.000001
2025-12-16 17:31:06.339,0.000689,0.003786,-0.012809,-0.000006,0.000006,0.000001
2025-12-16 17:31:06.340,0.000695,0.003868,-0.012753,-0.000006,0.000005,0.000001
2025-12-16 17:31:06.341,0.000701,0.003914,-0.012720,-0.000006,0.000005,0.000001
2025-12-16 17:31:06.342,0.000708,0.003954,-0.012690,-0.000006,0.000005,0.000001
2025-12-16 17:31:06.343,0.000715,0.003994,-0.012662,-0.000006,0.000005,0.000001
2025-12-16 17:31:06.344,0.000722,0.004043,-0.012628,-0.000006,0.000005,0.000001
2025-12-16 17:31:06.346,0.000740,0.004132,-0.012564,-0.000006,0.000005,0.000001
2025-12-16 17:31:06.347,0.000761,0.004179,-0.012523,-0.000006,0.000006,0.000001
2025-12-16 17:31:06.348,0.000781,0.004221,-0.012486,-0.000006,0.000005,0.000001
2025-12-16 17:31:06.349,0.000804,0.004267,-0.012447,-0.000005,0.000005,0.000001
2025-12-16 17:31:06.350,0.000825,0.004308,-0.012413,-0.000005,0.000005,0.000001
2025-12-16 17:31:06.351,0.000845,0.004346,-0.012381,-0.000006,0.000005,0.000001
2025-12-16 17:31:06.352,0.000870,0.004387,-0.012351,-0.000005,0.000005,0.000001
2025-12-16 17:31:06.354,0.000896,0.004428,-0.012320,-0.000005,0.000005,0.000001
2025-12-16 17:31:06.355,0.000919,0.004475,-0.012285,-0.000006,0.000006,0.000001
2025-12-16 17:31:06.356,0.000961,0.004564,-0.012215,-0.000005,0.000005,0.000001
2025-12-16 17:31:06.357,0.000983,0.004611,-0.012179,-0.000005,0.000005,0.000001
2025-12-16 17:31:06.358,0.001007,0.004659,-0.012141,-0.000005,0.000005,0.000001
2025-12-16 17:31:06.359,0.001030,0.004702,-0.012105,-0.000005,0.000005,0.000001
2025-12-16 17:31:06.360,0.001058,0.004741,-0.012072,-0.000005,0.000005,0.000001
2025-12-16 17:31:06.362,0.001084,0.004781,-0.012042,-0.000005,0.000005,0.000001
2025-12-16 17:31:06.363,0.001126,0.004853,-0.011993,-0.000005,0.000005,0.000001
2025-12-16 17:31:06.364,0.001142,0.004887,-0.011973,-0.000005,0.000005,0.000001
2025-12-16 17:31:06.365,0.001161,0.004921,-0.011948,-0.000005,0.000005,0.000001
2025-12-16 17:31:06.366,0.001182,0.004956,-0.011919,-0.000005,0.000005,0.000001
2025-12-16 17:31:06.367,0.001201,0.004986,-0.011894,-0.000005,0.000005,0.000001
2025-12-16 17:31:06.368,0.001214,0.005021,-0.011874,-0.000005,0.000005,0.000001
2025-12-16 17:31:06.369,0.001228,0.005058,-0.011852,-0.000005,0.000005,0.000001
2025-12-16 17:31:06.370,0.001239,0.005090,-0.011833,-0.000005,0.000005,0.000001
2025-12-16 17:31:06.371,0.001249,0.005123,-0.011815,-0.000005,0.000005,0.000001
2025-12-16 17:31:06.372,0.001258,0.005153,-0.011800,-0.000005,0.000005,0.000001
2025-12-16 17:31:06.373,0.001266,0.005179,-0.011786,-0.000005,0.000005,0.000001
2025-12-16 17:31:06.374,0.001273,0.005214,-0.011770,-0.000005,0.000005,0.000001
2025-12-16 17:31:06.376,0.001279,0.005247,-0.011757,-0.000005,0.000005,0.000001
2025-12-16 17:31:06.377,0.001281,0.005317,-0.011726,-0.000005,0.000005,0.000001
2025-12-16 17:31:06.378,0.001279,0.005349,-0.011714,-0.000005,0.000005,0.000001
2025-12-16 17:31:06.379,0.001275,0.005380,-0.011707,-0.000005,0.000005,0.000001
2025-12-16 17:31:06.381,0.001258,0.005423,-0.011692,-0.000005,0.000005,0.000001
2025-12-16 17:31:06.382,0.001239,0.005464,-0.011677,-0.000005,0.000005,0.000001
2025-12-16 17:31:06.383,0.001218,0.005508,-0.011666,-0.000005,0.000005,0.000001
2025-12-16 17:31:06.385,0.001154,0.005626,-0.011632,-0.000005,0.000005,0.000002
2025-12-16 17:31:06.386,0.001123,0.005670,-0.011621,-0.000005,0.000005,0.000002
2025-12-16 17:31:06.387,0.001090,0.005717,-0.011610,-0.000005,0.000006,0.000002
2025-12-16 17:31:06.388,0.001056,0.005763,-0.011597,-0.000005,0.000005,0.000002
2025-12-16 17:31:06.389,0.001027,0.005803,-0.011586,-0.000005,0.000005,0.000002
2025-12-16 17:31:06.390,0.000989,0.005847,-0.011573,-0.000005,0.000006,0.000002
2025-12-16 17:31:06.392,0.000954,0.005886,-0.011560,-0.000005,0.000006,0.000002
2025-12-16 17:31:06.394,0.000828,0.006011,-0.011512,-0.000005,0.000006,0.000002
2025-12-16 17:31:06.395,0.000785,0.006049,-0.011497,-0.000005,0.000006,0.000002
2025-12-16 17:31:06.397,0.000748,0.006080,-0.011486,-0.000005,0.000006,0.000002
2025-12-16 17:31:06.398,0.000711,0.006112,-0.011473,-0.000005,0.000006,0.000002
2025-12-16 17:31:06.399,0.000670,0.006146,-0.011451,-0.000005,0.000006,0.000002
2025-12-16 17:31:06.401,0.000565,0.006224,-0.011389,-0.000005,0.000006,0.000002
2025-12-16 17:31:06.402,0.000532,0.006244,-0.011373,-0.000005,0.000006,0.000002
2025-12-16 17:31:06.403,0.000503,0.006262,-0.011358,-0.000005,0.000006,0.000002
2025-12-16 17:31:06.404,0.000477,0.006279,-0.011341,-0.000005,0.000006,0.000002
2025-12-16 17:31:06.405,0.000443,0.006294,-0.011321,-0.000005,0.000006,0.000002
2025-12-16 17:31:06.406,0.000414,0.006307,-0.011295,-0.000005,0.000006,0.000002
2025-12-16 17:31:06.408,0.000388,0.006314,-0.011275,-0.000005,0.000006,0.000002
2025-12-16 17:31:06.409,0.000363,0.006317,-0.011251,-0.000005,0.000006,0.000002
2025-12-16 17:31:06.410,0.000321,0.006315,-0.011210,-0.000005,0.000006,0.000002
2025-12-16 17:31:06.411,0.000304,0.006313,-0.011189,-0.000005,0.000006,0.000002
2025-12-16 17:31:06.412,0.000285,0.006309,-0.011167,-0.000005,0.000006,0.000002
2025-12-16 17:31:06.413,0.000264,0.006303,-0.011141,-0.000005,0.000006,0.000002
2025-12-16 17:31:06.414,0.000246,0.006297,-0.011117,-0.000005,0.000006,0.000002
2025-12-16 17:31:06.416,0.000234,0.006287,-0.011090,-0.000005,0.000006,0.000002
2025-12-16 17:31:06.417,0.000224,0.006272,-0.011064,-0.000005,0.000006,0.000002
2025-12-16 17:31:06.418,0.000207,0.006236,-0.011004,-0.000005,0.000006,0.000002
2025-12-16 17:31:06.419,0.000206,0.006213,-0.010978,-0.000005,0.000006,0.000002
2025-12-16 17:31:06.420,0.000200,0.006185,-0.010948,-0.000005,0.000006,0.000002
2025-12-16 17:31:06.422,0.000194,0.006160,-0.010921,-0.000004,0.000006,0.000002
2025-12-16 17:31:06.423,0.000196,0.006134,-0.010887,-0.000005,0.000006,0.000002
2025-12-16 17:31:06.424,0.000199,0.006106,-0.010853,-0.000005,0.000006,0.000002
2025-12-16 17:31:06.425,0.000201,0.006035,-0.010769,-0.000004,0.000006,0.000002
2025-12-16 17:31:06.426,0.000209,0.006000,-0.010732,-0.000004,0.000006,0.000002
2025-12-16 17:31:06.427,0.000216,0.005958,-0.010686,-0.000004,0.000006,0.000002
2025-12-16 17:31:06.428,0.000226,0.005914,-0.010637,-0.000004,0.000006,0.000002
2025-12-16 17:31:06.429,0.000234,0.005874,-0.010589,-0.000004,0.000006,0.000002
2025-12-16 17:31:06.430,0.000244,0.005830,-0.010542,-0.000004,0.000006,0.000002
2025-12-16 17:31:06.432,0.000256,0.005785,-0.010495,-0.000004,0.000006,0.000002
2025-12-16 17:31:06.433,0.000266,0.005748,-0.010455,-0.000004,0.000006,0.000002
2025-12-16 17:31:06.434,0.000287,0.005674,-0.010374,-0.000004,0.000005,0.000002
2025-12-16 17:31:06.435,0.000299,0.005626,-0.010326,-0.000004,0.000005,0.000002
2025-12-16 17:31:06.436,0.000309,0.005574,-0.010278,-0.000004,0.000005,0.000002
2025-12-16 17:31:06.437,0.000320,0.005522,-0.010230,-0.000004,0.000005,0.000002
2025-12-16 17:31:06.438,0.000329,0.005479,-0.010189,-0.000004,0.000005,0.000002
2025-12-16 17:31:06.439,0.000336,0.005433,-0.010142,-0.000004,0.000005,0.000002
2025-12-16 17:31:06.440,0.000341,0.005393,-0.010101,-0.000004,0.000005,0.000002
2025-12-16 17:31:06.442,0.000351,0.005349,-0.010063,-0.000004,0.000005,0.000002
2025-12-16 17:31:06.443,0.000363,0.005302,-0.010028,-0.000004,0.000005,0.000002
2025-12-16 17:31:06.444,0.000387,0.005212,-0.009949,-0.000004,0.000005,0.000002
2025-12-16 17:31:06.445,0.000395,0.005169,-0.009909,-0.000004,0.000005,0.000002
2025-12-16 17:31:06.446,0.000405,0.005120,-0.009867,-0.000004,0.000005,0.000002
2025-12-16 17:31:06.447,0.000421,0.005070,-0.009826,-0.000004,0.000005,0.000002
2025-12-16 17:31:06.449,0.000441,0.004973,-0.009759,-0.000004,0.000005,0.000002
2025-12-16 17:31:06.450,0.000446,0.004929,-0.009729,-0.000004,0.000005,0.000002
2025-12-16 17:31:06.451,0.000455,0.004886,-0.009699,-0.000004,0.000005,0.000001
2025-12-16 17:31:06.453,0.000464,0.004850,-0.009674,-0.000004,0.000005,0.000001
2025-12-16 17:31:06.454,0.000471,0.004812,-0.009653,-0.000004,0.000005,0.000001
2025-12-16 17:31:06.455,0.000483,0.004747,-0.009608,-0.000004,0.000005,0.000001
2025-12-16 17:31:06.456,0.000488,0.004721,-0.009591,-0.000004,0.000005,0.000001
2025-12-16 17:31:06.457,0.000496,0.004692,-0.009576,-0.000004,0.000005,0.000001
2025-12-16 17:31:06.458,0.000511,0.004659,-0.009559,-0.000004,0.000005,0.000001
2025-12-16 17:31:06.459,0.000529,0.004627,-0.009541,-0.000004,0.000005,0.000001
2025-12-16 17:31:06.460,0.000544,0.004597,-0.009528,-0.000004,0.000005,0.000001
2025-12-16 17:31:06.461,0.000560,0.004572,-0.009514,-0.000004,0.000005,0.000001
2025-12-16 17:31:06.463,0.000575,0.004553,-0.009502,-0.000003,0.000005,0.000001
2025-12-16 17:31:06.464,0.000584,0.004537,-0.009495,-0.000003,0.000005,0.000001
2025-12-16 17:31:06.465,0.000598,0.004501,-0.009489,-0.000003,0.000005,0.000001
2025-12-16 17:31:06.466,0.000604,0.004490,-0.009485,-0.000003,0.000005,0.000001
2025-12-16 17:31:06.467,0.000608,0.004481,-0.009484,-0.000004,0.000005,0.000001
2025-12-16 17:31:06.468,0.000610,0.004474,-0.009484,-0.000003,0.000005,0.000001
2025-12-16 17:31:06.470,0.000617,0.004470,-0.009484,-0.000003,0.000005,0.000001
2025-12-16 17:31:06.471,0.000629,0.004467,-0.009486,-0.000003,0.000004,0.000001
2025-12-16 17:31:06.472,0.000654,0.004468,-0.009493,-0.000004,0.000004,0.000001
2025-12-16 17:31:06.473,0.000664,0.004471,-0.009501,-0.000003,0.000004,0.000001
2025-12-16 17:31:06.474,0.000680,0.004473,-0.009510,-0.000004,0.000004,0.000001
2025-12-16 17:31:06.475,0.000694,0.004478,-0.009521,-0.000004,0.000004,0.000001
2025-12-16 17:31:06.476,0.000705,0.004486,-0.009535,-0.000004,0.000004,0.000001
2025-12-16 17:31:06.477,0.000720,0.004495,-0.009549,-0.000004,0.000004,0.000001
2025-12-16 17:31:06.478,0.000733,0.004504,-0.009560,-0.000004,0.000004,0.000001
2025-12-16 17:31:06.479,0.000748,0.004510,-0.009570,-0.000004,0.000004,0.000001
2025-12-16 17:31:06.481,0.000765,0.004518,-0.009581,-0.000004,0.000004,0.000001
2025-12-16 17:31:06.482,0.000779,0.004527,-0.009590,-0.000004,0.000004,0.000001
2025-12-16 17:31:06.483,0.000790,0.004534,-0.009598,-0.000004,0.000004,0.000001
2025-12-16 17:31:06.484,0.000824,0.004549,-0.009613,-0.000004,0.000004,0.000001
2025-12-16 17:31:06.485,0.000835,0.004557,-0.009621,-0.000004,0.000005,0.000001
2025-12-16 17:31:06.486,0.000857,0.004560,-0.009627,-0.000004,0.000004,0.000001
2025-12-16 17:31:06.487,0.000879,0.004561,-0.009631,-0.000004,0.000004,0.000001
2025-12-16 17:31:06.488,0.000907,0.004560,-0.009630,-0.000004,0.000004,0.000001
2025-12-16 17:31:06.489,0.000940,0.004553,-0.009628,-0.000004,0.000004,0.000001
2025-12-16 17:31:06.490,0.000970,0.004546,-0.009626,-0.000004,0.000004,0.000001
2025-12-16 17:31:06.491,0.000999,0.004538,-0.009618,-0.000004,0.000004,0.000001
2025-12-16 17:31:06.493,0.001055,0.004522,-0.009596,-0.000004,0.000004,0.000001
2025-12-16 17:31:06.494,0.001087,0.004509,-0.009581,-0.000004,0.000004,0.000001
2025-12-16 17:31:06.495,0.001122,0.004492,-0.009567,-0.000004,0.000004,0.000001
2025-12-16 17:31:06.496,0.001160,0.004478,-0.009547,-0.000004,0.000004,0.000001
2025-12-16 17:31:06.497,0.001203,0.004459,-0.009526,-0.000004,0.000004,0.000001
2025-12-16 17:31:06.498,0.001245,0.004439,-0.009504,-0.000004,0.000004,0.000001
2025-12-16 17:31:06.500,0.001300,0.004411,-0.009473,-0.000004,0.000004,0.000001
2025-12-16 17:31:06.501,0.001423,0.004340,-0.009405,-0.000004,0.000004,0.000001
2025-12-16 17:31:06.502,0.001480,0.004305,-0.009379,-0.000004,0.000004,0.000001
2025-12-16 17:31:06.503,0.001542,0.004269,-0.009343,-0.000004,0.000004,0.000001
2025-12-16 17:31:06.504,0.001596,0.004237,-0.009309,-0.000004,0.000004,0.000001
2025-12-16 17:31:06.505,0.001656,0.004198,-0.009274,-0.000003,0.000004,0.000001
2025-12-16 17:31:06.506,0.001719,0.004154,-0.009240,-0.000003,0.000004,0.000001
2025-12-16 17:31:06.508,0.001778,0.004115,-0.009207,-0.000003,0.000004,0.000001
2025-12-16 17:31:06.509,0.001840,0.004071,-0.009173,-0.000003,0.000004,0.000001
2025-12-16 17:31:06.510,0.001972,0.003975,-0.009112,-0.000003,0.000004,0.000001
2025-12-16 17:31:06.511,0.002031,0.003931,-0.009086,-0.000003,0.000004,0.000001
2025-12-16 17:31:06.512,0.002087,0.003885,-0.009058,-0.000003,0.000004,0.000001
2025-12-16 17:31:06.514,0.002147,0.003835,-0.009029,-0.000003,0.000003,0.000001
2025-12-16 17:31:06.515,0.002254,0.003739,-0.008978,-0.000003,0.000003,0.000001
2025-12-16 17:31:06.516,0.002302,0.003692,-0.008956,-0.000003,0.000003,0.000001
2025-12-16 17:31:06.519,0.002404,0.003597,-0.008924,-0.000003,0.000003,0.000001
2025-12-16 17:31:06.520,0.002482,0.003513,-0.008901,-0.000003,0.000003,0.000001
2025-12-16 17:31:06.521,0.002517,0.003474,-0.008891,-0.000003,0.000003,0.000001
2025-12-16 17:31:06.522,0.002552,0.003426,-0.008882,-0.000003,0.000003,0.000001
2025-12-16 17:31:06.523,0.002582,0.003382,-0.008874,-0.000003,0.000003,0.000001
2025-12-16 17:31:06.524,0.002613,0.003337,-0.008868,-0.000003,0.000003,0.000000
2025-12-16 17:31:06.525,0.002640,0.003297,-0.008864,-0.000003,0.000003,0.000000
2025-12-16 17:31:06.526,0.002658,0.003256,-0.008866,-0.000003,0.000003,0.000000
2025-12-16 17:31:06.528,0.002671,0.003220,-0.008872,-0.000003,0.000003,0.000000
2025-12-16 17:31:06.529,0.002697,0.003147,-0.008873,-0.000003,0.000003,0.000000
2025-12-16 17:31:06.530,0.002705,0.003113,-0.008877,-0.000003,0.000003,0.000000
2025-12-16 17:31:06.531,0.002710,0.003085,-0.008881,-0.000003,0.000003,0.000000
2025-12-16 17:31:06.532,0.002717,0.003054,-0.008883,-0.000003,0.000003,0.000000
2025-12-16 17:31:06.534,0.002721,0.003024,-0.008887,-0.000003,0.000003,0.000000
2025-12-16 17:31:06.535,0.002726,0.002994,-0.008890,-0.000003,0.000003,0.000000
2025-12-16 17:31:06.536,0.002725,0.002940,-0.008906,-0.000003,0.000003,0.000000
2025-12-16 17:31:06.537,0.002721,0.002909,-0.008913,-0.000003,0.000003,0.000000
2025-12-16 17:31:06.538,0.002721,0.002874,-0.008920,-0.000003,0.000003,0.000000
2025-12-16 17:31:06.539,0.002723,0.002842,-0.008927,-0.000003,0.000003,0.000000
2025-12-16 17:31:06.540,0.002719,0.002808,-0.008936,-0.000003,0.000003,0.000000
2025-12-16 17:31:06.541,0.002712,0.002777,-0.008944,-0.000003,0.000003,0.000000
2025-12-16 17:31:06.542,0.002706,0.002747,-0.008959,-0.000003,0.000003,0.000000
2025-12-16 17:31:06.543,0.002701,0.002722,-0.008974,-0.000003,0.000003,0.000000
2025-12-16 17:31:06.545,0.002696,0.002694,-0.008990,-0.000003,0.000003,0.000000
2025-12-16 17:31:06.546,0.002694,0.002664,-0.009004,-0.000003,0.000003,0.000000
2025-12-16 17:31:06.547,0.002691,0.002629,-0.009019,-0.000003,0.000003,0.000000
2025-12-16 17:31:06.548,0.002685,0.002593,-0.009037,-0.000003,0.000003,0.000000
2025-12-16 17:31:06.549,0.002673,0.002527,-0.009075,-0.000003,0.000003,0.000000
2025-12-16 17:31:06.550,0.002678,0.002484,-0.009096,-0.000003,0.000003,0.000000
2025-12-16 17:31:06.551,0.002685,0.002446,-0.009112,-0.000003,0.000003,0.000000
2025-12-16 17:31:06.552,0.002690,0.002407,-0.009136,-0.000003,0.000003,0.000000
2025-12-16 17:31:06.553,0.002702,0.002366,-0.009164,-0.000004,0.000003,0.000000
2025-12-16 17:31:06.554,0.002714,0.002322,-0.009192,-0.000004,0.000003,0.000000
2025-12-16 17:31:06.556,0.002724,0.002283,-0.009216,-0.000004,0.000003,0.000000
2025-12-16 17:31:06.557,0.002741,0.002240,-0.009248,-0.000004,0.000003,0.000000
2025-12-16 17:31:06.558,0.002790,0.002145,-0.009321,-0.000003,0.000003,0.000000
2025-12-16 17:31:06.559,0.002810,0.002106,-0.009355,-0.000003,0.000003,0.000000
2025-12-16 17:31:06.560,0.002839,0.002060,-0.009390,-0.000004,0.000003,0.000000
2025-12-16 17:31:06.562,0.002872,0.002015,-0.009427,-0.000004,0.000003,0.000000
2025-12-16 17:31:06.563,0.002906,0.001970,-0.009470,-0.000004,0.000003,0.000000
2025-12-16 17:31:06.564,0.002990,0.001876,-0.009558,-0.000004,0.000003,0.000000
2025-12-16 17:31:06.565,0.003032,0.001832,-0.009600,-0.000004,0.000003,0.000000
2025-12-16 17:31:06.566,0.003067,0.001795,-0.009636,-0.000004,0.000003,0.000000
2025-12-16 17:31:06.567,0.003110,0.001757,-0.009681,-0.000004,0.000003,0.000000
2025-12-16 17:31:06.568,0.003148,0.001724,-0.009723,-0.000004,0.000003,0.000000
2025-12-16 17:31:06.573,0.003292,0.001623,-0.009903,-0.000004,0.000003,-0.000000
2025-12-16 17:31:06.574,0.003355,0.001585,-0.009990,-0.000004,0.000003,0.000000
2025-12-16 17:31:06.576,0.003406,0.001562,-0.010067,-0.000004,0.000003,0.000000
2025-12-16 17:31:06.579,0.003426,0.001548,-0.010152,-0.000004,0.000003,-0.000000
2025-12-16 17:31:06.580,0.003438,0.001535,-0.010229,-0.000004,0.000003,-0.000000
2025-12-16 17:31:06.581,0.003437,0.001534,-0.010266,-0.000004,0.000003,-0.000000
2025-12-16 17:31:06.583,0.003428,0.001534,-0.010307,-0.000004,0.000003,-0.000000
2025-12-16 17:31:06.584,0.003396,0.001536,-0.010381,-0.000004,0.000003,-0.000000
2025-12-16 17:31:06.586,0.003343,0.001547,-0.010457,-0.000004,0.000003,0.000000
2025-12-16 17:31:06.590,0.003201,0.001582,-0.010612,-0.000004,0.000003,0.000000
2025-12-16 17:31:06.591,0.003153,0.001590,-0.010658,-0.000004,0.000003,0.000000
2025-12-16 17:31:06.593,0.003045,0.001603,-0.010749,-0.000004,0.000003,0.000000
2025-12-16 17:31:06.595,0.003000,0.001608,-0.010786,-0.000004,0.000003,0.000000
2025-12-16 17:31:06.596,0.002905,0.001616,-0.010861,-0.000004,0.000003,0.000000
2025-12-16 17:31:06.597,0.002862,0.001618,-0.010897,-0.000004,0.000003,0.000000
2025-12-16 17:31:06.598,0.002812,0.001615,-0.010944,-0.000004,0.000003,0.000000
2025-12-16 17:31:06.599,0.002767,0.001612,-0.010989,-0.000004,0.000003,0.000000
2025-12-16 17:31:06.601,0.002720,0.001609,-0.011031,-0.000004,0.000003,0.000000
2025-12-16 17:31:06.602,0.002675,0.001601,-0.011072,-0.000004,0.000003,0.000000
2025-12-16 17:31:06.603,0.002590,0.001577,-0.011156,-0.000004,0.000003,0.000000
2025-12-16 17:31:06.604,0.002550,0.001564,-0.011199,-0.000004,0.000003,0.000000
2025-12-16 17:31:06.605,0.002512,0.001547,-0.011242,-0.000004,0.000003,0.000000
2025-12-16 17:31:06.606,0.002475,0.001524,-0.011287,-0.000004,0.000004,0.000000
2025-12-16 17:31:06.607,0.002440,0.001498,-0.011332,-0.000004,0.000004,0.000000
2025-12-16 17:31:06.608,0.002408,0.001472,-0.011372,-0.000004,0.000004,0.000000
2025-12-16 17:31:06.609,0.002384,0.001451,-0.011405,-0.000004,0.000004,0.000000
2025-12-16 17:31:06.610,0.002359,0.001427,-0.011438,-0.000005,0.000004,0.000000
2025-12-16 17:31:06.612,0.002330,0.001396,-0.011478,-0.000004,0.000004,0.000000
2025-12-16 17:31:06.613,0.002304,0.001368,-0.011514,-0.000005,0.000004,0.000000
2025-12-16 17:31:06.614,0.002262,0.001301,-0.011592,-0.000005,0.000004,0.000000
2025-12-16 17:31:06.615,0.002245,0.001266,-0.011628,-0.000005,0.000004,0.000000
2025-12-16 17:31:06.616,0.002227,0.001231,-0.011658,-0.000005,0.000004,0.000000
2025-12-16 17:31:06.617,0.002202,0.001196,-0.011691,-0.000005,0.000004,0.000000
2025-12-16 17:31:06.618,0.002179,0.001156,-0.011730,-0.000005,0.000004,0.000000
2025-12-16 17:31:06.619,0.002161,0.001120,-0.011764,-0.000005,0.000004,0.000000
2025-12-16 17:31:06.620,0.002144,0.001081,-0.011798,-0.000005,0.000004,0.000000
2025-12-16 17:31:06.622,0.002127,0.001041,-0.011831,-0.000005,0.000004,0.000000
2025-12-16 17:31:06.623,0.002111,0.001000,-0.011863,-0.000005,0.000004,0.000000
2025-12-16 17:31:06.624,0.002082,0.000929,-0.011918,-0.000005,0.000004,0.000000
2025-12-16 17:31:06.625,0.002068,0.000900,-0.011943,-0.000005,0.000004,0.000000
2025-12-16 17:31:06.626,0.002052,0.000872,-0.011969,-0.000005,0.000004,0.000000
2025-12-16 17:31:06.627,0.002037,0.000847,-0.011994,-0.000005,0.000004,0.000000
2025-12-16 17:31:06.628,0.002016,0.000817,-0.012026,-0.000005,0.000004,0.000000
2025-12-16 17:31:06.629,0.001996,0.000791,-0.012056,-0.000005,0.000004,0.000000
2025-12-16 17:31:06.631,0.001979,0.000763,-0.012089,-0.000005,0.000004,0.000000
2025-12-16 17:31:06.632,0.001960,0.000710,-0.012141,-0.000005,0.000004,0.000000
2025-12-16 17:31:06.633,0.001950,0.000685,-0.012172,-0.000005,0.000004,0.000000
2025-12-16 17:31:06.634,0.001940,0.000665,-0.012201,-0.000005,0.000004,0.000000
2025-12-16 17:31:06.635,0.001928,0.000644,-0.012231,-0.000005,0.000004,0.000000
2025-12-16 17:31:06.637,0.001908,0.000605,-0.012299,-0.000005,0.000004,0.000000
2025-12-16 17:31:06.638,0.001902,0.000581,-0.012331,-0.000005,0.000004,0.000000
2025-12-16 17:31:06.639,0.001897,0.000562,-0.012359,-0.000005,0.000004,0.000000
2025-12-16 17:31:06.640,0.001893,0.000540,-0.012388,-0.000005,0.000004,0.000000
2025-12-16 17:31:06.641,0.001887,0.000520,-0.012424,-0.000005,0.000004,0.000000
2025-12-16 17:31:06.642,0.001885,0.000496,-0.012467,-0.000005,0.000004,0.000000
2025-12-16 17:31:06.644,0.001884,0.000466,-0.012510,-0.000005,0.000004,0.000000
2025-12-16 17:31:06.645,0.001882,0.000404,-0.012591,-0.000005,0.000004,0.000000
2025-12-16 17:31:06.646,0.001888,0.000376,-0.012628,-0.000005,0.000004,0.000000
2025-12-16 17:31:06.647,0.001895,0.000342,-0.012668,-0.000005,0.000004,0.000000
2025-12-16 17:31:06.648,0.001910,0.000301,-0.012710,-0.000005,0.000004,0.000000
2025-12-16 17:31:06.649,0.001924,0.000263,-0.012747,-0.000005,0.000004,0.000000
2025-12-16 17:31:06.651,0.001955,0.000177,-0.012838,-0.000005,0.000004,0.000000
2025-12-16 17:31:06.653,0.001996,0.000078,-0.012936,-0.000005,0.000004,0.000000
2025-12-16 17:31:06.654,0.002019,0.000025,-0.012987,-0.000005,0.000004,0.000000
2025-12-16 17:31:06.655,0.002044,-0.000029,-0.013043,-0.000005,0.000004,0.000000
2025-12-16 17:31:06.656,0.002075,-0.000088,-0.013098,-0.000005,0.000004,0.000000
2025-12-16 17:31:06.657,0.002103,-0.000140,-0.013144,-0.000005,0.000004,0.000000
2025-12-16 17:31:06.658,0.002130,-0.000196,-0.013193,-0.000005,0.000004,0.000000
2025-12-16 17:31:06.660,0.002156,-0.000253,-0.013238,-0.000006,0.000004,0.000000
2025-12-16 17:31:06.661,0.002193,-0.000320,-0.013284,-0.000005,0.000004,0.000000
2025-12-16 17:31:06.662,0.002233,-0.000394,-0.013333,-0.000005,0.000004,-0.000000
2025-12-16 17:31:06.663,0.002271,-0.000468,-0.013381,-0.000006,0.000004,0.000000
2025-12-16 17:31:06.664,0.002302,-0.000530,-0.013422,-0.000006,0.000004,0.000000
2025-12-16 17:31:06.665,0.002365,-0.000655,-0.013503,-0.000006,0.000004,-0.000000
2025-12-16 17:31:06.666,0.002396,-0.000718,-0.013544,-0.000005,0.000004,-0.000000
2025-12-16 17:31:06.668,0.002452,-0.000801,-0.013577,-0.000005,0.000004,-0.000000
2025-12-16 17:31:06.669,0.002503,-0.000881,-0.013612,-0.000005,0.000004,-0.000000
2025-12-16 17:31:06.670,0.002605,-0.001038,-0.013669,-0.000005,0.000004,-0.000000
2025-12-16 17:31:06.671,0.002658,-0.001119,-0.013694,-0.000005,0.000004,-0.000000
2025-12-16 17:31:06.672,0.002703,-0.001189,-0.013713,-0.000005,0.000004,-0.000000
2025-12-16 17:31:06.673,0.002741,-0.001260,-0.013729,-0.000005,0.000004,-0.000001
2025-12-16 17:31:06.674,0.002779,-0.001332,-0.013745,-0.000005,0.000004,-0.000001
2025-12-16 17:31:06.675,0.002818,-0.001404,-0.013761,-0.000005,0.000004,-0.000001
2025-12-16 17:31:06.677,0.002853,-0.001477,-0.013770,-0.000005,0.000004,-0.000001
2025-12-16 17:31:06.678,0.002922,-0.001623,-0.013783,-0.000005,0.000003,-0.000001
2025-12-16 17:31:06.679,0.002950,-0.001689,-0.013789,-0.000005,0.000003,-0.000001
2025-12-16 17:31:06.680,0.002975,-0.001751,-0.013790,-0.000005,0.000003,-0.000001
2025-12-16 17:31:06.681,0.003003,-0.001816,-0.013794,-0.000005,0.000003,-0.000001
2025-12-16 17:31:06.682,0.003034,-0.001898,-0.013796,-0.000005,0.000003,-0.000001
2025-12-16 17:31:06.683,0.003063,-0.001980,-0.013798,-0.000005,0.000003,-0.000001
2025-12-16 17:31:06.684,0.003085,-0.002056,-0.013803,-0.000005,0.000003,-0.000001
2025-12-16 17:31:06.685,0.003102,-0.002119,-0.013808,-0.000005,0.000003,-0.000001
2025-12-16 17:31:06.686,0.003127,-0.002186,-0.013810,-0.000005,0.000003,-0.000001
2025-12-16 17:31:06.688,0.003175,-0.002316,-0.013813,-0.000005,0.000003,-0.000001
2025-12-16 17:31:06.689,0.003199,-0.002375,-0.013817,-0.000005,0.000003,-0.000001
2025-12-16 17:31:06.690,0.003224,-0.002432,-0.013824,-0.000005,0.000003,-0.000001
2025-12-16 17:31:06.691,0.003245,-0.002490,-0.013829,-0.000005,0.000003,-0.000001
2025-12-16 17:31:06.692,0.003276,-0.002558,-0.013834,-0.000005,0.000003,-0.000001
2025-12-16 17:31:06.693,0.003308,-0.002632,-0.013845,-0.000005,0.000003,-0.000001
2025-12-16 17:31:06.694,0.003337,-0.002700,-0.013863,-0.000005,0.000003,-0.000001
2025-12-16 17:31:06.696,0.003385,-0.002808,-0.013899,-0.000005,0.000003,-0.000001
2025-12-16 17:31:06.697,0.003413,-0.002869,-0.013922,-0.000005,0.000003,-0.000001
2025-12-16 17:31:06.698,0.003447,-0.002931,-0.013949,-0.000005,0.000003,-0.000001
2025-12-16 17:31:06.699,0.003479,-0.002984,-0.013973,-0.000005,0.000003,-0.000001
2025-12-16 17:31:06.700,0.003507,-0.003034,-0.013998,-0.000005,0.000003,-0.000001
2025-12-16 17:31:06.702,0.003537,-0.003085,-0.014028,-0.000005,0.000003,-0.000001
2025-12-16 17:31:06.703,0.003567,-0.003135,-0.014057,-0.000005,0.000003,-0.000001
2025-12-16 17:31:06.704,0.003597,-0.003184,-0.014092,-0.000005,0.000003,-0.000001
2025-12-16 17:31:06.705,0.003628,-0.003238,-0.014127,-0.000005,0.000003,-0.000001
2025-12-16 17:31:06.706,0.003662,-0.003294,-0.014165,-0.000005,0.000003,-0.000001
2025-12-16 17:31:06.707,0.003738,-0.003424,-0.014273,-0.000005,0.000003,-0.000001
2025-12-16 17:31:06.708,0.003769,-0.003487,-0.014329,-0.000005,0.000003,-0.000001
2025-12-16 17:31:06.709,0.003805,-0.003551,-0.014385,-0.000005,0.000003,-0.000001
2025-12-16 17:31:06.710,0.003838,-0.003605,-0.014434,-0.000006,0.000003,-0.000001
2025-12-16 17:31:06.712,0.003867,-0.003654,-0.014483,-0.000005,0.000003,-0.000001
2025-12-16 17:31:06.713,0.003914,-0.003752,-0.014600,-0.000006,0.000003,-0.000001
2025-12-16 17:31:06.714,0.003937,-0.003806,-0.014665,-0.000005,0.000003,-0.000001
2025-12-16 17:31:06.715,0.003956,-0.003853,-0.014722,-0.000005,0.000003,-0.000001
2025-12-16 17:31:06.716,0.003978,-0.003899,-0.014780,-0.000005,0.000003,-0.000001
2025-12-16 17:31:06.717,0.004000,-0.003946,-0.014843,-0.000005,0.000003,-0.000001
2025-12-16 17:31:06.718,0.004020,-0.003994,-0.014912,-0.000006,0.000003,-0.000001
2025-12-16 17:31:06.719,0.004037,-0.004036,-0.014972,-0.000005,0.000003,-0.000001
2025-12-16 17:31:06.720,0.004053,-0.004076,-0.015031,-0.000005,0.000003,-0.000001
2025-12-16 17:31:06.722,0.004070,-0.004114,-0.015090,-0.000005,0.000003,-0.000002
2025-12-16 17:31:06.723,0.004097,-0.004181,-0.015212,-0.000005,0.000003,-0.000002
2025-12-16 17:31:06.724,0.004105,-0.004209,-0.015272,-0.000005,0.000003,-0.000002
2025-12-16 17:31:06.726,0.004124,-0.004268,-0.015397,-0.000005,0.000003,-0.000002
2025-12-16 17:31:06.728,0.004138,-0.004333,-0.015526,-0.000005,0.000003,-0.000002
2025-12-16 17:31:06.729,0.004145,-0.004362,-0.015588,-0.000005,0.000003,-0.000002
2025-12-16 17:31:06.730,0.004150,-0.004384,-0.015645,-0.000005,0.000003,-0.000002
2025-12-16 17:31:06.731,0.004152,-0.004406,-0.015700,-0.000005,0.000003,-0.000002
2025-12-16 17:31:06.732,0.004158,-0.004431,-0.015756,-0.000005,0.000003,-0.000002
2025-12-16 17:31:06.734,0.004164,-0.004453,-0.015805,-0.000005,0.000003,-0.000002
2025-12-16 17:31:06.735,0.004168,-0.004475,-0.015859,-0.000006,0.000003,-0.000002
2025-12-16 17:31:06.736,0.004176,-0.004516,-0.015956,-0.000006,0.000003,-0.000002
2025-12-16 17:31:06.737,0.004182,-0.004533,-0.015996,-0.000006,0.000003,-0.000002
2025-12-16 17:31:06.739,0.004189,-0.004550,-0.016033,-0.000006,0.000003,-0.000001
2025-12-16 17:31:06.740,0.004197,-0.004568,-0.016069,-0.000006,0.000003,-0.000002
2025-12-16 17:31:06.741,0.004205,-0.004582,-0.016099,-0.000006,0.000003,-0.000001
2025-12-16 17:31:06.742,0.004225,-0.004608,-0.016145,-0.000006,0.000003,-0.000002
2025-12-16 17:31:06.743,0.004240,-0.004623,-0.016163,-0.000006,0.000003,-0.000002
2025-12-16 17:31:06.744,0.004253,-0.004634,-0.016178,-0.000006,0.000003,-0.000002
2025-12-16 17:31:06.745,0.004268,-0.004648,-0.016191,-0.000006,0.000003,-0.000002
2025-12-16 17:31:06.747,0.004288,-0.004660,-0.016202,-0.000006,0.000003,-0.000002
2025-12-16 17:31:06.748,0.004306,-0.004669,-0.016210,-0.000006,0.000003,-0.000002
2025-12-16 17:31:06.749,0.004351,-0.004691,-0.016216,-0.000006,0.000003,-0.000002
2025-12-16 17:31:06.750,0.004381,-0.004704,-0.016213,-0.000006,0.000003,-0.000002
2025-12-16 17:31:06.751,0.004420,-0.004719,-0.016211,-0.000006,0.000003,-0.000002
2025-12-16 17:31:06.752,0.004455,-0.004733,-0.016209,-0.000006,0.000003,-0.000002
2025-12-16 17:31:06.753,0.004484,-0.004744,-0.016208,-0.000006,0.000003,-0.000002
2025-12-16 17:31:06.754,0.004524,-0.004755,-0.016201,-0.000006,0.000003,-0.000002
2025-12-16 17:31:06.757,0.004600,-0.004777,-0.016186,-0.000006,0.000003,-0.000002
2025-12-16 17:31:06.758,0.004694,-0.004808,-0.016168,-0.000006,0.000003,-0.000002
2025-12-16 17:31:06.759,0.004743,-0.004822,-0.016160,-0.000006,0.000003,-0.000002
2025-12-16 17:31:06.760,0.004787,-0.004834,-0.016154,-0.000006,0.000003,-0.000002
2025-12-16 17:31:06.761,0.004838,-0.004849,-0.016146,-0.000006,0.000003,-0.000002
2025-12-16 17:31:06.762,0.004887,-0.004863,-0.016141,-0.000006,0.000003,-0.000002
2025-12-16 17:31:06.764,0.004938,-0.004876,-0.016135,-0.000006,0.000003,-0.000002
2025-12-16 17:31:06.765,0.004988,-0.004891,-0.016129,-0.000006,0.000003,-0.000002
2025-12-16 17:31:06.767,0.005030,-0.004904,-0.016125,-0.000006,0.000003,-0.000002
2025-12-16 17:31:06.768,0.005076,-0.004917,-0.016120,-0.000006,0.000003,-0.000002
2025-12-16 17:31:06.769,0.005121,-0.004925,-0.016124,-0.000006,0.000003,-0.000002
2025-12-16 17:31:06.770,0.005158,-0.004931,-0.016130,-0.000006,0.000003,-0.000002
2025-12-16 17:31:06.773,0.005222,-0.004944,-0.016138,-0.000006,0.000003,-0.000002
2025-12-16 17:31:06.774,0.005343,-0.004964,-0.016178,-0.000007,0.000003,-0.000002
2025-12-16 17:31:06.775,0.005365,-0.004963,-0.016211,-0.000007,0.000003,-0.000002
2025-12-16 17:31:06.776,0.005383,-0.004963,-0.016239,-0.000007,0.000003,-0.000002
2025-12-16 17:31:06.777,0.005394,-0.004959,-0.016263,-0.000007,0.000003,-0.000002
2025-12-16 17:31:06.779,0.005407,-0.004940,-0.016314,-0.000007,0.000003,-0.000002
2025-12-16 17:31:06.780,0.005415,-0.004930,-0.016346,-0.000007,0.000003,-0.000002
2025-12-16 17:31:06.781,0.005420,-0.004921,-0.016384,-0.000007,0.000003,-0.000002
2025-12-16 17:31:06.782,0.005424,-0.004914,-0.016418,-0.000007,0.000003,-0.000002
2025-12-16 17:31:06.785,0.005433,-0.004905,-0.016506,-0.000007,0.000003,-0.000002
2025-12-16 17:31:06.786,0.005431,-0.004883,-0.016615,-0.000007,0.000003,-0.000002
2025-12-16 17:31:06.787,0.005433,-0.004871,-0.016670,-0.000006,0.000003,-0.000002
2025-12-16 17:31:06.789,0.005436,-0.004861,-0.016715,-0.000006,0.000003,-0.000002
2025-12-16 17:31:06.790,0.005438,-0.004838,-0.016833,-0.000006,0.000003,-0.000002
2025-12-16 17:31:06.793,0.005440,-0.004814,-0.016959,-0.000006,0.000003,-0.000002
2025-12-16 17:31:06.794,0.005451,-0.004794,-0.017074,-0.000007,0.000003,-0.000002
2025-12-16 17:31:06.795,0.005458,-0.004782,-0.017136,-0.000006,0.000003,-0.000002
2025-12-16 17:31:06.796,0.005471,-0.004773,-0.017201,-0.000006,0.000003,-0.000002
2025-12-16 17:31:06.798,0.005502,-0.004760,-0.017319,-0.000006,0.000003,-0.000002
2025-12-16 17:31:06.799,0.005525,-0.004753,-0.017380,-0.000006,0.000003,-0.000002
2025-12-16 17:31:06.800,0.005546,-0.004746,-0.017432,-0.000006,0.000003,-0.000002
2025-12-16 17:31:06.803,0.005626,-0.004722,-0.017597,-0.000006,0.000003,-0.000002
2025-12-16 17:31:06.804,0.005654,-0.004713,-0.017652,-0.000006,0.000003,-0.000002
2025-12-16 17:31:06.805,0.005683,-0.004705,-0.017701,-0.000007,0.000003,-0.000002
2025-12-16 17:31:06.807,0.005715,-0.004697,-0.017750,-0.000007,0.000003,-0.000002
2025-12-16 17:31:06.808,0.005749,-0.004688,-0.017799,-0.000007,0.000003,-0.000002
2025-12-16 17:31:06.809,0.005815,-0.004674,-0.017876,-0.000007,0.000003,-0.000002
2025-12-16 17:31:06.810,0.005849,-0.004668,-0.017905,-0.000007,0.000003,-0.000002
2025-12-16 17:31:06.811,0.005897,-0.004668,-0.017931,-0.000007,0.000003,-0.000002
2025-12-16 17:31:06.812,0.005951,-0.004670,-0.017956,-0.000007,0.000003,-0.000002
2025-12-16 17:31:06.813,0.005998,-0.004674,-0.017977,-0.000007,0.000003,-0.000002
2025-12-16 17:31:06.814,0.006042,-0.004675,-0.017992,-0.000007,0.000003,-0.000002
2025-12-16 17:31:06.815,0.006078,-0.004675,-0.018004,-0.000007,0.000003,-0.000002
2025-12-16 17:31:06.816,0.006118,-0.004676,-0.018011,-0.000007,0.000003,-0.000002
2025-12-16 17:31:06.818,0.006215,-0.004678,-0.018010,-0.000007,0.000003,-0.000002
2025-12-16 17:31:06.819,0.006263,-0.004680,-0.018005,-0.000007,0.000003,-0.000002
2025-12-16 17:31:06.820,0.006308,-0.004680,-0.017998,-0.000007,0.000003,-0.000002
2025-12-16 17:31:06.821,0.006356,-0.004681,-0.017989,-0.000007,0.000003,-0.000002
2025-12-16 17:31:06.822,0.006400,-0.004685,-0.017970,-0.000007,0.000003,-0.000002
2025-12-16 17:31:06.823,0.006447,-0.004691,-0.017947,-0.000007,0.000003,-0.000002
2025-12-16 17:31:06.824,0.006491,-0.004697,-0.017920,-0.000007,0.000003,-0.000002
2025-12-16 17:31:06.825,0.006537,-0.004703,-0.017894,-0.000007,0.000003,-0.000002
2025-12-16 17:31:06.826,0.006585,-0.004713,-0.017863,-0.000007,0.000003,-0.000002
2025-12-16 17:31:06.827,0.006638,-0.004727,-0.017829,-0.000007,0.000003,-0.000002
2025-12-16 17:31:06.829,0.006692,-0.004738,-0.017792,-0.000007,0.000003,-0.000002
2025-12-16 17:31:06.830,0.006785,-0.004756,-0.017715,-0.000007,0.000003,-0.000002
2025-12-16 17:31:06.831,0.006829,-0.004768,-0.017677,-0.000007,0.000003,-0.000002
2025-12-16 17:31:06.832,0.006869,-0.004777,-0.017642,-0.000007,0.000003,-0.000002
2025-12-16 17:31:06.833,0.006914,-0.004788,-0.017601,-0.000007,0.000002,-0.000002
2025-12-16 17:31:06.834,0.006960,-0.004798,-0.017557,-0.000007,0.000003,-0.000002
2025-12-16 17:31:06.837,0.006862,-0.004677,-0.016913,-0.000007,0.000002,-0.000002
2025-12-16 17:31:06.838,0.006849,-0.004653,-0.016772,-0.000007,0.000002,-0.000002
2025-12-16 17:31:06.839,0.006900,-0.004675,-0.016808,-0.000006,0.000002,-0.000002
2025-12-16 17:31:06.840,0.006976,-0.004715,-0.016896,-0.000006,0.000002,-0.000003
2025-12-16 17:31:06.841,0.007049,-0.004754,-0.016990,-0.000006,0.000002,-0.000003
2025-12-16 17:31:06.843,0.007119,-0.004788,-0.017068,-0.000006,0.000002,-0.000003
2025-12-16 17:31:06.844,0.007214,-0.004832,-0.017168,-0.000007,0.000002,-0.000002
2025-12-16 17:31:06.845,0.007245,-0.004847,-0.017202,-0.000006,0.000002,-0.000002
2025-12-16 17:31:06.846,0.007264,-0.004857,-0.017227,-0.000007,0.000002,-0.000002
2025-12-16 17:31:06.847,0.007275,-0.004864,-0.017244,-0.000007,0.000002,-0.000002
2025-12-16 17:31:06.849,0.007283,-0.004868,-0.017255,-0.000007,0.000002,-0.000002
2025-12-16 17:31:06.850,0.007280,-0.004870,-0.017274,-0.000007,0.000002,-0.000002
2025-12-16 17:31:06.851,0.007264,-0.004870,-0.017285,-0.000007,0.000002,-0.000002
2025-12-16 17:31:06.852,0.007247,-0.004870,-0.017295,-0.000007,0.000002,-0.000003
2025-12-16 17:31:06.854,0.007232,-0.004870,-0.017302,-0.000007,0.000002,-0.000003
2025-12-16 17:31:06.855,0.007207,-0.004866,-0.017317,-0.000007,0.000002,-0.000002
2025-12-16 17:31:06.856,0.007182,-0.004862,-0.017332,-0.000007,0.000002,-0.000002
2025-12-16 17:31:06.857,0.007084,-0.004846,-0.017368,-0.000007,0.000002,-0.000002
2025-12-16 17:31:06.861,0.006686,-0.004696,-0.016836,-0.000007,0.000002,-0.000002
2025-12-16 17:31:06.862,0.006621,-0.004811,-0.017139,-0.000006,0.000003,-0.000002
2025-12-16 17:31:06.864,0.006582,-0.004863,-0.017274,-0.000006,0.000003,-0.000002
2025-12-16 17:31:06.865,0.006533,-0.004917,-0.017377,-0.000006,0.000003,-0.000002
2025-12-16 17:31:06.866,0.006400,-0.005017,-0.017525,-0.000007,0.000003,-0.000002
2025-12-16 17:31:06.867,0.006320,-0.005071,-0.017582,-0.000007,0.000003,-0.000002
2025-12-16 17:31:06.869,0.006236,-0.005128,-0.017631,-0.000007,0.000003,-0.000002
2025-12-16 17:31:06.870,0.006166,-0.005177,-0.017670,-0.000007,0.000003,-0.000002
2025-12-16 17:31:06.871,0.006096,-0.005243,-0.017711,-0.000007,0.000003,-0.000002
2025-12-16 17:31:06.872,0.006038,-0.005305,-0.017745,-0.000007,0.000003,-0.000002
2025-12-16 17:31:06.873,0.005974,-0.005376,-0.017782,-0.000007,0.000003,-0.000002
2025-12-16 17:31:06.874,0.005898,-0.005456,-0.017816,-0.000007,0.000003,-0.000002
2025-12-16 17:31:06.875,0.005819,-0.005542,-0.017847,-0.000008,0.000003,-0.000002
2025-12-16 17:31:06.876,0.005740,-0.005620,-0.017874,-0.000008,0.000003,-0.000002
2025-12-16 17:31:06.878,0.005651,-0.005702,-0.017901,-0.000007,0.000003,-0.000002
2025-12-16 17:31:06.880,0.005561,-0.005784,-0.017928,-0.000007,0.000003,-0.000002
2025-12-16 17:31:06.881,0.005160,-0.006269,-0.018053,-0.000007,0.000003,-0.000002
2025-12-16 17:31:06.882,0.005060,-0.006390,-0.018084,-0.000007,0.000003,-0.000002
2025-12-16 17:31:06.883,0.005042,-0.006492,-0.018077,-0.000007,0.000003,-0.000002
2025-12-16 17:31:06.884,0.005010,-0.006601,-0.018077,-0.000007,0.000003,-0.000002
2025-12-16 17:31:06.886,0.004935,-0.006814,-0.018071,-0.000007,0.000003,-0.000002
2025-12-16 17:31:06.887,0.004890,-0.006919,-0.018062,-0.000007,0.000003,-0.000002
2025-12-16 17:31:06.889,0.004845,-0.007024,-0.018049,-0.000007,0.000003,-0.000002
2025-12-16 17:31:06.890,0.004760,-0.007214,-0.018018,-0.000007,0.000003,-0.000002
2025-12-16 17:31:06.891,0.004716,-0.007303,-0.018000,-0.000007,0.000003,-0.000002
2025-12-16 17:31:06.892,0.004680,-0.007391,-0.017985,-0.000007,0.000003,-0.000002
2025-12-16 17:31:06.893,0.004659,-0.007479,-0.017963,-0.000007,0.000003,-0.000002
2025-12-16 17:31:06.894,0.004647,-0.007554,-0.017942,-0.000007,0.000003,-0.000002
2025-12-16 17:31:06.896,0.004649,-0.007646,-0.017912,-0.000007,0.000003,-0.000002
2025-12-16 17:31:06.898,0.004700,-0.007919,-0.017754,-0.000007,0.000003,-0.000002
2025-12-16 17:31:06.899,0.004718,-0.007990,-0.017685,-0.000007,0.000003,-0.000002
2025-12-16 17:31:06.900,0.004752,-0.008058,-0.017604,-0.000007,0.000003,-0.000002
2025-12-16 17:31:06.901,0.004802,-0.008123,-0.017515,-0.000007,0.000003,-0.000002
2025-12-16 17:31:06.903,0.004851,-0.008177,-0.017437,-0.000007,0.000003,-0.000002
2025-12-16 17:31:06.904,0.004960,-0.008272,-0.017264,-0.000007,0.000003,-0.000002
2025-12-16 17:31:06.905,0.005016,-0.008311,-0.017177,-0.000007,0.000003,-0.000002
2025-12-16 17:31:06.908,0.005179,-0.008384,-0.016891,-0.000007,0.000002,-0.000002
2025-12-16 17:31:06.909,0.005222,-0.008392,-0.016793,-0.000007,0.000002,-0.000002
2025-12-16 17:31:06.911,0.005262,-0.008393,-0.016675,-0.000007,0.000003,-0.000002
2025-12-16 17:31:06.912,0.005326,-0.008386,-0.016462,-0.000006,0.000002,-0.000002
2025-12-16 17:31:06.913,0.005361,-0.008381,-0.016336,-0.000006,0.000002,-0.000002
2025-12-16 17:31:06.915,0.005392,-0.008378,-0.016223,-0.000006,0.000002,-0.000002
2025-12-16 17:31:06.916,0.005437,-0.008368,-0.016004,-0.000006,0.000002,-0.000002
2025-12-16 17:31:06.917,0.005457,-0.008363,-0.015887,-0.000006,0.000002,-0.000002
2025-12-16 17:31:06.918,0.005471,-0.008360,-0.015771,-0.000006,0.000002,-0.000002
2025-12-16 17:31:06.920,0.005472,-0.008367,-0.015527,-0.000006,0.000002,-0.000002
2025-12-16 17:31:06.921,0.005458,-0.008385,-0.015411,-0.000006,0.000002,-0.000002
2025-12-16 17:31:06.923,0.005429,-0.008409,-0.015302,-0.000006,0.000002,-0.000002
2025-12-16 17:31:06.924,0.005389,-0.008435,-0.015198,-0.000006,0.000002,-0.000002
2025-12-16 17:31:06.925,0.005346,-0.008469,-0.015095,-0.000006,0.000002,-0.000002
2025-12-16 17:31:06.926,0.005254,-0.008581,-0.014906,-0.000006,0.000002,-0.000003
2025-12-16 17:31:06.927,0.005202,-0.008655,-0.014816,-0.000006,0.000002,-0.000002
2025-12-16 17:31:06.928,0.005138,-0.008761,-0.014729,-0.000006,0.000002,-0.000002
2025-12-16 17:31:06.930,0.005015,-0.008987,-0.014588,-0.000005,0.000002,-0.000003
2025-12-16 17:31:06.932,0.004900,-0.009223,-0.014480,-0.000005,0.000002,-0.000003
2025-12-16 17:31:06.933,0.004831,-0.009347,-0.014434,-0.000005,0.000002,-0.000003
2025-12-16 17:31:06.934,0.004755,-0.009475,-0.014401,-0.000005,0.000002,-0.000003
2025-12-16 17:31:06.935,0.004685,-0.009591,-0.014370,-0.000005,0.000002,-0.000003
2025-12-16 17:31:06.936,0.004615,-0.009713,-0.014350,-0.000005,0.000002,-0.000003
2025-12-16 17:31:06.937,0.004551,-0.009833,-0.014342,-0.000005,0.000002,-0.000003
2025-12-16 17:31:06.938,0.004494,-0.009958,-0.014339,-0.000005,0.000001,-0.000003
2025-12-16 17:31:06.940,0.004436,-0.010091,-0.014348,-0.000005,0.000001,-0.000003
2025-12-16 17:31:06.942,0.004274,-0.010479,-0.014417,-0.000005,0.000002,-0.000003
2025-12-16 17:31:06.943,0.004228,-0.010598,-0.014449,-0.000005,0.000002,-0.000003
2025-12-16 17:31:06.944,0.004186,-0.010710,-0.014485,-0.000005,0.000002,-0.000003
2025-12-16 17:31:06.946,0.004136,-0.010830,-0.014536,-0.000005,0.000002,-0.000003
2025-12-16 17:31:06.947,0.004091,-0.010933,-0.014585,-0.000005,0.000002,-0.000003
2025-12-16 17:31:06.948,0.004044,-0.011042,-0.014648,-0.000005,0.000002,-0.000003
2025-12-16 17:31:06.949,0.004004,-0.011137,-0.014707,-0.000005,0.000002,-0.000003
2025-12-16 17:31:06.950,0.003932,-0.011310,-0.014826,-0.000005,0.000002,-0.000003
2025-12-16 17:31:06.952,0.003858,-0.011469,-0.014944,-0.000005,0.000002,-0.000003
2025-12-16 17:31:06.954,0.003819,-0.011539,-0.015005,-0.000005,0.000002,-0.000003
2025-12-16 17:31:06.955,0.003773,-0.011620,-0.015074,-0.000005,0.000002,-0.000003
2025-12-16 17:31:06.958,0.003613,-0.011909,-0.015309,-0.000005,0.000002,-0.000003
2025-12-16 17:31:06.960,0.003521,-0.012042,-0.015411,-0.000005,0.000002,-0.000003
2025-12-16 17:31:06.961,0.003467,-0.012103,-0.015450,-0.000006,0.000002,-0.000003
2025-12-16 17:31:06.963,0.003349,-0.012227,-0.015508,-0.000005,0.000002,-0.000003
2025-12-16 17:31:06.964,0.003290,-0.012280,-0.015527,-0.000005,0.000002,-0.000003
2025-12-16 17:31:06.966,0.003152,-0.012393,-0.015558,-0.000006,0.000002,-0.000003
2025-12-16 17:31:06.968,0.002994,-0.012505,-0.015558,-0.000005,0.000002,-0.000003
2025-12-16 17:31:06.971,0.002797,-0.012625,-0.015516,-0.000005,0.000002,-0.000003
2025-12-16 17:31:06.972,0.002728,-0.012657,-0.015488,-0.000005,0.000002,-0.000003
2025-12-16 17:31:06.973,0.002661,-0.012688,-0.015447,-0.000005,0.000003,-0.000003
2025-12-16 17:31:06.975,0.002588,-0.012712,-0.015401,-0.000005,0.000003,-0.000003
2025-12-16 17:31:06.976,0.002457,-0.012749,-0.015299,-0.000005,0.000003,-0.000003
2025-12-16 17:31:06.977,0.002399,-0.012759,-0.015243,-0.000005,0.000003,-0.000003
2025-12-16 17:31:06.979,0.002331,-0.012763,-0.015179,-0.000005,0.000003,-0.000003
2025-12-16 17:31:06.980,0.002186,-0.012767,-0.015043,-0.000005,0.000003,-0.000003
2025-12-16 17:31:06.985,0.001861,-0.012717,-0.014718,-0.000005,0.000003,-0.000003
2025-12-16 17:31:06.986,0.001811,-0.012692,-0.014643,-0.000005,0.000003,-0.000003
2025-12-16 17:31:06.987,0.001763,-0.012665,-0.014563,-0.000005,0.000003,-0.000003
2025-12-16 17:31:06.989,0.001707,-0.012630,-0.014471,-0.000005,0.000003,-0.000003
2025-12-16 17:31:06.990,0.001656,-0.012597,-0.014390,-0.000005,0.000003,-0.000003
2025-12-16 17:31:06.991,0.001552,-0.012534,-0.014209,-0.000004,0.000003,-0.000003
2025-12-16 17:31:06.992,0.001503,-0.012501,-0.014131,-0.000004,0.000003,-0.000003
2025-12-16 17:31:06.993,0.001450,-0.012466,-0.014047,-0.000004,0.000003,-0.000003
2025-12-16 17:31:06.995,0.001396,-0.012426,-0.013966,-0.000004,0.000003,-0.000003
2025-12-16 17:31:06.996,0.001288,-0.012337,-0.013797,-0.000004,0.000003,-0.000003
2025-12-16 17:31:06.997,0.001237,-0.012292,-0.013720,-0.000004,0.000003,-0.000003
2025-12-16 17:31:06.998,0.001191,-0.012246,-0.013645,-0.000004,0.000003,-0.000003
2025-12-16 17:31:07.000,0.001151,-0.012206,-0.013571,-0.000004,0.000003,-0.000003
2025-12-16 17:31:07.001,0.001064,-0.012113,-0.013416,-0.000004,0.000003,-0.000003
2025-12-16 17:31:07.002,0.001031,-0.012074,-0.013345,-0.000004,0.000003,-0.000002
2025-12-16 17:31:07.003,0.000998,-0.012035,-0.013273,-0.000004,0.000003,-0.000002
2025-12-16 17:31:07.004,0.000960,-0.011992,-0.013202,-0.000004,0.000003,-0.000002
2025-12-16 17:31:07.006,0.000926,-0.011953,-0.013142,-0.000004,0.000003,-0.000002
2025-12-16 17:31:07.007,0.000859,-0.011886,-0.013046,-0.000004,0.000003,-0.000002
2025-12-16 17:31:07.008,0.000822,-0.011852,-0.013002,-0.000004,0.000002,-0.000002
2025-12-16 17:31:07.009,0.000790,-0.011822,-0.012964,-0.000004,0.000002,-0.000002
2025-12-16 17:31:07.010,0.000760,-0.011793,-0.012932,-0.000004,0.000003,-0.000002
2025-12-16 17:31:07.012,0.000705,-0.011741,-0.012887,-0.000004,0.000003,-0.000002
2025-12-16 17:31:07.013,0.000681,-0.011718,-0.012877,-0.000004,0.000003,-0.000002
2025-12-16 17:31:07.014,0.000655,-0.011700,-0.012873,-0.000004,0.000003,-0.000002
2025-12-16 17:31:07.015,0.000630,-0.011682,-0.012875,-0.000004,0.000003,-0.000002
2025-12-16 17:31:07.017,0.000602,-0.011672,-0.012884,-0.000004,0.000003,-0.000002
2025-12-16 17:31:07.018,0.000575,-0.011660,-0.012901,-0.000004,0.000003,-0.000002
2025-12-16 17:31:07.019,0.000498,-0.011281,-0.012547,-0.000004,0.000003,-0.000002
2025-12-16 17:31:07.020,0.000462,-0.011193,-0.012497,-0.000003,0.000003,-0.000002
2025-12-16 17:31:07.021,0.000421,-0.011215,-0.012591,-0.000003,0.000003,-0.000002
2025-12-16 17:31:07.022,0.000379,-0.011273,-0.012737,-0.000003,0.000003,-0.000002
2025-12-16 17:31:07.024,0.000334,-0.011333,-0.012891,-0.000003,0.000003,-0.000002
2025-12-16 17:31:07.025,0.000253,-0.011417,-0.013155,-0.000004,0.000003,-0.000002
2025-12-16 17:31:07.026,0.000215,-0.011440,-0.013257,-0.000004,0.000003,-0.000002
2025-12-16 17:31:07.027,0.000165,-0.011449,-0.013358,-0.000004,0.000003,-0.000002
2025-12-16 17:31:07.028,0.000118,-0.011451,-0.013443,-0.000004,0.000003,-0.000002
2025-12-16 17:31:07.030,0.000055,-0.011439,-0.013529,-0.000004,0.000003,-0.000002
2025-12-16 17:31:07.031,-0.000004,-0.011423,-0.013603,-0.000004,0.000003,-0.000002
2025-12-16 17:31:07.032,-0.000149,-0.011366,-0.013737,-0.000004,0.000003,-0.000002
2025-12-16 17:31:07.033,-0.000217,-0.011336,-0.013791,-0.000004,0.000003,-0.000002
2025-12-16 17:31:07.034,-0.000289,-0.011301,-0.013843,-0.000004,0.000003,-0.000002
2025-12-16 17:31:07.035,-0.000368,-0.011264,-0.013898,-0.000004,0.000003,-0.000002
2025-12-16 17:31:07.037,-0.000451,-0.011220,-0.013951,-0.000004,0.000003,-0.000002
2025-12-16 17:31:07.038,-0.000639,-0.011115,-0.014046,-0.000004,0.000004,-0.000002
2025-12-16 17:31:07.039,-0.000741,-0.011055,-0.014091,-0.000004,0.000004,-0.000002
2025-12-16 17:31:07.040,-0.000848,-0.010992,-0.014129,-0.000004,0.000004,-0.000001
2025-12-16 17:31:07.041,-0.000964,-0.010926,-0.014163,-0.000004,0.000004,-0.000002
2025-12-16 17:31:07.042,-0.001082,-0.010857,-0.014194,-0.000004,0.000004,-0.000002
2025-12-16 17:31:07.044,-0.001205,-0.010782,-0.014222,-0.000004,0.000004,-0.000001
2025-12-16 17:31:07.045,-0.001335,-0.010700,-0.014242,-0.000004,0.000004,-0.000001
2025-12-16 17:31:07.046,-0.001470,-0.010613,-0.014259,-0.000004,0.000004,-0.000001
2025-12-16 17:31:07.047,-0.001602,-0.010524,-0.014268,-0.000004,0.000004,-0.000001
2025-12-16 17:31:07.048,-0.001858,-0.010337,-0.014269,-0.000004,0.000004,-0.000001
2025-12-16 17:31:07.049,-0.001971,-0.010251,-0.014263,-0.000004,0.000004,-0.000001
2025-12-16 17:31:07.050,-0.002088,-0.010154,-0.014249,-0.000004,0.000004,-0.000001
2025-12-16 17:31:07.051,-0.002189,-0.010068,-0.014235,-0.000004,0.000004,-0.000001
2025-12-16 17:31:07.052,-0.002192,-0.009696,-0.013785,-0.000004,0.000004,-0.000001
2025-12-16 17:31:07.053,-0.002267,-0.009550,-0.013672,-0.000004,0.000004,-0.000001
2025-12-16 17:31:07.054,-0.002367,-0.009497,-0.013696,-0.000004,0.000004,-0.000001
2025-12-16 17:31:07.056,-0.002465,-0.009473,-0.013755,-0.000004,0.000004,-0.000000
2025-12-16 17:31:07.057,-0.002568,-0.009438,-0.013808,-0.000004,0.000005,-0.000001
2025-12-16 17:31:07.058,-0.002660,-0.009398,-0.013840,-0.000004,0.000005,-0.000001
2025-12-16 17:31:07.059,-0.002797,-0.009317,-0.013863,-0.000004,0.000004,-0.000001
2025-12-16 17:31:07.060,-0.002847,-0.009270,-0.013852,-0.000004,0.000005,-0.000001
2025-12-16 17:31:07.061,-0.002890,-0.009218,-0.013826,-0.000004,0.000005,-0.000000
2025-12-16 17:31:07.062,-0.002921,-0.009152,-0.013771,-0.000004,0.000005,-0.000000
2025-12-16 17:31:07.063,-0.002949,-0.009082,-0.013706,-0.000004,0.000005,-0.000000
2025-12-16 17:31:07.064,-0.002973,-0.009021,-0.013647,-0.000004,0.000005,-0.000000
2025-12-16 17:31:07.065,-0.002987,-0.008962,-0.013585,-0.000004,0.000005,-0.000000
2025-12-16 17:31:07.066,-0.002992,-0.008911,-0.013520,-0.000004,0.000005,-0.000000
2025-12-16 17:31:07.067,-0.002991,-0.008863,-0.013454,-0.000004,0.000005,-0.000000
2025-12-16 17:31:07.068,-0.002988,-0.008818,-0.013389,-0.000004,0.000005,-0.000000
2025-12-16 17:31:07.070,-0.002981,-0.008770,-0.013320,-0.000004,0.000005,0.000000
2025-12-16 17:31:07.071,-0.002975,-0.008720,-0.013247,-0.000004,0.000005,0.000000
2025-12-16 17:31:07.072,-0.002968,-0.008674,-0.013172,-0.000004,0.000005,0.000000
2025-12-16 17:31:07.073,-0.002944,-0.008585,-0.013017,-0.000005,0.000005,0.000000
2025-12-16 17:31:07.074,-0.002937,-0.008535,-0.012927,-0.000005,0.000005,0.000000
2025-12-16 17:31:07.075,-0.002934,-0.008491,-0.012847,-0.000005,0.000005,0.000000
2025-12-16 17:31:07.076,-0.002928,-0.008450,-0.012768,-0.000004,0.000005,0.000000
2025-12-16 17:31:07.078,-0.002921,-0.008412,-0.012695,-0.000004,0.000005,0.000000
2025-12-16 17:31:07.079,-0.002913,-0.008373,-0.012623,-0.000005,0.000005,0.000000
2025-12-16 17:31:07.080,-0.002907,-0.008336,-0.012549,-0.000004,0.000004,-0.000000
2025-12-16 17:31:07.081,-0.002925,-0.008245,-0.012402,-0.000004,0.000004,-0.000000
2025-12-16 17:31:07.082,-0.002946,-0.008197,-0.012324,-0.000004,0.000004,-0.000000
2025-12-16 17:31:07.083,-0.002971,-0.008151,-0.012255,-0.000004,0.000004,-0.000000
2025-12-16 17:31:07.084,-0.003008,-0.008096,-0.012180,-0.000004,0.000004,-0.000000
2025-12-16 17:31:07.085,-0.003054,-0.008035,-0.012104,-0.000004,0.000004,-0.000000
2025-12-16 17:31:07.086,-0.003097,-0.007982,-0.012038,-0.000004,0.000004,-0.000000
2025-12-16 17:31:07.087,-0.003137,-0.007936,-0.011980,-0.000004,0.000004,-0.000000
2025-12-16 17:31:07.088,-0.003185,-0.007882,-0.011913,-0.000004,0.000004,-0.000000
2025-12-16 17:31:07.089,-0.003229,-0.007835,-0.011852,-0.000004,0.000004,-0.000000
2025-12-16 17:31:07.090,-0.003274,-0.007786,-0.011793,-0.000004,0.000004,-0.000000
2025-12-16 17:31:07.091,-0.003328,-0.007730,-0.011736,-0.000004,0.000004,-0.000000
2025-12-16 17:31:07.092,-0.003385,-0.007675,-0.011679,-0.000004,0.000004,-0.000000
2025-12-16 17:31:07.093,-0.003442,-0.007620,-0.011623,-0.000004,0.000004,-0.000000
2025-12-16 17:31:07.094,-0.003496,-0.007569,-0.011568,-0.000004,0.000004,-0.000000
2025-12-16 17:31:07.096,-0.003551,-0.007514,-0.011517,-0.000004,0.000004,-0.000000
2025-12-16 17:31:07.097,-0.003684,-0.007389,-0.011416,-0.000004,0.000004,-0.000000
2025-12-16 17:31:07.098,-0.003748,-0.007330,-0.011366,-0.000004,0.000004,-0.000000
2025-12-16 17:31:07.099,-0.003812,-0.007272,-0.011323,-0.000004,0.000004,-0.000000
2025-12-16 17:31:07.100,-0.003872,-0.007214,-0.011282,-0.000004,0.000004,0.000000
2025-12-16 17:31:07.102,-0.003928,-0.007160,-0.011248,-0.000004,0.000004,-0.000000
2025-12-16 17:31:07.103,-0.004037,-0.007047,-0.011180,-0.000004,0.000004,0.000000
2025-12-16 17:31:07.105,-0.004122,-0.006955,-0.011130,-0.000004,0.000004,0.000000
2025-12-16 17:31:07.106,-0.004168,-0.006904,-0.011110,-0.000004,0.000004,0.000000
2025-12-16 17:31:07.107,-0.004214,-0.006857,-0.011094,-0.000004,0.000004,0.000000
2025-12-16 17:31:07.108,-0.004258,-0.006811,-0.011078,-0.000004,0.000004,0.000000
2025-12-16 17:31:07.109,-0.004294,-0.006772,-0.011066,-0.000004,0.000004,0.000000
2025-12-16 17:31:07.110,-0.004329,-0.006738,-0.011057,-0.000004,0.000004,0.000000
2025-12-16 17:31:07.112,-0.004365,-0.006707,-0.011051,-0.000004,0.000004,0.000000
2025-12-16 17:31:07.113,-0.004457,-0.006636,-0.011053,-0.000004,0.000004,0.000000
2025-12-16 17:31:07.114,-0.004510,-0.006596,-0.011059,-0.000004,0.000004,0.000000
2025-12-16 17:31:07.115,-0.004558,-0.006561,-0.011066,-0.000004,0.000005,0.000000
2025-12-16 17:31:07.117,-0.004653,-0.006488,-0.011081,-0.000004,0.000005,0.000001
2025-12-16 17:31:07.118,-0.004711,-0.006445,-0.011093,-0.000004,0.000005,0.000001
2025-12-16 17:31:07.119,-0.004771,-0.006398,-0.011104,-0.000004,0.000005,0.000001
2025-12-16 17:31:07.120,-0.004823,-0.006356,-0.011113,-0.000004,0.000005,0.000001
2025-12-16 17:31:07.121,-0.004875,-0.006318,-0.011119,-0.000004,0.000005,0.000001
2025-12-16 17:31:07.122,-0.004938,-0.006272,-0.011128,-0.000004,0.000005,0.000001
2025-12-16 17:31:07.123,-0.004996,-0.006229,-0.011137,-0.000004,0.000005,0.000001
2025-12-16 17:31:07.125,-0.005066,-0.006171,-0.011146,-0.000004,0.000005,0.000001
2025-12-16 17:31:07.127,-0.005268,-0.005994,-0.011163,-0.000004,0.000005,0.000001
2025-12-16 17:31:07.128,-0.005333,-0.005936,-0.011164,-0.000004,0.000005,0.000001
2025-12-16 17:31:07.129,-0.005412,-0.005861,-0.011159,-0.000004,0.000005,0.000001
2025-12-16 17:31:07.130,-0.005484,-0.005790,-0.011152,-0.000004,0.000005,0.000001
2025-12-16 17:31:07.132,-0.005549,-0.005722,-0.011137,-0.000004,0.000005,0.000001
2025-12-16 17:31:07.133,-0.005615,-0.005650,-0.011119,-0.000004,0.000005,0.000001
2025-12-16 17:31:07.134,-0.005754,-0.005478,-0.011054,-0.000004,0.000005,0.000001
2025-12-16 17:31:07.135,-0.005815,-0.005395,-0.011019,-0.000004,0.000005,0.000001
2025-12-16 17:31:07.136,-0.005879,-0.005309,-0.010981,-0.000004,0.000005,0.000001
2025-12-16 17:31:07.139,-0.006014,-0.005119,-0.010879,-0.000004,0.000005,0.000001
2025-12-16 17:31:07.140,-0.006126,-0.004952,-0.010763,-0.000005,0.000005,0.000001
2025-12-16 17:31:07.141,-0.006174,-0.004870,-0.010698,-0.000004,0.000005,0.000001
2025-12-16 17:31:07.142,-0.006222,-0.004787,-0.010627,-0.000004,0.000005,0.000001
2025-12-16 17:31:07.144,-0.006266,-0.004702,-0.010551,-0.000004,0.000005,0.000001
2025-12-16 17:31:07.145,-0.006310,-0.004617,-0.010471,-0.000004,0.000005,0.000002
2025-12-16 17:31:07.146,-0.006402,-0.004420,-0.010245,-0.000004,0.000005,0.000002
2025-12-16 17:31:07.147,-0.006441,-0.004334,-0.010142,-0.000004,0.000005,0.000002
2025-12-16 17:31:07.148,-0.006480,-0.004239,-0.010034,-0.000004,0.000005,0.000002
2025-12-16 17:31:07.149,-0.006516,-0.004142,-0.009927,-0.000004,0.000005,0.000002
2025-12-16 17:31:07.151,-0.006549,-0.004041,-0.009809,-0.000004,0.000005,0.000002
2025-12-16 17:31:07.152,-0.006595,-0.003868,-0.009593,-0.000004,0.000005,0.000002
2025-12-16 17:31:07.154,-0.006629,-0.003698,-0.009363,-0.000004,0.000005,0.000002
2025-12-16 17:31:07.155,-0.006641,-0.003622,-0.009263,-0.000004,0.000005,0.000002
2025-12-16 17:31:07.156,-0.006654,-0.003541,-0.009169,-0.000004,0.000005,0.000002
2025-12-16 17:31:07.157,-0.006665,-0.003472,-0.009092,-0.000004,0.000005,0.000002
2025-12-16 17:31:07.159,-0.006668,-0.003391,-0.009003,-0.000004,0.000005,0.000002
2025-12-16 17:31:07.160,-0.006665,-0.003310,-0.008912,-0.000004,0.000005,0.000002
2025-12-16 17:31:07.161,-0.006659,-0.003234,-0.008831,-0.000004,0.000005,0.000002
2025-12-16 17:31:07.162,-0.006649,-0.003158,-0.008755,-0.000004,0.000005,0.000002
2025-12-16 17:31:07.164,-0.006618,-0.002997,-0.008615,-0.000004,0.000005,0.000002
2025-12-16 17:31:07.167,-0.006533,-0.002739,-0.008446,-0.000004,0.000005,0.000002
2025-12-16 17:31:07.168,-0.006502,-0.002671,-0.008407,-0.000004,0.000005,0.000002
2025-12-16 17:31:07.169,-0.006469,-0.002606,-0.008382,-0.000004,0.000005,0.000002
2025-12-16 17:31:07.170,-0.006436,-0.002541,-0.008356,-0.000004,0.000005,0.000002
2025-12-16 17:31:07.175,-0.006187,-0.002172,-0.008348,-0.000004,0.000005,0.000002
2025-12-16 17:31:07.176,-0.006111,-0.002050,-0.008380,-0.000004,0.000005,0.000002
2025-12-16 17:31:07.177,-0.006071,-0.001980,-0.008402,-0.000004,0.000005,0.000002
2025-12-16 17:31:07.179,-0.006036,-0.001916,-0.008423,-0.000004,0.000005,0.000002
2025-12-16 17:31:07.180,-0.005962,-0.001753,-0.008466,-0.000004,0.000005,0.000002
2025-12-16 17:31:07.181,-0.005923,-0.001670,-0.008488,-0.000004,0.000005,0.000002
2025-12-16 17:31:07.185,-0.005830,-0.001351,-0.008562,-0.000004,0.000005,0.000002
2025-12-16 17:31:07.186,-0.005822,-0.001266,-0.008584,-0.000004,0.000005,0.000002
2025-12-16 17:31:07.187,-0.005818,-0.001190,-0.008604,-0.000004,0.000005,0.000002
2025-12-16 17:31:07.188,-0.005815,-0.001117,-0.008621,-0.000004,0.000005,0.000002
2025-12-16 17:31:07.191,-0.005801,-0.000866,-0.008682,-0.000004,0.000005,0.000002
2025-12-16 17:31:07.192,-0.005800,-0.000777,-0.008703,-0.000004,0.000005,0.000002
2025-12-16 17:31:07.193,-0.005805,-0.000689,-0.008721,-0.000005,0.000005,0.000002
2025-12-16 17:31:07.194,-0.005812,-0.000601,-0.008740,-0.000004,0.000005,0.000002
2025-12-16 17:31:07.195,-0.005812,-0.000514,-0.008756,-0.000004,0.000005,0.000002
2025-12-16 17:31:07.196,-0.005812,-0.000412,-0.008776,-0.000005,0.000005,0.000002
2025-12-16 17:31:07.198,-0.005812,-0.000320,-0.008795,-0.000005,0.000005,0.000002
2025-12-16 17:31:07.199,-0.005804,-0.000234,-0.008810,-0.000005,0.000005,0.000002
2025-12-16 17:31:07.200,-0.005781,-0.000070,-0.008849,-0.000005,0.000005,0.000002
2025-12-16 17:31:07.203,-0.005725,0.000174,-0.008912,-0.000005,0.000005,0.000002
2025-12-16 17:31:07.207,-0.005644,0.000416,-0.008986,-0.000005,0.000005,0.000002
2025-12-16 17:31:07.208,-0.005578,0.000595,-0.009039,-0.000005,0.000005,0.000002
2025-12-16 17:31:07.209,-0.005548,0.000682,-0.009062,-0.000005,0.000005,0.000002
2025-12-16 17:31:07.210,-0.005518,0.000763,-0.009083,-0.000005,0.000005,0.000002
2025-12-16 17:31:07.212,-0.005481,0.000852,-0.009112,-0.000005,0.000005,0.000002
2025-12-16 17:31:07.213,-0.005447,0.000930,-0.009140,-0.000005,0.000005,0.000002
2025-12-16 17:31:07.214,-0.005369,0.001089,-0.009189,-0.000005,0.000005,0.000002
2025-12-16 17:31:07.215,-0.005335,0.001161,-0.009204,-0.000005,0.000005,0.000002
2025-12-16 17:31:07.216,-0.005299,0.001236,-0.009219,-0.000005,0.000005,0.000002
2025-12-16 17:31:07.217,-0.005268,0.001318,-0.009232,-0.000005,0.000005,0.000002
2025-12-16 17:31:07.218,-0.005241,0.001400,-0.009244,-0.000005,0.000005,0.000002
2025-12-16 17:31:07.219,-0.005216,0.001484,-0.009252,-0.000005,0.000005,0.000002
2025-12-16 17:31:07.220,-0.005188,0.001567,-0.009257,-0.000005,0.000005,0.000002
2025-12-16 17:31:07.222,-0.005155,0.001658,-0.009257,-0.000005,0.000005,0.000002
2025-12-16 17:31:07.223,-0.005117,0.001759,-0.009251,-0.000005,0.000005,0.000002
2025-12-16 17:31:07.225,-0.005018,0.002018,-0.009212,-0.000005,0.000006,0.000002
2025-12-16 17:31:07.226,-0.004973,0.002106,-0.009178,-0.000005,0.000006,0.000002
2025-12-16 17:31:07.227,-0.004931,0.002181,-0.009145,-0.000005,0.000006,0.000002
2025-12-16 17:31:07.228,-0.004888,0.002255,-0.009115,-0.000005,0.000006,0.000002
2025-12-16 17:31:07.229,-0.004836,0.002339,-0.009077,-0.000005,0.000006,0.000002
2025-12-16 17:31:07.230,-0.004788,0.002413,-0.009043,-0.000005,0.000006,0.000002
2025-12-16 17:31:07.232,-0.004742,0.002482,-0.009003,-0.000005,0.000006,0.000002
2025-12-16 17:31:07.233,-0.004688,0.002547,-0.008958,-0.000005,0.000006,0.000003
2025-12-16 17:31:07.234,-0.004624,0.002605,-0.008906,-0.000005,0.000006,0.000003
2025-12-16 17:31:07.235,-0.004547,0.002667,-0.008850,-0.000005,0.000006,0.000003
2025-12-16 17:31:07.236,-0.004411,0.002767,-0.008749,-0.000005,0.000006,0.000003
2025-12-16 17:31:07.237,-0.004344,0.002807,-0.008695,-0.000005,0.000006,0.000003
2025-12-16 17:31:07.238,-0.004257,0.002842,-0.008623,-0.000005,0.000006,0.000003
2025-12-16 17:31:07.239,-0.004176,0.002870,-0.008555,-0.000005,0.000006,0.000003
2025-12-16 17:31:07.240,-0.004103,0.002899,-0.008490,-0.000005,0.000006,0.000003
2025-12-16 17:31:07.242,-0.003962,0.002942,-0.008367,-0.000005,0.000005,0.000003
2025-12-16 17:31:07.243,-0.003892,0.002961,-0.008311,-0.000005,0.000005,0.000003
2025-12-16 17:31:07.244,-0.003813,0.002975,-0.008246,-0.000004,0.000005,0.000002
2025-12-16 17:31:07.246,-0.003734,0.002980,-0.008180,-0.000004,0.000005,0.000002
2025-12-16 17:31:07.247,-0.003605,0.002980,-0.008066,-0.000004,0.000005,0.000002
2025-12-16 17:31:07.248,-0.003545,0.002981,-0.007998,-0.000004,0.000005,0.000002
2025-12-16 17:31:07.249,-0.003494,0.002981,-0.007938,-0.000004,0.000005,0.000002
2025-12-16 17:31:07.250,-0.003446,0.002979,-0.007878,-0.000004,0.000005,0.000002
2025-12-16 17:31:07.251,-0.003398,0.002972,-0.007819,-0.000004,0.000005,0.000002
2025-12-16 17:31:07.253,-0.003360,0.002965,-0.007759,-0.000004,0.000005,0.000002
2025-12-16 17:31:07.254,-0.003319,0.002965,-0.007640,-0.000004,0.000005,0.000002
2025-12-16 17:31:07.255,-0.003315,0.002966,-0.007590,-0.000004,0.000005,0.000002
2025-12-16 17:31:07.256,-0.003320,0.002971,-0.007542,-0.000004,0.000005,0.000002
2025-12-16 17:31:07.257,-0.003327,0.002977,-0.007496,-0.000004,0.000005,0.000002
2025-12-16 17:31:07.258,-0.003341,0.002983,-0.007452,-0.000004,0.000005,0.000002
2025-12-16 17:31:07.260,-0.003360,0.002995,-0.007413,-0.000004,0.000005,0.000002
2025-12-16 17:31:07.261,-0.003390,0.003010,-0.007375,-0.000004,0.000005,0.000002
2025-12-16 17:31:07.262,-0.003432,0.003031,-0.007336,-0.000004,0.000005,0.000002
2025-12-16 17:31:07.263,-0.003480,0.003053,-0.007298,-0.000004,0.000005,0.000002
2025-12-16 17:31:07.264,-0.003543,0.003083,-0.007262,-0.000004,0.000005,0.000002
2025-12-16 17:31:07.265,-0.003603,0.003110,-0.007233,-0.000004,0.000005,0.000002
2025-12-16 17:31:07.266,-0.003668,0.003143,-0.007205,-0.000004,0.000005,0.000002
2025-12-16 17:31:07.267,-0.003743,0.003189,-0.007180,-0.000004,0.000005,0.000003
2025-12-16 17:31:07.268,-0.003821,0.003238,-0.007158,-0.000004,0.000005,0.000003
2025-12-16 17:31:07.270,-0.003899,0.003285,-0.007139,-0.000004,0.000005,0.000003
2025-12-16 17:31:07.271,-0.003975,0.003329,-0.007122,-0.000004,0.000005,0.000003
2025-12-16 17:31:07.272,-0.004052,0.003373,-0.007104,-0.000004,0.000005,0.000003
2025-12-16 17:31:07.273,-0.004281,0.003505,-0.007051,-0.000004,0.000005,0.000003
2025-12-16 17:31:07.274,-0.004368,0.003565,-0.007062,-0.000004,0.000005,0.000003
2025-12-16 17:31:07.275,-0.004449,0.003619,-0.007067,-0.000004,0.000005,0.000003
2025-12-16 17:31:07.277,-0.004542,0.003680,-0.007071,-0.000004,0.000005,0.000003
2025-12-16 17:31:07.279,-0.004805,0.003855,-0.007083,-0.000004,0.000005,0.000003
2025-12-16 17:31:07.281,-0.004970,0.003972,-0.007089,-0.000004,0.000005,0.000003
2025-12-16 17:31:07.282,-0.005053,0.004025,-0.007095,-0.000004,0.000006,0.000003
2025-12-16 17:31:07.285,-0.005197,0.004124,-0.007104,-0.000004,0.000006,0.000003
2025-12-16 17:31:07.286,-0.005351,0.004228,-0.007115,-0.000004,0.000006,0.000003
2025-12-16 17:31:07.287,-0.005420,0.004276,-0.007122,-0.000004,0.000006,0.000003
2025-12-16 17:31:07.288,-0.005486,0.004318,-0.007125,-0.000004,0.000006,0.000003
2025-12-16 17:31:07.291,-0.005651,0.004443,-0.007125,-0.000004,0.000006,0.000004
2025-12-16 17:31:07.292,-0.005689,0.004484,-0.007124,-0.000005,0.000006,0.000004
2025-12-16 17:31:07.293,-0.005720,0.004524,-0.007123,-0.000004,0.000006,0.000004
2025-12-16 17:31:07.295,-0.005741,0.004566,-0.007118,-0.000005,0.000006,0.000004
2025-12-16 17:31:07.296,-0.005762,0.004608,-0.007112,-0.000005,0.000006,0.000004
2025-12-16 17:31:07.297,-0.005748,0.004660,-0.007102,-0.000005,0.000006,0.000004
2025-12-16 17:31:07.298,-0.005722,0.004686,-0.007097,-0.000005,0.000006,0.000004
2025-12-16 17:31:07.299,-0.005696,0.004709,-0.007092,-0.000005,0.000006,0.000004
2025-12-16 17:31:07.300,-0.005662,0.004732,-0.007087,-0.000005,0.000006,0.000004
2025-12-16 17:31:07.302,-0.005620,0.004750,-0.007075,-0.000005,0.000006,0.000004
2025-12-16 17:31:07.303,-0.005566,0.004773,-0.007063,-0.000005,0.000006,0.000004
2025-12-16 17:31:07.304,-0.005511,0.004796,-0.007052,-0.000005,0.000006,0.000003
2025-12-16 17:31:07.305,-0.005394,0.004834,-0.007028,-0.000005,0.000006,0.000003
2025-12-16 17:31:07.306,-0.005294,0.004849,-0.007007,-0.000005,0.000006,0.000003
2025-12-16 17:31:07.307,-0.005198,0.004860,-0.006988,-0.000005,0.000006,0.000003
2025-12-16 17:31:07.308,-0.005092,0.004871,-0.006965,-0.000005,0.000006,0.000003
2025-12-16 17:31:07.310,-0.004977,0.004885,-0.006945,-0.000005,0.000006,0.000003
2025-12-16 17:31:07.311,-0.004861,0.004899,-0.006921,-0.000005,0.000006,0.000003
2025-12-16 17:31:07.312,-0.004657,0.004931,-0.006874,-0.000004,0.000006,0.000003
2025-12-16 17:31:07.313,-0.004544,0.004951,-0.006847,-0.000004,0.000005,0.000003
2025-12-16 17:31:07.314,-0.004443,0.004969,-0.006822,-0.000004,0.000005,0.000003
2025-12-16 17:31:07.316,-0.004349,0.004990,-0.006797,-0.000004,0.000005,0.000003
2025-12-16 17:31:07.317,-0.004163,0.005039,-0.006737,-0.000004,0.000005,0.000003
2025-12-16 17:31:07.318,-0.004074,0.005068,-0.006708,-0.000004,0.000005,0.000003
2025-12-16 17:31:07.319,-0.003992,0.005097,-0.006680,-0.000004,0.000005,0.000003
2025-12-16 17:31:07.321,-0.003912,0.005136,-0.006648,-0.000004,0.000005,0.000003
2025-12-16 17:31:07.322,-0.003841,0.005184,-0.006612,-0.000004,0.000005,0.000003
2025-12-16 17:31:07.323,-0.003736,0.005268,-0.006545,-0.000004,0.000005,0.000003
2025-12-16 17:31:07.324,-0.003692,0.005313,-0.006510,-0.000004,0.000005,0.000003
2025-12-16 17:31:07.325,-0.003656,0.005365,-0.006476,-0.000004,0.000005,0.000003
2025-12-16 17:31:07.327,-0.003629,0.005433,-0.006434,-0.000004,0.000005,0.000003
2025-12-16 17:31:07.328,-0.003609,0.005495,-0.006396,-0.000004,0.000005,0.000003
2025-12-16 17:31:07.329,-0.003589,0.005620,-0.006320,-0.000003,0.000005,0.000003
2025-12-16 17:31:07.331,-0.003598,0.005700,-0.006283,-0.000003,0.000005,0.000003
2025-12-16 17:31:07.332,-0.003627,0.005858,-0.006207,-0.000003,0.000005,0.000003
2025-12-16 17:31:07.333,-0.003640,0.005927,-0.006179,-0.000003,0.000005,0.000003
2025-12-16 17:31:07.334,-0.003660,0.006005,-0.006147,-0.000003,0.000005,0.000003
2025-12-16 17:31:07.336,-0.003680,0.006075,-0.006119,-0.000003,0.000005,0.000003
2025-12-16 17:31:07.337,-0.003741,0.006230,-0.006066,-0.000003,0.000005,0.000003
2025-12-16 17:31:07.338,-0.003775,0.006304,-0.006038,-0.000003,0.000005,0.000003
2025-12-16 17:31:07.339,-0.003815,0.006384,-0.006009,-0.000003,0.000005,0.000003
2025-12-16 17:31:07.341,-0.003860,0.006466,-0.005986,-0.000003,0.000005,0.000003
2025-12-16 17:31:07.342,-0.003901,0.006536,-0.005970,-0.000003,0.000005,0.000003
2025-12-16 17:31:07.343,-0.003976,0.006654,-0.005947,-0.000003,0.000005,0.000003
2025-12-16 17:31:07.344,-0.004014,0.006709,-0.005944,-0.000003,0.000005,0.000003
2025-12-16 17:31:07.345,-0.004060,0.006764,-0.005943,-0.000003,0.000005,0.000003
2025-12-16 17:31:07.347,-0.004114,0.006816,-0.005950,-0.000003,0.000005,0.000003
2025-12-16 17:31:07.348,-0.004218,0.006901,-0.005963,-0.000003,0.000005,0.000004
2025-12-16 17:31:07.349,-0.004268,0.006936,-0.005967,-0.000003,0.000006,0.000004
2025-12-16 17:31:07.350,-0.004321,0.006966,-0.005971,-0.000003,0.000006,0.000004
2025-12-16 17:31:07.352,-0.004378,0.006995,-0.005980,-0.000003,0.000006,0.000004
2025-12-16 17:31:07.353,-0.004514,0.007048,-0.006013,-0.000004,0.000006,0.000004
2025-12-16 17:31:07.354,-0.004601,0.007074,-0.006038,-0.000003,0.000006,0.000004
2025-12-16 17:31:07.355,-0.004691,0.007099,-0.006059,-0.000004,0.000006,0.000004
2025-12-16 17:31:07.356,-0.004782,0.007119,-0.006079,-0.000004,0.000006,0.000004
2025-12-16 17:31:07.358,-0.004881,0.007140,-0.006101,-0.000004,0.000006,0.000004
2025-12-16 17:31:07.359,-0.005106,0.007180,-0.006159,-0.000004,0.000006,0.000004
2025-12-16 17:31:07.360,-0.005208,0.007201,-0.006187,-0.000004,0.000006,0.000004
2025-12-16 17:31:07.361,-0.005312,0.007218,-0.006215,-0.000004,0.000006,0.000004
2025-12-16 17:31:07.363,-0.005425,0.007239,-0.006246,-0.000004,0.000006,0.000004
2025-12-16 17:31:07.364,-0.005661,0.007281,-0.006308,-0.000004,0.000006,0.000004
2025-12-16 17:31:07.365,-0.005784,0.007313,-0.006340,-0.000004,0.000007,0.000004
2025-12-16 17:31:07.366,-0.005891,0.007343,-0.006369,-0.000004,0.000007,0.000004
2025-12-16 17:31:07.367,-0.005990,0.007378,-0.006393,-0.000005,0.000007,0.000004
2025-12-16 17:31:07.369,-0.006087,0.007412,-0.006419,-0.000005,0.000007,0.000004
2025-12-16 17:31:07.370,-0.006182,0.007452,-0.006446,-0.000005,0.000007,0.000004
2025-12-16 17:31:07.371,-0.006272,0.007494,-0.006476,-0.000005,0.000007,0.000004
2025-12-16 17:31:07.372,-0.006353,0.007534,-0.006502,-0.000005,0.000007,0.000004
2025-12-16 17:31:07.373,-0.006428,0.007569,-0.006527,-0.000005,0.000007,0.000005
2025-12-16 17:31:07.374,-0.006491,0.007606,-0.006549,-0.000005,0.000007,0.000005
2025-12-16 17:31:07.376,-0.006541,0.007639,-0.006567,-0.000005,0.000007,0.000005
2025-12-16 17:31:07.377,-0.006582,0.007674,-0.006582,-0.000005,0.000007,0.000005
2025-12-16 17:31:07.378,-0.006664,0.007744,-0.006612,-0.000005,0.000007,0.000005
2025-12-16 17:31:07.379,-0.006695,0.007795,-0.006648,-0.000006,0.000007,0.000005
2025-12-16 17:31:07.380,-0.006674,0.007811,-0.006657,-0.000006,0.000007,0.000004
2025-12-16 17:31:07.381,-0.006651,0.007825,-0.006659,-0.000006,0.000007,0.000004
2025-12-16 17:31:07.382,-0.006623,0.007834,-0.006656,-0.000006,0.000007,0.000004
2025-12-16 17:31:07.385,-0.006557,0.007840,-0.006647,-0.000006,0.000007,0.000005
2025-12-16 17:31:07.386,-0.006472,0.007823,-0.006628,-0.000005,0.000007,0.000004
2025-12-16 17:31:07.387,-0.006423,0.007810,-0.006614,-0.000005,0.000007,0.000004
2025-12-16 17:31:07.388,-0.006370,0.007795,-0.006596,-0.000005,0.000007,0.000004
2025-12-16 17:31:07.389,-0.006315,0.007776,-0.006585,-0.000005,0.000007,0.000004
2025-12-16 17:31:07.390,-0.006267,0.007757,-0.006579,-0.000005,0.000007,0.000004
2025-12-16 17:31:07.391,-0.006210,0.007734,-0.006565,-0.000005,0.000007,0.000004
2025-12-16 17:31:07.392,-0.006157,0.007713,-0.006551,-0.000005,0.000007,0.000004
2025-12-16 17:31:07.393,-0.006105,0.007695,-0.006535,-0.000005,0.000007,0.000004
2025-12-16 17:31:07.394,-0.006055,0.007673,-0.006516,-0.000005,0.000007,0.000004
2025-12-16 17:31:07.398,-0.005725,0.007402,-0.006253,-0.000005,0.000007,0.000004
2025-12-16 17:31:07.399,-0.005724,0.007447,-0.006269,-0.000005,0.000007,0.000004
2025-12-16 17:31:07.400,-0.005716,0.007485,-0.006280,-0.000005,0.000007,0.000004
2025-12-16 17:31:07.401,-0.005709,0.007518,-0.006282,-0.000005,0.000007,0.000004
2025-12-16 17:31:07.402,-0.005701,0.007546,-0.006285,-0.000005,0.000007,0.000004
2025-12-16 17:31:07.403,-0.005689,0.007570,-0.006279,-0.000005,0.000007,0.000004
2025-12-16 17:31:07.405,-0.005673,0.007591,-0.006267,-0.000005,0.000007,0.000004
2025-12-16 17:31:07.406,-0.005656,0.007612,-0.006249,-0.000005,0.000007,0.000004
2025-12-16 17:31:07.407,-0.005611,0.007653,-0.006207,-0.000005,0.000007,0.000004
2025-12-16 17:31:07.408,-0.005585,0.007670,-0.006189,-0.000005,0.000007,0.000004
2025-12-16 17:31:07.409,-0.005558,0.007682,-0.006170,-0.000005,0.000007,0.000004
2025-12-16 17:31:07.410,-0.005535,0.007696,-0.006152,-0.000004,0.000006,0.000004
2025-12-16 17:31:07.411,-0.005516,0.007711,-0.006134,-0.000005,0.000007,0.000004
2025-12-16 17:31:07.412,-0.005499,0.007727,-0.006116,-0.000005,0.000007,0.000004
2025-12-16 17:31:07.414,-0.005476,0.007741,-0.006102,-0.000005,0.000007,0.000004
2025-12-16 17:31:07.415,-0.005453,0.007753,-0.006092,-0.000004,0.000007,0.000004
2025-12-16 17:31:07.417,-0.005417,0.007774,-0.006089,-0.000004,0.000006,0.000004
2025-12-16 17:31:07.418,-0.005408,0.007784,-0.006103,-0.000004,0.000006,0.000004
2025-12-16 17:31:07.419,-0.005414,0.007789,-0.006113,-0.000004,0.000006,0.000004
2025-12-16 17:31:07.421,-0.005425,0.007793,-0.006126,-0.000004,0.000007,0.000004
2025-12-16 17:31:07.425,-0.005549,0.007768,-0.006278,-0.000005,0.000007,0.000004
2025-12-16 17:31:07.426,-0.005608,0.007760,-0.006335,-0.000005,0.000007,0.000004
2025-12-16 17:31:07.427,-0.005664,0.007753,-0.006388,-0.000005,0.000007,0.000004
2025-12-16 17:31:07.428,-0.005722,0.007748,-0.006439,-0.000005,0.000007,0.000004
2025-12-16 17:31:07.430,-0.005779,0.007740,-0.006492,-0.000005,0.000007,0.000004
2025-12-16 17:31:07.431,-0.005838,0.007732,-0.006546,-0.000005,0.000007,0.000004
2025-12-16 17:31:07.433,-0.005970,0.007730,-0.006655,-0.000005,0.000007,0.000004
2025-12-16 17:31:07.434,-0.006123,0.007736,-0.006768,-0.000005,0.000007,0.000004
2025-12-16 17:31:07.435,-0.006192,0.007738,-0.006817,-0.000005,0.000007,0.000004
2025-12-16 17:31:07.436,-0.006257,0.007750,-0.006865,-0.000005,0.000007,0.000004
2025-12-16 17:31:07.439,-0.006379,0.007780,-0.006969,-0.000005,0.000007,0.000005
2025-12-16 17:31:07.440,-0.006475,0.007806,-0.007058,-0.000005,0.000007,0.000005
2025-12-16 17:31:07.441,-0.006516,0.007819,-0.007092,-0.000005,0.000007,0.000005
2025-12-16 17:31:07.442,-0.006552,0.007839,-0.007128,-0.000006,0.000008,0.000005
2025-12-16 17:31:07.443,-0.006581,0.007859,-0.007167,-0.000005,0.000008,0.000005
2025-12-16 17:31:07.445,-0.006629,0.007901,-0.007237,-0.000006,0.000008,0.000005
2025-12-16 17:31:07.446,-0.006640,0.007915,-0.007263,-0.000006,0.000008,0.000005
2025-12-16 17:31:07.447,-0.006639,0.007926,-0.007281,-0.000006,0.000008,0.000005
2025-12-16 17:31:07.449,-0.006632,0.007931,-0.007300,-0.000006,0.000008,0.000005
2025-12-16 17:31:07.450,-0.006602,0.007941,-0.007330,-0.000006,0.000008,0.000005
2025-12-16 17:31:07.451,-0.006578,0.007941,-0.007343,-0.000006,0.000008,0.000005
2025-12-16 17:31:07.452,-0.006553,0.007939,-0.007356,-0.000006,0.000008,0.000005
2025-12-16 17:31:07.455,-0.006482,0.007917,-0.007384,-0.000006,0.000008,0.000005
2025-12-16 17:31:07.456,-0.006405,0.007884,-0.007410,-0.000006,0.000008,0.000005
2025-12-16 17:31:07.457,-0.006363,0.007857,-0.007431,-0.000006,0.000008,0.000005
2025-12-16 17:31:07.458,-0.006326,0.007832,-0.007450,-0.000006,0.000008,0.000005
2025-12-16 17:31:07.459,-0.006288,0.007809,-0.007462,-0.000006,0.000008,0.000005
2025-12-16 17:31:07.461,-0.006195,0.007746,-0.007486,-0.000005,0.000007,0.000005
2025-12-16 17:31:07.462,-0.006145,0.007711,-0.007498,-0.000006,0.000007,0.000005
2025-12-16 17:31:07.463,-0.006089,0.007673,-0.007507,-0.000006,0.000007,0.000004
2025-12-16 17:31:07.470,-0.005716,0.007414,-0.007584,-0.000006,0.000007,0.000004
2025-12-16 17:31:07.471,-0.005566,0.007317,-0.007599,-0.000005,0.000007,0.000004
2025-12-16 17:31:07.472,-0.005495,0.007266,-0.007603,-0.000005,0.000007,0.000004
2025-12-16 17:31:07.473,-0.005415,0.007206,-0.007608,-0.000005,0.000007,0.000004
2025-12-16 17:31:07.475,-0.005330,0.007137,-0.007613,-0.000005,0.000007,0.000004
2025-12-16 17:31:07.476,-0.005181,0.007015,-0.007617,-0.000005,0.000007,0.000004
2025-12-16 17:31:07.477,-0.005106,0.006955,-0.007616,-0.000005,0.000007,0.000004
2025-12-16 17:31:07.478,-0.005031,0.006894,-0.007616,-0.000005,0.000007,0.000004
2025-12-16 17:31:07.479,-0.004939,0.006807,-0.007603,-0.000005,0.000007,0.000004
2025-12-16 17:31:07.481,-0.004849,0.006716,-0.007589,-0.000005,0.000007,0.000004
2025-12-16 17:31:07.482,-0.004774,0.006637,-0.007577,-0.000005,0.000007,0.000004
2025-12-16 17:31:07.483,-0.004707,0.006559,-0.007568,-0.000005,0.000007,0.000004
2025-12-16 17:31:07.484,-0.004530,0.006349,-0.007537,-0.000005,0.000007,0.000004
2025-12-16 17:31:07.485,-0.004442,0.006234,-0.007516,-0.000005,0.000006,0.000003
2025-12-16 17:31:07.486,-0.004369,0.006135,-0.007498,-0.000005,0.000006,0.000003
2025-12-16 17:31:07.487,-0.004298,0.006040,-0.007478,-0.000005,0.000006,0.000003
2025-12-16 17:31:07.489,-0.004153,0.005829,-0.007440,-0.000005,0.000006,0.000003
2025-12-16 17:31:07.490,-0.004075,0.005706,-0.007420,-0.000004,0.000006,0.000003
2025-12-16 17:31:07.491,-0.004006,0.005590,-0.007407,-0.000004,0.000006,0.000003
2025-12-16 17:31:07.492,-0.003943,0.005472,-0.007399,-0.000004,0.000006,0.000003
2025-12-16 17:31:07.493,-0.003881,0.005356,-0.007387,-0.000004,0.000006,0.000003
2025-12-16 17:31:07.494,-0.003821,0.005243,-0.007377,-0.000004,0.000006,0.000003
2025-12-16 17:31:07.497,-0.003712,0.005007,-0.007361,-0.000004,0.000006,0.000003
2025-12-16 17:31:07.498,-0.003610,0.004761,-0.007353,-0.000004,0.000006,0.000003
2025-12-16 17:31:07.501,-0.003530,0.004521,-0.007357,-0.000004,0.000005,0.000003
2025-12-16 17:31:07.503,-0.003470,0.004278,-0.007376,-0.000004,0.000005,0.000003
2025-12-16 17:31:07.504,-0.003454,0.004033,-0.007408,-0.000004,0.000005,0.000003
2025-12-16 17:31:07.505,-0.003458,0.003930,-0.007425,-0.000004,0.000005,0.000003
2025-12-16 17:31:07.506,-0.003462,0.003836,-0.007444,-0.000004,0.000005,0.000003
2025-12-16 17:31:07.507,-0.003474,0.003742,-0.007469,-0.000004,0.000005,0.000003
2025-12-16 17:31:07.509,-0.003494,0.003651,-0.007500,-0.000004,0.000005,0.000003
2025-12-16 17:31:07.510,-0.003555,0.003460,-0.007576,-0.000004,0.000005,0.000003
2025-12-16 17:31:07.511,-0.003599,0.003353,-0.007633,-0.000004,0.000005,0.000003
2025-12-16 17:31:07.512,-0.003641,0.003256,-0.007686,-0.000004,0.000005,0.000003
2025-12-16 17:31:07.513,-0.003690,0.003166,-0.007747,-0.000004,0.000005,0.000003
2025-12-16 17:31:07.515,-0.003743,0.003072,-0.007813,-0.000004,0.000005,0.000003
2025-12-16 17:31:07.516,-0.003796,0.002976,-0.007884,-0.000004,0.000005,0.000003
2025-12-16 17:31:07.517,-0.003852,0.002880,-0.007957,-0.000004,0.000005,0.000003
2025-12-16 17:31:07.518,-0.003972,0.002682,-0.008118,-0.000004,0.000005,0.000003
2025-12-16 17:31:07.519,-0.004047,0.002557,-0.008221,-0.000004,0.000005,0.000003
2025-12-16 17:31:07.520,-0.004115,0.002443,-0.008314,-0.000004,0.000005,0.000003
2025-12-16 17:31:07.521,-0.004183,0.002333,-0.008405,-0.000004,0.000006,0.000003
2025-12-16 17:31:07.522,-0.004257,0.002200,-0.008517,-0.000004,0.000006,0.000003
2025-12-16 17:31:07.523,-0.004323,0.002078,-0.008621,-0.000004,0.000006,0.000003
2025-12-16 17:31:07.524,-0.004385,0.001946,-0.008729,-0.000005,0.000006,0.000003
2025-12-16 17:31:07.525,-0.004442,0.001797,-0.008850,-0.000005,0.000006,0.000003
2025-12-16 17:31:07.526,-0.004489,0.001664,-0.008956,-0.000005,0.000006,0.000003
2025-12-16 17:31:07.528,-0.004533,0.001540,-0.009058,-0.000005,0.000006,0.000003
2025-12-16 17:31:07.529,-0.004576,0.001411,-0.009160,-0.000005,0.000006,0.000003
2025-12-16 17:31:07.530,-0.004617,0.001278,-0.009260,-0.000005,0.000006,0.000003
2025-12-16 17:31:07.531,-0.004689,0.000979,-0.009476,-0.000005,0.000006,0.000003
2025-12-16 17:31:07.532,-0.004716,0.000832,-0.009577,-0.000005,0.000006,0.000003
2025-12-16 17:31:07.533,-0.004734,0.000681,-0.009675,-0.000005,0.000006,0.000003
2025-12-16 17:31:07.534,-0.004750,0.000502,-0.009786,-0.000005,0.000006,0.000003
2025-12-16 17:31:07.535,-0.004763,0.000312,-0.009902,-0.000005,0.000006,0.000002
2025-12-16 17:31:07.536,-0.004774,0.000147,-0.010002,-0.000005,0.000006,0.000002
2025-12-16 17:31:07.537,-0.004780,-0.000021,-0.010099,-0.000005,0.000006,0.000002
2025-12-16 17:31:07.538,-0.004770,-0.000201,-0.010197,-0.000005,0.000006,0.000002
2025-12-16 17:31:07.539,-0.004756,-0.000357,-0.010280,-0.000006,0.000006,0.000002
2025-12-16 17:31:07.541,-0.004739,-0.000509,-0.010356,-0.000006,0.000006,0.000002
2025-12-16 17:31:07.542,-0.004707,-0.000689,-0.010436,-0.000006,0.000006,0.000002
2025-12-16 17:31:07.543,-0.004675,-0.000852,-0.010506,-0.000006,0.000006,0.000002
2025-12-16 17:31:07.544,-0.004638,-0.001010,-0.010572,-0.000006,0.000006,0.000002
2025-12-16 17:31:07.545,-0.004561,-0.001333,-0.010706,-0.000006,0.000006,0.000002
2025-12-16 17:31:07.546,-0.004521,-0.001488,-0.010764,-0.000006,0.000005,0.000002
2025-12-16 17:31:07.547,-0.004474,-0.001640,-0.010813,-0.000006,0.000005,0.000002
2025-12-16 17:31:07.548,-0.004419,-0.001792,-0.010859,-0.000006,0.000005,0.000001
2025-12-16 17:31:07.549,-0.004360,-0.001948,-0.010899,-0.000006,0.000005,0.000001
2025-12-16 17:31:07.550,-0.004300,-0.002105,-0.010936,-0.000006,0.000005,0.000001
2025-12-16 17:31:07.551,-0.004234,-0.002266,-0.010971,-0.000005,0.000005,0.000001
2025-12-16 17:31:07.552,-0.004169,-0.002429,-0.011005,-0.000005,0.000005,0.000001
2025-12-16 17:31:07.554,-0.004101,-0.002591,-0.011032,-0.000005,0.000005,0.000001
2025-12-16 17:31:07.555,-0.004016,-0.002781,-0.011057,-0.000005,0.000005,0.000001
2025-12-16 17:31:07.556,-0.003937,-0.002953,-0.011077,-0.000005,0.000005,0.000001
2025-12-16 17:31:07.557,-0.003864,-0.003115,-0.011090,-0.000005,0.000005,0.000001
2025-12-16 17:31:07.558,-0.003690,-0.003503,-0.011103,-0.000005,0.000005,0.000001
2025-12-16 17:31:07.559,-0.003603,-0.003702,-0.011102,-0.000005,0.000005,0.000001
2025-12-16 17:31:07.560,-0.003530,-0.003870,-0.011099,-0.000005,0.000004,0.000001
2025-12-16 17:31:07.561,-0.003454,-0.004044,-0.011091,-0.000005,0.000004,0.000001
2025-12-16 17:31:07.562,-0.003385,-0.004205,-0.011084,-0.000005,0.000004,0.000001
2025-12-16 17:31:07.563,-0.003306,-0.004399,-0.011069,-0.000005,0.000004,0.000000
2025-12-16 17:31:07.564,-0.003228,-0.004601,-0.011044,-0.000005,0.000004,0.000000
2025-12-16 17:31:07.565,-0.003149,-0.004809,-0.011015,-0.000005,0.000004,0.000000
2025-12-16 17:31:07.567,-0.003083,-0.004987,-0.010989,-0.000005,0.000004,0.000000
2025-12-16 17:31:07.568,-0.003021,-0.005156,-0.010966,-0.000004,0.000004,0.000000
2025-12-16 17:31:07.569,-0.002955,-0.005348,-0.010937,-0.000004,0.000004,0.000000
2025-12-16 17:31:07.570,-0.002896,-0.005518,-0.010910,-0.000004,0.000004,0.000000
2025-12-16 17:31:07.571,-0.002840,-0.005685,-0.010877,-0.000004,0.000004,0.000000
2025-12-16 17:31:07.572,-0.002787,-0.005854,-0.010843,-0.000004,0.000004,0.000000
2025-12-16 17:31:07.573,-0.002731,-0.006026,-0.010801,-0.000004,0.000004,0.000000
2025-12-16 17:31:07.574,-0.002669,-0.006229,-0.010749,-0.000004,0.000004,0.000000
2025-12-16 17:31:07.575,-0.002614,-0.006412,-0.010702,-0.000004,0.000004,-0.000000
2025-12-16 17:31:07.576,-0.002450,-0.006962,-0.010561,-0.000004,0.000004,-0.000000
2025-12-16 17:31:07.577,-0.002396,-0.007145,-0.010514,-0.000004,0.000004,-0.000000
2025-12-16 17:31:07.578,-0.002374,-0.007282,-0.010484,-0.000004,0.000004,-0.000000
2025-12-16 17:31:07.580,-0.002345,-0.007418,-0.010454,-0.000004,0.000003,-0.000000
2025-12-16 17:31:07.581,-0.002314,-0.007565,-0.010427,-0.000004,0.000003,-0.000000
2025-12-16 17:31:07.582,-0.002281,-0.007722,-0.010402,-0.000004,0.000003,-0.000000
2025-12-16 17:31:07.583,-0.002248,-0.007877,-0.010375,-0.000004,0.000003,-0.000000
2025-12-16 17:31:07.584,-0.002221,-0.008029,-0.010352,-0.000004,0.000003,-0.000001
2025-12-16 17:31:07.585,-0.002199,-0.008157,-0.010334,-0.000004,0.000003,-0.000001
2025-12-16 17:31:07.586,-0.002179,-0.008271,-0.010320,-0.000004,0.000003,-0.000001
2025-12-16 17:31:07.587,-0.002158,-0.008380,-0.010312,-0.000004,0.000003,-0.000001
2025-12-16 17:31:07.588,-0.002136,-0.008504,-0.010320,-0.000004,0.000003,-0.000001
2025-12-16 17:31:07.589,-0.002117,-0.008615,-0.010333,-0.000003,0.000003,-0.000001
2025-12-16 17:31:07.590,-0.002102,-0.008725,-0.010354,-0.000003,0.000003,-0.000001
2025-12-16 17:31:07.592,-0.002083,-0.008829,-0.010376,-0.000004,0.000003,-0.000001
2025-12-16 17:31:07.593,-0.002072,-0.008929,-0.010408,-0.000003,0.000003,-0.000001
2025-12-16 17:31:07.594,-0.002066,-0.009025,-0.010445,-0.000003,0.000003,-0.000001
2025-12-16 17:31:07.595,-0.002063,-0.009139,-0.010504,-0.000003,0.000004,-0.000000
2025-12-16 17:31:07.596,-0.002048,-0.009387,-0.010642,-0.000003,0.000004,-0.000001
2025-12-16 17:31:07.597,-0.002039,-0.009516,-0.010724,-0.000003,0.000004,-0.000001
2025-12-16 17:31:07.598,-0.002031,-0.009628,-0.010798,-0.000003,0.000004,-0.000001
2025-12-16 17:31:07.599,-0.002031,-0.009730,-0.010871,-0.000003,0.000004,-0.000001
2025-12-16 17:31:07.600,-0.002038,-0.009831,-0.010952,-0.000003,0.000004,-0.000001
2025-12-16 17:31:07.601,-0.002049,-0.009931,-0.011040,-0.000003,0.000004,-0.000001
2025-12-16 17:31:07.602,-0.002061,-0.010049,-0.011143,-0.000004,0.000004,-0.000000
2025-12-16 17:31:07.603,-0.002073,-0.010164,-0.011244,-0.000004,0.000004,-0.000000
2025-12-16 17:31:07.604,-0.002086,-0.010283,-0.011353,-0.000004,0.000004,-0.000001
2025-12-16 17:31:07.605,-0.002098,-0.010402,-0.011471,-0.000004,0.000004,-0.000001
2025-12-16 17:31:07.607,-0.002130,-0.010649,-0.011722,-0.000004,0.000004,-0.000001
2025-12-16 17:31:07.608,-0.002147,-0.010780,-0.011849,-0.000004,0.000004,-0.000001
2025-12-16 17:31:07.609,-0.002167,-0.010924,-0.011989,-0.000004,0.000004,-0.000001
2025-12-16 17:31:07.610,-0.002192,-0.011073,-0.012131,-0.000004,0.000004,-0.000001
2025-12-16 17:31:07.611,-0.002217,-0.011209,-0.012264,-0.000004,0.000004,-0.000001
2025-12-16 17:31:07.613,-0.002241,-0.011348,-0.012403,-0.000004,0.000004,-0.000001
2025-12-16 17:31:07.614,-0.002258,-0.011489,-0.012541,-0.000004,0.000004,-0.000001
2025-12-16 17:31:07.615,-0.002274,-0.011632,-0.012679,-0.000004,0.000004,-0.000001
2025-12-16 17:31:07.616,-0.002287,-0.011762,-0.012799,-0.000004,0.000004,-0.000001
2025-12-16 17:31:07.617,-0.002312,-0.012020,-0.013048,-0.000004,0.000004,-0.000001
2025-12-16 17:31:07.618,-0.002323,-0.012149,-0.013176,-0.000004,0.000004,-0.000001
2025-12-16 17:31:07.619,-0.002327,-0.012267,-0.013293,-0.000004,0.000004,-0.000001
2025-12-16 17:31:07.620,-0.002322,-0.012382,-0.013404,-0.000004,0.000004,-0.000001
2025-12-16 17:31:07.621,-0.002307,-0.012501,-0.013509,-0.000004,0.000004,-0.000001
2025-12-16 17:31:07.622,-0.002294,-0.012620,-0.013613,-0.000004,0.000004,-0.000001
2025-12-16 17:31:07.623,-0.002278,-0.012731,-0.013712,-0.000004,0.000004,-0.000001
2025-12-16 17:31:07.624,-0.002262,-0.012839,-0.013814,-0.000004,0.000004,-0.000001
2025-12-16 17:31:07.626,-0.002226,-0.013023,-0.013993,-0.000003,0.000004,-0.000002
2025-12-16 17:31:07.627,-0.002208,-0.013102,-0.014076,-0.000004,0.000004,-0.000002
2025-12-16 17:31:07.628,-0.002184,-0.013184,-0.014168,-0.000003,0.000004,-0.000002
2025-12-16 17:31:07.629,-0.002161,-0.013254,-0.014248,-0.000003,0.000004,-0.000002
2025-12-16 17:31:07.630,-0.002133,-0.013316,-0.014318,-0.000003,0.000004,-0.000002
2025-12-16 17:31:07.631,-0.002103,-0.013371,-0.014385,-0.000003,0.000004,-0.000002
2025-12-16 17:31:07.633,-0.002043,-0.013457,-0.014503,-0.000003,0.000004,-0.000002
2025-12-16 17:31:07.634,-0.002015,-0.013488,-0.014552,-0.000003,0.000004,-0.000002
2025-12-16 17:31:07.635,-0.001988,-0.013516,-0.014598,-0.000003,0.000004,-0.000002
2025-12-16 17:31:07.636,-0.001968,-0.013531,-0.014636,-0.000003,0.000004,-0.000002
2025-12-16 17:31:07.637,-0.001947,-0.013538,-0.014673,-0.000003,0.000004,-0.000002
2025-12-16 17:31:07.639,-0.001929,-0.013531,-0.014709,-0.000004,0.000004,-0.000002
2025-12-16 17:31:07.640,-0.001905,-0.013510,-0.014762,-0.000003,0.000004,-0.000002
2025-12-16 17:31:07.641,-0.001894,-0.013487,-0.014787,-0.000004,0.000004,-0.000002
2025-12-16 17:31:07.642,-0.001884,-0.013463,-0.014808,-0.000004,0.000004,-0.000002
2025-12-16 17:31:07.643,-0.001878,-0.013431,-0.014823,-0.000003,0.000004,-0.000002
2025-12-16 17:31:07.644,-0.001875,-0.013392,-0.014839,-0.000003,0.000004,-0.000002
2025-12-16 17:31:07.646,-0.001865,-0.013352,-0.014849,-0.000003,0.000004,-0.000002
2025-12-16 17:31:07.647,-0.001837,-0.013275,-0.014853,-0.000004,0.000004,-0.000002
2025-12-16 17:31:07.648,-0.001832,-0.013221,-0.014851,-0.000003,0.000004,-0.000002
2025-12-16 17:31:07.649,-0.001822,-0.013152,-0.014838,-0.000004,0.000004,-0.000002
2025-12-16 17:31:07.650,-0.001813,-0.013088,-0.014824,-0.000003,0.000004,-0.000002
2025-12-16 17:31:07.651,-0.001801,-0.013031,-0.014814,-0.000004,0.000004,-0.000002
2025-12-16 17:31:07.652,-0.001782,-0.012973,-0.014791,-0.000004,0.000004,-0.000002
2025-12-16 17:31:07.654,-0.001756,-0.012918,-0.014757,-0.000004,0.000004,-0.000002
2025-12-16 17:31:07.655,-0.001725,-0.012853,-0.014716,-0.000003,0.000004,-0.000002
2025-12-16 17:31:07.656,-0.001696,-0.012795,-0.014679,-0.000003,0.000004,-0.000002
2025-12-16 17:31:07.657,-0.001663,-0.012728,-0.014638,-0.000003,0.000004,-0.000002
2025-12-16 17:31:07.658,-0.001593,-0.012613,-0.014556,-0.000004,0.000004,-0.000002
2025-12-16 17:31:07.659,-0.001548,-0.012549,-0.014506,-0.000003,0.000004,-0.000002
2025-12-16 17:31:07.660,-0.001502,-0.012486,-0.014453,-0.000003,0.000004,-0.000002
2025-12-16 17:31:07.661,-0.001462,-0.012432,-0.014406,-0.000003,0.000004,-0.000002
2025-12-16 17:31:07.662,-0.001424,-0.012373,-0.014361,-0.000003,0.000004,-0.000002
2025-12-16 17:31:07.663,-0.001391,-0.012320,-0.014324,-0.000004,0.000004,-0.000002
2025-12-16 17:31:07.664,-0.001359,-0.012268,-0.014282,-0.000004,0.000004,-0.000002
2025-12-16 17:31:07.665,-0.001323,-0.012216,-0.014233,-0.000004,0.000004,-0.000002
2025-12-16 17:31:07.667,-0.001283,-0.012159,-0.014181,-0.000004,0.000004,-0.000002
2025-12-16 17:31:07.668,-0.001203,-0.012061,-0.014091,-0.000004,0.000003,-0.000002
2025-12-16 17:31:07.670,-0.001144,-0.011965,-0.014009,-0.000004,0.000003,-0.000002
2025-12-16 17:31:07.671,-0.001121,-0.011917,-0.013968,-0.000004,0.000003,-0.000002
2025-12-16 17:31:07.672,-0.001104,-0.011857,-0.013928,-0.000004,0.000003,-0.000002
2025-12-16 17:31:07.673,-0.001100,-0.011792,-0.013896,-0.000004,0.000003,-0.000002
2025-12-16 17:31:07.674,-0.001101,-0.011736,-0.013871,-0.000004,0.000003,-0.000002
2025-12-16 17:31:07.676,-0.001106,-0.011632,-0.013841,-0.000004,0.000003,-0.000002
2025-12-16 17:31:07.677,-0.001112,-0.011587,-0.013830,-0.000004,0.000003,-0.000002
2025-12-16 17:31:07.679,-0.001122,-0.011541,-0.013825,-0.000004,0.000003,-0.000002
2025-12-16 17:31:07.680,-0.001133,-0.011491,-0.013821,-0.000004,0.000003,-0.000002
2025-12-16 17:31:07.681,-0.001154,-0.011435,-0.013824,-0.000003,0.000003,-0.000002
2025-12-16 17:31:07.682,-0.001177,-0.011386,-0.013830,-0.000004,0.000003,-0.000002
2025-12-16 17:31:07.683,-0.001202,-0.011340,-0.013833,-0.000004,0.000004,-0.000002
2025-12-16 17:31:07.684,-0.001238,-0.011288,-0.013844,-0.000004,0.000004,-0.000002
2025-12-16 17:31:07.686,-0.001278,-0.011233,-0.013861,-0.000004,0.000004,-0.000002
2025-12-16 17:31:07.687,-0.001351,-0.011139,-0.013901,-0.000003,0.000004,-0.000002
2025-12-16 17:31:07.688,-0.001385,-0.011095,-0.013926,-0.000003,0.000004,-0.000002
2025-12-16 17:31:07.689,-0.001413,-0.011059,-0.013947,-0.000004,0.000004,-0.000002
2025-12-16 17:31:07.690,-0.001434,-0.011029,-0.013969,-0.000003,0.000004,-0.000002
2025-12-16 17:31:07.691,-0.001454,-0.010998,-0.013991,-0.000003,0.000004,-0.000002
2025-12-16 17:31:07.693,-0.001500,-0.010921,-0.014083,-0.000003,0.000004,-0.000002
2025-12-16 17:31:07.694,-0.001504,-0.010908,-0.014122,-0.000003,0.000004,-0.000002
2025-12-16 17:31:07.695,-0.001509,-0.010890,-0.014169,-0.000004,0.000004,-0.000002
2025-12-16 17:31:07.696,-0.001514,-0.010873,-0.014211,-0.000003,0.000004,-0.000002
2025-12-16 17:31:07.697,-0.001516,-0.010856,-0.014250,-0.000004,0.000004,-0.000002
2025-12-16 17:31:07.698,-0.001514,-0.010842,-0.014293,-0.000004,0.000004,-0.000002
2025-12-16 17:31:07.700,-0.001465,-0.010497,-0.013885,-0.000004,0.000004,-0.000002
2025-12-16 17:31:07.701,-0.001450,-0.010433,-0.013933,-0.000004,0.000004,-0.000002
2025-12-16 17:31:07.703,-0.001458,-0.010487,-0.014067,-0.000004,0.000004,-0.000002
2025-12-16 17:31:07.704,-0.001470,-0.010590,-0.014316,-0.000004,0.000004,-0.000002
2025-12-16 17:31:07.705,-0.001479,-0.010623,-0.014416,-0.000004,0.000004,-0.000002
2025-12-16 17:31:07.706,-0.001496,-0.010634,-0.014503,-0.000004,0.000004,-0.000002
2025-12-16 17:31:07.707,-0.001465,-0.010307,-0.014117,-0.000004,0.000004,-0.000002
2025-12-16 17:31:07.708,-0.001476,-0.010227,-0.014077,-0.000004,0.000004,-0.000002
2025-12-16 17:31:07.709,-0.001509,-0.010243,-0.014174,-0.000004,0.000004,-0.000001
2025-12-16 17:31:07.710,-0.001553,-0.010278,-0.014311,-0.000004,0.000004,-0.000001
2025-12-16 17:31:07.712,-0.001656,-0.010325,-0.014556,-0.000004,0.000004,-0.000001
2025-12-16 17:31:07.713,-0.001712,-0.010325,-0.014648,-0.000004,0.000004,-0.000002
2025-12-16 17:31:07.714,-0.001786,-0.010299,-0.014719,-0.000004,0.000004,-0.000001
2025-12-16 17:31:07.715,-0.001856,-0.010266,-0.014772,-0.000004,0.000004,-0.000002
2025-12-16 17:31:07.717,-0.001923,-0.010223,-0.014812,-0.000004,0.000004,-0.000001
2025-12-16 17:31:07.718,-0.002003,-0.010160,-0.014836,-0.000004,0.000004,-0.000001
2025-12-16 17:31:07.719,-0.002091,-0.010083,-0.014846,-0.000004,0.000004,-0.000001
2025-12-16 17:31:07.720,-0.002238,-0.009945,-0.014848,-0.000004,0.000004,-0.000001
2025-12-16 17:31:07.721,-0.002308,-0.009874,-0.014839,-0.000004,0.000004,-0.000001
2025-12-16 17:31:07.723,-0.002446,-0.009727,-0.014803,-0.000004,0.000004,-0.000001
2025-12-16 17:31:07.724,-0.002517,-0.009648,-0.014775,-0.000004,0.000004,-0.000001
2025-12-16 17:31:07.725,-0.002582,-0.009568,-0.014736,-0.000004,0.000005,-0.000001
2025-12-16 17:31:07.726,-0.002641,-0.009487,-0.014687,-0.000004,0.000005,-0.000001
2025-12-16 17:31:07.727,-0.002701,-0.009405,-0.014635,-0.000004,0.000005,-0.000001
2025-12-16 17:31:07.729,-0.002762,-0.009323,-0.014575,-0.000004,0.000004,-0.000001
2025-12-16 17:31:07.730,-0.002877,-0.009151,-0.014425,-0.000004,0.000005,-0.000001
2025-12-16 17:31:07.731,-0.002926,-0.009068,-0.014339,-0.000004,0.000005,-0.000001
2025-12-16 17:31:07.732,-0.002964,-0.008999,-0.014265,-0.000004,0.000005,-0.000001
2025-12-16 17:31:07.734,-0.002996,-0.008932,-0.014191,-0.000004,0.000005,-0.000001
2025-12-16 17:31:07.735,-0.003023,-0.008867,-0.014114,-0.000004,0.000005,-0.000000
2025-12-16 17:31:07.736,-0.003041,-0.008804,-0.014033,-0.000004,0.000005,-0.000000
2025-12-16 17:31:07.737,-0.003054,-0.008742,-0.013949,-0.000004,0.000005,-0.000000
2025-12-16 17:31:07.738,-0.003068,-0.008617,-0.013764,-0.000004,0.000005,-0.000000
2025-12-16 17:31:07.739,-0.003070,-0.008555,-0.013667,-0.000004,0.000005,-0.000000
2025-12-16 17:31:07.742,-0.003079,-0.008354,-0.013342,-0.000004,0.000005,-0.000000
2025-12-16 17:31:07.743,-0.003085,-0.008287,-0.013241,-0.000004,0.000005,-0.000000
2025-12-16 17:31:07.744,-0.003087,-0.008220,-0.013141,-0.000004,0.000005,-0.000000
2025-12-16 17:31:07.745,-0.003086,-0.008155,-0.013045,-0.000004,0.000005,-0.000000
2025-12-16 17:31:07.746,-0.003086,-0.008092,-0.012950,-0.000004,0.000005,-0.000000
2025-12-16 17:31:07.747,-0.003090,-0.008027,-0.012856,-0.000004,0.000005,-0.000000
2025-12-16 17:31:07.749,-0.003093,-0.007887,-0.012662,-0.000004,0.000005,-0.000000
2025-12-16 17:31:07.750,-0.003099,-0.007811,-0.012564,-0.000004,0.000004,-0.000000
2025-12-16 17:31:07.751,-0.003106,-0.007732,-0.012470,-0.000004,0.000004,-0.000000
2025-12-16 17:31:07.752,-0.003114,-0.007637,-0.012364,-0.000004,0.000004,-0.000000
2025-12-16 17:31:07.754,-0.003122,-0.007550,-0.012269,-0.000004,0.000004,-0.000000
2025-12-16 17:31:07.755,-0.003134,-0.007383,-0.012082,-0.000004,0.000004,0.000000
2025-12-16 17:31:07.756,-0.003142,-0.007293,-0.011982,-0.000004,0.000004,0.000000
2025-12-16 17:31:07.759,-0.003167,-0.007122,-0.011797,-0.000004,0.000004,0.000000
2025-12-16 17:31:07.760,-0.003194,-0.006968,-0.011653,-0.000004,0.000004,0.000000
2025-12-16 17:31:07.761,-0.003209,-0.006877,-0.011578,-0.000004,0.000004,0.000000
2025-12-16 17:31:07.762,-0.003223,-0.006795,-0.011512,-0.000004,0.000004,0.000000
2025-12-16 17:31:07.763,-0.003232,-0.006721,-0.011449,-0.000004,0.000004,0.000000
2025-12-16 17:31:07.765,-0.003255,-0.006564,-0.011313,-0.000004,0.000004,0.000000
2025-12-16 17:31:07.766,-0.003270,-0.006484,-0.011242,-0.000004,0.000004,0.000000
2025-12-16 17:31:07.767,-0.003283,-0.006416,-0.011181,-0.000004,0.000004,0.000000
2025-12-16 17:31:07.769,-0.003315,-0.006286,-0.011071,-0.000004,0.000004,0.000000
2025-12-16 17:31:07.770,-0.003327,-0.006224,-0.011016,-0.000004,0.000004,0.000000
2025-12-16 17:31:07.771,-0.003345,-0.006164,-0.010966,-0.000004,0.000004,0.000000
2025-12-16 17:31:07.772,-0.003368,-0.006097,-0.010912,-0.000004,0.000004,0.000000
2025-12-16 17:31:07.773,-0.003390,-0.006038,-0.010865,-0.000004,0.000004,0.000000
2025-12-16 17:31:07.775,-0.003415,-0.005981,-0.010828,-0.000004,0.000004,0.000000
2025-12-16 17:31:07.776,-0.003442,-0.005927,-0.010789,-0.000004,0.000004,0.000000
2025-12-16 17:31:07.777,-0.003469,-0.005874,-0.010749,-0.000004,0.000004,0.000000
2025-12-16 17:31:07.778,-0.003500,-0.005822,-0.010710,-0.000004,0.000004,0.000000
2025-12-16 17:31:07.781,-0.003616,-0.005628,-0.010556,-0.000004,0.000004,0.000000
2025-12-16 17:31:07.782,-0.003644,-0.005580,-0.010518,-0.000004,0.000004,0.000000
2025-12-16 17:31:07.783,-0.003702,-0.005523,-0.010469,-0.000004,0.000004,0.000000
2025-12-16 17:31:07.784,-0.003753,-0.005463,-0.010413,-0.000004,0.000004,0.000000
2025-12-16 17:31:07.787,-0.003892,-0.005295,-0.010255,-0.000004,0.000004,0.000001
2025-12-16 17:31:07.788,-0.003931,-0.005252,-0.010210,-0.000004,0.000004,0.000001
2025-12-16 17:31:07.790,-0.004004,-0.005155,-0.010115,-0.000004,0.000004,0.000001
2025-12-16 17:31:07.792,-0.004038,-0.005102,-0.010064,-0.000004,0.000004,0.000001
2025-12-16 17:31:07.793,-0.004099,-0.004999,-0.009942,-0.000004,0.000004,0.000001
2025-12-16 17:31:07.794,-0.004125,-0.004944,-0.009874,-0.000004,0.000004,0.000001
2025-12-16 17:31:07.795,-0.004148,-0.004888,-0.009800,-0.000004,0.000004,0.000001
2025-12-16 17:31:07.797,-0.004167,-0.004840,-0.009736,-0.000004,0.000004,0.000001
2025-12-16 17:31:07.798,-0.004197,-0.004747,-0.009588,-0.000004,0.000004,0.000001
2025-12-16 17:31:07.800,-0.004202,-0.004703,-0.009499,-0.000004,0.000004,0.000001
2025-12-16 17:31:07.801,-0.004194,-0.004609,-0.009302,-0.000004,0.000004,0.000001
2025-12-16 17:31:07.802,-0.004179,-0.004568,-0.009204,-0.000004,0.000004,0.000001
2025-12-16 17:31:07.803,-0.004164,-0.004531,-0.009105,-0.000004,0.000004,0.000001
2025-12-16 17:31:07.804,-0.004151,-0.004501,-0.009021,-0.000004,0.000004,0.000001
2025-12-16 17:31:07.806,-0.004132,-0.004476,-0.008934,-0.000004,0.000004,0.000001
2025-12-16 17:31:07.807,-0.004093,-0.004421,-0.008748,-0.000003,0.000004,0.000001
2025-12-16 17:31:07.809,-0.004049,-0.004360,-0.008548,-0.000003,0.000004,0.000001
2025-12-16 17:31:07.810,-0.004023,-0.004331,-0.008433,-0.000003,0.000004,0.000001
2025-12-16 17:31:07.811,-0.004000,-0.004307,-0.008332,-0.000003,0.000004,0.000001
2025-12-16 17:31:07.812,-0.003978,-0.004288,-0.008232,-0.000003,0.000004,0.000001
2025-12-16 17:31:07.813,-0.003959,-0.004269,-0.008131,-0.000003,0.000004,0.000001
2025-12-16 17:31:07.816,-0.003913,-0.004224,-0.007893,-0.000003,0.000004,0.000001
2025-12-16 17:31:07.817,-0.003870,-0.004186,-0.007681,-0.000003,0.000004,0.000001
2025-12-16 17:31:07.819,-0.003853,-0.004168,-0.007577,-0.000003,0.000004,0.000001
2025-12-16 17:31:07.820,-0.003811,-0.004125,-0.007364,-0.000003,0.000003,0.000001
2025-12-16 17:31:07.821,-0.003788,-0.004104,-0.007255,-0.000003,0.000003,0.000001
2025-12-16 17:31:07.822,-0.003769,-0.004082,-0.007144,-0.000003,0.000003,0.000001
2025-12-16 17:31:07.823,-0.003743,-0.004056,-0.007012,-0.000003,0.000003,0.000001
2025-12-16 17:31:07.825,-0.003696,-0.004009,-0.006780,-0.000003,0.000003,0.000001
2025-12-16 17:31:07.826,-0.003674,-0.003984,-0.006668,-0.000003,0.000003,0.000001
2025-12-16 17:31:07.830,-0.003567,-0.003872,-0.006240,-0.000003,0.000003,0.000001
2025-12-16 17:31:07.831,-0.003533,-0.003841,-0.006134,-0.000003,0.000003,0.000001
2025-12-16 17:31:07.832,-0.003499,-0.003806,-0.006029,-0.000002,0.000003,0.000001
2025-12-16 17:31:07.834,-0.003462,-0.003770,-0.005927,-0.000002,0.000003,0.000001
2025-12-16 17:31:07.835,-0.003386,-0.003693,-0.005721,-0.000002,0.000003,0.000001
2025-12-16 17:31:07.836,-0.003347,-0.003654,-0.005621,-0.000002,0.000003,0.000001
2025-12-16 17:31:07.837,-0.003298,-0.003604,-0.005510,-0.000002,0.000003,0.000001
2025-12-16 17:31:07.838,-0.003254,-0.003557,-0.005413,-0.000002,0.000003,0.000001
2025-12-16 17:31:07.839,-0.003214,-0.003514,-0.005320,-0.000002,0.000003,0.000001
2025-12-16 17:31:07.840,-0.003173,-0.003471,-0.005230,-0.000002,0.000003,0.000001
2025-12-16 17:31:07.844,-0.003038,-0.003329,-0.004973,-0.000002,0.000002,0.000001
2025-12-16 17:31:07.845,-0.002960,-0.003241,-0.004828,-0.000002,0.000002,0.000001
2025-12-16 17:31:07.846,-0.002919,-0.003195,-0.004757,-0.000002,0.000002,0.000001
2025-12-16 17:31:07.847,-0.002881,-0.003153,-0.004693,-0.000002,0.000002,0.000001
2025-12-16 17:31:07.848,-0.002845,-0.003113,-0.004631,-0.000002,0.000002,0.000001
2025-12-16 17:31:07.850,-0.002808,-0.003070,-0.004566,-0.000002,0.000002,0.000001
2025-12-16 17:31:07.851,-0.002741,-0.002975,-0.004442,-0.000002,0.000002,0.000001
2025-12-16 17:31:07.852,-0.002710,-0.002936,-0.004392,-0.000002,0.000002,0.000001
2025-12-16 17:31:07.853,-0.002682,-0.002897,-0.004340,-0.000002,0.000002,0.000001
2025-12-16 17:31:07.855,-0.002615,-0.002823,-0.004243,-0.000002,0.000002,0.000001
2025-12-16 17:31:07.856,-0.002583,-0.002788,-0.004194,-0.000002,0.000002,0.000001
2025-12-16 17:31:07.857,-0.002552,-0.002751,-0.004150,-0.000001,0.000002,0.000001
2025-12-16 17:31:07.858,-0.002518,-0.002708,-0.004098,-0.000001,0.000002,0.000001
2025-12-16 17:31:07.860,-0.002487,-0.002669,-0.004050,-0.000001,0.000002,0.000001
2025-12-16 17:31:07.861,-0.002459,-0.002633,-0.004005,-0.000001,0.000002,0.000001
2025-12-16 17:31:07.862,-0.002394,-0.002573,-0.003911,-0.000001,0.000002,0.000001
2025-12-16 17:31:07.863,-0.002362,-0.002540,-0.003865,-0.000001,0.000002,0.000001
2025-12-16 17:31:07.864,-0.002328,-0.002507,-0.003823,-0.000001,0.000002,0.000001
2025-12-16 17:31:07.866,-0.002285,-0.002469,-0.003775,-0.000001,0.000002,0.000000
2025-12-16 17:31:07.867,-0.002246,-0.002435,-0.003731,-0.000001,0.000002,0.000000
2025-12-16 17:31:07.869,-0.002161,-0.002363,-0.003636,-0.000001,0.000002,0.000000
2025-12-16 17:31:07.870,-0.002118,-0.002322,-0.003588,-0.000001,0.000002,0.000000
2025-12-16 17:31:07.871,-0.002075,-0.002283,-0.003537,-0.000001,0.000002,0.000000
2025-12-16 17:31:07.872,-0.001999,-0.002216,-0.003440,-0.000001,0.000002,0.000000
2025-12-16 17:31:07.873,-0.001959,-0.002182,-0.003390,-0.000001,0.000002,0.000000
2025-12-16 17:31:07.874,-0.001924,-0.002144,-0.003343,-0.000001,0.000002,0.000000
2025-12-16 17:31:07.875,-0.001888,-0.002103,-0.003290,-0.000001,0.000002,0.000000
2025-12-16 17:31:07.876,-0.001857,-0.002058,-0.003240,-0.000001,0.000002,0.000000
2025-12-16 17:31:07.877,-0.001818,-0.002008,-0.003175,-0.000001,0.000002,0.000000
2025-12-16 17:31:07.878,-0.001780,-0.001955,-0.003107,-0.000001,0.000002,0.000000
2025-12-16 17:31:07.879,-0.001745,-0.001898,-0.003041,-0.000001,0.000001,0.000000
2025-12-16 17:31:07.880,-0.001717,-0.001848,-0.002986,-0.000001,0.000001,0.000000
2025-12-16 17:31:07.882,-0.001694,-0.001793,-0.002935,-0.000001,0.000001,0.000000
2025-12-16 17:31:07.883,-0.001673,-0.001734,-0.002877,-0.000001,0.000001,0.000000
2025-12-16 17:31:07.884,-0.001653,-0.001665,-0.002814,-0.000001,0.000001,0.000000
2025-12-16 17:31:07.885,-0.001637,-0.001592,-0.002749,-0.000001,0.000001,0.000000
2025-12-16 17:31:07.886,-0.001627,-0.001518,-0.002683,-0.000001,0.000001,0.000000
2025-12-16 17:31:07.887,-0.001620,-0.001454,-0.002627,-0.000001,0.000001,0.000000
2025-12-16 17:31:07.888,-0.001610,-0.001384,-0.002568,-0.000001,0.000001,0.000000
2025-12-16 17:31:07.889,-0.001601,-0.001322,-0.002518,-0.000001,0.000001,0.000000
2025-12-16 17:31:07.891,-0.001599,-0.001261,-0.002474,-0.000001,0.000001,0.000000
2025-12-16 17:31:07.892,-0.001598,-0.001193,-0.002422,-0.000001,0.000001,0.000000
2025-12-16 17:31:07.893,-0.001595,-0.000991,-0.002268,-0.000001,0.000001,0.000001
2025-12-16 17:31:07.894,-0.001601,-0.000920,-0.002225,-0.000001,0.000001,0.000000
2025-12-16 17:31:07.895,-0.001605,-0.000852,-0.002182,-0.000001,0.000001,0.000001
2025-12-16 17:31:07.897,-0.001600,-0.000784,-0.002138,-0.000001,0.000001,0.000001
2025-12-16 17:31:07.898,-0.001592,-0.000639,-0.002054,-0.000001,0.000001,0.000001
2025-12-16 17:31:07.899,-0.001586,-0.000573,-0.002020,-0.000001,0.000001,0.000001
2025-12-16 17:31:07.900,-0.001583,-0.000512,-0.001987,-0.000001,0.000001,0.000001
2025-12-16 17:31:07.901,-0.001582,-0.000449,-0.001954,-0.000001,0.000001,0.000001
2025-12-16 17:31:07.903,-0.001573,-0.000329,-0.001900,-0.000001,0.000001,0.000001
2025-12-16 17:31:07.904,-0.001571,-0.000276,-0.001881,-0.000001,0.000001,0.000001
2025-12-16 17:31:07.905,-0.001565,-0.000226,-0.001864,-0.000001,0.000001,0.000001
2025-12-16 17:31:07.906,-0.001556,-0.000173,-0.001851,-0.000001,0.000001,0.000001
2025-12-16 17:31:07.907,-0.001548,-0.000114,-0.001837,-0.000001,0.000001,0.000001
2025-12-16 17:31:07.908,-0.001534,-0.000058,-0.001820,-0.000001,0.000001,0.000001
2025-12-16 17:31:07.909,-0.001520,-0.000011,-0.001804,-0.000001,0.000001,0.000001
2025-12-16 17:31:07.910,-0.001513,0.000032,-0.001797,-0.000001,0.000001,0.000001
2025-12-16 17:31:07.913,-0.001493,0.000110,-0.001786,-0.000001,0.000001,0.000001
2025-12-16 17:31:07.914,-0.001484,0.000144,-0.001786,-0.000001,0.000001,0.000001
2025-12-16 17:31:07.915,-0.001478,0.000227,-0.001797,-0.000001,0.000001,0.000001
2025-12-16 17:31:07.916,-0.001479,0.000261,-0.001804,-0.000001,0.000001,0.000001
2025-12-16 17:31:07.917,-0.001474,0.000290,-0.001809,-0.000001,0.000001,0.000001
2025-12-16 17:31:07.920,-0.001485,0.000349,-0.001844,-0.000001,0.000001,0.000001
2025-12-16 17:31:07.921,-0.001510,0.000406,-0.001896,-0.000001,0.000001,0.000001
2025-12-16 17:31:07.922,-0.001529,0.000433,-0.001925,-0.000001,0.000001,0.000001
2025-12-16 17:31:07.923,-0.001543,0.000452,-0.001946,-0.000001,0.000001,0.000001
2025-12-16 17:31:07.924,-0.001564,0.000473,-0.001973,-0.000001,0.000001,0.000001
2025-12-16 17:31:07.925,-0.001584,0.000492,-0.001998,-0.000001,0.000001,0.000001
2025-12-16 17:31:07.927,-0.001599,0.000511,-0.002023,-0.000001,0.000001,0.000001
2025-12-16 17:31:07.928,-0.001633,0.000541,-0.002080,-0.000001,0.000001,0.000001
2025-12-16 17:31:07.929,-0.001657,0.000558,-0.002115,-0.000001,0.000001,0.000001
2025-12-16 17:31:07.930,-0.001680,0.000573,-0.002154,-0.000001,0.000001,0.000001
2025-12-16 17:31:07.931,-0.001700,0.000585,-0.002189,-0.000001,0.000001,0.000001
2025-12-16 17:31:07.933,-0.001721,0.000594,-0.002227,-0.000001,0.000002,0.000001
2025-12-16 17:31:07.934,-0.001762,0.000603,-0.002303,-0.000001,0.000002,0.000001
2025-12-16 17:31:07.935,-0.001782,0.000605,-0.002344,-0.000001,0.000002,0.000001
2025-12-16 17:31:07.936,-0.001797,0.000610,-0.002382,-0.000001,0.000002,0.000001
2025-12-16 17:31:07.937,-0.001814,0.000613,-0.002423,-0.000001,0.000002,0.000001
2025-12-16 17:31:07.938,-0.001833,0.000619,-0.002461,-0.000001,0.000002,0.000001
2025-12-16 17:31:07.940,-0.001844,0.000619,-0.002496,-0.000001,0.000002,0.000001
2025-12-16 17:31:07.941,-0.001859,0.000610,-0.002570,-0.000001,0.000002,0.000001
2025-12-16 17:31:07.942,-0.001865,0.000606,-0.002606,-0.000001,0.000002,0.000001
2025-12-16 17:31:07.944,-0.001875,0.000593,-0.002675,-0.000001,0.000002,0.000001
2025-12-16 17:31:07.945,-0.001878,0.000586,-0.002710,-0.000001,0.000002,0.000001
2025-12-16 17:31:07.947,-0.001899,0.000579,-0.002778,-0.000001,0.000002,0.000001
2025-12-16 17:31:07.948,-0.001914,0.000578,-0.002814,-0.000001,0.000002,0.000001
2025-12-16 17:31:07.949,-0.001923,0.000573,-0.002844,-0.000001,0.000002,0.000001
2025-12-16 17:31:07.950,-0.001933,0.000568,-0.002872,-0.000001,0.000002,0.000001
2025-12-16 17:31:07.952,-0.001948,0.000563,-0.002897,-0.000001,0.000002,0.000001
2025-12-16 17:31:07.953,-0.001989,0.000559,-0.002950,-0.000001,0.000002,0.000001
2025-12-16 17:31:07.954,-0.002013,0.000560,-0.002973,-0.000001,0.000002,0.000001
2025-12-16 17:31:07.955,-0.002030,0.000561,-0.002992,-0.000001,0.000002,0.000001
2025-12-16 17:31:07.956,-0.002054,0.000564,-0.003008,-0.000001,0.000002,0.000001
2025-12-16 17:31:07.957,-0.002082,0.000569,-0.003027,-0.000001,0.000002,0.000001
2025-12-16 17:31:07.958,-0.002109,0.000572,-0.003047,-0.000001,0.000002,0.000001
2025-12-16 17:31:07.959,-0.002141,0.000581,-0.003068,-0.000001,0.000002,0.000001
2025-12-16 17:31:07.960,-0.002178,0.000592,-0.003081,-0.000001,0.000002,0.000001
2025-12-16 17:31:07.961,-0.002218,0.000608,-0.003098,-0.000001,0.000002,0.000001
2025-12-16 17:31:07.963,-0.002260,0.000626,-0.003114,-0.000001,0.000002,0.000001
2025-12-16 17:31:07.964,-0.002302,0.000650,-0.003124,-0.000001,0.000002,0.000001
2025-12-16 17:31:07.965,-0.002344,0.000676,-0.003131,-0.000001,0.000002,0.000001
2025-12-16 17:31:07.966,-0.002442,0.000733,-0.003150,-0.000001,0.000002,0.000001
2025-12-16 17:31:07.967,-0.002494,0.000767,-0.003163,-0.000001,0.000002,0.000001
2025-12-16 17:31:07.969,-0.002599,0.000844,-0.003196,-0.000001,0.000002,0.000001
2025-12-16 17:31:07.970,-0.002659,0.000891,-0.003215,-0.000001,0.000002,0.000001
2025-12-16 17:31:07.971,-0.002712,0.000933,-0.003232,-0.000001,0.000002,0.000001
2025-12-16 17:31:07.972,-0.002760,0.000973,-0.003251,-0.000001,0.000002,0.000001
2025-12-16 17:31:07.973,-0.002810,0.001013,-0.003274,-0.000001,0.000002,0.000001
2025-12-16 17:31:07.974,-0.002862,0.001057,-0.003303,-0.000001,0.000002,0.000001
2025-12-16 17:31:07.975,-0.002920,0.001104,-0.003330,-0.000001,0.000002,0.000001
2025-12-16 17:31:07.976,-0.002970,0.001148,-0.003357,-0.000001,0.000002,0.000002
2025-12-16 17:31:07.977,-0.003018,0.001194,-0.003388,-0.000001,0.000003,0.000002
2025-12-16 17:31:07.979,-0.003066,0.001245,-0.003423,-0.000001,0.000003,0.000002
2025-12-16 17:31:07.980,-0.003107,0.001290,-0.003454,-0.000001,0.000003,0.000002
2025-12-16 17:31:07.981,-0.003143,0.001330,-0.003490,-0.000001,0.000003,0.000002
2025-12-16 17:31:07.982,-0.003176,0.001369,-0.003528,-0.000002,0.000003,0.000002
2025-12-16 17:31:07.983,-0.003209,0.001403,-0.003566,-0.000001,0.000003,0.000002
2025-12-16 17:31:07.985,-0.003244,0.001436,-0.003615,-0.000001,0.000003,0.000002
2025-12-16 17:31:07.986,-0.003283,0.001468,-0.003678,-0.000002,0.000003,0.000002
2025-12-16 17:31:07.987,-0.003317,0.001495,-0.003736,-0.000002,0.000003,0.000002
2025-12-16 17:31:07.988,-0.003346,0.001515,-0.003787,-0.000002,0.000003,0.000002
2025-12-16 17:31:07.989,-0.003434,0.001572,-0.003939,-0.000002,0.000003,0.000002
2025-12-16 17:31:07.990,-0.003434,0.001570,-0.004004,-0.000002,0.000003,0.000002
2025-12-16 17:31:07.991,-0.003437,0.001571,-0.004065,-0.000002,0.000003,0.000002
2025-12-16 17:31:07.992,-0.003440,0.001568,-0.004125,-0.000002,0.000003,0.000002
2025-12-16 17:31:07.994,-0.003419,0.001536,-0.004239,-0.000002,0.000003,0.000002
2025-12-16 17:31:07.995,-0.003411,0.001520,-0.004291,-0.000002,0.000003,0.000002
2025-12-16 17:31:07.996,-0.003402,0.001498,-0.004350,-0.000002,0.000003,0.000002
2025-12-16 17:31:07.997,-0.003395,0.001478,-0.004403,-0.000002,0.000003,0.000002
2025-12-16 17:31:07.998,-0.003386,0.001453,-0.004452,-0.000002,0.000003,0.000002
2025-12-16 17:31:07.999,-0.003376,0.001418,-0.004493,-0.000002,0.000003,0.000002
2025-12-16 17:31:08.001,-0.003335,0.001316,-0.004565,-0.000002,0.000003,0.000002
2025-12-16 17:31:08.002,-0.003314,0.001260,-0.004597,-0.000002,0.000003,0.000002
2025-12-16 17:31:08.003,-0.003294,0.001205,-0.004625,-0.000002,0.000003,0.000002
2025-12-16 17:31:08.004,-0.003278,0.001158,-0.004648,-0.000002,0.000003,0.000002
2025-12-16 17:31:08.005,-0.003256,0.001100,-0.004666,-0.000002,0.000003,0.000002
2025-12-16 17:31:08.006,-0.003235,0.001047,-0.004681,-0.000002,0.000003,0.000002
2025-12-16 17:31:08.007,-0.003219,0.000993,-0.004691,-0.000002,0.000003,0.000002
2025-12-16 17:31:08.008,-0.003201,0.000937,-0.004699,-0.000002,0.000003,0.000002
2025-12-16 17:31:08.009,-0.003183,0.000875,-0.004702,-0.000002,0.000003,0.000002
2025-12-16 17:31:08.010,-0.003168,0.000811,-0.004698,-0.000002,0.000003,0.000002
2025-12-16 17:31:08.012,-0.003157,0.000748,-0.004696,-0.000002,0.000003,0.000002
2025-12-16 17:31:08.013,-0.003152,0.000631,-0.004675,-0.000002,0.000003,0.000002
2025-12-16 17:31:08.014,-0.003160,0.000569,-0.004655,-0.000002,0.000003,0.000002
2025-12-16 17:31:08.015,-0.003171,0.000515,-0.004637,-0.000002,0.000003,0.000002
2025-12-16 17:31:08.016,-0.003184,0.000464,-0.004615,-0.000002,0.000003,0.000002
2025-12-16 17:31:08.017,-0.003209,0.000415,-0.004586,-0.000002,0.000003,0.000002
2025-12-16 17:31:08.018,-0.003234,0.000375,-0.004557,-0.000002,0.000003,0.000002
2025-12-16 17:31:08.019,-0.003259,0.000339,-0.004532,-0.000002,0.000003,0.000002
2025-12-16 17:31:08.021,-0.003293,0.000310,-0.004509,-0.000002,0.000003,0.000002
2025-12-16 17:31:08.022,-0.003339,0.000287,-0.004487,-0.000002,0.000003,0.000002
2025-12-16 17:31:08.023,-0.003438,0.000248,-0.004440,-0.000002,0.000003,0.000002
2025-12-16 17:31:08.024,-0.003489,0.000231,-0.004416,-0.000002,0.000003,0.000002
2025-12-16 17:31:08.025,-0.003544,0.000223,-0.004394,-0.000002,0.000003,0.000002
2025-12-16 17:31:08.026,-0.003601,0.000219,-0.004376,-0.000002,0.000003,0.000002
2025-12-16 17:31:08.028,-0.003731,0.000220,-0.004350,-0.000002,0.000003,0.000002
2025-12-16 17:31:08.029,-0.003800,0.000225,-0.004345,-0.000002,0.000003,0.000002
2025-12-16 17:31:08.030,-0.003869,0.000234,-0.004340,-0.000002,0.000003,0.000002
2025-12-16 17:31:08.031,-0.003935,0.000245,-0.004332,-0.000002,0.000003,0.000002
2025-12-16 17:31:08.032,-0.003997,0.000260,-0.004332,-0.000002,0.000003,0.000002
2025-12-16 17:31:08.034,-0.004122,0.000290,-0.004345,-0.000002,0.000003,0.000002
2025-12-16 17:31:08.035,-0.004180,0.000302,-0.004356,-0.000002,0.000003,0.000002
2025-12-16 17:31:08.036,-0.004240,0.000311,-0.004373,-0.000002,0.000003,0.000002
2025-12-16 17:31:08.037,-0.004299,0.000320,-0.004394,-0.000002,0.000003,0.000002
2025-12-16 17:31:08.038,-0.004360,0.000334,-0.004420,-0.000002,0.000003,0.000002
2025-12-16 17:31:08.040,-0.004452,0.000354,-0.004468,-0.000002,0.000004,0.000002
2025-12-16 17:31:08.041,-0.004482,0.000356,-0.004493,-0.000002,0.000004,0.000002
2025-12-16 17:31:08.042,-0.004512,0.000353,-0.004527,-0.000002,0.000004,0.000002
2025-12-16 17:31:08.045,-0.004558,0.000345,-0.004594,-0.000003,0.000004,0.000002
2025-12-16 17:31:08.046,-0.004602,0.000327,-0.004668,-0.000003,0.000004,0.000002
2025-12-16 17:31:08.047,-0.004618,0.000315,-0.004702,-0.000003,0.000004,0.000002
2025-12-16 17:31:08.048,-0.004627,0.000296,-0.004736,-0.000002,0.000004,0.000002
2025-12-16 17:31:08.049,-0.004632,0.000270,-0.004769,-0.000002,0.000004,0.000002
2025-12-16 17:31:08.050,-0.004640,0.000241,-0.004811,-0.000002,0.000004,0.000002
2025-12-16 17:31:08.051,-0.004648,0.000215,-0.004851,-0.000002,0.000004,0.000002
2025-12-16 17:31:08.053,-0.004657,0.000190,-0.004882,-0.000002,0.000004,0.000002
2025-12-16 17:31:08.054,-0.004672,0.000127,-0.004956,-0.000002,0.000004,0.000002
2025-12-16 17:31:08.055,-0.004675,0.000097,-0.004990,-0.000002,0.000004,0.000002
2025-12-16 17:31:08.056,-0.004677,0.000066,-0.005026,-0.000002,0.000004,0.000002
2025-12-16 17:31:08.057,-0.004684,0.000032,-0.005062,-0.000002,0.000004,0.000002
2025-12-16 17:31:08.058,-0.004692,-0.000004,-0.005103,-0.000002,0.000004,0.000002
2025-12-16 17:31:08.059,-0.004697,-0.000041,-0.005139,-0.000002,0.000004,0.000002
2025-12-16 17:31:08.061,-0.004713,-0.000081,-0.005180,-0.000002,0.000004,0.000002
2025-12-16 17:31:08.063,-0.004778,-0.000184,-0.005308,-0.000003,0.000004,0.000002
2025-12-16 17:31:08.064,-0.004803,-0.000209,-0.005351,-0.000003,0.000004,0.000002
2025-12-16 17:31:08.066,-0.004851,-0.000265,-0.005438,-0.000003,0.000004,0.000002
2025-12-16 17:31:08.067,-0.004874,-0.000291,-0.005479,-0.000003,0.000004,0.000002
2025-12-16 17:31:08.068,-0.004897,-0.000315,-0.005521,-0.000003,0.000004,0.000002
2025-12-16 17:31:08.073,-0.005031,-0.000403,-0.005746,-0.000003,0.000004,0.000002
2025-12-16 17:31:08.074,-0.005065,-0.000418,-0.005799,-0.000003,0.000004,0.000002
2025-12-16 17:31:08.075,-0.005095,-0.000431,-0.005848,-0.000003,0.000004,0.000002
2025-12-16 17:31:08.076,-0.005124,-0.000446,-0.005894,-0.000003,0.000004,0.000002
2025-12-16 17:31:08.078,-0.005152,-0.000461,-0.005941,-0.000003,0.000004,0.000002
2025-12-16 17:31:08.079,-0.005208,-0.000482,-0.006052,-0.000003,0.000004,0.000002
2025-12-16 17:31:08.080,-0.005228,-0.000487,-0.006111,-0.000003,0.000004,0.000002
2025-12-16 17:31:08.081,-0.005244,-0.000494,-0.006162,-0.000003,0.000004,0.000002
2025-12-16 17:31:08.082,-0.005256,-0.000500,-0.006202,-0.000003,0.000004,0.000002
2025-12-16 17:31:08.083,-0.005262,-0.000504,-0.006243,-0.000003,0.000004,0.000002
2025-12-16 17:31:08.084,-0.005269,-0.000507,-0.006284,-0.000003,0.000004,0.000002
2025-12-16 17:31:08.086,-0.005275,-0.000507,-0.006327,-0.000003,0.000004,0.000002
2025-12-16 17:31:08.087,-0.005279,-0.000509,-0.006369,-0.000003,0.000004,0.000002
2025-12-16 17:31:08.088,-0.005278,-0.000505,-0.006449,-0.000003,0.000004,0.000002
2025-12-16 17:31:08.089,-0.005273,-0.000503,-0.006487,-0.000003,0.000004,0.000002
2025-12-16 17:31:08.090,-0.005267,-0.000499,-0.006524,-0.000003,0.000004,0.000002
2025-12-16 17:31:08.091,-0.005264,-0.000497,-0.006558,-0.000003,0.000004,0.000002
2025-12-16 17:31:08.093,-0.005258,-0.000497,-0.006596,-0.000003,0.000004,0.000002
2025-12-16 17:31:08.094,-0.005252,-0.000496,-0.006631,-0.000003,0.000004,0.000002
2025-12-16 17:31:08.095,-0.005235,-0.000478,-0.006702,-0.000003,0.000004,0.000002
2025-12-16 17:31:08.096,-0.005221,-0.000463,-0.006736,-0.000003,0.000004,0.000002
2025-12-16 17:31:08.097,-0.005210,-0.000446,-0.006769,-0.000003,0.000004,0.000002
2025-12-16 17:31:08.098,-0.005202,-0.000430,-0.006795,-0.000004,0.000004,0.000002
2025-12-16 17:31:08.100,-0.005192,-0.000418,-0.006817,-0.000003,0.000004,0.000002
2025-12-16 17:31:08.101,-0.005178,-0.000387,-0.006861,-0.000004,0.000004,0.000002
2025-12-16 17:31:08.102,-0.005169,-0.000367,-0.006876,-0.000004,0.000004,0.000002
2025-12-16 17:31:08.103,-0.005160,-0.000350,-0.006888,-0.000004,0.000004,0.000002
2025-12-16 17:31:08.104,-0.005149,-0.000336,-0.006898,-0.000004,0.000004,0.000002
2025-12-16 17:31:08.105,-0.005138,-0.000323,-0.006912,-0.000004,0.000004,0.000002
2025-12-16 17:31:08.106,-0.005128,-0.000305,-0.006920,-0.000004,0.000004,0.000002
2025-12-16 17:31:08.107,-0.005122,-0.000283,-0.006928,-0.000004,0.000004,0.000002
2025-12-16 17:31:08.109,-0.005118,-0.000263,-0.006934,-0.000004,0.000004,0.000002
2025-12-16 17:31:08.110,-0.005111,-0.000240,-0.006937,-0.000004,0.000005,0.000002
2025-12-16 17:31:08.111,-0.005096,-0.000196,-0.006950,-0.000004,0.000005,0.000002
2025-12-16 17:31:08.112,-0.005084,-0.000179,-0.006954,-0.000004,0.000005,0.000002
2025-12-16 17:31:08.114,-0.005068,-0.000160,-0.006950,-0.000004,0.000005,0.000002
2025-12-16 17:31:08.115,-0.005038,-0.000132,-0.006940,-0.000004,0.000005,0.000002
2025-12-16 17:31:08.116,-0.005025,-0.000118,-0.006937,-0.000004,0.000005,0.000002
2025-12-16 17:31:08.117,-0.005012,-0.000109,-0.006932,-0.000004,0.000005,0.000002
2025-12-16 17:31:08.119,-0.004996,-0.000101,-0.006926,-0.000004,0.000004,0.000002
2025-12-16 17:31:08.120,-0.004965,-0.000093,-0.006913,-0.000004,0.000004,0.000002
2025-12-16 17:31:08.121,-0.004948,-0.000095,-0.006909,-0.000004,0.000004,0.000002
2025-12-16 17:31:08.123,-0.004935,-0.000094,-0.006910,-0.000004,0.000004,0.000002
2025-12-16 17:31:08.124,-0.004905,-0.000099,-0.006913,-0.000004,0.000004,0.000002
2025-12-16 17:31:08.127,-0.004864,-0.000121,-0.006909,-0.000004,0.000004,0.000002
2025-12-16 17:31:08.128,-0.004817,-0.000164,-0.006912,-0.000004,0.000004,0.000002
2025-12-16 17:31:08.129,-0.004793,-0.000189,-0.006914,-0.000004,0.000004,0.000002
2025-12-16 17:31:08.130,-0.004768,-0.000225,-0.006916,-0.000004,0.000004,0.000002
2025-12-16 17:31:08.133,-0.004706,-0.000328,-0.006921,-0.000003,0.000004,0.000002
2025-12-16 17:31:08.135,-0.004683,-0.000371,-0.006922,-0.000003,0.000004,0.000002
2025-12-16 17:31:08.136,-0.004638,-0.000469,-0.006929,-0.000003,0.000004,0.000002
2025-12-16 17:31:08.138,-0.004593,-0.000580,-0.006941,-0.000003,0.000004,0.000002
2025-12-16 17:31:08.141,-0.004559,-0.000688,-0.006954,-0.000003,0.000004,0.000002
2025-12-16 17:31:08.142,-0.004532,-0.000802,-0.006979,-0.000003,0.000004,0.000002
2025-12-16 17:31:08.143,-0.004516,-0.000871,-0.006988,-0.000003,0.000004,0.000002
2025-12-16 17:31:08.144,-0.004501,-0.000935,-0.006995,-0.000003,0.000004,0.000002
2025-12-16 17:31:08.147,-0.004485,-0.001051,-0.007017,-0.000003,0.000004,0.000002
2025-12-16 17:31:08.148,-0.004471,-0.001156,-0.007039,-0.000003,0.000004,0.000002
2025-12-16 17:31:08.149,-0.004466,-0.001207,-0.007051,-0.000003,0.000004,0.000002
2025-12-16 17:31:08.150,-0.004456,-0.001266,-0.007061,-0.000003,0.000004,0.000002
2025-12-16 17:31:08.151,-0.004446,-0.001319,-0.007069,-0.000003,0.000004,0.000002
2025-12-16 17:31:08.153,-0.004435,-0.001370,-0.007081,-0.000003,0.000004,0.000002
2025-12-16 17:31:08.154,-0.004425,-0.001458,-0.007103,-0.000003,0.000004,0.000002
2025-12-16 17:31:08.155,-0.004419,-0.001497,-0.007117,-0.000003,0.000004,0.000002
2025-12-16 17:31:08.157,-0.004414,-0.001537,-0.007126,-0.000003,0.000004,0.000002
2025-12-16 17:31:08.158,-0.004401,-0.001616,-0.007142,-0.000003,0.000004,0.000002
2025-12-16 17:31:08.159,-0.004390,-0.001655,-0.007151,-0.000003,0.000004,0.000001
2025-12-16 17:31:08.160,-0.004375,-0.001696,-0.007161,-0.000003,0.000004,0.000002
2025-12-16 17:31:08.161,-0.004354,-0.001744,-0.007165,-0.000003,0.000004,0.000002
2025-12-16 17:31:08.163,-0.004334,-0.001787,-0.007167,-0.000003,0.000004,0.000002
2025-12-16 17:31:08.164,-0.004295,-0.001855,-0.007174,-0.000003,0.000004,0.000001
2025-12-16 17:31:08.165,-0.004272,-0.001892,-0.007179,-0.000003,0.000004,0.000001
2025-12-16 17:31:08.166,-0.004249,-0.001928,-0.007180,-0.000003,0.000004,0.000001
2025-12-16 17:31:08.167,-0.004227,-0.001964,-0.007181,-0.000003,0.000004,0.000001
2025-12-16 17:31:08.168,-0.004198,-0.002006,-0.007176,-0.000003,0.000004,0.000001
2025-12-16 17:31:08.170,-0.004173,-0.002049,-0.007169,-0.000003,0.000004,0.000001
2025-12-16 17:31:08.171,-0.004143,-0.002093,-0.007159,-0.000003,0.000004,0.000001
2025-12-16 17:31:08.172,-0.004114,-0.002134,-0.007147,-0.000003,0.000004,0.000001
2025-12-16 17:31:08.174,-0.004064,-0.002208,-0.007114,-0.000003,0.000004,0.000001
2025-12-16 17:31:08.176,-0.004010,-0.002292,-0.007075,-0.000003,0.000004,0.000001
2025-12-16 17:31:08.177,-0.003958,-0.002377,-0.007032,-0.000003,0.000004,0.000001
2025-12-16 17:31:08.178,-0.003932,-0.002420,-0.007011,-0.000003,0.000004,0.000001
2025-12-16 17:31:08.180,-0.003892,-0.002473,-0.006969,-0.000003,0.000004,0.000001
2025-12-16 17:31:08.181,-0.003828,-0.002572,-0.006887,-0.000003,0.000004,0.000001
2025-12-16 17:31:08.183,-0.003797,-0.002628,-0.006838,-0.000003,0.000003,0.000001
2025-12-16 17:31:08.184,-0.003766,-0.002683,-0.006789,-0.000003,0.000003,0.000001
2025-12-16 17:31:08.185,-0.003714,-0.002770,-0.006706,-0.000003,0.000003,0.000001
2025-12-16 17:31:08.188,-0.003663,-0.002862,-0.006615,-0.000003,0.000003,0.000001
2025-12-16 17:31:08.189,-0.003613,-0.002948,-0.006525,-0.000003,0.000003,0.000001
2025-12-16 17:31:08.190,-0.003591,-0.002994,-0.006476,-0.000003,0.000003,0.000001
2025-12-16 17:31:08.191,-0.003570,-0.003037,-0.006431,-0.000003,0.000003,0.000001
2025-12-16 17:31:08.192,-0.003552,-0.003079,-0.006386,-0.000003,0.000003,0.000001
2025-12-16 17:31:08.194,-0.003517,-0.003163,-0.006290,-0.000003,0.000003,0.000001
2025-12-16 17:31:08.196,-0.003499,-0.003200,-0.006244,-0.000003,0.000003,0.000001
2025-12-16 17:31:08.197,-0.003483,-0.003235,-0.006201,-0.000003,0.000003,0.000001
2025-12-16 17:31:08.198,-0.003468,-0.003268,-0.006162,-0.000003,0.000003,0.000001
2025-12-16 17:31:08.200,-0.003456,-0.003298,-0.006126,-0.000003,0.000003,0.000001
2025-12-16 17:31:08.201,-0.003468,-0.003342,-0.006022,-0.000003,0.000003,0.000001
2025-12-16 17:31:08.202,-0.003478,-0.003354,-0.005991,-0.000002,0.000003,0.000001
2025-12-16 17:31:08.206,-0.003520,-0.003354,-0.005901,-0.000002,0.000003,0.000001
2025-12-16 17:31:08.207,-0.003566,-0.003339,-0.005853,-0.000002,0.000003,0.000001
2025-12-16 17:31:08.208,-0.003589,-0.003332,-0.005831,-0.000002,0.000003,0.000001
2025-12-16 17:31:08.209,-0.003612,-0.003324,-0.005810,-0.000002,0.000003,0.000001
2025-12-16 17:31:08.210,-0.003654,-0.003307,-0.005799,-0.000002,0.000003,0.000001
2025-12-16 17:31:08.212,-0.003688,-0.003292,-0.005792,-0.000002,0.000003,0.000001
2025-12-16 17:31:08.214,-0.003747,-0.003277,-0.005789,-0.000002,0.000003,0.000001
2025-12-16 17:31:08.215,-0.003792,-0.003270,-0.005796,-0.000002,0.000003,0.000001
2025-12-16 17:31:08.216,-0.003817,-0.003264,-0.005806,-0.000002,0.000003,0.000001
2025-12-16 17:31:08.218,-0.003841,-0.003260,-0.005820,-0.000002,0.000003,0.000001
2025-12-16 17:31:08.219,-0.003864,-0.003256,-0.005840,-0.000002,0.000003,0.000001
2025-12-16 17:31:08.221,-0.003902,-0.003258,-0.005887,-0.000002,0.000003,0.000001
2025-12-16 17:31:08.222,-0.003920,-0.003276,-0.005948,-0.000002,0.000003,0.000001
2025-12-16 17:31:08.224,-0.003933,-0.003303,-0.006019,-0.000002,0.000003,0.000001
2025-12-16 17:31:08.225,-0.003935,-0.003323,-0.006063,-0.000002,0.000003,0.000001
2025-12-16 17:31:08.228,-0.003905,-0.003410,-0.006221,-0.000002,0.000003,0.000001
2025-12-16 17:31:08.229,-0.003883,-0.003448,-0.006273,-0.000002,0.000003,0.000001
2025-12-16 17:31:08.230,-0.003860,-0.003483,-0.006319,-0.000003,0.000003,0.000001
2025-12-16 17:31:08.231,-0.003837,-0.003518,-0.006367,-0.000003,0.000003,0.000001
2025-12-16 17:31:08.233,-0.003815,-0.003549,-0.006415,-0.000003,0.000003,0.000001
2025-12-16 17:31:08.234,-0.003765,-0.003619,-0.006503,-0.000003,0.000003,0.000001
2025-12-16 17:31:08.235,-0.003734,-0.003654,-0.006547,-0.000003,0.000003,0.000001
2025-12-16 17:31:08.237,-0.003697,-0.003692,-0.006591,-0.000003,0.000003,0.000001
2025-12-16 17:31:08.238,-0.003612,-0.003773,-0.006664,-0.000003,0.000003,0.000001
2025-12-16 17:31:08.239,-0.003570,-0.003811,-0.006694,-0.000003,0.000003,0.000001
2025-12-16 17:31:08.240,-0.003527,-0.003847,-0.006719,-0.000003,0.000003,0.000001
2025-12-16 17:31:08.241,-0.003484,-0.003881,-0.006737,-0.000003,0.000003,0.000001
2025-12-16 17:31:08.242,-0.003444,-0.003913,-0.006748,-0.000003,0.000003,0.000001
2025-12-16 17:31:08.243,-0.003401,-0.003944,-0.006756,-0.000003,0.000003,0.000001
2025-12-16 17:31:08.245,-0.003354,-0.003977,-0.006760,-0.000003,0.000003,0.000001
2025-12-16 17:31:08.246,-0.003256,-0.004029,-0.006745,-0.000003,0.000003,0.000001
2025-12-16 17:31:08.247,-0.003213,-0.004046,-0.006727,-0.000003,0.000003,0.000001
2025-12-16 17:31:08.248,-0.003175,-0.004061,-0.006706,-0.000003,0.000003,0.000001
2025-12-16 17:31:08.249,-0.003136,-0.004075,-0.006683,-0.000003,0.000003,0.000001
2025-12-16 17:31:08.250,-0.003099,-0.004082,-0.006657,-0.000003,0.000003,0.000001
2025-12-16 17:31:08.251,-0.003059,-0.004088,-0.006621,-0.000003,0.000003,0.000001
2025-12-16 17:31:08.253,-0.003023,-0.004091,-0.006583,-0.000003,0.000003,0.000001
2025-12-16 17:31:08.254,-0.002987,-0.004085,-0.006541,-0.000003,0.000003,0.000001
2025-12-16 17:31:08.255,-0.002938,-0.004062,-0.006448,-0.000002,0.000003,0.000000
2025-12-16 17:31:08.256,-0.002919,-0.004048,-0.006402,-0.000002,0.000003,0.000001
2025-12-16 17:31:08.257,-0.002900,-0.004033,-0.006348,-0.000002,0.000003,0.000001
2025-12-16 17:31:08.258,-0.002884,-0.004009,-0.006281,-0.000002,0.000003,0.000001
2025-12-16 17:31:08.259,-0.002873,-0.003985,-0.006220,-0.000002,0.000003,0.000001
2025-12-16 17:31:08.260,-0.002870,-0.003962,-0.006162,-0.000002,0.000003,0.000001
2025-12-16 17:31:08.262,-0.002872,-0.003937,-0.006106,-0.000002,0.000003,0.000000
2025-12-16 17:31:08.263,-0.002883,-0.003887,-0.006000,-0.000002,0.000003,0.000000
2025-12-16 17:31:08.265,-0.002915,-0.003823,-0.005894,-0.000002,0.000003,0.000000
2025-12-16 17:31:08.266,-0.002943,-0.003788,-0.005843,-0.000002,0.000003,0.000001
2025-12-16 17:31:08.267,-0.002969,-0.003758,-0.005802,-0.000002,0.000003,0.000001
2025-12-16 17:31:08.268,-0.002990,-0.003726,-0.005766,-0.000002,0.000003,0.000001
2025-12-16 17:31:08.269,-0.003012,-0.003694,-0.005730,-0.000002,0.000003,0.000001
2025-12-16 17:31:08.270,-0.003038,-0.003664,-0.005699,-0.000002,0.000003,0.000001
2025-12-16 17:31:08.271,-0.003066,-0.003632,-0.005672,-0.000002,0.000003,0.000001
2025-12-16 17:31:08.272,-0.003102,-0.003599,-0.005649,-0.000002,0.000003,0.000001
2025-12-16 17:31:08.274,-0.003135,-0.003571,-0.005631,-0.000002,0.000003,0.000001
2025-12-16 17:31:08.275,-0.003168,-0.003545,-0.005618,-0.000002,0.000003,0.000001
2025-12-16 17:31:08.276,-0.003197,-0.003524,-0.005609,-0.000002,0.000003,0.000001
2025-12-16 17:31:08.278,-0.003221,-0.003505,-0.005598,-0.000002,0.000003,0.000001
2025-12-16 17:31:08.279,-0.003283,-0.003461,-0.005595,-0.000002,0.000003,0.000001
2025-12-16 17:31:08.280,-0.003311,-0.003444,-0.005602,-0.000002,0.000003,0.000001
2025-12-16 17:31:08.281,-0.003339,-0.003430,-0.005616,-0.000002,0.000003,0.000001
2025-12-16 17:31:08.282,-0.003361,-0.003420,-0.005631,-0.000002,0.000003,0.000001
2025-12-16 17:31:08.284,-0.003378,-0.003409,-0.005649,-0.000002,0.000003,0.000001
2025-12-16 17:31:08.285,-0.003400,-0.003400,-0.005672,-0.000002,0.000003,0.000001
2025-12-16 17:31:08.286,-0.003444,-0.003382,-0.005719,-0.000002,0.000003,0.000001
2025-12-16 17:31:08.287,-0.003472,-0.003379,-0.005799,-0.000002,0.000003,0.000001
2025-12-16 17:31:08.288,-0.003482,-0.003382,-0.005846,-0.000002,0.000003,0.000001
2025-12-16 17:31:08.289,-0.003487,-0.003384,-0.005901,-0.000002,0.000003,0.000001
2025-12-16 17:31:08.290,-0.003491,-0.003385,-0.005951,-0.000002,0.000003,0.000001
2025-12-16 17:31:08.291,-0.003500,-0.003386,-0.006001,-0.000002,0.000003,0.000001
2025-12-16 17:31:08.293,-0.003511,-0.003391,-0.006094,-0.000002,0.000003,0.000001
2025-12-16 17:31:08.294,-0.003514,-0.003396,-0.006149,-0.000002,0.000003,0.000001
2025-12-16 17:31:08.295,-0.003516,-0.003401,-0.006199,-0.000002,0.000003,0.000001
2025-12-16 17:31:08.296,-0.003521,-0.003401,-0.006251,-0.000002,0.000003,0.000001
2025-12-16 17:31:08.297,-0.003523,-0.003402,-0.006301,-0.000002,0.000003,0.000001
2025-12-16 17:31:08.298,-0.003529,-0.003402,-0.006348,-0.000002,0.000003,0.000001
2025-12-16 17:31:08.300,-0.003540,-0.003400,-0.006394,-0.000002,0.000003,0.000001
2025-12-16 17:31:08.301,-0.003574,-0.003387,-0.006495,-0.000003,0.000003,0.000001
2025-12-16 17:31:08.302,-0.003595,-0.003374,-0.006549,-0.000002,0.000003,0.000001
2025-12-16 17:31:08.303,-0.003613,-0.003361,-0.006595,-0.000002,0.000003,0.000001
2025-12-16 17:31:08.304,-0.003629,-0.003352,-0.006634,-0.000003,0.000003,0.000001
2025-12-16 17:31:08.305,-0.003649,-0.003336,-0.006672,-0.000003,0.000003,0.000001
2025-12-16 17:31:08.306,-0.003673,-0.003318,-0.006711,-0.000003,0.000003,0.000001
2025-12-16 17:31:08.308,-0.003696,-0.003295,-0.006751,-0.000003,0.000003,0.000001
2025-12-16 17:31:08.309,-0.003718,-0.003271,-0.006788,-0.000003,0.000003,0.000001
2025-12-16 17:31:08.310,-0.003776,-0.003220,-0.006856,-0.000003,0.000003,0.000001
2025-12-16 17:31:08.311,-0.003804,-0.003194,-0.006886,-0.000003,0.000003,0.000001
2025-12-16 17:31:08.312,-0.003838,-0.003154,-0.006918,-0.000003,0.000003,0.000001
2025-12-16 17:31:08.313,-0.003868,-0.003116,-0.006945,-0.000003,0.000003,0.000001
2025-12-16 17:31:08.314,-0.003908,-0.003062,-0.006974,-0.000003,0.000003,0.000001
2025-12-16 17:31:08.315,-0.003946,-0.003012,-0.006999,-0.000003,0.000004,0.000001
2025-12-16 17:31:08.317,-0.003982,-0.002969,-0.007025,-0.000003,0.000004,0.000001
2025-12-16 17:31:08.318,-0.004043,-0.002865,-0.007076,-0.000003,0.000004,0.000001
2025-12-16 17:31:08.319,-0.004071,-0.002811,-0.007101,-0.000003,0.000004,0.000001
2025-12-16 17:31:08.320,-0.004095,-0.002761,-0.007120,-0.000003,0.000004,0.000001
2025-12-16 17:31:08.322,-0.004131,-0.002653,-0.007145,-0.000003,0.000004,0.000001
2025-12-16 17:31:08.325,-0.004185,-0.002467,-0.007187,-0.000003,0.000004,0.000001
2025-12-16 17:31:08.326,-0.004201,-0.002402,-0.007201,-0.000003,0.000004,0.000001
2025-12-16 17:31:08.327,-0.004220,-0.002335,-0.007207,-0.000003,0.000004,0.000001
2025-12-16 17:31:08.328,-0.004235,-0.002267,-0.007210,-0.000003,0.000004,0.000001
2025-12-16 17:31:08.331,-0.004272,-0.002037,-0.007195,-0.000003,0.000004,0.000001
2025-12-16 17:31:08.332,-0.004281,-0.001958,-0.007189,-0.000003,0.000004,0.000001
2025-12-16 17:31:08.333,-0.004289,-0.001879,-0.007183,-0.000003,0.000004,0.000001
2025-12-16 17:31:08.334,-0.004298,-0.001803,-0.007167,-0.000003,0.000004,0.000002
2025-12-16 17:31:08.335,-0.004306,-0.001727,-0.007149,-0.000003,0.000004,0.000002
2025-12-16 17:31:08.336,-0.004317,-0.001645,-0.007130,-0.000003,0.000004,0.000002
2025-12-16 17:31:08.337,-0.004323,-0.001564,-0.007105,-0.000003,0.000004,0.000001
2025-12-16 17:31:08.338,-0.004334,-0.001470,-0.007073,-0.000003,0.000004,0.000002
2025-12-16 17:31:08.340,-0.004354,-0.001304,-0.007016,-0.000003,0.000004,0.000002
2025-12-16 17:31:08.341,-0.004365,-0.001222,-0.006984,-0.000003,0.000004,0.000002
2025-12-16 17:31:08.342,-0.004376,-0.001131,-0.006949,-0.000003,0.000004,0.000002
2025-12-16 17:31:08.343,-0.004385,-0.001052,-0.006918,-0.000003,0.000004,0.000002
2025-12-16 17:31:08.344,-0.004391,-0.000981,-0.006888,-0.000003,0.000004,0.000002
2025-12-16 17:31:08.346,-0.004399,-0.000909,-0.006857,-0.000003,0.000004,0.000002
2025-12-16 17:31:08.347,-0.004405,-0.000840,-0.006825,-0.000003,0.000004,0.000002
2025-12-16 17:31:08.348,-0.004406,-0.000710,-0.006745,-0.000003,0.000004,0.000002
2025-12-16 17:31:08.349,-0.004409,-0.000646,-0.006708,-0.000003,0.000004,0.000002
2025-12-16 17:31:08.350,-0.004400,-0.000586,-0.006666,-0.000003,0.000004,0.000002
2025-12-16 17:31:08.351,-0.004388,-0.000536,-0.006628,-0.000003,0.000004,0.000002
2025-12-16 17:31:08.352,-0.004383,-0.000491,-0.006596,-0.000003,0.000004,0.000002
2025-12-16 17:31:08.353,-0.004374,-0.000448,-0.006559,-0.000003,0.000004,0.000002
2025-12-16 17:31:08.354,-0.004357,-0.000406,-0.006527,-0.000003,0.000004,0.000002
2025-12-16 17:31:08.355,-0.004340,-0.000370,-0.006501,-0.000003,0.000004,0.000002
2025-12-16 17:31:08.357,-0.004316,-0.000345,-0.006478,-0.000003,0.000004,0.000002
2025-12-16 17:31:08.358,-0.004295,-0.000321,-0.006458,-0.000003,0.000004,0.000002
2025-12-16 17:31:08.359,-0.004269,-0.000304,-0.006439,-0.000003,0.000004,0.000002
2025-12-16 17:31:08.360,-0.004219,-0.000273,-0.006404,-0.000003,0.000004,0.000002
2025-12-16 17:31:08.361,-0.004192,-0.000257,-0.006384,-0.000003,0.000004,0.000002
2025-12-16 17:31:08.363,-0.004137,-0.000231,-0.006345,-0.000003,0.000004,0.000002
2025-12-16 17:31:08.364,-0.004112,-0.000224,-0.006325,-0.000003,0.000004,0.000002
2025-12-16 17:31:08.365,-0.004091,-0.000219,-0.006307,-0.000003,0.000004,0.000002
2025-12-16 17:31:08.366,-0.004071,-0.000210,-0.006295,-0.000003,0.000004,0.000002
2025-12-16 17:31:08.367,-0.004060,-0.000201,-0.006292,-0.000003,0.000004,0.000002
2025-12-16 17:31:08.368,-0.004048,-0.000190,-0.006292,-0.000003,0.000004,0.000002
2025-12-16 17:31:08.369,-0.004040,-0.000172,-0.006286,-0.000003,0.000004,0.000002
2025-12-16 17:31:08.370,-0.004035,-0.000155,-0.006280,-0.000003,0.000004,0.000002
2025-12-16 17:31:08.372,-0.004032,-0.000121,-0.006277,-0.000003,0.000004,0.000002
2025-12-16 17:31:08.373,-0.004032,-0.000105,-0.006281,-0.000003,0.000004,0.000002
2025-12-16 17:31:08.374,-0.004037,-0.000085,-0.006283,-0.000003,0.000004,0.000002
2025-12-16 17:31:08.375,-0.004057,-0.000050,-0.006289,-0.000003,0.000004,0.000002
2025-12-16 17:31:08.376,-0.004081,-0.000016,-0.006299,-0.000003,0.000004,0.000002
2025-12-16 17:31:08.377,-0.004103,0.000012,-0.006308,-0.000003,0.000004,0.000002
2025-12-16 17:31:08.379,-0.004127,0.000046,-0.006312,-0.000003,0.000004,0.000002
2025-12-16 17:31:08.380,-0.004187,0.000132,-0.006328,-0.000003,0.000004,0.000002
2025-12-16 17:31:08.381,-0.004217,0.000183,-0.006339,-0.000003,0.000004,0.000002
2025-12-16 17:31:08.382,-0.004244,0.000232,-0.006353,-0.000003,0.000004,0.000002
2025-12-16 17:31:08.383,-0.004279,0.000285,-0.006371,-0.000003,0.000004,0.000002
2025-12-16 17:31:08.384,-0.004316,0.000346,-0.006389,-0.000003,0.000004,0.000002
2025-12-16 17:31:08.385,-0.004349,0.000412,-0.006401,-0.000003,0.000004,0.000002
2025-12-16 17:31:08.387,-0.004381,0.000486,-0.006411,-0.000003,0.000004,0.000002
2025-12-16 17:31:08.388,-0.004411,0.000560,-0.006420,-0.000003,0.000004,0.000002
2025-12-16 17:31:08.389,-0.004436,0.000623,-0.006428,-0.000003,0.000004,0.000002
2025-12-16 17:31:08.390,-0.004478,0.000741,-0.006439,-0.000003,0.000004,0.000002
2025-12-16 17:31:08.391,-0.004494,0.000800,-0.006445,-0.000003,0.000004,0.000002
2025-12-16 17:31:08.392,-0.004513,0.000869,-0.006446,-0.000003,0.000004,0.000002
2025-12-16 17:31:08.393,-0.004523,0.000940,-0.006439,-0.000003,0.000004,0.000002
2025-12-16 17:31:08.394,-0.004530,0.001012,-0.006429,-0.000003,0.000004,0.000002
2025-12-16 17:31:08.395,-0.004535,0.001074,-0.006419,-0.000004,0.000004,0.000002
2025-12-16 17:31:08.397,-0.004530,0.001134,-0.006401,-0.000003,0.000004,0.000002
2025-12-16 17:31:08.398,-0.004504,0.001245,-0.006353,-0.000003,0.000004,0.000003
2025-12-16 17:31:08.399,-0.004485,0.001289,-0.006327,-0.000003,0.000004,0.000003
2025-12-16 17:31:08.400,-0.004332,0.001280,-0.006111,-0.000003,0.000004,0.000002
2025-12-16 17:31:08.401,-0.004281,0.001300,-0.006039,-0.000003,0.000004,0.000002
2025-12-16 17:31:08.402,-0.004268,0.001330,-0.006026,-0.000003,0.000004,0.000002
2025-12-16 17:31:08.403,-0.004262,0.001363,-0.006024,-0.000003,0.000004,0.000002
2025-12-16 17:31:08.404,-0.004256,0.001396,-0.006010,-0.000003,0.000004,0.000002
2025-12-16 17:31:08.405,-0.004246,0.001421,-0.005989,-0.000003,0.000004,0.000002
2025-12-16 17:31:08.406,-0.004237,0.001441,-0.005967,-0.000003,0.000004,0.000002
2025-12-16 17:31:08.408,-0.004219,0.001452,-0.005937,-0.000003,0.000004,0.000002
2025-12-16 17:31:08.409,-0.004197,0.001457,-0.005902,-0.000003,0.000004,0.000002
2025-12-16 17:31:08.410,-0.004164,0.001453,-0.005856,-0.000003,0.000004,0.000002
2025-12-16 17:31:08.411,-0.004090,0.001422,-0.005752,-0.000003,0.000004,0.000002
2025-12-16 17:31:08.412,-0.004053,0.001400,-0.005698,-0.000003,0.000004,0.000002
2025-12-16 17:31:08.413,-0.004022,0.001384,-0.005643,-0.000003,0.000004,0.000002
2025-12-16 17:31:08.414,-0.003993,0.001367,-0.005584,-0.000003,0.000004,0.000002
2025-12-16 17:31:08.416,-0.003965,0.001345,-0.005528,-0.000003,0.000004,0.000002
2025-12-16 17:31:08.417,-0.003921,0.001298,-0.005415,-0.000003,0.000004,0.000002
2025-12-16 17:31:08.418,-0.003902,0.001270,-0.005362,-0.000003,0.000004,0.000002
2025-12-16 17:31:08.419,-0.003883,0.001244,-0.005314,-0.000003,0.000004,0.000002
2025-12-16 17:31:08.420,-0.003869,0.001217,-0.005264,-0.000003,0.000004,0.000002
2025-12-16 17:31:08.421,-0.003852,0.001189,-0.005213,-0.000003,0.000004,0.000002
2025-12-16 17:31:08.422,-0.003840,0.001165,-0.005159,-0.000003,0.000004,0.000002
2025-12-16 17:31:08.423,-0.003831,0.001146,-0.005112,-0.000003,0.000004,0.000002
2025-12-16 17:31:08.424,-0.003820,0.001130,-0.005069,-0.000003,0.000004,0.000002
2025-12-16 17:31:08.425,-0.003812,0.001115,-0.005029,-0.000003,0.000004,0.000002
2025-12-16 17:31:08.426,-0.003798,0.001098,-0.004988,-0.000003,0.000004,0.000002
2025-12-16 17:31:08.428,-0.003785,0.001083,-0.004952,-0.000002,0.000003,0.000002
2025-12-16 17:31:08.429,-0.003763,0.001058,-0.004877,-0.000002,0.000003,0.000002
2025-12-16 17:31:08.430,-0.003755,0.001050,-0.004843,-0.000002,0.000003,0.000002
2025-12-16 17:31:08.431,-0.003746,0.001040,-0.004813,-0.000002,0.000003,0.000002
2025-12-16 17:31:08.432,-0.003734,0.001030,-0.004783,-0.000002,0.000003,0.000002
2025-12-16 17:31:08.433,-0.003712,0.001013,-0.004755,-0.000002,0.000003,0.000002
2025-12-16 17:31:08.434,-0.003685,0.000998,-0.004723,-0.000002,0.000003,0.000002
2025-12-16 17:31:08.435,-0.003659,0.000985,-0.004693,-0.000002,0.000003,0.000002
2025-12-16 17:31:08.437,-0.003631,0.000971,-0.004669,-0.000002,0.000003,0.000002
2025-12-16 17:31:08.438,-0.003576,0.000939,-0.004626,-0.000002,0.000003,0.000002
2025-12-16 17:31:08.440,-0.003524,0.000901,-0.004589,-0.000002,0.000003,0.000002
2025-12-16 17:31:08.441,-0.003499,0.000885,-0.004574,-0.000002,0.000003,0.000002
2025-12-16 17:31:08.442,-0.003472,0.000867,-0.004561,-0.000002,0.000003,0.000002
2025-12-16 17:31:08.443,-0.003445,0.000843,-0.004551,-0.000002,0.000003,0.000002
2025-12-16 17:31:08.446,-0.003365,0.000749,-0.004509,-0.000002,0.000003,0.000002
2025-12-16 17:31:08.447,-0.003342,0.000712,-0.004498,-0.000002,0.000003,0.000002
2025-12-16 17:31:08.448,-0.003318,0.000671,-0.004484,-0.000002,0.000003,0.000002
2025-12-16 17:31:08.449,-0.003296,0.000629,-0.004472,-0.000002,0.000003,0.000002
2025-12-16 17:31:08.451,-0.003243,0.000543,-0.004450,-0.000002,0.000003,0.000002
2025-12-16 17:31:08.452,-0.003217,0.000497,-0.004441,-0.000002,0.000003,0.000002
2025-12-16 17:31:08.453,-0.003192,0.000448,-0.004433,-0.000002,0.000003,0.000002
2025-12-16 17:31:08.454,-0.003166,0.000385,-0.004426,-0.000002,0.000003,0.000002
2025-12-16 17:31:08.455,-0.003143,0.000325,-0.004421,-0.000002,0.000003,0.000001
2025-12-16 17:31:08.456,-0.003118,0.000273,-0.004417,-0.000002,0.000003,0.000001
2025-12-16 17:31:08.457,-0.003088,0.000220,-0.004406,-0.000002,0.000003,0.000001
2025-12-16 17:31:08.459,-0.003022,0.000109,-0.004381,-0.000002,0.000003,0.000001
2025-12-16 17:31:08.460,-0.002984,0.000041,-0.004369,-0.000002,0.000003,0.000001
2025-12-16 17:31:08.461,-0.002942,-0.000028,-0.004355,-0.000002,0.000003,0.000001
2025-12-16 17:31:08.462,-0.002894,-0.000103,-0.004337,-0.000002,0.000003,0.000001
2025-12-16 17:31:08.463,-0.002846,-0.000174,-0.004319,-0.000002,0.000003,0.000001
2025-12-16 17:31:08.465,-0.002735,-0.000325,-0.004274,-0.000002,0.000003,0.000001
2025-12-16 17:31:08.466,-0.002675,-0.000404,-0.004250,-0.000002,0.000003,0.000001
2025-12-16 17:31:08.467,-0.002614,-0.000473,-0.004225,-0.000002,0.000002,0.000001
2025-12-16 17:31:08.468,-0.002557,-0.000541,-0.004199,-0.000002,0.000002,0.000001
2025-12-16 17:31:08.469,-0.002498,-0.000610,-0.004172,-0.000002,0.000002,0.000001
2025-12-16 17:31:08.470,-0.002437,-0.000685,-0.004142,-0.000002,0.000002,0.000001
2025-12-16 17:31:08.471,-0.002377,-0.000762,-0.004107,-0.000002,0.000002,0.000001
2025-12-16 17:31:08.472,-0.002319,-0.000838,-0.004069,-0.000002,0.000002,0.000001
2025-12-16 17:31:08.474,-0.002257,-0.000914,-0.004029,-0.000002,0.000002,0.000001
2025-12-16 17:31:08.475,-0.002134,-0.001060,-0.003940,-0.000002,0.000002,0.000001
2025-12-16 17:31:08.476,-0.002076,-0.001136,-0.003889,-0.000002,0.000002,0.000001
2025-12-16 17:31:08.477,-0.002023,-0.001208,-0.003839,-0.000002,0.000002,0.000001
2025-12-16 17:31:08.479,-0.001972,-0.001279,-0.003790,-0.000002,0.000002,0.000001
2025-12-16 17:31:08.480,-0.001926,-0.001352,-0.003734,-0.000002,0.000002,0.000001
2025-12-16 17:31:08.481,-0.001844,-0.001486,-0.003618,-0.000002,0.000002,0.000001
2025-12-16 17:31:08.482,-0.001802,-0.001551,-0.003558,-0.000002,0.000002,0.000001
2025-12-16 17:31:08.483,-0.001768,-0.001611,-0.003497,-0.000001,0.000002,0.000000
2025-12-16 17:31:08.484,-0.001735,-0.001671,-0.003438,-0.000001,0.000002,0.000000
2025-12-16 17:31:08.485,-0.001705,-0.001730,-0.003373,-0.000001,0.000002,0.000000
2025-12-16 17:31:08.486,-0.001675,-0.001785,-0.003310,-0.000001,0.000002,0.000000
2025-12-16 17:31:08.487,-0.001651,-0.001843,-0.003250,-0.000001,0.000002,0.000000
2025-12-16 17:31:08.488,-0.001632,-0.001900,-0.003192,-0.000001,0.000002,0.000000
2025-12-16 17:31:08.490,-0.001599,-0.002008,-0.003080,-0.000001,0.000001,0.000000
2025-12-16 17:31:08.491,-0.001582,-0.002058,-0.003030,-0.000001,0.000001,0.000000
2025-12-16 17:31:08.492,-0.001565,-0.002102,-0.002988,-0.000001,0.000001,0.000000
2025-12-16 17:31:08.493,-0.001550,-0.002147,-0.002942,-0.000001,0.000001,0.000000
2025-12-16 17:31:08.494,-0.001535,-0.002189,-0.002900,-0.000001,0.000001,0.000000
2025-12-16 17:31:08.496,-0.001519,-0.002233,-0.002864,-0.000001,0.000001,0.000000
2025-12-16 17:31:08.497,-0.001507,-0.002273,-0.002830,-0.000001,0.000001,0.000000
2025-12-16 17:31:08.498,-0.001492,-0.002314,-0.002799,-0.000001,0.000001,0.000000
2025-12-16 17:31:08.499,-0.001451,-0.002391,-0.002742,-0.000001,0.000001,0.000000
2025-12-16 17:31:08.500,-0.001426,-0.002427,-0.002719,-0.000001,0.000001,0.000000
2025-12-16 17:31:08.501,-0.001410,-0.002458,-0.002701,-0.000001,0.000001,0.000000
2025-12-16 17:31:08.502,-0.001396,-0.002487,-0.002685,-0.000001,0.000001,0.000000
2025-12-16 17:31:08.504,-0.001355,-0.002548,-0.002663,-0.000001,0.000001,0.000000
2025-12-16 17:31:08.505,-0.001336,-0.002573,-0.002660,-0.000001,0.000001,0.000000
2025-12-16 17:31:08.506,-0.001323,-0.002595,-0.002663,-0.000001,0.000001,0.000000
2025-12-16 17:31:08.507,-0.001310,-0.002613,-0.002669,-0.000001,0.000001,0.000000
2025-12-16 17:31:08.508,-0.001289,-0.002631,-0.002678,-0.000001,0.000001,0.000000
2025-12-16 17:31:08.509,-0.001267,-0.002647,-0.002687,-0.000001,0.000001,0.000000
2025-12-16 17:31:08.510,-0.001249,-0.002658,-0.002702,-0.000001,0.000001,0.000000
2025-12-16 17:31:08.511,-0.001236,-0.002667,-0.002718,-0.000001,0.000001,0.000000
2025-12-16 17:31:08.512,-0.001220,-0.002676,-0.002739,-0.000001,0.000001,0.000000
2025-12-16 17:31:08.514,-0.001205,-0.002684,-0.002759,-0.000001,0.000001,0.000000
2025-12-16 17:31:08.515,-0.001199,-0.002692,-0.002786,-0.000001,0.000001,0.000000
2025-12-16 17:31:08.516,-0.001192,-0.002705,-0.002839,-0.000001,0.000001,0.000000
2025-12-16 17:31:08.517,-0.001189,-0.002709,-0.002866,-0.000001,0.000001,0.000000
2025-12-16 17:31:08.518,-0.001194,-0.002706,-0.002899,-0.000001,0.000001,0.000000
2025-12-16 17:31:08.519,-0.001199,-0.002703,-0.002933,-0.000001,0.000001,0.000000
2025-12-16 17:31:08.521,-0.001208,-0.002700,-0.002970,-0.000001,0.000001,0.000000
2025-12-16 17:31:08.522,-0.001220,-0.002699,-0.003056,-0.000001,0.000001,0.000000
2025-12-16 17:31:08.523,-0.001230,-0.002697,-0.003107,-0.000001,0.000001,0.000000
2025-12-16 17:31:08.524,-0.001244,-0.002693,-0.003158,-0.000001,0.000001,0.000000
2025-12-16 17:31:08.525,-0.001258,-0.002688,-0.003209,-0.000001,0.000001,0.000000
2025-12-16 17:31:08.526,-0.001271,-0.002682,-0.003269,-0.000001,0.000001,0.000000
2025-12-16 17:31:08.527,-0.001278,-0.002681,-0.003321,-0.000001,0.000001,0.000000
2025-12-16 17:31:08.528,-0.001290,-0.002676,-0.003370,-0.000001,0.000001,0.000000
2025-12-16 17:31:08.530,-0.001308,-0.002669,-0.003483,-0.000001,0.000001,0.000000
2025-12-16 17:31:08.531,-0.001316,-0.002668,-0.003544,-0.000001,0.000002,0.000000
2025-12-16 17:31:08.532,-0.001325,-0.002662,-0.003605,-0.000001,0.000001,0.000000
2025-12-16 17:31:08.533,-0.001342,-0.002651,-0.003668,-0.000001,0.000002,0.000000
2025-12-16 17:31:08.534,-0.001356,-0.002640,-0.003733,-0.000001,0.000002,0.000000
2025-12-16 17:31:08.535,-0.001369,-0.002627,-0.003800,-0.000001,0.000002,0.000000
2025-12-16 17:31:08.537,-0.001381,-0.002614,-0.003866,-0.000001,0.000002,0.000000
2025-12-16 17:31:08.538,-0.001396,-0.002601,-0.003936,-0.000001,0.000002,0.000000
2025-12-16 17:31:08.539,-0.001428,-0.002570,-0.004085,-0.000001,0.000002,0.000000
2025-12-16 17:31:08.540,-0.001445,-0.002552,-0.004156,-0.000002,0.000002,0.000000
2025-12-16 17:31:08.541,-0.001468,-0.002534,-0.004227,-0.000002,0.000002,0.000000
2025-12-16 17:31:08.542,-0.001491,-0.002512,-0.004293,-0.000002,0.000002,0.000000
2025-12-16 17:31:08.543,-0.001514,-0.002488,-0.004358,-0.000002,0.000002,0.000000
2025-12-16 17:31:08.544,-0.001536,-0.002462,-0.004424,-0.000002,0.000002,0.000000
2025-12-16 17:31:08.546,-0.001569,-0.002435,-0.004499,-0.000002,0.000002,0.000000
2025-12-16 17:31:08.547,-0.001611,-0.002403,-0.004585,-0.000002,0.000002,0.000000
2025-12-16 17:31:08.548,-0.001650,-0.002373,-0.004662,-0.000002,0.000002,0.000000
2025-12-16 17:31:08.549,-0.001726,-0.002324,-0.004807,-0.000002,0.000002,0.000000
2025-12-16 17:31:08.550,-0.001766,-0.002298,-0.004876,-0.000002,0.000002,0.000001
2025-12-16 17:31:08.552,-0.001849,-0.002245,-0.005008,-0.000002,0.000002,0.000001
2025-12-16 17:31:08.553,-0.001895,-0.002217,-0.005075,-0.000002,0.000002,0.000001
2025-12-16 17:31:08.554,-0.001942,-0.002187,-0.005140,-0.000002,0.000002,0.000001
2025-12-16 17:31:08.556,-0.001989,-0.002162,-0.005205,-0.000002,0.000002,0.000001
2025-12-16 17:31:08.557,-0.002079,-0.002111,-0.005341,-0.000002,0.000002,0.000001
2025-12-16 17:31:08.558,-0.002124,-0.002087,-0.005408,-0.000002,0.000002,0.000001
2025-12-16 17:31:08.559,-0.002168,-0.002068,-0.005474,-0.000002,0.000002,0.000001
2025-12-16 17:31:08.560,-0.002207,-0.002055,-0.005542,-0.000002,0.000003,0.000001
2025-12-16 17:31:08.561,-0.002242,-0.002042,-0.005602,-0.000002,0.000003,0.000001
2025-12-16 17:31:08.563,-0.002271,-0.002033,-0.005662,-0.000002,0.000003,0.000001
2025-12-16 17:31:08.564,-0.002308,-0.002023,-0.005723,-0.000002,0.000003,0.000001
2025-12-16 17:31:08.565,-0.002343,-0.002016,-0.005787,-0.000002,0.000003,0.000001
2025-12-16 17:31:08.566,-0.002406,-0.002008,-0.005910,-0.000002,0.000003,0.000001
2025-12-16 17:31:08.567,-0.002427,-0.002015,-0.005970,-0.000002,0.000003,0.000001
2025-12-16 17:31:08.568,-0.002447,-0.002022,-0.006027,-0.000002,0.000003,0.000001
2025-12-16 17:31:08.569,-0.002468,-0.002026,-0.006089,-0.000002,0.000003,0.000001
2025-12-16 17:31:08.570,-0.002488,-0.002035,-0.006156,-0.000002,0.000003,0.000001
2025-12-16 17:31:08.571,-0.002506,-0.002047,-0.006218,-0.000002,0.000003,0.000001
2025-12-16 17:31:08.572,-0.002524,-0.002062,-0.006276,-0.000002,0.000003,0.000001
2025-12-16 17:31:08.573,-0.002537,-0.002085,-0.006331,-0.000002,0.000003,0.000001
2025-12-16 17:31:08.574,-0.002554,-0.002109,-0.006397,-0.000002,0.000003,0.000001
2025-12-16 17:31:08.576,-0.002569,-0.002130,-0.006458,-0.000002,0.000003,0.000001
2025-12-16 17:31:08.577,-0.002614,-0.002181,-0.006568,-0.000003,0.000003,0.000001
2025-12-16 17:31:08.578,-0.002635,-0.002212,-0.006625,-0.000003,0.000003,0.000001
2025-12-16 17:31:08.579,-0.002666,-0.002245,-0.006688,-0.000003,0.000003,0.000001
2025-12-16 17:31:08.580,-0.002695,-0.002273,-0.006744,-0.000003,0.000003,0.000001
2025-12-16 17:31:08.581,-0.002727,-0.002299,-0.006802,-0.000003,0.000003,0.000001
2025-12-16 17:31:08.582,-0.002760,-0.002323,-0.006859,-0.000003,0.000003,0.000001
2025-12-16 17:31:08.583,-0.002788,-0.002352,-0.006912,-0.000003,0.000003,0.000001
2025-12-16 17:31:08.584,-0.002819,-0.002383,-0.006963,-0.000003,0.000003,0.000001
2025-12-16 17:31:08.585,-0.002853,-0.002412,-0.007007,-0.000003,0.000003,0.000001
2025-12-16 17:31:08.587,-0.002888,-0.002442,-0.007053,-0.000003,0.000003,0.000001
2025-12-16 17:31:08.588,-0.002929,-0.002468,-0.007100,-0.000003,0.000003,0.000001
2025-12-16 17:31:08.589,-0.002971,-0.002498,-0.007147,-0.000003,0.000003,0.000001
2025-12-16 17:31:08.590,-0.003072,-0.002555,-0.007245,-0.000003,0.000003,0.000001
2025-12-16 17:31:08.591,-0.003120,-0.002583,-0.007285,-0.000003,0.000003,0.000001
2025-12-16 17:31:08.592,-0.003163,-0.002610,-0.007331,-0.000003,0.000003,0.000001
2025-12-16 17:31:08.593,-0.003205,-0.002637,-0.007377,-0.000003,0.000003,0.000001
2025-12-16 17:31:08.594,-0.003249,-0.002671,-0.007425,-0.000003,0.000003,0.000001
2025-12-16 17:31:08.595,-0.003287,-0.002702,-0.007468,-0.000003,0.000004,0.000001
2025-12-16 17:31:08.596,-0.003323,-0.002728,-0.007511,-0.000003,0.000004,0.000001
2025-12-16 17:31:08.597,-0.003358,-0.002756,-0.007550,-0.000003,0.000004,0.000001
2025-12-16 17:31:08.598,-0.003394,-0.002783,-0.007587,-0.000003,0.000004,0.000001
2025-12-16 17:31:08.600,-0.003427,-0.002808,-0.007621,-0.000003,0.000004,0.000001
2025-12-16 17:31:08.601,-0.003468,-0.002833,-0.007664,-0.000003,0.000004,0.000001
2025-12-16 17:31:08.602,-0.003556,-0.002883,-0.007744,-0.000003,0.000004,0.000001
2025-12-16 17:31:08.603,-0.003599,-0.002910,-0.007779,-0.000003,0.000004,0.000001
2025-12-16 17:31:08.604,-0.003637,-0.002940,-0.007811,-0.000003,0.000004,0.000001
2025-12-16 17:31:08.605,-0.003676,-0.002966,-0.007845,-0.000003,0.000004,0.000001
2025-12-16 17:31:08.606,-0.003719,-0.002991,-0.007879,-0.000003,0.000004,0.000001
2025-12-16 17:31:08.607,-0.003763,-0.003016,-0.007914,-0.000003,0.000004,0.000001
2025-12-16 17:31:08.608,-0.003814,-0.003041,-0.007949,-0.000003,0.000004,0.000001
2025-12-16 17:31:08.609,-0.003868,-0.003066,-0.007985,-0.000003,0.000004,0.000001
2025-12-16 17:31:08.610,-0.003918,-0.003093,-0.008014,-0.000003,0.000004,0.000001
2025-12-16 17:31:08.612,-0.003962,-0.003119,-0.008052,-0.000003,0.000004,0.000001
2025-12-16 17:31:08.614,-0.004130,-0.003178,-0.008174,-0.000003,0.000004,0.000001
2025-12-16 17:31:08.615,-0.004198,-0.003190,-0.008213,-0.000003,0.000004,0.000001
2025-12-16 17:31:08.616,-0.004275,-0.003201,-0.008258,-0.000003,0.000004,0.000001
2025-12-16 17:31:08.617,-0.004344,-0.003210,-0.008299,-0.000003,0.000004,0.000001
2025-12-16 17:31:08.618,-0.004413,-0.003222,-0.008346,-0.000003,0.000004,0.000001
2025-12-16 17:31:08.619,-0.004479,-0.003230,-0.008393,-0.000003,0.000004,0.000001
2025-12-16 17:31:08.620,-0.004540,-0.003243,-0.008443,-0.000003,0.000004,0.000001
2025-12-16 17:31:08.621,-0.004603,-0.003251,-0.008497,-0.000003,0.000004,0.000001
2025-12-16 17:31:08.622,-0.004665,-0.003260,-0.008549,-0.000004,0.000004,0.000001
2025-12-16 17:31:08.624,-0.004725,-0.003265,-0.008605,-0.000004,0.000004,0.000001
2025-12-16 17:31:08.625,-0.004785,-0.003265,-0.008666,-0.000004,0.000004,0.000001
2025-12-16 17:31:08.626,-0.004901,-0.003258,-0.008795,-0.000004,0.000004,0.000001
2025-12-16 17:31:08.627,-0.004956,-0.003253,-0.008863,-0.000004,0.000004,0.000001
2025-12-16 17:31:08.628,-0.005012,-0.003250,-0.008950,-0.000004,0.000005,0.000001
2025-12-16 17:31:08.629,-0.005061,-0.003248,-0.009030,-0.000004,0.000005,0.000001
2025-12-16 17:31:08.630,-0.005112,-0.003239,-0.009119,-0.000004,0.000005,0.000001
2025-12-16 17:31:08.632,-0.005197,-0.003219,-0.009279,-0.000004,0.000005,0.000002
2025-12-16 17:31:08.633,-0.005231,-0.003211,-0.009358,-0.000004,0.000005,0.000002
2025-12-16 17:31:08.634,-0.005256,-0.003206,-0.009437,-0.000004,0.000005,0.000002
2025-12-16 17:31:08.635,-0.005279,-0.003201,-0.009520,-0.000004,0.000005,0.000002
2025-12-16 17:31:08.636,-0.005302,-0.003194,-0.009605,-0.000004,0.000005,0.000002
2025-12-16 17:31:08.637,-0.005327,-0.003180,-0.009693,-0.000004,0.000005,0.000002
2025-12-16 17:31:08.638,-0.005351,-0.003163,-0.009784,-0.000004,0.000005,0.000002
2025-12-16 17:31:08.640,-0.005375,-0.003145,-0.009878,-0.000004,0.000005,0.000002
2025-12-16 17:31:08.641,-0.005400,-0.003120,-0.009969,-0.000004,0.000005,0.000002
2025-12-16 17:31:08.642,-0.005440,-0.003071,-0.010148,-0.000004,0.000005,0.000002
2025-12-16 17:31:08.643,-0.005459,-0.003040,-0.010239,-0.000004,0.000005,0.000002
2025-12-16 17:31:08.644,-0.005482,-0.003007,-0.010326,-0.000005,0.000005,0.000002
2025-12-16 17:31:08.645,-0.005505,-0.002971,-0.010414,-0.000005,0.000005,0.000002
2025-12-16 17:31:08.646,-0.005531,-0.002931,-0.010503,-0.000005,0.000005,0.000002
2025-12-16 17:31:08.648,-0.005598,-0.002839,-0.010676,-0.000005,0.000005,0.000002
2025-12-16 17:31:08.649,-0.005628,-0.002787,-0.010758,-0.000005,0.000005,0.000002
2025-12-16 17:31:08.650,-0.005659,-0.002729,-0.010834,-0.000005,0.000005,0.000002
2025-12-16 17:31:08.651,-0.005692,-0.002670,-0.010909,-0.000005,0.000005,0.000002
2025-12-16 17:31:08.653,-0.005729,-0.002603,-0.010980,-0.000005,0.000005,0.000002
2025-12-16 17:31:08.654,-0.005772,-0.002534,-0.011049,-0.000005,0.000006,0.000002
2025-12-16 17:31:08.655,-0.005870,-0.002383,-0.011202,-0.000005,0.000006,0.000002
2025-12-16 17:31:08.656,-0.005919,-0.002302,-0.011275,-0.000005,0.000006,0.000002
2025-12-16 17:31:08.657,-0.005966,-0.002221,-0.011346,-0.000005,0.000006,0.000002
2025-12-16 17:31:08.658,-0.006019,-0.002135,-0.011419,-0.000005,0.000006,0.000002
2025-12-16 17:31:08.660,-0.006071,-0.002047,-0.011485,-0.000006,0.000006,0.000002
2025-12-16 17:31:08.661,-0.006123,-0.001958,-0.011552,-0.000006,0.000006,0.000002
2025-12-16 17:31:08.663,-0.006233,-0.001767,-0.011671,-0.000006,0.000006,0.000002
2025-12-16 17:31:08.664,-0.006346,-0.001571,-0.011779,-0.000006,0.000006,0.000002
2025-12-16 17:31:08.666,-0.006448,-0.001358,-0.011889,-0.000006,0.000006,0.000002
2025-12-16 17:31:08.667,-0.006484,-0.001257,-0.011940,-0.000007,0.000006,0.000002
2025-12-16 17:31:08.668,-0.006519,-0.001157,-0.011984,-0.000007,0.000006,0.000002
2025-12-16 17:31:08.671,-0.006628,-0.000834,-0.012113,-0.000007,0.000007,0.000003
2025-12-16 17:31:08.672,-0.006653,-0.000741,-0.012149,-0.000007,0.000007,0.000003
2025-12-16 17:31:08.673,-0.006668,-0.000647,-0.012182,-0.000007,0.000007,0.000003
2025-12-16 17:31:08.675,-0.006676,-0.000556,-0.012210,-0.000007,0.000007,0.000003
2025-12-16 17:31:08.676,-0.006680,-0.000377,-0.012262,-0.000008,0.000007,0.000003
2025-12-16 17:31:08.677,-0.006676,-0.000285,-0.012285,-0.000008,0.000007,0.000003
2025-12-16 17:31:08.678,-0.006665,-0.000198,-0.012298,-0.000008,0.000007,0.000003
2025-12-16 17:31:08.679,-0.006650,-0.000111,-0.012310,-0.000008,0.000007,0.000003
2025-12-16 17:31:08.680,-0.006629,-0.000027,-0.012322,-0.000008,0.000007,0.000003
2025-12-16 17:31:08.681,-0.006601,0.000063,-0.012336,-0.000008,0.000007,0.000003
2025-12-16 17:31:08.683,-0.006567,0.000162,-0.012354,-0.000008,0.000007,0.000003
2025-12-16 17:31:08.684,-0.006506,0.000325,-0.012383,-0.000008,0.000007,0.000003
2025-12-16 17:31:08.687,-0.006451,0.000482,-0.012402,-0.000008,0.000007,0.000003
2025-12-16 17:31:08.688,-0.006403,0.000648,-0.012415,-0.000008,0.000007,0.000003
2025-12-16 17:31:08.689,-0.006381,0.000731,-0.012423,-0.000008,0.000007,0.000003
2025-12-16 17:31:08.690,-0.006362,0.000818,-0.012429,-0.000008,0.000007,0.000003
2025-12-16 17:31:08.692,-0.006325,0.001000,-0.012446,-0.000008,0.000007,0.000003
2025-12-16 17:31:08.694,-0.006314,0.001098,-0.012458,-0.000008,0.000007,0.000003
2025-12-16 17:31:08.695,-0.006308,0.001219,-0.012475,-0.000008,0.000007,0.000003
2025-12-16 17:31:08.696,-0.006306,0.001471,-0.012510,-0.000008,0.000008,0.000003
2025-12-16 17:31:08.699,-0.006315,0.001809,-0.012574,-0.000008,0.000008,0.000003
2025-12-16 17:31:08.700,-0.006324,0.001916,-0.012594,-0.000008,0.000008,0.000003
2025-12-16 17:31:08.701,-0.006340,0.002026,-0.012621,-0.000008,0.000008,0.000003
2025-12-16 17:31:08.702,-0.006363,0.002165,-0.012653,-0.000008,0.000008,0.000003
2025-12-16 17:31:08.705,-0.006408,0.002441,-0.012735,-0.000008,0.000008,0.000003
2025-12-16 17:31:08.706,-0.006452,0.002708,-0.012812,-0.000008,0.000008,0.000003
2025-12-16 17:31:08.709,-0.006492,0.002957,-0.012896,-0.000008,0.000008,0.000003
2025-12-16 17:31:08.715,-0.006575,0.003731,-0.013224,-0.000009,0.000009,0.000004
2025-12-16 17:31:08.716,-0.006576,0.003942,-0.013322,-0.000009,0.000009,0.000003
2025-12-16 17:31:08.718,-0.006567,0.004140,-0.013433,-0.000009,0.000009,0.000004
2025-12-16 17:31:08.721,-0.006544,0.004329,-0.013536,-0.000009,0.000009,0.000004
2025-12-16 17:31:08.722,-0.006483,0.004494,-0.013628,-0.000009,0.000009,0.000003
2025-12-16 17:31:08.723,-0.006447,0.004569,-0.013676,-0.000009,0.000009,0.000004
2025-12-16 17:31:08.729,-0.006209,0.004819,-0.013889,-0.000009,0.000009,0.000004
2025-12-16 17:31:08.730,-0.006089,0.004867,-0.013950,-0.000009,0.000009,0.000004
2025-12-16 17:31:08.732,-0.006024,0.004881,-0.013968,-0.000009,0.000009,0.000004
2025-12-16 17:31:08.733,-0.005953,0.004889,-0.013984,-0.000009,0.000009,0.000004
2025-12-16 17:31:08.734,-0.005811,0.004895,-0.013997,-0.000010,0.000009,0.000003
2025-12-16 17:31:08.735,-0.005740,0.004892,-0.014002,-0.000010,0.000009,0.000003
2025-12-16 17:31:08.736,-0.005668,0.004884,-0.014004,-0.000009,0.000009,0.000003
2025-12-16 17:31:08.738,-0.005517,0.004857,-0.013995,-0.000009,0.000009,0.000004
2025-12-16 17:31:08.740,-0.005363,0.004809,-0.013971,-0.000010,0.000009,0.000003
2025-12-16 17:31:08.741,-0.005291,0.004785,-0.013954,-0.000009,0.000009,0.000003
2025-12-16 17:31:08.743,-0.005222,0.004758,-0.013936,-0.000009,0.000009,0.000003
2025-12-16 17:31:08.744,-0.005083,0.004696,-0.013886,-0.000009,0.000009,0.000003
2025-12-16 17:31:08.745,-0.005016,0.004663,-0.013852,-0.000009,0.000009,0.000003
2025-12-16 17:31:08.747,-0.004945,0.004633,-0.013808,-0.000009,0.000009,0.000003
2025-12-16 17:31:08.748,-0.004804,0.004574,-0.013708,-0.000009,0.000009,0.000003
2025-12-16 17:31:08.749,-0.004741,0.004547,-0.013658,-0.000009,0.000009,0.000003
2025-12-16 17:31:08.751,-0.004604,0.004491,-0.013553,-0.000009,0.000009,0.000003
2025-12-16 17:31:08.752,-0.004540,0.004465,-0.013497,-0.000009,0.000009,0.000003
2025-12-16 17:31:08.753,-0.004471,0.004435,-0.013430,-0.000009,0.000009,0.000003
2025-12-16 17:31:08.754,-0.004400,0.004400,-0.013355,-0.000008,0.000008,0.000003
2025-12-16 17:31:08.755,-0.004339,0.004370,-0.013288,-0.000008,0.000008,0.000003
2025-12-16 17:31:08.756,-0.004283,0.004340,-0.013226,-0.000008,0.000008,0.000003
2025-12-16 17:31:08.758,-0.004226,0.004309,-0.013160,-0.000008,0.000008,0.000003
2025-12-16 17:31:08.759,-0.004123,0.004249,-0.013021,-0.000008,0.000008,0.000003
2025-12-16 17:31:08.761,-0.004032,0.004190,-0.012870,-0.000008,0.000008,0.000003
2025-12-16 17:31:08.762,-0.003983,0.004158,-0.012786,-0.000008,0.000008,0.000003
2025-12-16 17:31:08.763,-0.003934,0.004127,-0.012698,-0.000008,0.000008,0.000003
2025-12-16 17:31:08.765,-0.003891,0.004095,-0.012607,-0.000008,0.000008,0.000003
2025-12-16 17:31:08.766,-0.003856,0.004060,-0.012521,-0.000008,0.000008,0.000003
2025-12-16 17:31:08.767,-0.003787,0.003992,-0.012362,-0.000007,0.000008,0.000003
2025-12-16 17:31:08.769,-0.003723,0.003917,-0.012190,-0.000007,0.000007,0.000003
2025-12-16 17:31:08.770,-0.003693,0.003869,-0.012085,-0.000007,0.000007,0.000003
2025-12-16 17:31:08.771,-0.003669,0.003825,-0.011990,-0.000007,0.000007,0.000003
2025-12-16 17:31:08.773,-0.003614,0.003736,-0.011805,-0.000007,0.000007,0.000003
2025-12-16 17:31:08.774,-0.003584,0.003689,-0.011716,-0.000007,0.000007,0.000003
2025-12-16 17:31:08.775,-0.003548,0.003640,-0.011623,-0.000007,0.000007,0.000003
2025-12-16 17:31:08.776,-0.003512,0.003586,-0.011524,-0.000007,0.000007,0.000003
2025-12-16 17:31:08.778,-0.003474,0.003531,-0.011425,-0.000007,0.000007,0.000003
2025-12-16 17:31:08.779,-0.003393,0.003412,-0.011226,-0.000006,0.000007,0.000002
2025-12-16 17:31:08.780,-0.003347,0.003352,-0.011123,-0.000006,0.000007,0.000002
2025-12-16 17:31:08.781,-0.003295,0.003279,-0.011017,-0.000006,0.000007,0.000002
2025-12-16 17:31:08.782,-0.003236,0.003192,-0.010900,-0.000006,0.000006,0.000002
2025-12-16 17:31:08.784,-0.003128,0.003035,-0.010701,-0.000006,0.000006,0.000002
2025-12-16 17:31:08.786,-0.003019,0.002886,-0.010513,-0.000006,0.000006,0.000002
2025-12-16 17:31:08.787,-0.002960,0.002811,-0.010418,-0.000006,0.000006,0.000002
2025-12-16 17:31:08.789,-0.002892,0.002729,-0.010320,-0.000006,0.000006,0.000002
2025-12-16 17:31:08.790,-0.002821,0.002643,-0.010218,-0.000006,0.000006,0.000002
2025-12-16 17:31:08.791,-0.002740,0.002547,-0.010102,-0.000005,0.000006,0.000002
2025-12-16 17:31:08.792,-0.002588,0.002373,-0.009882,-0.000005,0.000005,0.000002
2025-12-16 17:31:08.793,-0.002512,0.002277,-0.009770,-0.000005,0.000005,0.000002
2025-12-16 17:31:08.795,-0.002372,0.002087,-0.009545,-0.000005,0.000005,0.000002
2025-12-16 17:31:08.797,-0.002311,0.001993,-0.009435,-0.000005,0.000005,0.000002
2025-12-16 17:31:08.798,-0.002167,0.001783,-0.009179,-0.000004,0.000005,0.000002
2025-12-16 17:31:08.799,-0.002100,0.001689,-0.009059,-0.000004,0.000005,0.000002
2025-12-16 17:31:08.800,-0.002028,0.001587,-0.008937,-0.000004,0.000005,0.000002
2025-12-16 17:31:08.802,-0.001890,0.001383,-0.008704,-0.000004,0.000004,0.000002
2025-12-16 17:31:08.803,-0.001830,0.001289,-0.008591,-0.000004,0.000004,0.000002
2025-12-16 17:31:08.804,-0.001768,0.001192,-0.008466,-0.000004,0.000004,0.000002
2025-12-16 17:31:08.807,-0.001635,0.000979,-0.008175,-0.000004,0.000004,0.000002
2025-12-16 17:31:08.808,-0.001505,0.000745,-0.007868,-0.000004,0.000004,0.000001
2025-12-16 17:31:08.809,-0.001444,0.000632,-0.007721,-0.000003,0.000004,0.000001
2025-12-16 17:31:08.810,-0.001388,0.000518,-0.007574,-0.000003,0.000004,0.000001
2025-12-16 17:31:08.812,-0.001282,0.000294,-0.007279,-0.000003,0.000003,0.000001
2025-12-16 17:31:08.813,-0.001232,0.000178,-0.007125,-0.000003,0.000003,0.000001
2025-12-16 17:31:08.814,-0.001178,0.000051,-0.006959,-0.000003,0.000003,0.000001
2025-12-16 17:31:08.815,-0.001123,-0.000076,-0.006793,-0.000003,0.000003,0.000001
2025-12-16 17:31:08.816,-0.001073,-0.000199,-0.006621,-0.000003,0.000003,0.000001
2025-12-16 17:31:08.817,-0.001024,-0.000322,-0.006446,-0.000003,0.000003,0.000001
2025-12-16 17:31:08.819,-0.000939,-0.000580,-0.006073,-0.000003,0.000003,0.000001
2025-12-16 17:31:08.821,-0.000876,-0.000841,-0.005707,-0.000002,0.000002,0.000001
2025-12-16 17:31:08.822,-0.000845,-0.000977,-0.005518,-0.000002,0.000002,0.000001
2025-12-16 17:31:08.823,-0.000822,-0.001109,-0.005327,-0.000002,0.000002,0.000001
2025-12-16 17:31:08.824,-0.000804,-0.001240,-0.005131,-0.000002,0.000002,0.000000
2025-12-16 17:31:08.825,-0.000792,-0.001370,-0.004932,-0.000002,0.000002,0.000000
2025-12-16 17:31:08.826,-0.000792,-0.001499,-0.004732,-0.000002,0.000002,0.000000
2025-12-16 17:31:08.827,-0.000798,-0.001623,-0.004534,-0.000002,0.000002,0.000000
2025-12-16 17:31:08.829,-0.000809,-0.001744,-0.004336,-0.000002,0.000002,0.000000
2025-12-16 17:31:08.830,-0.000847,-0.001983,-0.003941,-0.000002,0.000001,0.000000
2025-12-16 17:31:08.832,-0.000898,-0.002206,-0.003557,-0.000001,0.000001,0.000000
2025-12-16 17:31:08.833,-0.000927,-0.002322,-0.003359,-0.000001,0.000001,0.000000
2025-12-16 17:31:08.834,-0.000967,-0.002436,-0.003153,-0.000001,0.000001,-0.000000
2025-12-16 17:31:08.835,-0.001004,-0.002531,-0.002975,-0.000001,0.000001,-0.000000
2025-12-16 17:31:08.836,-0.001038,-0.002621,-0.002814,-0.000001,0.000001,-0.000000
2025-12-16 17:31:08.838,-0.001080,-0.002709,-0.002655,-0.000001,0.000001,-0.000000
2025-12-16 17:31:08.839,-0.001165,-0.002873,-0.002357,-0.000001,0.000001,-0.000000
2025-12-16 17:31:08.840,-0.001211,-0.002944,-0.002219,-0.000001,0.000001,-0.000000
2025-12-16 17:31:08.841,-0.001259,-0.003012,-0.002079,-0.000001,0.000001,-0.000000
2025-12-16 17:31:08.842,-0.001309,-0.003086,-0.001931,-0.000001,0.000001,-0.000000
2025-12-16 17:31:08.844,-0.001352,-0.003150,-0.001804,-0.000001,0.000001,-0.000000
2025-12-16 17:31:08.845,-0.001429,-0.003267,-0.001588,-0.000001,0.000001,-0.000000
2025-12-16 17:31:08.846,-0.001460,-0.003328,-0.001493,-0.000001,0.000001,-0.000000
2025-12-16 17:31:08.847,-0.001487,-0.003389,-0.001401,-0.000001,0.000001,-0.000000
2025-12-16 17:31:08.848,-0.001513,-0.003451,-0.001310,-0.000001,0.000001,-0.000000
2025-12-16 17:31:08.850,-0.001561,-0.003576,-0.001123,-0.000001,0.000001,-0.000000
2025-12-16 17:31:08.852,-0.001594,-0.003711,-0.000961,-0.000001,0.000001,-0.000000
2025-12-16 17:31:08.854,-0.001607,-0.003862,-0.000806,-0.000000,0.000001,-0.000000
2025-12-16 17:31:08.855,-0.001609,-0.003940,-0.000737,-0.000001,0.000001,-0.000000
2025-12-16 17:31:08.856,-0.001613,-0.004022,-0.000667,-0.000001,0.000000,-0.000000
2025-12-16 17:31:08.858,-0.001612,-0.004117,-0.000596,-0.000000,0.000000,-0.000000
2025-12-16 17:31:08.859,-0.001605,-0.004219,-0.000526,-0.000000,0.000000,-0.000000
2025-12-16 17:31:08.860,-0.001594,-0.004411,-0.000400,-0.000000,0.000000,-0.000000
2025-12-16 17:31:08.861,-0.001587,-0.004517,-0.000335,-0.000000,0.000000,-0.000000
2025-12-16 17:31:08.862,-0.001582,-0.004636,-0.000266,-0.000000,0.000000,-0.000001
2025-12-16 17:31:08.864,-0.001579,-0.004741,-0.000208,-0.000000,0.000000,-0.000001
2025-12-16 17:31:08.865,-0.001578,-0.004844,-0.000155,-0.000000,0.000000,-0.000001
2025-12-16 17:31:08.866,-0.001577,-0.004943,-0.000109,-0.000000,0.000000,-0.000001
2025-12-16 17:31:08.867,-0.001600,-0.005122,-0.000023,-0.000000,0.000000,-0.000001
2025-12-16 17:31:08.868,-0.001618,-0.005209,0.000016,-0.000000,0.000000,-0.000001
2025-12-16 17:31:08.869,-0.001637,-0.005311,0.000055,-0.000000,0.000000,-0.000001
2025-12-16 17:31:08.870,-0.001654,-0.005403,0.000089,-0.000000,0.000000,-0.000001
2025-12-16 17:31:08.871,-0.001670,-0.005487,0.000115,-0.000000,0.000000,-0.000001
2025-12-16 17:31:08.872,-0.001699,-0.005568,0.000137,-0.000000,0.000000,-0.000001
2025-12-16 17:31:08.874,-0.001729,-0.005634,0.000155,-0.000000,0.000000,-0.000001
2025-12-16 17:31:08.875,-0.001762,-0.005689,0.000171,-0.000000,0.000000,-0.000001
2025-12-16 17:31:08.876,-0.001799,-0.005739,0.000184,-0.000000,0.000000,-0.000001
2025-12-16 17:31:08.877,-0.001836,-0.005784,0.000195,-0.000000,0.000000,-0.000001
2025-12-16 17:31:08.878,-0.001912,-0.005848,0.000202,-0.000000,0.000000,-0.000001
2025-12-16 17:31:08.879,-0.001952,-0.005869,0.000199,-0.000000,0.000000,-0.000001
2025-12-16 17:31:08.880,-0.001990,-0.005888,0.000187,-0.000000,0.000000,-0.000001
2025-12-16 17:31:08.881,-0.002026,-0.005902,0.000167,-0.000000,0.000000,-0.000001
2025-12-16 17:31:08.882,-0.002061,-0.005914,0.000147,-0.000000,0.000000,-0.000001
2025-12-16 17:31:08.883,-0.002097,-0.005923,0.000119,-0.000000,0.000000,-0.000001
2025-12-16 17:31:08.885,-0.002130,-0.005927,0.000090,-0.000000,0.000000,-0.000001
2025-12-16 17:31:08.886,-0.002160,-0.005924,0.000062,-0.000000,0.000000,-0.000001
2025-12-16 17:31:08.887,-0.002192,-0.005931,-0.000023,-0.000000,0.000000,-0.000001
2025-12-16 17:31:08.888,-0.002198,-0.005935,-0.000066,-0.000000,0.000000,-0.000001
2025-12-16 17:31:08.889,-0.002202,-0.005941,-0.000105,-0.000000,0.000000,-0.000001
2025-12-16 17:31:08.890,-0.002206,-0.005944,-0.000153,-0.000000,0.000000,-0.000001
2025-12-16 17:31:08.891,-0.002210,-0.005946,-0.000197,-0.000000,0.000000,-0.000001
2025-12-16 17:31:08.892,-0.002206,-0.005951,-0.000241,-0.000000,0.000000,-0.000001
2025-12-16 17:31:08.893,-0.002186,-0.005969,-0.000295,-0.000000,0.000000,-0.000001
2025-12-16 17:31:08.895,-0.002159,-0.005994,-0.000357,-0.000000,0.000001,-0.000001
2025-12-16 17:31:08.896,-0.002109,-0.006038,-0.000467,-0.000000,0.000001,-0.000001
2025-12-16 17:31:08.897,-0.002090,-0.006060,-0.000527,-0.000000,0.000001,-0.000001
2025-12-16 17:31:08.898,-0.002064,-0.006089,-0.000591,-0.000000,0.000001,-0.000001
2025-12-16 17:31:08.899,-0.002035,-0.006122,-0.000658,-0.000000,0.000001,-0.000001
2025-12-16 17:31:08.900,-0.002005,-0.006157,-0.000728,-0.000000,0.000001,-0.000001
2025-12-16 17:31:08.901,-0.001972,-0.006197,-0.000797,-0.000000,0.000001,-0.000001
2025-12-16 17:31:08.902,-0.001934,-0.006238,-0.000870,-0.000000,0.000001,-0.000001
2025-12-16 17:31:08.904,-0.001896,-0.006273,-0.000943,-0.000000,0.000001,-0.000001
2025-12-16 17:31:08.905,-0.001858,-0.006309,-0.001023,-0.000000,0.000001,-0.000001
2025-12-16 17:31:08.906,-0.001819,-0.006351,-0.001106,-0.000000,0.000001,-0.000001
2025-12-16 17:31:08.907,-0.001776,-0.006397,-0.001198,-0.000000,0.000001,-0.000001
2025-12-16 17:31:08.908,-0.001686,-0.006482,-0.001377,-0.000000,0.000001,-0.000001
2025-12-16 17:31:08.909,-0.001642,-0.006516,-0.001471,-0.000000,0.000001,-0.000001
2025-12-16 17:31:08.911,-0.001596,-0.006553,-0.001576,-0.000000,0.000001,-0.000001
2025-12-16 17:31:08.913,-0.001461,-0.006647,-0.001901,-0.000001,0.000001,-0.000001
2025-12-16 17:31:08.914,-0.001425,-0.006665,-0.002018,-0.000001,0.000001,-0.000001
2025-12-16 17:31:08.915,-0.001387,-0.006680,-0.002137,-0.000001,0.000001,-0.000001
2025-12-16 17:31:08.916,-0.001350,-0.006690,-0.002258,-0.000001,0.000001,-0.000001
2025-12-16 17:31:08.917,-0.001312,-0.006696,-0.002383,-0.000001,0.000001,-0.000001
2025-12-16 17:31:08.919,-0.001240,-0.006699,-0.002638,-0.000001,0.000001,-0.000001
2025-12-16 17:31:08.920,-0.001205,-0.006697,-0.002767,-0.000001,0.000001,-0.000001
2025-12-16 17:31:08.921,-0.001178,-0.006686,-0.002900,-0.000001,0.000001,-0.000001
2025-12-16 17:31:08.922,-0.001158,-0.006669,-0.003037,-0.000001,0.000001,-0.000001
2025-12-16 17:31:08.923,-0.001140,-0.006651,-0.003173,-0.000001,0.000001,-0.000001
2025-12-16 17:31:08.924,-0.001129,-0.006629,-0.003308,-0.000001,0.000001,-0.000001
2025-12-16 17:31:08.925,-0.001116,-0.006604,-0.003441,-0.000001,0.000001,-0.000001
2025-12-16 17:31:08.926,-0.001106,-0.006572,-0.003579,-0.000001,0.000001,-0.000001
2025-12-16 17:31:08.927,-0.001102,-0.006537,-0.003724,-0.000001,0.000001,-0.000001
2025-12-16 17:31:08.929,-0.001105,-0.006500,-0.003870,-0.000001,0.000001,-0.000001
2025-12-16 17:31:08.930,-0.001125,-0.006416,-0.004157,-0.000001,0.000001,-0.000001
2025-12-16 17:31:08.931,-0.001146,-0.006371,-0.004298,-0.000001,0.000001,-0.000001
2025-12-16 17:31:08.932,-0.001165,-0.006325,-0.004436,-0.000001,0.000001,-0.000001
2025-12-16 17:31:08.933,-0.001186,-0.006277,-0.004574,-0.000001,0.000001,-0.000001
2025-12-16 17:31:08.934,-0.001203,-0.006230,-0.004713,-0.000001,0.000001,-0.000001
2025-12-16 17:31:08.935,-0.001227,-0.006182,-0.004850,-0.000001,0.000001,-0.000001
2025-12-16 17:31:08.937,-0.001271,-0.006091,-0.005124,-0.000001,0.000002,-0.000001
2025-12-16 17:31:08.938,-0.001296,-0.006048,-0.005257,-0.000002,0.000002,-0.000001
2025-12-16 17:31:08.939,-0.001323,-0.006001,-0.005386,-0.000002,0.000002,-0.000001
2025-12-16 17:31:08.940,-0.001351,-0.005948,-0.005512,-0.000002,0.000002,-0.000001
2025-12-16 17:31:08.941,-0.001376,-0.005900,-0.005635,-0.000002,0.000002,-0.000001
2025-12-16 17:31:08.942,-0.001397,-0.005853,-0.005754,-0.000002,0.000002,-0.000001
2025-12-16 17:31:08.943,-0.001414,-0.005808,-0.005875,-0.000002,0.000002,-0.000000
2025-12-16 17:31:08.944,-0.001427,-0.005764,-0.005994,-0.000002,0.000002,-0.000000
2025-12-16 17:31:08.946,-0.001442,-0.005716,-0.006113,-0.000002,0.000002,-0.000000
2025-12-16 17:31:08.947,-0.001456,-0.005674,-0.006225,-0.000002,0.000002,-0.000000
2025-12-16 17:31:08.948,-0.001478,-0.005586,-0.006420,-0.000002,0.000002,-0.000000
2025-12-16 17:31:08.949,-0.001489,-0.005543,-0.006511,-0.000002,0.000002,-0.000000
2025-12-16 17:31:08.950,-0.001491,-0.005500,-0.006600,-0.000002,0.000002,-0.000000
2025-12-16 17:31:08.951,-0.001491,-0.005457,-0.006682,-0.000002,0.000002,-0.000000
2025-12-16 17:31:08.952,-0.001494,-0.005411,-0.006758,-0.000002,0.000002,-0.000000
2025-12-16 17:31:08.953,-0.001494,-0.005364,-0.006830,-0.000002,0.000002,-0.000000
2025-12-16 17:31:08.954,-0.001493,-0.005321,-0.006895,-0.000002,0.000002,-0.000000
2025-12-16 17:31:08.955,-0.001486,-0.005278,-0.006953,-0.000002,0.000002,-0.000000
2025-12-16 17:31:08.956,-0.001478,-0.005233,-0.007003,-0.000002,0.000003,-0.000000
2025-12-16 17:31:08.957,-0.001470,-0.005185,-0.007047,-0.000002,0.000003,-0.000000
2025-12-16 17:31:08.958,-0.001455,-0.005136,-0.007089,-0.000002,0.000003,0.000000
2025-12-16 17:31:08.959,-0.001438,-0.005091,-0.007130,-0.000002,0.000003,-0.000000
2025-12-16 17:31:08.960,-0.001416,-0.005052,-0.007162,-0.000002,0.000002,-0.000000
2025-12-16 17:31:08.962,-0.001395,-0.005011,-0.007195,-0.000002,0.000003,-0.000000
2025-12-16 17:31:08.963,-0.001353,-0.004928,-0.007248,-0.000002,0.000003,0.000000
2025-12-16 17:31:08.964,-0.001332,-0.004889,-0.007268,-0.000002,0.000003,0.000000
2025-12-16 17:31:08.965,-0.001307,-0.004852,-0.007287,-0.000002,0.000003,0.000000
2025-12-16 17:31:08.967,-0.001283,-0.004813,-0.007306,-0.000002,0.000003,0.000000
2025-12-16 17:31:08.968,-0.001243,-0.004746,-0.007339,-0.000002,0.000003,0.000000
2025-12-16 17:31:08.969,-0.001220,-0.004715,-0.007354,-0.000002,0.000003,0.000000
2025-12-16 17:31:08.970,-0.001202,-0.004682,-0.007374,-0.000002,0.000003,0.000000
2025-12-16 17:31:08.971,-0.001180,-0.004655,-0.007397,-0.000002,0.000003,0.000000
2025-12-16 17:31:08.972,-0.001162,-0.004631,-0.007420,-0.000002,0.000003,0.000000
2025-12-16 17:31:08.973,-0.001143,-0.004609,-0.007439,-0.000002,0.000003,0.000000
2025-12-16 17:31:08.974,-0.001128,-0.004585,-0.007460,-0.000002,0.000003,0.000000
2025-12-16 17:31:08.975,-0.001122,-0.004557,-0.007484,-0.000002,0.000003,0.000000
2025-12-16 17:31:08.976,-0.001120,-0.004530,-0.007514,-0.000002,0.000003,0.000000
2025-12-16 17:31:08.978,-0.001119,-0.004505,-0.007547,-0.000002,0.000003,0.000000
2025-12-16 17:31:08.979,-0.001138,-0.004455,-0.007633,-0.000003,0.000003,0.000000
2025-12-16 17:31:08.980,-0.001159,-0.004428,-0.007688,-0.000003,0.000003,0.000000
2025-12-16 17:31:08.981,-0.001179,-0.004406,-0.007736,-0.000002,0.000003,0.000000
2025-12-16 17:31:08.982,-0.001199,-0.004384,-0.007786,-0.000003,0.000003,0.000000
2025-12-16 17:31:08.983,-0.001232,-0.004351,-0.007848,-0.000003,0.000003,0.000000
2025-12-16 17:31:08.984,-0.001266,-0.004319,-0.007906,-0.000003,0.000003,0.000000
2025-12-16 17:31:08.986,-0.001301,-0.004287,-0.007963,-0.000003,0.000003,0.000000
2025-12-16 17:31:08.987,-0.001346,-0.004249,-0.008037,-0.000003,0.000003,0.000000
2025-12-16 17:31:08.988,-0.001434,-0.004178,-0.008177,-0.000003,0.000003,0.000000
2025-12-16 17:31:08.989,-0.001481,-0.004143,-0.008247,-0.000003,0.000003,0.000000
2025-12-16 17:31:08.990,-0.001528,-0.004114,-0.008317,-0.000003,0.000003,0.000000
2025-12-16 17:31:08.991,-0.001577,-0.004077,-0.008386,-0.000003,0.000003,0.000000
2025-12-16 17:31:08.992,-0.001634,-0.004037,-0.008463,-0.000003,0.000003,0.000000
2025-12-16 17:31:08.993,-0.001692,-0.003998,-0.008540,-0.000003,0.000003,0.000001
2025-12-16 17:31:08.995,-0.001801,-0.003933,-0.008697,-0.000003,0.000003,0.000001
2025-12-16 17:31:08.996,-0.001849,-0.003906,-0.008772,-0.000003,0.000003,0.000001
2025-12-16 17:31:08.997,-0.001896,-0.003878,-0.008853,-0.000003,0.000003,0.000001
2025-12-16 17:31:08.998,-0.001947,-0.003847,-0.008939,-0.000003,0.000004,0.000001
2025-12-16 17:31:09.000,-0.001999,-0.003817,-0.009017,-0.000003,0.000004,0.000001
2025-12-16 17:31:09.001,-0.002096,-0.003760,-0.009166,-0.000003,0.000004,0.000001
2025-12-16 17:31:09.002,-0.002143,-0.003737,-0.009239,-0.000003,0.000004,0.000001
2025-12-16 17:31:09.003,-0.002182,-0.003719,-0.009309,-0.000003,0.000004,0.000001
2025-12-16 17:31:09.004,-0.002219,-0.003706,-0.009378,-0.000003,0.000004,0.000001
2025-12-16 17:31:09.005,-0.002256,-0.003691,-0.009444,-0.000003,0.000004,0.000001
2025-12-16 17:31:09.006,-0.002292,-0.003676,-0.009505,-0.000003,0.000004,0.000001
2025-12-16 17:31:09.009,-0.002367,-0.003645,-0.009606,-0.000003,0.000004,0.000001
2025-12-16 17:31:09.010,-0.002445,-0.003610,-0.009679,-0.000003,0.000004,0.000001
2025-12-16 17:31:09.011,-0.002488,-0.003592,-0.009708,-0.000003,0.000004,0.000001
2025-12-16 17:31:09.013,-0.002575,-0.003546,-0.009755,-0.000003,0.000004,0.000001
2025-12-16 17:31:09.014,-0.002617,-0.003519,-0.009775,-0.000003,0.000004,0.000001
2025-12-16 17:31:09.015,-0.002662,-0.003488,-0.009785,-0.000003,0.000004,0.000001
2025-12-16 17:31:09.017,-0.002706,-0.003453,-0.009787,-0.000003,0.000004,0.000001
2025-12-16 17:31:09.018,-0.002806,-0.003369,-0.009763,-0.000003,0.000004,0.000001
2025-12-16 17:31:09.019,-0.002856,-0.003325,-0.009737,-0.000003,0.000004,0.000001
2025-12-16 17:31:09.020,-0.002907,-0.003275,-0.009706,-0.000003,0.000004,0.000001
2025-12-16 17:31:09.021,-0.002955,-0.003225,-0.009667,-0.000003,0.000004,0.000001
2025-12-16 17:31:09.022,-0.003005,-0.003170,-0.009615,-0.000003,0.000004,0.000001
2025-12-16 17:31:09.023,-0.003050,-0.003115,-0.009551,-0.000003,0.000004,0.000001
2025-12-16 17:31:09.024,-0.003099,-0.003052,-0.009480,-0.000003,0.000004,0.000001
2025-12-16 17:31:09.026,-0.003198,-0.002925,-0.009311,-0.000003,0.000004,0.000001
2025-12-16 17:31:09.027,-0.003242,-0.002864,-0.009217,-0.000003,0.000004,0.000001
2025-12-16 17:31:09.028,-0.003287,-0.002809,-0.009112,-0.000003,0.000004,0.000001
2025-12-16 17:31:09.030,-0.003370,-0.002689,-0.008877,-0.000003,0.000004,0.000001
2025-12-16 17:31:09.031,-0.003404,-0.002637,-0.008755,-0.000003,0.000004,0.000001
2025-12-16 17:31:09.035,-0.003464,-0.002503,-0.008321,-0.000003,0.000004,0.000001
2025-12-16 17:31:09.036,-0.003481,-0.002431,-0.008014,-0.000003,0.000004,0.000001
2025-12-16 17:31:09.037,-0.003484,-0.002401,-0.007855,-0.000003,0.000004,0.000001
2025-12-16 17:31:09.038,-0.003480,-0.002375,-0.007695,-0.000003,0.000004,0.000001
2025-12-16 17:31:09.039,-0.003468,-0.002356,-0.007523,-0.000003,0.000004,0.000001
2025-12-16 17:31:09.041,-0.003447,-0.002345,-0.007347,-0.000003,0.000004,0.000001
2025-12-16 17:31:09.042,-0.003391,-0.002331,-0.006978,-0.000003,0.000003,0.000001
2025-12-16 17:31:09.043,-0.003365,-0.002328,-0.006798,-0.000003,0.000003,0.000001
2025-12-16 17:31:09.044,-0.003332,-0.002331,-0.006620,-0.000003,0.000003,0.000001
2025-12-16 17:31:09.045,-0.003297,-0.002337,-0.006441,-0.000003,0.000003,0.000001
2025-12-16 17:31:09.046,-0.003259,-0.002348,-0.006259,-0.000003,0.000003,0.000001
2025-12-16 17:31:09.048,-0.003217,-0.002361,-0.006078,-0.000002,0.000003,0.000001
2025-12-16 17:31:09.049,-0.003168,-0.002372,-0.005895,-0.000002,0.000003,0.000001
2025-12-16 17:31:09.050,-0.003112,-0.002390,-0.005709,-0.000002,0.000003,0.000001
2025-12-16 17:31:09.051,-0.002999,-0.002420,-0.005361,-0.000002,0.000003,0.000001
2025-12-16 17:31:09.052,-0.002941,-0.002436,-0.005190,-0.000002,0.000003,0.000001
2025-12-16 17:31:09.054,-0.002824,-0.002483,-0.004862,-0.000002,0.000002,0.000001
2025-12-16 17:31:09.056,-0.002772,-0.002500,-0.004708,-0.000002,0.000002,0.000001
2025-12-16 17:31:09.057,-0.002670,-0.002527,-0.004414,-0.000002,0.000002,0.000001
2025-12-16 17:31:09.058,-0.002622,-0.002538,-0.004278,-0.000002,0.000002,0.000001
2025-12-16 17:31:09.059,-0.002581,-0.002546,-0.004154,-0.000002,0.000002,0.000001
2025-12-16 17:31:09.060,-0.002539,-0.002550,-0.004031,-0.000002,0.000002,0.000001
2025-12-16 17:31:09.061,-0.002507,-0.002549,-0.003912,-0.000002,0.000002,0.000001
2025-12-16 17:31:09.062,-0.002480,-0.002547,-0.003793,-0.000001,0.000002,0.000001
2025-12-16 17:31:09.063,-0.002459,-0.002545,-0.003692,-0.000001,0.000002,0.000001
2025-12-16 17:31:09.065,-0.002444,-0.002539,-0.003595,-0.000001,0.000002,0.000001
2025-12-16 17:31:09.066,-0.002429,-0.002535,-0.003508,-0.000001,0.000002,0.000001
2025-12-16 17:31:09.067,-0.002419,-0.002522,-0.003432,-0.000001,0.000002,0.000001
2025-12-16 17:31:09.068,-0.002422,-0.002482,-0.003301,-0.000001,0.000002,0.000001
2025-12-16 17:31:09.069,-0.002436,-0.002459,-0.003249,-0.000001,0.000002,0.000001
2025-12-16 17:31:09.070,-0.002470,-0.002428,-0.003200,-0.000001,0.000002,0.000001
2025-12-16 17:31:09.071,-0.002506,-0.002398,-0.003160,-0.000001,0.000002,0.000001
2025-12-16 17:31:09.072,-0.002544,-0.002368,-0.003130,-0.000001,0.000002,0.000001
2025-12-16 17:31:09.073,-0.002585,-0.002334,-0.003108,-0.000001,0.000002,0.000001
2025-12-16 17:31:09.074,-0.002636,-0.002296,-0.003096,-0.000001,0.000002,0.000001
2025-12-16 17:31:09.075,-0.002686,-0.002263,-0.003088,-0.000001,0.000002,0.000001
2025-12-16 17:31:09.077,-0.002749,-0.002228,-0.003085,-0.000001,0.000002,0.000001
2025-12-16 17:31:09.078,-0.002890,-0.002156,-0.003089,-0.000001,0.000002,0.000001
2025-12-16 17:31:09.079,-0.002964,-0.002123,-0.003098,-0.000001,0.000002,0.000001
2025-12-16 17:31:09.080,-0.003060,-0.002086,-0.003119,-0.000001,0.000002,0.000001
2025-12-16 17:31:09.081,-0.003148,-0.002053,-0.003142,-0.000001,0.000002,0.000001
2025-12-16 17:31:09.082,-0.003231,-0.002028,-0.003161,-0.000001,0.000002,0.000001
2025-12-16 17:31:09.083,-0.003304,-0.002009,-0.003185,-0.000001,0.000002,0.000001
2025-12-16 17:31:09.084,-0.003380,-0.001992,-0.003217,-0.000001,0.000002,0.000001
2025-12-16 17:31:09.085,-0.003459,-0.001974,-0.003256,-0.000001,0.000002,0.000001
2025-12-16 17:31:09.086,-0.003538,-0.001956,-0.003295,-0.000001,0.000002,0.000001
2025-12-16 17:31:09.087,-0.003620,-0.001945,-0.003334,-0.000001,0.000002,0.000001
2025-12-16 17:31:09.089,-0.003696,-0.001940,-0.003377,-0.000001,0.000002,0.000001
2025-12-16 17:31:09.090,-0.003769,-0.001940,-0.003418,-0.000001,0.000002,0.000001
2025-12-16 17:31:09.091,-0.003895,-0.001951,-0.003499,-0.000001,0.000002,0.000001
2025-12-16 17:31:09.092,-0.003948,-0.001960,-0.003540,-0.000002,0.000003,0.000001
2025-12-16 17:31:09.093,-0.003996,-0.001969,-0.003576,-0.000002,0.000003,0.000001
2025-12-16 17:31:09.094,-0.004038,-0.001983,-0.003603,-0.000002,0.000003,0.000001
2025-12-16 17:31:09.095,-0.004075,-0.002001,-0.003631,-0.000002,0.000003,0.000001
2025-12-16 17:31:09.096,-0.004094,-0.002025,-0.003652,-0.000002,0.000003,0.000001
2025-12-16 17:31:09.097,-0.004106,-0.002050,-0.003671,-0.000002,0.000003,0.000001
2025-12-16 17:31:09.099,-0.004109,-0.002077,-0.003690,-0.000002,0.000003,0.000001
2025-12-16 17:31:09.100,-0.004105,-0.002105,-0.003703,-0.000002,0.000003,0.000001
2025-12-16 17:31:09.101,-0.004095,-0.002139,-0.003710,-0.000002,0.000003,0.000001
2025-12-16 17:31:09.102,-0.004046,-0.002209,-0.003721,-0.000002,0.000003,0.000001
2025-12-16 17:31:09.106,-0.003927,-0.002307,-0.003697,-0.000002,0.000003,0.000001
2025-12-16 17:31:09.107,-0.003792,-0.002382,-0.003633,-0.000002,0.000002,0.000001
2025-12-16 17:31:09.108,-0.003725,-0.002417,-0.003599,-0.000002,0.000002,0.000001
2025-12-16 17:31:09.109,-0.003650,-0.002448,-0.003557,-0.000002,0.000002,0.000001
2025-12-16 17:31:09.110,-0.003574,-0.002475,-0.003515,-0.000002,0.000002,0.000001
2025-12-16 17:31:09.111,-0.003493,-0.002502,-0.003462,-0.000002,0.000002,0.000001
2025-12-16 17:31:09.113,-0.003397,-0.002526,-0.003392,-0.000002,0.000002,0.000001
2025-12-16 17:31:09.117,-0.003041,-0.002581,-0.003110,-0.000001,0.000002,0.000001
2025-12-16 17:31:09.118,-0.002844,-0.002585,-0.002932,-0.000001,0.000002,0.000001
2025-12-16 17:31:09.119,-0.002752,-0.002581,-0.002842,-0.000001,0.000002,0.000001
2025-12-16 17:31:09.121,-0.002554,-0.002569,-0.002642,-0.000001,0.000002,0.000000
2025-12-16 17:31:09.122,-0.002456,-0.002557,-0.002539,-0.000001,0.000002,0.000000
2025-12-16 17:31:09.123,-0.002356,-0.002540,-0.002433,-0.000001,0.000001,0.000000
2025-12-16 17:31:09.124,-0.002260,-0.002518,-0.002326,-0.000001,0.000001,0.000000
2025-12-16 17:31:09.126,-0.002065,-0.002473,-0.002099,-0.000001,0.000001,0.000000
2025-12-16 17:31:09.128,-0.001860,-0.002419,-0.001872,-0.000001,0.000001,0.000000
2025-12-16 17:31:09.129,-0.001758,-0.002390,-0.001759,-0.000001,0.000001,0.000000
2025-12-16 17:31:09.130,-0.001657,-0.002359,-0.001645,-0.000001,0.000001,0.000000
2025-12-16 17:31:09.132,-0.001549,-0.002329,-0.001537,-0.000001,0.000001,0.000000
2025-12-16 17:31:09.133,-0.001335,-0.002266,-0.001332,-0.000001,0.000001,0.000000
2025-12-16 17:31:09.134,-0.001223,-0.002236,-0.001232,-0.000001,0.000001,0.000000
2025-12-16 17:31:09.135,-0.001118,-0.002207,-0.001138,-0.000000,0.000001,-0.000000
2025-12-16 17:31:09.137,-0.001014,-0.002181,-0.001052,-0.000000,0.000001,-0.000000
2025-12-16 17:31:09.138,-0.000812,-0.002131,-0.000890,-0.000000,0.000000,-0.000000
2025-12-16 17:31:09.139,-0.000721,-0.002100,-0.000822,-0.000000,0.000000,-0.000000
2025-12-16 17:31:09.140,-0.000639,-0.002062,-0.000769,-0.000000,0.000000,-0.000000
2025-12-16 17:31:09.143,-0.000419,-0.001939,-0.000639,-0.000000,0.000000,-0.000000
2025-12-16 17:31:09.144,-0.000358,-0.001900,-0.000611,-0.000000,0.000000,-0.000000
2025-12-16 17:31:09.148,-0.000210,-0.001711,-0.000618,-0.000000,0.000000,-0.000000
2025-12-16 17:31:09.150,-0.000184,-0.001602,-0.000662,-0.000000,0.000000,-0.000000
2025-12-16 17:31:09.153,-0.000210,-0.001474,-0.000729,-0.000000,0.000000,-0.000000
2025-12-16 17:31:09.154,-0.000271,-0.001343,-0.000838,-0.000000,0.000000,-0.000000
2025-12-16 17:31:09.156,-0.000354,-0.001225,-0.000963,-0.000000,0.000000,-0.000000
2025-12-16 17:31:09.157,-0.000401,-0.001165,-0.001032,-0.000000,0.000000,-0.000000
2025-12-16 17:31:09.158,-0.000447,-0.001106,-0.001108,-0.000000,0.000000,0.000000
2025-12-16 17:31:09.160,-0.000495,-0.001053,-0.001186,-0.000000,0.000001,0.000000
2025-12-16 17:31:09.161,-0.000547,-0.001003,-0.001269,-0.000000,0.000001,0.000000
2025-12-16 17:31:09.162,-0.000665,-0.000913,-0.001444,-0.000001,0.000001,0.000000
2025-12-16 17:31:09.163,-0.000726,-0.000874,-0.001540,-0.000001,0.000001,0.000000
2025-12-16 17:31:09.164,-0.000786,-0.000840,-0.001636,-0.000001,0.000001,0.000000
2025-12-16 17:31:09.166,-0.000911,-0.000778,-0.001850,-0.000001,0.000001,0.000000
2025-12-16 17:31:09.167,-0.000966,-0.000753,-0.001942,-0.000001,0.000001,0.000000
2025-12-16 17:31:09.168,-0.001016,-0.000733,-0.002035,-0.000001,0.000001,0.000000
2025-12-16 17:31:09.169,-0.001065,-0.000721,-0.002127,-0.000001,0.000001,0.000000
2025-12-16 17:31:09.170,-0.001118,-0.000714,-0.002225,-0.000001,0.000001,0.000000
2025-12-16 17:31:09.171,-0.001164,-0.000714,-0.002328,-0.000001,0.000001,0.000000
2025-12-16 17:31:09.173,-0.001212,-0.000716,-0.002434,-0.000001,0.000001,0.000001
2025-12-16 17:31:09.174,-0.001256,-0.000721,-0.002541,-0.000001,0.000001,0.000001
2025-12-16 17:31:09.175,-0.001302,-0.000731,-0.002649,-0.000001,0.000001,0.000001
2025-12-16 17:31:09.176,-0.001383,-0.000762,-0.002842,-0.000001,0.000001,0.000001
2025-12-16 17:31:09.178,-0.001428,-0.000781,-0.002937,-0.000001,0.000002,0.000001
2025-12-16 17:31:09.179,-0.001522,-0.000836,-0.003125,-0.000001,0.000002,0.000001
2025-12-16 17:31:09.180,-0.001551,-0.000871,-0.003199,-0.000001,0.000002,0.000001
2025-12-16 17:31:09.181,-0.001577,-0.000912,-0.003270,-0.000001,0.000002,0.000001
2025-12-16 17:31:09.182,-0.001603,-0.000955,-0.003342,-0.000001,0.000002,0.000001
2025-12-16 17:31:09.183,-0.001625,-0.000997,-0.003404,-0.000001,0.000002,0.000001
2025-12-16 17:31:09.185,-0.001665,-0.001084,-0.003509,-0.000001,0.000002,0.000001
2025-12-16 17:31:09.186,-0.001680,-0.001137,-0.003550,-0.000001,0.000002,0.000001
2025-12-16 17:31:09.187,-0.001690,-0.001195,-0.003594,-0.000001,0.000002,0.000001
2025-12-16 17:31:09.189,-0.001704,-0.001249,-0.003636,-0.000001,0.000002,0.000001
2025-12-16 17:31:09.190,-0.001718,-0.001301,-0.003677,-0.000001,0.000002,0.000001
2025-12-16 17:31:09.191,-0.001729,-0.001418,-0.003737,-0.000001,0.000002,0.000001
2025-12-16 17:31:09.193,-0.001701,-0.001546,-0.003766,-0.000001,0.000002,0.000001
2025-12-16 17:31:09.194,-0.001677,-0.001612,-0.003765,-0.000001,0.000002,0.000001
2025-12-16 17:31:09.195,-0.001652,-0.001679,-0.003762,-0.000001,0.000002,0.000001
2025-12-16 17:31:09.196,-0.001630,-0.001737,-0.003759,-0.000001,0.000002,0.000001
2025-12-16 17:31:09.197,-0.001601,-0.001795,-0.003751,-0.000001,0.000002,0.000000
2025-12-16 17:31:09.199,-0.001570,-0.001852,-0.003740,-0.000001,0.000002,0.000000
2025-12-16 17:31:09.200,-0.001538,-0.001903,-0.003725,-0.000001,0.000002,0.000000
2025-12-16 17:31:09.201,-0.001476,-0.001983,-0.003686,-0.000001,0.000002,0.000000
2025-12-16 17:31:09.202,-0.001440,-0.002017,-0.003660,-0.000001,0.000002,0.000000
2025-12-16 17:31:09.203,-0.001414,-0.002045,-0.003636,-0.000001,0.000002,0.000000
2025-12-16 17:31:09.204,-0.001388,-0.002070,-0.003614,-0.000001,0.000002,0.000000
2025-12-16 17:31:09.205,-0.001361,-0.002091,-0.003588,-0.000001,0.000002,0.000000
2025-12-16 17:31:09.206,-0.001335,-0.002112,-0.003563,-0.000001,0.000002,0.000000
2025-12-16 17:31:09.207,-0.001314,-0.002124,-0.003533,-0.000001,0.000002,0.000000
2025-12-16 17:31:09.208,-0.001295,-0.002134,-0.003502,-0.000001,0.000001,0.000000
2025-12-16 17:31:09.209,-0.001275,-0.002136,-0.003465,-0.000001,0.000001,0.000000
2025-12-16 17:31:09.210,-0.001257,-0.002135,-0.003431,-0.000001,0.000001,0.000000
2025-12-16 17:31:09.212,-0.001246,-0.002130,-0.003398,-0.000001,0.000001,0.000000
2025-12-16 17:31:09.213,-0.001242,-0.002124,-0.003367,-0.000001,0.000001,0.000000
2025-12-16 17:31:09.214,-0.001246,-0.002096,-0.003311,-0.000001,0.000001,0.000000
2025-12-16 17:31:09.215,-0.001259,-0.002078,-0.003290,-0.000001,0.000001,0.000000
2025-12-16 17:31:09.216,-0.001270,-0.002060,-0.003271,-0.000001,0.000001,0.000000
2025-12-16 17:31:09.217,-0.001287,-0.002041,-0.003255,-0.000001,0.000001,0.000000
2025-12-16 17:31:09.218,-0.001302,-0.002024,-0.003243,-0.000001,0.000001,0.000000
2025-12-16 17:31:09.219,-0.001316,-0.002004,-0.003234,-0.000001,0.000001,0.000000
2025-12-16 17:31:09.220,-0.001330,-0.001983,-0.003229,-0.000001,0.000001,0.000000
2025-12-16 17:31:09.221,-0.001342,-0.001965,-0.003227,-0.000001,0.000001,0.000000
2025-12-16 17:31:09.222,-0.001353,-0.001947,-0.003229,-0.000001,0.000001,0.000000
2025-12-16 17:31:09.223,-0.001358,-0.001938,-0.003235,-0.000001,0.000001,0.000000
2025-12-16 17:31:09.224,-0.001361,-0.001936,-0.003246,-0.000001,0.000001,0.000000
2025-12-16 17:31:09.225,-0.001366,-0.001933,-0.003259,-0.000001,0.000001,0.000000
2025-12-16 17:31:09.227,-0.001370,-0.001927,-0.003276,-0.000001,0.000001,0.000000
2025-12-16 17:31:09.228,-0.001369,-0.001930,-0.003299,-0.000001,0.000001,0.000000
2025-12-16 17:31:09.229,-0.001363,-0.001945,-0.003349,-0.000001,0.000001,0.000000
2025-12-16 17:31:09.230,-0.001356,-0.001964,-0.003382,-0.000001,0.000002,0.000000
2025-12-16 17:31:09.231,-0.001352,-0.001984,-0.003423,-0.000001,0.000002,0.000000
2025-12-16 17:31:09.232,-0.001340,-0.002009,-0.003468,-0.000001,0.000002,0.000000
2025-12-16 17:31:09.233,-0.001326,-0.002036,-0.003516,-0.000001,0.000002,0.000000
2025-12-16 17:31:09.234,-0.001313,-0.002065,-0.003569,-0.000001,0.000002,0.000000
2025-12-16 17:31:09.235,-0.001296,-0.002093,-0.003622,-0.000001,0.000002,0.000000
2025-12-16 17:31:09.236,-0.001277,-0.002126,-0.003675,-0.000001,0.000002,0.000000
2025-12-16 17:31:09.237,-0.001260,-0.002159,-0.003730,-0.000001,0.000002,0.000000
2025-12-16 17:31:09.238,-0.001242,-0.002195,-0.003792,-0.000001,0.000002,0.000000
2025-12-16 17:31:09.239,-0.001227,-0.002232,-0.003858,-0.000001,0.000002,0.000000
2025-12-16 17:31:09.241,-0.001215,-0.002268,-0.003924,-0.000001,0.000002,0.000000
2025-12-16 17:31:09.242,-0.001208,-0.002302,-0.003988,-0.000001,0.000002,0.000000
2025-12-16 17:31:09.243,-0.001200,-0.002341,-0.004055,-0.000001,0.000002,0.000000
2025-12-16 17:31:09.244,-0.001196,-0.002375,-0.004118,-0.000001,0.000002,0.000000
2025-12-16 17:31:09.245,-0.001199,-0.002428,-0.004249,-0.000002,0.000002,0.000000
2025-12-16 17:31:09.246,-0.001204,-0.002453,-0.004320,-0.000001,0.000002,0.000000
2025-12-16 17:31:09.247,-0.001215,-0.002471,-0.004389,-0.000002,0.000002,0.000000
2025-12-16 17:31:09.248,-0.001223,-0.002492,-0.004463,-0.000002,0.000002,0.000000
2025-12-16 17:31:09.249,-0.001230,-0.002512,-0.004539,-0.000002,0.000002,0.000000
2025-12-16 17:31:09.250,-0.001241,-0.002526,-0.004611,-0.000002,0.000002,0.000000
2025-12-16 17:31:09.251,-0.001252,-0.002535,-0.004679,-0.000002,0.000002,0.000000
2025-12-16 17:31:09.253,-0.001267,-0.002542,-0.004745,-0.000002,0.000002,0.000000
2025-12-16 17:31:09.254,-0.001288,-0.002547,-0.004810,-0.000002,0.000002,0.000000
2025-12-16 17:31:09.255,-0.001315,-0.002553,-0.004879,-0.000002,0.000002,0.000000
2025-12-16 17:31:09.256,-0.001341,-0.002559,-0.004939,-0.000002,0.000002,0.000000
2025-12-16 17:31:09.257,-0.001390,-0.002563,-0.005058,-0.000002,0.000002,0.000000
2025-12-16 17:31:09.258,-0.001418,-0.002563,-0.005109,-0.000002,0.000002,0.000000
2025-12-16 17:31:09.259,-0.001441,-0.002564,-0.005156,-0.000002,0.000002,0.000000
2025-12-16 17:31:09.260,-0.001461,-0.002571,-0.005201,-0.000002,0.000002,0.000000
2025-12-16 17:31:09.261,-0.001483,-0.002576,-0.005246,-0.000002,0.000002,0.000000
2025-12-16 17:31:09.262,-0.001505,-0.002579,-0.005289,-0.000002,0.000002,0.000000
2025-12-16 17:31:09.263,-0.001527,-0.002582,-0.005330,-0.000002,0.000002,0.000000
2025-12-16 17:31:09.264,-0.001546,-0.002587,-0.005367,-0.000002,0.000002,0.000000
2025-12-16 17:31:09.265,-0.001568,-0.002593,-0.005398,-0.000002,0.000002,0.000000
2025-12-16 17:31:09.267,-0.001586,-0.002605,-0.005424,-0.000002,0.000002,0.000000
2025-12-16 17:31:09.268,-0.001597,-0.002619,-0.005450,-0.000002,0.000002,0.000000
2025-12-16 17:31:09.269,-0.001605,-0.002632,-0.005472,-0.000002,0.000002,0.000000
2025-12-16 17:31:09.270,-0.001608,-0.002649,-0.005490,-0.000002,0.000002,0.000000
2025-12-16 17:31:09.271,-0.001608,-0.002679,-0.005521,-0.000002,0.000002,0.000000
2025-12-16 17:31:09.272,-0.001608,-0.002694,-0.005539,-0.000002,0.000002,0.000000
2025-12-16 17:31:09.273,-0.001606,-0.002710,-0.005553,-0.000002,0.000002,0.000000
2025-12-16 17:31:09.274,-0.001602,-0.002723,-0.005564,-0.000002,0.000002,0.000000
2025-12-16 17:31:09.275,-0.001596,-0.002738,-0.005568,-0.000002,0.000002,0.000000
2025-12-16 17:31:09.276,-0.001589,-0.002748,-0.005575,-0.000002,0.000002,0.000000
2025-12-16 17:31:09.277,-0.001579,-0.002758,-0.005579,-0.000002,0.000002,0.000000
2025-12-16 17:31:09.279,-0.001568,-0.002770,-0.005579,-0.000002,0.000002,0.000000
2025-12-16 17:31:09.280,-0.001556,-0.002779,-0.005574,-0.000002,0.000002,0.000000
2025-12-16 17:31:09.281,-0.001531,-0.002783,-0.005549,-0.000002,0.000002,0.000000
2025-12-16 17:31:09.282,-0.001519,-0.002779,-0.005532,-0.000002,0.000002,0.000000
2025-12-16 17:31:09.283,-0.001503,-0.002768,-0.005505,-0.000002,0.000002,0.000000
2025-12-16 17:31:09.284,-0.001489,-0.002757,-0.005479,-0.000002,0.000002,0.000000
2025-12-16 17:31:09.285,-0.001475,-0.002744,-0.005453,-0.000002,0.000002,0.000000
2025-12-16 17:31:09.286,-0.001455,-0.002728,-0.005422,-0.000002,0.000002,0.000000
2025-12-16 17:31:09.288,-0.001437,-0.002709,-0.005388,-0.000002,0.000002,0.000000
2025-12-16 17:31:09.289,-0.001420,-0.002689,-0.005351,-0.000002,0.000002,0.000000
2025-12-16 17:31:09.290,-0.001404,-0.002665,-0.005305,-0.000002,0.000002,0.000000
2025-12-16 17:31:09.291,-0.001388,-0.002633,-0.005245,-0.000002,0.000002,0.000000
2025-12-16 17:31:09.292,-0.001375,-0.002604,-0.005190,-0.000002,0.000002,0.000000
2025-12-16 17:31:09.293,-0.001364,-0.002573,-0.005131,-0.000002,0.000002,0.000000
2025-12-16 17:31:09.295,-0.001353,-0.002540,-0.005066,-0.000002,0.000002,0.000000
2025-12-16 17:31:09.296,-0.001330,-0.002471,-0.004934,-0.000002,0.000002,0.000000
2025-12-16 17:31:09.297,-0.001307,-0.002400,-0.004798,-0.000002,0.000002,0.000000
2025-12-16 17:31:09.298,-0.001295,-0.002365,-0.004731,-0.000002,0.000002,0.000000
2025-12-16 17:31:09.300,-0.001259,-0.002307,-0.004551,-0.000002,0.000002,0.000000
2025-12-16 17:31:09.301,-0.001241,-0.002281,-0.004472,-0.000002,0.000002,0.000000
2025-12-16 17:31:09.302,-0.001225,-0.002256,-0.004397,-0.000002,0.000002,0.000000
2025-12-16 17:31:09.303,-0.001207,-0.002229,-0.004325,-0.000002,0.000002,0.000000
2025-12-16 17:31:09.304,-0.001189,-0.002203,-0.004251,-0.000002,0.000002,0.000000
2025-12-16 17:31:09.305,-0.001171,-0.002179,-0.004182,-0.000001,0.000002,0.000000
2025-12-16 17:31:09.306,-0.001155,-0.002153,-0.004114,-0.000001,0.000002,0.000000
2025-12-16 17:31:09.308,-0.001125,-0.002098,-0.003984,-0.000001,0.000002,0.000000
2025-12-16 17:31:09.309,-0.001112,-0.002071,-0.003925,-0.000001,0.000002,0.000000
2025-12-16 17:31:09.310,-0.001095,-0.002040,-0.003861,-0.000001,0.000002,0.000000
2025-12-16 17:31:09.311,-0.001078,-0.002012,-0.003805,-0.000001,0.000002,0.000000
2025-12-16 17:31:09.312,-0.001062,-0.001987,-0.003757,-0.000001,0.000002,0.000000
2025-12-16 17:31:09.314,-0.001050,-0.001962,-0.003719,-0.000001,0.000001,0.000000
2025-12-16 17:31:09.315,-0.001036,-0.001934,-0.003678,-0.000001,0.000001,0.000000
2025-12-16 17:31:09.316,-0.001020,-0.001876,-0.003620,-0.000001,0.000001,0.000000
2025-12-16 17:31:09.317,-0.001020,-0.001836,-0.003592,-0.000001,0.000001,0.000000
2025-12-16 17:31:09.318,-0.001023,-0.001798,-0.003568,-0.000001,0.000001,0.000000
2025-12-16 17:31:09.320,-0.001027,-0.001767,-0.003549,-0.000001,0.000001,0.000000
2025-12-16 17:31:09.321,-0.001039,-0.001706,-0.003519,-0.000001,0.000001,0.000000
2025-12-16 17:31:09.322,-0.001044,-0.001676,-0.003498,-0.000001,0.000001,0.000000
2025-12-16 17:31:09.323,-0.001055,-0.001645,-0.003480,-0.000001,0.000001,0.000000
2025-12-16 17:31:09.324,-0.001066,-0.001614,-0.003464,-0.000001,0.000001,0.000000
2025-12-16 17:31:09.325,-0.001081,-0.001581,-0.003447,-0.000001,0.000001,0.000000
2025-12-16 17:31:09.327,-0.001102,-0.001548,-0.003434,-0.000001,0.000001,0.000000
2025-12-16 17:31:09.328,-0.001149,-0.001483,-0.003419,-0.000001,0.000001,0.000000
2025-12-16 17:31:09.329,-0.001177,-0.001451,-0.003412,-0.000001,0.000002,0.000000
2025-12-16 17:31:09.330,-0.001210,-0.001419,-0.003408,-0.000001,0.000002,0.000000
2025-12-16 17:31:09.331,-0.001238,-0.001393,-0.003405,-0.000001,0.000002,0.000000
2025-12-16 17:31:09.333,-0.001269,-0.001362,-0.003403,-0.000001,0.000002,0.000000
2025-12-16 17:31:09.335,-0.001335,-0.001294,-0.003392,-0.000001,0.000002,0.000001
2025-12-16 17:31:09.337,-0.001450,-0.001197,-0.003384,-0.000001,0.000002,0.000001
2025-12-16 17:31:09.338,-0.001497,-0.001159,-0.003390,-0.000001,0.000002,0.000001
2025-12-16 17:31:09.339,-0.001539,-0.001125,-0.003396,-0.000001,0.000002,0.000001
2025-12-16 17:31:09.340,-0.001579,-0.001093,-0.003403,-0.000001,0.000002,0.000001
2025-12-16 17:31:09.341,-0.001615,-0.001063,-0.003411,-0.000001,0.000002,0.000001
2025-12-16 17:31:09.342,-0.001658,-0.001029,-0.003428,-0.000001,0.000002,0.000001
2025-12-16 17:31:09.344,-0.001697,-0.000998,-0.003445,-0.000001,0.000002,0.000001
2025-12-16 17:31:09.345,-0.001736,-0.000964,-0.003459,-0.000001,0.000002,0.000001
2025-12-16 17:31:09.346,-0.001816,-0.000889,-0.003503,-0.000001,0.000002,0.000001
2025-12-16 17:31:09.347,-0.001861,-0.000851,-0.003523,-0.000001,0.000002,0.000001
2025-12-16 17:31:09.348,-0.001904,-0.000817,-0.003545,-0.000001,0.000002,0.000001
2025-12-16 17:31:09.349,-0.001947,-0.000782,-0.003570,-0.000001,0.000002,0.000001
2025-12-16 17:31:09.350,-0.001988,-0.000748,-0.003592,-0.000001,0.000002,0.000001
2025-12-16 17:31:09.351,-0.002029,-0.000713,-0.003615,-0.000001,0.000002,0.000001
2025-12-16 17:31:09.352,-0.002067,-0.000680,-0.003641,-0.000001,0.000002,0.000001
2025-12-16 17:31:09.355,-0.002138,-0.000622,-0.003702,-0.000002,0.000002,0.000001
2025-12-16 17:31:09.356,-0.002198,-0.000565,-0.003760,-0.000002,0.000002,0.000001
2025-12-16 17:31:09.357,-0.002223,-0.000538,-0.003785,-0.000002,0.000002,0.000001
2025-12-16 17:31:09.358,-0.002249,-0.000508,-0.003810,-0.000002,0.000002,0.000001
2025-12-16 17:31:09.359,-0.002274,-0.000477,-0.003834,-0.000002,0.000002,0.000001
2025-12-16 17:31:09.360,-0.002298,-0.000450,-0.003861,-0.000002,0.000002,0.000001
2025-12-16 17:31:09.362,-0.002348,-0.000390,-0.003912,-0.000002,0.000002,0.000001
2025-12-16 17:31:09.363,-0.002371,-0.000358,-0.003934,-0.000002,0.000002,0.000001
2025-12-16 17:31:09.364,-0.002389,-0.000331,-0.003951,-0.000002,0.000002,0.000001
2025-12-16 17:31:09.365,-0.002403,-0.000305,-0.003962,-0.000002,0.000002,0.000001
2025-12-16 17:31:09.366,-0.002416,-0.000279,-0.003972,-0.000002,0.000002,0.000001
2025-12-16 17:31:09.367,-0.002429,-0.000251,-0.003988,-0.000002,0.000002,0.000001
2025-12-16 17:31:09.368,-0.002438,-0.000218,-0.003998,-0.000002,0.000002,0.000001
2025-12-16 17:31:09.371,-0.002461,-0.000109,-0.004027,-0.000002,0.000002,0.000001
2025-12-16 17:31:09.372,-0.002469,-0.000066,-0.004035,-0.000002,0.000002,0.000001
2025-12-16 17:31:09.373,-0.002474,-0.000023,-0.004043,-0.000002,0.000002,0.000001
2025-12-16 17:31:09.374,-0.002478,0.000019,-0.004048,-0.000002,0.000002,0.000001
2025-12-16 17:31:09.375,-0.002484,0.000063,-0.004052,-0.000002,0.000002,0.000002
2025-12-16 17:31:09.376,-0.002487,0.000108,-0.004057,-0.000002,0.000003,0.000002
2025-12-16 17:31:09.377,-0.002486,0.000156,-0.004061,-0.000002,0.000003,0.000002
2025-12-16 17:31:09.379,-0.002484,0.000204,-0.004063,-0.000002,0.000003,0.000002
2025-12-16 17:31:09.380,-0.002481,0.000255,-0.004064,-0.000002,0.000003,0.000002
2025-12-16 17:31:09.381,-0.002475,0.000317,-0.004062,-0.000002,0.000003,0.000002
2025-12-16 17:31:09.382,-0.002468,0.000383,-0.004060,-0.000002,0.000003,0.000002
2025-12-16 17:31:09.384,-0.002460,0.000451,-0.004062,-0.000002,0.000003,0.000002
2025-12-16 17:31:09.385,-0.002453,0.000516,-0.004060,-0.000002,0.000003,0.000002
2025-12-16 17:31:09.386,-0.002444,0.000590,-0.004060,-0.000002,0.000003,0.000002
2025-12-16 17:31:09.387,-0.002435,0.000656,-0.004061,-0.000002,0.000003,0.000002
2025-12-16 17:31:09.388,-0.002428,0.000746,-0.004062,-0.000002,0.000003,0.000002
2025-12-16 17:31:09.389,-0.002423,0.000831,-0.004062,-0.000002,0.000003,0.000002
2025-12-16 17:31:09.390,-0.002420,0.000921,-0.004064,-0.000002,0.000003,0.000002
2025-12-16 17:31:09.391,-0.002418,0.001017,-0.004064,-0.000002,0.000003,0.000003
2025-12-16 17:31:09.392,-0.002424,0.001130,-0.004065,-0.000002,0.000003,0.000003
2025-12-16 17:31:09.394,-0.002444,0.001469,-0.004066,-0.000003,0.000003,0.000003
2025-12-16 17:31:09.395,-0.002479,0.001606,-0.004088,-0.000003,0.000003,0.000003
2025-12-16 17:31:09.396,-0.002538,0.001869,-0.004119,-0.000003,0.000003,0.000003
2025-12-16 17:31:09.397,-0.002578,0.002027,-0.004132,-0.000003,0.000003,0.000003
2025-12-16 17:31:09.398,-0.002626,0.002193,-0.004156,-0.000003,0.000003,0.000003
2025-12-16 17:31:09.399,-0.002681,0.002366,-0.004186,-0.000003,0.000003,0.000003
2025-12-16 17:31:09.400,-0.002746,0.002556,-0.004229,-0.000003,0.000003,0.000003
2025-12-16 17:31:09.402,-0.002820,0.002755,-0.004281,-0.000003,0.000003,0.000003
2025-12-16 17:31:09.403,-0.002899,0.002957,-0.004336,-0.000003,0.000003,0.000003
2025-12-16 17:31:09.404,-0.002975,0.003158,-0.004389,-0.000003,0.000003,0.000004
2025-12-16 17:31:09.405,-0.003158,0.003616,-0.004532,-0.000004,0.000004,0.000004
2025-12-16 17:31:09.406,-0.003273,0.003885,-0.004633,-0.000004,0.000004,0.000004
2025-12-16 17:31:09.407,-0.003393,0.004154,-0.004743,-0.000004,0.000004,0.000004
2025-12-16 17:31:09.408,-0.003526,0.004450,-0.004864,-0.000004,0.000004,0.000004
2025-12-16 17:31:09.409,-0.003662,0.004745,-0.004983,-0.000004,0.000004,0.000004
2025-12-16 17:31:09.410,-0.003801,0.005041,-0.005109,-0.000004,0.000004,0.000004
2025-12-16 17:31:09.411,-0.003938,0.005342,-0.005242,-0.000004,0.000004,0.000004
2025-12-16 17:31:09.413,-0.004084,0.005669,-0.005390,-0.000005,0.000005,0.000004
2025-12-16 17:31:09.414,-0.004413,0.006438,-0.005753,-0.000005,0.000005,0.000005
2025-12-16 17:31:09.415,-0.004580,0.006828,-0.005940,-0.000005,0.000005,0.000005
2025-12-16 17:31:09.416,-0.004752,0.007245,-0.006134,-0.000005,0.000005,0.000005
2025-12-16 17:31:09.417,-0.004916,0.007660,-0.006330,-0.000005,0.000005,0.000005
2025-12-16 17:31:09.419,-0.005082,0.008090,-0.006542,-0.000006,0.000006,0.000005
2025-12-16 17:31:09.420,-0.005245,0.008542,-0.006771,-0.000006,0.000006,0.000005
2025-12-16 17:31:09.421,-0.005573,0.009519,-0.007259,-0.000007,0.000007,0.000006
2025-12-16 17:31:09.422,-0.005763,0.010106,-0.007535,-0.000007,0.000007,0.000006
2025-12-16 17:31:09.423,-0.005933,0.010638,-0.007780,-0.000008,0.000007,0.000006
2025-12-16 17:31:09.424,-0.006094,0.011164,-0.008014,-0.000008,0.000008,0.000006
2025-12-16 17:31:09.425,-0.006247,0.011699,-0.008250,-0.000009,0.000008,0.000006
2025-12-16 17:31:09.426,-0.006388,0.012240,-0.008490,-0.000009,0.000008,0.000006
2025-12-16 17:31:09.427,-0.006511,0.012790,-0.008735,-0.000009,0.000009,0.000007
2025-12-16 17:31:09.429,-0.006614,0.013344,-0.008984,-0.000010,0.000009,0.000007
2025-12-16 17:31:09.430,-0.006702,0.013910,-0.009235,-0.000010,0.000010,0.000007
2025-12-16 17:31:09.431,-0.006790,0.014518,-0.009501,-0.000011,0.000010,0.000007
2025-12-16 17:31:09.432,-0.006943,0.015709,-0.010004,-0.000012,0.000011,0.000007
2025-12-16 17:31:09.433,-0.006995,0.016277,-0.010242,-0.000013,0.000012,0.000008
2025-12-16 17:31:09.434,-0.007030,0.016830,-0.010471,-0.000013,0.000012,0.000008
2025-12-16 17:31:09.435,-0.007054,0.017385,-0.010697,-0.000013,0.000012,0.000008
2025-12-16 17:31:09.436,-0.007071,0.017947,-0.010927,-0.000014,0.000013,0.000008
2025-12-16 17:31:09.437,-0.007087,0.018529,-0.011168,-0.000015,0.000014,0.000008
2025-12-16 17:31:09.438,-0.007098,0.019106,-0.011402,-0.000015,0.000014,0.000008
2025-12-16 17:31:09.439,-0.007096,0.019647,-0.011615,-0.000016,0.000015,0.000009
2025-12-16 17:31:09.440,-0.007078,0.020162,-0.011820,-0.000016,0.000015,0.000009
2025-12-16 17:31:09.441,-0.007047,0.020666,-0.012014,-0.000016,0.000016,0.000009
2025-12-16 17:31:09.443,-0.007008,0.021173,-0.012212,-0.000016,0.000016,0.000009
2025-12-16 17:31:09.444,-0.006955,0.021673,-0.012409,-0.000017,0.000017,0.000009
2025-12-16 17:31:09.445,-0.006896,0.022165,-0.012606,-0.000017,0.000017,0.000009
2025-12-16 17:31:09.446,-0.006763,0.023109,-0.012974,-0.000017,0.000018,0.000009
2025-12-16 17:31:09.447,-0.006699,0.023571,-0.013142,-0.000018,0.000019,0.000009
2025-12-16 17:31:09.448,-0.006643,0.024041,-0.013308,-0.000018,0.000019,0.000009
2025-12-16 17:31:09.449,-0.006592,0.024518,-0.013476,-0.000018,0.000020,0.000009
2025-12-16 17:31:09.450,-0.006546,0.025016,-0.013647,-0.000018,0.000020,0.000009
2025-12-16 17:31:09.451,-0.006503,0.025492,-0.013815,-0.000018,0.000021,0.000009
2025-12-16 17:31:09.452,-0.006463,0.025952,-0.013975,-0.000018,0.000021,0.000009
2025-12-16 17:31:09.454,-0.006421,0.026427,-0.014138,-0.000018,0.000022,0.000009
2025-12-16 17:31:09.455,-0.006388,0.026917,-0.014299,-0.000018,0.000022,0.000009
2025-12-16 17:31:09.456,-0.006365,0.027402,-0.014453,-0.000018,0.000023,0.000009
2025-12-16 17:31:09.457,-0.006351,0.027891,-0.014609,-0.000018,0.000023,0.000009
2025-12-16 17:31:09.458,-0.006345,0.028992,-0.014948,-0.000018,0.000024,0.000009
2025-12-16 17:31:09.459,-0.006351,0.029511,-0.015106,-0.000018,0.000025,0.000009
2025-12-16 17:31:09.460,-0.006365,0.030032,-0.015260,-0.000018,0.000025,0.000009
2025-12-16 17:31:09.461,-0.006396,0.030568,-0.015419,-0.000019,0.000026,0.000009
2025-12-16 17:31:09.462,-0.006450,0.031184,-0.015604,-0.000018,0.000027,0.000009
2025-12-16 17:31:09.463,-0.006505,0.031735,-0.015769,-0.000019,0.000027,0.000009
2025-12-16 17:31:09.464,-0.006565,0.032258,-0.015926,-0.000019,0.000028,0.000009
2025-12-16 17:31:09.466,-0.006633,0.032798,-0.016080,-0.000019,0.000029,0.000009
2025-12-16 17:31:09.467,-0.006702,0.033349,-0.016229,-0.000019,0.000030,0.000009
2025-12-16 17:31:09.468,-0.006775,0.033895,-0.016380,-0.000019,0.000031,0.000009
2025-12-16 17:31:09.469,-0.006945,0.035014,-0.016699,-0.000019,0.000032,0.000010
2025-12-16 17:31:09.470,-0.007039,0.035588,-0.016865,-0.000019,0.000033,0.000010
2025-12-16 17:31:09.471,-0.007132,0.036160,-0.017036,-0.000019,0.000034,0.000010
2025-12-16 17:31:09.472,-0.007229,0.036759,-0.017219,-0.000020,0.000034,0.000010
2025-12-16 17:31:09.473,-0.007328,0.037370,-0.017408,-0.000020,0.000035,0.000010
2025-12-16 17:31:09.474,-0.007437,0.038051,-0.017624,-0.000021,0.000036,0.000010
2025-12-16 17:31:09.475,-0.007532,0.038652,-0.017817,-0.000021,0.000037,0.000010
2025-12-16 17:31:09.476,-0.007624,0.039217,-0.018006,-0.000021,0.000038,0.000010
2025-12-16 17:31:09.477,-0.007709,0.039769,-0.018189,-0.000022,0.000040,0.000010
2025-12-16 17:31:09.479,-0.007791,0.040312,-0.018374,-0.000022,0.000041,0.000010
2025-12-16 17:31:09.480,-0.007870,0.040839,-0.018557,-0.000022,0.000042,0.000010
2025-12-16 17:31:09.481,-0.008013,0.041857,-0.018941,-0.000023,0.000044,0.000011
2025-12-16 17:31:09.482,-0.008079,0.042418,-0.019173,-0.000023,0.000044,0.000011
2025-12-16 17:31:09.483,-0.008133,0.042913,-0.019384,-0.000023,0.000045,0.000011
2025-12-16 17:31:09.484,-0.008175,0.043385,-0.019588,-0.000024,0.000046,0.000011
2025-12-16 17:31:09.485,-0.008207,0.043827,-0.019792,-0.000024,0.000047,0.000011
2025-12-16 17:31:09.486,-0.008228,0.044240,-0.019998,-0.000024,0.000048,0.000012
2025-12-16 17:31:09.487,-0.008237,0.044610,-0.020196,-0.000024,0.000049,0.000012
2025-12-16 17:31:09.488,-0.008231,0.044952,-0.020401,-0.000025,0.000049,0.000012
2025-12-16 17:31:09.489,-0.008224,0.045293,-0.020605,-0.000026,0.000050,0.000012
2025-12-16 17:31:09.490,-0.008218,0.045634,-0.020809,-0.000026,0.000052,0.000012
2025-12-16 17:31:09.491,-0.008142,0.045897,-0.021094,-0.000026,0.000052,0.000012
2025-12-16 17:31:09.493,-0.008067,0.046108,-0.021331,-0.000026,0.000052,0.000012
2025-12-16 17:31:09.494,-0.007988,0.046284,-0.021555,-0.000026,0.000053,0.000012
2025-12-16 17:31:09.495,-0.007904,0.046431,-0.021774,-0.000027,0.000053,0.000012
2025-12-16 17:31:09.496,-0.007725,0.046634,-0.022207,-0.000026,0.000054,0.000012
2025-12-16 17:31:09.497,-0.007616,0.046684,-0.022437,-0.000026,0.000055,0.000012
2025-12-16 17:31:09.498,-0.007495,0.046699,-0.022657,-0.000026,0.000055,0.000012
2025-12-16 17:31:09.499,-0.007368,0.046692,-0.022856,-0.000026,0.000055,0.000012
2025-12-16 17:31:09.500,-0.007227,0.046668,-0.023053,-0.000026,0.000055,0.000011
2025-12-16 17:31:09.501,-0.007079,0.046619,-0.023256,-0.000025,0.000055,0.000011
2025-12-16 17:31:09.503,-0.006934,0.046550,-0.023447,-0.000026,0.000056,0.000011
2025-12-16 17:31:09.504,-0.006790,0.046468,-0.023622,-0.000027,0.000055,0.000011
2025-12-16 17:31:09.505,-0.006485,0.046243,-0.023942,-0.000027,0.000055,0.000011
2025-12-16 17:31:09.506,-0.006328,0.046117,-0.024089,-0.000026,0.000055,0.000011
2025-12-16 17:31:09.507,-0.006173,0.045990,-0.024231,-0.000026,0.000055,0.000010
2025-12-16 17:31:09.508,-0.006026,0.045855,-0.024362,-0.000025,0.000055,0.000010
2025-12-16 17:31:09.509,-0.005888,0.045710,-0.024475,-0.000025,0.000055,0.000010
2025-12-16 17:31:09.511,-0.005745,0.045551,-0.024570,-0.000025,0.000055,0.000010
2025-12-16 17:31:09.512,-0.005611,0.045391,-0.024643,-0.000025,0.000055,0.000010
2025-12-16 17:31:09.513,-0.005365,0.045095,-0.024764,-0.000024,0.000055,0.000010
2025-12-16 17:31:09.514,-0.005244,0.044952,-0.024801,-0.000023,0.000055,0.000009
2025-12-16 17:31:09.515,-0.005126,0.044805,-0.024818,-0.000022,0.000055,0.000009
2025-12-16 17:31:09.516,-0.005009,0.044651,-0.024809,-0.000023,0.000054,0.000009
2025-12-16 17:31:09.518,-0.004893,0.044496,-0.024775,-0.000023,0.000054,0.000009
2025-12-16 17:31:09.519,-0.004669,0.044207,-0.024659,-0.000023,0.000053,0.000008
2025-12-16 17:31:09.520,-0.004561,0.044071,-0.024574,-0.000023,0.000053,0.000009
2025-12-16 17:31:09.521,-0.004449,0.043930,-0.024468,-0.000023,0.000052,0.000008
2025-12-16 17:31:09.522,-0.004335,0.043778,-0.024338,-0.000022,0.000052,0.000008
2025-12-16 17:31:09.523,-0.004221,0.043618,-0.024181,-0.000021,0.000052,0.000008
2025-12-16 17:31:09.525,-0.004094,0.043435,-0.023984,-0.000021,0.000051,0.000008
2025-12-16 17:31:09.526,-0.003823,0.043051,-0.023538,-0.000021,0.000051,0.000008
2025-12-16 17:31:09.527,-0.003686,0.042857,-0.023310,-0.000020,0.000050,0.000007
2025-12-16 17:31:09.529,-0.003542,0.042649,-0.023071,-0.000020,0.000050,0.000007
2025-12-16 17:31:09.530,-0.003163,0.042115,-0.022461,-0.000019,0.000049,0.000007
2025-12-16 17:31:09.531,-0.002976,0.041856,-0.022161,-0.000018,0.000048,0.000007
2025-12-16 17:31:09.533,-0.002783,0.041598,-0.021856,-0.000018,0.000047,0.000007
2025-12-16 17:31:09.534,-0.002364,0.041048,-0.021201,-0.000017,0.000046,0.000007
2025-12-16 17:31:09.535,-0.002124,0.040735,-0.020844,-0.000017,0.000046,0.000006
2025-12-16 17:31:09.536,-0.001863,0.040398,-0.020469,-0.000016,0.000045,0.000006
2025-12-16 17:31:09.537,-0.001581,0.040038,-0.020077,-0.000015,0.000044,0.000006
2025-12-16 17:31:09.539,-0.001223,0.039588,-0.019603,-0.000014,0.000043,0.000006
2025-12-16 17:31:09.540,-0.000568,0.038767,-0.018751,-0.000012,0.000041,0.000005
2025-12-16 17:31:09.541,-0.000234,0.038353,-0.018326,-0.000012,0.000040,0.000005
2025-12-16 17:31:09.542,0.000113,0.037922,-0.017888,-0.000011,0.000039,0.000005
2025-12-16 17:31:09.543,0.000474,0.037474,-0.017441,-0.000010,0.000038,0.000004
2025-12-16 17:31:09.544,0.000867,0.036994,-0.016967,-0.000009,0.000036,0.000004
2025-12-16 17:31:09.545,0.001288,0.036484,-0.016476,-0.000008,0.000035,0.000004
2025-12-16 17:31:09.547,0.001755,0.035921,-0.015953,-0.000007,0.000033,0.000004
2025-12-16 17:31:09.548,0.002166,0.035427,-0.015500,-0.000005,0.000032,0.000004
2025-12-16 17:31:09.549,0.002558,0.034951,-0.015066,-0.000005,0.000031,0.000004
2025-12-16 17:31:09.550,0.003355,0.033987,-0.014226,-0.000003,0.000029,0.000003
2025-12-16 17:31:09.551,0.003759,0.033504,-0.013806,-0.000002,0.000027,0.000003
2025-12-16 17:31:09.552,0.004158,0.033015,-0.013391,-0.000001,0.000026,0.000003
2025-12-16 17:31:09.553,0.004550,0.032514,-0.012981,0.000000,0.000025,0.000003
2025-12-16 17:31:09.554,0.004946,0.031986,-0.012567,0.000001,0.000023,0.000002
2025-12-16 17:31:09.555,0.005321,0.031471,-0.012180,0.000002,0.000022,0.000002
2025-12-16 17:31:09.556,0.005671,0.030969,-0.011817,0.000003,0.000021,0.000002
2025-12-16 17:31:09.557,0.006004,0.030477,-0.011470,0.000004,0.000020,0.000002
2025-12-16 17:31:09.558,0.006316,0.029996,-0.011139,0.000004,0.000019,0.000001
2025-12-16 17:31:09.559,0.006607,0.029521,-0.010829,0.000005,0.000018,0.000001
2025-12-16 17:31:09.560,0.006874,0.029046,-0.010540,0.000005,0.000017,0.000001
2025-12-16 17:31:09.562,0.007121,0.028574,-0.010273,0.000006,0.000017,0.000001
2025-12-16 17:31:09.563,0.007351,0.028111,-0.010032,0.000006,0.000016,0.000001
2025-12-16 17:31:09.564,0.007561,0.027661,-0.009820,0.000007,0.000015,0.000001
2025-12-16 17:31:09.565,0.007902,0.026765,-0.009446,0.000007,0.000013,0.000000
2025-12-16 17:31:09.566,0.008027,0.026282,-0.009279,0.000008,0.000013,0.000000
2025-12-16 17:31:09.567,0.008121,0.025864,-0.009143,0.000008,0.000012,0.000000
2025-12-16 17:31:09.568,0.008187,0.025484,-0.009038,0.000008,0.000012,0.000000
2025-12-16 17:31:09.569,0.008222,0.025131,-0.008952,0.000008,0.000012,0.000000
2025-12-16 17:31:09.570,0.008220,0.024735,-0.008888,0.000008,0.000011,-0.000000
2025-12-16 17:31:09.571,0.008205,0.024384,-0.008842,0.000008,0.000011,-0.000000
2025-12-16 17:31:09.572,0.008172,0.024053,-0.008813,0.000008,0.000011,-0.000000
2025-12-16 17:31:09.573,0.008122,0.023730,-0.008799,0.000008,0.000010,-0.000000
2025-12-16 17:31:09.574,0.008048,0.023409,-0.008795,0.000007,0.000010,-0.000000
2025-12-16 17:31:09.575,0.007961,0.023106,-0.008801,0.000007,0.000010,-0.000000
2025-12-16 17:31:09.576,0.007853,0.022794,-0.008816,0.000007,0.000010,-0.000000
2025-12-16 17:31:09.577,0.007754,0.022525,-0.008833,0.000007,0.000010,-0.000000
2025-12-16 17:31:09.579,0.007674,0.022315,-0.008847,0.000007,0.000010,0.000000
2025-12-16 17:31:09.580,0.007548,0.022048,-0.008875,0.000007,0.000010,0.000000
2025-12-16 17:31:09.581,0.007382,0.021748,-0.008919,0.000007,0.000010,0.000000
2025-12-16 17:31:09.582,0.007202,0.021450,-0.008967,0.000007,0.000009,0.000000
2025-12-16 17:31:09.583,0.006994,0.021125,-0.009020,0.000006,0.000009,0.000000
2025-12-16 17:31:09.584,0.006809,0.020841,-0.009066,0.000006,0.000009,0.000000
2025-12-16 17:31:09.585,0.006404,0.020279,-0.009162,0.000005,0.000009,0.000000
2025-12-16 17:31:09.586,0.006188,0.020003,-0.009212,0.000005,0.000009,0.000001
2025-12-16 17:31:09.587,0.005976,0.019741,-0.009262,0.000005,0.000009,0.000001
2025-12-16 17:31:09.588,0.005750,0.019466,-0.009313,0.000004,0.000009,0.000001
2025-12-16 17:31:09.589,0.005512,0.019188,-0.009358,0.000004,0.000009,0.000001
2025-12-16 17:31:09.590,0.005239,0.018864,-0.009406,0.000003,0.000009,0.000001
2025-12-16 17:31:09.591,0.004995,0.018574,-0.009447,0.000003,0.000009,0.000001
2025-12-16 17:31:09.592,0.004758,0.018293,-0.009483,0.000003,0.000009,0.000001
2025-12-16 17:31:09.593,0.004521,0.018011,-0.009518,0.000002,0.000009,0.000001
2025-12-16 17:31:09.595,0.004284,0.017730,-0.009554,0.000002,0.000009,0.000002
2025-12-16 17:31:09.596,0.003671,0.017013,-0.009595,0.000001,0.000009,0.000002
2025-12-16 17:31:09.597,0.003397,0.016671,-0.009610,0.000001,0.000009,0.000002
2025-12-16 17:31:09.598,0.003126,0.016329,-0.009615,0.000001,0.000009,0.000002
2025-12-16 17:31:09.599,0.002864,0.015995,-0.009614,0.000001,0.000009,0.000002
2025-12-16 17:31:09.600,0.002596,0.015655,-0.009607,0.000000,0.000009,0.000002
2025-12-16 17:31:09.601,0.002330,0.015300,-0.009593,-0.000000,0.000009,0.000002
2025-12-16 17:31:09.602,0.002056,0.014934,-0.009575,-0.000000,0.000009,0.000002
2025-12-16 17:31:09.603,0.001779,0.014557,-0.009552,-0.000001,0.000009,0.000002
2025-12-16 17:31:09.605,0.001511,0.014162,-0.009519,-0.000001,0.000009,0.000003
2025-12-16 17:31:09.606,0.001258,0.013759,-0.009468,-0.000001,0.000009,0.000003
2025-12-16 17:31:09.607,0.001029,0.013354,-0.009392,-0.000002,0.000009,0.000003
2025-12-16 17:31:09.608,0.000635,0.012534,-0.009177,-0.000002,0.000008,0.000003
2025-12-16 17:31:09.609,0.000464,0.012098,-0.009036,-0.000002,0.000008,0.000003
2025-12-16 17:31:09.610,0.000306,0.011660,-0.008878,-0.000002,0.000008,0.000003
2025-12-16 17:31:09.611,0.000170,0.011241,-0.008709,-0.000002,0.000008,0.000003
2025-12-16 17:31:09.612,0.000061,0.010813,-0.008511,-0.000002,0.000007,0.000003
2025-12-16 17:31:09.614,-0.000017,0.010401,-0.008301,-0.000002,0.000007,0.000003
2025-12-16 17:31:09.615,-0.000074,0.009996,-0.008076,-0.000002,0.000007,0.000003
2025-12-16 17:31:09.616,-0.000112,0.009595,-0.007835,-0.000002,0.000007,0.000003
2025-12-16 17:31:09.617,-0.000143,0.009203,-0.007575,-0.000002,0.000006,0.000002
2025-12-16 17:31:09.618,-0.000173,0.008438,-0.007020,-0.000002,0.000006,0.000002
2025-12-16 17:31:09.619,-0.000167,0.008062,-0.006730,-0.000002,0.000005,0.000002
2025-12-16 17:31:09.620,-0.000139,0.007692,-0.006427,-0.000002,0.000005,0.000002
2025-12-16 17:31:09.621,-0.000090,0.007328,-0.006106,-0.000002,0.000005,0.000002
2025-12-16 17:31:09.622,-0.000013,0.006918,-0.005718,-0.000002,0.000004,0.000002
2025-12-16 17:31:09.623,0.000063,0.006555,-0.005364,-0.000002,0.000004,0.000002
2025-12-16 17:31:09.624,0.000136,0.006224,-0.005026,-0.000002,0.000004,0.000002
2025-12-16 17:31:09.625,0.000202,0.005915,-0.004690,-0.000002,0.000003,0.000002
2025-12-16 17:31:09.627,0.000260,0.005614,-0.004357,-0.000001,0.000003,0.000001
2025-12-16 17:31:09.628,0.000308,0.005315,-0.004024,-0.000001,0.000003,0.000001
2025-12-16 17:31:09.629,0.000368,0.004733,-0.003375,-0.000001,0.000002,0.000001
2025-12-16 17:31:09.630,0.000379,0.004448,-0.003060,-0.000001,0.000002,0.000001
2025-12-16 17:31:09.631,0.000377,0.004167,-0.002753,-0.000001,0.000002,0.000001
2025-12-16 17:31:09.632,0.000359,0.003893,-0.002461,-0.000001,0.000002,0.000001
2025-12-16 17:31:09.633,0.000322,0.003623,-0.002185,-0.000000,0.000002,0.000001
2025-12-16 17:31:09.634,0.000272,0.003360,-0.001922,-0.000000,0.000001,0.000001
2025-12-16 17:31:09.635,0.000203,0.003103,-0.001677,-0.000000,0.000001,0.000001
2025-12-16 17:31:09.637,0.000119,0.002843,-0.001450,-0.000000,0.000001,0.000001
2025-12-16 17:31:09.638,0.000023,0.002589,-0.001241,-0.000000,0.000001,0.000001
2025-12-16 17:31:09.639,-0.000201,0.002069,-0.000863,-0.000000,0.000001,0.000001
2025-12-16 17:31:09.640,-0.000313,0.001843,-0.000717,-0.000000,0.000001,0.000001
2025-12-16 17:31:09.641,-0.000441,0.001631,-0.000599,-0.000000,0.000001,0.000001
2025-12-16 17:31:09.642,-0.000587,0.001415,-0.000501,-0.000000,0.000001,0.000001
2025-12-16 17:31:09.644,-0.000889,0.001009,-0.000360,-0.000000,0.000001,0.000001
2025-12-16 17:31:09.645,-0.001043,0.000804,-0.000314,-0.000000,0.000001,0.000001
2025-12-16 17:31:09.646,-0.001197,0.000605,-0.000287,-0.000000,0.000001,0.000001
2025-12-16 17:31:09.647,-0.001346,0.000409,-0.000274,-0.000000,0.000001,0.000001
2025-12-16 17:31:09.648,-0.001495,0.000216,-0.000277,-0.000000,0.000001,0.000001
2025-12-16 17:31:09.649,-0.001642,0.000031,-0.000296,-0.000000,0.000001,0.000001
2025-12-16 17:31:09.650,-0.001802,-0.000166,-0.000335,-0.000000,0.000001,0.000001
2025-12-16 17:31:09.651,-0.001941,-0.000338,-0.000376,-0.000000,0.000001,0.000001
2025-12-16 17:31:09.653,-0.002060,-0.000499,-0.000420,-0.000000,0.000001,0.000001
2025-12-16 17:31:09.654,-0.002165,-0.000653,-0.000468,-0.000000,0.000001,0.000001
2025-12-16 17:31:09.655,-0.002264,-0.000804,-0.000531,-0.000000,0.000001,0.000001
2025-12-16 17:31:09.656,-0.002354,-0.000952,-0.000602,-0.000000,0.000001,0.000001
2025-12-16 17:31:09.657,-0.002523,-0.001228,-0.000764,-0.000001,0.000001,0.000001
2025-12-16 17:31:09.658,-0.002601,-0.001358,-0.000852,-0.000001,0.000001,0.000001
2025-12-16 17:31:09.659,-0.002674,-0.001490,-0.000946,-0.000001,0.000001,0.000001
2025-12-16 17:31:09.660,-0.002746,-0.001618,-0.001044,-0.000001,0.000001,0.000001
2025-12-16 17:31:09.661,-0.002812,-0.001743,-0.001147,-0.000001,0.000001,0.000001
2025-12-16 17:31:09.662,-0.002872,-0.001870,-0.001256,-0.000001,0.000001,0.000001
2025-12-16 17:31:09.663,-0.002932,-0.001991,-0.001365,-0.000001,0.000001,0.000001
2025-12-16 17:31:09.664,-0.002982,-0.002117,-0.001478,-0.000001,0.000001,0.000001
2025-12-16 17:31:09.665,-0.003022,-0.002245,-0.001582,-0.000001,0.000002,0.000001
2025-12-16 17:31:09.666,-0.003054,-0.002371,-0.001681,-0.000001,0.000002,0.000001
2025-12-16 17:31:09.668,-0.003082,-0.002492,-0.001772,-0.000001,0.000002,0.000001
2025-12-16 17:31:09.669,-0.003105,-0.002609,-0.001857,-0.000001,0.000002,0.000001
2025-12-16 17:31:09.670,-0.003137,-0.002854,-0.002017,-0.000001,0.000002,0.000001
2025-12-16 17:31:09.671,-0.003144,-0.002980,-0.002092,-0.000001,0.000002,0.000001
2025-12-16 17:31:09.672,-0.003155,-0.003105,-0.002162,-0.000001,0.000002,0.000001
2025-12-16 17:31:09.673,-0.003165,-0.003231,-0.002232,-0.000001,0.000002,0.000001
2025-12-16 17:31:09.674,-0.003175,-0.003356,-0.002302,-0.000001,0.000002,0.000001
2025-12-16 17:31:09.675,-0.003175,-0.003503,-0.002356,-0.000001,0.000002,0.000001
2025-12-16 17:31:09.676,-0.003163,-0.003634,-0.002393,-0.000001,0.000002,0.000000
2025-12-16 17:31:09.677,-0.003144,-0.003761,-0.002420,-0.000001,0.000002,0.000000
2025-12-16 17:31:09.678,-0.003119,-0.003891,-0.002438,-0.000001,0.000002,0.000000
2025-12-16 17:31:09.680,-0.003091,-0.004024,-0.002450,-0.000001,0.000002,0.000000
2025-12-16 17:31:09.681,-0.003058,-0.004164,-0.002464,-0.000001,0.000002,0.000000
2025-12-16 17:31:09.682,-0.003019,-0.004308,-0.002471,-0.000001,0.000002,0.000000
2025-12-16 17:31:09.683,-0.002916,-0.004605,-0.002448,-0.000001,0.000002,0.000000
2025-12-16 17:31:09.684,-0.002864,-0.004757,-0.002430,-0.000001,0.000002,0.000000
2025-12-16 17:31:09.685,-0.002809,-0.004904,-0.002400,-0.000001,0.000001,0.000000
2025-12-16 17:31:09.686,-0.002743,-0.005063,-0.002353,-0.000001,0.000001,0.000000
2025-12-16 17:31:09.687,-0.002682,-0.005202,-0.002306,-0.000001,0.000001,-0.000000
2025-12-16 17:31:09.688,-0.002620,-0.005336,-0.002256,-0.000001,0.000001,-0.000000
2025-12-16 17:31:09.689,-0.002547,-0.005475,-0.002196,-0.000001,0.000001,-0.000000
2025-12-16 17:31:09.690,-0.002449,-0.005625,-0.002118,-0.000001,0.000001,-0.000000
2025-12-16 17:31:09.691,-0.002357,-0.005756,-0.002044,-0.000001,0.000001,-0.000000
2025-12-16 17:31:09.692,-0.002266,-0.005874,-0.001963,-0.000001,0.000001,-0.000000
2025-12-16 17:31:09.694,-0.002174,-0.005983,-0.001881,-0.000001,0.000001,-0.000000
2025-12-16 17:31:09.695,-0.002082,-0.006081,-0.001790,-0.000001,0.000001,-0.000001
2025-12-16 17:31:09.696,-0.001991,-0.006171,-0.001692,-0.000001,0.000001,-0.000001
2025-12-16 17:31:09.697,-0.001810,-0.006351,-0.001497,-0.000001,0.000001,-0.000001
2025-12-16 17:31:09.698,-0.001719,-0.006440,-0.001399,-0.000001,0.000001,-0.000001
2025-12-16 17:31:09.699,-0.001638,-0.006460,-0.001262,-0.000001,0.000001,-0.000001
2025-12-16 17:31:09.700,-0.001554,-0.006470,-0.001118,-0.000001,0.000000,-0.000001
2025-12-16 17:31:09.701,-0.001467,-0.006476,-0.000980,-0.000001,0.000000,-0.000001
2025-12-16 17:31:09.702,-0.001383,-0.006474,-0.000844,-0.000001,0.000000,-0.000001
2025-12-16 17:31:09.704,-0.001301,-0.006455,-0.000704,-0.000001,0.000000,-0.000001
2025-12-16 17:31:09.705,-0.001212,-0.006403,-0.000538,-0.000001,0.000000,-0.000001
2025-12-16 17:31:09.706,-0.001135,-0.006347,-0.000388,-0.000000,-0.000000,-0.000001
2025-12-16 17:31:09.707,-0.000994,-0.006213,-0.000098,-0.000000,-0.000000,-0.000001
2025-12-16 17:31:09.708,-0.000929,-0.006132,0.000045,-0.000000,-0.000000,-0.000001
2025-12-16 17:31:09.709,-0.000873,-0.006037,0.000190,-0.000000,-0.000000,-0.000001
2025-12-16 17:31:09.710,-0.000819,-0.005924,0.000347,-0.000000,-0.000000,-0.000001
2025-12-16 17:31:09.711,-0.000773,-0.005808,0.000503,-0.000000,-0.000000,-0.000001
2025-12-16 17:31:09.712,-0.000732,-0.005683,0.000653,-0.000000,-0.000000,-0.000001
2025-12-16 17:31:09.713,-0.000690,-0.005556,0.000801,-0.000000,-0.000001,-0.000001
2025-12-16 17:31:09.715,-0.000649,-0.005429,0.000943,-0.000000,-0.000001,-0.000001
2025-12-16 17:31:09.716,-0.000606,-0.005300,0.001082,-0.000000,-0.000001,-0.000001
2025-12-16 17:31:09.717,-0.000561,-0.005171,0.001214,0.000000,-0.000001,-0.000001
2025-12-16 17:31:09.718,-0.000458,-0.004900,0.001466,0.000000,-0.000001,-0.000001
2025-12-16 17:31:09.719,-0.000406,-0.004765,0.001586,0.000000,-0.000001,-0.000001
2025-12-16 17:31:09.720,-0.000362,-0.004630,0.001696,0.000000,-0.000001,-0.000001
2025-12-16 17:31:09.721,-0.000317,-0.004498,0.001802,0.000000,-0.000001,-0.000001
2025-12-16 17:31:09.722,-0.000266,-0.004368,0.001903,0.000000,-0.000001,-0.000001
2025-12-16 17:31:09.723,-0.000213,-0.004250,0.001993,0.000000,-0.000001,-0.000001
2025-12-16 17:31:09.724,-0.000150,-0.004143,0.002075,0.000000,-0.000001,-0.000001
2025-12-16 17:31:09.725,-0.000085,-0.004045,0.002143,0.000000,-0.000001,-0.000001
2025-12-16 17:31:09.726,-0.000016,-0.003954,0.002203,0.000000,-0.000001,-0.000001
2025-12-16 17:31:09.727,0.000060,-0.003869,0.002257,0.000000,-0.000001,-0.000001
2025-12-16 17:31:09.729,0.000139,-0.003789,0.002301,0.000000,-0.000001,-0.000001
2025-12-16 17:31:09.730,0.000224,-0.003712,0.002331,0.000000,-0.000001,-0.000001
2025-12-16 17:31:09.731,0.000311,-0.003642,0.002351,0.000000,-0.000001,-0.000001
2025-12-16 17:31:09.732,0.000495,-0.003514,0.002358,0.000000,-0.000001,-0.000001
2025-12-16 17:31:09.733,0.000586,-0.003462,0.002346,0.000000,-0.000001,-0.000001
2025-12-16 17:31:09.734,0.000684,-0.003417,0.002326,0.000000,-0.000001,-0.000001
2025-12-16 17:31:09.735,0.000785,-0.003378,0.002300,0.000000,-0.000001,-0.000001
2025-12-16 17:31:09.736,0.000884,-0.003340,0.002265,0.000000,-0.000001,-0.000001
2025-12-16 17:31:09.737,0.000990,-0.003306,0.002220,0.000000,-0.000001,-0.000001
2025-12-16 17:31:09.738,0.001096,-0.003272,0.002170,0.000000,-0.000001,-0.000001
2025-12-16 17:31:09.739,0.001196,-0.003242,0.002115,0.000000,-0.000001,-0.000001
2025-12-16 17:31:09.741,0.001293,-0.003219,0.002059,0.000000,-0.000001,-0.000001
2025-12-16 17:31:09.742,0.001385,-0.003200,0.001994,0.000000,-0.000001,-0.000001
2025-12-16 17:31:09.743,0.001550,-0.003158,0.001847,0.000000,-0.000002,-0.000001
2025-12-16 17:31:09.744,0.001621,-0.003132,0.001771,0.000000,-0.000002,-0.000001
2025-12-16 17:31:09.745,0.001688,-0.003107,0.001697,0.000000,-0.000002,-0.000001
2025-12-16 17:31:09.746,0.001749,-0.003083,0.001620,0.000000,-0.000002,-0.000001
2025-12-16 17:31:09.748,0.001802,-0.003056,0.001545,-0.000000,-0.000002,-0.000001
2025-12-16 17:31:09.749,0.001879,-0.002995,0.001402,-0.000000,-0.000002,-0.000001
2025-12-16 17:31:09.750,0.001903,-0.002958,0.001331,-0.000000,-0.000001,-0.000001
2025-12-16 17:31:09.751,0.001914,-0.002919,0.001261,-0.000000,-0.000001,-0.000001
2025-12-16 17:31:09.752,0.001920,-0.002877,0.001200,-0.000000,-0.000001,-0.000001
2025-12-16 17:31:09.753,0.001914,-0.002823,0.001145,-0.000000,-0.000001,-0.000001
2025-12-16 17:31:09.754,0.001893,-0.002763,0.001092,-0.000000,-0.000001,-0.000001
2025-12-16 17:31:09.755,0.001868,-0.002697,0.001042,-0.000000,-0.000001,-0.000001
2025-12-16 17:31:09.756,0.001838,-0.002624,0.001002,-0.000000,-0.000001,-0.000001
2025-12-16 17:31:09.758,0.001801,-0.002545,0.000972,-0.000000,-0.000001,-0.000001
2025-12-16 17:31:09.759,0.001752,-0.002464,0.000946,-0.000000,-0.000001,-0.000001
2025-12-16 17:31:09.760,0.001640,-0.002289,0.000919,-0.000000,-0.000001,-0.000001
2025-12-16 17:31:09.761,0.001573,-0.002187,0.000915,-0.000000,-0.000001,-0.000001
2025-12-16 17:31:09.762,0.001500,-0.002080,0.000918,-0.000000,-0.000001,-0.000001
2025-12-16 17:31:09.763,0.001434,-0.001979,0.000930,0.000000,-0.000001,-0.000001
2025-12-16 17:31:09.764,0.001362,-0.001875,0.000947,0.000000,-0.000001,-0.000001
2025-12-16 17:31:09.765,0.001288,-0.001770,0.000968,0.000000,-0.000001,-0.000001
2025-12-16 17:31:09.766,0.001216,-0.001659,0.000990,0.000000,-0.000001,-0.000001
2025-12-16 17:31:09.767,0.001142,-0.001543,0.001011,0.000000,-0.000001,-0.000001
2025-12-16 17:31:09.768,0.001072,-0.001424,0.001035,0.000000,-0.000001,-0.000001
2025-12-16 17:31:09.770,0.001002,-0.001301,0.001061,0.000000,-0.000001,-0.000001
2025-12-16 17:31:09.771,0.000932,-0.001179,0.001088,0.000000,-0.000001,-0.000001
2025-12-16 17:31:09.772,0.000872,-0.001063,0.001118,0.000000,-0.000001,-0.000001
2025-12-16 17:31:09.772,0.000818,-0.000951,0.001146,0.000000,-0.000001,-0.000001
2025-12-16 17:31:09.773,0.000764,-0.000838,0.001169,0.000000,-0.000001,-0.000001
2025-12-16 17:31:09.775,0.000717,-0.000726,0.001199,0.000000,-0.000001,-0.000001
2025-12-16 17:31:09.776,0.000672,-0.000621,0.001227,0.000000,-0.000001,-0.000001
2025-12-16 17:31:09.777,0.000630,-0.000523,0.001247,0.000000,-0.000001,-0.000000
2025-12-16 17:31:09.778,0.000548,-0.000318,0.001280,0.000000,-0.000001,-0.000000
2025-12-16 17:31:09.779,0.000517,-0.000231,0.001293,0.000000,-0.000001,-0.000000
2025-12-16 17:31:09.780,0.000492,-0.000147,0.001299,0.000000,-0.000001,-0.000000
2025-12-16 17:31:09.781,0.000468,-0.000066,0.001305,0.000000,-0.000001,-0.000000
2025-12-16 17:31:09.782,0.000449,0.000011,0.001307,0.000000,-0.000001,-0.000000
2025-12-16 17:31:09.784,0.000427,0.000085,0.001308,0.000000,-0.000001,-0.000000
2025-12-16 17:31:09.785,0.000411,0.000151,0.001307,0.000000,-0.000001,-0.000000
2025-12-16 17:31:09.786,0.000389,0.000278,0.001294,0.000000,-0.000001,-0.000000
2025-12-16 17:31:09.787,0.000379,0.000332,0.001285,0.000000,-0.000001,-0.000000
2025-12-16 17:31:09.788,0.000368,0.000384,0.001276,0.000000,-0.000001,-0.000000
2025-12-16 17:31:09.789,0.000352,0.000441,0.001265,0.000000,-0.000001,-0.000000
2025-12-16 17:31:09.790,0.000343,0.000492,0.001256,0.000000,-0.000001,-0.000000
2025-12-16 17:31:09.791,0.000333,0.000541,0.001244,0.000000,-0.000001,-0.000000
2025-12-16 17:31:09.792,0.000324,0.000587,0.001234,0.000000,-0.000001,-0.000000
2025-12-16 17:31:09.793,0.000315,0.000631,0.001228,0.000000,-0.000001,-0.000000
2025-12-16 17:31:09.795,0.000304,0.000674,0.001219,0.000000,-0.000000,-0.000000
2025-12-16 17:31:09.796,0.000287,0.000750,0.001213,0.000000,-0.000000,-0.000000
2025-12-16 17:31:09.797,0.000280,0.000787,0.001211,0.000000,-0.000000,-0.000000
2025-12-16 17:31:09.798,0.000272,0.000823,0.001210,0.000000,-0.000000,-0.000000
2025-12-16 17:31:09.799,0.000264,0.000860,0.001229,0.000000,-0.000000,-0.000000
2025-12-16 17:31:09.800,0.000256,0.000891,0.001248,0.000000,-0.000000,-0.000000
2025-12-16 17:31:09.801,0.000254,0.000915,0.001266,0.000000,-0.000000,-0.000000
2025-12-16 17:31:09.802,0.000249,0.000938,0.001280,0.000000,-0.000000,-0.000000
2025-12-16 17:31:09.803,0.000245,0.000958,0.001295,0.000000,-0.000000,0.000000
2025-12-16 17:31:09.804,0.000237,0.000974,0.001306,0.000000,-0.000000,-0.000000
2025-12-16 17:31:09.806,0.000225,0.000987,0.001320,0.000000,-0.000000,0.000000
2025-12-16 17:31:09.807,0.000197,0.001008,0.001348,0.000001,-0.000000,0.000000
2025-12-16 17:31:09.808,0.000183,0.001009,0.001359,0.000001,-0.000000,0.000000
2025-12-16 17:31:09.809,0.000170,0.001008,0.001368,0.000001,-0.000000,0.000000
2025-12-16 17:31:09.810,0.000160,0.001005,0.001374,0.000001,-0.000000,0.000000
2025-12-16 17:31:09.811,0.000150,0.000998,0.001380,0.000001,-0.000000,0.000000
2025-12-16 17:31:09.812,0.000128,0.000993,0.001382,0.000001,-0.000000,0.000000
2025-12-16 17:31:09.814,0.000108,0.000986,0.001386,0.000001,-0.000000,0.000000
2025-12-16 17:31:09.815,0.000087,0.000971,0.001386,0.000001,-0.000000,0.000000
2025-12-16 17:31:09.816,0.000069,0.000957,0.001386,0.000000,-0.000000,0.000000
2025-12-16 17:31:09.818,0.000009,0.000891,0.001359,0.000001,-0.000000,0.000000
2025-12-16 17:31:09.819,-0.000013,0.000858,0.001338,0.000000,-0.000000,0.000000
2025-12-16 17:31:09.821,-0.000056,0.000788,0.001285,0.000000,-0.000000,0.000000
2025-12-16 17:31:09.822,-0.000075,0.000751,0.001260,0.000000,-0.000000,0.000000
2025-12-16 17:31:09.823,-0.000095,0.000713,0.001229,0.000000,-0.000000,0.000000
2025-12-16 17:31:09.824,-0.000113,0.000679,0.001196,0.000000,-0.000000,0.000000
2025-12-16 17:31:09.825,-0.000129,0.000638,0.001162,0.000000,-0.000000,0.000000
2025-12-16 17:31:09.826,-0.000141,0.000596,0.001123,0.000000,-0.000000,0.000000
2025-12-16 17:31:09.827,-0.000151,0.000558,0.001084,0.000000,-0.000000,0.000000
2025-12-16 17:31:09.828,-0.000165,0.000519,0.001045,0.000000,-0.000000,0.000000
2025-12-16 17:31:09.829,-0.000175,0.000478,0.001009,0.000000,-0.000000,0.000000
2025-12-16 17:31:09.831,-0.000184,0.000440,0.000972,0.000000,-0.000000,0.000000
2025-12-16 17:31:09.832,-0.000199,0.000366,0.000889,0.000000,-0.000000,0.000000
2025-12-16 17:31:09.833,-0.000200,0.000330,0.000847,0.000000,-0.000000,0.000000
2025-12-16 17:31:09.834,-0.000200,0.000297,0.000802,0.000000,-0.000000,0.000000
2025-12-16 17:31:09.835,-0.000203,0.000265,0.000756,0.000000,-0.000000,0.000000
2025-12-16 17:31:09.836,-0.000201,0.000233,0.000714,0.000000,-0.000000,0.000000
2025-12-16 17:31:09.837,-0.000204,0.000199,0.000667,0.000000,-0.000000,0.000000
2025-12-16 17:31:09.839,-0.000205,0.000168,0.000621,0.000000,-0.000000,0.000000
2025-12-16 17:31:09.840,-0.000212,0.000123,0.000532,0.000000,-0.000000,0.000000
2025-12-16 17:31:09.841,-0.000221,0.000105,0.000482,0.000000,-0.000000,0.000000
2025-12-16 17:31:09.842,-0.000227,0.000090,0.000434,0.000000,-0.000000,0.000000
2025-12-16 17:31:09.843,-0.000234,0.000075,0.000388,0.000000,-0.000000,0.000000
2025-12-16 17:31:09.844,-0.000241,0.000062,0.000342,0.000000,-0.000000,0.000000
2025-12-16 17:31:09.846,-0.000258,0.000040,0.000235,0.000000,0.000000,0.000000
2025-12-16 17:31:09.847,-0.000269,0.000034,0.000188,0.000000,0.000000,0.000000
2025-12-16 17:31:09.848,-0.000277,0.000028,0.000144,0.000000,0.000000,0.000000
2025-12-16 17:31:09.850,-0.000290,0.000026,0.000095,0.000000,0.000000,0.000000
2025-12-16 17:31:09.851,-0.000301,0.000024,0.000046,0.000000,0.000000,0.000000
2025-12-16 17:31:09.852,-0.000306,0.000021,0.000002,-0.000000,0.000000,0.000000
2025-12-16 17:31:09.853,-0.000316,0.000015,-0.000082,-0.000000,0.000000,0.000000
2025-12-16 17:31:09.854,-0.000319,0.000009,-0.000120,-0.000000,0.000000,0.000000
2025-12-16 17:31:09.858,-0.000304,-0.000005,-0.000222,-0.000000,0.000000,0.000000
2025-12-16 17:31:09.859,-0.000277,-0.000015,-0.000272,-0.000000,0.000000,0.000000
2025-12-16 17:31:09.861,-0.000262,-0.000024,-0.000291,-0.000000,0.000000,0.000000
2025-12-16 17:31:09.862,-0.000219,-0.000037,-0.000318,-0.000000,0.000000,0.000000
2025-12-16 17:31:09.863,-0.000193,-0.000042,-0.000331,-0.000000,0.000000,0.000000
2025-12-16 17:31:09.864,-0.000168,-0.000050,-0.000339,-0.000000,0.000000,0.000000
2025-12-16 17:31:09.866,-0.000102,-0.000068,-0.000341,-0.000000,0.000000,0.000000
2025-12-16 17:31:09.867,-0.000065,-0.000080,-0.000336,-0.000000,0.000000,0.000000
2025-12-16 17:31:09.868,-0.000034,-0.000088,-0.000328,-0.000000,0.000000,0.000000
2025-12-16 17:31:09.871,0.000058,-0.000099,-0.000268,-0.000000,0.000000,-0.000000
2025-12-16 17:31:09.872,0.000090,-0.000105,-0.000246,-0.000000,0.000000,-0.000000
2025-12-16 17:31:09.874,0.000121,-0.000108,-0.000220,-0.000000,0.000000,-0.000000
2025-12-16 17:31:09.875,0.000171,-0.000114,-0.000165,-0.000000,-0.000000,-0.000000
2025-12-16 17:31:09.876,0.000190,-0.000115,-0.000143,-0.000000,-0.000000,-0.000000
2025-12-16 17:31:09.877,0.000207,-0.000115,-0.000114,-0.000000,-0.000000,-0.000000
2025-12-16 17:31:09.878,0.000220,-0.000115,-0.000087,-0.000000,-0.000000,-0.000000
2025-12-16 17:31:09.880,0.000232,-0.000112,-0.000062,-0.000000,-0.000000,-0.000000
2025-12-16 17:31:09.881,0.000261,-0.000114,-0.000017,-0.000000,-0.000000,-0.000000
2025-12-16 17:31:09.882,0.000270,-0.000113,0.000002,0.000000,-0.000000,-0.000000
2025-12-16 17:31:09.883,0.000274,-0.000110,0.000024,0.000000,-0.000000,-0.000000
2025-12-16 17:31:09.884,0.000279,-0.000110,0.000045,0.000000,-0.000000,-0.000000
2025-12-16 17:31:09.885,0.000278,-0.000110,0.000065,0.000000,-0.000000,-0.000000
2025-12-16 17:31:09.886,0.000276,-0.000111,0.000081,0.000000,-0.000000,-0.000000
2025-12-16 17:31:09.888,0.000260,-0.000106,0.000105,0.000000,-0.000000,-0.000000
2025-12-16 17:31:09.889,0.000246,-0.000110,0.000109,0.000000,-0.000000,-0.000000
2025-12-16 17:31:09.890,0.000235,-0.000118,0.000112,0.000000,-0.000000,-0.000000
2025-12-16 17:31:09.891,0.000225,-0.000123,0.000112,0.000000,-0.000000,-0.000000
2025-12-16 17:31:09.892,0.000214,-0.000130,0.000115,0.000000,-0.000000,-0.000000
2025-12-16 17:31:09.894,0.000204,-0.000143,0.000114,0.000000,-0.000000,-0.000000
2025-12-16 17:31:09.895,0.000189,-0.000169,0.000109,0.000000,-0.000000,-0.000000
2025-12-16 17:31:09.896,0.000179,-0.000181,0.000114,0.000000,-0.000000,-0.000000
2025-12-16 17:31:09.897,0.000168,-0.000199,0.000116,0.000000,-0.000000,-0.000000
2025-12-16 17:31:09.898,0.000160,-0.000220,0.000118,0.000000,-0.000000,-0.000000
2025-12-16 17:31:09.899,0.000157,-0.000243,0.000124,0.000000,-0.000000,-0.000000
2025-12-16 17:31:09.900,0.000153,-0.000262,0.000131,0.000000,-0.000000,-0.000000
2025-12-16 17:31:09.901,0.000149,-0.000281,0.000139,0.000000,-0.000000,-0.000000
2025-12-16 17:31:09.902,0.000144,-0.000301,0.000146,0.000000,-0.000000,-0.000000
2025-12-16 17:31:09.903,0.000150,-0.000347,0.000164,0.000000,-0.000000,-0.000000
2025-12-16 17:31:09.904,0.000157,-0.000385,0.000180,0.000000,-0.000000,-0.000000
2025-12-16 17:31:09.906,0.000166,-0.000424,0.000202,0.000000,-0.000000,-0.000000
2025-12-16 17:31:09.907,0.000201,-0.000517,0.000262,0.000000,-0.000000,-0.000000
2025-12-16 17:31:09.908,0.000222,-0.000562,0.000292,0.000000,-0.000000,-0.000000
2025-12-16 17:31:09.909,0.000248,-0.000612,0.000333,0.000000,-0.000000,-0.000000
2025-12-16 17:31:09.910,0.000275,-0.000663,0.000376,0.000000,-0.000000,-0.000000
2025-12-16 17:31:09.912,0.000307,-0.000718,0.000421,0.000000,-0.000000,-0.000000
2025-12-16 17:31:09.913,0.000365,-0.000830,0.000514,0.000000,-0.000000,-0.000000
2025-12-16 17:31:09.914,0.000403,-0.000892,0.000568,0.000000,-0.000000,-0.000000
2025-12-16 17:31:09.915,0.000444,-0.000959,0.000623,0.000000,-0.000001,-0.000000
2025-12-16 17:31:09.916,0.000487,-0.001027,0.000678,0.000000,-0.000001,-0.000000
2025-12-16 17:31:09.917,0.000533,-0.001095,0.000735,0.000000,-0.000001,-0.000001
2025-12-16 17:31:09.919,0.000583,-0.001167,0.000795,0.000000,-0.000001,-0.000001
2025-12-16 17:31:09.920,0.000631,-0.001237,0.000851,0.000000,-0.000001,-0.000001
2025-12-16 17:31:09.921,0.000729,-0.001385,0.000962,0.000000,-0.000001,-0.000001
2025-12-16 17:31:09.922,0.000778,-0.001460,0.001016,0.000000,-0.000001,-0.000001
2025-12-16 17:31:09.923,0.000826,-0.001535,0.001068,0.000000,-0.000001,-0.000001
2025-12-16 17:31:09.924,0.000874,-0.001609,0.001119,0.000000,-0.000001,-0.000001
2025-12-16 17:31:09.927,0.001005,-0.001826,0.001255,0.000000,-0.000001,-0.000001
2025-12-16 17:31:09.928,0.001047,-0.001898,0.001298,0.000000,-0.000001,-0.000001
2025-12-16 17:31:09.930,0.001129,-0.002032,0.001371,0.000000,-0.000001,-0.000001
2025-12-16 17:31:09.931,0.001162,-0.002094,0.001404,0.000000,-0.000001,-0.000001
2025-12-16 17:31:09.933,0.001201,-0.002156,0.001437,0.000000,-0.000001,-0.000001
2025-12-16 17:31:09.934,0.001264,-0.002271,0.001490,0.000000,-0.000001,-0.000001
2025-12-16 17:31:09.935,0.001289,-0.002321,0.001515,0.000000,-0.000001,-0.000001
2025-12-16 17:31:09.936,0.001314,-0.002364,0.001537,0.000000,-0.000001,-0.000001
2025-12-16 17:31:09.937,0.001339,-0.002409,0.001555,0.000000,-0.000001,-0.000001
2025-12-16 17:31:09.938,0.001363,-0.002451,0.001571,0.000000,-0.000001,-0.000001
2025-12-16 17:31:09.941,0.001417,-0.002548,0.001622,0.000000,-0.000001,-0.000001
2025-12-16 17:31:09.942,0.001433,-0.002573,0.001635,0.000000,-0.000001,-0.000001
2025-12-16 17:31:09.945,0.001474,-0.002633,0.001663,0.000000,-0.000001,-0.000001
2025-12-16 17:31:09.946,0.001487,-0.002643,0.001669,0.000000,-0.000001,-0.000001
2025-12-16 17:31:09.947,0.001501,-0.002653,0.001678,0.000000,-0.000001,-0.000001
2025-12-16 17:31:09.948,0.001513,-0.002662,0.001686,0.000000,-0.000001,-0.000001
2025-12-16 17:31:09.950,0.001527,-0.002669,0.001690,0.000000,-0.000001,-0.000001
2025-12-16 17:31:09.951,0.001543,-0.002677,0.001699,0.000000,-0.000001,-0.000001
2025-12-16 17:31:09.952,0.001557,-0.002683,0.001708,-0.000000,-0.000001,-0.000001
2025-12-16 17:31:09.953,0.001569,-0.002688,0.001715,-0.000000,-0.000001,-0.000001
2025-12-16 17:31:09.954,0.001582,-0.002693,0.001727,0.000000,-0.000001,-0.000001
2025-12-16 17:31:09.955,0.001597,-0.002699,0.001737,0.000000,-0.000001,-0.000001
2025-12-16 17:31:09.956,0.001613,-0.002707,0.001747,0.000000,-0.000001,-0.000001
2025-12-16 17:31:09.958,0.001646,-0.002728,0.001771,0.000000,-0.000001,-0.000001
2025-12-16 17:31:09.959,0.001665,-0.002739,0.001784,0.000000,-0.000001,-0.000001
2025-12-16 17:31:09.960,0.001704,-0.002762,0.001809,0.000000,-0.000001,-0.000001
2025-12-16 17:31:09.961,0.001739,-0.002796,0.001833,0.000000,-0.000001,-0.000001
2025-12-16 17:31:09.963,0.001770,-0.002827,0.001856,0.000000,-0.000002,-0.000001
2025-12-16 17:31:09.964,0.001803,-0.002856,0.001876,0.000000,-0.000002,-0.000002
2025-12-16 17:31:09.965,0.001840,-0.002890,0.001903,0.000000,-0.000002,-0.000002
2025-12-16 17:31:09.967,0.001913,-0.002967,0.001966,0.000000,-0.000002,-0.000002
2025-12-16 17:31:09.968,0.001986,-0.003055,0.002028,0.000000,-0.000002,-0.000002
2025-12-16 17:31:09.969,0.002030,-0.003110,0.002064,0.000000,-0.000002,-0.000002
2025-12-16 17:31:09.970,0.002073,-0.003167,0.002101,0.000000,-0.000002,-0.000002
2025-12-16 17:31:09.973,0.002160,-0.003290,0.002181,0.000000,-0.000002,-0.000002
2025-12-16 17:31:09.974,0.002255,-0.003437,0.002281,0.000000,-0.000002,-0.000002
2025-12-16 17:31:09.975,0.002299,-0.003513,0.002334,0.000000,-0.000002,-0.000002
2025-12-16 17:31:09.976,0.002345,-0.003589,0.002388,0.000000,-0.000002,-0.000002
2025-12-16 17:31:09.977,0.002394,-0.003675,0.002442,0.000000,-0.000002,-0.000002
2025-12-16 17:31:09.979,0.002482,-0.003849,0.002558,0.000000,-0.000002,-0.000002
2025-12-16 17:31:09.980,0.002529,-0.003942,0.002622,0.000000,-0.000002,-0.000002
2025-12-16 17:31:09.981,0.002576,-0.004037,0.002691,0.000000,-0.000002,-0.000002
2025-12-16 17:31:09.982,0.002623,-0.004146,0.002769,-0.000000,-0.000002,-0.000002
2025-12-16 17:31:09.984,0.002662,-0.004242,0.002838,-0.000000,-0.000002,-0.000002
2025-12-16 17:31:09.985,0.002703,-0.004340,0.002902,-0.000000,-0.000002,-0.000002
2025-12-16 17:31:09.986,0.002741,-0.004434,0.002964,-0.000000,-0.000002,-0.000002
2025-12-16 17:31:09.987,0.002779,-0.004532,0.003026,-0.000000,-0.000002,-0.000002
2025-12-16 17:31:09.988,0.002818,-0.004634,0.003094,-0.000000,-0.000002,-0.000002
2025-12-16 17:31:09.989,0.002852,-0.004738,0.003164,-0.000000,-0.000002,-0.000002
2025-12-16 17:31:09.990,0.002888,-0.004842,0.003234,-0.000000,-0.000002,-0.000002
2025-12-16 17:31:09.992,0.002924,-0.004953,0.003309,-0.000000,-0.000002,-0.000003
2025-12-16 17:31:09.993,0.002958,-0.005058,0.003375,-0.000000,-0.000002,-0.000003
2025-12-16 17:31:09.995,0.003017,-0.005276,0.003508,-0.000000,-0.000003,-0.000003
2025-12-16 17:31:09.996,0.003047,-0.005388,0.003573,-0.000000,-0.000003,-0.000003
2025-12-16 17:31:09.997,0.003134,-0.005723,0.003769,-0.000000,-0.000003,-0.000003
2025-12-16 17:31:09.998,0.003164,-0.005835,0.003834,-0.000000,-0.000003,-0.000003
2025-12-16 17:31:10.000,0.003185,-0.006041,0.003933,-0.000000,-0.000003,-0.000003
2025-12-16 17:31:10.001,0.003194,-0.006146,0.003979,-0.000000,-0.000003,-0.000003
2025-12-16 17:31:10.002,0.003198,-0.006249,0.004022,-0.000000,-0.000003,-0.000003
2025-12-16 17:31:10.003,0.003199,-0.006351,0.004068,-0.000000,-0.000003,-0.000003
2025-12-16 17:31:10.004,0.003197,-0.006454,0.004115,-0.000000,-0.000003,-0.000003
2025-12-16 17:31:10.005,0.003192,-0.006560,0.004161,-0.000000,-0.000003,-0.000003
2025-12-16 17:31:10.006,0.003187,-0.006665,0.004203,-0.000000,-0.000003,-0.000003
2025-12-16 17:31:10.008,0.003179,-0.006768,0.004241,-0.000000,-0.000003,-0.000003
2025-12-16 17:31:10.009,0.003168,-0.006871,0.004279,-0.000000,-0.000003,-0.000003
2025-12-16 17:31:10.010,0.003126,-0.007076,0.004355,-0.000000,-0.000003,-0.000003
2025-12-16 17:31:10.011,0.003100,-0.007177,0.004395,-0.000000,-0.000003,-0.000003
2025-12-16 17:31:10.012,0.003073,-0.007276,0.004434,-0.000000,-0.000003,-0.000003
2025-12-16 17:31:10.013,0.003046,-0.007372,0.004471,-0.000000,-0.000003,-0.000003
2025-12-16 17:31:10.014,0.003014,-0.007466,0.004509,-0.000000,-0.000003,-0.000003
2025-12-16 17:31:10.015,0.002981,-0.007561,0.004549,-0.000001,-0.000003,-0.000003
2025-12-16 17:31:10.017,0.002947,-0.007657,0.004589,-0.000001,-0.000003,-0.000004
2025-12-16 17:31:10.018,0.002875,-0.007844,0.004668,-0.000001,-0.000003,-0.000004
2025-12-16 17:31:10.019,0.002838,-0.007933,0.004702,-0.000001,-0.000003,-0.000004
2025-12-16 17:31:10.020,0.002800,-0.008018,0.004739,-0.000001,-0.000003,-0.000004
2025-12-16 17:31:10.021,0.002762,-0.008105,0.004781,-0.000001,-0.000003,-0.000004
2025-12-16 17:31:10.022,0.002726,-0.008194,0.004823,-0.000001,-0.000003,-0.000004
2025-12-16 17:31:10.023,0.002694,-0.008280,0.004870,-0.000001,-0.000003,-0.000004
2025-12-16 17:31:10.024,0.002660,-0.008361,0.004916,-0.000001,-0.000003,-0.000004
2025-12-16 17:31:10.026,0.002581,-0.008565,0.005003,-0.000001,-0.000002,-0.000004
2025-12-16 17:31:10.027,0.002539,-0.008663,0.005033,-0.000001,-0.000002,-0.000004
2025-12-16 17:31:10.028,0.002498,-0.008759,0.005060,-0.000001,-0.000002,-0.000004
2025-12-16 17:31:10.030,0.002452,-0.008858,0.005080,-0.000001,-0.000002,-0.000004
2025-12-16 17:31:10.031,0.002407,-0.008962,0.005098,-0.000001,-0.000002,-0.000004
2025-12-16 17:31:10.032,0.002308,-0.009185,0.005133,-0.000001,-0.000002,-0.000004
2025-12-16 17:31:10.033,0.002257,-0.009308,0.005155,-0.000001,-0.000002,-0.000004
2025-12-16 17:31:10.034,0.002209,-0.009438,0.005175,-0.000001,-0.000002,-0.000004
2025-12-16 17:31:10.035,0.002166,-0.009565,0.005196,-0.000001,-0.000002,-0.000004
2025-12-16 17:31:10.036,0.002124,-0.009694,0.005210,-0.000001,-0.000002,-0.000004
2025-12-16 17:31:10.037,0.002082,-0.009836,0.005221,-0.000001,-0.000002,-0.000004
2025-12-16 17:31:10.038,0.002046,-0.009985,0.005233,-0.000001,-0.000002,-0.000004
2025-12-16 17:31:10.039,0.002012,-0.010128,0.005247,-0.000001,-0.000002,-0.000004
2025-12-16 17:31:10.041,0.001979,-0.010269,0.005259,-0.000001,-0.000002,-0.000004
2025-12-16 17:31:10.042,0.001943,-0.010408,0.005270,-0.000001,-0.000002,-0.000004
2025-12-16 17:31:10.043,0.001861,-0.010685,0.005290,-0.000001,-0.000002,-0.000004
2025-12-16 17:31:10.044,0.001824,-0.010828,0.005299,-0.000001,-0.000002,-0.000004
2025-12-16 17:31:10.045,0.001790,-0.010976,0.005308,-0.000001,-0.000002,-0.000004
2025-12-16 17:31:10.046,0.001765,-0.011124,0.005325,-0.000001,-0.000002,-0.000004
2025-12-16 17:31:10.047,0.001746,-0.011250,0.005343,-0.000001,-0.000002,-0.000004
2025-12-16 17:31:10.049,0.001730,-0.011368,0.005362,-0.000001,-0.000002,-0.000004
2025-12-16 17:31:10.050,0.001719,-0.011585,0.005419,-0.000001,-0.000002,-0.000004
2025-12-16 17:31:10.052,0.001739,-0.011770,0.005504,-0.000001,-0.000002,-0.000004
2025-12-16 17:31:10.053,0.001748,-0.011851,0.005550,-0.000001,-0.000002,-0.000004
2025-12-16 17:31:10.054,0.001757,-0.011929,0.005594,-0.000001,-0.000002,-0.000004
2025-12-16 17:31:10.055,0.001766,-0.012001,0.005639,-0.000001,-0.000002,-0.000004
2025-12-16 17:31:10.057,0.001774,-0.012068,0.005692,-0.000001,-0.000002,-0.000004
2025-12-16 17:31:10.058,0.001775,-0.012171,0.005813,-0.000001,-0.000002,-0.000005
2025-12-16 17:31:10.059,0.001776,-0.012218,0.005879,-0.000001,-0.000002,-0.000005
2025-12-16 17:31:10.061,0.001779,-0.012264,0.005944,-0.000001,-0.000002,-0.000005
2025-12-16 17:31:10.062,0.001795,-0.012348,0.006077,-0.000001,-0.000002,-0.000005
2025-12-16 17:31:10.063,0.001805,-0.012389,0.006141,-0.000001,-0.000002,-0.000005
2025-12-16 17:31:10.064,0.001810,-0.012423,0.006205,-0.000001,-0.000002,-0.000005
2025-12-16 17:31:10.065,0.001819,-0.012456,0.006277,-0.000001,-0.000002,-0.000005
2025-12-16 17:31:10.066,0.001822,-0.012491,0.006360,-0.000001,-0.000002,-0.000005
2025-12-16 17:31:10.067,0.001822,-0.012521,0.006435,-0.000001,-0.000002,-0.000005
2025-12-16 17:31:10.069,0.001821,-0.012547,0.006512,-0.000001,-0.000002,-0.000005
2025-12-16 17:31:10.070,0.001789,-0.012604,0.006663,-0.000001,-0.000002,-0.000005
2025-12-16 17:31:10.071,0.001770,-0.012633,0.006727,-0.000001,-0.000002,-0.000005
2025-12-16 17:31:10.072,0.001752,-0.012666,0.006783,-0.000001,-0.000002,-0.000005
2025-12-16 17:31:10.073,0.001734,-0.012705,0.006842,-0.000000,-0.000002,-0.000005
2025-12-16 17:31:10.074,0.001711,-0.012746,0.006904,-0.000001,-0.000002,-0.000005
2025-12-16 17:31:10.075,0.001689,-0.012785,0.006962,-0.000001,-0.000002,-0.000005
2025-12-16 17:31:10.076,0.001668,-0.012819,0.007015,-0.000001,-0.000002,-0.000005
2025-12-16 17:31:10.078,0.001650,-0.012859,0.007066,-0.000001,-0.000002,-0.000005
2025-12-16 17:31:10.079,0.001606,-0.012940,0.007159,-0.000001,-0.000002,-0.000005
2025-12-16 17:31:10.080,0.001578,-0.012979,0.007201,-0.000001,-0.000002,-0.000005
2025-12-16 17:31:10.081,0.001550,-0.013020,0.007241,-0.000000,-0.000002,-0.000005
2025-12-16 17:31:10.083,0.001524,-0.013064,0.007277,-0.000000,-0.000002,-0.000005
2025-12-16 17:31:10.084,0.001497,-0.013106,0.007311,-0.000000,-0.000002,-0.000005
2025-12-16 17:31:10.085,0.001448,-0.013191,0.007374,-0.000000,-0.000002,-0.000005
2025-12-16 17:31:10.086,0.001421,-0.013232,0.007397,-0.000000,-0.000002,-0.000005
2025-12-16 17:31:10.087,0.001394,-0.013275,0.007421,-0.000001,-0.000002,-0.000005
2025-12-16 17:31:10.088,0.001362,-0.013318,0.007440,-0.000000,-0.000002,-0.000005
2025-12-16 17:31:10.089,0.001332,-0.013357,0.007451,-0.000000,-0.000002,-0.000005
2025-12-16 17:31:10.090,0.001306,-0.013396,0.007462,-0.000000,-0.000002,-0.000005
2025-12-16 17:31:10.091,0.001282,-0.013439,0.007476,-0.000000,-0.000002,-0.000005
2025-12-16 17:31:10.092,0.001259,-0.013481,0.007490,-0.000000,-0.000002,-0.000005
2025-12-16 17:31:10.093,0.001234,-0.013518,0.007501,-0.000000,-0.000002,-0.000005
2025-12-16 17:31:10.095,0.001206,-0.013551,0.007512,-0.000000,-0.000002,-0.000005
2025-12-16 17:31:10.096,0.001180,-0.013587,0.007516,-0.000000,-0.000002,-0.000005
2025-12-16 17:31:10.097,0.001150,-0.013624,0.007518,-0.000000,-0.000002,-0.000005
2025-12-16 17:31:10.098,0.001120,-0.013660,0.007518,-0.000000,-0.000002,-0.000005
2025-12-16 17:31:10.099,0.001090,-0.013699,0.007516,-0.000000,-0.000002,-0.000005
2025-12-16 17:31:10.100,0.001064,-0.013734,0.007509,-0.000000,-0.000002,-0.000005
2025-12-16 17:31:10.102,0.001038,-0.013770,0.007500,-0.000001,-0.000001,-0.000005
2025-12-16 17:31:10.103,0.000979,-0.013845,0.007467,-0.000000,-0.000001,-0.000005
2025-12-16 17:31:10.104,0.000950,-0.013880,0.007453,-0.000000,-0.000001,-0.000005
2025-12-16 17:31:10.105,0.000892,-0.013950,0.007425,-0.000001,-0.000001,-0.000005
2025-12-16 17:31:10.106,0.000863,-0.013984,0.007411,-0.000001,-0.000001,-0.000005
2025-12-16 17:31:10.107,0.000822,-0.014018,0.007391,-0.000001,-0.000001,-0.000005
2025-12-16 17:31:10.109,0.000791,-0.014052,0.007371,-0.000001,-0.000001,-0.000005
2025-12-16 17:31:10.110,0.000734,-0.014123,0.007330,-0.000001,-0.000001,-0.000005
2025-12-16 17:31:10.111,0.000704,-0.014150,0.007305,-0.000001,-0.000001,-0.000005
2025-12-16 17:31:10.112,0.000673,-0.014180,0.007276,-0.000001,-0.000001,-0.000005
2025-12-16 17:31:10.113,0.000638,-0.014203,0.007246,-0.000001,-0.000001,-0.000005
2025-12-16 17:31:10.114,0.000604,-0.014225,0.007213,-0.000000,-0.000001,-0.000005
2025-12-16 17:31:10.116,0.000570,-0.014244,0.007182,-0.000001,-0.000001,-0.000005
2025-12-16 17:31:10.117,0.000532,-0.014264,0.007140,-0.000001,-0.000001,-0.000005
2025-12-16 17:31:10.118,0.000499,-0.014280,0.007100,-0.000001,-0.000001,-0.000005
2025-12-16 17:31:10.119,0.000439,-0.014301,0.007027,-0.000001,-0.000001,-0.000005
2025-12-16 17:31:10.120,0.000415,-0.014307,0.006991,-0.000001,-0.000001,-0.000005
2025-12-16 17:31:10.121,0.000392,-0.014309,0.006954,-0.000001,-0.000001,-0.000005
2025-12-16 17:31:10.122,0.000373,-0.014308,0.006914,-0.000001,-0.000001,-0.000005
2025-12-16 17:31:10.123,0.000355,-0.014305,0.006873,-0.000000,-0.000001,-0.000005
2025-12-16 17:31:10.125,0.000338,-0.014295,0.006819,-0.000001,-0.000001,-0.000005
2025-12-16 17:31:10.126,0.000310,-0.014271,0.006724,-0.000001,-0.000001,-0.000005
2025-12-16 17:31:10.127,0.000300,-0.014258,0.006681,-0.000001,-0.000001,-0.000005
2025-12-16 17:31:10.128,0.000291,-0.014241,0.006638,-0.000001,-0.000001,-0.000005
2025-12-16 17:31:10.129,0.000284,-0.014217,0.006594,-0.000001,-0.000001,-0.000005
2025-12-16 17:31:10.131,0.000278,-0.014192,0.006540,-0.000000,-0.000001,-0.000005
2025-12-16 17:31:10.132,0.000278,-0.014145,0.006436,-0.000000,-0.000001,-0.000005
2025-12-16 17:31:10.133,0.000281,-0.014116,0.006383,-0.000000,-0.000001,-0.000005
2025-12-16 17:31:10.134,0.000290,-0.014084,0.006313,-0.000000,-0.000001,-0.000005
2025-12-16 17:31:10.135,0.000300,-0.014056,0.006249,-0.000000,-0.000001,-0.000005
2025-12-16 17:31:10.136,0.000316,-0.014023,0.006185,-0.000001,-0.000001,-0.000005
2025-12-16 17:31:10.138,0.000333,-0.013989,0.006119,-0.000001,-0.000001,-0.000005
2025-12-16 17:31:10.139,0.000350,-0.013956,0.006057,-0.000000,-0.000001,-0.000005
2025-12-16 17:31:10.140,0.000376,-0.013885,0.005934,-0.000001,-0.000001,-0.000005
2025-12-16 17:31:10.141,0.000392,-0.013848,0.005868,-0.000001,-0.000001,-0.000005
2025-12-16 17:31:10.142,0.000413,-0.013809,0.005791,-0.000000,-0.000001,-0.000005
2025-12-16 17:31:10.143,0.000432,-0.013775,0.005722,-0.000001,-0.000001,-0.000005
2025-12-16 17:31:10.145,0.000446,-0.013744,0.005655,-0.000001,-0.000000,-0.000005
2025-12-16 17:31:10.146,0.000482,-0.013670,0.005520,-0.000001,-0.000001,-0.000005
2025-12-16 17:31:10.147,0.000503,-0.013635,0.005453,-0.000001,-0.000001,-0.000005
2025-12-16 17:31:10.148,0.000523,-0.013602,0.005385,-0.000001,-0.000001,-0.000005
2025-12-16 17:31:10.149,0.000544,-0.013573,0.005321,-0.000001,-0.000001,-0.000005
2025-12-16 17:31:10.151,0.000567,-0.013543,0.005259,-0.000000,-0.000001,-0.000005
2025-12-16 17:31:10.152,0.000616,-0.013496,0.005146,-0.000001,-0.000001,-0.000005
2025-12-16 17:31:10.153,0.000643,-0.013473,0.005095,-0.000001,-0.000001,-0.000005
2025-12-16 17:31:10.154,0.000674,-0.013453,0.005041,-0.000001,-0.000001,-0.000004
2025-12-16 17:31:10.155,0.000703,-0.013428,0.004991,-0.000001,-0.000001,-0.000004
2025-12-16 17:31:10.157,0.000730,-0.013405,0.004940,-0.000001,-0.000001,-0.000005
2025-12-16 17:31:10.158,0.000762,-0.013388,0.004892,-0.000001,-0.000001,-0.000005
2025-12-16 17:31:10.159,0.000833,-0.013362,0.004803,-0.000001,-0.000001,-0.000004
2025-12-16 17:31:10.160,0.000866,-0.013347,0.004760,-0.000001,-0.000001,-0.000005
2025-12-16 17:31:10.161,0.000902,-0.013333,0.004725,-0.000001,-0.000001,-0.000005
2025-12-16 17:31:10.162,0.000939,-0.013317,0.004681,-0.000001,-0.000001,-0.000005
2025-12-16 17:31:10.163,0.000978,-0.013302,0.004643,-0.000001,-0.000001,-0.000005
2025-12-16 17:31:10.164,0.001024,-0.013288,0.004602,-0.000001,-0.000001,-0.000004
2025-12-16 17:31:10.166,0.001067,-0.013277,0.004566,-0.000001,-0.000001,-0.000004
2025-12-16 17:31:10.167,0.001149,-0.013245,0.004499,-0.000001,-0.000001,-0.000005
2025-12-16 17:31:10.168,0.001184,-0.013229,0.004469,-0.000001,-0.000001,-0.000005
2025-12-16 17:31:10.169,0.001224,-0.013206,0.004430,-0.000001,-0.000001,-0.000004
2025-12-16 17:31:10.170,0.001260,-0.013182,0.004395,-0.000001,-0.000001,-0.000004
2025-12-16 17:31:10.171,0.001293,-0.013163,0.004355,-0.000001,-0.000001,-0.000005
2025-12-16 17:31:10.173,0.001320,-0.013138,0.004317,-0.000001,-0.000001,-0.000005
2025-12-16 17:31:10.174,0.001349,-0.013110,0.004273,-0.000001,-0.000001,-0.000004
2025-12-16 17:31:10.175,0.001405,-0.013044,0.004173,-0.000001,-0.000001,-0.000004
2025-12-16 17:31:10.176,0.001429,-0.013013,0.004124,-0.000001,-0.000001,-0.000004
2025-12-16 17:31:10.177,0.001445,-0.012974,0.004065,-0.000001,-0.000001,-0.000004
2025-12-16 17:31:10.178,0.001458,-0.012927,0.004003,-0.000001,-0.000001,-0.000004
2025-12-16 17:31:10.179,0.001468,-0.012884,0.003949,-0.000001,-0.000001,-0.000004
2025-12-16 17:31:10.181,0.001479,-0.012843,0.003898,-0.000000,-0.000001,-0.000004
2025-12-16 17:31:10.182,0.001486,-0.012798,0.003845,-0.000001,-0.000001,-0.000004
2025-12-16 17:31:10.183,0.001490,-0.012695,0.003728,-0.000001,-0.000001,-0.000004
2025-12-16 17:31:10.184,0.001488,-0.012648,0.003677,-0.000001,-0.000001,-0.000004
2025-12-16 17:31:10.185,0.001486,-0.012611,0.003637,-0.000001,-0.000001,-0.000004
2025-12-16 17:31:10.186,0.001484,-0.012583,0.003607,-0.000001,-0.000001,-0.000004
2025-12-16 17:31:10.187,0.001470,-0.012525,0.003536,-0.000001,-0.000001,-0.000004
2025-12-16 17:31:10.188,0.001453,-0.012452,0.003456,-0.000001,-0.000001,-0.000004
2025-12-16 17:31:10.189,0.001431,-0.012377,0.003371,-0.000001,-0.000001,-0.000004
2025-12-16 17:31:10.191,0.001406,-0.012298,0.003284,-0.000001,-0.000001,-0.000004
2025-12-16 17:31:10.192,0.001382,-0.012216,0.003197,-0.000001,-0.000001,-0.000004
2025-12-16 17:31:10.193,0.001335,-0.012071,0.003025,-0.000001,-0.000001,-0.000004
2025-12-16 17:31:10.194,0.001309,-0.012000,0.002941,-0.000001,-0.000001,-0.000004
2025-12-16 17:31:10.195,0.001287,-0.011930,0.002858,-0.000001,-0.000001,-0.000004
2025-12-16 17:31:10.197,0.001264,-0.011856,0.002776,-0.000001,-0.000001,-0.000004
2025-12-16 17:31:10.198,0.001239,-0.011783,0.002693,-0.000001,-0.000001,-0.000004
2025-12-16 17:31:10.199,0.001212,-0.011709,0.002611,-0.000001,-0.000001,-0.000004
2025-12-16 17:31:10.200,0.001188,-0.011635,0.002529,-0.000001,-0.000001,-0.000004
2025-12-16 17:31:10.201,0.001171,-0.011562,0.002449,-0.000001,-0.000001,-0.000004
2025-12-16 17:31:10.202,0.001156,-0.011488,0.002366,-0.000001,-0.000001,-0.000004
2025-12-16 17:31:10.203,0.001142,-0.011413,0.002284,-0.000001,-0.000001,-0.000004
2025-12-16 17:31:10.205,0.001132,-0.011344,0.002197,-0.000001,-0.000001,-0.000004
2025-12-16 17:31:10.206,0.001113,-0.011205,0.002022,-0.000001,-0.000001,-0.000004
2025-12-16 17:31:10.207,0.001120,-0.011074,0.001854,-0.000001,-0.000001,-0.000004
2025-12-16 17:31:10.208,0.001130,-0.011016,0.001774,-0.000001,-0.000001,-0.000003
2025-12-16 17:31:10.209,0.001139,-0.010958,0.001699,-0.000001,-0.000000,-0.000003
2025-12-16 17:31:10.210,0.001147,-0.010897,0.001617,-0.000001,-0.000000,-0.000003
2025-12-16 17:31:10.211,0.001156,-0.010838,0.001535,-0.000001,-0.000000,-0.000003
2025-12-16 17:31:10.213,0.001172,-0.010706,0.001376,-0.000001,-0.000000,-0.000003
2025-12-16 17:31:10.214,0.001188,-0.010630,0.001282,-0.000001,-0.000000,-0.000003
2025-12-16 17:31:10.215,0.001204,-0.010562,0.001196,-0.000001,-0.000000,-0.000003
2025-12-16 17:31:10.217,0.001244,-0.010438,0.001029,-0.000001,-0.000001,-0.000003
2025-12-16 17:31:10.218,0.001268,-0.010370,0.000944,-0.000001,-0.000000,-0.000003
2025-12-16 17:31:10.219,0.001289,-0.010302,0.000860,-0.000001,-0.000000,-0.000003
2025-12-16 17:31:10.220,0.001308,-0.010232,0.000782,-0.000001,-0.000000,-0.000003
2025-12-16 17:31:10.221,0.001328,-0.010157,0.000704,-0.000001,-0.000000,-0.000003
2025-12-16 17:31:10.223,0.001382,-0.010006,0.000549,-0.000001,-0.000000,-0.000003
2025-12-16 17:31:10.225,0.001430,-0.009845,0.000393,-0.000001,-0.000001,-0.000003
2025-12-16 17:31:10.226,0.001456,-0.009758,0.000312,-0.000001,-0.000000,-0.000003
2025-12-16 17:31:10.227,0.001480,-0.009674,0.000230,-0.000001,-0.000000,-0.000003
2025-12-16 17:31:10.228,0.001507,-0.009590,0.000155,-0.000001,-0.000000,-0.000003
2025-12-16 17:31:10.229,0.001533,-0.009506,0.000076,-0.000001,-0.000000,-0.000003
2025-12-16 17:31:10.230,0.001559,-0.009421,0.000004,-0.000001,-0.000001,-0.000003
2025-12-16 17:31:10.231,0.001585,-0.009334,-0.000059,-0.000001,-0.000001,-0.000003
2025-12-16 17:31:10.233,0.001640,-0.009159,-0.000185,-0.000001,-0.000001,-0.000003
2025-12-16 17:31:10.234,0.001671,-0.009067,-0.000248,-0.000001,-0.000001,-0.000003
2025-12-16 17:31:10.236,0.001735,-0.008892,-0.000365,-0.000001,-0.000001,-0.000003
2025-12-16 17:31:10.237,0.001772,-0.008804,-0.000411,-0.000001,-0.000001,-0.000003
2025-12-16 17:31:10.238,0.001812,-0.008716,-0.000453,-0.000001,-0.000001,-0.000003
2025-12-16 17:31:10.239,0.001849,-0.008633,-0.000490,-0.000001,-0.000001,-0.000003
2025-12-16 17:31:10.241,0.001886,-0.008552,-0.000526,-0.000001,-0.000001,-0.000003
2025-12-16 17:31:10.242,0.001956,-0.008388,-0.000590,-0.000001,-0.000001,-0.000003
2025-12-16 17:31:10.243,0.001986,-0.008305,-0.000617,-0.000001,-0.000001,-0.000003
2025-12-16 17:31:10.245,0.002055,-0.008141,-0.000663,-0.000001,-0.000001,-0.000003
2025-12-16 17:31:10.246,0.002085,-0.008059,-0.000677,-0.000001,-0.000001,-0.000003
2025-12-16 17:31:10.247,0.002118,-0.007977,-0.000686,-0.000001,-0.000001,-0.000003
2025-12-16 17:31:10.248,0.002151,-0.007894,-0.000695,-0.000001,-0.000001,-0.000003
2025-12-16 17:31:10.251,0.002241,-0.007650,-0.000716,-0.000001,-0.000001,-0.000003
2025-12-16 17:31:10.252,0.002271,-0.007570,-0.000722,-0.000001,-0.000001,-0.000003
2025-12-16 17:31:10.253,0.002297,-0.007494,-0.000722,-0.000001,-0.000001,-0.000003
2025-12-16 17:31:10.254,0.002319,-0.007417,-0.000722,-0.000001,-0.000001,-0.000003
2025-12-16 17:31:10.257,0.002360,-0.007267,-0.000713,-0.000001,-0.000001,-0.000002
2025-12-16 17:31:10.258,0.002380,-0.007104,-0.000705,-0.000001,-0.000001,-0.000002
2025-12-16 17:31:10.259,0.002397,-0.007028,-0.000701,-0.000001,-0.000001,-0.000002
2025-12-16 17:31:10.260,0.002408,-0.006953,-0.000693,-0.000001,-0.000001,-0.000002
2025-12-16 17:31:10.261,0.002417,-0.006880,-0.000685,-0.000001,-0.000001,-0.000002
2025-12-16 17:31:10.262,0.002427,-0.006808,-0.000677,-0.000001,-0.000001,-0.000002
2025-12-16 17:31:10.265,0.002456,-0.006592,-0.000656,-0.000001,-0.000001,-0.000002
2025-12-16 17:31:10.266,0.002468,-0.006523,-0.000647,-0.000001,-0.000001,-0.000002
2025-12-16 17:31:10.268,0.002486,-0.006384,-0.000631,-0.000001,-0.000001,-0.000002
2025-12-16 17:31:10.269,0.002494,-0.006319,-0.000621,-0.000001,-0.000001,-0.000002
2025-12-16 17:31:10.271,0.002503,-0.006257,-0.000613,-0.000001,-0.000001,-0.000002
2025-12-16 17:31:10.272,0.002511,-0.006135,-0.000599,-0.000001,-0.000001,-0.000002
2025-12-16 17:31:10.275,0.002518,-0.005971,-0.000563,-0.000001,-0.000001,-0.000002
2025-12-16 17:31:10.276,0.002519,-0.005919,-0.000552,-0.000001,-0.000001,-0.000002
2025-12-16 17:31:10.277,0.002520,-0.005869,-0.000541,-0.000001,-0.000001,-0.000002
2025-12-16 17:31:10.279,0.002519,-0.005824,-0.000534,-0.000001,-0.000001,-0.000002
2025-12-16 17:31:10.280,0.002517,-0.005780,-0.000525,-0.000001,-0.000001,-0.000002
2025-12-16 17:31:10.281,0.002516,-0.005738,-0.000516,-0.000001,-0.000001,-0.000002
2025-12-16 17:31:10.282,0.002510,-0.005656,-0.000497,-0.000001,-0.000001,-0.000002
2025-12-16 17:31:10.284,0.002505,-0.005619,-0.000491,-0.000001,-0.000001,-0.000002
2025-12-16 17:31:10.285,0.002499,-0.005582,-0.000487,-0.000001,-0.000001,-0.000002
2025-12-16 17:31:10.286,0.002483,-0.005517,-0.000467,-0.000001,-0.000001,-0.000002
2025-12-16 17:31:10.287,0.002478,-0.005488,-0.000454,-0.000001,-0.000001,-0.000002
2025-12-16 17:31:10.288,0.002475,-0.005464,-0.000442,-0.000001,-0.000001,-0.000002
2025-12-16 17:31:10.289,0.002472,-0.005440,-0.000430,-0.000001,-0.000001,-0.000002
2025-12-16 17:31:10.291,0.002467,-0.005394,-0.000393,-0.000001,-0.000001,-0.000002
2025-12-16 17:31:10.292,0.002467,-0.005376,-0.000373,-0.000001,-0.000001,-0.000002
2025-12-16 17:31:10.293,0.002467,-0.005355,-0.000355,-0.000001,-0.000001,-0.000002
2025-12-16 17:31:10.294,0.002475,-0.005333,-0.000335,-0.000001,-0.000001,-0.000002
2025-12-16 17:31:10.295,0.002486,-0.005312,-0.000313,-0.000001,-0.000001,-0.000002
2025-12-16 17:31:10.297,0.002500,-0.005291,-0.000287,-0.000001,-0.000001,-0.000002
2025-12-16 17:31:10.298,0.002515,-0.005271,-0.000259,-0.000001,-0.000001,-0.000002
2025-12-16 17:31:10.299,0.002535,-0.005250,-0.000229,-0.000001,-0.000001,-0.000002
2025-12-16 17:31:10.300,0.002553,-0.005227,-0.000203,-0.000001,-0.000001,-0.000002
2025-12-16 17:31:10.301,0.002576,-0.005203,-0.000176,-0.000001,-0.000001,-0.000002
2025-12-16 17:31:10.302,0.002600,-0.005179,-0.000145,-0.000001,-0.000001,-0.000002
2025-12-16 17:31:10.304,0.002630,-0.005158,-0.000110,-0.000001,-0.000001,-0.000002
2025-12-16 17:31:10.305,0.002664,-0.005135,-0.000067,-0.000001,-0.000001,-0.000002
2025-12-16 17:31:10.306,0.002699,-0.005110,-0.000017,-0.000001,-0.000001,-0.000002
2025-12-16 17:31:10.307,0.002735,-0.005085,0.000030,-0.000001,-0.000001,-0.000002
2025-12-16 17:31:10.308,0.002775,-0.005060,0.000077,-0.000001,-0.000001,-0.000002
2025-12-16 17:31:10.309,0.002894,-0.004983,0.000220,-0.000001,-0.000001,-0.000002
2025-12-16 17:31:10.311,0.002932,-0.004945,0.000288,-0.000001,-0.000001,-0.000002
2025-12-16 17:31:10.312,0.002980,-0.004902,0.000363,-0.000001,-0.000001,-0.000002
2025-12-16 17:31:10.313,0.003030,-0.004855,0.000436,-0.000001,-0.000001,-0.000002
2025-12-16 17:31:10.314,0.003119,-0.004763,0.000580,-0.000001,-0.000002,-0.000002
2025-12-16 17:31:10.315,0.003166,-0.004719,0.000650,-0.000001,-0.000002,-0.000002
2025-12-16 17:31:10.316,0.003211,-0.004673,0.000726,-0.000001,-0.000002,-0.000002
2025-12-16 17:31:10.317,0.003251,-0.004622,0.000805,-0.000001,-0.000002,-0.000002
2025-12-16 17:31:10.318,0.003288,-0.004572,0.000881,-0.000001,-0.000002,-0.000002
2025-12-16 17:31:10.319,0.003326,-0.004527,0.000962,-0.000001,-0.000002,-0.000002
2025-12-16 17:31:10.320,0.003365,-0.004483,0.001043,-0.000001,-0.000002,-0.000002
2025-12-16 17:31:10.321,0.003404,-0.004440,0.001124,-0.000001,-0.000002,-0.000002
2025-12-16 17:31:10.322,0.003436,-0.004386,0.001215,-0.000001,-0.000002,-0.000002
2025-12-16 17:31:10.323,0.003466,-0.004336,0.001299,-0.000001,-0.000002,-0.000002
2025-12-16 17:31:10.324,0.003494,-0.004292,0.001374,-0.000001,-0.000002,-0.000002
2025-12-16 17:31:10.326,0.003519,-0.004242,0.001454,-0.000001,-0.000002,-0.000002
2025-12-16 17:31:10.327,0.003541,-0.004196,0.001526,-0.000001,-0.000002,-0.000002
2025-12-16 17:31:10.328,0.003588,-0.004109,0.001665,-0.000001,-0.000002,-0.000002
2025-12-16 17:31:10.329,0.003606,-0.004065,0.001731,-0.000001,-0.000002,-0.000002
2025-12-16 17:31:10.330,0.003624,-0.004021,0.001797,-0.000001,-0.000002,-0.000002
2025-12-16 17:31:10.332,0.003637,-0.003982,0.001859,-0.000001,-0.000002,-0.000002
2025-12-16 17:31:10.333,0.003647,-0.003951,0.001918,-0.000001,-0.000002,-0.000002
2025-12-16 17:31:10.334,0.003679,-0.003891,0.002030,-0.000001,-0.000002,-0.000002
2025-12-16 17:31:10.335,0.003691,-0.003862,0.002080,-0.000001,-0.000002,-0.000002
2025-12-16 17:31:10.336,0.003703,-0.003833,0.002128,-0.000000,-0.000002,-0.000002
2025-12-16 17:31:10.337,0.003724,-0.003809,0.002177,-0.000000,-0.000002,-0.000002
2025-12-16 17:31:10.338,0.003746,-0.003789,0.002221,-0.000001,-0.000002,-0.000002
2025-12-16 17:31:10.340,0.003761,-0.003772,0.002260,-0.000001,-0.000002,-0.000002
2025-12-16 17:31:10.341,0.003795,-0.003749,0.002323,-0.000000,-0.000002,-0.000002
2025-12-16 17:31:10.342,0.003817,-0.003741,0.002350,-0.000001,-0.000002,-0.000002
2025-12-16 17:31:10.343,0.003837,-0.003735,0.002372,-0.000001,-0.000002,-0.000002
2025-12-16 17:31:10.344,0.003862,-0.003733,0.002393,-0.000001,-0.000002,-0.000002
2025-12-16 17:31:10.345,0.003888,-0.003741,0.002402,-0.000001,-0.000002,-0.000002
2025-12-16 17:31:10.347,0.003929,-0.003782,0.002401,-0.000000,-0.000003,-0.000003
2025-12-16 17:31:10.349,0.003962,-0.003853,0.002364,-0.000001,-0.000003,-0.000003
2025-12-16 17:31:10.350,0.003978,-0.003903,0.002329,-0.000001,-0.000002,-0.000003
2025-12-16 17:31:10.351,0.003992,-0.003951,0.002296,-0.000001,-0.000002,-0.000003
2025-12-16 17:31:10.352,0.004005,-0.003994,0.002271,-0.000001,-0.000003,-0.000003
2025-12-16 17:31:10.353,0.004017,-0.004034,0.002251,-0.000001,-0.000003,-0.000003
2025-12-16 17:31:10.354,0.004029,-0.004079,0.002234,-0.000001,-0.000002,-0.000003
2025-12-16 17:31:10.355,0.004044,-0.004130,0.002216,-0.000001,-0.000003,-0.000003
2025-12-16 17:31:10.356,0.004063,-0.004190,0.002192,-0.000001,-0.000003,-0.000003
2025-12-16 17:31:10.358,0.004085,-0.004256,0.002165,-0.000001,-0.000003,-0.000003
2025-12-16 17:31:10.359,0.004112,-0.004326,0.002136,-0.000001,-0.000003,-0.000003
2025-12-16 17:31:10.360,0.004166,-0.004450,0.002094,-0.000001,-0.000003,-0.000003
2025-12-16 17:31:10.361,0.004193,-0.004505,0.002084,-0.000001,-0.000003,-0.000003
2025-12-16 17:31:10.363,0.004214,-0.004555,0.002079,-0.000001,-0.000003,-0.000003
2025-12-16 17:31:10.364,0.004244,-0.004645,0.002073,-0.000001,-0.000003,-0.000003
2025-12-16 17:31:10.365,0.004261,-0.004691,0.002069,-0.000001,-0.000003,-0.000003
2025-12-16 17:31:10.366,0.004280,-0.004734,0.002069,-0.000001,-0.000003,-0.000003
2025-12-16 17:31:10.367,0.004305,-0.004772,0.002073,-0.000001,-0.000003,-0.000003
2025-12-16 17:31:10.368,0.004335,-0.004808,0.002088,-0.000001,-0.000003,-0.000003
2025-12-16 17:31:10.369,0.004370,-0.004841,0.002105,-0.000001,-0.000003,-0.000003
2025-12-16 17:31:10.370,0.004402,-0.004868,0.002132,-0.000001,-0.000003,-0.000003
2025-12-16 17:31:10.371,0.004431,-0.004887,0.002171,-0.000001,-0.000003,-0.000003
2025-12-16 17:31:10.372,0.004459,-0.004907,0.002214,-0.000001,-0.000003,-0.000003
2025-12-16 17:31:10.373,0.004477,-0.004933,0.002257,-0.000001,-0.000003,-0.000003
2025-12-16 17:31:10.374,0.004495,-0.004965,0.002299,-0.000001,-0.000003,-0.000003
2025-12-16 17:31:10.375,0.004511,-0.005001,0.002341,-0.000001,-0.000003,-0.000003
2025-12-16 17:31:10.376,0.004527,-0.005043,0.002387,-0.000001,-0.000003,-0.000003
2025-12-16 17:31:10.378,0.004538,-0.005086,0.002428,-0.000001,-0.000003,-0.000003
2025-12-16 17:31:10.379,0.004544,-0.005190,0.002526,-0.000001,-0.000003,-0.000003
2025-12-16 17:31:10.380,0.004543,-0.005255,0.002574,-0.000001,-0.000003,-0.000003
2025-12-16 17:31:10.381,0.004531,-0.005323,0.002618,-0.000001,-0.000003,-0.000003
2025-12-16 17:31:10.382,0.004517,-0.005403,0.002656,-0.000001,-0.000003,-0.000003
2025-12-16 17:31:10.383,0.004502,-0.005494,0.002688,-0.000001,-0.000003,-0.000003
2025-12-16 17:31:10.384,0.004486,-0.005595,0.002716,-0.000001,-0.000003,-0.000003
2025-12-16 17:31:10.385,0.004473,-0.005701,0.002750,-0.000001,-0.000003,-0.000003
2025-12-16 17:31:10.386,0.004459,-0.005805,0.002785,-0.000001,-0.000003,-0.000003
2025-12-16 17:31:10.387,0.004439,-0.005912,0.002821,-0.000001,-0.000003,-0.000003
2025-12-16 17:31:10.388,0.004415,-0.006020,0.002852,-0.000001,-0.000003,-0.000003
2025-12-16 17:31:10.389,0.004390,-0.006140,0.002883,-0.000001,-0.000003,-0.000003
2025-12-16 17:31:10.390,0.004364,-0.006260,0.002914,-0.000001,-0.000003,-0.000003
2025-12-16 17:31:10.392,0.004344,-0.006388,0.002940,-0.000001,-0.000003,-0.000003
2025-12-16 17:31:10.393,0.004327,-0.006511,0.002969,-0.000001,-0.000003,-0.000003
2025-12-16 17:31:10.394,0.004307,-0.006732,0.003036,-0.000001,-0.000003,-0.000003
2025-12-16 17:31:10.395,0.004302,-0.006832,0.003082,-0.000001,-0.000003,-0.000004
2025-12-16 17:31:10.396,0.004299,-0.006925,0.003137,-0.000001,-0.000003,-0.000004
2025-12-16 17:31:10.397,0.004294,-0.007006,0.003197,-0.000001,-0.000003,-0.000004
2025-12-16 17:31:10.398,0.004291,-0.007077,0.003248,-0.000001,-0.000003,-0.000004
2025-12-16 17:31:10.399,0.004293,-0.007141,0.003301,-0.000001,-0.000003,-0.000004
2025-12-16 17:31:10.401,0.004300,-0.007192,0.003359,-0.000001,-0.000003,-0.000004
2025-12-16 17:31:10.402,0.004314,-0.007232,0.003438,-0.000001,-0.000003,-0.000004
2025-12-16 17:31:10.403,0.004344,-0.007281,0.003589,-0.000001,-0.000003,-0.000004
2025-12-16 17:31:10.404,0.004357,-0.007282,0.003666,-0.000001,-0.000003,-0.000004
2025-12-16 17:31:10.405,0.004368,-0.007269,0.003745,-0.000001,-0.000003,-0.000004
2025-12-16 17:31:10.406,0.004381,-0.007256,0.003827,-0.000001,-0.000003,-0.000004
2025-12-16 17:31:10.407,0.004396,-0.007241,0.003905,-0.000001,-0.000003,-0.000004
2025-12-16 17:31:10.408,0.004413,-0.007228,0.003991,-0.000001,-0.000003,-0.000004
2025-12-16 17:31:10.409,0.004429,-0.007215,0.004077,-0.000001,-0.000003,-0.000004
2025-12-16 17:31:10.410,0.004445,-0.007201,0.004162,-0.000001,-0.000003,-0.000004
2025-12-16 17:31:10.412,0.004439,-0.007143,0.004267,-0.000001,-0.000003,-0.000004
2025-12-16 17:31:10.413,0.004427,-0.007076,0.004435,-0.000001,-0.000003,-0.000004
2025-12-16 17:31:10.414,0.004426,-0.007069,0.004506,-0.000001,-0.000003,-0.000004
2025-12-16 17:31:10.415,0.004420,-0.007070,0.004562,-0.000001,-0.000003,-0.000004
2025-12-16 17:31:10.416,0.004413,-0.007077,0.004608,-0.000001,-0.000003,-0.000004
2025-12-16 17:31:10.417,0.004408,-0.007098,0.004650,-0.000001,-0.000003,-0.000004
2025-12-16 17:31:10.418,0.004397,-0.007127,0.004695,-0.000001,-0.000003,-0.000004
2025-12-16 17:31:10.419,0.004379,-0.007159,0.004738,-0.000001,-0.000003,-0.000004
2025-12-16 17:31:10.420,0.004364,-0.007199,0.004780,-0.000001,-0.000003,-0.000004
2025-12-16 17:31:10.421,0.004355,-0.007246,0.004816,-0.000001,-0.000003,-0.000004
2025-12-16 17:31:10.422,0.004344,-0.007304,0.004845,-0.000001,-0.000003,-0.000004
2025-12-16 17:31:10.423,0.004343,-0.007373,0.004865,-0.000001,-0.000003,-0.000004
2025-12-16 17:31:10.424,0.004347,-0.007455,0.004880,-0.000001,-0.000003,-0.000004
2025-12-16 17:31:10.426,0.004353,-0.007544,0.004884,-0.000001,-0.000003,-0.000004
2025-12-16 17:31:10.427,0.004361,-0.007631,0.004886,-0.000001,-0.000003,-0.000004
2025-12-16 17:31:10.428,0.004379,-0.007783,0.004905,-0.000001,-0.000003,-0.000004
2025-12-16 17:31:10.429,0.004389,-0.007852,0.004918,-0.000001,-0.000003,-0.000004
2025-12-16 17:31:10.430,0.004402,-0.007918,0.004931,-0.000001,-0.000003,-0.000004
2025-12-16 17:31:10.431,0.004417,-0.007983,0.004944,-0.000001,-0.000003,-0.000004
2025-12-16 17:31:10.432,0.004438,-0.008040,0.004946,-0.000001,-0.000003,-0.000004
2025-12-16 17:31:10.433,0.004456,-0.008088,0.004940,-0.000001,-0.000003,-0.000004
2025-12-16 17:31:10.434,0.004478,-0.008126,0.004936,-0.000001,-0.000003,-0.000004
2025-12-16 17:31:10.435,0.004503,-0.008152,0.004942,-0.000001,-0.000003,-0.000004
2025-12-16 17:31:10.437,0.004544,-0.008139,0.004980,-0.000001,-0.000003,-0.000004
2025-12-16 17:31:10.438,0.004560,-0.008114,0.005005,-0.000001,-0.000003,-0.000004
2025-12-16 17:31:10.439,0.004571,-0.008088,0.005027,-0.000001,-0.000003,-0.000004
2025-12-16 17:31:10.440,0.004576,-0.008070,0.005037,-0.000001,-0.000003,-0.000004
2025-12-16 17:31:10.441,0.004579,-0.008049,0.005037,-0.000001,-0.000003,-0.000004
2025-12-16 17:31:10.442,0.004575,-0.008023,0.005028,-0.000001,-0.000003,-0.000004
2025-12-16 17:31:10.443,0.004561,-0.007991,0.005015,-0.000001,-0.000003,-0.000004
2025-12-16 17:31:10.444,0.004535,-0.007949,0.005009,-0.000001,-0.000003,-0.000004
2025-12-16 17:31:10.446,0.004447,-0.007860,0.005005,-0.000001,-0.000003,-0.000004
2025-12-16 17:31:10.447,0.004393,-0.007825,0.004996,-0.000001,-0.000003,-0.000004
2025-12-16 17:31:10.448,0.004336,-0.007797,0.004974,-0.000001,-0.000003,-0.000004
2025-12-16 17:31:10.449,0.004274,-0.007779,0.004935,-0.000001,-0.000003,-0.000004
2025-12-16 17:31:10.450,0.004213,-0.007770,0.004890,-0.000001,-0.000003,-0.000004
2025-12-16 17:31:10.451,0.004152,-0.007773,0.004841,-0.000001,-0.000003,-0.000004
2025-12-16 17:31:10.452,0.004091,-0.007786,0.004797,-0.000001,-0.000003,-0.000004
2025-12-16 17:31:10.453,0.004028,-0.007797,0.004760,-0.000001,-0.000003,-0.000004
2025-12-16 17:31:10.455,0.003957,-0.007802,0.004723,-0.000001,-0.000003,-0.000004
2025-12-16 17:31:10.456,0.003876,-0.007807,0.004679,-0.000001,-0.000003,-0.000004
2025-12-16 17:31:10.457,0.003711,-0.007841,0.004561,-0.000001,-0.000003,-0.000004
2025-12-16 17:31:10.458,0.003628,-0.007874,0.004484,-0.000001,-0.000003,-0.000004
2025-12-16 17:31:10.459,0.003558,-0.007904,0.004406,-0.000001,-0.000002,-0.000004
2025-12-16 17:31:10.462,0.003438,-0.007933,0.004267,-0.000001,-0.000002,-0.000004
2025-12-16 17:31:10.463,0.003344,-0.007930,0.004164,-0.000001,-0.000002,-0.000004
2025-12-16 17:31:10.464,0.003304,-0.007917,0.004120,-0.000001,-0.000002,-0.000004
2025-12-16 17:31:10.465,0.003269,-0.007878,0.004072,-0.000001,-0.000002,-0.000004
2025-12-16 17:31:10.466,0.003242,-0.007836,0.004030,-0.000001,-0.000002,-0.000004
2025-12-16 17:31:10.468,0.003218,-0.007733,0.003970,-0.000001,-0.000002,-0.000003
2025-12-16 17:31:10.469,0.003222,-0.007673,0.003954,-0.000001,-0.000002,-0.000003
2025-12-16 17:31:10.470,0.003234,-0.007598,0.003945,-0.000001,-0.000002,-0.000003
2025-12-16 17:31:10.471,0.003246,-0.007500,0.003943,-0.000001,-0.000002,-0.000003
2025-12-16 17:31:10.472,0.003259,-0.007384,0.003943,-0.000001,-0.000002,-0.000003
2025-12-16 17:31:10.473,0.003276,-0.007263,0.003942,-0.000001,-0.000002,-0.000003
2025-12-16 17:31:10.474,0.003295,-0.007138,0.003939,-0.000001,-0.000002,-0.000003
2025-12-16 17:31:10.475,0.003321,-0.007012,0.003941,-0.000001,-0.000002,-0.000003
2025-12-16 17:31:10.477,0.003372,-0.006744,0.003941,-0.000001,-0.000002,-0.000003
2025-12-16 17:31:10.479,0.003398,-0.006577,0.003944,-0.000001,-0.000002,-0.000003
2025-12-16 17:31:10.480,0.003437,-0.006279,0.003943,-0.000001,-0.000002,-0.000003
2025-12-16 17:31:10.481,0.003450,-0.006143,0.003936,-0.000001,-0.000002,-0.000003
2025-12-16 17:31:10.482,0.003460,-0.006014,0.003921,-0.000001,-0.000002,-0.000003
2025-12-16 17:31:10.483,0.003467,-0.005895,0.003900,-0.000001,-0.000002,-0.000003
2025-12-16 17:31:10.485,0.003468,-0.005786,0.003882,-0.000001,-0.000002,-0.000003
2025-12-16 17:31:10.486,0.003472,-0.005683,0.003863,-0.000001,-0.000002,-0.000003
2025-12-16 17:31:10.487,0.003464,-0.005493,0.003820,-0.000001,-0.000002,-0.000003
2025-12-16 17:31:10.488,0.003453,-0.005409,0.003794,-0.000001,-0.000002,-0.000003
2025-12-16 17:31:10.489,0.003439,-0.005328,0.003765,-0.000001,-0.000002,-0.000003
2025-12-16 17:31:10.490,0.003430,-0.005254,0.003730,-0.000001,-0.000002,-0.000003
2025-12-16 17:31:10.492,0.003418,-0.005156,0.003648,-0.000001,-0.000002,-0.000003
2025-12-16 17:31:10.493,0.003414,-0.005121,0.003609,-0.000001,-0.000002,-0.000003
2025-12-16 17:31:10.494,0.003410,-0.005090,0.003574,-0.000001,-0.000002,-0.000003
2025-12-16 17:31:10.495,0.003397,-0.005055,0.003539,-0.000001,-0.000002,-0.000003
2025-12-16 17:31:10.496,0.003382,-0.005020,0.003506,-0.000001,-0.000002,-0.000003
2025-12-16 17:31:10.497,0.003371,-0.004989,0.003469,-0.000001,-0.000002,-0.000003
2025-12-16 17:31:10.499,0.003360,-0.004963,0.003430,-0.000001,-0.000002,-0.000003
2025-12-16 17:31:10.500,0.003355,-0.004936,0.003398,-0.000001,-0.000002,-0.000003
2025-12-16 17:31:10.501,0.003356,-0.004902,0.003375,-0.000001,-0.000002,-0.000003
2025-12-16 17:31:10.502,0.003389,-0.004834,0.003348,-0.000001,-0.000002,-0.000003
2025-12-16 17:31:10.503,0.003411,-0.004795,0.003351,-0.000001,-0.000002,-0.000003
2025-12-16 17:31:10.504,0.003433,-0.004748,0.003359,-0.000001,-0.000002,-0.000003
2025-12-16 17:31:10.505,0.003454,-0.004697,0.003376,-0.000001,-0.000002,-0.000003
2025-12-16 17:31:10.506,0.003482,-0.004651,0.003402,-0.000001,-0.000002,-0.000003
2025-12-16 17:31:10.508,0.003511,-0.004610,0.003426,-0.000001,-0.000002,-0.000003
2025-12-16 17:31:10.509,0.003557,-0.004513,0.003480,-0.000001,-0.000003,-0.000003
2025-12-16 17:31:10.510,0.003567,-0.004458,0.003509,-0.000001,-0.000003,-0.000003
2025-12-16 17:31:10.511,0.003577,-0.004402,0.003537,-0.000001,-0.000003,-0.000003
2025-12-16 17:31:10.513,0.003570,-0.004343,0.003568,-0.000001,-0.000003,-0.000003
2025-12-16 17:31:10.514,0.003563,-0.004284,0.003600,-0.000001,-0.000003,-0.000003
2025-12-16 17:31:10.515,0.003524,-0.004225,0.003586,-0.000001,-0.000003,-0.000003
2025-12-16 17:31:10.516,0.003504,-0.004204,0.003576,-0.000001,-0.000003,-0.000003
2025-12-16 17:31:10.517,0.003483,-0.004192,0.003569,-0.000001,-0.000003,-0.000003
2025-12-16 17:31:10.518,0.003457,-0.004184,0.003559,-0.000001,-0.000003,-0.000003
2025-12-16 17:31:10.520,0.003423,-0.004179,0.003551,-0.000001,-0.000003,-0.000003
2025-12-16 17:31:10.521,0.003381,-0.004176,0.003545,-0.000001,-0.000003,-0.000003
2025-12-16 17:31:10.522,0.003281,-0.004182,0.003520,-0.000000,-0.000003,-0.000003
2025-12-16 17:31:10.523,0.003235,-0.004198,0.003503,-0.000001,-0.000003,-0.000002
2025-12-16 17:31:10.524,0.003195,-0.004225,0.003479,-0.000000,-0.000002,-0.000003
2025-12-16 17:31:10.525,0.003154,-0.004259,0.003443,-0.000000,-0.000002,-0.000003
2025-12-16 17:31:10.526,0.003104,-0.004296,0.003402,-0.000000,-0.000002,-0.000002
2025-12-16 17:31:10.527,0.003060,-0.004328,0.003364,-0.000000,-0.000002,-0.000002
2025-12-16 17:31:10.529,0.002962,-0.004374,0.003282,-0.000000,-0.000002,-0.000002
2025-12-16 17:31:10.530,0.002914,-0.004395,0.003244,-0.000001,-0.000002,-0.000002
2025-12-16 17:31:10.531,0.002869,-0.004411,0.003207,-0.000000,-0.000002,-0.000002
2025-12-16 17:31:10.532,0.002832,-0.004424,0.003164,-0.000000,-0.000002,-0.000002
2025-12-16 17:31:10.533,0.002796,-0.004421,0.003121,-0.000000,-0.000002,-0.000002
2025-12-16 17:31:10.534,0.002770,-0.004406,0.003085,-0.000000,-0.000002,-0.000002
2025-12-16 17:31:10.535,0.002752,-0.004383,0.003061,-0.000000,-0.000002,-0.000002
2025-12-16 17:31:10.536,0.002731,-0.004342,0.003039,-0.000000,-0.000002,-0.000002
2025-12-16 17:31:10.537,0.002717,-0.004289,0.003025,-0.000000,-0.000002,-0.000002
2025-12-16 17:31:10.538,0.002701,-0.004226,0.003021,-0.000000,-0.000002,-0.000002
2025-12-16 17:31:10.539,0.002685,-0.004167,0.003018,-0.000000,-0.000002,-0.000002
2025-12-16 17:31:10.540,0.002669,-0.004111,0.003009,-0.000000,-0.000002,-0.000002
2025-12-16 17:31:10.541,0.002649,-0.004055,0.003000,-0.000000,-0.000002,-0.000002
2025-12-16 17:31:10.542,0.002626,-0.003992,0.002993,-0.000000,-0.000002,-0.000002
2025-12-16 17:31:10.544,0.002594,-0.003925,0.002981,-0.000000,-0.000002,-0.000002
2025-12-16 17:31:10.545,0.002554,-0.003850,0.002971,-0.000000,-0.000002,-0.000002
2025-12-16 17:31:10.546,0.002460,-0.003699,0.002956,-0.000000,-0.000002,-0.000002
2025-12-16 17:31:10.547,0.002408,-0.003629,0.002937,-0.000000,-0.000002,-0.000002
2025-12-16 17:31:10.548,0.002359,-0.003571,0.002912,-0.000000,-0.000002,-0.000002
2025-12-16 17:31:10.549,0.002317,-0.003527,0.002876,-0.000000,-0.000002,-0.000002
2025-12-16 17:31:10.550,0.002275,-0.003491,0.002829,-0.000000,-0.000002,-0.000002
2025-12-16 17:31:10.551,0.002234,-0.003466,0.002783,-0.000000,-0.000002,-0.000002
2025-12-16 17:31:10.552,0.002195,-0.003442,0.002749,-0.000000,-0.000002,-0.000002
2025-12-16 17:31:10.553,0.002151,-0.003417,0.002725,-0.000000,-0.000002,-0.000002
2025-12-16 17:31:10.554,0.002103,-0.003396,0.002702,-0.000000,-0.000002,-0.000002
2025-12-16 17:31:10.555,0.002052,-0.003377,0.002678,-0.000000,-0.000002,-0.000002
2025-12-16 17:31:10.556,0.002006,-0.003370,0.002652,-0.000000,-0.000002,-0.000002
2025-12-16 17:31:10.557,0.001965,-0.003374,0.002618,-0.000000,-0.000002,-0.000002
2025-12-16 17:31:10.559,0.001935,-0.003385,0.002581,0.000000,-0.000002,-0.000002
2025-12-16 17:31:10.560,0.001909,-0.003387,0.002523,-0.000000,-0.000002,-0.000002
2025-12-16 17:31:10.561,0.001907,-0.003375,0.002515,0.000000,-0.000002,-0.000002
2025-12-16 17:31:10.564,0.001913,-0.003314,0.002532,0.000000,-0.000002,-0.000002
2025-12-16 17:31:10.565,0.001930,-0.003285,0.002544,0.000000,-0.000002,-0.000002
2025-12-16 17:31:10.566,0.001957,-0.003246,0.002565,0.000000,-0.000002,-0.000002
2025-12-16 17:31:10.567,0.001991,-0.003207,0.002592,-0.000000,-0.000002,-0.000002
2025-12-16 17:31:10.568,0.002030,-0.003162,0.002627,0.000000,-0.000002,-0.000002
2025-12-16 17:31:10.569,0.002069,-0.003104,0.002674,0.000000,-0.000002,-0.000002
2025-12-16 17:31:10.570,0.002116,-0.003032,0.002739,0.000000,-0.000002,-0.000002
2025-12-16 17:31:10.572,0.002167,-0.002948,0.002816,0.000000,-0.000002,-0.000002
2025-12-16 17:31:10.573,0.002225,-0.002862,0.002903,0.000000,-0.000002,-0.000002
2025-12-16 17:31:10.574,0.002375,-0.002698,0.003094,0.000000,-0.000002,-0.000002
2025-12-16 17:31:10.575,0.002447,-0.002629,0.003183,0.000000,-0.000002,-0.000002
2025-12-16 17:31:10.577,0.002521,-0.002564,0.003274,0.000000,-0.000002,-0.000002
2025-12-16 17:31:10.578,0.002593,-0.002499,0.003371,0.000000,-0.000002,-0.000002
2025-12-16 17:31:10.579,0.002725,-0.002357,0.003586,0.000000,-0.000002,-0.000002
2025-12-16 17:31:10.580,0.002785,-0.002287,0.003696,0.000000,-0.000002,-0.000002
2025-12-16 17:31:10.581,0.002842,-0.002226,0.003803,0.000000,-0.000002,-0.000002
2025-12-16 17:31:10.582,0.002899,-0.002179,0.003900,0.000000,-0.000003,-0.000002
2025-12-16 17:31:10.583,0.002955,-0.002139,0.003984,0.000000,-0.000003,-0.000002
2025-12-16 17:31:10.585,0.003015,-0.002113,0.004061,0.000000,-0.000003,-0.000002
2025-12-16 17:31:10.586,0.003072,-0.002097,0.004130,0.000000,-0.000003,-0.000002
2025-12-16 17:31:10.587,0.003185,-0.002079,0.004259,0.000000,-0.000003,-0.000002
2025-12-16 17:31:10.588,0.003237,-0.002081,0.004318,0.000000,-0.000003,-0.000002
2025-12-16 17:31:10.589,0.003284,-0.002087,0.004374,0.000001,-0.000003,-0.000002
2025-12-16 17:31:10.590,0.003325,-0.002103,0.004422,0.000000,-0.000003,-0.000002
2025-12-16 17:31:10.591,0.003360,-0.002132,0.004456,0.000000,-0.000003,-0.000002
2025-12-16 17:31:10.592,0.003390,-0.002172,0.004478,0.000000,-0.000003,-0.000002
2025-12-16 17:31:10.593,0.003418,-0.002218,0.004498,0.000000,-0.000003,-0.000002
2025-12-16 17:31:10.594,0.003445,-0.002274,0.004513,0.000000,-0.000003,-0.000002
2025-12-16 17:31:10.595,0.003467,-0.002328,0.004521,0.000000,-0.000003,-0.000002
2025-12-16 17:31:10.597,0.003486,-0.002381,0.004526,0.000000,-0.000003,-0.000002
2025-12-16 17:31:10.598,0.003526,-0.002495,0.004516,0.000000,-0.000003,-0.000002
2025-12-16 17:31:10.599,0.003535,-0.002560,0.004499,0.000000,-0.000003,-0.000002
2025-12-16 17:31:10.600,0.003541,-0.002629,0.004479,0.000000,-0.000003,-0.000002
2025-12-16 17:31:10.601,0.003547,-0.002697,0.004459,0.000000,-0.000003,-0.000002
2025-12-16 17:31:10.603,0.003553,-0.002765,0.004439,0.000000,-0.000003,-0.000002
2025-12-16 17:31:10.604,0.003558,-0.002846,0.004395,0.000000,-0.000003,-0.000002
2025-12-16 17:31:10.605,0.003545,-0.002984,0.004330,0.000000,-0.000003,-0.000002
2025-12-16 17:31:10.606,0.003528,-0.003056,0.004291,0.000000,-0.000003,-0.000002
2025-12-16 17:31:10.607,0.003510,-0.003120,0.004254,0.000000,-0.000003,-0.000002
2025-12-16 17:31:10.608,0.003488,-0.003179,0.004217,-0.000000,-0.000003,-0.000002
2025-12-16 17:31:10.609,0.003462,-0.003238,0.004180,-0.000000,-0.000003,-0.000002
2025-12-16 17:31:10.610,0.003431,-0.003296,0.004141,-0.000000,-0.000003,-0.000002
2025-12-16 17:31:10.612,0.003396,-0.003349,0.004103,-0.000000,-0.000003,-0.000002
2025-12-16 17:31:10.613,0.003313,-0.003437,0.004015,-0.000000,-0.000003,-0.000002
2025-12-16 17:31:10.614,0.003264,-0.003469,0.003962,-0.000000,-0.000003,-0.000002
2025-12-16 17:31:10.615,0.003214,-0.003497,0.003910,-0.000000,-0.000003,-0.000002
2025-12-16 17:31:10.616,0.003158,-0.003522,0.003854,-0.000000,-0.000003,-0.000002
2025-12-16 17:31:10.617,0.003090,-0.003541,0.003798,-0.000000,-0.000003,-0.000002
2025-12-16 17:31:10.618,0.003013,-0.003560,0.003736,-0.000000,-0.000003,-0.000002
2025-12-16 17:31:10.620,0.002936,-0.003582,0.003671,-0.000000,-0.000002,-0.000002
2025-12-16 17:31:10.621,0.002858,-0.003597,0.003605,-0.000000,-0.000002,-0.000002
2025-12-16 17:31:10.622,0.002777,-0.003607,0.003543,-0.000000,-0.000002,-0.000002
2025-12-16 17:31:10.623,0.002692,-0.003615,0.003483,-0.000000,-0.000002,-0.000002
2025-12-16 17:31:10.624,0.002520,-0.003628,0.003352,-0.000000,-0.000002,-0.000002
2025-12-16 17:31:10.625,0.002433,-0.003628,0.003291,-0.000000,-0.000002,-0.000002
2025-12-16 17:31:10.626,0.002348,-0.003628,0.003230,-0.000000,-0.000002,-0.000002
2025-12-16 17:31:10.627,0.002260,-0.003624,0.003170,-0.000000,-0.000002,-0.000002
2025-12-16 17:31:10.628,0.002173,-0.003614,0.003113,-0.000000,-0.000002,-0.000002
2025-12-16 17:31:10.630,0.002086,-0.003601,0.003060,-0.000000,-0.000002,-0.000002
2025-12-16 17:31:10.631,0.002002,-0.003590,0.003009,-0.000000,-0.000002,-0.000002
2025-12-16 17:31:10.632,0.001866,-0.003568,0.002926,-0.000000,-0.000002,-0.000002
2025-12-16 17:31:10.633,0.001804,-0.003558,0.002895,-0.000000,-0.000002,-0.000002
2025-12-16 17:31:10.634,0.001750,-0.003551,0.002868,-0.000000,-0.000002,-0.000002
2025-12-16 17:31:10.635,0.001695,-0.003544,0.002844,-0.000000,-0.000002,-0.000002
2025-12-16 17:31:10.636,0.001646,-0.003536,0.002831,-0.000000,-0.000002,-0.000002
2025-12-16 17:31:10.637,0.001609,-0.003531,0.002827,-0.000000,-0.000002,-0.000002
2025-12-16 17:31:10.638,0.001577,-0.003523,0.002829,-0.000000,-0.000002,-0.000002
2025-12-16 17:31:10.639,0.001554,-0.003512,0.002838,-0.000000,-0.000002,-0.000002
2025-12-16 17:31:10.641,0.001542,-0.003504,0.002854,-0.000000,-0.000002,-0.000002
2025-12-16 17:31:10.642,0.001534,-0.003496,0.002877,-0.000000,-0.000002,-0.000002
2025-12-16 17:31:10.643,0.001559,-0.003490,0.002949,-0.000000,-0.000002,-0.000002
2025-12-16 17:31:10.644,0.001586,-0.003491,0.002990,0.000000,-0.000002,-0.000002
2025-12-16 17:31:10.645,0.001624,-0.003495,0.003042,0.000000,-0.000002,-0.000002
2025-12-16 17:31:10.646,0.001667,-0.003496,0.003104,0.000000,-0.000002,-0.000002
2025-12-16 17:31:10.647,0.001714,-0.003500,0.003173,0.000000,-0.000002,-0.000002
2025-12-16 17:31:10.648,0.001765,-0.003506,0.003246,0.000000,-0.000002,-0.000002
2025-12-16 17:31:10.649,0.001823,-0.003515,0.003324,0.000000,-0.000002,-0.000002
2025-12-16 17:31:10.650,0.001902,-0.003532,0.003421,0.000000,-0.000002,-0.000002
2025-12-16 17:31:10.652,0.002049,-0.003568,0.003594,0.000000,-0.000002,-0.000002
2025-12-16 17:31:10.653,0.002127,-0.003591,0.003675,0.000000,-0.000002,-0.000002
2025-12-16 17:31:10.654,0.002209,-0.003615,0.003758,0.000000,-0.000002,-0.000002
2025-12-16 17:31:10.655,0.002295,-0.003642,0.003841,0.000000,-0.000002,-0.000002
2025-12-16 17:31:10.656,0.002385,-0.003674,0.003925,0.000000,-0.000002,-0.000002
2025-12-16 17:31:10.657,0.002478,-0.003705,0.004010,0.000000,-0.000002,-0.000002
2025-12-16 17:31:10.658,0.002575,-0.003741,0.004099,0.000000,-0.000002,-0.000002
2025-12-16 17:31:10.660,0.002672,-0.003778,0.004185,0.000000,-0.000003,-0.000002
2025-12-16 17:31:10.661,0.002765,-0.003815,0.004264,0.000000,-0.000003,-0.000002
2025-12-16 17:31:10.662,0.002952,-0.003899,0.004426,0.000000,-0.000003,-0.000002
2025-12-16 17:31:10.663,0.003032,-0.003938,0.004502,0.000000,-0.000003,-0.000003
2025-12-16 17:31:10.664,0.003109,-0.003976,0.004572,0.000000,-0.000003,-0.000003
2025-12-16 17:31:10.665,0.003181,-0.004012,0.004643,0.000000,-0.000003,-0.000003
2025-12-16 17:31:10.666,0.003252,-0.004047,0.004709,0.000000,-0.000003,-0.000003
2025-12-16 17:31:10.667,0.003319,-0.004082,0.004773,0.000000,-0.000003,-0.000003
2025-12-16 17:31:10.668,0.003384,-0.004117,0.004832,0.000000,-0.000003,-0.000003
2025-12-16 17:31:10.670,0.003441,-0.004152,0.004880,0.000000,-0.000003,-0.000003
2025-12-16 17:31:10.671,0.003542,-0.004211,0.004958,-0.000000,-0.000003,-0.000003
2025-12-16 17:31:10.672,0.003580,-0.004234,0.004988,-0.000000,-0.000003,-0.000003
2025-12-16 17:31:10.673,0.003618,-0.004256,0.005018,-0.000000,-0.000003,-0.000003
2025-12-16 17:31:10.674,0.003637,-0.004267,0.005046,-0.000000,-0.000003,-0.000003
2025-12-16 17:31:10.675,0.003650,-0.004275,0.005068,-0.000000,-0.000003,-0.000003
2025-12-16 17:31:10.676,0.003660,-0.004281,0.005085,-0.000000,-0.000003,-0.000003
2025-12-16 17:31:10.677,0.003661,-0.004286,0.005096,-0.000000,-0.000003,-0.000003
2025-12-16 17:31:10.679,0.003657,-0.004287,0.005100,-0.000000,-0.000003,-0.000003
2025-12-16 17:31:10.680,0.003628,-0.004276,0.005086,-0.000000,-0.000003,-0.000003
2025-12-16 17:31:10.681,0.003603,-0.004262,0.005069,-0.000000,-0.000003,-0.000003
2025-12-16 17:31:10.682,0.003575,-0.004241,0.005046,-0.000000,-0.000003,-0.000003
2025-12-16 17:31:10.683,0.003540,-0.004217,0.005012,-0.000000,-0.000003,-0.000003
2025-12-16 17:31:10.684,0.003498,-0.004190,0.004972,-0.000000,-0.000003,-0.000003
2025-12-16 17:31:10.685,0.003459,-0.004166,0.004936,-0.000000,-0.000003,-0.000003
2025-12-16 17:31:10.687,0.003372,-0.004110,0.004852,-0.000000,-0.000003,-0.000003
2025-12-16 17:31:10.688,0.003304,-0.004066,0.004780,-0.000000,-0.000003,-0.000003
2025-12-16 17:31:10.689,0.003226,-0.004013,0.004701,-0.000000,-0.000003,-0.000003
2025-12-16 17:31:10.690,0.003142,-0.003954,0.004614,-0.000000,-0.000003,-0.000003
2025-12-16 17:31:10.691,0.003059,-0.003893,0.004526,-0.000000,-0.000003,-0.000003
2025-12-16 17:31:10.692,0.002972,-0.003839,0.004424,-0.000000,-0.000003,-0.000003
2025-12-16 17:31:10.694,0.002884,-0.003796,0.004319,-0.000000,-0.000003,-0.000002
2025-12-16 17:31:10.695,0.002799,-0.003758,0.004208,-0.000000,-0.000002,-0.000002
2025-12-16 17:31:10.696,0.002708,-0.003719,0.004092,-0.000000,-0.000002,-0.000002
2025-12-16 17:31:10.697,0.002612,-0.003679,0.003966,-0.000000,-0.000002,-0.000002
2025-12-16 17:31:10.698,0.002516,-0.003641,0.003838,-0.000000,-0.000002,-0.000002
2025-12-16 17:31:10.699,0.002416,-0.003611,0.003706,-0.000000,-0.000002,-0.000002
2025-12-16 17:31:10.700,0.002318,-0.003591,0.003582,-0.000000,-0.000002,-0.000002
2025-12-16 17:31:10.701,0.002225,-0.003578,0.003459,-0.000000,-0.000002,-0.000002
2025-12-16 17:31:10.703,0.002139,-0.003578,0.003333,-0.000000,-0.000002,-0.000002
2025-12-16 17:31:10.704,0.002059,-0.003588,0.003203,-0.000000,-0.000002,-0.000002
2025-12-16 17:31:10.705,0.001985,-0.003604,0.003078,-0.000000,-0.000002,-0.000002
2025-12-16 17:31:10.706,0.001921,-0.003630,0.002953,-0.000000,-0.000002,-0.000002
2025-12-16 17:31:10.707,0.001599,-0.003760,0.002327,0.000000,-0.000002,-0.000002
2025-12-16 17:31:10.708,0.001625,-0.003816,0.002372,-0.000000,-0.000002,-0.000002
2025-12-16 17:31:10.709,0.001629,-0.003877,0.002372,-0.000000,-0.000001,-0.000002
2025-12-16 17:31:10.710,0.001633,-0.003932,0.002360,-0.000000,-0.000001,-0.000002
2025-12-16 17:31:10.711,0.001638,-0.003975,0.002348,-0.000000,-0.000002,-0.000002
2025-12-16 17:31:10.713,0.001641,-0.004001,0.002348,-0.000000,-0.000002,-0.000002
2025-12-16 17:31:10.714,0.001655,-0.004019,0.002370,-0.000000,-0.000002,-0.000002
2025-12-16 17:31:10.715,0.001672,-0.004030,0.002408,-0.000000,-0.000002,-0.000002
2025-12-16 17:31:10.716,0.001696,-0.004034,0.002460,-0.000000,-0.000002,-0.000002
2025-12-16 17:31:10.717,0.001727,-0.004029,0.002518,-0.000000,-0.000002,-0.000002
2025-12-16 17:31:10.718,0.001764,-0.004013,0.002585,-0.000000,-0.000002,-0.000002
2025-12-16 17:31:10.719,0.001807,-0.003991,0.002663,-0.000000,-0.000002,-0.000002
2025-12-16 17:31:10.720,0.001862,-0.003945,0.002779,-0.000000,-0.000002,-0.000002
2025-12-16 17:31:10.721,0.001913,-0.003897,0.002893,-0.000000,-0.000002,-0.000002
2025-12-16 17:31:10.722,0.001955,-0.003844,0.003010,-0.000000,-0.000002,-0.000002
2025-12-16 17:31:10.723,0.001988,-0.003777,0.003131,-0.000000,-0.000002,-0.000002
2025-12-16 17:31:10.724,0.002018,-0.003704,0.003256,-0.000000,-0.000002,-0.000002
2025-12-16 17:31:10.726,0.002046,-0.003629,0.003375,-0.000000,-0.000002,-0.000002
2025-12-16 17:31:10.727,0.002076,-0.003555,0.003489,0.000000,-0.000002,-0.000002
2025-12-16 17:31:10.728,0.002111,-0.003490,0.003601,0.000000,-0.000002,-0.000002
2025-12-16 17:31:10.729,0.002141,-0.003421,0.003715,0.000000,-0.000002,-0.000002
2025-12-16 17:31:10.730,0.002164,-0.003345,0.003829,0.000000,-0.000002,-0.000002
2025-12-16 17:31:10.731,0.002182,-0.003270,0.003939,0.000000,-0.000002,-0.000002
2025-12-16 17:31:10.732,0.002193,-0.003197,0.004041,0.000000,-0.000002,-0.000002
2025-12-16 17:31:10.733,0.002197,-0.003127,0.004131,0.000000,-0.000002,-0.000002
2025-12-16 17:31:10.734,0.002204,-0.003069,0.004214,0.000000,-0.000002,-0.000002
2025-12-16 17:31:10.736,0.002211,-0.003024,0.004280,0.000000,-0.000002,-0.000002
2025-12-16 17:31:10.737,0.002218,-0.002958,0.004377,0.000000,-0.000002,-0.000002
2025-12-16 17:31:10.738,0.002218,-0.002932,0.004410,0.000000,-0.000002,-0.000002
2025-12-16 17:31:10.739,0.002222,-0.002912,0.004433,0.000001,-0.000002,-0.000002
2025-12-16 17:31:10.740,0.002221,-0.002896,0.004443,0.000001,-0.000002,-0.000002
2025-12-16 17:31:10.741,0.002218,-0.002886,0.004442,0.000000,-0.000002,-0.000002
2025-12-16 17:31:10.742,0.002212,-0.002882,0.004434,0.000000,-0.000002,-0.000002
2025-12-16 17:31:10.743,0.002204,-0.002881,0.004412,0.000000,-0.000002,-0.000002
2025-12-16 17:31:10.745,0.002198,-0.002887,0.004379,0.000000,-0.000002,-0.000002
2025-12-16 17:31:10.746,0.002191,-0.002918,0.004260,0.000000,-0.000002,-0.000002
2025-12-16 17:31:10.747,0.002190,-0.002938,0.004195,0.000000,-0.000002,-0.000002
2025-12-16 17:31:10.748,0.002186,-0.002953,0.004127,0.000000,-0.000002,-0.000002
2025-12-16 17:31:10.749,0.002178,-0.002964,0.004047,0.000000,-0.000002,-0.000002
2025-12-16 17:31:10.750,0.002172,-0.002973,0.003961,0.000000,-0.000002,-0.000002
2025-12-16 17:31:10.751,0.002166,-0.002981,0.003873,0.000000,-0.000002,-0.000002
2025-12-16 17:31:10.753,0.002154,-0.002986,0.003780,0.000000,-0.000002,-0.000002
2025-12-16 17:31:10.754,0.002119,-0.002991,0.003587,0.000000,-0.000002,-0.000002
2025-12-16 17:31:10.755,0.002093,-0.002986,0.003484,0.000000,-0.000002,-0.000002
2025-12-16 17:31:10.756,0.002068,-0.002977,0.003372,0.000000,-0.000002,-0.000002
2025-12-16 17:31:10.757,0.002037,-0.002962,0.003257,0.000000,-0.000002,-0.000002
2025-12-16 17:31:10.758,0.002000,-0.002939,0.003142,0.000000,-0.000002,-0.000002
2025-12-16 17:31:10.759,0.001955,-0.002910,0.003021,0.000000,-0.000002,-0.000002
2025-12-16 17:31:10.760,0.001903,-0.002876,0.002900,0.000000,-0.000002,-0.000002
2025-12-16 17:31:10.761,0.001844,-0.002837,0.002775,0.000000,-0.000002,-0.000002
2025-12-16 17:31:10.763,0.001777,-0.002791,0.002641,0.000000,-0.000002,-0.000002
2025-12-16 17:31:10.764,0.001621,-0.002681,0.002368,-0.000000,-0.000001,-0.000001
2025-12-16 17:31:10.765,0.001536,-0.002619,0.002230,-0.000000,-0.000001,-0.000001
2025-12-16 17:31:10.766,0.001450,-0.002562,0.002090,0.000000,-0.000001,-0.000001
2025-12-16 17:31:10.767,0.001360,-0.002507,0.001940,0.000000,-0.000001,-0.000001
2025-12-16 17:31:10.768,0.001262,-0.002451,0.001783,-0.000000,-0.000001,-0.000001
2025-12-16 17:31:10.769,0.001165,-0.002395,0.001623,-0.000000,-0.000001,-0.000001
2025-12-16 17:31:10.770,0.001064,-0.002336,0.001462,-0.000000,-0.000001,-0.000001
2025-12-16 17:31:10.771,0.000959,-0.002278,0.001300,-0.000000,-0.000001,-0.000001
2025-12-16 17:31:10.773,0.000849,-0.002215,0.001145,-0.000000,-0.000001,-0.000001
2025-12-16 17:31:10.774,0.000743,-0.002150,0.000996,-0.000000,-0.000001,-0.000001
2025-12-16 17:31:10.775,0.000541,-0.002023,0.000705,-0.000000,-0.000001,-0.000001
2025-12-16 17:31:10.776,0.000452,-0.001964,0.000564,-0.000000,-0.000000,-0.000001
2025-12-16 17:31:10.777,0.000380,-0.001915,0.000430,-0.000000,-0.000000,-0.000001
2025-12-16 17:31:10.778,0.000315,-0.001871,0.000298,-0.000000,-0.000000,-0.000001
2025-12-16 17:31:10.779,0.000258,-0.001829,0.000172,-0.000000,-0.000000,-0.000001
2025-12-16 17:31:10.780,0.000207,-0.001785,0.000056,-0.000000,-0.000000,-0.000001
2025-12-16 17:31:10.782,0.000162,-0.001736,-0.000050,-0.000000,-0.000000,-0.000000
2025-12-16 17:31:10.783,0.000080,-0.001629,-0.000225,-0.000000,-0.000000,-0.000000
2025-12-16 17:31:10.784,0.000050,-0.001581,-0.000306,-0.000000,-0.000000,-0.000000
2025-12-16 17:31:10.785,0.000029,-0.001532,-0.000375,-0.000000,0.000000,-0.000000
2025-12-16 17:31:10.786,0.000022,-0.001476,-0.000436,-0.000000,0.000000,-0.000000
2025-12-16 17:31:10.787,0.000023,-0.001410,-0.000482,-0.000000,0.000000,-0.000000
2025-12-16 17:31:10.788,0.000042,-0.001342,-0.000515,-0.000000,0.000000,-0.000000
2025-12-16 17:31:10.789,0.000071,-0.001274,-0.000530,-0.000000,0.000000,-0.000000
2025-12-16 17:31:10.790,0.000112,-0.001198,-0.000524,-0.000000,0.000000,-0.000000
2025-12-16 17:31:10.791,0.000152,-0.001117,-0.000504,-0.000000,0.000000,-0.000000
2025-12-16 17:31:10.793,0.000200,-0.001031,-0.000476,-0.000000,0.000000,-0.000000
2025-12-16 17:31:10.794,0.000253,-0.000951,-0.000440,-0.000000,-0.000000,-0.000000
2025-12-16 17:31:10.798,0.000425,-0.000728,-0.000304,-0.000000,-0.000000,-0.000000
2025-12-16 17:31:10.799,0.000556,-0.000489,-0.000115,-0.000000,-0.000000,-0.000000
2025-12-16 17:31:10.800,0.000597,-0.000413,-0.000040,-0.000000,-0.000000,-0.000000
2025-12-16 17:31:10.801,0.000635,-0.000339,0.000034,0.000000,-0.000000,-0.000000
2025-12-16 17:31:10.803,0.000673,-0.000275,0.000101,0.000000,-0.000000,-0.000000
2025-12-16 17:31:10.804,0.000745,-0.000170,0.000225,0.000000,-0.000000,-0.000000
2025-12-16 17:31:10.805,0.000777,-0.000126,0.000285,0.000000,-0.000000,-0.000000
2025-12-16 17:31:10.806,0.000799,-0.000085,0.000346,0.000000,-0.000000,-0.000000
2025-12-16 17:31:10.807,0.000821,-0.000045,0.000408,0.000000,-0.000000,-0.000000
2025-12-16 17:31:10.809,0.000844,-0.000005,0.000470,0.000000,-0.000000,-0.000000
2025-12-16 17:31:10.810,0.000826,0.000014,0.000534,0.000000,-0.000001,-0.000000
2025-12-16 17:31:10.811,0.000812,0.000025,0.000586,0.000000,-0.000001,-0.000000
2025-12-16 17:31:10.812,0.000789,0.000013,0.000645,0.000000,-0.000001,-0.000000
2025-12-16 17:31:10.813,0.000773,-0.000001,0.000660,0.000000,-0.000001,-0.000000
2025-12-16 17:31:10.814,0.000755,-0.000019,0.000670,0.000000,-0.000001,-0.000000
2025-12-16 17:31:10.815,0.000733,-0.000038,0.000675,0.000000,-0.000001,-0.000000
2025-12-16 17:31:10.816,0.000706,-0.000057,0.000673,0.000000,-0.000001,-0.000000
2025-12-16 17:31:10.818,0.000675,-0.000082,0.000665,0.000000,-0.000001,-0.000000
2025-12-16 17:31:10.819,0.000635,-0.000109,0.000649,0.000000,-0.000000,-0.000000
2025-12-16 17:31:10.820,0.000597,-0.000141,0.000628,0.000000,-0.000000,-0.000000
2025-12-16 17:31:10.821,0.000552,-0.000175,0.000602,0.000000,-0.000000,-0.000000
2025-12-16 17:31:10.822,0.000509,-0.000214,0.000568,0.000000,-0.000000,-0.000000
2025-12-16 17:31:10.823,0.000464,-0.000255,0.000528,0.000000,-0.000000,-0.000000
2025-12-16 17:31:10.824,0.000378,-0.000333,0.000437,0.000000,-0.000000,-0.000000
2025-12-16 17:31:10.825,0.000328,-0.000367,0.000384,0.000000,-0.000000,-0.000000
2025-12-16 17:31:10.826,0.000274,-0.000400,0.000328,0.000000,-0.000000,-0.000000
2025-12-16 17:31:10.827,0.000222,-0.000428,0.000269,0.000000,-0.000000,-0.000000
2025-12-16 17:31:10.829,0.000169,-0.000452,0.000205,0.000000,-0.000000,-0.000000
2025-12-16 17:31:10.830,0.000110,-0.000470,0.000134,-0.000000,-0.000000,-0.000000
2025-12-16 17:31:10.831,-0.000024,-0.000484,-0.000023,-0.000000,-0.000000,-0.000000
2025-12-16 17:31:10.832,-0.000093,-0.000483,-0.000108,-0.000000,0.000000,-0.000000
2025-12-16 17:31:10.833,-0.000164,-0.000476,-0.000193,-0.000000,0.000000,-0.000000
2025-12-16 17:31:10.834,-0.000237,-0.000462,-0.000279,-0.000000,0.000000,0.000000
2025-12-16 17:31:10.835,-0.000312,-0.000443,-0.000372,-0.000000,0.000000,0.000000
2025-12-16 17:31:10.836,-0.000389,-0.000417,-0.000469,-0.000000,0.000000,0.000000
2025-12-16 17:31:10.837,-0.000470,-0.000379,-0.000572,-0.000000,0.000000,0.000000
2025-12-16 17:31:10.838,-0.000554,-0.000330,-0.000676,-0.000000,0.000000,0.000000
2025-12-16 17:31:10.839,-0.000641,-0.000276,-0.000777,-0.000000,0.000000,0.000000
2025-12-16 17:31:10.840,-0.000728,-0.000216,-0.000885,-0.000000,0.000001,0.000000
2025-12-16 17:31:10.841,-0.000815,-0.000150,-0.000992,-0.000000,0.000001,0.000000
2025-12-16 17:31:10.843,-0.000899,-0.000076,-0.001101,-0.000000,0.000001,0.000000
2025-12-16 17:31:10.844,-0.000979,-0.000001,-0.001206,-0.000000,0.000001,0.000000
2025-12-16 17:31:10.845,-0.001130,0.000153,-0.001405,-0.000000,0.000001,0.000001
2025-12-16 17:31:10.846,-0.001200,0.000236,-0.001504,-0.000000,0.000001,0.000001
2025-12-16 17:31:10.847,-0.001267,0.000320,-0.001596,-0.000000,0.000001,0.000001
2025-12-16 17:31:10.848,-0.001332,0.000405,-0.001683,-0.000000,0.000001,0.000001
2025-12-16 17:31:10.850,-0.001397,0.000496,-0.001768,-0.000001,0.000001,0.000001
2025-12-16 17:31:10.851,-0.001448,0.000580,-0.001850,-0.000001,0.000001,0.000001
2025-12-16 17:31:10.852,-0.001539,0.000748,-0.001998,-0.000001,0.000001,0.000001
2025-12-16 17:31:10.853,-0.001574,0.000829,-0.002069,-0.000001,0.000001,0.000001
2025-12-16 17:31:10.854,-0.001603,0.000915,-0.002133,-0.000001,0.000001,0.000001
2025-12-16 17:31:10.855,-0.001627,0.000994,-0.002183,-0.000001,0.000002,0.000001
2025-12-16 17:31:10.856,-0.001643,0.001068,-0.002224,-0.000001,0.000002,0.000001
2025-12-16 17:31:10.857,-0.001648,0.001134,-0.002258,-0.000001,0.000002,0.000001
2025-12-16 17:31:10.858,-0.001645,0.001197,-0.002285,-0.000001,0.000002,0.000001
2025-12-16 17:31:10.860,-0.001631,0.001256,-0.002304,-0.000001,0.000002,0.000001
2025-12-16 17:31:10.861,-0.001610,0.001312,-0.002314,-0.000001,0.000002,0.000001
2025-12-16 17:31:10.862,-0.001540,0.001413,-0.002315,-0.000001,0.000002,0.000001
2025-12-16 17:31:10.863,-0.001490,0.001452,-0.002299,-0.000001,0.000002,0.000001
2025-12-16 17:31:10.864,-0.001435,0.001491,-0.002278,-0.000001,0.000002,0.000001
2025-12-16 17:31:10.865,-0.001382,0.001528,-0.002250,-0.000001,0.000001,0.000001
2025-12-16 17:31:10.866,-0.001322,0.001560,-0.002215,-0.000000,0.000001,0.000001
2025-12-16 17:31:10.867,-0.001263,0.001587,-0.002180,-0.000001,0.000001,0.000001
2025-12-16 17:31:10.868,-0.001198,0.001608,-0.002142,-0.000001,0.000001,0.000001
2025-12-16 17:31:10.869,-0.001123,0.001621,-0.002100,-0.000000,0.000001,0.000001
2025-12-16 17:31:10.871,-0.001033,0.001625,-0.002053,-0.000000,0.000001,0.000001
2025-12-16 17:31:10.872,-0.000869,0.001620,-0.001961,-0.000000,0.000001,0.000001
2025-12-16 17:31:10.873,-0.000785,0.001609,-0.001906,-0.000000,0.000001,0.000001
2025-12-16 17:31:10.874,-0.000706,0.001595,-0.001852,-0.000000,0.000001,0.000001
2025-12-16 17:31:10.875,-0.000622,0.001572,-0.001800,-0.000000,0.000001,0.000001
2025-12-16 17:31:10.876,-0.000536,0.001546,-0.001746,-0.000000,0.000001,0.000001
2025-12-16 17:31:10.877,-0.000453,0.001517,-0.001694,-0.000000,0.000001,0.000001
2025-12-16 17:31:10.878,-0.000364,0.001481,-0.001642,-0.000000,0.000001,0.000001
2025-12-16 17:31:10.879,-0.000276,0.001436,-0.001594,-0.000000,0.000001,0.000001
2025-12-16 17:31:10.880,-0.000189,0.001390,-0.001547,-0.000000,0.000001,0.000001
2025-12-16 17:31:10.882,-0.000107,0.001336,-0.001506,-0.000000,0.000001,0.000001
2025-12-16 17:31:10.883,-0.000031,0.001276,-0.001466,-0.000000,0.000001,0.000000
2025-12-16 17:31:10.884,0.000039,0.001214,-0.001433,-0.000000,0.000001,0.000000
2025-12-16 17:31:10.885,0.000168,0.001081,-0.001380,-0.000000,0.000001,0.000000
2025-12-16 17:31:10.886,0.000221,0.001016,-0.001358,-0.000000,0.000000,0.000000
2025-12-16 17:31:10.887,0.000275,0.000950,-0.001334,-0.000000,0.000000,0.000000
2025-12-16 17:31:10.888,0.000326,0.000878,-0.001313,-0.000000,0.000000,0.000000
2025-12-16 17:31:10.889,0.000374,0.000803,-0.001293,-0.000000,0.000000,0.000000
2025-12-16 17:31:10.890,0.000415,0.000731,-0.001277,-0.000000,0.000000,0.000000
2025-12-16 17:31:10.891,0.000446,0.000664,-0.001262,-0.000000,0.000000,0.000000
2025-12-16 17:31:10.892,0.000471,0.000591,-0.001252,-0.000000,0.000000,0.000000
2025-12-16 17:31:10.893,0.000489,0.000525,-0.001250,-0.000000,0.000000,0.000000
2025-12-16 17:31:10.894,0.000501,0.000463,-0.001248,-0.000000,0.000000,0.000000
2025-12-16 17:31:10.896,0.000508,0.000404,-0.001242,-0.000000,0.000000,0.000000
2025-12-16 17:31:10.897,0.000506,0.000344,-0.001242,-0.000000,0.000000,0.000000
2025-12-16 17:31:10.898,0.000498,0.000289,-0.001244,-0.000000,0.000000,0.000000
2025-12-16 17:31:10.899,0.000448,0.000192,-0.001252,-0.000000,0.000000,0.000000
2025-12-16 17:31:10.900,0.000412,0.000154,-0.001259,-0.000000,0.000000,0.000000
2025-12-16 17:31:10.901,0.000363,0.000123,-0.001267,-0.000000,0.000000,0.000000
2025-12-16 17:31:10.902,0.000310,0.000094,-0.001271,-0.000000,0.000000,0.000000
2025-12-16 17:31:10.903,0.000251,0.000073,-0.001274,-0.000000,0.000000,0.000000
2025-12-16 17:31:10.904,0.000190,0.000051,-0.001278,-0.000000,0.000000,0.000000
2025-12-16 17:31:10.905,0.000125,0.000036,-0.001283,-0.000000,0.000000,0.000000
2025-12-16 17:31:10.906,0.000059,0.000024,-0.001287,-0.000000,0.000000,0.000000
2025-12-16 17:31:10.908,-0.000017,0.000016,-0.001294,-0.000000,0.000000,0.000000
2025-12-16 17:31:10.909,-0.000100,0.000014,-0.001300,-0.000000,0.000000,0.000000
2025-12-16 17:31:10.910,-0.000188,0.000016,-0.001311,-0.000000,0.000001,0.000000
2025-12-16 17:31:10.911,-0.000281,0.000022,-0.001322,-0.000000,0.000001,0.000000
2025-12-16 17:31:10.912,-0.000375,0.000029,-0.001337,-0.000000,0.000001,0.000000
2025-12-16 17:31:10.914,-0.000471,0.000041,-0.001356,-0.000000,0.000001,0.000000
2025-12-16 17:31:10.915,-0.000571,0.000056,-0.001377,-0.000000,0.000001,0.000000
2025-12-16 17:31:10.916,-0.000671,0.000070,-0.001398,-0.000000,0.000001,0.000000
2025-12-16 17:31:10.917,-0.000972,0.000112,-0.001460,-0.000000,0.000001,0.000001
2025-12-16 17:31:10.918,-0.001072,0.000126,-0.001481,-0.000000,0.000001,0.000001
2025-12-16 17:31:10.919,-0.001137,0.000155,-0.001504,-0.000000,0.000001,0.000001
2025-12-16 17:31:10.920,-0.001201,0.000173,-0.001528,-0.000000,0.000001,0.000001
2025-12-16 17:31:10.922,-0.001266,0.000190,-0.001555,-0.000000,0.000001,0.000001
2025-12-16 17:31:10.923,-0.001323,0.000207,-0.001582,-0.000000,0.000001,0.000001
2025-12-16 17:31:10.924,-0.001427,0.000241,-0.001638,-0.000001,0.000001,0.000001
2025-12-16 17:31:10.925,-0.001466,0.000248,-0.001664,-0.000001,0.000001,0.000001
2025-12-16 17:31:10.926,-0.001499,0.000253,-0.001692,-0.000001,0.000001,0.000001
2025-12-16 17:31:10.927,-0.001521,0.000255,-0.001718,-0.000001,0.000001,0.000001
2025-12-16 17:31:10.929,-0.001536,0.000258,-0.001748,-0.000001,0.000001,0.000001
2025-12-16 17:31:10.930,-0.001544,0.000256,-0.001773,-0.000001,0.000001,0.000001
2025-12-16 17:31:10.931,-0.001536,0.000240,-0.001818,-0.000001,0.000001,0.000001
2025-12-16 17:31:10.932,-0.001522,0.000229,-0.001835,-0.000001,0.000001,0.000001
2025-12-16 17:31:10.933,-0.001500,0.000215,-0.001849,-0.000001,0.000001,0.000001
2025-12-16 17:31:10.934,-0.001473,0.000198,-0.001859,-0.000001,0.000001,0.000001
2025-12-16 17:31:10.935,-0.001438,0.000175,-0.001871,-0.000001,0.000001,0.000001
2025-12-16 17:31:10.936,-0.001400,0.000150,-0.001882,-0.000001,0.000001,0.000001
2025-12-16 17:31:10.938,-0.001314,0.000094,-0.001902,-0.000001,0.000001,0.000001
2025-12-16 17:31:10.939,-0.001268,0.000063,-0.001913,-0.000001,0.000001,0.000001
2025-12-16 17:31:10.940,-0.001225,0.000035,-0.001915,-0.000001,0.000001,0.000001
2025-12-16 17:31:10.941,-0.001172,0.000001,-0.001911,-0.000001,0.000001,0.000001
2025-12-16 17:31:10.942,-0.001126,-0.000039,-0.001909,-0.000001,0.000001,0.000001
2025-12-16 17:31:10.943,-0.001077,-0.000079,-0.001911,-0.000001,0.000001,0.000001
2025-12-16 17:31:10.945,-0.000991,-0.000156,-0.001905,-0.000001,0.000001,0.000000
2025-12-16 17:31:10.946,-0.000952,-0.000192,-0.001899,-0.000001,0.000001,0.000000
2025-12-16 17:31:10.947,-0.000910,-0.000233,-0.001893,-0.000001,0.000001,0.000000
2025-12-16 17:31:10.948,-0.000872,-0.000272,-0.001885,-0.000001,0.000001,0.000000
2025-12-16 17:31:10.949,-0.000840,-0.000311,-0.001880,-0.000001,0.000001,0.000000
2025-12-16 17:31:10.950,-0.000805,-0.000352,-0.001873,-0.000001,0.000001,0.000000
2025-12-16 17:31:10.951,-0.000773,-0.000390,-0.001864,-0.000001,0.000001,0.000000
2025-12-16 17:31:10.953,-0.000746,-0.000422,-0.001856,-0.000001,0.000001,0.000000
2025-12-16 17:31:10.954,-0.000725,-0.000455,-0.001845,-0.000001,0.000001,0.000000
2025-12-16 17:31:10.955,-0.000710,-0.000490,-0.001837,-0.000001,0.000001,0.000000
2025-12-16 17:31:10.956,-0.000692,-0.000556,-0.001817,-0.000001,0.000001,0.000000
2025-12-16 17:31:10.957,-0.000689,-0.000587,-0.001805,-0.000001,0.000001,0.000000
2025-12-16 17:31:10.958,-0.000688,-0.000615,-0.001789,-0.000001,0.000001,0.000000
2025-12-16 17:31:10.959,-0.000686,-0.000642,-0.001772,-0.000001,0.000001,0.000000
2025-12-16 17:31:10.960,-0.000683,-0.000670,-0.001757,-0.000001,0.000001,0.000000
2025-12-16 17:31:10.961,-0.000686,-0.000697,-0.001740,-0.000001,0.000001,0.000000
2025-12-16 17:31:10.963,-0.000688,-0.000717,-0.001720,-0.000001,0.000001,0.000000
2025-12-16 17:31:10.964,-0.000699,-0.000747,-0.001675,-0.000001,0.000001,0.000000
2025-12-16 17:31:10.965,-0.000708,-0.000760,-0.001652,-0.000001,0.000001,0.000000
2025-12-16 17:31:10.966,-0.000725,-0.000770,-0.001627,-0.000001,0.000001,0.000000
2025-12-16 17:31:10.967,-0.000746,-0.000776,-0.001603,-0.000001,0.000001,0.000000
2025-12-16 17:31:10.968,-0.000771,-0.000782,-0.001586,-0.000001,0.000001,0.000000
2025-12-16 17:31:10.970,-0.000796,-0.000784,-0.001567,-0.000001,0.000001,0.000000
2025-12-16 17:31:10.971,-0.000836,-0.000778,-0.001544,-0.000001,0.000001,0.000000
2025-12-16 17:31:10.972,-0.000915,-0.000766,-0.001500,-0.000001,0.000001,0.000000
2025-12-16 17:31:10.973,-0.000953,-0.000765,-0.001481,-0.000001,0.000001,0.000000
2025-12-16 17:31:10.974,-0.000991,-0.000759,-0.001463,-0.000001,0.000001,0.000000
2025-12-16 17:31:10.975,-0.001034,-0.000749,-0.001450,-0.000001,0.000001,0.000000
2025-12-16 17:31:10.976,-0.001081,-0.000736,-0.001441,-0.000001,0.000001,0.000000
2025-12-16 17:31:10.978,-0.001132,-0.000718,-0.001434,-0.000001,0.000001,0.000000
2025-12-16 17:31:10.979,-0.001249,-0.000680,-0.001423,-0.000001,0.000001,0.000000
2025-12-16 17:31:10.980,-0.001307,-0.000663,-0.001421,-0.000001,0.000001,0.000000
2025-12-16 17:31:10.981,-0.001363,-0.000645,-0.001422,-0.000001,0.000001,0.000000
2025-12-16 17:31:10.982,-0.001426,-0.000623,-0.001428,-0.000001,0.000001,0.000001
2025-12-16 17:31:10.983,-0.001489,-0.000601,-0.001438,-0.000001,0.000001,0.000001
2025-12-16 17:31:10.985,-0.001558,-0.000575,-0.001454,-0.000001,0.000001,0.000001
2025-12-16 17:31:10.986,-0.001626,-0.000547,-0.001478,-0.000001,0.000001,0.000001
2025-12-16 17:31:10.987,-0.001707,-0.000514,-0.001510,-0.000001,0.000001,0.000001
2025-12-16 17:31:10.988,-0.001780,-0.000484,-0.001541,-0.000001,0.000001,0.000001
2025-12-16 17:31:10.989,-0.001899,-0.000426,-0.001583,-0.000001,0.000001,0.000001
2025-12-16 17:31:10.990,-0.001950,-0.000398,-0.001610,-0.000001,0.000001,0.000001
2025-12-16 17:31:10.991,-0.001999,-0.000373,-0.001639,-0.000001,0.000001,0.000001
2025-12-16 17:31:10.992,-0.002051,-0.000338,-0.001667,-0.000001,0.000001,0.000001
2025-12-16 17:31:10.993,-0.002099,-0.000301,-0.001700,-0.000001,0.000001,0.000001
2025-12-16 17:31:10.995,-0.002146,-0.000266,-0.001735,-0.000001,0.000001,0.000001
2025-12-16 17:31:10.996,-0.002222,-0.000200,-0.001788,-0.000001,0.000001,0.000001
2025-12-16 17:31:10.997,-0.002257,-0.000162,-0.001815,-0.000001,0.000002,0.000001
2025-12-16 17:31:10.998,-0.002289,-0.000124,-0.001842,-0.000001,0.000002,0.000001
2025-12-16 17:31:10.999,-0.002313,-0.000087,-0.001865,-0.000001,0.000002,0.000001
2025-12-16 17:31:11.000,-0.002329,-0.000047,-0.001887,-0.000001,0.000002,0.000001
2025-12-16 17:31:11.002,-0.002340,-0.000013,-0.001905,-0.000001,0.000002,0.000001
2025-12-16 17:31:11.003,-0.002344,0.000020,-0.001920,-0.000001,0.000002,0.000001
2025-12-16 17:31:11.004,-0.002341,0.000051,-0.001924,-0.000001,0.000002,0.000001
2025-12-16 17:31:11.005,-0.002310,0.000107,-0.001916,-0.000001,0.000002,0.000001
2025-12-16 17:31:11.006,-0.002281,0.000135,-0.001906,-0.000001,0.000002,0.000001
2025-12-16 17:31:11.007,-0.002242,0.000162,-0.001892,-0.000001,0.000002,0.000001
2025-12-16 17:31:11.008,-0.002197,0.000181,-0.001874,-0.000001,0.000002,0.000001
2025-12-16 17:31:11.009,-0.002151,0.000203,-0.001856,-0.000001,0.000002,0.000001
2025-12-16 17:31:11.011,-0.002096,0.000223,-0.001830,-0.000001,0.000001,0.000001
2025-12-16 17:31:11.012,-0.001964,0.000255,-0.001769,-0.000001,0.000001,0.000001
2025-12-16 17:31:11.013,-0.001878,0.000265,-0.001729,-0.000001,0.000001,0.000001
2025-12-16 17:31:11.014,-0.001790,0.000273,-0.001684,-0.000001,0.000001,0.000001
2025-12-16 17:31:11.015,-0.001702,0.000277,-0.001642,-0.000001,0.000001,0.000001
2025-12-16 17:31:11.017,-0.001611,0.000279,-0.001598,-0.000001,0.000001,0.000001
2025-12-16 17:31:11.018,-0.001521,0.000281,-0.001555,-0.000000,0.000001,0.000001
2025-12-16 17:31:11.019,-0.001430,0.000284,-0.001511,-0.000000,0.000001,0.000001
2025-12-16 17:31:11.020,-0.001203,0.000244,-0.001419,-0.000000,0.000001,0.000001
2025-12-16 17:31:11.021,-0.001096,0.000225,-0.001372,-0.000000,0.000001,0.000001
2025-12-16 17:31:11.022,-0.000983,0.000206,-0.001322,-0.000000,0.000001,0.000001
2025-12-16 17:31:11.023,-0.000884,0.000190,-0.001277,-0.000000,0.000001,0.000000
2025-12-16 17:31:11.024,-0.000790,0.000173,-0.001233,-0.000000,0.000001,0.000000
2025-12-16 17:31:11.026,-0.000703,0.000156,-0.001192,-0.000000,0.000001,0.000000
2025-12-16 17:31:11.027,-0.000617,0.000135,-0.001154,-0.000000,0.000001,0.000000
2025-12-16 17:31:11.029,-0.000392,0.000057,-0.001056,-0.000000,0.000001,0.000000
2025-12-16 17:31:11.030,-0.000330,0.000032,-0.001029,-0.000000,0.000000,0.000000
2025-12-16 17:31:11.031,-0.000271,0.000006,-0.001000,-0.000000,0.000000,0.000000
2025-12-16 17:31:11.032,-0.000214,-0.000021,-0.000975,-0.000000,0.000000,0.000000
2025-12-16 17:31:11.033,-0.000168,-0.000044,-0.000955,-0.000000,0.000000,0.000000
2025-12-16 17:31:11.034,-0.000129,-0.000066,-0.000938,-0.000000,0.000000,0.000000
2025-12-16 17:31:11.036,-0.000097,-0.000088,-0.000921,-0.000000,0.000000,0.000000
2025-12-16 17:31:11.037,-0.000078,-0.000108,-0.000909,-0.000000,0.000000,0.000000
2025-12-16 17:31:11.038,-0.000057,-0.000140,-0.000891,-0.000000,0.000000,0.000000
2025-12-16 17:31:11.039,-0.000059,-0.000150,-0.000889,-0.000000,0.000000,0.000000
2025-12-16 17:31:11.040,-0.000070,-0.000159,-0.000891,-0.000000,0.000000,0.000000
2025-12-16 17:31:11.041,-0.000084,-0.000168,-0.000897,-0.000000,0.000000,0.000000
2025-12-16 17:31:11.042,-0.000105,-0.000180,-0.000909,-0.000000,0.000000,0.000000
2025-12-16 17:31:11.043,-0.000136,-0.000190,-0.000930,-0.000000,0.000000,0.000000
2025-12-16 17:31:11.045,-0.000176,-0.000193,-0.000958,-0.000000,0.000000,0.000000
2025-12-16 17:31:11.046,-0.000272,-0.000198,-0.001024,-0.000000,0.000000,0.000000
2025-12-16 17:31:11.047,-0.000328,-0.000194,-0.001063,-0.000000,0.000000,0.000000
2025-12-16 17:31:11.048,-0.000387,-0.000188,-0.001104,-0.000000,0.000001,0.000000
2025-12-16 17:31:11.049,-0.000449,-0.000183,-0.001149,-0.000000,0.000001,0.000000
2025-12-16 17:31:11.050,-0.000515,-0.000174,-0.001198,-0.000000,0.000001,0.000000
2025-12-16 17:31:11.051,-0.000586,-0.000170,-0.001256,-0.000000,0.000001,0.000000
2025-12-16 17:31:11.052,-0.000661,-0.000172,-0.001325,-0.000000,0.000001,0.000000
2025-12-16 17:31:11.053,-0.000738,-0.000184,-0.001400,-0.000000,0.000001,0.000000
2025-12-16 17:31:11.055,-0.000899,-0.000230,-0.001582,-0.000001,0.000001,0.000000
2025-12-16 17:31:11.056,-0.000982,-0.000258,-0.001684,-0.000001,0.000001,0.000000
2025-12-16 17:31:11.057,-0.001066,-0.000293,-0.001789,-0.000001,0.000001,0.000000
2025-12-16 17:31:11.058,-0.001153,-0.000334,-0.001893,-0.000001,0.000001,0.000001
2025-12-16 17:31:11.059,-0.001239,-0.000379,-0.001994,-0.000001,0.000001,0.000001
2025-12-16 17:31:11.061,-0.001324,-0.000428,-0.002095,-0.000001,0.000001,0.000001
2025-12-16 17:31:11.062,-0.001404,-0.000481,-0.002199,-0.000001,0.000001,0.000001
2025-12-16 17:31:11.063,-0.001557,-0.000609,-0.002418,-0.000001,0.000001,0.000001
2025-12-16 17:31:11.064,-0.001619,-0.000691,-0.002528,-0.000001,0.000001,0.000001
2025-12-16 17:31:11.065,-0.001678,-0.000783,-0.002644,-0.000001,0.000002,0.000001
2025-12-16 17:31:11.066,-0.001734,-0.000889,-0.002770,-0.000001,0.000002,0.000001
2025-12-16 17:31:11.069,-0.001901,-0.001221,-0.003137,-0.000001,0.000002,0.000001
2025-12-16 17:31:11.070,-0.001956,-0.001343,-0.003263,-0.000001,0.000002,0.000001
2025-12-16 17:31:11.071,-0.002003,-0.001466,-0.003379,-0.000001,0.000002,0.000001
2025-12-16 17:31:11.072,-0.002046,-0.001592,-0.003496,-0.000001,0.000002,0.000001
2025-12-16 17:31:11.073,-0.002080,-0.001717,-0.003610,-0.000001,0.000002,0.000001
2025-12-16 17:31:11.074,-0.002108,-0.001839,-0.003717,-0.000001,0.000002,0.000001
2025-12-16 17:31:11.076,-0.002124,-0.002094,-0.003913,-0.000001,0.000002,0.000001
2025-12-16 17:31:11.077,-0.002121,-0.002224,-0.004001,-0.000001,0.000002,0.000001
2025-12-16 17:31:11.079,-0.002111,-0.002353,-0.004083,-0.000002,0.000002,0.000001
2025-12-16 17:31:11.080,-0.002075,-0.002622,-0.004234,-0.000002,0.000002,0.000001
2025-12-16 17:31:11.081,-0.002060,-0.002758,-0.004303,-0.000002,0.000002,0.000001
2025-12-16 17:31:11.082,-0.002043,-0.002893,-0.004371,-0.000002,0.000002,0.000000
2025-12-16 17:31:11.083,-0.002022,-0.003027,-0.004438,-0.000002,0.000002,0.000000
2025-12-16 17:31:11.084,-0.001997,-0.003157,-0.004499,-0.000002,0.000002,0.000000
2025-12-16 17:31:11.086,-0.001969,-0.003281,-0.004549,-0.000002,0.000002,0.000000
2025-12-16 17:31:11.087,-0.001933,-0.003390,-0.004581,-0.000002,0.000002,0.000000
2025-12-16 17:31:11.088,-0.001829,-0.003596,-0.004611,-0.000002,0.000002,0.000000
2025-12-16 17:31:11.089,-0.001758,-0.003687,-0.004601,-0.000002,0.000002,0.000000
2025-12-16 17:31:11.090,-0.001687,-0.003767,-0.004591,-0.000002,0.000002,0.000000
2025-12-16 17:31:11.091,-0.001614,-0.003834,-0.004572,-0.000002,0.000002,0.000000
2025-12-16 17:31:11.092,-0.001535,-0.003880,-0.004533,-0.000002,0.000002,0.000000
2025-12-16 17:31:11.093,-0.001453,-0.003907,-0.004477,-0.000002,0.000002,0.000000
2025-12-16 17:31:11.095,-0.001373,-0.003924,-0.004407,-0.000001,0.000002,0.000000
2025-12-16 17:31:11.096,-0.001224,-0.003918,-0.004226,-0.000001,0.000002,-0.000000
2025-12-16 17:31:11.097,-0.001158,-0.003892,-0.004118,-0.000001,0.000002,-0.000000
2025-12-16 17:31:11.098,-0.001090,-0.003859,-0.004006,-0.000001,0.000001,-0.000000
2025-12-16 17:31:11.099,-0.001021,-0.003822,-0.003899,-0.000001,0.000001,-0.000000
2025-12-16 17:31:11.100,-0.000937,-0.003782,-0.003790,-0.000001,0.000001,-0.000000
2025-12-16 17:31:11.101,-0.000841,-0.003742,-0.003672,-0.000001,0.000001,-0.000000
2025-12-16 17:31:11.102,-0.000742,-0.003694,-0.003542,-0.000001,0.000001,-0.000000
2025-12-16 17:31:11.103,-0.000651,-0.003635,-0.003408,-0.000001,0.000001,-0.000000
2025-12-16 17:31:11.104,-0.000570,-0.003567,-0.003268,-0.000001,0.000001,-0.000000
2025-12-16 17:31:11.106,-0.000493,-0.003493,-0.003120,-0.000001,0.000001,-0.000000
2025-12-16 17:31:11.107,-0.000420,-0.003418,-0.002966,-0.000001,0.000001,-0.000000
2025-12-16 17:31:11.108,-0.000350,-0.003347,-0.002811,-0.000001,0.000001,-0.000000
2025-12-16 17:31:11.109,-0.000276,-0.003287,-0.002655,-0.000001,0.000001,-0.000000
2025-12-16 17:31:11.110,-0.000129,-0.003191,-0.002357,-0.000001,0.000001,-0.000000
2025-12-16 17:31:11.111,-0.000049,-0.003150,-0.002213,-0.000001,0.000000,-0.000000
2025-12-16 17:31:11.112,0.000031,-0.003119,-0.002076,-0.000001,0.000000,-0.000001
2025-12-16 17:31:11.113,0.000107,-0.003094,-0.001940,-0.000001,0.000000,-0.000001
2025-12-16 17:31:11.114,0.000177,-0.003073,-0.001811,-0.000001,0.000000,-0.000001
2025-12-16 17:31:11.115,0.000237,-0.003047,-0.001688,-0.000001,0.000000,-0.000001
2025-12-16 17:31:11.116,0.000296,-0.003022,-0.001574,-0.000001,0.000000,-0.000001
2025-12-16 17:31:11.118,0.000351,-0.003009,-0.001476,-0.000001,0.000000,-0.000001
2025-12-16 17:31:11.119,0.000400,-0.002997,-0.001391,-0.000001,0.000000,-0.000001
2025-12-16 17:31:11.120,0.000451,-0.002987,-0.001312,-0.000001,-0.000000,-0.000001
2025-12-16 17:31:11.121,0.000499,-0.002970,-0.001245,-0.000001,-0.000000,-0.000001
2025-12-16 17:31:11.122,0.000541,-0.002954,-0.001180,-0.000001,-0.000000,-0.000001
2025-12-16 17:31:11.123,0.000578,-0.002935,-0.001119,-0.000001,-0.000000,-0.000001
2025-12-16 17:31:11.124,0.000612,-0.002912,-0.001065,-0.000001,-0.000000,-0.000001
2025-12-16 17:31:11.125,0.000645,-0.002883,-0.001020,-0.000001,-0.000000,-0.000001
2025-12-16 17:31:11.126,0.000671,-0.002850,-0.000984,-0.000000,-0.000000,-0.000001
2025-12-16 17:31:11.127,0.000691,-0.002821,-0.000965,-0.000001,-0.000000,-0.000001
2025-12-16 17:31:11.129,0.000703,-0.002790,-0.000962,-0.000000,-0.000000,-0.000001
2025-12-16 17:31:11.130,0.000729,-0.002728,-0.000958,-0.000000,-0.000000,-0.000001
2025-12-16 17:31:11.131,0.000699,-0.002567,-0.001027,-0.000001,-0.000000,-0.000001
2025-12-16 17:31:11.132,0.000679,-0.002494,-0.001061,-0.000001,-0.000000,-0.000001
2025-12-16 17:31:11.133,0.000658,-0.002426,-0.001097,-0.000001,-0.000000,-0.000001
2025-12-16 17:31:11.134,0.000639,-0.002359,-0.001135,-0.000001,-0.000000,-0.000001
2025-12-16 17:31:11.135,0.000617,-0.002293,-0.001181,-0.000001,-0.000000,-0.000001
2025-12-16 17:31:11.136,0.000595,-0.002234,-0.001234,-0.000001,-0.000000,-0.000001
2025-12-16 17:31:11.137,0.000575,-0.002170,-0.001293,-0.000001,-0.000000,-0.000001
2025-12-16 17:31:11.138,0.000555,-0.002104,-0.001355,-0.000001,0.000000,-0.000001
2025-12-16 17:31:11.139,0.000528,-0.002032,-0.001418,-0.000001,0.000000,-0.000001
2025-12-16 17:31:11.140,0.000490,-0.001958,-0.001479,-0.000001,0.000000,-0.000000
2025-12-16 17:31:11.142,0.000393,-0.001789,-0.001619,-0.000001,0.000000,-0.000000
2025-12-16 17:31:11.143,0.000346,-0.001713,-0.001686,-0.000001,0.000000,-0.000000
2025-12-16 17:31:11.145,0.000303,-0.001645,-0.001746,-0.000001,0.000000,-0.000000
2025-12-16 17:31:11.146,0.000242,-0.001523,-0.001845,-0.000001,0.000000,-0.000000
2025-12-16 17:31:11.147,0.000227,-0.001469,-0.001880,-0.000001,0.000000,-0.000000
2025-12-16 17:31:11.148,0.000218,-0.001419,-0.001904,-0.000001,0.000000,-0.000000
2025-12-16 17:31:11.149,0.000209,-0.001368,-0.001923,-0.000001,0.000000,-0.000000
2025-12-16 17:31:11.150,0.000202,-0.001322,-0.001932,-0.000001,0.000000,-0.000000
2025-12-16 17:31:11.151,0.000197,-0.001280,-0.001936,-0.000001,0.000000,-0.000000
2025-12-16 17:31:11.152,0.000194,-0.001238,-0.001931,-0.000001,0.000000,-0.000000
2025-12-16 17:31:11.153,0.000196,-0.001195,-0.001922,-0.000001,0.000000,-0.000000
2025-12-16 17:31:11.154,0.000209,-0.001155,-0.001907,-0.000001,0.000000,-0.000000
2025-12-16 17:31:11.156,0.000232,-0.001116,-0.001883,-0.000001,0.000000,-0.000000
2025-12-16 17:31:11.157,0.000266,-0.001076,-0.001846,-0.000001,0.000000,-0.000000
2025-12-16 17:31:11.158,0.000310,-0.001043,-0.001794,-0.000001,0.000000,-0.000000
2025-12-16 17:31:11.159,0.000424,-0.000987,-0.001641,-0.000001,0.000000,-0.000000
2025-12-16 17:31:11.160,0.000501,-0.000961,-0.001537,-0.000001,0.000000,-0.000000
2025-12-16 17:31:11.161,0.000582,-0.000935,-0.001424,-0.000000,0.000000,-0.000000
2025-12-16 17:31:11.162,0.000672,-0.000914,-0.001301,-0.000000,0.000000,-0.000000
2025-12-16 17:31:11.163,0.000767,-0.000893,-0.001165,-0.000000,0.000000,-0.000000
2025-12-16 17:31:11.165,0.000873,-0.000875,-0.001017,-0.000000,-0.000000,-0.000000
2025-12-16 17:31:11.166,0.001082,-0.000840,-0.000727,-0.000000,-0.000000,-0.000001
2025-12-16 17:31:11.167,0.001196,-0.000823,-0.000569,-0.000000,-0.000000,-0.000001
2025-12-16 17:31:11.168,0.001314,-0.000804,-0.000398,-0.000000,-0.000000,-0.000001
2025-12-16 17:31:11.169,0.001435,-0.000788,-0.000224,-0.000000,-0.000001,-0.000001
2025-12-16 17:31:11.170,0.001564,-0.000773,-0.000044,-0.000000,-0.000001,-0.000001
2025-12-16 17:31:11.173,0.001956,-0.000735,0.000533,0.000000,-0.000001,-0.000001
2025-12-16 17:31:11.175,0.002083,-0.000722,0.000731,0.000000,-0.000001,-0.000001
2025-12-16 17:31:11.176,0.002210,-0.000713,0.000932,0.000000,-0.000001,-0.000001
2025-12-16 17:31:11.177,0.002336,-0.000711,0.001132,0.000000,-0.000001,-0.000001
2025-12-16 17:31:11.178,0.002591,-0.000712,0.001538,0.000000,-0.000002,-0.000001
2025-12-16 17:31:11.179,0.002707,-0.000715,0.001740,0.000001,-0.000002,-0.000001
2025-12-16 17:31:11.180,0.002820,-0.000723,0.001941,0.000001,-0.000002,-0.000001
2025-12-16 17:31:11.182,0.002932,-0.000733,0.002144,0.000001,-0.000002,-0.000001
2025-12-16 17:31:11.183,0.003144,-0.000760,0.002549,0.000001,-0.000002,-0.000002
2025-12-16 17:31:11.186,0.003412,-0.000817,0.003100,0.000001,-0.000003,-0.000002
2025-12-16 17:31:11.188,0.003562,-0.000870,0.003444,0.000001,-0.000003,-0.000002
2025-12-16 17:31:11.196,0.003947,-0.001110,0.004600,0.000001,-0.000003,-0.000002
2025-12-16 17:31:11.198,0.003980,-0.001213,0.004853,0.000001,-0.000003,-0.000002
2025-12-16 17:31:11.199,0.003976,-0.001260,0.004962,0.000001,-0.000003,-0.000002
2025-12-16 17:31:11.200,0.003963,-0.001298,0.005061,0.000001,-0.000004,-0.000002
2025-12-16 17:31:11.201,0.003943,-0.001337,0.005142,0.000001,-0.000004,-0.000002
2025-12-16 17:31:11.202,0.003916,-0.001375,0.005207,0.000001,-0.000004,-0.000002
2025-12-16 17:31:11.203,0.003890,-0.001407,0.005257,0.000001,-0.000004,-0.000002
2025-12-16 17:31:11.204,0.003859,-0.001451,0.005300,0.000001,-0.000004,-0.000002
