timestamp,linear_x,linear_y,linear_z,angular_x,angular_y,angular_z
2025-12-16 18:00:26.023,-0.000268,-0.000083,-0.000101,-0.000000,0.000000,0.000000
2025-12-16 18:00:26.025,-0.000287,-0.000078,-0.000113,-0.000000,0.000000,0.000000
2025-12-16 18:00:26.026,-0.000291,-0.000076,-0.000120,-0.000000,0.000000,0.000000
2025-12-16 18:00:26.027,-0.000296,-0.000076,-0.000128,-0.000000,0.000000,0.000000
2025-12-16 18:00:26.029,-0.000305,-0.000075,-0.000132,-0.000000,0.000000,0.000000
2025-12-16 18:00:26.030,-0.000326,-0.000077,-0.000144,-0.000000,0.000000,0.000000
2025-12-16 18:00:26.031,-0.000337,-0.000081,-0.000152,-0.000000,0.000000,0.000000
2025-12-16 18:00:26.032,-0.000350,-0.000081,-0.000157,-0.000000,0.000000,0.000000
2025-12-16 18:00:26.034,-0.000364,-0.000084,-0.000162,-0.000000,0.000000,0.000000
2025-12-16 18:00:26.035,-0.000380,-0.000089,-0.000172,-0.000000,0.000000,0.000000
2025-12-16 18:00:26.036,-0.000388,-0.000090,-0.000175,-0.000000,0.000000,0.000000
2025-12-16 18:00:26.038,-0.000398,-0.000098,-0.000186,-0.000000,0.000000,0.000000
2025-12-16 18:00:26.039,-0.000405,-0.000101,-0.000191,-0.000000,0.000000,0.000000
2025-12-16 18:00:26.040,-0.000415,-0.000100,-0.000192,-0.000000,0.000000,0.000000
2025-12-16 18:00:26.041,-0.000423,-0.000103,-0.000197,-0.000000,0.000000,0.000000
2025-12-16 18:00:26.044,-0.000442,-0.000111,-0.000210,-0.000000,0.000000,0.000000
2025-12-16 18:00:26.046,-0.000454,-0.000119,-0.000221,-0.000000,0.000000,0.000000
2025-12-16 18:00:26.049,-0.000470,-0.000132,-0.000239,-0.000000,0.000000,0.000000
2025-12-16 18:00:26.054,-0.000477,-0.000147,-0.000257,-0.000000,0.000000,0.000000
2025-12-16 18:00:26.055,-0.000477,-0.000150,-0.000261,-0.000000,0.000000,0.000000
2025-12-16 18:00:26.056,-0.000476,-0.000155,-0.000259,-0.000000,0.000000,0.000000
2025-12-16 18:00:26.058,-0.000473,-0.000161,-0.000257,-0.000000,0.000000,0.000000
2025-12-16 18:00:26.060,-0.000462,-0.000176,-0.000259,-0.000000,0.000000,0.000000
2025-12-16 18:00:26.062,-0.000447,-0.000182,-0.000254,-0.000000,0.000000,0.000000
2025-12-16 18:00:26.064,-0.000413,-0.000185,-0.000247,-0.000000,0.000000,0.000000
2025-12-16 18:00:26.069,-0.000324,-0.000146,-0.000216,-0.000000,0.000000,0.000000
2025-12-16 18:00:26.071,-0.000277,-0.000135,-0.000201,-0.000000,0.000000,0.000000
2025-12-16 18:00:26.072,-0.000253,-0.000127,-0.000189,-0.000000,0.000000,0.000000
2025-12-16 18:00:26.074,-0.000206,-0.000103,-0.000169,-0.000000,0.000000,0.000000
2025-12-16 18:00:26.075,-0.000186,-0.000088,-0.000157,-0.000000,0.000000,0.000000
2025-12-16 18:00:26.076,-0.000164,-0.000077,-0.000146,-0.000000,0.000000,0.000000
2025-12-16 18:00:26.078,-0.000139,-0.000069,-0.000137,-0.000000,0.000000,0.000000
2025-12-16 18:00:26.079,-0.000116,-0.000064,-0.000130,-0.000000,0.000000,0.000000
2025-12-16 18:00:26.080,-0.000098,-0.000060,-0.000124,-0.000000,0.000000,0.000000
2025-12-16 18:00:26.081,-0.000073,-0.000053,-0.000114,-0.000000,0.000000,0.000000
2025-12-16 18:00:26.082,-0.000049,-0.000047,-0.000103,-0.000000,0.000000,0.000000
2025-12-16 18:00:26.083,-0.000026,-0.000033,-0.000090,-0.000000,0.000000,0.000000
2025-12-16 18:00:26.085,0.000018,-0.000009,-0.000072,-0.000000,0.000000,-0.000000
2025-12-16 18:00:26.086,0.000061,0.000014,-0.000053,-0.000000,0.000000,-0.000000
2025-12-16 18:00:26.087,0.000083,0.000025,-0.000043,-0.000000,-0.000000,-0.000000
2025-12-16 18:00:26.088,0.000094,0.000023,-0.000029,-0.000000,-0.000000,-0.000000
2025-12-16 18:00:26.089,0.000103,0.000024,-0.000017,-0.000000,-0.000000,-0.000000
2025-12-16 18:00:26.091,0.000112,0.000027,-0.000005,0.000000,-0.000000,-0.000000
2025-12-16 18:00:26.092,0.000127,0.000034,0.000014,0.000000,-0.000000,-0.000000
2025-12-16 18:00:26.093,0.000132,0.000037,0.000020,0.000000,-0.000000,-0.000000
2025-12-16 18:00:26.094,0.000132,0.000037,0.000022,0.000000,-0.000000,-0.000000
2025-12-16 18:00:26.095,0.000128,0.000039,0.000024,0.000000,-0.000000,-0.000000
2025-12-16 18:00:26.096,0.000121,0.000045,0.000023,0.000000,-0.000000,-0.000000
2025-12-16 18:00:26.097,0.000114,0.000052,0.000021,0.000000,-0.000000,-0.000000
2025-12-16 18:00:26.098,0.000107,0.000058,0.000020,0.000000,-0.000000,-0.000000
2025-12-16 18:00:26.100,0.000091,0.000073,0.000023,0.000000,-0.000000,-0.000000
2025-12-16 18:00:26.101,0.000084,0.000078,0.000025,0.000000,-0.000000,-0.000000
2025-12-16 18:00:26.102,0.000078,0.000077,0.000026,0.000000,-0.000000,-0.000000
2025-12-16 18:00:26.103,0.000074,0.000072,0.000027,0.000000,-0.000000,-0.000000
2025-12-16 18:00:26.104,0.000070,0.000067,0.000027,0.000000,-0.000000,-0.000000
2025-12-16 18:00:26.105,0.000059,0.000062,0.000024,0.000000,-0.000000,-0.000000
2025-12-16 18:00:26.106,0.000046,0.000056,0.000019,0.000000,-0.000000,-0.000000
2025-12-16 18:00:26.108,0.000027,0.000049,0.000012,0.000000,-0.000000,0.000000
2025-12-16 18:00:26.109,0.000020,0.000046,0.000010,0.000000,-0.000000,0.000000
2025-12-16 18:00:26.110,0.000015,0.000038,0.000007,0.000000,-0.000000,0.000000
2025-12-16 18:00:26.111,0.000010,0.000029,0.000005,0.000000,-0.000000,0.000000
2025-12-16 18:00:26.112,0.000007,0.000022,0.000004,0.000000,-0.000000,0.000000
2025-12-16 18:00:26.113,-0.000001,0.000016,0.000002,0.000000,0.000000,0.000000
2025-12-16 18:00:26.114,-0.000010,0.000012,0.000001,0.000000,0.000000,0.000000
2025-12-16 18:00:26.115,-0.000018,0.000009,-0.000001,-0.000000,0.000000,0.000000
2025-12-16 18:00:26.117,-0.000028,-0.000005,0.000000,-0.000000,0.000000,0.000000
2025-12-16 18:00:26.118,-0.000036,-0.000010,0.000001,-0.000000,0.000000,0.000000
2025-12-16 18:00:26.119,-0.000047,-0.000016,-0.000000,-0.000000,0.000000,0.000000
2025-12-16 18:00:26.120,-0.000057,-0.000020,-0.000002,-0.000000,0.000000,0.000000
2025-12-16 18:00:26.121,-0.000071,-0.000024,-0.000005,-0.000000,0.000000,0.000000
2025-12-16 18:00:26.122,-0.000083,-0.000030,-0.000005,-0.000000,0.000000,0.000000
2025-12-16 18:00:26.123,-0.000099,-0.000035,-0.000004,-0.000000,0.000000,0.000000
2025-12-16 18:00:26.125,-0.000113,-0.000040,-0.000004,-0.000000,0.000000,0.000000
2025-12-16 18:00:26.126,-0.000132,-0.000038,0.000007,-0.000000,0.000000,0.000000
2025-12-16 18:00:26.127,-0.000143,-0.000036,0.000010,-0.000000,0.000000,0.000000
2025-12-16 18:00:26.128,-0.000158,-0.000028,0.000013,-0.000000,0.000000,0.000000
2025-12-16 18:00:26.129,-0.000172,-0.000019,0.000014,-0.000000,0.000000,0.000000
2025-12-16 18:00:26.130,-0.000188,-0.000009,0.000009,-0.000000,0.000000,0.000000
2025-12-16 18:00:26.131,-0.000206,0.000002,0.000005,-0.000000,0.000000,0.000000
2025-12-16 18:00:26.132,-0.000222,0.000013,0.000003,-0.000000,0.000000,0.000000
2025-12-16 18:00:26.133,-0.000234,0.000021,0.000001,-0.000000,0.000000,0.000000
2025-12-16 18:00:26.134,-0.000249,0.000034,-0.000001,-0.000000,0.000000,0.000000
2025-12-16 18:00:26.135,-0.000263,0.000047,-0.000002,-0.000000,0.000000,0.000000
2025-12-16 18:00:26.137,-0.000280,0.000059,-0.000003,-0.000000,0.000000,0.000000
2025-12-16 18:00:26.138,-0.000304,0.000084,-0.000000,-0.000000,0.000000,0.000000
2025-12-16 18:00:26.139,-0.000319,0.000097,-0.000001,-0.000000,0.000000,0.000000
2025-12-16 18:00:26.140,-0.000334,0.000108,-0.000002,-0.000000,0.000000,0.000000
2025-12-16 18:00:26.141,-0.000345,0.000122,-0.000002,-0.000000,0.000000,0.000000
2025-12-16 18:00:26.142,-0.000361,0.000141,-0.000005,-0.000000,0.000000,0.000000
2025-12-16 18:00:26.143,-0.000380,0.000160,-0.000006,-0.000000,0.000000,0.000000
2025-12-16 18:00:26.144,-0.000395,0.000179,-0.000011,-0.000000,0.000000,0.000000
2025-12-16 18:00:26.145,-0.000410,0.000197,-0.000015,-0.000000,0.000000,0.000000
2025-12-16 18:00:26.146,-0.000423,0.000212,-0.000017,-0.000000,0.000000,0.000000
2025-12-16 18:00:26.148,-0.000438,0.000230,-0.000018,-0.000000,0.000000,0.000000
2025-12-16 18:00:26.149,-0.000450,0.000243,-0.000016,-0.000000,0.000000,0.000000
2025-12-16 18:00:26.150,-0.000474,0.000270,-0.000014,-0.000000,0.000000,0.000000
2025-12-16 18:00:26.151,-0.000486,0.000286,-0.000014,-0.000000,0.000000,0.000000
2025-12-16 18:00:26.152,-0.000501,0.000304,-0.000012,0.000000,0.000000,0.000000
2025-12-16 18:00:26.153,-0.000512,0.000320,-0.000015,-0.000000,0.000000,0.000000
2025-12-16 18:00:26.154,-0.000518,0.000329,-0.000017,-0.000000,0.000000,0.000000
2025-12-16 18:00:26.155,-0.000527,0.000341,-0.000018,0.000000,0.000000,0.000000
2025-12-16 18:00:26.157,-0.000541,0.000363,-0.000023,-0.000000,0.000000,0.000000
2025-12-16 18:00:26.158,-0.000550,0.000372,-0.000030,-0.000000,0.000000,0.000000
2025-12-16 18:00:26.159,-0.000553,0.000379,-0.000036,-0.000000,0.000000,0.000000
2025-12-16 18:00:26.160,-0.000559,0.000391,-0.000040,-0.000000,0.000000,0.000000
2025-12-16 18:00:26.161,-0.000562,0.000393,-0.000047,0.000000,0.000000,0.000000
2025-12-16 18:00:26.162,-0.000563,0.000398,-0.000052,-0.000000,0.000000,0.000000
2025-12-16 18:00:26.164,-0.000565,0.000401,-0.000060,-0.000000,0.000000,0.000000
2025-12-16 18:00:26.165,-0.000568,0.000410,-0.000071,-0.000000,0.000000,0.000000
2025-12-16 18:00:26.166,-0.000571,0.000410,-0.000084,-0.000000,0.000000,0.000000
2025-12-16 18:00:26.167,-0.000571,0.000410,-0.000095,-0.000000,0.000000,0.000000
2025-12-16 18:00:26.168,-0.000570,0.000409,-0.000111,-0.000000,0.000000,0.000000
2025-12-16 18:00:26.169,-0.000567,0.000404,-0.000123,-0.000000,0.000000,0.000000
2025-12-16 18:00:26.170,-0.000566,0.000402,-0.000136,-0.000000,0.000000,0.000000
2025-12-16 18:00:26.171,-0.000565,0.000397,-0.000152,-0.000000,0.000000,0.000000
2025-12-16 18:00:26.172,-0.000560,0.000393,-0.000163,-0.000000,0.000000,0.000000
2025-12-16 18:00:26.173,-0.000555,0.000385,-0.000177,-0.000000,0.000000,0.000000
2025-12-16 18:00:26.175,-0.000552,0.000376,-0.000209,-0.000000,0.000000,0.000000
2025-12-16 18:00:26.176,-0.000553,0.000373,-0.000222,-0.000000,0.000000,0.000000
2025-12-16 18:00:26.177,-0.000553,0.000365,-0.000239,-0.000000,0.000000,0.000000
2025-12-16 18:00:26.178,-0.000547,0.000356,-0.000254,-0.000000,0.000000,0.000000
2025-12-16 18:00:26.179,-0.000546,0.000348,-0.000266,-0.000000,0.000000,0.000000
2025-12-16 18:00:26.180,-0.000546,0.000337,-0.000281,-0.000000,0.000000,0.000000
2025-12-16 18:00:26.181,-0.000547,0.000331,-0.000297,-0.000000,0.000000,0.000000
2025-12-16 18:00:26.182,-0.000547,0.000317,-0.000315,-0.000000,0.000000,0.000000
2025-12-16 18:00:26.183,-0.000545,0.000304,-0.000330,-0.000000,0.000000,0.000000
2025-12-16 18:00:26.185,-0.000545,0.000296,-0.000344,-0.000000,0.000000,0.000000
2025-12-16 18:00:26.186,-0.000545,0.000287,-0.000362,-0.000000,0.000000,0.000000
2025-12-16 18:00:26.187,-0.000544,0.000268,-0.000397,-0.000000,0.000000,0.000000
2025-12-16 18:00:26.188,-0.000544,0.000263,-0.000416,-0.000000,0.000000,0.000000
2025-12-16 18:00:26.189,-0.000548,0.000260,-0.000438,-0.000000,0.000000,0.000000
2025-12-16 18:00:26.190,-0.000550,0.000256,-0.000460,-0.000000,0.000000,0.000000
2025-12-16 18:00:26.191,-0.000550,0.000251,-0.000479,-0.000000,0.000000,0.000000
2025-12-16 18:00:26.192,-0.000551,0.000246,-0.000502,-0.000000,0.000000,0.000000
2025-12-16 18:00:26.193,-0.000548,0.000244,-0.000519,-0.000000,0.000000,0.000000
2025-12-16 18:00:26.194,-0.000545,0.000244,-0.000532,-0.000000,0.000000,0.000000
2025-12-16 18:00:26.195,-0.000547,0.000245,-0.000547,-0.000000,0.000000,0.000000
2025-12-16 18:00:26.196,-0.000548,0.000249,-0.000566,-0.000000,0.000000,0.000000
2025-12-16 18:00:26.197,-0.000549,0.000252,-0.000582,-0.000000,0.000000,0.000000
2025-12-16 18:00:26.198,-0.000553,0.000257,-0.000602,-0.000000,0.000000,0.000000
2025-12-16 18:00:26.199,-0.000556,0.000262,-0.000624,-0.000000,0.000000,0.000000
2025-12-16 18:00:26.200,-0.000560,0.000271,-0.000646,-0.000000,0.000000,0.000000
2025-12-16 18:00:26.202,-0.000560,0.000277,-0.000667,-0.000000,0.000000,0.000000
2025-12-16 18:00:26.203,-0.000562,0.000303,-0.000715,-0.000000,0.000000,0.000000
2025-12-16 18:00:26.204,-0.000561,0.000321,-0.000736,-0.000000,0.000000,0.000000
2025-12-16 18:00:26.205,-0.000558,0.000340,-0.000757,-0.000000,0.000000,0.000000
2025-12-16 18:00:26.206,-0.000554,0.000355,-0.000776,-0.000000,0.000001,0.000000
2025-12-16 18:00:26.207,-0.000550,0.000374,-0.000789,-0.000000,0.000001,0.000000
2025-12-16 18:00:26.208,-0.000548,0.000394,-0.000802,-0.000000,0.000001,0.000000
2025-12-16 18:00:26.209,-0.000542,0.000416,-0.000814,-0.000000,0.000001,0.000000
2025-12-16 18:00:26.210,-0.000540,0.000443,-0.000828,-0.000000,0.000001,0.000000
2025-12-16 18:00:26.211,-0.000538,0.000474,-0.000841,-0.000000,0.000001,0.000000
2025-12-16 18:00:26.212,-0.000536,0.000507,-0.000859,-0.000000,0.000001,0.000000
2025-12-16 18:00:26.213,-0.000534,0.000541,-0.000875,-0.000000,0.000001,0.000000
2025-12-16 18:00:26.214,-0.000537,0.000573,-0.000894,-0.000000,0.000001,0.000000
2025-12-16 18:00:26.215,-0.000539,0.000605,-0.000910,-0.000000,0.000001,0.000000
2025-12-16 18:00:26.216,-0.000535,0.000639,-0.000921,-0.000000,0.000001,0.000000
2025-12-16 18:00:26.217,-0.000528,0.000667,-0.000929,-0.000000,0.000001,0.000000
2025-12-16 18:00:26.218,-0.000523,0.000693,-0.000937,-0.000000,0.000001,0.000000
2025-12-16 18:00:26.220,-0.000514,0.000753,-0.000953,-0.000000,0.000001,0.000000
2025-12-16 18:00:26.221,-0.000510,0.000789,-0.000957,-0.000000,0.000001,0.000000
2025-12-16 18:00:26.222,-0.000508,0.000829,-0.000960,-0.000000,0.000001,0.000000
2025-12-16 18:00:26.223,-0.000506,0.000863,-0.000961,-0.000000,0.000001,0.000000
2025-12-16 18:00:26.224,-0.000505,0.000897,-0.000961,-0.000000,0.000001,0.000000
2025-12-16 18:00:26.225,-0.000506,0.000935,-0.000957,-0.000000,0.000001,0.000000
2025-12-16 18:00:26.226,-0.000507,0.000975,-0.000952,-0.000000,0.000001,0.000000
2025-12-16 18:00:26.227,-0.000506,0.001010,-0.000952,-0.000000,0.000001,0.000000
2025-12-16 18:00:26.228,-0.000504,0.001044,-0.000954,-0.000000,0.000001,0.000001
2025-12-16 18:00:26.229,-0.000507,0.001080,-0.000955,-0.000000,0.000001,0.000001
2025-12-16 18:00:26.230,-0.000506,0.001116,-0.000951,-0.000000,0.000001,0.000001
2025-12-16 18:00:26.231,-0.000506,0.001150,-0.000947,-0.000000,0.000001,0.000001
2025-12-16 18:00:26.233,-0.000514,0.001224,-0.000937,-0.000000,0.000001,0.000001
2025-12-16 18:00:26.234,-0.000514,0.001260,-0.000929,-0.000000,0.000001,0.000001
2025-12-16 18:00:26.235,-0.000514,0.001293,-0.000922,-0.000000,0.000001,0.000001
2025-12-16 18:00:26.236,-0.000521,0.001332,-0.000920,-0.000000,0.000001,0.000001
2025-12-16 18:00:26.237,-0.000525,0.001371,-0.000914,-0.000000,0.000001,0.000001
2025-12-16 18:00:26.238,-0.000528,0.001409,-0.000909,-0.000000,0.000001,0.000001
2025-12-16 18:00:26.239,-0.000531,0.001439,-0.000906,-0.000000,0.000001,0.000001
2025-12-16 18:00:26.240,-0.000540,0.001474,-0.000906,-0.000000,0.000001,0.000001
2025-12-16 18:00:26.241,-0.000548,0.001507,-0.000904,-0.000000,0.000001,0.000001
2025-12-16 18:00:26.242,-0.000554,0.001535,-0.000902,-0.000000,0.000001,0.000001
2025-12-16 18:00:26.243,-0.000562,0.001564,-0.000905,-0.000000,0.000001,0.000001
2025-12-16 18:00:26.245,-0.000580,0.001618,-0.000905,-0.000000,0.000001,0.000001
2025-12-16 18:00:26.246,-0.000589,0.001647,-0.000907,-0.000000,0.000001,0.000001
2025-12-16 18:00:26.247,-0.000601,0.001675,-0.000907,-0.000000,0.000001,0.000001
2025-12-16 18:00:26.248,-0.000617,0.001706,-0.000907,-0.000000,0.000001,0.000001
2025-12-16 18:00:26.249,-0.000634,0.001737,-0.000909,-0.000000,0.000001,0.000001
2025-12-16 18:00:26.250,-0.000655,0.001764,-0.000912,-0.000000,0.000001,0.000001
2025-12-16 18:00:26.251,-0.000676,0.001789,-0.000917,-0.000000,0.000001,0.000001
2025-12-16 18:00:26.252,-0.000695,0.001814,-0.000925,-0.000000,0.000001,0.000001
2025-12-16 18:00:26.253,-0.000714,0.001838,-0.000930,-0.000000,0.000001,0.000001
2025-12-16 18:00:26.255,-0.000735,0.001859,-0.000939,-0.000000,0.000001,0.000001
2025-12-16 18:00:26.256,-0.000779,0.001905,-0.000955,-0.000000,0.000001,0.000001
2025-12-16 18:00:26.257,-0.000803,0.001926,-0.000963,-0.000000,0.000001,0.000001
2025-12-16 18:00:26.258,-0.000827,0.001949,-0.000974,-0.000000,0.000001,0.000001
2025-12-16 18:00:26.259,-0.000852,0.001975,-0.000983,-0.000000,0.000001,0.000001
2025-12-16 18:00:26.260,-0.000877,0.001997,-0.000993,-0.000000,0.000001,0.000001
2025-12-16 18:00:26.261,-0.000905,0.002017,-0.001006,-0.000000,0.000001,0.000001
2025-12-16 18:00:26.262,-0.000932,0.002039,-0.001019,-0.000000,0.000001,0.000001
2025-12-16 18:00:26.263,-0.000960,0.002058,-0.001032,-0.000000,0.000001,0.000001
2025-12-16 18:00:26.264,-0.000988,0.002081,-0.001047,-0.000000,0.000001,0.000001
2025-12-16 18:00:26.265,-0.001016,0.002104,-0.001066,-0.000000,0.000001,0.000001
2025-12-16 18:00:26.267,-0.001074,0.002147,-0.001104,-0.000000,0.000001,0.000001
2025-12-16 18:00:26.268,-0.001099,0.002169,-0.001122,-0.000000,0.000001,0.000001
2025-12-16 18:00:26.269,-0.001124,0.002187,-0.001136,-0.000000,0.000001,0.000001
2025-12-16 18:00:26.270,-0.001145,0.002205,-0.001155,-0.000000,0.000001,0.000001
2025-12-16 18:00:26.272,-0.001167,0.002223,-0.001173,-0.000000,0.000001,0.000001
2025-12-16 18:00:26.273,-0.001215,0.002261,-0.001207,-0.000000,0.000001,0.000001
2025-12-16 18:00:26.274,-0.001238,0.002281,-0.001225,-0.000000,0.000001,0.000001
2025-12-16 18:00:26.275,-0.001261,0.002298,-0.001243,-0.000000,0.000001,0.000001
2025-12-16 18:00:26.276,-0.001286,0.002317,-0.001257,-0.000000,0.000001,0.000001
2025-12-16 18:00:26.277,-0.001311,0.002336,-0.001275,-0.000000,0.000001,0.000001
2025-12-16 18:00:26.278,-0.001333,0.002352,-0.001290,-0.000000,0.000001,0.000001
2025-12-16 18:00:26.279,-0.001354,0.002366,-0.001308,-0.000000,0.000001,0.000001
2025-12-16 18:00:26.280,-0.001375,0.002386,-0.001320,-0.000000,0.000001,0.000001
2025-12-16 18:00:26.281,-0.001394,0.002404,-0.001332,-0.000000,0.000001,0.000001
2025-12-16 18:00:26.283,-0.001437,0.002447,-0.001352,-0.000000,0.000001,0.000001
2025-12-16 18:00:26.284,-0.001455,0.002460,-0.001361,-0.000001,0.000001,0.000001
2025-12-16 18:00:26.285,-0.001475,0.002475,-0.001368,-0.000000,0.000001,0.000001
2025-12-16 18:00:26.286,-0.001493,0.002492,-0.001376,-0.000001,0.000001,0.000001
2025-12-16 18:00:26.287,-0.001514,0.002504,-0.001381,-0.000001,0.000001,0.000001
2025-12-16 18:00:26.288,-0.001535,0.002514,-0.001390,-0.000001,0.000001,0.000001
2025-12-16 18:00:26.289,-0.001550,0.002525,-0.001401,-0.000001,0.000001,0.000001
2025-12-16 18:00:26.290,-0.001564,0.002531,-0.001408,-0.000001,0.000001,0.000001
2025-12-16 18:00:26.291,-0.001577,0.002539,-0.001416,-0.000001,0.000001,0.000001
2025-12-16 18:00:26.293,-0.001594,0.002547,-0.001424,-0.000001,0.000001,0.000001
2025-12-16 18:00:26.294,-0.001623,0.002557,-0.001444,-0.000001,0.000001,0.000001
2025-12-16 18:00:26.295,-0.001636,0.002558,-0.001450,-0.000001,0.000001,0.000001
2025-12-16 18:00:26.296,-0.001651,0.002559,-0.001460,-0.000001,0.000001,0.000001
2025-12-16 18:00:26.297,-0.001664,0.002561,-0.001470,-0.000001,0.000001,0.000001
2025-12-16 18:00:26.298,-0.001677,0.002560,-0.001482,-0.000001,0.000001,0.000001
2025-12-16 18:00:26.299,-0.001687,0.002558,-0.001492,-0.000001,0.000001,0.000001
2025-12-16 18:00:26.300,-0.001698,0.002554,-0.001504,-0.000001,0.000001,0.000001
2025-12-16 18:00:26.301,-0.001707,0.002550,-0.001513,-0.000001,0.000001,0.000001
2025-12-16 18:00:26.302,-0.001713,0.002541,-0.001527,-0.000001,0.000001,0.000001
2025-12-16 18:00:26.303,-0.001721,0.002533,-0.001545,-0.000001,0.000001,0.000001
2025-12-16 18:00:26.304,-0.001727,0.002524,-0.001560,-0.000001,0.000001,0.000001
2025-12-16 18:00:26.306,-0.001730,0.002509,-0.001577,-0.000001,0.000001,0.000001
2025-12-16 18:00:26.307,-0.001736,0.002474,-0.001608,-0.000001,0.000001,0.000001
2025-12-16 18:00:26.308,-0.001733,0.002456,-0.001621,-0.000001,0.000001,0.000001
2025-12-16 18:00:26.309,-0.001738,0.002438,-0.001635,-0.000001,0.000001,0.000001
2025-12-16 18:00:26.310,-0.001745,0.002423,-0.001646,-0.000001,0.000001,0.000001
2025-12-16 18:00:26.311,-0.001748,0.002402,-0.001659,-0.000001,0.000001,0.000001
2025-12-16 18:00:26.312,-0.001749,0.002377,-0.001675,-0.000001,0.000001,0.000001
2025-12-16 18:00:26.314,-0.001746,0.002324,-0.001701,-0.000001,0.000001,0.000001
2025-12-16 18:00:26.315,-0.001743,0.002294,-0.001715,-0.000001,0.000002,0.000001
2025-12-16 18:00:26.316,-0.001738,0.002262,-0.001725,-0.000001,0.000001,0.000001
2025-12-16 18:00:26.317,-0.001738,0.002237,-0.001737,-0.000001,0.000001,0.000001
2025-12-16 18:00:26.318,-0.001740,0.002211,-0.001749,-0.000001,0.000002,0.000001
2025-12-16 18:00:26.319,-0.001743,0.002183,-0.001759,-0.000001,0.000002,0.000001
2025-12-16 18:00:26.323,-0.001742,0.002043,-0.001795,-0.000001,0.000001,0.000001
2025-12-16 18:00:26.324,-0.001737,0.002008,-0.001800,-0.000001,0.000001,0.000001
2025-12-16 18:00:26.325,-0.001736,0.001976,-0.001803,-0.000001,0.000001,0.000001
2025-12-16 18:00:26.326,-0.001736,0.001944,-0.001810,-0.000001,0.000001,0.000001
2025-12-16 18:00:26.328,-0.001734,0.001907,-0.001816,-0.000001,0.000001,0.000001
2025-12-16 18:00:26.329,-0.001732,0.001836,-0.001830,-0.000001,0.000001,0.000001
2025-12-16 18:00:26.330,-0.001729,0.001798,-0.001837,-0.000001,0.000001,0.000001
2025-12-16 18:00:26.331,-0.001725,0.001766,-0.001842,-0.000001,0.000001,0.000001
2025-12-16 18:00:26.332,-0.001723,0.001735,-0.001847,-0.000001,0.000001,0.000001
2025-12-16 18:00:26.333,-0.001723,0.001702,-0.001851,-0.000001,0.000001,0.000001
2025-12-16 18:00:26.334,-0.001720,0.001671,-0.001857,-0.000001,0.000001,0.000001
2025-12-16 18:00:26.336,-0.001720,0.001649,-0.001860,-0.000001,0.000001,0.000001
2025-12-16 18:00:26.337,-0.001708,0.001590,-0.001868,-0.000001,0.000001,0.000001
2025-12-16 18:00:26.338,-0.001704,0.001559,-0.001869,-0.000001,0.000001,0.000001
2025-12-16 18:00:26.339,-0.001698,0.001532,-0.001873,-0.000001,0.000001,0.000001
2025-12-16 18:00:26.340,-0.001692,0.001505,-0.001874,-0.000001,0.000001,0.000001
2025-12-16 18:00:26.341,-0.001684,0.001478,-0.001880,-0.000001,0.000001,0.000001
2025-12-16 18:00:26.342,-0.001680,0.001453,-0.001890,-0.000001,0.000001,0.000001
2025-12-16 18:00:26.344,-0.001669,0.001403,-0.001914,-0.000001,0.000001,0.000001
2025-12-16 18:00:26.345,-0.001662,0.001377,-0.001927,-0.000001,0.000001,0.000001
2025-12-16 18:00:26.346,-0.001651,0.001354,-0.001932,-0.000001,0.000001,0.000001
2025-12-16 18:00:26.347,-0.001637,0.001337,-0.001939,-0.000001,0.000001,0.000001
2025-12-16 18:00:26.348,-0.001624,0.001320,-0.001943,-0.000001,0.000001,0.000001
2025-12-16 18:00:26.350,-0.001598,0.001287,-0.001946,-0.000001,0.000001,0.000001
2025-12-16 18:00:26.351,-0.001585,0.001272,-0.001947,-0.000001,0.000001,0.000001
2025-12-16 18:00:26.352,-0.001571,0.001256,-0.001951,-0.000001,0.000001,0.000001
2025-12-16 18:00:26.353,-0.001558,0.001243,-0.001954,-0.000001,0.000001,0.000001
2025-12-16 18:00:26.354,-0.001540,0.001227,-0.001954,-0.000001,0.000001,0.000001
2025-12-16 18:00:26.356,-0.001519,0.001211,-0.001955,-0.000001,0.000001,0.000001
2025-12-16 18:00:26.357,-0.001475,0.001183,-0.001952,-0.000001,0.000001,0.000001
2025-12-16 18:00:26.358,-0.001449,0.001172,-0.001951,-0.000001,0.000001,0.000001
2025-12-16 18:00:26.359,-0.001422,0.001163,-0.001946,-0.000001,0.000001,0.000001
2025-12-16 18:00:26.360,-0.001396,0.001153,-0.001942,-0.000001,0.000001,0.000001
2025-12-16 18:00:26.361,-0.001369,0.001149,-0.001934,-0.000001,0.000001,0.000001
2025-12-16 18:00:26.363,-0.001317,0.001145,-0.001911,-0.000001,0.000001,0.000001
2025-12-16 18:00:26.364,-0.001289,0.001144,-0.001895,-0.000001,0.000001,0.000001
2025-12-16 18:00:26.365,-0.001262,0.001147,-0.001877,-0.000001,0.000001,0.000001
2025-12-16 18:00:26.366,-0.001232,0.001152,-0.001858,-0.000001,0.000001,0.000001
2025-12-16 18:00:26.367,-0.001200,0.001156,-0.001835,-0.000001,0.000001,0.000001
2025-12-16 18:00:26.368,-0.001170,0.001161,-0.001811,-0.000001,0.000001,0.000001
2025-12-16 18:00:26.370,-0.001135,0.001169,-0.001785,-0.000001,0.000001,0.000001
2025-12-16 18:00:26.371,-0.001068,0.001181,-0.001730,-0.000001,0.000001,0.000001
2025-12-16 18:00:26.372,-0.001029,0.001192,-0.001699,-0.000001,0.000001,0.000001
2025-12-16 18:00:26.373,-0.000989,0.001201,-0.001665,-0.000001,0.000001,0.000001
2025-12-16 18:00:26.374,-0.000955,0.001215,-0.001628,-0.000001,0.000001,0.000001
2025-12-16 18:00:26.375,-0.000917,0.001227,-0.001588,-0.000001,0.000001,0.000001
2025-12-16 18:00:26.377,-0.000876,0.001243,-0.001545,-0.000001,0.000001,0.000001
2025-12-16 18:00:26.378,-0.000802,0.001275,-0.001456,-0.000001,0.000001,0.000001
2025-12-16 18:00:26.379,-0.000763,0.001287,-0.001410,-0.000000,0.000001,0.000001
2025-12-16 18:00:26.380,-0.000726,0.001307,-0.001360,-0.000000,0.000001,0.000001
2025-12-16 18:00:26.381,-0.000685,0.001319,-0.001310,-0.000000,0.000001,0.000001
2025-12-16 18:00:26.382,-0.000645,0.001329,-0.001262,-0.000000,0.000001,0.000001
2025-12-16 18:00:26.384,-0.000562,0.001365,-0.001164,-0.000000,0.000001,0.000001
2025-12-16 18:00:26.385,-0.000522,0.001378,-0.001116,-0.000000,0.000001,0.000001
2025-12-16 18:00:26.387,-0.000486,0.001388,-0.001072,-0.000000,0.000001,0.000001
2025-12-16 18:00:26.388,-0.000416,0.001408,-0.000983,-0.000000,0.000001,0.000001
2025-12-16 18:00:26.389,-0.000384,0.001420,-0.000943,-0.000000,0.000001,0.000001
2025-12-16 18:00:26.390,-0.000354,0.001430,-0.000905,-0.000000,0.000001,0.000001
2025-12-16 18:00:26.391,-0.000323,0.001436,-0.000874,-0.000000,0.000001,0.000001
2025-12-16 18:00:26.392,-0.000296,0.001441,-0.000841,-0.000000,0.000001,0.000001
2025-12-16 18:00:26.394,-0.000272,0.001448,-0.000810,-0.000000,0.000001,0.000001
2025-12-16 18:00:26.395,-0.000228,0.001448,-0.000759,-0.000000,0.000001,0.000000
2025-12-16 18:00:26.396,-0.000208,0.001444,-0.000737,-0.000000,0.000001,0.000000
2025-12-16 18:00:26.397,-0.000190,0.001437,-0.000721,-0.000000,0.000001,0.000000
2025-12-16 18:00:26.398,-0.000174,0.001434,-0.000706,-0.000000,0.000000,0.000000
2025-12-16 18:00:26.399,-0.000162,0.001425,-0.000694,-0.000000,0.000000,0.000000
2025-12-16 18:00:26.400,-0.000153,0.001417,-0.000685,-0.000000,0.000000,0.000000
2025-12-16 18:00:26.402,-0.000141,0.001398,-0.000680,-0.000000,0.000000,0.000000
2025-12-16 18:00:26.403,-0.000138,0.001386,-0.000679,-0.000000,0.000000,0.000000
2025-12-16 18:00:26.404,-0.000136,0.001370,-0.000683,-0.000000,0.000000,0.000000
2025-12-16 18:00:26.405,-0.000134,0.001356,-0.000688,-0.000000,0.000000,0.000000
2025-12-16 18:00:26.406,-0.000131,0.001340,-0.000690,-0.000000,0.000000,0.000000
2025-12-16 18:00:26.407,-0.000127,0.001321,-0.000697,-0.000000,0.000000,0.000000
2025-12-16 18:00:26.409,-0.000128,0.001282,-0.000720,-0.000000,0.000000,0.000000
2025-12-16 18:00:26.410,-0.000129,0.001268,-0.000729,-0.000000,0.000000,0.000000
2025-12-16 18:00:26.411,-0.000130,0.001252,-0.000736,-0.000000,0.000000,0.000000
2025-12-16 18:00:26.412,-0.000130,0.001233,-0.000746,-0.000000,0.000000,0.000000
2025-12-16 18:00:26.414,-0.000134,0.001195,-0.000772,-0.000000,0.000000,0.000000
2025-12-16 18:00:26.415,-0.000133,0.001172,-0.000785,-0.000000,0.000000,0.000000
2025-12-16 18:00:26.416,-0.000137,0.001152,-0.000798,-0.000000,0.000000,0.000000
2025-12-16 18:00:26.417,-0.000139,0.001132,-0.000810,-0.000000,0.000000,0.000000
2025-12-16 18:00:26.418,-0.000143,0.001114,-0.000824,-0.000000,0.000000,0.000000
2025-12-16 18:00:26.420,-0.000143,0.001072,-0.000846,-0.000000,0.000000,0.000000
2025-12-16 18:00:26.421,-0.000141,0.001049,-0.000854,-0.000000,0.000000,0.000000
2025-12-16 18:00:26.422,-0.000144,0.001036,-0.000860,-0.000000,0.000000,0.000000
2025-12-16 18:00:26.423,-0.000145,0.001019,-0.000867,-0.000000,0.000000,0.000000
2025-12-16 18:00:26.425,-0.000144,0.000991,-0.000880,-0.000000,0.000000,0.000000
2025-12-16 18:00:26.426,-0.000150,0.000982,-0.000884,-0.000000,0.000000,0.000000
2025-12-16 18:00:26.427,-0.000156,0.000971,-0.000886,-0.000000,0.000000,0.000000
2025-12-16 18:00:26.428,-0.000160,0.000962,-0.000885,-0.000000,0.000000,0.000000
2025-12-16 18:00:26.429,-0.000164,0.000954,-0.000885,-0.000000,0.000000,0.000000
2025-12-16 18:00:26.431,-0.000175,0.000938,-0.000884,-0.000000,0.000000,0.000000
2025-12-16 18:00:26.432,-0.000184,0.000936,-0.000884,-0.000000,0.000000,0.000000
2025-12-16 18:00:26.433,-0.000187,0.000935,-0.000879,-0.000000,0.000000,0.000000
2025-12-16 18:00:26.434,-0.000188,0.000933,-0.000872,-0.000000,0.000000,0.000000
2025-12-16 18:00:26.435,-0.000192,0.000935,-0.000863,-0.000000,0.000000,0.000000
2025-12-16 18:00:26.436,-0.000196,0.000937,-0.000855,-0.000000,0.000000,0.000000
2025-12-16 18:00:26.438,-0.000201,0.000939,-0.000844,-0.000000,0.000000,0.000000
2025-12-16 18:00:26.439,-0.000218,0.000952,-0.000826,-0.000000,0.000000,0.000000
2025-12-16 18:00:26.440,-0.000228,0.000960,-0.000819,-0.000000,0.000000,0.000000
2025-12-16 18:00:26.441,-0.000240,0.000970,-0.000810,-0.000000,0.000000,0.000000
2025-12-16 18:00:26.442,-0.000247,0.000976,-0.000805,-0.000000,0.000000,0.000000
2025-12-16 18:00:26.443,-0.000252,0.000985,-0.000797,-0.000000,0.000000,0.000000
2025-12-16 18:00:26.445,-0.000256,0.000993,-0.000788,-0.000000,0.000000,0.000000
2025-12-16 18:00:26.446,-0.000269,0.001018,-0.000778,-0.000000,0.000000,0.000000
2025-12-16 18:00:26.447,-0.000277,0.001034,-0.000777,-0.000000,0.000000,0.000000
2025-12-16 18:00:26.448,-0.000285,0.001048,-0.000776,-0.000000,0.000000,0.000000
2025-12-16 18:00:26.449,-0.000297,0.001067,-0.000776,-0.000000,0.000001,0.000000
2025-12-16 18:00:26.450,-0.000308,0.001090,-0.000776,-0.000000,0.000001,0.000000
2025-12-16 18:00:26.452,-0.000324,0.001130,-0.000774,-0.000000,0.000001,0.000000
2025-12-16 18:00:26.453,-0.000333,0.001146,-0.000779,-0.000000,0.000001,0.000000
2025-12-16 18:00:26.454,-0.000346,0.001165,-0.000786,-0.000000,0.000001,0.000000
2025-12-16 18:00:26.455,-0.000362,0.001186,-0.000794,-0.000000,0.000001,0.000000
2025-12-16 18:00:26.456,-0.000377,0.001209,-0.000804,-0.000000,0.000001,0.000000
2025-12-16 18:00:26.457,-0.000387,0.001230,-0.000818,-0.000000,0.000001,0.000000
2025-12-16 18:00:26.458,-0.000398,0.001250,-0.000829,-0.000000,0.000001,0.000001
2025-12-16 18:00:26.459,-0.000409,0.001271,-0.000840,-0.000000,0.000001,0.000001
2025-12-16 18:00:26.461,-0.000428,0.001313,-0.000866,-0.000000,0.000001,0.000001
2025-12-16 18:00:26.462,-0.000436,0.001332,-0.000877,-0.000000,0.000001,0.000001
2025-12-16 18:00:26.463,-0.000450,0.001353,-0.000893,-0.000000,0.000001,0.000001
2025-12-16 18:00:26.464,-0.000461,0.001373,-0.000914,-0.000000,0.000001,0.000001
2025-12-16 18:00:26.465,-0.000469,0.001390,-0.000933,-0.000000,0.000001,0.000001
2025-12-16 18:00:26.466,-0.000481,0.001410,-0.000948,-0.000000,0.000001,0.000001
2025-12-16 18:00:26.467,-0.000490,0.001429,-0.000965,-0.000000,0.000001,0.000001
2025-12-16 18:00:26.468,-0.000498,0.001448,-0.000982,-0.000000,0.000001,0.000001
2025-12-16 18:00:26.470,-0.000508,0.001479,-0.001022,-0.000000,0.000001,0.000001
2025-12-16 18:00:26.471,-0.000514,0.001491,-0.001042,-0.000000,0.000001,0.000001
2025-12-16 18:00:26.472,-0.000523,0.001510,-0.001064,-0.000000,0.000001,0.000001
2025-12-16 18:00:26.473,-0.000528,0.001525,-0.001086,-0.000000,0.000001,0.000001
2025-12-16 18:00:26.474,-0.000535,0.001538,-0.001110,-0.000000,0.000001,0.000001
2025-12-16 18:00:26.475,-0.000539,0.001549,-0.001136,-0.000000,0.000001,0.000001
2025-12-16 18:00:26.476,-0.000544,0.001563,-0.001161,-0.000000,0.000001,0.000001
2025-12-16 18:00:26.477,-0.000549,0.001578,-0.001185,-0.000000,0.000001,0.000001
2025-12-16 18:00:26.479,-0.000552,0.001594,-0.001209,-0.000000,0.000001,0.000001
2025-12-16 18:00:26.480,-0.000559,0.001622,-0.001269,-0.000000,0.000001,0.000001
2025-12-16 18:00:26.481,-0.000566,0.001642,-0.001298,-0.000000,0.000001,0.000001
2025-12-16 18:00:26.482,-0.000570,0.001661,-0.001328,-0.000000,0.000001,0.000001
2025-12-16 18:00:26.483,-0.000573,0.001676,-0.001361,-0.000000,0.000001,0.000001
2025-12-16 18:00:26.484,-0.000579,0.001694,-0.001395,-0.000000,0.000001,0.000001
2025-12-16 18:00:26.485,-0.000582,0.001713,-0.001429,-0.000001,0.000001,0.000001
2025-12-16 18:00:26.486,-0.000587,0.001731,-0.001469,-0.000001,0.000001,0.000001
2025-12-16 18:00:26.487,-0.000593,0.001751,-0.001507,-0.000001,0.000001,0.000001
2025-12-16 18:00:26.488,-0.000597,0.001773,-0.001546,-0.000001,0.000001,0.000001
2025-12-16 18:00:26.489,-0.000606,0.001794,-0.001585,-0.000001,0.000001,0.000001
2025-12-16 18:00:26.491,-0.000625,0.001845,-0.001659,-0.000001,0.000001,0.000001
2025-12-16 18:00:26.492,-0.000638,0.001871,-0.001698,-0.000001,0.000001,0.000001
2025-12-16 18:00:26.493,-0.000652,0.001902,-0.001736,-0.000001,0.000001,0.000001
2025-12-16 18:00:26.494,-0.000663,0.001937,-0.001772,-0.000001,0.000001,0.000001
2025-12-16 18:00:26.495,-0.000671,0.001967,-0.001811,-0.000001,0.000001,0.000001
2025-12-16 18:00:26.496,-0.000677,0.001995,-0.001851,-0.000001,0.000001,0.000001
2025-12-16 18:00:26.497,-0.000682,0.002023,-0.001889,-0.000001,0.000001,0.000001
2025-12-16 18:00:26.498,-0.000696,0.002055,-0.001925,-0.000001,0.000001,0.000001
2025-12-16 18:00:26.501,-0.000738,0.002166,-0.002021,-0.000001,0.000001,0.000001
2025-12-16 18:00:26.502,-0.000753,0.002201,-0.002052,-0.000001,0.000001,0.000001
2025-12-16 18:00:26.504,-0.000784,0.002275,-0.002093,-0.000001,0.000001,0.000001
2025-12-16 18:00:26.505,-0.000802,0.002311,-0.002116,-0.000001,0.000001,0.000001
2025-12-16 18:00:26.506,-0.000818,0.002348,-0.002135,-0.000001,0.000001,0.000001
2025-12-16 18:00:26.508,-0.000844,0.002418,-0.002170,-0.000001,0.000001,0.000001
2025-12-16 18:00:26.509,-0.000857,0.002449,-0.002187,-0.000001,0.000001,0.000001
2025-12-16 18:00:26.510,-0.000872,0.002482,-0.002200,-0.000001,0.000001,0.000001
2025-12-16 18:00:26.511,-0.000889,0.002519,-0.002216,-0.000001,0.000001,0.000001
2025-12-16 18:00:26.512,-0.000906,0.002556,-0.002224,-0.000001,0.000001,0.000001
2025-12-16 18:00:26.513,-0.000921,0.002592,-0.002231,-0.000001,0.000002,0.000001
2025-12-16 18:00:26.514,-0.000938,0.002625,-0.002233,-0.000001,0.000002,0.000001
2025-12-16 18:00:26.516,-0.000980,0.002706,-0.002234,-0.000001,0.000002,0.000001
2025-12-16 18:00:26.518,-0.001007,0.002743,-0.002234,-0.000001,0.000002,0.000001
2025-12-16 18:00:26.519,-0.001042,0.002808,-0.002234,-0.000001,0.000002,0.000001
2025-12-16 18:00:26.520,-0.001059,0.002836,-0.002229,-0.000001,0.000002,0.000001
2025-12-16 18:00:26.521,-0.001076,0.002867,-0.002221,-0.000001,0.000002,0.000001
2025-12-16 18:00:26.522,-0.001092,0.002899,-0.002215,-0.000001,0.000002,0.000001
2025-12-16 18:00:26.523,-0.001105,0.002926,-0.002211,-0.000001,0.000002,0.000001
2025-12-16 18:00:26.524,-0.001119,0.002950,-0.002206,-0.000001,0.000002,0.000001
2025-12-16 18:00:26.527,-0.001169,0.003035,-0.002175,-0.000001,0.000002,0.000001
2025-12-16 18:00:26.528,-0.001187,0.003061,-0.002166,-0.000001,0.000002,0.000001
2025-12-16 18:00:26.529,-0.001203,0.003089,-0.002154,-0.000001,0.000002,0.000001
2025-12-16 18:00:26.530,-0.001215,0.003112,-0.002143,-0.000001,0.000002,0.000001
2025-12-16 18:00:26.531,-0.001229,0.003133,-0.002132,-0.000001,0.000002,0.000001
2025-12-16 18:00:26.533,-0.001245,0.003160,-0.002117,-0.000001,0.000002,0.000001
2025-12-16 18:00:26.534,-0.001249,0.003172,-0.002108,-0.000001,0.000002,0.000001
2025-12-16 18:00:26.537,-0.001254,0.003204,-0.002063,-0.000001,0.000002,0.000001
2025-12-16 18:00:26.538,-0.001256,0.003208,-0.002046,-0.000001,0.000002,0.000001
2025-12-16 18:00:26.539,-0.001257,0.003209,-0.002031,-0.000001,0.000002,0.000001
2025-12-16 18:00:26.540,-0.001259,0.003210,-0.002019,-0.000001,0.000002,0.000001
2025-12-16 18:00:26.541,-0.001259,0.003206,-0.002008,-0.000001,0.000002,0.000001
2025-12-16 18:00:26.542,-0.001261,0.003204,-0.001995,-0.000001,0.000002,0.000001
2025-12-16 18:00:26.543,-0.001263,0.003199,-0.001983,-0.000001,0.000002,0.000001
2025-12-16 18:00:26.544,-0.001265,0.003187,-0.001972,-0.000001,0.000002,0.000001
2025-12-16 18:00:26.546,-0.001264,0.003155,-0.001952,-0.000001,0.000002,0.000001
2025-12-16 18:00:26.549,-0.001254,0.003097,-0.001924,-0.000001,0.000002,0.000001
2025-12-16 18:00:26.550,-0.001253,0.003075,-0.001912,-0.000001,0.000002,0.000001
2025-12-16 18:00:26.551,-0.001250,0.003048,-0.001896,-0.000001,0.000002,0.000001
2025-12-16 18:00:26.553,-0.001247,0.002992,-0.001855,-0.000001,0.000002,0.000001
2025-12-16 18:00:26.554,-0.001249,0.002962,-0.001841,-0.000001,0.000002,0.000001
2025-12-16 18:00:26.555,-0.001248,0.002928,-0.001827,-0.000001,0.000002,0.000001
2025-12-16 18:00:26.556,-0.001247,0.002892,-0.001815,-0.000001,0.000002,0.000001
2025-12-16 18:00:26.558,-0.001239,0.002811,-0.001789,-0.000001,0.000001,0.000001
2025-12-16 18:00:26.559,-0.001236,0.002771,-0.001772,-0.000001,0.000001,0.000001
2025-12-16 18:00:26.560,-0.001233,0.002727,-0.001754,-0.000001,0.000001,0.000001
2025-12-16 18:00:26.561,-0.001227,0.002680,-0.001734,-0.000001,0.000001,0.000001
2025-12-16 18:00:26.562,-0.001221,0.002629,-0.001713,-0.000001,0.000001,0.000001
2025-12-16 18:00:26.564,-0.001211,0.002527,-0.001666,-0.000001,0.000001,0.000001
2025-12-16 18:00:26.565,-0.001204,0.002479,-0.001642,-0.000001,0.000001,0.000001
2025-12-16 18:00:26.566,-0.001194,0.002427,-0.001616,-0.000001,0.000001,0.000001
2025-12-16 18:00:26.567,-0.001183,0.002371,-0.001591,-0.000001,0.000001,0.000001
2025-12-16 18:00:26.568,-0.001172,0.002313,-0.001569,-0.000001,0.000001,0.000001
2025-12-16 18:00:26.570,-0.001148,0.002202,-0.001514,-0.000001,0.000001,0.000001
2025-12-16 18:00:26.571,-0.001135,0.002143,-0.001491,-0.000001,0.000001,0.000001
2025-12-16 18:00:26.572,-0.001123,0.002081,-0.001472,-0.000001,0.000001,0.000001
2025-12-16 18:00:26.573,-0.001110,0.002020,-0.001451,-0.000001,0.000001,0.000001
2025-12-16 18:00:26.575,-0.001081,0.001901,-0.001407,-0.000001,0.000001,0.000001
2025-12-16 18:00:26.576,-0.001067,0.001842,-0.001384,-0.000001,0.000001,0.000001
2025-12-16 18:00:26.577,-0.001053,0.001782,-0.001362,-0.000000,0.000001,0.000001
2025-12-16 18:00:26.578,-0.001037,0.001719,-0.001337,-0.000000,0.000001,0.000001
2025-12-16 18:00:26.579,-0.001023,0.001653,-0.001321,-0.000000,0.000001,0.000001
2025-12-16 18:00:26.580,-0.001007,0.001588,-0.001305,-0.000000,0.000001,0.000001
2025-12-16 18:00:26.581,-0.000993,0.001523,-0.001290,-0.000000,0.000001,0.000001
2025-12-16 18:00:26.583,-0.000964,0.001392,-0.001262,-0.000000,0.000001,0.000001
2025-12-16 18:00:26.584,-0.000950,0.001329,-0.001252,-0.000000,0.000001,0.000001
2025-12-16 18:00:26.585,-0.000936,0.001262,-0.001240,-0.000000,0.000001,0.000001
2025-12-16 18:00:26.586,-0.000928,0.001197,-0.001233,-0.000000,0.000001,0.000001
2025-12-16 18:00:26.587,-0.000922,0.001131,-0.001226,-0.000000,0.000001,0.000001
2025-12-16 18:00:26.588,-0.000913,0.001062,-0.001222,-0.000000,0.000001,0.000001
2025-12-16 18:00:26.589,-0.000901,0.000990,-0.001220,-0.000000,0.000001,0.000001
2025-12-16 18:00:26.591,-0.000889,0.000920,-0.001220,-0.000000,0.000001,0.000001
2025-12-16 18:00:26.592,-0.000880,0.000790,-0.001227,-0.000000,0.000001,0.000001
2025-12-16 18:00:26.594,-0.000871,0.000660,-0.001240,-0.000000,0.000001,0.000001
2025-12-16 18:00:26.595,-0.000873,0.000595,-0.001250,-0.000000,0.000001,0.000001
2025-12-16 18:00:26.596,-0.000877,0.000534,-0.001260,-0.000000,0.000001,0.000001
2025-12-16 18:00:26.597,-0.000880,0.000472,-0.001275,-0.000000,0.000001,0.000000
2025-12-16 18:00:26.598,-0.000884,0.000413,-0.001291,-0.000001,0.000001,0.000000
2025-12-16 18:00:26.600,-0.000884,0.000289,-0.001319,-0.000001,0.000001,0.000000
2025-12-16 18:00:26.601,-0.000886,0.000230,-0.001332,-0.000001,0.000001,0.000000
2025-12-16 18:00:26.602,-0.000888,0.000170,-0.001349,-0.000001,0.000001,0.000000
2025-12-16 18:00:26.603,-0.000890,0.000112,-0.001366,-0.000001,0.000001,0.000000
2025-12-16 18:00:26.604,-0.000896,0.000056,-0.001384,-0.000001,0.000001,0.000000
2025-12-16 18:00:26.605,-0.000901,-0.000001,-0.001401,-0.000001,0.000001,0.000000
2025-12-16 18:00:26.607,-0.000916,-0.000099,-0.001446,-0.000001,0.000001,0.000000
2025-12-16 18:00:26.608,-0.000927,-0.000145,-0.001469,-0.000001,0.000001,0.000000
2025-12-16 18:00:26.609,-0.000942,-0.000190,-0.001493,-0.000001,0.000001,0.000000
2025-12-16 18:00:26.610,-0.000954,-0.000234,-0.001520,-0.000001,0.000001,0.000000
2025-12-16 18:00:26.611,-0.000960,-0.000279,-0.001538,-0.000001,0.000001,0.000000
2025-12-16 18:00:26.612,-0.000965,-0.000324,-0.001559,-0.000001,0.000001,0.000000
2025-12-16 18:00:26.613,-0.000973,-0.000366,-0.001576,-0.000001,0.000001,0.000000
2025-12-16 18:00:26.614,-0.000979,-0.000406,-0.001594,-0.000001,0.000001,0.000000
2025-12-16 18:00:26.615,-0.000985,-0.000445,-0.001611,-0.000001,0.000001,0.000000
2025-12-16 18:00:26.616,-0.000987,-0.000487,-0.001628,-0.000001,0.000001,0.000000
2025-12-16 18:00:26.618,-0.000985,-0.000527,-0.001640,-0.000001,0.000001,0.000000
2025-12-16 18:00:26.619,-0.000990,-0.000601,-0.001665,-0.000001,0.000001,0.000000
2025-12-16 18:00:26.620,-0.000986,-0.000637,-0.001673,-0.000001,0.000001,0.000000
2025-12-16 18:00:26.622,-0.000976,-0.000712,-0.001699,-0.000001,0.000001,0.000000
2025-12-16 18:00:26.623,-0.000966,-0.000750,-0.001708,-0.000001,0.000001,0.000000
2025-12-16 18:00:26.624,-0.000952,-0.000786,-0.001718,-0.000001,0.000001,0.000000
2025-12-16 18:00:26.625,-0.000937,-0.000819,-0.001724,-0.000001,0.000001,0.000000
2025-12-16 18:00:26.626,-0.000916,-0.000850,-0.001724,-0.000001,0.000001,0.000000
2025-12-16 18:00:26.628,-0.000864,-0.000915,-0.001723,-0.000001,0.000001,0.000000
2025-12-16 18:00:26.629,-0.000834,-0.000945,-0.001721,-0.000001,0.000001,0.000000
2025-12-16 18:00:26.630,-0.000801,-0.000978,-0.001719,-0.000001,0.000001,0.000000
2025-12-16 18:00:26.631,-0.000768,-0.001009,-0.001720,-0.000001,0.000001,0.000000
2025-12-16 18:00:26.633,-0.000694,-0.001075,-0.001719,-0.000001,0.000001,0.000000
2025-12-16 18:00:26.634,-0.000653,-0.001114,-0.001721,-0.000001,0.000001,0.000000
2025-12-16 18:00:26.635,-0.000612,-0.001142,-0.001721,-0.000001,0.000001,0.000000
2025-12-16 18:00:26.636,-0.000571,-0.001169,-0.001721,-0.000001,0.000001,0.000000
2025-12-16 18:00:26.637,-0.000532,-0.001194,-0.001723,-0.000001,0.000001,0.000000
2025-12-16 18:00:26.638,-0.000490,-0.001222,-0.001726,-0.000001,0.000001,0.000000
2025-12-16 18:00:26.639,-0.000448,-0.001250,-0.001731,-0.000001,0.000001,0.000000
2025-12-16 18:00:26.640,-0.000407,-0.001274,-0.001735,-0.000001,0.000001,0.000000
2025-12-16 18:00:26.641,-0.000365,-0.001298,-0.001736,-0.000001,0.000001,-0.000000
2025-12-16 18:00:26.642,-0.000322,-0.001323,-0.001740,-0.000001,0.000001,-0.000000
2025-12-16 18:00:26.643,-0.000281,-0.001349,-0.001747,-0.000001,0.000001,-0.000000
2025-12-16 18:00:26.644,-0.000239,-0.001375,-0.001752,-0.000001,0.000001,-0.000000
2025-12-16 18:00:26.645,-0.000200,-0.001400,-0.001757,-0.000001,0.000001,-0.000000
2025-12-16 18:00:26.646,-0.000161,-0.001426,-0.001767,-0.000001,0.000001,-0.000000
2025-12-16 18:00:26.648,-0.000084,-0.001478,-0.001788,-0.000001,0.000001,-0.000000
2025-12-16 18:00:26.649,-0.000048,-0.001504,-0.001797,-0.000001,0.000001,-0.000000
2025-12-16 18:00:26.650,-0.000015,-0.001529,-0.001807,-0.000001,0.000001,-0.000000
2025-12-16 18:00:26.651,0.000017,-0.001551,-0.001818,-0.000001,0.000001,-0.000000
2025-12-16 18:00:26.652,0.000047,-0.001573,-0.001831,-0.000001,0.000001,-0.000000
2025-12-16 18:00:26.653,0.000072,-0.001596,-0.001848,-0.000001,0.000001,-0.000000
2025-12-16 18:00:26.654,0.000094,-0.001614,-0.001860,-0.000001,0.000001,-0.000000
2025-12-16 18:00:26.655,0.000119,-0.001639,-0.001875,-0.000001,0.000001,-0.000000
2025-12-16 18:00:26.656,0.000146,-0.001670,-0.001889,-0.000001,0.000001,-0.000000
2025-12-16 18:00:26.657,0.000173,-0.001701,-0.001902,-0.000001,0.000001,-0.000000
2025-12-16 18:00:26.658,0.000200,-0.001730,-0.001916,-0.000001,0.000000,-0.000000
2025-12-16 18:00:26.659,0.000226,-0.001757,-0.001931,-0.000001,0.000000,-0.000000
2025-12-16 18:00:26.660,0.000248,-0.001779,-0.001944,-0.000001,0.000000,-0.000000
2025-12-16 18:00:26.661,0.000270,-0.001804,-0.001962,-0.000001,0.000000,-0.000000
2025-12-16 18:00:26.663,0.000304,-0.001849,-0.001999,-0.000001,0.000000,-0.000000
2025-12-16 18:00:26.664,0.000317,-0.001874,-0.002023,-0.000001,0.000000,-0.000000
2025-12-16 18:00:26.665,0.000331,-0.001899,-0.002047,-0.000001,0.000000,-0.000000
2025-12-16 18:00:26.666,0.000344,-0.001919,-0.002067,-0.000001,0.000000,-0.000000
2025-12-16 18:00:26.667,0.000357,-0.001938,-0.002086,-0.000001,0.000000,-0.000000
2025-12-16 18:00:26.668,0.000370,-0.001959,-0.002106,-0.000001,0.000000,-0.000000
2025-12-16 18:00:26.669,0.000383,-0.001986,-0.002127,-0.000001,0.000000,-0.000000
2025-12-16 18:00:26.670,0.000395,-0.002012,-0.002146,-0.000001,0.000000,-0.000000
2025-12-16 18:00:26.671,0.000409,-0.002041,-0.002169,-0.000001,0.000000,-0.000000
2025-12-16 18:00:26.672,0.000422,-0.002067,-0.002189,-0.000001,0.000000,-0.000000
2025-12-16 18:00:26.674,0.000455,-0.002121,-0.002231,-0.000001,0.000001,-0.000000
2025-12-16 18:00:26.675,0.000473,-0.002151,-0.002250,-0.000001,0.000001,-0.000000
2025-12-16 18:00:26.676,0.000487,-0.002176,-0.002273,-0.000001,0.000001,-0.000000
2025-12-16 18:00:26.677,0.000501,-0.002198,-0.002297,-0.000001,0.000000,-0.000000
2025-12-16 18:00:26.678,0.000513,-0.002223,-0.002318,-0.000001,0.000001,-0.000000
2025-12-16 18:00:26.679,0.000525,-0.002247,-0.002338,-0.000001,0.000000,-0.000001
2025-12-16 18:00:26.680,0.000539,-0.002271,-0.002356,-0.000001,0.000001,-0.000001
2025-12-16 18:00:26.681,0.000555,-0.002299,-0.002374,-0.000001,0.000001,-0.000001
2025-12-16 18:00:26.682,0.000573,-0.002329,-0.002393,-0.000001,0.000001,-0.000001
2025-12-16 18:00:26.684,0.000614,-0.002386,-0.002425,-0.000001,0.000001,-0.000001
2025-12-16 18:00:26.685,0.000635,-0.002417,-0.002443,-0.000001,0.000000,-0.000001
2025-12-16 18:00:26.686,0.000660,-0.002450,-0.002463,-0.000001,0.000001,-0.000001
2025-12-16 18:00:26.687,0.000686,-0.002481,-0.002485,-0.000001,0.000000,-0.000001
2025-12-16 18:00:26.688,0.000710,-0.002510,-0.002500,-0.000001,0.000000,-0.000001
2025-12-16 18:00:26.689,0.000732,-0.002534,-0.002517,-0.000001,0.000000,-0.000001
2025-12-16 18:00:26.690,0.000757,-0.002557,-0.002536,-0.000001,0.000000,-0.000001
2025-12-16 18:00:26.691,0.000779,-0.002577,-0.002553,-0.000001,0.000000,-0.000001
2025-12-16 18:00:26.692,0.000806,-0.002602,-0.002570,-0.000001,0.000001,-0.000001
2025-12-16 18:00:26.694,0.000855,-0.002641,-0.002596,-0.000001,0.000000,-0.000001
2025-12-16 18:00:26.695,0.000876,-0.002656,-0.002612,-0.000001,0.000000,-0.000001
2025-12-16 18:00:26.696,0.000902,-0.002674,-0.002624,-0.000001,0.000000,-0.000001
2025-12-16 18:00:26.697,0.000928,-0.002693,-0.002634,-0.000001,0.000000,-0.000001
2025-12-16 18:00:26.698,0.000955,-0.002705,-0.002645,-0.000001,0.000000,-0.000001
2025-12-16 18:00:26.699,0.000982,-0.002717,-0.002657,-0.000001,0.000000,-0.000001
2025-12-16 18:00:26.700,0.001009,-0.002729,-0.002670,-0.000001,0.000000,-0.000001
2025-12-16 18:00:26.701,0.001036,-0.002736,-0.002683,-0.000001,0.000000,-0.000001
2025-12-16 18:00:26.702,0.001064,-0.002747,-0.002694,-0.000001,0.000000,-0.000001
2025-12-16 18:00:26.703,0.001097,-0.002756,-0.002700,-0.000001,0.000000,-0.000001
2025-12-16 18:00:26.704,0.001129,-0.002762,-0.002707,-0.000001,0.000000,-0.000001
2025-12-16 18:00:26.706,0.001161,-0.002766,-0.002713,-0.000001,0.000000,-0.000001
2025-12-16 18:00:26.707,0.001217,-0.002772,-0.002722,-0.000001,0.000000,-0.000001
2025-12-16 18:00:26.708,0.001249,-0.002774,-0.002728,-0.000001,0.000000,-0.000001
2025-12-16 18:00:26.709,0.001282,-0.002771,-0.002737,-0.000001,0.000000,-0.000001
2025-12-16 18:00:26.710,0.001311,-0.002768,-0.002745,-0.000001,0.000000,-0.000001
2025-12-16 18:00:26.711,0.001345,-0.002765,-0.002751,-0.000001,0.000000,-0.000001
2025-12-16 18:00:26.712,0.001378,-0.002757,-0.002754,-0.000001,0.000000,-0.000001
2025-12-16 18:00:26.713,0.001412,-0.002755,-0.002761,-0.000001,0.000000,-0.000001
2025-12-16 18:00:26.714,0.001444,-0.002752,-0.002765,-0.000001,0.000000,-0.000001
2025-12-16 18:00:26.715,0.001483,-0.002751,-0.002766,-0.000001,0.000000,-0.000001
2025-12-16 18:00:26.716,0.001521,-0.002743,-0.002771,-0.000001,0.000000,-0.000001
2025-12-16 18:00:26.718,0.001605,-0.002733,-0.002784,-0.000001,0.000000,-0.000001
2025-12-16 18:00:26.719,0.001648,-0.002732,-0.002789,-0.000001,0.000000,-0.000001
2025-12-16 18:00:26.720,0.001691,-0.002732,-0.002792,-0.000001,0.000000,-0.000001
2025-12-16 18:00:26.721,0.001734,-0.002727,-0.002792,-0.000001,0.000000,-0.000001
2025-12-16 18:00:26.722,0.001775,-0.002717,-0.002793,-0.000001,0.000000,-0.000001
2025-12-16 18:00:26.723,0.001812,-0.002710,-0.002798,-0.000001,0.000000,-0.000001
2025-12-16 18:00:26.724,0.001855,-0.002707,-0.002801,-0.000001,0.000000,-0.000001
2025-12-16 18:00:26.725,0.001898,-0.002701,-0.002806,-0.000001,0.000000,-0.000001
2025-12-16 18:00:26.726,0.001941,-0.002697,-0.002809,-0.000001,0.000000,-0.000001
2025-12-16 18:00:26.727,0.002032,-0.002699,-0.002818,-0.000001,0.000000,-0.000001
2025-12-16 18:00:26.729,0.002081,-0.002705,-0.002823,-0.000001,0.000000,-0.000001
2025-12-16 18:00:26.730,0.002130,-0.002712,-0.002828,-0.000001,0.000000,-0.000001
2025-12-16 18:00:26.731,0.002175,-0.002721,-0.002833,-0.000001,0.000000,-0.000001
2025-12-16 18:00:26.732,0.002221,-0.002733,-0.002841,-0.000001,0.000000,-0.000001
2025-12-16 18:00:26.733,0.002265,-0.002741,-0.002850,-0.000001,0.000000,-0.000001
2025-12-16 18:00:26.734,0.002315,-0.002753,-0.002862,-0.000001,0.000000,-0.000001
2025-12-16 18:00:26.735,0.002364,-0.002766,-0.002877,-0.000001,0.000000,-0.000001
2025-12-16 18:00:26.737,0.002453,-0.002793,-0.002902,-0.000001,0.000000,-0.000001
2025-12-16 18:00:26.738,0.002495,-0.002811,-0.002918,-0.000001,0.000000,-0.000001
2025-12-16 18:00:26.739,0.002532,-0.002826,-0.002937,-0.000001,0.000000,-0.000001
2025-12-16 18:00:26.740,0.002571,-0.002841,-0.002957,-0.000001,0.000000,-0.000001
2025-12-16 18:00:26.741,0.002612,-0.002867,-0.002980,-0.000001,0.000000,-0.000001
2025-12-16 18:00:26.742,0.002649,-0.002890,-0.003005,-0.000001,0.000000,-0.000001
2025-12-16 18:00:26.743,0.002687,-0.002916,-0.003032,-0.000001,0.000000,-0.000001
2025-12-16 18:00:26.745,0.002754,-0.002964,-0.003092,-0.000001,0.000000,-0.000001
2025-12-16 18:00:26.746,0.002790,-0.002996,-0.003124,-0.000001,0.000000,-0.000001
2025-12-16 18:00:26.747,0.002819,-0.003028,-0.003163,-0.000001,0.000000,-0.000001
2025-12-16 18:00:26.748,0.002844,-0.003058,-0.003201,-0.000001,0.000000,-0.000001
2025-12-16 18:00:26.749,0.002868,-0.003091,-0.003241,-0.000001,0.000000,-0.000001
2025-12-16 18:00:26.751,0.002919,-0.003165,-0.003339,-0.000001,0.000000,-0.000001
2025-12-16 18:00:26.753,0.002961,-0.003229,-0.003435,-0.000001,0.000000,-0.000001
2025-12-16 18:00:26.754,0.002984,-0.003265,-0.003484,-0.000001,0.000000,-0.000001
2025-12-16 18:00:26.755,0.003004,-0.003297,-0.003528,-0.000001,0.000000,-0.000001
2025-12-16 18:00:26.758,0.003031,-0.003363,-0.003620,-0.000001,0.000000,-0.000002
2025-12-16 18:00:26.759,0.003061,-0.003428,-0.003713,-0.000001,0.000000,-0.000002
2025-12-16 18:00:26.760,0.003075,-0.003459,-0.003762,-0.000001,0.000000,-0.000002
2025-12-16 18:00:26.761,0.003084,-0.003486,-0.003812,-0.000001,0.000000,-0.000002
2025-12-16 18:00:26.765,0.003150,-0.003620,-0.004028,-0.000002,0.000000,-0.000002
2025-12-16 18:00:26.766,0.003160,-0.003652,-0.004083,-0.000002,0.000000,-0.000002
2025-12-16 18:00:26.767,0.003174,-0.003684,-0.004136,-0.000002,0.000000,-0.000002
2025-12-16 18:00:26.769,0.003204,-0.003736,-0.004248,-0.000002,0.000000,-0.000002
2025-12-16 18:00:26.770,0.003221,-0.003760,-0.004301,-0.000002,0.000000,-0.000002
2025-12-16 18:00:26.771,0.003239,-0.003789,-0.004358,-0.000002,0.000000,-0.000002
2025-12-16 18:00:26.772,0.003255,-0.003817,-0.004414,-0.000002,0.000000,-0.000002
2025-12-16 18:00:26.773,0.003273,-0.003841,-0.004470,-0.000002,0.000000,-0.000002
2025-12-16 18:00:26.774,0.003296,-0.003867,-0.004522,-0.000002,0.000000,-0.000002
2025-12-16 18:00:26.775,0.003313,-0.003888,-0.004578,-0.000002,0.000000,-0.000002
2025-12-16 18:00:26.777,0.003363,-0.003932,-0.004694,-0.000002,0.000000,-0.000002
2025-12-16 18:00:26.778,0.003392,-0.003950,-0.004750,-0.000002,0.000000,-0.000002
2025-12-16 18:00:26.779,0.003421,-0.003968,-0.004809,-0.000002,0.000000,-0.000002
2025-12-16 18:00:26.781,0.003474,-0.003995,-0.004936,-0.000002,0.000000,-0.000002
2025-12-16 18:00:26.782,0.003498,-0.004004,-0.004994,-0.000002,0.000000,-0.000002
2025-12-16 18:00:26.783,0.003527,-0.004010,-0.005054,-0.000002,0.000000,-0.000002
2025-12-16 18:00:26.785,0.003602,-0.004033,-0.005179,-0.000002,0.000000,-0.000002
2025-12-16 18:00:26.786,0.003640,-0.004041,-0.005240,-0.000002,0.000000,-0.000002
2025-12-16 18:00:26.787,0.003674,-0.004042,-0.005301,-0.000002,0.000000,-0.000002
2025-12-16 18:00:26.788,0.003708,-0.004044,-0.005361,-0.000002,0.000000,-0.000002
2025-12-16 18:00:26.789,0.003746,-0.004049,-0.005420,-0.000002,0.000000,-0.000002
2025-12-16 18:00:26.790,0.003784,-0.004052,-0.005481,-0.000002,0.000000,-0.000002
2025-12-16 18:00:26.792,0.003864,-0.004050,-0.005598,-0.000003,0.000000,-0.000002
2025-12-16 18:00:26.793,0.003902,-0.004048,-0.005664,-0.000003,0.000000,-0.000002
2025-12-16 18:00:26.794,0.003935,-0.004042,-0.005732,-0.000003,0.000000,-0.000002
2025-12-16 18:00:26.795,0.003973,-0.004034,-0.005800,-0.000003,0.000000,-0.000002
2025-12-16 18:00:26.796,0.004006,-0.004021,-0.005865,-0.000003,0.000000,-0.000002
2025-12-16 18:00:26.797,0.004037,-0.004006,-0.005929,-0.000003,0.000001,-0.000002
2025-12-16 18:00:26.799,0.004095,-0.003974,-0.006056,-0.000003,0.000000,-0.000002
2025-12-16 18:00:26.800,0.004127,-0.003959,-0.006114,-0.000003,0.000001,-0.000002
2025-12-16 18:00:26.801,0.004157,-0.003937,-0.006177,-0.000003,0.000001,-0.000002
2025-12-16 18:00:26.802,0.004186,-0.003917,-0.006239,-0.000003,0.000001,-0.000002
2025-12-16 18:00:26.803,0.004207,-0.003894,-0.006304,-0.000003,0.000001,-0.000002
2025-12-16 18:00:26.805,0.004240,-0.003841,-0.006428,-0.000003,0.000001,-0.000002
2025-12-16 18:00:26.806,0.004258,-0.003810,-0.006491,-0.000003,0.000001,-0.000002
2025-12-16 18:00:26.807,0.004274,-0.003778,-0.006552,-0.000003,0.000001,-0.000002
2025-12-16 18:00:26.808,0.004291,-0.003748,-0.006613,-0.000003,0.000001,-0.000002
2025-12-16 18:00:26.809,0.004299,-0.003707,-0.006674,-0.000003,0.000001,-0.000002
2025-12-16 18:00:26.810,0.004304,-0.003668,-0.006740,-0.000003,0.000001,-0.000002
2025-12-16 18:00:26.812,0.004310,-0.003630,-0.006809,-0.000003,0.000001,-0.000002
2025-12-16 18:00:26.813,0.004321,-0.003549,-0.006948,-0.000003,0.000001,-0.000002
2025-12-16 18:00:26.814,0.004325,-0.003504,-0.007019,-0.000003,0.000001,-0.000002
2025-12-16 18:00:26.815,0.004325,-0.003460,-0.007090,-0.000003,0.000001,-0.000002
2025-12-16 18:00:26.816,0.004327,-0.003418,-0.007163,-0.000003,0.000001,-0.000002
2025-12-16 18:00:26.817,0.004323,-0.003371,-0.007241,-0.000003,0.000001,-0.000002
2025-12-16 18:00:26.819,0.004315,-0.003275,-0.007402,-0.000003,0.000001,-0.000002
2025-12-16 18:00:26.820,0.004307,-0.003227,-0.007490,-0.000003,0.000001,-0.000002
2025-12-16 18:00:26.821,0.004303,-0.003184,-0.007572,-0.000003,0.000001,-0.000002
2025-12-16 18:00:26.822,0.004294,-0.003139,-0.007654,-0.000003,0.000001,-0.000002
2025-12-16 18:00:26.823,0.004288,-0.003094,-0.007736,-0.000003,0.000001,-0.000002
2025-12-16 18:00:26.825,0.004283,-0.003047,-0.007823,-0.000003,0.000001,-0.000002
2025-12-16 18:00:26.826,0.004258,-0.002950,-0.007999,-0.000003,0.000001,-0.000002
2025-12-16 18:00:26.827,0.004247,-0.002906,-0.008090,-0.000003,0.000001,-0.000002
2025-12-16 18:00:26.828,0.004231,-0.002862,-0.008186,-0.000003,0.000001,-0.000002
2025-12-16 18:00:26.829,0.004216,-0.002825,-0.008283,-0.000003,0.000001,-0.000002
2025-12-16 18:00:26.830,0.004200,-0.002784,-0.008381,-0.000003,0.000001,-0.000002
2025-12-16 18:00:26.831,0.004185,-0.002744,-0.008480,-0.000003,0.000001,-0.000001
2025-12-16 18:00:26.832,0.004164,-0.002703,-0.008577,-0.000004,0.000002,-0.000001
2025-12-16 18:00:26.834,0.004118,-0.002620,-0.008758,-0.000004,0.000002,-0.000001
2025-12-16 18:00:26.835,0.004094,-0.002581,-0.008845,-0.000004,0.000002,-0.000001
2025-12-16 18:00:26.836,0.004072,-0.002547,-0.008938,-0.000004,0.000002,-0.000001
2025-12-16 18:00:26.837,0.004051,-0.002516,-0.009028,-0.000004,0.000002,-0.000001
2025-12-16 18:00:26.838,0.004024,-0.002484,-0.009117,-0.000004,0.000002,-0.000001
2025-12-16 18:00:26.839,0.003996,-0.002449,-0.009206,-0.000004,0.000002,-0.000001
2025-12-16 18:00:26.840,0.003967,-0.002412,-0.009293,-0.000004,0.000002,-0.000001
2025-12-16 18:00:26.842,0.003901,-0.002346,-0.009471,-0.000004,0.000002,-0.000001
2025-12-16 18:00:26.843,0.003867,-0.002317,-0.009559,-0.000004,0.000002,-0.000001
2025-12-16 18:00:26.844,0.003830,-0.002289,-0.009644,-0.000004,0.000002,-0.000001
2025-12-16 18:00:26.845,0.003793,-0.002259,-0.009728,-0.000004,0.000002,-0.000001
2025-12-16 18:00:26.846,0.003754,-0.002229,-0.009809,-0.000004,0.000002,-0.000001
2025-12-16 18:00:26.848,0.003708,-0.002198,-0.009894,-0.000004,0.000002,-0.000001
2025-12-16 18:00:26.849,0.003614,-0.002140,-0.010051,-0.000004,0.000002,-0.000001
2025-12-16 18:00:26.850,0.003564,-0.002110,-0.010127,-0.000004,0.000002,-0.000001
2025-12-16 18:00:26.851,0.003513,-0.002081,-0.010203,-0.000004,0.000002,-0.000001
2025-12-16 18:00:26.852,0.003458,-0.002050,-0.010275,-0.000004,0.000002,-0.000001
2025-12-16 18:00:26.853,0.003399,-0.002022,-0.010349,-0.000004,0.000003,-0.000001
2025-12-16 18:00:26.854,0.003338,-0.001992,-0.010426,-0.000004,0.000003,-0.000001
2025-12-16 18:00:26.855,0.003273,-0.001959,-0.010501,-0.000004,0.000003,-0.000001
2025-12-16 18:00:26.856,0.003205,-0.001930,-0.010573,-0.000004,0.000003,-0.000001
2025-12-16 18:00:26.858,0.003065,-0.001873,-0.010717,-0.000004,0.000003,-0.000001
2025-12-16 18:00:26.859,0.002995,-0.001848,-0.010789,-0.000004,0.000003,-0.000001
2025-12-16 18:00:26.860,0.002923,-0.001823,-0.010860,-0.000004,0.000003,-0.000001
2025-12-16 18:00:26.861,0.002848,-0.001792,-0.010932,-0.000004,0.000003,-0.000001
2025-12-16 18:00:26.863,0.002691,-0.001740,-0.011070,-0.000004,0.000003,-0.000001
2025-12-16 18:00:26.864,0.002611,-0.001714,-0.011137,-0.000004,0.000003,-0.000001
2025-12-16 18:00:26.865,0.002526,-0.001691,-0.011206,-0.000004,0.000003,-0.000001
2025-12-16 18:00:26.866,0.002446,-0.001668,-0.011277,-0.000004,0.000003,-0.000001
2025-12-16 18:00:26.867,0.002368,-0.001647,-0.011344,-0.000005,0.000003,-0.000001
2025-12-16 18:00:26.868,0.002288,-0.001621,-0.011413,-0.000005,0.000003,-0.000001
2025-12-16 18:00:26.869,0.002207,-0.001597,-0.011482,-0.000005,0.000003,-0.000001
2025-12-16 18:00:26.870,0.002123,-0.001574,-0.011552,-0.000005,0.000003,-0.000001
2025-12-16 18:00:26.871,0.002039,-0.001554,-0.011620,-0.000005,0.000003,-0.000001
2025-12-16 18:00:26.872,0.001957,-0.001537,-0.011692,-0.000005,0.000003,-0.000001
2025-12-16 18:00:26.874,0.001791,-0.001503,-0.011840,-0.000005,0.000004,-0.000001
2025-12-16 18:00:26.875,0.001711,-0.001492,-0.011914,-0.000005,0.000004,-0.000000
2025-12-16 18:00:26.876,0.001635,-0.001478,-0.011981,-0.000005,0.000004,-0.000000
2025-12-16 18:00:26.877,0.001559,-0.001466,-0.012048,-0.000005,0.000004,-0.000000
2025-12-16 18:00:26.878,0.001485,-0.001454,-0.012115,-0.000005,0.000004,-0.000000
2025-12-16 18:00:26.879,0.001411,-0.001443,-0.012182,-0.000005,0.000004,-0.000000
2025-12-16 18:00:26.880,0.001338,-0.001433,-0.012252,-0.000005,0.000004,-0.000000
2025-12-16 18:00:26.881,0.001268,-0.001428,-0.012325,-0.000005,0.000004,-0.000000
2025-12-16 18:00:26.883,0.001198,-0.001418,-0.012396,-0.000005,0.000004,-0.000000
2025-12-16 18:00:26.884,0.001075,-0.001412,-0.012532,-0.000005,0.000004,-0.000000
2025-12-16 18:00:26.885,0.001020,-0.001419,-0.012603,-0.000006,0.000004,-0.000000
2025-12-16 18:00:26.886,0.000960,-0.001423,-0.012675,-0.000006,0.000004,-0.000000
2025-12-16 18:00:26.887,0.000899,-0.001429,-0.012748,-0.000006,0.000004,-0.000000
2025-12-16 18:00:26.888,0.000843,-0.001439,-0.012817,-0.000006,0.000004,-0.000000
2025-12-16 18:00:26.889,0.000791,-0.001454,-0.012888,-0.000006,0.000004,-0.000000
2025-12-16 18:00:26.890,0.000743,-0.001469,-0.012957,-0.000006,0.000004,-0.000000
2025-12-16 18:00:26.892,0.000657,-0.001508,-0.013099,-0.000006,0.000005,-0.000000
2025-12-16 18:00:26.893,0.000622,-0.001534,-0.013165,-0.000006,0.000005,0.000000
2025-12-16 18:00:26.894,0.000584,-0.001556,-0.013234,-0.000007,0.000005,0.000000
2025-12-16 18:00:26.895,0.000548,-0.001583,-0.013306,-0.000007,0.000005,0.000000
2025-12-16 18:00:26.896,0.000517,-0.001615,-0.013376,-0.000007,0.000005,0.000000
2025-12-16 18:00:26.897,0.000490,-0.001647,-0.013447,-0.000007,0.000005,0.000000
2025-12-16 18:00:26.898,0.000467,-0.001681,-0.013515,-0.000007,0.000005,0.000000
2025-12-16 18:00:26.899,0.000444,-0.001716,-0.013587,-0.000007,0.000005,0.000001
2025-12-16 18:00:26.900,0.000426,-0.001757,-0.013655,-0.000007,0.000005,0.000001
2025-12-16 18:00:26.901,0.000410,-0.001801,-0.013721,-0.000007,0.000005,0.000001
2025-12-16 18:00:26.903,0.000384,-0.001892,-0.013866,-0.000008,0.000005,0.000001
2025-12-16 18:00:26.904,0.000369,-0.001932,-0.013936,-0.000007,0.000005,0.000001
2025-12-16 18:00:26.905,0.000355,-0.001970,-0.014007,-0.000007,0.000005,0.000000
2025-12-16 18:00:26.906,0.000343,-0.002016,-0.014078,-0.000007,0.000005,0.000000
2025-12-16 18:00:26.907,0.000333,-0.002058,-0.014145,-0.000007,0.000005,0.000000
2025-12-16 18:00:26.908,0.000324,-0.002100,-0.014219,-0.000007,0.000005,-0.000000
2025-12-16 18:00:26.909,0.000310,-0.002136,-0.014292,-0.000007,0.000005,-0.000000
2025-12-16 18:00:26.910,0.000300,-0.002175,-0.014365,-0.000007,0.000005,-0.000000
2025-12-16 18:00:26.912,0.000287,-0.002212,-0.014433,-0.000007,0.000005,-0.000000
2025-12-16 18:00:26.913,0.000264,-0.002286,-0.014577,-0.000007,0.000005,-0.000000
2025-12-16 18:00:26.914,0.000251,-0.002325,-0.014650,-0.000007,0.000005,-0.000000
2025-12-16 18:00:26.915,0.000234,-0.002351,-0.014720,-0.000007,0.000005,-0.000000
2025-12-16 18:00:26.916,0.000213,-0.002381,-0.014793,-0.000007,0.000005,-0.000000
2025-12-16 18:00:26.917,0.000189,-0.002406,-0.014861,-0.000007,0.000005,-0.000000
2025-12-16 18:00:26.918,0.000166,-0.002428,-0.014929,-0.000008,0.000005,-0.000000
2025-12-16 18:00:26.919,0.000137,-0.002448,-0.014998,-0.000008,0.000005,-0.000000
2025-12-16 18:00:26.920,0.000111,-0.002465,-0.015066,-0.000008,0.000005,-0.000000
2025-12-16 18:00:26.922,0.000087,-0.002482,-0.015133,-0.000008,0.000005,-0.000000
2025-12-16 18:00:26.923,0.000040,-0.002506,-0.015254,-0.000008,0.000005,-0.000000
2025-12-16 18:00:26.924,0.000016,-0.002520,-0.015313,-0.000008,0.000005,-0.000000
2025-12-16 18:00:26.925,-0.000007,-0.002530,-0.015368,-0.000008,0.000005,-0.000000
2025-12-16 18:00:26.926,-0.000027,-0.002538,-0.015422,-0.000008,0.000006,-0.000000
2025-12-16 18:00:26.927,-0.000046,-0.002554,-0.015479,-0.000008,0.000006,0.000000
2025-12-16 18:00:26.929,-0.000089,-0.002577,-0.015581,-0.000008,0.000006,0.000000
2025-12-16 18:00:26.930,-0.000109,-0.002586,-0.015627,-0.000008,0.000006,0.000000
2025-12-16 18:00:26.931,-0.000121,-0.002596,-0.015675,-0.000008,0.000006,0.000000
2025-12-16 18:00:26.932,-0.000132,-0.002607,-0.015720,-0.000008,0.000006,0.000000
2025-12-16 18:00:26.933,-0.000140,-0.002624,-0.015766,-0.000008,0.000006,0.000000
2025-12-16 18:00:26.935,-0.000155,-0.002655,-0.015848,-0.000009,0.000006,0.000000
2025-12-16 18:00:26.936,-0.000157,-0.002673,-0.015886,-0.000008,0.000006,-0.000000
2025-12-16 18:00:26.937,-0.000153,-0.002701,-0.015928,-0.000009,0.000006,-0.000000
2025-12-16 18:00:26.938,-0.000149,-0.002724,-0.015966,-0.000009,0.000006,-0.000000
2025-12-16 18:00:26.939,-0.000142,-0.002751,-0.016001,-0.000009,0.000006,-0.000000
2025-12-16 18:00:26.940,-0.000136,-0.002776,-0.016037,-0.000009,0.000006,-0.000000
2025-12-16 18:00:26.942,-0.000126,-0.002799,-0.016071,-0.000009,0.000006,-0.000000
2025-12-16 18:00:26.943,-0.000107,-0.002861,-0.016141,-0.000009,0.000006,-0.000000
2025-12-16 18:00:26.944,-0.000097,-0.002894,-0.016177,-0.000009,0.000006,-0.000000
2025-12-16 18:00:26.945,-0.000088,-0.002927,-0.016213,-0.000009,0.000006,0.000000
2025-12-16 18:00:26.946,-0.000078,-0.002960,-0.016250,-0.000009,0.000006,0.000000
2025-12-16 18:00:26.947,-0.000066,-0.002990,-0.016284,-0.000009,0.000006,0.000000
2025-12-16 18:00:26.949,-0.000034,-0.003068,-0.016359,-0.000009,0.000006,-0.000000
2025-12-16 18:00:26.950,-0.000017,-0.003112,-0.016396,-0.000009,0.000006,-0.000000
2025-12-16 18:00:26.951,-0.000008,-0.003154,-0.016432,-0.000009,0.000006,-0.000000
2025-12-16 18:00:26.952,0.000001,-0.003199,-0.016474,-0.000009,0.000006,-0.000000
2025-12-16 18:00:26.953,0.000008,-0.003238,-0.016512,-0.000009,0.000006,-0.000000
2025-12-16 18:00:26.955,0.000016,-0.003312,-0.016592,-0.000009,0.000006,-0.000000
2025-12-16 18:00:26.956,0.000015,-0.003346,-0.016633,-0.000009,0.000006,-0.000000
2025-12-16 18:00:26.957,0.000019,-0.003386,-0.016673,-0.000009,0.000006,-0.000000
2025-12-16 18:00:26.958,0.000019,-0.003426,-0.016714,-0.000009,0.000006,-0.000000
2025-12-16 18:00:26.959,0.000012,-0.003460,-0.016757,-0.000009,0.000006,-0.000000
2025-12-16 18:00:26.960,0.000007,-0.003495,-0.016798,-0.000009,0.000006,-0.000000
2025-12-16 18:00:26.962,-0.000014,-0.003563,-0.016894,-0.000009,0.000006,-0.000000
2025-12-16 18:00:26.963,-0.000026,-0.003596,-0.016942,-0.000009,0.000006,-0.000000
2025-12-16 18:00:26.964,-0.000039,-0.003622,-0.016989,-0.000009,0.000006,-0.000000
2025-12-16 18:00:26.965,-0.000050,-0.003653,-0.017035,-0.000009,0.000006,-0.000000
2025-12-16 18:00:26.966,-0.000065,-0.003681,-0.017083,-0.000009,0.000006,-0.000000
2025-12-16 18:00:26.967,-0.000086,-0.003703,-0.017133,-0.000009,0.000006,-0.000000
2025-12-16 18:00:26.968,-0.000105,-0.003720,-0.017176,-0.000009,0.000006,-0.000000
2025-12-16 18:00:26.970,-0.000144,-0.003747,-0.017269,-0.000010,0.000006,-0.000000
2025-12-16 18:00:26.971,-0.000167,-0.003755,-0.017317,-0.000010,0.000006,-0.000000
2025-12-16 18:00:26.972,-0.000185,-0.003764,-0.017363,-0.000010,0.000006,-0.000000
2025-12-16 18:00:26.974,-0.000220,-0.003789,-0.017453,-0.000010,0.000006,-0.000000
2025-12-16 18:00:26.975,-0.000240,-0.003796,-0.017504,-0.000010,0.000006,-0.000000
2025-12-16 18:00:26.976,-0.000255,-0.003802,-0.017551,-0.000010,0.000006,-0.000000
2025-12-16 18:00:26.977,-0.000274,-0.003798,-0.017595,-0.000010,0.000006,-0.000000
2025-12-16 18:00:26.979,-0.000304,-0.003787,-0.017681,-0.000010,0.000006,-0.000000
2025-12-16 18:00:26.980,-0.000310,-0.003786,-0.017722,-0.000010,0.000006,-0.000000
2025-12-16 18:00:26.981,-0.000316,-0.003781,-0.017760,-0.000010,0.000006,-0.000000
2025-12-16 18:00:26.982,-0.000320,-0.003776,-0.017799,-0.000011,0.000006,-0.000000
2025-12-16 18:00:26.984,-0.000320,-0.003764,-0.017837,-0.000010,0.000006,-0.000000
2025-12-16 18:00:26.985,-0.000315,-0.003743,-0.017912,-0.000010,0.000006,-0.000000
2025-12-16 18:00:26.986,-0.000310,-0.003726,-0.017944,-0.000010,0.000006,-0.000000
2025-12-16 18:00:26.987,-0.000300,-0.003706,-0.017973,-0.000010,0.000006,-0.000000
2025-12-16 18:00:26.988,-0.000288,-0.003682,-0.018002,-0.000010,0.000006,-0.000000
2025-12-16 18:00:26.989,-0.000271,-0.003661,-0.018028,-0.000010,0.000006,-0.000000
2025-12-16 18:00:26.990,-0.000253,-0.003643,-0.018053,-0.000010,0.000006,-0.000000
2025-12-16 18:00:26.992,-0.000207,-0.003607,-0.018105,-0.000010,0.000006,-0.000000
2025-12-16 18:00:26.993,-0.000184,-0.003582,-0.018128,-0.000010,0.000006,-0.000000
2025-12-16 18:00:26.994,-0.000163,-0.003552,-0.018144,-0.000010,0.000006,-0.000000
2025-12-16 18:00:26.995,-0.000137,-0.003524,-0.018160,-0.000011,0.000006,-0.000000
2025-12-16 18:00:26.996,-0.000111,-0.003488,-0.018172,-0.000010,0.000006,-0.000000
2025-12-16 18:00:26.997,-0.000079,-0.003458,-0.018184,-0.000011,0.000006,-0.000000
2025-12-16 18:00:26.999,-0.000012,-0.003388,-0.018192,-0.000010,0.000006,-0.000000
2025-12-16 18:00:27.000,0.000024,-0.003347,-0.018194,-0.000011,0.000006,-0.000000
2025-12-16 18:00:27.001,0.000061,-0.003307,-0.018187,-0.000011,0.000006,-0.000001
2025-12-16 18:00:27.002,0.000098,-0.003263,-0.018181,-0.000011,0.000006,-0.000000
2025-12-16 18:00:27.003,0.000136,-0.003225,-0.018174,-0.000011,0.000006,-0.000000
2025-12-16 18:00:27.005,0.000212,-0.003137,-0.018152,-0.000011,0.000006,-0.000000
2025-12-16 18:00:27.006,0.000254,-0.003095,-0.018138,-0.000011,0.000006,-0.000000
2025-12-16 18:00:27.007,0.000295,-0.003056,-0.018120,-0.000011,0.000006,-0.000000
2025-12-16 18:00:27.008,0.000337,-0.003017,-0.018102,-0.000011,0.000006,-0.000000
2025-12-16 18:00:27.009,0.000377,-0.002976,-0.018083,-0.000011,0.000006,-0.000000
2025-12-16 18:00:27.010,0.000417,-0.002934,-0.018066,-0.000010,0.000006,-0.000000
2025-12-16 18:00:27.012,0.000486,-0.002836,-0.018022,-0.000010,0.000006,-0.000000
2025-12-16 18:00:27.013,0.000522,-0.002789,-0.018003,-0.000011,0.000006,-0.000000
2025-12-16 18:00:27.014,0.000561,-0.002748,-0.017985,-0.000011,0.000006,-0.000000
2025-12-16 18:00:27.015,0.000599,-0.002706,-0.017967,-0.000011,0.000006,-0.000000
2025-12-16 18:00:27.016,0.000635,-0.002674,-0.017954,-0.000010,0.000006,-0.000000
2025-12-16 18:00:27.017,0.000668,-0.002641,-0.017941,-0.000010,0.000006,-0.000000
2025-12-16 18:00:27.018,0.000702,-0.002607,-0.017937,-0.000010,0.000006,-0.000000
2025-12-16 18:00:27.020,0.000734,-0.002576,-0.017934,-0.000010,0.000006,-0.000000
2025-12-16 18:00:27.021,0.000784,-0.002505,-0.017936,-0.000010,0.000006,-0.000000
2025-12-16 18:00:27.022,0.000810,-0.002474,-0.017938,-0.000010,0.000006,-0.000000
2025-12-16 18:00:27.023,0.000833,-0.002440,-0.017943,-0.000010,0.000006,-0.000000
2025-12-16 18:00:27.024,0.000856,-0.002417,-0.017955,-0.000010,0.000006,-0.000000
2025-12-16 18:00:27.025,0.000879,-0.002394,-0.017973,-0.000010,0.000006,-0.000000
2025-12-16 18:00:27.026,0.000899,-0.002374,-0.017991,-0.000010,0.000006,-0.000000
2025-12-16 18:00:27.028,0.000936,-0.002342,-0.018048,-0.000010,0.000006,-0.000000
2025-12-16 18:00:27.029,0.000952,-0.002328,-0.018081,-0.000010,0.000006,-0.000000
2025-12-16 18:00:27.030,0.000968,-0.002317,-0.018117,-0.000010,0.000006,-0.000000
2025-12-16 18:00:27.031,0.000985,-0.002311,-0.018158,-0.000011,0.000006,-0.000000
2025-12-16 18:00:27.032,0.001001,-0.002306,-0.018200,-0.000010,0.000006,-0.000000
2025-12-16 18:00:27.033,0.001020,-0.002306,-0.018247,-0.000011,0.000006,-0.000000
2025-12-16 18:00:27.034,0.001034,-0.002305,-0.018299,-0.000011,0.000006,-0.000000
2025-12-16 18:00:27.035,0.001048,-0.002306,-0.018356,-0.000011,0.000006,-0.000000
2025-12-16 18:00:27.036,0.001061,-0.002302,-0.018414,-0.000011,0.000007,-0.000000
2025-12-16 18:00:27.038,0.001085,-0.002310,-0.018538,-0.000011,0.000006,-0.000000
2025-12-16 18:00:27.039,0.001092,-0.002315,-0.018600,-0.000011,0.000006,-0.000001
2025-12-16 18:00:27.040,0.001101,-0.002327,-0.018664,-0.000011,0.000006,-0.000001
2025-12-16 18:00:27.041,0.001112,-0.002344,-0.018730,-0.000011,0.000006,-0.000001
2025-12-16 18:00:27.042,0.001118,-0.002359,-0.018801,-0.000011,0.000007,-0.000000
2025-12-16 18:00:27.043,0.001124,-0.002380,-0.018874,-0.000011,0.000007,-0.000000
2025-12-16 18:00:27.045,0.001132,-0.002415,-0.019024,-0.000011,0.000007,-0.000001
2025-12-16 18:00:27.046,0.001137,-0.002437,-0.019103,-0.000011,0.000007,-0.000001
2025-12-16 18:00:27.047,0.001141,-0.002457,-0.019181,-0.000011,0.000007,-0.000001
2025-12-16 18:00:27.048,0.001144,-0.002481,-0.019262,-0.000011,0.000007,-0.000001
2025-12-16 18:00:27.049,0.001145,-0.002503,-0.019341,-0.000011,0.000007,-0.000001
2025-12-16 18:00:27.051,0.001140,-0.002549,-0.019501,-0.000011,0.000007,-0.000001
2025-12-16 18:00:27.052,0.001138,-0.002577,-0.019586,-0.000011,0.000007,-0.000001
2025-12-16 18:00:27.053,0.001131,-0.002602,-0.019668,-0.000011,0.000007,-0.000001
2025-12-16 18:00:27.054,0.001124,-0.002627,-0.019751,-0.000012,0.000007,-0.000001
2025-12-16 18:00:27.055,0.001116,-0.002651,-0.019832,-0.000012,0.000007,-0.000001
2025-12-16 18:00:27.057,0.001115,-0.002679,-0.019910,-0.000012,0.000007,-0.000001
2025-12-16 18:00:27.058,0.001119,-0.002736,-0.020047,-0.000012,0.000007,-0.000001
2025-12-16 18:00:27.059,0.001122,-0.002768,-0.020115,-0.000012,0.000007,-0.000001
2025-12-16 18:00:27.060,0.001124,-0.002800,-0.020185,-0.000012,0.000007,-0.000001
2025-12-16 18:00:27.061,0.001126,-0.002833,-0.020258,-0.000012,0.000007,-0.000001
2025-12-16 18:00:27.063,0.001132,-0.002862,-0.020324,-0.000012,0.000007,-0.000001
2025-12-16 18:00:27.064,0.001150,-0.002913,-0.020445,-0.000012,0.000007,-0.000001
2025-12-16 18:00:27.065,0.001163,-0.002941,-0.020500,-0.000013,0.000007,-0.000001
2025-12-16 18:00:27.066,0.001175,-0.002964,-0.020553,-0.000013,0.000007,-0.000001
2025-12-16 18:00:27.067,0.001190,-0.002991,-0.020606,-0.000012,0.000007,-0.000001
2025-12-16 18:00:27.068,0.001208,-0.003016,-0.020654,-0.000012,0.000007,-0.000001
2025-12-16 18:00:27.069,0.001228,-0.003040,-0.020703,-0.000013,0.000007,-0.000001
2025-12-16 18:00:27.070,0.001253,-0.003065,-0.020750,-0.000013,0.000007,-0.000001
2025-12-16 18:00:27.071,0.001281,-0.003089,-0.020792,-0.000012,0.000007,-0.000001
2025-12-16 18:00:27.072,0.001310,-0.003111,-0.020828,-0.000013,0.000007,-0.000001
2025-12-16 18:00:27.074,0.001342,-0.003134,-0.020862,-0.000012,0.000007,-0.000001
2025-12-16 18:00:27.075,0.001407,-0.003176,-0.020920,-0.000012,0.000007,-0.000001
2025-12-16 18:00:27.076,0.001441,-0.003198,-0.020947,-0.000013,0.000007,-0.000001
2025-12-16 18:00:27.077,0.001473,-0.003210,-0.020969,-0.000012,0.000007,-0.000001
2025-12-16 18:00:27.078,0.001504,-0.003224,-0.020995,-0.000013,0.000007,-0.000001
2025-12-16 18:00:27.079,0.001538,-0.003240,-0.021015,-0.000013,0.000007,-0.000001
2025-12-16 18:00:27.080,0.001572,-0.003257,-0.021032,-0.000013,0.000007,-0.000001
2025-12-16 18:00:27.081,0.001607,-0.003272,-0.021046,-0.000013,0.000007,-0.000001
2025-12-16 18:00:27.082,0.001638,-0.003283,-0.021056,-0.000012,0.000007,-0.000001
2025-12-16 18:00:27.084,0.001693,-0.003299,-0.021071,-0.000012,0.000007,-0.000001
2025-12-16 18:00:27.085,0.001716,-0.003306,-0.021071,-0.000012,0.000007,-0.000001
2025-12-16 18:00:27.086,0.001744,-0.003314,-0.021072,-0.000012,0.000007,-0.000001
2025-12-16 18:00:27.087,0.001771,-0.003322,-0.021072,-0.000012,0.000007,-0.000001
2025-12-16 18:00:27.088,0.001797,-0.003330,-0.021068,-0.000012,0.000007,-0.000001
2025-12-16 18:00:27.089,0.001819,-0.003335,-0.021062,-0.000012,0.000007,-0.000001
2025-12-16 18:00:27.090,0.001840,-0.003337,-0.021053,-0.000012,0.000007,-0.000001
2025-12-16 18:00:27.092,0.001855,-0.003342,-0.021046,-0.000012,0.000007,-0.000001
2025-12-16 18:00:27.093,0.001884,-0.003350,-0.021017,-0.000012,0.000007,-0.000001
2025-12-16 18:00:27.094,0.001896,-0.003355,-0.021000,-0.000012,0.000007,-0.000001
2025-12-16 18:00:27.095,0.001910,-0.003359,-0.020979,-0.000012,0.000007,-0.000001
2025-12-16 18:00:27.096,0.001916,-0.003363,-0.020960,-0.000012,0.000007,-0.000001
2025-12-16 18:00:27.098,0.001923,-0.003366,-0.020940,-0.000012,0.000007,-0.000001
2025-12-16 18:00:27.099,0.001933,-0.003378,-0.020903,-0.000012,0.000007,-0.000001
2025-12-16 18:00:27.100,0.001938,-0.003388,-0.020883,-0.000012,0.000007,-0.000001
2025-12-16 18:00:27.101,0.001945,-0.003402,-0.020862,-0.000012,0.000007,-0.000001
2025-12-16 18:00:27.102,0.001952,-0.003420,-0.020845,-0.000012,0.000007,-0.000001
2025-12-16 18:00:27.103,0.001962,-0.003443,-0.020824,-0.000012,0.000007,-0.000001
2025-12-16 18:00:27.104,0.001973,-0.003470,-0.020806,-0.000012,0.000007,-0.000001
2025-12-16 18:00:27.106,0.001986,-0.003519,-0.020777,-0.000012,0.000007,-0.000001
2025-12-16 18:00:27.107,0.001990,-0.003545,-0.020762,-0.000012,0.000007,-0.000001
2025-12-16 18:00:27.108,0.001991,-0.003576,-0.020754,-0.000012,0.000007,-0.000001
2025-12-16 18:00:27.109,0.001992,-0.003606,-0.020747,-0.000012,0.000007,-0.000001
2025-12-16 18:00:27.110,0.001991,-0.003644,-0.020743,-0.000012,0.000007,-0.000001
2025-12-16 18:00:27.112,0.001992,-0.003728,-0.020737,-0.000012,0.000007,-0.000001
2025-12-16 18:00:27.113,0.001995,-0.003776,-0.020740,-0.000012,0.000007,-0.000001
2025-12-16 18:00:27.114,0.001999,-0.003829,-0.020750,-0.000012,0.000007,-0.000001
2025-12-16 18:00:27.115,0.002001,-0.003884,-0.020767,-0.000012,0.000006,-0.000001
2025-12-16 18:00:27.116,0.002005,-0.003949,-0.020784,-0.000012,0.000006,-0.000001
2025-12-16 18:00:27.117,0.002004,-0.004019,-0.020807,-0.000012,0.000007,-0.000001
2025-12-16 18:00:27.118,0.002002,-0.004090,-0.020835,-0.000013,0.000007,-0.000001
2025-12-16 18:00:27.119,0.002003,-0.004165,-0.020865,-0.000013,0.000007,-0.000001
2025-12-16 18:00:27.120,0.002001,-0.004239,-0.020904,-0.000012,0.000006,-0.000001
2025-12-16 18:00:27.121,0.002001,-0.004315,-0.020944,-0.000013,0.000006,-0.000001
2025-12-16 18:00:27.123,0.001996,-0.004476,-0.021032,-0.000012,0.000006,-0.000002
2025-12-16 18:00:27.124,0.001988,-0.004558,-0.021080,-0.000012,0.000006,-0.000001
2025-12-16 18:00:27.125,0.001985,-0.004647,-0.021132,-0.000013,0.000006,-0.000002
2025-12-16 18:00:27.126,0.001981,-0.004735,-0.021190,-0.000013,0.000006,-0.000002
2025-12-16 18:00:27.127,0.001981,-0.004828,-0.021251,-0.000013,0.000006,-0.000002
2025-12-16 18:00:27.128,0.001981,-0.004921,-0.021314,-0.000013,0.000006,-0.000002
2025-12-16 18:00:27.129,0.001985,-0.005019,-0.021378,-0.000013,0.000006,-0.000002
2025-12-16 18:00:27.131,0.001991,-0.005120,-0.021445,-0.000013,0.000006,-0.000002
2025-12-16 18:00:27.132,0.001996,-0.005316,-0.021594,-0.000013,0.000006,-0.000002
2025-12-16 18:00:27.133,0.002000,-0.005413,-0.021665,-0.000013,0.000006,-0.000002
2025-12-16 18:00:27.134,0.002003,-0.005511,-0.021740,-0.000013,0.000007,-0.000002
2025-12-16 18:00:27.135,0.002008,-0.005609,-0.021817,-0.000012,0.000006,-0.000002
2025-12-16 18:00:27.136,0.002012,-0.005706,-0.021893,-0.000013,0.000006,-0.000002
2025-12-16 18:00:27.137,0.002019,-0.005800,-0.021966,-0.000013,0.000007,-0.000002
2025-12-16 18:00:27.138,0.002024,-0.005891,-0.022037,-0.000012,0.000006,-0.000002
2025-12-16 18:00:27.139,0.002029,-0.005978,-0.022111,-0.000013,0.000006,-0.000002
2025-12-16 18:00:27.140,0.002034,-0.006068,-0.022183,-0.000013,0.000006,-0.000002
2025-12-16 18:00:27.142,0.002029,-0.006230,-0.022321,-0.000013,0.000007,-0.000002
2025-12-16 18:00:27.143,0.002031,-0.006313,-0.022390,-0.000013,0.000007,-0.000002
2025-12-16 18:00:27.144,0.002035,-0.006394,-0.022456,-0.000013,0.000006,-0.000002
2025-12-16 18:00:27.145,0.002035,-0.006465,-0.022518,-0.000013,0.000006,-0.000002
2025-12-16 18:00:27.147,0.002028,-0.006611,-0.022628,-0.000013,0.000006,-0.000002
2025-12-16 18:00:27.149,0.002020,-0.006678,-0.022674,-0.000013,0.000007,-0.000002
2025-12-16 18:00:27.150,0.002002,-0.006802,-0.022762,-0.000013,0.000006,-0.000002
2025-12-16 18:00:27.151,0.001994,-0.006859,-0.022795,-0.000013,0.000007,-0.000002
2025-12-16 18:00:27.152,0.001985,-0.006914,-0.022826,-0.000013,0.000006,-0.000002
2025-12-16 18:00:27.153,0.001977,-0.006966,-0.022851,-0.000013,0.000006,-0.000002
2025-12-16 18:00:27.155,0.001965,-0.007056,-0.022885,-0.000013,0.000006,-0.000002
2025-12-16 18:00:27.156,0.001960,-0.007099,-0.022900,-0.000013,0.000006,-0.000002
2025-12-16 18:00:27.157,0.001957,-0.007138,-0.022909,-0.000013,0.000006,-0.000002
2025-12-16 18:00:27.159,0.001964,-0.007202,-0.022909,-0.000013,0.000006,-0.000002
2025-12-16 18:00:27.161,0.001988,-0.007267,-0.022890,-0.000013,0.000006,-0.000002
2025-12-16 18:00:27.162,0.002003,-0.007295,-0.022875,-0.000013,0.000006,-0.000002
2025-12-16 18:00:27.163,0.002020,-0.007323,-0.022861,-0.000013,0.000006,-0.000002
2025-12-16 18:00:27.164,0.002040,-0.007349,-0.022844,-0.000013,0.000006,-0.000002
2025-12-16 18:00:27.165,0.002064,-0.007375,-0.022830,-0.000013,0.000006,-0.000002
2025-12-16 18:00:27.168,0.002168,-0.007441,-0.022767,-0.000013,0.000006,-0.000003
2025-12-16 18:00:27.170,0.002263,-0.007489,-0.022710,-0.000013,0.000006,-0.000002
2025-12-16 18:00:27.171,0.002320,-0.007514,-0.022682,-0.000013,0.000006,-0.000002
2025-12-16 18:00:27.173,0.002443,-0.007549,-0.022626,-0.000012,0.000006,-0.000003
2025-12-16 18:00:27.174,0.002507,-0.007569,-0.022595,-0.000012,0.000006,-0.000003
2025-12-16 18:00:27.175,0.002577,-0.007589,-0.022562,-0.000012,0.000006,-0.000003
2025-12-16 18:00:27.176,0.002649,-0.007609,-0.022527,-0.000013,0.000006,-0.000003
2025-12-16 18:00:27.177,0.002726,-0.007629,-0.022492,-0.000013,0.000006,-0.000002
2025-12-16 18:00:27.179,0.002876,-0.007673,-0.022432,-0.000013,0.000006,-0.000002
2025-12-16 18:00:27.180,0.002955,-0.007697,-0.022404,-0.000012,0.000006,-0.000003
2025-12-16 18:00:27.181,0.003034,-0.007720,-0.022383,-0.000013,0.000006,-0.000003
2025-12-16 18:00:27.182,0.003114,-0.007744,-0.022365,-0.000012,0.000006,-0.000003
2025-12-16 18:00:27.183,0.003194,-0.007770,-0.022341,-0.000012,0.000006,-0.000003
2025-12-16 18:00:27.184,0.003274,-0.007799,-0.022319,-0.000012,0.000006,-0.000003
2025-12-16 18:00:27.186,0.003354,-0.007824,-0.022292,-0.000012,0.000006,-0.000003
2025-12-16 18:00:27.187,0.003510,-0.007877,-0.022242,-0.000012,0.000005,-0.000003
2025-12-16 18:00:27.188,0.003584,-0.007907,-0.022222,-0.000012,0.000005,-0.000003
2025-12-16 18:00:27.189,0.003654,-0.007936,-0.022203,-0.000012,0.000005,-0.000003
2025-12-16 18:00:27.190,0.003720,-0.007965,-0.022185,-0.000013,0.000005,-0.000003
2025-12-16 18:00:27.191,0.003783,-0.007997,-0.022173,-0.000013,0.000005,-0.000003
2025-12-16 18:00:27.193,0.003904,-0.008067,-0.022156,-0.000012,0.000005,-0.000003
2025-12-16 18:00:27.194,0.003961,-0.008099,-0.022152,-0.000012,0.000005,-0.000003
2025-12-16 18:00:27.195,0.004014,-0.008131,-0.022150,-0.000012,0.000005,-0.000003
2025-12-16 18:00:27.196,0.004068,-0.008170,-0.022150,-0.000012,0.000005,-0.000003
2025-12-16 18:00:27.197,0.004115,-0.008205,-0.022150,-0.000012,0.000005,-0.000003
2025-12-16 18:00:27.199,0.004209,-0.008271,-0.022153,-0.000012,0.000005,-0.000003
2025-12-16 18:00:27.200,0.004250,-0.008303,-0.022152,-0.000012,0.000005,-0.000003
2025-12-16 18:00:27.204,0.004377,-0.008435,-0.022154,-0.000011,0.000005,-0.000003
2025-12-16 18:00:27.205,0.004402,-0.008472,-0.022156,-0.000011,0.000005,-0.000003
2025-12-16 18:00:27.206,0.004425,-0.008512,-0.022161,-0.000012,0.000005,-0.000003
2025-12-16 18:00:27.207,0.004447,-0.008556,-0.022170,-0.000011,0.000005,-0.000003
2025-12-16 18:00:27.209,0.004482,-0.008633,-0.022176,-0.000011,0.000005,-0.000003
2025-12-16 18:00:27.211,0.004511,-0.008708,-0.022175,-0.000011,0.000005,-0.000003
2025-12-16 18:00:27.212,0.004526,-0.008744,-0.022168,-0.000011,0.000005,-0.000003
2025-12-16 18:00:27.213,0.004539,-0.008783,-0.022160,-0.000011,0.000005,-0.000004
2025-12-16 18:00:27.214,0.004554,-0.008825,-0.022148,-0.000012,0.000005,-0.000004
2025-12-16 18:00:27.215,0.004567,-0.008871,-0.022135,-0.000011,0.000005,-0.000003
2025-12-16 18:00:27.216,0.004578,-0.008916,-0.022116,-0.000011,0.000005,-0.000003
2025-12-16 18:00:27.218,0.004609,-0.009008,-0.022077,-0.000011,0.000005,-0.000003
2025-12-16 18:00:27.219,0.004626,-0.009059,-0.022048,-0.000011,0.000005,-0.000003
2025-12-16 18:00:27.221,0.004672,-0.009167,-0.021989,-0.000011,0.000005,-0.000003
2025-12-16 18:00:27.222,0.004704,-0.009227,-0.021955,-0.000011,0.000005,-0.000003
2025-12-16 18:00:27.223,0.004734,-0.009286,-0.021916,-0.000011,0.000005,-0.000004
2025-12-16 18:00:27.224,0.004765,-0.009349,-0.021873,-0.000011,0.000005,-0.000003
2025-12-16 18:00:27.225,0.004801,-0.009410,-0.021831,-0.000011,0.000004,-0.000004
2025-12-16 18:00:27.227,0.004887,-0.009549,-0.021733,-0.000011,0.000004,-0.000004
2025-12-16 18:00:27.228,0.004940,-0.009626,-0.021681,-0.000010,0.000004,-0.000004
2025-12-16 18:00:27.229,0.004994,-0.009702,-0.021627,-0.000011,0.000004,-0.000004
2025-12-16 18:00:27.231,0.005118,-0.009861,-0.021509,-0.000011,0.000004,-0.000004
2025-12-16 18:00:27.232,0.005184,-0.009946,-0.021451,-0.000010,0.000004,-0.000004
2025-12-16 18:00:27.233,0.005258,-0.010037,-0.021385,-0.000010,0.000004,-0.000004
2025-12-16 18:00:27.235,0.005408,-0.010213,-0.021259,-0.000010,0.000004,-0.000004
2025-12-16 18:00:27.236,0.005490,-0.010300,-0.021197,-0.000010,0.000004,-0.000004
2025-12-16 18:00:27.237,0.005574,-0.010390,-0.021135,-0.000010,0.000004,-0.000004
2025-12-16 18:00:27.238,0.005655,-0.010479,-0.021069,-0.000010,0.000004,-0.000004
2025-12-16 18:00:27.239,0.005739,-0.010568,-0.021004,-0.000010,0.000004,-0.000004
2025-12-16 18:00:27.240,0.005828,-0.010660,-0.020941,-0.000010,0.000004,-0.000004
2025-12-16 18:00:27.244,0.006193,-0.011018,-0.020692,-0.000010,0.000003,-0.000004
2025-12-16 18:00:27.245,0.006288,-0.011107,-0.020630,-0.000009,0.000003,-0.000004
2025-12-16 18:00:27.246,0.006381,-0.011189,-0.020569,-0.000010,0.000003,-0.000004
2025-12-16 18:00:27.247,0.006471,-0.011270,-0.020506,-0.000009,0.000004,-0.000004
2025-12-16 18:00:27.249,0.006631,-0.011425,-0.020380,-0.000009,0.000003,-0.000004
2025-12-16 18:00:27.251,0.006770,-0.011569,-0.020270,-0.000009,0.000003,-0.000004
2025-12-16 18:00:27.252,0.006830,-0.011637,-0.020214,-0.000009,0.000003,-0.000004
2025-12-16 18:00:27.253,0.006885,-0.011699,-0.020159,-0.000009,0.000003,-0.000004
2025-12-16 18:00:27.254,0.006939,-0.011761,-0.020105,-0.000009,0.000003,-0.000004
2025-12-16 18:00:27.255,0.006985,-0.011819,-0.020052,-0.000009,0.000003,-0.000004
2025-12-16 18:00:27.257,0.007058,-0.011924,-0.019940,-0.000009,0.000003,-0.000004
2025-12-16 18:00:27.258,0.007091,-0.011972,-0.019887,-0.000009,0.000003,-0.000004
2025-12-16 18:00:27.259,0.007117,-0.012016,-0.019836,-0.000009,0.000003,-0.000004
2025-12-16 18:00:27.260,0.007135,-0.012058,-0.019780,-0.000009,0.000003,-0.000004
2025-12-16 18:00:27.261,0.007142,-0.012096,-0.019730,-0.000009,0.000003,-0.000004
2025-12-16 18:00:27.263,0.007144,-0.012164,-0.019628,-0.000009,0.000003,-0.000004
2025-12-16 18:00:27.264,0.007135,-0.012197,-0.019573,-0.000009,0.000003,-0.000004
2025-12-16 18:00:27.265,0.007121,-0.012226,-0.019517,-0.000009,0.000003,-0.000005
2025-12-16 18:00:27.266,0.007107,-0.012253,-0.019461,-0.000008,0.000003,-0.000005
2025-12-16 18:00:27.267,0.007088,-0.012281,-0.019407,-0.000009,0.000003,-0.000004
2025-12-16 18:00:27.269,0.007054,-0.012334,-0.019299,-0.000008,0.000003,-0.000004
2025-12-16 18:00:27.270,0.007034,-0.012362,-0.019242,-0.000008,0.000003,-0.000004
2025-12-16 18:00:27.271,0.007017,-0.012392,-0.019185,-0.000008,0.000003,-0.000004
2025-12-16 18:00:27.272,0.007005,-0.012420,-0.019127,-0.000008,0.000003,-0.000004
2025-12-16 18:00:27.273,0.006994,-0.012457,-0.019066,-0.000008,0.000003,-0.000004
2025-12-16 18:00:27.275,0.006978,-0.012488,-0.019005,-0.000008,0.000003,-0.000004
2025-12-16 18:00:27.276,0.006966,-0.012563,-0.018877,-0.000008,0.000003,-0.000004
2025-12-16 18:00:27.277,0.006964,-0.012605,-0.018812,-0.000008,0.000003,-0.000004
2025-12-16 18:00:27.278,0.006965,-0.012649,-0.018752,-0.000007,0.000003,-0.000004
2025-12-16 18:00:27.279,0.006971,-0.012698,-0.018692,-0.000008,0.000003,-0.000004
2025-12-16 18:00:27.280,0.006978,-0.012746,-0.018629,-0.000007,0.000003,-0.000004
2025-12-16 18:00:27.281,0.006995,-0.012799,-0.018563,-0.000008,0.000003,-0.000004
2025-12-16 18:00:27.283,0.007039,-0.012914,-0.018431,-0.000007,0.000003,-0.000004
2025-12-16 18:00:27.285,0.007103,-0.013036,-0.018302,-0.000007,0.000003,-0.000004
2025-12-16 18:00:27.286,0.007138,-0.013103,-0.018244,-0.000007,0.000003,-0.000004
2025-12-16 18:00:27.287,0.007179,-0.013168,-0.018183,-0.000007,0.000003,-0.000004
2025-12-16 18:00:27.288,0.007221,-0.013238,-0.018120,-0.000007,0.000003,-0.000004
2025-12-16 18:00:27.289,0.007267,-0.013307,-0.018061,-0.000007,0.000003,-0.000004
2025-12-16 18:00:27.290,0.007314,-0.013374,-0.018002,-0.000007,0.000003,-0.000004
2025-12-16 18:00:27.292,0.007411,-0.013508,-0.017886,-0.000007,0.000003,-0.000005
2025-12-16 18:00:27.293,0.007461,-0.013571,-0.017829,-0.000007,0.000003,-0.000005
2025-12-16 18:00:27.294,0.007514,-0.013639,-0.017773,-0.000007,0.000003,-0.000005
2025-12-16 18:00:27.295,0.007570,-0.013707,-0.017721,-0.000007,0.000002,-0.000005
2025-12-16 18:00:27.296,0.007619,-0.013768,-0.017667,-0.000007,0.000002,-0.000005
2025-12-16 18:00:27.297,0.007670,-0.013828,-0.017614,-0.000007,0.000002,-0.000005
2025-12-16 18:00:27.298,0.007717,-0.013886,-0.017563,-0.000007,0.000002,-0.000005
2025-12-16 18:00:27.300,0.007805,-0.013986,-0.017471,-0.000006,0.000002,-0.000005
2025-12-16 18:00:27.301,0.007842,-0.014030,-0.017427,-0.000006,0.000002,-0.000005
2025-12-16 18:00:27.302,0.007880,-0.014073,-0.017385,-0.000006,0.000002,-0.000005
2025-12-16 18:00:27.304,0.007948,-0.014142,-0.017301,-0.000006,0.000002,-0.000005
2025-12-16 18:00:27.305,0.007979,-0.014169,-0.017258,-0.000006,0.000002,-0.000006
2025-12-16 18:00:27.306,0.008004,-0.014194,-0.017213,-0.000006,0.000002,-0.000006
2025-12-16 18:00:27.308,0.008053,-0.014245,-0.017124,-0.000006,0.000001,-0.000006
2025-12-16 18:00:27.309,0.008065,-0.014250,-0.017084,-0.000006,0.000001,-0.000006
2025-12-16 18:00:27.310,0.008074,-0.014253,-0.017045,-0.000006,0.000001,-0.000006
2025-12-16 18:00:27.311,0.008074,-0.014250,-0.017009,-0.000006,0.000001,-0.000006
2025-12-16 18:00:27.312,0.008071,-0.014242,-0.016970,-0.000006,0.000001,-0.000006
2025-12-16 18:00:27.313,0.008061,-0.014235,-0.016938,-0.000006,0.000001,-0.000006
2025-12-16 18:00:27.314,0.008045,-0.014220,-0.016904,-0.000006,0.000002,-0.000006
2025-12-16 18:00:27.316,0.007994,-0.014179,-0.016844,-0.000006,0.000001,-0.000006
2025-12-16 18:00:27.317,0.007962,-0.014156,-0.016817,-0.000006,0.000001,-0.000006
2025-12-16 18:00:27.318,0.007928,-0.014128,-0.016787,-0.000006,0.000001,-0.000006
2025-12-16 18:00:27.319,0.007892,-0.014097,-0.016755,-0.000006,0.000001,-0.000006
2025-12-16 18:00:27.320,0.007848,-0.014062,-0.016729,-0.000006,0.000001,-0.000006
2025-12-16 18:00:27.321,0.007805,-0.014028,-0.016698,-0.000006,0.000001,-0.000006
2025-12-16 18:00:27.323,0.007710,-0.013954,-0.016644,-0.000006,0.000002,-0.000005
2025-12-16 18:00:27.324,0.007654,-0.013912,-0.016620,-0.000006,0.000002,-0.000005
2025-12-16 18:00:27.326,0.007538,-0.013829,-0.016570,-0.000006,0.000002,-0.000005
2025-12-16 18:00:27.327,0.007479,-0.013786,-0.016541,-0.000006,0.000002,-0.000005
2025-12-16 18:00:27.328,0.007424,-0.013742,-0.016514,-0.000006,0.000002,-0.000005
2025-12-16 18:00:27.329,0.007372,-0.013703,-0.016485,-0.000007,0.000001,-0.000005
2025-12-16 18:00:27.333,0.007174,-0.013548,-0.016377,-0.000006,0.000002,-0.000005
2025-12-16 18:00:27.334,0.007132,-0.013517,-0.016356,-0.000006,0.000002,-0.000005
2025-12-16 18:00:27.336,0.007067,-0.013466,-0.016310,-0.000006,0.000002,-0.000005
2025-12-16 18:00:27.337,0.007041,-0.013440,-0.016286,-0.000006,0.000002,-0.000005
2025-12-16 18:00:27.338,0.007017,-0.013413,-0.016263,-0.000006,0.000002,-0.000005
2025-12-16 18:00:27.339,0.006996,-0.013392,-0.016240,-0.000006,0.000002,-0.000005
2025-12-16 18:00:27.341,0.006966,-0.013351,-0.016196,-0.000006,0.000001,-0.000005
2025-12-16 18:00:27.342,0.006958,-0.013333,-0.016175,-0.000006,0.000002,-0.000005
2025-12-16 18:00:27.343,0.006954,-0.013318,-0.016158,-0.000006,0.000002,-0.000005
2025-12-16 18:00:27.344,0.006954,-0.013305,-0.016140,-0.000006,0.000002,-0.000005
2025-12-16 18:00:27.345,0.006956,-0.013293,-0.016126,-0.000006,0.000002,-0.000005
2025-12-16 18:00:27.347,0.006960,-0.013277,-0.016114,-0.000006,0.000002,-0.000005
2025-12-16 18:00:27.348,0.006971,-0.013256,-0.016093,-0.000006,0.000001,-0.000005
2025-12-16 18:00:27.349,0.006974,-0.013246,-0.016089,-0.000006,0.000002,-0.000005
2025-12-16 18:00:27.350,0.006979,-0.013233,-0.016083,-0.000006,0.000001,-0.000005
2025-12-16 18:00:27.351,0.006991,-0.013226,-0.016084,-0.000006,0.000001,-0.000005
2025-12-16 18:00:27.352,0.007002,-0.013214,-0.016091,-0.000006,0.000002,-0.000005
2025-12-16 18:00:27.353,0.007010,-0.013201,-0.016100,-0.000006,0.000002,-0.000005
2025-12-16 18:00:27.355,0.007029,-0.013169,-0.016125,-0.000006,0.000002,-0.000005
2025-12-16 18:00:27.356,0.007036,-0.013153,-0.016145,-0.000006,0.000002,-0.000005
2025-12-16 18:00:27.357,0.007041,-0.013135,-0.016166,-0.000006,0.000002,-0.000005
2025-12-16 18:00:27.358,0.007043,-0.013114,-0.016186,-0.000006,0.000002,-0.000005
2025-12-16 18:00:27.359,0.007044,-0.013089,-0.016211,-0.000006,0.000001,-0.000005
2025-12-16 18:00:27.360,0.007050,-0.013069,-0.016236,-0.000006,0.000002,-0.000005
2025-12-16 18:00:27.361,0.007051,-0.013046,-0.016258,-0.000006,0.000002,-0.000005
2025-12-16 18:00:27.363,0.007051,-0.013020,-0.016283,-0.000006,0.000002,-0.000005
2025-12-16 18:00:27.364,0.007046,-0.012969,-0.016331,-0.000006,0.000002,-0.000005
2025-12-16 18:00:27.365,0.007041,-0.012948,-0.016354,-0.000006,0.000002,-0.000005
2025-12-16 18:00:27.366,0.007034,-0.012925,-0.016375,-0.000006,0.000002,-0.000005
2025-12-16 18:00:27.367,0.007026,-0.012897,-0.016398,-0.000007,0.000002,-0.000005
2025-12-16 18:00:27.368,0.007017,-0.012867,-0.016420,-0.000006,0.000002,-0.000005
2025-12-16 18:00:27.369,0.007008,-0.012836,-0.016441,-0.000006,0.000002,-0.000005
2025-12-16 18:00:27.370,0.006998,-0.012804,-0.016461,-0.000006,0.000002,-0.000005
2025-12-16 18:00:27.371,0.006982,-0.012769,-0.016476,-0.000007,0.000002,-0.000005
2025-12-16 18:00:27.372,0.006966,-0.012736,-0.016485,-0.000007,0.000002,-0.000005
2025-12-16 18:00:27.374,0.006953,-0.012703,-0.016491,-0.000007,0.000002,-0.000005
2025-12-16 18:00:27.375,0.006919,-0.012630,-0.016488,-0.000006,0.000002,-0.000005
2025-12-16 18:00:27.376,0.006903,-0.012592,-0.016474,-0.000007,0.000002,-0.000005
2025-12-16 18:00:27.377,0.006885,-0.012557,-0.016457,-0.000007,0.000002,-0.000005
2025-12-16 18:00:27.378,0.006871,-0.012526,-0.016437,-0.000006,0.000002,-0.000005
2025-12-16 18:00:27.379,0.006861,-0.012495,-0.016414,-0.000006,0.000002,-0.000005
2025-12-16 18:00:27.380,0.006846,-0.012458,-0.016387,-0.000007,0.000002,-0.000005
2025-12-16 18:00:27.381,0.006831,-0.012420,-0.016358,-0.000006,0.000002,-0.000005
2025-12-16 18:00:27.382,0.006814,-0.012383,-0.016321,-0.000006,0.000002,-0.000005
2025-12-16 18:00:27.384,0.006786,-0.012311,-0.016237,-0.000006,0.000002,-0.000005
2025-12-16 18:00:27.385,0.006773,-0.012272,-0.016190,-0.000007,0.000002,-0.000005
2025-12-16 18:00:27.386,0.006763,-0.012234,-0.016137,-0.000006,0.000002,-0.000005
2025-12-16 18:00:27.387,0.006757,-0.012197,-0.016081,-0.000006,0.000002,-0.000005
2025-12-16 18:00:27.388,0.006752,-0.012159,-0.016019,-0.000006,0.000002,-0.000005
2025-12-16 18:00:27.389,0.006750,-0.012120,-0.015954,-0.000006,0.000002,-0.000005
2025-12-16 18:00:27.390,0.006747,-0.012081,-0.015885,-0.000007,0.000002,-0.000005
2025-12-16 18:00:27.391,0.006751,-0.012047,-0.015815,-0.000006,0.000002,-0.000005
2025-12-16 18:00:27.392,0.006758,-0.012012,-0.015738,-0.000006,0.000002,-0.000005
2025-12-16 18:00:27.394,0.006773,-0.011944,-0.015589,-0.000006,0.000002,-0.000005
2025-12-16 18:00:27.395,0.006783,-0.011907,-0.015507,-0.000007,0.000002,-0.000004
2025-12-16 18:00:27.396,0.006795,-0.011866,-0.015430,-0.000006,0.000002,-0.000005
2025-12-16 18:00:27.397,0.006811,-0.011825,-0.015352,-0.000006,0.000002,-0.000005
2025-12-16 18:00:27.398,0.006824,-0.011785,-0.015272,-0.000006,0.000002,-0.000004
2025-12-16 18:00:27.399,0.006843,-0.011748,-0.015190,-0.000006,0.000002,-0.000005
2025-12-16 18:00:27.400,0.006864,-0.011715,-0.015109,-0.000006,0.000001,-0.000005
2025-12-16 18:00:27.401,0.006885,-0.011679,-0.015028,-0.000006,0.000001,-0.000005
2025-12-16 18:00:27.402,0.006907,-0.011639,-0.014947,-0.000006,0.000001,-0.000005
2025-12-16 18:00:27.403,0.006930,-0.011598,-0.014863,-0.000006,0.000001,-0.000005
2025-12-16 18:00:27.404,0.006954,-0.011553,-0.014779,-0.000006,0.000001,-0.000005
2025-12-16 18:00:27.405,0.006985,-0.011509,-0.014691,-0.000006,0.000001,-0.000005
2025-12-16 18:00:27.407,0.007046,-0.011427,-0.014519,-0.000006,0.000001,-0.000004
2025-12-16 18:00:27.408,0.007078,-0.011392,-0.014436,-0.000006,0.000001,-0.000004
2025-12-16 18:00:27.409,0.007109,-0.011359,-0.014353,-0.000006,0.000001,-0.000004
2025-12-16 18:00:27.410,0.007141,-0.011326,-0.014277,-0.000006,0.000001,-0.000005
2025-12-16 18:00:27.411,0.007171,-0.011289,-0.014201,-0.000006,0.000001,-0.000005
2025-12-16 18:00:27.412,0.007197,-0.011250,-0.014129,-0.000006,0.000001,-0.000005
2025-12-16 18:00:27.413,0.007222,-0.011210,-0.014053,-0.000006,0.000001,-0.000005
2025-12-16 18:00:27.414,0.007249,-0.011176,-0.013979,-0.000006,0.000001,-0.000005
2025-12-16 18:00:27.416,0.007301,-0.011113,-0.013839,-0.000006,0.000001,-0.000005
2025-12-16 18:00:27.417,0.007323,-0.011082,-0.013772,-0.000006,0.000001,-0.000005
2025-12-16 18:00:27.418,0.007345,-0.011053,-0.013705,-0.000006,0.000001,-0.000005
2025-12-16 18:00:27.419,0.007361,-0.011024,-0.013642,-0.000006,0.000001,-0.000005
2025-12-16 18:00:27.420,0.007380,-0.010993,-0.013581,-0.000006,0.000001,-0.000005
2025-12-16 18:00:27.421,0.007398,-0.010969,-0.013518,-0.000006,0.000001,-0.000005
2025-12-16 18:00:27.423,0.007430,-0.010928,-0.013410,-0.000006,0.000001,-0.000005
2025-12-16 18:00:27.424,0.007441,-0.010909,-0.013360,-0.000006,0.000001,-0.000005
2025-12-16 18:00:27.425,0.007448,-0.010894,-0.013319,-0.000006,0.000001,-0.000005
2025-12-16 18:00:27.426,0.007452,-0.010877,-0.013281,-0.000006,0.000001,-0.000005
2025-12-16 18:00:27.427,0.007449,-0.010862,-0.013251,-0.000006,0.000001,-0.000005
2025-12-16 18:00:27.428,0.007441,-0.010844,-0.013223,-0.000006,0.000001,-0.000005
2025-12-16 18:00:27.430,0.007430,-0.010826,-0.013197,-0.000006,0.000001,-0.000005
2025-12-16 18:00:27.431,0.007410,-0.010803,-0.013152,-0.000006,0.000001,-0.000005
2025-12-16 18:00:27.432,0.007398,-0.010796,-0.013139,-0.000006,0.000001,-0.000005
2025-12-16 18:00:27.433,0.007386,-0.010793,-0.013125,-0.000006,0.000001,-0.000005
2025-12-16 18:00:27.434,0.007368,-0.010787,-0.013117,-0.000006,0.000001,-0.000005
2025-12-16 18:00:27.435,0.007346,-0.010785,-0.013110,-0.000006,0.000001,-0.000005
2025-12-16 18:00:27.436,0.007320,-0.010783,-0.013107,-0.000006,0.000001,-0.000005
2025-12-16 18:00:27.438,0.007289,-0.010783,-0.013109,-0.000006,0.000001,-0.000005
2025-12-16 18:00:27.439,0.007223,-0.010779,-0.013112,-0.000006,0.000001,-0.000005
2025-12-16 18:00:27.440,0.007179,-0.010777,-0.013119,-0.000006,0.000001,-0.000005
2025-12-16 18:00:27.441,0.007133,-0.010776,-0.013128,-0.000006,0.000001,-0.000005
2025-12-16 18:00:27.442,0.007081,-0.010774,-0.013138,-0.000006,0.000001,-0.000004
2025-12-16 18:00:27.443,0.007030,-0.010775,-0.013145,-0.000006,0.000001,-0.000004
2025-12-16 18:00:27.444,0.006978,-0.010775,-0.013157,-0.000006,0.000001,-0.000004
2025-12-16 18:00:27.446,0.006857,-0.010773,-0.013179,-0.000006,0.000001,-0.000004
2025-12-16 18:00:27.447,0.006794,-0.010768,-0.013190,-0.000006,0.000001,-0.000004
2025-12-16 18:00:27.448,0.006732,-0.010764,-0.013202,-0.000006,0.000001,-0.000004
2025-12-16 18:00:27.449,0.006664,-0.010757,-0.013213,-0.000006,0.000001,-0.000004
2025-12-16 18:00:27.451,0.006592,-0.010750,-0.013224,-0.000006,0.000001,-0.000004
2025-12-16 18:00:27.452,0.006441,-0.010735,-0.013245,-0.000006,0.000001,-0.000004
2025-12-16 18:00:27.453,0.006361,-0.010726,-0.013262,-0.000006,0.000001,-0.000004
2025-12-16 18:00:27.454,0.006281,-0.010715,-0.013277,-0.000006,0.000001,-0.000004
2025-12-16 18:00:27.455,0.006196,-0.010704,-0.013292,-0.000006,0.000001,-0.000004
2025-12-16 18:00:27.456,0.006114,-0.010696,-0.013308,-0.000006,0.000001,-0.000004
2025-12-16 18:00:27.457,0.006029,-0.010688,-0.013323,-0.000006,0.000001,-0.000004
2025-12-16 18:00:27.458,0.005943,-0.010675,-0.013338,-0.000006,0.000001,-0.000004
2025-12-16 18:00:27.460,0.005774,-0.010650,-0.013368,-0.000006,0.000001,-0.000004
2025-12-16 18:00:27.461,0.005692,-0.010640,-0.013382,-0.000006,0.000001,-0.000004
2025-12-16 18:00:27.462,0.005611,-0.010631,-0.013396,-0.000006,0.000002,-0.000004
2025-12-16 18:00:27.463,0.005526,-0.010621,-0.013415,-0.000006,0.000001,-0.000004
2025-12-16 18:00:27.464,0.005444,-0.010609,-0.013432,-0.000005,0.000002,-0.000004
2025-12-16 18:00:27.465,0.005364,-0.010598,-0.013447,-0.000006,0.000002,-0.000004
2025-12-16 18:00:27.466,0.005282,-0.010584,-0.013463,-0.000006,0.000002,-0.000004
2025-12-16 18:00:27.467,0.005205,-0.010572,-0.013482,-0.000006,0.000002,-0.000004
2025-12-16 18:00:27.468,0.005124,-0.010556,-0.013501,-0.000006,0.000002,-0.000004
2025-12-16 18:00:27.470,0.004964,-0.010530,-0.013547,-0.000006,0.000002,-0.000004
2025-12-16 18:00:27.471,0.004889,-0.010517,-0.013570,-0.000006,0.000002,-0.000004
2025-12-16 18:00:27.472,0.004815,-0.010507,-0.013592,-0.000006,0.000002,-0.000004
2025-12-16 18:00:27.473,0.004744,-0.010496,-0.013609,-0.000006,0.000002,-0.000003
2025-12-16 18:00:27.474,0.004670,-0.010488,-0.013626,-0.000005,0.000002,-0.000003
2025-12-16 18:00:27.475,0.004601,-0.010476,-0.013641,-0.000006,0.000002,-0.000003
2025-12-16 18:00:27.477,0.004467,-0.010453,-0.013670,-0.000006,0.000002,-0.000003
2025-12-16 18:00:27.478,0.004404,-0.010442,-0.013687,-0.000005,0.000002,-0.000003
2025-12-16 18:00:27.480,0.004273,-0.010416,-0.013715,-0.000005,0.000002,-0.000003
2025-12-16 18:00:27.481,0.004209,-0.010403,-0.013731,-0.000005,0.000002,-0.000003
2025-12-16 18:00:27.482,0.004146,-0.010389,-0.013746,-0.000005,0.000002,-0.000003
2025-12-16 18:00:27.483,0.004086,-0.010372,-0.013760,-0.000005,0.000002,-0.000003
2025-12-16 18:00:27.484,0.004023,-0.010356,-0.013774,-0.000005,0.000002,-0.000003
2025-12-16 18:00:27.485,0.003964,-0.010343,-0.013788,-0.000006,0.000002,-0.000003
2025-12-16 18:00:27.486,0.003907,-0.010328,-0.013802,-0.000006,0.000002,-0.000003
2025-12-16 18:00:27.487,0.003850,-0.010311,-0.013812,-0.000005,0.000002,-0.000003
2025-12-16 18:00:27.489,0.003743,-0.010282,-0.013827,-0.000006,0.000002,-0.000003
2025-12-16 18:00:27.490,0.003690,-0.010268,-0.013831,-0.000005,0.000002,-0.000003
2025-12-16 18:00:27.491,0.003630,-0.010251,-0.013836,-0.000006,0.000002,-0.000003
2025-12-16 18:00:27.492,0.003572,-0.010232,-0.013839,-0.000005,0.000003,-0.000003
2025-12-16 18:00:27.493,0.003514,-0.010213,-0.013846,-0.000005,0.000003,-0.000003
2025-12-16 18:00:27.494,0.003457,-0.010192,-0.013850,-0.000005,0.000003,-0.000003
2025-12-16 18:00:27.495,0.003396,-0.010168,-0.013856,-0.000005,0.000003,-0.000003
2025-12-16 18:00:27.496,0.003334,-0.010145,-0.013861,-0.000005,0.000003,-0.000003
2025-12-16 18:00:27.498,0.003210,-0.010102,-0.013873,-0.000005,0.000003,-0.000003
2025-12-16 18:00:27.499,0.003154,-0.010088,-0.013884,-0.000005,0.000003,-0.000003
2025-12-16 18:00:27.500,0.003098,-0.010070,-0.013896,-0.000005,0.000003,-0.000003
2025-12-16 18:00:27.501,0.003040,-0.010050,-0.013906,-0.000005,0.000003,-0.000003
2025-12-16 18:00:27.502,0.002983,-0.010029,-0.013916,-0.000005,0.000003,-0.000003
2025-12-16 18:00:27.503,0.002923,-0.010009,-0.013927,-0.000005,0.000003,-0.000003
2025-12-16 18:00:27.504,0.002864,-0.009988,-0.013940,-0.000005,0.000003,-0.000003
2025-12-16 18:00:27.506,0.002750,-0.009955,-0.013965,-0.000005,0.000003,-0.000002
2025-12-16 18:00:27.507,0.002690,-0.009941,-0.013975,-0.000005,0.000003,-0.000002
2025-12-16 18:00:27.508,0.002633,-0.009934,-0.013984,-0.000005,0.000003,-0.000002
2025-12-16 18:00:27.509,0.002579,-0.009925,-0.013991,-0.000005,0.000003,-0.000002
2025-12-16 18:00:27.511,0.002522,-0.009912,-0.014001,-0.000005,0.000003,-0.000002
2025-12-16 18:00:27.512,0.002420,-0.009901,-0.014023,-0.000005,0.000003,-0.000002
2025-12-16 18:00:27.513,0.002370,-0.009897,-0.014026,-0.000005,0.000003,-0.000002
2025-12-16 18:00:27.514,0.002322,-0.009895,-0.014034,-0.000006,0.000003,-0.000002
2025-12-16 18:00:27.515,0.002277,-0.009896,-0.014042,-0.000006,0.000003,-0.000002
2025-12-16 18:00:27.517,0.002189,-0.009894,-0.014058,-0.000006,0.000003,-0.000002
2025-12-16 18:00:27.518,0.002145,-0.009892,-0.014062,-0.000005,0.000003,-0.000002
2025-12-16 18:00:27.519,0.002097,-0.009894,-0.014064,-0.000005,0.000003,-0.000002
2025-12-16 18:00:27.520,0.002050,-0.009897,-0.014067,-0.000006,0.000004,-0.000002
2025-12-16 18:00:27.521,0.002001,-0.009901,-0.014065,-0.000006,0.000004,-0.000002
2025-12-16 18:00:27.523,0.001907,-0.009912,-0.014065,-0.000005,0.000004,-0.000002
2025-12-16 18:00:27.524,0.001861,-0.009921,-0.014061,-0.000005,0.000004,-0.000002
2025-12-16 18:00:27.525,0.001815,-0.009930,-0.014059,-0.000005,0.000004,-0.000002
2025-12-16 18:00:27.526,0.001769,-0.009938,-0.014053,-0.000005,0.000004,-0.000002
2025-12-16 18:00:27.529,0.001642,-0.009966,-0.014057,-0.000005,0.000004,-0.000002
2025-12-16 18:00:27.530,0.001595,-0.009974,-0.014053,-0.000005,0.000004,-0.000002
2025-12-16 18:00:27.531,0.001545,-0.009978,-0.014047,-0.000005,0.000004,-0.000002
2025-12-16 18:00:27.533,0.001496,-0.009981,-0.014042,-0.000005,0.000004,-0.000002
2025-12-16 18:00:27.535,0.001348,-0.009990,-0.014043,-0.000005,0.000004,-0.000002
2025-12-16 18:00:27.536,0.001303,-0.009996,-0.014042,-0.000005,0.000004,-0.000002
2025-12-16 18:00:27.537,0.001258,-0.010004,-0.014045,-0.000004,0.000004,-0.000002
2025-12-16 18:00:27.538,0.001214,-0.010011,-0.014051,-0.000005,0.000004,-0.000002
2025-12-16 18:00:27.539,0.001170,-0.010011,-0.014051,-0.000005,0.000003,-0.000002
2025-12-16 18:00:27.540,0.001128,-0.010013,-0.014049,-0.000005,0.000004,-0.000002
2025-12-16 18:00:27.542,0.001046,-0.010022,-0.014048,-0.000004,0.000003,-0.000002
2025-12-16 18:00:27.543,0.001009,-0.010027,-0.014046,-0.000004,0.000003,-0.000002
2025-12-16 18:00:27.545,0.000943,-0.010032,-0.014046,-0.000004,0.000003,-0.000002
2025-12-16 18:00:27.546,0.000911,-0.010033,-0.014048,-0.000005,0.000003,-0.000002
2025-12-16 18:00:27.547,0.000878,-0.010035,-0.014047,-0.000004,0.000004,-0.000002
2025-12-16 18:00:27.548,0.000849,-0.010036,-0.014044,-0.000004,0.000003,-0.000002
2025-12-16 18:00:27.549,0.000820,-0.010037,-0.014043,-0.000005,0.000003,-0.000002
2025-12-16 18:00:27.550,0.000796,-0.010037,-0.014042,-0.000004,0.000004,-0.000002
2025-12-16 18:00:27.553,0.000752,-0.010040,-0.014043,-0.000005,0.000004,-0.000002
2025-12-16 18:00:27.554,0.000713,-0.010042,-0.014037,-0.000005,0.000004,-0.000002
2025-12-16 18:00:27.555,0.000695,-0.010041,-0.014035,-0.000005,0.000004,-0.000002
2025-12-16 18:00:27.556,0.000677,-0.010038,-0.014031,-0.000005,0.000004,-0.000002
2025-12-16 18:00:27.557,0.000658,-0.010032,-0.014025,-0.000005,0.000004,-0.000002
2025-12-16 18:00:27.558,0.000639,-0.010027,-0.014015,-0.000005,0.000004,-0.000002
2025-12-16 18:00:27.559,0.000624,-0.010023,-0.014004,-0.000005,0.000004,-0.000002
2025-12-16 18:00:27.560,0.000610,-0.010022,-0.013999,-0.000005,0.000004,-0.000002
2025-12-16 18:00:27.562,0.000585,-0.010009,-0.013986,-0.000005,0.000004,-0.000002
2025-12-16 18:00:27.563,0.000570,-0.009999,-0.013984,-0.000005,0.000004,-0.000002
2025-12-16 18:00:27.564,0.000554,-0.009992,-0.013978,-0.000005,0.000004,-0.000002
2025-12-16 18:00:27.565,0.000542,-0.009984,-0.013969,-0.000005,0.000004,-0.000002
2025-12-16 18:00:27.566,0.000530,-0.009975,-0.013958,-0.000005,0.000004,-0.000002
2025-12-16 18:00:27.568,0.000501,-0.009947,-0.013940,-0.000005,0.000004,-0.000002
2025-12-16 18:00:27.569,0.000482,-0.009933,-0.013934,-0.000005,0.000004,-0.000002
2025-12-16 18:00:27.570,0.000462,-0.009920,-0.013929,-0.000005,0.000004,-0.000001
2025-12-16 18:00:27.571,0.000447,-0.009907,-0.013921,-0.000005,0.000004,-0.000001
2025-12-16 18:00:27.572,0.000431,-0.009890,-0.013914,-0.000005,0.000004,-0.000001
2025-12-16 18:00:27.574,0.000400,-0.009852,-0.013914,-0.000005,0.000004,-0.000001
2025-12-16 18:00:27.575,0.000381,-0.009834,-0.013912,-0.000005,0.000004,-0.000001
2025-12-16 18:00:27.576,0.000363,-0.009819,-0.013910,-0.000005,0.000004,-0.000001
2025-12-16 18:00:27.577,0.000350,-0.009804,-0.013905,-0.000005,0.000004,-0.000001
2025-12-16 18:00:27.578,0.000336,-0.009786,-0.013908,-0.000005,0.000004,-0.000001
2025-12-16 18:00:27.580,0.000309,-0.009748,-0.013912,-0.000005,0.000004,-0.000001
2025-12-16 18:00:27.582,0.000279,-0.009714,-0.013914,-0.000005,0.000004,-0.000001
2025-12-16 18:00:27.583,0.000267,-0.009699,-0.013917,-0.000005,0.000004,-0.000001
2025-12-16 18:00:27.584,0.000256,-0.009683,-0.013922,-0.000005,0.000004,-0.000001
2025-12-16 18:00:27.585,0.000247,-0.009665,-0.013931,-0.000005,0.000004,-0.000001
2025-12-16 18:00:27.586,0.000237,-0.009651,-0.013943,-0.000005,0.000004,-0.000001
2025-12-16 18:00:27.588,0.000231,-0.009638,-0.013951,-0.000005,0.000004,-0.000001
2025-12-16 18:00:27.589,0.000227,-0.009627,-0.013965,-0.000005,0.000004,-0.000001
2025-12-16 18:00:27.590,0.000228,-0.009617,-0.013976,-0.000005,0.000004,-0.000001
2025-12-16 18:00:27.591,0.000228,-0.009611,-0.013988,-0.000005,0.000004,-0.000001
2025-12-16 18:00:27.592,0.000226,-0.009602,-0.014001,-0.000005,0.000004,-0.000001
2025-12-16 18:00:27.593,0.000222,-0.009597,-0.014016,-0.000005,0.000004,-0.000001
2025-12-16 18:00:27.594,0.000225,-0.009596,-0.014027,-0.000005,0.000004,-0.000001
2025-12-16 18:00:27.596,0.000227,-0.009596,-0.014040,-0.000005,0.000004,-0.000001
2025-12-16 18:00:27.597,0.000239,-0.009601,-0.014069,-0.000005,0.000004,-0.000001
2025-12-16 18:00:27.598,0.000246,-0.009607,-0.014086,-0.000005,0.000004,-0.000001
2025-12-16 18:00:27.599,0.000260,-0.009620,-0.014121,-0.000005,0.000004,-0.000001
2025-12-16 18:00:27.600,0.000270,-0.009627,-0.014145,-0.000005,0.000004,-0.000001
2025-12-16 18:00:27.601,0.000282,-0.009635,-0.014169,-0.000005,0.000004,-0.000002
2025-12-16 18:00:27.602,0.000297,-0.009650,-0.014193,-0.000005,0.000004,-0.000002
2025-12-16 18:00:27.604,0.000325,-0.009677,-0.014245,-0.000005,0.000004,-0.000002
2025-12-16 18:00:27.605,0.000335,-0.009692,-0.014273,-0.000005,0.000004,-0.000002
2025-12-16 18:00:27.606,0.000348,-0.009708,-0.014301,-0.000005,0.000004,-0.000002
2025-12-16 18:00:27.607,0.000359,-0.009721,-0.014333,-0.000005,0.000004,-0.000002
2025-12-16 18:00:27.608,0.000374,-0.009738,-0.014361,-0.000005,0.000004,-0.000002
2025-12-16 18:00:27.609,0.000388,-0.009753,-0.014393,-0.000005,0.000004,-0.000002
2025-12-16 18:00:27.610,0.000403,-0.009764,-0.014427,-0.000005,0.000004,-0.000002
2025-12-16 18:00:27.611,0.000415,-0.009777,-0.014465,-0.000005,0.000004,-0.000002
2025-12-16 18:00:27.613,0.000445,-0.009807,-0.014546,-0.000006,0.000004,-0.000002
2025-12-16 18:00:27.614,0.000462,-0.009822,-0.014586,-0.000005,0.000004,-0.000002
2025-12-16 18:00:27.615,0.000481,-0.009832,-0.014624,-0.000006,0.000004,-0.000002
2025-12-16 18:00:27.616,0.000501,-0.009842,-0.014668,-0.000005,0.000004,-0.000002
2025-12-16 18:00:27.617,0.000514,-0.009844,-0.014715,-0.000006,0.000003,-0.000002
2025-12-16 18:00:27.618,0.000530,-0.009847,-0.014761,-0.000006,0.000003,-0.000002
2025-12-16 18:00:27.619,0.000546,-0.009849,-0.014809,-0.000005,0.000003,-0.000002
2025-12-16 18:00:27.620,0.000566,-0.009856,-0.014855,-0.000006,0.000004,-0.000002
2025-12-16 18:00:27.621,0.000587,-0.009858,-0.014902,-0.000006,0.000004,-0.000002
2025-12-16 18:00:27.623,0.000634,-0.009846,-0.014983,-0.000006,0.000004,-0.000002
2025-12-16 18:00:27.624,0.000662,-0.009836,-0.015027,-0.000006,0.000004,-0.000002
2025-12-16 18:00:27.625,0.000695,-0.009824,-0.015070,-0.000006,0.000004,-0.000002
2025-12-16 18:00:27.626,0.000726,-0.009808,-0.015113,-0.000006,0.000004,-0.000002
2025-12-16 18:00:27.627,0.000760,-0.009791,-0.015154,-0.000006,0.000004,-0.000002
2025-12-16 18:00:27.628,0.000801,-0.009772,-0.015197,-0.000006,0.000004,-0.000002
2025-12-16 18:00:27.629,0.000844,-0.009751,-0.015237,-0.000006,0.000004,-0.000002
2025-12-16 18:00:27.630,0.000886,-0.009733,-0.015276,-0.000006,0.000004,-0.000002
2025-12-16 18:00:27.632,0.000982,-0.009694,-0.015343,-0.000006,0.000004,-0.000002
2025-12-16 18:00:27.633,0.001031,-0.009662,-0.015368,-0.000006,0.000004,-0.000002
2025-12-16 18:00:27.634,0.001074,-0.009625,-0.015394,-0.000006,0.000004,-0.000002
2025-12-16 18:00:27.635,0.001121,-0.009586,-0.015421,-0.000006,0.000004,-0.000002
2025-12-16 18:00:27.636,0.001170,-0.009547,-0.015443,-0.000006,0.000004,-0.000002
2025-12-16 18:00:27.637,0.001223,-0.009509,-0.015461,-0.000006,0.000004,-0.000002
2025-12-16 18:00:27.638,0.001278,-0.009469,-0.015477,-0.000006,0.000004,-0.000002
2025-12-16 18:00:27.639,0.001335,-0.009427,-0.015493,-0.000006,0.000004,-0.000002
2025-12-16 18:00:27.640,0.001390,-0.009380,-0.015507,-0.000006,0.000004,-0.000002
2025-12-16 18:00:27.642,0.001505,-0.009282,-0.015530,-0.000006,0.000004,-0.000002
2025-12-16 18:00:27.643,0.001561,-0.009230,-0.015538,-0.000006,0.000004,-0.000002
2025-12-16 18:00:27.644,0.001620,-0.009175,-0.015543,-0.000006,0.000004,-0.000002
2025-12-16 18:00:27.645,0.001675,-0.009123,-0.015547,-0.000006,0.000004,-0.000002
2025-12-16 18:00:27.646,0.001733,-0.009070,-0.015550,-0.000006,0.000004,-0.000002
2025-12-16 18:00:27.647,0.001790,-0.009013,-0.015549,-0.000006,0.000004,-0.000002
2025-12-16 18:00:27.648,0.001850,-0.008952,-0.015546,-0.000006,0.000004,-0.000002
2025-12-16 18:00:27.649,0.001907,-0.008889,-0.015544,-0.000006,0.000004,-0.000002
2025-12-16 18:00:27.651,0.002028,-0.008761,-0.015539,-0.000006,0.000004,-0.000002
2025-12-16 18:00:27.652,0.002088,-0.008699,-0.015534,-0.000006,0.000004,-0.000002
2025-12-16 18:00:27.655,0.002289,-0.008509,-0.015522,-0.000006,0.000004,-0.000002
2025-12-16 18:00:27.656,0.002361,-0.008445,-0.015523,-0.000006,0.000004,-0.000002
2025-12-16 18:00:27.657,0.002434,-0.008379,-0.015524,-0.000006,0.000004,-0.000002
2025-12-16 18:00:27.658,0.002508,-0.008313,-0.015526,-0.000006,0.000004,-0.000002
2025-12-16 18:00:27.659,0.002582,-0.008247,-0.015526,-0.000006,0.000004,-0.000002
2025-12-16 18:00:27.660,0.002663,-0.008180,-0.015525,-0.000006,0.000003,-0.000002
2025-12-16 18:00:27.661,0.002742,-0.008112,-0.015528,-0.000006,0.000003,-0.000002
2025-12-16 18:00:27.663,0.002911,-0.007980,-0.015531,-0.000007,0.000003,-0.000002
2025-12-16 18:00:27.664,0.002998,-0.007914,-0.015534,-0.000007,0.000003,-0.000002
2025-12-16 18:00:27.665,0.003088,-0.007844,-0.015539,-0.000006,0.000003,-0.000002
2025-12-16 18:00:27.666,0.003183,-0.007774,-0.015541,-0.000006,0.000004,-0.000002
2025-12-16 18:00:27.667,0.003278,-0.007704,-0.015551,-0.000006,0.000003,-0.000002
2025-12-16 18:00:27.668,0.003375,-0.007636,-0.015559,-0.000007,0.000003,-0.000002
2025-12-16 18:00:27.671,0.003678,-0.007425,-0.015591,-0.000007,0.000003,-0.000002
2025-12-16 18:00:27.672,0.003780,-0.007353,-0.015604,-0.000007,0.000003,-0.000002
2025-12-16 18:00:27.673,0.003887,-0.007281,-0.015624,-0.000007,0.000003,-0.000002
2025-12-16 18:00:27.674,0.003988,-0.007206,-0.015644,-0.000007,0.000003,-0.000002
2025-12-16 18:00:27.676,0.004089,-0.007132,-0.015669,-0.000007,0.000003,-0.000002
2025-12-16 18:00:27.677,0.004295,-0.006986,-0.015719,-0.000006,0.000003,-0.000002
2025-12-16 18:00:27.678,0.004397,-0.006913,-0.015749,-0.000007,0.000003,-0.000002
2025-12-16 18:00:27.679,0.004495,-0.006838,-0.015780,-0.000007,0.000003,-0.000002
2025-12-16 18:00:27.680,0.004598,-0.006763,-0.015819,-0.000007,0.000003,-0.000003
2025-12-16 18:00:27.681,0.004699,-0.006693,-0.015861,-0.000007,0.000003,-0.000003
2025-12-16 18:00:27.682,0.004790,-0.006619,-0.015904,-0.000007,0.000003,-0.000002
2025-12-16 18:00:27.683,0.004882,-0.006546,-0.015949,-0.000007,0.000003,-0.000003
2025-12-16 18:00:27.685,0.005063,-0.006399,-0.016052,-0.000007,0.000003,-0.000003
2025-12-16 18:00:27.686,0.005146,-0.006325,-0.016112,-0.000007,0.000003,-0.000003
2025-12-16 18:00:27.687,0.005231,-0.006253,-0.016171,-0.000007,0.000003,-0.000003
2025-12-16 18:00:27.688,0.005313,-0.006181,-0.016236,-0.000007,0.000003,-0.000003
2025-12-16 18:00:27.689,0.005391,-0.006109,-0.016299,-0.000007,0.000003,-0.000003
2025-12-16 18:00:27.690,0.005468,-0.006035,-0.016372,-0.000007,0.000003,-0.000003
2025-12-16 18:00:27.692,0.005625,-0.005896,-0.016531,-0.000007,0.000003,-0.000003
2025-12-16 18:00:27.693,0.005702,-0.005830,-0.016613,-0.000007,0.000003,-0.000003
2025-12-16 18:00:27.694,0.005776,-0.005768,-0.016702,-0.000007,0.000003,-0.000003
2025-12-16 18:00:27.695,0.005849,-0.005702,-0.016790,-0.000007,0.000003,-0.000003
2025-12-16 18:00:27.696,0.005921,-0.005635,-0.016880,-0.000007,0.000003,-0.000003
2025-12-16 18:00:27.697,0.005989,-0.005562,-0.016973,-0.000007,0.000003,-0.000003
2025-12-16 18:00:27.698,0.006061,-0.005489,-0.017063,-0.000008,0.000003,-0.000003
2025-12-16 18:00:27.699,0.006132,-0.005421,-0.017159,-0.000008,0.000003,-0.000003
2025-12-16 18:00:27.700,0.006204,-0.005354,-0.017257,-0.000008,0.000003,-0.000003
2025-12-16 18:00:27.701,0.006275,-0.005291,-0.017353,-0.000008,0.000003,-0.000003
2025-12-16 18:00:27.702,0.006352,-0.005234,-0.017450,-0.000008,0.000003,-0.000003
2025-12-16 18:00:27.703,0.006426,-0.005179,-0.017549,-0.000008,0.000003,-0.000003
2025-12-16 18:00:27.705,0.006496,-0.005125,-0.017645,-0.000008,0.000003,-0.000003
2025-12-16 18:00:27.706,0.006570,-0.005072,-0.017735,-0.000008,0.000003,-0.000003
2025-12-16 18:00:27.707,0.006717,-0.004965,-0.017916,-0.000008,0.000003,-0.000003
2025-12-16 18:00:27.708,0.006791,-0.004911,-0.018007,-0.000008,0.000003,-0.000003
2025-12-16 18:00:27.709,0.006873,-0.004865,-0.018100,-0.000008,0.000003,-0.000003
2025-12-16 18:00:27.710,0.006951,-0.004823,-0.018187,-0.000008,0.000003,-0.000003
2025-12-16 18:00:27.711,0.007018,-0.004780,-0.018270,-0.000008,0.000003,-0.000003
2025-12-16 18:00:27.712,0.007083,-0.004734,-0.018347,-0.000008,0.000003,-0.000003
2025-12-16 18:00:27.713,0.007147,-0.004691,-0.018422,-0.000008,0.000003,-0.000003
2025-12-16 18:00:27.714,0.007211,-0.004646,-0.018493,-0.000009,0.000003,-0.000003
2025-12-16 18:00:27.716,0.007345,-0.004570,-0.018635,-0.000008,0.000003,-0.000003
2025-12-16 18:00:27.717,0.007411,-0.004535,-0.018700,-0.000008,0.000003,-0.000003
2025-12-16 18:00:27.718,0.007476,-0.004499,-0.018766,-0.000008,0.000004,-0.000003
2025-12-16 18:00:27.719,0.007543,-0.004463,-0.018830,-0.000008,0.000003,-0.000003
2025-12-16 18:00:27.720,0.007607,-0.004426,-0.018890,-0.000008,0.000004,-0.000003
2025-12-16 18:00:27.721,0.007669,-0.004387,-0.018951,-0.000008,0.000004,-0.000003
2025-12-16 18:00:27.722,0.007727,-0.004343,-0.019011,-0.000009,0.000003,-0.000003
2025-12-16 18:00:27.723,0.007791,-0.004305,-0.019071,-0.000008,0.000004,-0.000003
2025-12-16 18:00:27.725,0.007916,-0.004222,-0.019182,-0.000009,0.000003,-0.000003
2025-12-16 18:00:27.726,0.007978,-0.004181,-0.019233,-0.000009,0.000003,-0.000003
2025-12-16 18:00:27.727,0.008037,-0.004136,-0.019285,-0.000009,0.000003,-0.000003
2025-12-16 18:00:27.728,0.008101,-0.004088,-0.019338,-0.000009,0.000003,-0.000003
2025-12-16 18:00:27.729,0.008163,-0.004042,-0.019394,-0.000009,0.000003,-0.000003
2025-12-16 18:00:27.730,0.008227,-0.004004,-0.019448,-0.000008,0.000004,-0.000003
2025-12-16 18:00:27.731,0.008293,-0.003965,-0.019501,-0.000008,0.000003,-0.000003
2025-12-16 18:00:27.735,0.008566,-0.003788,-0.019711,-0.000009,0.000004,-0.000003
2025-12-16 18:00:27.736,0.008635,-0.003742,-0.019761,-0.000009,0.000004,-0.000003
2025-12-16 18:00:27.737,0.008703,-0.003696,-0.019815,-0.000008,0.000004,-0.000003
2025-12-16 18:00:27.738,0.008772,-0.003652,-0.019870,-0.000008,0.000004,-0.000003
2025-12-16 18:00:27.739,0.008838,-0.003604,-0.019923,-0.000009,0.000004,-0.000004
2025-12-16 18:00:27.740,0.008905,-0.003557,-0.019975,-0.000009,0.000004,-0.000003
2025-12-16 18:00:27.742,0.009041,-0.003474,-0.020081,-0.000009,0.000004,-0.000004
2025-12-16 18:00:27.743,0.009103,-0.003427,-0.020138,-0.000009,0.000004,-0.000004
2025-12-16 18:00:27.746,0.009288,-0.003290,-0.020321,-0.000009,0.000003,-0.000004
2025-12-16 18:00:27.747,0.009349,-0.003247,-0.020380,-0.000009,0.000004,-0.000004
2025-12-16 18:00:27.748,0.009410,-0.003202,-0.020438,-0.000009,0.000003,-0.000004
2025-12-16 18:00:27.749,0.009471,-0.003161,-0.020500,-0.000010,0.000004,-0.000004
2025-12-16 18:00:27.750,0.009528,-0.003117,-0.020562,-0.000010,0.000004,-0.000004
2025-12-16 18:00:27.751,0.009584,-0.003077,-0.020627,-0.000010,0.000004,-0.000004
2025-12-16 18:00:27.753,0.009696,-0.003001,-0.020759,-0.000010,0.000004,-0.000004
2025-12-16 18:00:27.754,0.009750,-0.002969,-0.020826,-0.000010,0.000004,-0.000004
2025-12-16 18:00:27.755,0.009796,-0.002934,-0.020892,-0.000010,0.000003,-0.000004
2025-12-16 18:00:27.756,0.009839,-0.002897,-0.020963,-0.000010,0.000004,-0.000004
2025-12-16 18:00:27.757,0.009879,-0.002861,-0.021034,-0.000010,0.000004,-0.000004
2025-12-16 18:00:27.758,0.009918,-0.002825,-0.021105,-0.000010,0.000004,-0.000004
2025-12-16 18:00:27.759,0.009955,-0.002791,-0.021173,-0.000010,0.000004,-0.000004
2025-12-16 18:00:27.760,0.009991,-0.002753,-0.021239,-0.000010,0.000004,-0.000004
2025-12-16 18:00:27.763,0.010088,-0.002624,-0.021437,-0.000011,0.000004,-0.000004
2025-12-16 18:00:27.764,0.010114,-0.002586,-0.021503,-0.000011,0.000004,-0.000004
2025-12-16 18:00:27.765,0.010140,-0.002550,-0.021570,-0.000011,0.000004,-0.000004
2025-12-16 18:00:27.766,0.010161,-0.002510,-0.021636,-0.000010,0.000004,-0.000004
2025-12-16 18:00:27.767,0.010177,-0.002471,-0.021702,-0.000011,0.000004,-0.000004
2025-12-16 18:00:27.768,0.010189,-0.002430,-0.021766,-0.000011,0.000004,-0.000004
2025-12-16 18:00:27.769,0.010194,-0.002383,-0.021826,-0.000010,0.000004,-0.000004
2025-12-16 18:00:27.771,0.010200,-0.002285,-0.021936,-0.000011,0.000004,-0.000004
2025-12-16 18:00:27.772,0.010193,-0.002234,-0.021986,-0.000011,0.000004,-0.000004
2025-12-16 18:00:27.773,0.010184,-0.002180,-0.022036,-0.000011,0.000004,-0.000004
2025-12-16 18:00:27.774,0.010175,-0.002129,-0.022082,-0.000011,0.000004,-0.000004
2025-12-16 18:00:27.775,0.010167,-0.002079,-0.022126,-0.000011,0.000004,-0.000004
2025-12-16 18:00:27.776,0.010157,-0.002031,-0.022162,-0.000011,0.000004,-0.000004
2025-12-16 18:00:27.777,0.010148,-0.001984,-0.022196,-0.000011,0.000004,-0.000004
2025-12-16 18:00:27.781,0.010097,-0.001796,-0.022289,-0.000012,0.000005,-0.000003
2025-12-16 18:00:27.782,0.010078,-0.001750,-0.022309,-0.000012,0.000005,-0.000003
2025-12-16 18:00:27.783,0.010061,-0.001706,-0.022329,-0.000012,0.000005,-0.000003
2025-12-16 18:00:27.784,0.010045,-0.001665,-0.022348,-0.000012,0.000005,-0.000003
2025-12-16 18:00:27.785,0.010028,-0.001624,-0.022363,-0.000012,0.000005,-0.000003
2025-12-16 18:00:27.787,0.010009,-0.001587,-0.022381,-0.000012,0.000005,-0.000003
2025-12-16 18:00:27.791,0.009949,-0.001452,-0.022481,-0.000013,0.000005,-0.000003
2025-12-16 18:00:27.792,0.009944,-0.001433,-0.022507,-0.000013,0.000005,-0.000003
2025-12-16 18:00:27.793,0.009939,-0.001418,-0.022533,-0.000013,0.000005,-0.000003
2025-12-16 18:00:27.795,0.009940,-0.001404,-0.022600,-0.000013,0.000005,-0.000003
2025-12-16 18:00:27.797,0.009939,-0.001398,-0.022676,-0.000013,0.000005,-0.000004
2025-12-16 18:00:27.798,0.009938,-0.001397,-0.022723,-0.000013,0.000005,-0.000004
2025-12-16 18:00:27.801,0.009937,-0.001424,-0.022884,-0.000013,0.000005,-0.000004
2025-12-16 18:00:27.802,0.009936,-0.001444,-0.022937,-0.000013,0.000005,-0.000003
2025-12-16 18:00:27.803,0.009941,-0.001469,-0.022991,-0.000013,0.000005,-0.000004
2025-12-16 18:00:27.804,0.009939,-0.001492,-0.023049,-0.000013,0.000005,-0.000004
2025-12-16 18:00:27.805,0.009935,-0.001517,-0.023109,-0.000013,0.000005,-0.000004
2025-12-16 18:00:27.806,0.009933,-0.001542,-0.023167,-0.000013,0.000005,-0.000004
2025-12-16 18:00:27.808,0.009934,-0.001573,-0.023222,-0.000013,0.000005,-0.000004
2025-12-16 18:00:27.809,0.009932,-0.001605,-0.023275,-0.000013,0.000005,-0.000004
2025-12-16 18:00:27.811,0.009924,-0.001635,-0.023326,-0.000013,0.000005,-0.000004
2025-12-16 18:00:27.813,0.009896,-0.001703,-0.023426,-0.000013,0.000005,-0.000003
2025-12-16 18:00:27.814,0.009874,-0.001737,-0.023478,-0.000013,0.000005,-0.000003
2025-12-16 18:00:27.815,0.009850,-0.001776,-0.023531,-0.000013,0.000005,-0.000004
2025-12-16 18:00:27.817,0.009780,-0.001844,-0.023625,-0.000012,0.000005,-0.000004
2025-12-16 18:00:27.821,0.009562,-0.002006,-0.023817,-0.000014,0.000006,-0.000004
2025-12-16 18:00:27.823,0.009378,-0.002097,-0.023885,-0.000014,0.000006,-0.000004
2025-12-16 18:00:27.825,0.009254,-0.002161,-0.023912,-0.000013,0.000006,-0.000004
2025-12-16 18:00:27.826,0.009188,-0.002193,-0.023923,-0.000013,0.000006,-0.000004
2025-12-16 18:00:27.827,0.009113,-0.002219,-0.023935,-0.000013,0.000006,-0.000003
2025-12-16 18:00:27.828,0.009040,-0.002250,-0.023949,-0.000013,0.000006,-0.000003
2025-12-16 18:00:27.829,0.008969,-0.002282,-0.023962,-0.000013,0.000006,-0.000003
2025-12-16 18:00:27.831,0.008898,-0.002312,-0.023971,-0.000013,0.000006,-0.000003
2025-12-16 18:00:27.832,0.008762,-0.002379,-0.023984,-0.000013,0.000006,-0.000003
2025-12-16 18:00:27.833,0.008701,-0.002411,-0.023986,-0.000013,0.000006,-0.000003
2025-12-16 18:00:27.835,0.008594,-0.002472,-0.023973,-0.000013,0.000006,-0.000003
2025-12-16 18:00:27.836,0.008541,-0.002505,-0.023965,-0.000013,0.000006,-0.000003
2025-12-16 18:00:27.837,0.008493,-0.002541,-0.023955,-0.000013,0.000006,-0.000003
2025-12-16 18:00:27.838,0.008447,-0.002581,-0.023952,-0.000014,0.000006,-0.000003
2025-12-16 18:00:27.840,0.008355,-0.002663,-0.023937,-0.000014,0.000006,-0.000003
2025-12-16 18:00:27.841,0.008320,-0.002710,-0.023921,-0.000014,0.000006,-0.000003
2025-12-16 18:00:27.842,0.008290,-0.002761,-0.023904,-0.000014,0.000006,-0.000003
2025-12-16 18:00:27.844,0.008241,-0.002869,-0.023864,-0.000014,0.000006,-0.000003
2025-12-16 18:00:27.845,0.008222,-0.002927,-0.023848,-0.000014,0.000006,-0.000003
2025-12-16 18:00:27.846,0.008205,-0.002987,-0.023831,-0.000014,0.000006,-0.000003
2025-12-16 18:00:27.849,0.008185,-0.003175,-0.023766,-0.000014,0.000005,-0.000003
2025-12-16 18:00:27.850,0.008186,-0.003240,-0.023743,-0.000014,0.000005,-0.000004
2025-12-16 18:00:27.851,0.008190,-0.003314,-0.023713,-0.000014,0.000005,-0.000003
2025-12-16 18:00:27.853,0.008183,-0.003450,-0.023651,-0.000014,0.000005,-0.000003
2025-12-16 18:00:27.855,0.008172,-0.003585,-0.023597,-0.000014,0.000005,-0.000003
2025-12-16 18:00:27.856,0.008169,-0.003655,-0.023568,-0.000014,0.000005,-0.000003
2025-12-16 18:00:27.857,0.008163,-0.003723,-0.023542,-0.000014,0.000005,-0.000003
2025-12-16 18:00:27.858,0.008155,-0.003786,-0.023514,-0.000014,0.000005,-0.000003
2025-12-16 18:00:27.860,0.008132,-0.003902,-0.023463,-0.000013,0.000005,-0.000003
2025-12-16 18:00:27.862,0.008097,-0.004004,-0.023400,-0.000013,0.000005,-0.000003
2025-12-16 18:00:27.863,0.008072,-0.004052,-0.023372,-0.000014,0.000005,-0.000003
2025-12-16 18:00:27.864,0.008048,-0.004097,-0.023342,-0.000014,0.000005,-0.000003
2025-12-16 18:00:27.865,0.008019,-0.004134,-0.023312,-0.000013,0.000005,-0.000003
2025-12-16 18:00:27.866,0.007988,-0.004173,-0.023278,-0.000013,0.000005,-0.000003
2025-12-16 18:00:27.868,0.007946,-0.004207,-0.023246,-0.000013,0.000005,-0.000003
2025-12-16 18:00:27.869,0.007860,-0.004267,-0.023189,-0.000013,0.000005,-0.000003
2025-12-16 18:00:27.871,0.007763,-0.004313,-0.023130,-0.000013,0.000005,-0.000003
2025-12-16 18:00:27.872,0.007714,-0.004331,-0.023104,-0.000013,0.000005,-0.000003
2025-12-16 18:00:27.873,0.007661,-0.004345,-0.023076,-0.000013,0.000005,-0.000003
2025-12-16 18:00:27.874,0.007612,-0.004363,-0.023048,-0.000013,0.000005,-0.000003
2025-12-16 18:00:27.876,0.007520,-0.004391,-0.022986,-0.000012,0.000005,-0.000003
2025-12-16 18:00:27.877,0.007478,-0.004403,-0.022954,-0.000012,0.000005,-0.000003
2025-12-16 18:00:27.879,0.007400,-0.004431,-0.022886,-0.000012,0.000005,-0.000003
2025-12-16 18:00:27.880,0.007361,-0.004446,-0.022858,-0.000013,0.000005,-0.000003
2025-12-16 18:00:27.883,0.007264,-0.004500,-0.022786,-0.000012,0.000005,-0.000003
2025-12-16 18:00:27.884,0.007240,-0.004523,-0.022769,-0.000013,0.000005,-0.000003
2025-12-16 18:00:27.885,0.007224,-0.004549,-0.022754,-0.000013,0.000005,-0.000003
2025-12-16 18:00:27.886,0.007211,-0.004573,-0.022738,-0.000013,0.000005,-0.000003
2025-12-16 18:00:27.889,0.007218,-0.004668,-0.022698,-0.000012,0.000005,-0.000003
2025-12-16 18:00:27.890,0.007235,-0.004707,-0.022689,-0.000012,0.000005,-0.000003
2025-12-16 18:00:27.891,0.007254,-0.004744,-0.022679,-0.000013,0.000005,-0.000003
2025-12-16 18:00:27.892,0.007282,-0.004787,-0.022670,-0.000013,0.000005,-0.000003
2025-12-16 18:00:27.893,0.007317,-0.004835,-0.022661,-0.000013,0.000005,-0.000003
2025-12-16 18:00:27.895,0.007350,-0.004881,-0.022651,-0.000012,0.000005,-0.000003
2025-12-16 18:00:27.896,0.007388,-0.004926,-0.022645,-0.000013,0.000005,-0.000003
2025-12-16 18:00:27.897,0.007431,-0.004972,-0.022643,-0.000012,0.000005,-0.000003
2025-12-16 18:00:27.898,0.007474,-0.005022,-0.022645,-0.000012,0.000005,-0.000003
2025-12-16 18:00:27.901,0.007621,-0.005178,-0.022656,-0.000013,0.000004,-0.000003
2025-12-16 18:00:27.902,0.007727,-0.005281,-0.022658,-0.000013,0.000004,-0.000004
2025-12-16 18:00:27.904,0.007835,-0.005369,-0.022648,-0.000013,0.000004,-0.000004
2025-12-16 18:00:27.905,0.007885,-0.005408,-0.022633,-0.000012,0.000004,-0.000004
2025-12-16 18:00:27.906,0.007932,-0.005447,-0.022620,-0.000012,0.000004,-0.000004
2025-12-16 18:00:27.907,0.007974,-0.005481,-0.022611,-0.000012,0.000004,-0.000004
2025-12-16 18:00:27.908,0.008016,-0.005512,-0.022593,-0.000012,0.000004,-0.000004
2025-12-16 18:00:27.909,0.008053,-0.005540,-0.022573,-0.000012,0.000004,-0.000004
2025-12-16 18:00:27.911,0.008084,-0.005566,-0.022552,-0.000012,0.000004,-0.000004
2025-12-16 18:00:27.912,0.008133,-0.005607,-0.022502,-0.000012,0.000004,-0.000004
2025-12-16 18:00:27.913,0.008150,-0.005620,-0.022476,-0.000012,0.000004,-0.000004
2025-12-16 18:00:27.914,0.008165,-0.005631,-0.022451,-0.000012,0.000004,-0.000004
2025-12-16 18:00:27.915,0.008177,-0.005639,-0.022422,-0.000012,0.000004,-0.000004
2025-12-16 18:00:27.916,0.008181,-0.005649,-0.022386,-0.000012,0.000004,-0.000004
2025-12-16 18:00:27.918,0.008182,-0.005648,-0.022296,-0.000011,0.000004,-0.000004
2025-12-16 18:00:27.919,0.008180,-0.005646,-0.022250,-0.000012,0.000004,-0.000004
2025-12-16 18:00:27.920,0.008177,-0.005644,-0.022203,-0.000012,0.000004,-0.000004
2025-12-16 18:00:27.923,0.008162,-0.005642,-0.022054,-0.000012,0.000004,-0.000004
2025-12-16 18:00:27.924,0.008151,-0.005640,-0.022006,-0.000012,0.000004,-0.000004
2025-12-16 18:00:27.925,0.008145,-0.005640,-0.021961,-0.000012,0.000004,-0.000004
2025-12-16 18:00:27.926,0.008141,-0.005639,-0.021914,-0.000012,0.000004,-0.000004
2025-12-16 18:00:27.929,0.008143,-0.005651,-0.021764,-0.000012,0.000004,-0.000004
2025-12-16 18:00:27.930,0.008154,-0.005661,-0.021713,-0.000012,0.000004,-0.000004
2025-12-16 18:00:27.931,0.008167,-0.005674,-0.021667,-0.000012,0.000004,-0.000004
2025-12-16 18:00:27.932,0.008185,-0.005691,-0.021621,-0.000012,0.000004,-0.000004
2025-12-16 18:00:27.933,0.008211,-0.005715,-0.021576,-0.000012,0.000004,-0.000004
2025-12-16 18:00:27.934,0.008240,-0.005739,-0.021533,-0.000012,0.000004,-0.000004
2025-12-16 18:00:27.936,0.008306,-0.005795,-0.021453,-0.000012,0.000004,-0.000004
2025-12-16 18:00:27.938,0.008396,-0.005873,-0.021387,-0.000012,0.000004,-0.000003
2025-12-16 18:00:27.940,0.008510,-0.005966,-0.021323,-0.000012,0.000004,-0.000003
2025-12-16 18:00:27.941,0.008572,-0.006016,-0.021295,-0.000012,0.000004,-0.000003
2025-12-16 18:00:27.942,0.008638,-0.006065,-0.021273,-0.000012,0.000004,-0.000003
2025-12-16 18:00:27.943,0.008709,-0.006119,-0.021251,-0.000011,0.000004,-0.000003
2025-12-16 18:00:27.947,0.009032,-0.006344,-0.021178,-0.000011,0.000004,-0.000004
2025-12-16 18:00:27.948,0.009122,-0.006402,-0.021165,-0.000012,0.000003,-0.000004
2025-12-16 18:00:27.951,0.009397,-0.006569,-0.021145,-0.000012,0.000003,-0.000004
2025-12-16 18:00:27.953,0.009579,-0.006663,-0.021137,-0.000011,0.000003,-0.000004
2025-12-16 18:00:27.955,0.009746,-0.006749,-0.021137,-0.000011,0.000003,-0.000004
2025-12-16 18:00:27.956,0.009824,-0.006785,-0.021144,-0.000011,0.000003,-0.000004
2025-12-16 18:00:27.957,0.009899,-0.006820,-0.021152,-0.000011,0.000003,-0.000004
2025-12-16 18:00:27.958,0.009969,-0.006841,-0.021156,-0.000011,0.000003,-0.000004
2025-12-16 18:00:27.959,0.010035,-0.006858,-0.021163,-0.000011,0.000003,-0.000004
2025-12-16 18:00:27.961,0.010157,-0.006877,-0.021189,-0.000011,0.000003,-0.000004
2025-12-16 18:00:27.962,0.010209,-0.006876,-0.021201,-0.000011,0.000003,-0.000005
2025-12-16 18:00:27.963,0.010255,-0.006872,-0.021219,-0.000011,0.000003,-0.000004
2025-12-16 18:00:27.964,0.010300,-0.006860,-0.021233,-0.000011,0.000003,-0.000005
2025-12-16 18:00:27.965,0.010339,-0.006845,-0.021248,-0.000011,0.000003,-0.000005
2025-12-16 18:00:27.967,0.010373,-0.006823,-0.021269,-0.000011,0.000003,-0.000005
2025-12-16 18:00:27.968,0.010413,-0.006764,-0.021301,-0.000011,0.000003,-0.000005
2025-12-16 18:00:27.969,0.010426,-0.006727,-0.021316,-0.000011,0.000003,-0.000005
2025-12-16 18:00:27.970,0.010438,-0.006690,-0.021334,-0.000011,0.000003,-0.000005
2025-12-16 18:00:27.971,0.010445,-0.006650,-0.021353,-0.000011,0.000003,-0.000005
2025-12-16 18:00:27.972,0.010453,-0.006607,-0.021375,-0.000011,0.000003,-0.000005
2025-12-16 18:00:27.974,0.010480,-0.006518,-0.021414,-0.000011,0.000003,-0.000005
2025-12-16 18:00:27.975,0.010493,-0.006468,-0.021431,-0.000011,0.000003,-0.000005
2025-12-16 18:00:27.976,0.010508,-0.006419,-0.021447,-0.000011,0.000003,-0.000004
2025-12-16 18:00:27.977,0.010525,-0.006369,-0.021462,-0.000011,0.000003,-0.000005
2025-12-16 18:00:27.978,0.010549,-0.006324,-0.021479,-0.000011,0.000003,-0.000005
2025-12-16 18:00:27.979,0.010576,-0.006278,-0.021497,-0.000011,0.000003,-0.000005
2025-12-16 18:00:27.980,0.010604,-0.006234,-0.021514,-0.000011,0.000003,-0.000005
2025-12-16 18:00:27.982,0.010682,-0.006160,-0.021549,-0.000011,0.000003,-0.000005
2025-12-16 18:00:27.983,0.010731,-0.006126,-0.021561,-0.000011,0.000003,-0.000004
2025-12-16 18:00:27.984,0.010785,-0.006098,-0.021579,-0.000011,0.000003,-0.000005
2025-12-16 18:00:27.985,0.010845,-0.006070,-0.021592,-0.000011,0.000003,-0.000005
2025-12-16 18:00:27.986,0.010913,-0.006043,-0.021604,-0.000011,0.000003,-0.000005
2025-12-16 18:00:27.987,0.010989,-0.006017,-0.021625,-0.000011,0.000003,-0.000005
2025-12-16 18:00:27.989,0.011174,-0.005979,-0.021662,-0.000011,0.000002,-0.000005
2025-12-16 18:00:27.990,0.011279,-0.005966,-0.021676,-0.000011,0.000003,-0.000005
2025-12-16 18:00:27.991,0.011391,-0.005955,-0.021690,-0.000011,0.000003,-0.000005
2025-12-16 18:00:27.992,0.011506,-0.005946,-0.021708,-0.000011,0.000002,-0.000005
2025-12-16 18:00:27.993,0.011626,-0.005935,-0.021725,-0.000011,0.000002,-0.000005
2025-12-16 18:00:27.995,0.011887,-0.005923,-0.021767,-0.000011,0.000002,-0.000005
2025-12-16 18:00:27.996,0.012026,-0.005923,-0.021783,-0.000011,0.000002,-0.000005
2025-12-16 18:00:27.997,0.012167,-0.005921,-0.021796,-0.000011,0.000002,-0.000005
2025-12-16 18:00:27.998,0.012308,-0.005915,-0.021816,-0.000011,0.000002,-0.000005
2025-12-16 18:00:27.999,0.012427,-0.005909,-0.021834,-0.000011,0.000002,-0.000005
2025-12-16 18:00:28.001,0.012717,-0.005892,-0.021882,-0.000012,0.000002,-0.000005
2025-12-16 18:00:28.002,0.012865,-0.005883,-0.021908,-0.000012,0.000002,-0.000005
2025-12-16 18:00:28.003,0.013047,-0.005862,-0.021938,-0.000011,0.000002,-0.000005
2025-12-16 18:00:28.004,0.013201,-0.005843,-0.021962,-0.000012,0.000002,-0.000005
2025-12-16 18:00:28.005,0.013336,-0.005824,-0.021990,-0.000011,0.000002,-0.000005
2025-12-16 18:00:28.007,0.013587,-0.005776,-0.022044,-0.000011,0.000002,-0.000005
2025-12-16 18:00:28.008,0.013710,-0.005749,-0.022072,-0.000011,0.000002,-0.000005
2025-12-16 18:00:28.009,0.013829,-0.005721,-0.022103,-0.000011,0.000002,-0.000006
2025-12-16 18:00:28.010,0.013942,-0.005684,-0.022137,-0.000012,0.000002,-0.000006
2025-12-16 18:00:28.011,0.014053,-0.005644,-0.022171,-0.000011,0.000002,-0.000006
2025-12-16 18:00:28.013,0.014264,-0.005555,-0.022235,-0.000012,0.000002,-0.000006
2025-12-16 18:00:28.014,0.014363,-0.005509,-0.022267,-0.000011,0.000002,-0.000006
2025-12-16 18:00:28.015,0.014462,-0.005464,-0.022300,-0.000012,0.000002,-0.000006
2025-12-16 18:00:28.016,0.014554,-0.005413,-0.022342,-0.000011,0.000002,-0.000006
2025-12-16 18:00:28.017,0.014646,-0.005358,-0.022390,-0.000012,0.000002,-0.000006
2025-12-16 18:00:28.018,0.014737,-0.005303,-0.022436,-0.000012,0.000002,-0.000006
2025-12-16 18:00:28.020,0.014929,-0.005196,-0.022536,-0.000012,0.000002,-0.000006
2025-12-16 18:00:28.021,0.015024,-0.005139,-0.022586,-0.000012,0.000002,-0.000006
2025-12-16 18:00:28.022,0.015120,-0.005085,-0.022634,-0.000012,0.000002,-0.000006
2025-12-16 18:00:28.023,0.015217,-0.005037,-0.022684,-0.000012,0.000002,-0.000006
2025-12-16 18:00:28.024,0.015313,-0.004990,-0.022740,-0.000012,0.000002,-0.000006
2025-12-16 18:00:28.025,0.015415,-0.004948,-0.022799,-0.000012,0.000002,-0.000006
2025-12-16 18:00:28.026,0.015523,-0.004913,-0.022864,-0.000012,0.000002,-0.000006
2025-12-16 18:00:28.028,0.015748,-0.004839,-0.023003,-0.000012,0.000002,-0.000006
2025-12-16 18:00:28.029,0.015865,-0.004806,-0.023081,-0.000012,0.000002,-0.000006
2025-12-16 18:00:28.030,0.015987,-0.004777,-0.023158,-0.000012,0.000002,-0.000006
2025-12-16 18:00:28.031,0.016114,-0.004755,-0.023242,-0.000012,0.000002,-0.000006
2025-12-16 18:00:28.032,0.016251,-0.004735,-0.023332,-0.000012,0.000002,-0.000006
2025-12-16 18:00:28.033,0.016389,-0.004718,-0.023424,-0.000013,0.000002,-0.000006
2025-12-16 18:00:28.035,0.016667,-0.004687,-0.023612,-0.000013,0.000002,-0.000006
2025-12-16 18:00:28.036,0.016811,-0.004678,-0.023709,-0.000012,0.000002,-0.000006
2025-12-16 18:00:28.037,0.016955,-0.004672,-0.023804,-0.000013,0.000002,-0.000006
2025-12-16 18:00:28.038,0.017101,-0.004671,-0.023905,-0.000013,0.000002,-0.000006
2025-12-16 18:00:28.039,0.017243,-0.004666,-0.024009,-0.000013,0.000002,-0.000006
2025-12-16 18:00:28.040,0.017389,-0.004668,-0.024116,-0.000013,0.000002,-0.000006
2025-12-16 18:00:28.043,0.017832,-0.004672,-0.024441,-0.000014,0.000002,-0.000006
2025-12-16 18:00:28.044,0.017981,-0.004674,-0.024544,-0.000013,0.000002,-0.000006
2025-12-16 18:00:28.045,0.018131,-0.004673,-0.024648,-0.000014,0.000002,-0.000006
2025-12-16 18:00:28.047,0.018410,-0.004668,-0.024858,-0.000014,0.000002,-0.000006
2025-12-16 18:00:28.048,0.018547,-0.004669,-0.024960,-0.000014,0.000002,-0.000006
2025-12-16 18:00:28.049,0.018679,-0.004668,-0.025056,-0.000014,0.000002,-0.000007
2025-12-16 18:00:28.050,0.018809,-0.004668,-0.025153,-0.000014,0.000002,-0.000007
2025-12-16 18:00:28.053,0.019163,-0.004651,-0.025427,-0.000014,0.000002,-0.000007
2025-12-16 18:00:28.054,0.019274,-0.004647,-0.025516,-0.000014,0.000002,-0.000007
2025-12-16 18:00:28.055,0.019382,-0.004635,-0.025606,-0.000014,0.000002,-0.000007
2025-12-16 18:00:28.056,0.019479,-0.004619,-0.025685,-0.000014,0.000002,-0.000007
2025-12-16 18:00:28.057,0.019574,-0.004604,-0.025764,-0.000015,0.000001,-0.000007
2025-12-16 18:00:28.059,0.019753,-0.004578,-0.025905,-0.000014,0.000001,-0.000007
2025-12-16 18:00:28.061,0.019904,-0.004548,-0.026033,-0.000014,0.000001,-0.000008
2025-12-16 18:00:28.062,0.019973,-0.004539,-0.026090,-0.000014,0.000001,-0.000008
2025-12-16 18:00:28.063,0.020034,-0.004527,-0.026145,-0.000014,0.000001,-0.000008
2025-12-16 18:00:28.064,0.020086,-0.004512,-0.026196,-0.000014,0.000001,-0.000008
2025-12-16 18:00:28.065,0.020133,-0.004503,-0.026245,-0.000014,0.000001,-0.000008
2025-12-16 18:00:28.066,0.020177,-0.004495,-0.026284,-0.000014,0.000001,-0.000008
2025-12-16 18:00:28.067,0.020217,-0.004489,-0.026315,-0.000014,0.000001,-0.000008
2025-12-16 18:00:28.068,0.020245,-0.004477,-0.026347,-0.000014,0.000001,-0.000008
2025-12-16 18:00:28.071,0.020296,-0.004453,-0.026424,-0.000014,0.000001,-0.000008
2025-12-16 18:00:28.072,0.020308,-0.004454,-0.026443,-0.000014,0.000001,-0.000008
2025-12-16 18:00:28.073,0.020312,-0.004454,-0.026459,-0.000014,0.000001,-0.000008
2025-12-16 18:00:28.074,0.020309,-0.004456,-0.026470,-0.000014,0.000001,-0.000008
2025-12-16 18:00:28.076,0.020299,-0.004462,-0.026476,-0.000014,0.000001,-0.000008
2025-12-16 18:00:28.077,0.020268,-0.004479,-0.026480,-0.000014,0.000001,-0.000008
2025-12-16 18:00:28.081,0.020151,-0.004533,-0.026434,-0.000014,0.000001,-0.000008
2025-12-16 18:00:28.082,0.020118,-0.004552,-0.026416,-0.000015,0.000001,-0.000008
2025-12-16 18:00:28.083,0.020086,-0.004576,-0.026401,-0.000014,0.000001,-0.000008
2025-12-16 18:00:28.084,0.020050,-0.004600,-0.026385,-0.000015,0.000001,-0.000008
2025-12-16 18:00:28.085,0.020012,-0.004624,-0.026365,-0.000015,0.000001,-0.000008
2025-12-16 18:00:28.086,0.019974,-0.004649,-0.026345,-0.000015,0.000001,-0.000007
2025-12-16 18:00:28.088,0.019901,-0.004715,-0.026310,-0.000015,0.000001,-0.000007
2025-12-16 18:00:28.089,0.019868,-0.004755,-0.026290,-0.000015,0.000001,-0.000007
2025-12-16 18:00:28.091,0.019806,-0.004836,-0.026248,-0.000015,0.000001,-0.000007
2025-12-16 18:00:28.092,0.019775,-0.004872,-0.026233,-0.000015,0.000001,-0.000007
2025-12-16 18:00:28.093,0.019751,-0.004915,-0.026219,-0.000014,0.000001,-0.000007
2025-12-16 18:00:28.094,0.019732,-0.004964,-0.026209,-0.000015,0.000001,-0.000007
2025-12-16 18:00:28.095,0.019716,-0.005013,-0.026207,-0.000015,0.000001,-0.000007
2025-12-16 18:00:28.096,0.019700,-0.005063,-0.026204,-0.000014,0.000001,-0.000007
2025-12-16 18:00:28.098,0.019675,-0.005169,-0.026216,-0.000015,0.000001,-0.000007
2025-12-16 18:00:28.099,0.019667,-0.005232,-0.026229,-0.000015,0.000001,-0.000007
2025-12-16 18:00:28.100,0.019658,-0.005289,-0.026249,-0.000015,0.000001,-0.000007
2025-12-16 18:00:28.101,0.019647,-0.005348,-0.026273,-0.000015,0.000001,-0.000007
2025-12-16 18:00:28.102,0.019634,-0.005411,-0.026302,-0.000015,0.000001,-0.000007
2025-12-16 18:00:28.103,0.019617,-0.005475,-0.026327,-0.000015,0.000001,-0.000007
2025-12-16 18:00:28.104,0.019603,-0.005542,-0.026356,-0.000015,0.000001,-0.000007
2025-12-16 18:00:28.105,0.019588,-0.005610,-0.026390,-0.000015,0.000001,-0.000007
2025-12-16 18:00:28.106,0.019572,-0.005679,-0.026426,-0.000015,0.000001,-0.000007
2025-12-16 18:00:28.108,0.019552,-0.005748,-0.026470,-0.000015,0.000001,-0.000007
2025-12-16 18:00:28.109,0.019501,-0.005882,-0.026563,-0.000015,0.000001,-0.000007
2025-12-16 18:00:28.110,0.019474,-0.005945,-0.026619,-0.000016,0.000001,-0.000007
2025-12-16 18:00:28.111,0.019442,-0.006004,-0.026675,-0.000015,0.000001,-0.000007
2025-12-16 18:00:28.112,0.019410,-0.006071,-0.026729,-0.000015,0.000001,-0.000007
2025-12-16 18:00:28.113,0.019371,-0.006135,-0.026787,-0.000015,0.000001,-0.000007
2025-12-16 18:00:28.114,0.019331,-0.006202,-0.026847,-0.000014,0.000001,-0.000008
2025-12-16 18:00:28.115,0.019288,-0.006266,-0.026904,-0.000015,0.000001,-0.000007
2025-12-16 18:00:28.116,0.019245,-0.006330,-0.026963,-0.000015,0.000001,-0.000007
2025-12-16 18:00:28.118,0.019148,-0.006445,-0.027084,-0.000015,0.000001,-0.000007
2025-12-16 18:00:28.119,0.019096,-0.006496,-0.027140,-0.000015,0.000001,-0.000007
2025-12-16 18:00:28.120,0.019049,-0.006549,-0.027193,-0.000016,0.000001,-0.000007
2025-12-16 18:00:28.121,0.019003,-0.006600,-0.027250,-0.000015,0.000001,-0.000007
2025-12-16 18:00:28.122,0.018957,-0.006650,-0.027306,-0.000015,0.000001,-0.000008
2025-12-16 18:00:28.123,0.018915,-0.006697,-0.027367,-0.000015,0.000001,-0.000007
2025-12-16 18:00:28.124,0.018875,-0.006742,-0.027425,-0.000015,0.000001,-0.000007
2025-12-16 18:00:28.126,0.018837,-0.006782,-0.027481,-0.000015,0.000001,-0.000008
2025-12-16 18:00:28.127,0.018797,-0.006821,-0.027533,-0.000015,0.000002,-0.000008
2025-12-16 18:00:28.128,0.018718,-0.006891,-0.027625,-0.000015,0.000001,-0.000007
2025-12-16 18:00:28.129,0.018683,-0.006926,-0.027669,-0.000015,0.000002,-0.000007
2025-12-16 18:00:28.130,0.018648,-0.006960,-0.027708,-0.000015,0.000002,-0.000007
2025-12-16 18:00:28.131,0.018615,-0.006996,-0.027747,-0.000015,0.000001,-0.000008
2025-12-16 18:00:28.132,0.018587,-0.007028,-0.027784,-0.000015,0.000001,-0.000008
2025-12-16 18:00:28.133,0.018561,-0.007060,-0.027819,-0.000015,0.000002,-0.000008
2025-12-16 18:00:28.134,0.018535,-0.007082,-0.027851,-0.000015,0.000002,-0.000008
2025-12-16 18:00:28.135,0.018510,-0.007102,-0.027882,-0.000015,0.000002,-0.000008
2025-12-16 18:00:28.136,0.018483,-0.007124,-0.027909,-0.000015,0.000002,-0.000008
2025-12-16 18:00:28.137,0.018455,-0.007145,-0.027931,-0.000016,0.000002,-0.000008
2025-12-16 18:00:28.138,0.018432,-0.007162,-0.027946,-0.000016,0.000002,-0.000007
2025-12-16 18:00:28.140,0.018380,-0.007204,-0.027972,-0.000015,0.000002,-0.000008
2025-12-16 18:00:28.141,0.018355,-0.007221,-0.027977,-0.000015,0.000002,-0.000007
2025-12-16 18:00:28.142,0.018328,-0.007232,-0.027979,-0.000015,0.000002,-0.000007
2025-12-16 18:00:28.143,0.018300,-0.007242,-0.027979,-0.000015,0.000002,-0.000007
2025-12-16 18:00:28.144,0.018275,-0.007252,-0.027972,-0.000015,0.000002,-0.000007
2025-12-16 18:00:28.145,0.018250,-0.007262,-0.027963,-0.000015,0.000002,-0.000007
2025-12-16 18:00:28.146,0.018230,-0.007269,-0.027954,-0.000015,0.000002,-0.000007
2025-12-16 18:00:28.147,0.018210,-0.007277,-0.027945,-0.000015,0.000002,-0.000007
2025-12-16 18:00:28.149,0.018177,-0.007295,-0.027921,-0.000015,0.000002,-0.000007
2025-12-16 18:00:28.150,0.018162,-0.007305,-0.027906,-0.000015,0.000002,-0.000007
2025-12-16 18:00:28.151,0.018146,-0.007311,-0.027891,-0.000015,0.000002,-0.000007
2025-12-16 18:00:28.152,0.018129,-0.007317,-0.027875,-0.000015,0.000002,-0.000007
2025-12-16 18:00:28.153,0.018112,-0.007323,-0.027858,-0.000015,0.000002,-0.000007
2025-12-16 18:00:28.154,0.018095,-0.007328,-0.027836,-0.000015,0.000002,-0.000007
2025-12-16 18:00:28.155,0.018077,-0.007330,-0.027815,-0.000015,0.000002,-0.000007
2025-12-16 18:00:28.156,0.018060,-0.007330,-0.027799,-0.000014,0.000002,-0.000007
2025-12-16 18:00:28.158,0.018031,-0.007332,-0.027774,-0.000015,0.000002,-0.000007
2025-12-16 18:00:28.159,0.018011,-0.007325,-0.027758,-0.000015,0.000002,-0.000007
2025-12-16 18:00:28.160,0.017990,-0.007316,-0.027744,-0.000015,0.000002,-0.000007
2025-12-16 18:00:28.161,0.017968,-0.007308,-0.027728,-0.000015,0.000002,-0.000007
2025-12-16 18:00:28.162,0.017944,-0.007301,-0.027714,-0.000015,0.000002,-0.000007
2025-12-16 18:00:28.163,0.017917,-0.007294,-0.027696,-0.000015,0.000002,-0.000007
2025-12-16 18:00:28.164,0.017885,-0.007289,-0.027684,-0.000015,0.000002,-0.000007
2025-12-16 18:00:28.165,0.017847,-0.007282,-0.027674,-0.000015,0.000002,-0.000007
2025-12-16 18:00:28.167,0.017747,-0.007262,-0.027650,-0.000015,0.000002,-0.000007
2025-12-16 18:00:28.168,0.017688,-0.007248,-0.027643,-0.000015,0.000002,-0.000007
2025-12-16 18:00:28.169,0.017627,-0.007233,-0.027638,-0.000015,0.000002,-0.000007
2025-12-16 18:00:28.170,0.017559,-0.007211,-0.027632,-0.000015,0.000002,-0.000007
2025-12-16 18:00:28.171,0.017485,-0.007191,-0.027625,-0.000015,0.000002,-0.000007
2025-12-16 18:00:28.172,0.017404,-0.007168,-0.027620,-0.000015,0.000002,-0.000007
2025-12-16 18:00:28.173,0.017317,-0.007145,-0.027618,-0.000016,0.000002,-0.000007
2025-12-16 18:00:28.174,0.017228,-0.007121,-0.027621,-0.000016,0.000002,-0.000007
2025-12-16 18:00:28.175,0.017141,-0.007099,-0.027620,-0.000015,0.000002,-0.000007
2025-12-16 18:00:28.177,0.016950,-0.007052,-0.027611,-0.000015,0.000002,-0.000007
2025-12-16 18:00:28.178,0.016851,-0.007027,-0.027609,-0.000015,0.000002,-0.000007
2025-12-16 18:00:28.179,0.016755,-0.007005,-0.027610,-0.000015,0.000002,-0.000007
2025-12-16 18:00:28.180,0.016661,-0.006982,-0.027608,-0.000015,0.000002,-0.000006
2025-12-16 18:00:28.181,0.016564,-0.006959,-0.027611,-0.000016,0.000002,-0.000006
2025-12-16 18:00:28.182,0.016468,-0.006934,-0.027613,-0.000016,0.000002,-0.000007
2025-12-16 18:00:28.183,0.016376,-0.006915,-0.027622,-0.000016,0.000002,-0.000007
2025-12-16 18:00:28.184,0.016289,-0.006896,-0.027636,-0.000016,0.000002,-0.000007
2025-12-16 18:00:28.186,0.016127,-0.006861,-0.027663,-0.000016,0.000002,-0.000006
2025-12-16 18:00:28.187,0.016054,-0.006848,-0.027679,-0.000016,0.000002,-0.000006
2025-12-16 18:00:28.188,0.015985,-0.006836,-0.027693,-0.000015,0.000003,-0.000006
2025-12-16 18:00:28.189,0.015920,-0.006827,-0.027707,-0.000016,0.000003,-0.000006
2025-12-16 18:00:28.191,0.015804,-0.006812,-0.027746,-0.000015,0.000003,-0.000006
2025-12-16 18:00:28.192,0.015758,-0.006807,-0.027764,-0.000015,0.000003,-0.000006
2025-12-16 18:00:28.193,0.015721,-0.006806,-0.027783,-0.000016,0.000003,-0.000006
2025-12-16 18:00:28.194,0.015687,-0.006811,-0.027801,-0.000015,0.000003,-0.000006
2025-12-16 18:00:28.195,0.015651,-0.006814,-0.027824,-0.000016,0.000003,-0.000006
2025-12-16 18:00:28.196,0.015622,-0.006818,-0.027842,-0.000016,0.000003,-0.000006
2025-12-16 18:00:28.198,0.015596,-0.006825,-0.027863,-0.000016,0.000003,-0.000006
2025-12-16 18:00:28.199,0.015575,-0.006836,-0.027883,-0.000016,0.000003,-0.000006
2025-12-16 18:00:28.200,0.015552,-0.006848,-0.027904,-0.000016,0.000003,-0.000006
2025-12-16 18:00:28.201,0.015532,-0.006862,-0.027923,-0.000016,0.000003,-0.000006
2025-12-16 18:00:28.202,0.015511,-0.006879,-0.027938,-0.000016,0.000003,-0.000006
2025-12-16 18:00:28.203,0.015491,-0.006895,-0.027956,-0.000016,0.000003,-0.000006
2025-12-16 18:00:28.204,0.015464,-0.006907,-0.027971,-0.000017,0.000003,-0.000006
2025-12-16 18:00:28.207,0.015376,-0.006955,-0.028001,-0.000015,0.000003,-0.000006
2025-12-16 18:00:28.208,0.015317,-0.006995,-0.028026,-0.000015,0.000003,-0.000006
2025-12-16 18:00:28.209,0.015288,-0.007015,-0.028038,-0.000015,0.000003,-0.000006
2025-12-16 18:00:28.210,0.015232,-0.007024,-0.028031,-0.000015,0.000003,-0.000006
2025-12-16 18:00:28.211,0.015188,-0.007042,-0.028028,-0.000015,0.000003,-0.000006
2025-12-16 18:00:28.212,0.015142,-0.007056,-0.028024,-0.000016,0.000003,-0.000006
2025-12-16 18:00:28.213,0.015092,-0.007070,-0.028020,-0.000016,0.000003,-0.000006
2025-12-16 18:00:28.214,0.015035,-0.007077,-0.028013,-0.000015,0.000003,-0.000006
2025-12-16 18:00:28.217,0.014856,-0.007104,-0.027983,-0.000015,0.000003,-0.000006
2025-12-16 18:00:28.218,0.014787,-0.007109,-0.027967,-0.000015,0.000003,-0.000006
2025-12-16 18:00:28.219,0.014716,-0.007110,-0.027951,-0.000015,0.000003,-0.000006
2025-12-16 18:00:28.220,0.014645,-0.007109,-0.027940,-0.000015,0.000003,-0.000006
2025-12-16 18:00:28.221,0.014573,-0.007107,-0.027927,-0.000015,0.000003,-0.000006
2025-12-16 18:00:28.223,0.014437,-0.007108,-0.027895,-0.000015,0.000003,-0.000006
2025-12-16 18:00:28.224,0.014373,-0.007107,-0.027878,-0.000015,0.000003,-0.000006
2025-12-16 18:00:28.225,0.014307,-0.007101,-0.027861,-0.000015,0.000003,-0.000006
2025-12-16 18:00:28.226,0.014241,-0.007090,-0.027841,-0.000015,0.000003,-0.000006
2025-12-16 18:00:28.227,0.014178,-0.007076,-0.027823,-0.000015,0.000003,-0.000006
2025-12-16 18:00:28.229,0.014051,-0.007051,-0.027783,-0.000015,0.000003,-0.000006
2025-12-16 18:00:28.230,0.013993,-0.007043,-0.027766,-0.000015,0.000003,-0.000006
2025-12-16 18:00:28.231,0.013930,-0.007029,-0.027751,-0.000015,0.000003,-0.000006
2025-12-16 18:00:28.232,0.013867,-0.007017,-0.027734,-0.000015,0.000003,-0.000006
2025-12-16 18:00:28.233,0.013804,-0.007005,-0.027719,-0.000015,0.000003,-0.000006
2025-12-16 18:00:28.234,0.013749,-0.006995,-0.027703,-0.000015,0.000003,-0.000006
2025-12-16 18:00:28.235,0.013690,-0.006980,-0.027686,-0.000015,0.000003,-0.000006
2025-12-16 18:00:28.236,0.013636,-0.006969,-0.027672,-0.000015,0.000003,-0.000006
2025-12-16 18:00:28.238,0.013537,-0.006947,-0.027649,-0.000015,0.000003,-0.000006
2025-12-16 18:00:28.239,0.013491,-0.006936,-0.027639,-0.000015,0.000003,-0.000006
2025-12-16 18:00:28.240,0.013443,-0.006924,-0.027622,-0.000015,0.000003,-0.000006
2025-12-16 18:00:28.241,0.013401,-0.006914,-0.027608,-0.000015,0.000003,-0.000006
2025-12-16 18:00:28.242,0.013357,-0.006905,-0.027597,-0.000015,0.000003,-0.000006
2025-12-16 18:00:28.243,0.013317,-0.006894,-0.027586,-0.000015,0.000003,-0.000006
2025-12-16 18:00:28.244,0.013238,-0.006869,-0.027567,-0.000015,0.000003,-0.000006
2025-12-16 18:00:28.246,0.013201,-0.006855,-0.027555,-0.000015,0.000003,-0.000006
2025-12-16 18:00:28.247,0.013171,-0.006846,-0.027546,-0.000015,0.000003,-0.000006
2025-12-16 18:00:28.248,0.013143,-0.006834,-0.027538,-0.000015,0.000003,-0.000006
2025-12-16 18:00:28.249,0.013119,-0.006822,-0.027524,-0.000015,0.000003,-0.000006
2025-12-16 18:00:28.250,0.013100,-0.006807,-0.027511,-0.000015,0.000003,-0.000006
2025-12-16 18:00:28.251,0.013086,-0.006792,-0.027501,-0.000015,0.000003,-0.000006
2025-12-16 18:00:28.253,0.013074,-0.006761,-0.027480,-0.000015,0.000004,-0.000005
2025-12-16 18:00:28.254,0.013074,-0.006741,-0.027469,-0.000015,0.000004,-0.000005
2025-12-16 18:00:28.255,0.013081,-0.006721,-0.027459,-0.000016,0.000004,-0.000005
2025-12-16 18:00:28.256,0.013095,-0.006699,-0.027451,-0.000015,0.000004,-0.000006
2025-12-16 18:00:28.257,0.013111,-0.006676,-0.027442,-0.000015,0.000004,-0.000005
2025-12-16 18:00:28.258,0.013135,-0.006653,-0.027436,-0.000015,0.000004,-0.000005
2025-12-16 18:00:28.260,0.013164,-0.006626,-0.027429,-0.000016,0.000004,-0.000005
2025-12-16 18:00:28.261,0.013239,-0.006561,-0.027425,-0.000015,0.000004,-0.000005
2025-12-16 18:00:28.262,0.013284,-0.006526,-0.027421,-0.000015,0.000004,-0.000005
2025-12-16 18:00:28.263,0.013329,-0.006487,-0.027420,-0.000016,0.000004,-0.000005
2025-12-16 18:00:28.264,0.013379,-0.006445,-0.027415,-0.000016,0.000004,-0.000005
2025-12-16 18:00:28.265,0.013433,-0.006399,-0.027412,-0.000016,0.000004,-0.000005
2025-12-16 18:00:28.266,0.013489,-0.006354,-0.027412,-0.000016,0.000003,-0.000005
2025-12-16 18:00:28.267,0.013543,-0.006299,-0.027411,-0.000016,0.000004,-0.000005
2025-12-16 18:00:28.268,0.013603,-0.006245,-0.027412,-0.000016,0.000004,-0.000005
2025-12-16 18:00:28.270,0.013715,-0.006120,-0.027419,-0.000016,0.000004,-0.000005
2025-12-16 18:00:28.271,0.013776,-0.006051,-0.027418,-0.000016,0.000004,-0.000005
2025-12-16 18:00:28.272,0.013832,-0.005976,-0.027416,-0.000016,0.000004,-0.000005
2025-12-16 18:00:28.273,0.013889,-0.005900,-0.027415,-0.000016,0.000004,-0.000005
2025-12-16 18:00:28.274,0.013946,-0.005819,-0.027415,-0.000016,0.000004,-0.000005
2025-12-16 18:00:28.275,0.014006,-0.005738,-0.027413,-0.000016,0.000004,-0.000005
2025-12-16 18:00:28.277,0.014118,-0.005563,-0.027408,-0.000016,0.000004,-0.000005
2025-12-16 18:00:28.278,0.014170,-0.005465,-0.027407,-0.000016,0.000004,-0.000005
2025-12-16 18:00:28.279,0.014219,-0.005366,-0.027402,-0.000016,0.000004,-0.000005
2025-12-16 18:00:28.280,0.014268,-0.005262,-0.027400,-0.000016,0.000004,-0.000005
2025-12-16 18:00:28.281,0.014314,-0.005161,-0.027397,-0.000015,0.000004,-0.000006
2025-12-16 18:00:28.282,0.014364,-0.005055,-0.027393,-0.000016,0.000003,-0.000006
2025-12-16 18:00:28.284,0.014459,-0.004829,-0.027386,-0.000015,0.000004,-0.000006
2025-12-16 18:00:28.285,0.014505,-0.004717,-0.027385,-0.000015,0.000004,-0.000005
2025-12-16 18:00:28.286,0.014553,-0.004601,-0.027383,-0.000015,0.000004,-0.000005
2025-12-16 18:00:28.287,0.014608,-0.004488,-0.027384,-0.000015,0.000003,-0.000006
2025-12-16 18:00:28.288,0.014662,-0.004372,-0.027385,-0.000015,0.000003,-0.000006
2025-12-16 18:00:28.289,0.014721,-0.004258,-0.027388,-0.000015,0.000004,-0.000005
2025-12-16 18:00:28.291,0.014844,-0.004034,-0.027397,-0.000015,0.000003,-0.000006
2025-12-16 18:00:28.292,0.014908,-0.003920,-0.027406,-0.000015,0.000004,-0.000006
2025-12-16 18:00:28.293,0.014974,-0.003807,-0.027416,-0.000015,0.000004,-0.000006
2025-12-16 18:00:28.294,0.015043,-0.003698,-0.027426,-0.000015,0.000003,-0.000006
2025-12-16 18:00:28.295,0.015114,-0.003590,-0.027443,-0.000015,0.000004,-0.000006
2025-12-16 18:00:28.297,0.015268,-0.003387,-0.027487,-0.000015,0.000004,-0.000005
2025-12-16 18:00:28.298,0.015353,-0.003290,-0.027509,-0.000015,0.000004,-0.000005
2025-12-16 18:00:28.299,0.015439,-0.003196,-0.027532,-0.000015,0.000004,-0.000006
2025-12-16 18:00:28.300,0.015526,-0.003110,-0.027556,-0.000015,0.000004,-0.000006
2025-12-16 18:00:28.301,0.015612,-0.003020,-0.027580,-0.000015,0.000004,-0.000006
2025-12-16 18:00:28.302,0.015697,-0.002936,-0.027605,-0.000016,0.000004,-0.000006
2025-12-16 18:00:28.303,0.015787,-0.002859,-0.027632,-0.000015,0.000004,-0.000006
2025-12-16 18:00:28.305,0.015964,-0.002721,-0.027692,-0.000016,0.000004,-0.000005
2025-12-16 18:00:28.306,0.016051,-0.002659,-0.027721,-0.000016,0.000004,-0.000006
2025-12-16 18:00:28.308,0.016215,-0.002555,-0.027775,-0.000015,0.000004,-0.000006
2025-12-16 18:00:28.309,0.016291,-0.002505,-0.027802,-0.000016,0.000004,-0.000006
2025-12-16 18:00:28.310,0.016360,-0.002454,-0.027830,-0.000015,0.000004,-0.000006
2025-12-16 18:00:28.311,0.016423,-0.002410,-0.027851,-0.000016,0.000004,-0.000006
2025-12-16 18:00:28.312,0.016482,-0.002371,-0.027870,-0.000016,0.000004,-0.000006
2025-12-16 18:00:28.313,0.016537,-0.002333,-0.027894,-0.000015,0.000004,-0.000006
2025-12-16 18:00:28.314,0.016584,-0.002298,-0.027920,-0.000015,0.000004,-0.000006
2025-12-16 18:00:28.316,0.016657,-0.002223,-0.027965,-0.000015,0.000004,-0.000006
2025-12-16 18:00:28.317,0.016683,-0.002187,-0.027979,-0.000015,0.000004,-0.000006
2025-12-16 18:00:28.319,0.016714,-0.002138,-0.027999,-0.000016,0.000004,-0.000006
2025-12-16 18:00:28.320,0.016718,-0.002111,-0.028002,-0.000016,0.000004,-0.000006
2025-12-16 18:00:28.321,0.016724,-0.002086,-0.028004,-0.000016,0.000004,-0.000006
2025-12-16 18:00:28.322,0.016722,-0.002061,-0.028008,-0.000015,0.000004,-0.000006
2025-12-16 18:00:28.324,0.016702,-0.002009,-0.028007,-0.000015,0.000004,-0.000006
2025-12-16 18:00:28.325,0.016687,-0.001987,-0.028000,-0.000015,0.000004,-0.000006
2025-12-16 18:00:28.327,0.016654,-0.001937,-0.027988,-0.000015,0.000004,-0.000006
2025-12-16 18:00:28.328,0.016631,-0.001909,-0.027979,-0.000015,0.000004,-0.000006
2025-12-16 18:00:28.329,0.016610,-0.001882,-0.027966,-0.000015,0.000004,-0.000006
2025-12-16 18:00:28.330,0.016588,-0.001861,-0.027947,-0.000015,0.000004,-0.000006
2025-12-16 18:00:28.331,0.016567,-0.001838,-0.027931,-0.000015,0.000004,-0.000006
2025-12-16 18:00:28.332,0.016546,-0.001816,-0.027914,-0.000015,0.000004,-0.000006
2025-12-16 18:00:28.333,0.016528,-0.001793,-0.027894,-0.000014,0.000004,-0.000006
2025-12-16 18:00:28.335,0.016496,-0.001754,-0.027837,-0.000014,0.000004,-0.000006
2025-12-16 18:00:28.336,0.016482,-0.001738,-0.027804,-0.000015,0.000004,-0.000006
2025-12-16 18:00:28.337,0.016467,-0.001722,-0.027771,-0.000014,0.000004,-0.000006
2025-12-16 18:00:28.338,0.016455,-0.001703,-0.027741,-0.000015,0.000004,-0.000006
2025-12-16 18:00:28.339,0.016449,-0.001685,-0.027710,-0.000014,0.000004,-0.000006
2025-12-16 18:00:28.340,0.016447,-0.001670,-0.027683,-0.000014,0.000004,-0.000006
2025-12-16 18:00:28.341,0.016444,-0.001654,-0.027647,-0.000014,0.000004,-0.000006
2025-12-16 18:00:28.342,0.016443,-0.001637,-0.027608,-0.000014,0.000004,-0.000006
2025-12-16 18:00:28.343,0.016447,-0.001624,-0.027568,-0.000014,0.000004,-0.000006
2025-12-16 18:00:28.345,0.016462,-0.001603,-0.027485,-0.000014,0.000004,-0.000006
2025-12-16 18:00:28.346,0.016472,-0.001589,-0.027442,-0.000014,0.000004,-0.000006
2025-12-16 18:00:28.347,0.016481,-0.001573,-0.027404,-0.000014,0.000004,-0.000006
2025-12-16 18:00:28.348,0.016497,-0.001561,-0.027365,-0.000014,0.000004,-0.000006
2025-12-16 18:00:28.349,0.016514,-0.001552,-0.027324,-0.000014,0.000004,-0.000006
2025-12-16 18:00:28.350,0.016535,-0.001537,-0.027284,-0.000015,0.000004,-0.000006
2025-12-16 18:00:28.351,0.016558,-0.001523,-0.027244,-0.000014,0.000004,-0.000006
2025-12-16 18:00:28.353,0.016618,-0.001493,-0.027157,-0.000014,0.000004,-0.000006
2025-12-16 18:00:28.354,0.016649,-0.001477,-0.027119,-0.000014,0.000004,-0.000006
2025-12-16 18:00:28.355,0.016683,-0.001460,-0.027075,-0.000014,0.000004,-0.000006
2025-12-16 18:00:28.356,0.016722,-0.001440,-0.027038,-0.000014,0.000004,-0.000006
2025-12-16 18:00:28.357,0.016765,-0.001424,-0.027001,-0.000014,0.000004,-0.000006
2025-12-16 18:00:28.358,0.016811,-0.001407,-0.026965,-0.000015,0.000004,-0.000006
2025-12-16 18:00:28.359,0.016858,-0.001386,-0.026930,-0.000014,0.000004,-0.000006
2025-12-16 18:00:28.361,0.016952,-0.001343,-0.026877,-0.000014,0.000004,-0.000006
2025-12-16 18:00:28.362,0.017004,-0.001321,-0.026858,-0.000014,0.000004,-0.000006
2025-12-16 18:00:28.363,0.017061,-0.001298,-0.026842,-0.000014,0.000004,-0.000006
2025-12-16 18:00:28.364,0.017116,-0.001270,-0.026825,-0.000014,0.000004,-0.000006
2025-12-16 18:00:28.365,0.017174,-0.001238,-0.026810,-0.000014,0.000004,-0.000006
2025-12-16 18:00:28.366,0.017233,-0.001206,-0.026800,-0.000014,0.000004,-0.000006
2025-12-16 18:00:28.367,0.017290,-0.001169,-0.026786,-0.000014,0.000004,-0.000006
2025-12-16 18:00:28.369,0.017404,-0.001092,-0.026772,-0.000015,0.000003,-0.000006
2025-12-16 18:00:28.370,0.017462,-0.001056,-0.026768,-0.000014,0.000003,-0.000006
2025-12-16 18:00:28.371,0.017520,-0.001018,-0.026770,-0.000014,0.000003,-0.000006
2025-12-16 18:00:28.372,0.017577,-0.000981,-0.026776,-0.000014,0.000003,-0.000006
2025-12-16 18:00:28.373,0.017628,-0.000941,-0.026784,-0.000014,0.000003,-0.000006
2025-12-16 18:00:28.375,0.017725,-0.000863,-0.026795,-0.000014,0.000003,-0.000006
2025-12-16 18:00:28.376,0.017769,-0.000822,-0.026801,-0.000014,0.000003,-0.000006
2025-12-16 18:00:28.377,0.017810,-0.000778,-0.026807,-0.000014,0.000003,-0.000006
2025-12-16 18:00:28.378,0.017850,-0.000737,-0.026819,-0.000014,0.000003,-0.000006
2025-12-16 18:00:28.379,0.017887,-0.000697,-0.026831,-0.000014,0.000003,-0.000006
2025-12-16 18:00:28.380,0.017924,-0.000659,-0.026841,-0.000014,0.000003,-0.000006
2025-12-16 18:00:28.381,0.017958,-0.000621,-0.026849,-0.000014,0.000003,-0.000006
2025-12-16 18:00:28.382,0.017985,-0.000580,-0.026859,-0.000014,0.000003,-0.000006
2025-12-16 18:00:28.384,0.018022,-0.000501,-0.026886,-0.000013,0.000003,-0.000006
2025-12-16 18:00:28.385,0.018039,-0.000470,-0.026900,-0.000014,0.000003,-0.000006
2025-12-16 18:00:28.386,0.018053,-0.000438,-0.026910,-0.000014,0.000003,-0.000006
2025-12-16 18:00:28.387,0.018072,-0.000413,-0.026920,-0.000013,0.000004,-0.000006
2025-12-16 18:00:28.388,0.018089,-0.000389,-0.026930,-0.000013,0.000004,-0.000006
2025-12-16 18:00:28.389,0.018108,-0.000367,-0.026937,-0.000014,0.000004,-0.000006
2025-12-16 18:00:28.391,0.018155,-0.000334,-0.026946,-0.000013,0.000004,-0.000006
2025-12-16 18:00:28.392,0.018178,-0.000321,-0.026946,-0.000013,0.000004,-0.000006
2025-12-16 18:00:28.393,0.018202,-0.000315,-0.026945,-0.000013,0.000004,-0.000006
2025-12-16 18:00:28.394,0.018229,-0.000310,-0.026949,-0.000013,0.000004,-0.000006
2025-12-16 18:00:28.395,0.018260,-0.000304,-0.026953,-0.000013,0.000004,-0.000006
2025-12-16 18:00:28.397,0.018293,-0.000303,-0.026955,-0.000014,0.000004,-0.000006
2025-12-16 18:00:28.398,0.018361,-0.000302,-0.026946,-0.000013,0.000003,-0.000006
2025-12-16 18:00:28.399,0.018396,-0.000310,-0.026941,-0.000013,0.000003,-0.000006
2025-12-16 18:00:28.400,0.018436,-0.000320,-0.026930,-0.000013,0.000003,-0.000006
2025-12-16 18:00:28.401,0.018480,-0.000335,-0.026920,-0.000013,0.000003,-0.000006
2025-12-16 18:00:28.402,0.018527,-0.000351,-0.026908,-0.000013,0.000003,-0.000006
2025-12-16 18:00:28.403,0.018579,-0.000370,-0.026894,-0.000013,0.000003,-0.000006
2025-12-16 18:00:28.404,0.018629,-0.000386,-0.026875,-0.000013,0.000003,-0.000006
2025-12-16 18:00:28.406,0.018731,-0.000423,-0.026837,-0.000013,0.000003,-0.000006
2025-12-16 18:00:28.407,0.018782,-0.000445,-0.026816,-0.000013,0.000003,-0.000007
2025-12-16 18:00:28.408,0.018832,-0.000469,-0.026792,-0.000014,0.000003,-0.000007
2025-12-16 18:00:28.409,0.018878,-0.000489,-0.026765,-0.000014,0.000003,-0.000006
2025-12-16 18:00:28.411,0.018948,-0.000520,-0.026709,-0.000014,0.000003,-0.000006
2025-12-16 18:00:28.412,0.018976,-0.000536,-0.026679,-0.000013,0.000003,-0.000006
2025-12-16 18:00:28.413,0.019005,-0.000546,-0.026648,-0.000014,0.000003,-0.000006
2025-12-16 18:00:28.414,0.019029,-0.000558,-0.026613,-0.000014,0.000003,-0.000006
2025-12-16 18:00:28.415,0.019051,-0.000569,-0.026576,-0.000014,0.000003,-0.000006
2025-12-16 18:00:28.416,0.019071,-0.000581,-0.026541,-0.000014,0.000003,-0.000006
2025-12-16 18:00:28.418,0.019094,-0.000606,-0.026475,-0.000014,0.000003,-0.000006
2025-12-16 18:00:28.419,0.019099,-0.000612,-0.026443,-0.000014,0.000003,-0.000006
2025-12-16 18:00:28.420,0.019099,-0.000617,-0.026410,-0.000014,0.000003,-0.000006
2025-12-16 18:00:28.421,0.019090,-0.000616,-0.026376,-0.000014,0.000003,-0.000006
2025-12-16 18:00:28.422,0.019084,-0.000618,-0.026339,-0.000013,0.000003,-0.000006
2025-12-16 18:00:28.424,0.019057,-0.000621,-0.026260,-0.000014,0.000003,-0.000006
2025-12-16 18:00:28.425,0.019043,-0.000620,-0.026219,-0.000014,0.000003,-0.000006
2025-12-16 18:00:28.426,0.019028,-0.000620,-0.026179,-0.000014,0.000003,-0.000006
2025-12-16 18:00:28.427,0.019010,-0.000613,-0.026144,-0.000014,0.000003,-0.000006
2025-12-16 18:00:28.428,0.018993,-0.000604,-0.026108,-0.000013,0.000003,-0.000006
2025-12-16 18:00:28.430,0.018959,-0.000597,-0.026039,-0.000013,0.000003,-0.000006
2025-12-16 18:00:28.431,0.018941,-0.000589,-0.026008,-0.000013,0.000003,-0.000006
2025-12-16 18:00:28.432,0.018920,-0.000578,-0.025971,-0.000013,0.000003,-0.000006
2025-12-16 18:00:28.433,0.018902,-0.000570,-0.025936,-0.000013,0.000002,-0.000006
2025-12-16 18:00:28.434,0.018887,-0.000561,-0.025899,-0.000013,0.000003,-0.000006
2025-12-16 18:00:28.435,0.018867,-0.000554,-0.025864,-0.000013,0.000003,-0.000006
2025-12-16 18:00:28.436,0.018846,-0.000545,-0.025829,-0.000013,0.000003,-0.000006
2025-12-16 18:00:28.437,0.018829,-0.000539,-0.025795,-0.000012,0.000003,-0.000006
2025-12-16 18:00:28.439,0.018796,-0.000523,-0.025725,-0.000013,0.000003,-0.000006
2025-12-16 18:00:28.440,0.018780,-0.000516,-0.025692,-0.000012,0.000003,-0.000006
2025-12-16 18:00:28.441,0.018767,-0.000513,-0.025655,-0.000013,0.000003,-0.000006
2025-12-16 18:00:28.442,0.018754,-0.000510,-0.025619,-0.000012,0.000003,-0.000006
2025-12-16 18:00:28.443,0.018741,-0.000503,-0.025582,-0.000013,0.000003,-0.000006
2025-12-16 18:00:28.445,0.018725,-0.000493,-0.025539,-0.000013,0.000003,-0.000006
2025-12-16 18:00:28.446,0.018698,-0.000482,-0.025461,-0.000013,0.000003,-0.000006
2025-12-16 18:00:28.447,0.018687,-0.000479,-0.025419,-0.000012,0.000003,-0.000006
2025-12-16 18:00:28.448,0.018675,-0.000477,-0.025379,-0.000012,0.000003,-0.000006
2025-12-16 18:00:28.449,0.018667,-0.000476,-0.025340,-0.000012,0.000003,-0.000006
2025-12-16 18:00:28.450,0.018660,-0.000471,-0.025300,-0.000012,0.000003,-0.000006
2025-12-16 18:00:28.451,0.018657,-0.000472,-0.025261,-0.000012,0.000003,-0.000006
2025-12-16 18:00:28.453,0.018653,-0.000479,-0.025187,-0.000012,0.000002,-0.000006
2025-12-16 18:00:28.454,0.018654,-0.000483,-0.025154,-0.000012,0.000003,-0.000006
2025-12-16 18:00:28.455,0.018664,-0.000489,-0.025124,-0.000012,0.000003,-0.000006
2025-12-16 18:00:28.456,0.018672,-0.000497,-0.025093,-0.000012,0.000003,-0.000006
2025-12-16 18:00:28.457,0.018680,-0.000500,-0.025063,-0.000012,0.000003,-0.000006
2025-12-16 18:00:28.459,0.018685,-0.000504,-0.025032,-0.000012,0.000002,-0.000006
2025-12-16 18:00:28.460,0.018703,-0.000515,-0.024970,-0.000012,0.000002,-0.000006
2025-12-16 18:00:28.461,0.018712,-0.000521,-0.024945,-0.000012,0.000002,-0.000006
2025-12-16 18:00:28.462,0.018721,-0.000525,-0.024918,-0.000012,0.000002,-0.000006
2025-12-16 18:00:28.463,0.018733,-0.000533,-0.024893,-0.000012,0.000002,-0.000006
2025-12-16 18:00:28.465,0.018749,-0.000554,-0.024857,-0.000012,0.000002,-0.000006
2025-12-16 18:00:28.466,0.018755,-0.000566,-0.024846,-0.000012,0.000002,-0.000006
2025-12-16 18:00:28.467,0.018756,-0.000576,-0.024837,-0.000012,0.000002,-0.000006
2025-12-16 18:00:28.468,0.018758,-0.000585,-0.024826,-0.000013,0.000002,-0.000006
2025-12-16 18:00:28.469,0.018749,-0.000591,-0.024816,-0.000012,0.000002,-0.000006
2025-12-16 18:00:28.470,0.018737,-0.000599,-0.024808,-0.000012,0.000002,-0.000006
2025-12-16 18:00:28.472,0.018699,-0.000607,-0.024804,-0.000012,0.000002,-0.000006
2025-12-16 18:00:28.473,0.018672,-0.000611,-0.024809,-0.000012,0.000002,-0.000006
2025-12-16 18:00:28.474,0.018637,-0.000613,-0.024813,-0.000012,0.000002,-0.000006
2025-12-16 18:00:28.475,0.018600,-0.000613,-0.024817,-0.000012,0.000002,-0.000006
2025-12-16 18:00:28.476,0.018562,-0.000612,-0.024822,-0.000012,0.000002,-0.000006
2025-12-16 18:00:28.478,0.018475,-0.000618,-0.024835,-0.000013,0.000002,-0.000006
2025-12-16 18:00:28.479,0.018426,-0.000620,-0.024843,-0.000012,0.000002,-0.000006
2025-12-16 18:00:28.480,0.018377,-0.000622,-0.024853,-0.000012,0.000002,-0.000006
2025-12-16 18:00:28.481,0.018325,-0.000622,-0.024862,-0.000012,0.000002,-0.000006
2025-12-16 18:00:28.482,0.018271,-0.000624,-0.024878,-0.000012,0.000002,-0.000006
2025-12-16 18:00:28.484,0.018156,-0.000618,-0.024919,-0.000012,0.000003,-0.000006
2025-12-16 18:00:28.485,0.018101,-0.000615,-0.024941,-0.000013,0.000003,-0.000006
2025-12-16 18:00:28.486,0.018044,-0.000613,-0.024962,-0.000013,0.000003,-0.000006
2025-12-16 18:00:28.487,0.017988,-0.000612,-0.024985,-0.000012,0.000003,-0.000006
2025-12-16 18:00:28.488,0.017933,-0.000613,-0.025010,-0.000012,0.000003,-0.000006
2025-12-16 18:00:28.489,0.017891,-0.000620,-0.025035,-0.000012,0.000003,-0.000005
2025-12-16 18:00:28.490,0.017851,-0.000628,-0.025067,-0.000013,0.000003,-0.000006
2025-12-16 18:00:28.491,0.017815,-0.000634,-0.025100,-0.000012,0.000003,-0.000006
2025-12-16 18:00:28.493,0.017766,-0.000663,-0.025173,-0.000013,0.000003,-0.000005
2025-12-16 18:00:28.494,0.017752,-0.000679,-0.025211,-0.000013,0.000003,-0.000006
2025-12-16 18:00:28.495,0.017739,-0.000694,-0.025251,-0.000013,0.000003,-0.000005
2025-12-16 18:00:28.496,0.017725,-0.000710,-0.025292,-0.000013,0.000003,-0.000005
2025-12-16 18:00:28.497,0.017718,-0.000728,-0.025339,-0.000013,0.000003,-0.000005
2025-12-16 18:00:28.498,0.017717,-0.000746,-0.025386,-0.000013,0.000003,-0.000006
2025-12-16 18:00:28.500,0.017724,-0.000782,-0.025483,-0.000013,0.000003,-0.000006
2025-12-16 18:00:28.501,0.017733,-0.000804,-0.025538,-0.000013,0.000003,-0.000005
2025-12-16 18:00:28.502,0.017742,-0.000821,-0.025596,-0.000014,0.000003,-0.000006
2025-12-16 18:00:28.503,0.017759,-0.000840,-0.025650,-0.000013,0.000003,-0.000005
2025-12-16 18:00:28.504,0.017777,-0.000860,-0.025701,-0.000014,0.000003,-0.000005
2025-12-16 18:00:28.505,0.017799,-0.000881,-0.025754,-0.000013,0.000003,-0.000006
2025-12-16 18:00:28.506,0.017823,-0.000898,-0.025809,-0.000013,0.000003,-0.000006
2025-12-16 18:00:28.507,0.017845,-0.000910,-0.025865,-0.000013,0.000003,-0.000006
2025-12-16 18:00:28.508,0.017869,-0.000921,-0.025923,-0.000013,0.000003,-0.000006
2025-12-16 18:00:28.510,0.017888,-0.000926,-0.025983,-0.000013,0.000003,-0.000006
2025-12-16 18:00:28.511,0.017914,-0.000930,-0.026045,-0.000013,0.000003,-0.000006
2025-12-16 18:00:28.512,0.017940,-0.000932,-0.026105,-0.000013,0.000003,-0.000006
2025-12-16 18:00:28.513,0.017966,-0.000932,-0.026165,-0.000013,0.000003,-0.000006
2025-12-16 18:00:28.514,0.017991,-0.000927,-0.026220,-0.000013,0.000003,-0.000006
2025-12-16 18:00:28.515,0.018016,-0.000916,-0.026277,-0.000013,0.000003,-0.000006
2025-12-16 18:00:28.516,0.018042,-0.000903,-0.026335,-0.000014,0.000003,-0.000006
2025-12-16 18:00:28.518,0.018074,-0.000886,-0.026395,-0.000013,0.000003,-0.000006
2025-12-16 18:00:28.519,0.018170,-0.000836,-0.026576,-0.000014,0.000003,-0.000006
2025-12-16 18:00:28.520,0.018200,-0.000805,-0.026629,-0.000014,0.000003,-0.000006
2025-12-16 18:00:28.521,0.018232,-0.000767,-0.026682,-0.000014,0.000003,-0.000006
2025-12-16 18:00:28.522,0.018269,-0.000733,-0.026740,-0.000015,0.000003,-0.000006
2025-12-16 18:00:28.523,0.018308,-0.000698,-0.026798,-0.000014,0.000003,-0.000006
2025-12-16 18:00:28.525,0.018386,-0.000624,-0.026912,-0.000014,0.000003,-0.000006
2025-12-16 18:00:28.526,0.018426,-0.000588,-0.026965,-0.000014,0.000003,-0.000006
2025-12-16 18:00:28.527,0.018470,-0.000557,-0.027017,-0.000014,0.000003,-0.000006
2025-12-16 18:00:28.528,0.018514,-0.000522,-0.027071,-0.000014,0.000003,-0.000006
2025-12-16 18:00:28.529,0.018557,-0.000488,-0.027123,-0.000014,0.000003,-0.000006
2025-12-16 18:00:28.530,0.018597,-0.000455,-0.027171,-0.000014,0.000003,-0.000006
2025-12-16 18:00:28.531,0.018633,-0.000423,-0.027221,-0.000014,0.000003,-0.000006
2025-12-16 18:00:28.532,0.018666,-0.000390,-0.027264,-0.000014,0.000003,-0.000006
2025-12-16 18:00:28.533,0.018698,-0.000357,-0.027310,-0.000014,0.000003,-0.000006
2025-12-16 18:00:28.535,0.018755,-0.000302,-0.027388,-0.000014,0.000003,-0.000006
2025-12-16 18:00:28.536,0.018781,-0.000277,-0.027422,-0.000014,0.000003,-0.000006
2025-12-16 18:00:28.537,0.018804,-0.000251,-0.027452,-0.000014,0.000003,-0.000006
2025-12-16 18:00:28.538,0.018822,-0.000230,-0.027480,-0.000014,0.000003,-0.000006
2025-12-16 18:00:28.539,0.018841,-0.000212,-0.027500,-0.000014,0.000003,-0.000006
2025-12-16 18:00:28.541,0.018865,-0.000189,-0.027535,-0.000014,0.000003,-0.000006
2025-12-16 18:00:28.542,0.018873,-0.000179,-0.027544,-0.000014,0.000003,-0.000006
2025-12-16 18:00:28.543,0.018874,-0.000169,-0.027550,-0.000014,0.000003,-0.000006
2025-12-16 18:00:28.544,0.018872,-0.000160,-0.027553,-0.000014,0.000003,-0.000006
2025-12-16 18:00:28.545,0.018870,-0.000151,-0.027554,-0.000014,0.000003,-0.000006
2025-12-16 18:00:28.546,0.018862,-0.000143,-0.027555,-0.000014,0.000003,-0.000006
2025-12-16 18:00:28.547,0.018854,-0.000135,-0.027555,-0.000013,0.000003,-0.000006
2025-12-16 18:00:28.549,0.018830,-0.000126,-0.027544,-0.000013,0.000003,-0.000006
2025-12-16 18:00:28.550,0.018814,-0.000118,-0.027532,-0.000014,0.000003,-0.000006
2025-12-16 18:00:28.551,0.018798,-0.000112,-0.027515,-0.000014,0.000003,-0.000006
2025-12-16 18:00:28.552,0.018779,-0.000107,-0.027499,-0.000013,0.000003,-0.000006
2025-12-16 18:00:28.553,0.018758,-0.000105,-0.027473,-0.000014,0.000003,-0.000006
2025-12-16 18:00:28.554,0.018733,-0.000104,-0.027448,-0.000013,0.000003,-0.000006
2025-12-16 18:00:28.555,0.018709,-0.000101,-0.027424,-0.000014,0.000003,-0.000006
2025-12-16 18:00:28.556,0.018683,-0.000100,-0.027404,-0.000014,0.000003,-0.000006
2025-12-16 18:00:28.557,0.018653,-0.000097,-0.027382,-0.000013,0.000003,-0.000006
2025-12-16 18:00:28.559,0.018591,-0.000080,-0.027332,-0.000013,0.000003,-0.000006
2025-12-16 18:00:28.560,0.018554,-0.000067,-0.027307,-0.000013,0.000004,-0.000006
2025-12-16 18:00:28.561,0.018514,-0.000055,-0.027279,-0.000013,0.000004,-0.000006
2025-12-16 18:00:28.562,0.018466,-0.000042,-0.027250,-0.000013,0.000004,-0.000006
2025-12-16 18:00:28.563,0.018419,-0.000028,-0.027222,-0.000013,0.000004,-0.000006
2025-12-16 18:00:28.564,0.018367,-0.000018,-0.027194,-0.000013,0.000004,-0.000006
2025-12-16 18:00:28.565,0.018308,-0.000006,-0.027166,-0.000013,0.000004,-0.000006
2025-12-16 18:00:28.566,0.018248,0.000007,-0.027138,-0.000013,0.000003,-0.000006
2025-12-16 18:00:28.567,0.018185,0.000018,-0.027108,-0.000013,0.000003,-0.000006
2025-12-16 18:00:28.568,0.018117,0.000030,-0.027079,-0.000013,0.000004,-0.000006
2025-12-16 18:00:28.570,0.017978,0.000057,-0.027026,-0.000013,0.000004,-0.000006
2025-12-16 18:00:28.571,0.017906,0.000069,-0.026997,-0.000013,0.000003,-0.000006
2025-12-16 18:00:28.572,0.017831,0.000082,-0.026969,-0.000013,0.000004,-0.000006
2025-12-16 18:00:28.573,0.017754,0.000097,-0.026949,-0.000013,0.000004,-0.000006
2025-12-16 18:00:28.574,0.017679,0.000112,-0.026927,-0.000013,0.000004,-0.000006
2025-12-16 18:00:28.575,0.017602,0.000127,-0.026903,-0.000013,0.000004,-0.000006
2025-12-16 18:00:28.576,0.017524,0.000139,-0.026877,-0.000013,0.000004,-0.000005
2025-12-16 18:00:28.577,0.017444,0.000151,-0.026852,-0.000013,0.000004,-0.000006
2025-12-16 18:00:28.578,0.017368,0.000159,-0.026826,-0.000013,0.000004,-0.000005
2025-12-16 18:00:28.579,0.017292,0.000167,-0.026802,-0.000013,0.000004,-0.000005
2025-12-16 18:00:28.581,0.017153,0.000180,-0.026761,-0.000013,0.000004,-0.000006
2025-12-16 18:00:28.582,0.017095,0.000184,-0.026749,-0.000013,0.000004,-0.000006
2025-12-16 18:00:28.583,0.017036,0.000185,-0.026734,-0.000013,0.000004,-0.000005
2025-12-16 18:00:28.584,0.016979,0.000188,-0.026728,-0.000013,0.000004,-0.000005
2025-12-16 18:00:28.585,0.016931,0.000188,-0.026723,-0.000013,0.000004,-0.000005
2025-12-16 18:00:28.586,0.016886,0.000189,-0.026719,-0.000013,0.000004,-0.000005
2025-12-16 18:00:28.587,0.016843,0.000191,-0.026716,-0.000013,0.000004,-0.000006
2025-12-16 18:00:28.588,0.016804,0.000195,-0.026711,-0.000013,0.000004,-0.000005
2025-12-16 18:00:28.589,0.016767,0.000194,-0.026709,-0.000013,0.000004,-0.000006
2025-12-16 18:00:28.590,0.016733,0.000190,-0.026704,-0.000013,0.000004,-0.000005
2025-12-16 18:00:28.591,0.016699,0.000190,-0.026701,-0.000013,0.000004,-0.000005
2025-12-16 18:00:28.593,0.016645,0.000186,-0.026699,-0.000013,0.000004,-0.000005
2025-12-16 18:00:28.594,0.016617,0.000184,-0.026702,-0.000013,0.000004,-0.000005
2025-12-16 18:00:28.595,0.016588,0.000185,-0.026702,-0.000013,0.000004,-0.000005
2025-12-16 18:00:28.597,0.016536,0.000193,-0.026700,-0.000013,0.000004,-0.000005
2025-12-16 18:00:28.598,0.016506,0.000202,-0.026702,-0.000013,0.000004,-0.000005
2025-12-16 18:00:28.599,0.016477,0.000211,-0.026707,-0.000012,0.000004,-0.000005
2025-12-16 18:00:28.600,0.016443,0.000220,-0.026712,-0.000012,0.000004,-0.000005
2025-12-16 18:00:28.601,0.016406,0.000232,-0.026711,-0.000013,0.000004,-0.000005
2025-12-16 18:00:28.602,0.016362,0.000248,-0.026709,-0.000013,0.000004,-0.000005
2025-12-16 18:00:28.603,0.016316,0.000268,-0.026711,-0.000012,0.000004,-0.000005
2025-12-16 18:00:28.604,0.016264,0.000290,-0.026706,-0.000013,0.000004,-0.000005
2025-12-16 18:00:28.605,0.016208,0.000316,-0.026701,-0.000013,0.000004,-0.000005
2025-12-16 18:00:28.607,0.016151,0.000342,-0.026691,-0.000013,0.000004,-0.000005
2025-12-16 18:00:28.608,0.016024,0.000399,-0.026670,-0.000013,0.000004,-0.000005
2025-12-16 18:00:28.609,0.015955,0.000430,-0.026657,-0.000013,0.000004,-0.000005
2025-12-16 18:00:28.610,0.015882,0.000464,-0.026643,-0.000013,0.000004,-0.000005
2025-12-16 18:00:28.611,0.015808,0.000496,-0.026631,-0.000013,0.000004,-0.000005
2025-12-16 18:00:28.612,0.015730,0.000537,-0.026611,-0.000013,0.000004,-0.000005
2025-12-16 18:00:28.613,0.015648,0.000579,-0.026590,-0.000012,0.000005,-0.000005
2025-12-16 18:00:28.614,0.015565,0.000621,-0.026566,-0.000012,0.000005,-0.000005
2025-12-16 18:00:28.615,0.015481,0.000661,-0.026541,-0.000012,0.000005,-0.000005
2025-12-16 18:00:28.617,0.015297,0.000741,-0.026488,-0.000013,0.000005,-0.000005
2025-12-16 18:00:28.618,0.015207,0.000776,-0.026460,-0.000013,0.000005,-0.000004
2025-12-16 18:00:28.619,0.015117,0.000810,-0.026428,-0.000012,0.000005,-0.000005
2025-12-16 18:00:28.620,0.015027,0.000849,-0.026397,-0.000013,0.000005,-0.000005
2025-12-16 18:00:28.621,0.014937,0.000888,-0.026368,-0.000013,0.000005,-0.000004
2025-12-16 18:00:28.622,0.014849,0.000925,-0.026337,-0.000013,0.000005,-0.000004
2025-12-16 18:00:28.623,0.014763,0.000958,-0.026306,-0.000013,0.000005,-0.000004
2025-12-16 18:00:28.624,0.014683,0.000987,-0.026276,-0.000012,0.000005,-0.000004
2025-12-16 18:00:28.626,0.014521,0.001034,-0.026207,-0.000012,0.000005,-0.000004
2025-12-16 18:00:28.627,0.014439,0.001054,-0.026174,-0.000012,0.000005,-0.000004
2025-12-16 18:00:28.628,0.014357,0.001070,-0.026141,-0.000012,0.000005,-0.000004
2025-12-16 18:00:28.629,0.014278,0.001085,-0.026105,-0.000012,0.000005,-0.000004
2025-12-16 18:00:28.630,0.014202,0.001096,-0.026072,-0.000012,0.000005,-0.000004
2025-12-16 18:00:28.631,0.014125,0.001104,-0.026036,-0.000012,0.000005,-0.000004
2025-12-16 18:00:28.632,0.014046,0.001101,-0.026002,-0.000013,0.000005,-0.000004
2025-12-16 18:00:28.634,0.013887,0.001086,-0.025936,-0.000013,0.000005,-0.000004
2025-12-16 18:00:28.635,0.013809,0.001076,-0.025902,-0.000013,0.000005,-0.000004
2025-12-16 18:00:28.636,0.013730,0.001067,-0.025869,-0.000012,0.000005,-0.000004
2025-12-16 18:00:28.637,0.013653,0.001053,-0.025833,-0.000012,0.000005,-0.000004
2025-12-16 18:00:28.638,0.013572,0.001038,-0.025799,-0.000013,0.000005,-0.000004
2025-12-16 18:00:28.639,0.013487,0.001022,-0.025769,-0.000012,0.000005,-0.000004
2025-12-16 18:00:28.640,0.013405,0.000998,-0.025736,-0.000013,0.000005,-0.000004
2025-12-16 18:00:28.642,0.013228,0.000947,-0.025670,-0.000013,0.000006,-0.000004
2025-12-16 18:00:28.643,0.013130,0.000918,-0.025634,-0.000013,0.000005,-0.000004
2025-12-16 18:00:28.644,0.013034,0.000888,-0.025596,-0.000013,0.000005,-0.000004
2025-12-16 18:00:28.645,0.012932,0.000862,-0.025565,-0.000012,0.000005,-0.000004
2025-12-16 18:00:28.646,0.012834,0.000836,-0.025534,-0.000013,0.000005,-0.000004
2025-12-16 18:00:28.647,0.012735,0.000809,-0.025503,-0.000013,0.000005,-0.000004
2025-12-16 18:00:28.648,0.012635,0.000782,-0.025473,-0.000013,0.000005,-0.000004
2025-12-16 18:00:28.649,0.012533,0.000755,-0.025442,-0.000013,0.000005,-0.000004
2025-12-16 18:00:28.651,0.012323,0.000707,-0.025382,-0.000013,0.000006,-0.000004
2025-12-16 18:00:28.652,0.012218,0.000684,-0.025349,-0.000013,0.000005,-0.000004
2025-12-16 18:00:28.653,0.012113,0.000664,-0.025313,-0.000012,0.000006,-0.000004
2025-12-16 18:00:28.654,0.012007,0.000646,-0.025279,-0.000013,0.000006,-0.000004
2025-12-16 18:00:28.655,0.011902,0.000627,-0.025241,-0.000013,0.000006,-0.000004
2025-12-16 18:00:28.656,0.011801,0.000608,-0.025206,-0.000013,0.000006,-0.000003
2025-12-16 18:00:28.658,0.011609,0.000575,-0.025149,-0.000013,0.000006,-0.000003
2025-12-16 18:00:28.659,0.011517,0.000561,-0.025113,-0.000013,0.000006,-0.000003
2025-12-16 18:00:28.660,0.011426,0.000551,-0.025084,-0.000013,0.000006,-0.000003
2025-12-16 18:00:28.661,0.011339,0.000540,-0.025049,-0.000013,0.000006,-0.000003
2025-12-16 18:00:28.662,0.011258,0.000531,-0.025017,-0.000013,0.000006,-0.000003
2025-12-16 18:00:28.663,0.011179,0.000527,-0.024989,-0.000013,0.000006,-0.000003
2025-12-16 18:00:28.664,0.011098,0.000527,-0.024955,-0.000012,0.000006,-0.000003
2025-12-16 18:00:28.665,0.011023,0.000526,-0.024917,-0.000012,0.000006,-0.000003
2025-12-16 18:00:28.667,0.010881,0.000526,-0.024842,-0.000013,0.000006,-0.000003
2025-12-16 18:00:28.668,0.010814,0.000528,-0.024803,-0.000013,0.000006,-0.000003
2025-12-16 18:00:28.669,0.010751,0.000532,-0.024764,-0.000013,0.000006,-0.000003
2025-12-16 18:00:28.670,0.010689,0.000539,-0.024718,-0.000013,0.000006,-0.000003
2025-12-16 18:00:28.671,0.010631,0.000543,-0.024674,-0.000012,0.000006,-0.000003
2025-12-16 18:00:28.672,0.010575,0.000554,-0.024631,-0.000013,0.000006,-0.000003
2025-12-16 18:00:28.673,0.010517,0.000569,-0.024589,-0.000013,0.000006,-0.000003
2025-12-16 18:00:28.674,0.010462,0.000584,-0.024542,-0.000012,0.000006,-0.000003
2025-12-16 18:00:28.675,0.010409,0.000604,-0.024499,-0.000012,0.000006,-0.000003
2025-12-16 18:00:28.677,0.010303,0.000640,-0.024402,-0.000012,0.000006,-0.000003
2025-12-16 18:00:28.678,0.010248,0.000660,-0.024356,-0.000012,0.000006,-0.000003
2025-12-16 18:00:28.679,0.010194,0.000678,-0.024307,-0.000012,0.000006,-0.000003
2025-12-16 18:00:28.680,0.010143,0.000697,-0.024248,-0.000012,0.000006,-0.000003
2025-12-16 18:00:28.681,0.010092,0.000715,-0.024190,-0.000012,0.000006,-0.000003
2025-12-16 18:00:28.682,0.010038,0.000739,-0.024124,-0.000012,0.000006,-0.000003
2025-12-16 18:00:28.683,0.009985,0.000762,-0.024056,-0.000012,0.000006,-0.000003
2025-12-16 18:00:28.684,0.009936,0.000785,-0.023988,-0.000012,0.000006,-0.000003
2025-12-16 18:00:28.685,0.009890,0.000805,-0.023920,-0.000012,0.000006,-0.000003
2025-12-16 18:00:28.687,0.009845,0.000828,-0.023849,-0.000012,0.000006,-0.000003
2025-12-16 18:00:28.688,0.009757,0.000874,-0.023700,-0.000012,0.000006,-0.000003
2025-12-16 18:00:28.689,0.009716,0.000896,-0.023624,-0.000012,0.000006,-0.000003
2025-12-16 18:00:28.690,0.009675,0.000918,-0.023551,-0.000012,0.000006,-0.000003
2025-12-16 18:00:28.691,0.009634,0.000945,-0.023472,-0.000012,0.000006,-0.000003
2025-12-16 18:00:28.692,0.009594,0.000971,-0.023393,-0.000012,0.000006,-0.000002
2025-12-16 18:00:28.693,0.009562,0.000993,-0.023313,-0.000012,0.000006,-0.000003
2025-12-16 18:00:28.694,0.009527,0.001016,-0.023234,-0.000012,0.000006,-0.000002
2025-12-16 18:00:28.696,0.009462,0.001062,-0.023074,-0.000012,0.000006,-0.000002
2025-12-16 18:00:28.697,0.009433,0.001090,-0.022989,-0.000012,0.000006,-0.000002
2025-12-16 18:00:28.698,0.009405,0.001118,-0.022901,-0.000011,0.000006,-0.000002
2025-12-16 18:00:28.699,0.009378,0.001151,-0.022816,-0.000012,0.000006,-0.000002
2025-12-16 18:00:28.700,0.009348,0.001186,-0.022736,-0.000012,0.000006,-0.000002
2025-12-16 18:00:28.701,0.009317,0.001221,-0.022658,-0.000011,0.000006,-0.000003
2025-12-16 18:00:28.702,0.009291,0.001251,-0.022584,-0.000011,0.000006,-0.000002
2025-12-16 18:00:28.703,0.009266,0.001282,-0.022508,-0.000011,0.000006,-0.000002
2025-12-16 18:00:28.704,0.009245,0.001311,-0.022435,-0.000011,0.000006,-0.000002
2025-12-16 18:00:28.705,0.009221,0.001344,-0.022357,-0.000011,0.000006,-0.000002
2025-12-16 18:00:28.707,0.009171,0.001419,-0.022213,-0.000011,0.000005,-0.000002
2025-12-16 18:00:28.708,0.009143,0.001456,-0.022145,-0.000011,0.000006,-0.000002
2025-12-16 18:00:28.709,0.009114,0.001492,-0.022076,-0.000011,0.000006,-0.000002
2025-12-16 18:00:28.710,0.009083,0.001533,-0.022007,-0.000011,0.000006,-0.000002
2025-12-16 18:00:28.711,0.009054,0.001573,-0.021942,-0.000011,0.000006,-0.000002
2025-12-16 18:00:28.712,0.009025,0.001609,-0.021881,-0.000011,0.000006,-0.000002
2025-12-16 18:00:28.713,0.008992,0.001648,-0.021824,-0.000011,0.000006,-0.000002
2025-12-16 18:00:28.714,0.008963,0.001686,-0.021767,-0.000011,0.000005,-0.000002
2025-12-16 18:00:28.716,0.008896,0.001756,-0.021656,-0.000011,0.000006,-0.000002
2025-12-16 18:00:28.717,0.008856,0.001791,-0.021606,-0.000011,0.000006,-0.000002
2025-12-16 18:00:28.718,0.008809,0.001825,-0.021557,-0.000011,0.000006,-0.000002
2025-12-16 18:00:28.719,0.008761,0.001854,-0.021506,-0.000011,0.000005,-0.000002
2025-12-16 18:00:28.720,0.008714,0.001885,-0.021456,-0.000011,0.000006,-0.000002
2025-12-16 18:00:28.721,0.008662,0.001915,-0.021407,-0.000011,0.000006,-0.000002
2025-12-16 18:00:28.722,0.008606,0.001946,-0.021356,-0.000010,0.000006,-0.000002
2025-12-16 18:00:28.723,0.008544,0.001974,-0.021309,-0.000011,0.000006,-0.000002
2025-12-16 18:00:28.724,0.008475,0.002007,-0.021261,-0.000010,0.000006,-0.000002
2025-12-16 18:00:28.726,0.008329,0.002063,-0.021175,-0.000011,0.000006,-0.000002
2025-12-16 18:00:28.727,0.008253,0.002086,-0.021130,-0.000011,0.000006,-0.000002
2025-12-16 18:00:28.728,0.008173,0.002110,-0.021083,-0.000010,0.000006,-0.000002
2025-12-16 18:00:28.729,0.008087,0.002134,-0.021035,-0.000010,0.000006,-0.000002
2025-12-16 18:00:28.730,0.007996,0.002158,-0.020988,-0.000010,0.000006,-0.000001
2025-12-16 18:00:28.731,0.007900,0.002181,-0.020945,-0.000011,0.000006,-0.000001
2025-12-16 18:00:28.732,0.007802,0.002205,-0.020901,-0.000011,0.000006,-0.000001
2025-12-16 18:00:28.733,0.007703,0.002226,-0.020852,-0.000010,0.000006,-0.000002
2025-12-16 18:00:28.734,0.007602,0.002246,-0.020805,-0.000010,0.000006,-0.000002
2025-12-16 18:00:28.736,0.007392,0.002286,-0.020714,-0.000010,0.000006,-0.000001
2025-12-16 18:00:28.737,0.007284,0.002304,-0.020667,-0.000010,0.000006,-0.000002
2025-12-16 18:00:28.738,0.007180,0.002321,-0.020620,-0.000010,0.000006,-0.000001
2025-12-16 18:00:28.739,0.007077,0.002339,-0.020576,-0.000011,0.000006,-0.000001
2025-12-16 18:00:28.740,0.006976,0.002349,-0.020531,-0.000011,0.000006,-0.000001
2025-12-16 18:00:28.741,0.006875,0.002358,-0.020484,-0.000010,0.000006,-0.000001
2025-12-16 18:00:28.742,0.006773,0.002370,-0.020438,-0.000010,0.000006,-0.000001
2025-12-16 18:00:28.743,0.006676,0.002379,-0.020392,-0.000011,0.000006,-0.000001
2025-12-16 18:00:28.744,0.006585,0.002386,-0.020344,-0.000010,0.000006,-0.000001
2025-12-16 18:00:28.746,0.006409,0.002404,-0.020243,-0.000011,0.000006,-0.000001
2025-12-16 18:00:28.747,0.006321,0.002414,-0.020194,-0.000011,0.000006,-0.000001
2025-12-16 18:00:28.748,0.006235,0.002422,-0.020146,-0.000010,0.000006,-0.000001
2025-12-16 18:00:28.749,0.006154,0.002429,-0.020104,-0.000010,0.000006,-0.000001
2025-12-16 18:00:28.750,0.006077,0.002434,-0.020063,-0.000011,0.000006,-0.000001
2025-12-16 18:00:28.751,0.006006,0.002436,-0.020021,-0.000010,0.000006,-0.000001
2025-12-16 18:00:28.752,0.005942,0.002439,-0.019982,-0.000010,0.000006,-0.000001
2025-12-16 18:00:28.753,0.005878,0.002440,-0.019945,-0.000011,0.000006,-0.000001
2025-12-16 18:00:28.754,0.005817,0.002444,-0.019906,-0.000011,0.000006,-0.000001
2025-12-16 18:00:28.755,0.005760,0.002451,-0.019868,-0.000011,0.000006,-0.000001
2025-12-16 18:00:28.757,0.005660,0.002457,-0.019794,-0.000011,0.000006,-0.000001
2025-12-16 18:00:28.758,0.005616,0.002460,-0.019759,-0.000011,0.000006,-0.000001
2025-12-16 18:00:28.759,0.005573,0.002460,-0.019723,-0.000011,0.000006,-0.000001
2025-12-16 18:00:28.760,0.005529,0.002468,-0.019687,-0.000010,0.000006,-0.000001
2025-12-16 18:00:28.761,0.005490,0.002475,-0.019652,-0.000010,0.000006,-0.000001
2025-12-16 18:00:28.762,0.005456,0.002477,-0.019618,-0.000010,0.000006,-0.000001
2025-12-16 18:00:28.764,0.005397,0.002483,-0.019561,-0.000010,0.000006,-0.000001
2025-12-16 18:00:28.765,0.005372,0.002483,-0.019535,-0.000010,0.000006,-0.000001
2025-12-16 18:00:28.766,0.005347,0.002484,-0.019512,-0.000010,0.000006,-0.000001
2025-12-16 18:00:28.767,0.005330,0.002482,-0.019487,-0.000010,0.000006,-0.000001
2025-12-16 18:00:28.768,0.005321,0.002482,-0.019460,-0.000010,0.000006,-0.000001
2025-12-16 18:00:28.769,0.005311,0.002484,-0.019436,-0.000010,0.000006,-0.000001
2025-12-16 18:00:28.770,0.005307,0.002485,-0.019409,-0.000010,0.000006,-0.000000
2025-12-16 18:00:28.771,0.005301,0.002486,-0.019384,-0.000010,0.000006,-0.000001
2025-12-16 18:00:28.772,0.005294,0.002486,-0.019354,-0.000010,0.000006,-0.000000
2025-12-16 18:00:28.773,0.005290,0.002488,-0.019324,-0.000010,0.000006,-0.000000
2025-12-16 18:00:28.775,0.005292,0.002486,-0.019268,-0.000010,0.000006,-0.000000
2025-12-16 18:00:28.776,0.005297,0.002488,-0.019241,-0.000010,0.000006,-0.000001
2025-12-16 18:00:28.777,0.005300,0.002494,-0.019212,-0.000010,0.000006,-0.000001
2025-12-16 18:00:28.778,0.005304,0.002498,-0.019181,-0.000010,0.000006,-0.000001
2025-12-16 18:00:28.780,0.005325,0.002510,-0.019130,-0.000009,0.000006,-0.000001
2025-12-16 18:00:28.781,0.005338,0.002515,-0.019103,-0.000009,0.000006,-0.000001
2025-12-16 18:00:28.782,0.005351,0.002527,-0.019077,-0.000009,0.000006,-0.000001
2025-12-16 18:00:28.783,0.005360,0.002543,-0.019045,-0.000010,0.000006,-0.000001
2025-12-16 18:00:28.784,0.005373,0.002560,-0.019014,-0.000009,0.000006,-0.000001
2025-12-16 18:00:28.785,0.005387,0.002576,-0.018984,-0.000010,0.000006,-0.000001
2025-12-16 18:00:28.786,0.005402,0.002596,-0.018953,-0.000009,0.000006,-0.000001
2025-12-16 18:00:28.787,0.005419,0.002621,-0.018926,-0.000009,0.000006,-0.000001
2025-12-16 18:00:28.788,0.005430,0.002649,-0.018902,-0.000009,0.000006,-0.000001
2025-12-16 18:00:28.789,0.005444,0.002676,-0.018867,-0.000009,0.000006,-0.000000
2025-12-16 18:00:28.790,0.005461,0.002707,-0.018836,-0.000009,0.000006,-0.000000
2025-12-16 18:00:28.792,0.005497,0.002780,-0.018776,-0.000009,0.000006,-0.000000
2025-12-16 18:00:28.794,0.005536,0.002861,-0.018717,-0.000009,0.000006,-0.000000
2025-12-16 18:00:28.795,0.005553,0.002904,-0.018688,-0.000009,0.000006,-0.000000
2025-12-16 18:00:28.796,0.005572,0.002946,-0.018659,-0.000009,0.000006,-0.000001
2025-12-16 18:00:28.797,0.005596,0.002989,-0.018631,-0.000009,0.000006,-0.000000
2025-12-16 18:00:28.798,0.005619,0.003033,-0.018602,-0.000009,0.000006,-0.000000
2025-12-16 18:00:28.799,0.005641,0.003077,-0.018570,-0.000009,0.000006,-0.000000
2025-12-16 18:00:28.800,0.005666,0.003122,-0.018539,-0.000009,0.000006,-0.000001
2025-12-16 18:00:28.801,0.005690,0.003168,-0.018515,-0.000009,0.000006,-0.000000
2025-12-16 18:00:28.803,0.005750,0.003258,-0.018464,-0.000009,0.000006,-0.000000
2025-12-16 18:00:28.804,0.005779,0.003300,-0.018438,-0.000009,0.000006,-0.000001
2025-12-16 18:00:28.805,0.005809,0.003345,-0.018414,-0.000009,0.000006,-0.000001
2025-12-16 18:00:28.806,0.005840,0.003386,-0.018388,-0.000010,0.000006,-0.000000
2025-12-16 18:00:28.807,0.005869,0.003426,-0.018363,-0.000009,0.000006,-0.000001
2025-12-16 18:00:28.808,0.005899,0.003461,-0.018336,-0.000009,0.000006,-0.000001
2025-12-16 18:00:28.809,0.005932,0.003497,-0.018317,-0.000009,0.000006,-0.000000
2025-12-16 18:00:28.811,0.006002,0.003553,-0.018279,-0.000009,0.000006,-0.000001
2025-12-16 18:00:28.812,0.006036,0.003578,-0.018259,-0.000009,0.000006,-0.000001
2025-12-16 18:00:28.813,0.006075,0.003597,-0.018242,-0.000009,0.000006,-0.000001
2025-12-16 18:00:28.814,0.006110,0.003619,-0.018223,-0.000009,0.000006,-0.000001
2025-12-16 18:00:28.815,0.006151,0.003634,-0.018203,-0.000009,0.000006,-0.000001
2025-12-16 18:00:28.816,0.006188,0.003647,-0.018182,-0.000009,0.000006,-0.000001
2025-12-16 18:00:28.817,0.006224,0.003658,-0.018162,-0.000009,0.000006,-0.000001
2025-12-16 18:00:28.818,0.006264,0.003666,-0.018145,-0.000009,0.000006,-0.000001
2025-12-16 18:00:28.819,0.006300,0.003674,-0.018128,-0.000009,0.000006,-0.000001
2025-12-16 18:00:28.821,0.006336,0.003681,-0.018111,-0.000009,0.000006,-0.000001
2025-12-16 18:00:28.822,0.006408,0.003685,-0.018079,-0.000009,0.000006,-0.000001
2025-12-16 18:00:28.823,0.006446,0.003677,-0.018062,-0.000009,0.000006,-0.000001
2025-12-16 18:00:28.824,0.006479,0.003668,-0.018046,-0.000009,0.000006,-0.000001
2025-12-16 18:00:28.825,0.006512,0.003657,-0.018029,-0.000009,0.000006,-0.000001
2025-12-16 18:00:28.827,0.006577,0.003634,-0.018003,-0.000009,0.000006,-0.000001
2025-12-16 18:00:28.828,0.006611,0.003622,-0.017989,-0.000009,0.000006,-0.000001
2025-12-16 18:00:28.829,0.006636,0.003603,-0.017973,-0.000009,0.000006,-0.000001
2025-12-16 18:00:28.830,0.006662,0.003583,-0.017956,-0.000009,0.000006,-0.000001
2025-12-16 18:00:28.831,0.006683,0.003566,-0.017947,-0.000009,0.000006,-0.000001
2025-12-16 18:00:28.832,0.006700,0.003549,-0.017938,-0.000008,0.000005,-0.000001
2025-12-16 18:00:28.833,0.006714,0.003535,-0.017929,-0.000008,0.000005,-0.000001
2025-12-16 18:00:28.834,0.006730,0.003519,-0.017923,-0.000009,0.000005,-0.000001
2025-12-16 18:00:28.835,0.006740,0.003502,-0.017917,-0.000008,0.000005,-0.000001
2025-12-16 18:00:28.836,0.006751,0.003485,-0.017915,-0.000008,0.000005,-0.000001
2025-12-16 18:00:28.837,0.006761,0.003468,-0.017911,-0.000008,0.000005,-0.000001
2025-12-16 18:00:28.839,0.006768,0.003435,-0.017913,-0.000008,0.000006,-0.000001
2025-12-16 18:00:28.840,0.006774,0.003416,-0.017915,-0.000008,0.000005,-0.000001
2025-12-16 18:00:28.841,0.006774,0.003394,-0.017916,-0.000008,0.000006,-0.000001
2025-12-16 18:00:28.842,0.006772,0.003374,-0.017920,-0.000008,0.000006,-0.000001
2025-12-16 18:00:28.843,0.006765,0.003358,-0.017922,-0.000009,0.000005,-0.000001
2025-12-16 18:00:28.845,0.006752,0.003330,-0.017936,-0.000008,0.000006,-0.000001
2025-12-16 18:00:28.846,0.006744,0.003316,-0.017946,-0.000008,0.000006,-0.000001
2025-12-16 18:00:28.847,0.006736,0.003299,-0.017957,-0.000008,0.000006,-0.000001
2025-12-16 18:00:28.848,0.006730,0.003278,-0.017969,-0.000008,0.000006,-0.000001
2025-12-16 18:00:28.849,0.006718,0.003263,-0.017982,-0.000008,0.000005,-0.000001
2025-12-16 18:00:28.851,0.006692,0.003230,-0.018007,-0.000008,0.000006,-0.000001
2025-12-16 18:00:28.852,0.006682,0.003211,-0.018022,-0.000008,0.000006,-0.000001
2025-12-16 18:00:28.853,0.006671,0.003192,-0.018035,-0.000008,0.000006,-0.000001
2025-12-16 18:00:28.854,0.006656,0.003169,-0.018049,-0.000008,0.000006,-0.000001
2025-12-16 18:00:28.855,0.006641,0.003149,-0.018061,-0.000008,0.000006,-0.000001
2025-12-16 18:00:28.857,0.006613,0.003095,-0.018091,-0.000008,0.000006,-0.000001
2025-12-16 18:00:28.858,0.006603,0.003068,-0.018106,-0.000008,0.000006,-0.000001
2025-12-16 18:00:28.859,0.006594,0.003037,-0.018116,-0.000008,0.000005,-0.000001
2025-12-16 18:00:28.860,0.006580,0.003007,-0.018128,-0.000008,0.000006,-0.000001
2025-12-16 18:00:28.861,0.006570,0.002976,-0.018143,-0.000008,0.000005,-0.000001
2025-12-16 18:00:28.862,0.006559,0.002945,-0.018156,-0.000008,0.000006,-0.000001
2025-12-16 18:00:28.863,0.006547,0.002913,-0.018172,-0.000009,0.000006,-0.000001
2025-12-16 18:00:28.865,0.006534,0.002845,-0.018206,-0.000008,0.000005,-0.000001
2025-12-16 18:00:28.866,0.006530,0.002807,-0.018219,-0.000008,0.000005,-0.000001
2025-12-16 18:00:28.867,0.006528,0.002770,-0.018226,-0.000008,0.000005,-0.000001
2025-12-16 18:00:28.868,0.006530,0.002734,-0.018233,-0.000008,0.000005,-0.000001
2025-12-16 18:00:28.869,0.006539,0.002692,-0.018241,-0.000009,0.000005,-0.000001
2025-12-16 18:00:28.871,0.006563,0.002611,-0.018257,-0.000009,0.000005,-0.000001
2025-12-16 18:00:28.872,0.006576,0.002573,-0.018264,-0.000009,0.000005,-0.000001
2025-12-16 18:00:28.873,0.006594,0.002533,-0.018268,-0.000008,0.000005,-0.000001
2025-12-16 18:00:28.874,0.006619,0.002493,-0.018272,-0.000008,0.000005,-0.000001
2025-12-16 18:00:28.875,0.006678,0.002415,-0.018285,-0.000008,0.000005,-0.000001
2025-12-16 18:00:28.877,0.006715,0.002379,-0.018289,-0.000009,0.000005,-0.000001
2025-12-16 18:00:28.878,0.006749,0.002345,-0.018292,-0.000008,0.000005,-0.000001
2025-12-16 18:00:28.879,0.006787,0.002313,-0.018292,-0.000009,0.000005,-0.000001
2025-12-16 18:00:28.880,0.006830,0.002281,-0.018293,-0.000008,0.000005,-0.000001
2025-12-16 18:00:28.881,0.006921,0.002219,-0.018293,-0.000008,0.000005,-0.000001
2025-12-16 18:00:28.883,0.006976,0.002187,-0.018295,-0.000008,0.000005,-0.000001
2025-12-16 18:00:28.884,0.007034,0.002153,-0.018291,-0.000008,0.000005,-0.000001
2025-12-16 18:00:28.885,0.007089,0.002124,-0.018284,-0.000008,0.000005,-0.000001
2025-12-16 18:00:28.886,0.007149,0.002097,-0.018276,-0.000008,0.000005,-0.000001
2025-12-16 18:00:28.887,0.007205,0.002069,-0.018273,-0.000008,0.000005,-0.000001
2025-12-16 18:00:28.888,0.007263,0.002040,-0.018270,-0.000008,0.000005,-0.000001
2025-12-16 18:00:28.889,0.007317,0.002017,-0.018265,-0.000008,0.000005,-0.000001
2025-12-16 18:00:28.891,0.007434,0.001978,-0.018241,-0.000008,0.000005,-0.000001
2025-12-16 18:00:28.892,0.007497,0.001958,-0.018226,-0.000008,0.000005,-0.000001
2025-12-16 18:00:28.893,0.007559,0.001939,-0.018217,-0.000008,0.000005,-0.000001
2025-12-16 18:00:28.894,0.007619,0.001923,-0.018203,-0.000008,0.000005,-0.000001
2025-12-16 18:00:28.895,0.007680,0.001905,-0.018188,-0.000008,0.000005,-0.000001
2025-12-16 18:00:28.896,0.007742,0.001891,-0.018173,-0.000008,0.000005,-0.000001
2025-12-16 18:00:28.897,0.007802,0.001872,-0.018156,-0.000008,0.000005,-0.000001
2025-12-16 18:00:28.898,0.007865,0.001853,-0.018133,-0.000008,0.000005,-0.000001
2025-12-16 18:00:28.900,0.007991,0.001818,-0.018098,-0.000008,0.000005,-0.000001
2025-12-16 18:00:28.901,0.008052,0.001805,-0.018079,-0.000008,0.000005,-0.000002
2025-12-16 18:00:28.902,0.008113,0.001788,-0.018059,-0.000008,0.000004,-0.000002
2025-12-16 18:00:28.903,0.008170,0.001775,-0.018034,-0.000008,0.000004,-0.000002
2025-12-16 18:00:28.904,0.008224,0.001766,-0.018010,-0.000008,0.000004,-0.000002
2025-12-16 18:00:28.905,0.008280,0.001750,-0.017990,-0.000007,0.000004,-0.000002
2025-12-16 18:00:28.906,0.008334,0.001736,-0.017973,-0.000008,0.000004,-0.000002
2025-12-16 18:00:28.907,0.008391,0.001722,-0.017952,-0.000007,0.000004,-0.000002
2025-12-16 18:00:28.909,0.008493,0.001697,-0.017906,-0.000007,0.000004,-0.000002
2025-12-16 18:00:28.910,0.008544,0.001684,-0.017883,-0.000007,0.000004,-0.000002
2025-12-16 18:00:28.911,0.008593,0.001671,-0.017859,-0.000007,0.000004,-0.000002
2025-12-16 18:00:28.912,0.008639,0.001660,-0.017837,-0.000007,0.000004,-0.000002
2025-12-16 18:00:28.913,0.008684,0.001650,-0.017814,-0.000007,0.000004,-0.000002
2025-12-16 18:00:28.914,0.008721,0.001641,-0.017795,-0.000007,0.000004,-0.000002
2025-12-16 18:00:28.915,0.008757,0.001631,-0.017775,-0.000007,0.000004,-0.000002
2025-12-16 18:00:28.916,0.008789,0.001621,-0.017752,-0.000007,0.000004,-0.000002
2025-12-16 18:00:28.917,0.008818,0.001615,-0.017735,-0.000008,0.000004,-0.000002
2025-12-16 18:00:28.919,0.008843,0.001609,-0.017721,-0.000007,0.000004,-0.000002
2025-12-16 18:00:28.920,0.008883,0.001594,-0.017687,-0.000007,0.000004,-0.000002
2025-12-16 18:00:28.921,0.008899,0.001587,-0.017668,-0.000007,0.000004,-0.000002
2025-12-16 18:00:28.922,0.008913,0.001581,-0.017650,-0.000007,0.000004,-0.000002
2025-12-16 18:00:28.923,0.008928,0.001572,-0.017635,-0.000007,0.000004,-0.000002
2025-12-16 18:00:28.924,0.008939,0.001561,-0.017619,-0.000007,0.000004,-0.000002
2025-12-16 18:00:28.925,0.008950,0.001554,-0.017597,-0.000007,0.000004,-0.000002
2025-12-16 18:00:28.926,0.008957,0.001547,-0.017571,-0.000007,0.000004,-0.000002
2025-12-16 18:00:28.927,0.008961,0.001542,-0.017549,-0.000007,0.000004,-0.000002
2025-12-16 18:00:28.928,0.008964,0.001534,-0.017528,-0.000007,0.000004,-0.000002
2025-12-16 18:00:28.930,0.008970,0.001511,-0.017489,-0.000007,0.000004,-0.000002
2025-12-16 18:00:28.931,0.008970,0.001500,-0.017472,-0.000007,0.000004,-0.000002
2025-12-16 18:00:28.932,0.008968,0.001484,-0.017452,-0.000007,0.000004,-0.000002
2025-12-16 18:00:28.933,0.008967,0.001466,-0.017431,-0.000007,0.000004,-0.000002
2025-12-16 18:00:28.934,0.008972,0.001445,-0.017413,-0.000007,0.000004,-0.000002
2025-12-16 18:00:28.935,0.008975,0.001424,-0.017395,-0.000007,0.000004,-0.000002
2025-12-16 18:00:28.936,0.008979,0.001403,-0.017377,-0.000007,0.000004,-0.000002
2025-12-16 18:00:28.937,0.008981,0.001378,-0.017356,-0.000007,0.000004,-0.000002
2025-12-16 18:00:28.938,0.008987,0.001351,-0.017336,-0.000007,0.000004,-0.000002
2025-12-16 18:00:28.939,0.008993,0.001323,-0.017322,-0.000007,0.000004,-0.000002
2025-12-16 18:00:28.940,0.009001,0.001291,-0.017307,-0.000007,0.000004,-0.000002
2025-12-16 18:00:28.941,0.009011,0.001255,-0.017290,-0.000007,0.000004,-0.000002
2025-12-16 18:00:28.942,0.009022,0.001216,-0.017271,-0.000007,0.000004,-0.000002
2025-12-16 18:00:28.944,0.009055,0.001121,-0.017236,-0.000007,0.000003,-0.000002
2025-12-16 18:00:28.945,0.009071,0.001076,-0.017220,-0.000007,0.000004,-0.000002
2025-12-16 18:00:28.946,0.009090,0.001027,-0.017206,-0.000007,0.000003,-0.000002
2025-12-16 18:00:28.947,0.009108,0.000974,-0.017194,-0.000007,0.000003,-0.000002
2025-12-16 18:00:28.948,0.009131,0.000917,-0.017181,-0.000007,0.000004,-0.000002
2025-12-16 18:00:28.949,0.009154,0.000853,-0.017167,-0.000007,0.000003,-0.000002
2025-12-16 18:00:28.950,0.009176,0.000786,-0.017161,-0.000007,0.000003,-0.000002
2025-12-16 18:00:28.951,0.009198,0.000714,-0.017155,-0.000007,0.000003,-0.000002
2025-12-16 18:00:28.952,0.009224,0.000642,-0.017155,-0.000007,0.000003,-0.000002
2025-12-16 18:00:28.953,0.009250,0.000568,-0.017154,-0.000007,0.000003,-0.000002
2025-12-16 18:00:28.954,0.009275,0.000491,-0.017151,-0.000007,0.000003,-0.000002
2025-12-16 18:00:28.955,0.009299,0.000410,-0.017150,-0.000007,0.000003,-0.000002
2025-12-16 18:00:28.956,0.009322,0.000327,-0.017149,-0.000007,0.000003,-0.000002
2025-12-16 18:00:28.957,0.009344,0.000245,-0.017153,-0.000007,0.000003,-0.000002
2025-12-16 18:00:28.958,0.009364,0.000163,-0.017156,-0.000007,0.000003,-0.000002
2025-12-16 18:00:28.959,0.009384,0.000077,-0.017153,-0.000007,0.000003,-0.000002
2025-12-16 18:00:28.961,0.009419,-0.000099,-0.017154,-0.000007,0.000003,-0.000002
2025-12-16 18:00:28.962,0.009438,-0.000187,-0.017163,-0.000007,0.000003,-0.000002
2025-12-16 18:00:28.963,0.009451,-0.000276,-0.017172,-0.000007,0.000003,-0.000003
2025-12-16 18:00:28.964,0.009461,-0.000366,-0.017181,-0.000007,0.000003,-0.000002
2025-12-16 18:00:28.965,0.009467,-0.000448,-0.017195,-0.000007,0.000003,-0.000002
2025-12-16 18:00:28.966,0.009466,-0.000529,-0.017208,-0.000007,0.000003,-0.000002
2025-12-16 18:00:28.967,0.009465,-0.000611,-0.017220,-0.000007,0.000003,-0.000002
2025-12-16 18:00:28.968,0.009458,-0.000690,-0.017231,-0.000007,0.000003,-0.000002
2025-12-16 18:00:28.969,0.009450,-0.000766,-0.017245,-0.000007,0.000003,-0.000002
2025-12-16 18:00:28.971,0.009439,-0.000839,-0.017258,-0.000007,0.000003,-0.000002
2025-12-16 18:00:28.972,0.009402,-0.000975,-0.017278,-0.000007,0.000003,-0.000002
2025-12-16 18:00:28.973,0.009377,-0.001034,-0.017285,-0.000007,0.000003,-0.000002
2025-12-16 18:00:28.974,0.009349,-0.001092,-0.017293,-0.000007,0.000003,-0.000002
2025-12-16 18:00:28.975,0.009320,-0.001144,-0.017300,-0.000007,0.000003,-0.000002
2025-12-16 18:00:28.976,0.009286,-0.001190,-0.017307,-0.000007,0.000003,-0.000002
2025-12-16 18:00:28.977,0.009254,-0.001240,-0.017308,-0.000007,0.000003,-0.000002
2025-12-16 18:00:28.978,0.009218,-0.001287,-0.017310,-0.000007,0.000003,-0.000002
2025-12-16 18:00:28.979,0.009180,-0.001327,-0.017312,-0.000007,0.000003,-0.000002
2025-12-16 18:00:28.981,0.009098,-0.001395,-0.017308,-0.000007,0.000003,-0.000002
2025-12-16 18:00:28.982,0.009053,-0.001422,-0.017303,-0.000007,0.000003,-0.000002
2025-12-16 18:00:28.983,0.009011,-0.001452,-0.017295,-0.000007,0.000003,-0.000002
2025-12-16 18:00:28.984,0.008969,-0.001479,-0.017281,-0.000007,0.000003,-0.000002
2025-12-16 18:00:28.985,0.008927,-0.001504,-0.017266,-0.000007,0.000003,-0.000002
2025-12-16 18:00:28.986,0.008886,-0.001529,-0.017251,-0.000007,0.000003,-0.000002
2025-12-16 18:00:28.987,0.008846,-0.001552,-0.017234,-0.000007,0.000003,-0.000002
2025-12-16 18:00:28.988,0.008807,-0.001570,-0.017219,-0.000007,0.000003,-0.000002
2025-12-16 18:00:28.989,0.008769,-0.001585,-0.017198,-0.000007,0.000003,-0.000002
2025-12-16 18:00:28.991,0.008705,-0.001611,-0.017147,-0.000007,0.000003,-0.000002
2025-12-16 18:00:28.992,0.008677,-0.001627,-0.017124,-0.000007,0.000003,-0.000002
2025-12-16 18:00:28.994,0.008636,-0.001662,-0.017070,-0.000007,0.000003,-0.000002
2025-12-16 18:00:28.995,0.008623,-0.001682,-0.017038,-0.000007,0.000003,-0.000002
2025-12-16 18:00:28.996,0.008616,-0.001702,-0.017007,-0.000007,0.000003,-0.000002
2025-12-16 18:00:28.997,0.008610,-0.001720,-0.016972,-0.000007,0.000003,-0.000002
2025-12-16 18:00:28.998,0.008608,-0.001742,-0.016938,-0.000007,0.000003,-0.000002
2025-12-16 18:00:28.999,0.008610,-0.001764,-0.016903,-0.000007,0.000003,-0.000002
2025-12-16 18:00:29.000,0.008618,-0.001789,-0.016865,-0.000007,0.000003,-0.000002
2025-12-16 18:00:29.002,0.008644,-0.001838,-0.016783,-0.000007,0.000003,-0.000002
2025-12-16 18:00:29.003,0.008659,-0.001864,-0.016744,-0.000007,0.000003,-0.000002
2025-12-16 18:00:29.004,0.008675,-0.001892,-0.016704,-0.000007,0.000003,-0.000002
2025-12-16 18:00:29.005,0.008698,-0.001923,-0.016663,-0.000007,0.000003,-0.000002
2025-12-16 18:00:29.006,0.008722,-0.001953,-0.016622,-0.000006,0.000003,-0.000002
2025-12-16 18:00:29.007,0.008750,-0.001984,-0.016582,-0.000006,0.000003,-0.000003
2025-12-16 18:00:29.009,0.008809,-0.002057,-0.016509,-0.000006,0.000003,-0.000003
2025-12-16 18:00:29.010,0.008838,-0.002093,-0.016476,-0.000006,0.000003,-0.000003
2025-12-16 18:00:29.011,0.008864,-0.002130,-0.016443,-0.000006,0.000002,-0.000003
2025-12-16 18:00:29.012,0.008893,-0.002168,-0.016410,-0.000006,0.000002,-0.000003
2025-12-16 18:00:29.013,0.008919,-0.002206,-0.016384,-0.000006,0.000002,-0.000003
2025-12-16 18:00:29.014,0.008936,-0.002241,-0.016360,-0.000006,0.000002,-0.000003
2025-12-16 18:00:29.015,0.008955,-0.002277,-0.016338,-0.000006,0.000002,-0.000003
2025-12-16 18:00:29.016,0.008973,-0.002316,-0.016316,-0.000006,0.000002,-0.000003
2025-12-16 18:00:29.017,0.008987,-0.002356,-0.016303,-0.000006,0.000002,-0.000003
2025-12-16 18:00:29.019,0.009000,-0.002432,-0.016283,-0.000006,0.000002,-0.000003
2025-12-16 18:00:29.020,0.008996,-0.002472,-0.016279,-0.000006,0.000002,-0.000003
2025-12-16 18:00:29.021,0.008985,-0.002511,-0.016282,-0.000006,0.000002,-0.000003
2025-12-16 18:00:29.022,0.008966,-0.002547,-0.016285,-0.000006,0.000002,-0.000003
2025-12-16 18:00:29.023,0.008940,-0.002582,-0.016292,-0.000006,0.000002,-0.000003
2025-12-16 18:00:29.024,0.008910,-0.002614,-0.016304,-0.000006,0.000002,-0.000003
2025-12-16 18:00:29.025,0.008868,-0.002644,-0.016321,-0.000006,0.000002,-0.000003
2025-12-16 18:00:29.026,0.008818,-0.002680,-0.016341,-0.000006,0.000002,-0.000003
2025-12-16 18:00:29.027,0.008761,-0.002714,-0.016367,-0.000006,0.000002,-0.000003
2025-12-16 18:00:29.029,0.008624,-0.002775,-0.016417,-0.000007,0.000002,-0.000003
2025-12-16 18:00:29.030,0.008544,-0.002809,-0.016445,-0.000006,0.000002,-0.000003
2025-12-16 18:00:29.031,0.008457,-0.002840,-0.016476,-0.000007,0.000002,-0.000003
2025-12-16 18:00:29.032,0.008360,-0.002870,-0.016515,-0.000007,0.000002,-0.000003
2025-12-16 18:00:29.033,0.008255,-0.002903,-0.016551,-0.000007,0.000002,-0.000003
2025-12-16 18:00:29.034,0.008142,-0.002935,-0.016589,-0.000007,0.000002,-0.000003
2025-12-16 18:00:29.035,0.008019,-0.002967,-0.016629,-0.000007,0.000002,-0.000003
2025-12-16 18:00:29.036,0.007889,-0.003003,-0.016674,-0.000007,0.000002,-0.000003
2025-12-16 18:00:29.037,0.007753,-0.003034,-0.016717,-0.000007,0.000003,-0.000002
2025-12-16 18:00:29.038,0.007610,-0.003066,-0.016759,-0.000007,0.000003,-0.000002
2025-12-16 18:00:29.039,0.007315,-0.003139,-0.016860,-0.000007,0.000003,-0.000002
2025-12-16 18:00:29.041,0.007164,-0.003177,-0.016906,-0.000007,0.000003,-0.000002
2025-12-16 18:00:29.042,0.007008,-0.003216,-0.016955,-0.000007,0.000003,-0.000002
2025-12-16 18:00:29.043,0.006851,-0.003256,-0.017003,-0.000007,0.000003,-0.000002
2025-12-16 18:00:29.044,0.006691,-0.003299,-0.017054,-0.000007,0.000003,-0.000002
2025-12-16 18:00:29.045,0.006531,-0.003344,-0.017102,-0.000007,0.000003,-0.000002
2025-12-16 18:00:29.046,0.006373,-0.003388,-0.017152,-0.000007,0.000003,-0.000002
2025-12-16 18:00:29.047,0.006213,-0.003434,-0.017201,-0.000007,0.000003,-0.000002
2025-12-16 18:00:29.049,0.005891,-0.003534,-0.017302,-0.000007,0.000003,-0.000002
2025-12-16 18:00:29.050,0.005732,-0.003586,-0.017353,-0.000007,0.000004,-0.000002
2025-12-16 18:00:29.051,0.005574,-0.003640,-0.017401,-0.000007,0.000004,-0.000002
2025-12-16 18:00:29.052,0.005418,-0.003697,-0.017443,-0.000007,0.000004,-0.000002
2025-12-16 18:00:29.053,0.005269,-0.003753,-0.017489,-0.000007,0.000004,-0.000002
2025-12-16 18:00:29.054,0.005126,-0.003813,-0.017537,-0.000007,0.000004,-0.000002
2025-12-16 18:00:29.055,0.004981,-0.003872,-0.017588,-0.000007,0.000004,-0.000002
2025-12-16 18:00:29.056,0.004840,-0.003925,-0.017633,-0.000007,0.000004,-0.000002
2025-12-16 18:00:29.057,0.004706,-0.003985,-0.017678,-0.000007,0.000004,-0.000002
2025-12-16 18:00:29.058,0.004574,-0.004046,-0.017726,-0.000007,0.000004,-0.000002
2025-12-16 18:00:29.059,0.004319,-0.004163,-0.017808,-0.000007,0.000004,-0.000001
2025-12-16 18:00:29.061,0.004196,-0.004223,-0.017851,-0.000008,0.000004,-0.000001
2025-12-16 18:00:29.062,0.004078,-0.004285,-0.017895,-0.000008,0.000004,-0.000001
2025-12-16 18:00:29.063,0.003964,-0.004345,-0.017940,-0.000007,0.000004,-0.000001
2025-12-16 18:00:29.064,0.003851,-0.004404,-0.017980,-0.000008,0.000004,-0.000001
2025-12-16 18:00:29.065,0.003741,-0.004461,-0.018020,-0.000008,0.000004,-0.000001
2025-12-16 18:00:29.066,0.003630,-0.004518,-0.018058,-0.000008,0.000005,-0.000001
2025-12-16 18:00:29.067,0.003519,-0.004568,-0.018096,-0.000008,0.000005,-0.000001
2025-12-16 18:00:29.068,0.003411,-0.004618,-0.018134,-0.000008,0.000005,-0.000001
2025-12-16 18:00:29.069,0.003309,-0.004668,-0.018173,-0.000008,0.000005,-0.000001
2025-12-16 18:00:29.070,0.003206,-0.004715,-0.018212,-0.000008,0.000005,-0.000001
2025-12-16 18:00:29.072,0.003009,-0.004796,-0.018295,-0.000008,0.000005,-0.000001
2025-12-16 18:00:29.073,0.002907,-0.004834,-0.018336,-0.000008,0.000005,-0.000001
2025-12-16 18:00:29.074,0.002801,-0.004865,-0.018371,-0.000008,0.000005,-0.000001
2025-12-16 18:00:29.075,0.002700,-0.004894,-0.018400,-0.000008,0.000005,-0.000001
2025-12-16 18:00:29.076,0.002597,-0.004924,-0.018430,-0.000008,0.000005,-0.000001
2025-12-16 18:00:29.077,0.002493,-0.004947,-0.018463,-0.000008,0.000005,-0.000001
2025-12-16 18:00:29.078,0.002391,-0.004966,-0.018490,-0.000008,0.000005,-0.000001
2025-12-16 18:00:29.079,0.002290,-0.004979,-0.018517,-0.000008,0.000005,-0.000001
2025-12-16 18:00:29.081,0.002080,-0.004996,-0.018573,-0.000008,0.000005,-0.000001
2025-12-16 18:00:29.082,0.001976,-0.004997,-0.018600,-0.000008,0.000005,-0.000001
2025-12-16 18:00:29.083,0.001870,-0.004995,-0.018623,-0.000008,0.000005,-0.000001
2025-12-16 18:00:29.084,0.001764,-0.004988,-0.018646,-0.000008,0.000005,-0.000001
2025-12-16 18:00:29.085,0.001658,-0.004979,-0.018673,-0.000008,0.000005,-0.000001
2025-12-16 18:00:29.086,0.001553,-0.004964,-0.018699,-0.000008,0.000005,-0.000001
2025-12-16 18:00:29.087,0.001452,-0.004951,-0.018722,-0.000008,0.000005,-0.000001
2025-12-16 18:00:29.088,0.001350,-0.004932,-0.018748,-0.000008,0.000005,-0.000001
2025-12-16 18:00:29.089,0.001250,-0.004908,-0.018771,-0.000008,0.000005,-0.000001
2025-12-16 18:00:29.090,0.001154,-0.004884,-0.018796,-0.000008,0.000005,-0.000001
2025-12-16 18:00:29.092,0.000961,-0.004826,-0.018840,-0.000008,0.000005,-0.000001
2025-12-16 18:00:29.093,0.000869,-0.004792,-0.018858,-0.000008,0.000006,-0.000001
2025-12-16 18:00:29.094,0.000783,-0.004760,-0.018880,-0.000008,0.000006,-0.000001
2025-12-16 18:00:29.095,0.000699,-0.004725,-0.018902,-0.000008,0.000006,-0.000001
2025-12-16 18:00:29.096,0.000621,-0.004686,-0.018928,-0.000009,0.000006,-0.000001
2025-12-16 18:00:29.097,0.000544,-0.004645,-0.018947,-0.000009,0.000006,-0.000001
2025-12-16 18:00:29.098,0.000467,-0.004603,-0.018969,-0.000009,0.000006,-0.000001
2025-12-16 18:00:29.099,0.000397,-0.004562,-0.018990,-0.000009,0.000006,-0.000001
2025-12-16 18:00:29.101,0.000278,-0.004484,-0.019031,-0.000009,0.000006,-0.000001
2025-12-16 18:00:29.102,0.000224,-0.004443,-0.019047,-0.000009,0.000006,-0.000000
2025-12-16 18:00:29.103,0.000171,-0.004401,-0.019065,-0.000009,0.000006,-0.000001
2025-12-16 18:00:29.105,0.000092,-0.004318,-0.019099,-0.000009,0.000006,-0.000000
2025-12-16 18:00:29.106,0.000059,-0.004277,-0.019115,-0.000009,0.000006,-0.000000
2025-12-16 18:00:29.107,0.000031,-0.004235,-0.019135,-0.000009,0.000006,-0.000000
2025-12-16 18:00:29.109,-0.000016,-0.004156,-0.019157,-0.000010,0.000006,0.000000
2025-12-16 18:00:29.110,-0.000035,-0.004114,-0.019170,-0.000010,0.000006,-0.000000
2025-12-16 18:00:29.111,-0.000047,-0.004075,-0.019187,-0.000010,0.000006,-0.000000
2025-12-16 18:00:29.112,-0.000053,-0.004040,-0.019199,-0.000010,0.000006,0.000000
2025-12-16 18:00:29.113,-0.000053,-0.004004,-0.019209,-0.000010,0.000006,0.000000
2025-12-16 18:00:29.114,-0.000053,-0.003966,-0.019213,-0.000010,0.000006,0.000000
2025-12-16 18:00:29.115,-0.000051,-0.003930,-0.019219,-0.000010,0.000006,0.000000
2025-12-16 18:00:29.116,-0.000043,-0.003895,-0.019224,-0.000010,0.000006,0.000000
2025-12-16 18:00:29.117,-0.000014,-0.003824,-0.019235,-0.000010,0.000006,-0.000000
2025-12-16 18:00:29.119,-0.000000,-0.003787,-0.019243,-0.000010,0.000006,0.000000
2025-12-16 18:00:29.120,0.000021,-0.003751,-0.019249,-0.000010,0.000006,0.000000
2025-12-16 18:00:29.121,0.000039,-0.003712,-0.019257,-0.000010,0.000006,0.000000
2025-12-16 18:00:29.122,0.000056,-0.003674,-0.019269,-0.000010,0.000006,0.000000
2025-12-16 18:00:29.123,0.000081,-0.003637,-0.019278,-0.000010,0.000006,0.000000
2025-12-16 18:00:29.124,0.000103,-0.003603,-0.019288,-0.000010,0.000006,-0.000000
2025-12-16 18:00:29.125,0.000126,-0.003569,-0.019296,-0.000010,0.000006,-0.000000
2025-12-16 18:00:29.126,0.000150,-0.003530,-0.019301,-0.000010,0.000006,-0.000000
2025-12-16 18:00:29.128,0.000197,-0.003452,-0.019317,-0.000010,0.000006,-0.000000
2025-12-16 18:00:29.129,0.000220,-0.003413,-0.019329,-0.000010,0.000006,-0.000000
2025-12-16 18:00:29.130,0.000240,-0.003370,-0.019337,-0.000010,0.000006,-0.000000
2025-12-16 18:00:29.131,0.000255,-0.003327,-0.019344,-0.000010,0.000006,-0.000000
2025-12-16 18:00:29.132,0.000269,-0.003283,-0.019353,-0.000010,0.000006,-0.000000
2025-12-16 18:00:29.133,0.000279,-0.003236,-0.019364,-0.000010,0.000007,0.000000
2025-12-16 18:00:29.134,0.000288,-0.003189,-0.019381,-0.000010,0.000007,-0.000000
2025-12-16 18:00:29.135,0.000295,-0.003142,-0.019396,-0.000010,0.000006,-0.000000
2025-12-16 18:00:29.136,0.000295,-0.003095,-0.019410,-0.000010,0.000006,-0.000000
2025-12-16 18:00:29.137,0.000289,-0.003047,-0.019431,-0.000010,0.000007,-0.000000
2025-12-16 18:00:29.138,0.000286,-0.003002,-0.019450,-0.000010,0.000007,0.000000
2025-12-16 18:00:29.139,0.000277,-0.002952,-0.019470,-0.000010,0.000007,0.000000
2025-12-16 18:00:29.140,0.000261,-0.002900,-0.019494,-0.000010,0.000007,-0.000000
2025-12-16 18:00:29.142,0.000225,-0.002799,-0.019545,-0.000010,0.000007,-0.000000
2025-12-16 18:00:29.143,0.000198,-0.002745,-0.019573,-0.000010,0.000007,0.000000
2025-12-16 18:00:29.144,0.000169,-0.002691,-0.019601,-0.000010,0.000007,-0.000000
2025-12-16 18:00:29.145,0.000134,-0.002636,-0.019630,-0.000010,0.000007,0.000000
2025-12-16 18:00:29.146,0.000097,-0.002585,-0.019667,-0.000010,0.000007,-0.000000
2025-12-16 18:00:29.147,0.000056,-0.002537,-0.019700,-0.000010,0.000007,-0.000000
2025-12-16 18:00:29.148,0.000011,-0.002491,-0.019736,-0.000010,0.000007,0.000000
2025-12-16 18:00:29.149,-0.000039,-0.002445,-0.019773,-0.000010,0.000007,0.000000
2025-12-16 18:00:29.153,-0.000252,-0.002278,-0.019927,-0.000010,0.000007,0.000000
2025-12-16 18:00:29.154,-0.000305,-0.002244,-0.019970,-0.000010,0.000007,0.000000
2025-12-16 18:00:29.155,-0.000358,-0.002210,-0.020016,-0.000011,0.000007,0.000000
2025-12-16 18:00:29.156,-0.000415,-0.002178,-0.020062,-0.000010,0.000007,0.000000
2025-12-16 18:00:29.159,-0.000582,-0.002106,-0.020203,-0.000011,0.000007,0.000000
2025-12-16 18:00:29.163,-0.000803,-0.002056,-0.020412,-0.000011,0.000008,0.000000
2025-12-16 18:00:29.164,-0.000858,-0.002048,-0.020465,-0.000011,0.000008,0.000000
2025-12-16 18:00:29.165,-0.000910,-0.002041,-0.020525,-0.000011,0.000008,0.000001
2025-12-16 18:00:29.166,-0.000962,-0.002035,-0.020578,-0.000011,0.000008,0.000001
2025-12-16 18:00:29.167,-0.001009,-0.002029,-0.020631,-0.000011,0.000008,0.000000
2025-12-16 18:00:29.169,-0.001096,-0.002020,-0.020729,-0.000011,0.000008,0.000001
2025-12-16 18:00:29.170,-0.001138,-0.002016,-0.020774,-0.000011,0.000008,0.000001
2025-12-16 18:00:29.171,-0.001180,-0.002015,-0.020818,-0.000011,0.000008,0.000001
2025-12-16 18:00:29.172,-0.001220,-0.002016,-0.020857,-0.000011,0.000008,0.000001
2025-12-16 18:00:29.173,-0.001260,-0.002015,-0.020897,-0.000011,0.000008,0.000001
2025-12-16 18:00:29.174,-0.001301,-0.002015,-0.020938,-0.000011,0.000008,0.000001
2025-12-16 18:00:29.176,-0.001378,-0.002016,-0.021017,-0.000012,0.000008,0.000001
2025-12-16 18:00:29.177,-0.001416,-0.002014,-0.021052,-0.000011,0.000008,0.000001
2025-12-16 18:00:29.178,-0.001456,-0.002008,-0.021085,-0.000012,0.000008,0.000001
2025-12-16 18:00:29.179,-0.001499,-0.002002,-0.021113,-0.000012,0.000008,0.000001
2025-12-16 18:00:29.180,-0.001537,-0.001997,-0.021139,-0.000012,0.000008,0.000001
2025-12-16 18:00:29.181,-0.001578,-0.001989,-0.021163,-0.000012,0.000008,0.000001
2025-12-16 18:00:29.183,-0.001654,-0.001973,-0.021197,-0.000012,0.000008,0.000000
2025-12-16 18:00:29.184,-0.001691,-0.001963,-0.021213,-0.000012,0.000008,0.000000
2025-12-16 18:00:29.185,-0.001729,-0.001956,-0.021222,-0.000012,0.000008,0.000000
2025-12-16 18:00:29.187,-0.001820,-0.001940,-0.021245,-0.000012,0.000008,0.000001
2025-12-16 18:00:29.188,-0.001867,-0.001929,-0.021255,-0.000012,0.000008,0.000000
2025-12-16 18:00:29.191,-0.002009,-0.001896,-0.021283,-0.000012,0.000008,0.000001
2025-12-16 18:00:29.192,-0.002059,-0.001885,-0.021293,-0.000012,0.000008,0.000001
2025-12-16 18:00:29.193,-0.002112,-0.001875,-0.021302,-0.000012,0.000008,0.000001
2025-12-16 18:00:29.194,-0.002166,-0.001861,-0.021308,-0.000012,0.000008,0.000001
2025-12-16 18:00:29.196,-0.002279,-0.001826,-0.021320,-0.000013,0.000008,0.000001
2025-12-16 18:00:29.197,-0.002332,-0.001813,-0.021328,-0.000012,0.000009,0.000001
2025-12-16 18:00:29.200,-0.002489,-0.001771,-0.021349,-0.000013,0.000009,0.000001
2025-12-16 18:00:29.201,-0.002541,-0.001755,-0.021357,-0.000013,0.000009,0.000001
2025-12-16 18:00:29.202,-0.002590,-0.001743,-0.021366,-0.000013,0.000009,0.000001
2025-12-16 18:00:29.203,-0.002640,-0.001728,-0.021378,-0.000013,0.000009,0.000001
2025-12-16 18:00:29.205,-0.002742,-0.001701,-0.021402,-0.000013,0.000009,0.000001
2025-12-16 18:00:29.206,-0.002788,-0.001684,-0.021416,-0.000013,0.000009,0.000001
2025-12-16 18:00:29.207,-0.002833,-0.001664,-0.021431,-0.000013,0.000009,0.000001
2025-12-16 18:00:29.209,-0.002914,-0.001629,-0.021466,-0.000013,0.000009,0.000001
2025-12-16 18:00:29.211,-0.002990,-0.001593,-0.021506,-0.000013,0.000009,0.000001
2025-12-16 18:00:29.212,-0.003022,-0.001577,-0.021525,-0.000013,0.000009,0.000001
2025-12-16 18:00:29.214,-0.003078,-0.001541,-0.021563,-0.000013,0.000009,0.000001
2025-12-16 18:00:29.215,-0.003104,-0.001524,-0.021584,-0.000013,0.000009,0.000001
2025-12-16 18:00:29.216,-0.003129,-0.001508,-0.021610,-0.000013,0.000009,0.000001
2025-12-16 18:00:29.219,-0.003202,-0.001447,-0.021672,-0.000013,0.000009,0.000001
2025-12-16 18:00:29.220,-0.003221,-0.001427,-0.021691,-0.000013,0.000009,0.000001
2025-12-16 18:00:29.221,-0.003236,-0.001406,-0.021709,-0.000014,0.000009,0.000001
2025-12-16 18:00:29.223,-0.003262,-0.001363,-0.021740,-0.000014,0.000009,0.000001
2025-12-16 18:00:29.225,-0.003284,-0.001319,-0.021763,-0.000014,0.000009,0.000001
2025-12-16 18:00:29.226,-0.003292,-0.001299,-0.021774,-0.000014,0.000009,0.000001
2025-12-16 18:00:29.227,-0.003297,-0.001283,-0.021782,-0.000014,0.000009,0.000001
2025-12-16 18:00:29.228,-0.003304,-0.001264,-0.021786,-0.000014,0.000009,0.000001
2025-12-16 18:00:29.229,-0.003306,-0.001248,-0.021788,-0.000014,0.000009,0.000001
2025-12-16 18:00:29.230,-0.003311,-0.001229,-0.021791,-0.000014,0.000009,0.000001
2025-12-16 18:00:29.232,-0.003314,-0.001184,-0.021796,-0.000014,0.000009,0.000001
2025-12-16 18:00:29.233,-0.003312,-0.001162,-0.021796,-0.000014,0.000009,0.000001
2025-12-16 18:00:29.235,-0.003307,-0.001114,-0.021785,-0.000014,0.000009,0.000001
2025-12-16 18:00:29.237,-0.003293,-0.001062,-0.021766,-0.000014,0.000009,0.000001
2025-12-16 18:00:29.238,-0.003281,-0.001037,-0.021755,-0.000014,0.000009,0.000001
2025-12-16 18:00:29.239,-0.003269,-0.001011,-0.021744,-0.000014,0.000009,0.000001
2025-12-16 18:00:29.240,-0.003258,-0.000983,-0.021733,-0.000014,0.000009,0.000001
2025-12-16 18:00:29.242,-0.003236,-0.000934,-0.021703,-0.000014,0.000009,0.000001
2025-12-16 18:00:29.243,-0.003223,-0.000906,-0.021691,-0.000014,0.000009,0.000001
2025-12-16 18:00:29.244,-0.003210,-0.000879,-0.021678,-0.000015,0.000009,0.000001
2025-12-16 18:00:29.245,-0.003197,-0.000850,-0.021661,-0.000015,0.000009,0.000001
2025-12-16 18:00:29.246,-0.003180,-0.000823,-0.021643,-0.000014,0.000009,0.000001
2025-12-16 18:00:29.247,-0.003165,-0.000791,-0.021628,-0.000014,0.000009,0.000001
2025-12-16 18:00:29.248,-0.003147,-0.000762,-0.021614,-0.000014,0.000009,0.000001
2025-12-16 18:00:29.249,-0.003126,-0.000733,-0.021603,-0.000014,0.000009,0.000001
2025-12-16 18:00:29.250,-0.003103,-0.000703,-0.021595,-0.000014,0.000009,0.000001
2025-12-16 18:00:29.253,-0.003028,-0.000617,-0.021569,-0.000014,0.000009,0.000001
2025-12-16 18:00:29.254,-0.002998,-0.000590,-0.021566,-0.000014,0.000009,0.000001
2025-12-16 18:00:29.255,-0.002971,-0.000562,-0.021563,-0.000014,0.000009,0.000001
2025-12-16 18:00:29.256,-0.002944,-0.000537,-0.021558,-0.000014,0.000009,0.000001
2025-12-16 18:00:29.257,-0.002912,-0.000512,-0.021556,-0.000014,0.000009,0.000001
2025-12-16 18:00:29.259,-0.002851,-0.000454,-0.021568,-0.000014,0.000009,0.000001
2025-12-16 18:00:29.260,-0.002815,-0.000427,-0.021575,-0.000014,0.000009,0.000001
2025-12-16 18:00:29.261,-0.002775,-0.000402,-0.021583,-0.000014,0.000009,0.000001
2025-12-16 18:00:29.262,-0.002735,-0.000376,-0.021589,-0.000014,0.000009,0.000001
2025-12-16 18:00:29.265,-0.002596,-0.000304,-0.021637,-0.000014,0.000009,0.000001
2025-12-16 18:00:29.266,-0.002544,-0.000281,-0.021658,-0.000014,0.000009,0.000001
2025-12-16 18:00:29.267,-0.002491,-0.000257,-0.021678,-0.000014,0.000009,0.000001
2025-12-16 18:00:29.268,-0.002438,-0.000234,-0.021701,-0.000014,0.000009,0.000001
2025-12-16 18:00:29.270,-0.002341,-0.000184,-0.021739,-0.000014,0.000009,0.000001
2025-12-16 18:00:29.271,-0.002287,-0.000164,-0.021760,-0.000014,0.000009,0.000001
2025-12-16 18:00:29.272,-0.002238,-0.000142,-0.021784,-0.000014,0.000009,0.000001
2025-12-16 18:00:29.273,-0.002187,-0.000120,-0.021814,-0.000014,0.000009,0.000001
2025-12-16 18:00:29.274,-0.002135,-0.000103,-0.021846,-0.000014,0.000009,0.000001
2025-12-16 18:00:29.275,-0.002082,-0.000086,-0.021875,-0.000013,0.000009,0.000001
2025-12-16 18:00:29.277,-0.001977,-0.000051,-0.021937,-0.000014,0.000009,0.000001
2025-12-16 18:00:29.279,-0.001876,-0.000021,-0.021990,-0.000014,0.000009,0.000001
2025-12-16 18:00:29.281,-0.001787,0.000013,-0.022045,-0.000014,0.000009,0.000001
2025-12-16 18:00:29.282,-0.001746,0.000031,-0.022075,-0.000014,0.000009,0.000001
2025-12-16 18:00:29.283,-0.001706,0.000048,-0.022099,-0.000014,0.000009,0.000001
2025-12-16 18:00:29.285,-0.001634,0.000079,-0.022141,-0.000014,0.000009,0.000001
2025-12-16 18:00:29.286,-0.001599,0.000093,-0.022164,-0.000014,0.000009,0.000001
2025-12-16 18:00:29.287,-0.001568,0.000105,-0.022184,-0.000014,0.000009,0.000001
2025-12-16 18:00:29.289,-0.001508,0.000136,-0.022232,-0.000014,0.000009,0.000001
2025-12-16 18:00:29.291,-0.001454,0.000161,-0.022275,-0.000014,0.000009,0.000001
2025-12-16 18:00:29.292,-0.001432,0.000177,-0.022297,-0.000014,0.000009,0.000001
2025-12-16 18:00:29.293,-0.001411,0.000194,-0.022306,-0.000014,0.000009,0.000001
2025-12-16 18:00:29.294,-0.001395,0.000213,-0.022313,-0.000014,0.000009,0.000001
2025-12-16 18:00:29.295,-0.001379,0.000234,-0.022321,-0.000014,0.000009,0.000001
2025-12-16 18:00:29.297,-0.001351,0.000267,-0.022338,-0.000015,0.000009,0.000001
2025-12-16 18:00:29.298,-0.001338,0.000283,-0.022343,-0.000014,0.000009,0.000001
2025-12-16 18:00:29.299,-0.001322,0.000298,-0.022349,-0.000015,0.000009,0.000001
2025-12-16 18:00:29.300,-0.001308,0.000310,-0.022354,-0.000014,0.000009,0.000001
2025-12-16 18:00:29.301,-0.001295,0.000324,-0.022357,-0.000014,0.000009,0.000001
2025-12-16 18:00:29.303,-0.001281,0.000338,-0.022360,-0.000014,0.000009,0.000001
2025-12-16 18:00:29.304,-0.001256,0.000359,-0.022361,-0.000014,0.000009,0.000001
2025-12-16 18:00:29.305,-0.001245,0.000368,-0.022359,-0.000014,0.000009,0.000001
2025-12-16 18:00:29.306,-0.001237,0.000375,-0.022357,-0.000014,0.000009,0.000001
2025-12-16 18:00:29.307,-0.001224,0.000382,-0.022353,-0.000014,0.000009,0.000001
2025-12-16 18:00:29.308,-0.001211,0.000384,-0.022347,-0.000014,0.000009,0.000001
2025-12-16 18:00:29.309,-0.001199,0.000385,-0.022342,-0.000014,0.000010,0.000001
2025-12-16 18:00:29.310,-0.001184,0.000384,-0.022340,-0.000014,0.000009,0.000001
2025-12-16 18:00:29.311,-0.001166,0.000384,-0.022337,-0.000014,0.000010,0.000001
2025-12-16 18:00:29.313,-0.001126,0.000366,-0.022331,-0.000014,0.000009,0.000001
2025-12-16 18:00:29.314,-0.001103,0.000357,-0.022331,-0.000014,0.000009,0.000001
2025-12-16 18:00:29.315,-0.001076,0.000342,-0.022329,-0.000014,0.000009,0.000001
2025-12-16 18:00:29.316,-0.001048,0.000326,-0.022329,-0.000014,0.000009,0.000001
2025-12-16 18:00:29.317,-0.001016,0.000310,-0.022326,-0.000014,0.000009,0.000001
2025-12-16 18:00:29.318,-0.000983,0.000287,-0.022324,-0.000014,0.000009,0.000001
2025-12-16 18:00:29.320,-0.000915,0.000242,-0.022323,-0.000014,0.000009,0.000001
2025-12-16 18:00:29.321,-0.000876,0.000213,-0.022325,-0.000014,0.000009,0.000001
2025-12-16 18:00:29.322,-0.000839,0.000184,-0.022321,-0.000014,0.000009,0.000001
2025-12-16 18:00:29.323,-0.000798,0.000154,-0.022319,-0.000014,0.000009,0.000001
2025-12-16 18:00:29.325,-0.000708,0.000092,-0.022319,-0.000014,0.000009,0.000000
2025-12-16 18:00:29.326,-0.000658,0.000059,-0.022321,-0.000014,0.000009,0.000000
2025-12-16 18:00:29.327,-0.000608,0.000026,-0.022324,-0.000014,0.000009,0.000001
2025-12-16 18:00:29.328,-0.000563,-0.000003,-0.022317,-0.000014,0.000009,0.000001
2025-12-16 18:00:29.329,-0.000519,-0.000028,-0.022310,-0.000014,0.000009,0.000001
2025-12-16 18:00:29.330,-0.000477,-0.000052,-0.022305,-0.000014,0.000009,0.000000
2025-12-16 18:00:29.332,-0.000394,-0.000098,-0.022301,-0.000013,0.000009,0.000001
2025-12-16 18:00:29.333,-0.000351,-0.000119,-0.022300,-0.000013,0.000009,0.000001
2025-12-16 18:00:29.334,-0.000309,-0.000145,-0.022300,-0.000013,0.000009,0.000001
2025-12-16 18:00:29.335,-0.000264,-0.000169,-0.022301,-0.000013,0.000009,0.000000
2025-12-16 18:00:29.336,-0.000220,-0.000193,-0.022302,-0.000013,0.000009,0.000001
2025-12-16 18:00:29.337,-0.000183,-0.000213,-0.022303,-0.000013,0.000009,0.000001
2025-12-16 18:00:29.340,-0.000071,-0.000265,-0.022305,-0.000013,0.000009,0.000000
2025-12-16 18:00:29.341,-0.000032,-0.000278,-0.022304,-0.000013,0.000009,0.000000
2025-12-16 18:00:29.342,0.000004,-0.000290,-0.022308,-0.000013,0.000009,0.000000
2025-12-16 18:00:29.343,0.000040,-0.000302,-0.022309,-0.000013,0.000009,0.000000
2025-12-16 18:00:29.344,0.000075,-0.000312,-0.022312,-0.000013,0.000009,0.000000
2025-12-16 18:00:29.346,0.000143,-0.000330,-0.022316,-0.000013,0.000009,0.000000
2025-12-16 18:00:29.347,0.000173,-0.000339,-0.022317,-0.000013,0.000009,0.000000
2025-12-16 18:00:29.349,0.000238,-0.000356,-0.022324,-0.000013,0.000009,0.000001
2025-12-16 18:00:29.350,0.000272,-0.000365,-0.022326,-0.000013,0.000009,0.000001
2025-12-16 18:00:29.351,0.000305,-0.000373,-0.022332,-0.000013,0.000009,0.000000
2025-12-16 18:00:29.354,0.000416,-0.000405,-0.022342,-0.000012,0.000008,0.000000
2025-12-16 18:00:29.355,0.000450,-0.000413,-0.022343,-0.000012,0.000008,0.000000
2025-12-16 18:00:29.357,0.000526,-0.000435,-0.022339,-0.000013,0.000008,0.000000
2025-12-16 18:00:29.358,0.000569,-0.000447,-0.022336,-0.000013,0.000008,0.000000
2025-12-16 18:00:29.359,0.000611,-0.000458,-0.022335,-0.000012,0.000008,0.000000
2025-12-16 18:00:29.361,0.000700,-0.000486,-0.022329,-0.000013,0.000008,0.000000
2025-12-16 18:00:29.362,0.000744,-0.000503,-0.022322,-0.000012,0.000008,0.000000
2025-12-16 18:00:29.365,0.000840,-0.000534,-0.022310,-0.000013,0.000008,0.000000
2025-12-16 18:00:29.366,0.000943,-0.000570,-0.022294,-0.000012,0.000008,0.000000
2025-12-16 18:00:29.367,0.000997,-0.000590,-0.022282,-0.000012,0.000008,0.000000
2025-12-16 18:00:29.368,0.001054,-0.000616,-0.022271,-0.000012,0.000008,0.000000
2025-12-16 18:00:29.369,0.001109,-0.000639,-0.022260,-0.000012,0.000008,0.000000
2025-12-16 18:00:29.371,0.001222,-0.000697,-0.022234,-0.000012,0.000008,0.000000
2025-12-16 18:00:29.372,0.001281,-0.000727,-0.022213,-0.000012,0.000008,0.000000
2025-12-16 18:00:29.373,0.001334,-0.000755,-0.022189,-0.000013,0.000008,0.000000
2025-12-16 18:00:29.374,0.001389,-0.000786,-0.022163,-0.000012,0.000008,0.000000
2025-12-16 18:00:29.377,0.001559,-0.000874,-0.022087,-0.000012,0.000008,-0.000000
2025-12-16 18:00:29.378,0.001612,-0.000908,-0.022057,-0.000012,0.000008,-0.000000
2025-12-16 18:00:29.381,0.001766,-0.001013,-0.021972,-0.000012,0.000008,-0.000000
2025-12-16 18:00:29.382,0.001821,-0.001052,-0.021939,-0.000012,0.000008,-0.000000
2025-12-16 18:00:29.383,0.001874,-0.001089,-0.021910,-0.000012,0.000008,-0.000000
2025-12-16 18:00:29.384,0.001917,-0.001126,-0.021876,-0.000012,0.000008,-0.000000
2025-12-16 18:00:29.385,0.001957,-0.001165,-0.021844,-0.000012,0.000007,-0.000000
2025-12-16 18:00:29.386,0.001998,-0.001204,-0.021807,-0.000012,0.000008,-0.000000
2025-12-16 18:00:29.387,0.002040,-0.001246,-0.021772,-0.000012,0.000007,-0.000000
2025-12-16 18:00:29.390,0.002148,-0.001367,-0.021669,-0.000012,0.000007,-0.000000
2025-12-16 18:00:29.392,0.002209,-0.001447,-0.021597,-0.000012,0.000007,-0.000000
2025-12-16 18:00:29.393,0.002236,-0.001490,-0.021564,-0.000011,0.000007,-0.000000
2025-12-16 18:00:29.394,0.002259,-0.001533,-0.021533,-0.000011,0.000007,-0.000000
2025-12-16 18:00:29.395,0.002277,-0.001578,-0.021502,-0.000011,0.000007,-0.000000
2025-12-16 18:00:29.396,0.002292,-0.001623,-0.021472,-0.000011,0.000007,-0.000000
2025-12-16 18:00:29.397,0.002305,-0.001671,-0.021448,-0.000011,0.000007,-0.000000
2025-12-16 18:00:29.399,0.002318,-0.001766,-0.021398,-0.000011,0.000007,-0.000000
2025-12-16 18:00:29.401,0.002323,-0.001861,-0.021348,-0.000011,0.000007,-0.000000
2025-12-16 18:00:29.403,0.002313,-0.001959,-0.021310,-0.000011,0.000007,-0.000000
2025-12-16 18:00:29.404,0.002304,-0.002015,-0.021293,-0.000011,0.000007,-0.000000
2025-12-16 18:00:29.405,0.002294,-0.002071,-0.021273,-0.000011,0.000007,-0.000000
2025-12-16 18:00:29.406,0.002276,-0.002122,-0.021259,-0.000011,0.000007,-0.000000
2025-12-16 18:00:29.407,0.002252,-0.002175,-0.021243,-0.000011,0.000007,-0.000000
2025-12-16 18:00:29.408,0.002223,-0.002228,-0.021226,-0.000011,0.000007,-0.000001
2025-12-16 18:00:29.409,0.002193,-0.002282,-0.021215,-0.000011,0.000007,-0.000001
2025-12-16 18:00:29.411,0.002129,-0.002400,-0.021194,-0.000011,0.000007,-0.000000
2025-12-16 18:00:29.412,0.002089,-0.002458,-0.021187,-0.000011,0.000007,-0.000000
2025-12-16 18:00:29.414,0.002008,-0.002577,-0.021174,-0.000011,0.000007,-0.000000
2025-12-16 18:00:29.415,0.001966,-0.002638,-0.021170,-0.000011,0.000007,-0.000000
2025-12-16 18:00:29.416,0.001919,-0.002702,-0.021166,-0.000010,0.000007,-0.000001
2025-12-16 18:00:29.417,0.001873,-0.002764,-0.021154,-0.000011,0.000007,-0.000001
2025-12-16 18:00:29.421,0.001670,-0.003008,-0.021112,-0.000011,0.000007,-0.000000
2025-12-16 18:00:29.422,0.001620,-0.003070,-0.021103,-0.000011,0.000007,-0.000001
2025-12-16 18:00:29.423,0.001570,-0.003127,-0.021094,-0.000011,0.000007,-0.000001
2025-12-16 18:00:29.425,0.001477,-0.003245,-0.021078,-0.000011,0.000007,-0.000000
2025-12-16 18:00:29.427,0.001394,-0.003366,-0.021067,-0.000011,0.000007,-0.000001
2025-12-16 18:00:29.429,0.001323,-0.003478,-0.021047,-0.000011,0.000007,-0.000001
2025-12-16 18:00:29.430,0.001288,-0.003528,-0.021031,-0.000011,0.000007,-0.000001
2025-12-16 18:00:29.431,0.001257,-0.003578,-0.021017,-0.000011,0.000007,-0.000001
2025-12-16 18:00:29.433,0.001207,-0.003668,-0.020974,-0.000011,0.000007,-0.000001
2025-12-16 18:00:29.434,0.001185,-0.003706,-0.020954,-0.000011,0.000007,-0.000001
2025-12-16 18:00:29.435,0.001166,-0.003743,-0.020932,-0.000011,0.000007,-0.000001
2025-12-16 18:00:29.436,0.001153,-0.003776,-0.020906,-0.000011,0.000007,-0.000001
2025-12-16 18:00:29.439,0.001136,-0.003876,-0.020826,-0.000010,0.000007,-0.000001
2025-12-16 18:00:29.440,0.001140,-0.003907,-0.020797,-0.000010,0.000007,-0.000001
2025-12-16 18:00:29.443,0.001153,-0.003979,-0.020694,-0.000010,0.000007,-0.000001
2025-12-16 18:00:29.444,0.001158,-0.003993,-0.020653,-0.000010,0.000006,-0.000001
2025-12-16 18:00:29.445,0.001171,-0.004003,-0.020609,-0.000010,0.000006,-0.000001
2025-12-16 18:00:29.448,0.001214,-0.004018,-0.020457,-0.000010,0.000006,-0.000001
2025-12-16 18:00:29.451,0.001268,-0.004017,-0.020291,-0.000010,0.000006,-0.000001
2025-12-16 18:00:29.452,0.001287,-0.004013,-0.020238,-0.000010,0.000006,-0.000001
2025-12-16 18:00:29.453,0.001302,-0.004012,-0.020182,-0.000009,0.000006,-0.000001
2025-12-16 18:00:29.454,0.001317,-0.004008,-0.020125,-0.000009,0.000006,-0.000001
2025-12-16 18:00:29.456,0.001340,-0.003987,-0.020003,-0.000010,0.000006,-0.000001
2025-12-16 18:00:29.457,0.001353,-0.003972,-0.019942,-0.000010,0.000006,-0.000001
2025-12-16 18:00:29.458,0.001363,-0.003955,-0.019879,-0.000009,0.000006,-0.000001
2025-12-16 18:00:29.461,0.001375,-0.003874,-0.019686,-0.000009,0.000006,-0.000001
2025-12-16 18:00:29.462,0.001377,-0.003843,-0.019622,-0.000009,0.000006,-0.000001
2025-12-16 18:00:29.463,0.001381,-0.003814,-0.019560,-0.000009,0.000006,-0.000001
2025-12-16 18:00:29.464,0.001380,-0.003758,-0.019447,-0.000009,0.000006,-0.000001
2025-12-16 18:00:29.467,0.001370,-0.003697,-0.019334,-0.000009,0.000006,-0.000001
2025-12-16 18:00:29.469,0.001345,-0.003626,-0.019224,-0.000009,0.000006,-0.000000
2025-12-16 18:00:29.471,0.001320,-0.003560,-0.019114,-0.000009,0.000006,-0.000000
2025-12-16 18:00:29.475,0.001261,-0.003416,-0.018913,-0.000009,0.000006,-0.000000
2025-12-16 18:00:29.476,0.001246,-0.003381,-0.018862,-0.000009,0.000006,-0.000000
2025-12-16 18:00:29.478,0.001211,-0.003321,-0.018765,-0.000009,0.000006,-0.000000
2025-12-16 18:00:29.481,0.001156,-0.003240,-0.018641,-0.000009,0.000006,-0.000000
2025-12-16 18:00:29.483,0.001112,-0.003197,-0.018559,-0.000009,0.000006,-0.000000
2025-12-16 18:00:29.484,0.001091,-0.003177,-0.018518,-0.000009,0.000006,-0.000000
2025-12-16 18:00:29.487,0.001030,-0.003141,-0.018400,-0.000009,0.000006,-0.000000
2025-12-16 18:00:29.488,0.001012,-0.003136,-0.018367,-0.000009,0.000006,-0.000000
2025-12-16 18:00:29.491,0.000951,-0.003123,-0.018273,-0.000009,0.000006,-0.000000
2025-12-16 18:00:29.495,0.000866,-0.003129,-0.018161,-0.000008,0.000006,-0.000000
2025-12-16 18:00:29.496,0.000845,-0.003141,-0.018140,-0.000008,0.000006,-0.000000
2025-12-16 18:00:29.501,0.000724,-0.003215,-0.018070,-0.000009,0.000006,-0.000000
2025-12-16 18:00:29.502,0.000702,-0.003237,-0.018061,-0.000009,0.000006,-0.000000
2025-12-16 18:00:29.504,0.000657,-0.003281,-0.018054,-0.000009,0.000006,-0.000000
2025-12-16 18:00:29.505,0.000633,-0.003302,-0.018056,-0.000009,0.000006,-0.000000
2025-12-16 18:00:29.506,0.000610,-0.003324,-0.018060,-0.000009,0.000006,-0.000000
2025-12-16 18:00:29.509,0.000529,-0.003398,-0.018090,-0.000009,0.000006,-0.000000
2025-12-16 18:00:29.511,0.000474,-0.003448,-0.018127,-0.000009,0.000006,-0.000000
2025-12-16 18:00:29.512,0.000445,-0.003475,-0.018146,-0.000009,0.000006,-0.000000
2025-12-16 18:00:29.515,0.000356,-0.003571,-0.018216,-0.000009,0.000006,-0.000000
2025-12-16 18:00:29.516,0.000325,-0.003598,-0.018242,-0.000009,0.000006,-0.000000
2025-12-16 18:00:29.517,0.000292,-0.003624,-0.018270,-0.000009,0.000006,-0.000000
2025-12-16 18:00:29.518,0.000257,-0.003651,-0.018292,-0.000009,0.000006,-0.000000
2025-12-16 18:00:29.519,0.000225,-0.003679,-0.018316,-0.000009,0.000006,-0.000000
2025-12-16 18:00:29.521,0.000164,-0.003729,-0.018366,-0.000009,0.000006,-0.000000
2025-12-16 18:00:29.522,0.000128,-0.003751,-0.018393,-0.000009,0.000006,-0.000001
2025-12-16 18:00:29.526,-0.000016,-0.003838,-0.018481,-0.000009,0.000006,-0.000000
2025-12-16 18:00:29.528,-0.000093,-0.003868,-0.018509,-0.000009,0.000006,-0.000000
2025-12-16 18:00:29.529,-0.000133,-0.003882,-0.018523,-0.000009,0.000006,-0.000000
2025-12-16 18:00:29.530,-0.000174,-0.003893,-0.018531,-0.000009,0.000006,-0.000000
2025-12-16 18:00:29.533,-0.000289,-0.003919,-0.018547,-0.000009,0.000006,-0.000000
2025-12-16 18:00:29.534,-0.000330,-0.003922,-0.018544,-0.000009,0.000006,-0.000000
2025-12-16 18:00:29.537,-0.000455,-0.003916,-0.018514,-0.000009,0.000006,0.000000
2025-12-16 18:00:29.538,-0.000493,-0.003914,-0.018498,-0.000009,0.000006,-0.000000
2025-12-16 18:00:29.539,-0.000533,-0.003909,-0.018483,-0.000009,0.000006,-0.000000
2025-12-16 18:00:29.541,-0.000615,-0.003893,-0.018438,-0.000009,0.000006,-0.000000
2025-12-16 18:00:29.542,-0.000651,-0.003885,-0.018405,-0.000009,0.000006,0.000000
2025-12-16 18:00:29.543,-0.000689,-0.003872,-0.018373,-0.000009,0.000006,-0.000000
2025-12-16 18:00:29.544,-0.000724,-0.003860,-0.018339,-0.000009,0.000006,-0.000000
2025-12-16 18:00:29.545,-0.000760,-0.003847,-0.018295,-0.000009,0.000006,0.000000
2025-12-16 18:00:29.547,-0.000833,-0.003819,-0.018210,-0.000009,0.000006,0.000000
2025-12-16 18:00:29.548,-0.000864,-0.003808,-0.018161,-0.000009,0.000006,0.000000
2025-12-16 18:00:29.549,-0.000895,-0.003796,-0.018111,-0.000009,0.000006,0.000000
2025-12-16 18:00:29.550,-0.000927,-0.003787,-0.018057,-0.000009,0.000006,0.000000
2025-12-16 18:00:29.554,-0.001036,-0.003735,-0.017819,-0.000008,0.000006,-0.000000
2025-12-16 18:00:29.555,-0.001061,-0.003722,-0.017758,-0.000008,0.000006,-0.000000
2025-12-16 18:00:29.557,-0.001085,-0.003712,-0.017693,-0.000008,0.000006,-0.000000
2025-12-16 18:00:29.558,-0.001136,-0.003688,-0.017560,-0.000008,0.000006,-0.000000
2025-12-16 18:00:29.559,-0.001157,-0.003677,-0.017494,-0.000008,0.000006,-0.000000
2025-12-16 18:00:29.560,-0.001180,-0.003667,-0.017430,-0.000008,0.000006,-0.000000
2025-12-16 18:00:29.561,-0.001205,-0.003653,-0.017365,-0.000008,0.000006,-0.000000
2025-12-16 18:00:29.562,-0.001229,-0.003643,-0.017301,-0.000008,0.000006,-0.000000
2025-12-16 18:00:29.563,-0.001256,-0.003632,-0.017241,-0.000008,0.000006,-0.000000
2025-12-16 18:00:29.564,-0.001286,-0.003620,-0.017183,-0.000008,0.000006,-0.000000
2025-12-16 18:00:29.565,-0.001312,-0.003610,-0.017122,-0.000008,0.000006,-0.000000
2025-12-16 18:00:29.566,-0.001341,-0.003596,-0.017064,-0.000008,0.000006,-0.000000
2025-12-16 18:00:29.567,-0.001370,-0.003585,-0.017013,-0.000008,0.000006,-0.000000
2025-12-16 18:00:29.569,-0.001439,-0.003557,-0.016917,-0.000008,0.000006,-0.000000
2025-12-16 18:00:29.570,-0.001475,-0.003545,-0.016873,-0.000008,0.000006,0.000000
2025-12-16 18:00:29.571,-0.001516,-0.003533,-0.016828,-0.000008,0.000006,0.000000
2025-12-16 18:00:29.572,-0.001559,-0.003522,-0.016793,-0.000008,0.000006,0.000000
2025-12-16 18:00:29.573,-0.001603,-0.003507,-0.016760,-0.000008,0.000006,0.000000
2025-12-16 18:00:29.574,-0.001652,-0.003495,-0.016731,-0.000008,0.000006,0.000000
2025-12-16 18:00:29.575,-0.001704,-0.003480,-0.016702,-0.000008,0.000006,0.000000
2025-12-16 18:00:29.576,-0.001757,-0.003465,-0.016678,-0.000008,0.000006,0.000000
2025-12-16 18:00:29.578,-0.001866,-0.003442,-0.016646,-0.000008,0.000006,0.000000
2025-12-16 18:00:29.579,-0.001924,-0.003431,-0.016629,-0.000008,0.000006,0.000000
2025-12-16 18:00:29.580,-0.001983,-0.003421,-0.016614,-0.000008,0.000006,0.000000
2025-12-16 18:00:29.581,-0.002043,-0.003412,-0.016604,-0.000008,0.000006,0.000000
2025-12-16 18:00:29.582,-0.002109,-0.003402,-0.016603,-0.000008,0.000006,0.000001
2025-12-16 18:00:29.583,-0.002173,-0.003396,-0.016599,-0.000009,0.000006,0.000001
2025-12-16 18:00:29.584,-0.002237,-0.003387,-0.016599,-0.000009,0.000006,0.000001
2025-12-16 18:00:29.585,-0.002306,-0.003379,-0.016603,-0.000009,0.000006,0.000001
2025-12-16 18:00:29.586,-0.002374,-0.003372,-0.016609,-0.000009,0.000006,0.000001
2025-12-16 18:00:29.588,-0.002515,-0.003366,-0.016622,-0.000009,0.000007,0.000001
2025-12-16 18:00:29.589,-0.002587,-0.003363,-0.016631,-0.000009,0.000007,0.000001
2025-12-16 18:00:29.590,-0.002659,-0.003359,-0.016639,-0.000009,0.000007,0.000001
2025-12-16 18:00:29.591,-0.002728,-0.003361,-0.016650,-0.000009,0.000007,0.000001
2025-12-16 18:00:29.592,-0.002800,-0.003359,-0.016661,-0.000009,0.000007,0.000001
2025-12-16 18:00:29.593,-0.002875,-0.003360,-0.016672,-0.000009,0.000007,0.000001
2025-12-16 18:00:29.594,-0.003015,-0.003366,-0.016699,-0.000009,0.000007,0.000001
2025-12-16 18:00:29.596,-0.003085,-0.003370,-0.016717,-0.000009,0.000007,0.000001
2025-12-16 18:00:29.597,-0.003153,-0.003377,-0.016734,-0.000009,0.000007,0.000001
2025-12-16 18:00:29.598,-0.003222,-0.003383,-0.016746,-0.000009,0.000007,0.000001
2025-12-16 18:00:29.599,-0.003292,-0.003390,-0.016764,-0.000009,0.000007,0.000001
2025-12-16 18:00:29.600,-0.003364,-0.003399,-0.016780,-0.000009,0.000007,0.000001
2025-12-16 18:00:29.601,-0.003436,-0.003405,-0.016799,-0.000009,0.000007,0.000001
2025-12-16 18:00:29.602,-0.003506,-0.003412,-0.016816,-0.000009,0.000007,0.000001
2025-12-16 18:00:29.603,-0.003577,-0.003417,-0.016829,-0.000009,0.000007,0.000001
2025-12-16 18:00:29.604,-0.003646,-0.003426,-0.016842,-0.000009,0.000007,0.000001
2025-12-16 18:00:29.606,-0.003713,-0.003435,-0.016854,-0.000009,0.000007,0.000001
2025-12-16 18:00:29.607,-0.003849,-0.003455,-0.016871,-0.000009,0.000007,0.000001
2025-12-16 18:00:29.608,-0.003914,-0.003461,-0.016876,-0.000009,0.000007,0.000001
2025-12-16 18:00:29.609,-0.003977,-0.003471,-0.016883,-0.000009,0.000007,0.000001
2025-12-16 18:00:29.611,-0.004039,-0.003480,-0.016890,-0.000009,0.000007,0.000001
2025-12-16 18:00:29.612,-0.004155,-0.003496,-0.016892,-0.000009,0.000007,0.000001
2025-12-16 18:00:29.613,-0.004207,-0.003508,-0.016892,-0.000009,0.000007,0.000001
2025-12-16 18:00:29.614,-0.004258,-0.003518,-0.016894,-0.000009,0.000007,0.000001
2025-12-16 18:00:29.615,-0.004307,-0.003528,-0.016891,-0.000009,0.000007,0.000001
2025-12-16 18:00:29.616,-0.004357,-0.003535,-0.016883,-0.000009,0.000007,0.000001
2025-12-16 18:00:29.617,-0.004403,-0.003541,-0.016878,-0.000009,0.000007,0.000001
2025-12-16 18:00:29.618,-0.004450,-0.003544,-0.016876,-0.000009,0.000007,0.000001
2025-12-16 18:00:29.620,-0.004532,-0.003553,-0.016865,-0.000009,0.000007,0.000001
2025-12-16 18:00:29.621,-0.004566,-0.003560,-0.016857,-0.000009,0.000007,0.000001
2025-12-16 18:00:29.622,-0.004601,-0.003564,-0.016845,-0.000009,0.000007,0.000001
2025-12-16 18:00:29.623,-0.004631,-0.003568,-0.016838,-0.000009,0.000007,0.000001
2025-12-16 18:00:29.624,-0.004662,-0.003574,-0.016830,-0.000009,0.000007,0.000001
2025-12-16 18:00:29.626,-0.004689,-0.003579,-0.016822,-0.000009,0.000007,0.000001
2025-12-16 18:00:29.627,-0.004734,-0.003586,-0.016813,-0.000009,0.000007,0.000001
2025-12-16 18:00:29.628,-0.004754,-0.003588,-0.016813,-0.000009,0.000007,0.000001
2025-12-16 18:00:29.629,-0.004769,-0.003592,-0.016811,-0.000009,0.000007,0.000001
2025-12-16 18:00:29.630,-0.004784,-0.003596,-0.016808,-0.000009,0.000007,0.000001
2025-12-16 18:00:29.631,-0.004799,-0.003602,-0.016814,-0.000009,0.000007,0.000001
2025-12-16 18:00:29.633,-0.004831,-0.003604,-0.016830,-0.000009,0.000007,0.000001
2025-12-16 18:00:29.634,-0.004846,-0.003606,-0.016838,-0.000009,0.000007,0.000001
2025-12-16 18:00:29.635,-0.004857,-0.003610,-0.016852,-0.000009,0.000007,0.000001
2025-12-16 18:00:29.636,-0.004870,-0.003615,-0.016869,-0.000009,0.000007,0.000001
2025-12-16 18:00:29.637,-0.004882,-0.003619,-0.016889,-0.000009,0.000007,0.000001
2025-12-16 18:00:29.638,-0.004892,-0.003628,-0.016910,-0.000009,0.000007,0.000001
2025-12-16 18:00:29.639,-0.004901,-0.003635,-0.016935,-0.000009,0.000007,0.000001
2025-12-16 18:00:29.640,-0.004907,-0.003642,-0.016969,-0.000009,0.000007,0.000001
2025-12-16 18:00:29.642,-0.004920,-0.003659,-0.017038,-0.000009,0.000007,0.000001
2025-12-16 18:00:29.643,-0.004924,-0.003672,-0.017076,-0.000009,0.000007,0.000001
2025-12-16 18:00:29.644,-0.004930,-0.003681,-0.017117,-0.000009,0.000007,0.000001
2025-12-16 18:00:29.645,-0.004937,-0.003689,-0.017161,-0.000009,0.000008,0.000001
2025-12-16 18:00:29.646,-0.004945,-0.003702,-0.017207,-0.000009,0.000008,0.000001
2025-12-16 18:00:29.648,-0.004957,-0.003729,-0.017300,-0.000010,0.000008,0.000001
2025-12-16 18:00:29.649,-0.004965,-0.003743,-0.017349,-0.000009,0.000008,0.000001
2025-12-16 18:00:29.650,-0.004972,-0.003758,-0.017403,-0.000010,0.000008,0.000001
2025-12-16 18:00:29.651,-0.004978,-0.003770,-0.017449,-0.000009,0.000008,0.000001
2025-12-16 18:00:29.652,-0.004980,-0.003788,-0.017500,-0.000009,0.000008,0.000001
2025-12-16 18:00:29.653,-0.004984,-0.003804,-0.017560,-0.000010,0.000008,0.000001
2025-12-16 18:00:29.654,-0.004990,-0.003818,-0.017620,-0.000010,0.000008,0.000001
2025-12-16 18:00:29.655,-0.004997,-0.003836,-0.017681,-0.000010,0.000008,0.000001
2025-12-16 18:00:29.656,-0.005001,-0.003855,-0.017741,-0.000010,0.000008,0.000001
2025-12-16 18:00:29.659,-0.005008,-0.003912,-0.017920,-0.000010,0.000008,0.000001
2025-12-16 18:00:29.660,-0.005011,-0.003932,-0.017979,-0.000010,0.000008,0.000001
2025-12-16 18:00:29.661,-0.005013,-0.003952,-0.018040,-0.000010,0.000008,0.000001
2025-12-16 18:00:29.662,-0.005015,-0.003972,-0.018102,-0.000010,0.000008,0.000001
2025-12-16 18:00:29.663,-0.005019,-0.003989,-0.018159,-0.000010,0.000008,0.000001
2025-12-16 18:00:29.664,-0.005016,-0.004006,-0.018218,-0.000010,0.000008,0.000001
2025-12-16 18:00:29.665,-0.005011,-0.004025,-0.018273,-0.000010,0.000008,0.000001
2025-12-16 18:00:29.667,-0.004996,-0.004055,-0.018384,-0.000010,0.000008,0.000001
2025-12-16 18:00:29.668,-0.004990,-0.004072,-0.018440,-0.000010,0.000008,0.000001
2025-12-16 18:00:29.669,-0.004978,-0.004086,-0.018496,-0.000010,0.000008,0.000001
2025-12-16 18:00:29.670,-0.004968,-0.004102,-0.018551,-0.000010,0.000008,0.000001
2025-12-16 18:00:29.671,-0.004956,-0.004119,-0.018604,-0.000010,0.000008,0.000001
2025-12-16 18:00:29.672,-0.004949,-0.004131,-0.018659,-0.000010,0.000008,0.000001
2025-12-16 18:00:29.673,-0.004940,-0.004139,-0.018709,-0.000010,0.000008,0.000001
2025-12-16 18:00:29.675,-0.004916,-0.004162,-0.018809,-0.000010,0.000008,0.000001
2025-12-16 18:00:29.676,-0.004902,-0.004171,-0.018858,-0.000010,0.000008,0.000001
2025-12-16 18:00:29.677,-0.004892,-0.004175,-0.018907,-0.000010,0.000008,0.000001
2025-12-16 18:00:29.678,-0.004880,-0.004183,-0.018952,-0.000010,0.000008,0.000001
2025-12-16 18:00:29.679,-0.004865,-0.004190,-0.018992,-0.000011,0.000008,0.000001
2025-12-16 18:00:29.680,-0.004849,-0.004194,-0.019032,-0.000010,0.000008,0.000001
2025-12-16 18:00:29.681,-0.004831,-0.004196,-0.019068,-0.000010,0.000008,0.000001
2025-12-16 18:00:29.683,-0.004792,-0.004193,-0.019141,-0.000011,0.000008,0.000001
2025-12-16 18:00:29.684,-0.004776,-0.004192,-0.019174,-0.000011,0.000008,0.000001
2025-12-16 18:00:29.685,-0.004759,-0.004192,-0.019204,-0.000011,0.000008,0.000001
2025-12-16 18:00:29.686,-0.004740,-0.004193,-0.019231,-0.000011,0.000008,0.000001
2025-12-16 18:00:29.687,-0.004722,-0.004193,-0.019252,-0.000011,0.000008,0.000001
2025-12-16 18:00:29.688,-0.004706,-0.004189,-0.019273,-0.000010,0.000008,0.000001
2025-12-16 18:00:29.691,-0.004661,-0.004161,-0.019316,-0.000011,0.000008,0.000001
2025-12-16 18:00:29.692,-0.004645,-0.004147,-0.019324,-0.000011,0.000008,0.000001
2025-12-16 18:00:29.693,-0.004631,-0.004134,-0.019329,-0.000011,0.000008,0.000001
2025-12-16 18:00:29.694,-0.004615,-0.004119,-0.019332,-0.000011,0.000008,0.000001
2025-12-16 18:00:29.695,-0.004599,-0.004104,-0.019331,-0.000011,0.000008,0.000001
2025-12-16 18:00:29.696,-0.004581,-0.004092,-0.019329,-0.000011,0.000008,0.000001
2025-12-16 18:00:29.697,-0.004559,-0.004080,-0.019322,-0.000011,0.000008,0.000001
2025-12-16 18:00:29.699,-0.004515,-0.004050,-0.019299,-0.000011,0.000008,0.000001
2025-12-16 18:00:29.700,-0.004494,-0.004031,-0.019282,-0.000011,0.000008,0.000001
2025-12-16 18:00:29.701,-0.004475,-0.004012,-0.019261,-0.000011,0.000008,0.000001
2025-12-16 18:00:29.702,-0.004453,-0.003993,-0.019235,-0.000011,0.000008,0.000001
2025-12-16 18:00:29.703,-0.004432,-0.003976,-0.019208,-0.000011,0.000008,0.000001
2025-12-16 18:00:29.704,-0.004408,-0.003961,-0.019178,-0.000011,0.000008,0.000001
2025-12-16 18:00:29.705,-0.004386,-0.003942,-0.019149,-0.000011,0.000008,0.000001
2025-12-16 18:00:29.706,-0.004362,-0.003924,-0.019118,-0.000011,0.000008,0.000001
2025-12-16 18:00:29.709,-0.004272,-0.003868,-0.019012,-0.000011,0.000008,0.000001
2025-12-16 18:00:29.710,-0.004241,-0.003848,-0.018973,-0.000011,0.000008,0.000001
2025-12-16 18:00:29.711,-0.004207,-0.003832,-0.018930,-0.000011,0.000008,0.000001
2025-12-16 18:00:29.712,-0.004166,-0.003819,-0.018889,-0.000011,0.000008,0.000001
2025-12-16 18:00:29.713,-0.004122,-0.003807,-0.018847,-0.000011,0.000008,0.000001
2025-12-16 18:00:29.714,-0.004078,-0.003796,-0.018804,-0.000011,0.000008,0.000001
2025-12-16 18:00:29.716,-0.003989,-0.003760,-0.018714,-0.000011,0.000007,0.000001
2025-12-16 18:00:29.717,-0.003945,-0.003742,-0.018668,-0.000011,0.000007,0.000001
2025-12-16 18:00:29.719,-0.003852,-0.003710,-0.018580,-0.000011,0.000007,0.000001
2025-12-16 18:00:29.720,-0.003809,-0.003698,-0.018533,-0.000011,0.000007,0.000001
2025-12-16 18:00:29.721,-0.003761,-0.003689,-0.018488,-0.000011,0.000007,0.000001
2025-12-16 18:00:29.722,-0.003713,-0.003680,-0.018443,-0.000010,0.000007,0.000000
2025-12-16 18:00:29.723,-0.003666,-0.003670,-0.018399,-0.000010,0.000007,0.000001
2025-12-16 18:00:29.724,-0.003619,-0.003660,-0.018356,-0.000010,0.000007,0.000001
2025-12-16 18:00:29.726,-0.003570,-0.003649,-0.018314,-0.000010,0.000007,0.000001
2025-12-16 18:00:29.727,-0.003525,-0.003639,-0.018275,-0.000010,0.000007,0.000001
2025-12-16 18:00:29.729,-0.003484,-0.003624,-0.018238,-0.000010,0.000007,0.000000
2025-12-16 18:00:29.730,-0.003443,-0.003608,-0.018202,-0.000010,0.000007,0.000000
2025-12-16 18:00:29.731,-0.003399,-0.003598,-0.018168,-0.000010,0.000007,0.000000
2025-12-16 18:00:29.733,-0.003355,-0.003591,-0.018138,-0.000010,0.000007,0.000001
2025-12-16 18:00:29.734,-0.003312,-0.003580,-0.018110,-0.000010,0.000007,0.000001
2025-12-16 18:00:29.735,-0.003274,-0.003567,-0.018082,-0.000010,0.000007,0.000001
2025-12-16 18:00:29.736,-0.003125,-0.003518,-0.017972,-0.000009,0.000007,0.000001
2025-12-16 18:00:29.737,-0.003104,-0.003516,-0.017962,-0.000010,0.000007,0.000000
2025-12-16 18:00:29.738,-0.003076,-0.003509,-0.017940,-0.000010,0.000007,0.000000
2025-12-16 18:00:29.740,-0.003004,-0.003484,-0.017896,-0.000010,0.000007,0.000000
2025-12-16 18:00:29.741,-0.002970,-0.003471,-0.017874,-0.000010,0.000007,0.000001
2025-12-16 18:00:29.742,-0.002938,-0.003456,-0.017855,-0.000009,0.000007,0.000000
2025-12-16 18:00:29.743,-0.002902,-0.003442,-0.017840,-0.000010,0.000007,0.000001
2025-12-16 18:00:29.745,-0.002836,-0.003411,-0.017800,-0.000009,0.000007,0.000000
2025-12-16 18:00:29.746,-0.002798,-0.003394,-0.017779,-0.000010,0.000007,0.000000
2025-12-16 18:00:29.747,-0.002758,-0.003383,-0.017756,-0.000009,0.000007,0.000000
2025-12-16 18:00:29.748,-0.002718,-0.003372,-0.017736,-0.000009,0.000007,0.000000
2025-12-16 18:00:29.749,-0.002680,-0.003361,-0.017717,-0.000009,0.000007,0.000000
2025-12-16 18:00:29.751,-0.002604,-0.003334,-0.017675,-0.000009,0.000007,0.000001
2025-12-16 18:00:29.752,-0.002561,-0.003325,-0.017651,-0.000009,0.000007,0.000001
2025-12-16 18:00:29.753,-0.002519,-0.003313,-0.017630,-0.000009,0.000007,0.000001
2025-12-16 18:00:29.754,-0.002472,-0.003301,-0.017607,-0.000009,0.000007,0.000001
2025-12-16 18:00:29.757,-0.002324,-0.003260,-0.017523,-0.000009,0.000007,0.000001
2025-12-16 18:00:29.758,-0.002268,-0.003244,-0.017493,-0.000009,0.000007,0.000000
2025-12-16 18:00:29.759,-0.002210,-0.003233,-0.017460,-0.000009,0.000007,0.000001
2025-12-16 18:00:29.760,-0.002091,-0.003207,-0.017395,-0.000009,0.000007,0.000001
2025-12-16 18:00:29.762,-0.002027,-0.003194,-0.017358,-0.000009,0.000007,0.000001
2025-12-16 18:00:29.763,-0.001965,-0.003180,-0.017318,-0.000009,0.000007,0.000001
2025-12-16 18:00:29.764,-0.001900,-0.003168,-0.017280,-0.000009,0.000006,0.000001
2025-12-16 18:00:29.765,-0.001835,-0.003155,-0.017237,-0.000009,0.000006,0.000001
2025-12-16 18:00:29.766,-0.001769,-0.003142,-0.017194,-0.000009,0.000006,0.000001
2025-12-16 18:00:29.768,-0.001636,-0.003112,-0.017105,-0.000009,0.000006,0.000001
2025-12-16 18:00:29.769,-0.001562,-0.003095,-0.017056,-0.000009,0.000006,0.000000
2025-12-16 18:00:29.771,-0.001412,-0.003062,-0.016959,-0.000009,0.000006,0.000000
2025-12-16 18:00:29.772,-0.001337,-0.003041,-0.016909,-0.000008,0.000006,0.000001
2025-12-16 18:00:29.773,-0.001262,-0.003020,-0.016856,-0.000008,0.000006,0.000001
2025-12-16 18:00:29.774,-0.001187,-0.002999,-0.016801,-0.000008,0.000006,0.000000
2025-12-16 18:00:29.776,-0.001038,-0.002957,-0.016688,-0.000008,0.000006,0.000000
2025-12-16 18:00:29.777,-0.000964,-0.002934,-0.016630,-0.000008,0.000006,0.000000
2025-12-16 18:00:29.778,-0.000895,-0.002907,-0.016572,-0.000008,0.000006,0.000000
2025-12-16 18:00:29.779,-0.000827,-0.002877,-0.016514,-0.000008,0.000006,0.000000
2025-12-16 18:00:29.781,-0.000684,-0.002825,-0.016392,-0.000008,0.000006,0.000000
2025-12-16 18:00:29.782,-0.000612,-0.002800,-0.016332,-0.000008,0.000006,0.000000
2025-12-16 18:00:29.783,-0.000540,-0.002772,-0.016269,-0.000008,0.000006,0.000000
2025-12-16 18:00:29.784,-0.000469,-0.002740,-0.016208,-0.000008,0.000006,0.000000
2025-12-16 18:00:29.785,-0.000398,-0.002710,-0.016146,-0.000008,0.000006,0.000000
2025-12-16 18:00:29.786,-0.000332,-0.002674,-0.016086,-0.000008,0.000006,0.000000
2025-12-16 18:00:29.788,-0.000198,-0.002600,-0.015959,-0.000008,0.000006,0.000000
2025-12-16 18:00:29.789,-0.000137,-0.002565,-0.015892,-0.000007,0.000005,0.000000
2025-12-16 18:00:29.790,-0.000076,-0.002532,-0.015820,-0.000007,0.000005,0.000000
2025-12-16 18:00:29.791,-0.000014,-0.002494,-0.015751,-0.000007,0.000005,0.000000
2025-12-16 18:00:29.792,0.000047,-0.002458,-0.015682,-0.000007,0.000005,0.000000
2025-12-16 18:00:29.793,0.000168,-0.002386,-0.015546,-0.000007,0.000005,0.000000
2025-12-16 18:00:29.795,0.000224,-0.002350,-0.015480,-0.000007,0.000005,0.000000
2025-12-16 18:00:29.796,0.000278,-0.002311,-0.015411,-0.000007,0.000005,0.000000
2025-12-16 18:00:29.800,0.000510,-0.002176,-0.015136,-0.000007,0.000005,0.000000
2025-12-16 18:00:29.801,0.000558,-0.002138,-0.015068,-0.000006,0.000005,-0.000000
2025-12-16 18:00:29.802,0.000608,-0.002097,-0.014999,-0.000006,0.000005,-0.000000
2025-12-16 18:00:29.804,0.000708,-0.002020,-0.014859,-0.000006,0.000005,-0.000000
2025-12-16 18:00:29.805,0.000756,-0.001985,-0.014789,-0.000006,0.000005,-0.000000
2025-12-16 18:00:29.806,0.000809,-0.001953,-0.014719,-0.000006,0.000005,-0.000000
2025-12-16 18:00:29.807,0.000862,-0.001925,-0.014649,-0.000006,0.000005,-0.000000
2025-12-16 18:00:29.809,0.000959,-0.001862,-0.014510,-0.000006,0.000005,-0.000000
2025-12-16 18:00:29.810,0.001009,-0.001830,-0.014441,-0.000006,0.000005,-0.000000
2025-12-16 18:00:29.811,0.001057,-0.001802,-0.014376,-0.000006,0.000004,-0.000000
2025-12-16 18:00:29.813,0.001152,-0.001743,-0.014244,-0.000006,0.000004,-0.000000
2025-12-16 18:00:29.814,0.001199,-0.001716,-0.014176,-0.000006,0.000004,-0.000000
2025-12-16 18:00:29.815,0.001247,-0.001691,-0.014107,-0.000006,0.000004,-0.000000
2025-12-16 18:00:29.816,0.001294,-0.001668,-0.014037,-0.000006,0.000004,-0.000000
2025-12-16 18:00:29.817,0.001339,-0.001643,-0.013973,-0.000006,0.000004,-0.000000
2025-12-16 18:00:29.818,0.001385,-0.001619,-0.013908,-0.000006,0.000004,-0.000000
2025-12-16 18:00:29.820,0.001476,-0.001573,-0.013778,-0.000006,0.000004,-0.000000
2025-12-16 18:00:29.821,0.001522,-0.001557,-0.013711,-0.000006,0.000004,-0.000000
2025-12-16 18:00:29.822,0.001568,-0.001543,-0.013647,-0.000006,0.000004,-0.000000
2025-12-16 18:00:29.824,0.001654,-0.001518,-0.013527,-0.000006,0.000004,-0.000000
2025-12-16 18:00:29.825,0.001693,-0.001506,-0.013470,-0.000006,0.000004,-0.000000
2025-12-16 18:00:29.826,0.001732,-0.001497,-0.013414,-0.000006,0.000004,-0.000000
2025-12-16 18:00:29.836,0.002045,-0.001468,-0.012938,-0.000005,0.000004,-0.000000
2025-12-16 18:00:29.839,0.002114,-0.001483,-0.012807,-0.000005,0.000004,-0.000000
2025-12-16 18:00:29.840,0.002135,-0.001488,-0.012768,-0.000005,0.000004,-0.000000
2025-12-16 18:00:29.841,0.002155,-0.001491,-0.012733,-0.000005,0.000004,-0.000000
2025-12-16 18:00:29.843,0.002194,-0.001496,-0.012653,-0.000005,0.000004,-0.000000
2025-12-16 18:00:29.844,0.002214,-0.001499,-0.012613,-0.000005,0.000004,-0.000000
2025-12-16 18:00:29.845,0.002233,-0.001502,-0.012573,-0.000005,0.000004,-0.000000
2025-12-16 18:00:29.847,0.002286,-0.001503,-0.012470,-0.000005,0.000003,-0.000000
2025-12-16 18:00:29.848,0.002311,-0.001501,-0.012420,-0.000005,0.000003,-0.000000
2025-12-16 18:00:29.851,0.002385,-0.001496,-0.012284,-0.000005,0.000003,-0.000000
2025-12-16 18:00:29.852,0.002414,-0.001496,-0.012234,-0.000005,0.000003,-0.000000
2025-12-16 18:00:29.853,0.002443,-0.001498,-0.012185,-0.000005,0.000003,-0.000000
2025-12-16 18:00:29.855,0.002508,-0.001497,-0.012083,-0.000005,0.000003,-0.000000
2025-12-16 18:00:29.856,0.002545,-0.001496,-0.012027,-0.000005,0.000003,-0.000000
2025-12-16 18:00:29.857,0.002581,-0.001497,-0.011968,-0.000005,0.000003,-0.000000
2025-12-16 18:00:29.859,0.002659,-0.001495,-0.011856,-0.000005,0.000003,-0.000000
2025-12-16 18:00:29.861,0.002745,-0.001491,-0.011738,-0.000005,0.000003,-0.000001
2025-12-16 18:00:29.862,0.002788,-0.001491,-0.011678,-0.000005,0.000003,-0.000000
2025-12-16 18:00:29.865,0.002929,-0.001494,-0.011506,-0.000005,0.000003,-0.000000
2025-12-16 18:00:29.866,0.002977,-0.001495,-0.011446,-0.000004,0.000003,-0.000001
2025-12-16 18:00:29.867,0.003025,-0.001498,-0.011386,-0.000004,0.000003,-0.000001
2025-12-16 18:00:29.868,0.003072,-0.001503,-0.011326,-0.000004,0.000003,-0.000001
2025-12-16 18:00:29.870,0.003165,-0.001512,-0.011211,-0.000004,0.000003,-0.000001
2025-12-16 18:00:29.873,0.003304,-0.001519,-0.011049,-0.000004,0.000003,-0.000001
2025-12-16 18:00:29.874,0.003348,-0.001522,-0.010994,-0.000004,0.000002,-0.000001
2025-12-16 18:00:29.875,0.003391,-0.001528,-0.010943,-0.000004,0.000002,-0.000001
2025-12-16 18:00:29.877,0.003471,-0.001540,-0.010846,-0.000004,0.000002,-0.000001
2025-12-16 18:00:29.879,0.003542,-0.001548,-0.010749,-0.000004,0.000002,-0.000001
2025-12-16 18:00:29.880,0.003574,-0.001551,-0.010703,-0.000004,0.000002,-0.000001
2025-12-16 18:00:29.881,0.003601,-0.001555,-0.010652,-0.000004,0.000002,-0.000001
2025-12-16 18:00:29.883,0.003649,-0.001561,-0.010560,-0.000004,0.000002,-0.000001
2025-12-16 18:00:29.885,0.003689,-0.001572,-0.010475,-0.000004,0.000002,-0.000001
2025-12-16 18:00:29.886,0.003706,-0.001584,-0.010433,-0.000004,0.000002,-0.000001
2025-12-16 18:00:29.888,0.003730,-0.001602,-0.010354,-0.000004,0.000002,-0.000001
2025-12-16 18:00:29.889,0.003734,-0.001608,-0.010312,-0.000004,0.000002,-0.000001
2025-12-16 18:00:29.890,0.003737,-0.001616,-0.010270,-0.000004,0.000002,-0.000001
2025-12-16 18:00:29.892,0.003734,-0.001638,-0.010184,-0.000004,0.000002,-0.000001
2025-12-16 18:00:29.893,0.003728,-0.001652,-0.010141,-0.000004,0.000002,-0.000001
2025-12-16 18:00:29.894,0.003717,-0.001663,-0.010103,-0.000004,0.000002,-0.000001
2025-12-16 18:00:29.896,0.003680,-0.001687,-0.010034,-0.000004,0.000002,-0.000001
2025-12-16 18:00:29.899,0.003607,-0.001736,-0.009929,-0.000004,0.000002,-0.000001
2025-12-16 18:00:29.900,0.003572,-0.001759,-0.009901,-0.000004,0.000002,-0.000001
2025-12-16 18:00:29.902,0.003502,-0.001812,-0.009852,-0.000004,0.000002,-0.000001
2025-12-16 18:00:29.903,0.003464,-0.001841,-0.009827,-0.000004,0.000002,-0.000001
2025-12-16 18:00:29.904,0.003424,-0.001868,-0.009801,-0.000004,0.000002,-0.000001
2025-12-16 18:00:29.906,0.003340,-0.001921,-0.009763,-0.000004,0.000002,-0.000001
2025-12-16 18:00:29.907,0.003292,-0.001952,-0.009750,-0.000004,0.000002,-0.000001
2025-12-16 18:00:29.908,0.003243,-0.001987,-0.009737,-0.000004,0.000002,-0.000001
2025-12-16 18:00:29.910,0.003147,-0.002062,-0.009720,-0.000004,0.000002,-0.000001
2025-12-16 18:00:29.911,0.003100,-0.002101,-0.009715,-0.000004,0.000002,-0.000001
2025-12-16 18:00:29.912,0.003052,-0.002137,-0.009712,-0.000004,0.000002,-0.000001
2025-12-16 18:00:29.914,0.003004,-0.002176,-0.009711,-0.000004,0.000002,-0.000001
2025-12-16 18:00:29.915,0.002908,-0.002261,-0.009717,-0.000004,0.000002,-0.000001
2025-12-16 18:00:29.917,0.002816,-0.002347,-0.009722,-0.000004,0.000002,-0.000001
2025-12-16 18:00:29.918,0.002771,-0.002391,-0.009730,-0.000004,0.000002,-0.000001
2025-12-16 18:00:29.920,0.002692,-0.002470,-0.009750,-0.000004,0.000002,-0.000001
2025-12-16 18:00:29.921,0.002658,-0.002513,-0.009761,-0.000004,0.000002,-0.000001
2025-12-16 18:00:29.922,0.002629,-0.002552,-0.009775,-0.000004,0.000002,-0.000001
2025-12-16 18:00:29.923,0.002604,-0.002592,-0.009788,-0.000004,0.000002,-0.000001
2025-12-16 18:00:29.924,0.002578,-0.002628,-0.009805,-0.000004,0.000002,-0.000001
2025-12-16 18:00:29.925,0.002552,-0.002665,-0.009820,-0.000004,0.000002,-0.000001
2025-12-16 18:00:29.926,0.002531,-0.002696,-0.009833,-0.000004,0.000002,-0.000001
2025-12-16 18:00:29.927,0.002511,-0.002725,-0.009838,-0.000004,0.000002,-0.000001
2025-12-16 18:00:29.929,0.002477,-0.002771,-0.009853,-0.000004,0.000002,-0.000001
2025-12-16 18:00:29.933,0.002434,-0.002824,-0.009881,-0.000004,0.000002,-0.000001
2025-12-16 18:00:29.934,0.002434,-0.002829,-0.009886,-0.000004,0.000002,-0.000001
2025-12-16 18:00:29.935,0.002437,-0.002833,-0.009888,-0.000004,0.000002,-0.000001
2025-12-16 18:00:29.937,0.002447,-0.002826,-0.009891,-0.000004,0.000002,-0.000001
2025-12-16 18:00:29.938,0.002455,-0.002817,-0.009888,-0.000004,0.000002,-0.000001
2025-12-16 18:00:29.939,0.002462,-0.002801,-0.009881,-0.000004,0.000002,-0.000001
2025-12-16 18:00:29.941,0.002476,-0.002757,-0.009861,-0.000004,0.000002,-0.000001
2025-12-16 18:00:29.942,0.002481,-0.002729,-0.009847,-0.000004,0.000002,-0.000001
2025-12-16 18:00:29.943,0.002487,-0.002700,-0.009834,-0.000004,0.000002,-0.000001
2025-12-16 18:00:29.945,0.002502,-0.002636,-0.009796,-0.000004,0.000002,-0.000001
2025-12-16 18:00:29.946,0.002508,-0.002601,-0.009772,-0.000004,0.000002,-0.000001
2025-12-16 18:00:29.949,0.002539,-0.002490,-0.009693,-0.000004,0.000002,-0.000001
2025-12-16 18:00:29.950,0.002548,-0.002451,-0.009658,-0.000004,0.000002,-0.000001
2025-12-16 18:00:29.951,0.002566,-0.002381,-0.009587,-0.000004,0.000002,-0.000001
2025-12-16 18:00:29.953,0.002575,-0.002342,-0.009544,-0.000004,0.000002,-0.000001
2025-12-16 18:00:29.954,0.002584,-0.002302,-0.009499,-0.000004,0.000002,-0.000001
2025-12-16 18:00:29.955,0.002593,-0.002264,-0.009450,-0.000003,0.000002,-0.000001
2025-12-16 18:00:29.956,0.002603,-0.002228,-0.009401,-0.000004,0.000002,-0.000001
2025-12-16 18:00:29.957,0.002609,-0.002194,-0.009348,-0.000003,0.000002,-0.000001
2025-12-16 18:00:29.958,0.002618,-0.002161,-0.009297,-0.000004,0.000002,-0.000001
2025-12-16 18:00:29.960,0.002643,-0.002109,-0.009189,-0.000003,0.000002,-0.000001
2025-12-16 18:00:29.961,0.002652,-0.002084,-0.009133,-0.000003,0.000002,-0.000001
2025-12-16 18:00:29.962,0.002665,-0.002061,-0.009073,-0.000003,0.000002,-0.000001
2025-12-16 18:00:29.963,0.002676,-0.002039,-0.009010,-0.000003,0.000002,-0.000001
2025-12-16 18:00:29.964,0.002687,-0.002019,-0.008946,-0.000003,0.000002,-0.000001
2025-12-16 18:00:29.969,0.002750,-0.001956,-0.008655,-0.000003,0.000002,-0.000001
2025-12-16 18:00:29.970,0.002766,-0.001951,-0.008602,-0.000003,0.000002,-0.000001
2025-12-16 18:00:29.972,0.002791,-0.001939,-0.008499,-0.000003,0.000002,-0.000001
2025-12-16 18:00:29.974,0.002811,-0.001940,-0.008411,-0.000003,0.000002,-0.000001
2025-12-16 18:00:29.975,0.002820,-0.001938,-0.008374,-0.000003,0.000002,-0.000001
2025-12-16 18:00:29.977,0.002837,-0.001939,-0.008307,-0.000003,0.000002,-0.000001
2025-12-16 18:00:29.978,0.002841,-0.001942,-0.008276,-0.000003,0.000002,-0.000001
2025-12-16 18:00:29.979,0.002842,-0.001942,-0.008250,-0.000003,0.000002,-0.000001
2025-12-16 18:00:29.981,0.002844,-0.001946,-0.008213,-0.000003,0.000002,-0.000001
2025-12-16 18:00:29.982,0.002841,-0.001953,-0.008203,-0.000003,0.000002,-0.000001
2025-12-16 18:00:29.984,0.002827,-0.001962,-0.008191,-0.000003,0.000002,-0.000001
2025-12-16 18:00:29.990,0.002715,-0.001996,-0.008216,-0.000003,0.000002,-0.000001
2025-12-16 18:00:29.992,0.002695,-0.002001,-0.008223,-0.000003,0.000002,-0.000001
2025-12-16 18:00:29.993,0.002674,-0.002005,-0.008228,-0.000003,0.000002,-0.000001
2025-12-16 18:00:29.994,0.002651,-0.002009,-0.008239,-0.000003,0.000002,-0.000001
2025-12-16 18:00:29.995,0.002627,-0.002017,-0.008247,-0.000003,0.000002,-0.000001
2025-12-16 18:00:29.996,0.002578,-0.002028,-0.008269,-0.000003,0.000002,-0.000001
2025-12-16 18:00:29.999,0.002529,-0.002035,-0.008296,-0.000003,0.000002,-0.000001
2025-12-16 18:00:30.000,0.002508,-0.002040,-0.008304,-0.000003,0.000002,-0.000001
2025-12-16 18:00:30.002,0.002467,-0.002041,-0.008309,-0.000003,0.000002,-0.000001
2025-12-16 18:00:30.004,0.002435,-0.002042,-0.008310,-0.000003,0.000002,-0.000001
2025-12-16 18:00:30.005,0.002420,-0.002043,-0.008307,-0.000003,0.000002,-0.000001
2025-12-16 18:00:30.006,0.002408,-0.002038,-0.008304,-0.000003,0.000002,-0.000001
2025-12-16 18:00:30.007,0.002399,-0.002032,-0.008298,-0.000003,0.000002,-0.000001
2025-12-16 18:00:30.008,0.002391,-0.002021,-0.008293,-0.000003,0.000002,-0.000001
2025-12-16 18:00:30.010,0.002382,-0.001997,-0.008272,-0.000003,0.000002,-0.000001
2025-12-16 18:00:30.012,0.002382,-0.001985,-0.008264,-0.000003,0.000002,-0.000001
2025-12-16 18:00:30.013,0.002381,-0.001968,-0.008254,-0.000003,0.000002,-0.000001
2025-12-16 18:00:30.015,0.002390,-0.001928,-0.008215,-0.000003,0.000002,-0.000001
2025-12-16 18:00:30.016,0.002398,-0.001905,-0.008196,-0.000003,0.000002,-0.000001
2025-12-16 18:00:30.017,0.002407,-0.001881,-0.008170,-0.000003,0.000002,-0.000001
2025-12-16 18:00:30.018,0.002419,-0.001857,-0.008145,-0.000003,0.000002,-0.000001
2025-12-16 18:00:30.019,0.002436,-0.001831,-0.008119,-0.000003,0.000002,-0.000001
2025-12-16 18:00:30.021,0.002466,-0.001771,-0.008065,-0.000003,0.000002,-0.000001
2025-12-16 18:00:30.022,0.002482,-0.001739,-0.008039,-0.000003,0.000002,-0.000001
2025-12-16 18:00:30.023,0.002496,-0.001705,-0.008010,-0.000003,0.000002,-0.000001
2025-12-16 18:00:30.024,0.002514,-0.001671,-0.007980,-0.000003,0.000002,-0.000001
2025-12-16 18:00:30.025,0.002534,-0.001631,-0.007950,-0.000003,0.000002,-0.000001
2025-12-16 18:00:30.027,0.002566,-0.001555,-0.007878,-0.000003,0.000002,-0.000001
2025-12-16 18:00:30.028,0.002582,-0.001517,-0.007841,-0.000003,0.000002,-0.000001
2025-12-16 18:00:30.029,0.002602,-0.001466,-0.007803,-0.000003,0.000002,-0.000001
2025-12-16 18:00:30.030,0.002613,-0.001423,-0.007770,-0.000003,0.000002,-0.000001
2025-12-16 18:00:30.031,0.002624,-0.001378,-0.007736,-0.000003,0.000002,-0.000001
2025-12-16 18:00:30.032,0.002634,-0.001335,-0.007705,-0.000003,0.000002,-0.000001
2025-12-16 18:00:30.033,0.002642,-0.001293,-0.007676,-0.000003,0.000002,-0.000001
2025-12-16 18:00:30.035,0.002652,-0.001204,-0.007620,-0.000003,0.000002,-0.000001
2025-12-16 18:00:30.036,0.002656,-0.001161,-0.007591,-0.000003,0.000002,-0.000001
2025-12-16 18:00:30.037,0.002661,-0.001118,-0.007558,-0.000003,0.000002,-0.000001
2025-12-16 18:00:30.038,0.002665,-0.001077,-0.007526,-0.000003,0.000002,-0.000001
2025-12-16 18:00:30.039,0.002665,-0.001037,-0.007495,-0.000003,0.000002,-0.000001
2025-12-16 18:00:30.040,0.002662,-0.000998,-0.007467,-0.000003,0.000002,-0.000001
2025-12-16 18:00:30.041,0.002659,-0.000957,-0.007442,-0.000002,0.000002,-0.000001
2025-12-16 18:00:30.043,0.002652,-0.000884,-0.007395,-0.000003,0.000002,-0.000001
2025-12-16 18:00:30.044,0.002645,-0.000845,-0.007374,-0.000002,0.000002,-0.000001
2025-12-16 18:00:30.045,0.002635,-0.000811,-0.007355,-0.000002,0.000002,-0.000000
2025-12-16 18:00:30.046,0.002624,-0.000774,-0.007340,-0.000003,0.000002,-0.000000
2025-12-16 18:00:30.047,0.002615,-0.000742,-0.007327,-0.000002,0.000002,-0.000000
2025-12-16 18:00:30.048,0.002588,-0.000680,-0.007302,-0.000002,0.000002,-0.000000
2025-12-16 18:00:30.050,0.002574,-0.000649,-0.007290,-0.000002,0.000002,-0.000000
2025-12-16 18:00:30.051,0.002561,-0.000623,-0.007285,-0.000002,0.000002,-0.000000
2025-12-16 18:00:30.052,0.002546,-0.000599,-0.007282,-0.000003,0.000002,-0.000000
2025-12-16 18:00:30.053,0.002533,-0.000578,-0.007277,-0.000002,0.000002,-0.000000
2025-12-16 18:00:30.054,0.002518,-0.000558,-0.007276,-0.000002,0.000002,-0.000000
2025-12-16 18:00:30.056,0.002476,-0.000524,-0.007279,-0.000002,0.000002,-0.000000
2025-12-16 18:00:30.057,0.002450,-0.000505,-0.007284,-0.000002,0.000002,-0.000000
2025-12-16 18:00:30.058,0.002422,-0.000483,-0.007289,-0.000002,0.000002,-0.000000
2025-12-16 18:00:30.059,0.002397,-0.000465,-0.007298,-0.000003,0.000002,-0.000000
2025-12-16 18:00:30.060,0.002367,-0.000445,-0.007305,-0.000003,0.000002,-0.000000
2025-12-16 18:00:30.062,0.002311,-0.000419,-0.007333,-0.000003,0.000002,-0.000000
2025-12-16 18:00:30.063,0.002281,-0.000408,-0.007349,-0.000003,0.000002,-0.000000
2025-12-16 18:00:30.064,0.002251,-0.000398,-0.007366,-0.000002,0.000002,-0.000000
2025-12-16 18:00:30.065,0.002221,-0.000390,-0.007378,-0.000003,0.000002,-0.000000
2025-12-16 18:00:30.066,0.002189,-0.000385,-0.007395,-0.000002,0.000002,-0.000000
2025-12-16 18:00:30.067,0.002157,-0.000377,-0.007411,-0.000003,0.000002,-0.000000
2025-12-16 18:00:30.068,0.002092,-0.000366,-0.007443,-0.000003,0.000002,-0.000000
2025-12-16 18:00:30.070,0.002059,-0.000362,-0.007460,-0.000003,0.000002,-0.000000
2025-12-16 18:00:30.071,0.002022,-0.000355,-0.007473,-0.000003,0.000002,-0.000000
2025-12-16 18:00:30.072,0.001989,-0.000349,-0.007487,-0.000002,0.000002,-0.000000
2025-12-16 18:00:30.073,0.001957,-0.000344,-0.007502,-0.000003,0.000002,-0.000000
2025-12-16 18:00:30.074,0.001925,-0.000341,-0.007517,-0.000003,0.000002,-0.000000
2025-12-16 18:00:30.075,0.001893,-0.000334,-0.007531,-0.000003,0.000002,-0.000000
2025-12-16 18:00:30.076,0.001865,-0.000328,-0.007547,-0.000003,0.000002,-0.000000
2025-12-16 18:00:30.079,0.001792,-0.000316,-0.007594,-0.000003,0.000002,-0.000000
2025-12-16 18:00:30.080,0.001771,-0.000310,-0.007609,-0.000003,0.000002,-0.000000
2025-12-16 18:00:30.081,0.001752,-0.000299,-0.007616,-0.000003,0.000002,-0.000000
2025-12-16 18:00:30.082,0.001730,-0.000283,-0.007619,-0.000003,0.000002,0.000000
2025-12-16 18:00:30.084,0.001714,-0.000270,-0.007627,-0.000003,0.000002,0.000000
2025-12-16 18:00:30.085,0.001688,-0.000243,-0.007644,-0.000003,0.000002,0.000000
2025-12-16 18:00:30.086,0.001682,-0.000226,-0.007650,-0.000003,0.000002,0.000000
2025-12-16 18:00:30.088,0.001680,-0.000186,-0.007652,-0.000003,0.000002,0.000000
2025-12-16 18:00:30.090,0.001698,-0.000138,-0.007653,-0.000003,0.000002,0.000000
2025-12-16 18:00:30.091,0.001715,-0.000112,-0.007652,-0.000003,0.000002,0.000000
2025-12-16 18:00:30.092,0.001730,-0.000084,-0.007647,-0.000003,0.000002,0.000000
2025-12-16 18:00:30.093,0.001746,-0.000051,-0.007643,-0.000003,0.000002,0.000000
2025-12-16 18:00:30.094,0.001765,-0.000015,-0.007634,-0.000003,0.000002,0.000000
2025-12-16 18:00:30.095,0.001790,0.000020,-0.007626,-0.000003,0.000002,0.000000
2025-12-16 18:00:30.096,0.001855,0.000091,-0.007592,-0.000003,0.000002,0.000000
2025-12-16 18:00:30.099,0.001922,0.000171,-0.007551,-0.000003,0.000002,0.000000
2025-12-16 18:00:30.101,0.002005,0.000253,-0.007507,-0.000003,0.000002,-0.000000
2025-12-16 18:00:30.102,0.002053,0.000294,-0.007485,-0.000003,0.000002,-0.000000
2025-12-16 18:00:30.103,0.002102,0.000340,-0.007453,-0.000003,0.000002,-0.000000
2025-12-16 18:00:30.104,0.002151,0.000392,-0.007422,-0.000003,0.000002,-0.000000
2025-12-16 18:00:30.105,0.002203,0.000442,-0.007386,-0.000003,0.000002,-0.000000
2025-12-16 18:00:30.106,0.002257,0.000496,-0.007348,-0.000003,0.000002,-0.000000
2025-12-16 18:00:30.108,0.002367,0.000596,-0.007271,-0.000003,0.000002,-0.000000
2025-12-16 18:00:30.109,0.002422,0.000647,-0.007228,-0.000002,0.000002,-0.000000
2025-12-16 18:00:30.110,0.002477,0.000701,-0.007185,-0.000002,0.000002,-0.000000
2025-12-16 18:00:30.111,0.002534,0.000754,-0.007144,-0.000002,0.000002,-0.000000
2025-12-16 18:00:30.112,0.002589,0.000805,-0.007096,-0.000002,0.000002,-0.000000
2025-12-16 18:00:30.114,0.002700,0.000913,-0.007001,-0.000002,0.000002,-0.000000
2025-12-16 18:00:30.115,0.002753,0.000966,-0.006955,-0.000002,0.000002,-0.000000
2025-12-16 18:00:30.116,0.002806,0.001022,-0.006908,-0.000002,0.000002,-0.000000
2025-12-16 18:00:30.117,0.002860,0.001079,-0.006863,-0.000002,0.000002,-0.000000
2025-12-16 18:00:30.118,0.002916,0.001134,-0.006820,-0.000002,0.000002,-0.000000
2025-12-16 18:00:30.119,0.002970,0.001191,-0.006773,-0.000002,0.000002,-0.000000
2025-12-16 18:00:30.120,0.003019,0.001246,-0.006725,-0.000002,0.000001,-0.000000
2025-12-16 18:00:30.122,0.003064,0.001301,-0.006681,-0.000002,0.000001,-0.000000
2025-12-16 18:00:30.123,0.003107,0.001355,-0.006635,-0.000002,0.000001,-0.000000
2025-12-16 18:00:30.124,0.003152,0.001401,-0.006590,-0.000002,0.000001,-0.000000
2025-12-16 18:00:30.125,0.003196,0.001442,-0.006546,-0.000002,0.000001,-0.000000
2025-12-16 18:00:30.126,0.003233,0.001486,-0.006504,-0.000002,0.000001,-0.000000
2025-12-16 18:00:30.128,0.003267,0.001530,-0.006464,-0.000002,0.000001,-0.000000
2025-12-16 18:00:30.129,0.003299,0.001571,-0.006429,-0.000002,0.000001,-0.000000
2025-12-16 18:00:30.130,0.003330,0.001611,-0.006396,-0.000002,0.000001,-0.000000
2025-12-16 18:00:30.131,0.003454,0.001771,-0.006266,-0.000002,0.000001,-0.000000
2025-12-16 18:00:30.132,0.003455,0.001776,-0.006255,-0.000002,0.000001,-0.000000
2025-12-16 18:00:30.133,0.003467,0.001789,-0.006237,-0.000002,0.000001,-0.000000
2025-12-16 18:00:30.135,0.003481,0.001808,-0.006215,-0.000002,0.000001,-0.000000
2025-12-16 18:00:30.136,0.003494,0.001827,-0.006196,-0.000002,0.000001,-0.000000
2025-12-16 18:00:30.137,0.003501,0.001843,-0.006179,-0.000002,0.000001,-0.000000
2025-12-16 18:00:30.138,0.003510,0.001852,-0.006160,-0.000002,0.000001,-0.000000
2025-12-16 18:00:30.139,0.003518,0.001856,-0.006149,-0.000002,0.000001,-0.000000
2025-12-16 18:00:30.140,0.003525,0.001859,-0.006137,-0.000002,0.000001,-0.000000
2025-12-16 18:00:30.142,0.003544,0.001861,-0.006122,-0.000002,0.000001,-0.000000
2025-12-16 18:00:30.143,0.003546,0.001861,-0.006121,-0.000002,0.000001,-0.000000
2025-12-16 18:00:30.144,0.003550,0.001860,-0.006123,-0.000002,0.000001,-0.000000
2025-12-16 18:00:30.145,0.003554,0.001853,-0.006129,-0.000002,0.000001,-0.000000
2025-12-16 18:00:30.146,0.003562,0.001842,-0.006135,-0.000002,0.000001,-0.000000
2025-12-16 18:00:30.147,0.003573,0.001815,-0.006145,-0.000002,0.000001,-0.000000
2025-12-16 18:00:30.149,0.003582,0.001800,-0.006158,-0.000002,0.000001,-0.000000
2025-12-16 18:00:30.150,0.003591,0.001781,-0.006174,-0.000002,0.000001,-0.000000
2025-12-16 18:00:30.151,0.003598,0.001764,-0.006188,-0.000002,0.000001,-0.000000
2025-12-16 18:00:30.152,0.003604,0.001751,-0.006200,-0.000002,0.000001,-0.000000
2025-12-16 18:00:30.153,0.003608,0.001741,-0.006209,-0.000002,0.000001,-0.000000
2025-12-16 18:00:30.154,0.003634,0.001702,-0.006246,-0.000002,0.000001,-0.000000
2025-12-16 18:00:30.156,0.003652,0.001678,-0.006270,-0.000002,0.000001,-0.000000
2025-12-16 18:00:30.157,0.003677,0.001652,-0.006294,-0.000002,0.000001,-0.000000
2025-12-16 18:00:30.158,0.003700,0.001632,-0.006321,-0.000002,0.000001,-0.000000
2025-12-16 18:00:30.159,0.003727,0.001613,-0.006345,-0.000002,0.000001,-0.000000
2025-12-16 18:00:30.160,0.003754,0.001594,-0.006372,-0.000002,0.000001,-0.000000
2025-12-16 18:00:30.162,0.003814,0.001556,-0.006420,-0.000002,0.000001,-0.000000
2025-12-16 18:00:30.163,0.003851,0.001541,-0.006442,-0.000002,0.000001,-0.000000
2025-12-16 18:00:30.164,0.003888,0.001528,-0.006461,-0.000002,0.000001,-0.000000
2025-12-16 18:00:30.165,0.003929,0.001513,-0.006477,-0.000002,0.000001,-0.000001
2025-12-16 18:00:30.166,0.003967,0.001503,-0.006498,-0.000002,0.000001,-0.000001
2025-12-16 18:00:30.167,0.004006,0.001494,-0.006521,-0.000002,0.000001,-0.000001
2025-12-16 18:00:30.168,0.004049,0.001488,-0.006540,-0.000002,0.000001,-0.000001
2025-12-16 18:00:30.170,0.004137,0.001477,-0.006574,-0.000002,0.000001,-0.000001
2025-12-16 18:00:30.171,0.004184,0.001473,-0.006587,-0.000002,0.000001,-0.000001
2025-12-16 18:00:30.172,0.004232,0.001470,-0.006594,-0.000002,0.000001,-0.000001
2025-12-16 18:00:30.173,0.004282,0.001467,-0.006603,-0.000002,0.000001,-0.000001
2025-12-16 18:00:30.174,0.004333,0.001469,-0.006610,-0.000002,0.000001,-0.000001
2025-12-16 18:00:30.175,0.004385,0.001471,-0.006615,-0.000002,0.000001,-0.000001
2025-12-16 18:00:30.177,0.004488,0.001491,-0.006621,-0.000002,0.000001,-0.000001
2025-12-16 18:00:30.178,0.004537,0.001503,-0.006621,-0.000002,0.000001,-0.000001
2025-12-16 18:00:30.179,0.004583,0.001518,-0.006619,-0.000002,0.000001,-0.000001
2025-12-16 18:00:30.180,0.004630,0.001532,-0.006615,-0.000002,0.000001,-0.000001
2025-12-16 18:00:30.182,0.004724,0.001566,-0.006604,-0.000002,0.000001,-0.000001
2025-12-16 18:00:30.183,0.004769,0.001587,-0.006601,-0.000002,0.000001,-0.000001
2025-12-16 18:00:30.184,0.004813,0.001606,-0.006592,-0.000002,0.000001,-0.000001
2025-12-16 18:00:30.185,0.004858,0.001632,-0.006581,-0.000002,0.000001,-0.000001
2025-12-16 18:00:30.186,0.004902,0.001656,-0.006568,-0.000002,0.000001,-0.000001
2025-12-16 18:00:30.187,0.004948,0.001681,-0.006551,-0.000002,0.000001,-0.000001
2025-12-16 18:00:30.188,0.004987,0.001708,-0.006534,-0.000002,0.000001,-0.000001
2025-12-16 18:00:30.190,0.005065,0.001771,-0.006494,-0.000002,0.000001,-0.000001
2025-12-16 18:00:30.191,0.005101,0.001807,-0.006475,-0.000002,0.000001,-0.000001
2025-12-16 18:00:30.192,0.005134,0.001847,-0.006456,-0.000002,0.000001,-0.000001
2025-12-16 18:00:30.193,0.005168,0.001885,-0.006432,-0.000002,0.000001,-0.000001
2025-12-16 18:00:30.194,0.005197,0.001922,-0.006402,-0.000002,0.000001,-0.000001
2025-12-16 18:00:30.195,0.005224,0.001958,-0.006374,-0.000002,0.000001,-0.000001
2025-12-16 18:00:30.196,0.005252,0.001993,-0.006346,-0.000002,0.000001,-0.000001
2025-12-16 18:00:30.197,0.005301,0.002071,-0.006296,-0.000002,0.000001,-0.000001
2025-12-16 18:00:30.199,0.005325,0.002111,-0.006268,-0.000002,0.000001,-0.000001
2025-12-16 18:00:30.200,0.005350,0.002151,-0.006237,-0.000002,0.000001,-0.000001
2025-12-16 18:00:30.201,0.005367,0.002195,-0.006204,-0.000002,0.000001,-0.000001
2025-12-16 18:00:30.202,0.005384,0.002234,-0.006171,-0.000002,0.000001,-0.000001
2025-12-16 18:00:30.203,0.005400,0.002272,-0.006136,-0.000002,0.000001,-0.000001
2025-12-16 18:00:30.204,0.005427,0.002343,-0.006075,-0.000002,0.000001,-0.000001
2025-12-16 18:00:30.206,0.005437,0.002378,-0.006050,-0.000002,0.000001,-0.000001
2025-12-16 18:00:30.207,0.005448,0.002409,-0.006020,-0.000002,0.000001,-0.000001
2025-12-16 18:00:30.208,0.005458,0.002439,-0.005991,-0.000002,0.000001,-0.000001
2025-12-16 18:00:30.209,0.005465,0.002469,-0.005964,-0.000002,0.000001,-0.000001
2025-12-16 18:00:30.210,0.005472,0.002495,-0.005937,-0.000002,0.000001,-0.000001
2025-12-16 18:00:30.212,0.005483,0.002535,-0.005886,-0.000002,0.000000,-0.000001
2025-12-16 18:00:30.213,0.005482,0.002558,-0.005865,-0.000001,0.000001,-0.000001
2025-12-16 18:00:30.214,0.005483,0.002578,-0.005850,-0.000002,0.000000,-0.000001
2025-12-16 18:00:30.215,0.005481,0.002596,-0.005833,-0.000002,0.000000,-0.000001
2025-12-16 18:00:30.216,0.005478,0.002610,-0.005822,-0.000002,0.000000,-0.000001
2025-12-16 18:00:30.217,0.005473,0.002613,-0.005805,-0.000002,0.000000,-0.000001
2025-12-16 18:00:30.218,0.005469,0.002612,-0.005788,-0.000001,0.000000,-0.000001
2025-12-16 18:00:30.219,0.005464,0.002609,-0.005779,-0.000001,0.000000,-0.000001
2025-12-16 18:00:30.220,0.005456,0.002606,-0.005772,-0.000001,0.000000,-0.000001
2025-12-16 18:00:30.222,0.005453,0.002594,-0.005769,-0.000001,0.000000,-0.000001
2025-12-16 18:00:30.223,0.005448,0.002581,-0.005767,-0.000001,0.000000,-0.000001
2025-12-16 18:00:30.224,0.005439,0.002565,-0.005766,-0.000001,0.000000,-0.000001
2025-12-16 18:00:30.225,0.005425,0.002550,-0.005769,-0.000001,0.000000,-0.000001
2025-12-16 18:00:30.226,0.005412,0.002528,-0.005773,-0.000001,0.000000,-0.000001
2025-12-16 18:00:30.227,0.005387,0.002485,-0.005781,-0.000001,0.000000,-0.000001
2025-12-16 18:00:30.229,0.005347,0.002419,-0.005798,-0.000001,0.000000,-0.000001
2025-12-16 18:00:30.230,0.005320,0.002379,-0.005809,-0.000001,0.000000,-0.000001
2025-12-16 18:00:30.231,0.005299,0.002337,-0.005823,-0.000001,0.000000,-0.000001
2025-12-16 18:00:30.232,0.005273,0.002296,-0.005840,-0.000001,0.000000,-0.000001
2025-12-16 18:00:30.233,0.005245,0.002251,-0.005858,-0.000002,0.000000,-0.000001
2025-12-16 18:00:30.234,0.005217,0.002203,-0.005879,-0.000001,0.000000,-0.000001
2025-12-16 18:00:30.235,0.005184,0.002151,-0.005903,-0.000002,0.000000,-0.000001
2025-12-16 18:00:30.236,0.005146,0.002101,-0.005925,-0.000001,0.000000,-0.000001
2025-12-16 18:00:30.238,0.005066,0.002003,-0.005985,-0.000001,0.000001,-0.000001
2025-12-16 18:00:30.239,0.005021,0.001951,-0.006015,-0.000002,0.000001,-0.000001
2025-12-16 18:00:30.240,0.004975,0.001896,-0.006049,-0.000001,0.000001,-0.000001
2025-12-16 18:00:30.241,0.004922,0.001842,-0.006085,-0.000001,0.000001,-0.000001
2025-12-16 18:00:30.242,0.004865,0.001788,-0.006122,-0.000002,0.000001,-0.000001
2025-12-16 18:00:30.244,0.004746,0.001677,-0.006204,-0.000002,0.000001,-0.000001
2025-12-16 18:00:30.245,0.004685,0.001619,-0.006247,-0.000002,0.000001,-0.000001
2025-12-16 18:00:30.246,0.004624,0.001565,-0.006292,-0.000002,0.000001,-0.000001
2025-12-16 18:00:30.247,0.004558,0.001511,-0.006336,-0.000002,0.000001,-0.000001
2025-12-16 18:00:30.248,0.004486,0.001459,-0.006385,-0.000002,0.000001,-0.000001
2025-12-16 18:00:30.249,0.004417,0.001404,-0.006435,-0.000002,0.000001,-0.000001
2025-12-16 18:00:30.251,0.004271,0.001296,-0.006543,-0.000002,0.000001,-0.000001
2025-12-16 18:00:30.252,0.004195,0.001245,-0.006596,-0.000002,0.000001,-0.000001
2025-12-16 18:00:30.253,0.004119,0.001192,-0.006645,-0.000002,0.000001,-0.000001
2025-12-16 18:00:30.254,0.004038,0.001145,-0.006694,-0.000002,0.000001,-0.000001
2025-12-16 18:00:30.255,0.003963,0.001101,-0.006745,-0.000002,0.000001,-0.000001
2025-12-16 18:00:30.256,0.003887,0.001054,-0.006799,-0.000002,0.000001,-0.000001
2025-12-16 18:00:30.257,0.003813,0.001009,-0.006849,-0.000002,0.000001,-0.000001
2025-12-16 18:00:30.259,0.003663,0.000923,-0.006946,-0.000002,0.000001,-0.000001
2025-12-16 18:00:30.260,0.003586,0.000882,-0.006993,-0.000002,0.000001,-0.000001
2025-12-16 18:00:30.261,0.003511,0.000843,-0.007037,-0.000002,0.000001,-0.000001
2025-12-16 18:00:30.265,0.003219,0.000700,-0.007219,-0.000002,0.000002,-0.000000
2025-12-16 18:00:30.266,0.003144,0.000669,-0.007263,-0.000002,0.000002,-0.000000
2025-12-16 18:00:30.267,0.003069,0.000640,-0.007306,-0.000002,0.000002,-0.000000
2025-12-16 18:00:30.268,0.003001,0.000613,-0.007347,-0.000002,0.000002,-0.000000
2025-12-16 18:00:30.269,0.002932,0.000585,-0.007384,-0.000002,0.000002,-0.000000
2025-12-16 18:00:30.270,0.002865,0.000560,-0.007419,-0.000002,0.000002,-0.000000
2025-12-16 18:00:30.271,0.002724,0.000514,-0.007481,-0.000002,0.000002,-0.000000
2025-12-16 18:00:30.272,0.002657,0.000495,-0.007519,-0.000002,0.000002,-0.000000
2025-12-16 18:00:30.274,0.002589,0.000474,-0.007556,-0.000002,0.000002,-0.000000
2025-12-16 18:00:30.275,0.002522,0.000457,-0.007588,-0.000002,0.000002,-0.000000
2025-12-16 18:00:30.276,0.002455,0.000442,-0.007619,-0.000003,0.000002,-0.000000
2025-12-16 18:00:30.277,0.002385,0.000425,-0.007651,-0.000003,0.000002,-0.000000
2025-12-16 18:00:30.278,0.002315,0.000410,-0.007681,-0.000002,0.000002,-0.000000
2025-12-16 18:00:30.279,0.002247,0.000397,-0.007710,-0.000003,0.000002,-0.000000
2025-12-16 18:00:30.280,0.002179,0.000386,-0.007741,-0.000003,0.000002,-0.000000
2025-12-16 18:00:30.281,0.002107,0.000380,-0.007773,-0.000003,0.000002,-0.000000
2025-12-16 18:00:30.282,0.002034,0.000377,-0.007806,-0.000003,0.000002,-0.000000
2025-12-16 18:00:30.283,0.001958,0.000375,-0.007839,-0.000003,0.000002,-0.000000
2025-12-16 18:00:30.284,0.001883,0.000372,-0.007873,-0.000003,0.000002,0.000000
2025-12-16 18:00:30.285,0.001810,0.000368,-0.007907,-0.000003,0.000002,0.000000
2025-12-16 18:00:30.286,0.001739,0.000365,-0.007938,-0.000003,0.000002,0.000000
2025-12-16 18:00:30.290,0.001426,0.000373,-0.008082,-0.000003,0.000002,0.000000
2025-12-16 18:00:30.292,0.001266,0.000383,-0.008169,-0.000003,0.000003,0.000000
2025-12-16 18:00:30.293,0.001185,0.000389,-0.008213,-0.000003,0.000003,0.000000
2025-12-16 18:00:30.294,0.001020,0.000402,-0.008300,-0.000003,0.000003,0.000000
2025-12-16 18:00:30.296,0.000933,0.000412,-0.008346,-0.000003,0.000003,0.000000
2025-12-16 18:00:30.297,0.000849,0.000424,-0.008393,-0.000003,0.000003,0.000000
2025-12-16 18:00:30.298,0.000677,0.000454,-0.008496,-0.000003,0.000003,0.000001
2025-12-16 18:00:30.299,0.000590,0.000470,-0.008551,-0.000003,0.000003,0.000001
2025-12-16 18:00:30.301,0.000510,0.000482,-0.008606,-0.000003,0.000003,0.000001
2025-12-16 18:00:30.302,0.000429,0.000495,-0.008658,-0.000003,0.000003,0.000001
2025-12-16 18:00:30.303,0.000350,0.000509,-0.008709,-0.000003,0.000003,0.000001
2025-12-16 18:00:30.304,0.000271,0.000523,-0.008764,-0.000003,0.000003,0.000001
2025-12-16 18:00:30.305,0.000195,0.000539,-0.008815,-0.000003,0.000003,0.000001
2025-12-16 18:00:30.306,0.000120,0.000556,-0.008869,-0.000003,0.000003,0.000001
2025-12-16 18:00:30.307,0.000050,0.000568,-0.008923,-0.000004,0.000003,0.000001
2025-12-16 18:00:30.309,-0.000087,0.000603,-0.009033,-0.000004,0.000003,0.000001
2025-12-16 18:00:30.310,-0.000153,0.000624,-0.009095,-0.000004,0.000004,0.000001
2025-12-16 18:00:30.311,-0.000214,0.000643,-0.009153,-0.000004,0.000004,0.000001
2025-12-16 18:00:30.312,-0.000276,0.000665,-0.009215,-0.000004,0.000004,0.000001
2025-12-16 18:00:30.313,-0.000334,0.000683,-0.009272,-0.000004,0.000004,0.000001
2025-12-16 18:00:30.314,-0.000390,0.000704,-0.009329,-0.000004,0.000004,0.000001
2025-12-16 18:00:30.315,-0.000438,0.000725,-0.009388,-0.000004,0.000004,0.000001
2025-12-16 18:00:30.316,-0.000484,0.000745,-0.009449,-0.000004,0.000004,0.000001
2025-12-16 18:00:30.317,-0.000523,0.000765,-0.009507,-0.000004,0.000004,0.000001
2025-12-16 18:00:30.318,-0.000557,0.000784,-0.009566,-0.000004,0.000004,0.000001
2025-12-16 18:00:30.319,-0.000591,0.000806,-0.009628,-0.000004,0.000004,0.000001
2025-12-16 18:00:30.320,-0.000622,0.000829,-0.009688,-0.000004,0.000004,0.000001
2025-12-16 18:00:30.321,-0.000653,0.000852,-0.009742,-0.000004,0.000004,0.000001
2025-12-16 18:00:30.322,-0.000677,0.000875,-0.009795,-0.000004,0.000004,0.000001
2025-12-16 18:00:30.323,-0.000699,0.000899,-0.009851,-0.000004,0.000004,0.000001
2025-12-16 18:00:30.325,-0.000736,0.000947,-0.009964,-0.000004,0.000004,0.000001
2025-12-16 18:00:30.326,-0.000754,0.000974,-0.010022,-0.000004,0.000004,0.000001
2025-12-16 18:00:30.327,-0.000767,0.001003,-0.010082,-0.000004,0.000004,0.000001
2025-12-16 18:00:30.328,-0.000778,0.001029,-0.010137,-0.000004,0.000004,0.000001
2025-12-16 18:00:30.329,-0.000785,0.001056,-0.010192,-0.000005,0.000004,0.000001
2025-12-16 18:00:30.330,-0.000791,0.001083,-0.010240,-0.000004,0.000004,0.000001
2025-12-16 18:00:30.331,-0.000796,0.001110,-0.010289,-0.000004,0.000004,0.000001
2025-12-16 18:00:30.332,-0.000801,0.001137,-0.010337,-0.000005,0.000004,0.000001
2025-12-16 18:00:30.333,-0.000797,0.001210,-0.010452,-0.000005,0.000004,0.000001
2025-12-16 18:00:30.335,-0.000796,0.001237,-0.010501,-0.000005,0.000005,0.000001
2025-12-16 18:00:30.336,-0.000793,0.001266,-0.010546,-0.000005,0.000005,0.000001
2025-12-16 18:00:30.337,-0.000793,0.001299,-0.010591,-0.000005,0.000005,0.000001
2025-12-16 18:00:30.338,-0.000796,0.001331,-0.010636,-0.000005,0.000005,0.000001
2025-12-16 18:00:30.339,-0.000796,0.001361,-0.010677,-0.000005,0.000005,0.000001
2025-12-16 18:00:30.340,-0.000793,0.001388,-0.010718,-0.000005,0.000005,0.000001
2025-12-16 18:00:30.342,-0.000797,0.001448,-0.010818,-0.000005,0.000005,0.000001
2025-12-16 18:00:30.343,-0.000801,0.001476,-0.010863,-0.000005,0.000005,0.000001
2025-12-16 18:00:30.344,-0.000804,0.001505,-0.010909,-0.000005,0.000005,0.000001
2025-12-16 18:00:30.345,-0.000813,0.001538,-0.010954,-0.000005,0.000005,0.000001
2025-12-16 18:00:30.346,-0.000825,0.001569,-0.011003,-0.000005,0.000005,0.000001
2025-12-16 18:00:30.347,-0.000843,0.001598,-0.011051,-0.000005,0.000005,0.000001
2025-12-16 18:00:30.348,-0.000861,0.001625,-0.011098,-0.000005,0.000005,0.000001
2025-12-16 18:00:30.349,-0.000880,0.001649,-0.011148,-0.000005,0.000005,0.000001
2025-12-16 18:00:30.350,-0.000919,0.001693,-0.011250,-0.000005,0.000005,0.000001
2025-12-16 18:00:30.352,-0.000944,0.001715,-0.011294,-0.000005,0.000005,0.000001
2025-12-16 18:00:30.353,-0.000968,0.001736,-0.011340,-0.000005,0.000005,0.000001
2025-12-16 18:00:30.354,-0.000996,0.001756,-0.011389,-0.000005,0.000005,0.000001
2025-12-16 18:00:30.355,-0.001026,0.001776,-0.011436,-0.000005,0.000005,0.000001
2025-12-16 18:00:30.356,-0.001059,0.001792,-0.011483,-0.000005,0.000005,0.000001
2025-12-16 18:00:30.357,-0.001094,0.001806,-0.011532,-0.000005,0.000005,0.000001
2025-12-16 18:00:30.358,-0.001126,0.001821,-0.011581,-0.000005,0.000005,0.000001
2025-12-16 18:00:30.359,-0.001189,0.001843,-0.011682,-0.000005,0.000005,0.000001
2025-12-16 18:00:30.361,-0.001214,0.001850,-0.011732,-0.000005,0.000005,0.000002
2025-12-16 18:00:30.362,-0.001239,0.001850,-0.011779,-0.000005,0.000005,0.000001
2025-12-16 18:00:30.363,-0.001262,0.001849,-0.011829,-0.000005,0.000005,0.000001
2025-12-16 18:00:30.364,-0.001287,0.001847,-0.011881,-0.000006,0.000006,0.000002
2025-12-16 18:00:30.365,-0.001306,0.001843,-0.011930,-0.000006,0.000006,0.000002
2025-12-16 18:00:30.366,-0.001320,0.001838,-0.011977,-0.000006,0.000006,0.000001
2025-12-16 18:00:30.367,-0.001333,0.001831,-0.012024,-0.000006,0.000006,0.000001
2025-12-16 18:00:30.368,-0.001340,0.001823,-0.012075,-0.000006,0.000006,0.000001
2025-12-16 18:00:30.369,-0.001345,0.001815,-0.012125,-0.000006,0.000006,0.000002
2025-12-16 18:00:30.371,-0.001352,0.001796,-0.012225,-0.000006,0.000006,0.000001
2025-12-16 18:00:30.372,-0.001348,0.001781,-0.012276,-0.000006,0.000006,0.000001
2025-12-16 18:00:30.373,-0.001341,0.001765,-0.012330,-0.000006,0.000006,0.000001
2025-12-16 18:00:30.374,-0.001331,0.001748,-0.012383,-0.000006,0.000006,0.000001
2025-12-16 18:00:30.375,-0.001318,0.001728,-0.012438,-0.000006,0.000006,0.000001
2025-12-16 18:00:30.376,-0.001298,0.001708,-0.012492,-0.000006,0.000006,0.000001
2025-12-16 18:00:30.378,-0.001255,0.001666,-0.012607,-0.000006,0.000006,0.000001
2025-12-16 18:00:30.379,-0.001234,0.001643,-0.012667,-0.000006,0.000006,0.000002
2025-12-16 18:00:30.380,-0.001216,0.001620,-0.012718,-0.000006,0.000006,0.000002
2025-12-16 18:00:30.381,-0.001195,0.001598,-0.012770,-0.000006,0.000006,0.000002
2025-12-16 18:00:30.382,-0.001174,0.001581,-0.012822,-0.000006,0.000006,0.000002
2025-12-16 18:00:30.383,-0.001153,0.001564,-0.012876,-0.000006,0.000006,0.000001
2025-12-16 18:00:30.384,-0.001128,0.001546,-0.012930,-0.000006,0.000006,0.000001
2025-12-16 18:00:30.385,-0.001108,0.001528,-0.012989,-0.000006,0.000006,0.000001
2025-12-16 18:00:30.386,-0.001086,0.001512,-0.013050,-0.000006,0.000006,0.000001
2025-12-16 18:00:30.388,-0.001038,0.001478,-0.013161,-0.000006,0.000006,0.000001
2025-12-16 18:00:30.389,-0.001021,0.001465,-0.013215,-0.000006,0.000006,0.000001
2025-12-16 18:00:30.390,-0.001001,0.001454,-0.013269,-0.000007,0.000006,0.000001
2025-12-16 18:00:30.391,-0.000985,0.001443,-0.013324,-0.000007,0.000006,0.000001
2025-12-16 18:00:30.392,-0.000970,0.001436,-0.013379,-0.000007,0.000006,0.000001
2025-12-16 18:00:30.393,-0.000959,0.001431,-0.013430,-0.000007,0.000006,0.000001
2025-12-16 18:00:30.394,-0.000948,0.001426,-0.013479,-0.000007,0.000006,0.000001
2025-12-16 18:00:30.395,-0.000932,0.001424,-0.013528,-0.000007,0.000006,0.000001
2025-12-16 18:00:30.396,-0.000923,0.001422,-0.013579,-0.000007,0.000006,0.000001
2025-12-16 18:00:30.397,-0.000913,0.001420,-0.013623,-0.000007,0.000006,0.000001
2025-12-16 18:00:30.399,-0.000895,0.001433,-0.013707,-0.000007,0.000006,0.000001
2025-12-16 18:00:30.400,-0.000888,0.001445,-0.013753,-0.000007,0.000006,0.000001
2025-12-16 18:00:30.401,-0.000884,0.001461,-0.013800,-0.000007,0.000006,0.000001
2025-12-16 18:00:30.402,-0.000878,0.001475,-0.013842,-0.000007,0.000006,0.000001
2025-12-16 18:00:30.403,-0.000870,0.001493,-0.013886,-0.000007,0.000006,0.000001
2025-12-16 18:00:30.404,-0.000865,0.001513,-0.013930,-0.000007,0.000006,0.000001
2025-12-16 18:00:30.405,-0.000861,0.001536,-0.013965,-0.000007,0.000006,0.000001
2025-12-16 18:00:30.406,-0.000857,0.001559,-0.013999,-0.000007,0.000006,0.000001
2025-12-16 18:00:30.407,-0.000851,0.001590,-0.014035,-0.000007,0.000006,0.000001
2025-12-16 18:00:30.409,-0.000842,0.001659,-0.014111,-0.000007,0.000006,0.000001
2025-12-16 18:00:30.410,-0.000838,0.001695,-0.014144,-0.000007,0.000006,0.000001
2025-12-16 18:00:30.411,-0.000832,0.001734,-0.014172,-0.000007,0.000006,0.000001
2025-12-16 18:00:30.412,-0.000825,0.001775,-0.014204,-0.000007,0.000006,0.000001
2025-12-16 18:00:30.413,-0.000816,0.001818,-0.014237,-0.000007,0.000006,0.000001
2025-12-16 18:00:30.414,-0.000809,0.001864,-0.014270,-0.000007,0.000006,0.000001
2025-12-16 18:00:30.416,-0.000793,0.001960,-0.014331,-0.000007,0.000006,0.000001
2025-12-16 18:00:30.417,-0.000781,0.002010,-0.014359,-0.000007,0.000006,0.000002
2025-12-16 18:00:30.418,-0.000769,0.002060,-0.014387,-0.000007,0.000006,0.000002
2025-12-16 18:00:30.419,-0.000751,0.002110,-0.014419,-0.000008,0.000006,0.000002
2025-12-16 18:00:30.420,-0.000736,0.002161,-0.014451,-0.000008,0.000006,0.000001
2025-12-16 18:00:30.421,-0.000721,0.002213,-0.014478,-0.000007,0.000006,0.000002
2025-12-16 18:00:30.422,-0.000706,0.002264,-0.014505,-0.000007,0.000006,0.000001
2025-12-16 18:00:30.423,-0.000691,0.002316,-0.014533,-0.000008,0.000006,0.000001
2025-12-16 18:00:30.424,-0.000670,0.002368,-0.014560,-0.000008,0.000006,0.000001
2025-12-16 18:00:30.425,-0.000645,0.002419,-0.014589,-0.000008,0.000006,0.000001
2025-12-16 18:00:30.426,-0.000623,0.002470,-0.014618,-0.000008,0.000006,0.000001
2025-12-16 18:00:30.427,-0.000599,0.002517,-0.014647,-0.000008,0.000006,0.000001
2025-12-16 18:00:30.429,-0.000539,0.002609,-0.014698,-0.000008,0.000006,0.000001
2025-12-16 18:00:30.430,-0.000506,0.002657,-0.014722,-0.000008,0.000006,0.000001
2025-12-16 18:00:30.431,-0.000474,0.002697,-0.014746,-0.000008,0.000006,0.000001
2025-12-16 18:00:30.432,-0.000444,0.002737,-0.014771,-0.000008,0.000007,0.000001
2025-12-16 18:00:30.433,-0.000413,0.002774,-0.014794,-0.000008,0.000007,0.000001
2025-12-16 18:00:30.434,-0.000378,0.002807,-0.014817,-0.000008,0.000007,0.000001
2025-12-16 18:00:30.436,-0.000306,0.002873,-0.014857,-0.000008,0.000007,0.000001
2025-12-16 18:00:30.437,-0.000272,0.002905,-0.014884,-0.000008,0.000006,0.000001
2025-12-16 18:00:30.438,-0.000240,0.002932,-0.014906,-0.000008,0.000007,0.000001
2025-12-16 18:00:30.439,-0.000205,0.002956,-0.014929,-0.000008,0.000007,0.000001
2025-12-16 18:00:30.440,-0.000168,0.002979,-0.014952,-0.000008,0.000006,0.000001
2025-12-16 18:00:30.442,-0.000093,0.003013,-0.015003,-0.000008,0.000007,0.000001
2025-12-16 18:00:30.443,-0.000057,0.003031,-0.015028,-0.000008,0.000007,0.000001
2025-12-16 18:00:30.444,-0.000024,0.003045,-0.015055,-0.000008,0.000007,0.000001
2025-12-16 18:00:30.445,0.000008,0.003055,-0.015079,-0.000008,0.000007,0.000001
2025-12-16 18:00:30.446,0.000042,0.003061,-0.015103,-0.000008,0.000007,0.000001
2025-12-16 18:00:30.448,0.000097,0.003075,-0.015153,-0.000008,0.000007,0.000001
2025-12-16 18:00:30.449,0.000121,0.003079,-0.015179,-0.000008,0.000007,0.000001
2025-12-16 18:00:30.450,0.000141,0.003080,-0.015207,-0.000007,0.000007,0.000001
2025-12-16 18:00:30.451,0.000162,0.003082,-0.015241,-0.000007,0.000007,0.000001
2025-12-16 18:00:30.452,0.000181,0.003081,-0.015270,-0.000007,0.000007,0.000001
2025-12-16 18:00:30.453,0.000200,0.003077,-0.015300,-0.000007,0.000007,0.000001
2025-12-16 18:00:30.454,0.000214,0.003075,-0.015336,-0.000007,0.000007,0.000001
2025-12-16 18:00:30.456,0.000238,0.003066,-0.015412,-0.000007,0.000007,0.000001
2025-12-16 18:00:30.457,0.000249,0.003058,-0.015449,-0.000007,0.000007,0.000001
2025-12-16 18:00:30.458,0.000258,0.003053,-0.015487,-0.000007,0.000007,0.000001
2025-12-16 18:00:30.459,0.000262,0.003049,-0.015528,-0.000007,0.000007,0.000001
2025-12-16 18:00:30.460,0.000270,0.003041,-0.015565,-0.000007,0.000007,0.000001
2025-12-16 18:00:30.461,0.000277,0.003030,-0.015645,-0.000007,0.000007,0.000001
2025-12-16 18:00:30.463,0.000282,0.003021,-0.015683,-0.000007,0.000007,0.000001
2025-12-16 18:00:30.464,0.000287,0.003010,-0.015724,-0.000007,0.000007,0.000001
2025-12-16 18:00:30.465,0.000290,0.003001,-0.015760,-0.000007,0.000007,0.000001
2025-12-16 18:00:30.466,0.000290,0.002996,-0.015795,-0.000008,0.000007,0.000001
2025-12-16 18:00:30.467,0.000294,0.002989,-0.015828,-0.000008,0.000007,0.000001
2025-12-16 18:00:30.468,0.000297,0.002980,-0.015866,-0.000008,0.000007,0.000001
2025-12-16 18:00:30.469,0.000299,0.002971,-0.015903,-0.000008,0.000007,0.000001
2025-12-16 18:00:30.470,0.000304,0.002958,-0.015940,-0.000008,0.000007,0.000001
2025-12-16 18:00:30.471,0.000316,0.002933,-0.016010,-0.000007,0.000007,0.000001
2025-12-16 18:00:30.473,0.000323,0.002923,-0.016041,-0.000008,0.000007,0.000001
2025-12-16 18:00:30.474,0.000334,0.002911,-0.016064,-0.000008,0.000007,0.000001
2025-12-16 18:00:30.475,0.000345,0.002900,-0.016086,-0.000008,0.000007,0.000001
2025-12-16 18:00:30.476,0.000357,0.002889,-0.016111,-0.000008,0.000007,0.000001
2025-12-16 18:00:30.477,0.000372,0.002880,-0.016135,-0.000008,0.000007,0.000001
2025-12-16 18:00:30.478,0.000390,0.002867,-0.016158,-0.000008,0.000007,0.000001
2025-12-16 18:00:30.479,0.000424,0.002841,-0.016200,-0.000008,0.000007,0.000001
2025-12-16 18:00:30.481,0.000449,0.002823,-0.016219,-0.000008,0.000007,0.000001
2025-12-16 18:00:30.482,0.000472,0.002806,-0.016234,-0.000008,0.000007,0.000001
2025-12-16 18:00:30.483,0.000496,0.002792,-0.016248,-0.000008,0.000007,0.000001
2025-12-16 18:00:30.484,0.000525,0.002781,-0.016262,-0.000008,0.000007,0.000001
2025-12-16 18:00:30.485,0.000557,0.002764,-0.016272,-0.000008,0.000007,0.000001
2025-12-16 18:00:30.486,0.000589,0.002746,-0.016286,-0.000008,0.000007,0.000001
2025-12-16 18:00:30.487,0.000624,0.002730,-0.016302,-0.000008,0.000007,0.000001
2025-12-16 18:00:30.488,0.000663,0.002716,-0.016320,-0.000008,0.000007,0.000001
2025-12-16 18:00:30.489,0.000702,0.002705,-0.016338,-0.000008,0.000007,0.000001
2025-12-16 18:00:30.490,0.000792,0.002682,-0.016360,-0.000009,0.000007,0.000001
2025-12-16 18:00:30.492,0.000836,0.002672,-0.016371,-0.000008,0.000007,0.000001
2025-12-16 18:00:30.493,0.000882,0.002659,-0.016386,-0.000009,0.000007,0.000001
2025-12-16 18:00:30.494,0.000930,0.002646,-0.016400,-0.000009,0.000007,0.000001
2025-12-16 18:00:30.495,0.000980,0.002635,-0.016414,-0.000008,0.000007,0.000001
2025-12-16 18:00:30.496,0.001031,0.002626,-0.016429,-0.000008,0.000007,0.000001
2025-12-16 18:00:30.497,0.001084,0.002619,-0.016441,-0.000009,0.000007,0.000001
2025-12-16 18:00:30.498,0.001139,0.002609,-0.016452,-0.000009,0.000007,0.000001
2025-12-16 18:00:30.499,0.001198,0.002598,-0.016465,-0.000009,0.000007,0.000001
2025-12-16 18:00:30.500,0.001254,0.002593,-0.016477,-0.000009,0.000007,0.000001
2025-12-16 18:00:30.501,0.001309,0.002591,-0.016489,-0.000009,0.000007,0.000001
2025-12-16 18:00:30.502,0.001424,0.002588,-0.016510,-0.000009,0.000007,0.000001
2025-12-16 18:00:30.504,0.001478,0.002587,-0.016522,-0.000008,0.000007,0.000001
2025-12-16 18:00:30.505,0.001532,0.002589,-0.016533,-0.000008,0.000007,0.000001
2025-12-16 18:00:30.506,0.001586,0.002593,-0.016541,-0.000008,0.000007,0.000001
2025-12-16 18:00:30.507,0.001637,0.002597,-0.016548,-0.000008,0.000006,0.000001
2025-12-16 18:00:30.508,0.001688,0.002600,-0.016552,-0.000008,0.000006,0.000001
2025-12-16 18:00:30.509,0.001740,0.002603,-0.016554,-0.000008,0.000006,0.000001
2025-12-16 18:00:30.510,0.001792,0.002609,-0.016559,-0.000008,0.000006,0.000001
2025-12-16 18:00:30.511,0.001840,0.002614,-0.016566,-0.000008,0.000006,0.000001
2025-12-16 18:00:30.512,0.001888,0.002623,-0.016574,-0.000008,0.000006,0.000001
2025-12-16 18:00:30.513,0.001932,0.002636,-0.016579,-0.000008,0.000006,0.000001
2025-12-16 18:00:30.514,0.001973,0.002649,-0.016584,-0.000008,0.000006,0.000001
2025-12-16 18:00:30.516,0.002057,0.002669,-0.016586,-0.000007,0.000006,0.000001
2025-12-16 18:00:30.517,0.002092,0.002676,-0.016584,-0.000008,0.000006,0.000001
2025-12-16 18:00:30.518,0.002126,0.002690,-0.016583,-0.000007,0.000006,0.000001
2025-12-16 18:00:30.519,0.002157,0.002705,-0.016579,-0.000007,0.000006,0.000001
2025-12-16 18:00:30.520,0.002186,0.002719,-0.016571,-0.000007,0.000006,0.000001
2025-12-16 18:00:30.521,0.002211,0.002732,-0.016558,-0.000007,0.000006,0.000001
2025-12-16 18:00:30.522,0.002235,0.002746,-0.016549,-0.000007,0.000006,0.000001
2025-12-16 18:00:30.523,0.002258,0.002758,-0.016544,-0.000007,0.000006,0.000001
2025-12-16 18:00:30.524,0.002279,0.002769,-0.016537,-0.000007,0.000006,0.000001
2025-12-16 18:00:30.526,0.002320,0.002785,-0.016518,-0.000007,0.000006,0.000000
2025-12-16 18:00:30.527,0.002336,0.002792,-0.016505,-0.000007,0.000006,0.000001
2025-12-16 18:00:30.528,0.002349,0.002798,-0.016494,-0.000007,0.000006,0.000001
2025-12-16 18:00:30.529,0.002360,0.002804,-0.016480,-0.000007,0.000006,0.000001
2025-12-16 18:00:30.530,0.002365,0.002809,-0.016465,-0.000007,0.000006,0.000001
2025-12-16 18:00:30.531,0.002367,0.002815,-0.016448,-0.000007,0.000006,0.000001
2025-12-16 18:00:30.532,0.002370,0.002816,-0.016430,-0.000007,0.000006,0.000001
2025-12-16 18:00:30.533,0.002372,0.002815,-0.016416,-0.000007,0.000006,0.000001
2025-12-16 18:00:30.534,0.002375,0.002815,-0.016404,-0.000007,0.000006,0.000001
2025-12-16 18:00:30.536,0.002374,0.002811,-0.016388,-0.000007,0.000006,0.000001
2025-12-16 18:00:30.537,0.002373,0.002808,-0.016372,-0.000008,0.000006,0.000001
2025-12-16 18:00:30.538,0.002373,0.002805,-0.016358,-0.000007,0.000006,0.000001
2025-12-16 18:00:30.539,0.002371,0.002800,-0.016332,-0.000008,0.000006,0.000001
2025-12-16 18:00:30.540,0.002362,0.002781,-0.016324,-0.000008,0.000006,0.000001
2025-12-16 18:00:30.541,0.002351,0.002762,-0.016314,-0.000008,0.000006,0.000001
2025-12-16 18:00:30.542,0.002338,0.002738,-0.016304,-0.000008,0.000006,0.000001
2025-12-16 18:00:30.543,0.002328,0.002711,-0.016294,-0.000008,0.000006,0.000000
2025-12-16 18:00:30.545,0.002301,0.002658,-0.016270,-0.000008,0.000006,0.000001
2025-12-16 18:00:30.546,0.002284,0.002631,-0.016263,-0.000008,0.000006,0.000001
2025-12-16 18:00:30.547,0.002268,0.002601,-0.016254,-0.000008,0.000006,0.000001
2025-12-16 18:00:30.548,0.002251,0.002570,-0.016247,-0.000008,0.000006,0.000001
2025-12-16 18:00:30.549,0.002233,0.002535,-0.016241,-0.000008,0.000006,0.000001
2025-12-16 18:00:30.550,0.002196,0.002456,-0.016234,-0.000008,0.000006,0.000001
2025-12-16 18:00:30.552,0.002181,0.002410,-0.016232,-0.000008,0.000006,0.000001
2025-12-16 18:00:30.553,0.002164,0.002362,-0.016223,-0.000008,0.000006,0.000001
2025-12-16 18:00:30.554,0.002146,0.002312,-0.016213,-0.000008,0.000006,0.000001
2025-12-16 18:00:30.555,0.002125,0.002264,-0.016211,-0.000008,0.000006,0.000001
2025-12-16 18:00:30.556,0.002105,0.002212,-0.016208,-0.000008,0.000006,0.000001
2025-12-16 18:00:30.557,0.002085,0.002158,-0.016206,-0.000008,0.000006,0.000001
2025-12-16 18:00:30.560,0.002025,0.001987,-0.016208,-0.000008,0.000006,0.000001
2025-12-16 18:00:30.561,0.002010,0.001926,-0.016210,-0.000008,0.000006,0.000001
2025-12-16 18:00:30.562,0.001997,0.001862,-0.016209,-0.000008,0.000006,0.000001
2025-12-16 18:00:30.564,0.001964,0.001732,-0.016206,-0.000008,0.000006,0.000001
2025-12-16 18:00:30.565,0.001949,0.001665,-0.016207,-0.000008,0.000006,0.000001
2025-12-16 18:00:30.566,0.001935,0.001597,-0.016206,-0.000008,0.000006,0.000001
2025-12-16 18:00:30.569,0.001891,0.001393,-0.016206,-0.000008,0.000006,0.000000
2025-12-16 18:00:30.570,0.001880,0.001324,-0.016206,-0.000008,0.000006,0.000001
2025-12-16 18:00:30.571,0.001868,0.001252,-0.016204,-0.000008,0.000006,0.000001
2025-12-16 18:00:30.572,0.001856,0.001183,-0.016196,-0.000007,0.000006,0.000000
2025-12-16 18:00:30.573,0.001847,0.001116,-0.016193,-0.000007,0.000006,0.000001
2025-12-16 18:00:30.574,0.001837,0.001048,-0.016190,-0.000007,0.000006,0.000000
2025-12-16 18:00:30.575,0.001827,0.000977,-0.016185,-0.000008,0.000006,0.000001
2025-12-16 18:00:30.576,0.001815,0.000909,-0.016180,-0.000008,0.000006,0.000000
2025-12-16 18:00:30.577,0.001804,0.000840,-0.016169,-0.000007,0.000006,0.000001
2025-12-16 18:00:30.579,0.001782,0.000710,-0.016143,-0.000007,0.000006,0.000001
2025-12-16 18:00:30.580,0.001772,0.000649,-0.016130,-0.000008,0.000006,0.000001
2025-12-16 18:00:30.581,0.001757,0.000591,-0.016117,-0.000008,0.000006,0.000001
2025-12-16 18:00:30.582,0.001739,0.000539,-0.016103,-0.000008,0.000006,0.000000
2025-12-16 18:00:30.583,0.001725,0.000489,-0.016092,-0.000008,0.000006,0.000001
2025-12-16 18:00:30.584,0.001710,0.000444,-0.016080,-0.000008,0.000006,0.000001
2025-12-16 18:00:30.585,0.001697,0.000397,-0.016064,-0.000007,0.000006,0.000000
2025-12-16 18:00:30.586,0.001683,0.000352,-0.016044,-0.000008,0.000006,0.000000
2025-12-16 18:00:30.587,0.001669,0.000313,-0.016019,-0.000008,0.000006,0.000000
2025-12-16 18:00:30.588,0.001658,0.000273,-0.015996,-0.000007,0.000006,0.000001
2025-12-16 18:00:30.590,0.001631,0.000203,-0.015947,-0.000007,0.000006,0.000001
2025-12-16 18:00:30.591,0.001620,0.000175,-0.015916,-0.000007,0.000006,0.000001
2025-12-16 18:00:30.592,0.001608,0.000148,-0.015885,-0.000007,0.000006,0.000000
2025-12-16 18:00:30.593,0.001595,0.000120,-0.015853,-0.000007,0.000005,0.000001
2025-12-16 18:00:30.594,0.001585,0.000096,-0.015821,-0.000007,0.000006,0.000001
2025-12-16 18:00:30.595,0.001576,0.000075,-0.015787,-0.000007,0.000006,0.000001
2025-12-16 18:00:30.597,0.001553,0.000041,-0.015713,-0.000007,0.000005,0.000000
2025-12-16 18:00:30.598,0.001545,0.000028,-0.015673,-0.000007,0.000005,0.000001
2025-12-16 18:00:30.599,0.001537,0.000016,-0.015629,-0.000007,0.000005,0.000000
2025-12-16 18:00:30.600,0.001528,0.000003,-0.015583,-0.000007,0.000005,0.000000
2025-12-16 18:00:30.601,0.001523,-0.000011,-0.015532,-0.000007,0.000005,0.000000
2025-12-16 18:00:30.603,0.001514,-0.000038,-0.015421,-0.000007,0.000005,0.000000
2025-12-16 18:00:30.604,0.001508,-0.000050,-0.015357,-0.000007,0.000005,0.000000
2025-12-16 18:00:30.605,0.001503,-0.000060,-0.015301,-0.000007,0.000005,0.000000
2025-12-16 18:00:30.606,0.001499,-0.000074,-0.015242,-0.000007,0.000005,0.000000
2025-12-16 18:00:30.607,0.001497,-0.000089,-0.015185,-0.000007,0.000005,0.000000
2025-12-16 18:00:30.609,0.001494,-0.000119,-0.015059,-0.000007,0.000005,0.000001
2025-12-16 18:00:30.610,0.001489,-0.000133,-0.014995,-0.000007,0.000005,0.000000
2025-12-16 18:00:30.611,0.001486,-0.000148,-0.014934,-0.000007,0.000005,0.000000
2025-12-16 18:00:30.612,0.001479,-0.000163,-0.014874,-0.000007,0.000005,0.000001
2025-12-16 18:00:30.613,0.001468,-0.000184,-0.014801,-0.000007,0.000005,0.000000
2025-12-16 18:00:30.614,0.001457,-0.000204,-0.014735,-0.000007,0.000005,0.000000
2025-12-16 18:00:30.616,0.001446,-0.000240,-0.014608,-0.000007,0.000005,0.000000
2025-12-16 18:00:30.617,0.001445,-0.000265,-0.014547,-0.000007,0.000005,0.000000
2025-12-16 18:00:30.618,0.001439,-0.000293,-0.014490,-0.000007,0.000005,0.000000
2025-12-16 18:00:30.619,0.001430,-0.000319,-0.014436,-0.000007,0.000005,0.000000
2025-12-16 18:00:30.620,0.001420,-0.000348,-0.014381,-0.000007,0.000005,0.000001
2025-12-16 18:00:30.622,0.001408,-0.000376,-0.014331,-0.000007,0.000005,0.000000
2025-12-16 18:00:30.623,0.001386,-0.000438,-0.014223,-0.000007,0.000005,0.000000
2025-12-16 18:00:30.624,0.001374,-0.000474,-0.014174,-0.000006,0.000005,0.000000
2025-12-16 18:00:30.625,0.001363,-0.000513,-0.014124,-0.000006,0.000005,0.000001
2025-12-16 18:00:30.626,0.001347,-0.000554,-0.014074,-0.000006,0.000005,0.000000
2025-12-16 18:00:30.627,0.001330,-0.000596,-0.014028,-0.000006,0.000005,0.000000
2025-12-16 18:00:30.629,0.001296,-0.000680,-0.013946,-0.000006,0.000005,0.000000
2025-12-16 18:00:30.630,0.001276,-0.000727,-0.013906,-0.000006,0.000005,0.000000
2025-12-16 18:00:30.631,0.001256,-0.000773,-0.013866,-0.000006,0.000005,0.000000
2025-12-16 18:00:30.632,0.001237,-0.000819,-0.013825,-0.000006,0.000005,0.000000
2025-12-16 18:00:30.633,0.001208,-0.000887,-0.013786,-0.000006,0.000005,0.000000
2025-12-16 18:00:30.634,0.001184,-0.000945,-0.013757,-0.000006,0.000005,0.000000
2025-12-16 18:00:30.635,0.001158,-0.000998,-0.013734,-0.000006,0.000005,0.000000
2025-12-16 18:00:30.636,0.001134,-0.001054,-0.013715,-0.000006,0.000005,0.000000
2025-12-16 18:00:30.637,0.001106,-0.001105,-0.013695,-0.000006,0.000005,0.000000
2025-12-16 18:00:30.638,0.001057,-0.001218,-0.013653,-0.000006,0.000004,0.000000
2025-12-16 18:00:30.640,0.001036,-0.001277,-0.013632,-0.000006,0.000004,0.000000
2025-12-16 18:00:30.641,0.001012,-0.001339,-0.013611,-0.000006,0.000004,0.000000
2025-12-16 18:00:30.642,0.000988,-0.001402,-0.013598,-0.000006,0.000004,0.000000
2025-12-16 18:00:30.643,0.000960,-0.001468,-0.013587,-0.000006,0.000005,0.000000
2025-12-16 18:00:30.645,0.000904,-0.001599,-0.013565,-0.000006,0.000005,0.000000
2025-12-16 18:00:30.646,0.000879,-0.001660,-0.013558,-0.000006,0.000005,0.000000
2025-12-16 18:00:30.647,0.000853,-0.001723,-0.013550,-0.000006,0.000004,0.000000
2025-12-16 18:00:30.648,0.000825,-0.001787,-0.013539,-0.000006,0.000004,0.000000
2025-12-16 18:00:30.649,0.000801,-0.001852,-0.013530,-0.000006,0.000004,0.000000
2025-12-16 18:00:30.651,0.000756,-0.001974,-0.013511,-0.000006,0.000004,0.000000
2025-12-16 18:00:30.652,0.000736,-0.002032,-0.013500,-0.000006,0.000004,0.000000
2025-12-16 18:00:30.653,0.000718,-0.002089,-0.013492,-0.000006,0.000004,0.000000
2025-12-16 18:00:30.654,0.000702,-0.002144,-0.013480,-0.000006,0.000004,0.000000
2025-12-16 18:00:30.655,0.000685,-0.002198,-0.013469,-0.000006,0.000004,0.000000
2025-12-16 18:00:30.656,0.000668,-0.002252,-0.013459,-0.000006,0.000004,0.000000
2025-12-16 18:00:30.657,0.000654,-0.002307,-0.013453,-0.000006,0.000004,0.000000
2025-12-16 18:00:30.658,0.000642,-0.002360,-0.013444,-0.000006,0.000004,0.000000
2025-12-16 18:00:30.659,0.000615,-0.002462,-0.013424,-0.000006,0.000004,-0.000000
2025-12-16 18:00:30.661,0.000604,-0.002509,-0.013411,-0.000006,0.000004,-0.000000
2025-12-16 18:00:30.662,0.000593,-0.002552,-0.013396,-0.000006,0.000004,-0.000000
2025-12-16 18:00:30.663,0.000586,-0.002590,-0.013376,-0.000005,0.000004,-0.000000
2025-12-16 18:00:30.664,0.000580,-0.002627,-0.013352,-0.000005,0.000004,-0.000000
2025-12-16 18:00:30.665,0.000574,-0.002658,-0.013331,-0.000006,0.000004,-0.000000
2025-12-16 18:00:30.666,0.000568,-0.002689,-0.013304,-0.000005,0.000004,-0.000000
2025-12-16 18:00:30.667,0.000565,-0.002719,-0.013278,-0.000005,0.000004,-0.000000
2025-12-16 18:00:30.668,0.000564,-0.002743,-0.013251,-0.000005,0.000004,-0.000000
2025-12-16 18:00:30.670,0.000554,-0.002784,-0.013196,-0.000005,0.000004,-0.000000
2025-12-16 18:00:30.671,0.000550,-0.002799,-0.013165,-0.000005,0.000004,-0.000000
2025-12-16 18:00:30.672,0.000544,-0.002812,-0.013130,-0.000005,0.000004,-0.000000
2025-12-16 18:00:30.673,0.000540,-0.002822,-0.013095,-0.000005,0.000004,-0.000000
2025-12-16 18:00:30.674,0.000538,-0.002827,-0.013055,-0.000005,0.000004,-0.000000
2025-12-16 18:00:30.675,0.000536,-0.002832,-0.013012,-0.000005,0.000004,-0.000000
2025-12-16 18:00:30.676,0.000536,-0.002829,-0.012963,-0.000005,0.000004,-0.000000
2025-12-16 18:00:30.677,0.000533,-0.002823,-0.012912,-0.000005,0.000004,-0.000000
2025-12-16 18:00:30.678,0.000532,-0.002814,-0.012859,-0.000005,0.000004,-0.000000
2025-12-16 18:00:30.679,0.000531,-0.002783,-0.012751,-0.000005,0.000004,-0.000000
2025-12-16 18:00:30.681,0.000530,-0.002762,-0.012695,-0.000005,0.000004,-0.000000
2025-12-16 18:00:30.682,0.000531,-0.002741,-0.012639,-0.000005,0.000004,-0.000000
2025-12-16 18:00:30.683,0.000534,-0.002718,-0.012583,-0.000005,0.000004,-0.000000
2025-12-16 18:00:30.684,0.000534,-0.002690,-0.012527,-0.000005,0.000004,-0.000000
2025-12-16 18:00:30.685,0.000536,-0.002663,-0.012466,-0.000005,0.000004,-0.000000
2025-12-16 18:00:30.686,0.000537,-0.002634,-0.012409,-0.000005,0.000004,-0.000000
2025-12-16 18:00:30.687,0.000541,-0.002603,-0.012350,-0.000005,0.000004,-0.000000
2025-12-16 18:00:30.688,0.000542,-0.002574,-0.012289,-0.000005,0.000004,-0.000000
2025-12-16 18:00:30.689,0.000543,-0.002538,-0.012226,-0.000005,0.000004,-0.000000
2025-12-16 18:00:30.690,0.000549,-0.002500,-0.012165,-0.000005,0.000004,-0.000000
2025-12-16 18:00:30.691,0.000558,-0.002431,-0.012045,-0.000005,0.000004,-0.000000
2025-12-16 18:00:30.693,0.000563,-0.002400,-0.011986,-0.000005,0.000004,-0.000000
2025-12-16 18:00:30.694,0.000564,-0.002370,-0.011932,-0.000005,0.000004,-0.000000
2025-12-16 18:00:30.695,0.000568,-0.002339,-0.011882,-0.000005,0.000004,-0.000000
2025-12-16 18:00:30.696,0.000570,-0.002311,-0.011835,-0.000005,0.000004,-0.000000
2025-12-16 18:00:30.697,0.000572,-0.002287,-0.011787,-0.000005,0.000004,0.000000
2025-12-16 18:00:30.698,0.000569,-0.002258,-0.011743,-0.000005,0.000004,-0.000000
2025-12-16 18:00:30.699,0.000567,-0.002230,-0.011699,-0.000005,0.000004,-0.000000
2025-12-16 18:00:30.700,0.000566,-0.002206,-0.011656,-0.000005,0.000004,0.000000
2025-12-16 18:00:30.701,0.000562,-0.002185,-0.011614,-0.000005,0.000004,0.000000
2025-12-16 18:00:30.703,0.000555,-0.002152,-0.011530,-0.000005,0.000004,0.000000
2025-12-16 18:00:30.704,0.000551,-0.002140,-0.011493,-0.000005,0.000004,0.000000
2025-12-16 18:00:30.705,0.000543,-0.002130,-0.011462,-0.000005,0.000004,0.000000
2025-12-16 18:00:30.706,0.000538,-0.002120,-0.011428,-0.000005,0.000004,0.000000
2025-12-16 18:00:30.707,0.000529,-0.002112,-0.011396,-0.000005,0.000004,0.000000
2025-12-16 18:00:30.708,0.000522,-0.002105,-0.011371,-0.000005,0.000004,0.000000
2025-12-16 18:00:30.709,0.000509,-0.002102,-0.011342,-0.000005,0.000004,0.000000
2025-12-16 18:00:30.710,0.000494,-0.002104,-0.011313,-0.000005,0.000004,0.000000
2025-12-16 18:00:30.711,0.000480,-0.002107,-0.011284,-0.000005,0.000004,0.000000
2025-12-16 18:00:30.713,0.000445,-0.002110,-0.011234,-0.000005,0.000004,0.000000
2025-12-16 18:00:30.714,0.000424,-0.002116,-0.011204,-0.000005,0.000004,0.000000
2025-12-16 18:00:30.715,0.000402,-0.002123,-0.011176,-0.000005,0.000004,0.000000
2025-12-16 18:00:30.716,0.000380,-0.002129,-0.011150,-0.000005,0.000004,0.000000
2025-12-16 18:00:30.717,0.000354,-0.002136,-0.011121,-0.000005,0.000004,0.000000
2025-12-16 18:00:30.718,0.000327,-0.002145,-0.011091,-0.000005,0.000004,0.000000
2025-12-16 18:00:30.719,0.000297,-0.002153,-0.011062,-0.000005,0.000004,0.000000
2025-12-16 18:00:30.720,0.000266,-0.002158,-0.011037,-0.000005,0.000004,0.000000
2025-12-16 18:00:30.721,0.000232,-0.002165,-0.011012,-0.000004,0.000004,0.000000
2025-12-16 18:00:30.722,0.000195,-0.002171,-0.010987,-0.000004,0.000004,0.000000
2025-12-16 18:00:30.723,0.000155,-0.002178,-0.010962,-0.000005,0.000004,0.000000
2025-12-16 18:00:30.725,0.000077,-0.002186,-0.010907,-0.000004,0.000004,0.000000
2025-12-16 18:00:30.726,0.000031,-0.002190,-0.010877,-0.000004,0.000004,0.000000
2025-12-16 18:00:30.727,-0.000017,-0.002192,-0.010848,-0.000004,0.000004,0.000000
2025-12-16 18:00:30.728,-0.000070,-0.002192,-0.010814,-0.000004,0.000004,0.000000
2025-12-16 18:00:30.729,-0.000121,-0.002195,-0.010785,-0.000004,0.000004,0.000000
2025-12-16 18:00:30.730,-0.000171,-0.002193,-0.010757,-0.000004,0.000004,0.000000
2025-12-16 18:00:30.731,-0.000225,-0.002193,-0.010731,-0.000004,0.000004,0.000000
2025-12-16 18:00:30.732,-0.000284,-0.002191,-0.010700,-0.000004,0.000004,0.000000
2025-12-16 18:00:30.733,-0.000337,-0.002191,-0.010665,-0.000004,0.000004,0.000000
2025-12-16 18:00:30.734,-0.000391,-0.002188,-0.010636,-0.000004,0.000004,0.000000
2025-12-16 18:00:30.735,-0.000501,-0.002184,-0.010571,-0.000004,0.000004,0.000000
2025-12-16 18:00:30.737,-0.000560,-0.002181,-0.010539,-0.000004,0.000004,0.000000
2025-12-16 18:00:30.738,-0.000620,-0.002177,-0.010509,-0.000004,0.000004,0.000000
2025-12-16 18:00:30.739,-0.000677,-0.002176,-0.010480,-0.000004,0.000004,0.000000
2025-12-16 18:00:30.740,-0.000736,-0.002174,-0.010445,-0.000004,0.000004,0.000000
2025-12-16 18:00:30.741,-0.000791,-0.002172,-0.010413,-0.000004,0.000004,0.000000
2025-12-16 18:00:30.742,-0.000848,-0.002168,-0.010382,-0.000004,0.000004,0.000000
2025-12-16 18:00:30.743,-0.000904,-0.002164,-0.010353,-0.000004,0.000004,0.000000
2025-12-16 18:00:30.744,-0.000960,-0.002162,-0.010324,-0.000004,0.000004,0.000000
2025-12-16 18:00:30.745,-0.001013,-0.002161,-0.010292,-0.000004,0.000004,0.000000
2025-12-16 18:00:30.746,-0.001066,-0.002160,-0.010265,-0.000004,0.000004,0.000000
2025-12-16 18:00:30.747,-0.001118,-0.002156,-0.010237,-0.000004,0.000004,0.000000
2025-12-16 18:00:30.748,-0.001166,-0.002158,-0.010213,-0.000004,0.000004,0.000000
2025-12-16 18:00:30.749,-0.001212,-0.002158,-0.010188,-0.000004,0.000004,0.000000
2025-12-16 18:00:30.750,-0.001259,-0.002159,-0.010167,-0.000004,0.000004,0.000000
2025-12-16 18:00:30.751,-0.001351,-0.002159,-0.010123,-0.000004,0.000004,0.000001
2025-12-16 18:00:30.753,-0.001396,-0.002157,-0.010107,-0.000004,0.000004,0.000001
2025-12-16 18:00:30.754,-0.001441,-0.002157,-0.010084,-0.000004,0.000004,0.000001
2025-12-16 18:00:30.755,-0.001484,-0.002157,-0.010067,-0.000004,0.000004,0.000001
2025-12-16 18:00:30.756,-0.001526,-0.002156,-0.010045,-0.000004,0.000004,0.000001
2025-12-16 18:00:30.757,-0.001563,-0.002155,-0.010031,-0.000004,0.000004,0.000001
2025-12-16 18:00:30.759,-0.001632,-0.002154,-0.009994,-0.000004,0.000004,0.000001
2025-12-16 18:00:30.760,-0.001664,-0.002155,-0.009981,-0.000004,0.000004,0.000001
2025-12-16 18:00:30.761,-0.001694,-0.002155,-0.009965,-0.000004,0.000004,0.000001
2025-12-16 18:00:30.762,-0.001723,-0.002156,-0.009954,-0.000004,0.000004,0.000001
2025-12-16 18:00:30.763,-0.001751,-0.002155,-0.009941,-0.000004,0.000004,0.000001
2025-12-16 18:00:30.764,-0.001778,-0.002150,-0.009928,-0.000004,0.000004,0.000001
2025-12-16 18:00:30.765,-0.001806,-0.002147,-0.009920,-0.000004,0.000004,0.000001
2025-12-16 18:00:30.766,-0.001833,-0.002141,-0.009910,-0.000004,0.000004,0.000001
2025-12-16 18:00:30.767,-0.001858,-0.002138,-0.009897,-0.000004,0.000004,0.000001
2025-12-16 18:00:30.768,-0.001885,-0.002132,-0.009886,-0.000004,0.000004,0.000001
2025-12-16 18:00:30.769,-0.001912,-0.002121,-0.009877,-0.000004,0.000004,0.000001
2025-12-16 18:00:30.770,-0.001957,-0.002105,-0.009862,-0.000004,0.000004,0.000001
2025-12-16 18:00:30.772,-0.001975,-0.002092,-0.009855,-0.000004,0.000004,0.000001
2025-12-16 18:00:30.773,-0.001992,-0.002083,-0.009850,-0.000004,0.000004,0.000001
2025-12-16 18:00:30.774,-0.002009,-0.002074,-0.009848,-0.000004,0.000004,0.000001
2025-12-16 18:00:30.775,-0.002026,-0.002060,-0.009843,-0.000004,0.000004,0.000001
2025-12-16 18:00:30.776,-0.002041,-0.002047,-0.009843,-0.000004,0.000004,0.000001
2025-12-16 18:00:30.777,-0.002062,-0.002031,-0.009838,-0.000004,0.000004,0.000001
2025-12-16 18:00:30.778,-0.002082,-0.002012,-0.009834,-0.000004,0.000004,0.000001
2025-12-16 18:00:30.779,-0.002103,-0.001994,-0.009830,-0.000004,0.000004,0.000001
2025-12-16 18:00:30.780,-0.002121,-0.001975,-0.009823,-0.000004,0.000004,0.000001
2025-12-16 18:00:30.781,-0.002141,-0.001954,-0.009822,-0.000004,0.000004,0.000001
2025-12-16 18:00:30.782,-0.002157,-0.001935,-0.009818,-0.000004,0.000004,0.000001
2025-12-16 18:00:30.783,-0.002171,-0.001911,-0.009817,-0.000004,0.000004,0.000001
2025-12-16 18:00:30.784,-0.002191,-0.001888,-0.009814,-0.000004,0.000004,0.000001
2025-12-16 18:00:30.785,-0.002225,-0.001840,-0.009804,-0.000004,0.000004,0.000001
2025-12-16 18:00:30.787,-0.002242,-0.001814,-0.009802,-0.000004,0.000004,0.000001
2025-12-16 18:00:30.788,-0.002258,-0.001787,-0.009797,-0.000004,0.000004,0.000001
2025-12-16 18:00:30.789,-0.002270,-0.001763,-0.009793,-0.000005,0.000004,0.000001
2025-12-16 18:00:30.790,-0.002284,-0.001735,-0.009786,-0.000004,0.000004,0.000001
2025-12-16 18:00:30.791,-0.002299,-0.001708,-0.009773,-0.000004,0.000004,0.000001
2025-12-16 18:00:30.792,-0.002314,-0.001681,-0.009763,-0.000004,0.000004,0.000001
2025-12-16 18:00:30.793,-0.002330,-0.001649,-0.009746,-0.000004,0.000004,0.000001
2025-12-16 18:00:30.794,-0.002344,-0.001619,-0.009731,-0.000004,0.000004,0.000001
2025-12-16 18:00:30.795,-0.002363,-0.001560,-0.009694,-0.000005,0.000004,0.000001
2025-12-16 18:00:30.797,-0.002364,-0.001529,-0.009673,-0.000004,0.000004,0.000001
2025-12-16 18:00:30.798,-0.002362,-0.001498,-0.009652,-0.000004,0.000004,0.000001
2025-12-16 18:00:30.799,-0.002360,-0.001466,-0.009631,-0.000004,0.000004,0.000001
2025-12-16 18:00:30.800,-0.002357,-0.001439,-0.009610,-0.000004,0.000004,0.000001
2025-12-16 18:00:30.801,-0.002353,-0.001411,-0.009583,-0.000004,0.000004,0.000001
2025-12-16 18:00:30.802,-0.002349,-0.001382,-0.009551,-0.000004,0.000004,0.000001
2025-12-16 18:00:30.803,-0.002343,-0.001354,-0.009513,-0.000004,0.000004,0.000001
2025-12-16 18:00:30.804,-0.002334,-0.001328,-0.009476,-0.000004,0.000004,0.000001
2025-12-16 18:00:30.805,-0.002320,-0.001300,-0.009441,-0.000005,0.000004,0.000001
2025-12-16 18:00:30.806,-0.002305,-0.001274,-0.009401,-0.000004,0.000004,0.000001
2025-12-16 18:00:30.807,-0.002283,-0.001248,-0.009361,-0.000004,0.000004,0.000001
2025-12-16 18:00:30.809,-0.002228,-0.001198,-0.009267,-0.000004,0.000004,0.000001
2025-12-16 18:00:30.810,-0.002195,-0.001174,-0.009213,-0.000004,0.000004,0.000001
2025-12-16 18:00:30.811,-0.002161,-0.001150,-0.009165,-0.000004,0.000004,0.000001
2025-12-16 18:00:30.812,-0.002124,-0.001131,-0.009112,-0.000004,0.000004,0.000001
2025-12-16 18:00:30.813,-0.002082,-0.001116,-0.009059,-0.000004,0.000004,0.000001
2025-12-16 18:00:30.814,-0.002039,-0.001099,-0.009003,-0.000004,0.000004,0.000001
2025-12-16 18:00:30.815,-0.001996,-0.001082,-0.008943,-0.000004,0.000004,0.000001
2025-12-16 18:00:30.816,-0.001954,-0.001065,-0.008882,-0.000004,0.000004,0.000001
2025-12-16 18:00:30.817,-0.001907,-0.001050,-0.008819,-0.000004,0.000004,0.000001
2025-12-16 18:00:30.818,-0.001861,-0.001037,-0.008757,-0.000004,0.000004,0.000001
2025-12-16 18:00:30.819,-0.001815,-0.001024,-0.008693,-0.000004,0.000004,0.000001
2025-12-16 18:00:30.820,-0.001771,-0.001006,-0.008627,-0.000004,0.000004,0.000001
2025-12-16 18:00:30.822,-0.001724,-0.000989,-0.008559,-0.000004,0.000004,0.000001
2025-12-16 18:00:30.823,-0.001627,-0.000958,-0.008432,-0.000004,0.000004,0.000001
2025-12-16 18:00:30.824,-0.001577,-0.000943,-0.008365,-0.000004,0.000003,0.000001
2025-12-16 18:00:30.825,-0.001532,-0.000934,-0.008294,-0.000004,0.000003,0.000001
2025-12-16 18:00:30.826,-0.001485,-0.000925,-0.008223,-0.000004,0.000003,0.000001
2025-12-16 18:00:30.827,-0.001443,-0.000917,-0.008152,-0.000003,0.000003,0.000001
2025-12-16 18:00:30.828,-0.001403,-0.000909,-0.008085,-0.000003,0.000003,0.000001
2025-12-16 18:00:30.829,-0.001363,-0.000904,-0.008015,-0.000003,0.000003,0.000001
2025-12-16 18:00:30.830,-0.001328,-0.000899,-0.007945,-0.000003,0.000003,0.000001
2025-12-16 18:00:30.831,-0.001293,-0.000893,-0.007873,-0.000003,0.000003,0.000001
2025-12-16 18:00:30.832,-0.001235,-0.000877,-0.007734,-0.000003,0.000003,0.000001
2025-12-16 18:00:30.834,-0.001212,-0.000867,-0.007662,-0.000003,0.000003,0.000001
2025-12-16 18:00:30.835,-0.001192,-0.000861,-0.007594,-0.000003,0.000003,0.000001
2025-12-16 18:00:30.836,-0.001173,-0.000859,-0.007521,-0.000003,0.000003,0.000001
2025-12-16 18:00:30.837,-0.001160,-0.000857,-0.007452,-0.000003,0.000003,0.000001
2025-12-16 18:00:30.838,-0.001149,-0.000857,-0.007378,-0.000003,0.000003,0.000001
2025-12-16 18:00:30.839,-0.001137,-0.000862,-0.007308,-0.000003,0.000003,0.000001
2025-12-16 18:00:30.840,-0.001127,-0.000865,-0.007241,-0.000003,0.000003,0.000001
2025-12-16 18:00:30.841,-0.001119,-0.000869,-0.007172,-0.000003,0.000003,0.000001
2025-12-16 18:00:30.842,-0.001111,-0.000875,-0.007102,-0.000003,0.000003,0.000001
2025-12-16 18:00:30.843,-0.001106,-0.000883,-0.007029,-0.000003,0.000003,0.000001
2025-12-16 18:00:30.844,-0.001105,-0.000894,-0.006959,-0.000003,0.000003,0.000001
2025-12-16 18:00:30.845,-0.001106,-0.000908,-0.006881,-0.000003,0.000003,0.000001
2025-12-16 18:00:30.846,-0.001110,-0.000936,-0.006744,-0.000003,0.000003,0.000001
2025-12-16 18:00:30.848,-0.001113,-0.000953,-0.006673,-0.000003,0.000003,0.000001
2025-12-16 18:00:30.849,-0.001116,-0.000968,-0.006606,-0.000003,0.000003,0.000001
2025-12-16 18:00:30.850,-0.001118,-0.000986,-0.006537,-0.000003,0.000003,0.000001
2025-12-16 18:00:30.851,-0.001122,-0.001009,-0.006468,-0.000003,0.000003,0.000001
2025-12-16 18:00:30.852,-0.001128,-0.001028,-0.006398,-0.000003,0.000003,0.000001
2025-12-16 18:00:30.853,-0.001131,-0.001050,-0.006331,-0.000003,0.000003,0.000001
2025-12-16 18:00:30.854,-0.001134,-0.001077,-0.006265,-0.000003,0.000003,0.000001
2025-12-16 18:00:30.855,-0.001134,-0.001103,-0.006198,-0.000003,0.000002,0.000001
2025-12-16 18:00:30.856,-0.001132,-0.001129,-0.006135,-0.000002,0.000002,0.000001
2025-12-16 18:00:30.858,-0.001126,-0.001183,-0.006005,-0.000002,0.000002,0.000000
2025-12-16 18:00:30.859,-0.001123,-0.001208,-0.005938,-0.000002,0.000002,0.000001
2025-12-16 18:00:30.860,-0.001120,-0.001235,-0.005874,-0.000002,0.000002,0.000000
2025-12-16 18:00:30.861,-0.001117,-0.001266,-0.005809,-0.000002,0.000002,0.000000
2025-12-16 18:00:30.862,-0.001118,-0.001295,-0.005742,-0.000002,0.000002,0.000000
2025-12-16 18:00:30.864,-0.001114,-0.001347,-0.005613,-0.000002,0.000002,0.000000
2025-12-16 18:00:30.865,-0.001112,-0.001370,-0.005551,-0.000002,0.000002,0.000000
2025-12-16 18:00:30.866,-0.001115,-0.001388,-0.005492,-0.000002,0.000002,0.000000
2025-12-16 18:00:30.867,-0.001117,-0.001403,-0.005432,-0.000002,0.000002,0.000000
2025-12-16 18:00:30.868,-0.001121,-0.001413,-0.005375,-0.000002,0.000002,0.000000
2025-12-16 18:00:30.869,-0.001125,-0.001420,-0.005328,-0.000002,0.000002,0.000000
2025-12-16 18:00:30.870,-0.001130,-0.001427,-0.005279,-0.000002,0.000002,0.000000
2025-12-16 18:00:30.871,-0.001138,-0.001432,-0.005230,-0.000002,0.000002,0.000000
2025-12-16 18:00:30.872,-0.001144,-0.001438,-0.005183,-0.000002,0.000002,0.000000
2025-12-16 18:00:30.873,-0.001156,-0.001442,-0.005135,-0.000002,0.000002,0.000000
2025-12-16 18:00:30.875,-0.001184,-0.001442,-0.005044,-0.000002,0.000002,0.000000
2025-12-16 18:00:30.876,-0.001205,-0.001440,-0.005005,-0.000002,0.000002,0.000000
2025-12-16 18:00:30.877,-0.001227,-0.001432,-0.004968,-0.000002,0.000002,0.000000
2025-12-16 18:00:30.878,-0.001255,-0.001422,-0.004936,-0.000002,0.000002,0.000000
2025-12-16 18:00:30.879,-0.001285,-0.001413,-0.004908,-0.000002,0.000002,0.000000
2025-12-16 18:00:30.880,-0.001323,-0.001399,-0.004878,-0.000002,0.000002,0.000000
2025-12-16 18:00:30.881,-0.001363,-0.001381,-0.004853,-0.000002,0.000002,0.000000
2025-12-16 18:00:30.883,-0.001458,-0.001345,-0.004814,-0.000002,0.000002,0.000001
2025-12-16 18:00:30.884,-0.001509,-0.001325,-0.004793,-0.000002,0.000002,0.000001
2025-12-16 18:00:30.885,-0.001570,-0.001310,-0.004776,-0.000002,0.000002,0.000001
2025-12-16 18:00:30.886,-0.001629,-0.001293,-0.004762,-0.000002,0.000002,0.000001
2025-12-16 18:00:30.887,-0.001685,-0.001278,-0.004753,-0.000002,0.000002,0.000001
2025-12-16 18:00:30.888,-0.001746,-0.001266,-0.004746,-0.000002,0.000002,0.000001
2025-12-16 18:00:30.889,-0.001812,-0.001251,-0.004739,-0.000002,0.000002,0.000001
2025-12-16 18:00:30.891,-0.001878,-0.001237,-0.004734,-0.000002,0.000002,0.000001
2025-12-16 18:00:30.892,-0.002029,-0.001210,-0.004716,-0.000002,0.000002,0.000001
2025-12-16 18:00:30.893,-0.002105,-0.001195,-0.004707,-0.000002,0.000002,0.000001
2025-12-16 18:00:30.894,-0.002181,-0.001183,-0.004698,-0.000002,0.000002,0.000001
2025-12-16 18:00:30.895,-0.002261,-0.001169,-0.004697,-0.000002,0.000002,0.000001
2025-12-16 18:00:30.896,-0.002346,-0.001156,-0.004694,-0.000002,0.000002,0.000001
2025-12-16 18:00:30.897,-0.002517,-0.001138,-0.004678,-0.000002,0.000002,0.000001
2025-12-16 18:00:30.899,-0.002603,-0.001128,-0.004670,-0.000002,0.000003,0.000001
2025-12-16 18:00:30.900,-0.002684,-0.001124,-0.004662,-0.000002,0.000003,0.000001
2025-12-16 18:00:30.901,-0.002763,-0.001117,-0.004653,-0.000002,0.000003,0.000001
2025-12-16 18:00:30.902,-0.002842,-0.001109,-0.004640,-0.000002,0.000003,0.000001
2025-12-16 18:00:30.903,-0.002918,-0.001106,-0.004633,-0.000002,0.000003,0.000001
2025-12-16 18:00:30.904,-0.002994,-0.001101,-0.004625,-0.000002,0.000003,0.000001
2025-12-16 18:00:30.905,-0.003066,-0.001094,-0.004615,-0.000002,0.000003,0.000001
2025-12-16 18:00:30.906,-0.003137,-0.001091,-0.004600,-0.000002,0.000003,0.000001
2025-12-16 18:00:30.907,-0.003206,-0.001085,-0.004583,-0.000002,0.000003,0.000001
2025-12-16 18:00:30.909,-0.003334,-0.001069,-0.004547,-0.000002,0.000003,0.000001
2025-12-16 18:00:30.910,-0.003398,-0.001062,-0.004526,-0.000002,0.000003,0.000001
2025-12-16 18:00:30.911,-0.003456,-0.001054,-0.004506,-0.000002,0.000003,0.000001
2025-12-16 18:00:30.912,-0.003508,-0.001048,-0.004488,-0.000002,0.000003,0.000001
2025-12-16 18:00:30.913,-0.003558,-0.001038,-0.004472,-0.000002,0.000003,0.000001
2025-12-16 18:00:30.914,-0.003608,-0.001027,-0.004451,-0.000002,0.000003,0.000001
2025-12-16 18:00:30.915,-0.003652,-0.001015,-0.004425,-0.000002,0.000003,0.000001
2025-12-16 18:00:30.916,-0.003689,-0.001001,-0.004403,-0.000002,0.000003,0.000001
2025-12-16 18:00:30.917,-0.003721,-0.000987,-0.004380,-0.000002,0.000003,0.000001
2025-12-16 18:00:30.918,-0.003749,-0.000974,-0.004353,-0.000002,0.000003,0.000001
2025-12-16 18:00:30.920,-0.003793,-0.000939,-0.004299,-0.000002,0.000003,0.000001
2025-12-16 18:00:30.921,-0.003813,-0.000920,-0.004269,-0.000002,0.000003,0.000001
2025-12-16 18:00:30.922,-0.003827,-0.000899,-0.004242,-0.000002,0.000003,0.000001
2025-12-16 18:00:30.923,-0.003839,-0.000875,-0.004210,-0.000002,0.000003,0.000001
2025-12-16 18:00:30.924,-0.003843,-0.000853,-0.004179,-0.000002,0.000003,0.000001
2025-12-16 18:00:30.925,-0.003849,-0.000829,-0.004147,-0.000002,0.000003,0.000001
2025-12-16 18:00:30.926,-0.003850,-0.000800,-0.004116,-0.000002,0.000003,0.000001
2025-12-16 18:00:30.927,-0.003852,-0.000771,-0.004084,-0.000002,0.000003,0.000001
2025-12-16 18:00:30.928,-0.003850,-0.000742,-0.004050,-0.000002,0.000003,0.000001
2025-12-16 18:00:30.929,-0.003846,-0.000712,-0.004018,-0.000002,0.000003,0.000001
2025-12-16 18:00:30.930,-0.003838,-0.000681,-0.003985,-0.000002,0.000003,0.000001
2025-12-16 18:00:30.931,-0.003829,-0.000645,-0.003951,-0.000002,0.000003,0.000001
2025-12-16 18:00:30.932,-0.003821,-0.000607,-0.003913,-0.000002,0.000003,0.000001
2025-12-16 18:00:30.934,-0.003806,-0.000543,-0.003834,-0.000002,0.000003,0.000001
2025-12-16 18:00:30.935,-0.003797,-0.000508,-0.003796,-0.000002,0.000003,0.000001
2025-12-16 18:00:30.936,-0.003786,-0.000473,-0.003755,-0.000002,0.000003,0.000001
2025-12-16 18:00:30.937,-0.003778,-0.000435,-0.003718,-0.000002,0.000003,0.000001
2025-12-16 18:00:30.938,-0.003768,-0.000397,-0.003686,-0.000002,0.000003,0.000001
2025-12-16 18:00:30.939,-0.003761,-0.000358,-0.003647,-0.000002,0.000003,0.000001
2025-12-16 18:00:30.940,-0.003753,-0.000321,-0.003610,-0.000002,0.000003,0.000001
2025-12-16 18:00:30.942,-0.003736,-0.000251,-0.003533,-0.000002,0.000003,0.000001
2025-12-16 18:00:30.943,-0.003729,-0.000220,-0.003494,-0.000002,0.000003,0.000001
2025-12-16 18:00:30.944,-0.003723,-0.000189,-0.003457,-0.000002,0.000003,0.000001
2025-12-16 18:00:30.945,-0.003718,-0.000157,-0.003418,-0.000002,0.000003,0.000001
2025-12-16 18:00:30.947,-0.003714,-0.000101,-0.003344,-0.000002,0.000003,0.000002
2025-12-16 18:00:30.948,-0.003715,-0.000073,-0.003312,-0.000002,0.000003,0.000002
2025-12-16 18:00:30.949,-0.003710,-0.000052,-0.003275,-0.000002,0.000003,0.000002
2025-12-16 18:00:30.950,-0.003708,-0.000031,-0.003238,-0.000002,0.000003,0.000002
2025-12-16 18:00:30.951,-0.003704,-0.000015,-0.003208,-0.000002,0.000003,0.000002
2025-12-16 18:00:30.953,-0.003698,0.000011,-0.003152,-0.000002,0.000003,0.000002
2025-12-16 18:00:30.954,-0.003695,0.000021,-0.003123,-0.000002,0.000003,0.000002
2025-12-16 18:00:30.955,-0.003688,0.000026,-0.003089,-0.000002,0.000003,0.000002
2025-12-16 18:00:30.956,-0.003684,0.000034,-0.003053,-0.000002,0.000003,0.000002
2025-12-16 18:00:30.957,-0.003676,0.000038,-0.003016,-0.000002,0.000003,0.000002
2025-12-16 18:00:30.958,-0.003666,0.000041,-0.002976,-0.000002,0.000003,0.000002
2025-12-16 18:00:30.959,-0.003657,0.000040,-0.002939,-0.000002,0.000003,0.000002
2025-12-16 18:00:30.960,-0.003646,0.000035,-0.002898,-0.000002,0.000002,0.000002
2025-12-16 18:00:30.962,-0.003615,0.000017,-0.002811,-0.000002,0.000002,0.000002
2025-12-16 18:00:30.963,-0.003595,0.000008,-0.002767,-0.000001,0.000002,0.000001
2025-12-16 18:00:30.964,-0.003575,-0.000004,-0.002719,-0.000001,0.000002,0.000001
2025-12-16 18:00:30.965,-0.003551,-0.000017,-0.002667,-0.000001,0.000002,0.000001
2025-12-16 18:00:30.966,-0.003524,-0.000032,-0.002616,-0.000001,0.000002,0.000001
2025-12-16 18:00:30.967,-0.003496,-0.000048,-0.002558,-0.000001,0.000002,0.000001
2025-12-16 18:00:30.968,-0.003466,-0.000069,-0.002499,-0.000001,0.000002,0.000001
2025-12-16 18:00:30.971,-0.003361,-0.000124,-0.002313,-0.000001,0.000002,0.000001
2025-12-16 18:00:30.972,-0.003319,-0.000149,-0.002237,-0.000001,0.000002,0.000001
2025-12-16 18:00:30.973,-0.003276,-0.000169,-0.002158,-0.000001,0.000002,0.000001
2025-12-16 18:00:30.974,-0.003231,-0.000192,-0.002079,-0.000001,0.000002,0.000001
2025-12-16 18:00:30.975,-0.003187,-0.000215,-0.002002,-0.000001,0.000002,0.000001
2025-12-16 18:00:30.976,-0.003141,-0.000240,-0.001922,-0.000001,0.000002,0.000001
2025-12-16 18:00:30.978,-0.003052,-0.000281,-0.001746,-0.000001,0.000002,0.000001
2025-12-16 18:00:30.979,-0.003005,-0.000301,-0.001653,-0.000001,0.000002,0.000001
2025-12-16 18:00:30.980,-0.002960,-0.000319,-0.001556,-0.000001,0.000002,0.000001
2025-12-16 18:00:30.981,-0.002917,-0.000337,-0.001462,-0.000001,0.000002,0.000001
2025-12-16 18:00:30.983,-0.002832,-0.000368,-0.001272,-0.000001,0.000001,0.000001
2025-12-16 18:00:30.984,-0.002791,-0.000381,-0.001173,-0.000001,0.000001,0.000001
2025-12-16 18:00:30.985,-0.002754,-0.000395,-0.001076,-0.000001,0.000001,0.000001
2025-12-16 18:00:30.986,-0.002716,-0.000407,-0.000977,-0.000001,0.000001,0.000001
2025-12-16 18:00:30.987,-0.002681,-0.000419,-0.000875,-0.000001,0.000001,0.000001
2025-12-16 18:00:30.988,-0.002648,-0.000426,-0.000769,-0.000001,0.000001,0.000001
2025-12-16 18:00:30.989,-0.002618,-0.000431,-0.000662,-0.000000,0.000001,0.000001
2025-12-16 18:00:30.991,-0.002571,-0.000439,-0.000448,-0.000000,0.000001,0.000001
2025-12-16 18:00:30.992,-0.002554,-0.000436,-0.000343,-0.000000,0.000001,0.000001
2025-12-16 18:00:30.993,-0.002542,-0.000430,-0.000240,-0.000000,0.000001,0.000001
2025-12-16 18:00:30.994,-0.002532,-0.000420,-0.000133,-0.000000,0.000001,0.000001
2025-12-16 18:00:30.995,-0.002524,-0.000407,-0.000026,-0.000000,0.000001,0.000001
2025-12-16 18:00:30.998,-0.002513,-0.000367,0.000279,-0.000000,0.000001,0.000001
2025-12-16 18:00:30.999,-0.002517,-0.000351,0.000373,-0.000000,0.000001,0.000001
2025-12-16 18:00:31.000,-0.002524,-0.000334,0.000466,-0.000000,0.000001,0.000001
2025-12-16 18:00:31.001,-0.002536,-0.000316,0.000562,-0.000000,0.000001,0.000001
2025-12-16 18:00:31.002,-0.002552,-0.000294,0.000654,0.000000,0.000001,0.000001
2025-12-16 18:00:31.003,-0.002570,-0.000272,0.000742,0.000000,0.000001,0.000001
2025-12-16 18:00:31.005,-0.002614,-0.000227,0.000913,0.000000,0.000001,0.000001
2025-12-16 18:00:31.007,-0.002671,-0.000179,0.001078,0.000000,0.000001,0.000001
2025-12-16 18:00:31.008,-0.002701,-0.000159,0.001155,0.000000,0.000001,0.000001
2025-12-16 18:00:31.009,-0.002739,-0.000136,0.001227,0.000000,0.000001,0.000001
2025-12-16 18:00:31.010,-0.002776,-0.000114,0.001297,0.000000,0.000001,0.000001
2025-12-16 18:00:31.011,-0.002815,-0.000094,0.001364,0.000000,0.000001,0.000001
2025-12-16 18:00:31.015,-0.002986,-0.000046,0.001597,0.000000,0.000001,0.000001
2025-12-16 18:00:31.016,-0.003037,-0.000038,0.001645,0.000000,0.000001,0.000001
2025-12-16 18:00:31.018,-0.003142,-0.000030,0.001738,0.000000,0.000001,0.000001
2025-12-16 18:00:31.019,-0.003193,-0.000032,0.001780,0.000000,0.000001,0.000001
2025-12-16 18:00:31.020,-0.003246,-0.000035,0.001812,0.000000,0.000001,0.000001
2025-12-16 18:00:31.021,-0.003301,-0.000039,0.001847,0.000000,0.000001,0.000001
2025-12-16 18:00:31.022,-0.003361,-0.000046,0.001885,0.000000,0.000001,0.000001
2025-12-16 18:00:31.023,-0.003421,-0.000057,0.001918,0.000000,0.000001,0.000001
2025-12-16 18:00:31.024,-0.003483,-0.000070,0.001950,0.000000,0.000001,0.000001
2025-12-16 18:00:31.025,-0.003548,-0.000086,0.001980,0.000000,0.000001,0.000001
2025-12-16 18:00:31.027,-0.003685,-0.000123,0.002030,0.000000,0.000001,0.000001
2025-12-16 18:00:31.028,-0.003757,-0.000142,0.002055,0.000000,0.000001,0.000001
2025-12-16 18:00:31.029,-0.003830,-0.000170,0.002085,0.000000,0.000001,0.000001
2025-12-16 18:00:31.030,-0.003908,-0.000199,0.002117,0.000000,0.000001,0.000001
2025-12-16 18:00:31.031,-0.003988,-0.000229,0.002146,0.000000,0.000001,0.000001
2025-12-16 18:00:31.032,-0.004068,-0.000256,0.002176,0.000000,0.000001,0.000001
2025-12-16 18:00:31.033,-0.004151,-0.000285,0.002207,0.000000,0.000001,0.000001
2025-12-16 18:00:31.037,-0.004490,-0.000394,0.002369,0.000000,0.000001,0.000001
2025-12-16 18:00:31.038,-0.004578,-0.000421,0.002411,0.000000,0.000001,0.000001
2025-12-16 18:00:31.039,-0.004678,-0.000447,0.002464,0.000000,0.000001,0.000001
2025-12-16 18:00:31.040,-0.004780,-0.000475,0.002522,0.000000,0.000001,0.000001
2025-12-16 18:00:31.041,-0.004880,-0.000502,0.002575,0.000000,0.000001,0.000001
2025-12-16 18:00:31.042,-0.004982,-0.000531,0.002635,0.000000,0.000001,0.000001
2025-12-16 18:00:31.043,-0.005088,-0.000557,0.002697,0.000000,0.000001,0.000001
2025-12-16 18:00:31.045,-0.005292,-0.000595,0.002826,0.000001,0.000001,0.000001
2025-12-16 18:00:31.047,-0.005499,-0.000630,0.002964,0.000000,0.000001,0.000001
2025-12-16 18:00:31.048,-0.005602,-0.000645,0.003035,0.000001,0.000001,0.000001
2025-12-16 18:00:31.049,-0.005704,-0.000655,0.003108,0.000001,0.000001,0.000001
2025-12-16 18:00:31.050,-0.005806,-0.000663,0.003178,0.000001,0.000001,0.000001
2025-12-16 18:00:31.051,-0.005907,-0.000671,0.003249,0.000001,0.000001,0.000002
2025-12-16 18:00:31.053,-0.006101,-0.000683,0.003396,0.000001,0.000001,0.000002
2025-12-16 18:00:31.054,-0.006197,-0.000689,0.003462,0.000001,0.000001,0.000002
2025-12-16 18:00:31.057,-0.006483,-0.000693,0.003658,0.000001,0.000001,0.000002
2025-12-16 18:00:31.058,-0.006577,-0.000689,0.003726,0.000001,0.000001,0.000002
2025-12-16 18:00:31.059,-0.006667,-0.000687,0.003791,0.000001,0.000001,0.000002
2025-12-16 18:00:31.060,-0.006847,-0.000677,0.003921,0.000001,0.000001,0.000002
2025-12-16 18:00:31.063,-0.007014,-0.000661,0.004037,0.000001,0.000001,0.000002
2025-12-16 18:00:31.064,-0.007095,-0.000651,0.004090,0.000001,0.000001,0.000002
2025-12-16 18:00:31.065,-0.007176,-0.000641,0.004144,0.000001,0.000001,0.000002
2025-12-16 18:00:31.066,-0.007253,-0.000630,0.004193,0.000001,0.000001,0.000002
2025-12-16 18:00:31.067,-0.007328,-0.000619,0.004242,0.000001,0.000001,0.000002
2025-12-16 18:00:31.068,-0.007403,-0.000608,0.004289,0.000001,0.000001,0.000002
2025-12-16 18:00:31.070,-0.007542,-0.000577,0.004374,0.000001,0.000001,0.000002
2025-12-16 18:00:31.071,-0.007609,-0.000562,0.004418,0.000001,0.000001,0.000002
2025-12-16 18:00:31.072,-0.007679,-0.000543,0.004459,0.000001,0.000001,0.000002
2025-12-16 18:00:31.073,-0.007748,-0.000525,0.004495,0.000001,0.000001,0.000002
2025-12-16 18:00:31.074,-0.007814,-0.000504,0.004531,0.000001,0.000001,0.000002
2025-12-16 18:00:31.075,-0.007876,-0.000485,0.004564,0.000001,0.000001,0.000002
2025-12-16 18:00:31.076,-0.007937,-0.000463,0.004597,0.000001,0.000001,0.000002
2025-12-16 18:00:31.077,-0.007996,-0.000438,0.004627,0.000001,0.000001,0.000002
2025-12-16 18:00:31.079,-0.008112,-0.000391,0.004679,0.000001,0.000001,0.000002
2025-12-16 18:00:31.083,-0.008320,-0.000274,0.004752,0.000001,0.000001,0.000002
2025-12-16 18:00:31.084,-0.008372,-0.000242,0.004766,0.000001,0.000001,0.000002
2025-12-16 18:00:31.085,-0.008420,-0.000212,0.004778,0.000001,0.000001,0.000002
2025-12-16 18:00:31.086,-0.008468,-0.000181,0.004788,0.000001,0.000001,0.000002
2025-12-16 18:00:31.088,-0.008560,-0.000112,0.004793,0.000001,0.000001,0.000002
2025-12-16 18:00:31.090,-0.008643,-0.000041,0.004780,0.000001,0.000001,0.000002
2025-12-16 18:00:31.092,-0.008720,0.000038,0.004748,0.000001,0.000002,0.000002
2025-12-16 18:00:31.093,-0.008758,0.000080,0.004730,0.000001,0.000002,0.000002
2025-12-16 18:00:31.094,-0.008793,0.000121,0.004713,0.000001,0.000002,0.000003
2025-12-16 18:00:31.095,-0.008827,0.000162,0.004693,0.000000,0.000002,0.000003
2025-12-16 18:00:31.097,-0.008886,0.000240,0.004632,0.000000,0.000002,0.000003
2025-12-16 18:00:31.099,-0.008941,0.000326,0.004559,0.000000,0.000002,0.000003
2025-12-16 18:00:31.100,-0.008965,0.000371,0.004522,0.000000,0.000002,0.000003
2025-12-16 18:00:31.101,-0.008986,0.000414,0.004480,0.000000,0.000002,0.000003
2025-12-16 18:00:31.103,-0.009030,0.000495,0.004389,0.000000,0.000002,0.000003
2025-12-16 18:00:31.104,-0.009046,0.000533,0.004341,0.000000,0.000002,0.000003
2025-12-16 18:00:31.105,-0.009063,0.000573,0.004287,0.000000,0.000002,0.000003
2025-12-16 18:00:31.106,-0.009075,0.000614,0.004228,0.000000,0.000002,0.000003
2025-12-16 18:00:31.107,-0.009087,0.000651,0.004166,0.000000,0.000002,0.000003
2025-12-16 18:00:31.108,-0.009095,0.000694,0.004106,0.000000,0.000002,0.000003
2025-12-16 18:00:31.111,-0.009131,0.000808,0.003926,-0.000000,0.000002,0.000003
2025-12-16 18:00:31.112,-0.009142,0.000842,0.003865,0.000000,0.000002,0.000003
2025-12-16 18:00:31.115,-0.009172,0.000940,0.003666,-0.000000,0.000002,0.000003
2025-12-16 18:00:31.118,-0.009204,0.001032,0.003478,-0.000000,0.000002,0.000003
2025-12-16 18:00:31.119,-0.009216,0.001062,0.003419,-0.000000,0.000002,0.000003
2025-12-16 18:00:31.120,-0.009233,0.001086,0.003359,-0.000000,0.000002,0.000003
2025-12-16 18:00:31.121,-0.009252,0.001111,0.003299,-0.000000,0.000002,0.000003
2025-12-16 18:00:31.122,-0.009270,0.001136,0.003241,-0.000000,0.000002,0.000003
2025-12-16 18:00:31.123,-0.009288,0.001159,0.003182,-0.000000,0.000002,0.000003
2025-12-16 18:00:31.125,-0.009322,0.001196,0.003077,-0.000000,0.000002,0.000003
2025-12-16 18:00:31.126,-0.009340,0.001214,0.003031,-0.000000,0.000002,0.000003
2025-12-16 18:00:31.127,-0.009357,0.001233,0.002986,-0.000001,0.000002,0.000003
2025-12-16 18:00:31.129,-0.009389,0.001261,0.002906,-0.000001,0.000002,0.000003
2025-12-16 18:00:31.130,-0.009400,0.001272,0.002868,-0.000001,0.000003,0.000003
2025-12-16 18:00:31.131,-0.009414,0.001281,0.002832,-0.000001,0.000003,0.000003
2025-12-16 18:00:31.132,-0.009427,0.001293,0.002801,-0.000001,0.000003,0.000003
2025-12-16 18:00:31.133,-0.009438,0.001298,0.002774,-0.000001,0.000003,0.000003
2025-12-16 18:00:31.134,-0.009448,0.001304,0.002745,-0.000001,0.000003,0.000003
2025-12-16 18:00:31.136,-0.009469,0.001313,0.002693,-0.000001,0.000003,0.000003
2025-12-16 18:00:31.138,-0.009486,0.001311,0.002649,-0.000001,0.000003,0.000003
2025-12-16 18:00:31.139,-0.009494,0.001305,0.002626,-0.000001,0.000003,0.000003
2025-12-16 18:00:31.141,-0.009499,0.001293,0.002584,-0.000001,0.000003,0.000003
2025-12-16 18:00:31.142,-0.009501,0.001283,0.002557,-0.000001,0.000003,0.000003
2025-12-16 18:00:31.143,-0.009502,0.001272,0.002533,-0.000001,0.000003,0.000003
2025-12-16 18:00:31.144,-0.009509,0.001263,0.002511,-0.000001,0.000003,0.000003
2025-12-16 18:00:31.145,-0.009515,0.001254,0.002489,-0.000001,0.000003,0.000003
2025-12-16 18:00:31.149,-0.009547,0.001183,0.002398,-0.000001,0.000003,0.000003
2025-12-16 18:00:31.150,-0.009555,0.001165,0.002372,-0.000001,0.000003,0.000003
2025-12-16 18:00:31.151,-0.009563,0.001143,0.002347,-0.000001,0.000003,0.000003
2025-12-16 18:00:31.152,-0.009570,0.001119,0.002317,-0.000001,0.000003,0.000003
2025-12-16 18:00:31.153,-0.009581,0.001096,0.002283,-0.000001,0.000003,0.000003
2025-12-16 18:00:31.155,-0.009602,0.001046,0.002214,-0.000001,0.000003,0.000003
2025-12-16 18:00:31.156,-0.009613,0.001026,0.002171,-0.000001,0.000003,0.000003
2025-12-16 18:00:31.157,-0.009627,0.001006,0.002126,-0.000001,0.000003,0.000003
2025-12-16 18:00:31.158,-0.009642,0.000987,0.002078,-0.000001,0.000003,0.000003
2025-12-16 18:00:31.159,-0.009655,0.000967,0.002033,-0.000001,0.000003,0.000003
2025-12-16 18:00:31.160,-0.009672,0.000949,0.001989,-0.000001,0.000003,0.000003
2025-12-16 18:00:31.162,-0.009705,0.000906,0.001904,-0.000001,0.000003,0.000003
2025-12-16 18:00:31.163,-0.009721,0.000879,0.001859,-0.000001,0.000003,0.000003
2025-12-16 18:00:31.165,-0.009749,0.000833,0.001762,-0.000001,0.000003,0.000003
2025-12-16 18:00:31.166,-0.009762,0.000814,0.001713,-0.000001,0.000003,0.000003
2025-12-16 18:00:31.167,-0.009773,0.000794,0.001663,-0.000001,0.000003,0.000003
2025-12-16 18:00:31.168,-0.009783,0.000776,0.001615,-0.000001,0.000003,0.000003
2025-12-16 18:00:31.169,-0.009793,0.000759,0.001567,-0.000001,0.000003,0.000003
2025-12-16 18:00:31.170,-0.009806,0.000745,0.001517,-0.000001,0.000003,0.000003
2025-12-16 18:00:31.171,-0.009817,0.000732,0.001464,-0.000001,0.000003,0.000003
2025-12-16 18:00:31.172,-0.009839,0.000711,0.001367,-0.000001,0.000003,0.000003
2025-12-16 18:00:31.174,-0.009845,0.000703,0.001323,-0.000001,0.000003,0.000003
2025-12-16 18:00:31.175,-0.009851,0.000695,0.001283,-0.000001,0.000003,0.000003
2025-12-16 18:00:31.176,-0.009856,0.000684,0.001243,-0.000001,0.000003,0.000003
2025-12-16 18:00:31.177,-0.009856,0.000672,0.001206,-0.000002,0.000003,0.000003
2025-12-16 18:00:31.178,-0.009855,0.000662,0.001173,-0.000002,0.000003,0.000003
2025-12-16 18:00:31.179,-0.009856,0.000652,0.001136,-0.000002,0.000003,0.000003
2025-12-16 18:00:31.181,-0.009847,0.000634,0.001061,-0.000002,0.000003,0.000003
2025-12-16 18:00:31.182,-0.009841,0.000631,0.001026,-0.000002,0.000003,0.000003
2025-12-16 18:00:31.183,-0.009833,0.000629,0.000995,-0.000002,0.000003,0.000003
2025-12-16 18:00:31.184,-0.009820,0.000629,0.000969,-0.000002,0.000003,0.000003
2025-12-16 18:00:31.185,-0.009809,0.000628,0.000944,-0.000002,0.000003,0.000003
2025-12-16 18:00:31.186,-0.009801,0.000626,0.000918,-0.000002,0.000003,0.000003
2025-12-16 18:00:31.188,-0.009783,0.000622,0.000875,-0.000002,0.000003,0.000003
2025-12-16 18:00:31.189,-0.009774,0.000624,0.000852,-0.000002,0.000003,0.000003
2025-12-16 18:00:31.190,-0.009761,0.000626,0.000830,-0.000002,0.000003,0.000003
2025-12-16 18:00:31.191,-0.009750,0.000628,0.000812,-0.000002,0.000003,0.000003
2025-12-16 18:00:31.192,-0.009738,0.000633,0.000790,-0.000002,0.000003,0.000003
2025-12-16 18:00:31.195,-0.009720,0.000646,0.000712,-0.000002,0.000003,0.000003
2025-12-16 18:00:31.196,-0.009719,0.000652,0.000692,-0.000002,0.000003,0.000003
2025-12-16 18:00:31.197,-0.009721,0.000660,0.000665,-0.000002,0.000003,0.000003
2025-12-16 18:00:31.198,-0.009728,0.000668,0.000641,-0.000002,0.000003,0.000003
2025-12-16 18:00:31.199,-0.009733,0.000674,0.000616,-0.000002,0.000003,0.000003
2025-12-16 18:00:31.200,-0.009741,0.000682,0.000594,-0.000002,0.000003,0.000003
2025-12-16 18:00:31.201,-0.009755,0.000690,0.000569,-0.000002,0.000003,0.000003
2025-12-16 18:00:31.202,-0.009775,0.000699,0.000542,-0.000002,0.000003,0.000003
2025-12-16 18:00:31.204,-0.009827,0.000718,0.000482,-0.000002,0.000004,0.000003
2025-12-16 18:00:31.205,-0.009862,0.000727,0.000447,-0.000002,0.000004,0.000003
2025-12-16 18:00:31.206,-0.009897,0.000737,0.000409,-0.000002,0.000004,0.000003
2025-12-16 18:00:31.207,-0.009936,0.000746,0.000370,-0.000002,0.000004,0.000003
2025-12-16 18:00:31.208,-0.009976,0.000756,0.000327,-0.000002,0.000004,0.000003
2025-12-16 18:00:31.209,-0.010021,0.000760,0.000284,-0.000002,0.000004,0.000004
2025-12-16 18:00:31.211,-0.010123,0.000765,0.000204,-0.000002,0.000004,0.000004
2025-12-16 18:00:31.212,-0.010179,0.000764,0.000163,-0.000002,0.000004,0.000004
2025-12-16 18:00:31.213,-0.010238,0.000765,0.000125,-0.000002,0.000004,0.000004
2025-12-16 18:00:31.214,-0.010294,0.000767,0.000085,-0.000002,0.000004,0.000004
2025-12-16 18:00:31.215,-0.010350,0.000763,0.000047,-0.000002,0.000004,0.000004
2025-12-16 18:00:31.216,-0.010405,0.000761,0.000001,-0.000002,0.000004,0.000004
2025-12-16 18:00:31.217,-0.010463,0.000756,-0.000039,-0.000002,0.000004,0.000004
2025-12-16 18:00:31.218,-0.010520,0.000749,-0.000084,-0.000002,0.000004,0.000004
2025-12-16 18:00:31.220,-0.010643,0.000735,-0.000177,-0.000002,0.000004,0.000004
2025-12-16 18:00:31.222,-0.010761,0.000717,-0.000276,-0.000002,0.000004,0.000004
2025-12-16 18:00:31.223,-0.010817,0.000706,-0.000323,-0.000002,0.000004,0.000004
2025-12-16 18:00:31.224,-0.010874,0.000692,-0.000367,-0.000002,0.000004,0.000004
2025-12-16 18:00:31.225,-0.010928,0.000678,-0.000411,-0.000002,0.000004,0.000004
2025-12-16 18:00:31.226,-0.010977,0.000661,-0.000454,-0.000002,0.000004,0.000004
2025-12-16 18:00:31.227,-0.011023,0.000645,-0.000498,-0.000002,0.000004,0.000004
2025-12-16 18:00:31.228,-0.011071,0.000626,-0.000545,-0.000003,0.000004,0.000004
2025-12-16 18:00:31.230,-0.011161,0.000593,-0.000632,-0.000003,0.000004,0.000004
2025-12-16 18:00:31.231,-0.011203,0.000576,-0.000680,-0.000003,0.000004,0.000004
2025-12-16 18:00:31.232,-0.011243,0.000560,-0.000726,-0.000003,0.000004,0.000004
2025-12-16 18:00:31.233,-0.011278,0.000540,-0.000776,-0.000003,0.000005,0.000004
2025-12-16 18:00:31.237,-0.011406,0.000461,-0.000973,-0.000003,0.000005,0.000004
2025-12-16 18:00:31.238,-0.011460,0.000424,-0.001066,-0.000003,0.000005,0.000004
2025-12-16 18:00:31.240,-0.011480,0.000406,-0.001110,-0.000003,0.000005,0.000004
2025-12-16 18:00:31.241,-0.011497,0.000389,-0.001155,-0.000003,0.000005,0.000004
2025-12-16 18:00:31.242,-0.011517,0.000374,-0.001202,-0.000003,0.000005,0.000004
2025-12-16 18:00:31.243,-0.011535,0.000360,-0.001252,-0.000003,0.000005,0.000004
2025-12-16 18:00:31.244,-0.011552,0.000349,-0.001299,-0.000003,0.000005,0.000004
2025-12-16 18:00:31.246,-0.011575,0.000338,-0.001396,-0.000003,0.000005,0.000004
2025-12-16 18:00:31.249,-0.011606,0.000327,-0.001531,-0.000003,0.000005,0.000004
2025-12-16 18:00:31.250,-0.011611,0.000322,-0.001577,-0.000003,0.000005,0.000004
2025-12-16 18:00:31.251,-0.011610,0.000317,-0.001616,-0.000003,0.000005,0.000004
2025-12-16 18:00:31.253,-0.011610,0.000310,-0.001694,-0.000003,0.000005,0.000004
2025-12-16 18:00:31.254,-0.011611,0.000311,-0.001728,-0.000003,0.000005,0.000004
2025-12-16 18:00:31.255,-0.011609,0.000311,-0.001763,-0.000003,0.000005,0.000004
2025-12-16 18:00:31.257,-0.011596,0.000320,-0.001837,-0.000003,0.000005,0.000004
2025-12-16 18:00:31.258,-0.011584,0.000326,-0.001874,-0.000003,0.000005,0.000004
2025-12-16 18:00:31.259,-0.011569,0.000331,-0.001907,-0.000003,0.000005,0.000004
2025-12-16 18:00:31.260,-0.011555,0.000334,-0.001938,-0.000003,0.000005,0.000004
2025-12-16 18:00:31.263,-0.011498,0.000347,-0.002018,-0.000003,0.000005,0.000004
2025-12-16 18:00:31.265,-0.011455,0.000346,-0.002076,-0.000003,0.000005,0.000004
2025-12-16 18:00:31.266,-0.011428,0.000343,-0.002104,-0.000003,0.000005,0.000004
2025-12-16 18:00:31.269,-0.011330,0.000335,-0.002186,-0.000004,0.000005,0.000004
2025-12-16 18:00:31.270,-0.011294,0.000334,-0.002219,-0.000003,0.000005,0.000004
2025-12-16 18:00:31.271,-0.011260,0.000332,-0.002254,-0.000003,0.000005,0.000004
2025-12-16 18:00:31.272,-0.011220,0.000329,-0.002290,-0.000003,0.000005,0.000004
2025-12-16 18:00:31.273,-0.011138,0.000319,-0.002362,-0.000003,0.000005,0.000004
2025-12-16 18:00:31.275,-0.011095,0.000312,-0.002400,-0.000003,0.000005,0.000004
2025-12-16 18:00:31.276,-0.011054,0.000305,-0.002438,-0.000003,0.000005,0.000004
2025-12-16 18:00:31.277,-0.011013,0.000293,-0.002478,-0.000003,0.000005,0.000004
2025-12-16 18:00:31.279,-0.010926,0.000269,-0.002567,-0.000004,0.000005,0.000004
2025-12-16 18:00:31.280,-0.010886,0.000261,-0.002614,-0.000004,0.000005,0.000004
2025-12-16 18:00:31.281,-0.010841,0.000248,-0.002663,-0.000003,0.000005,0.000004
2025-12-16 18:00:31.282,-0.010802,0.000235,-0.002709,-0.000003,0.000005,0.000004
2025-12-16 18:00:31.287,-0.010597,0.000164,-0.002976,-0.000003,0.000005,0.000004
2025-12-16 18:00:31.288,-0.010559,0.000152,-0.003035,-0.000003,0.000005,0.000004
2025-12-16 18:00:31.289,-0.010520,0.000136,-0.003096,-0.000004,0.000005,0.000004
2025-12-16 18:00:31.290,-0.010479,0.000118,-0.003157,-0.000004,0.000005,0.000004
2025-12-16 18:00:31.292,-0.010408,0.000085,-0.003284,-0.000004,0.000005,0.000004
2025-12-16 18:00:31.293,-0.010373,0.000066,-0.003347,-0.000004,0.000005,0.000004
2025-12-16 18:00:31.294,-0.010338,0.000045,-0.003416,-0.000004,0.000005,0.000004
2025-12-16 18:00:31.295,-0.010304,0.000025,-0.003484,-0.000004,0.000005,0.000004
2025-12-16 18:00:31.296,-0.010268,0.000002,-0.003553,-0.000004,0.000005,0.000004
2025-12-16 18:00:31.298,-0.010202,-0.000042,-0.003694,-0.000004,0.000005,0.000004
2025-12-16 18:00:31.299,-0.010170,-0.000066,-0.003765,-0.000004,0.000005,0.000003
2025-12-16 18:00:31.300,-0.010133,-0.000090,-0.003840,-0.000004,0.000005,0.000004
2025-12-16 18:00:31.302,-0.010065,-0.000134,-0.003992,-0.000004,0.000005,0.000004
2025-12-16 18:00:31.303,-0.010030,-0.000158,-0.004069,-0.000004,0.000005,0.000004
2025-12-16 18:00:31.304,-0.009995,-0.000181,-0.004146,-0.000004,0.000005,0.000004
2025-12-16 18:00:31.306,-0.009918,-0.000229,-0.004303,-0.000004,0.000005,0.000003
2025-12-16 18:00:31.307,-0.009881,-0.000254,-0.004381,-0.000004,0.000005,0.000004
2025-12-16 18:00:31.308,-0.009840,-0.000277,-0.004461,-0.000004,0.000005,0.000003
2025-12-16 18:00:31.309,-0.009801,-0.000303,-0.004539,-0.000004,0.000005,0.000003
2025-12-16 18:00:31.310,-0.009760,-0.000328,-0.004613,-0.000004,0.000005,0.000003
2025-12-16 18:00:31.311,-0.009715,-0.000351,-0.004689,-0.000004,0.000005,0.000003
2025-12-16 18:00:31.313,-0.009630,-0.000396,-0.004841,-0.000004,0.000005,0.000003
2025-12-16 18:00:31.314,-0.009587,-0.000420,-0.004913,-0.000004,0.000005,0.000003
2025-12-16 18:00:31.315,-0.009543,-0.000441,-0.004986,-0.000004,0.000005,0.000003
2025-12-16 18:00:31.316,-0.009500,-0.000457,-0.005058,-0.000004,0.000005,0.000003
2025-12-16 18:00:31.317,-0.009455,-0.000470,-0.005127,-0.000004,0.000005,0.000003
2025-12-16 18:00:31.318,-0.009409,-0.000485,-0.005190,-0.000004,0.000005,0.000003
2025-12-16 18:00:31.319,-0.009363,-0.000502,-0.005255,-0.000004,0.000005,0.000003
2025-12-16 18:00:31.320,-0.009320,-0.000518,-0.005317,-0.000004,0.000005,0.000003
2025-12-16 18:00:31.321,-0.009274,-0.000534,-0.005378,-0.000004,0.000005,0.000003
2025-12-16 18:00:31.322,-0.009230,-0.000553,-0.005440,-0.000004,0.000005,0.000003
2025-12-16 18:00:31.323,-0.009191,-0.000567,-0.005495,-0.000004,0.000005,0.000003
2025-12-16 18:00:31.324,-0.009111,-0.000589,-0.005600,-0.000004,0.000005,0.000003
2025-12-16 18:00:31.326,-0.009073,-0.000599,-0.005650,-0.000004,0.000005,0.000003
2025-12-16 18:00:31.327,-0.009033,-0.000613,-0.005699,-0.000004,0.000006,0.000003
2025-12-16 18:00:31.328,-0.008999,-0.000627,-0.005739,-0.000004,0.000005,0.000003
2025-12-16 18:00:31.329,-0.008966,-0.000635,-0.005780,-0.000004,0.000005,0.000003
2025-12-16 18:00:31.330,-0.008934,-0.000642,-0.005822,-0.000004,0.000005,0.000003
2025-12-16 18:00:31.331,-0.008905,-0.000648,-0.005864,-0.000004,0.000005,0.000003
2025-12-16 18:00:31.332,-0.008873,-0.000655,-0.005904,-0.000004,0.000005,0.000003
2025-12-16 18:00:31.333,-0.008841,-0.000660,-0.005937,-0.000004,0.000005,0.000003
2025-12-16 18:00:31.334,-0.008810,-0.000666,-0.005971,-0.000004,0.000006,0.000003
2025-12-16 18:00:31.336,-0.008781,-0.000672,-0.006005,-0.000004,0.000006,0.000003
2025-12-16 18:00:31.337,-0.008754,-0.000679,-0.006041,-0.000004,0.000006,0.000003
2025-12-16 18:00:31.338,-0.008729,-0.000686,-0.006079,-0.000004,0.000005,0.000003
2025-12-16 18:00:31.339,-0.008678,-0.000700,-0.006155,-0.000004,0.000005,0.000003
2025-12-16 18:00:31.340,-0.008657,-0.000700,-0.006191,-0.000004,0.000005,0.000003
2025-12-16 18:00:31.341,-0.008636,-0.000702,-0.006234,-0.000005,0.000005,0.000003
2025-12-16 18:00:31.342,-0.008615,-0.000701,-0.006277,-0.000004,0.000005,0.000003
2025-12-16 18:00:31.343,-0.008591,-0.000701,-0.006325,-0.000004,0.000005,0.000003
2025-12-16 18:00:31.344,-0.008566,-0.000704,-0.006376,-0.000005,0.000005,0.000003
2025-12-16 18:00:31.346,-0.008522,-0.000713,-0.006477,-0.000005,0.000006,0.000003
2025-12-16 18:00:31.347,-0.008499,-0.000716,-0.006532,-0.000004,0.000006,0.000003
2025-12-16 18:00:31.348,-0.008473,-0.000720,-0.006592,-0.000004,0.000005,0.000003
2025-12-16 18:00:31.349,-0.008446,-0.000729,-0.006650,-0.000004,0.000006,0.000003
2025-12-16 18:00:31.350,-0.008416,-0.000741,-0.006712,-0.000005,0.000006,0.000003
2025-12-16 18:00:31.351,-0.008387,-0.000755,-0.006776,-0.000004,0.000006,0.000003
2025-12-16 18:00:31.352,-0.008360,-0.000768,-0.006839,-0.000004,0.000006,0.000003
2025-12-16 18:00:31.353,-0.008332,-0.000778,-0.006911,-0.000005,0.000006,0.000003
2025-12-16 18:00:31.354,-0.008305,-0.000788,-0.006987,-0.000005,0.000006,0.000003
2025-12-16 18:00:31.355,-0.008276,-0.000798,-0.007061,-0.000005,0.000006,0.000003
2025-12-16 18:00:31.356,-0.008244,-0.000809,-0.007136,-0.000005,0.000006,0.000003
2025-12-16 18:00:31.357,-0.008208,-0.000821,-0.007213,-0.000004,0.000006,0.000003
2025-12-16 18:00:31.359,-0.008139,-0.000852,-0.007367,-0.000005,0.000006,0.000003
2025-12-16 18:00:31.360,-0.008102,-0.000872,-0.007445,-0.000005,0.000006,0.000003
2025-12-16 18:00:31.361,-0.008063,-0.000891,-0.007525,-0.000005,0.000006,0.000003
2025-12-16 18:00:31.362,-0.008023,-0.000911,-0.007607,-0.000005,0.000006,0.000003
2025-12-16 18:00:31.363,-0.007980,-0.000929,-0.007684,-0.000005,0.000006,0.000003
2025-12-16 18:00:31.364,-0.007938,-0.000947,-0.007767,-0.000005,0.000006,0.000003
2025-12-16 18:00:31.365,-0.007891,-0.000965,-0.007849,-0.000005,0.000006,0.000003
2025-12-16 18:00:31.366,-0.007842,-0.000983,-0.007930,-0.000005,0.000006,0.000003
2025-12-16 18:00:31.367,-0.007793,-0.001000,-0.008013,-0.000005,0.000006,0.000003
2025-12-16 18:00:31.369,-0.007688,-0.001029,-0.008175,-0.000005,0.000006,0.000003
2025-12-16 18:00:31.370,-0.007638,-0.001041,-0.008259,-0.000005,0.000006,0.000003
2025-12-16 18:00:31.371,-0.007584,-0.001053,-0.008339,-0.000005,0.000006,0.000003
2025-12-16 18:00:31.372,-0.007526,-0.001066,-0.008422,-0.000005,0.000006,0.000003
2025-12-16 18:00:31.374,-0.007407,-0.001094,-0.008576,-0.000005,0.000006,0.000003
2025-12-16 18:00:31.375,-0.007349,-0.001109,-0.008657,-0.000005,0.000006,0.000003
2025-12-16 18:00:31.376,-0.007289,-0.001125,-0.008737,-0.000005,0.000006,0.000003
2025-12-16 18:00:31.377,-0.007237,-0.001138,-0.008804,-0.000005,0.000006,0.000003
2025-12-16 18:00:31.379,-0.007115,-0.001156,-0.008958,-0.000005,0.000006,0.000003
2025-12-16 18:00:31.380,-0.007049,-0.001163,-0.009038,-0.000005,0.000006,0.000003
2025-12-16 18:00:31.381,-0.006983,-0.001169,-0.009110,-0.000006,0.000006,0.000003
2025-12-16 18:00:31.382,-0.006917,-0.001178,-0.009183,-0.000005,0.000006,0.000003
2025-12-16 18:00:31.383,-0.006850,-0.001185,-0.009256,-0.000006,0.000006,0.000003
2025-12-16 18:00:31.384,-0.006785,-0.001191,-0.009327,-0.000006,0.000006,0.000003
2025-12-16 18:00:31.385,-0.006719,-0.001198,-0.009396,-0.000006,0.000006,0.000003
2025-12-16 18:00:31.387,-0.006591,-0.001217,-0.009527,-0.000006,0.000006,0.000003
2025-12-16 18:00:31.388,-0.006525,-0.001225,-0.009594,-0.000006,0.000006,0.000002
2025-12-16 18:00:31.389,-0.006461,-0.001231,-0.009659,-0.000006,0.000006,0.000003
2025-12-16 18:00:31.390,-0.006400,-0.001239,-0.009722,-0.000006,0.000006,0.000003
2025-12-16 18:00:31.391,-0.006341,-0.001246,-0.009778,-0.000006,0.000006,0.000002
2025-12-16 18:00:31.392,-0.006285,-0.001250,-0.009833,-0.000006,0.000006,0.000003
2025-12-16 18:00:31.393,-0.006228,-0.001255,-0.009889,-0.000006,0.000006,0.000002
2025-12-16 18:00:31.394,-0.006170,-0.001261,-0.009946,-0.000006,0.000006,0.000002
2025-12-16 18:00:31.399,-0.005873,-0.001310,-0.010183,-0.000006,0.000006,0.000002
2025-12-16 18:00:31.400,-0.005819,-0.001320,-0.010226,-0.000006,0.000006,0.000002
2025-12-16 18:00:31.401,-0.005766,-0.001328,-0.010272,-0.000006,0.000006,0.000002
2025-12-16 18:00:31.402,-0.005709,-0.001336,-0.010317,-0.000006,0.000006,0.000002
2025-12-16 18:00:31.404,-0.005599,-0.001362,-0.010404,-0.000006,0.000006,0.000002
2025-12-16 18:00:31.405,-0.005547,-0.001376,-0.010450,-0.000006,0.000006,0.000002
2025-12-16 18:00:31.406,-0.005493,-0.001389,-0.010495,-0.000006,0.000006,0.000002
2025-12-16 18:00:31.407,-0.005437,-0.001401,-0.010535,-0.000006,0.000006,0.000002
2025-12-16 18:00:31.409,-0.005325,-0.001432,-0.010611,-0.000006,0.000006,0.000002
2025-12-16 18:00:31.411,-0.005207,-0.001462,-0.010695,-0.000006,0.000006,0.000002
2025-12-16 18:00:31.412,-0.005144,-0.001480,-0.010736,-0.000006,0.000006,0.000002
2025-12-16 18:00:31.413,-0.005081,-0.001497,-0.010774,-0.000006,0.000006,0.000002
2025-12-16 18:00:31.414,-0.005019,-0.001513,-0.010813,-0.000006,0.000006,0.000002
2025-12-16 18:00:31.416,-0.004898,-0.001540,-0.010887,-0.000006,0.000006,0.000002
2025-12-16 18:00:31.419,-0.004705,-0.001581,-0.011011,-0.000006,0.000006,0.000002
2025-12-16 18:00:31.421,-0.004589,-0.001615,-0.011080,-0.000006,0.000006,0.000002
2025-12-16 18:00:31.423,-0.004457,-0.001651,-0.011152,-0.000006,0.000006,0.000002
2025-12-16 18:00:31.424,-0.004390,-0.001666,-0.011185,-0.000006,0.000006,0.000002
2025-12-16 18:00:31.425,-0.004324,-0.001683,-0.011215,-0.000006,0.000005,0.000002
2025-12-16 18:00:31.426,-0.004261,-0.001700,-0.011246,-0.000006,0.000005,0.000002
2025-12-16 18:00:31.427,-0.004201,-0.001716,-0.011278,-0.000006,0.000005,0.000002
2025-12-16 18:00:31.429,-0.004082,-0.001743,-0.011348,-0.000006,0.000005,0.000002
2025-12-16 18:00:31.431,-0.003969,-0.001772,-0.011407,-0.000006,0.000005,0.000001
2025-12-16 18:00:31.432,-0.003919,-0.001786,-0.011436,-0.000006,0.000005,0.000002
2025-12-16 18:00:31.433,-0.003870,-0.001803,-0.011468,-0.000006,0.000005,0.000001
2025-12-16 18:00:31.434,-0.003820,-0.001818,-0.011494,-0.000006,0.000005,0.000001
2025-12-16 18:00:31.435,-0.003774,-0.001832,-0.011521,-0.000006,0.000005,0.000002
2025-12-16 18:00:31.437,-0.003689,-0.001866,-0.011583,-0.000006,0.000005,0.000001
2025-12-16 18:00:31.439,-0.003616,-0.001893,-0.011646,-0.000006,0.000005,0.000001
2025-12-16 18:00:31.440,-0.003583,-0.001904,-0.011681,-0.000006,0.000005,0.000001
2025-12-16 18:00:31.442,-0.003519,-0.001931,-0.011742,-0.000006,0.000005,0.000001
2025-12-16 18:00:31.443,-0.003495,-0.001951,-0.011773,-0.000006,0.000005,0.000001
2025-12-16 18:00:31.444,-0.003472,-0.001966,-0.011800,-0.000006,0.000005,0.000001
2025-12-16 18:00:31.445,-0.003445,-0.001980,-0.011830,-0.000006,0.000005,0.000001
2025-12-16 18:00:31.446,-0.003422,-0.001992,-0.011861,-0.000006,0.000005,0.000001
2025-12-16 18:00:31.448,-0.003381,-0.002020,-0.011924,-0.000006,0.000005,0.000001
2025-12-16 18:00:31.449,-0.003367,-0.002036,-0.011955,-0.000006,0.000005,0.000001
2025-12-16 18:00:31.450,-0.003353,-0.002052,-0.011987,-0.000006,0.000005,0.000001
2025-12-16 18:00:31.451,-0.003343,-0.002067,-0.012025,-0.000006,0.000005,0.000001
2025-12-16 18:00:31.453,-0.003320,-0.002095,-0.012093,-0.000006,0.000005,0.000001
2025-12-16 18:00:31.454,-0.003313,-0.002108,-0.012131,-0.000006,0.000005,0.000001
2025-12-16 18:00:31.455,-0.003304,-0.002125,-0.012168,-0.000006,0.000005,0.000001
2025-12-16 18:00:31.457,-0.003286,-0.002150,-0.012235,-0.000006,0.000005,0.000001
2025-12-16 18:00:31.458,-0.003276,-0.002166,-0.012265,-0.000006,0.000005,0.000001
2025-12-16 18:00:31.461,-0.003259,-0.002199,-0.012360,-0.000006,0.000005,0.000001
2025-12-16 18:00:31.462,-0.003253,-0.002209,-0.012394,-0.000006,0.000005,0.000001
2025-12-16 18:00:31.463,-0.003245,-0.002219,-0.012428,-0.000006,0.000005,0.000001
2025-12-16 18:00:31.464,-0.003237,-0.002229,-0.012463,-0.000006,0.000005,0.000001
2025-12-16 18:00:31.465,-0.003236,-0.002237,-0.012496,-0.000006,0.000005,0.000001
2025-12-16 18:00:31.466,-0.003233,-0.002243,-0.012525,-0.000006,0.000005,0.000001
2025-12-16 18:00:31.471,-0.003210,-0.002249,-0.012668,-0.000006,0.000005,0.000001
2025-12-16 18:00:31.472,-0.003210,-0.002245,-0.012699,-0.000006,0.000005,0.000001
2025-12-16 18:00:31.473,-0.003210,-0.002245,-0.012725,-0.000006,0.000005,0.000001
2025-12-16 18:00:31.474,-0.003209,-0.002244,-0.012755,-0.000006,0.000006,0.000001
2025-12-16 18:00:31.476,-0.003211,-0.002230,-0.012808,-0.000006,0.000006,0.000001
2025-12-16 18:00:31.477,-0.003217,-0.002220,-0.012837,-0.000006,0.000006,0.000001
2025-12-16 18:00:31.478,-0.003224,-0.002207,-0.012864,-0.000006,0.000006,0.000001
2025-12-16 18:00:31.481,-0.003236,-0.002183,-0.012944,-0.000006,0.000006,0.000001
2025-12-16 18:00:31.483,-0.003258,-0.002160,-0.012996,-0.000006,0.000006,0.000001
2025-12-16 18:00:31.484,-0.003274,-0.002148,-0.013024,-0.000006,0.000006,0.000001
2025-12-16 18:00:31.485,-0.003286,-0.002131,-0.013058,-0.000006,0.000006,0.000001
2025-12-16 18:00:31.486,-0.003299,-0.002114,-0.013088,-0.000006,0.000006,0.000002
2025-12-16 18:00:31.487,-0.003313,-0.002096,-0.013118,-0.000006,0.000006,0.000002
2025-12-16 18:00:31.488,-0.003327,-0.002080,-0.013142,-0.000006,0.000006,0.000001
2025-12-16 18:00:31.489,-0.003341,-0.002067,-0.013166,-0.000006,0.000006,0.000002
2025-12-16 18:00:31.491,-0.003376,-0.002034,-0.013221,-0.000007,0.000006,0.000001
2025-12-16 18:00:31.493,-0.003406,-0.002005,-0.013267,-0.000007,0.000006,0.000002
2025-12-16 18:00:31.494,-0.003420,-0.001988,-0.013284,-0.000007,0.000006,0.000002
2025-12-16 18:00:31.495,-0.003437,-0.001972,-0.013301,-0.000007,0.000006,0.000002
2025-12-16 18:00:31.496,-0.003453,-0.001955,-0.013322,-0.000007,0.000006,0.000002
2025-12-16 18:00:31.497,-0.003466,-0.001941,-0.013342,-0.000007,0.000006,0.000002
2025-12-16 18:00:31.499,-0.003496,-0.001907,-0.013379,-0.000007,0.000006,0.000002
2025-12-16 18:00:31.500,-0.003508,-0.001886,-0.013392,-0.000007,0.000006,0.000002
2025-12-16 18:00:31.501,-0.003522,-0.001867,-0.013405,-0.000007,0.000006,0.000002
2025-12-16 18:00:31.502,-0.003531,-0.001848,-0.013421,-0.000007,0.000006,0.000002
2025-12-16 18:00:31.503,-0.003541,-0.001832,-0.013433,-0.000007,0.000006,0.000002
2025-12-16 18:00:31.504,-0.003546,-0.001814,-0.013445,-0.000007,0.000006,0.000002
2025-12-16 18:00:31.505,-0.003552,-0.001803,-0.013453,-0.000007,0.000006,0.000002
2025-12-16 18:00:31.507,-0.003557,-0.001788,-0.013471,-0.000007,0.000006,0.000002
2025-12-16 18:00:31.511,-0.003570,-0.001752,-0.013484,-0.000007,0.000006,0.000002
2025-12-16 18:00:31.512,-0.003571,-0.001744,-0.013487,-0.000007,0.000006,0.000002
2025-12-16 18:00:31.513,-0.003574,-0.001734,-0.013497,-0.000007,0.000006,0.000002
2025-12-16 18:00:31.514,-0.003575,-0.001728,-0.013505,-0.000007,0.000006,0.000002
2025-12-16 18:00:31.515,-0.003576,-0.001725,-0.013513,-0.000007,0.000006,0.000002
2025-12-16 18:00:31.516,-0.003572,-0.001724,-0.013520,-0.000007,0.000006,0.000002
2025-12-16 18:00:31.518,-0.003570,-0.001726,-0.013527,-0.000007,0.000006,0.000002
2025-12-16 18:00:31.519,-0.003569,-0.001730,-0.013528,-0.000007,0.000006,0.000002
2025-12-16 18:00:31.521,-0.003566,-0.001741,-0.013526,-0.000007,0.000006,0.000002
2025-12-16 18:00:31.522,-0.003565,-0.001747,-0.013525,-0.000007,0.000006,0.000002
2025-12-16 18:00:31.523,-0.003564,-0.001752,-0.013528,-0.000007,0.000006,0.000002
2025-12-16 18:00:31.524,-0.003567,-0.001761,-0.013530,-0.000007,0.000006,0.000002
2025-12-16 18:00:31.525,-0.003566,-0.001770,-0.013533,-0.000007,0.000006,0.000002
2025-12-16 18:00:31.526,-0.003568,-0.001776,-0.013534,-0.000007,0.000006,0.000001
2025-12-16 18:00:31.527,-0.003571,-0.001786,-0.013537,-0.000007,0.000006,0.000001
2025-12-16 18:00:31.528,-0.003569,-0.001795,-0.013543,-0.000007,0.000006,0.000002
2025-12-16 18:00:31.530,-0.003568,-0.001821,-0.013545,-0.000007,0.000006,0.000001
2025-12-16 18:00:31.531,-0.003571,-0.001838,-0.013540,-0.000007,0.000006,0.000002
2025-12-16 18:00:31.532,-0.003575,-0.001853,-0.013535,-0.000007,0.000006,0.000001
2025-12-16 18:00:31.533,-0.003577,-0.001869,-0.013528,-0.000007,0.000006,0.000001
2025-12-16 18:00:31.534,-0.003583,-0.001883,-0.013526,-0.000007,0.000006,0.000001
2025-12-16 18:00:31.537,-0.003598,-0.001909,-0.013521,-0.000007,0.000006,0.000002
2025-12-16 18:00:31.538,-0.003605,-0.001924,-0.013516,-0.000007,0.000006,0.000002
2025-12-16 18:00:31.540,-0.003619,-0.001945,-0.013512,-0.000007,0.000006,0.000001
2025-12-16 18:00:31.541,-0.003628,-0.001951,-0.013513,-0.000007,0.000006,0.000001
2025-12-16 18:00:31.543,-0.003657,-0.001975,-0.013508,-0.000007,0.000006,0.000001
2025-12-16 18:00:31.544,-0.003671,-0.001983,-0.013500,-0.000007,0.000006,0.000001
2025-12-16 18:00:31.545,-0.003688,-0.001989,-0.013491,-0.000007,0.000006,0.000001
2025-12-16 18:00:31.547,-0.003723,-0.002002,-0.013470,-0.000007,0.000006,0.000001
2025-12-16 18:00:31.548,-0.003744,-0.002006,-0.013460,-0.000007,0.000006,0.000002
2025-12-16 18:00:31.549,-0.003764,-0.002008,-0.013450,-0.000007,0.000006,0.000002
2025-12-16 18:00:31.551,-0.003804,-0.002008,-0.013432,-0.000007,0.000006,0.000002
2025-12-16 18:00:31.552,-0.003822,-0.002006,-0.013420,-0.000007,0.000006,0.000002
2025-12-16 18:00:31.553,-0.003839,-0.002003,-0.013407,-0.000007,0.000006,0.000002
2025-12-16 18:00:31.554,-0.003856,-0.002002,-0.013387,-0.000007,0.000006,0.000002
2025-12-16 18:00:31.555,-0.003875,-0.002003,-0.013367,-0.000007,0.000006,0.000002
2025-12-16 18:00:31.556,-0.003895,-0.001997,-0.013344,-0.000007,0.000006,0.000002
2025-12-16 18:00:31.557,-0.003917,-0.001990,-0.013323,-0.000007,0.000006,0.000002
2025-12-16 18:00:31.558,-0.003939,-0.001982,-0.013300,-0.000007,0.000006,0.000002
2025-12-16 18:00:31.561,-0.003998,-0.001968,-0.013228,-0.000007,0.000006,0.000002
2025-12-16 18:00:31.563,-0.004026,-0.001950,-0.013170,-0.000007,0.000006,0.000002
2025-12-16 18:00:31.564,-0.004037,-0.001941,-0.013143,-0.000007,0.000006,0.000002
2025-12-16 18:00:31.565,-0.004049,-0.001933,-0.013114,-0.000007,0.000006,0.000002
2025-12-16 18:00:31.567,-0.004069,-0.001917,-0.013054,-0.000006,0.000006,0.000002
2025-12-16 18:00:31.568,-0.004077,-0.001909,-0.013021,-0.000006,0.000006,0.000002
2025-12-16 18:00:31.571,-0.004116,-0.001876,-0.012923,-0.000006,0.000006,0.000002
2025-12-16 18:00:31.572,-0.004129,-0.001861,-0.012896,-0.000006,0.000006,0.000002
2025-12-16 18:00:31.574,-0.004147,-0.001827,-0.012844,-0.000006,0.000006,0.000002
2025-12-16 18:00:31.576,-0.004155,-0.001795,-0.012797,-0.000007,0.000006,0.000002
2025-12-16 18:00:31.577,-0.004160,-0.001782,-0.012773,-0.000007,0.000006,0.000002
2025-12-16 18:00:31.578,-0.004164,-0.001772,-0.012748,-0.000007,0.000006,0.000002
2025-12-16 18:00:31.579,-0.004167,-0.001758,-0.012723,-0.000007,0.000006,0.000002
2025-12-16 18:00:31.581,-0.004182,-0.001724,-0.012686,-0.000007,0.000006,0.000002
2025-12-16 18:00:31.582,-0.004192,-0.001710,-0.012668,-0.000007,0.000006,0.000002
2025-12-16 18:00:31.585,-0.004219,-0.001677,-0.012611,-0.000007,0.000006,0.000002
2025-12-16 18:00:31.586,-0.004227,-0.001665,-0.012593,-0.000006,0.000006,0.000002
2025-12-16 18:00:31.588,-0.004247,-0.001634,-0.012570,-0.000006,0.000006,0.000002
2025-12-16 18:00:31.589,-0.004251,-0.001622,-0.012566,-0.000006,0.000006,0.000002
2025-12-16 18:00:31.590,-0.004256,-0.001613,-0.012562,-0.000006,0.000006,0.000002
2025-12-16 18:00:31.591,-0.004261,-0.001605,-0.012559,-0.000006,0.000006,0.000002
2025-12-16 18:00:31.592,-0.004274,-0.001603,-0.012549,-0.000006,0.000006,0.000002
2025-12-16 18:00:31.594,-0.004284,-0.001603,-0.012544,-0.000006,0.000006,0.000002
2025-12-16 18:00:31.595,-0.004294,-0.001599,-0.012540,-0.000006,0.000006,0.000002
2025-12-16 18:00:31.596,-0.004302,-0.001594,-0.012539,-0.000006,0.000006,0.000002
2025-12-16 18:00:31.598,-0.004313,-0.001585,-0.012543,-0.000006,0.000006,0.000002
2025-12-16 18:00:31.599,-0.004322,-0.001582,-0.012553,-0.000007,0.000006,0.000002
2025-12-16 18:00:31.601,-0.004332,-0.001589,-0.012570,-0.000006,0.000006,0.000002
2025-12-16 18:00:31.603,-0.004341,-0.001586,-0.012589,-0.000007,0.000006,0.000002
2025-12-16 18:00:31.604,-0.004345,-0.001584,-0.012600,-0.000006,0.000006,0.000002
2025-12-16 18:00:31.606,-0.004356,-0.001586,-0.012648,-0.000006,0.000006,0.000002
2025-12-16 18:00:31.608,-0.004358,-0.001592,-0.012666,-0.000007,0.000006,0.000002
2025-12-16 18:00:31.609,-0.004359,-0.001597,-0.012681,-0.000006,0.000006,0.000002
2025-12-16 18:00:31.610,-0.004361,-0.001602,-0.012699,-0.000007,0.000006,0.000002
2025-12-16 18:00:31.611,-0.004362,-0.001601,-0.012716,-0.000007,0.000006,0.000002
2025-12-16 18:00:31.613,-0.004357,-0.001599,-0.012758,-0.000007,0.000006,0.000002
2025-12-16 18:00:31.614,-0.004355,-0.001598,-0.012779,-0.000007,0.000006,0.000002
2025-12-16 18:00:31.615,-0.004352,-0.001601,-0.012797,-0.000007,0.000006,0.000002
2025-12-16 18:00:31.616,-0.004345,-0.001612,-0.012832,-0.000007,0.000006,0.000002
2025-12-16 18:00:31.618,-0.004339,-0.001617,-0.012852,-0.000007,0.000006,0.000002
2025-12-16 18:00:31.619,-0.004329,-0.001621,-0.012866,-0.000007,0.000006,0.000002
2025-12-16 18:00:31.620,-0.004320,-0.001624,-0.012882,-0.000007,0.000006,0.000002
2025-12-16 18:00:31.621,-0.004308,-0.001627,-0.012897,-0.000007,0.000006,0.000002
2025-12-16 18:00:31.622,-0.004292,-0.001635,-0.012915,-0.000007,0.000006,0.000002
2025-12-16 18:00:31.623,-0.004278,-0.001638,-0.012928,-0.000007,0.000006,0.000002
2025-12-16 18:00:31.625,-0.004238,-0.001642,-0.012957,-0.000007,0.000006,0.000002
2025-12-16 18:00:31.626,-0.004218,-0.001643,-0.012969,-0.000007,0.000006,0.000002
2025-12-16 18:00:31.627,-0.004196,-0.001644,-0.012978,-0.000007,0.000006,0.000002
2025-12-16 18:00:31.628,-0.004171,-0.001645,-0.012983,-0.000007,0.000006,0.000002
2025-12-16 18:00:31.629,-0.004145,-0.001645,-0.012987,-0.000007,0.000006,0.000002
2025-12-16 18:00:31.631,-0.004117,-0.001645,-0.012987,-0.000007,0.000006,0.000002
2025-12-16 18:00:31.632,-0.004089,-0.001646,-0.012988,-0.000007,0.000006,0.000002
2025-12-16 18:00:31.633,-0.004060,-0.001646,-0.012985,-0.000007,0.000006,0.000002
2025-12-16 18:00:31.634,-0.004031,-0.001646,-0.012983,-0.000007,0.000006,0.000002
2025-12-16 18:00:31.635,-0.003996,-0.001647,-0.012981,-0.000006,0.000006,0.000002
2025-12-16 18:00:31.636,-0.003961,-0.001648,-0.012981,-0.000006,0.000006,0.000002
2025-12-16 18:00:31.637,-0.003926,-0.001648,-0.012973,-0.000006,0.000006,0.000002
2025-12-16 18:00:31.638,-0.003857,-0.001647,-0.012957,-0.000006,0.000006,0.000002
2025-12-16 18:00:31.640,-0.003823,-0.001647,-0.012945,-0.000006,0.000006,0.000002
2025-12-16 18:00:31.641,-0.003789,-0.001645,-0.012926,-0.000006,0.000006,0.000002
2025-12-16 18:00:31.642,-0.003721,-0.001641,-0.012889,-0.000007,0.000006,0.000002
2025-12-16 18:00:31.643,-0.003687,-0.001639,-0.012870,-0.000006,0.000006,0.000002
2025-12-16 18:00:31.645,-0.003635,-0.001647,-0.012815,-0.000006,0.000006,0.000002
2025-12-16 18:00:31.646,-0.003609,-0.001648,-0.012787,-0.000006,0.000006,0.000002
2025-12-16 18:00:31.647,-0.003579,-0.001648,-0.012761,-0.000006,0.000006,0.000002
2025-12-16 18:00:31.648,-0.003552,-0.001646,-0.012735,-0.000006,0.000006,0.000002
2025-12-16 18:00:31.649,-0.003528,-0.001644,-0.012708,-0.000006,0.000006,0.000001
2025-12-16 18:00:31.650,-0.003500,-0.001642,-0.012684,-0.000006,0.000006,0.000002
2025-12-16 18:00:31.651,-0.003446,-0.001650,-0.012630,-0.000006,0.000006,0.000001
2025-12-16 18:00:31.653,-0.003421,-0.001657,-0.012601,-0.000006,0.000006,0.000001
2025-12-16 18:00:31.654,-0.003401,-0.001662,-0.012571,-0.000006,0.000006,0.000001
2025-12-16 18:00:31.655,-0.003380,-0.001665,-0.012543,-0.000006,0.000006,0.000001
2025-12-16 18:00:31.656,-0.003356,-0.001671,-0.012514,-0.000006,0.000006,0.000001
2025-12-16 18:00:31.657,-0.003334,-0.001676,-0.012485,-0.000006,0.000006,0.000001
2025-12-16 18:00:31.659,-0.003291,-0.001682,-0.012434,-0.000006,0.000006,0.000001
2025-12-16 18:00:31.660,-0.003270,-0.001688,-0.012417,-0.000006,0.000006,0.000001
2025-12-16 18:00:31.661,-0.003252,-0.001694,-0.012399,-0.000006,0.000006,0.000001
2025-12-16 18:00:31.662,-0.003232,-0.001698,-0.012381,-0.000006,0.000006,0.000001
2025-12-16 18:00:31.663,-0.003210,-0.001702,-0.012367,-0.000006,0.000006,0.000001
2025-12-16 18:00:31.665,-0.003177,-0.001713,-0.012334,-0.000006,0.000006,0.000001
2025-12-16 18:00:31.666,-0.003159,-0.001719,-0.012324,-0.000006,0.000005,0.000001
2025-12-16 18:00:31.667,-0.003145,-0.001726,-0.012309,-0.000006,0.000005,0.000001
2025-12-16 18:00:31.668,-0.003131,-0.001733,-0.012297,-0.000006,0.000005,0.000001
2025-12-16 18:00:31.669,-0.003119,-0.001739,-0.012287,-0.000006,0.000005,0.000001
2025-12-16 18:00:31.671,-0.003088,-0.001748,-0.012276,-0.000006,0.000005,0.000001
2025-12-16 18:00:31.672,-0.003072,-0.001750,-0.012272,-0.000006,0.000005,0.000001
2025-12-16 18:00:31.673,-0.003058,-0.001756,-0.012266,-0.000006,0.000005,0.000001
2025-12-16 18:00:31.674,-0.003042,-0.001762,-0.012263,-0.000006,0.000005,0.000001
2025-12-16 18:00:31.675,-0.003028,-0.001767,-0.012256,-0.000006,0.000005,0.000001
2025-12-16 18:00:31.676,-0.003016,-0.001771,-0.012255,-0.000006,0.000005,0.000001
2025-12-16 18:00:31.677,-0.003003,-0.001773,-0.012252,-0.000006,0.000005,0.000001
2025-12-16 18:00:31.679,-0.002975,-0.001781,-0.012247,-0.000006,0.000005,0.000001
2025-12-16 18:00:31.680,-0.002962,-0.001782,-0.012243,-0.000006,0.000005,0.000001
2025-12-16 18:00:31.681,-0.002945,-0.001781,-0.012235,-0.000006,0.000005,0.000001
2025-12-16 18:00:31.682,-0.002926,-0.001785,-0.012232,-0.000006,0.000005,0.000001
2025-12-16 18:00:31.683,-0.002908,-0.001789,-0.012226,-0.000006,0.000005,0.000001
2025-12-16 18:00:31.684,-0.002889,-0.001788,-0.012219,-0.000006,0.000005,0.000001
2025-12-16 18:00:31.685,-0.002847,-0.001792,-0.012203,-0.000006,0.000005,0.000001
2025-12-16 18:00:31.687,-0.002827,-0.001794,-0.012195,-0.000006,0.000005,0.000001
2025-12-16 18:00:31.688,-0.002804,-0.001795,-0.012186,-0.000006,0.000005,0.000001
2025-12-16 18:00:31.690,-0.002760,-0.001799,-0.012155,-0.000006,0.000005,0.000001
2025-12-16 18:00:31.691,-0.002737,-0.001800,-0.012143,-0.000006,0.000005,0.000001
2025-12-16 18:00:31.692,-0.002711,-0.001803,-0.012129,-0.000006,0.000005,0.000001
2025-12-16 18:00:31.693,-0.002684,-0.001802,-0.012115,-0.000006,0.000005,0.000001
2025-12-16 18:00:31.695,-0.002625,-0.001801,-0.012083,-0.000006,0.000005,0.000001
2025-12-16 18:00:31.696,-0.002595,-0.001799,-0.012065,-0.000006,0.000005,0.000001
2025-12-16 18:00:31.697,-0.002564,-0.001796,-0.012047,-0.000006,0.000005,0.000001
2025-12-16 18:00:31.698,-0.002527,-0.001797,-0.012029,-0.000006,0.000005,0.000001
2025-12-16 18:00:31.699,-0.002490,-0.001794,-0.012006,-0.000006,0.000005,0.000001
2025-12-16 18:00:31.700,-0.002453,-0.001791,-0.011988,-0.000006,0.000005,0.000001
2025-12-16 18:00:31.701,-0.002417,-0.001793,-0.011969,-0.000006,0.000005,0.000001
2025-12-16 18:00:31.702,-0.002381,-0.001790,-0.011946,-0.000006,0.000005,0.000001
2025-12-16 18:00:31.705,-0.002307,-0.001787,-0.011898,-0.000005,0.000005,0.000001
2025-12-16 18:00:31.706,-0.002228,-0.001780,-0.011845,-0.000005,0.000005,0.000001
2025-12-16 18:00:31.707,-0.002187,-0.001772,-0.011822,-0.000005,0.000005,0.000001
2025-12-16 18:00:31.708,-0.002147,-0.001764,-0.011802,-0.000005,0.000005,0.000001
2025-12-16 18:00:31.709,-0.002104,-0.001757,-0.011784,-0.000005,0.000005,0.000001
2025-12-16 18:00:31.710,-0.002028,-0.001744,-0.011733,-0.000005,0.000005,0.000001
2025-12-16 18:00:31.712,-0.001993,-0.001734,-0.011704,-0.000005,0.000005,0.000001
2025-12-16 18:00:31.713,-0.001955,-0.001725,-0.011676,-0.000005,0.000005,0.000001
2025-12-16 18:00:31.714,-0.001916,-0.001716,-0.011646,-0.000005,0.000005,0.000001
2025-12-16 18:00:31.715,-0.001877,-0.001707,-0.011615,-0.000005,0.000005,0.000001
2025-12-16 18:00:31.716,-0.001838,-0.001698,-0.011584,-0.000005,0.000005,0.000001
2025-12-16 18:00:31.718,-0.001763,-0.001677,-0.011535,-0.000005,0.000005,0.000001
2025-12-16 18:00:31.721,-0.001660,-0.001653,-0.011446,-0.000004,0.000005,0.000001
2025-12-16 18:00:31.722,-0.001626,-0.001643,-0.011413,-0.000004,0.000005,0.000001
2025-12-16 18:00:31.723,-0.001594,-0.001633,-0.011380,-0.000004,0.000005,0.000001
2025-12-16 18:00:31.724,-0.001567,-0.001621,-0.011350,-0.000004,0.000004,0.000001
2025-12-16 18:00:31.725,-0.001542,-0.001609,-0.011321,-0.000005,0.000005,0.000001
2025-12-16 18:00:31.726,-0.001491,-0.001588,-0.011258,-0.000005,0.000004,0.000001
2025-12-16 18:00:31.728,-0.001466,-0.001580,-0.011221,-0.000005,0.000004,0.000001
2025-12-16 18:00:31.729,-0.001443,-0.001572,-0.011184,-0.000005,0.000004,0.000001
2025-12-16 18:00:31.730,-0.001421,-0.001561,-0.011152,-0.000005,0.000004,0.000001
2025-12-16 18:00:31.731,-0.001398,-0.001551,-0.011122,-0.000005,0.000004,0.000001
2025-12-16 18:00:31.732,-0.001377,-0.001542,-0.011093,-0.000005,0.000004,0.000001
2025-12-16 18:00:31.733,-0.001358,-0.001533,-0.011059,-0.000005,0.000004,0.000001
2025-12-16 18:00:31.735,-0.001322,-0.001520,-0.011003,-0.000005,0.000004,0.000001
2025-12-16 18:00:31.736,-0.001307,-0.001513,-0.010970,-0.000005,0.000004,0.000001
2025-12-16 18:00:31.737,-0.001298,-0.001507,-0.010934,-0.000005,0.000004,0.000001
2025-12-16 18:00:31.738,-0.001293,-0.001496,-0.010899,-0.000005,0.000004,0.000001
2025-12-16 18:00:31.739,-0.001286,-0.001485,-0.010867,-0.000005,0.000004,0.000001
2025-12-16 18:00:31.740,-0.001277,-0.001475,-0.010836,-0.000005,0.000004,0.000001
2025-12-16 18:00:31.741,-0.001273,-0.001466,-0.010803,-0.000005,0.000004,0.000001
2025-12-16 18:00:31.742,-0.001272,-0.001458,-0.010775,-0.000005,0.000004,0.000001
2025-12-16 18:00:31.745,-0.001268,-0.001437,-0.010679,-0.000005,0.000004,0.000001
2025-12-16 18:00:31.746,-0.001270,-0.001430,-0.010643,-0.000005,0.000004,0.000001
2025-12-16 18:00:31.747,-0.001271,-0.001424,-0.010611,-0.000005,0.000004,0.000001
2025-12-16 18:00:31.748,-0.001274,-0.001422,-0.010574,-0.000005,0.000004,0.000001
2025-12-16 18:00:31.749,-0.001276,-0.001420,-0.010534,-0.000005,0.000004,0.000001
2025-12-16 18:00:31.750,-0.001277,-0.001419,-0.010496,-0.000005,0.000004,0.000001
2025-12-16 18:00:31.751,-0.001280,-0.001420,-0.010450,-0.000005,0.000004,0.000001
2025-12-16 18:00:31.752,-0.001282,-0.001420,-0.010404,-0.000005,0.000004,0.000001
2025-12-16 18:00:31.755,-0.001298,-0.001419,-0.010275,-0.000005,0.000004,0.000001
2025-12-16 18:00:31.756,-0.001304,-0.001420,-0.010231,-0.000004,0.000004,0.000001
2025-12-16 18:00:31.757,-0.001306,-0.001420,-0.010184,-0.000004,0.000004,0.000001
2025-12-16 18:00:31.758,-0.001310,-0.001421,-0.010135,-0.000005,0.000004,0.000001
2025-12-16 18:00:31.759,-0.001323,-0.001422,-0.010035,-0.000004,0.000004,0.000001
2025-12-16 18:00:31.760,-0.001330,-0.001424,-0.009983,-0.000004,0.000004,0.000001
2025-12-16 18:00:31.763,-0.001343,-0.001424,-0.009874,-0.000004,0.000004,0.000001
2025-12-16 18:00:31.764,-0.001349,-0.001422,-0.009824,-0.000004,0.000004,0.000001
2025-12-16 18:00:31.765,-0.001355,-0.001422,-0.009769,-0.000004,0.000004,0.000001
2025-12-16 18:00:31.766,-0.001361,-0.001422,-0.009722,-0.000004,0.000004,0.000001
2025-12-16 18:00:31.769,-0.001384,-0.001405,-0.009578,-0.000004,0.000004,0.000001
2025-12-16 18:00:31.770,-0.001399,-0.001392,-0.009481,-0.000004,0.000004,0.000001
2025-12-16 18:00:31.772,-0.001410,-0.001382,-0.009431,-0.000004,0.000004,0.000001
2025-12-16 18:00:31.773,-0.001419,-0.001375,-0.009381,-0.000004,0.000004,0.000001
2025-12-16 18:00:31.774,-0.001424,-0.001370,-0.009328,-0.000004,0.000004,0.000001
2025-12-16 18:00:31.777,-0.001451,-0.001339,-0.009185,-0.000004,0.000004,0.000001
2025-12-16 18:00:31.779,-0.001466,-0.001321,-0.009102,-0.000004,0.000004,0.000001
2025-12-16 18:00:31.781,-0.001488,-0.001301,-0.009030,-0.000004,0.000004,0.000001
2025-12-16 18:00:31.782,-0.001501,-0.001289,-0.008997,-0.000004,0.000004,0.000001
2025-12-16 18:00:31.783,-0.001511,-0.001277,-0.008960,-0.000004,0.000004,0.000001
2025-12-16 18:00:31.784,-0.001523,-0.001267,-0.008927,-0.000004,0.000004,0.000001
2025-12-16 18:00:31.787,-0.001555,-0.001238,-0.008839,-0.000004,0.000004,0.000001
2025-12-16 18:00:31.788,-0.001566,-0.001233,-0.008809,-0.000004,0.000004,0.000001
2025-12-16 18:00:31.789,-0.001576,-0.001223,-0.008779,-0.000004,0.000004,0.000001
2025-12-16 18:00:31.790,-0.001603,-0.001204,-0.008730,-0.000004,0.000004,0.000001
2025-12-16 18:00:31.792,-0.001617,-0.001191,-0.008709,-0.000004,0.000004,0.000001
2025-12-16 18:00:31.793,-0.001633,-0.001174,-0.008692,-0.000004,0.000004,0.000001
2025-12-16 18:00:31.794,-0.001648,-0.001159,-0.008680,-0.000004,0.000004,0.000001
2025-12-16 18:00:31.795,-0.001663,-0.001145,-0.008664,-0.000004,0.000004,0.000001
2025-12-16 18:00:31.797,-0.001691,-0.001124,-0.008636,-0.000004,0.000004,0.000001
2025-12-16 18:00:31.798,-0.001709,-0.001108,-0.008627,-0.000004,0.000004,0.000001
2025-12-16 18:00:31.801,-0.001748,-0.001065,-0.008598,-0.000004,0.000004,0.000001
2025-12-16 18:00:31.802,-0.001759,-0.001050,-0.008587,-0.000004,0.000004,0.000001
2025-12-16 18:00:31.803,-0.001769,-0.001038,-0.008582,-0.000004,0.000004,0.000001
2025-12-16 18:00:31.804,-0.001777,-0.001028,-0.008574,-0.000004,0.000004,0.000001
2025-12-16 18:00:31.805,-0.001783,-0.001019,-0.008563,-0.000004,0.000004,0.000001
2025-12-16 18:00:31.806,-0.001792,-0.001003,-0.008558,-0.000004,0.000004,0.000001
2025-12-16 18:00:31.807,-0.001801,-0.000987,-0.008551,-0.000004,0.000004,0.000001
2025-12-16 18:00:31.811,-0.001817,-0.000932,-0.008526,-0.000004,0.000004,0.000001
2025-12-16 18:00:31.812,-0.001813,-0.000923,-0.008516,-0.000004,0.000004,0.000001
2025-12-16 18:00:31.813,-0.001808,-0.000916,-0.008503,-0.000004,0.000004,0.000001
2025-12-16 18:00:31.814,-0.001804,-0.000906,-0.008492,-0.000004,0.000004,0.000001
2025-12-16 18:00:31.816,-0.001789,-0.000889,-0.008478,-0.000004,0.000004,0.000001
2025-12-16 18:00:31.818,-0.001771,-0.000871,-0.008450,-0.000004,0.000004,0.000001
2025-12-16 18:00:31.819,-0.001759,-0.000867,-0.008436,-0.000004,0.000004,0.000001
2025-12-16 18:00:31.821,-0.001731,-0.000851,-0.008394,-0.000004,0.000004,0.000001
2025-12-16 18:00:31.822,-0.001715,-0.000849,-0.008374,-0.000004,0.000004,0.000001
2025-12-16 18:00:31.823,-0.001699,-0.000843,-0.008350,-0.000004,0.000004,0.000001
2025-12-16 18:00:31.825,-0.001665,-0.000831,-0.008297,-0.000004,0.000004,0.000001
2025-12-16 18:00:31.826,-0.001645,-0.000829,-0.008263,-0.000004,0.000004,0.000001
2025-12-16 18:00:31.827,-0.001623,-0.000825,-0.008231,-0.000004,0.000004,0.000001
2025-12-16 18:00:31.828,-0.001602,-0.000819,-0.008199,-0.000003,0.000004,0.000001
2025-12-16 18:00:31.829,-0.001579,-0.000818,-0.008162,-0.000004,0.000004,0.000001
2025-12-16 18:00:31.830,-0.001542,-0.000807,-0.008085,-0.000004,0.000004,0.000001
2025-12-16 18:00:31.835,-0.001487,-0.000806,-0.007954,-0.000003,0.000003,0.000001
2025-12-16 18:00:31.836,-0.001468,-0.000808,-0.007906,-0.000003,0.000003,0.000001
2025-12-16 18:00:31.837,-0.001450,-0.000809,-0.007855,-0.000003,0.000003,0.000001
2025-12-16 18:00:31.838,-0.001434,-0.000809,-0.007805,-0.000003,0.000003,0.000001
2025-12-16 18:00:31.839,-0.001416,-0.000807,-0.007756,-0.000003,0.000003,0.000001
2025-12-16 18:00:31.840,-0.001398,-0.000804,-0.007704,-0.000003,0.000003,0.000001
2025-12-16 18:00:31.841,-0.001387,-0.000804,-0.007651,-0.000003,0.000003,0.000001
2025-12-16 18:00:31.843,-0.001378,-0.000804,-0.007600,-0.000003,0.000003,0.000001
2025-12-16 18:00:31.844,-0.001370,-0.000802,-0.007543,-0.000003,0.000003,0.000001
2025-12-16 18:00:31.847,-0.001349,-0.000805,-0.007430,-0.000003,0.000003,0.000001
2025-12-16 18:00:31.848,-0.001313,-0.000809,-0.007197,-0.000003,0.000003,0.000001
2025-12-16 18:00:31.849,-0.001325,-0.000806,-0.007164,-0.000003,0.000003,0.000001
2025-12-16 18:00:31.851,-0.001335,-0.000808,-0.007067,-0.000003,0.000003,0.000001
2025-12-16 18:00:31.853,-0.001342,-0.000811,-0.006962,-0.000003,0.000003,0.000001
2025-12-16 18:00:31.854,-0.001343,-0.000814,-0.006912,-0.000003,0.000003,0.000001
2025-12-16 18:00:31.855,-0.001346,-0.000815,-0.006862,-0.000003,0.000003,0.000001
2025-12-16 18:00:31.856,-0.001350,-0.000814,-0.006815,-0.000003,0.000003,0.000001
2025-12-16 18:00:31.858,-0.001354,-0.000823,-0.006724,-0.000003,0.000003,0.000001
2025-12-16 18:00:31.859,-0.001357,-0.000829,-0.006680,-0.000003,0.000003,0.000001
2025-12-16 18:00:31.860,-0.001358,-0.000833,-0.006638,-0.000003,0.000003,0.000001
2025-12-16 18:00:31.861,-0.001358,-0.000836,-0.006599,-0.000003,0.000003,0.000001
2025-12-16 18:00:31.863,-0.001363,-0.000845,-0.006529,-0.000003,0.000003,0.000001
2025-12-16 18:00:31.865,-0.001377,-0.000853,-0.006463,-0.000003,0.000003,0.000001
2025-12-16 18:00:31.866,-0.001380,-0.000858,-0.006431,-0.000003,0.000003,0.000001
2025-12-16 18:00:31.867,-0.001382,-0.000861,-0.006401,-0.000003,0.000003,0.000001
2025-12-16 18:00:31.869,-0.001381,-0.000874,-0.006352,-0.000003,0.000003,0.000001
2025-12-16 18:00:31.870,-0.001379,-0.000879,-0.006330,-0.000003,0.000003,0.000001
2025-12-16 18:00:31.871,-0.001376,-0.000886,-0.006306,-0.000003,0.000003,0.000001
2025-12-16 18:00:31.872,-0.001370,-0.000898,-0.006261,-0.000003,0.000003,0.000001
2025-12-16 18:00:31.874,-0.001367,-0.000901,-0.006242,-0.000003,0.000003,0.000001
2025-12-16 18:00:31.877,-0.001356,-0.000922,-0.006183,-0.000002,0.000003,0.000001
2025-12-16 18:00:31.879,-0.001351,-0.000929,-0.006158,-0.000003,0.000003,0.000001
2025-12-16 18:00:31.880,-0.001349,-0.000933,-0.006144,-0.000003,0.000003,0.000001
2025-12-16 18:00:31.881,-0.001346,-0.000938,-0.006133,-0.000002,0.000003,0.000001
2025-12-16 18:00:31.883,-0.001328,-0.000946,-0.006118,-0.000002,0.000003,0.000001
2025-12-16 18:00:31.884,-0.001308,-0.000953,-0.006114,-0.000003,0.000003,0.000001
2025-12-16 18:00:31.886,-0.001301,-0.000955,-0.006117,-0.000003,0.000003,0.000001
2025-12-16 18:00:31.889,-0.001273,-0.000951,-0.006109,-0.000002,0.000003,0.000001
2025-12-16 18:00:31.890,-0.001261,-0.000952,-0.006102,-0.000002,0.000003,0.000001
2025-12-16 18:00:31.891,-0.001251,-0.000948,-0.006099,-0.000002,0.000003,0.000001
2025-12-16 18:00:31.892,-0.001244,-0.000944,-0.006097,-0.000002,0.000003,0.000001
2025-12-16 18:00:31.893,-0.001233,-0.000940,-0.006092,-0.000002,0.000003,0.000001
2025-12-16 18:00:31.895,-0.001210,-0.000930,-0.006087,-0.000002,0.000003,0.000001
2025-12-16 18:00:31.896,-0.001199,-0.000923,-0.006084,-0.000002,0.000003,0.000001
2025-12-16 18:00:31.897,-0.001185,-0.000917,-0.006081,-0.000002,0.000003,0.000001
2025-12-16 18:00:31.899,-0.001157,-0.000909,-0.006068,-0.000002,0.000003,0.000001
2025-12-16 18:00:31.900,-0.001143,-0.000901,-0.006060,-0.000002,0.000003,0.000001
2025-12-16 18:00:31.901,-0.001128,-0.000894,-0.006055,-0.000002,0.000003,0.000001
2025-12-16 18:00:31.902,-0.001115,-0.000883,-0.006047,-0.000002,0.000002,0.000001
2025-12-16 18:00:31.903,-0.001105,-0.000873,-0.006041,-0.000002,0.000002,0.000001
2025-12-16 18:00:31.905,-0.001080,-0.000852,-0.006021,-0.000002,0.000003,0.000001
2025-12-16 18:00:31.906,-0.001066,-0.000841,-0.006007,-0.000002,0.000003,0.000001
2025-12-16 18:00:31.907,-0.001047,-0.000824,-0.005981,-0.000002,0.000003,0.000001
2025-12-16 18:00:31.909,-0.001039,-0.000814,-0.005976,-0.000002,0.000003,0.000001
2025-12-16 18:00:31.910,-0.001032,-0.000809,-0.005966,-0.000002,0.000002,0.000001
2025-12-16 18:00:31.911,-0.001026,-0.000806,-0.005956,-0.000002,0.000002,0.000001
2025-12-16 18:00:31.912,-0.001017,-0.000804,-0.005944,-0.000002,0.000002,0.000001
2025-12-16 18:00:31.913,-0.001012,-0.000798,-0.005934,-0.000002,0.000002,0.000001
2025-12-16 18:00:31.915,-0.001003,-0.000785,-0.005910,-0.000002,0.000002,0.000001
2025-12-16 18:00:31.916,-0.001003,-0.000780,-0.005900,-0.000002,0.000002,0.000001
2025-12-16 18:00:31.917,-0.001004,-0.000767,-0.005890,-0.000002,0.000002,0.000001
2025-12-16 18:00:31.918,-0.001005,-0.000752,-0.005882,-0.000002,0.000002,0.000001
2025-12-16 18:00:31.919,-0.001011,-0.000740,-0.005875,-0.000002,0.000002,0.000001
2025-12-16 18:00:31.920,-0.001017,-0.000729,-0.005868,-0.000002,0.000002,0.000001
2025-12-16 18:00:31.921,-0.001022,-0.000721,-0.005858,-0.000002,0.000002,0.000001
2025-12-16 18:00:31.923,-0.001039,-0.000709,-0.005848,-0.000002,0.000002,0.000001
2025-12-16 18:00:31.924,-0.001050,-0.000705,-0.005844,-0.000002,0.000002,0.000001
2025-12-16 18:00:31.925,-0.001061,-0.000702,-0.005841,-0.000002,0.000002,0.000001
2025-12-16 18:00:31.926,-0.001074,-0.000699,-0.005836,-0.000002,0.000002,0.000001
2025-12-16 18:00:31.928,-0.001100,-0.000695,-0.005833,-0.000002,0.000002,0.000001
2025-12-16 18:00:31.929,-0.001112,-0.000693,-0.005828,-0.000002,0.000002,0.000001
2025-12-16 18:00:31.931,-0.001142,-0.000681,-0.005831,-0.000002,0.000002,0.000001
2025-12-16 18:00:31.932,-0.001163,-0.000671,-0.005838,-0.000002,0.000002,0.000001
2025-12-16 18:00:31.933,-0.001184,-0.000660,-0.005845,-0.000002,0.000003,0.000001
2025-12-16 18:00:31.934,-0.001205,-0.000652,-0.005854,-0.000002,0.000003,0.000001
2025-12-16 18:00:31.935,-0.001229,-0.000645,-0.005861,-0.000002,0.000003,0.000001
2025-12-16 18:00:31.939,-0.001291,-0.000642,-0.005886,-0.000002,0.000003,0.000001
2025-12-16 18:00:31.940,-0.001311,-0.000646,-0.005898,-0.000002,0.000003,0.000001
2025-12-16 18:00:31.941,-0.001331,-0.000644,-0.005909,-0.000002,0.000003,0.000001
2025-12-16 18:00:31.942,-0.001354,-0.000641,-0.005923,-0.000002,0.000003,0.000001
2025-12-16 18:00:31.943,-0.001378,-0.000637,-0.005933,-0.000002,0.000003,0.000001
2025-12-16 18:00:31.944,-0.001399,-0.000634,-0.005945,-0.000002,0.000003,0.000001
2025-12-16 18:00:31.946,-0.001421,-0.000632,-0.005960,-0.000002,0.000003,0.000001
2025-12-16 18:00:31.947,-0.001446,-0.000626,-0.005979,-0.000002,0.000003,0.000001
2025-12-16 18:00:31.948,-0.001467,-0.000620,-0.005996,-0.000002,0.000003,0.000001
2025-12-16 18:00:31.950,-0.001489,-0.000614,-0.006009,-0.000002,0.000003,0.000001
2025-12-16 18:00:31.951,-0.001507,-0.000610,-0.006022,-0.000002,0.000003,0.000001
2025-12-16 18:00:31.952,-0.001581,-0.000593,-0.006078,-0.000002,0.000003,0.000001
2025-12-16 18:00:31.953,-0.001588,-0.000591,-0.006101,-0.000003,0.000003,0.000001
2025-12-16 18:00:31.954,-0.001601,-0.000589,-0.006122,-0.000003,0.000003,0.000001
2025-12-16 18:00:31.955,-0.001617,-0.000582,-0.006145,-0.000003,0.000003,0.000001
2025-12-16 18:00:31.956,-0.001630,-0.000576,-0.006166,-0.000003,0.000003,0.000001
2025-12-16 18:00:31.957,-0.001658,-0.000563,-0.006218,-0.000003,0.000003,0.000001
2025-12-16 18:00:31.959,-0.001665,-0.000555,-0.006241,-0.000003,0.000003,0.000001
2025-12-16 18:00:31.960,-0.001671,-0.000550,-0.006264,-0.000003,0.000003,0.000001
2025-12-16 18:00:31.961,-0.001675,-0.000546,-0.006283,-0.000003,0.000003,0.000001
2025-12-16 18:00:31.962,-0.001675,-0.000540,-0.006307,-0.000003,0.000003,0.000001
2025-12-16 18:00:31.963,-0.001668,-0.000525,-0.006350,-0.000003,0.000003,0.000001
2025-12-16 18:00:31.965,-0.001657,-0.000522,-0.006368,-0.000003,0.000003,0.000001
2025-12-16 18:00:31.969,-0.001608,-0.000505,-0.006460,-0.000003,0.000003,0.000001
2025-12-16 18:00:31.970,-0.001586,-0.000501,-0.006477,-0.000003,0.000003,0.000001
2025-12-16 18:00:31.971,-0.001563,-0.000498,-0.006495,-0.000003,0.000003,0.000001
2025-12-16 18:00:31.972,-0.001539,-0.000497,-0.006514,-0.000003,0.000003,0.000001
2025-12-16 18:00:31.973,-0.001513,-0.000496,-0.006531,-0.000003,0.000003,0.000001
2025-12-16 18:00:31.975,-0.001453,-0.000490,-0.006573,-0.000003,0.000003,0.000001
2025-12-16 18:00:31.976,-0.001423,-0.000489,-0.006597,-0.000003,0.000003,0.000001
2025-12-16 18:00:31.977,-0.001389,-0.000484,-0.006616,-0.000003,0.000003,0.000001
2025-12-16 18:00:31.978,-0.001354,-0.000484,-0.006632,-0.000003,0.000003,0.000001
2025-12-16 18:00:31.979,-0.001321,-0.000482,-0.006652,-0.000003,0.000003,0.000001
2025-12-16 18:00:31.980,-0.001286,-0.000481,-0.006673,-0.000003,0.000003,0.000001
2025-12-16 18:00:31.981,-0.001206,-0.000482,-0.006712,-0.000003,0.000003,0.000001
2025-12-16 18:00:31.983,-0.001168,-0.000483,-0.006730,-0.000003,0.000003,0.000001
2025-12-16 18:00:31.984,-0.001129,-0.000486,-0.006749,-0.000003,0.000003,0.000001
2025-12-16 18:00:31.985,-0.001092,-0.000485,-0.006769,-0.000003,0.000003,0.000001
2025-12-16 18:00:31.986,-0.001056,-0.000489,-0.006792,-0.000003,0.000003,0.000001
2025-12-16 18:00:31.987,-0.001019,-0.000489,-0.006812,-0.000003,0.000003,0.000001
2025-12-16 18:00:31.988,-0.000982,-0.000489,-0.006830,-0.000003,0.000003,0.000001
2025-12-16 18:00:31.989,-0.000952,-0.000485,-0.006850,-0.000003,0.000003,0.000001
2025-12-16 18:00:31.990,-0.000893,-0.000483,-0.006890,-0.000003,0.000003,0.000001
2025-12-16 18:00:31.992,-0.000868,-0.000480,-0.006907,-0.000003,0.000003,0.000001
2025-12-16 18:00:31.993,-0.000844,-0.000479,-0.006928,-0.000003,0.000003,0.000001
2025-12-16 18:00:31.994,-0.000824,-0.000479,-0.006947,-0.000003,0.000003,0.000001
2025-12-16 18:00:31.995,-0.000803,-0.000483,-0.006962,-0.000003,0.000003,0.000001
2025-12-16 18:00:31.996,-0.000782,-0.000486,-0.006982,-0.000003,0.000003,0.000001
2025-12-16 18:00:31.999,-0.000742,-0.000489,-0.007039,-0.000003,0.000003,0.000001
2025-12-16 18:00:32.000,-0.000735,-0.000495,-0.007057,-0.000003,0.000003,0.000001
2025-12-16 18:00:32.001,-0.000732,-0.000498,-0.007079,-0.000003,0.000003,0.000001
2025-12-16 18:00:32.002,-0.000730,-0.000499,-0.007099,-0.000003,0.000003,0.000001
2025-12-16 18:00:32.004,-0.000735,-0.000501,-0.007142,-0.000003,0.000003,0.000001
2025-12-16 18:00:32.005,-0.000741,-0.000506,-0.007164,-0.000003,0.000003,0.000001
2025-12-16 18:00:32.006,-0.000746,-0.000512,-0.007183,-0.000003,0.000003,0.000001
2025-12-16 18:00:32.007,-0.000756,-0.000518,-0.007201,-0.000003,0.000003,0.000001
2025-12-16 18:00:32.008,-0.000765,-0.000527,-0.007220,-0.000003,0.000003,0.000001
2025-12-16 18:00:32.009,-0.000782,-0.000550,-0.007254,-0.000003,0.000003,0.000001
2025-12-16 18:00:32.011,-0.000792,-0.000560,-0.007272,-0.000003,0.000003,0.000001
2025-12-16 18:00:32.012,-0.000800,-0.000574,-0.007290,-0.000003,0.000003,0.000001
2025-12-16 18:00:32.013,-0.000811,-0.000588,-0.007308,-0.000003,0.000003,0.000001
2025-12-16 18:00:32.014,-0.000822,-0.000604,-0.007333,-0.000003,0.000003,0.000001
2025-12-16 18:00:32.017,-0.000864,-0.000640,-0.007403,-0.000003,0.000003,0.000001
2025-12-16 18:00:32.018,-0.000878,-0.000654,-0.007430,-0.000003,0.000003,0.000001
2025-12-16 18:00:32.019,-0.000889,-0.000670,-0.007452,-0.000003,0.000003,0.000001
2025-12-16 18:00:32.020,-0.000897,-0.000684,-0.007470,-0.000003,0.000003,0.000001
2025-12-16 18:00:32.021,-0.000906,-0.000704,-0.007487,-0.000003,0.000003,0.000001
2025-12-16 18:00:32.022,-0.000923,-0.000753,-0.007538,-0.000003,0.000003,0.000001
2025-12-16 18:00:32.024,-0.000929,-0.000776,-0.007566,-0.000003,0.000003,0.000001
2025-12-16 18:00:32.025,-0.000934,-0.000797,-0.007595,-0.000003,0.000003,0.000001
2025-12-16 18:00:32.026,-0.000938,-0.000819,-0.007623,-0.000003,0.000003,0.000001
2025-12-16 18:00:32.027,-0.000941,-0.000842,-0.007655,-0.000003,0.000003,0.000001
2025-12-16 18:00:32.029,-0.000946,-0.000886,-0.007722,-0.000003,0.000003,0.000001
2025-12-16 18:00:32.030,-0.000947,-0.000905,-0.007749,-0.000003,0.000003,0.000001
2025-12-16 18:00:32.032,-0.000952,-0.000944,-0.007820,-0.000003,0.000003,0.000001
2025-12-16 18:00:32.035,-0.000958,-0.001001,-0.007923,-0.000003,0.000003,0.000001
2025-12-16 18:00:32.036,-0.000951,-0.001019,-0.007958,-0.000003,0.000003,0.000001
2025-12-16 18:00:32.037,-0.000942,-0.001039,-0.007992,-0.000003,0.000003,0.000001
2025-12-16 18:00:32.038,-0.000934,-0.001056,-0.008026,-0.000003,0.000003,0.000001
2025-12-16 18:00:32.039,-0.000929,-0.001072,-0.008064,-0.000003,0.000003,0.000001
2025-12-16 18:00:32.040,-0.000926,-0.001085,-0.008104,-0.000003,0.000003,0.000001
2025-12-16 18:00:32.042,-0.000925,-0.001095,-0.008138,-0.000003,0.000003,0.000001
2025-12-16 18:00:32.043,-0.000921,-0.001099,-0.008178,-0.000003,0.000003,0.000001
2025-12-16 18:00:32.044,-0.000918,-0.001101,-0.008214,-0.000003,0.000003,0.000001
2025-12-16 18:00:32.047,-0.000904,-0.001104,-0.008281,-0.000003,0.000003,0.000001
2025-12-16 18:00:32.048,-0.000884,-0.001108,-0.008372,-0.000004,0.000003,0.000001
2025-12-16 18:00:32.049,-0.000887,-0.001093,-0.008424,-0.000004,0.000003,0.000001
2025-12-16 18:00:32.050,-0.000885,-0.001077,-0.008475,-0.000004,0.000003,0.000001
2025-12-16 18:00:32.051,-0.000882,-0.001064,-0.008522,-0.000004,0.000003,0.000001
2025-12-16 18:00:32.053,-0.000871,-0.001040,-0.008615,-0.000003,0.000003,0.000001
2025-12-16 18:00:32.054,-0.000867,-0.001026,-0.008655,-0.000004,0.000003,0.000001
2025-12-16 18:00:32.055,-0.000861,-0.001016,-0.008698,-0.000003,0.000003,0.000001
2025-12-16 18:00:32.056,-0.000856,-0.001008,-0.008736,-0.000003,0.000003,0.000001
2025-12-16 18:00:32.057,-0.000854,-0.000996,-0.008780,-0.000004,0.000003,0.000001
2025-12-16 18:00:32.058,-0.000853,-0.000983,-0.008819,-0.000004,0.000003,0.000001
2025-12-16 18:00:32.059,-0.000851,-0.000970,-0.008862,-0.000004,0.000003,0.000001
2025-12-16 18:00:32.060,-0.000843,-0.000948,-0.008953,-0.000004,0.000004,0.000001
2025-12-16 18:00:32.063,-0.000838,-0.000927,-0.009041,-0.000004,0.000004,0.000001
2025-12-16 18:00:32.064,-0.000833,-0.000918,-0.009084,-0.000004,0.000004,0.000001
2025-12-16 18:00:32.065,-0.000828,-0.000912,-0.009125,-0.000004,0.000004,0.000001
2025-12-16 18:00:32.066,-0.000821,-0.000904,-0.009165,-0.000004,0.000004,0.000001
2025-12-16 18:00:32.067,-0.000813,-0.000897,-0.009198,-0.000004,0.000004,0.000001
2025-12-16 18:00:32.069,-0.000801,-0.000890,-0.009276,-0.000004,0.000004,0.000001
2025-12-16 18:00:32.070,-0.000796,-0.000885,-0.009313,-0.000004,0.000004,0.000001
2025-12-16 18:00:32.071,-0.000786,-0.000885,-0.009343,-0.000004,0.000004,0.000001
2025-12-16 18:00:32.072,-0.000778,-0.000887,-0.009380,-0.000004,0.000004,0.000001
2025-12-16 18:00:32.073,-0.000772,-0.000886,-0.009412,-0.000004,0.000004,0.000001
2025-12-16 18:00:32.074,-0.000756,-0.000893,-0.009476,-0.000004,0.000004,0.000001
2025-12-16 18:00:32.076,-0.000746,-0.000898,-0.009504,-0.000004,0.000004,0.000001
2025-12-16 18:00:32.077,-0.000737,-0.000903,-0.009530,-0.000004,0.000004,0.000001
2025-12-16 18:00:32.078,-0.000723,-0.000910,-0.009551,-0.000004,0.000004,0.000001
2025-12-16 18:00:32.080,-0.000702,-0.000917,-0.009591,-0.000004,0.000004,0.000001
2025-12-16 18:00:32.081,-0.000690,-0.000922,-0.009606,-0.000004,0.000004,0.000001
2025-12-16 18:00:32.082,-0.000680,-0.000925,-0.009624,-0.000004,0.000004,0.000001
2025-12-16 18:00:32.083,-0.000667,-0.000930,-0.009641,-0.000004,0.000004,0.000001
2025-12-16 18:00:32.084,-0.000656,-0.000936,-0.009654,-0.000004,0.000004,0.000001
2025-12-16 18:00:32.085,-0.000643,-0.000937,-0.009673,-0.000004,0.000004,0.000001
2025-12-16 18:00:32.086,-0.000631,-0.000941,-0.009689,-0.000004,0.000004,0.000001
2025-12-16 18:00:32.087,-0.000603,-0.000954,-0.009714,-0.000004,0.000004,0.000001
2025-12-16 18:00:32.089,-0.000593,-0.000959,-0.009722,-0.000003,0.000004,0.000001
2025-12-16 18:00:32.091,-0.000578,-0.000971,-0.009735,-0.000004,0.000004,0.000001
2025-12-16 18:00:32.092,-0.000573,-0.000976,-0.009738,-0.000004,0.000004,0.000001
2025-12-16 18:00:32.093,-0.000560,-0.000984,-0.009741,-0.000004,0.000004,0.000001
2025-12-16 18:00:32.094,-0.000546,-0.000994,-0.009748,-0.000004,0.000004,0.000001
2025-12-16 18:00:32.095,-0.000534,-0.001001,-0.009750,-0.000004,0.000004,0.000001
2025-12-16 18:00:32.096,-0.000525,-0.001007,-0.009756,-0.000004,0.000004,0.000001
2025-12-16 18:00:32.098,-0.000513,-0.001015,-0.009772,-0.000004,0.000004,0.000001
2025-12-16 18:00:32.099,-0.000509,-0.001022,-0.009776,-0.000004,0.000004,0.000001
2025-12-16 18:00:32.100,-0.000506,-0.001029,-0.009781,-0.000004,0.000004,0.000001
2025-12-16 18:00:32.101,-0.000504,-0.001035,-0.009792,-0.000004,0.000004,0.000001
2025-12-16 18:00:32.102,-0.000502,-0.001045,-0.009802,-0.000004,0.000004,0.000001
2025-12-16 18:00:32.103,-0.000501,-0.001054,-0.009809,-0.000004,0.000004,0.000001
2025-12-16 18:00:32.105,-0.000501,-0.001081,-0.009823,-0.000004,0.000004,0.000001
2025-12-16 18:00:32.106,-0.000505,-0.001095,-0.009831,-0.000004,0.000004,0.000001
2025-12-16 18:00:32.107,-0.000509,-0.001108,-0.009844,-0.000004,0.000004,0.000001
2025-12-16 18:00:32.108,-0.000513,-0.001117,-0.009857,-0.000004,0.000004,0.000001
2025-12-16 18:00:32.109,-0.000515,-0.001129,-0.009871,-0.000004,0.000004,0.000001
2025-12-16 18:00:32.111,-0.000518,-0.001159,-0.009901,-0.000004,0.000004,0.000001
2025-12-16 18:00:32.112,-0.000519,-0.001171,-0.009918,-0.000004,0.000004,0.000001
2025-12-16 18:00:32.113,-0.000525,-0.001181,-0.009936,-0.000004,0.000004,0.000001
2025-12-16 18:00:32.114,-0.000530,-0.001192,-0.009951,-0.000004,0.000004,0.000001
2025-12-16 18:00:32.115,-0.000540,-0.001217,-0.009991,-0.000004,0.000004,0.000001
2025-12-16 18:00:32.117,-0.000544,-0.001229,-0.010011,-0.000004,0.000004,0.000001
2025-12-16 18:00:32.118,-0.000545,-0.001244,-0.010027,-0.000004,0.000004,0.000001
2025-12-16 18:00:32.119,-0.000547,-0.001258,-0.010044,-0.000004,0.000004,0.000001
2025-12-16 18:00:32.120,-0.000548,-0.001269,-0.010064,-0.000004,0.000004,0.000001
2025-12-16 18:00:32.121,-0.000549,-0.001278,-0.010082,-0.000004,0.000004,0.000001
2025-12-16 18:00:32.122,-0.000551,-0.001294,-0.010111,-0.000004,0.000004,0.000001
2025-12-16 18:00:32.124,-0.000552,-0.001299,-0.010130,-0.000004,0.000004,0.000001
2025-12-16 18:00:32.125,-0.000553,-0.001302,-0.010148,-0.000004,0.000004,0.000001
2025-12-16 18:00:32.126,-0.000554,-0.001303,-0.010163,-0.000004,0.000004,0.000001
2025-12-16 18:00:32.127,-0.000556,-0.001304,-0.010180,-0.000004,0.000004,0.000001
2025-12-16 18:00:32.128,-0.000557,-0.001305,-0.010195,-0.000004,0.000004,0.000001
2025-12-16 18:00:32.129,-0.000557,-0.001305,-0.010207,-0.000004,0.000004,0.000001
2025-12-16 18:00:32.130,-0.000555,-0.001302,-0.010224,-0.000004,0.000004,0.000001
2025-12-16 18:00:32.131,-0.000551,-0.001298,-0.010242,-0.000004,0.000004,0.000001
2025-12-16 18:00:32.132,-0.000548,-0.001295,-0.010261,-0.000004,0.000004,0.000001
2025-12-16 18:00:32.134,-0.000541,-0.001287,-0.010301,-0.000004,0.000004,0.000001
2025-12-16 18:00:32.135,-0.000536,-0.001282,-0.010322,-0.000004,0.000004,0.000001
2025-12-16 18:00:32.136,-0.000533,-0.001273,-0.010346,-0.000004,0.000004,0.000001
2025-12-16 18:00:32.137,-0.000531,-0.001265,-0.010368,-0.000004,0.000004,0.000001
2025-12-16 18:00:32.138,-0.000526,-0.001254,-0.010389,-0.000004,0.000004,0.000001
2025-12-16 18:00:32.139,-0.000521,-0.001244,-0.010411,-0.000004,0.000004,0.000001
2025-12-16 18:00:32.140,-0.000504,-0.001226,-0.010441,-0.000004,0.000004,0.000001
2025-12-16 18:00:32.142,-0.000493,-0.001217,-0.010458,-0.000004,0.000004,0.000001
2025-12-16 18:00:32.143,-0.000484,-0.001206,-0.010476,-0.000004,0.000004,0.000001
2025-12-16 18:00:32.144,-0.000471,-0.001196,-0.010487,-0.000004,0.000004,0.000001
2025-12-16 18:00:32.146,-0.000439,-0.001173,-0.010515,-0.000004,0.000004,0.000001
2025-12-16 18:00:32.147,-0.000423,-0.001165,-0.010530,-0.000004,0.000004,0.000001
2025-12-16 18:00:32.148,-0.000406,-0.001160,-0.010545,-0.000004,0.000004,0.000001
2025-12-16 18:00:32.149,-0.000387,-0.001156,-0.010559,-0.000004,0.000004,0.000001
2025-12-16 18:00:32.150,-0.000374,-0.001149,-0.010565,-0.000004,0.000004,0.000001
2025-12-16 18:00:32.151,-0.000361,-0.001142,-0.010575,-0.000004,0.000004,0.000001
2025-12-16 18:00:32.153,-0.000347,-0.001137,-0.010586,-0.000004,0.000004,0.000001
2025-12-16 18:00:32.154,-0.000329,-0.001133,-0.010597,-0.000004,0.000004,0.000001
2025-12-16 18:00:32.155,-0.000313,-0.001131,-0.010607,-0.000004,0.000004,0.000001
2025-12-16 18:00:32.156,-0.000295,-0.001129,-0.010612,-0.000004,0.000004,0.000001
2025-12-16 18:00:32.157,-0.000275,-0.001128,-0.010616,-0.000004,0.000004,0.000001
2025-12-16 18:00:32.158,-0.000258,-0.001128,-0.010624,-0.000004,0.000004,0.000001
2025-12-16 18:00:32.159,-0.000240,-0.001129,-0.010634,-0.000004,0.000004,0.000001
2025-12-16 18:00:32.160,-0.000220,-0.001131,-0.010644,-0.000004,0.000004,0.000001
2025-12-16 18:00:32.162,-0.000203,-0.001132,-0.010659,-0.000004,0.000004,0.000001
2025-12-16 18:00:32.163,-0.000151,-0.001138,-0.010704,-0.000004,0.000004,0.000001
2025-12-16 18:00:32.164,-0.000134,-0.001139,-0.010719,-0.000004,0.000004,0.000001
2025-12-16 18:00:32.165,-0.000129,-0.001159,-0.010754,-0.000005,0.000004,0.000001
2025-12-16 18:00:32.166,-0.000122,-0.001174,-0.010782,-0.000005,0.000004,0.000001
2025-12-16 18:00:32.167,-0.000114,-0.001182,-0.010811,-0.000005,0.000004,0.000001
2025-12-16 18:00:32.168,-0.000102,-0.001187,-0.010843,-0.000005,0.000004,0.000001
2025-12-16 18:00:32.169,-0.000091,-0.001191,-0.010877,-0.000005,0.000004,0.000001
2025-12-16 18:00:32.170,-0.000078,-0.001198,-0.010911,-0.000005,0.000004,0.000001
2025-12-16 18:00:32.171,-0.000067,-0.001207,-0.010945,-0.000005,0.000004,0.000001
2025-12-16 18:00:32.172,-0.000051,-0.001221,-0.011007,-0.000004,0.000004,0.000001
2025-12-16 18:00:32.173,-0.000048,-0.001227,-0.011041,-0.000004,0.000004,0.000001
2025-12-16 18:00:32.175,-0.000042,-0.001232,-0.011078,-0.000005,0.000004,0.000001
2025-12-16 18:00:32.177,-0.000027,-0.001252,-0.011154,-0.000005,0.000004,0.000001
2025-12-16 18:00:32.178,-0.000024,-0.001262,-0.011195,-0.000005,0.000004,0.000001
2025-12-16 18:00:32.179,-0.000023,-0.001269,-0.011229,-0.000005,0.000004,0.000000
2025-12-16 18:00:32.180,-0.000023,-0.001275,-0.011261,-0.000005,0.000004,0.000000
2025-12-16 18:00:32.181,-0.000024,-0.001280,-0.011293,-0.000005,0.000004,0.000000
2025-12-16 18:00:32.182,-0.000022,-0.001285,-0.011326,-0.000005,0.000004,0.000000
2025-12-16 18:00:32.183,-0.000017,-0.001293,-0.011394,-0.000005,0.000004,0.000001
2025-12-16 18:00:32.185,-0.000015,-0.001297,-0.011428,-0.000005,0.000004,0.000001
2025-12-16 18:00:32.186,-0.000015,-0.001300,-0.011462,-0.000005,0.000004,0.000000
2025-12-16 18:00:32.187,-0.000015,-0.001308,-0.011495,-0.000005,0.000004,0.000000
2025-12-16 18:00:32.188,-0.000019,-0.001315,-0.011520,-0.000005,0.000004,0.000000
2025-12-16 18:00:32.190,-0.000025,-0.001332,-0.011593,-0.000005,0.000004,0.000000
2025-12-16 18:00:32.192,-0.000025,-0.001337,-0.011624,-0.000005,0.000004,0.000000
2025-12-16 18:00:32.193,-0.000025,-0.001340,-0.011652,-0.000005,0.000004,0.000000
2025-12-16 18:00:32.194,-0.000025,-0.001345,-0.011695,-0.000005,0.000004,0.000000
2025-12-16 18:00:32.196,-0.000025,-0.001347,-0.011713,-0.000005,0.000004,0.000000
2025-12-16 18:00:32.197,-0.000025,-0.001348,-0.011728,-0.000005,0.000004,0.000000
2025-12-16 18:00:32.199,-0.000021,-0.001349,-0.011753,-0.000005,0.000004,0.000000
2025-12-16 18:00:32.200,-0.000016,-0.001346,-0.011769,-0.000005,0.000004,0.000000
2025-12-16 18:00:32.201,-0.000013,-0.001342,-0.011788,-0.000005,0.000004,0.000000
2025-12-16 18:00:32.203,-0.000014,-0.001335,-0.011817,-0.000005,0.000004,0.000000
2025-12-16 18:00:32.204,-0.000012,-0.001332,-0.011828,-0.000005,0.000004,0.000000
2025-12-16 18:00:32.205,-0.000009,-0.001330,-0.011836,-0.000005,0.000004,0.000000
2025-12-16 18:00:32.207,0.000002,-0.001319,-0.011855,-0.000005,0.000004,0.000000
2025-12-16 18:00:32.208,0.000007,-0.001314,-0.011867,-0.000005,0.000004,0.000000
2025-12-16 18:00:32.209,0.000010,-0.001306,-0.011880,-0.000005,0.000004,0.000000
2025-12-16 18:00:32.211,0.000015,-0.001290,-0.011897,-0.000005,0.000004,0.000001
2025-12-16 18:00:32.212,0.000020,-0.001280,-0.011901,-0.000005,0.000004,0.000001
2025-12-16 18:00:32.213,0.000026,-0.001271,-0.011910,-0.000005,0.000004,0.000001
2025-12-16 18:00:32.214,0.000030,-0.001259,-0.011922,-0.000005,0.000004,0.000001
2025-12-16 18:00:32.217,0.000034,-0.001213,-0.011955,-0.000005,0.000004,0.000001
2025-12-16 18:00:32.218,0.000037,-0.001196,-0.011972,-0.000005,0.000004,0.000001
2025-12-16 18:00:32.219,0.000040,-0.001180,-0.011989,-0.000005,0.000004,0.000001
2025-12-16 18:00:32.223,0.000039,-0.001116,-0.012033,-0.000005,0.000004,0.000001
2025-12-16 18:00:32.224,0.000033,-0.001093,-0.012044,-0.000005,0.000004,0.000001
2025-12-16 18:00:32.225,0.000031,-0.001070,-0.012062,-0.000005,0.000004,0.000001
2025-12-16 18:00:32.226,0.000026,-0.001050,-0.012079,-0.000005,0.000004,0.000001
2025-12-16 18:00:32.227,0.000017,-0.000998,-0.012113,-0.000005,0.000004,0.000001
2025-12-16 18:00:32.229,0.000013,-0.000974,-0.012127,-0.000005,0.000004,0.000001
2025-12-16 18:00:32.233,-0.000011,-0.000868,-0.012194,-0.000005,0.000004,0.000001
2025-12-16 18:00:32.234,-0.000016,-0.000842,-0.012209,-0.000005,0.000004,0.000001
2025-12-16 18:00:32.235,-0.000024,-0.000816,-0.012222,-0.000005,0.000004,0.000001
2025-12-16 18:00:32.239,-0.000041,-0.000738,-0.012271,-0.000005,0.000004,0.000001
2025-12-16 18:00:32.240,-0.000048,-0.000690,-0.012301,-0.000005,0.000004,0.000001
2025-12-16 18:00:32.241,-0.000055,-0.000662,-0.012321,-0.000006,0.000005,0.000001
2025-12-16 18:00:32.242,-0.000058,-0.000638,-0.012336,-0.000006,0.000005,0.000001
2025-12-16 18:00:32.243,-0.000060,-0.000614,-0.012348,-0.000005,0.000004,0.000001
2025-12-16 18:00:32.244,-0.000062,-0.000591,-0.012365,-0.000005,0.000005,0.000001
2025-12-16 18:00:32.245,-0.000063,-0.000566,-0.012377,-0.000005,0.000005,0.000001
2025-12-16 18:00:32.247,-0.000062,-0.000529,-0.012405,-0.000006,0.000005,0.000001
2025-12-16 18:00:32.248,-0.000063,-0.000512,-0.012418,-0.000005,0.000005,0.000001
2025-12-16 18:00:32.249,-0.000064,-0.000495,-0.012430,-0.000006,0.000005,0.000001
2025-12-16 18:00:32.250,-0.000061,-0.000472,-0.012445,-0.000006,0.000005,0.000001
2025-12-16 18:00:32.252,-0.000049,-0.000435,-0.012471,-0.000006,0.000005,0.000001
2025-12-16 18:00:32.253,-0.000042,-0.000423,-0.012474,-0.000006,0.000005,0.000001
2025-12-16 18:00:32.254,-0.000033,-0.000412,-0.012483,-0.000005,0.000005,0.000001
2025-12-16 18:00:32.256,-0.000012,-0.000392,-0.012503,-0.000006,0.000005,0.000001
2025-12-16 18:00:32.258,0.000008,-0.000374,-0.012529,-0.000006,0.000005,0.000001
2025-12-16 18:00:32.259,0.000020,-0.000368,-0.012538,-0.000006,0.000005,0.000001
2025-12-16 18:00:32.261,0.000047,-0.000361,-0.012553,-0.000006,0.000005,0.000001
2025-12-16 18:00:32.262,0.000057,-0.000355,-0.012559,-0.000006,0.000005,0.000001
2025-12-16 18:00:32.263,0.000069,-0.000349,-0.012572,-0.000006,0.000005,0.000001
2025-12-16 18:00:32.264,0.000083,-0.000345,-0.012586,-0.000006,0.000005,0.000001
2025-12-16 18:00:32.267,0.000131,-0.000343,-0.012621,-0.000006,0.000005,0.000001
2025-12-16 18:00:32.268,0.000152,-0.000342,-0.012633,-0.000006,0.000005,0.000001
2025-12-16 18:00:32.269,0.000170,-0.000342,-0.012648,-0.000006,0.000005,0.000001
2025-12-16 18:00:32.270,0.000189,-0.000347,-0.012668,-0.000006,0.000005,0.000001
2025-12-16 18:00:32.271,0.000210,-0.000353,-0.012682,-0.000006,0.000005,0.000001
2025-12-16 18:00:32.273,0.000246,-0.000360,-0.012720,-0.000006,0.000005,0.000001
2025-12-16 18:00:32.274,0.000266,-0.000364,-0.012741,-0.000006,0.000005,0.000001
2025-12-16 18:00:32.275,0.000283,-0.000369,-0.012764,-0.000006,0.000005,0.000000
2025-12-16 18:00:32.276,0.000302,-0.000378,-0.012784,-0.000005,0.000005,0.000001
2025-12-16 18:00:32.277,0.000322,-0.000388,-0.012807,-0.000005,0.000005,0.000000
2025-12-16 18:00:32.279,0.000354,-0.000404,-0.012844,-0.000005,0.000004,0.000000
2025-12-16 18:00:32.280,0.000365,-0.000409,-0.012856,-0.000006,0.000004,0.000000
2025-12-16 18:00:32.281,0.000386,-0.000419,-0.012879,-0.000006,0.000004,0.000000
2025-12-16 18:00:32.282,0.000406,-0.000430,-0.012912,-0.000006,0.000004,0.000000
2025-12-16 18:00:32.283,0.000428,-0.000444,-0.012944,-0.000006,0.000005,0.000000
2025-12-16 18:00:32.284,0.000452,-0.000458,-0.012973,-0.000006,0.000005,0.000000
2025-12-16 18:00:32.286,0.000492,-0.000484,-0.013036,-0.000006,0.000005,0.000001
2025-12-16 18:00:32.287,0.000509,-0.000498,-0.013071,-0.000006,0.000005,0.000001
2025-12-16 18:00:32.288,0.000523,-0.000513,-0.013100,-0.000006,0.000005,0.000001
2025-12-16 18:00:32.289,0.000538,-0.000532,-0.013128,-0.000006,0.000005,0.000001
2025-12-16 18:00:32.291,0.000565,-0.000559,-0.013183,-0.000006,0.000005,0.000001
2025-12-16 18:00:32.292,0.000577,-0.000576,-0.013209,-0.000006,0.000005,0.000001
2025-12-16 18:00:32.293,0.000592,-0.000595,-0.013234,-0.000006,0.000005,0.000001
2025-12-16 18:00:32.294,0.000606,-0.000613,-0.013256,-0.000006,0.000005,0.000001
2025-12-16 18:00:32.295,0.000622,-0.000633,-0.013278,-0.000006,0.000005,0.000001
2025-12-16 18:00:32.297,0.000648,-0.000668,-0.013315,-0.000006,0.000005,0.000001
2025-12-16 18:00:32.298,0.000663,-0.000688,-0.013330,-0.000006,0.000005,0.000001
2025-12-16 18:00:32.299,0.000676,-0.000706,-0.013347,-0.000006,0.000005,0.000000
2025-12-16 18:00:32.300,0.000691,-0.000725,-0.013362,-0.000006,0.000005,0.000000
2025-12-16 18:00:32.301,0.000700,-0.000742,-0.013378,-0.000006,0.000005,0.000000
2025-12-16 18:00:32.303,0.000722,-0.000773,-0.013391,-0.000006,0.000005,0.000000
2025-12-16 18:00:32.304,0.000731,-0.000789,-0.013397,-0.000006,0.000005,0.000000
2025-12-16 18:00:32.305,0.000743,-0.000807,-0.013397,-0.000006,0.000005,0.000000
2025-12-16 18:00:32.306,0.000755,-0.000822,-0.013395,-0.000006,0.000005,0.000000
2025-12-16 18:00:32.307,0.000766,-0.000839,-0.013392,-0.000006,0.000005,0.000000
2025-12-16 18:00:32.308,0.000775,-0.000853,-0.013388,-0.000006,0.000005,0.000000
2025-12-16 18:00:32.309,0.000784,-0.000868,-0.013378,-0.000006,0.000005,0.000000
2025-12-16 18:00:32.311,0.000802,-0.000899,-0.013350,-0.000006,0.000004,0.000000
2025-12-16 18:00:32.312,0.000814,-0.000915,-0.013335,-0.000006,0.000004,0.000000
2025-12-16 18:00:32.313,0.000824,-0.000928,-0.013318,-0.000006,0.000004,0.000000
2025-12-16 18:00:32.314,0.000833,-0.000938,-0.013302,-0.000006,0.000004,0.000000
2025-12-16 18:00:32.315,0.000842,-0.000948,-0.013277,-0.000006,0.000004,0.000000
2025-12-16 18:00:32.316,0.000853,-0.000957,-0.013254,-0.000006,0.000004,0.000000
2025-12-16 18:00:32.317,0.000866,-0.000968,-0.013229,-0.000006,0.000004,0.000000
2025-12-16 18:00:32.318,0.000881,-0.000978,-0.013204,-0.000006,0.000004,0.000000
2025-12-16 18:00:32.319,0.000897,-0.000989,-0.013175,-0.000006,0.000004,0.000000
2025-12-16 18:00:32.320,0.000928,-0.001010,-0.013113,-0.000006,0.000004,0.000000
2025-12-16 18:00:32.322,0.000944,-0.001020,-0.013081,-0.000005,0.000004,0.000000
2025-12-16 18:00:32.323,0.000962,-0.001032,-0.013054,-0.000005,0.000004,0.000000
2025-12-16 18:00:32.324,0.000979,-0.001042,-0.013022,-0.000006,0.000004,0.000000
2025-12-16 18:00:32.325,0.000994,-0.001049,-0.012989,-0.000005,0.000004,0.000000
2025-12-16 18:00:32.326,0.001011,-0.001054,-0.012956,-0.000005,0.000004,0.000000
2025-12-16 18:00:32.327,0.001027,-0.001060,-0.012923,-0.000005,0.000004,0.000000
2025-12-16 18:00:32.328,0.001041,-0.001067,-0.012894,-0.000005,0.000004,0.000000
2025-12-16 18:00:32.330,0.001086,-0.001075,-0.012835,-0.000005,0.000004,0.000000
2025-12-16 18:00:32.331,0.001109,-0.001081,-0.012804,-0.000005,0.000004,0.000000
2025-12-16 18:00:32.332,0.001134,-0.001086,-0.012769,-0.000005,0.000004,0.000000
2025-12-16 18:00:32.333,0.001157,-0.001090,-0.012732,-0.000005,0.000004,0.000000
2025-12-16 18:00:32.334,0.001180,-0.001097,-0.012695,-0.000005,0.000004,0.000000
2025-12-16 18:00:32.335,0.001205,-0.001104,-0.012666,-0.000005,0.000004,-0.000000
2025-12-16 18:00:32.336,0.001232,-0.001114,-0.012639,-0.000005,0.000004,-0.000000
2025-12-16 18:00:32.337,0.001260,-0.001119,-0.012615,-0.000005,0.000004,-0.000000
2025-12-16 18:00:32.338,0.001281,-0.001125,-0.012587,-0.000005,0.000004,-0.000000
2025-12-16 18:00:32.339,0.001301,-0.001130,-0.012559,-0.000005,0.000004,-0.000000
2025-12-16 18:00:32.340,0.001322,-0.001138,-0.012535,-0.000005,0.000004,-0.000000
2025-12-16 18:00:32.342,0.001346,-0.001142,-0.012515,-0.000005,0.000004,-0.000000
2025-12-16 18:00:32.343,0.001371,-0.001148,-0.012493,-0.000005,0.000004,-0.000000
2025-12-16 18:00:32.344,0.001395,-0.001153,-0.012470,-0.000005,0.000004,-0.000000
2025-12-16 18:00:32.345,0.001419,-0.001161,-0.012450,-0.000005,0.000004,-0.000000
2025-12-16 18:00:32.346,0.001448,-0.001170,-0.012437,-0.000005,0.000004,-0.000000
2025-12-16 18:00:32.347,0.001475,-0.001183,-0.012427,-0.000005,0.000004,-0.000000
2025-12-16 18:00:32.348,0.001503,-0.001194,-0.012416,-0.000005,0.000004,-0.000000
2025-12-16 18:00:32.349,0.001527,-0.001207,-0.012406,-0.000005,0.000004,-0.000000
2025-12-16 18:00:32.350,0.001550,-0.001219,-0.012398,-0.000005,0.000004,-0.000000
2025-12-16 18:00:32.351,0.001621,-0.001256,-0.012375,-0.000005,0.000004,-0.000000
2025-12-16 18:00:32.352,0.001633,-0.001276,-0.012393,-0.000005,0.000004,-0.000000
2025-12-16 18:00:32.353,0.001646,-0.001294,-0.012406,-0.000005,0.000004,-0.000000
2025-12-16 18:00:32.354,0.001661,-0.001309,-0.012423,-0.000005,0.000004,-0.000000
2025-12-16 18:00:32.356,0.001675,-0.001321,-0.012439,-0.000005,0.000004,-0.000000
2025-12-16 18:00:32.357,0.001686,-0.001330,-0.012452,-0.000005,0.000004,-0.000000
2025-12-16 18:00:32.359,0.001712,-0.001361,-0.012489,-0.000005,0.000004,-0.000000
2025-12-16 18:00:32.360,0.001722,-0.001375,-0.012509,-0.000005,0.000004,-0.000000
2025-12-16 18:00:32.361,0.001730,-0.001390,-0.012530,-0.000005,0.000004,-0.000000
2025-12-16 18:00:32.362,0.001735,-0.001404,-0.012554,-0.000005,0.000004,-0.000000
2025-12-16 18:00:32.363,0.001739,-0.001420,-0.012578,-0.000005,0.000004,-0.000000
2025-12-16 18:00:32.364,0.001742,-0.001435,-0.012605,-0.000005,0.000004,-0.000000
2025-12-16 18:00:32.365,0.001739,-0.001446,-0.012631,-0.000005,0.000004,-0.000000
2025-12-16 18:00:32.366,0.001734,-0.001455,-0.012659,-0.000005,0.000004,0.000000
2025-12-16 18:00:32.367,0.001729,-0.001462,-0.012688,-0.000005,0.000004,0.000000
2025-12-16 18:00:32.368,0.001710,-0.001471,-0.012747,-0.000005,0.000004,0.000000
2025-12-16 18:00:32.370,0.001702,-0.001474,-0.012777,-0.000005,0.000004,0.000000
2025-12-16 18:00:32.371,0.001694,-0.001472,-0.012810,-0.000005,0.000004,0.000000
2025-12-16 18:00:32.372,0.001687,-0.001465,-0.012846,-0.000005,0.000004,0.000000
2025-12-16 18:00:32.373,0.001676,-0.001457,-0.012881,-0.000005,0.000004,0.000000
2025-12-16 18:00:32.374,0.001665,-0.001450,-0.012916,-0.000005,0.000004,0.000000
2025-12-16 18:00:32.375,0.001652,-0.001444,-0.012943,-0.000005,0.000004,0.000000
2025-12-16 18:00:32.376,0.001636,-0.001438,-0.012963,-0.000005,0.000004,0.000000
2025-12-16 18:00:32.377,0.001620,-0.001426,-0.012984,-0.000005,0.000004,0.000000
2025-12-16 18:00:32.378,0.001587,-0.001398,-0.013005,-0.000005,0.000004,0.000000
2025-12-16 18:00:32.380,0.001575,-0.001387,-0.013009,-0.000005,0.000004,0.000000
2025-12-16 18:00:32.381,0.001562,-0.001374,-0.013007,-0.000005,0.000004,0.000000
2025-12-16 18:00:32.382,0.001550,-0.001361,-0.013002,-0.000005,0.000004,0.000000
2025-12-16 18:00:32.383,0.001541,-0.001346,-0.012994,-0.000005,0.000004,-0.000000
2025-12-16 18:00:32.384,0.001529,-0.001327,-0.012987,-0.000005,0.000004,-0.000000
2025-12-16 18:00:32.385,0.001519,-0.001309,-0.012975,-0.000005,0.000004,-0.000000
2025-12-16 18:00:32.386,0.001511,-0.001290,-0.012960,-0.000005,0.000004,-0.000000
2025-12-16 18:00:32.387,0.001501,-0.001271,-0.012940,-0.000005,0.000004,-0.000000
2025-12-16 18:00:32.388,0.001497,-0.001252,-0.012919,-0.000005,0.000004,-0.000000
2025-12-16 18:00:32.389,0.001495,-0.001234,-0.012896,-0.000005,0.000004,-0.000000
2025-12-16 18:00:32.390,0.001495,-0.001215,-0.012867,-0.000005,0.000004,-0.000000
2025-12-16 18:00:32.391,0.001490,-0.001181,-0.012799,-0.000005,0.000004,0.000000
2025-12-16 18:00:32.393,0.001487,-0.001169,-0.012769,-0.000005,0.000004,0.000000
2025-12-16 18:00:32.394,0.001491,-0.001154,-0.012733,-0.000005,0.000004,0.000000
2025-12-16 18:00:32.395,0.001496,-0.001140,-0.012696,-0.000005,0.000004,0.000000
2025-12-16 18:00:32.396,0.001506,-0.001125,-0.012667,-0.000005,0.000004,-0.000000
2025-12-16 18:00:32.397,0.001512,-0.001114,-0.012637,-0.000005,0.000004,-0.000000
2025-12-16 18:00:32.398,0.001520,-0.001103,-0.012610,-0.000005,0.000004,-0.000000
2025-12-16 18:00:32.399,0.001528,-0.001093,-0.012588,-0.000005,0.000004,0.000000
2025-12-16 18:00:32.400,0.001535,-0.001080,-0.012568,-0.000005,0.000004,-0.000000
2025-12-16 18:00:32.404,0.001566,-0.001050,-0.012499,-0.000005,0.000004,0.000000
2025-12-16 18:00:32.405,0.001572,-0.001045,-0.012481,-0.000005,0.000004,0.000000
2025-12-16 18:00:32.406,0.001579,-0.001043,-0.012464,-0.000005,0.000004,0.000000
2025-12-16 18:00:32.407,0.001583,-0.001039,-0.012451,-0.000005,0.000004,0.000000
2025-12-16 18:00:32.408,0.001588,-0.001039,-0.012441,-0.000005,0.000004,-0.000000
2025-12-16 18:00:32.409,0.001591,-0.001039,-0.012433,-0.000005,0.000004,-0.000000
2025-12-16 18:00:32.410,0.001590,-0.001040,-0.012425,-0.000005,0.000004,-0.000000
2025-12-16 18:00:32.411,0.001591,-0.001041,-0.012421,-0.000005,0.000004,0.000000
2025-12-16 18:00:32.413,0.001588,-0.001050,-0.012414,-0.000005,0.000004,0.000000
2025-12-16 18:00:32.414,0.001582,-0.001059,-0.012413,-0.000005,0.000004,-0.000000
2025-12-16 18:00:32.415,0.001575,-0.001063,-0.012413,-0.000005,0.000004,0.000000
2025-12-16 18:00:32.417,0.001557,-0.001073,-0.012408,-0.000005,0.000004,-0.000000
2025-12-16 18:00:32.418,0.001549,-0.001082,-0.012414,-0.000005,0.000004,-0.000000
2025-12-16 18:00:32.419,0.001539,-0.001090,-0.012420,-0.000005,0.000004,-0.000000
2025-12-16 18:00:32.420,0.001527,-0.001100,-0.012423,-0.000005,0.000004,-0.000000
2025-12-16 18:00:32.421,0.001515,-0.001110,-0.012424,-0.000005,0.000004,-0.000000
2025-12-16 18:00:32.422,0.001489,-0.001134,-0.012440,-0.000005,0.000004,-0.000000
2025-12-16 18:00:32.424,0.001474,-0.001143,-0.012451,-0.000005,0.000004,0.000000
2025-12-16 18:00:32.425,0.001458,-0.001153,-0.012464,-0.000005,0.000004,0.000000
2025-12-16 18:00:32.426,0.001438,-0.001163,-0.012479,-0.000005,0.000004,0.000000
2025-12-16 18:00:32.427,0.001421,-0.001175,-0.012490,-0.000005,0.000004,-0.000000
2025-12-16 18:00:32.429,0.001383,-0.001194,-0.012517,-0.000005,0.000004,-0.000000
2025-12-16 18:00:32.430,0.001366,-0.001204,-0.012528,-0.000005,0.000004,-0.000000
2025-12-16 18:00:32.433,0.001317,-0.001237,-0.012571,-0.000005,0.000004,-0.000000
2025-12-16 18:00:32.434,0.001303,-0.001245,-0.012585,-0.000005,0.000004,-0.000000
2025-12-16 18:00:32.435,0.001288,-0.001256,-0.012599,-0.000005,0.000004,-0.000000
2025-12-16 18:00:32.436,0.001275,-0.001266,-0.012616,-0.000005,0.000004,-0.000000
2025-12-16 18:00:32.437,0.001265,-0.001279,-0.012634,-0.000005,0.000004,0.000000
2025-12-16 18:00:32.438,0.001243,-0.001299,-0.012661,-0.000005,0.000004,0.000000
2025-12-16 18:00:32.440,0.001234,-0.001306,-0.012675,-0.000005,0.000004,0.000000
2025-12-16 18:00:32.441,0.001223,-0.001310,-0.012690,-0.000005,0.000004,0.000000
2025-12-16 18:00:32.442,0.001213,-0.001314,-0.012705,-0.000005,0.000004,0.000000
2025-12-16 18:00:32.445,0.001195,-0.001333,-0.012749,-0.000005,0.000004,0.000000
2025-12-16 18:00:32.446,0.001192,-0.001337,-0.012764,-0.000005,0.000004,0.000000
2025-12-16 18:00:32.447,0.001190,-0.001341,-0.012781,-0.000005,0.000004,-0.000000
2025-12-16 18:00:32.448,0.001188,-0.001344,-0.012796,-0.000005,0.000004,0.000000
2025-12-16 18:00:32.449,0.001188,-0.001345,-0.012809,-0.000005,0.000004,-0.000000
2025-12-16 18:00:32.452,0.001185,-0.001344,-0.012855,-0.000005,0.000004,-0.000000
2025-12-16 18:00:32.453,0.001184,-0.001339,-0.012872,-0.000005,0.000004,-0.000000
2025-12-16 18:00:32.455,0.001181,-0.001332,-0.012908,-0.000005,0.000004,0.000000
2025-12-16 18:00:32.456,0.001177,-0.001328,-0.012920,-0.000005,0.000004,-0.000000
2025-12-16 18:00:32.457,0.001170,-0.001321,-0.012930,-0.000005,0.000004,0.000000
2025-12-16 18:00:32.458,0.001165,-0.001313,-0.012939,-0.000005,0.000004,-0.000000
2025-12-16 18:00:32.459,0.001161,-0.001311,-0.012948,-0.000005,0.000004,-0.000000
2025-12-16 18:00:32.461,0.001157,-0.001339,-0.012952,-0.000005,0.000004,0.000000
2025-12-16 18:00:32.462,0.001156,-0.001372,-0.012942,-0.000005,0.000004,0.000000
2025-12-16 18:00:32.467,0.001149,-0.001543,-0.012912,-0.000005,0.000004,0.000000
2025-12-16 18:00:32.468,0.001143,-0.001575,-0.012918,-0.000005,0.000004,0.000000
2025-12-16 18:00:32.469,0.001138,-0.001606,-0.012923,-0.000005,0.000004,0.000000
2025-12-16 18:00:32.470,0.001129,-0.001637,-0.012930,-0.000005,0.000004,0.000000
2025-12-16 18:00:32.472,0.001120,-0.001694,-0.012941,-0.000005,0.000004,0.000000
2025-12-16 18:00:32.473,0.001115,-0.001725,-0.012940,-0.000005,0.000004,-0.000000
2025-12-16 18:00:32.474,0.001112,-0.001761,-0.012935,-0.000005,0.000004,0.000000
2025-12-16 18:00:32.475,0.001111,-0.001797,-0.012922,-0.000005,0.000004,0.000000
2025-12-16 18:00:32.477,0.001125,-0.001869,-0.012889,-0.000005,0.000004,0.000000
2025-12-16 18:00:32.478,0.001130,-0.001900,-0.012862,-0.000005,0.000004,0.000000
2025-12-16 18:00:32.479,0.001132,-0.001919,-0.012839,-0.000005,0.000004,0.000000
2025-12-16 18:00:32.480,0.001128,-0.001922,-0.012818,-0.000005,0.000004,0.000000
2025-12-16 18:00:32.481,0.001120,-0.001901,-0.012808,-0.000005,0.000004,0.000000
2025-12-16 18:00:32.483,0.001088,-0.001805,-0.012803,-0.000005,0.000004,0.000000
2025-12-16 18:00:32.484,0.001069,-0.001746,-0.012797,-0.000005,0.000004,0.000000
2025-12-16 18:00:32.485,0.001056,-0.001688,-0.012789,-0.000005,0.000004,0.000000
2025-12-16 18:00:32.486,0.001048,-0.001634,-0.012773,-0.000005,0.000004,0.000000
2025-12-16 18:00:32.487,0.001047,-0.001585,-0.012743,-0.000005,0.000004,0.000000
2025-12-16 18:00:32.488,0.001045,-0.001535,-0.012705,-0.000005,0.000004,0.000000
2025-12-16 18:00:32.489,0.001045,-0.001480,-0.012671,-0.000005,0.000004,0.000000
2025-12-16 18:00:32.491,0.001043,-0.001356,-0.012590,-0.000005,0.000004,0.000000
2025-12-16 18:00:32.492,0.001036,-0.001284,-0.012549,-0.000005,0.000004,0.000000
2025-12-16 18:00:32.494,0.001030,-0.001114,-0.012467,-0.000005,0.000004,0.000000
2025-12-16 18:00:32.495,0.001025,-0.001021,-0.012434,-0.000005,0.000004,0.000000
2025-12-16 18:00:32.497,0.001014,-0.000846,-0.012387,-0.000005,0.000004,0.000000
2025-12-16 18:00:32.498,0.001013,-0.000769,-0.012370,-0.000005,0.000004,0.000000
2025-12-16 18:00:32.501,0.001048,-0.000610,-0.012302,-0.000005,0.000004,0.000000
2025-12-16 18:00:32.502,0.001070,-0.000583,-0.012272,-0.000005,0.000004,0.000000
2025-12-16 18:00:32.503,0.001094,-0.000558,-0.012240,-0.000005,0.000004,0.000000
2025-12-16 18:00:32.505,0.001144,-0.000517,-0.012178,-0.000005,0.000004,0.000000
2025-12-16 18:00:32.506,0.001166,-0.000496,-0.012156,-0.000005,0.000004,0.000000
2025-12-16 18:00:32.509,0.001236,-0.000449,-0.012126,-0.000005,0.000004,0.000000
2025-12-16 18:00:32.510,0.001270,-0.000449,-0.012116,-0.000005,0.000004,0.000000
2025-12-16 18:00:32.513,0.001393,-0.000510,-0.012086,-0.000005,0.000004,0.000000
2025-12-16 18:00:32.515,0.001463,-0.000579,-0.012072,-0.000005,0.000004,0.000000
2025-12-16 18:00:32.516,0.001496,-0.000610,-0.012062,-0.000005,0.000004,0.000000
2025-12-16 18:00:32.517,0.001523,-0.000634,-0.012054,-0.000005,0.000004,0.000000
2025-12-16 18:00:32.518,0.001548,-0.000652,-0.012049,-0.000005,0.000004,0.000000
2025-12-16 18:00:32.519,0.001565,-0.000668,-0.012042,-0.000005,0.000004,0.000000
2025-12-16 18:00:32.524,0.001634,-0.000746,-0.012027,-0.000005,0.000004,0.000000
2025-12-16 18:00:32.525,0.001638,-0.000761,-0.012028,-0.000005,0.000004,0.000000
2025-12-16 18:00:32.526,0.001638,-0.000779,-0.012019,-0.000005,0.000004,0.000000
2025-12-16 18:00:32.529,0.001601,-0.000869,-0.011953,-0.000005,0.000004,0.000000
2025-12-16 18:00:32.531,0.001541,-0.000929,-0.011901,-0.000005,0.000004,0.000000
2025-12-16 18:00:32.532,0.001506,-0.000952,-0.011875,-0.000005,0.000004,0.000000
2025-12-16 18:00:32.533,0.001475,-0.000969,-0.011852,-0.000005,0.000004,0.000000
2025-12-16 18:00:32.534,0.001438,-0.000989,-0.011831,-0.000005,0.000004,0.000000
2025-12-16 18:00:32.537,0.001313,-0.001079,-0.011786,-0.000005,0.000004,0.000000
2025-12-16 18:00:32.538,0.001270,-0.001111,-0.011779,-0.000004,0.000004,0.000000
2025-12-16 18:00:32.539,0.001231,-0.001141,-0.011771,-0.000005,0.000004,0.000000
2025-12-16 18:00:32.540,0.001190,-0.001171,-0.011771,-0.000005,0.000004,0.000000
2025-12-16 18:00:32.542,0.001103,-0.001234,-0.011760,-0.000004,0.000004,-0.000000
2025-12-16 18:00:32.545,0.000967,-0.001322,-0.011700,-0.000004,0.000004,-0.000000
2025-12-16 18:00:32.549,0.000802,-0.001397,-0.011606,-0.000004,0.000004,0.000000
2025-12-16 18:00:32.550,0.000768,-0.001421,-0.011586,-0.000004,0.000004,0.000000
2025-12-16 18:00:32.551,0.000731,-0.001443,-0.011562,-0.000004,0.000004,-0.000000
2025-12-16 18:00:32.552,0.000698,-0.001468,-0.011536,-0.000004,0.000004,0.000000
2025-12-16 18:00:32.553,0.000667,-0.001498,-0.011508,-0.000005,0.000004,0.000000
2025-12-16 18:00:32.555,0.000639,-0.001530,-0.011480,-0.000004,0.000004,0.000000
2025-12-16 18:00:32.557,0.000580,-0.001598,-0.011416,-0.000005,0.000004,0.000000
2025-12-16 18:00:32.561,0.000483,-0.001755,-0.011278,-0.000004,0.000004,0.000000
2025-12-16 18:00:32.563,0.000419,-0.001887,-0.011164,-0.000004,0.000004,0.000000
2025-12-16 18:00:32.564,0.000432,-0.001994,-0.011114,-0.000004,0.000004,0.000000
2025-12-16 18:00:32.565,0.000436,-0.002099,-0.011068,-0.000004,0.000003,0.000000
2025-12-16 18:00:32.570,0.000426,-0.002587,-0.010908,-0.000004,0.000003,-0.000000
2025-12-16 18:00:32.571,0.000426,-0.002683,-0.010876,-0.000004,0.000003,-0.000000
2025-12-16 18:00:32.572,0.000428,-0.002779,-0.010849,-0.000004,0.000003,-0.000000
2025-12-16 18:00:32.573,0.000429,-0.002869,-0.010823,-0.000004,0.000003,-0.000000
2025-12-16 18:00:32.575,0.000433,-0.003009,-0.010794,-0.000004,0.000003,-0.000000
2025-12-16 18:00:32.577,0.000445,-0.003120,-0.010765,-0.000004,0.000003,-0.000000
2025-12-16 18:00:32.579,0.000456,-0.003225,-0.010702,-0.000004,0.000003,-0.000000
2025-12-16 18:00:32.580,0.000456,-0.003257,-0.010673,-0.000004,0.000003,-0.000000
2025-12-16 18:00:32.581,0.000452,-0.003268,-0.010648,-0.000004,0.000003,-0.000000
2025-12-16 18:00:32.583,0.000424,-0.003215,-0.010625,-0.000004,0.000003,-0.000000
2025-12-16 18:00:32.590,0.000273,-0.002745,-0.010454,-0.000004,0.000003,-0.000000
2025-12-16 18:00:32.591,0.000213,-0.002559,-0.010415,-0.000004,0.000003,-0.000000
2025-12-16 18:00:32.593,0.000185,-0.002465,-0.010395,-0.000004,0.000003,0.000000
2025-12-16 18:00:32.594,0.000158,-0.002381,-0.010361,-0.000004,0.000003,0.000000
2025-12-16 18:00:32.597,0.000076,-0.002172,-0.010238,-0.000004,0.000003,0.000000
2025-12-16 18:00:32.598,0.000029,-0.002050,-0.010199,-0.000004,0.000003,0.000000
2025-12-16 18:00:32.601,0.000007,-0.001994,-0.010148,-0.000004,0.000003,0.000000
2025-12-16 18:00:32.602,0.000005,-0.002003,-0.010109,-0.000004,0.000003,0.000000
2025-12-16 18:00:32.604,0.000024,-0.002071,-0.010022,-0.000004,0.000003,0.000000
2025-12-16 18:00:32.605,0.000041,-0.002118,-0.009990,-0.000004,0.000003,0.000000
2025-12-16 18:00:32.606,0.000057,-0.002166,-0.009975,-0.000004,0.000003,0.000000
2025-12-16 18:00:32.608,0.000087,-0.002230,-0.009992,-0.000004,0.000003,0.000000
2025-12-16 18:00:32.609,0.000103,-0.002259,-0.010012,-0.000004,0.000003,0.000000
2025-12-16 18:00:32.611,0.000156,-0.002319,-0.010038,-0.000004,0.000003,0.000000
2025-12-16 18:00:32.612,0.000188,-0.002357,-0.010037,-0.000004,0.000003,0.000000
2025-12-16 18:00:32.613,0.000218,-0.002401,-0.010034,-0.000004,0.000003,0.000000
2025-12-16 18:00:32.614,0.000248,-0.002450,-0.010034,-0.000004,0.000003,0.000000
2025-12-16 18:00:32.615,0.000279,-0.002497,-0.010030,-0.000004,0.000003,0.000000
2025-12-16 18:00:32.616,0.000311,-0.002545,-0.010018,-0.000004,0.000003,0.000000
2025-12-16 18:00:32.617,0.000341,-0.002589,-0.009993,-0.000004,0.000003,0.000000
2025-12-16 18:00:32.619,0.000392,-0.002656,-0.009916,-0.000004,0.000003,0.000000
2025-12-16 18:00:32.620,0.000406,-0.002673,-0.009875,-0.000004,0.000003,0.000000
2025-12-16 18:00:32.621,0.000410,-0.002666,-0.009835,-0.000003,0.000003,-0.000000
2025-12-16 18:00:32.623,0.000399,-0.002609,-0.009791,-0.000003,0.000003,-0.000000
2025-12-16 18:00:32.624,0.000386,-0.002561,-0.009790,-0.000004,0.000003,-0.000000
2025-12-16 18:00:32.627,0.000352,-0.002446,-0.009733,-0.000004,0.000003,0.000000
2025-12-16 18:00:32.628,0.000354,-0.002443,-0.009684,-0.000003,0.000003,-0.000000
2025-12-16 18:00:32.629,0.000356,-0.002454,-0.009618,-0.000004,0.000003,-0.000000
2025-12-16 18:00:32.630,0.000349,-0.002490,-0.009489,-0.000003,0.000003,0.000000
2025-12-16 18:00:32.632,0.000343,-0.002505,-0.009437,-0.000004,0.000003,-0.000000
2025-12-16 18:00:32.635,0.000293,-0.002496,-0.009275,-0.000003,0.000003,0.000000
2025-12-16 18:00:32.639,0.000249,-0.002585,-0.009107,-0.000003,0.000003,-0.000000
2025-12-16 18:00:32.640,0.000250,-0.002627,-0.009077,-0.000003,0.000003,-0.000000
2025-12-16 18:00:32.641,0.000259,-0.002673,-0.009052,-0.000003,0.000003,-0.000000
2025-12-16 18:00:32.642,0.000275,-0.002721,-0.009030,-0.000004,0.000003,-0.000000
2025-12-16 18:00:32.643,0.000294,-0.002775,-0.008999,-0.000004,0.000003,-0.000000
2025-12-16 18:00:32.645,0.000344,-0.002884,-0.008909,-0.000003,0.000003,-0.000000
2025-12-16 18:00:32.647,0.000396,-0.002967,-0.008814,-0.000003,0.000003,-0.000000
2025-12-16 18:00:32.648,0.000419,-0.002999,-0.008765,-0.000003,0.000003,-0.000000
2025-12-16 18:00:32.649,0.000447,-0.003024,-0.008721,-0.000003,0.000003,-0.000000
2025-12-16 18:00:32.650,0.000482,-0.003047,-0.008673,-0.000003,0.000002,-0.000000
2025-12-16 18:00:32.651,0.000527,-0.003078,-0.008617,-0.000003,0.000002,-0.000000
2025-12-16 18:00:32.653,0.000627,-0.003158,-0.008478,-0.000003,0.000002,-0.000000
2025-12-16 18:00:32.654,0.000687,-0.003196,-0.008405,-0.000003,0.000002,-0.000000
2025-12-16 18:00:32.655,0.000746,-0.003226,-0.008334,-0.000003,0.000002,-0.000000
2025-12-16 18:00:32.657,0.000841,-0.003239,-0.008202,-0.000003,0.000002,-0.000000
2025-12-16 18:00:32.659,0.000935,-0.003218,-0.008066,-0.000003,0.000002,-0.000000
2025-12-16 18:00:32.660,0.000984,-0.003211,-0.007992,-0.000003,0.000002,-0.000000
2025-12-16 18:00:32.661,0.001033,-0.003214,-0.007904,-0.000003,0.000002,-0.000000
2025-12-16 18:00:32.662,0.001083,-0.003228,-0.007802,-0.000003,0.000002,-0.000001
2025-12-16 18:00:32.663,0.001140,-0.003252,-0.007696,-0.000003,0.000002,-0.000001
2025-12-16 18:00:32.664,0.001264,-0.003318,-0.007493,-0.000003,0.000002,-0.000001
2025-12-16 18:00:32.666,0.001327,-0.003351,-0.007392,-0.000003,0.000002,-0.000001
2025-12-16 18:00:32.667,0.001375,-0.003369,-0.007315,-0.000003,0.000002,-0.000001
2025-12-16 18:00:32.668,0.001411,-0.003362,-0.007247,-0.000003,0.000002,-0.000001
2025-12-16 18:00:32.669,0.001435,-0.003334,-0.007193,-0.000003,0.000002,-0.000001
2025-12-16 18:00:32.670,0.001448,-0.003293,-0.007139,-0.000003,0.000002,-0.000001
2025-12-16 18:00:32.671,0.001452,-0.003239,-0.007088,-0.000003,0.000002,-0.000001
2025-12-16 18:00:32.672,0.001455,-0.003118,-0.006991,-0.000003,0.000001,-0.000001
2025-12-16 18:00:32.674,0.001458,-0.003061,-0.006944,-0.000003,0.000001,-0.000001
2025-12-16 18:00:32.675,0.001463,-0.003000,-0.006900,-0.000002,0.000001,-0.000001
2025-12-16 18:00:32.676,0.001474,-0.002943,-0.006846,-0.000002,0.000001,-0.000001
2025-12-16 18:00:32.677,0.001485,-0.002885,-0.006785,-0.000002,0.000001,-0.000001
2025-12-16 18:00:32.679,0.001495,-0.002755,-0.006650,-0.000002,0.000001,-0.000001
2025-12-16 18:00:32.680,0.001489,-0.002662,-0.006587,-0.000002,0.000001,-0.000001
2025-12-16 18:00:32.681,0.001473,-0.002540,-0.006543,-0.000002,0.000001,-0.000001
2025-12-16 18:00:32.682,0.001444,-0.002388,-0.006525,-0.000002,0.000001,-0.000000
2025-12-16 18:00:32.683,0.001402,-0.002208,-0.006527,-0.000002,0.000002,-0.000000
2025-12-16 18:00:32.685,0.001294,-0.001814,-0.006532,-0.000002,0.000002,-0.000000
2025-12-16 18:00:32.686,0.001244,-0.001624,-0.006519,-0.000002,0.000002,-0.000000
2025-12-16 18:00:32.687,0.001203,-0.001465,-0.006481,-0.000002,0.000002,-0.000000
2025-12-16 18:00:32.688,0.001173,-0.001337,-0.006431,-0.000002,0.000002,-0.000000
2025-12-16 18:00:32.689,0.001147,-0.001230,-0.006365,-0.000002,0.000002,-0.000000
2025-12-16 18:00:32.690,0.001125,-0.001129,-0.006305,-0.000002,0.000002,-0.000000
2025-12-16 18:00:32.691,0.001101,-0.001033,-0.006249,-0.000002,0.000002,-0.000000
2025-12-16 18:00:32.692,0.001074,-0.000930,-0.006206,-0.000002,0.000002,-0.000000
2025-12-16 18:00:32.693,0.001033,-0.000819,-0.006171,-0.000002,0.000002,0.000000
2025-12-16 18:00:32.696,0.000886,-0.000466,-0.006130,-0.000002,0.000002,0.000000
2025-12-16 18:00:32.697,0.000830,-0.000354,-0.006139,-0.000002,0.000002,0.000000
2025-12-16 18:00:32.698,0.000774,-0.000244,-0.006161,-0.000002,0.000002,0.000000
2025-12-16 18:00:32.699,0.000730,-0.000156,-0.006189,-0.000002,0.000002,0.000000
2025-12-16 18:00:32.700,0.000698,-0.000099,-0.006217,-0.000002,0.000002,0.000000
2025-12-16 18:00:32.701,0.000683,-0.000071,-0.006234,-0.000002,0.000002,0.000000
2025-12-16 18:00:32.702,0.000678,-0.000070,-0.006229,-0.000002,0.000002,0.000000
2025-12-16 18:00:32.705,0.000702,-0.000140,-0.006131,-0.000002,0.000002,0.000000
2025-12-16 18:00:32.706,0.000705,-0.000155,-0.006108,-0.000002,0.000002,0.000000
2025-12-16 18:00:32.707,0.000700,-0.000155,-0.006096,-0.000002,0.000002,0.000000
2025-12-16 18:00:32.708,0.000693,-0.000146,-0.006090,-0.000002,0.000002,0.000000
2025-12-16 18:00:32.709,0.000685,-0.000135,-0.006094,-0.000002,0.000002,0.000000
2025-12-16 18:00:32.710,0.000680,-0.000133,-0.006097,-0.000002,0.000002,0.000000
2025-12-16 18:00:32.713,0.000725,-0.000205,-0.006088,-0.000002,0.000002,0.000000
2025-12-16 18:00:32.714,0.000762,-0.000265,-0.006071,-0.000002,0.000002,0.000000
2025-12-16 18:00:32.719,0.000922,-0.000564,-0.005893,-0.000002,0.000002,-0.000000
2025-12-16 18:00:32.720,0.000925,-0.000588,-0.005847,-0.000002,0.000002,-0.000000
2025-12-16 18:00:32.721,0.000922,-0.000614,-0.005795,-0.000002,0.000002,-0.000000
2025-12-16 18:00:32.722,0.000919,-0.000647,-0.005733,-0.000002,0.000002,-0.000000
2025-12-16 18:00:32.724,0.000900,-0.000753,-0.005604,-0.000002,0.000002,-0.000000
2025-12-16 18:00:32.725,0.000888,-0.000818,-0.005538,-0.000002,0.000002,-0.000000
2025-12-16 18:00:32.726,0.000876,-0.000887,-0.005471,-0.000002,0.000001,-0.000000
2025-12-16 18:00:32.727,0.000859,-0.000959,-0.005399,-0.000002,0.000001,-0.000000
2025-12-16 18:00:32.728,0.000837,-0.001033,-0.005324,-0.000002,0.000001,-0.000000
2025-12-16 18:00:32.730,0.000768,-0.001168,-0.005165,-0.000002,0.000001,-0.000000
2025-12-16 18:00:32.731,0.000660,-0.001269,-0.005009,-0.000002,0.000001,-0.000000
2025-12-16 18:00:32.733,0.000591,-0.001307,-0.004934,-0.000002,0.000001,-0.000000
2025-12-16 18:00:32.734,0.000514,-0.001347,-0.004853,-0.000002,0.000001,-0.000000
2025-12-16 18:00:32.735,0.000440,-0.001393,-0.004770,-0.000002,0.000001,-0.000000
2025-12-16 18:00:32.736,0.000368,-0.001450,-0.004682,-0.000002,0.000001,-0.000000
2025-12-16 18:00:32.737,0.000305,-0.001526,-0.004582,-0.000002,0.000001,-0.000000
2025-12-16 18:00:32.738,0.000246,-0.001617,-0.004468,-0.000002,0.000001,-0.000000
2025-12-16 18:00:32.739,0.000197,-0.001716,-0.004354,-0.000002,0.000001,-0.000000
2025-12-16 18:00:32.742,0.000009,-0.001953,-0.004063,-0.000001,0.000001,-0.000000
2025-12-16 18:00:32.743,-0.000065,-0.002002,-0.003988,-0.000001,0.000001,-0.000000
2025-12-16 18:00:32.744,-0.000140,-0.002043,-0.003914,-0.000001,0.000001,-0.000000
2025-12-16 18:00:32.745,-0.000215,-0.002083,-0.003839,-0.000001,0.000001,-0.000000
2025-12-16 18:00:32.746,-0.000285,-0.002127,-0.003761,-0.000001,0.000001,-0.000000
2025-12-16 18:00:32.749,-0.000416,-0.002291,-0.003522,-0.000001,0.000001,-0.000000
2025-12-16 18:00:32.750,-0.000431,-0.002361,-0.003438,-0.000001,0.000001,-0.000000
2025-12-16 18:00:32.751,-0.000431,-0.002440,-0.003349,-0.000001,0.000001,-0.000000
2025-12-16 18:00:32.754,-0.000395,-0.002698,-0.002951,-0.000001,0.000001,-0.000000
2025-12-16 18:00:32.756,-0.000380,-0.002724,-0.002862,-0.000001,0.000001,-0.000000
2025-12-16 18:00:32.757,-0.000365,-0.002738,-0.002778,-0.000001,0.000001,-0.000000
2025-12-16 18:00:32.758,-0.000342,-0.002750,-0.002700,-0.000001,0.000001,-0.000000
2025-12-16 18:00:32.759,-0.000313,-0.002767,-0.002614,-0.000001,0.000001,-0.000000
2025-12-16 18:00:32.760,-0.000271,-0.002791,-0.002518,-0.000001,0.000001,-0.000000
2025-12-16 18:00:32.761,-0.000138,-0.002871,-0.002295,-0.000001,0.000001,-0.000000
2025-12-16 18:00:32.763,-0.000055,-0.002914,-0.002174,-0.000001,0.000001,-0.000000
2025-12-16 18:00:32.764,0.000035,-0.002960,-0.002056,-0.000001,0.000000,-0.000001
2025-12-16 18:00:32.765,0.000133,-0.003008,-0.001939,-0.000001,0.000000,-0.000001
2025-12-16 18:00:32.767,0.000320,-0.003081,-0.001712,-0.000001,0.000000,-0.000001
2025-12-16 18:00:32.769,0.000472,-0.003111,-0.001516,-0.000001,0.000000,-0.000001
2025-12-16 18:00:32.770,0.000534,-0.003107,-0.001424,-0.000001,0.000000,-0.000001
2025-12-16 18:00:32.771,0.000589,-0.003098,-0.001334,-0.000001,-0.000000,-0.000001
2025-12-16 18:00:32.773,0.000700,-0.003098,-0.001146,-0.000001,-0.000000,-0.000001
2025-12-16 18:00:32.775,0.000808,-0.003136,-0.000952,-0.000000,-0.000000,-0.000001
2025-12-16 18:00:32.776,0.000858,-0.003165,-0.000856,-0.000000,-0.000000,-0.000001
2025-12-16 18:00:32.777,0.000901,-0.003194,-0.000759,-0.000000,-0.000000,-0.000001
2025-12-16 18:00:32.779,0.000952,-0.003238,-0.000583,-0.000000,-0.000000,-0.000001
2025-12-16 18:00:32.780,0.000954,-0.003245,-0.000497,-0.000000,-0.000001,-0.000001
2025-12-16 18:00:32.781,0.000939,-0.003241,-0.000420,-0.000000,-0.000001,-0.000001
2025-12-16 18:00:32.783,0.000886,-0.003220,-0.000297,-0.000000,-0.000001,-0.000001
2025-12-16 18:00:32.784,0.000854,-0.003211,-0.000239,-0.000000,-0.000001,-0.000001
2025-12-16 18:00:32.785,0.000818,-0.003204,-0.000188,-0.000000,-0.000001,-0.000001
2025-12-16 18:00:32.786,0.000787,-0.003206,-0.000137,-0.000000,-0.000001,-0.000001
2025-12-16 18:00:32.788,0.000702,-0.003234,0.000028,-0.000000,-0.000001,-0.000001
2025-12-16 18:00:32.790,0.000675,-0.003247,0.000087,-0.000000,-0.000001,-0.000001
2025-12-16 18:00:32.791,0.000647,-0.003254,0.000143,-0.000000,-0.000001,-0.000001
2025-12-16 18:00:32.793,0.000593,-0.003258,0.000233,-0.000000,-0.000001,-0.000001
2025-12-16 18:00:32.794,0.000565,-0.003249,0.000272,-0.000000,-0.000001,-0.000001
2025-12-16 18:00:32.795,0.000537,-0.003241,0.000306,-0.000000,-0.000001,-0.000001
2025-12-16 18:00:32.796,0.000510,-0.003233,0.000346,-0.000000,-0.000001,-0.000001
2025-12-16 18:00:32.799,0.000470,-0.003218,0.000463,-0.000000,-0.000001,-0.000001
2025-12-16 18:00:32.800,0.000477,-0.003225,0.000500,-0.000000,-0.000001,-0.000001
2025-12-16 18:00:32.801,0.000488,-0.003235,0.000530,-0.000000,-0.000001,-0.000001
2025-12-16 18:00:32.803,0.000522,-0.003258,0.000606,-0.000000,-0.000001,-0.000001
2025-12-16 18:00:32.804,0.000540,-0.003262,0.000649,-0.000000,-0.000001,-0.000001
2025-12-16 18:00:32.805,0.000556,-0.003258,0.000696,-0.000000,-0.000001,-0.000001
2025-12-16 18:00:32.806,0.000568,-0.003243,0.000739,-0.000000,-0.000001,-0.000001
2025-12-16 18:00:32.807,0.000577,-0.003225,0.000779,0.000000,-0.000001,-0.000001
2025-12-16 18:00:32.809,0.000611,-0.003206,0.000863,0.000000,-0.000001,-0.000001
2025-12-16 18:00:32.810,0.000630,-0.003202,0.000902,0.000000,-0.000001,-0.000001
2025-12-16 18:00:32.811,0.000653,-0.003203,0.000939,0.000000,-0.000001,-0.000001
2025-12-16 18:00:32.814,0.000713,-0.003201,0.001043,0.000000,-0.000001,-0.000001
2025-12-16 18:00:32.815,0.000729,-0.003203,0.001082,0.000000,-0.000001,-0.000001
2025-12-16 18:00:32.816,0.000745,-0.003201,0.001119,0.000000,-0.000001,-0.000001
2025-12-16 18:00:32.817,0.000759,-0.003198,0.001148,0.000000,-0.000001,-0.000001
2025-12-16 18:00:32.818,0.000765,-0.003190,0.001176,0.000000,-0.000001,-0.000001
2025-12-16 18:00:32.819,0.000772,-0.003177,0.001200,0.000000,-0.000001,-0.000001
2025-12-16 18:00:32.820,0.000772,-0.003155,0.001218,0.000000,-0.000001,-0.000001
2025-12-16 18:00:32.823,0.000765,-0.003094,0.001273,0.000000,-0.000001,-0.000001
2025-12-16 18:00:32.824,0.000764,-0.003084,0.001293,0.000000,-0.000001,-0.000001
2025-12-16 18:00:32.825,0.000763,-0.003076,0.001311,0.000000,-0.000001,-0.000001
2025-12-16 18:00:32.827,0.000769,-0.003067,0.001351,0.000000,-0.000001,-0.000001
2025-12-16 18:00:32.828,0.000774,-0.003059,0.001367,0.000000,-0.000001,-0.000001
2025-12-16 18:00:32.829,0.000773,-0.003042,0.001377,0.000000,-0.000001,-0.000001
2025-12-16 18:00:32.830,0.000764,-0.003017,0.001382,0.000000,-0.000001,-0.000001
2025-12-16 18:00:32.832,0.000734,-0.002959,0.001396,0.000000,-0.000001,-0.000001
2025-12-16 18:00:32.833,0.000720,-0.002928,0.001404,0.000000,-0.000001,-0.000001
2025-12-16 18:00:32.834,0.000709,-0.002900,0.001411,0.000000,-0.000001,-0.000001
2025-12-16 18:00:32.836,0.000688,-0.002847,0.001411,0.000000,-0.000001,-0.000001
2025-12-16 18:00:32.837,0.000678,-0.002831,0.001413,0.000000,-0.000001,-0.000001
2025-12-16 18:00:32.838,0.000669,-0.002819,0.001416,0.000000,-0.000001,-0.000001
2025-12-16 18:00:32.839,0.000655,-0.002810,0.001422,0.000000,-0.000001,-0.000001
2025-12-16 18:00:32.840,0.000639,-0.002799,0.001427,0.000000,-0.000001,-0.000001
2025-12-16 18:00:32.842,0.000589,-0.002771,0.001422,0.000000,-0.000001,-0.000001
2025-12-16 18:00:32.843,0.000560,-0.002754,0.001409,0.000000,-0.000001,-0.000001
2025-12-16 18:00:32.844,0.000527,-0.002731,0.001389,0.000000,-0.000001,-0.000001
2025-12-16 18:00:32.845,0.000490,-0.002709,0.001367,0.000000,-0.000001,-0.000001
2025-12-16 18:00:32.847,0.000416,-0.002675,0.001328,0.000000,-0.000001,-0.000001
2025-12-16 18:00:32.848,0.000382,-0.002669,0.001312,0.000000,-0.000001,-0.000001
2025-12-16 18:00:32.849,0.000354,-0.002672,0.001296,0.000000,-0.000001,-0.000001
2025-12-16 18:00:32.850,0.000329,-0.002681,0.001280,0.000000,-0.000001,-0.000001
2025-12-16 18:00:32.851,0.000308,-0.002691,0.001263,0.000000,-0.000001,-0.000001
2025-12-16 18:00:32.853,0.000262,-0.002717,0.001228,0.000000,-0.000001,-0.000001
2025-12-16 18:00:32.854,0.000239,-0.002723,0.001200,0.000000,-0.000001,-0.000001
2025-12-16 18:00:32.855,0.000218,-0.002726,0.001174,0.000000,-0.000001,-0.000001
2025-12-16 18:00:32.856,0.000196,-0.002719,0.001145,0.000000,-0.000001,-0.000001
2025-12-16 18:00:32.857,0.000176,-0.002710,0.001110,0.000000,-0.000001,-0.000001
2025-12-16 18:00:32.858,0.000160,-0.002701,0.001077,0.000000,-0.000001,-0.000001
2025-12-16 18:00:32.859,0.000151,-0.002696,0.001038,0.000000,-0.000001,-0.000001
2025-12-16 18:00:32.860,0.000147,-0.002696,0.001004,0.000000,-0.000001,-0.000001
2025-12-16 18:00:32.863,0.000183,-0.002714,0.000921,0.000000,-0.000001,-0.000001
2025-12-16 18:00:32.864,0.000201,-0.002721,0.000906,0.000000,-0.000001,-0.000001
2025-12-16 18:00:32.865,0.000225,-0.002725,0.000892,0.000000,-0.000001,-0.000001
2025-12-16 18:00:32.866,0.000251,-0.002723,0.000872,0.000000,-0.000001,-0.000001
2025-12-16 18:00:32.867,0.000277,-0.002722,0.000852,0.000000,-0.000001,-0.000001
2025-12-16 18:00:32.868,0.000321,-0.002675,0.000799,0.000000,-0.000001,-0.000001
2025-12-16 18:00:32.870,0.000339,-0.002639,0.000772,-0.000000,-0.000001,-0.000001
2025-12-16 18:00:32.871,0.000358,-0.002611,0.000749,-0.000000,-0.000001,-0.000001
2025-12-16 18:00:32.872,0.000379,-0.002587,0.000733,-0.000000,-0.000001,-0.000001
2025-12-16 18:00:32.873,0.000401,-0.002569,0.000721,-0.000000,-0.000001,-0.000001
2025-12-16 18:00:32.874,0.000424,-0.002555,0.000710,-0.000000,-0.000001,-0.000001
2025-12-16 18:00:32.875,0.000449,-0.002546,0.000700,-0.000000,-0.000001,-0.000001
2025-12-16 18:00:32.876,0.000475,-0.002541,0.000690,-0.000000,-0.000001,-0.000001
2025-12-16 18:00:32.878,0.000522,-0.002523,0.000661,-0.000000,-0.000001,-0.000001
2025-12-16 18:00:32.879,0.000537,-0.002508,0.000648,-0.000000,-0.000001,-0.000001
2025-12-16 18:00:32.880,0.000546,-0.002485,0.000630,-0.000000,-0.000001,-0.000001
2025-12-16 18:00:32.881,0.000546,-0.002459,0.000607,-0.000000,-0.000001,-0.000001
2025-12-16 18:00:32.882,0.000539,-0.002431,0.000591,-0.000000,-0.000001,-0.000001
2025-12-16 18:00:32.884,0.000519,-0.002393,0.000547,-0.000000,-0.000001,-0.000001
2025-12-16 18:00:32.885,0.000510,-0.002380,0.000519,-0.000000,-0.000001,-0.000001
2025-12-16 18:00:32.886,0.000503,-0.002369,0.000493,-0.000000,-0.000001,-0.000001
2025-12-16 18:00:32.887,0.000495,-0.002366,0.000482,-0.000000,-0.000001,-0.000001
2025-12-16 18:00:32.888,0.000487,-0.002365,0.000472,-0.000000,-0.000001,-0.000001
2025-12-16 18:00:32.889,0.000480,-0.002366,0.000459,-0.000000,-0.000001,-0.000001
2025-12-16 18:00:32.890,0.000474,-0.002368,0.000446,-0.000000,-0.000001,-0.000001
2025-12-16 18:00:32.891,0.000465,-0.002365,0.000436,-0.000000,-0.000001,-0.000001
2025-12-16 18:00:32.893,0.000445,-0.002344,0.000400,-0.000000,-0.000001,-0.000001
2025-12-16 18:00:32.894,0.000437,-0.002331,0.000380,-0.000000,-0.000001,-0.000001
2025-12-16 18:00:32.895,0.000425,-0.002316,0.000358,-0.000000,-0.000001,-0.000001
2025-12-16 18:00:32.896,0.000404,-0.002292,0.000323,-0.000000,-0.000000,-0.000001
2025-12-16 18:00:32.898,0.000393,-0.002283,0.000318,-0.000000,-0.000000,-0.000001
2025-12-16 18:00:32.899,0.000388,-0.002281,0.000313,-0.000000,-0.000000,-0.000001
2025-12-16 18:00:32.900,0.000385,-0.002282,0.000308,-0.000000,-0.000000,-0.000001
2025-12-16 18:00:32.901,0.000388,-0.002285,0.000303,-0.000000,-0.000000,-0.000001
2025-12-16 18:00:32.903,0.000423,-0.002280,0.000272,-0.000000,-0.000000,-0.000001
2025-12-16 18:00:32.905,0.000429,-0.002271,0.000271,-0.000000,-0.000000,-0.000001
2025-12-16 18:00:32.906,0.000432,-0.002259,0.000271,-0.000000,-0.000000,-0.000001
2025-12-16 18:00:32.907,0.000431,-0.002243,0.000260,-0.000000,-0.000000,-0.000001
2025-12-16 18:00:32.908,0.000429,-0.002229,0.000246,-0.000000,-0.000000,-0.000001
2025-12-16 18:00:32.909,0.000430,-0.002214,0.000230,-0.000000,-0.000000,-0.000001
2025-12-16 18:00:32.911,0.000435,-0.002191,0.000193,-0.000000,-0.000000,-0.000001
2025-12-16 18:00:32.912,0.000437,-0.002188,0.000174,-0.000000,-0.000000,-0.000001
2025-12-16 18:00:32.913,0.000433,-0.002184,0.000153,-0.000000,-0.000000,-0.000001
2025-12-16 18:00:32.914,0.000428,-0.002180,0.000134,-0.000000,-0.000000,-0.000001
2025-12-16 18:00:32.915,0.000422,-0.002168,0.000116,-0.000000,-0.000000,-0.000001
2025-12-16 18:00:32.917,0.000404,-0.002136,0.000072,-0.000000,-0.000000,-0.000001
2025-12-16 18:00:32.918,0.000392,-0.002113,0.000040,-0.000000,-0.000000,-0.000001
2025-12-16 18:00:32.919,0.000371,-0.002083,0.000007,-0.000000,-0.000000,-0.000001
2025-12-16 18:00:32.920,0.000349,-0.002056,-0.000022,-0.000000,-0.000000,-0.000001
2025-12-16 18:00:32.921,0.000310,-0.002003,-0.000075,-0.000000,-0.000000,-0.000001
2025-12-16 18:00:32.923,0.000286,-0.001971,-0.000105,-0.000000,-0.000000,-0.000001
2025-12-16 18:00:32.924,0.000264,-0.001938,-0.000136,-0.000000,-0.000000,-0.000001
2025-12-16 18:00:32.925,0.000245,-0.001911,-0.000163,-0.000000,-0.000000,-0.000001
2025-12-16 18:00:32.926,0.000230,-0.001886,-0.000197,-0.000000,-0.000000,-0.000001
2025-12-16 18:00:32.927,0.000218,-0.001866,-0.000227,-0.000000,-0.000000,-0.000000
2025-12-16 18:00:32.928,0.000206,-0.001834,-0.000265,-0.000000,-0.000000,-0.000000
2025-12-16 18:00:32.929,0.000190,-0.001798,-0.000304,-0.000000,-0.000000,-0.000000
2025-12-16 18:00:32.930,0.000174,-0.001758,-0.000346,-0.000000,-0.000000,-0.000000
2025-12-16 18:00:32.931,0.000159,-0.001714,-0.000382,-0.000000,-0.000000,-0.000000
2025-12-16 18:00:32.932,0.000146,-0.001675,-0.000409,-0.000000,-0.000000,-0.000000
2025-12-16 18:00:32.933,0.000135,-0.001631,-0.000439,-0.000000,-0.000000,-0.000000
2025-12-16 18:00:32.935,0.000115,-0.001553,-0.000497,-0.000000,-0.000000,-0.000000
2025-12-16 18:00:32.936,0.000108,-0.001521,-0.000523,-0.000000,-0.000000,-0.000000
2025-12-16 18:00:32.937,0.000106,-0.001492,-0.000547,-0.000000,0.000000,-0.000000
2025-12-16 18:00:32.938,0.000104,-0.001460,-0.000576,-0.000000,0.000000,-0.000000
2025-12-16 18:00:32.939,0.000106,-0.001428,-0.000600,-0.000000,0.000000,-0.000000
2025-12-16 18:00:32.940,0.000112,-0.001370,-0.000641,-0.000000,0.000000,-0.000000
2025-12-16 18:00:32.942,0.000107,-0.001336,-0.000663,-0.000000,0.000000,-0.000000
2025-12-16 18:00:32.943,0.000099,-0.001296,-0.000690,-0.000000,0.000000,-0.000000
2025-12-16 18:00:32.945,0.000072,-0.001218,-0.000738,-0.000000,0.000000,-0.000000
2025-12-16 18:00:32.946,0.000058,-0.001178,-0.000764,-0.000000,0.000000,-0.000000
2025-12-16 18:00:32.947,0.000046,-0.001139,-0.000789,-0.000000,0.000000,-0.000000
2025-12-16 18:00:32.948,0.000036,-0.001103,-0.000812,-0.000000,0.000000,-0.000000
2025-12-16 18:00:32.949,0.000023,-0.001068,-0.000831,-0.000000,0.000000,-0.000000
2025-12-16 18:00:32.951,-0.000008,-0.000994,-0.000868,-0.000000,0.000000,-0.000000
2025-12-16 18:00:32.952,-0.000030,-0.000954,-0.000893,-0.000000,0.000000,-0.000000
2025-12-16 18:00:32.953,-0.000051,-0.000915,-0.000918,-0.000000,0.000000,-0.000000
2025-12-16 18:00:32.955,-0.000101,-0.000825,-0.000973,-0.000000,0.000000,-0.000000
2025-12-16 18:00:32.956,-0.000128,-0.000769,-0.001008,-0.000000,0.000000,-0.000000
2025-12-16 18:00:32.957,-0.000156,-0.000709,-0.001041,-0.000000,0.000000,-0.000000
2025-12-16 18:00:32.958,-0.000181,-0.000653,-0.001070,-0.000000,0.000000,0.000000
2025-12-16 18:00:32.959,-0.000207,-0.000598,-0.001100,-0.000000,0.000000,0.000000
2025-12-16 18:00:32.960,-0.000231,-0.000544,-0.001130,-0.000000,0.000000,0.000000
2025-12-16 18:00:32.961,-0.000256,-0.000489,-0.001157,-0.000000,0.000000,0.000000
2025-12-16 18:00:32.962,-0.000289,-0.000389,-0.001205,-0.000000,0.000000,0.000000
2025-12-16 18:00:32.964,-0.000300,-0.000339,-0.001228,-0.000000,0.000001,0.000000
2025-12-16 18:00:32.965,-0.000310,-0.000297,-0.001247,-0.000000,0.000001,0.000000
2025-12-16 18:00:32.966,-0.000320,-0.000242,-0.001270,-0.000000,0.000001,0.000000
2025-12-16 18:00:32.967,-0.000335,-0.000182,-0.001293,-0.000000,0.000001,0.000000
2025-12-16 18:00:32.968,-0.000351,-0.000121,-0.001316,-0.000000,0.000001,0.000000
2025-12-16 18:00:32.969,-0.000365,-0.000061,-0.001339,-0.000000,0.000001,0.000000
2025-12-16 18:00:32.970,-0.000379,-0.000006,-0.001360,-0.000000,0.000001,0.000000
2025-12-16 18:00:32.971,-0.000386,0.000047,-0.001382,-0.000000,0.000001,0.000000
2025-12-16 18:00:32.973,-0.000390,0.000143,-0.001419,-0.000000,0.000001,0.000000
2025-12-16 18:00:32.974,-0.000390,0.000183,-0.001438,-0.000000,0.000001,0.000000
2025-12-16 18:00:32.975,-0.000385,0.000217,-0.001463,-0.000000,0.000001,0.000000
2025-12-16 18:00:32.976,-0.000380,0.000244,-0.001480,-0.000000,0.000001,0.000000
2025-12-16 18:00:32.977,-0.000366,0.000282,-0.001521,-0.000000,0.000001,0.000000
2025-12-16 18:00:32.979,-0.000362,0.000301,-0.001550,-0.000000,0.000001,0.000000
2025-12-16 18:00:32.980,-0.000362,0.000317,-0.001575,-0.000000,0.000001,0.000000
2025-12-16 18:00:32.981,-0.000359,0.000325,-0.001599,-0.000000,0.000001,0.000000
2025-12-16 18:00:32.982,-0.000357,0.000332,-0.001627,-0.000000,0.000001,0.000000
2025-12-16 18:00:32.983,-0.000355,0.000333,-0.001661,-0.000000,0.000001,0.000000
2025-12-16 18:00:32.985,-0.000343,0.000313,-0.001736,-0.000001,0.000001,0.000000
2025-12-16 18:00:32.986,-0.000337,0.000295,-0.001775,-0.000000,0.000001,0.000000
2025-12-16 18:00:32.987,-0.000327,0.000268,-0.001816,-0.000001,0.000001,0.000000
2025-12-16 18:00:32.988,-0.000321,0.000238,-0.001854,-0.000001,0.000001,0.000000
2025-12-16 18:00:32.989,-0.000313,0.000206,-0.001895,-0.000001,0.000001,0.000000
2025-12-16 18:00:32.991,-0.000300,0.000140,-0.001987,-0.000001,0.000001,0.000000
2025-12-16 18:00:32.992,-0.000300,0.000107,-0.002037,-0.000001,0.000001,0.000000
2025-12-16 18:00:32.993,-0.000297,0.000075,-0.002089,-0.000001,0.000001,0.000000
2025-12-16 18:00:32.994,-0.000295,0.000046,-0.002145,-0.000001,0.000001,0.000000
2025-12-16 18:00:32.995,-0.000293,0.000014,-0.002201,-0.000001,0.000001,0.000000
2025-12-16 18:00:32.996,-0.000299,-0.000047,-0.002311,-0.000001,0.000001,0.000000
2025-12-16 18:00:32.998,-0.000299,-0.000075,-0.002364,-0.000001,0.000001,0.000000
2025-12-16 18:00:32.999,-0.000301,-0.000107,-0.002414,-0.000001,0.000001,0.000000
2025-12-16 18:00:33.000,-0.000300,-0.000137,-0.002472,-0.000001,0.000001,0.000000
2025-12-16 18:00:33.001,-0.000298,-0.000162,-0.002534,-0.000001,0.000001,0.000000
2025-12-16 18:00:33.002,-0.000302,-0.000186,-0.002596,-0.000001,0.000001,0.000000
2025-12-16 18:00:33.003,-0.000312,-0.000219,-0.002706,-0.000001,0.000001,0.000000
2025-12-16 18:00:33.004,-0.000322,-0.000226,-0.002761,-0.000001,0.000001,0.000000
2025-12-16 18:00:33.006,-0.000333,-0.000231,-0.002817,-0.000001,0.000001,0.000000
2025-12-16 18:00:33.007,-0.000344,-0.000231,-0.002872,-0.000001,0.000001,0.000000
2025-12-16 18:00:33.008,-0.000353,-0.000228,-0.002917,-0.000001,0.000001,0.000000
2025-12-16 18:00:33.009,-0.000358,-0.000223,-0.002982,-0.000001,0.000001,0.000000
2025-12-16 18:00:33.010,-0.000361,-0.000219,-0.003055,-0.000001,0.000001,0.000000
2025-12-16 18:00:33.011,-0.000364,-0.000216,-0.003125,-0.000001,0.000001,0.000000
2025-12-16 18:00:33.012,-0.000360,-0.000215,-0.003259,-0.000001,0.000001,0.000000
2025-12-16 18:00:33.014,-0.000358,-0.000216,-0.003322,-0.000001,0.000001,0.000000
2025-12-16 18:00:33.015,-0.000358,-0.000209,-0.003384,-0.000001,0.000001,0.000000
2025-12-16 18:00:33.016,-0.000356,-0.000201,-0.003447,-0.000001,0.000001,0.000000
2025-12-16 18:00:33.017,-0.000353,-0.000195,-0.003507,-0.000001,0.000001,0.000000
2025-12-16 18:00:33.018,-0.000352,-0.000190,-0.003567,-0.000001,0.000001,0.000000
2025-12-16 18:00:33.019,-0.000343,-0.000184,-0.003628,-0.000001,0.000001,0.000000
2025-12-16 18:00:33.020,-0.000334,-0.000179,-0.003685,-0.000001,0.000001,0.000000
2025-12-16 18:00:33.021,-0.000321,-0.000175,-0.003739,-0.000001,0.000001,0.000000
2025-12-16 18:00:33.022,-0.000292,-0.000178,-0.003841,-0.000001,0.000001,0.000000
2025-12-16 18:00:33.024,-0.000276,-0.000185,-0.003891,-0.000001,0.000001,0.000000
2025-12-16 18:00:33.025,-0.000259,-0.000192,-0.003940,-0.000001,0.000002,0.000000
2025-12-16 18:00:33.026,-0.000239,-0.000198,-0.003988,-0.000001,0.000001,0.000000
2025-12-16 18:00:33.027,-0.000218,-0.000205,-0.004035,-0.000001,0.000002,0.000000
2025-12-16 18:00:33.028,-0.000199,-0.000215,-0.004072,-0.000001,0.000002,0.000000
2025-12-16 18:00:33.029,-0.000179,-0.000225,-0.004108,-0.000001,0.000002,0.000000
2025-12-16 18:00:33.030,-0.000136,-0.000242,-0.004169,-0.000001,0.000002,0.000000
2025-12-16 18:00:33.032,-0.000116,-0.000248,-0.004196,-0.000001,0.000002,0.000000
2025-12-16 18:00:33.033,-0.000098,-0.000249,-0.004220,-0.000001,0.000002,0.000000
2025-12-16 18:00:33.034,-0.000078,-0.000248,-0.004241,-0.000001,0.000002,0.000000
2025-12-16 18:00:33.035,-0.000055,-0.000251,-0.004257,-0.000001,0.000002,0.000000
2025-12-16 18:00:33.036,-0.000035,-0.000255,-0.004269,-0.000001,0.000002,0.000000
2025-12-16 18:00:33.037,-0.000015,-0.000259,-0.004275,-0.000001,0.000002,0.000000
2025-12-16 18:00:33.038,0.000007,-0.000263,-0.004278,-0.000001,0.000002,0.000000
2025-12-16 18:00:33.039,0.000026,-0.000266,-0.004280,-0.000001,0.000002,0.000000
2025-12-16 18:00:33.040,0.000041,-0.000268,-0.004282,-0.000001,0.000002,0.000000
2025-12-16 18:00:33.041,0.000069,-0.000262,-0.004291,-0.000001,0.000002,0.000000
2025-12-16 18:00:33.043,0.000083,-0.000254,-0.004293,-0.000001,0.000001,0.000000
2025-12-16 18:00:33.044,0.000095,-0.000246,-0.004294,-0.000001,0.000001,0.000000
2025-12-16 18:00:33.045,0.000104,-0.000239,-0.004294,-0.000001,0.000001,0.000000
2025-12-16 18:00:33.046,0.000111,-0.000229,-0.004291,-0.000001,0.000001,0.000000
2025-12-16 18:00:33.047,0.000116,-0.000219,-0.004286,-0.000001,0.000001,0.000000
2025-12-16 18:00:33.048,0.000119,-0.000211,-0.004282,-0.000001,0.000001,0.000000
2025-12-16 18:00:33.049,0.000121,-0.000200,-0.004275,-0.000001,0.000001,0.000000
2025-12-16 18:00:33.050,0.000118,-0.000190,-0.004272,-0.000001,0.000001,0.000000
2025-12-16 18:00:33.051,0.000108,-0.000175,-0.004271,-0.000001,0.000001,0.000000
2025-12-16 18:00:33.053,0.000100,-0.000174,-0.004273,-0.000001,0.000001,0.000000
2025-12-16 18:00:33.054,0.000092,-0.000171,-0.004277,-0.000001,0.000001,0.000000
2025-12-16 18:00:33.055,0.000084,-0.000169,-0.004281,-0.000001,0.000001,0.000000
2025-12-16 18:00:33.056,0.000070,-0.000166,-0.004299,-0.000001,0.000002,0.000000
2025-12-16 18:00:33.057,0.000055,-0.000164,-0.004318,-0.000001,0.000002,0.000000
2025-12-16 18:00:33.058,0.000041,-0.000163,-0.004340,-0.000001,0.000002,0.000000
2025-12-16 18:00:33.059,0.000029,-0.000163,-0.004364,-0.000001,0.000002,0.000000
2025-12-16 18:00:33.060,0.000016,-0.000167,-0.004388,-0.000001,0.000002,0.000000
2025-12-16 18:00:33.062,-0.000005,-0.000187,-0.004436,-0.000001,0.000002,0.000000
2025-12-16 18:00:33.063,-0.000012,-0.000197,-0.004458,-0.000001,0.000002,0.000000
2025-12-16 18:00:33.064,-0.000016,-0.000214,-0.004487,-0.000001,0.000002,0.000000
2025-12-16 18:00:33.065,-0.000020,-0.000231,-0.004520,-0.000001,0.000002,0.000000
2025-12-16 18:00:33.066,-0.000022,-0.000251,-0.004559,-0.000001,0.000002,0.000000
2025-12-16 18:00:33.067,-0.000024,-0.000269,-0.004603,-0.000001,0.000002,0.000000
2025-12-16 18:00:33.069,-0.000023,-0.000302,-0.004693,-0.000001,0.000002,0.000000
2025-12-16 18:00:33.070,-0.000021,-0.000317,-0.004735,-0.000001,0.000002,0.000000
2025-12-16 18:00:33.071,-0.000013,-0.000329,-0.004776,-0.000001,0.000002,0.000000
2025-12-16 18:00:33.072,-0.000005,-0.000344,-0.004820,-0.000001,0.000002,0.000000
2025-12-16 18:00:33.073,0.000005,-0.000358,-0.004865,-0.000001,0.000002,0.000000
2025-12-16 18:00:33.074,0.000016,-0.000375,-0.004907,-0.000001,0.000002,0.000000
2025-12-16 18:00:33.075,0.000029,-0.000390,-0.004943,-0.000001,0.000002,0.000000
2025-12-16 18:00:33.077,0.000063,-0.000421,-0.004993,-0.000001,0.000002,0.000000
2025-12-16 18:00:33.078,0.000079,-0.000430,-0.005021,-0.000001,0.000002,0.000000
2025-12-16 18:00:33.079,0.000092,-0.000435,-0.005049,-0.000002,0.000002,0.000000
2025-12-16 18:00:33.080,0.000106,-0.000434,-0.005080,-0.000002,0.000002,0.000000
2025-12-16 18:00:33.081,0.000117,-0.000422,-0.005111,-0.000002,0.000002,0.000000
2025-12-16 18:00:33.082,0.000128,-0.000405,-0.005146,-0.000002,0.000002,0.000000
2025-12-16 18:00:33.083,0.000136,-0.000380,-0.005181,-0.000002,0.000002,0.000000
2025-12-16 18:00:33.084,0.000141,-0.000351,-0.005206,-0.000002,0.000002,0.000000
2025-12-16 18:00:33.085,0.000148,-0.000326,-0.005231,-0.000002,0.000002,0.000000
2025-12-16 18:00:33.086,0.000155,-0.000302,-0.005254,-0.000002,0.000002,0.000000
2025-12-16 18:00:33.087,0.000164,-0.000262,-0.005282,-0.000002,0.000002,0.000000
2025-12-16 18:00:33.089,0.000170,-0.000245,-0.005296,-0.000002,0.000002,0.000000
2025-12-16 18:00:33.090,0.000180,-0.000229,-0.005306,-0.000002,0.000002,0.000000
2025-12-16 18:00:33.091,0.000190,-0.000210,-0.005321,-0.000002,0.000002,0.000000
2025-12-16 18:00:33.092,0.000191,-0.000185,-0.005336,-0.000002,0.000002,0.000000
2025-12-16 18:00:33.093,0.000189,-0.000158,-0.005351,-0.000002,0.000002,0.000000
2025-12-16 18:00:33.094,0.000185,-0.000129,-0.005370,-0.000002,0.000002,0.000000
2025-12-16 18:00:33.095,0.000181,-0.000100,-0.005390,-0.000002,0.000002,0.000000
2025-12-16 18:00:33.096,0.000174,-0.000067,-0.005416,-0.000002,0.000002,0.000000
2025-12-16 18:00:33.097,0.000153,-0.000009,-0.005470,-0.000002,0.000002,0.000000
2025-12-16 18:00:33.098,0.000144,0.000012,-0.005496,-0.000002,0.000002,0.000000
2025-12-16 18:00:33.100,0.000137,0.000024,-0.005516,-0.000002,0.000002,0.000001
2025-12-16 18:00:33.101,0.000132,0.000027,-0.005535,-0.000002,0.000002,0.000000
2025-12-16 18:00:33.102,0.000125,0.000026,-0.005550,-0.000002,0.000002,0.000001
2025-12-16 18:00:33.103,0.000118,0.000020,-0.005569,-0.000002,0.000002,0.000001
2025-12-16 18:00:33.104,0.000107,0.000012,-0.005590,-0.000002,0.000002,0.000001
2025-12-16 18:00:33.105,0.000096,0.000009,-0.005611,-0.000002,0.000002,0.000001
2025-12-16 18:00:33.106,0.000082,0.000008,-0.005632,-0.000002,0.000002,0.000001
2025-12-16 18:00:33.107,0.000064,0.000009,-0.005659,-0.000002,0.000002,0.000001
2025-12-16 18:00:33.108,0.000048,0.000009,-0.005684,-0.000002,0.000002,0.000001
2025-12-16 18:00:33.109,0.000029,0.000014,-0.005710,-0.000002,0.000002,0.000001
2025-12-16 18:00:33.110,-0.000020,0.000016,-0.005762,-0.000002,0.000002,0.000001
2025-12-16 18:00:33.112,-0.000039,0.000012,-0.005779,-0.000002,0.000002,0.000001
2025-12-16 18:00:33.113,-0.000057,0.000002,-0.005794,-0.000002,0.000002,0.000001
2025-12-16 18:00:33.114,-0.000072,-0.000008,-0.005804,-0.000002,0.000002,0.000001
2025-12-16 18:00:33.115,-0.000092,-0.000021,-0.005813,-0.000002,0.000002,0.000001
2025-12-16 18:00:33.116,-0.000110,-0.000033,-0.005824,-0.000002,0.000002,0.000001
2025-12-16 18:00:33.117,-0.000125,-0.000047,-0.005834,-0.000002,0.000002,0.000001
2025-12-16 18:00:33.118,-0.000141,-0.000055,-0.005841,-0.000002,0.000002,0.000001
2025-12-16 18:00:33.119,-0.000159,-0.000059,-0.005844,-0.000002,0.000002,0.000001
2025-12-16 18:00:33.120,-0.000180,-0.000060,-0.005850,-0.000002,0.000002,0.000001
2025-12-16 18:00:33.121,-0.000204,-0.000056,-0.005855,-0.000002,0.000002,0.000001
2025-12-16 18:00:33.122,-0.000220,-0.000056,-0.005860,-0.000002,0.000002,0.000001
2025-12-16 18:00:33.123,-0.000235,-0.000056,-0.005862,-0.000002,0.000002,0.000001
2025-12-16 18:00:33.125,-0.000255,-0.000066,-0.005859,-0.000002,0.000002,0.000001
2025-12-16 18:00:33.126,-0.000261,-0.000071,-0.005862,-0.000002,0.000002,0.000001
2025-12-16 18:00:33.127,-0.000266,-0.000076,-0.005867,-0.000002,0.000002,0.000001
2025-12-16 18:00:33.128,-0.000272,-0.000087,-0.005866,-0.000002,0.000002,0.000001
2025-12-16 18:00:33.129,-0.000277,-0.000099,-0.005864,-0.000002,0.000002,0.000001
2025-12-16 18:00:33.130,-0.000281,-0.000114,-0.005860,-0.000002,0.000002,0.000001
2025-12-16 18:00:33.131,-0.000288,-0.000132,-0.005857,-0.000002,0.000002,0.000001
2025-12-16 18:00:33.132,-0.000290,-0.000149,-0.005863,-0.000002,0.000002,0.000001
2025-12-16 18:00:33.133,-0.000291,-0.000163,-0.005871,-0.000002,0.000002,0.000001
2025-12-16 18:00:33.134,-0.000290,-0.000178,-0.005882,-0.000002,0.000002,0.000001
2025-12-16 18:00:33.135,-0.000290,-0.000192,-0.005898,-0.000002,0.000002,0.000001
2025-12-16 18:00:33.136,-0.000289,-0.000202,-0.005913,-0.000002,0.000002,0.000001
2025-12-16 18:00:33.137,-0.000293,-0.000215,-0.005932,-0.000002,0.000002,0.000001
2025-12-16 18:00:33.138,-0.000301,-0.000255,-0.005981,-0.000002,0.000002,0.000001
2025-12-16 18:00:33.139,-0.000303,-0.000278,-0.006011,-0.000002,0.000002,0.000001
2025-12-16 18:00:33.141,-0.000305,-0.000303,-0.006041,-0.000002,0.000002,0.000001
2025-12-16 18:00:33.142,-0.000310,-0.000328,-0.006073,-0.000002,0.000002,0.000001
2025-12-16 18:00:33.143,-0.000311,-0.000350,-0.006103,-0.000002,0.000002,0.000001
2025-12-16 18:00:33.145,-0.000316,-0.000387,-0.006178,-0.000002,0.000002,0.000001
2025-12-16 18:00:33.146,-0.000321,-0.000402,-0.006217,-0.000002,0.000002,0.000001
2025-12-16 18:00:33.147,-0.000326,-0.000415,-0.006256,-0.000002,0.000002,0.000001
2025-12-16 18:00:33.148,-0.000331,-0.000425,-0.006289,-0.000002,0.000002,0.000001
2025-12-16 18:00:33.149,-0.000330,-0.000437,-0.006325,-0.000002,0.000002,0.000000
2025-12-16 18:00:33.150,-0.000323,-0.000449,-0.006364,-0.000002,0.000002,0.000000
2025-12-16 18:00:33.151,-0.000315,-0.000460,-0.006403,-0.000002,0.000002,0.000000
2025-12-16 18:00:33.152,-0.000308,-0.000468,-0.006441,-0.000002,0.000002,0.000000
2025-12-16 18:00:33.153,-0.000291,-0.000480,-0.006513,-0.000002,0.000002,0.000000
2025-12-16 18:00:33.155,-0.000279,-0.000490,-0.006550,-0.000002,0.000002,0.000000
2025-12-16 18:00:33.157,-0.000256,-0.000503,-0.006616,-0.000002,0.000002,0.000000
2025-12-16 18:00:33.158,-0.000245,-0.000505,-0.006646,-0.000002,0.000002,0.000000
2025-12-16 18:00:33.159,-0.000228,-0.000502,-0.006674,-0.000002,0.000002,0.000000
2025-12-16 18:00:33.160,-0.000195,-0.000494,-0.006728,-0.000002,0.000002,0.000000
2025-12-16 18:00:33.162,-0.000176,-0.000487,-0.006760,-0.000002,0.000002,0.000000
2025-12-16 18:00:33.163,-0.000160,-0.000481,-0.006787,-0.000003,0.000002,0.000000
2025-12-16 18:00:33.164,-0.000142,-0.000480,-0.006813,-0.000002,0.000002,0.000000
2025-12-16 18:00:33.166,-0.000105,-0.000485,-0.006856,-0.000002,0.000002,0.000000
2025-12-16 18:00:33.167,-0.000091,-0.000487,-0.006871,-0.000002,0.000002,0.000000
2025-12-16 18:00:33.169,-0.000073,-0.000474,-0.006939,-0.000003,0.000002,0.000000
2025-12-16 18:00:33.170,-0.000070,-0.000467,-0.006972,-0.000003,0.000002,0.000000
2025-12-16 18:00:33.171,-0.000065,-0.000462,-0.007006,-0.000003,0.000002,0.000000
2025-12-16 18:00:33.172,-0.000065,-0.000458,-0.007038,-0.000003,0.000002,0.000000
2025-12-16 18:00:33.174,-0.000069,-0.000454,-0.007102,-0.000003,0.000002,0.000000
2025-12-16 18:00:33.175,-0.000073,-0.000449,-0.007137,-0.000003,0.000002,0.000000
2025-12-16 18:00:33.176,-0.000076,-0.000448,-0.007170,-0.000003,0.000003,0.000000
2025-12-16 18:00:33.177,-0.000077,-0.000454,-0.007202,-0.000003,0.000003,0.000000
2025-12-16 18:00:33.178,-0.000078,-0.000461,-0.007228,-0.000003,0.000003,0.000000
2025-12-16 18:00:33.179,-0.000092,-0.000474,-0.007312,-0.000003,0.000003,0.000000
2025-12-16 18:00:33.181,-0.000099,-0.000480,-0.007361,-0.000003,0.000003,0.000000
2025-12-16 18:00:33.182,-0.000106,-0.000484,-0.007410,-0.000003,0.000003,0.000000
2025-12-16 18:00:33.184,-0.000132,-0.000487,-0.007521,-0.000003,0.000003,0.000000
2025-12-16 18:00:33.185,-0.000147,-0.000485,-0.007572,-0.000003,0.000003,0.000000
2025-12-16 18:00:33.186,-0.000160,-0.000482,-0.007615,-0.000003,0.000003,0.000000
2025-12-16 18:00:33.187,-0.000166,-0.000485,-0.007668,-0.000003,0.000003,0.000000
2025-12-16 18:00:33.188,-0.000164,-0.000495,-0.007723,-0.000003,0.000003,0.000000
2025-12-16 18:00:33.189,-0.000159,-0.000507,-0.007775,-0.000003,0.000003,0.000000
2025-12-16 18:00:33.191,-0.000143,-0.000527,-0.007884,-0.000003,0.000003,0.000001
2025-12-16 18:00:33.192,-0.000132,-0.000535,-0.007935,-0.000003,0.000003,0.000000
2025-12-16 18:00:33.193,-0.000121,-0.000541,-0.007983,-0.000003,0.000003,0.000000
2025-12-16 18:00:33.194,-0.000114,-0.000546,-0.008027,-0.000003,0.000003,0.000000
2025-12-16 18:00:33.195,-0.000099,-0.000551,-0.008072,-0.000003,0.000003,0.000000
2025-12-16 18:00:33.196,-0.000072,-0.000550,-0.008175,-0.000003,0.000003,0.000000
2025-12-16 18:00:33.198,-0.000054,-0.000554,-0.008224,-0.000003,0.000003,0.000001
2025-12-16 18:00:33.199,-0.000029,-0.000560,-0.008274,-0.000003,0.000003,0.000000
2025-12-16 18:00:33.200,-0.000006,-0.000566,-0.008316,-0.000003,0.000003,0.000000
2025-12-16 18:00:33.201,0.000021,-0.000572,-0.008362,-0.000003,0.000003,0.000000
2025-12-16 18:00:33.202,0.000050,-0.000578,-0.008415,-0.000003,0.000003,0.000001
2025-12-16 18:00:33.203,0.000078,-0.000584,-0.008464,-0.000003,0.000003,0.000001
2025-12-16 18:00:33.204,0.000140,-0.000594,-0.008565,-0.000003,0.000003,0.000000
2025-12-16 18:00:33.206,0.000162,-0.000599,-0.008615,-0.000003,0.000003,0.000000
2025-12-16 18:00:33.207,0.000179,-0.000602,-0.008662,-0.000003,0.000003,0.000001
2025-12-16 18:00:33.208,0.000190,-0.000605,-0.008700,-0.000003,0.000003,0.000001
2025-12-16 18:00:33.209,0.000197,-0.000604,-0.008743,-0.000003,0.000003,0.000001
2025-12-16 18:00:33.210,0.000201,-0.000601,-0.008785,-0.000004,0.000003,0.000001
2025-12-16 18:00:33.211,0.000203,-0.000598,-0.008820,-0.000004,0.000003,0.000001
2025-12-16 18:00:33.212,0.000204,-0.000596,-0.008859,-0.000004,0.000003,0.000001
2025-12-16 18:00:33.213,0.000202,-0.000595,-0.008948,-0.000004,0.000003,0.000001
2025-12-16 18:00:33.215,0.000196,-0.000590,-0.008992,-0.000004,0.000003,0.000001
2025-12-16 18:00:33.216,0.000189,-0.000585,-0.009028,-0.000004,0.000003,0.000001
2025-12-16 18:00:33.217,0.000182,-0.000581,-0.009067,-0.000004,0.000003,0.000001
2025-12-16 18:00:33.218,0.000171,-0.000573,-0.009101,-0.000004,0.000003,0.000001
2025-12-16 18:00:33.219,0.000155,-0.000565,-0.009137,-0.000004,0.000003,0.000001
2025-12-16 18:00:33.220,0.000141,-0.000558,-0.009168,-0.000004,0.000003,0.000001
2025-12-16 18:00:33.221,0.000124,-0.000553,-0.009197,-0.000004,0.000003,0.000001
2025-12-16 18:00:33.222,0.000105,-0.000548,-0.009218,-0.000004,0.000003,0.000001
2025-12-16 18:00:33.223,0.000088,-0.000544,-0.009239,-0.000004,0.000003,0.000001
2025-12-16 18:00:33.224,0.000069,-0.000542,-0.009260,-0.000004,0.000003,0.000001
2025-12-16 18:00:33.225,0.000058,-0.000540,-0.009280,-0.000004,0.000003,0.000001
2025-12-16 18:00:33.226,0.000050,-0.000535,-0.009298,-0.000004,0.000003,0.000001
2025-12-16 18:00:33.227,0.000040,-0.000524,-0.009335,-0.000004,0.000003,0.000001
2025-12-16 18:00:33.229,0.000042,-0.000521,-0.009356,-0.000004,0.000003,0.000001
2025-12-16 18:00:33.229,0.000045,-0.000514,-0.009377,-0.000004,0.000003,0.000001
2025-12-16 18:00:33.230,0.000047,-0.000507,-0.009394,-0.000004,0.000003,0.000001
2025-12-16 18:00:33.231,0.000050,-0.000501,-0.009408,-0.000004,0.000003,0.000001
2025-12-16 18:00:33.233,0.000056,-0.000497,-0.009425,-0.000004,0.000003,0.000000
2025-12-16 18:00:33.234,0.000061,-0.000490,-0.009448,-0.000004,0.000003,0.000000
2025-12-16 18:00:33.235,0.000071,-0.000488,-0.009474,-0.000004,0.000003,0.000000
2025-12-16 18:00:33.236,0.000080,-0.000488,-0.009504,-0.000003,0.000003,0.000000
2025-12-16 18:00:33.238,0.000102,-0.000491,-0.009559,-0.000004,0.000003,0.000000
2025-12-16 18:00:33.239,0.000115,-0.000493,-0.009589,-0.000004,0.000003,0.000000
2025-12-16 18:00:33.240,0.000127,-0.000495,-0.009616,-0.000004,0.000003,0.000000
2025-12-16 18:00:33.241,0.000140,-0.000493,-0.009647,-0.000004,0.000003,0.000000
2025-12-16 18:00:33.242,0.000155,-0.000491,-0.009685,-0.000004,0.000003,0.000000
2025-12-16 18:00:33.245,0.000200,-0.000489,-0.009837,-0.000004,0.000003,0.000000
2025-12-16 18:00:33.247,0.000239,-0.000507,-0.009947,-0.000004,0.000003,0.000000
2025-12-16 18:00:33.248,0.000263,-0.000520,-0.010000,-0.000004,0.000003,0.000000
2025-12-16 18:00:33.249,0.000284,-0.000531,-0.010046,-0.000004,0.000003,0.000000
2025-12-16 18:00:33.250,0.000305,-0.000546,-0.010097,-0.000004,0.000003,0.000000
2025-12-16 18:00:33.251,0.000331,-0.000560,-0.010157,-0.000004,0.000003,0.000000
2025-12-16 18:00:33.252,0.000353,-0.000573,-0.010226,-0.000004,0.000003,0.000000
2025-12-16 18:00:33.254,0.000413,-0.000599,-0.010358,-0.000004,0.000003,0.000000
2025-12-16 18:00:33.256,0.000476,-0.000624,-0.010479,-0.000004,0.000003,0.000000
2025-12-16 18:00:33.258,0.000536,-0.000642,-0.010593,-0.000004,0.000003,0.000000
2025-12-16 18:00:33.261,0.000637,-0.000682,-0.010757,-0.000004,0.000003,0.000000
2025-12-16 18:00:33.262,0.000672,-0.000696,-0.010807,-0.000004,0.000003,0.000000
2025-12-16 18:00:33.263,0.000706,-0.000709,-0.010854,-0.000004,0.000003,0.000000
2025-12-16 18:00:33.264,0.000742,-0.000719,-0.010896,-0.000004,0.000003,0.000000
2025-12-16 18:00:33.265,0.000779,-0.000732,-0.010935,-0.000004,0.000003,0.000000
2025-12-16 18:00:33.267,0.000835,-0.000753,-0.010992,-0.000004,0.000003,0.000000
2025-12-16 18:00:33.268,0.000860,-0.000757,-0.011030,-0.000004,0.000003,0.000000
2025-12-16 18:00:33.269,0.000886,-0.000759,-0.011076,-0.000004,0.000003,0.000000
2025-12-16 18:00:33.270,0.000917,-0.000761,-0.011125,-0.000004,0.000003,0.000000
2025-12-16 18:00:33.271,0.000945,-0.000762,-0.011167,-0.000004,0.000003,0.000000
2025-12-16 18:00:33.272,0.000998,-0.000770,-0.011248,-0.000004,0.000003,0.000000
2025-12-16 18:00:33.274,0.001021,-0.000777,-0.011280,-0.000004,0.000003,0.000000
2025-12-16 18:00:33.275,0.001047,-0.000784,-0.011314,-0.000004,0.000003,0.000000
2025-12-16 18:00:33.276,0.001071,-0.000790,-0.011348,-0.000004,0.000003,-0.000000
2025-12-16 18:00:33.277,0.001094,-0.000799,-0.011378,-0.000004,0.000003,-0.000000
2025-12-16 18:00:33.278,0.001119,-0.000808,-0.011407,-0.000004,0.000003,-0.000000
2025-12-16 18:00:33.279,0.001148,-0.000817,-0.011436,-0.000004,0.000003,-0.000000
2025-12-16 18:00:33.280,0.001179,-0.000821,-0.011468,-0.000004,0.000003,-0.000000
2025-12-16 18:00:33.281,0.001209,-0.000822,-0.011499,-0.000004,0.000003,0.000000
2025-12-16 18:00:33.282,0.001239,-0.000822,-0.011531,-0.000004,0.000003,0.000000
2025-12-16 18:00:33.283,0.001269,-0.000823,-0.011560,-0.000004,0.000003,-0.000000
2025-12-16 18:00:33.284,0.001298,-0.000824,-0.011591,-0.000004,0.000003,-0.000000
2025-12-16 18:00:33.285,0.001358,-0.000817,-0.011649,-0.000005,0.000003,-0.000000
2025-12-16 18:00:33.287,0.001391,-0.000814,-0.011674,-0.000004,0.000004,-0.000000
2025-12-16 18:00:33.288,0.001419,-0.000812,-0.011693,-0.000004,0.000003,-0.000000
2025-12-16 18:00:33.289,0.001455,-0.000811,-0.011708,-0.000004,0.000003,-0.000000
2025-12-16 18:00:33.291,0.001534,-0.000811,-0.011732,-0.000004,0.000003,-0.000000
2025-12-16 18:00:33.292,0.001574,-0.000812,-0.011744,-0.000005,0.000003,-0.000000
2025-12-16 18:00:33.293,0.001612,-0.000810,-0.011758,-0.000005,0.000003,-0.000000
2025-12-16 18:00:33.294,0.001647,-0.000806,-0.011766,-0.000004,0.000003,-0.000000
2025-12-16 18:00:33.295,0.001681,-0.000802,-0.011773,-0.000004,0.000003,-0.000000
2025-12-16 18:00:33.296,0.001713,-0.000799,-0.011780,-0.000004,0.000003,-0.000000
2025-12-16 18:00:33.297,0.001744,-0.000793,-0.011784,-0.000004,0.000003,-0.000000
2025-12-16 18:00:33.299,0.001800,-0.000781,-0.011791,-0.000004,0.000003,-0.000000
2025-12-16 18:00:33.300,0.001823,-0.000777,-0.011795,-0.000005,0.000003,-0.000000
2025-12-16 18:00:33.301,0.001848,-0.000774,-0.011795,-0.000004,0.000003,-0.000000
2025-12-16 18:00:33.302,0.001873,-0.000771,-0.011795,-0.000004,0.000003,-0.000000
2025-12-16 18:00:33.304,0.001916,-0.000781,-0.011786,-0.000004,0.000003,-0.000000
2025-12-16 18:00:33.305,0.001936,-0.000785,-0.011780,-0.000004,0.000003,-0.000000
2025-12-16 18:00:33.306,0.001951,-0.000788,-0.011781,-0.000004,0.000003,-0.000000
2025-12-16 18:00:33.307,0.001979,-0.000801,-0.011773,-0.000004,0.000003,-0.000000
2025-12-16 18:00:33.309,0.001991,-0.000810,-0.011773,-0.000005,0.000003,-0.000000
2025-12-16 18:00:33.310,0.002001,-0.000820,-0.011775,-0.000004,0.000003,-0.000000
2025-12-16 18:00:33.311,0.002010,-0.000832,-0.011771,-0.000004,0.000003,-0.000000
2025-12-16 18:00:33.312,0.002022,-0.000843,-0.011767,-0.000004,0.000003,-0.000000
2025-12-16 18:00:33.313,0.002033,-0.000852,-0.011763,-0.000005,0.000003,-0.000000
2025-12-16 18:00:33.314,0.002047,-0.000864,-0.011765,-0.000005,0.000003,-0.000000
2025-12-16 18:00:33.315,0.002060,-0.000874,-0.011769,-0.000004,0.000003,-0.000000
2025-12-16 18:00:33.316,0.002076,-0.000887,-0.011768,-0.000004,0.000003,-0.000000
2025-12-16 18:00:33.317,0.002091,-0.000899,-0.011765,-0.000004,0.000003,-0.000000
2025-12-16 18:00:33.318,0.002104,-0.000912,-0.011761,-0.000004,0.000003,-0.000000
2025-12-16 18:00:33.320,0.002143,-0.000944,-0.011750,-0.000004,0.000003,-0.000000
2025-12-16 18:00:33.321,0.002160,-0.000957,-0.011743,-0.000005,0.000003,-0.000000
2025-12-16 18:00:33.322,0.002178,-0.000970,-0.011736,-0.000004,0.000003,-0.000000
2025-12-16 18:00:33.323,0.002194,-0.000986,-0.011729,-0.000004,0.000003,-0.000000
2025-12-16 18:00:33.324,0.002212,-0.001001,-0.011725,-0.000004,0.000003,-0.000000
2025-12-16 18:00:33.325,0.002233,-0.001017,-0.011717,-0.000004,0.000003,-0.000000
2025-12-16 18:00:33.326,0.002253,-0.001036,-0.011707,-0.000004,0.000003,-0.000000
2025-12-16 18:00:33.327,0.002273,-0.001049,-0.011706,-0.000004,0.000003,-0.000000
2025-12-16 18:00:33.328,0.002295,-0.001061,-0.011704,-0.000004,0.000003,-0.000000
2025-12-16 18:00:33.329,0.002339,-0.001076,-0.011705,-0.000004,0.000003,-0.000000
2025-12-16 18:00:33.331,0.002361,-0.001083,-0.011707,-0.000004,0.000003,-0.000000
2025-12-16 18:00:33.332,0.002383,-0.001089,-0.011710,-0.000004,0.000003,-0.000000
2025-12-16 18:00:33.333,0.002404,-0.001097,-0.011707,-0.000004,0.000003,-0.000000
2025-12-16 18:00:33.334,0.002425,-0.001105,-0.011703,-0.000004,0.000003,-0.000000
2025-12-16 18:00:33.335,0.002444,-0.001117,-0.011698,-0.000004,0.000003,-0.000000
2025-12-16 18:00:33.336,0.002464,-0.001132,-0.011693,-0.000004,0.000003,-0.000000
2025-12-16 18:00:33.337,0.002486,-0.001146,-0.011686,-0.000004,0.000003,-0.000000
2025-12-16 18:00:33.338,0.002506,-0.001157,-0.011678,-0.000004,0.000003,-0.000000
2025-12-16 18:00:33.339,0.002522,-0.001170,-0.011676,-0.000004,0.000003,-0.000001
2025-12-16 18:00:33.340,0.002554,-0.001200,-0.011676,-0.000004,0.000003,-0.000001
2025-12-16 18:00:33.342,0.002578,-0.001218,-0.011683,-0.000004,0.000003,-0.000001
2025-12-16 18:00:33.343,0.002608,-0.001239,-0.011689,-0.000004,0.000003,-0.000001
2025-12-16 18:00:33.344,0.002638,-0.001261,-0.011696,-0.000004,0.000003,-0.000001
2025-12-16 18:00:33.345,0.002662,-0.001280,-0.011703,-0.000004,0.000003,-0.000001
2025-12-16 18:00:33.346,0.002694,-0.001301,-0.011717,-0.000004,0.000003,-0.000001
2025-12-16 18:00:33.347,0.002726,-0.001327,-0.011728,-0.000004,0.000003,-0.000001
2025-12-16 18:00:33.348,0.002761,-0.001357,-0.011743,-0.000004,0.000003,-0.000001
2025-12-16 18:00:33.349,0.002795,-0.001392,-0.011755,-0.000004,0.000003,-0.000001
2025-12-16 18:00:33.350,0.002832,-0.001427,-0.011759,-0.000004,0.000003,-0.000001
2025-12-16 18:00:33.351,0.002897,-0.001501,-0.011765,-0.000004,0.000003,-0.000001
2025-12-16 18:00:33.353,0.002929,-0.001539,-0.011772,-0.000004,0.000003,-0.000001
2025-12-16 18:00:33.354,0.002964,-0.001572,-0.011787,-0.000004,0.000003,-0.000001
2025-12-16 18:00:33.355,0.002996,-0.001598,-0.011803,-0.000004,0.000003,-0.000001
2025-12-16 18:00:33.356,0.003026,-0.001626,-0.011816,-0.000004,0.000003,-0.000001
2025-12-16 18:00:33.357,0.003052,-0.001651,-0.011825,-0.000004,0.000003,-0.000001
2025-12-16 18:00:33.358,0.003082,-0.001679,-0.011831,-0.000004,0.000003,-0.000001
2025-12-16 18:00:33.359,0.003120,-0.001714,-0.011835,-0.000004,0.000003,-0.000001
2025-12-16 18:00:33.360,0.003154,-0.001745,-0.011833,-0.000004,0.000003,-0.000001
2025-12-16 18:00:33.361,0.003188,-0.001775,-0.011833,-0.000004,0.000003,-0.000001
2025-12-16 18:00:33.362,0.003220,-0.001804,-0.011830,-0.000004,0.000003,-0.000001
2025-12-16 18:00:33.364,0.003248,-0.001828,-0.011830,-0.000004,0.000003,-0.000001
2025-12-16 18:00:33.365,0.003302,-0.001874,-0.011823,-0.000004,0.000003,-0.000001
2025-12-16 18:00:33.366,0.003326,-0.001898,-0.011812,-0.000004,0.000003,-0.000001
2025-12-16 18:00:33.367,0.003346,-0.001919,-0.011800,-0.000004,0.000003,-0.000001
2025-12-16 18:00:33.368,0.003361,-0.001934,-0.011785,-0.000004,0.000003,-0.000001
2025-12-16 18:00:33.369,0.003377,-0.001945,-0.011766,-0.000004,0.000003,-0.000001
2025-12-16 18:00:33.370,0.003392,-0.001957,-0.011748,-0.000004,0.000002,-0.000001
2025-12-16 18:00:33.371,0.003409,-0.001968,-0.011730,-0.000004,0.000002,-0.000001
2025-12-16 18:00:33.372,0.003424,-0.001975,-0.011708,-0.000004,0.000002,-0.000001
2025-12-16 18:00:33.373,0.003439,-0.001983,-0.011686,-0.000004,0.000002,-0.000001
2025-12-16 18:00:33.374,0.003466,-0.002022,-0.011615,-0.000004,0.000002,-0.000001
2025-12-16 18:00:33.376,0.003480,-0.002044,-0.011568,-0.000004,0.000002,-0.000001
2025-12-16 18:00:33.377,0.003492,-0.002060,-0.011529,-0.000004,0.000002,-0.000001
2025-12-16 18:00:33.378,0.003497,-0.002076,-0.011497,-0.000004,0.000002,-0.000001
2025-12-16 18:00:33.379,0.003501,-0.002087,-0.011460,-0.000004,0.000002,-0.000001
2025-12-16 18:00:33.380,0.003504,-0.002100,-0.011421,-0.000004,0.000002,-0.000001
2025-12-16 18:00:33.381,0.003508,-0.002114,-0.011380,-0.000004,0.000002,-0.000001
2025-12-16 18:00:33.385,0.003514,-0.002194,-0.011202,-0.000004,0.000002,-0.000001
2025-12-16 18:00:33.386,0.003511,-0.002221,-0.011149,-0.000004,0.000002,-0.000001
2025-12-16 18:00:33.387,0.003510,-0.002250,-0.011099,-0.000004,0.000002,-0.000001
2025-12-16 18:00:33.388,0.003507,-0.002282,-0.011046,-0.000004,0.000002,-0.000001
2025-12-16 18:00:33.389,0.003505,-0.002319,-0.010987,-0.000004,0.000002,-0.000001
2025-12-16 18:00:33.390,0.003501,-0.002356,-0.010926,-0.000004,0.000002,-0.000001
2025-12-16 18:00:33.395,0.003456,-0.002526,-0.010657,-0.000004,0.000002,-0.000001
2025-12-16 18:00:33.396,0.003441,-0.002559,-0.010601,-0.000004,0.000002,-0.000001
2025-12-16 18:00:33.397,0.003425,-0.002595,-0.010543,-0.000004,0.000002,-0.000001
2025-12-16 18:00:33.398,0.003408,-0.002631,-0.010484,-0.000003,0.000002,-0.000001
2025-12-16 18:00:33.399,0.003394,-0.002661,-0.010435,-0.000003,0.000002,-0.000001
2025-12-16 18:00:33.400,0.003352,-0.002731,-0.010327,-0.000003,0.000002,-0.000001
2025-12-16 18:00:33.402,0.003327,-0.002768,-0.010274,-0.000003,0.000002,-0.000001
2025-12-16 18:00:33.403,0.003301,-0.002800,-0.010218,-0.000003,0.000002,-0.000001
2025-12-16 18:00:33.405,0.003248,-0.002868,-0.010114,-0.000003,0.000002,-0.000001
2025-12-16 18:00:33.406,0.003218,-0.002903,-0.010057,-0.000003,0.000002,-0.000001
2025-12-16 18:00:33.407,0.003187,-0.002940,-0.010002,-0.000003,0.000002,-0.000001
2025-12-16 18:00:33.409,0.003125,-0.003009,-0.009895,-0.000003,0.000002,-0.000001
2025-12-16 18:00:33.410,0.003093,-0.003040,-0.009850,-0.000003,0.000002,-0.000001
2025-12-16 18:00:33.411,0.003066,-0.003065,-0.009814,-0.000003,0.000002,-0.000001
2025-12-16 18:00:33.412,0.003032,-0.003099,-0.009758,-0.000003,0.000002,-0.000001
2025-12-16 18:00:33.413,0.003000,-0.003132,-0.009703,-0.000003,0.000002,-0.000001
2025-12-16 18:00:33.417,0.002904,-0.003330,-0.009451,-0.000003,0.000002,-0.000001
2025-12-16 18:00:33.418,0.002888,-0.003373,-0.009404,-0.000003,0.000002,-0.000001
2025-12-16 18:00:33.419,0.002875,-0.003423,-0.009350,-0.000003,0.000002,-0.000001
2025-12-16 18:00:33.421,0.002859,-0.003535,-0.009235,-0.000003,0.000002,-0.000001
2025-12-16 18:00:33.422,0.002853,-0.003586,-0.009188,-0.000003,0.000002,-0.000001
2025-12-16 18:00:33.423,0.002853,-0.003648,-0.009132,-0.000003,0.000002,-0.000001
2025-12-16 18:00:33.425,0.002860,-0.003767,-0.009022,-0.000003,0.000002,-0.000001
2025-12-16 18:00:33.427,0.002878,-0.003903,-0.008923,-0.000003,0.000002,-0.000001
2025-12-16 18:00:33.428,0.002893,-0.003974,-0.008877,-0.000003,0.000001,-0.000001
2025-12-16 18:00:33.429,0.002910,-0.004047,-0.008830,-0.000003,0.000002,-0.000001
2025-12-16 18:00:33.431,0.002944,-0.004194,-0.008733,-0.000003,0.000001,-0.000001
2025-12-16 18:00:33.432,0.002965,-0.004271,-0.008689,-0.000003,0.000001,-0.000001
2025-12-16 18:00:33.433,0.002985,-0.004348,-0.008649,-0.000003,0.000001,-0.000001
2025-12-16 18:00:33.434,0.003004,-0.004420,-0.008614,-0.000003,0.000001,-0.000001
2025-12-16 18:00:33.435,0.003020,-0.004484,-0.008585,-0.000003,0.000001,-0.000001
2025-12-16 18:00:33.437,0.003038,-0.004600,-0.008518,-0.000003,0.000001,-0.000001
2025-12-16 18:00:33.438,0.003046,-0.004660,-0.008486,-0.000003,0.000001,-0.000001
2025-12-16 18:00:33.439,0.003050,-0.004724,-0.008452,-0.000003,0.000001,-0.000001
2025-12-16 18:00:33.440,0.003053,-0.004784,-0.008420,-0.000003,0.000001,-0.000001
2025-12-16 18:00:33.441,0.003053,-0.004841,-0.008390,-0.000003,0.000001,-0.000001
2025-12-16 18:00:33.442,0.003047,-0.004893,-0.008367,-0.000003,0.000001,-0.000001
2025-12-16 18:00:33.443,0.003038,-0.004943,-0.008346,-0.000003,0.000001,-0.000001
2025-12-16 18:00:33.444,0.003020,-0.004988,-0.008323,-0.000003,0.000001,-0.000001
2025-12-16 18:00:33.446,0.002977,-0.005068,-0.008276,-0.000003,0.000001,-0.000001
2025-12-16 18:00:33.447,0.002958,-0.005102,-0.008255,-0.000003,0.000001,-0.000001
2025-12-16 18:00:33.448,0.002924,-0.005140,-0.008226,-0.000003,0.000001,-0.000001
2025-12-16 18:00:33.449,0.002881,-0.005177,-0.008193,-0.000003,0.000001,-0.000001
2025-12-16 18:00:33.450,0.002835,-0.005215,-0.008158,-0.000003,0.000001,-0.000001
2025-12-16 18:00:33.453,0.002685,-0.005309,-0.008075,-0.000003,0.000001,-0.000001
2025-12-16 18:00:33.454,0.002630,-0.005337,-0.008045,-0.000003,0.000001,-0.000001
2025-12-16 18:00:33.455,0.002574,-0.005366,-0.008013,-0.000003,0.000001,-0.000001
2025-12-16 18:00:33.456,0.002519,-0.005397,-0.007979,-0.000003,0.000001,-0.000001
2025-12-16 18:00:33.457,0.002465,-0.005429,-0.007951,-0.000003,0.000001,-0.000001
2025-12-16 18:00:33.458,0.002408,-0.005460,-0.007922,-0.000003,0.000001,-0.000001
2025-12-16 18:00:33.459,0.002350,-0.005488,-0.007893,-0.000003,0.000001,-0.000001
2025-12-16 18:00:33.461,0.002228,-0.005540,-0.007824,-0.000003,0.000001,-0.000001
2025-12-16 18:00:33.463,0.002113,-0.005598,-0.007744,-0.000003,0.000001,-0.000001
2025-12-16 18:00:33.464,0.002059,-0.005631,-0.007704,-0.000003,0.000001,-0.000001
2025-12-16 18:00:33.465,0.002007,-0.005668,-0.007664,-0.000003,0.000001,-0.000001
2025-12-16 18:00:33.466,0.001952,-0.005704,-0.007623,-0.000003,0.000001,-0.000001
2025-12-16 18:00:33.467,0.001896,-0.005737,-0.007579,-0.000003,0.000001,-0.000001
2025-12-16 18:00:33.469,0.001793,-0.005807,-0.007491,-0.000003,0.000001,-0.000001
2025-12-16 18:00:33.470,0.001686,-0.005863,-0.007408,-0.000003,0.000001,-0.000001
2025-12-16 18:00:33.473,0.001584,-0.005932,-0.007312,-0.000003,0.000001,-0.000001
2025-12-16 18:00:33.474,0.001539,-0.005968,-0.007264,-0.000003,0.000001,-0.000001
2025-12-16 18:00:33.475,0.001491,-0.006007,-0.007216,-0.000003,0.000001,-0.000001
2025-12-16 18:00:33.476,0.001445,-0.006039,-0.007169,-0.000003,0.000001,-0.000001
2025-12-16 18:00:33.478,0.001356,-0.006113,-0.007064,-0.000003,0.000001,-0.000001
2025-12-16 18:00:33.479,0.001315,-0.006148,-0.007012,-0.000003,0.000001,-0.000001
2025-12-16 18:00:33.480,0.001275,-0.006184,-0.006956,-0.000003,0.000001,-0.000001
2025-12-16 18:00:33.483,0.001152,-0.006306,-0.006784,-0.000003,0.000001,-0.000001
2025-12-16 18:00:33.484,0.001118,-0.006347,-0.006723,-0.000003,0.000001,-0.000001
2025-12-16 18:00:33.485,0.001082,-0.006386,-0.006667,-0.000003,0.000001,-0.000001
2025-12-16 18:00:33.486,0.001049,-0.006426,-0.006605,-0.000003,0.000001,-0.000001
2025-12-16 18:00:33.487,0.001020,-0.006469,-0.006545,-0.000003,0.000001,-0.000001
2025-12-16 18:00:33.488,0.000964,-0.006560,-0.006418,-0.000003,0.000001,-0.000001
2025-12-16 18:00:33.490,0.000944,-0.006612,-0.006348,-0.000003,0.000001,-0.000001
2025-12-16 18:00:33.491,0.000925,-0.006663,-0.006279,-0.000003,0.000001,-0.000001
2025-12-16 18:00:33.492,0.000907,-0.006712,-0.006205,-0.000003,0.000001,-0.000001
2025-12-16 18:00:33.493,0.000889,-0.006758,-0.006137,-0.000003,0.000001,-0.000001
2025-12-16 18:00:33.494,0.000870,-0.006799,-0.006074,-0.000003,0.000001,-0.000001
2025-12-16 18:00:33.496,0.000842,-0.006888,-0.005951,-0.000003,0.000001,-0.000001
2025-12-16 18:00:33.499,0.000811,-0.007028,-0.005742,-0.000003,0.000001,-0.000001
2025-12-16 18:00:33.500,0.000805,-0.007077,-0.005677,-0.000003,0.000001,-0.000001
2025-12-16 18:00:33.501,0.000801,-0.007119,-0.005623,-0.000003,0.000001,-0.000001
2025-12-16 18:00:33.502,0.000805,-0.007160,-0.005563,-0.000003,0.000001,-0.000001
2025-12-16 18:00:33.505,0.000819,-0.007291,-0.005365,-0.000002,0.000001,-0.000001
2025-12-16 18:00:33.507,0.000834,-0.007374,-0.005214,-0.000002,0.000001,-0.000001
2025-12-16 18:00:33.508,0.000837,-0.007411,-0.005136,-0.000002,0.000001,-0.000001
2025-12-16 18:00:33.511,0.000847,-0.007509,-0.004925,-0.000002,0.000001,-0.000002
2025-12-16 18:00:33.512,0.000850,-0.007534,-0.004870,-0.000002,0.000001,-0.000002
2025-12-16 18:00:33.513,0.000856,-0.007565,-0.004806,-0.000002,0.000001,-0.000002
2025-12-16 18:00:33.514,0.000863,-0.007603,-0.004735,-0.000002,0.000001,-0.000002
2025-12-16 18:00:33.517,0.000869,-0.007703,-0.004517,-0.000002,0.000000,-0.000002
2025-12-16 18:00:33.518,0.000868,-0.007735,-0.004445,-0.000002,0.000000,-0.000002
2025-12-16 18:00:33.519,0.000867,-0.007761,-0.004384,-0.000002,0.000000,-0.000002
2025-12-16 18:00:33.521,0.000863,-0.007823,-0.004240,-0.000002,0.000000,-0.000002
2025-12-16 18:00:33.523,0.000849,-0.007901,-0.004084,-0.000002,0.000000,-0.000002
2025-12-16 18:00:33.524,0.000841,-0.007944,-0.004007,-0.000002,0.000000,-0.000002
2025-12-16 18:00:33.525,0.000834,-0.007983,-0.003940,-0.000002,0.000000,-0.000002
2025-12-16 18:00:33.526,0.000831,-0.008026,-0.003866,-0.000002,0.000000,-0.000002
2025-12-16 18:00:33.527,0.000833,-0.008073,-0.003793,-0.000001,0.000000,-0.000002
2025-12-16 18:00:33.529,0.000851,-0.008165,-0.003666,-0.000002,-0.000000,-0.000002
2025-12-16 18:00:33.530,0.000863,-0.008216,-0.003605,-0.000002,-0.000000,-0.000002
2025-12-16 18:00:33.531,0.000874,-0.008262,-0.003551,-0.000001,-0.000000,-0.000002
2025-12-16 18:00:33.532,0.000892,-0.008320,-0.003485,-0.000002,-0.000000,-0.000002
2025-12-16 18:00:33.533,0.000911,-0.008382,-0.003417,-0.000001,-0.000000,-0.000002
2025-12-16 18:00:33.534,0.000930,-0.008445,-0.003349,-0.000001,-0.000000,-0.000002
2025-12-16 18:00:33.535,0.000956,-0.008507,-0.003286,-0.000001,-0.000000,-0.000002
2025-12-16 18:00:33.536,0.000983,-0.008572,-0.003224,-0.000001,-0.000000,-0.000002
2025-12-16 18:00:33.538,0.001047,-0.008693,-0.003131,-0.000001,-0.000000,-0.000002
2025-12-16 18:00:33.539,0.001085,-0.008758,-0.003079,-0.000001,-0.000000,-0.000002
2025-12-16 18:00:33.540,0.001121,-0.008825,-0.003028,-0.000001,-0.000000,-0.000002
2025-12-16 18:00:33.541,0.001162,-0.008891,-0.002979,-0.000001,-0.000000,-0.000002
2025-12-16 18:00:33.542,0.001199,-0.008956,-0.002935,-0.000001,-0.000000,-0.000002
2025-12-16 18:00:33.543,0.001231,-0.009019,-0.002896,-0.000001,-0.000000,-0.000002
2025-12-16 18:00:33.544,0.001267,-0.009080,-0.002859,-0.000001,-0.000000,-0.000002
2025-12-16 18:00:33.545,0.001300,-0.009140,-0.002820,-0.000001,-0.000001,-0.000002
2025-12-16 18:00:33.546,0.001351,-0.009248,-0.002752,-0.000001,-0.000001,-0.000003
2025-12-16 18:00:33.548,0.001375,-0.009303,-0.002717,-0.000001,-0.000001,-0.000003
2025-12-16 18:00:33.549,0.001398,-0.009361,-0.002683,-0.000001,-0.000001,-0.000003
2025-12-16 18:00:33.550,0.001422,-0.009416,-0.002655,-0.000001,-0.000001,-0.000003
2025-12-16 18:00:33.551,0.001445,-0.009469,-0.002629,-0.000001,-0.000001,-0.000003
2025-12-16 18:00:33.552,0.001459,-0.009518,-0.002605,-0.000001,-0.000001,-0.000003
2025-12-16 18:00:33.553,0.001470,-0.009562,-0.002583,-0.000001,-0.000001,-0.000003
2025-12-16 18:00:33.555,0.001480,-0.009638,-0.002546,-0.000001,-0.000001,-0.000003
2025-12-16 18:00:33.556,0.001480,-0.009667,-0.002530,-0.000001,-0.000001,-0.000003
2025-12-16 18:00:33.557,0.001476,-0.009693,-0.002509,-0.000001,-0.000001,-0.000003
2025-12-16 18:00:33.558,0.001467,-0.009714,-0.002494,-0.000001,-0.000001,-0.000003
2025-12-16 18:00:33.560,0.001439,-0.009739,-0.002465,-0.000001,-0.000001,-0.000003
2025-12-16 18:00:33.561,0.001428,-0.009747,-0.002451,-0.000001,-0.000001,-0.000003
2025-12-16 18:00:33.562,0.001419,-0.009748,-0.002441,-0.000001,-0.000001,-0.000003
2025-12-16 18:00:33.565,0.001392,-0.009715,-0.002403,-0.000001,-0.000001,-0.000003
2025-12-16 18:00:33.566,0.001383,-0.009696,-0.002396,-0.000001,-0.000001,-0.000003
2025-12-16 18:00:33.569,0.001351,-0.009596,-0.002385,-0.000001,-0.000001,-0.000003
2025-12-16 18:00:33.570,0.001331,-0.009538,-0.002386,-0.000001,-0.000001,-0.000003
2025-12-16 18:00:33.571,0.001311,-0.009475,-0.002387,-0.000001,-0.000001,-0.000003
2025-12-16 18:00:33.572,0.001289,-0.009360,-0.002389,-0.000001,-0.000000,-0.000003
2025-12-16 18:00:33.574,0.001285,-0.009297,-0.002383,-0.000001,-0.000000,-0.000003
2025-12-16 18:00:33.576,0.001281,-0.009152,-0.002358,-0.000001,-0.000000,-0.000003
2025-12-16 18:00:33.577,0.001285,-0.009074,-0.002349,-0.000001,-0.000000,-0.000003
2025-12-16 18:00:33.578,0.001292,-0.008994,-0.002344,-0.000001,-0.000000,-0.000002
2025-12-16 18:00:33.579,0.001301,-0.008909,-0.002339,-0.000001,-0.000000,-0.000002
2025-12-16 18:00:33.581,0.001316,-0.008729,-0.002329,-0.000001,-0.000000,-0.000002
2025-12-16 18:00:33.582,0.001318,-0.008636,-0.002317,-0.000001,-0.000000,-0.000002
2025-12-16 18:00:33.583,0.001322,-0.008540,-0.002309,-0.000001,-0.000000,-0.000002
2025-12-16 18:00:33.585,0.001336,-0.008341,-0.002288,-0.000001,-0.000000,-0.000002
2025-12-16 18:00:33.586,0.001346,-0.008241,-0.002282,-0.000001,-0.000000,-0.000002
2025-12-16 18:00:33.587,0.001357,-0.008147,-0.002277,-0.000001,-0.000000,-0.000002
2025-12-16 18:00:33.588,0.001371,-0.008057,-0.002270,-0.000001,-0.000000,-0.000002
2025-12-16 18:00:33.590,0.001401,-0.007879,-0.002239,-0.000001,-0.000000,-0.000002
2025-12-16 18:00:33.592,0.001427,-0.007693,-0.002203,-0.000001,-0.000000,-0.000002
2025-12-16 18:00:33.593,0.001432,-0.007595,-0.002194,-0.000001,-0.000000,-0.000002
2025-12-16 18:00:33.594,0.001432,-0.007497,-0.002185,-0.000001,-0.000000,-0.000002
2025-12-16 18:00:33.596,0.001430,-0.007299,-0.002183,-0.000001,-0.000000,-0.000002
2025-12-16 18:00:33.597,0.001421,-0.007203,-0.002184,-0.000001,-0.000000,-0.000002
2025-12-16 18:00:33.598,0.001413,-0.007105,-0.002184,-0.000001,-0.000000,-0.000002
2025-12-16 18:00:33.599,0.001405,-0.007009,-0.002188,-0.000001,-0.000000,-0.000002
2025-12-16 18:00:33.600,0.001396,-0.006920,-0.002197,-0.000001,-0.000000,-0.000002
2025-12-16 18:00:33.603,0.001365,-0.006670,-0.002252,-0.000001,-0.000000,-0.000002
2025-12-16 18:00:33.604,0.001350,-0.006591,-0.002275,-0.000001,-0.000000,-0.000002
2025-12-16 18:00:33.605,0.001306,-0.006431,-0.002328,-0.000001,-0.000000,-0.000002
2025-12-16 18:00:33.607,0.001279,-0.006345,-0.002362,-0.000001,-0.000000,-0.000002
2025-12-16 18:00:33.608,0.001249,-0.006262,-0.002398,-0.000001,-0.000000,-0.000002
2025-12-16 18:00:33.610,0.001186,-0.006110,-0.002476,-0.000001,-0.000000,-0.000002
2025-12-16 18:00:33.614,0.001045,-0.005825,-0.002690,-0.000001,-0.000000,-0.000002
2025-12-16 18:00:33.615,0.001010,-0.005758,-0.002749,-0.000001,0.000000,-0.000002
2025-12-16 18:00:33.616,0.000979,-0.005703,-0.002796,-0.000001,0.000000,-0.000001
2025-12-16 18:00:33.617,0.000945,-0.005635,-0.002857,-0.000001,0.000000,-0.000001
2025-12-16 18:00:33.618,0.000863,-0.005493,-0.002992,-0.000001,0.000000,-0.000001
2025-12-16 18:00:33.620,0.000826,-0.005434,-0.003048,-0.000001,0.000000,-0.000001
2025-12-16 18:00:33.621,0.000784,-0.005362,-0.003110,-0.000001,0.000000,-0.000001
2025-12-16 18:00:33.622,0.000736,-0.005288,-0.003175,-0.000001,0.000000,-0.000001
2025-12-16 18:00:33.623,0.000686,-0.005215,-0.003239,-0.000001,0.000000,-0.000001
2025-12-16 18:00:33.624,0.000639,-0.005145,-0.003299,-0.000001,0.000000,-0.000001
2025-12-16 18:00:33.626,0.000555,-0.005026,-0.003408,-0.000001,0.000001,-0.000001
2025-12-16 18:00:33.627,0.000516,-0.004963,-0.003469,-0.000001,0.000001,-0.000001
2025-12-16 18:00:33.628,0.000482,-0.004893,-0.003535,-0.000001,0.000001,-0.000001
2025-12-16 18:00:33.629,0.000448,-0.004823,-0.003598,-0.000001,0.000001,-0.000001
2025-12-16 18:00:33.630,0.000418,-0.004754,-0.003661,-0.000001,0.000001,-0.000001
2025-12-16 18:00:33.631,0.000360,-0.004615,-0.003777,-0.000001,0.000001,-0.000001
2025-12-16 18:00:33.633,0.000338,-0.004557,-0.003821,-0.000001,0.000001,-0.000001
2025-12-16 18:00:33.634,0.000309,-0.004491,-0.003865,-0.000001,0.000001,-0.000001
2025-12-16 18:00:33.635,0.000281,-0.004431,-0.003902,-0.000001,0.000001,-0.000001
2025-12-16 18:00:33.636,0.000259,-0.004362,-0.003952,-0.000001,0.000001,-0.000001
2025-12-16 18:00:33.637,0.000242,-0.004300,-0.003999,-0.000001,0.000001,-0.000001
2025-12-16 18:00:33.639,0.000213,-0.004166,-0.004098,-0.000001,0.000001,-0.000001
2025-12-16 18:00:33.640,0.000204,-0.004098,-0.004150,-0.000001,0.000001,-0.000001
2025-12-16 18:00:33.643,0.000171,-0.003887,-0.004288,-0.000001,0.000001,-0.000001
2025-12-16 18:00:33.644,0.000161,-0.003811,-0.004332,-0.000001,0.000001,-0.000001
2025-12-16 18:00:33.645,0.000151,-0.003733,-0.004375,-0.000001,0.000001,-0.000001
2025-12-16 18:00:33.646,0.000141,-0.003653,-0.004417,-0.000001,0.000001,-0.000000
2025-12-16 18:00:33.648,0.000116,-0.003504,-0.004489,-0.000001,0.000001,-0.000000
2025-12-16 18:00:33.650,0.000093,-0.003356,-0.004549,-0.000001,0.000001,-0.000000
2025-12-16 18:00:33.652,0.000077,-0.003206,-0.004603,-0.000001,0.000001,-0.000000
2025-12-16 18:00:33.653,0.000067,-0.003138,-0.004626,-0.000001,0.000001,-0.000000
2025-12-16 18:00:33.654,0.000059,-0.003063,-0.004649,-0.000002,0.000001,-0.000000
2025-12-16 18:00:33.656,0.000037,-0.002846,-0.004706,-0.000001,0.000001,-0.000000
2025-12-16 18:00:33.658,0.000031,-0.002762,-0.004720,-0.000001,0.000001,-0.000000
2025-12-16 18:00:33.659,0.000025,-0.002674,-0.004732,-0.000001,0.000001,-0.000000
2025-12-16 18:00:33.660,0.000018,-0.002584,-0.004740,-0.000002,0.000001,-0.000000
2025-12-16 18:00:33.661,0.000013,-0.002490,-0.004743,-0.000001,0.000001,-0.000000
2025-12-16 18:00:33.663,0.000001,-0.002304,-0.004749,-0.000002,0.000001,-0.000000
2025-12-16 18:00:33.664,-0.000006,-0.002213,-0.004749,-0.000002,0.000001,-0.000000
2025-12-16 18:00:33.665,-0.000014,-0.002127,-0.004741,-0.000001,0.000001,-0.000000
2025-12-16 18:00:33.666,-0.000019,-0.002044,-0.004731,-0.000001,0.000001,-0.000000
2025-12-16 18:00:33.668,-0.000026,-0.001870,-0.004728,-0.000001,0.000002,0.000000
2025-12-16 18:00:33.669,-0.000034,-0.001782,-0.004729,-0.000002,0.000002,0.000000
2025-12-16 18:00:33.671,-0.000060,-0.001603,-0.004734,-0.000001,0.000002,0.000000
2025-12-16 18:00:33.673,-0.000094,-0.001435,-0.004737,-0.000001,0.000002,0.000000
2025-12-16 18:00:33.674,-0.000110,-0.001348,-0.004736,-0.000001,0.000002,0.000000
2025-12-16 18:00:33.675,-0.000125,-0.001266,-0.004732,-0.000001,0.000002,0.000000
2025-12-16 18:00:33.677,-0.000163,-0.001104,-0.004737,-0.000001,0.000002,0.000000
2025-12-16 18:00:33.678,-0.000180,-0.001031,-0.004741,-0.000001,0.000002,0.000000
2025-12-16 18:00:33.679,-0.000193,-0.000972,-0.004743,-0.000001,0.000002,0.000000
2025-12-16 18:00:33.680,-0.000211,-0.000905,-0.004746,-0.000001,0.000002,0.000000
2025-12-16 18:00:33.684,-0.000267,-0.000662,-0.004763,-0.000001,0.000002,0.000000
2025-12-16 18:00:33.687,-0.000281,-0.000488,-0.004792,-0.000001,0.000002,0.000000
2025-12-16 18:00:33.688,-0.000280,-0.000447,-0.004792,-0.000001,0.000002,0.000000
2025-12-16 18:00:33.689,-0.000274,-0.000411,-0.004787,-0.000001,0.000002,0.000000
2025-12-16 18:00:33.690,-0.000263,-0.000379,-0.004779,-0.000001,0.000002,0.000000
2025-12-16 18:00:33.691,-0.000249,-0.000353,-0.004772,-0.000001,0.000002,0.000000
2025-12-16 18:00:33.693,-0.000210,-0.000311,-0.004767,-0.000001,0.000002,0.000000
2025-12-16 18:00:33.694,-0.000192,-0.000293,-0.004766,-0.000001,0.000002,0.000000
2025-12-16 18:00:33.697,-0.000135,-0.000252,-0.004740,-0.000001,0.000002,0.000000
2025-12-16 18:00:33.698,-0.000116,-0.000242,-0.004723,-0.000001,0.000002,0.000000
2025-12-16 18:00:33.699,-0.000083,-0.000226,-0.004698,-0.000001,0.000002,0.000000
2025-12-16 18:00:33.701,-0.000064,-0.000222,-0.004692,-0.000001,0.000002,0.000000
2025-12-16 18:00:33.702,-0.000046,-0.000223,-0.004688,-0.000001,0.000002,0.000000
2025-12-16 18:00:33.703,-0.000032,-0.000226,-0.004679,-0.000001,0.000002,0.000000
2025-12-16 18:00:33.705,-0.000001,-0.000241,-0.004656,-0.000001,0.000002,0.000000
2025-12-16 18:00:33.706,0.000011,-0.000248,-0.004643,-0.000001,0.000002,0.000000
2025-12-16 18:00:33.707,0.000016,-0.000254,-0.004631,-0.000001,0.000002,0.000000
2025-12-16 18:00:33.709,0.000007,-0.000259,-0.004610,-0.000001,0.000002,0.000000
2025-12-16 18:00:33.710,0.000002,-0.000260,-0.004603,-0.000001,0.000002,0.000000
2025-12-16 18:00:33.711,-0.000006,-0.000270,-0.004598,-0.000001,0.000002,0.000000
2025-12-16 18:00:33.712,-0.000028,-0.000294,-0.004593,-0.000001,0.000002,0.000000
2025-12-16 18:00:33.714,-0.000042,-0.000307,-0.004592,-0.000001,0.000002,0.000000
2025-12-16 18:00:33.715,-0.000063,-0.000321,-0.004592,-0.000001,0.000002,0.000000
2025-12-16 18:00:33.716,-0.000087,-0.000333,-0.004586,-0.000001,0.000002,0.000000
2025-12-16 18:00:33.717,-0.000107,-0.000347,-0.004582,-0.000001,0.000002,0.000000
2025-12-16 18:00:33.718,-0.000133,-0.000358,-0.004581,-0.000001,0.000002,0.000000
2025-12-16 18:00:33.721,-0.000214,-0.000397,-0.004573,-0.000001,0.000002,0.000000
2025-12-16 18:00:33.722,-0.000247,-0.000409,-0.004568,-0.000001,0.000002,0.000000
2025-12-16 18:00:33.723,-0.000280,-0.000422,-0.004566,-0.000001,0.000002,0.000000
2025-12-16 18:00:33.725,-0.000352,-0.000445,-0.004566,-0.000001,0.000002,0.000000
2025-12-16 18:00:33.726,-0.000385,-0.000460,-0.004561,-0.000001,0.000002,0.000000
2025-12-16 18:00:33.727,-0.000421,-0.000478,-0.004546,-0.000001,0.000002,0.000000
2025-12-16 18:00:33.729,-0.000484,-0.000505,-0.004515,-0.000001,0.000002,0.000001
2025-12-16 18:00:33.730,-0.000517,-0.000514,-0.004504,-0.000001,0.000002,0.000001
2025-12-16 18:00:33.731,-0.000554,-0.000519,-0.004488,-0.000001,0.000002,0.000001
2025-12-16 18:00:33.734,-0.000666,-0.000531,-0.004424,-0.000001,0.000002,0.000001
2025-12-16 18:00:33.735,-0.000698,-0.000535,-0.004401,-0.000001,0.000002,0.000001
2025-12-16 18:00:33.736,-0.000727,-0.000533,-0.004388,-0.000001,0.000002,0.000001
2025-12-16 18:00:33.737,-0.000756,-0.000530,-0.004373,-0.000001,0.000002,0.000001
2025-12-16 18:00:33.738,-0.000784,-0.000526,-0.004354,-0.000001,0.000002,0.000001
2025-12-16 18:00:33.740,-0.000830,-0.000518,-0.004307,-0.000001,0.000002,0.000001
2025-12-16 18:00:33.741,-0.000847,-0.000514,-0.004275,-0.000001,0.000002,0.000001
2025-12-16 18:00:33.742,-0.000866,-0.000507,-0.004241,-0.000001,0.000002,0.000001
2025-12-16 18:00:33.743,-0.000882,-0.000499,-0.004206,-0.000001,0.000002,0.000001
2025-12-16 18:00:33.744,-0.000899,-0.000487,-0.004171,-0.000001,0.000002,0.000001
2025-12-16 18:00:33.747,-0.000930,-0.000449,-0.004071,-0.000001,0.000002,0.000001
2025-12-16 18:00:33.748,-0.000932,-0.000434,-0.004041,-0.000001,0.000002,0.000001
2025-12-16 18:00:33.749,-0.000928,-0.000420,-0.004008,-0.000001,0.000002,0.000001
2025-12-16 18:00:33.750,-0.000921,-0.000414,-0.003971,-0.000001,0.000002,0.000001
2025-12-16 18:00:33.751,-0.000910,-0.000407,-0.003942,-0.000001,0.000002,0.000001
2025-12-16 18:00:33.752,-0.000896,-0.000401,-0.003917,-0.000001,0.000002,0.000001
2025-12-16 18:00:33.754,-0.000865,-0.000392,-0.003871,-0.000001,0.000002,0.000001
2025-12-16 18:00:33.757,-0.000835,-0.000376,-0.003798,-0.000001,0.000002,0.000001
2025-12-16 18:00:33.758,-0.000823,-0.000375,-0.003783,-0.000001,0.000002,0.000001
2025-12-16 18:00:33.761,-0.000795,-0.000384,-0.003759,-0.000001,0.000002,0.000001
2025-12-16 18:00:33.762,-0.000783,-0.000395,-0.003756,-0.000001,0.000002,0.000001
2025-12-16 18:00:33.764,-0.000773,-0.000420,-0.003748,-0.000001,0.000002,0.000001
2025-12-16 18:00:33.765,-0.000770,-0.000432,-0.003748,-0.000001,0.000002,0.000001
2025-12-16 18:00:33.766,-0.000772,-0.000447,-0.003753,-0.000001,0.000002,0.000001
2025-12-16 18:00:33.767,-0.000780,-0.000459,-0.003763,-0.000001,0.000002,0.000001
2025-12-16 18:00:33.769,-0.000806,-0.000481,-0.003776,-0.000001,0.000002,0.000001
2025-12-16 18:00:33.771,-0.000844,-0.000503,-0.003782,-0.000001,0.000002,0.000001
2025-12-16 18:00:33.772,-0.000865,-0.000514,-0.003794,-0.000001,0.000002,0.000001
2025-12-16 18:00:33.773,-0.000882,-0.000523,-0.003806,-0.000001,0.000002,0.000001
2025-12-16 18:00:33.774,-0.000903,-0.000534,-0.003812,-0.000001,0.000002,0.000001
2025-12-16 18:00:33.776,-0.000940,-0.000570,-0.003817,-0.000001,0.000002,0.000001
2025-12-16 18:00:33.777,-0.000960,-0.000589,-0.003821,-0.000001,0.000002,0.000001
2025-12-16 18:00:33.778,-0.001000,-0.000618,-0.003811,-0.000001,0.000002,0.000001
2025-12-16 18:00:33.779,-0.001013,-0.000632,-0.003803,-0.000001,0.000002,0.000001
2025-12-16 18:00:33.783,-0.001054,-0.000669,-0.003792,-0.000001,0.000002,0.000001
2025-12-16 18:00:33.784,-0.001055,-0.000684,-0.003790,-0.000001,0.000002,0.000001
2025-12-16 18:00:33.785,-0.001053,-0.000697,-0.003789,-0.000001,0.000002,0.000001
2025-12-16 18:00:33.786,-0.001048,-0.000711,-0.003781,-0.000001,0.000002,0.000001
2025-12-16 18:00:33.787,-0.001040,-0.000734,-0.003752,-0.000001,0.000002,0.000001
2025-12-16 18:00:33.789,-0.001028,-0.000747,-0.003741,-0.000001,0.000002,0.000001
2025-12-16 18:00:33.790,-0.001014,-0.000758,-0.003733,-0.000001,0.000002,0.000001
2025-12-16 18:00:33.791,-0.000991,-0.000776,-0.003716,-0.000001,0.000002,0.000001
2025-12-16 18:00:33.792,-0.000968,-0.000794,-0.003694,-0.000001,0.000002,0.000001
2025-12-16 18:00:33.793,-0.000949,-0.000809,-0.003672,-0.000001,0.000002,0.000001
2025-12-16 18:00:33.795,-0.000892,-0.000849,-0.003638,-0.000001,0.000002,0.000000
2025-12-16 18:00:33.796,-0.000856,-0.000871,-0.003619,-0.000001,0.000002,0.000000
2025-12-16 18:00:33.797,-0.000816,-0.000894,-0.003604,-0.000001,0.000002,0.000000
2025-12-16 18:00:33.798,-0.000775,-0.000919,-0.003587,-0.000001,0.000001,0.000000
2025-12-16 18:00:33.799,-0.000734,-0.000945,-0.003572,-0.000001,0.000001,0.000000
2025-12-16 18:00:33.800,-0.000696,-0.000968,-0.003561,-0.000001,0.000001,0.000000
2025-12-16 18:00:33.801,-0.000655,-0.000991,-0.003544,-0.000001,0.000001,0.000000
2025-12-16 18:00:33.802,-0.000611,-0.001006,-0.003533,-0.000001,0.000001,0.000000
2025-12-16 18:00:33.804,-0.000530,-0.001033,-0.003507,-0.000001,0.000001,0.000000
2025-12-16 18:00:33.805,-0.000492,-0.001048,-0.003493,-0.000001,0.000001,0.000000
2025-12-16 18:00:33.806,-0.000455,-0.001061,-0.003478,-0.000001,0.000001,0.000000
2025-12-16 18:00:33.807,-0.000413,-0.001080,-0.003463,-0.000001,0.000001,0.000000
2025-12-16 18:00:33.808,-0.000372,-0.001099,-0.003447,-0.000001,0.000001,0.000000
2025-12-16 18:00:33.811,-0.000260,-0.001149,-0.003421,-0.000001,0.000001,0.000000
2025-12-16 18:00:33.812,-0.000220,-0.001165,-0.003409,-0.000001,0.000001,0.000000
2025-12-16 18:00:33.813,-0.000186,-0.001180,-0.003396,-0.000001,0.000001,0.000000
2025-12-16 18:00:33.814,-0.000150,-0.001192,-0.003383,-0.000001,0.000001,0.000000
2025-12-16 18:00:33.815,-0.000115,-0.001202,-0.003378,-0.000001,0.000001,0.000000
2025-12-16 18:00:33.816,-0.000052,-0.001215,-0.003382,-0.000001,0.000001,0.000000
2025-12-16 18:00:33.817,-0.000026,-0.001220,-0.003387,-0.000001,0.000001,0.000000
2025-12-16 18:00:33.819,-0.000000,-0.001223,-0.003393,-0.000001,0.000001,0.000000
2025-12-16 18:00:33.820,0.000021,-0.001226,-0.003399,-0.000001,0.000001,0.000000
2025-12-16 18:00:33.821,0.000047,-0.001232,-0.003405,-0.000001,0.000001,0.000000
2025-12-16 18:00:33.822,0.000071,-0.001240,-0.003410,-0.000001,0.000001,0.000000
2025-12-16 18:00:33.824,0.000128,-0.001276,-0.003415,-0.000001,0.000001,0.000000
2025-12-16 18:00:33.827,0.000206,-0.001325,-0.003447,-0.000001,0.000001,-0.000000
2025-12-16 18:00:33.828,0.000228,-0.001339,-0.003467,-0.000001,0.000001,-0.000000
2025-12-16 18:00:33.829,0.000242,-0.001352,-0.003489,-0.000001,0.000001,-0.000000
2025-12-16 18:00:33.831,0.000268,-0.001380,-0.003528,-0.000001,0.000001,-0.000000
2025-12-16 18:00:33.832,0.000282,-0.001395,-0.003557,-0.000001,0.000001,-0.000000
2025-12-16 18:00:33.833,0.000300,-0.001414,-0.003584,-0.000001,0.000001,-0.000000
2025-12-16 18:00:33.835,0.000326,-0.001459,-0.003645,-0.000001,0.000001,-0.000000
2025-12-16 18:00:33.837,0.000347,-0.001510,-0.003693,-0.000001,0.000001,-0.000000
2025-12-16 18:00:33.838,0.000355,-0.001533,-0.003723,-0.000001,0.000001,-0.000000
2025-12-16 18:00:33.839,0.000361,-0.001556,-0.003754,-0.000001,0.000001,-0.000000
2025-12-16 18:00:33.840,0.000361,-0.001575,-0.003795,-0.000001,0.000001,-0.000000
2025-12-16 18:00:33.841,0.000359,-0.001590,-0.003834,-0.000001,0.000001,-0.000000
2025-12-16 18:00:33.842,0.000343,-0.001609,-0.003923,-0.000001,0.000001,-0.000000
2025-12-16 18:00:33.844,0.000327,-0.001619,-0.003974,-0.000001,0.000001,-0.000000
2025-12-16 18:00:33.845,0.000310,-0.001628,-0.004020,-0.000001,0.000001,-0.000000
2025-12-16 18:00:33.849,0.000214,-0.001680,-0.004251,-0.000001,0.000001,-0.000000
2025-12-16 18:00:33.851,0.000152,-0.001690,-0.004389,-0.000001,0.000001,0.000000
2025-12-16 18:00:33.852,0.000120,-0.001691,-0.004456,-0.000001,0.000001,-0.000000
2025-12-16 18:00:33.855,0.000031,-0.001677,-0.004643,-0.000002,0.000001,0.000000
2025-12-16 18:00:33.857,-0.000035,-0.001643,-0.004806,-0.000002,0.000002,0.000000
2025-12-16 18:00:33.858,-0.000062,-0.001626,-0.004891,-0.000002,0.000002,0.000000
2025-12-16 18:00:33.859,-0.000092,-0.001607,-0.004972,-0.000002,0.000002,0.000000
2025-12-16 18:00:33.861,-0.000128,-0.001573,-0.005109,-0.000002,0.000002,0.000000
2025-12-16 18:00:33.862,-0.000136,-0.001555,-0.005172,-0.000002,0.000002,0.000000
2025-12-16 18:00:33.863,-0.000142,-0.001536,-0.005237,-0.000002,0.000002,0.000000
2025-12-16 18:00:33.865,-0.000148,-0.001490,-0.005361,-0.000002,0.000002,0.000000
2025-12-16 18:00:33.866,-0.000145,-0.001462,-0.005423,-0.000002,0.000002,0.000000
2025-12-16 18:00:33.868,-0.000123,-0.001411,-0.005533,-0.000002,0.000002,0.000000
2025-12-16 18:00:33.870,-0.000082,-0.001368,-0.005637,-0.000002,0.000002,0.000000
2025-12-16 18:00:33.871,-0.000060,-0.001347,-0.005682,-0.000002,0.000002,0.000000
2025-12-16 18:00:33.872,-0.000031,-0.001322,-0.005731,-0.000002,0.000002,0.000000
2025-12-16 18:00:33.873,-0.000003,-0.001300,-0.005774,-0.000002,0.000002,0.000000
2025-12-16 18:00:33.874,0.000031,-0.001274,-0.005816,-0.000002,0.000002,0.000000
2025-12-16 18:00:33.875,0.000062,-0.001251,-0.005852,-0.000002,0.000002,0.000000
2025-12-16 18:00:33.878,0.000096,-0.001229,-0.005879,-0.000002,0.000002,0.000000
2025-12-16 18:00:33.879,0.000176,-0.001157,-0.005938,-0.000002,0.000002,0.000000
2025-12-16 18:00:33.883,0.000230,-0.001062,-0.006021,-0.000002,0.000002,0.000000
2025-12-16 18:00:33.884,0.000232,-0.001039,-0.006036,-0.000002,0.000002,0.000000
2025-12-16 18:00:33.885,0.000227,-0.001015,-0.006048,-0.000002,0.000002,0.000000
2025-12-16 18:00:33.887,0.000214,-0.000964,-0.006069,-0.000002,0.000002,0.000000
2025-12-16 18:00:33.888,0.000207,-0.000939,-0.006080,-0.000002,0.000002,0.000000
2025-12-16 18:00:33.890,0.000144,-0.000872,-0.006092,-0.000002,0.000002,0.000000
2025-12-16 18:00:33.891,0.000110,-0.000839,-0.006101,-0.000002,0.000002,0.000000
2025-12-16 18:00:33.893,0.000036,-0.000776,-0.006118,-0.000002,0.000002,0.000000
2025-12-16 18:00:33.894,-0.000003,-0.000747,-0.006126,-0.000002,0.000002,0.000000
2025-12-16 18:00:33.899,-0.000187,-0.000613,-0.006222,-0.000002,0.000002,0.000000
2025-12-16 18:00:33.901,-0.000259,-0.000565,-0.006268,-0.000002,0.000002,0.000000
2025-12-16 18:00:33.903,-0.000320,-0.000517,-0.006327,-0.000002,0.000002,0.000000
2025-12-16 18:00:33.904,-0.000347,-0.000495,-0.006360,-0.000002,0.000002,0.000001
2025-12-16 18:00:33.905,-0.000369,-0.000477,-0.006393,-0.000002,0.000002,0.000001
2025-12-16 18:00:33.906,-0.000386,-0.000463,-0.006433,-0.000002,0.000002,0.000001
2025-12-16 18:00:33.909,-0.000407,-0.000442,-0.006559,-0.000002,0.000002,0.000001
2025-12-16 18:00:33.911,-0.000401,-0.000448,-0.006654,-0.000002,0.000002,0.000001
2025-12-16 18:00:33.912,-0.000396,-0.000452,-0.006710,-0.000002,0.000002,0.000001
2025-12-16 18:00:33.913,-0.000386,-0.000470,-0.006818,-0.000002,0.000002,0.000001
2025-12-16 18:00:33.916,-0.000375,-0.000488,-0.006918,-0.000003,0.000002,0.000000
2025-12-16 18:00:33.917,-0.000368,-0.000498,-0.006964,-0.000002,0.000003,0.000001
2025-12-16 18:00:33.918,-0.000352,-0.000517,-0.007023,-0.000003,0.000003,0.000001
2025-12-16 18:00:33.920,-0.000306,-0.000566,-0.007156,-0.000003,0.000003,0.000000
2025-12-16 18:00:33.921,-0.000283,-0.000594,-0.007218,-0.000003,0.000003,0.000000
2025-12-16 18:00:33.922,-0.000259,-0.000622,-0.007279,-0.000003,0.000003,0.000000
2025-12-16 18:00:33.923,-0.000239,-0.000647,-0.007342,-0.000003,0.000003,0.000000
2025-12-16 18:00:33.924,-0.000219,-0.000672,-0.007406,-0.000003,0.000003,0.000000
2025-12-16 18:00:33.925,-0.000202,-0.000692,-0.007460,-0.000003,0.000003,0.000000
2025-12-16 18:00:33.926,-0.000188,-0.000713,-0.007523,-0.000003,0.000003,0.000000
2025-12-16 18:00:33.929,-0.000165,-0.000770,-0.007729,-0.000003,0.000003,0.000000
2025-12-16 18:00:33.930,-0.000162,-0.000782,-0.007797,-0.000003,0.000003,0.000000
2025-12-16 18:00:33.931,-0.000164,-0.000799,-0.007860,-0.000003,0.000003,0.000000
2025-12-16 18:00:33.932,-0.000166,-0.000815,-0.007912,-0.000003,0.000003,0.000000
2025-12-16 18:00:33.933,-0.000166,-0.000830,-0.007975,-0.000003,0.000003,0.000000
2025-12-16 18:00:33.934,-0.000163,-0.000841,-0.008032,-0.000003,0.000003,0.000000
2025-12-16 18:00:33.936,-0.000150,-0.000857,-0.008154,-0.000003,0.000003,0.000000
2025-12-16 18:00:33.937,-0.000149,-0.000862,-0.008214,-0.000003,0.000003,0.000000
2025-12-16 18:00:33.938,-0.000150,-0.000865,-0.008277,-0.000003,0.000003,0.000000
2025-12-16 18:00:33.939,-0.000148,-0.000868,-0.008338,-0.000003,0.000003,0.000000
2025-12-16 18:00:33.940,-0.000145,-0.000870,-0.008395,-0.000003,0.000003,0.000000
2025-12-16 18:00:33.941,-0.000142,-0.000872,-0.008452,-0.000003,0.000003,0.000000
2025-12-16 18:00:33.942,-0.000140,-0.000873,-0.008501,-0.000003,0.000003,0.000000
2025-12-16 18:00:33.943,-0.000130,-0.000875,-0.008553,-0.000003,0.000003,0.000000
2025-12-16 18:00:33.944,-0.000114,-0.000881,-0.008609,-0.000003,0.000003,0.000000
2025-12-16 18:00:33.945,-0.000079,-0.000895,-0.008703,-0.000003,0.000003,0.000000
2025-12-16 18:00:33.947,-0.000064,-0.000895,-0.008742,-0.000003,0.000003,0.000000
2025-12-16 18:00:33.948,-0.000048,-0.000899,-0.008784,-0.000003,0.000003,0.000000
2025-12-16 18:00:33.949,-0.000033,-0.000902,-0.008820,-0.000003,0.000003,0.000000
2025-12-16 18:00:33.950,-0.000016,-0.000910,-0.008853,-0.000003,0.000003,0.000000
2025-12-16 18:00:33.955,0.000081,-0.000930,-0.009023,-0.000003,0.000003,0.000000
2025-12-16 18:00:33.956,0.000091,-0.000935,-0.009050,-0.000003,0.000003,0.000000
2025-12-16 18:00:33.957,0.000100,-0.000940,-0.009077,-0.000003,0.000003,0.000000
2025-12-16 18:00:33.958,0.000112,-0.000945,-0.009130,-0.000003,0.000003,0.000000
2025-12-16 18:00:33.960,0.000111,-0.000946,-0.009153,-0.000003,0.000003,0.000000
2025-12-16 18:00:33.961,0.000108,-0.000947,-0.009172,-0.000003,0.000003,0.000000
2025-12-16 18:00:33.965,0.000095,-0.000962,-0.009274,-0.000003,0.000003,0.000000
2025-12-16 18:00:33.966,0.000085,-0.000965,-0.009297,-0.000003,0.000003,0.000000
2025-12-16 18:00:33.967,0.000074,-0.000968,-0.009316,-0.000003,0.000003,0.000000
2025-12-16 18:00:33.968,0.000061,-0.000969,-0.009330,-0.000003,0.000003,0.000000
2025-12-16 18:00:33.969,0.000048,-0.000969,-0.009351,-0.000003,0.000003,0.000000
2025-12-16 18:00:33.970,0.000025,-0.000964,-0.009399,-0.000003,0.000003,0.000000
2025-12-16 18:00:33.972,0.000018,-0.000965,-0.009423,-0.000003,0.000003,0.000000
2025-12-16 18:00:33.973,0.000015,-0.000966,-0.009444,-0.000004,0.000003,0.000000
2025-12-16 18:00:33.974,0.000008,-0.000966,-0.009470,-0.000003,0.000003,0.000000
2025-12-16 18:00:33.976,0.000002,-0.000967,-0.009494,-0.000004,0.000003,0.000000
2025-12-16 18:00:33.977,-0.000008,-0.000967,-0.009522,-0.000004,0.000003,0.000000
2025-12-16 18:00:33.978,-0.000018,-0.000967,-0.009548,-0.000003,0.000003,0.000000
2025-12-16 18:00:33.979,-0.000025,-0.000971,-0.009573,-0.000003,0.000003,0.000000
2025-12-16 18:00:33.981,-0.000030,-0.000976,-0.009594,-0.000004,0.000003,0.000000
2025-12-16 18:00:33.983,-0.000032,-0.000985,-0.009653,-0.000003,0.000003,0.000000
2025-12-16 18:00:33.984,-0.000035,-0.000988,-0.009686,-0.000004,0.000003,0.000000
2025-12-16 18:00:33.985,-0.000041,-0.000989,-0.009718,-0.000004,0.000003,0.000000
2025-12-16 18:00:33.986,-0.000049,-0.000990,-0.009745,-0.000004,0.000003,0.000000
2025-12-16 18:00:33.987,-0.000071,-0.000993,-0.009825,-0.000003,0.000003,0.000000
2025-12-16 18:00:33.989,-0.000066,-0.001003,-0.009900,-0.000004,0.000003,0.000000
2025-12-16 18:00:33.990,-0.000062,-0.001008,-0.009941,-0.000004,0.000003,0.000000
2025-12-16 18:00:33.991,-0.000062,-0.001012,-0.009979,-0.000004,0.000003,0.000000
2025-12-16 18:00:33.992,-0.000064,-0.001015,-0.010021,-0.000004,0.000003,0.000000
2025-12-16 18:00:33.993,-0.000065,-0.001017,-0.010058,-0.000004,0.000003,0.000000
2025-12-16 18:00:33.994,-0.000067,-0.001018,-0.010087,-0.000004,0.000003,0.000000
2025-12-16 18:00:33.995,-0.000064,-0.001029,-0.010159,-0.000004,0.000003,0.000000
2025-12-16 18:00:33.999,-0.000034,-0.001062,-0.010285,-0.000004,0.000003,0.000000
2025-12-16 18:00:34.000,-0.000024,-0.001074,-0.010330,-0.000004,0.000003,0.000000
2025-12-16 18:00:34.001,-0.000013,-0.001084,-0.010375,-0.000004,0.000003,0.000000
2025-12-16 18:00:34.002,-0.000003,-0.001096,-0.010411,-0.000004,0.000003,0.000000
2025-12-16 18:00:34.003,0.000006,-0.001107,-0.010444,-0.000004,0.000003,0.000000
2025-12-16 18:00:34.004,0.000016,-0.001116,-0.010483,-0.000004,0.000004,0.000000
2025-12-16 18:00:34.005,0.000027,-0.001127,-0.010522,-0.000004,0.000003,0.000000
2025-12-16 18:00:34.006,0.000036,-0.001138,-0.010555,-0.000004,0.000003,0.000000
2025-12-16 18:00:34.007,0.000051,-0.001142,-0.010602,-0.000004,0.000004,0.000000
2025-12-16 18:00:34.009,0.000079,-0.001154,-0.010668,-0.000004,0.000003,0.000000
2025-12-16 18:00:34.010,0.000091,-0.001163,-0.010698,-0.000004,0.000004,0.000000
2025-12-16 18:00:34.011,0.000103,-0.001167,-0.010733,-0.000004,0.000004,0.000000
2025-12-16 18:00:34.012,0.000110,-0.001173,-0.010761,-0.000004,0.000004,0.000000
2025-12-16 18:00:34.013,0.000118,-0.001175,-0.010791,-0.000004,0.000004,0.000000
2025-12-16 18:00:34.014,0.000125,-0.001175,-0.010822,-0.000004,0.000004,0.000000
2025-12-16 18:00:34.015,0.000135,-0.001174,-0.010851,-0.000004,0.000004,0.000000
2025-12-16 18:00:34.017,0.000146,-0.001163,-0.010907,-0.000004,0.000004,0.000000
2025-12-16 18:00:34.019,0.000150,-0.001138,-0.010943,-0.000004,0.000004,0.000000
2025-12-16 18:00:34.020,0.000153,-0.001128,-0.010950,-0.000004,0.000004,0.000000
2025-12-16 18:00:34.021,0.000155,-0.001117,-0.010956,-0.000004,0.000004,0.000000
2025-12-16 18:00:34.022,0.000157,-0.001103,-0.010962,-0.000004,0.000004,0.000000
2025-12-16 18:00:34.023,0.000162,-0.001090,-0.010969,-0.000004,0.000004,0.000000
2025-12-16 18:00:34.024,0.000169,-0.001080,-0.010975,-0.000004,0.000004,0.000000
2025-12-16 18:00:34.025,0.000174,-0.001072,-0.010980,-0.000004,0.000004,0.000000
2025-12-16 18:00:34.026,0.000189,-0.001042,-0.010986,-0.000004,0.000004,0.000000
2025-12-16 18:00:34.028,0.000195,-0.001025,-0.010989,-0.000004,0.000004,0.000000
2025-12-16 18:00:34.029,0.000210,-0.000983,-0.011005,-0.000004,0.000004,0.000000
2025-12-16 18:00:34.031,0.000215,-0.000964,-0.011013,-0.000004,0.000004,0.000000
2025-12-16 18:00:34.032,0.000219,-0.000948,-0.011019,-0.000004,0.000004,0.000001
2025-12-16 18:00:34.033,0.000226,-0.000932,-0.011028,-0.000004,0.000004,0.000001
2025-12-16 18:00:34.034,0.000238,-0.000918,-0.011037,-0.000004,0.000004,0.000001
2025-12-16 18:00:34.035,0.000249,-0.000907,-0.011046,-0.000004,0.000004,0.000001
2025-12-16 18:00:34.037,0.000287,-0.000904,-0.011061,-0.000005,0.000004,0.000001
2025-12-16 18:00:34.038,0.000303,-0.000900,-0.011074,-0.000005,0.000004,0.000001
2025-12-16 18:00:34.039,0.000319,-0.000897,-0.011099,-0.000005,0.000004,0.000001
2025-12-16 18:00:34.041,0.000344,-0.000890,-0.011153,-0.000005,0.000004,0.000001
2025-12-16 18:00:34.042,0.000361,-0.000893,-0.011184,-0.000005,0.000004,0.000001
2025-12-16 18:00:34.043,0.000378,-0.000893,-0.011219,-0.000005,0.000004,0.000001
2025-12-16 18:00:34.044,0.000392,-0.000896,-0.011253,-0.000005,0.000004,0.000001
2025-12-16 18:00:34.045,0.000404,-0.000900,-0.011283,-0.000005,0.000004,0.000001
2025-12-16 18:00:34.046,0.000417,-0.000908,-0.011327,-0.000005,0.000004,0.000001
2025-12-16 18:00:34.049,0.000475,-0.000958,-0.011449,-0.000004,0.000004,0.000000
2025-12-16 18:00:34.050,0.000492,-0.000981,-0.011484,-0.000004,0.000004,0.000000
2025-12-16 18:00:34.053,0.000527,-0.001052,-0.011575,-0.000004,0.000004,0.000000
2025-12-16 18:00:34.054,0.000533,-0.001071,-0.011618,-0.000004,0.000004,0.000000
2025-12-16 18:00:34.056,0.000543,-0.001132,-0.011749,-0.000004,0.000004,0.000000
2025-12-16 18:00:34.059,0.000536,-0.001171,-0.011822,-0.000004,0.000004,0.000000
2025-12-16 18:00:34.061,0.000522,-0.001215,-0.011899,-0.000004,0.000004,0.000000
2025-12-16 18:00:34.062,0.000510,-0.001242,-0.011948,-0.000004,0.000004,0.000000
2025-12-16 18:00:34.064,0.000492,-0.001297,-0.012042,-0.000004,0.000004,0.000000
2025-12-16 18:00:34.065,0.000487,-0.001321,-0.012083,-0.000004,0.000004,-0.000000
2025-12-16 18:00:34.067,0.000455,-0.001370,-0.012157,-0.000005,0.000004,0.000000
2025-12-16 18:00:34.068,0.000434,-0.001388,-0.012189,-0.000005,0.000004,0.000000
2025-12-16 18:00:34.071,0.000391,-0.001436,-0.012345,-0.000005,0.000004,0.000000
2025-12-16 18:00:34.073,0.000380,-0.001461,-0.012448,-0.000005,0.000004,0.000000
2025-12-16 18:00:34.074,0.000376,-0.001481,-0.012494,-0.000005,0.000004,0.000000
2025-12-16 18:00:34.077,0.000369,-0.001544,-0.012618,-0.000005,0.000004,0.000000
2025-12-16 18:00:34.079,0.000378,-0.001574,-0.012694,-0.000005,0.000004,0.000000
2025-12-16 18:00:34.080,0.000388,-0.001588,-0.012726,-0.000005,0.000004,0.000000
2025-12-16 18:00:34.081,0.000398,-0.001594,-0.012759,-0.000005,0.000004,0.000000
2025-12-16 18:00:34.082,0.000405,-0.001592,-0.012794,-0.000005,0.000004,0.000000
2025-12-16 18:00:34.084,0.000425,-0.001587,-0.012850,-0.000005,0.000004,0.000000
2025-12-16 18:00:34.085,0.000441,-0.001578,-0.012881,-0.000005,0.000004,0.000000
2025-12-16 18:00:34.087,0.000488,-0.001556,-0.012933,-0.000005,0.000004,0.000000
2025-12-16 18:00:34.088,0.000517,-0.001542,-0.012956,-0.000005,0.000004,0.000000
2025-12-16 18:00:34.089,0.000543,-0.001529,-0.012973,-0.000005,0.000004,0.000000
2025-12-16 18:00:34.090,0.000576,-0.001517,-0.012986,-0.000005,0.000004,0.000000
2025-12-16 18:00:34.091,0.000620,-0.001505,-0.012995,-0.000005,0.000004,0.000000
2025-12-16 18:00:34.092,0.000666,-0.001490,-0.013000,-0.000005,0.000004,0.000000
2025-12-16 18:00:34.095,0.000822,-0.001401,-0.013017,-0.000005,0.000004,0.000000
2025-12-16 18:00:34.097,0.000942,-0.001329,-0.013035,-0.000005,0.000004,-0.000000
2025-12-16 18:00:34.099,0.001081,-0.001261,-0.013051,-0.000005,0.000004,-0.000000
2025-12-16 18:00:34.101,0.001220,-0.001207,-0.013060,-0.000005,0.000004,0.000000
2025-12-16 18:00:34.102,0.001301,-0.001178,-0.013063,-0.000005,0.000004,0.000000
2025-12-16 18:00:34.103,0.001374,-0.001151,-0.013065,-0.000005,0.000004,0.000000
2025-12-16 18:00:34.105,0.001553,-0.001087,-0.013081,-0.000005,0.000004,-0.000000
2025-12-16 18:00:34.106,0.001649,-0.001055,-0.013086,-0.000005,0.000004,-0.000000
2025-12-16 18:00:34.107,0.001749,-0.001014,-0.013094,-0.000005,0.000004,-0.000000
2025-12-16 18:00:34.108,0.001852,-0.000973,-0.013104,-0.000005,0.000004,-0.000000
2025-12-16 18:00:34.111,0.002125,-0.000856,-0.013132,-0.000005,0.000004,-0.000000
2025-12-16 18:00:34.115,0.002514,-0.000699,-0.013180,-0.000005,0.000004,-0.000000
2025-12-16 18:00:34.116,0.002622,-0.000662,-0.013196,-0.000005,0.000004,-0.000000
2025-12-16 18:00:34.117,0.002723,-0.000626,-0.013210,-0.000005,0.000004,-0.000000
2025-12-16 18:00:34.119,0.002894,-0.000554,-0.013235,-0.000005,0.000004,-0.000000
2025-12-16 18:00:34.120,0.002983,-0.000516,-0.013249,-0.000005,0.000004,-0.000000
2025-12-16 18:00:34.122,0.003150,-0.000452,-0.013278,-0.000005,0.000003,-0.000001
2025-12-16 18:00:34.123,0.003242,-0.000424,-0.013299,-0.000005,0.000003,-0.000001
2025-12-16 18:00:34.125,0.003400,-0.000374,-0.013334,-0.000005,0.000003,-0.000001
2025-12-16 18:00:34.127,0.003553,-0.000341,-0.013383,-0.000005,0.000003,-0.000001
2025-12-16 18:00:34.128,0.003621,-0.000333,-0.013407,-0.000005,0.000003,-0.000001
2025-12-16 18:00:34.129,0.003685,-0.000329,-0.013438,-0.000005,0.000003,-0.000001
2025-12-16 18:00:34.131,0.003803,-0.000331,-0.013500,-0.000005,0.000003,-0.000001
2025-12-16 18:00:34.132,0.003853,-0.000336,-0.013534,-0.000005,0.000003,-0.000001
2025-12-16 18:00:34.133,0.003902,-0.000346,-0.013571,-0.000005,0.000003,-0.000001
2025-12-16 18:00:34.134,0.003945,-0.000360,-0.013606,-0.000005,0.000003,-0.000001
2025-12-16 18:00:34.135,0.003984,-0.000382,-0.013640,-0.000005,0.000003,-0.000001
2025-12-16 18:00:34.136,0.004057,-0.000440,-0.013709,-0.000005,0.000003,-0.000001
2025-12-16 18:00:34.138,0.004094,-0.000483,-0.013748,-0.000005,0.000003,-0.000001
2025-12-16 18:00:34.139,0.004122,-0.000527,-0.013791,-0.000005,0.000003,-0.000001
2025-12-16 18:00:34.140,0.004148,-0.000573,-0.013832,-0.000005,0.000003,-0.000001
2025-12-16 18:00:34.141,0.004175,-0.000622,-0.013869,-0.000005,0.000003,-0.000001
2025-12-16 18:00:34.143,0.004215,-0.000714,-0.013935,-0.000005,0.000003,-0.000001
2025-12-16 18:00:34.145,0.004249,-0.000825,-0.014012,-0.000005,0.000003,-0.000001
2025-12-16 18:00:34.147,0.004290,-0.000955,-0.014085,-0.000005,0.000003,-0.000001
2025-12-16 18:00:34.149,0.004339,-0.001109,-0.014143,-0.000005,0.000003,-0.000001
2025-12-16 18:00:34.150,0.004403,-0.001283,-0.014173,-0.000005,0.000003,-0.000001
2025-12-16 18:00:34.152,0.004437,-0.001359,-0.014185,-0.000005,0.000003,-0.000001
2025-12-16 18:00:34.153,0.004472,-0.001444,-0.014196,-0.000005,0.000003,-0.000001
2025-12-16 18:00:34.154,0.004515,-0.001537,-0.014212,-0.000005,0.000003,-0.000001
2025-12-16 18:00:34.156,0.004589,-0.001703,-0.014246,-0.000005,0.000003,-0.000001
2025-12-16 18:00:34.157,0.004628,-0.001791,-0.014255,-0.000005,0.000003,-0.000001
2025-12-16 18:00:34.158,0.004670,-0.001884,-0.014262,-0.000005,0.000003,-0.000001
2025-12-16 18:00:34.161,0.004812,-0.002197,-0.014261,-0.000005,0.000003,-0.000002
2025-12-16 18:00:34.162,0.004868,-0.002309,-0.014261,-0.000005,0.000003,-0.000002
2025-12-16 18:00:34.164,0.004993,-0.002546,-0.014249,-0.000005,0.000003,-0.000002
2025-12-16 18:00:34.165,0.005059,-0.002669,-0.014237,-0.000005,0.000002,-0.000002
2025-12-16 18:00:34.166,0.005122,-0.002792,-0.014226,-0.000005,0.000002,-0.000002
2025-12-16 18:00:34.167,0.005234,-0.003025,-0.014193,-0.000005,0.000002,-0.000002
2025-12-16 18:00:34.169,0.005296,-0.003144,-0.014178,-0.000005,0.000002,-0.000002
2025-12-16 18:00:34.170,0.005362,-0.003271,-0.014164,-0.000005,0.000002,-0.000002
2025-12-16 18:00:34.171,0.005425,-0.003399,-0.014153,-0.000004,0.000002,-0.000002
2025-12-16 18:00:34.173,0.005566,-0.003671,-0.014124,-0.000004,0.000002,-0.000002
2025-12-16 18:00:34.174,0.005638,-0.003811,-0.014101,-0.000004,0.000002,-0.000002
2025-12-16 18:00:34.175,0.005712,-0.003956,-0.014071,-0.000005,0.000002,-0.000002
2025-12-16 18:00:34.176,0.005789,-0.004103,-0.014037,-0.000005,0.000002,-0.000002
2025-12-16 18:00:34.177,0.005862,-0.004250,-0.014001,-0.000004,0.000002,-0.000002
2025-12-16 18:00:34.179,0.006014,-0.004536,-0.013929,-0.000005,0.000002,-0.000002
2025-12-16 18:00:34.180,0.006091,-0.004679,-0.013898,-0.000004,0.000002,-0.000002
2025-12-16 18:00:34.181,0.006163,-0.004818,-0.013862,-0.000004,0.000002,-0.000002
2025-12-16 18:00:34.183,0.006294,-0.005099,-0.013780,-0.000005,0.000001,-0.000002
2025-12-16 18:00:34.184,0.006358,-0.005237,-0.013734,-0.000005,0.000001,-0.000003
2025-12-16 18:00:34.185,0.006422,-0.005375,-0.013688,-0.000004,0.000001,-0.000003
2025-12-16 18:00:34.186,0.006520,-0.005630,-0.013581,-0.000004,0.000001,-0.000003
2025-12-16 18:00:34.188,0.006570,-0.005765,-0.013533,-0.000004,0.000001,-0.000003
2025-12-16 18:00:34.189,0.006619,-0.005906,-0.013479,-0.000004,0.000001,-0.000003
2025-12-16 18:00:34.190,0.006667,-0.006046,-0.013425,-0.000005,0.000001,-0.000003
2025-12-16 18:00:34.191,0.006746,-0.006319,-0.013307,-0.000004,0.000001,-0.000003
2025-12-16 18:00:34.193,0.006780,-0.006452,-0.013243,-0.000004,0.000001,-0.000003
2025-12-16 18:00:34.194,0.006806,-0.006577,-0.013175,-0.000004,0.000001,-0.000003
2025-12-16 18:00:34.195,0.006826,-0.006680,-0.013117,-0.000004,0.000001,-0.000003
2025-12-16 18:00:34.196,0.006846,-0.006793,-0.013057,-0.000004,0.000001,-0.000003
2025-12-16 18:00:34.197,0.006871,-0.006913,-0.013000,-0.000004,0.000001,-0.000003
2025-12-16 18:00:34.198,0.006894,-0.007040,-0.012941,-0.000004,0.000001,-0.000003
2025-12-16 18:00:34.199,0.006916,-0.007170,-0.012877,-0.000004,0.000001,-0.000003
2025-12-16 18:00:34.200,0.006942,-0.007299,-0.012811,-0.000004,0.000001,-0.000003
2025-12-16 18:00:34.202,0.006989,-0.007547,-0.012667,-0.000005,0.000001,-0.000003
2025-12-16 18:00:34.203,0.007010,-0.007670,-0.012590,-0.000005,0.000001,-0.000003
2025-12-16 18:00:34.204,0.007030,-0.007787,-0.012517,-0.000004,0.000001,-0.000003
2025-12-16 18:00:34.205,0.007053,-0.007906,-0.012445,-0.000004,0.000001,-0.000003
2025-12-16 18:00:34.206,0.007078,-0.008025,-0.012372,-0.000005,0.000001,-0.000003
2025-12-16 18:00:34.208,0.007148,-0.008267,-0.012212,-0.000005,0.000000,-0.000003
2025-12-16 18:00:34.209,0.007190,-0.008387,-0.012128,-0.000005,0.000000,-0.000003
2025-12-16 18:00:34.211,0.007290,-0.008632,-0.011957,-0.000005,0.000000,-0.000003
2025-12-16 18:00:34.212,0.007349,-0.008757,-0.011867,-0.000005,0.000000,-0.000003
2025-12-16 18:00:34.213,0.007410,-0.008882,-0.011772,-0.000005,-0.000000,-0.000003
2025-12-16 18:00:34.214,0.007475,-0.009008,-0.011680,-0.000005,-0.000000,-0.000003
2025-12-16 18:00:34.216,0.007604,-0.009261,-0.011478,-0.000005,-0.000000,-0.000003
2025-12-16 18:00:34.217,0.007668,-0.009383,-0.011370,-0.000005,-0.000000,-0.000003
2025-12-16 18:00:34.218,0.007737,-0.009501,-0.011258,-0.000005,-0.000000,-0.000004
2025-12-16 18:00:34.219,0.007810,-0.009618,-0.011152,-0.000005,-0.000000,-0.000004
2025-12-16 18:00:34.221,0.007956,-0.009852,-0.010929,-0.000005,-0.000001,-0.000004
2025-12-16 18:00:34.222,0.008030,-0.009971,-0.010814,-0.000005,-0.000001,-0.000004
2025-12-16 18:00:34.223,0.008108,-0.010090,-0.010699,-0.000005,-0.000001,-0.000004
2025-12-16 18:00:34.224,0.008189,-0.010213,-0.010578,-0.000005,-0.000001,-0.000004
2025-12-16 18:00:34.226,0.008327,-0.010428,-0.010349,-0.000006,-0.000001,-0.000004
2025-12-16 18:00:34.227,0.008390,-0.010539,-0.010233,-0.000005,-0.000001,-0.000004
2025-12-16 18:00:34.229,0.008501,-0.010749,-0.010018,-0.000005,-0.000001,-0.000004
2025-12-16 18:00:34.230,0.008551,-0.010850,-0.009918,-0.000005,-0.000002,-0.000004
2025-12-16 18:00:34.231,0.008601,-0.010965,-0.009798,-0.000005,-0.000002,-0.000004
2025-12-16 18:00:34.233,0.008683,-0.011181,-0.009568,-0.000005,-0.000002,-0.000005
2025-12-16 18:00:34.234,0.008715,-0.011280,-0.009461,-0.000005,-0.000002,-0.000005
2025-12-16 18:00:34.235,0.008754,-0.011393,-0.009347,-0.000005,-0.000002,-0.000005
2025-12-16 18:00:34.236,0.008793,-0.011507,-0.009233,-0.000005,-0.000002,-0.000005
2025-12-16 18:00:34.237,0.008825,-0.011603,-0.009136,-0.000005,-0.000002,-0.000005
2025-12-16 18:00:34.239,0.008883,-0.011827,-0.008925,-0.000005,-0.000002,-0.000005
2025-12-16 18:00:34.240,0.008910,-0.011948,-0.008809,-0.000005,-0.000003,-0.000005
2025-12-16 18:00:34.242,0.008950,-0.012159,-0.008605,-0.000005,-0.000002,-0.000005
2025-12-16 18:00:34.243,0.008967,-0.012352,-0.008417,-0.000005,-0.000002,-0.000005
2025-12-16 18:00:34.245,0.008973,-0.012442,-0.008329,-0.000005,-0.000003,-0.000005
2025-12-16 18:00:34.246,0.008979,-0.012543,-0.008234,-0.000005,-0.000002,-0.000005
2025-12-16 18:00:34.247,0.008983,-0.012633,-0.008150,-0.000005,-0.000003,-0.000005
2025-12-16 18:00:34.248,0.008988,-0.012735,-0.008060,-0.000005,-0.000003,-0.000005
2025-12-16 18:00:34.251,0.009000,-0.013031,-0.007778,-0.000005,-0.000003,-0.000005
2025-12-16 18:00:34.252,0.009002,-0.013119,-0.007690,-0.000005,-0.000003,-0.000005
2025-12-16 18:00:34.253,0.009004,-0.013217,-0.007590,-0.000005,-0.000003,-0.000005
2025-12-16 18:00:34.254,0.008999,-0.013313,-0.007489,-0.000005,-0.000003,-0.000005
2025-12-16 18:00:34.256,0.008961,-0.013563,-0.007201,-0.000005,-0.000003,-0.000006
2025-12-16 18:00:34.257,0.008939,-0.013646,-0.007091,-0.000005,-0.000003,-0.000006
2025-12-16 18:00:34.259,0.008919,-0.013715,-0.006997,-0.000005,-0.000003,-0.000006
2025-12-16 18:00:34.261,0.008859,-0.013845,-0.006825,-0.000005,-0.000003,-0.000005
2025-12-16 18:00:34.267,0.008672,-0.014174,-0.006299,-0.000005,-0.000003,-0.000005
2025-12-16 18:00:34.268,0.008628,-0.014222,-0.006198,-0.000005,-0.000002,-0.000005
2025-12-16 18:00:34.273,0.008401,-0.014390,-0.005769,-0.000005,-0.000003,-0.000005
2025-12-16 18:00:34.274,0.008356,-0.014422,-0.005681,-0.000005,-0.000002,-0.000005
2025-12-16 18:00:34.275,0.008316,-0.014454,-0.005591,-0.000005,-0.000003,-0.000005
2025-12-16 18:00:34.276,0.008274,-0.014481,-0.005505,-0.000005,-0.000002,-0.000005
2025-12-16 18:00:34.277,0.008231,-0.014505,-0.005423,-0.000005,-0.000002,-0.000005
2025-12-16 18:00:34.279,0.008155,-0.014548,-0.005279,-0.000005,-0.000002,-0.000005
2025-12-16 18:00:34.283,0.008005,-0.014638,-0.004966,-0.000004,-0.000002,-0.000005
2025-12-16 18:00:34.284,0.007961,-0.014655,-0.004887,-0.000004,-0.000002,-0.000005
2025-12-16 18:00:34.286,0.007866,-0.014693,-0.004722,-0.000005,-0.000002,-0.000005
2025-12-16 18:00:34.287,0.007784,-0.014730,-0.004562,-0.000004,-0.000002,-0.000005
2025-12-16 18:00:34.288,0.007747,-0.014753,-0.004482,-0.000004,-0.000002,-0.000005
2025-12-16 18:00:34.290,0.007708,-0.014778,-0.004403,-0.000005,-0.000002,-0.000005
2025-12-16 18:00:34.291,0.007667,-0.014802,-0.004320,-0.000004,-0.000002,-0.000005
2025-12-16 18:00:34.292,0.007623,-0.014823,-0.004241,-0.000004,-0.000002,-0.000005
2025-12-16 18:00:34.293,0.007576,-0.014839,-0.004166,-0.000004,-0.000002,-0.000005
2025-12-16 18:00:34.295,0.007485,-0.014848,-0.004018,-0.000004,-0.000002,-0.000005
2025-12-16 18:00:34.296,0.007438,-0.014852,-0.003944,-0.000004,-0.000002,-0.000005
2025-12-16 18:00:34.297,0.007394,-0.014856,-0.003868,-0.000005,-0.000002,-0.000005
2025-12-16 18:00:34.298,0.007350,-0.014859,-0.003795,-0.000004,-0.000002,-0.000005
2025-12-16 18:00:34.299,0.007304,-0.014861,-0.003720,-0.000004,-0.000002,-0.000005
2025-12-16 18:00:34.300,0.007204,-0.014851,-0.003582,-0.000004,-0.000002,-0.000005
2025-12-16 18:00:34.302,0.007155,-0.014837,-0.003517,-0.000004,-0.000002,-0.000005
2025-12-16 18:00:34.303,0.007106,-0.014826,-0.003453,-0.000004,-0.000001,-0.000005
2025-12-16 18:00:34.304,0.007052,-0.014813,-0.003384,-0.000004,-0.000002,-0.000005
2025-12-16 18:00:34.305,0.006998,-0.014792,-0.003316,-0.000004,-0.000001,-0.000005
2025-12-16 18:00:34.306,0.006944,-0.014771,-0.003250,-0.000004,-0.000001,-0.000005
2025-12-16 18:00:34.307,0.006890,-0.014749,-0.003182,-0.000004,-0.000001,-0.000005
2025-12-16 18:00:34.308,0.006834,-0.014720,-0.003118,-0.000004,-0.000002,-0.000005
2025-12-16 18:00:34.309,0.006733,-0.014663,-0.003009,-0.000004,-0.000001,-0.000005
2025-12-16 18:00:34.311,0.006688,-0.014635,-0.002959,-0.000004,-0.000001,-0.000005
2025-12-16 18:00:34.312,0.006652,-0.014613,-0.002918,-0.000004,-0.000001,-0.000005
2025-12-16 18:00:34.313,0.006597,-0.014574,-0.002860,-0.000004,-0.000001,-0.000005
2025-12-16 18:00:34.314,0.006533,-0.014529,-0.002796,-0.000004,-0.000001,-0.000005
2025-12-16 18:00:34.315,0.006466,-0.014481,-0.002730,-0.000004,-0.000001,-0.000005
2025-12-16 18:00:34.316,0.006399,-0.014434,-0.002661,-0.000004,-0.000001,-0.000005
2025-12-16 18:00:34.317,0.006332,-0.014385,-0.002596,-0.000004,-0.000001,-0.000005
2025-12-16 18:00:34.318,0.006271,-0.014335,-0.002539,-0.000004,-0.000001,-0.000005
2025-12-16 18:00:34.319,0.006220,-0.014292,-0.002494,-0.000004,-0.000001,-0.000005
2025-12-16 18:00:34.320,0.006100,-0.014189,-0.002388,-0.000003,-0.000001,-0.000005
2025-12-16 18:00:34.322,0.006037,-0.014135,-0.002328,-0.000004,-0.000001,-0.000005
2025-12-16 18:00:34.323,0.005973,-0.014080,-0.002270,-0.000003,-0.000001,-0.000005
2025-12-16 18:00:34.324,0.005913,-0.014029,-0.002211,-0.000003,-0.000001,-0.000005
2025-12-16 18:00:34.325,0.005865,-0.013988,-0.002160,-0.000003,-0.000001,-0.000005
2025-12-16 18:00:34.326,0.005803,-0.013934,-0.002111,-0.000003,-0.000001,-0.000005
2025-12-16 18:00:34.327,0.005745,-0.013883,-0.002069,-0.000003,-0.000001,-0.000005
2025-12-16 18:00:34.328,0.005679,-0.013828,-0.002025,-0.000003,-0.000001,-0.000005
2025-12-16 18:00:34.329,0.005619,-0.013780,-0.001986,-0.000003,-0.000001,-0.000005
2025-12-16 18:00:34.330,0.005547,-0.013724,-0.001944,-0.000003,-0.000001,-0.000005
2025-12-16 18:00:34.331,0.005481,-0.013673,-0.001907,-0.000003,-0.000001,-0.000005
2025-12-16 18:00:34.332,0.005345,-0.013562,-0.001814,-0.000003,-0.000001,-0.000005
2025-12-16 18:00:34.334,0.005277,-0.013509,-0.001767,-0.000003,-0.000001,-0.000005
2025-12-16 18:00:34.335,0.005221,-0.013466,-0.001727,-0.000003,-0.000001,-0.000005
2025-12-16 18:00:34.336,0.005161,-0.013414,-0.001699,-0.000003,-0.000001,-0.000005
2025-12-16 18:00:34.337,0.005110,-0.013368,-0.001678,-0.000003,-0.000001,-0.000005
2025-12-16 18:00:34.338,0.005045,-0.013317,-0.001656,-0.000003,-0.000001,-0.000005
2025-12-16 18:00:34.339,0.004976,-0.013263,-0.001637,-0.000003,-0.000001,-0.000005
2025-12-16 18:00:34.340,0.004906,-0.013211,-0.001615,-0.000003,-0.000001,-0.000005
2025-12-16 18:00:34.341,0.004837,-0.013164,-0.001600,-0.000003,-0.000001,-0.000005
2025-12-16 18:00:34.342,0.004769,-0.013117,-0.001589,-0.000003,-0.000001,-0.000004
2025-12-16 18:00:34.343,0.004703,-0.013072,-0.001581,-0.000003,-0.000001,-0.000004
2025-12-16 18:00:34.344,0.004577,-0.012982,-0.001578,-0.000003,-0.000001,-0.000004
2025-12-16 18:00:34.346,0.004514,-0.012941,-0.001577,-0.000003,-0.000001,-0.000004
2025-12-16 18:00:34.347,0.004454,-0.012898,-0.001579,-0.000003,-0.000001,-0.000004
2025-12-16 18:00:34.348,0.004395,-0.012857,-0.001581,-0.000003,-0.000001,-0.000004
2025-12-16 18:00:34.349,0.004337,-0.012818,-0.001586,-0.000003,-0.000001,-0.000004
2025-12-16 18:00:34.350,0.004277,-0.012781,-0.001590,-0.000003,-0.000001,-0.000004
2025-12-16 18:00:34.351,0.004218,-0.012746,-0.001597,-0.000003,-0.000001,-0.000004
2025-12-16 18:00:34.352,0.004158,-0.012712,-0.001603,-0.000003,-0.000001,-0.000004
2025-12-16 18:00:34.353,0.004097,-0.012675,-0.001619,-0.000003,-0.000001,-0.000004
2025-12-16 18:00:34.354,0.004034,-0.012633,-0.001642,-0.000003,-0.000001,-0.000004
2025-12-16 18:00:34.355,0.003973,-0.012596,-0.001655,-0.000003,-0.000001,-0.000004
2025-12-16 18:00:34.356,0.003910,-0.012557,-0.001675,-0.000003,-0.000001,-0.000004
2025-12-16 18:00:34.357,0.003853,-0.012519,-0.001688,-0.000003,-0.000001,-0.000004
2025-12-16 18:00:34.358,0.003791,-0.012478,-0.001701,-0.000003,-0.000001,-0.000004
2025-12-16 18:00:34.359,0.003732,-0.012438,-0.001712,-0.000003,-0.000001,-0.000004
2025-12-16 18:00:34.361,0.003613,-0.012357,-0.001737,-0.000003,-0.000001,-0.000004
2025-12-16 18:00:34.362,0.003546,-0.012314,-0.001755,-0.000003,-0.000001,-0.000004
2025-12-16 18:00:34.363,0.003484,-0.012275,-0.001772,-0.000003,-0.000001,-0.000004
2025-12-16 18:00:34.364,0.003412,-0.012221,-0.001789,-0.000002,-0.000001,-0.000004
2025-12-16 18:00:34.365,0.003348,-0.012170,-0.001804,-0.000002,-0.000001,-0.000004
2025-12-16 18:00:34.366,0.003272,-0.012110,-0.001820,-0.000002,-0.000001,-0.000004
2025-12-16 18:00:34.367,0.003203,-0.012056,-0.001834,-0.000002,-0.000001,-0.000004
2025-12-16 18:00:34.368,0.003117,-0.011989,-0.001856,-0.000002,-0.000001,-0.000004
2025-12-16 18:00:34.369,0.003038,-0.011929,-0.001877,-0.000002,-0.000001,-0.000004
2025-12-16 18:00:34.370,0.002952,-0.011853,-0.001899,-0.000002,-0.000001,-0.000004
2025-12-16 18:00:34.371,0.002861,-0.011765,-0.001920,-0.000002,-0.000001,-0.000004
2025-12-16 18:00:34.372,0.002672,-0.011580,-0.001962,-0.000002,-0.000000,-0.000003
2025-12-16 18:00:34.374,0.002584,-0.011488,-0.001977,-0.000002,-0.000001,-0.000003
2025-12-16 18:00:34.375,0.002511,-0.011411,-0.001989,-0.000002,-0.000000,-0.000003
2025-12-16 18:00:34.376,0.002427,-0.011319,-0.002002,-0.000002,-0.000000,-0.000003
2025-12-16 18:00:34.377,0.002352,-0.011236,-0.002014,-0.000002,-0.000000,-0.000003
2025-12-16 18:00:34.378,0.002273,-0.011135,-0.002033,-0.000002,-0.000000,-0.000003
2025-12-16 18:00:34.380,0.002126,-0.010926,-0.002071,-0.000002,-0.000000,-0.000003
2025-12-16 18:00:34.381,0.002049,-0.010803,-0.002083,-0.000002,-0.000000,-0.000003
2025-12-16 18:00:34.382,0.001983,-0.010695,-0.002090,-0.000002,-0.000000,-0.000003
2025-12-16 18:00:34.383,0.001918,-0.010576,-0.002094,-0.000002,-0.000000,-0.000003
2025-12-16 18:00:34.384,0.001855,-0.010448,-0.002098,-0.000002,-0.000000,-0.000003
2025-12-16 18:00:34.385,0.001797,-0.010311,-0.002107,-0.000001,-0.000000,-0.000003
2025-12-16 18:00:34.386,0.001747,-0.010174,-0.002112,-0.000001,-0.000000,-0.000003
2025-12-16 18:00:34.387,0.001705,-0.010037,-0.002118,-0.000001,-0.000000,-0.000003
2025-12-16 18:00:34.388,0.001667,-0.009899,-0.002121,-0.000001,-0.000000,-0.000003
2025-12-16 18:00:34.389,0.001593,-0.009620,-0.002113,-0.000001,-0.000000,-0.000003
2025-12-16 18:00:34.390,0.001560,-0.009481,-0.002105,-0.000001,-0.000000,-0.000003
2025-12-16 18:00:34.392,0.001528,-0.009336,-0.002096,-0.000001,-0.000000,-0.000003
2025-12-16 18:00:34.393,0.001497,-0.009190,-0.002087,-0.000001,-0.000000,-0.000003
2025-12-16 18:00:34.394,0.001468,-0.009041,-0.002078,-0.000001,-0.000000,-0.000002
2025-12-16 18:00:34.395,0.001434,-0.008886,-0.002069,-0.000001,-0.000000,-0.000002
2025-12-16 18:00:34.396,0.001404,-0.008728,-0.002057,-0.000001,-0.000000,-0.000002
2025-12-16 18:00:34.397,0.001371,-0.008567,-0.002038,-0.000001,-0.000000,-0.000002
2025-12-16 18:00:34.398,0.001337,-0.008404,-0.002024,-0.000001,-0.000000,-0.000002
2025-12-16 18:00:34.399,0.001303,-0.008238,-0.002009,-0.000001,-0.000000,-0.000002
2025-12-16 18:00:34.400,0.001232,-0.007896,-0.001985,-0.000001,-0.000000,-0.000002
2025-12-16 18:00:34.401,0.001194,-0.007717,-0.001978,-0.000001,-0.000000,-0.000002
2025-12-16 18:00:34.403,0.001155,-0.007535,-0.001975,-0.000001,-0.000000,-0.000002
2025-12-16 18:00:34.404,0.001118,-0.007353,-0.001973,-0.000001,-0.000000,-0.000002
2025-12-16 18:00:34.405,0.001083,-0.007173,-0.001966,-0.000001,-0.000000,-0.000002
2025-12-16 18:00:34.406,0.001053,-0.007022,-0.001958,-0.000001,-0.000000,-0.000002
2025-12-16 18:00:34.407,0.001016,-0.006849,-0.001950,-0.000001,-0.000000,-0.000002
2025-12-16 18:00:34.408,0.000977,-0.006667,-0.001938,-0.000001,-0.000000,-0.000002
2025-12-16 18:00:34.409,0.000943,-0.006480,-0.001935,-0.000001,0.000000,-0.000002
2025-12-16 18:00:34.410,0.000910,-0.006290,-0.001936,-0.000001,0.000000,-0.000002
2025-12-16 18:00:34.411,0.000882,-0.006128,-0.001940,-0.000001,0.000000,-0.000002
2025-12-16 18:00:34.412,0.000830,-0.005766,-0.001959,-0.000001,0.000000,-0.000002
2025-12-16 18:00:34.413,0.000803,-0.005583,-0.001968,-0.000001,0.000000,-0.000001
2025-12-16 18:00:34.415,0.000780,-0.005402,-0.001981,-0.000001,0.000000,-0.000001
2025-12-16 18:00:34.416,0.000755,-0.005215,-0.001997,-0.000001,0.000000,-0.000001
2025-12-16 18:00:34.417,0.000731,-0.005038,-0.002019,-0.000001,0.000000,-0.000001
2025-12-16 18:00:34.418,0.000706,-0.004865,-0.002039,-0.000001,0.000000,-0.000001
2025-12-16 18:00:34.419,0.000684,-0.004695,-0.002062,-0.000001,0.000000,-0.000001
2025-12-16 18:00:34.421,0.000652,-0.004384,-0.002107,-0.000001,0.000000,-0.000001
2025-12-16 18:00:34.422,0.000642,-0.004240,-0.002130,-0.000001,0.000000,-0.000001
2025-12-16 18:00:34.423,0.000636,-0.004103,-0.002153,-0.000001,0.000000,-0.000001
2025-12-16 18:00:34.424,0.000627,-0.003968,-0.002170,-0.000001,0.000000,-0.000001
2025-12-16 18:00:34.425,0.000612,-0.003837,-0.002188,-0.000001,0.000000,-0.000001
2025-12-16 18:00:34.426,0.000597,-0.003706,-0.002208,-0.000001,0.000000,-0.000001
2025-12-16 18:00:34.427,0.000581,-0.003574,-0.002235,-0.000001,0.000000,-0.000001
2025-12-16 18:00:34.428,0.000562,-0.003439,-0.002269,-0.000001,0.000000,-0.000001
2025-12-16 18:00:34.429,0.000546,-0.003324,-0.002301,-0.000001,0.000000,-0.000001
2025-12-16 18:00:34.430,0.000527,-0.003200,-0.002330,-0.000001,0.000000,-0.000001
2025-12-16 18:00:34.433,0.000469,-0.002852,-0.002397,-0.000001,0.000000,-0.000001
2025-12-16 18:00:34.434,0.000449,-0.002740,-0.002415,-0.000001,0.000000,-0.000001
2025-12-16 18:00:34.435,0.000430,-0.002633,-0.002425,-0.000001,0.000000,-0.000001
2025-12-16 18:00:34.436,0.000413,-0.002535,-0.002427,-0.000001,0.000000,-0.000001
2025-12-16 18:00:34.437,0.000400,-0.002439,-0.002430,-0.000001,0.000000,-0.000001
2025-12-16 18:00:34.438,0.000389,-0.002345,-0.002432,-0.000001,0.000000,-0.000001
2025-12-16 18:00:34.439,0.000376,-0.002245,-0.002437,-0.000001,0.000000,-0.000000
2025-12-16 18:00:34.440,0.000362,-0.002144,-0.002442,-0.000001,0.000000,-0.000000
2025-12-16 18:00:34.441,0.000350,-0.002060,-0.002446,-0.000001,0.000000,-0.000000
2025-12-16 18:00:34.442,0.000326,-0.001963,-0.002448,-0.000001,0.000000,-0.000000
2025-12-16 18:00:34.445,0.000251,-0.001662,-0.002441,-0.000001,0.000001,-0.000000
2025-12-16 18:00:34.446,0.000235,-0.001573,-0.002434,-0.000001,0.000001,-0.000000
2025-12-16 18:00:34.447,0.000225,-0.001490,-0.002429,-0.000001,0.000001,-0.000000
2025-12-16 18:00:34.448,0.000220,-0.001421,-0.002424,-0.000001,0.000001,-0.000000
2025-12-16 18:00:34.449,0.000218,-0.001355,-0.002417,-0.000001,0.000001,-0.000000
2025-12-16 18:00:34.450,0.000217,-0.001292,-0.002402,-0.000001,0.000001,-0.000000
2025-12-16 18:00:34.451,0.000218,-0.001227,-0.002383,-0.000001,0.000001,-0.000000
2025-12-16 18:00:34.452,0.000219,-0.001163,-0.002362,-0.000001,0.000001,-0.000000
2025-12-16 18:00:34.453,0.000216,-0.001049,-0.002322,-0.000001,0.000001,-0.000000
2025-12-16 18:00:34.455,0.000214,-0.000984,-0.002296,-0.000001,0.000001,-0.000000
2025-12-16 18:00:34.456,0.000213,-0.000926,-0.002274,-0.000001,0.000001,-0.000000
2025-12-16 18:00:34.457,0.000215,-0.000868,-0.002251,-0.000001,0.000001,-0.000000
2025-12-16 18:00:34.458,0.000216,-0.000814,-0.002229,-0.000001,0.000001,-0.000000
2025-12-16 18:00:34.459,0.000222,-0.000770,-0.002206,-0.000001,0.000001,-0.000000
2025-12-16 18:00:34.460,0.000228,-0.000737,-0.002186,-0.000001,0.000001,-0.000000
2025-12-16 18:00:34.461,0.000233,-0.000708,-0.002156,-0.000001,0.000001,-0.000000
2025-12-16 18:00:34.462,0.000237,-0.000686,-0.002127,-0.000001,0.000001,-0.000000
2025-12-16 18:00:34.464,0.000243,-0.000634,-0.002052,-0.000001,0.000001,-0.000000
2025-12-16 18:00:34.465,0.000240,-0.000607,-0.002016,-0.000001,0.000001,-0.000000
2025-12-16 18:00:34.466,0.000231,-0.000575,-0.001976,-0.000001,0.000001,-0.000000
2025-12-16 18:00:34.467,0.000217,-0.000546,-0.001934,-0.000001,0.000001,0.000000
2025-12-16 18:00:34.468,0.000203,-0.000522,-0.001898,-0.000001,0.000001,0.000000
2025-12-16 18:00:34.469,0.000176,-0.000495,-0.001858,-0.000001,0.000001,0.000000
2025-12-16 18:00:34.471,0.000114,-0.000442,-0.001782,-0.000001,0.000001,0.000000
2025-12-16 18:00:34.472,0.000076,-0.000418,-0.001741,-0.000001,0.000001,0.000000
2025-12-16 18:00:34.473,0.000041,-0.000398,-0.001704,-0.000001,0.000001,0.000000
2025-12-16 18:00:34.474,-0.000038,-0.000366,-0.001614,-0.000001,0.000001,0.000000
2025-12-16 18:00:34.476,-0.000076,-0.000352,-0.001573,-0.000000,0.000001,0.000000
2025-12-16 18:00:34.477,-0.000120,-0.000333,-0.001530,-0.000000,0.000001,0.000000
2025-12-16 18:00:34.478,-0.000160,-0.000313,-0.001491,-0.000000,0.000001,0.000000
2025-12-16 18:00:34.480,-0.000250,-0.000266,-0.001399,-0.000000,0.000001,0.000000
2025-12-16 18:00:34.482,-0.000390,-0.000206,-0.001229,-0.000000,0.000001,0.000000
2025-12-16 18:00:34.484,-0.000426,-0.000195,-0.001176,-0.000000,0.000001,0.000000
2025-12-16 18:00:34.485,-0.000457,-0.000186,-0.001125,-0.000000,0.000001,0.000000
2025-12-16 18:00:34.486,-0.000483,-0.000180,-0.001077,-0.000000,0.000001,0.000000
2025-12-16 18:00:34.487,-0.000502,-0.000176,-0.001038,-0.000000,0.000001,0.000000
2025-12-16 18:00:34.489,-0.000535,-0.000172,-0.000934,-0.000000,0.000001,0.000000
2025-12-16 18:00:34.490,-0.000551,-0.000171,-0.000880,-0.000000,0.000001,0.000000
2025-12-16 18:00:34.492,-0.000576,-0.000164,-0.000775,-0.000000,0.000000,0.000000
2025-12-16 18:00:34.493,-0.000584,-0.000160,-0.000729,-0.000000,0.000000,0.000000
2025-12-16 18:00:34.494,-0.000594,-0.000160,-0.000684,-0.000000,0.000000,0.000000
2025-12-16 18:00:34.497,-0.000612,-0.000184,-0.000530,-0.000000,0.000000,0.000000
2025-12-16 18:00:34.499,-0.000616,-0.000204,-0.000433,-0.000000,0.000000,0.000000
2025-12-16 18:00:34.500,-0.000612,-0.000211,-0.000387,-0.000000,0.000000,0.000000
2025-12-16 18:00:34.503,-0.000598,-0.000224,-0.000286,-0.000000,0.000000,0.000000
2025-12-16 18:00:34.504,-0.000595,-0.000226,-0.000254,-0.000000,0.000000,0.000000
2025-12-16 18:00:34.505,-0.000593,-0.000227,-0.000225,-0.000000,0.000000,0.000000
2025-12-16 18:00:34.506,-0.000591,-0.000229,-0.000191,-0.000000,0.000000,0.000000
2025-12-16 18:00:34.507,-0.000590,-0.000230,-0.000160,-0.000000,0.000000,0.000000
2025-12-16 18:00:34.508,-0.000583,-0.000235,-0.000124,-0.000000,0.000000,0.000000
2025-12-16 18:00:34.511,-0.000542,-0.000247,-0.000019,-0.000000,0.000000,0.000000
2025-12-16 18:00:34.512,-0.000522,-0.000252,0.000008,-0.000000,0.000000,0.000000
2025-12-16 18:00:34.517,-0.000396,-0.000229,0.000052,-0.000000,0.000000,0.000000
2025-12-16 18:00:34.518,-0.000373,-0.000218,0.000054,-0.000000,0.000000,0.000000
2025-12-16 18:00:34.519,-0.000345,-0.000214,0.000059,-0.000000,0.000000,0.000000
2025-12-16 18:00:34.521,-0.000290,-0.000209,0.000065,-0.000000,0.000000,0.000000
2025-12-16 18:00:34.524,-0.000198,-0.000185,0.000048,-0.000000,0.000000,0.000000
2025-12-16 18:00:34.525,-0.000169,-0.000173,0.000035,-0.000000,0.000000,0.000000
2025-12-16 18:00:34.526,-0.000132,-0.000163,0.000018,-0.000000,0.000000,0.000000
2025-12-16 18:00:34.531,-0.000011,-0.000044,-0.000144,-0.000000,0.000000,0.000000
2025-12-16 18:00:34.532,-0.000002,-0.000017,-0.000179,-0.000000,0.000000,0.000000
2025-12-16 18:00:34.535,0.000014,0.000071,-0.000278,-0.000000,0.000000,0.000000
2025-12-16 18:00:34.536,0.000017,0.000101,-0.000317,-0.000000,0.000000,0.000000
2025-12-16 18:00:34.539,0.000012,0.000202,-0.000450,-0.000000,0.000000,0.000000
2025-12-16 18:00:34.540,0.000003,0.000236,-0.000487,-0.000000,0.000000,0.000000
2025-12-16 18:00:34.541,-0.000006,0.000266,-0.000515,-0.000000,0.000000,0.000000
2025-12-16 18:00:34.544,-0.000053,0.000386,-0.000635,-0.000000,0.000000,0.000000
2025-12-16 18:00:34.545,-0.000066,0.000425,-0.000676,-0.000000,0.000000,0.000000
2025-12-16 18:00:34.546,-0.000082,0.000463,-0.000714,-0.000000,0.000000,0.000000
2025-12-16 18:00:34.549,-0.000120,0.000554,-0.000802,-0.000000,0.000000,0.000000
2025-12-16 18:00:34.550,-0.000123,0.000576,-0.000827,-0.000000,0.000000,0.000000
2025-12-16 18:00:34.551,-0.000125,0.000597,-0.000860,-0.000000,0.000000,0.000000
2025-12-16 18:00:34.552,-0.000122,0.000637,-0.000922,-0.000000,0.000000,0.000000
2025-12-16 18:00:34.558,-0.000055,0.000682,-0.001010,-0.000000,0.000000,0.000000
2025-12-16 18:00:34.560,0.000001,0.000682,-0.001026,-0.000000,0.000000,0.000000
2025-12-16 18:00:34.561,0.000038,0.000677,-0.001038,-0.000000,0.000000,0.000000
2025-12-16 18:00:34.563,0.000115,0.000647,-0.001043,-0.000000,0.000000,0.000000
2025-12-16 18:00:34.565,0.000183,0.000609,-0.001041,-0.000000,0.000000,0.000000
2025-12-16 18:00:34.566,0.000221,0.000590,-0.001044,-0.000000,0.000000,0.000000
2025-12-16 18:00:34.567,0.000256,0.000574,-0.001046,-0.000000,0.000000,0.000000
2025-12-16 18:00:34.568,0.000295,0.000553,-0.001043,-0.000000,0.000000,0.000000
2025-12-16 18:00:34.573,0.000474,0.000428,-0.001003,-0.000000,0.000000,0.000000
2025-12-16 18:00:34.575,0.000534,0.000377,-0.000988,-0.000000,0.000000,-0.000000
2025-12-16 18:00:34.576,0.000560,0.000351,-0.000981,-0.000000,0.000000,-0.000000
2025-12-16 18:00:34.578,0.000598,0.000302,-0.000968,-0.000000,0.000000,-0.000000
2025-12-16 18:00:34.581,0.000621,0.000227,-0.000938,-0.000000,0.000000,-0.000000
2025-12-16 18:00:34.582,0.000624,0.000202,-0.000932,-0.000000,0.000000,-0.000000
2025-12-16 18:00:34.583,0.000625,0.000182,-0.000930,-0.000000,0.000000,-0.000000
2025-12-16 18:00:34.585,0.000631,0.000135,-0.000920,-0.000000,0.000000,-0.000000
2025-12-16 18:00:34.586,0.000629,0.000113,-0.000913,-0.000000,0.000000,-0.000000
2025-12-16 18:00:34.589,0.000643,0.000030,-0.000897,-0.000000,0.000000,-0.000000
2025-12-16 18:00:34.590,0.000645,0.000001,-0.000891,-0.000000,0.000000,-0.000000
2025-12-16 18:00:34.591,0.000646,-0.000029,-0.000888,-0.000000,0.000000,-0.000000
2025-12-16 18:00:34.593,0.000647,-0.000079,-0.000890,-0.000000,0.000000,-0.000000
2025-12-16 18:00:34.594,0.000648,-0.000099,-0.000894,-0.000000,0.000000,-0.000000
2025-12-16 18:00:34.595,0.000646,-0.000124,-0.000893,-0.000000,0.000000,-0.000000
2025-12-16 18:00:34.596,0.000643,-0.000145,-0.000896,-0.000000,0.000000,-0.000000
2025-12-16 18:00:34.597,0.000641,-0.000167,-0.000898,-0.000000,0.000000,-0.000000
2025-12-16 18:00:34.599,0.000642,-0.000214,-0.000912,-0.000000,0.000000,-0.000000
2025-12-16 18:00:34.600,0.000647,-0.000235,-0.000923,-0.000000,0.000000,-0.000000
2025-12-16 18:00:34.603,0.000666,-0.000282,-0.000967,-0.000000,0.000000,-0.000000
2025-12-16 18:00:34.605,0.000672,-0.000296,-0.001000,-0.000000,0.000000,-0.000000
2025-12-16 18:00:34.606,0.000675,-0.000302,-0.001015,-0.000000,0.000000,-0.000000
2025-12-16 18:00:34.607,0.000671,-0.000303,-0.001032,-0.000000,0.000000,-0.000000
2025-12-16 18:00:34.608,0.000666,-0.000301,-0.001048,-0.000000,0.000000,-0.000000
2025-12-16 18:00:34.611,0.000665,-0.000276,-0.001116,-0.000000,0.000000,-0.000000
2025-12-16 18:00:34.612,0.000669,-0.000265,-0.001137,-0.000000,0.000000,-0.000000
2025-12-16 18:00:34.613,0.000675,-0.000257,-0.001151,-0.000000,0.000000,-0.000000
2025-12-16 18:00:34.617,0.000708,-0.000193,-0.001198,-0.000000,0.000000,-0.000000
2025-12-16 18:00:34.618,0.000718,-0.000166,-0.001214,-0.000000,0.000000,-0.000000
2025-12-16 18:00:34.620,0.000730,-0.000110,-0.001244,-0.000000,0.000000,-0.000000
2025-12-16 18:00:34.621,0.000749,-0.000066,-0.001272,-0.000000,0.000000,-0.000000
2025-12-16 18:00:34.623,0.000765,-0.000045,-0.001288,-0.000000,0.000000,-0.000000
2025-12-16 18:00:34.624,0.000788,-0.000028,-0.001298,-0.000000,0.000000,-0.000000
2025-12-16 18:00:34.625,0.000814,-0.000011,-0.001303,-0.000000,0.000000,-0.000000
2025-12-16 18:00:34.627,0.000873,0.000023,-0.001329,-0.000000,0.000000,-0.000000
2025-12-16 18:00:34.628,0.000908,0.000035,-0.001339,-0.000000,0.000000,-0.000000
2025-12-16 18:00:34.629,0.000942,0.000044,-0.001347,-0.000000,0.000000,-0.000000
2025-12-16 18:00:34.631,0.001016,0.000064,-0.001364,-0.000000,0.000000,-0.000000
2025-12-16 18:00:34.632,0.001051,0.000071,-0.001376,-0.000000,0.000000,-0.000000
2025-12-16 18:00:34.633,0.001096,0.000081,-0.001395,-0.000000,0.000000,-0.000000
2025-12-16 18:00:34.634,0.001137,0.000089,-0.001413,-0.000000,0.000000,-0.000000
2025-12-16 18:00:34.635,0.001188,0.000096,-0.001434,-0.000000,0.000000,-0.000000
2025-12-16 18:00:34.636,0.001292,0.000104,-0.001474,-0.000000,0.000000,-0.000000
2025-12-16 18:00:34.638,0.001342,0.000105,-0.001493,-0.000000,0.000000,-0.000000
2025-12-16 18:00:34.638,0.001401,0.000106,-0.001509,-0.000000,-0.000000,-0.000000
2025-12-16 18:00:34.639,0.001453,0.000106,-0.001521,-0.000000,-0.000000,-0.000000
2025-12-16 18:00:34.642,0.001565,0.000104,-0.001556,-0.000000,-0.000000,-0.000000
2025-12-16 18:00:34.643,0.001668,0.000116,-0.001590,-0.000000,-0.000000,-0.000000
2025-12-16 18:00:34.646,0.001755,0.000137,-0.001620,-0.000000,-0.000000,-0.000000
2025-12-16 18:00:34.647,0.001794,0.000148,-0.001631,-0.000000,-0.000000,-0.000000
2025-12-16 18:00:34.648,0.001832,0.000165,-0.001645,-0.000000,-0.000000,-0.000000
2025-12-16 18:00:34.649,0.001906,0.000206,-0.001681,-0.000000,-0.000000,-0.000000
2025-12-16 18:00:34.651,0.001936,0.000234,-0.001696,-0.000000,-0.000000,-0.000000
2025-12-16 18:00:34.652,0.001958,0.000262,-0.001708,-0.000000,-0.000000,-0.000000
2025-12-16 18:00:34.653,0.001974,0.000289,-0.001714,-0.000000,-0.000000,-0.000000
2025-12-16 18:00:34.654,0.001984,0.000321,-0.001719,-0.000000,-0.000000,-0.000000
2025-12-16 18:00:34.655,0.001990,0.000349,-0.001724,-0.000000,-0.000000,-0.000000
2025-12-16 18:00:34.656,0.001986,0.000385,-0.001732,-0.000000,-0.000000,-0.000000
2025-12-16 18:00:34.658,0.001958,0.000479,-0.001744,-0.000000,-0.000000,-0.000000
2025-12-16 18:00:34.659,0.001944,0.000520,-0.001749,-0.000000,-0.000000,-0.000000
2025-12-16 18:00:34.660,0.001922,0.000565,-0.001750,-0.000000,-0.000000,-0.000000
2025-12-16 18:00:34.662,0.001863,0.000655,-0.001750,-0.000000,-0.000000,-0.000000
2025-12-16 18:00:34.663,0.001840,0.000699,-0.001754,-0.000000,-0.000000,-0.000000
2025-12-16 18:00:34.664,0.001812,0.000740,-0.001758,-0.000000,-0.000000,-0.000000
2025-12-16 18:00:34.665,0.001782,0.000782,-0.001764,-0.000000,-0.000000,-0.000000
2025-12-16 18:00:34.667,0.001729,0.000851,-0.001773,-0.000000,0.000000,-0.000000
2025-12-16 18:00:34.668,0.001707,0.000878,-0.001776,-0.000000,0.000000,-0.000000
2025-12-16 18:00:34.669,0.001679,0.000907,-0.001779,-0.000000,0.000000,-0.000000
2025-12-16 18:00:34.670,0.001647,0.000942,-0.001783,-0.000000,0.000000,-0.000000
2025-12-16 18:00:34.671,0.001615,0.000973,-0.001786,-0.000000,0.000000,-0.000000
2025-12-16 18:00:34.672,0.001559,0.001026,-0.001791,-0.000000,0.000000,-0.000000
2025-12-16 18:00:34.674,0.001540,0.001055,-0.001792,-0.000000,0.000000,-0.000000
2025-12-16 18:00:34.675,0.001526,0.001080,-0.001792,-0.000000,0.000000,-0.000000
2025-12-16 18:00:34.676,0.001516,0.001099,-0.001791,-0.000000,0.000000,-0.000000
2025-12-16 18:00:34.677,0.001505,0.001114,-0.001789,-0.000000,0.000000,-0.000000
2025-12-16 18:00:34.678,0.001500,0.001124,-0.001783,-0.000000,0.000000,-0.000000
2025-12-16 18:00:34.679,0.001498,0.001132,-0.001776,-0.000000,0.000000,-0.000000
2025-12-16 18:00:34.680,0.001505,0.001149,-0.001760,-0.000000,0.000000,-0.000000
2025-12-16 18:00:34.682,0.001512,0.001164,-0.001754,-0.000000,0.000000,-0.000000
2025-12-16 18:00:34.683,0.001519,0.001180,-0.001749,-0.000000,0.000000,-0.000000
2025-12-16 18:00:34.684,0.001528,0.001197,-0.001742,-0.000000,0.000000,-0.000000
2025-12-16 18:00:34.685,0.001537,0.001213,-0.001737,-0.000000,0.000000,-0.000000
2025-12-16 18:00:34.686,0.001547,0.001234,-0.001732,-0.000000,0.000000,-0.000000
2025-12-16 18:00:34.687,0.001556,0.001253,-0.001723,-0.000000,0.000000,-0.000000
2025-12-16 18:00:34.688,0.001567,0.001273,-0.001711,-0.000000,0.000000,-0.000000
2025-12-16 18:00:34.689,0.001582,0.001291,-0.001701,-0.000000,0.000000,-0.000000
2025-12-16 18:00:34.690,0.001599,0.001308,-0.001686,-0.000000,0.000000,-0.000000
2025-12-16 18:00:34.692,0.001629,0.001349,-0.001649,-0.000000,0.000000,-0.000000
2025-12-16 18:00:34.693,0.001641,0.001372,-0.001629,-0.000000,0.000000,-0.000000
2025-12-16 18:00:34.694,0.001650,0.001396,-0.001613,-0.000000,0.000000,-0.000000
2025-12-16 18:00:34.695,0.001655,0.001421,-0.001598,-0.000000,0.000000,-0.000000
2025-12-16 18:00:34.696,0.001661,0.001452,-0.001585,-0.000000,0.000000,-0.000000
2025-12-16 18:00:34.697,0.001666,0.001479,-0.001574,-0.000000,0.000000,-0.000000
2025-12-16 18:00:34.698,0.001668,0.001510,-0.001570,-0.000000,0.000000,-0.000000
2025-12-16 18:00:34.699,0.001673,0.001542,-0.001566,-0.000000,0.000000,-0.000000
2025-12-16 18:00:34.700,0.001676,0.001604,-0.001565,-0.000000,0.000000,-0.000000
2025-12-16 18:00:34.702,0.001672,0.001630,-0.001566,-0.000000,0.000000,-0.000000
2025-12-16 18:00:34.703,0.001666,0.001659,-0.001571,-0.000000,0.000000,-0.000000
2025-12-16 18:00:34.704,0.001661,0.001684,-0.001576,-0.000000,0.000000,-0.000000
2025-12-16 18:00:34.705,0.001651,0.001709,-0.001586,-0.000000,0.000000,-0.000000
2025-12-16 18:00:34.706,0.001641,0.001730,-0.001596,-0.000000,0.000000,-0.000000
2025-12-16 18:00:34.707,0.001631,0.001755,-0.001609,-0.000000,0.000000,-0.000000
2025-12-16 18:00:34.709,0.001593,0.001816,-0.001643,-0.000000,0.000000,-0.000000
2025-12-16 18:00:34.710,0.001567,0.001844,-0.001661,-0.000000,0.000000,0.000000
2025-12-16 18:00:34.711,0.001543,0.001868,-0.001676,-0.000000,0.000000,0.000000
2025-12-16 18:00:34.712,0.001516,0.001895,-0.001696,-0.000000,0.000000,0.000000
2025-12-16 18:00:34.713,0.001493,0.001919,-0.001715,-0.000000,0.000000,0.000000
2025-12-16 18:00:34.714,0.001423,0.001983,-0.001771,-0.000000,0.000000,0.000000
2025-12-16 18:00:34.716,0.001389,0.002015,-0.001799,-0.000000,0.000000,0.000000
2025-12-16 18:00:34.718,0.001299,0.002089,-0.001856,-0.000000,0.000000,0.000000
2025-12-16 18:00:34.719,0.001245,0.002129,-0.001886,-0.000000,0.000000,0.000000
2025-12-16 18:00:34.721,0.001142,0.002218,-0.001937,-0.000000,0.000000,0.000000
2025-12-16 18:00:34.722,0.001100,0.002258,-0.001956,-0.000000,0.000001,0.000000
2025-12-16 18:00:34.723,0.001057,0.002304,-0.001978,-0.000000,0.000001,0.000000
2025-12-16 18:00:34.725,0.000954,0.002414,-0.002019,-0.000000,0.000001,0.000000
2025-12-16 18:00:34.727,0.000853,0.002527,-0.002033,-0.000000,0.000001,0.000000
2025-12-16 18:00:34.731,0.000683,0.002741,-0.002021,-0.000000,0.000001,0.000001
2025-12-16 18:00:34.732,0.000639,0.002812,-0.002024,-0.000000,0.000001,0.000001
2025-12-16 18:00:34.735,0.000541,0.003009,-0.002022,-0.000000,0.000001,0.000001
2025-12-16 18:00:34.736,0.000523,0.003073,-0.002018,-0.000000,0.000001,0.000001
2025-12-16 18:00:34.739,0.000498,0.003252,-0.001982,-0.000000,0.000001,0.000001
2025-12-16 18:00:34.740,0.000498,0.003306,-0.001974,-0.000000,0.000001,0.000001
2025-12-16 18:00:34.741,0.000498,0.003360,-0.001967,-0.000000,0.000001,0.000001
2025-12-16 18:00:34.742,0.000501,0.003415,-0.001960,-0.000000,0.000001,0.000001
2025-12-16 18:00:34.745,0.000535,0.003552,-0.001957,-0.000000,0.000001,0.000001
2025-12-16 18:00:34.749,0.000634,0.003735,-0.001990,-0.000000,0.000001,0.000001
2025-12-16 18:00:34.753,0.000759,0.003873,-0.002059,-0.000000,0.000001,0.000001
2025-12-16 18:00:34.755,0.000820,0.003927,-0.002109,-0.000000,0.000001,0.000001
2025-12-16 18:00:34.757,0.000866,0.003982,-0.002162,-0.000000,0.000001,0.000001
2025-12-16 18:00:34.758,0.000885,0.004011,-0.002198,-0.000000,0.000001,0.000001
2025-12-16 18:00:34.759,0.000903,0.004040,-0.002235,-0.000000,0.000001,0.000001
2025-12-16 18:00:34.760,0.000919,0.004065,-0.002267,-0.000000,0.000001,0.000001
2025-12-16 18:00:34.762,0.000955,0.004123,-0.002345,-0.000000,0.000001,0.000001
2025-12-16 18:00:34.763,0.000968,0.004153,-0.002382,-0.000000,0.000001,0.000001
2025-12-16 18:00:34.765,0.000976,0.004212,-0.002458,-0.000000,0.000001,0.000001
2025-12-16 18:00:34.767,0.000967,0.004275,-0.002533,-0.000000,0.000001,0.000001
2025-12-16 18:00:34.769,0.000943,0.004349,-0.002618,-0.000000,0.000001,0.000001
2025-12-16 18:00:34.771,0.000913,0.004432,-0.002710,-0.000000,0.000001,0.000001
2025-12-16 18:00:34.772,0.000898,0.004467,-0.002745,-0.000000,0.000001,0.000001
2025-12-16 18:00:34.773,0.000884,0.004504,-0.002792,-0.000000,0.000001,0.000001
2025-12-16 18:00:34.774,0.000863,0.004540,-0.002841,-0.000000,0.000001,0.000001
2025-12-16 18:00:34.775,0.000823,0.004600,-0.002923,-0.000000,0.000001,0.000001
2025-12-16 18:00:34.777,0.000798,0.004627,-0.002973,-0.000000,0.000002,0.000001
2025-12-16 18:00:34.779,0.000757,0.004672,-0.003064,-0.000000,0.000002,0.000001
2025-12-16 18:00:34.781,0.000711,0.004715,-0.003165,-0.000000,0.000002,0.000001
2025-12-16 18:00:34.783,0.000668,0.004753,-0.003278,-0.000000,0.000002,0.000001
2025-12-16 18:00:34.784,0.000652,0.004767,-0.003333,-0.000000,0.000002,0.000001
2025-12-16 18:00:34.785,0.000645,0.004773,-0.003385,-0.000000,0.000002,0.000001
2025-12-16 18:00:34.786,0.000643,0.004775,-0.003426,-0.000000,0.000002,0.000001
2025-12-16 18:00:34.787,0.000645,0.004766,-0.003526,-0.000001,0.000002,0.000001
2025-12-16 18:00:34.790,0.000673,0.004728,-0.003644,-0.000001,0.000002,0.000001
2025-12-16 18:00:34.793,0.000734,0.004652,-0.003821,-0.000001,0.000002,0.000001
2025-12-16 18:00:34.794,0.000757,0.004631,-0.003883,-0.000001,0.000002,0.000001
2025-12-16 18:00:34.795,0.000782,0.004607,-0.003950,-0.000001,0.000002,0.000001
2025-12-16 18:00:34.797,0.000846,0.004558,-0.004075,-0.000001,0.000002,0.000001
2025-12-16 18:00:34.798,0.000890,0.004529,-0.004143,-0.000001,0.000002,0.000001
2025-12-16 18:00:34.801,0.001040,0.004401,-0.004302,-0.000001,0.000002,0.000001
2025-12-16 18:00:34.802,0.001097,0.004354,-0.004347,-0.000001,0.000002,0.000001
2025-12-16 18:00:34.803,0.001153,0.004310,-0.004390,-0.000001,0.000002,0.000001
2025-12-16 18:00:34.805,0.001258,0.004234,-0.004482,-0.000001,0.000002,0.000001
2025-12-16 18:00:34.806,0.001310,0.004199,-0.004528,-0.000001,0.000002,0.000001
2025-12-16 18:00:34.807,0.001366,0.004161,-0.004573,-0.000001,0.000002,0.000001
2025-12-16 18:00:34.808,0.001473,0.004099,-0.004647,-0.000001,0.000002,0.000001
2025-12-16 18:00:34.811,0.001577,0.004024,-0.004709,-0.000001,0.000002,0.000001
2025-12-16 18:00:34.812,0.001635,0.003985,-0.004739,-0.000001,0.000002,0.000001
2025-12-16 18:00:34.813,0.001687,0.003951,-0.004765,-0.000001,0.000002,0.000001
2025-12-16 18:00:34.814,0.001751,0.003901,-0.004783,-0.000001,0.000002,0.000001
2025-12-16 18:00:34.819,0.002036,0.003638,-0.004797,-0.000001,0.000002,0.000000
2025-12-16 18:00:34.820,0.002089,0.003585,-0.004799,-0.000001,0.000001,0.000000
2025-12-16 18:00:34.821,0.002140,0.003533,-0.004801,-0.000001,0.000001,0.000000
2025-12-16 18:00:34.825,0.002327,0.003284,-0.004769,-0.000001,0.000001,0.000000
2025-12-16 18:00:34.827,0.002430,0.003113,-0.004729,-0.000001,0.000001,0.000000
2025-12-16 18:00:34.828,0.002473,0.003036,-0.004709,-0.000001,0.000001,0.000000
2025-12-16 18:00:34.829,0.002517,0.002949,-0.004690,-0.000001,0.000001,0.000000
2025-12-16 18:00:34.830,0.002553,0.002872,-0.004674,-0.000001,0.000001,0.000000
2025-12-16 18:00:34.831,0.002587,0.002780,-0.004655,-0.000001,0.000001,0.000000
2025-12-16 18:00:34.832,0.002614,0.002697,-0.004637,-0.000001,0.000001,0.000000
2025-12-16 18:00:34.833,0.002639,0.002608,-0.004619,-0.000001,0.000001,-0.000000
2025-12-16 18:00:34.834,0.002658,0.002513,-0.004602,-0.000001,0.000001,-0.000000
2025-12-16 18:00:34.836,0.002680,0.002251,-0.004532,-0.000001,0.000001,-0.000000
2025-12-16 18:00:34.838,0.002679,0.002148,-0.004497,-0.000001,0.000001,-0.000000
2025-12-16 18:00:34.839,0.002673,0.002042,-0.004464,-0.000001,0.000001,-0.000000
2025-12-16 18:00:34.840,0.002657,0.001938,-0.004426,-0.000001,0.000001,-0.000000
2025-12-16 18:00:34.841,0.002637,0.001834,-0.004390,-0.000001,0.000001,-0.000000
2025-12-16 18:00:34.842,0.002613,0.001738,-0.004353,-0.000001,0.000001,-0.000000
2025-12-16 18:00:34.843,0.002534,0.001568,-0.004294,-0.000001,0.000001,-0.000000
2025-12-16 18:00:34.844,0.002494,0.001499,-0.004268,-0.000001,0.000001,-0.000000
2025-12-16 18:00:34.846,0.002396,0.001339,-0.004202,-0.000001,0.000001,-0.000000
2025-12-16 18:00:34.848,0.002350,0.001268,-0.004173,-0.000001,0.000001,-0.000000
2025-12-16 18:00:34.849,0.002301,0.001182,-0.004132,-0.000001,0.000001,-0.000000
2025-12-16 18:00:34.850,0.002253,0.001091,-0.004091,-0.000001,0.000001,-0.000000
2025-12-16 18:00:34.851,0.002205,0.000999,-0.004052,-0.000001,0.000001,-0.000000
2025-12-16 18:00:34.852,0.002159,0.000905,-0.004011,-0.000001,0.000001,-0.000000
2025-12-16 18:00:34.853,0.002119,0.000811,-0.003968,-0.000001,0.000001,-0.000000
2025-12-16 18:00:34.854,0.002082,0.000714,-0.003921,-0.000001,0.000001,-0.000000
2025-12-16 18:00:34.856,0.002034,0.000528,-0.003832,-0.000001,0.000001,-0.000000
2025-12-16 18:00:34.857,0.002017,0.000431,-0.003790,-0.000001,0.000001,-0.000000
2025-12-16 18:00:34.858,0.002002,0.000331,-0.003748,-0.000001,0.000001,-0.000000
2025-12-16 18:00:34.859,0.001992,0.000228,-0.003705,-0.000001,0.000001,-0.000000
2025-12-16 18:00:34.860,0.001994,0.000123,-0.003662,-0.000001,0.000001,-0.000000
2025-12-16 18:00:34.861,0.002007,0.000016,-0.003616,-0.000001,0.000000,-0.000000
2025-12-16 18:00:34.862,0.002057,-0.000214,-0.003508,-0.000001,0.000000,-0.000000
2025-12-16 18:00:34.864,0.002098,-0.000331,-0.003452,-0.000001,0.000000,-0.000001
2025-12-16 18:00:34.865,0.002138,-0.000430,-0.003405,-0.000001,0.000000,-0.000001
2025-12-16 18:00:34.866,0.002194,-0.000543,-0.003355,-0.000001,0.000000,-0.000001
2025-12-16 18:00:34.867,0.002260,-0.000656,-0.003304,-0.000001,0.000000,-0.000001
2025-12-16 18:00:34.868,0.002318,-0.000752,-0.003260,-0.000001,0.000000,-0.000001
2025-12-16 18:00:34.871,0.002532,-0.001088,-0.003089,-0.000001,-0.000000,-0.000001
2025-12-16 18:00:34.872,0.002611,-0.001198,-0.003030,-0.000001,-0.000000,-0.000001
2025-12-16 18:00:34.873,0.002678,-0.001289,-0.002981,-0.000001,-0.000000,-0.000001
2025-12-16 18:00:34.874,0.002753,-0.001381,-0.002936,-0.000001,-0.000000,-0.000001
2025-12-16 18:00:34.875,0.002828,-0.001469,-0.002898,-0.000001,-0.000000,-0.000001
2025-12-16 18:00:34.876,0.002903,-0.001551,-0.002863,-0.000001,-0.000000,-0.000001
2025-12-16 18:00:34.877,0.002967,-0.001617,-0.002834,-0.000001,-0.000000,-0.000001
2025-12-16 18:00:34.879,0.003028,-0.001686,-0.002803,-0.000001,-0.000000,-0.000001
2025-12-16 18:00:34.880,0.003085,-0.001758,-0.002766,-0.000001,-0.000000,-0.000001
2025-12-16 18:00:34.881,0.003133,-0.001820,-0.002732,-0.000001,-0.000001,-0.000001
2025-12-16 18:00:34.882,0.003175,-0.001878,-0.002704,-0.000001,-0.000001,-0.000001
2025-12-16 18:00:34.883,0.003210,-0.001929,-0.002674,-0.000001,-0.000001,-0.000001
2025-12-16 18:00:34.884,0.003237,-0.001975,-0.002652,-0.000001,-0.000001,-0.000001
2025-12-16 18:00:34.885,0.003258,-0.002015,-0.002634,-0.000001,-0.000001,-0.000001
2025-12-16 18:00:34.886,0.003305,-0.002113,-0.002595,-0.000001,-0.000001,-0.000001
2025-12-16 18:00:34.887,0.003321,-0.002146,-0.002582,-0.000001,-0.000001,-0.000001
2025-12-16 18:00:34.889,0.003275,-0.002152,-0.002586,-0.000001,-0.000001,-0.000001
2025-12-16 18:00:34.890,0.003239,-0.002159,-0.002598,-0.000001,-0.000001,-0.000001
2025-12-16 18:00:34.891,0.003203,-0.002164,-0.002613,-0.000001,-0.000001,-0.000001
2025-12-16 18:00:34.892,0.003168,-0.002167,-0.002626,-0.000001,-0.000001,-0.000001
2025-12-16 18:00:34.893,0.003125,-0.002165,-0.002639,-0.000001,-0.000001,-0.000001
2025-12-16 18:00:34.894,0.003082,-0.002169,-0.002644,-0.000001,-0.000001,-0.000001
2025-12-16 18:00:34.895,0.002991,-0.002181,-0.002631,-0.000001,-0.000001,-0.000001
2025-12-16 18:00:34.897,0.002946,-0.002185,-0.002628,-0.000001,-0.000001,-0.000001
2025-12-16 18:00:34.898,0.002903,-0.002183,-0.002634,-0.000001,-0.000001,-0.000001
2025-12-16 18:00:34.899,0.002859,-0.002180,-0.002638,-0.000001,-0.000000,-0.000001
2025-12-16 18:00:34.900,0.002816,-0.002171,-0.002647,-0.000001,-0.000000,-0.000001
2025-12-16 18:00:34.901,0.002780,-0.002162,-0.002657,-0.000001,-0.000000,-0.000001
2025-12-16 18:00:34.902,0.002745,-0.002159,-0.002666,-0.000001,-0.000000,-0.000001
2025-12-16 18:00:34.903,0.002706,-0.002157,-0.002670,-0.000001,-0.000000,-0.000001
2025-12-16 18:00:34.904,0.002663,-0.002156,-0.002664,-0.000001,-0.000000,-0.000001
2025-12-16 18:00:34.905,0.002621,-0.002156,-0.002653,-0.000001,-0.000000,-0.000001
2025-12-16 18:00:34.906,0.002541,-0.002141,-0.002658,-0.000001,-0.000000,-0.000001
2025-12-16 18:00:34.908,0.002509,-0.002135,-0.002662,-0.000001,-0.000000,-0.000001
2025-12-16 18:00:34.909,0.002481,-0.002131,-0.002663,-0.000001,-0.000000,-0.000001
2025-12-16 18:00:34.910,0.002459,-0.002133,-0.002662,-0.000001,-0.000000,-0.000001
2025-12-16 18:00:34.911,0.002439,-0.002136,-0.002652,-0.000001,-0.000000,-0.000001
2025-12-16 18:00:34.912,0.002422,-0.002140,-0.002642,-0.000001,-0.000000,-0.000001
2025-12-16 18:00:34.913,0.002409,-0.002143,-0.002632,-0.000001,-0.000000,-0.000001
2025-12-16 18:00:34.914,0.002398,-0.002141,-0.002620,-0.000001,-0.000000,-0.000001
2025-12-16 18:00:34.915,0.002377,-0.002120,-0.002618,-0.000001,-0.000000,-0.000001
2025-12-16 18:00:34.917,0.002372,-0.002107,-0.002622,-0.000001,-0.000000,-0.000001
2025-12-16 18:00:34.918,0.002368,-0.002091,-0.002628,-0.000001,-0.000000,-0.000001
2025-12-16 18:00:34.919,0.002361,-0.002077,-0.002632,-0.000001,-0.000000,-0.000001
2025-12-16 18:00:34.920,0.002352,-0.002061,-0.002636,-0.000001,-0.000000,-0.000001
2025-12-16 18:00:34.921,0.002345,-0.002048,-0.002635,-0.000001,-0.000000,-0.000001
2025-12-16 18:00:34.922,0.002339,-0.002032,-0.002633,-0.000001,-0.000000,-0.000001
2025-12-16 18:00:34.923,0.002337,-0.002014,-0.002635,-0.000001,-0.000000,-0.000001
2025-12-16 18:00:34.925,0.002339,-0.001966,-0.002662,-0.000001,-0.000000,-0.000001
2025-12-16 18:00:34.926,0.002344,-0.001947,-0.002676,-0.000001,-0.000000,-0.000001
2025-12-16 18:00:34.927,0.002348,-0.001928,-0.002678,-0.000001,-0.000000,-0.000001
2025-12-16 18:00:34.928,0.002346,-0.001907,-0.002676,-0.000001,-0.000000,-0.000001
2025-12-16 18:00:34.929,0.002344,-0.001881,-0.002672,-0.000001,-0.000000,-0.000001
2025-12-16 18:00:34.930,0.002337,-0.001847,-0.002670,-0.000001,-0.000000,-0.000001
2025-12-16 18:00:34.932,0.002313,-0.001763,-0.002685,-0.000001,-0.000000,-0.000001
2025-12-16 18:00:34.933,0.002298,-0.001719,-0.002692,-0.000001,-0.000000,-0.000001
2025-12-16 18:00:34.934,0.002284,-0.001678,-0.002700,-0.000001,-0.000000,-0.000001
2025-12-16 18:00:34.935,0.002272,-0.001640,-0.002709,-0.000001,-0.000000,-0.000001
2025-12-16 18:00:34.937,0.002250,-0.001576,-0.002719,-0.000001,-0.000000,-0.000001
2025-12-16 18:00:34.938,0.002232,-0.001539,-0.002716,-0.000001,-0.000000,-0.000001
2025-12-16 18:00:34.939,0.002213,-0.001498,-0.002715,-0.000001,-0.000000,-0.000001
2025-12-16 18:00:34.940,0.002190,-0.001452,-0.002716,-0.000001,-0.000000,-0.000001
2025-12-16 18:00:34.941,0.002170,-0.001408,-0.002726,-0.000001,-0.000000,-0.000001
2025-12-16 18:00:34.942,0.002128,-0.001324,-0.002746,-0.000001,-0.000000,-0.000001
2025-12-16 18:00:34.944,0.002103,-0.001277,-0.002754,-0.000001,-0.000000,-0.000001
2025-12-16 18:00:34.945,0.002077,-0.001233,-0.002761,-0.000001,-0.000000,-0.000001
2025-12-16 18:00:34.946,0.002048,-0.001187,-0.002768,-0.000001,0.000000,-0.000001
2025-12-16 18:00:34.947,0.002017,-0.001140,-0.002782,-0.000001,0.000000,-0.000001
2025-12-16 18:00:34.948,0.001988,-0.001090,-0.002800,-0.000001,0.000000,-0.000001
2025-12-16 18:00:34.949,0.001960,-0.001042,-0.002822,-0.000001,0.000000,-0.000001
2025-12-16 18:00:34.950,0.001926,-0.000998,-0.002841,-0.000001,0.000000,-0.000001
2025-12-16 18:00:34.951,0.001895,-0.000958,-0.002858,-0.000001,0.000000,-0.000001
2025-12-16 18:00:34.952,0.001831,-0.000871,-0.002912,-0.000001,0.000000,-0.000001
2025-12-16 18:00:34.953,0.001792,-0.000823,-0.002948,-0.000001,0.000000,-0.000001
2025-12-16 18:00:34.955,0.001752,-0.000773,-0.002983,-0.000001,0.000000,-0.000001
2025-12-16 18:00:34.956,0.001711,-0.000720,-0.003026,-0.000001,0.000000,-0.000000
2025-12-16 18:00:34.957,0.001670,-0.000666,-0.003072,-0.000001,0.000000,-0.000000
2025-12-16 18:00:34.958,0.001635,-0.000619,-0.003112,-0.000001,0.000000,-0.000000
2025-12-16 18:00:34.959,0.001593,-0.000569,-0.003162,-0.000001,0.000000,-0.000000
2025-12-16 18:00:34.960,0.001554,-0.000525,-0.003207,-0.000001,0.000000,-0.000000
2025-12-16 18:00:34.961,0.001507,-0.000477,-0.003255,-0.000001,0.000000,-0.000000
2025-12-16 18:00:34.962,0.001407,-0.000381,-0.003362,-0.000001,0.000001,-0.000000
2025-12-16 18:00:34.964,0.001358,-0.000335,-0.003413,-0.000001,0.000001,-0.000000
2025-12-16 18:00:34.965,0.001305,-0.000283,-0.003462,-0.000001,0.000001,-0.000000
2025-12-16 18:00:34.966,0.001254,-0.000233,-0.003515,-0.000001,0.000001,-0.000000
2025-12-16 18:00:34.967,0.001212,-0.000191,-0.003561,-0.000001,0.000001,-0.000000
2025-12-16 18:00:34.968,0.001163,-0.000141,-0.003611,-0.000001,0.000001,-0.000000
2025-12-16 18:00:34.969,0.001108,-0.000086,-0.003666,-0.000001,0.000001,-0.000000
2025-12-16 18:00:34.970,0.001060,-0.000033,-0.003722,-0.000001,0.000001,-0.000000
2025-12-16 18:00:34.971,0.001015,0.000019,-0.003777,-0.000001,0.000001,0.000000
2025-12-16 18:00:34.972,0.000938,0.000113,-0.003880,-0.000001,0.000001,0.000000
2025-12-16 18:00:34.974,0.000905,0.000153,-0.003927,-0.000001,0.000001,0.000000
2025-12-16 18:00:34.975,0.000879,0.000186,-0.003967,-0.000001,0.000001,0.000000
2025-12-16 18:00:34.976,0.000852,0.000225,-0.004012,-0.000001,0.000001,0.000000
2025-12-16 18:00:34.977,0.000829,0.000264,-0.004059,-0.000001,0.000001,0.000000
2025-12-16 18:00:34.978,0.000810,0.000297,-0.004100,-0.000001,0.000001,0.000000
2025-12-16 18:00:34.979,0.000790,0.000332,-0.004145,-0.000001,0.000001,0.000000
2025-12-16 18:00:34.980,0.000771,0.000371,-0.004194,-0.000001,0.000001,0.000000
2025-12-16 18:00:34.982,0.000755,0.000410,-0.004239,-0.000001,0.000001,0.000000
2025-12-16 18:00:34.983,0.000742,0.000443,-0.004275,-0.000001,0.000001,0.000000
2025-12-16 18:00:34.984,0.000731,0.000473,-0.004315,-0.000001,0.000001,0.000000
2025-12-16 18:00:34.985,0.000718,0.000502,-0.004351,-0.000001,0.000001,0.000000
2025-12-16 18:00:34.986,0.000692,0.000560,-0.004422,-0.000001,0.000001,0.000000
2025-12-16 18:00:34.987,0.000679,0.000589,-0.004458,-0.000001,0.000001,0.000000
2025-12-16 18:00:34.988,0.000685,0.000594,-0.004496,-0.000001,0.000001,0.000000
2025-12-16 18:00:34.989,0.000689,0.000600,-0.004528,-0.000001,0.000001,0.000000
2025-12-16 18:00:34.990,0.000695,0.000614,-0.004564,-0.000001,0.000001,0.000000
2025-12-16 18:00:34.992,0.000703,0.000646,-0.004635,-0.000001,0.000001,0.000000
2025-12-16 18:00:34.993,0.000705,0.000662,-0.004668,-0.000001,0.000001,0.000000
2025-12-16 18:00:34.994,0.000706,0.000679,-0.004702,-0.000001,0.000001,0.000000
2025-12-16 18:00:34.995,0.000706,0.000694,-0.004732,-0.000001,0.000001,0.000000
2025-12-16 18:00:34.996,0.000706,0.000706,-0.004761,-0.000001,0.000001,0.000000
2025-12-16 18:00:34.997,0.000705,0.000715,-0.004786,-0.000001,0.000001,0.000000
2025-12-16 18:00:34.998,0.000710,0.000721,-0.004812,-0.000001,0.000001,0.000000
2025-12-16 18:00:34.999,0.000720,0.000730,-0.004857,-0.000001,0.000001,0.000000
2025-12-16 18:00:35.001,0.000724,0.000732,-0.004877,-0.000001,0.000002,0.000000
2025-12-16 18:00:35.002,0.000727,0.000734,-0.004893,-0.000001,0.000001,0.000000
2025-12-16 18:00:35.003,0.000729,0.000735,-0.004904,-0.000001,0.000001,0.000000
2025-12-16 18:00:35.004,0.000731,0.000736,-0.004924,-0.000001,0.000002,0.000000
2025-12-16 18:00:35.005,0.000732,0.000737,-0.004949,-0.000001,0.000002,0.000000
2025-12-16 18:00:35.006,0.000737,0.000738,-0.004979,-0.000001,0.000002,0.000000
2025-12-16 18:00:35.007,0.000739,0.000739,-0.005013,-0.000001,0.000002,0.000000
2025-12-16 18:00:35.009,0.000744,0.000731,-0.005025,-0.000001,0.000002,0.000000
2025-12-16 18:00:35.010,0.000751,0.000721,-0.005035,-0.000001,0.000002,0.000000
2025-12-16 18:00:35.011,0.000757,0.000711,-0.005049,-0.000001,0.000002,0.000000
2025-12-16 18:00:35.012,0.000761,0.000704,-0.005061,-0.000002,0.000002,0.000000
2025-12-16 18:00:35.013,0.000767,0.000690,-0.005073,-0.000001,0.000002,0.000000
2025-12-16 18:00:35.014,0.000771,0.000675,-0.005083,-0.000001,0.000002,0.000000
2025-12-16 18:00:35.015,0.000775,0.000663,-0.005091,-0.000002,0.000002,0.000000
2025-12-16 18:00:35.016,0.000775,0.000645,-0.005103,-0.000001,0.000002,0.000000
2025-12-16 18:00:35.017,0.000774,0.000628,-0.005120,-0.000002,0.000002,0.000000
2025-12-16 18:00:35.018,0.000769,0.000610,-0.005134,-0.000002,0.000002,0.000000
2025-12-16 18:00:35.019,0.000750,0.000577,-0.005169,-0.000002,0.000002,0.000000
2025-12-16 18:00:35.021,0.000736,0.000563,-0.005187,-0.000002,0.000002,0.000000
2025-12-16 18:00:35.022,0.000717,0.000540,-0.005211,-0.000002,0.000002,0.000000
2025-12-16 18:00:35.023,0.000700,0.000516,-0.005233,-0.000002,0.000002,0.000000
2025-12-16 18:00:35.024,0.000679,0.000488,-0.005255,-0.000002,0.000002,0.000000
2025-12-16 18:00:35.025,0.000659,0.000463,-0.005274,-0.000002,0.000002,0.000000
2025-12-16 18:00:35.026,0.000627,0.000439,-0.005292,-0.000002,0.000002,0.000000
2025-12-16 18:00:35.027,0.000594,0.000419,-0.005308,-0.000002,0.000002,0.000000
2025-12-16 18:00:35.028,0.000510,0.000376,-0.005380,-0.000002,0.000002,0.000000
2025-12-16 18:00:35.030,0.000455,0.000356,-0.005431,-0.000002,0.000002,0.000000
2025-12-16 18:00:35.031,0.000392,0.000336,-0.005484,-0.000002,0.000002,0.000000
2025-12-16 18:00:35.032,0.000321,0.000319,-0.005536,-0.000002,0.000002,0.000000
2025-12-16 18:00:35.033,0.000256,0.000298,-0.005591,-0.000002,0.000002,0.000000
2025-12-16 18:00:35.034,0.000196,0.000275,-0.005646,-0.000002,0.000002,0.000000
2025-12-16 18:00:35.035,0.000138,0.000251,-0.005703,-0.000002,0.000002,0.000000
2025-12-16 18:00:35.036,0.000082,0.000226,-0.005759,-0.000002,0.000002,0.000000
2025-12-16 18:00:35.037,0.000027,0.000201,-0.005818,-0.000002,0.000002,0.000000
2025-12-16 18:00:35.038,-0.000026,0.000176,-0.005880,-0.000002,0.000002,0.000000
2025-12-16 18:00:35.039,-0.000078,0.000147,-0.005939,-0.000002,0.000002,0.000000
2025-12-16 18:00:35.040,-0.000156,0.000100,-0.006049,-0.000002,0.000002,0.000001
2025-12-16 18:00:35.042,-0.000188,0.000081,-0.006117,-0.000002,0.000002,0.000001
2025-12-16 18:00:35.043,-0.000220,0.000066,-0.006196,-0.000002,0.000002,0.000001
2025-12-16 18:00:35.044,-0.000246,0.000050,-0.006277,-0.000002,0.000002,0.000001
2025-12-16 18:00:35.045,-0.000276,0.000010,-0.006439,-0.000002,0.000002,0.000001
2025-12-16 18:00:35.047,-0.000277,-0.000017,-0.006515,-0.000002,0.000002,0.000000
2025-12-16 18:00:35.048,-0.000275,-0.000044,-0.006587,-0.000002,0.000002,0.000001
2025-12-16 18:00:35.049,-0.000266,-0.000068,-0.006655,-0.000002,0.000002,0.000000
2025-12-16 18:00:35.050,-0.000252,-0.000090,-0.006720,-0.000002,0.000002,0.000000
2025-12-16 18:00:35.051,-0.000232,-0.000109,-0.006788,-0.000002,0.000002,0.000001
2025-12-16 18:00:35.052,-0.000205,-0.000127,-0.006858,-0.000002,0.000002,0.000001
2025-12-16 18:00:35.053,-0.000179,-0.000139,-0.006925,-0.000002,0.000002,0.000001
2025-12-16 18:00:35.054,-0.000154,-0.000145,-0.006994,-0.000002,0.000002,0.000000
2025-12-16 18:00:35.055,-0.000128,-0.000149,-0.007060,-0.000002,0.000002,0.000001
2025-12-16 18:00:35.056,-0.000106,-0.000151,-0.007114,-0.000002,0.000002,0.000000
2025-12-16 18:00:35.058,-0.000074,-0.000137,-0.007248,-0.000002,0.000002,0.000000
2025-12-16 18:00:35.059,-0.000057,-0.000122,-0.007327,-0.000002,0.000003,0.000001
2025-12-16 18:00:35.060,-0.000043,-0.000107,-0.007398,-0.000002,0.000003,0.000000
2025-12-16 18:00:35.061,-0.000031,-0.000095,-0.007471,-0.000002,0.000003,0.000001
2025-12-16 18:00:35.063,-0.000023,-0.000066,-0.007609,-0.000003,0.000003,0.000001
2025-12-16 18:00:35.064,-0.000024,-0.000046,-0.007680,-0.000003,0.000003,0.000001
2025-12-16 18:00:35.065,-0.000029,-0.000018,-0.007757,-0.000003,0.000003,0.000001
2025-12-16 18:00:35.066,-0.000035,0.000009,-0.007823,-0.000003,0.000003,0.000001
2025-12-16 18:00:35.067,-0.000051,0.000045,-0.007894,-0.000003,0.000003,0.000001
2025-12-16 18:00:35.068,-0.000068,0.000079,-0.007956,-0.000003,0.000003,0.000001
2025-12-16 18:00:35.069,-0.000089,0.000117,-0.008029,-0.000003,0.000003,0.000001
2025-12-16 18:00:35.071,-0.000129,0.000185,-0.008167,-0.000003,0.000003,0.000001
2025-12-16 18:00:35.072,-0.000148,0.000216,-0.008230,-0.000003,0.000003,0.000001
2025-12-16 18:00:35.073,-0.000173,0.000250,-0.008308,-0.000003,0.000003,0.000001
2025-12-16 18:00:35.074,-0.000215,0.000305,-0.008463,-0.000003,0.000003,0.000001
2025-12-16 18:00:35.076,-0.000231,0.000328,-0.008538,-0.000003,0.000003,0.000001
2025-12-16 18:00:35.077,-0.000242,0.000347,-0.008603,-0.000003,0.000003,0.000001
2025-12-16 18:00:35.078,-0.000255,0.000367,-0.008681,-0.000003,0.000003,0.000001
2025-12-16 18:00:35.079,-0.000267,0.000385,-0.008759,-0.000003,0.000003,0.000001
2025-12-16 18:00:35.080,-0.000272,0.000399,-0.008837,-0.000003,0.000003,0.000001
2025-12-16 18:00:35.081,-0.000274,0.000410,-0.008902,-0.000003,0.000003,0.000001
2025-12-16 18:00:35.082,-0.000274,0.000418,-0.008976,-0.000003,0.000003,0.000001
2025-12-16 18:00:35.085,-0.000258,0.000416,-0.009194,-0.000003,0.000003,0.000001
2025-12-16 18:00:35.086,-0.000249,0.000403,-0.009247,-0.000003,0.000003,0.000001
2025-12-16 18:00:35.087,-0.000236,0.000388,-0.009314,-0.000003,0.000003,0.000001
2025-12-16 18:00:35.088,-0.000224,0.000375,-0.009376,-0.000003,0.000004,0.000001
2025-12-16 18:00:35.089,-0.000213,0.000360,-0.009447,-0.000003,0.000004,0.000001
2025-12-16 18:00:35.091,-0.000196,0.000329,-0.009580,-0.000004,0.000004,0.000001
2025-12-16 18:00:35.092,-0.000188,0.000312,-0.009641,-0.000004,0.000004,0.000001
2025-12-16 18:00:35.093,-0.000185,0.000290,-0.009706,-0.000004,0.000004,0.000001
2025-12-16 18:00:35.094,-0.000184,0.000265,-0.009773,-0.000004,0.000004,0.000001
2025-12-16 18:00:35.095,-0.000182,0.000244,-0.009830,-0.000004,0.000004,0.000001
2025-12-16 18:00:35.096,-0.000184,0.000218,-0.009886,-0.000004,0.000004,0.000001
2025-12-16 18:00:35.097,-0.000196,0.000161,-0.010002,-0.000004,0.000004,0.000001
2025-12-16 18:00:35.099,-0.000200,0.000133,-0.010046,-0.000004,0.000004,0.000001
2025-12-16 18:00:35.101,-0.000226,0.000081,-0.010139,-0.000004,0.000004,0.000001
2025-12-16 18:00:35.102,-0.000243,0.000056,-0.010181,-0.000004,0.000004,0.000001
2025-12-16 18:00:35.103,-0.000266,0.000027,-0.010226,-0.000004,0.000004,0.000001
2025-12-16 18:00:35.104,-0.000288,0.000001,-0.010264,-0.000004,0.000004,0.000001
2025-12-16 18:00:35.105,-0.000306,-0.000020,-0.010295,-0.000004,0.000004,0.000001
2025-12-16 18:00:35.106,-0.000332,-0.000035,-0.010324,-0.000004,0.000004,0.000001
2025-12-16 18:00:35.109,-0.000399,-0.000089,-0.010395,-0.000004,0.000004,0.000001
2025-12-16 18:00:35.110,-0.000412,-0.000111,-0.010414,-0.000004,0.000004,0.000001
2025-12-16 18:00:35.111,-0.000428,-0.000137,-0.010434,-0.000004,0.000004,0.000001
2025-12-16 18:00:35.112,-0.000442,-0.000165,-0.010455,-0.000004,0.000004,0.000001
2025-12-16 18:00:35.113,-0.000453,-0.000188,-0.010473,-0.000004,0.000004,0.000001
2025-12-16 18:00:35.115,-0.000475,-0.000229,-0.010515,-0.000004,0.000004,0.000001
2025-12-16 18:00:35.116,-0.000482,-0.000248,-0.010536,-0.000004,0.000004,0.000001
2025-12-16 18:00:35.117,-0.000485,-0.000271,-0.010560,-0.000004,0.000004,0.000001
2025-12-16 18:00:35.118,-0.000486,-0.000293,-0.010583,-0.000004,0.000004,0.000001
2025-12-16 18:00:35.119,-0.000482,-0.000343,-0.010633,-0.000004,0.000004,0.000001
2025-12-16 18:00:35.121,-0.000476,-0.000379,-0.010655,-0.000004,0.000004,0.000001
2025-12-16 18:00:35.122,-0.000469,-0.000422,-0.010682,-0.000004,0.000004,0.000001
2025-12-16 18:00:35.123,-0.000462,-0.000461,-0.010706,-0.000004,0.000004,0.000001
2025-12-16 18:00:35.124,-0.000453,-0.000505,-0.010732,-0.000004,0.000004,0.000001
2025-12-16 18:00:35.125,-0.000430,-0.000597,-0.010781,-0.000004,0.000004,0.000001
2025-12-16 18:00:35.126,-0.000414,-0.000655,-0.010813,-0.000004,0.000004,0.000001
2025-12-16 18:00:35.128,-0.000399,-0.000705,-0.010842,-0.000004,0.000004,0.000001
2025-12-16 18:00:35.129,-0.000384,-0.000758,-0.010882,-0.000004,0.000004,0.000001
2025-12-16 18:00:35.130,-0.000374,-0.000816,-0.010925,-0.000004,0.000004,0.000001
2025-12-16 18:00:35.134,-0.000337,-0.001055,-0.011118,-0.000004,0.000004,0.000001
2025-12-16 18:00:35.135,-0.000330,-0.001125,-0.011170,-0.000004,0.000004,0.000001
2025-12-16 18:00:35.136,-0.000325,-0.001187,-0.011215,-0.000004,0.000004,0.000000
2025-12-16 18:00:35.137,-0.000320,-0.001256,-0.011263,-0.000004,0.000004,0.000001
2025-12-16 18:00:35.138,-0.000320,-0.001326,-0.011317,-0.000004,0.000004,0.000001
2025-12-16 18:00:35.140,-0.000321,-0.001458,-0.011443,-0.000004,0.000004,0.000001
2025-12-16 18:00:35.141,-0.000326,-0.001518,-0.011511,-0.000004,0.000004,0.000001
2025-12-16 18:00:35.145,-0.000338,-0.001727,-0.011766,-0.000004,0.000004,0.000000
2025-12-16 18:00:35.146,-0.000345,-0.001780,-0.011840,-0.000004,0.000004,0.000000
2025-12-16 18:00:35.149,-0.000376,-0.001929,-0.012058,-0.000005,0.000004,0.000001
2025-12-16 18:00:35.150,-0.000388,-0.001974,-0.012131,-0.000004,0.000004,0.000000
2025-12-16 18:00:35.153,-0.000426,-0.002088,-0.012339,-0.000005,0.000004,0.000000
2025-12-16 18:00:35.154,-0.000434,-0.002125,-0.012412,-0.000005,0.000004,0.000000
2025-12-16 18:00:35.155,-0.000440,-0.002157,-0.012475,-0.000005,0.000004,0.000000
2025-12-16 18:00:35.157,-0.000443,-0.002216,-0.012604,-0.000005,0.000004,0.000000
2025-12-16 18:00:35.158,-0.000445,-0.002240,-0.012671,-0.000005,0.000004,0.000000
2025-12-16 18:00:35.161,-0.000449,-0.002308,-0.012853,-0.000005,0.000004,0.000000
2025-12-16 18:00:35.162,-0.000443,-0.002327,-0.012908,-0.000005,0.000004,0.000000
2025-12-16 18:00:35.163,-0.000436,-0.002343,-0.012956,-0.000005,0.000004,0.000000
2025-12-16 18:00:35.165,-0.000421,-0.002372,-0.013044,-0.000005,0.000004,0.000000
2025-12-16 18:00:35.166,-0.000410,-0.002386,-0.013086,-0.000005,0.000004,0.000000
2025-12-16 18:00:35.167,-0.000395,-0.002398,-0.013130,-0.000005,0.000004,0.000000
2025-12-16 18:00:35.169,-0.000362,-0.002422,-0.013200,-0.000005,0.000004,0.000000
2025-12-16 18:00:35.170,-0.000339,-0.002441,-0.013232,-0.000005,0.000004,0.000000
2025-12-16 18:00:35.171,-0.000319,-0.002459,-0.013258,-0.000005,0.000004,0.000000
2025-12-16 18:00:35.172,-0.000297,-0.002473,-0.013280,-0.000005,0.000004,0.000000
2025-12-16 18:00:35.173,-0.000279,-0.002483,-0.013297,-0.000005,0.000004,0.000000
2025-12-16 18:00:35.174,-0.000255,-0.002490,-0.013313,-0.000005,0.000004,0.000000
2025-12-16 18:00:35.176,-0.000218,-0.002512,-0.013329,-0.000005,0.000004,0.000000
2025-12-16 18:00:35.180,-0.000137,-0.002579,-0.013316,-0.000005,0.000004,0.000000
2025-12-16 18:00:35.182,-0.000100,-0.002610,-0.013307,-0.000005,0.000004,0.000000
2025-12-16 18:00:35.183,-0.000079,-0.002630,-0.013296,-0.000005,0.000004,0.000000
2025-12-16 18:00:35.184,-0.000061,-0.002651,-0.013284,-0.000005,0.000004,0.000000
2025-12-16 18:00:35.185,-0.000041,-0.002670,-0.013274,-0.000005,0.000004,0.000000
2025-12-16 18:00:35.186,-0.000022,-0.002689,-0.013260,-0.000005,0.000004,0.000000
2025-12-16 18:00:35.187,-0.000007,-0.002710,-0.013244,-0.000005,0.000004,0.000000
2025-12-16 18:00:35.188,0.000010,-0.002728,-0.013233,-0.000005,0.000004,0.000000
2025-12-16 18:00:35.189,0.000025,-0.002742,-0.013224,-0.000005,0.000004,0.000000
2025-12-16 18:00:35.190,0.000038,-0.002761,-0.013203,-0.000005,0.000004,0.000000
2025-12-16 18:00:35.191,0.000071,-0.002813,-0.013170,-0.000004,0.000004,-0.000000
2025-12-16 18:00:35.192,0.000081,-0.002842,-0.013149,-0.000004,0.000004,-0.000000
2025-12-16 18:00:35.194,0.000093,-0.002872,-0.013128,-0.000004,0.000004,-0.000000
2025-12-16 18:00:35.195,0.000109,-0.002902,-0.013117,-0.000004,0.000004,-0.000000
2025-12-16 18:00:35.196,0.000121,-0.002932,-0.013101,-0.000004,0.000004,-0.000000
2025-12-16 18:00:35.197,0.000129,-0.002957,-0.013087,-0.000004,0.000004,-0.000000
2025-12-16 18:00:35.198,0.000136,-0.002980,-0.013079,-0.000004,0.000004,-0.000000
2025-12-16 18:00:35.199,0.000148,-0.003008,-0.013073,-0.000004,0.000004,-0.000000
2025-12-16 18:00:35.200,0.000161,-0.003041,-0.013071,-0.000005,0.000004,-0.000000
2025-12-16 18:00:35.201,0.000169,-0.003075,-0.013072,-0.000005,0.000004,-0.000000
2025-12-16 18:00:35.202,0.000176,-0.003144,-0.013076,-0.000004,0.000004,-0.000000
2025-12-16 18:00:35.204,0.000179,-0.003190,-0.013083,-0.000004,0.000004,-0.000000
2025-12-16 18:00:35.205,0.000182,-0.003234,-0.013090,-0.000005,0.000004,-0.000000
2025-12-16 18:00:35.206,0.000187,-0.003280,-0.013103,-0.000005,0.000004,-0.000000
2025-12-16 18:00:35.207,0.000189,-0.003328,-0.013112,-0.000005,0.000004,-0.000000
2025-12-16 18:00:35.208,0.000187,-0.003377,-0.013118,-0.000005,0.000004,-0.000000
2025-12-16 18:00:35.209,0.000181,-0.003423,-0.013131,-0.000005,0.000004,-0.000000
2025-12-16 18:00:35.210,0.000174,-0.003460,-0.013144,-0.000005,0.000004,-0.000000
2025-12-16 18:00:35.211,0.000165,-0.003501,-0.013159,-0.000005,0.000004,-0.000000
2025-12-16 18:00:35.212,0.000148,-0.003581,-0.013197,-0.000005,0.000004,-0.000000
2025-12-16 18:00:35.214,0.000135,-0.003635,-0.013220,-0.000005,0.000004,-0.000000
2025-12-16 18:00:35.215,0.000121,-0.003687,-0.013242,-0.000005,0.000004,-0.000000
2025-12-16 18:00:35.216,0.000110,-0.003739,-0.013267,-0.000005,0.000004,-0.000000
2025-12-16 18:00:35.217,0.000100,-0.003796,-0.013288,-0.000005,0.000004,-0.000000
2025-12-16 18:00:35.218,0.000084,-0.003853,-0.013310,-0.000005,0.000004,-0.000000
2025-12-16 18:00:35.219,0.000070,-0.003902,-0.013329,-0.000005,0.000004,-0.000000
2025-12-16 18:00:35.220,0.000051,-0.003948,-0.013359,-0.000005,0.000004,-0.000000
2025-12-16 18:00:35.221,0.000031,-0.003993,-0.013395,-0.000005,0.000004,-0.000000
2025-12-16 18:00:35.222,0.000006,-0.004035,-0.013435,-0.000005,0.000004,-0.000000
2025-12-16 18:00:35.223,-0.000017,-0.004073,-0.013479,-0.000005,0.000004,-0.000000
2025-12-16 18:00:35.224,-0.000063,-0.004145,-0.013547,-0.000005,0.000004,-0.000000
2025-12-16 18:00:35.225,-0.000099,-0.004182,-0.013574,-0.000005,0.000004,-0.000000
2025-12-16 18:00:35.227,-0.000139,-0.004219,-0.013603,-0.000005,0.000004,-0.000000
2025-12-16 18:00:35.228,-0.000176,-0.004258,-0.013641,-0.000005,0.000004,-0.000000
2025-12-16 18:00:35.229,-0.000207,-0.004292,-0.013676,-0.000005,0.000004,-0.000000
2025-12-16 18:00:35.230,-0.000246,-0.004326,-0.013717,-0.000005,0.000004,-0.000000
2025-12-16 18:00:35.231,-0.000289,-0.004362,-0.013760,-0.000005,0.000004,-0.000000
2025-12-16 18:00:35.232,-0.000330,-0.004393,-0.013806,-0.000005,0.000004,-0.000000
2025-12-16 18:00:35.233,-0.000366,-0.004418,-0.013846,-0.000005,0.000004,0.000000
2025-12-16 18:00:35.235,-0.000447,-0.004465,-0.013918,-0.000005,0.000004,0.000000
2025-12-16 18:00:35.236,-0.000494,-0.004489,-0.013957,-0.000005,0.000004,-0.000000
2025-12-16 18:00:35.237,-0.000537,-0.004511,-0.013991,-0.000005,0.000004,-0.000000
2025-12-16 18:00:35.239,-0.000633,-0.004542,-0.014068,-0.000005,0.000004,-0.000000
2025-12-16 18:00:35.240,-0.000683,-0.004558,-0.014112,-0.000005,0.000004,-0.000000
2025-12-16 18:00:35.241,-0.000729,-0.004575,-0.014153,-0.000005,0.000004,-0.000000
2025-12-16 18:00:35.242,-0.000771,-0.004590,-0.014190,-0.000005,0.000004,-0.000000
2025-12-16 18:00:35.243,-0.000809,-0.004601,-0.014225,-0.000005,0.000004,-0.000000
2025-12-16 18:00:35.244,-0.000843,-0.004608,-0.014258,-0.000005,0.000005,0.000000
2025-12-16 18:00:35.245,-0.000876,-0.004613,-0.014289,-0.000005,0.000005,0.000000
2025-12-16 18:00:35.247,-0.000927,-0.004606,-0.014349,-0.000005,0.000005,0.000000
2025-12-16 18:00:35.248,-0.000953,-0.004596,-0.014370,-0.000005,0.000005,0.000000
2025-12-16 18:00:35.249,-0.000974,-0.004586,-0.014392,-0.000005,0.000005,0.000000
2025-12-16 18:00:35.250,-0.000990,-0.004581,-0.014403,-0.000005,0.000005,0.000000
2025-12-16 18:00:35.251,-0.001002,-0.004575,-0.014411,-0.000005,0.000005,0.000000
2025-12-16 18:00:35.252,-0.001010,-0.004569,-0.014410,-0.000005,0.000005,-0.000000
2025-12-16 18:00:35.253,-0.001016,-0.004564,-0.014407,-0.000005,0.000005,-0.000000
2025-12-16 18:00:35.255,-0.001014,-0.004547,-0.014384,-0.000005,0.000005,0.000000
2025-12-16 18:00:35.256,-0.001011,-0.004540,-0.014365,-0.000005,0.000005,0.000000
2025-12-16 18:00:35.257,-0.001005,-0.004526,-0.014343,-0.000005,0.000005,0.000000
2025-12-16 18:00:35.258,-0.000995,-0.004512,-0.014313,-0.000005,0.000005,0.000000
2025-12-16 18:00:35.259,-0.000982,-0.004491,-0.014285,-0.000005,0.000005,0.000000
2025-12-16 18:00:35.260,-0.000970,-0.004471,-0.014262,-0.000005,0.000005,-0.000000
2025-12-16 18:00:35.261,-0.000941,-0.004423,-0.014183,-0.000005,0.000005,0.000000
2025-12-16 18:00:35.265,-0.000909,-0.004363,-0.014033,-0.000005,0.000004,0.000000
2025-12-16 18:00:35.266,-0.000900,-0.004347,-0.013967,-0.000005,0.000004,0.000000
2025-12-16 18:00:35.267,-0.000892,-0.004336,-0.013908,-0.000005,0.000004,0.000000
2025-12-16 18:00:35.268,-0.000881,-0.004323,-0.013847,-0.000005,0.000004,0.000000
2025-12-16 18:00:35.269,-0.000871,-0.004312,-0.013794,-0.000005,0.000004,-0.000000
2025-12-16 18:00:35.270,-0.000860,-0.004296,-0.013735,-0.000005,0.000004,-0.000000
2025-12-16 18:00:35.273,-0.000841,-0.004238,-0.013542,-0.000005,0.000004,0.000000
2025-12-16 18:00:35.274,-0.000840,-0.004218,-0.013473,-0.000005,0.000004,0.000000
2025-12-16 18:00:35.275,-0.000839,-0.004200,-0.013413,-0.000005,0.000004,0.000000
2025-12-16 18:00:35.276,-0.000835,-0.004182,-0.013359,-0.000005,0.000004,0.000000
2025-12-16 18:00:35.277,-0.000831,-0.004167,-0.013314,-0.000005,0.000004,0.000000
2025-12-16 18:00:35.278,-0.000828,-0.004150,-0.013266,-0.000005,0.000004,-0.000000
2025-12-16 18:00:35.279,-0.000819,-0.004145,-0.013210,-0.000005,0.000004,-0.000000
2025-12-16 18:00:35.281,-0.000794,-0.004148,-0.013096,-0.000005,0.000004,-0.000000
2025-12-16 18:00:35.282,-0.000773,-0.004151,-0.013027,-0.000005,0.000004,-0.000000
2025-12-16 18:00:35.283,-0.000745,-0.004151,-0.012965,-0.000005,0.000004,-0.000000
2025-12-16 18:00:35.285,-0.000697,-0.004155,-0.012863,-0.000005,0.000004,-0.000000
2025-12-16 18:00:35.286,-0.000661,-0.004163,-0.012810,-0.000005,0.000004,-0.000000
2025-12-16 18:00:35.287,-0.000626,-0.004172,-0.012763,-0.000005,0.000004,0.000000
2025-12-16 18:00:35.288,-0.000579,-0.004185,-0.012702,-0.000005,0.000004,-0.000000
2025-12-16 18:00:35.289,-0.000524,-0.004202,-0.012635,-0.000005,0.000004,-0.000000
2025-12-16 18:00:35.290,-0.000471,-0.004219,-0.012566,-0.000004,0.000004,-0.000000
2025-12-16 18:00:35.291,-0.000369,-0.004252,-0.012449,-0.000004,0.000004,-0.000000
2025-12-16 18:00:35.293,-0.000295,-0.004281,-0.012392,-0.000004,0.000004,-0.000000
2025-12-16 18:00:35.297,0.000011,-0.004422,-0.012183,-0.000004,0.000004,-0.000000
2025-12-16 18:00:35.298,0.000083,-0.004461,-0.012124,-0.000004,0.000003,-0.000000
2025-12-16 18:00:35.300,0.000215,-0.004540,-0.012016,-0.000004,0.000003,-0.000000
2025-12-16 18:00:35.301,0.000287,-0.004584,-0.011966,-0.000004,0.000003,-0.000001
2025-12-16 18:00:35.302,0.000347,-0.004620,-0.011925,-0.000004,0.000003,-0.000000
2025-12-16 18:00:35.303,0.000411,-0.004667,-0.011875,-0.000004,0.000003,-0.000001
2025-12-16 18:00:35.304,0.000477,-0.004719,-0.011828,-0.000004,0.000003,-0.000001
2025-12-16 18:00:35.305,0.000539,-0.004774,-0.011783,-0.000004,0.000003,-0.000001
2025-12-16 18:00:35.306,0.000596,-0.004825,-0.011739,-0.000004,0.000003,-0.000001
2025-12-16 18:00:35.307,0.000644,-0.004881,-0.011691,-0.000004,0.000003,-0.000001
2025-12-16 18:00:35.308,0.000687,-0.004935,-0.011650,-0.000004,0.000003,-0.000001
2025-12-16 18:00:35.309,0.000727,-0.004987,-0.011609,-0.000004,0.000003,-0.000001
2025-12-16 18:00:35.310,0.000762,-0.005040,-0.011572,-0.000004,0.000003,-0.000001
2025-12-16 18:00:35.311,0.000795,-0.005094,-0.011534,-0.000004,0.000003,-0.000001
2025-12-16 18:00:35.312,0.000845,-0.005199,-0.011478,-0.000004,0.000003,-0.000001
2025-12-16 18:00:35.314,0.000864,-0.005248,-0.011455,-0.000004,0.000003,-0.000001
2025-12-16 18:00:35.315,0.000887,-0.005299,-0.011430,-0.000004,0.000003,-0.000001
2025-12-16 18:00:35.316,0.000904,-0.005351,-0.011403,-0.000004,0.000003,-0.000001
2025-12-16 18:00:35.317,0.000917,-0.005399,-0.011378,-0.000004,0.000003,-0.000001
2025-12-16 18:00:35.318,0.000929,-0.005447,-0.011359,-0.000004,0.000003,-0.000001
2025-12-16 18:00:35.319,0.000945,-0.005496,-0.011343,-0.000004,0.000003,-0.000001
2025-12-16 18:00:35.320,0.000959,-0.005538,-0.011332,-0.000004,0.000003,-0.000001
2025-12-16 18:00:35.321,0.000975,-0.005593,-0.011303,-0.000004,0.000003,-0.000001
2025-12-16 18:00:35.322,0.000990,-0.005653,-0.011269,-0.000004,0.000003,-0.000001
2025-12-16 18:00:35.323,0.001004,-0.005710,-0.011237,-0.000004,0.000003,-0.000001
2025-12-16 18:00:35.324,0.001020,-0.005761,-0.011205,-0.000004,0.000003,-0.000001
2025-12-16 18:00:35.325,0.001032,-0.005811,-0.011167,-0.000004,0.000003,-0.000001
2025-12-16 18:00:35.326,0.001047,-0.005862,-0.011130,-0.000004,0.000003,-0.000001
2025-12-16 18:00:35.327,0.001071,-0.005939,-0.011065,-0.000004,0.000003,-0.000001
2025-12-16 18:00:35.329,0.001081,-0.005972,-0.011039,-0.000004,0.000003,-0.000001
2025-12-16 18:00:35.330,0.001096,-0.006014,-0.011008,-0.000004,0.000002,-0.000001
2025-12-16 18:00:35.331,0.001106,-0.006052,-0.010974,-0.000004,0.000002,-0.000001
2025-12-16 18:00:35.332,0.001114,-0.006092,-0.010934,-0.000004,0.000002,-0.000001
2025-12-16 18:00:35.333,0.001121,-0.006131,-0.010891,-0.000004,0.000002,-0.000001
2025-12-16 18:00:35.334,0.001126,-0.006163,-0.010854,-0.000004,0.000003,-0.000001
2025-12-16 18:00:35.335,0.001123,-0.006197,-0.010807,-0.000004,0.000002,-0.000001
2025-12-16 18:00:35.336,0.001118,-0.006231,-0.010756,-0.000004,0.000002,-0.000001
2025-12-16 18:00:35.337,0.001113,-0.006260,-0.010712,-0.000004,0.000002,-0.000001
2025-12-16 18:00:35.338,0.001094,-0.006319,-0.010583,-0.000004,0.000002,-0.000001
2025-12-16 18:00:35.339,0.001079,-0.006341,-0.010524,-0.000004,0.000002,-0.000001
2025-12-16 18:00:35.341,0.001059,-0.006358,-0.010470,-0.000004,0.000002,-0.000001
2025-12-16 18:00:35.342,0.001042,-0.006370,-0.010426,-0.000004,0.000002,-0.000001
2025-12-16 18:00:35.343,0.001018,-0.006374,-0.010374,-0.000004,0.000002,-0.000001
2025-12-16 18:00:35.344,0.000991,-0.006376,-0.010315,-0.000004,0.000002,-0.000001
2025-12-16 18:00:35.345,0.000962,-0.006376,-0.010255,-0.000004,0.000002,-0.000001
2025-12-16 18:00:35.346,0.000933,-0.006376,-0.010192,-0.000004,0.000002,-0.000001
2025-12-16 18:00:35.347,0.000908,-0.006376,-0.010126,-0.000004,0.000002,-0.000001
2025-12-16 18:00:35.348,0.000888,-0.006377,-0.010069,-0.000004,0.000002,-0.000001
2025-12-16 18:00:35.349,0.000869,-0.006378,-0.010006,-0.000004,0.000002,-0.000001
2025-12-16 18:00:35.350,0.000827,-0.006360,-0.009886,-0.000004,0.000002,-0.000001
2025-12-16 18:00:35.351,0.000810,-0.006348,-0.009823,-0.000004,0.000002,-0.000001
2025-12-16 18:00:35.353,0.000796,-0.006338,-0.009749,-0.000004,0.000002,-0.000001
2025-12-16 18:00:35.354,0.000786,-0.006329,-0.009682,-0.000004,0.000002,-0.000001
2025-12-16 18:00:35.355,0.000777,-0.006319,-0.009603,-0.000004,0.000002,-0.000001
2025-12-16 18:00:35.356,0.000775,-0.006311,-0.009522,-0.000003,0.000002,-0.000001
2025-12-16 18:00:35.359,0.000794,-0.006280,-0.009321,-0.000004,0.000002,-0.000001
2025-12-16 18:00:35.360,0.000816,-0.006270,-0.009245,-0.000003,0.000002,-0.000001
2025-12-16 18:00:35.361,0.000843,-0.006264,-0.009160,-0.000003,0.000002,-0.000001
2025-12-16 18:00:35.362,0.000867,-0.006260,-0.009084,-0.000003,0.000002,-0.000001
2025-12-16 18:00:35.363,0.000897,-0.006264,-0.008991,-0.000003,0.000002,-0.000001
2025-12-16 18:00:35.364,0.000927,-0.006270,-0.008897,-0.000003,0.000002,-0.000001
2025-12-16 18:00:35.365,0.000954,-0.006276,-0.008816,-0.000003,0.000002,-0.000001
2025-12-16 18:00:35.366,0.001031,-0.006279,-0.008658,-0.000003,0.000002,-0.000001
2025-12-16 18:00:35.369,0.001118,-0.006285,-0.008521,-0.000003,0.000002,-0.000001
2025-12-16 18:00:35.370,0.001155,-0.006291,-0.008464,-0.000003,0.000002,-0.000001
2025-12-16 18:00:35.371,0.001193,-0.006307,-0.008392,-0.000003,0.000002,-0.000001
2025-12-16 18:00:35.372,0.001231,-0.006328,-0.008319,-0.000003,0.000002,-0.000001
2025-12-16 18:00:35.374,0.001288,-0.006366,-0.008184,-0.000003,0.000002,-0.000001
2025-12-16 18:00:35.375,0.001308,-0.006388,-0.008127,-0.000003,0.000002,-0.000001
2025-12-16 18:00:35.376,0.001324,-0.006408,-0.008080,-0.000003,0.000002,-0.000001
2025-12-16 18:00:35.377,0.001335,-0.006425,-0.008038,-0.000003,0.000001,-0.000001
2025-12-16 18:00:35.378,0.001340,-0.006447,-0.007995,-0.000003,0.000001,-0.000001
2025-12-16 18:00:35.380,0.001341,-0.006467,-0.007957,-0.000003,0.000002,-0.000001
2025-12-16 18:00:35.381,0.001329,-0.006488,-0.007916,-0.000003,0.000001,-0.000001
2025-12-16 18:00:35.382,0.001310,-0.006510,-0.007876,-0.000003,0.000002,-0.000001
2025-12-16 18:00:35.385,0.001221,-0.006549,-0.007793,-0.000003,0.000002,-0.000001
2025-12-16 18:00:35.386,0.001177,-0.006563,-0.007783,-0.000003,0.000002,-0.000001
2025-12-16 18:00:35.387,0.001088,-0.006589,-0.007762,-0.000003,0.000002,-0.000001
2025-12-16 18:00:35.388,0.001044,-0.006603,-0.007751,-0.000003,0.000002,-0.000001
2025-12-16 18:00:35.389,0.000984,-0.006625,-0.007741,-0.000003,0.000002,-0.000001
2025-12-16 18:00:35.390,0.000918,-0.006645,-0.007729,-0.000003,0.000002,-0.000001
2025-12-16 18:00:35.392,0.000789,-0.006674,-0.007715,-0.000003,0.000002,-0.000001
2025-12-16 18:00:35.393,0.000720,-0.006691,-0.007712,-0.000003,0.000002,-0.000001
2025-12-16 18:00:35.394,0.000653,-0.006706,-0.007708,-0.000003,0.000002,-0.000001
2025-12-16 18:00:35.395,0.000532,-0.006737,-0.007688,-0.000003,0.000002,-0.000001
2025-12-16 18:00:35.396,0.000481,-0.006755,-0.007674,-0.000003,0.000002,-0.000001
2025-12-16 18:00:35.397,0.000424,-0.006774,-0.007654,-0.000003,0.000002,-0.000001
2025-12-16 18:00:35.399,0.000374,-0.006790,-0.007635,-0.000003,0.000002,-0.000001
2025-12-16 18:00:35.400,0.000327,-0.006811,-0.007613,-0.000003,0.000002,-0.000001
2025-12-16 18:00:35.401,0.000284,-0.006831,-0.007586,-0.000003,0.000002,-0.000001
2025-12-16 18:00:35.402,0.000250,-0.006852,-0.007559,-0.000003,0.000002,-0.000001
2025-12-16 18:00:35.403,0.000224,-0.006870,-0.007537,-0.000003,0.000002,-0.000001
2025-12-16 18:00:35.405,0.000176,-0.006915,-0.007468,-0.000003,0.000002,-0.000001
2025-12-16 18:00:35.409,0.000147,-0.007020,-0.007239,-0.000003,0.000002,-0.000001
2025-12-16 18:00:35.410,0.000150,-0.007043,-0.007176,-0.000002,0.000002,-0.000001
2025-12-16 18:00:35.411,0.000180,-0.007092,-0.007029,-0.000002,0.000002,-0.000001
2025-12-16 18:00:35.417,0.000281,-0.007182,-0.006695,-0.000002,0.000001,-0.000001
2025-12-16 18:00:35.418,0.000311,-0.007189,-0.006629,-0.000002,0.000001,-0.000001
2025-12-16 18:00:35.419,0.000344,-0.007194,-0.006555,-0.000002,0.000001,-0.000002
2025-12-16 18:00:35.420,0.000375,-0.007198,-0.006474,-0.000002,0.000001,-0.000002
2025-12-16 18:00:35.421,0.000411,-0.007205,-0.006394,-0.000002,0.000001,-0.000002
2025-12-16 18:00:35.423,0.000477,-0.007217,-0.006254,-0.000002,0.000001,-0.000002
2025-12-16 18:00:35.424,0.000510,-0.007220,-0.006184,-0.000002,0.000001,-0.000002
2025-12-16 18:00:35.425,0.000568,-0.007223,-0.006052,-0.000002,0.000001,-0.000002
2025-12-16 18:00:35.427,0.000598,-0.007226,-0.005978,-0.000002,0.000001,-0.000002
2025-12-16 18:00:35.428,0.000628,-0.007224,-0.005906,-0.000002,0.000001,-0.000002
2025-12-16 18:00:35.429,0.000656,-0.007218,-0.005837,-0.000002,0.000001,-0.000002
2025-12-16 18:00:35.431,0.000704,-0.007201,-0.005719,-0.000002,0.000001,-0.000002
2025-12-16 18:00:35.432,0.000730,-0.007187,-0.005671,-0.000002,0.000001,-0.000002
2025-12-16 18:00:35.433,0.000753,-0.007175,-0.005622,-0.000002,0.000001,-0.000002
2025-12-16 18:00:35.434,0.000770,-0.007165,-0.005581,-0.000002,0.000001,-0.000002
2025-12-16 18:00:35.435,0.000795,-0.007154,-0.005538,-0.000002,0.000001,-0.000002
2025-12-16 18:00:35.437,0.000853,-0.007138,-0.005446,-0.000002,0.000001,-0.000002
2025-12-16 18:00:35.438,0.000882,-0.007129,-0.005406,-0.000002,0.000001,-0.000002
2025-12-16 18:00:35.439,0.000911,-0.007121,-0.005370,-0.000002,0.000001,-0.000002
2025-12-16 18:00:35.441,0.000965,-0.007097,-0.005318,-0.000002,0.000001,-0.000002
2025-12-16 18:00:35.443,0.001016,-0.007049,-0.005271,-0.000002,0.000001,-0.000002
2025-12-16 18:00:35.444,0.001044,-0.007023,-0.005247,-0.000002,0.000001,-0.000002
2025-12-16 18:00:35.445,0.001068,-0.006996,-0.005223,-0.000002,0.000001,-0.000002
2025-12-16 18:00:35.446,0.001090,-0.006964,-0.005203,-0.000002,0.000001,-0.000002
2025-12-16 18:00:35.447,0.001107,-0.006932,-0.005189,-0.000002,0.000001,-0.000002
2025-12-16 18:00:35.448,0.001120,-0.006904,-0.005179,-0.000002,0.000001,-0.000002
2025-12-16 18:00:35.450,0.001145,-0.006843,-0.005158,-0.000002,0.000001,-0.000002
2025-12-16 18:00:35.451,0.001151,-0.006812,-0.005147,-0.000002,0.000001,-0.000002
2025-12-16 18:00:35.453,0.001154,-0.006758,-0.005119,-0.000002,0.000001,-0.000002
2025-12-16 18:00:35.454,0.001145,-0.006717,-0.005110,-0.000002,0.000001,-0.000002
2025-12-16 18:00:35.455,0.001134,-0.006676,-0.005104,-0.000002,0.000001,-0.000002
2025-12-16 18:00:35.456,0.001117,-0.006624,-0.005106,-0.000002,0.000001,-0.000001
2025-12-16 18:00:35.457,0.001100,-0.006576,-0.005110,-0.000002,0.000001,-0.000001
2025-12-16 18:00:35.458,0.001078,-0.006519,-0.005115,-0.000002,0.000001,-0.000001
2025-12-16 18:00:35.460,0.001018,-0.006407,-0.005123,-0.000002,0.000001,-0.000001
2025-12-16 18:00:35.461,0.000982,-0.006349,-0.005125,-0.000002,0.000001,-0.000001
2025-12-16 18:00:35.462,0.000948,-0.006297,-0.005125,-0.000002,0.000001,-0.000001
2025-12-16 18:00:35.463,0.000910,-0.006242,-0.005128,-0.000002,0.000001,-0.000001
2025-12-16 18:00:35.464,0.000866,-0.006186,-0.005131,-0.000002,0.000001,-0.000001
2025-12-16 18:00:35.465,0.000826,-0.006138,-0.005134,-0.000002,0.000001,-0.000001
2025-12-16 18:00:35.466,0.000783,-0.006087,-0.005145,-0.000002,0.000001,-0.000001
2025-12-16 18:00:35.468,0.000689,-0.005974,-0.005161,-0.000002,0.000001,-0.000001
2025-12-16 18:00:35.469,0.000648,-0.005919,-0.005170,-0.000002,0.000001,-0.000001
2025-12-16 18:00:35.470,0.000607,-0.005864,-0.005180,-0.000002,0.000001,-0.000001
2025-12-16 18:00:35.471,0.000568,-0.005808,-0.005197,-0.000002,0.000001,-0.000001
2025-12-16 18:00:35.472,0.000529,-0.005752,-0.005215,-0.000002,0.000001,-0.000001
2025-12-16 18:00:35.473,0.000495,-0.005695,-0.005235,-0.000002,0.000001,-0.000001
2025-12-16 18:00:35.475,0.000435,-0.005595,-0.005268,-0.000002,0.000001,-0.000001
2025-12-16 18:00:35.476,0.000413,-0.005557,-0.005281,-0.000002,0.000001,-0.000001
2025-12-16 18:00:35.477,0.000394,-0.005511,-0.005292,-0.000002,0.000001,-0.000001
2025-12-16 18:00:35.478,0.000379,-0.005469,-0.005301,-0.000002,0.000001,-0.000001
2025-12-16 18:00:35.479,0.000365,-0.005417,-0.005315,-0.000002,0.000001,-0.000001
2025-12-16 18:00:35.480,0.000350,-0.005356,-0.005334,-0.000002,0.000001,-0.000001
2025-12-16 18:00:35.481,0.000338,-0.005297,-0.005354,-0.000002,0.000001,-0.000001
2025-12-16 18:00:35.482,0.000327,-0.005248,-0.005371,-0.000002,0.000001,-0.000001
2025-12-16 18:00:35.484,0.000310,-0.005135,-0.005397,-0.000002,0.000001,-0.000001
2025-12-16 18:00:35.485,0.000309,-0.005077,-0.005410,-0.000002,0.000001,-0.000001
2025-12-16 18:00:35.486,0.000310,-0.005027,-0.005422,-0.000002,0.000001,-0.000001
2025-12-16 18:00:35.487,0.000317,-0.004971,-0.005431,-0.000002,0.000001,-0.000001
2025-12-16 18:00:35.488,0.000326,-0.004922,-0.005437,-0.000002,0.000001,-0.000001
2025-12-16 18:00:35.489,0.000349,-0.004796,-0.005461,-0.000002,0.000001,-0.000001
2025-12-16 18:00:35.491,0.000364,-0.004727,-0.005471,-0.000002,0.000001,-0.000001
2025-12-16 18:00:35.492,0.000380,-0.004658,-0.005478,-0.000002,0.000001,-0.000001
2025-12-16 18:00:35.493,0.000395,-0.004601,-0.005483,-0.000002,0.000001,-0.000001
2025-12-16 18:00:35.494,0.000413,-0.004539,-0.005490,-0.000002,0.000001,-0.000001
2025-12-16 18:00:35.495,0.000436,-0.004414,-0.005503,-0.000002,0.000001,-0.000001
2025-12-16 18:00:35.497,0.000449,-0.004350,-0.005518,-0.000002,0.000001,-0.000001
2025-12-16 18:00:35.498,0.000469,-0.004285,-0.005541,-0.000002,0.000001,-0.000001
2025-12-16 18:00:35.499,0.000488,-0.004229,-0.005562,-0.000002,0.000001,-0.000001
2025-12-16 18:00:35.500,0.000505,-0.004173,-0.005587,-0.000002,0.000001,-0.000001
2025-12-16 18:00:35.501,0.000520,-0.004125,-0.005610,-0.000002,0.000001,-0.000001
2025-12-16 18:00:35.503,0.000545,-0.004005,-0.005673,-0.000002,0.000001,-0.000001
2025-12-16 18:00:35.504,0.000555,-0.003942,-0.005711,-0.000002,0.000001,-0.000000
2025-12-16 18:00:35.505,0.000565,-0.003882,-0.005753,-0.000002,0.000001,-0.000001
2025-12-16 18:00:35.506,0.000574,-0.003832,-0.005789,-0.000002,0.000001,-0.000001
2025-12-16 18:00:35.508,0.000579,-0.003716,-0.005885,-0.000002,0.000001,-0.000000
2025-12-16 18:00:35.509,0.000586,-0.003657,-0.005943,-0.000002,0.000001,-0.000000
2025-12-16 18:00:35.510,0.000603,-0.003548,-0.006054,-0.000002,0.000001,-0.000000
2025-12-16 18:00:35.512,0.000614,-0.003491,-0.006114,-0.000002,0.000001,-0.000000
2025-12-16 18:00:35.513,0.000625,-0.003439,-0.006172,-0.000002,0.000002,-0.000000
2025-12-16 18:00:35.514,0.000635,-0.003383,-0.006233,-0.000002,0.000002,-0.000000
2025-12-16 18:00:35.518,0.000690,-0.003185,-0.006467,-0.000002,0.000002,-0.000000
2025-12-16 18:00:35.519,0.000713,-0.003129,-0.006530,-0.000002,0.000002,-0.000000
2025-12-16 18:00:35.523,0.000826,-0.002908,-0.006786,-0.000002,0.000002,-0.000000
2025-12-16 18:00:35.524,0.000866,-0.002854,-0.006852,-0.000002,0.000002,-0.000000
2025-12-16 18:00:35.525,0.000908,-0.002797,-0.006922,-0.000002,0.000002,-0.000000
2025-12-16 18:00:35.526,0.000944,-0.002746,-0.006983,-0.000002,0.000002,-0.000000
2025-12-16 18:00:35.527,0.001030,-0.002646,-0.007127,-0.000002,0.000002,-0.000000
2025-12-16 18:00:35.529,0.001068,-0.002602,-0.007196,-0.000002,0.000002,-0.000000
2025-12-16 18:00:35.531,0.001150,-0.002503,-0.007343,-0.000002,0.000002,-0.000000
2025-12-16 18:00:35.532,0.001183,-0.002458,-0.007410,-0.000002,0.000002,-0.000000
2025-12-16 18:00:35.533,0.001215,-0.002409,-0.007483,-0.000002,0.000002,-0.000000
2025-12-16 18:00:35.534,0.001246,-0.002360,-0.007562,-0.000002,0.000002,-0.000000
2025-12-16 18:00:35.535,0.001273,-0.002319,-0.007630,-0.000002,0.000002,-0.000000
2025-12-16 18:00:35.536,0.001301,-0.002277,-0.007713,-0.000002,0.000002,-0.000000
2025-12-16 18:00:35.537,0.001326,-0.002241,-0.007795,-0.000002,0.000002,-0.000000
2025-12-16 18:00:35.539,0.001369,-0.002174,-0.007968,-0.000002,0.000002,-0.000000
2025-12-16 18:00:35.540,0.001380,-0.002141,-0.008056,-0.000002,0.000002,-0.000000
2025-12-16 18:00:35.541,0.001384,-0.002108,-0.008144,-0.000002,0.000002,-0.000000
2025-12-16 18:00:35.542,0.001386,-0.002075,-0.008227,-0.000002,0.000002,-0.000000
2025-12-16 18:00:35.543,0.001380,-0.002015,-0.008382,-0.000002,0.000002,-0.000000
2025-12-16 18:00:35.545,0.001374,-0.001986,-0.008463,-0.000002,0.000002,-0.000000
2025-12-16 18:00:35.546,0.001368,-0.001956,-0.008560,-0.000003,0.000002,-0.000000
2025-12-16 18:00:35.547,0.001359,-0.001930,-0.008657,-0.000002,0.000002,-0.000000
2025-12-16 18:00:35.549,0.001344,-0.001882,-0.008837,-0.000003,0.000002,-0.000000
2025-12-16 18:00:35.550,0.001333,-0.001859,-0.008925,-0.000002,0.000002,-0.000000
2025-12-16 18:00:35.551,0.001324,-0.001838,-0.009010,-0.000003,0.000002,-0.000000
2025-12-16 18:00:35.552,0.001306,-0.001792,-0.009188,-0.000003,0.000002,-0.000000
2025-12-16 18:00:35.554,0.001296,-0.001770,-0.009263,-0.000003,0.000003,0.000000
2025-12-16 18:00:35.555,0.001286,-0.001743,-0.009342,-0.000003,0.000003,0.000000
2025-12-16 18:00:35.556,0.001278,-0.001713,-0.009423,-0.000003,0.000003,-0.000000
2025-12-16 18:00:35.557,0.001267,-0.001677,-0.009512,-0.000003,0.000003,-0.000000
2025-12-16 18:00:35.558,0.001246,-0.001611,-0.009664,-0.000003,0.000003,0.000000
2025-12-16 18:00:35.560,0.001238,-0.001578,-0.009745,-0.000003,0.000003,0.000000
2025-12-16 18:00:35.561,0.001232,-0.001546,-0.009823,-0.000003,0.000003,0.000000
2025-12-16 18:00:35.562,0.001227,-0.001513,-0.009902,-0.000003,0.000003,0.000000
2025-12-16 18:00:35.563,0.001223,-0.001486,-0.009968,-0.000003,0.000003,0.000000
2025-12-16 18:00:35.564,0.001220,-0.001459,-0.010032,-0.000003,0.000003,0.000000
2025-12-16 18:00:35.565,0.001216,-0.001427,-0.010101,-0.000003,0.000003,0.000000
2025-12-16 18:00:35.566,0.001213,-0.001393,-0.010169,-0.000003,0.000003,0.000000
2025-12-16 18:00:35.567,0.001204,-0.001354,-0.010239,-0.000003,0.000003,0.000000
2025-12-16 18:00:35.568,0.001185,-0.001269,-0.010379,-0.000003,0.000003,0.000000
2025-12-16 18:00:35.570,0.001167,-0.001223,-0.010450,-0.000003,0.000003,0.000000
2025-12-16 18:00:35.571,0.001148,-0.001182,-0.010512,-0.000003,0.000003,0.000000
2025-12-16 18:00:35.572,0.001127,-0.001139,-0.010569,-0.000003,0.000003,0.000000
2025-12-16 18:00:35.573,0.001106,-0.001092,-0.010631,-0.000003,0.000003,0.000000
2025-12-16 18:00:35.574,0.001081,-0.001051,-0.010693,-0.000003,0.000003,0.000000
2025-12-16 18:00:35.575,0.001058,-0.001018,-0.010745,-0.000003,0.000003,0.000000
2025-12-16 18:00:35.576,0.001025,-0.000983,-0.010796,-0.000003,0.000003,0.000000
2025-12-16 18:00:35.578,0.000946,-0.000907,-0.010911,-0.000003,0.000003,0.000000
2025-12-16 18:00:35.579,0.000899,-0.000868,-0.010967,-0.000003,0.000003,0.000000
2025-12-16 18:00:35.580,0.000852,-0.000825,-0.011027,-0.000003,0.000003,0.000000
2025-12-16 18:00:35.581,0.000812,-0.000787,-0.011079,-0.000004,0.000003,0.000000
2025-12-16 18:00:35.582,0.000713,-0.000691,-0.011192,-0.000004,0.000003,0.000000
2025-12-16 18:00:35.584,0.000649,-0.000634,-0.011257,-0.000004,0.000003,0.000000
2025-12-16 18:00:35.585,0.000580,-0.000577,-0.011321,-0.000004,0.000004,0.000000
2025-12-16 18:00:35.586,0.000505,-0.000519,-0.011379,-0.000004,0.000004,0.000000
2025-12-16 18:00:35.587,0.000435,-0.000465,-0.011432,-0.000004,0.000004,0.000000
2025-12-16 18:00:35.588,0.000377,-0.000421,-0.011475,-0.000004,0.000004,0.000000
2025-12-16 18:00:35.589,0.000250,-0.000340,-0.011567,-0.000004,0.000004,0.000000
2025-12-16 18:00:35.591,0.000195,-0.000305,-0.011606,-0.000004,0.000004,0.000000
2025-12-16 18:00:35.592,0.000131,-0.000258,-0.011655,-0.000004,0.000004,0.000000
2025-12-16 18:00:35.593,0.000069,-0.000209,-0.011711,-0.000004,0.000004,0.000000
2025-12-16 18:00:35.594,0.000007,-0.000153,-0.011764,-0.000004,0.000004,0.000001
2025-12-16 18:00:35.595,-0.000051,-0.000098,-0.011819,-0.000004,0.000004,0.000001
2025-12-16 18:00:35.596,-0.000105,-0.000038,-0.011876,-0.000004,0.000004,0.000001
2025-12-16 18:00:35.597,-0.000199,0.000076,-0.011985,-0.000004,0.000004,0.000001
2025-12-16 18:00:35.599,-0.000240,0.000129,-0.012041,-0.000004,0.000004,0.000001
2025-12-16 18:00:35.600,-0.000274,0.000173,-0.012090,-0.000004,0.000004,0.000001
2025-12-16 18:00:35.601,-0.000301,0.000217,-0.012143,-0.000004,0.000004,0.000001
2025-12-16 18:00:35.602,-0.000321,0.000258,-0.012192,-0.000005,0.000004,0.000001
2025-12-16 18:00:35.603,-0.000341,0.000297,-0.012243,-0.000005,0.000004,0.000001
2025-12-16 18:00:35.604,-0.000358,0.000334,-0.012289,-0.000005,0.000004,0.000001
2025-12-16 18:00:35.605,-0.000372,0.000369,-0.012334,-0.000005,0.000004,0.000001
2025-12-16 18:00:35.606,-0.000383,0.000404,-0.012378,-0.000005,0.000004,0.000001
2025-12-16 18:00:35.607,-0.000397,0.000442,-0.012424,-0.000005,0.000004,0.000001
2025-12-16 18:00:35.608,-0.000419,0.000526,-0.012505,-0.000005,0.000005,0.000001
2025-12-16 18:00:35.610,-0.000429,0.000562,-0.012533,-0.000005,0.000004,0.000001
2025-12-16 18:00:35.611,-0.000439,0.000600,-0.012570,-0.000005,0.000005,0.000001
2025-12-16 18:00:35.612,-0.000442,0.000633,-0.012610,-0.000005,0.000005,0.000001
2025-12-16 18:00:35.613,-0.000442,0.000663,-0.012648,-0.000005,0.000005,0.000001
2025-12-16 18:00:35.614,-0.000442,0.000689,-0.012679,-0.000005,0.000005,0.000001
2025-12-16 18:00:35.615,-0.000441,0.000709,-0.012703,-0.000005,0.000005,0.000001
2025-12-16 18:00:35.616,-0.000435,0.000724,-0.012727,-0.000005,0.000005,0.000001
2025-12-16 18:00:35.617,-0.000433,0.000740,-0.012755,-0.000005,0.000005,0.000001
2025-12-16 18:00:35.618,-0.000428,0.000754,-0.012780,-0.000005,0.000005,0.000001
2025-12-16 18:00:35.619,-0.000428,0.000765,-0.012800,-0.000005,0.000005,0.000001
2025-12-16 18:00:35.620,-0.000435,0.000790,-0.012837,-0.000005,0.000005,0.000001
2025-12-16 18:00:35.621,-0.000443,0.000807,-0.012861,-0.000005,0.000005,0.000001
2025-12-16 18:00:35.622,-0.000449,0.000821,-0.012881,-0.000005,0.000005,0.000001
2025-12-16 18:00:35.624,-0.000454,0.000833,-0.012902,-0.000005,0.000005,0.000001
2025-12-16 18:00:35.625,-0.000457,0.000842,-0.012921,-0.000005,0.000005,0.000001
2025-12-16 18:00:35.626,-0.000467,0.000841,-0.012934,-0.000005,0.000005,0.000001
2025-12-16 18:00:35.627,-0.000477,0.000836,-0.012944,-0.000005,0.000005,0.000001
2025-12-16 18:00:35.629,-0.000498,0.000808,-0.012958,-0.000005,0.000005,0.000001
2025-12-16 18:00:35.630,-0.000509,0.000791,-0.012964,-0.000005,0.000005,0.000001
2025-12-16 18:00:35.631,-0.000523,0.000777,-0.012963,-0.000005,0.000005,0.000001
2025-12-16 18:00:35.632,-0.000540,0.000761,-0.012962,-0.000005,0.000005,0.000001
2025-12-16 18:00:35.633,-0.000563,0.000747,-0.012957,-0.000005,0.000005,0.000001
2025-12-16 18:00:35.634,-0.000586,0.000737,-0.012959,-0.000006,0.000005,0.000001
2025-12-16 18:00:35.635,-0.000609,0.000735,-0.012968,-0.000006,0.000005,0.000001
2025-12-16 18:00:35.636,-0.000633,0.000736,-0.012977,-0.000006,0.000005,0.000001
2025-12-16 18:00:35.637,-0.000659,0.000739,-0.012983,-0.000006,0.000005,0.000001
2025-12-16 18:00:35.638,-0.000684,0.000737,-0.012984,-0.000005,0.000005,0.000001
2025-12-16 18:00:35.639,-0.000704,0.000730,-0.012987,-0.000006,0.000005,0.000001
2025-12-16 18:00:35.640,-0.000740,0.000716,-0.012989,-0.000005,0.000005,0.000001
2025-12-16 18:00:35.642,-0.000752,0.000707,-0.012988,-0.000005,0.000005,0.000001
2025-12-16 18:00:35.643,-0.000764,0.000699,-0.012985,-0.000005,0.000005,0.000001
2025-12-16 18:00:35.644,-0.000778,0.000687,-0.012973,-0.000005,0.000005,0.000001
2025-12-16 18:00:35.645,-0.000791,0.000676,-0.012959,-0.000006,0.000005,0.000001
2025-12-16 18:00:35.646,-0.000803,0.000676,-0.012951,-0.000006,0.000005,0.000001
2025-12-16 18:00:35.647,-0.000812,0.000681,-0.012946,-0.000006,0.000005,0.000001
2025-12-16 18:00:35.648,-0.000819,0.000686,-0.012943,-0.000006,0.000005,0.000001
2025-12-16 18:00:35.649,-0.000824,0.000691,-0.012935,-0.000006,0.000005,0.000001
2025-12-16 18:00:35.650,-0.000828,0.000699,-0.012929,-0.000006,0.000005,0.000001
2025-12-16 18:00:35.651,-0.000822,0.000710,-0.012917,-0.000006,0.000005,0.000002
2025-12-16 18:00:35.653,-0.000813,0.000712,-0.012910,-0.000006,0.000005,0.000002
2025-12-16 18:00:35.654,-0.000803,0.000707,-0.012902,-0.000006,0.000005,0.000002
2025-12-16 18:00:35.655,-0.000794,0.000701,-0.012889,-0.000006,0.000005,0.000002
2025-12-16 18:00:35.656,-0.000781,0.000691,-0.012871,-0.000006,0.000005,0.000002
2025-12-16 18:00:35.657,-0.000769,0.000680,-0.012853,-0.000006,0.000005,0.000002
2025-12-16 18:00:35.658,-0.000756,0.000676,-0.012836,-0.000006,0.000005,0.000002
2025-12-16 18:00:35.659,-0.000739,0.000674,-0.012818,-0.000006,0.000005,0.000002
2025-12-16 18:00:35.661,-0.000703,0.000672,-0.012757,-0.000006,0.000005,0.000002
2025-12-16 18:00:35.662,-0.000689,0.000666,-0.012711,-0.000006,0.000005,0.000002
2025-12-16 18:00:35.663,-0.000669,0.000654,-0.012662,-0.000006,0.000005,0.000002
2025-12-16 18:00:35.665,-0.000623,0.000632,-0.012580,-0.000006,0.000005,0.000001
2025-12-16 18:00:35.666,-0.000596,0.000618,-0.012530,-0.000006,0.000005,0.000001
2025-12-16 18:00:35.667,-0.000568,0.000604,-0.012473,-0.000006,0.000005,0.000001
2025-12-16 18:00:35.668,-0.000540,0.000597,-0.012415,-0.000006,0.000005,0.000001
2025-12-16 18:00:35.669,-0.000511,0.000587,-0.012354,-0.000006,0.000005,0.000001
2025-12-16 18:00:35.670,-0.000482,0.000578,-0.012285,-0.000006,0.000005,0.000001
2025-12-16 18:00:35.672,-0.000418,0.000566,-0.012137,-0.000005,0.000005,0.000001
2025-12-16 18:00:35.673,-0.000390,0.000559,-0.012074,-0.000005,0.000005,0.000001
2025-12-16 18:00:35.674,-0.000356,0.000556,-0.011996,-0.000005,0.000005,0.000001
2025-12-16 18:00:35.675,-0.000326,0.000554,-0.011925,-0.000005,0.000005,0.000001
2025-12-16 18:00:35.676,-0.000287,0.000547,-0.011843,-0.000005,0.000005,0.000001
2025-12-16 18:00:35.677,-0.000244,0.000538,-0.011754,-0.000005,0.000005,0.000001
2025-12-16 18:00:35.679,-0.000146,0.000505,-0.011553,-0.000005,0.000004,0.000001
2025-12-16 18:00:35.680,-0.000097,0.000486,-0.011450,-0.000005,0.000004,0.000001
2025-12-16 18:00:35.681,-0.000058,0.000470,-0.011362,-0.000005,0.000004,0.000001
2025-12-16 18:00:35.682,-0.000016,0.000465,-0.011279,-0.000005,0.000004,0.000001
2025-12-16 18:00:35.683,0.000024,0.000463,-0.011195,-0.000005,0.000004,0.000001
2025-12-16 18:00:35.684,0.000061,0.000468,-0.011115,-0.000005,0.000004,0.000001
2025-12-16 18:00:35.686,0.000126,0.000472,-0.010974,-0.000004,0.000004,0.000001
2025-12-16 18:00:35.687,0.000162,0.000471,-0.010898,-0.000004,0.000004,0.000001
2025-12-16 18:00:35.688,0.000198,0.000470,-0.010823,-0.000004,0.000004,0.000001
2025-12-16 18:00:35.689,0.000232,0.000445,-0.010747,-0.000004,0.000004,0.000001
2025-12-16 18:00:35.690,0.000267,0.000421,-0.010676,-0.000004,0.000004,0.000001
2025-12-16 18:00:35.691,0.000297,0.000398,-0.010609,-0.000004,0.000004,0.000001
2025-12-16 18:00:35.692,0.000348,0.000360,-0.010492,-0.000004,0.000004,0.000001
2025-12-16 18:00:35.694,0.000369,0.000346,-0.010441,-0.000004,0.000004,0.000001
2025-12-16 18:00:35.695,0.000383,0.000336,-0.010391,-0.000004,0.000004,0.000001
2025-12-16 18:00:35.696,0.000391,0.000329,-0.010350,-0.000004,0.000004,0.000001
2025-12-16 18:00:35.697,0.000400,0.000323,-0.010314,-0.000004,0.000004,0.000001
2025-12-16 18:00:35.698,0.000409,0.000320,-0.010286,-0.000004,0.000004,0.000001
2025-12-16 18:00:35.699,0.000411,0.000317,-0.010263,-0.000004,0.000004,0.000001
2025-12-16 18:00:35.700,0.000411,0.000315,-0.010235,-0.000004,0.000004,0.000001
2025-12-16 18:00:35.702,0.000413,0.000303,-0.010180,-0.000004,0.000004,0.000001
2025-12-16 18:00:35.703,0.000419,0.000291,-0.010155,-0.000004,0.000004,0.000001
2025-12-16 18:00:35.704,0.000425,0.000280,-0.010129,-0.000004,0.000004,0.000001
2025-12-16 18:00:35.705,0.000429,0.000271,-0.010107,-0.000004,0.000004,0.000001
2025-12-16 18:00:35.706,0.000427,0.000268,-0.010079,-0.000004,0.000004,0.000001
2025-12-16 18:00:35.707,0.000422,0.000273,-0.010054,-0.000004,0.000004,0.000001
2025-12-16 18:00:35.708,0.000416,0.000283,-0.010037,-0.000004,0.000004,0.000001
2025-12-16 18:00:35.710,0.000395,0.000314,-0.010005,-0.000004,0.000004,0.000001
2025-12-16 18:00:35.711,0.000384,0.000335,-0.009992,-0.000004,0.000004,0.000001
2025-12-16 18:00:35.712,0.000375,0.000355,-0.009981,-0.000004,0.000004,0.000001
2025-12-16 18:00:35.713,0.000366,0.000384,-0.009967,-0.000004,0.000004,0.000001
2025-12-16 18:00:35.714,0.000353,0.000449,-0.009944,-0.000004,0.000004,0.000001
2025-12-16 18:00:35.716,0.000344,0.000491,-0.009928,-0.000004,0.000004,0.000001
2025-12-16 18:00:35.717,0.000334,0.000537,-0.009910,-0.000004,0.000004,0.000001
2025-12-16 18:00:35.718,0.000324,0.000577,-0.009889,-0.000004,0.000004,0.000001
2025-12-16 18:00:35.719,0.000316,0.000609,-0.009869,-0.000004,0.000004,0.000001
2025-12-16 18:00:35.720,0.000310,0.000633,-0.009853,-0.000004,0.000004,0.000001
2025-12-16 18:00:35.721,0.000279,0.000739,-0.009836,-0.000004,0.000004,0.000001
2025-12-16 18:00:35.723,0.000259,0.000816,-0.009833,-0.000004,0.000004,0.000001
2025-12-16 18:00:35.724,0.000235,0.000899,-0.009834,-0.000004,0.000004,0.000001
2025-12-16 18:00:35.725,0.000216,0.000979,-0.009830,-0.000004,0.000004,0.000002
2025-12-16 18:00:35.726,0.000197,0.001050,-0.009825,-0.000004,0.000004,0.000002
2025-12-16 18:00:35.727,0.000178,0.001120,-0.009820,-0.000004,0.000004,0.000002
2025-12-16 18:00:35.728,0.000148,0.001255,-0.009810,-0.000004,0.000004,0.000002
2025-12-16 18:00:35.730,0.000137,0.001327,-0.009807,-0.000004,0.000004,0.000002
2025-12-16 18:00:35.731,0.000123,0.001397,-0.009806,-0.000004,0.000004,0.000002
2025-12-16 18:00:35.732,0.000109,0.001457,-0.009807,-0.000004,0.000004,0.000002
2025-12-16 18:00:35.733,0.000094,0.001524,-0.009812,-0.000004,0.000004,0.000002
2025-12-16 18:00:35.734,0.000079,0.001598,-0.009817,-0.000004,0.000004,0.000002
2025-12-16 18:00:35.735,0.000064,0.001671,-0.009824,-0.000004,0.000004,0.000002
2025-12-16 18:00:35.737,0.000047,0.001810,-0.009854,-0.000005,0.000004,0.000002
2025-12-16 18:00:35.738,0.000040,0.001878,-0.009868,-0.000005,0.000004,0.000002
2025-12-16 18:00:35.739,0.000031,0.001954,-0.009887,-0.000005,0.000004,0.000002
2025-12-16 18:00:35.740,0.000024,0.002035,-0.009906,-0.000005,0.000004,0.000002
2025-12-16 18:00:35.741,0.000022,0.002114,-0.009927,-0.000005,0.000004,0.000003
2025-12-16 18:00:35.742,0.000021,0.002193,-0.009951,-0.000005,0.000005,0.000003
2025-12-16 18:00:35.743,0.000016,0.002355,-0.010002,-0.000005,0.000005,0.000003
2025-12-16 18:00:35.745,0.000014,0.002433,-0.010026,-0.000006,0.000005,0.000003
2025-12-16 18:00:35.746,0.000013,0.002520,-0.010051,-0.000006,0.000005,0.000003
2025-12-16 18:00:35.747,0.000010,0.002610,-0.010083,-0.000006,0.000005,0.000004
2025-12-16 18:00:35.748,0.000007,0.002688,-0.010113,-0.000006,0.000005,0.000004
2025-12-16 18:00:35.749,-0.000002,0.002789,-0.010159,-0.000007,0.000005,0.000004
2025-12-16 18:00:35.750,-0.000015,0.002905,-0.010213,-0.000007,0.000005,0.000004
2025-12-16 18:00:35.751,-0.000038,0.003154,-0.010316,-0.000007,0.000005,0.000004
2025-12-16 18:00:35.753,-0.000049,0.003263,-0.010360,-0.000008,0.000005,0.000005
2025-12-16 18:00:35.754,-0.000070,0.003399,-0.010424,-0.000008,0.000005,0.000005
2025-12-16 18:00:35.755,-0.000095,0.003549,-0.010495,-0.000008,0.000006,0.000005
2025-12-16 18:00:35.756,-0.000123,0.003710,-0.010575,-0.000008,0.000006,0.000005
2025-12-16 18:00:35.757,-0.000147,0.003849,-0.010646,-0.000009,0.000006,0.000005
2025-12-16 18:00:35.758,-0.000213,0.004209,-0.010829,-0.000009,0.000006,0.000005
2025-12-16 18:00:35.760,-0.000257,0.004418,-0.010937,-0.000009,0.000006,0.000005
2025-12-16 18:00:35.761,-0.000301,0.004637,-0.011055,-0.000009,0.000006,0.000005
2025-12-16 18:00:35.762,-0.000345,0.004865,-0.011186,-0.000009,0.000006,0.000005
2025-12-16 18:00:35.763,-0.000388,0.005107,-0.011325,-0.000009,0.000006,0.000006
2025-12-16 18:00:35.764,-0.000440,0.005357,-0.011470,-0.000009,0.000006,0.000006
2025-12-16 18:00:35.765,-0.000487,0.005571,-0.011595,-0.000010,0.000006,0.000006
2025-12-16 18:00:35.766,-0.000542,0.005830,-0.011755,-0.000010,0.000006,0.000006
2025-12-16 18:00:35.767,-0.000645,0.006347,-0.012095,-0.000010,0.000006,0.000006
2025-12-16 18:00:35.769,-0.000700,0.006671,-0.012333,-0.000010,0.000007,0.000006
2025-12-16 18:00:35.770,-0.000763,0.007038,-0.012608,-0.000011,0.000007,0.000006
2025-12-16 18:00:35.771,-0.000829,0.007410,-0.012888,-0.000011,0.000007,0.000006
2025-12-16 18:00:35.772,-0.000887,0.007727,-0.013126,-0.000011,0.000007,0.000006
2025-12-16 18:00:35.773,-0.000947,0.008079,-0.013393,-0.000012,0.000007,0.000006
2025-12-16 18:00:35.775,-0.001064,0.008929,-0.014074,-0.000012,0.000008,0.000006
2025-12-16 18:00:35.776,-0.001131,0.009461,-0.014496,-0.000013,0.000008,0.000006
2025-12-16 18:00:35.777,-0.001202,0.009986,-0.014908,-0.000013,0.000008,0.000006
2025-12-16 18:00:35.778,-0.001267,0.010486,-0.015287,-0.000013,0.000009,0.000006
2025-12-16 18:00:35.779,-0.001320,0.010898,-0.015596,-0.000014,0.000009,0.000006
2025-12-16 18:00:35.781,-0.001377,0.011370,-0.015939,-0.000014,0.000009,0.000006
2025-12-16 18:00:35.782,-0.001434,0.011867,-0.016294,-0.000015,0.000009,0.000006
2025-12-16 18:00:35.783,-0.001490,0.012387,-0.016659,-0.000015,0.000010,0.000006
2025-12-16 18:00:35.784,-0.001545,0.012926,-0.017041,-0.000016,0.000010,0.000006
2025-12-16 18:00:35.785,-0.001591,0.013485,-0.017441,-0.000017,0.000011,0.000006
2025-12-16 18:00:35.786,-0.001672,0.014551,-0.018203,-0.000018,0.000012,0.000006
2025-12-16 18:00:35.788,-0.001711,0.015049,-0.018552,-0.000019,0.000012,0.000006
2025-12-16 18:00:35.789,-0.001761,0.015637,-0.018931,-0.000019,0.000012,0.000007
2025-12-16 18:00:35.790,-0.001817,0.016268,-0.019325,-0.000020,0.000013,0.000007
2025-12-16 18:00:35.791,-0.001876,0.016919,-0.019728,-0.000021,0.000014,0.000007
2025-12-16 18:00:35.792,-0.001995,0.018223,-0.020533,-0.000022,0.000015,0.000007
2025-12-16 18:00:35.793,-0.002048,0.018865,-0.020941,-0.000023,0.000016,0.000008
2025-12-16 18:00:35.794,-0.002158,0.020126,-0.021711,-0.000025,0.000017,0.000008
2025-12-16 18:00:35.796,-0.002213,0.020726,-0.022064,-0.000025,0.000018,0.000008
2025-12-16 18:00:35.797,-0.002266,0.021309,-0.022412,-0.000026,0.000018,0.000008
2025-12-16 18:00:35.798,-0.002310,0.021794,-0.022704,-0.000026,0.000019,0.000008
2025-12-16 18:00:35.802,-0.002556,0.024243,-0.024307,-0.000028,0.000022,0.000009
2025-12-16 18:00:35.803,-0.002628,0.024827,-0.024696,-0.000028,0.000023,0.000009
2025-12-16 18:00:35.804,-0.002711,0.025410,-0.025093,-0.000029,0.000024,0.000009
2025-12-16 18:00:35.805,-0.002786,0.025903,-0.025431,-0.000030,0.000024,0.000009
2025-12-16 18:00:35.806,-0.002878,0.026460,-0.025818,-0.000031,0.000025,0.000009
2025-12-16 18:00:35.807,-0.002982,0.027038,-0.026231,-0.000031,0.000026,0.000009
2025-12-16 18:00:35.808,-0.003089,0.027607,-0.026646,-0.000032,0.000027,0.000009
2025-12-16 18:00:35.809,-0.003181,0.028086,-0.026999,-0.000032,0.000028,0.000009
2025-12-16 18:00:35.811,-0.003369,0.029036,-0.027705,-0.000032,0.000029,0.000008
2025-12-16 18:00:35.812,-0.003474,0.029522,-0.028064,-0.000033,0.000030,0.000008
2025-12-16 18:00:35.815,-0.003849,0.030986,-0.029131,-0.000034,0.000033,0.000007
2025-12-16 18:00:35.816,-0.003989,0.031488,-0.029500,-0.000034,0.000033,0.000007
2025-12-16 18:00:35.817,-0.004116,0.031935,-0.029831,-0.000034,0.000035,0.000007
2025-12-16 18:00:35.822,-0.004872,0.034269,-0.031632,-0.000038,0.000040,0.000006
2025-12-16 18:00:35.824,-0.005207,0.035165,-0.032336,-0.000039,0.000041,0.000006
2025-12-16 18:00:35.825,-0.005385,0.035614,-0.032685,-0.000039,0.000042,0.000005
2025-12-16 18:00:35.826,-0.005569,0.036060,-0.033027,-0.000039,0.000043,0.000005
2025-12-16 18:00:35.827,-0.005757,0.036496,-0.033360,-0.000040,0.000044,0.000005
2025-12-16 18:00:35.831,-0.006532,0.038101,-0.034561,-0.000042,0.000049,0.000004
2025-12-16 18:00:35.832,-0.006745,0.038494,-0.034865,-0.000044,0.000050,0.000004
2025-12-16 18:00:35.833,-0.006975,0.038883,-0.035173,-0.000045,0.000051,0.000004
2025-12-16 18:00:35.834,-0.007176,0.039210,-0.035435,-0.000046,0.000053,0.000004
2025-12-16 18:00:35.836,-0.007598,0.039773,-0.035891,-0.000048,0.000055,0.000004
2025-12-16 18:00:35.837,-0.007826,0.040036,-0.036114,-0.000048,0.000056,0.000004
2025-12-16 18:00:35.839,-0.008257,0.040514,-0.036544,-0.000049,0.000058,0.000005
2025-12-16 18:00:35.840,-0.008497,0.040768,-0.036798,-0.000050,0.000059,0.000005
2025-12-16 18:00:35.841,-0.009016,0.041225,-0.037309,-0.000052,0.000061,0.000006
2025-12-16 18:00:35.843,-0.009274,0.041404,-0.037543,-0.000052,0.000062,0.000006
2025-12-16 18:00:35.844,-0.009521,0.041553,-0.037769,-0.000052,0.000063,0.000007
2025-12-16 18:00:35.848,-0.010322,0.041814,-0.038591,-0.000055,0.000065,0.000008
2025-12-16 18:00:35.850,-0.010656,0.041701,-0.038931,-0.000055,0.000066,0.000008
2025-12-16 18:00:35.851,-0.010814,0.041590,-0.039096,-0.000056,0.000067,0.000009
2025-12-16 18:00:35.853,-0.011100,0.041342,-0.039426,-0.000058,0.000068,0.000010
2025-12-16 18:00:35.854,-0.011213,0.041236,-0.039575,-0.000059,0.000068,0.000010
2025-12-16 18:00:35.855,-0.011330,0.041103,-0.039745,-0.000059,0.000068,0.000010
2025-12-16 18:00:35.857,-0.011533,0.040802,-0.040050,-0.000058,0.000068,0.000010
2025-12-16 18:00:35.858,-0.011620,0.040631,-0.040181,-0.000059,0.000068,0.000011
2025-12-16 18:00:35.859,-0.011701,0.040384,-0.040298,-0.000058,0.000068,0.000011
2025-12-16 18:00:35.860,-0.011771,0.040103,-0.040405,-0.000058,0.000068,0.000010
2025-12-16 18:00:35.861,-0.011836,0.039809,-0.040499,-0.000059,0.000068,0.000011
2025-12-16 18:00:35.863,-0.011943,0.039213,-0.040641,-0.000059,0.000066,0.000011
2025-12-16 18:00:35.865,-0.012034,0.038626,-0.040698,-0.000059,0.000066,0.000011
2025-12-16 18:00:35.867,-0.012122,0.038026,-0.040672,-0.000059,0.000065,0.000011
2025-12-16 18:00:35.868,-0.012164,0.037737,-0.040652,-0.000059,0.000065,0.000011
2025-12-16 18:00:35.869,-0.012198,0.037497,-0.040636,-0.000059,0.000064,0.000011
2025-12-16 18:00:35.870,-0.012237,0.037247,-0.040607,-0.000059,0.000064,0.000011
2025-12-16 18:00:35.871,-0.012275,0.036985,-0.040554,-0.000059,0.000064,0.000011
2025-12-16 18:00:35.873,-0.012337,0.036484,-0.040405,-0.000060,0.000063,0.000010
2025-12-16 18:00:35.875,-0.012386,0.035849,-0.040100,-0.000060,0.000062,0.000010
2025-12-16 18:00:35.877,-0.012425,0.035277,-0.039776,-0.000058,0.000061,0.000009
2025-12-16 18:00:35.879,-0.012471,0.034785,-0.039441,-0.000059,0.000060,0.000009
2025-12-16 18:00:35.881,-0.012510,0.034256,-0.038986,-0.000059,0.000059,0.000010
2025-12-16 18:00:35.882,-0.012521,0.033995,-0.038737,-0.000059,0.000059,0.000010
2025-12-16 18:00:35.883,-0.012527,0.033738,-0.038479,-0.000058,0.000058,0.000010
2025-12-16 18:00:35.884,-0.012528,0.033482,-0.038217,-0.000057,0.000057,0.000010
2025-12-16 18:00:35.885,-0.012517,0.033230,-0.037960,-0.000056,0.000056,0.000010
2025-12-16 18:00:35.887,-0.012468,0.032719,-0.037424,-0.000056,0.000055,0.000010
2025-12-16 18:00:35.890,-0.012387,0.031962,-0.036557,-0.000054,0.000054,0.000009
2025-12-16 18:00:35.891,-0.012355,0.031716,-0.036252,-0.000053,0.000053,0.000009
2025-12-16 18:00:35.892,-0.012325,0.031500,-0.035979,-0.000052,0.000052,0.000009
2025-12-16 18:00:35.894,-0.012276,0.031272,-0.035682,-0.000051,0.000052,0.000009
2025-12-16 18:00:35.895,-0.012215,0.031054,-0.035389,-0.000051,0.000051,0.000009
2025-12-16 18:00:35.896,-0.012147,0.030854,-0.035115,-0.000050,0.000050,0.000008
2025-12-16 18:00:35.901,-0.011924,0.030323,-0.034343,-0.000048,0.000048,0.000009
2025-12-16 18:00:35.911,-0.010698,0.028769,-0.031191,-0.000039,0.000042,0.000008
2025-12-16 18:00:35.916,-0.010353,0.028681,-0.030369,-0.000038,0.000040,0.000007
2025-12-16 18:00:35.917,-0.010305,0.028641,-0.030186,-0.000037,0.000040,0.000008
2025-12-16 18:00:35.919,-0.010222,0.028593,-0.029847,-0.000036,0.000040,0.000008
2025-12-16 18:00:35.920,-0.010191,0.028599,-0.029700,-0.000037,0.000040,0.000008
2025-12-16 18:00:35.921,-0.010162,0.028617,-0.029564,-0.000036,0.000040,0.000008
2025-12-16 18:00:35.922,-0.010141,0.028625,-0.029419,-0.000036,0.000040,0.000008
2025-12-16 18:00:35.923,-0.010135,0.028624,-0.029271,-0.000035,0.000039,0.000008
2025-12-16 18:00:35.925,-0.010160,0.028581,-0.028962,-0.000034,0.000039,0.000008
2025-12-16 18:00:35.926,-0.010202,0.028520,-0.028711,-0.000034,0.000039,0.000009
2025-12-16 18:00:35.928,-0.010233,0.028472,-0.028579,-0.000033,0.000039,0.000008
2025-12-16 18:00:35.929,-0.010262,0.028425,-0.028466,-0.000033,0.000039,0.000008
2025-12-16 18:00:35.930,-0.010308,0.028353,-0.028309,-0.000033,0.000039,0.000008
2025-12-16 18:00:35.931,-0.010365,0.028264,-0.028138,-0.000032,0.000039,0.000008
2025-12-16 18:00:35.932,-0.010427,0.028163,-0.027954,-0.000032,0.000038,0.000009
2025-12-16 18:00:35.934,-0.010488,0.028055,-0.027767,-0.000032,0.000038,0.000009
2025-12-16 18:00:35.935,-0.010666,0.027768,-0.027293,-0.000032,0.000038,0.000008
2025-12-16 18:00:35.937,-0.010733,0.027654,-0.027124,-0.000032,0.000038,0.000009
2025-12-16 18:00:35.939,-0.010870,0.027376,-0.026754,-0.000032,0.000037,0.000008
2025-12-16 18:00:35.940,-0.010928,0.027244,-0.026591,-0.000032,0.000037,0.000008
2025-12-16 18:00:35.941,-0.010992,0.027084,-0.026399,-0.000032,0.000037,0.000008
2025-12-16 18:00:35.943,-0.011112,0.026770,-0.026033,-0.000031,0.000037,0.000008
2025-12-16 18:00:35.945,-0.011232,0.026414,-0.025630,-0.000032,0.000036,0.000009
2025-12-16 18:00:35.946,-0.011284,0.026243,-0.025435,-0.000032,0.000036,0.000009
2025-12-16 18:00:35.947,-0.011333,0.026080,-0.025242,-0.000032,0.000036,0.000009
2025-12-16 18:00:35.948,-0.011379,0.025917,-0.025044,-0.000032,0.000036,0.000009
2025-12-16 18:00:35.949,-0.011419,0.025752,-0.024846,-0.000032,0.000035,0.000009
2025-12-16 18:00:35.951,-0.011477,0.025450,-0.024488,-0.000031,0.000035,0.000009
2025-12-16 18:00:35.953,-0.011521,0.025137,-0.024117,-0.000031,0.000034,0.000009
2025-12-16 18:00:35.954,-0.011540,0.024966,-0.023915,-0.000030,0.000034,0.000009
2025-12-16 18:00:35.955,-0.011554,0.024818,-0.023740,-0.000029,0.000034,0.000009
2025-12-16 18:00:35.956,-0.011563,0.024658,-0.023536,-0.000029,0.000033,0.000009
2025-12-16 18:00:35.957,-0.011568,0.024517,-0.023353,-0.000029,0.000033,0.000009
2025-12-16 18:00:35.959,-0.011570,0.024254,-0.022958,-0.000028,0.000032,0.000010
2025-12-16 18:00:35.961,-0.011566,0.024010,-0.022544,-0.000028,0.000032,0.000010
2025-12-16 18:00:35.962,-0.011558,0.023889,-0.022327,-0.000027,0.000031,0.000009
2025-12-16 18:00:35.963,-0.011551,0.023784,-0.022134,-0.000027,0.000031,0.000009
2025-12-16 18:00:35.965,-0.011518,0.023535,-0.021676,-0.000027,0.000031,0.000009
2025-12-16 18:00:35.966,-0.011498,0.023403,-0.021435,-0.000027,0.000030,0.000009
2025-12-16 18:00:35.969,-0.011426,0.023033,-0.020767,-0.000026,0.000030,0.000009
2025-12-16 18:00:35.971,-0.011360,0.022805,-0.020316,-0.000025,0.000029,0.000009
2025-12-16 18:00:35.972,-0.011333,0.022713,-0.020126,-0.000025,0.000029,0.000009
2025-12-16 18:00:35.973,-0.011298,0.022615,-0.019923,-0.000024,0.000028,0.000009
2025-12-16 18:00:35.974,-0.011258,0.022508,-0.019703,-0.000024,0.000028,0.000009
2025-12-16 18:00:35.975,-0.011213,0.022394,-0.019478,-0.000024,0.000028,0.000009
2025-12-16 18:00:35.976,-0.011159,0.022275,-0.019255,-0.000023,0.000028,0.000009
2025-12-16 18:00:35.977,-0.011095,0.022143,-0.019040,-0.000023,0.000027,0.000009
2025-12-16 18:00:35.979,-0.010951,0.021855,-0.018628,-0.000022,0.000027,0.000009
2025-12-16 18:00:35.980,-0.010872,0.021700,-0.018427,-0.000022,0.000026,0.000009
2025-12-16 18:00:35.981,-0.010805,0.021565,-0.018258,-0.000021,0.000026,0.000009
2025-12-16 18:00:35.982,-0.010719,0.021414,-0.018077,-0.000021,0.000025,0.000009
2025-12-16 18:00:35.983,-0.010640,0.021281,-0.017920,-0.000020,0.000025,0.000009
2025-12-16 18:00:35.985,-0.010424,0.020978,-0.017588,-0.000020,0.000025,0.000009
2025-12-16 18:00:35.992,-0.009815,0.020177,-0.016836,-0.000018,0.000023,0.000009
2025-12-16 18:00:35.993,-0.009509,0.019777,-0.016531,-0.000017,0.000022,0.000008
2025-12-16 18:00:35.995,-0.009213,0.019400,-0.016264,-0.000016,0.000022,0.000008
2025-12-16 18:00:35.996,-0.009041,0.019198,-0.016136,-0.000016,0.000021,0.000008
2025-12-16 18:00:35.998,-0.008540,0.018620,-0.015774,-0.000015,0.000020,0.000008
2025-12-16 18:00:36.003,-0.007746,0.017739,-0.015210,-0.000014,0.000019,0.000008
2025-12-16 18:00:36.004,-0.007586,0.017556,-0.015093,-0.000014,0.000019,0.000007
2025-12-16 18:00:36.007,-0.007109,0.017014,-0.014748,-0.000013,0.000018,0.000007
2025-12-16 18:00:36.009,-0.006804,0.016681,-0.014529,-0.000012,0.000018,0.000007
2025-12-16 18:00:36.010,-0.006642,0.016512,-0.014412,-0.000012,0.000017,0.000007
2025-12-16 18:00:36.013,-0.006190,0.016052,-0.014061,-0.000011,0.000016,0.000006
2025-12-16 18:00:36.014,-0.006045,0.015906,-0.013948,-0.000011,0.000016,0.000006
2025-12-16 18:00:36.015,-0.005895,0.015752,-0.013823,-0.000011,0.000016,0.000006
2025-12-16 18:00:36.016,-0.005740,0.015595,-0.013698,-0.000011,0.000016,0.000006
2025-12-16 18:00:36.018,-0.005450,0.015291,-0.013453,-0.000011,0.000015,0.000006
2025-12-16 18:00:36.019,-0.005301,0.015127,-0.013315,-0.000010,0.000015,0.000006
2025-12-16 18:00:36.022,-0.004852,0.014635,-0.012898,-0.000010,0.000014,0.000006
2025-12-16 18:00:36.023,-0.004690,0.014461,-0.012751,-0.000009,0.000014,0.000005
2025-12-16 18:00:36.024,-0.004530,0.014293,-0.012606,-0.000009,0.000014,0.000005
2025-12-16 18:00:36.025,-0.004378,0.014128,-0.012459,-0.000009,0.000013,0.000005
2025-12-16 18:00:36.026,-0.004110,0.013835,-0.012206,-0.000009,0.000013,0.000005
2025-12-16 18:00:36.029,-0.003799,0.013496,-0.011942,-0.000008,0.000012,0.000005
2025-12-16 18:00:36.030,-0.003626,0.013310,-0.011804,-0.000008,0.000012,0.000004
2025-12-16 18:00:36.031,-0.003476,0.013150,-0.011689,-0.000008,0.000012,0.000004
2025-12-16 18:00:36.033,-0.003130,0.012770,-0.011419,-0.000007,0.000011,0.000004
2025-12-16 18:00:36.034,-0.002943,0.012562,-0.011275,-0.000007,0.000011,0.000004
2025-12-16 18:00:36.035,-0.002783,0.012384,-0.011152,-0.000006,0.000011,0.000004
2025-12-16 18:00:36.037,-0.002423,0.012000,-0.010883,-0.000006,0.000010,0.000004
2025-12-16 18:00:36.038,-0.002237,0.011801,-0.010740,-0.000006,0.000010,0.000004
2025-12-16 18:00:36.039,-0.002049,0.011602,-0.010601,-0.000006,0.000010,0.000004
2025-12-16 18:00:36.040,-0.001868,0.011405,-0.010460,-0.000005,0.000010,0.000003
2025-12-16 18:00:36.041,-0.001717,0.011239,-0.010340,-0.000005,0.000009,0.000003
2025-12-16 18:00:36.042,-0.001541,0.011052,-0.010212,-0.000005,0.000009,0.000003
2025-12-16 18:00:36.043,-0.001360,0.010857,-0.010081,-0.000005,0.000009,0.000003
2025-12-16 18:00:36.045,-0.001013,0.010473,-0.009827,-0.000004,0.000008,0.000003
2025-12-16 18:00:36.048,-0.000524,0.009948,-0.009460,-0.000004,0.000007,0.000003
2025-12-16 18:00:36.049,-0.000394,0.009802,-0.009350,-0.000004,0.000007,0.000003
2025-12-16 18:00:36.050,-0.000259,0.009648,-0.009222,-0.000003,0.000007,0.000002
2025-12-16 18:00:36.051,-0.000143,0.009515,-0.009107,-0.000003,0.000007,0.000002
2025-12-16 18:00:36.052,0.000098,0.009228,-0.008847,-0.000003,0.000006,0.000002
2025-12-16 18:00:36.054,0.000214,0.009084,-0.008710,-0.000003,0.000006,0.000002
2025-12-16 18:00:36.056,0.000416,0.008813,-0.008444,-0.000003,0.000006,0.000002
2025-12-16 18:00:36.058,0.000587,0.008559,-0.008179,-0.000002,0.000006,0.000002
2025-12-16 18:00:36.061,0.000777,0.008245,-0.007815,-0.000002,0.000005,0.000002
2025-12-16 18:00:36.062,0.000822,0.008153,-0.007693,-0.000002,0.000005,0.000002
2025-12-16 18:00:36.063,0.000858,0.008076,-0.007585,-0.000002,0.000005,0.000002
2025-12-16 18:00:36.065,0.000920,0.007921,-0.007339,-0.000002,0.000005,0.000002
2025-12-16 18:00:36.066,0.000952,0.007837,-0.007195,-0.000002,0.000005,0.000002
2025-12-16 18:00:36.067,0.000986,0.007745,-0.007044,-0.000002,0.000004,0.000002
2025-12-16 18:00:36.068,0.001017,0.007655,-0.006894,-0.000002,0.000004,0.000001
2025-12-16 18:00:36.069,0.001051,0.007563,-0.006743,-0.000002,0.000004,0.000001
2025-12-16 18:00:36.071,0.001120,0.007387,-0.006452,-0.000001,0.000004,0.000001
2025-12-16 18:00:36.072,0.001155,0.007300,-0.006303,-0.000001,0.000004,0.000001
2025-12-16 18:00:36.073,0.001190,0.007218,-0.006155,-0.000001,0.000004,0.000001
2025-12-16 18:00:36.074,0.001220,0.007151,-0.006030,-0.000001,0.000004,0.000001
2025-12-16 18:00:36.076,0.001279,0.006993,-0.005758,-0.000001,0.000003,0.000001
2025-12-16 18:00:36.077,0.001310,0.006909,-0.005608,-0.000001,0.000003,0.000001
2025-12-16 18:00:36.078,0.001351,0.006814,-0.005448,-0.000001,0.000003,0.000001
2025-12-16 18:00:36.079,0.001392,0.006714,-0.005284,-0.000001,0.000003,0.000001
2025-12-16 18:00:36.081,0.001491,0.006503,-0.004955,-0.000001,0.000003,0.000001
2025-12-16 18:00:36.082,0.001547,0.006389,-0.004791,-0.000001,0.000003,0.000001
2025-12-16 18:00:36.083,0.001605,0.006271,-0.004626,-0.000001,0.000002,0.000001
2025-12-16 18:00:36.085,0.001712,0.006043,-0.004321,-0.000000,0.000002,0.000001
2025-12-16 18:00:36.086,0.001767,0.005924,-0.004167,-0.000000,0.000002,0.000001
2025-12-16 18:00:36.087,0.001823,0.005804,-0.004007,-0.000000,0.000002,0.000001
2025-12-16 18:00:36.088,0.001879,0.005680,-0.003843,-0.000000,0.000002,0.000001
2025-12-16 18:00:36.089,0.001930,0.005559,-0.003677,-0.000000,0.000002,0.000001
2025-12-16 18:00:36.090,0.001979,0.005437,-0.003511,-0.000000,0.000002,0.000001
2025-12-16 18:00:36.091,0.002025,0.005309,-0.003346,-0.000000,0.000002,0.000001
2025-12-16 18:00:36.093,0.002109,0.005079,-0.003058,0.000000,0.000001,0.000000
2025-12-16 18:00:36.097,0.002248,0.004549,-0.002431,0.000000,0.000001,0.000000
2025-12-16 18:00:36.098,0.002265,0.004416,-0.002276,0.000000,0.000001,0.000000
2025-12-16 18:00:36.101,0.002262,0.004038,-0.001837,0.000000,0.000000,0.000000
2025-12-16 18:00:36.102,0.002237,0.003914,-0.001691,0.000000,0.000000,0.000000
2025-12-16 18:00:36.103,0.002209,0.003823,-0.001587,0.000000,0.000000,0.000000
2025-12-16 18:00:36.104,0.002118,0.003624,-0.001360,0.000001,0.000000,0.000000
2025-12-16 18:00:36.106,0.002064,0.003521,-0.001250,0.000001,0.000000,0.000000
2025-12-16 18:00:36.107,0.002017,0.003432,-0.001157,0.000000,0.000000,0.000000
2025-12-16 18:00:36.108,0.001959,0.003327,-0.001049,0.000001,0.000000,0.000000
2025-12-16 18:00:36.110,0.001809,0.003106,-0.000828,0.000001,0.000000,-0.000000
2025-12-16 18:00:36.111,0.001716,0.002998,-0.000718,0.000001,0.000000,0.000000
2025-12-16 18:00:36.112,0.001616,0.002890,-0.000609,0.000001,0.000000,0.000000
2025-12-16 18:00:36.115,0.001279,0.002525,-0.000246,0.000001,-0.000000,0.000000
2025-12-16 18:00:36.116,0.001155,0.002380,-0.000111,0.000001,-0.000000,0.000000
2025-12-16 18:00:36.117,0.001049,0.002251,0.000006,0.000001,-0.000000,0.000000
2025-12-16 18:00:36.118,0.000931,0.002103,0.000116,0.000001,-0.000000,0.000000
2025-12-16 18:00:36.119,0.000827,0.001970,0.000207,0.000000,-0.000000,0.000000
2025-12-16 18:00:36.121,0.000612,0.001655,0.000410,0.000000,-0.000000,0.000000
2025-12-16 18:00:36.122,0.000500,0.001463,0.000525,0.000000,-0.000000,0.000000
2025-12-16 18:00:36.124,0.000283,0.001044,0.000774,0.000000,-0.000000,0.000000
2025-12-16 18:00:36.125,0.000182,0.000828,0.000896,0.000000,-0.000000,0.000000
2025-12-16 18:00:36.127,0.000005,0.000399,0.001128,0.000000,-0.000000,-0.000000
2025-12-16 18:00:36.128,-0.000074,0.000177,0.001241,0.000000,-0.000000,-0.000000
2025-12-16 18:00:36.129,-0.000144,-0.000057,0.001361,0.000000,-0.000000,-0.000000
2025-12-16 18:00:36.131,-0.000266,-0.000563,0.001629,0.000000,-0.000001,-0.000000
2025-12-16 18:00:36.132,-0.000315,-0.000831,0.001776,0.000000,-0.000001,-0.000000
2025-12-16 18:00:36.133,-0.000353,-0.001060,0.001902,0.000000,-0.000001,-0.000000
2025-12-16 18:00:36.134,-0.000377,-0.001283,0.002005,0.000000,-0.000001,-0.000000
2025-12-16 18:00:36.137,-0.000402,-0.001830,0.002233,0.000000,-0.000001,-0.000000
2025-12-16 18:00:36.138,-0.000406,-0.001988,0.002321,0.000000,-0.000001,-0.000001
2025-12-16 18:00:36.139,-0.000409,-0.002162,0.002438,0.000000,-0.000001,-0.000001
2025-12-16 18:00:36.140,-0.000405,-0.002338,0.002576,0.000000,-0.000001,-0.000001
2025-12-16 18:00:36.142,-0.000379,-0.002645,0.002851,0.000000,-0.000001,-0.000001
2025-12-16 18:00:36.145,-0.000288,-0.002941,0.003216,0.000001,-0.000001,-0.000001
2025-12-16 18:00:36.146,-0.000260,-0.003004,0.003313,0.000001,-0.000001,-0.000001
2025-12-16 18:00:36.147,-0.000226,-0.003066,0.003443,0.000001,-0.000001,-0.000001
2025-12-16 18:00:36.148,-0.000194,-0.003118,0.003564,0.000001,-0.000001,-0.000001
2025-12-16 18:00:36.154,-0.000077,-0.002864,0.004142,0.000001,-0.000002,-0.000001
2025-12-16 18:00:36.155,-0.000073,-0.002817,0.004261,0.000001,-0.000002,-0.000001
2025-12-16 18:00:36.157,-0.000063,-0.002728,0.004503,0.000001,-0.000002,-0.000001
2025-12-16 18:00:36.159,-0.000060,-0.002610,0.004663,0.000001,-0.000002,-0.000001
2025-12-16 18:00:36.160,-0.000061,-0.002520,0.004713,0.000001,-0.000002,-0.000001
2025-12-16 18:00:36.163,-0.000103,-0.002245,0.004820,0.000001,-0.000002,-0.000001
2025-12-16 18:00:36.164,-0.000136,-0.002163,0.004855,0.000001,-0.000002,-0.000001
2025-12-16 18:00:36.167,-0.000244,-0.001939,0.004881,0.000001,-0.000002,-0.000001
2025-12-16 18:00:36.171,-0.000332,-0.001779,0.004772,0.000001,-0.000002,-0.000001
2025-12-16 18:00:36.172,-0.000347,-0.001774,0.004749,0.000001,-0.000002,-0.000001
2025-12-16 18:00:36.173,-0.000360,-0.001771,0.004719,0.000001,-0.000002,-0.000001
2025-12-16 18:00:36.174,-0.000383,-0.001759,0.004615,0.000001,-0.000002,-0.000001
2025-12-16 18:00:36.176,-0.000397,-0.001746,0.004544,0.000001,-0.000002,-0.000001
2025-12-16 18:00:36.177,-0.000409,-0.001737,0.004464,0.000001,-0.000002,-0.000001
2025-12-16 18:00:36.178,-0.000420,-0.001743,0.004388,0.000001,-0.000002,-0.000001
2025-12-16 18:00:36.179,-0.000429,-0.001753,0.004325,0.000001,-0.000001,-0.000001
2025-12-16 18:00:36.183,-0.000405,-0.001894,0.004045,0.000001,-0.000001,-0.000001
2025-12-16 18:00:36.185,-0.000376,-0.001951,0.003870,0.000001,-0.000001,-0.000001
2025-12-16 18:00:36.186,-0.000360,-0.001979,0.003778,0.000001,-0.000001,-0.000001
2025-12-16 18:00:36.187,-0.000346,-0.002007,0.003688,0.000001,-0.000001,-0.000001
2025-12-16 18:00:36.189,-0.000331,-0.002058,0.003547,0.000001,-0.000001,-0.000001
2025-12-16 18:00:36.190,-0.000333,-0.002081,0.003478,0.000001,-0.000001,-0.000001
2025-12-16 18:00:36.193,-0.000345,-0.002119,0.003320,0.000001,-0.000001,-0.000001
2025-12-16 18:00:36.194,-0.000360,-0.002146,0.003172,0.000001,-0.000001,-0.000001
2025-12-16 18:00:36.195,-0.000367,-0.002161,0.003101,0.000001,-0.000001,-0.000001
2025-12-16 18:00:36.199,-0.000432,-0.002205,0.002881,0.000001,-0.000001,-0.000001
2025-12-16 18:00:36.201,-0.000506,-0.002186,0.002768,0.000001,-0.000001,-0.000001
2025-12-16 18:00:36.202,-0.000546,-0.002174,0.002712,0.000000,-0.000001,-0.000001
2025-12-16 18:00:36.203,-0.000588,-0.002157,0.002679,0.000000,-0.000001,-0.000001
2025-12-16 18:00:36.207,-0.000789,-0.002127,0.002578,0.000000,-0.000001,-0.000001
2025-12-16 18:00:36.208,-0.000841,-0.002116,0.002546,0.000000,-0.000001,-0.000000
2025-12-16 18:00:36.211,-0.001001,-0.002078,0.002451,0.000000,-0.000001,-0.000000
2025-12-16 18:00:36.213,-0.001127,-0.002050,0.002403,0.000000,-0.000001,-0.000000
2025-12-16 18:00:36.214,-0.001196,-0.002031,0.002385,0.000000,-0.000001,-0.000000
2025-12-16 18:00:36.215,-0.001259,-0.002011,0.002372,0.000000,-0.000000,-0.000000
2025-12-16 18:00:36.216,-0.001326,-0.001985,0.002353,0.000000,-0.000000,-0.000000
2025-12-16 18:00:36.217,-0.001444,-0.001937,0.002314,0.000000,-0.000000,-0.000000
2025-12-16 18:00:36.219,-0.001494,-0.001919,0.002294,0.000000,-0.000000,-0.000000
2025-12-16 18:00:36.220,-0.001545,-0.001905,0.002277,0.000000,-0.000000,-0.000000
2025-12-16 18:00:36.221,-0.001594,-0.001889,0.002263,0.000000,-0.000000,-0.000000
2025-12-16 18:00:36.222,-0.001643,-0.001875,0.002249,0.000000,-0.000000,-0.000000
2025-12-16 18:00:36.223,-0.001684,-0.001864,0.002244,0.000000,-0.000000,-0.000000
2025-12-16 18:00:36.224,-0.001726,-0.001846,0.002237,0.000000,-0.000000,-0.000000
2025-12-16 18:00:36.225,-0.001798,-0.001804,0.002218,0.000000,-0.000000,-0.000000
2025-12-16 18:00:36.226,-0.001830,-0.001778,0.002210,0.000000,-0.000000,-0.000000
2025-12-16 18:00:36.228,-0.001861,-0.001754,0.002212,0.000000,-0.000000,0.000000
2025-12-16 18:00:36.229,-0.001887,-0.001727,0.002215,0.000000,-0.000000,0.000000
2025-12-16 18:00:36.230,-0.001909,-0.001704,0.002228,0.000000,-0.000000,0.000000
2025-12-16 18:00:36.231,-0.001921,-0.001687,0.002248,0.000000,-0.000000,0.000000
2025-12-16 18:00:36.232,-0.001925,-0.001671,0.002270,0.000000,-0.000000,0.000000
2025-12-16 18:00:36.233,-0.001926,-0.001658,0.002289,0.000000,-0.000000,0.000000
2025-12-16 18:00:36.234,-0.001921,-0.001649,0.002314,0.000000,-0.000000,0.000000
2025-12-16 18:00:36.235,-0.001916,-0.001640,0.002342,0.000000,-0.000000,0.000000
2025-12-16 18:00:36.236,-0.001914,-0.001628,0.002376,0.000000,-0.000000,0.000000
2025-12-16 18:00:36.237,-0.001914,-0.001615,0.002417,0.000000,-0.000000,0.000000
2025-12-16 18:00:36.238,-0.001917,-0.001599,0.002464,0.000000,-0.000000,0.000000
2025-12-16 18:00:36.239,-0.001920,-0.001586,0.002506,0.000000,-0.000000,0.000000
2025-12-16 18:00:36.241,-0.001928,-0.001545,0.002615,0.000000,-0.000000,0.000000
2025-12-16 18:00:36.242,-0.001933,-0.001520,0.002673,0.000000,-0.000000,0.000000
2025-12-16 18:00:36.243,-0.001937,-0.001494,0.002728,0.000000,-0.000000,0.000000
2025-12-16 18:00:36.244,-0.001942,-0.001479,0.002791,0.000000,-0.000000,0.000000
2025-12-16 18:00:36.245,-0.001947,-0.001465,0.002851,0.000001,-0.000000,0.000000
2025-12-16 18:00:36.247,-0.001959,-0.001451,0.002978,0.000001,-0.000000,0.000000
2025-12-16 18:00:36.248,-0.001969,-0.001450,0.003044,0.000001,-0.000000,0.000000
2025-12-16 18:00:36.249,-0.001980,-0.001450,0.003102,0.000001,-0.000000,0.000000
2025-12-16 18:00:36.250,-0.001999,-0.001447,0.003160,0.000001,-0.000000,0.000000
2025-12-16 18:00:36.251,-0.002024,-0.001439,0.003216,0.000001,-0.000000,0.000000
2025-12-16 18:00:36.252,-0.002047,-0.001432,0.003262,0.000001,-0.000000,0.000000
2025-12-16 18:00:36.253,-0.002081,-0.001421,0.003311,0.000001,-0.000000,0.000000
2025-12-16 18:00:36.254,-0.002123,-0.001417,0.003370,0.000001,-0.000000,0.000000
2025-12-16 18:00:36.255,-0.002161,-0.001416,0.003423,0.000001,-0.000000,0.000000
2025-12-16 18:00:36.256,-0.002201,-0.001420,0.003470,0.000001,-0.000000,0.000000
2025-12-16 18:00:36.258,-0.002274,-0.001440,0.003549,0.000001,-0.000000,0.000000
2025-12-16 18:00:36.259,-0.002322,-0.001464,0.003593,0.000001,-0.000000,0.000000
2025-12-16 18:00:36.260,-0.002366,-0.001487,0.003631,0.000001,-0.000000,0.000000
2025-12-16 18:00:36.261,-0.002417,-0.001524,0.003667,0.000001,-0.000000,0.000000
2025-12-16 18:00:36.262,-0.002475,-0.001563,0.003703,0.000001,-0.000000,0.000000
2025-12-16 18:00:36.263,-0.002540,-0.001601,0.003734,0.000001,-0.000000,0.000000
2025-12-16 18:00:36.264,-0.002609,-0.001636,0.003757,0.000001,-0.000000,0.000000
2025-12-16 18:00:36.265,-0.002682,-0.001669,0.003781,0.000001,-0.000000,0.000000
2025-12-16 18:00:36.266,-0.002757,-0.001703,0.003797,0.000001,-0.000000,0.000000
2025-12-16 18:00:36.267,-0.002820,-0.001732,0.003807,0.000001,-0.000000,0.000000
2025-12-16 18:00:36.268,-0.002981,-0.001797,0.003808,0.000001,-0.000000,0.000000
2025-12-16 18:00:36.269,-0.003064,-0.001838,0.003805,0.000001,-0.000000,0.000000
2025-12-16 18:00:36.271,-0.003151,-0.001882,0.003806,0.000001,-0.000000,0.000000
2025-12-16 18:00:36.272,-0.003233,-0.001932,0.003805,0.000001,-0.000000,0.000000
2025-12-16 18:00:36.273,-0.003299,-0.001977,0.003802,0.000001,-0.000000,0.000000
2025-12-16 18:00:36.274,-0.003378,-0.002028,0.003799,0.000001,-0.000000,0.000000
2025-12-16 18:00:36.275,-0.003449,-0.002073,0.003797,0.000001,-0.000000,0.000000
2025-12-16 18:00:36.276,-0.003539,-0.002120,0.003793,0.000001,-0.000000,0.000000
2025-12-16 18:00:36.277,-0.003622,-0.002160,0.003791,0.000001,-0.000000,0.000000
2025-12-16 18:00:36.278,-0.003705,-0.002197,0.003780,0.000001,0.000000,0.000000
2025-12-16 18:00:36.279,-0.003795,-0.002230,0.003760,0.000001,0.000000,0.000000
2025-12-16 18:00:36.280,-0.003889,-0.002264,0.003738,0.000001,0.000000,0.000000
2025-12-16 18:00:36.281,-0.003983,-0.002295,0.003717,0.000001,0.000000,0.000000
2025-12-16 18:00:36.282,-0.004062,-0.002322,0.003701,0.000001,0.000000,0.000000
2025-12-16 18:00:36.284,-0.004219,-0.002389,0.003664,0.000001,0.000000,0.000000
2025-12-16 18:00:36.285,-0.004293,-0.002421,0.003634,0.000001,0.000000,0.000001
2025-12-16 18:00:36.286,-0.004354,-0.002448,0.003606,0.000001,0.000000,0.000001
2025-12-16 18:00:36.287,-0.004418,-0.002477,0.003580,0.000001,0.000000,0.000001
2025-12-16 18:00:36.288,-0.004472,-0.002501,0.003559,0.000001,0.000000,0.000001
2025-12-16 18:00:36.289,-0.004526,-0.002522,0.003532,0.000001,0.000000,0.000001
2025-12-16 18:00:36.290,-0.004579,-0.002543,0.003505,0.000001,0.000000,0.000001
2025-12-16 18:00:36.292,-0.004683,-0.002574,0.003447,0.000001,0.000001,0.000001
2025-12-16 18:00:36.293,-0.004731,-0.002584,0.003413,0.000001,0.000001,0.000001
2025-12-16 18:00:36.294,-0.004773,-0.002590,0.003379,0.000001,0.000001,0.000001
2025-12-16 18:00:36.295,-0.004806,-0.002595,0.003350,0.000001,0.000001,0.000001
2025-12-16 18:00:36.296,-0.004834,-0.002600,0.003313,0.000001,0.000001,0.000001
2025-12-16 18:00:36.297,-0.004859,-0.002608,0.003271,0.000000,0.000001,0.000001
2025-12-16 18:00:36.298,-0.004878,-0.002616,0.003234,0.000001,0.000001,0.000001
2025-12-16 18:00:36.299,-0.004896,-0.002626,0.003201,0.000001,0.000001,0.000001
2025-12-16 18:00:36.300,-0.004910,-0.002635,0.003169,0.000000,0.000001,0.000001
2025-12-16 18:00:36.301,-0.004915,-0.002640,0.003130,0.000000,0.000001,0.000001
2025-12-16 18:00:36.303,-0.004915,-0.002643,0.003089,0.000001,0.000001,0.000001
2025-12-16 18:00:36.304,-0.004918,-0.002640,0.003048,0.000000,0.000001,0.000001
2025-12-16 18:00:36.305,-0.004927,-0.002630,0.002923,0.000000,0.000001,0.000001
2025-12-16 18:00:36.306,-0.004903,-0.002630,0.002890,0.000000,0.000001,0.000001
2025-12-16 18:00:36.307,-0.004877,-0.002638,0.002853,0.000000,0.000001,0.000001
2025-12-16 18:00:36.309,-0.004851,-0.002648,0.002819,0.000000,0.000001,0.000001
2025-12-16 18:00:36.310,-0.004823,-0.002656,0.002784,0.000000,0.000001,0.000001
2025-12-16 18:00:36.311,-0.004785,-0.002663,0.002744,0.000000,0.000001,0.000001
2025-12-16 18:00:36.312,-0.004744,-0.002671,0.002704,0.000000,0.000001,0.000001
2025-12-16 18:00:36.313,-0.004704,-0.002675,0.002666,0.000000,0.000001,0.000001
2025-12-16 18:00:36.314,-0.004671,-0.002676,0.002635,0.000000,0.000001,0.000001
2025-12-16 18:00:36.316,-0.004581,-0.002675,0.002562,0.000000,0.000001,0.000001
2025-12-16 18:00:36.317,-0.004533,-0.002674,0.002526,0.000000,0.000001,0.000001
2025-12-16 18:00:36.318,-0.004482,-0.002669,0.002486,0.000000,0.000001,0.000001
2025-12-16 18:00:36.319,-0.004429,-0.002662,0.002448,0.000000,0.000001,0.000001
2025-12-16 18:00:36.320,-0.004375,-0.002653,0.002412,0.000000,0.000001,0.000001
2025-12-16 18:00:36.321,-0.004329,-0.002643,0.002382,0.000000,0.000001,0.000001
2025-12-16 18:00:36.322,-0.004276,-0.002631,0.002347,0.000000,0.000001,0.000001
2025-12-16 18:00:36.324,-0.004156,-0.002606,0.002276,0.000000,0.000001,0.000001
2025-12-16 18:00:36.325,-0.004107,-0.002594,0.002248,0.000000,0.000001,0.000001
2025-12-16 18:00:36.326,-0.004048,-0.002576,0.002216,0.000000,0.000001,0.000001
2025-12-16 18:00:36.327,-0.003986,-0.002554,0.002184,0.000000,0.000001,0.000001
2025-12-16 18:00:36.328,-0.003925,-0.002521,0.002148,0.000000,0.000001,0.000001
2025-12-16 18:00:36.329,-0.003816,-0.002444,0.002080,0.000000,0.000001,0.000000
2025-12-16 18:00:36.331,-0.003765,-0.002401,0.002040,0.000000,0.000001,0.000000
2025-12-16 18:00:36.332,-0.003709,-0.002354,0.002002,0.000000,0.000001,0.000000
2025-12-16 18:00:36.333,-0.003661,-0.002313,0.001971,0.000000,0.000001,0.000000
2025-12-16 18:00:36.334,-0.003606,-0.002268,0.001936,0.000000,0.000001,0.000000
2025-12-16 18:00:36.335,-0.003557,-0.002228,0.001905,0.000000,0.000001,0.000000
2025-12-16 18:00:36.336,-0.003501,-0.002187,0.001867,0.000000,0.000001,0.000000
2025-12-16 18:00:36.337,-0.003381,-0.002094,0.001792,0.000000,0.000001,0.000000
2025-12-16 18:00:36.339,-0.003314,-0.002046,0.001753,0.000000,0.000001,0.000000
2025-12-16 18:00:36.340,-0.003256,-0.002006,0.001720,0.000000,0.000001,0.000000
2025-12-16 18:00:36.341,-0.003195,-0.001957,0.001681,0.000000,0.000001,0.000000
2025-12-16 18:00:36.342,-0.003132,-0.001904,0.001636,0.000000,0.000001,0.000000
2025-12-16 18:00:36.343,-0.003071,-0.001853,0.001590,0.000000,0.000001,0.000000
2025-12-16 18:00:36.344,-0.003006,-0.001801,0.001538,0.000000,0.000001,0.000000
2025-12-16 18:00:36.345,-0.002942,-0.001753,0.001482,0.000000,0.000001,0.000000
2025-12-16 18:00:36.347,-0.002819,-0.001660,0.001383,0.000000,0.000001,0.000000
2025-12-16 18:00:36.348,-0.002754,-0.001622,0.001331,0.000000,0.000001,0.000000
2025-12-16 18:00:36.349,-0.002689,-0.001594,0.001284,0.000000,0.000001,0.000000
2025-12-16 18:00:36.350,-0.002621,-0.001564,0.001232,0.000000,0.000001,0.000000
2025-12-16 18:00:36.351,-0.002549,-0.001538,0.001183,0.000000,0.000000,0.000000
2025-12-16 18:00:36.352,-0.002487,-0.001518,0.001141,0.000000,0.000000,0.000000
2025-12-16 18:00:36.353,-0.002342,-0.001487,0.001036,0.000000,0.000000,0.000000
2025-12-16 18:00:36.355,-0.002259,-0.001472,0.000974,0.000000,0.000000,0.000000
2025-12-16 18:00:36.356,-0.002178,-0.001461,0.000913,0.000000,0.000000,0.000000
2025-12-16 18:00:36.357,-0.002092,-0.001452,0.000849,0.000000,0.000000,0.000000
2025-12-16 18:00:36.358,-0.002017,-0.001445,0.000794,0.000000,0.000000,0.000000
2025-12-16 18:00:36.359,-0.001934,-0.001440,0.000732,0.000000,0.000000,0.000000
2025-12-16 18:00:36.361,-0.001741,-0.001442,0.000599,-0.000000,0.000000,0.000000
2025-12-16 18:00:36.365,-0.001351,-0.001488,0.000381,-0.000000,0.000000,0.000000
2025-12-16 18:00:36.366,-0.001240,-0.001506,0.000320,-0.000000,0.000000,0.000000
2025-12-16 18:00:36.372,-0.000564,-0.001574,-0.000072,-0.000000,0.000000,-0.000000
2025-12-16 18:00:36.373,-0.000465,-0.001585,-0.000125,-0.000000,0.000000,-0.000000
2025-12-16 18:00:36.374,-0.000356,-0.001599,-0.000181,-0.000000,0.000000,-0.000000
2025-12-16 18:00:36.376,-0.000156,-0.001622,-0.000280,-0.000000,0.000000,-0.000000
2025-12-16 18:00:36.377,-0.000052,-0.001630,-0.000329,-0.000000,-0.000000,-0.000000
2025-12-16 18:00:36.379,0.000145,-0.001649,-0.000429,-0.000000,-0.000000,-0.000000
2025-12-16 18:00:36.380,0.000234,-0.001648,-0.000474,-0.000000,-0.000000,-0.000000
2025-12-16 18:00:36.381,0.000317,-0.001644,-0.000518,-0.000000,-0.000000,-0.000000
2025-12-16 18:00:36.382,0.000385,-0.001639,-0.000555,-0.000000,-0.000000,-0.000000
2025-12-16 18:00:36.383,0.000455,-0.001625,-0.000599,-0.000000,-0.000000,-0.000000
2025-12-16 18:00:36.384,0.000518,-0.001605,-0.000647,-0.000000,-0.000000,-0.000000
2025-12-16 18:00:36.385,0.000575,-0.001587,-0.000690,-0.000000,-0.000000,-0.000001
2025-12-16 18:00:36.386,0.000628,-0.001567,-0.000730,-0.000000,-0.000000,-0.000001
2025-12-16 18:00:36.389,0.000753,-0.001523,-0.000813,-0.000000,-0.000000,-0.000001
2025-12-16 18:00:36.390,0.000793,-0.001502,-0.000838,-0.000000,-0.000000,-0.000001
2025-12-16 18:00:36.391,0.000828,-0.001477,-0.000867,-0.000000,-0.000000,-0.000001
2025-12-16 18:00:36.392,0.000855,-0.001454,-0.000893,-0.000000,-0.000000,-0.000001
2025-12-16 18:00:36.393,0.000879,-0.001427,-0.000918,-0.000000,-0.000000,-0.000001
2025-12-16 18:00:36.394,0.000902,-0.001394,-0.000944,-0.000000,-0.000000,-0.000001
2025-12-16 18:00:36.395,0.000934,-0.001334,-0.000985,-0.000000,-0.000000,-0.000001
2025-12-16 18:00:36.398,0.000967,-0.001264,-0.001015,-0.000000,-0.000000,-0.000001
2025-12-16 18:00:36.399,0.000980,-0.001237,-0.001025,-0.000000,-0.000000,-0.000001
2025-12-16 18:00:36.400,0.000997,-0.001208,-0.001038,-0.000000,-0.000000,-0.000001
2025-12-16 18:00:36.401,0.001018,-0.001183,-0.001046,-0.000000,-0.000000,-0.000001
2025-12-16 18:00:36.407,0.001092,-0.001118,-0.001051,-0.000000,-0.000000,-0.000001
2025-12-16 18:00:36.408,0.001118,-0.001104,-0.001049,-0.000000,-0.000000,-0.000001
2025-12-16 18:00:36.409,0.001150,-0.001085,-0.001050,-0.000000,-0.000000,-0.000001
2025-12-16 18:00:36.410,0.001189,-0.001065,-0.001049,-0.000000,-0.000000,-0.000001
2025-12-16 18:00:36.411,0.001231,-0.001048,-0.001046,-0.000000,-0.000000,-0.000001
2025-12-16 18:00:36.413,0.001435,-0.000994,-0.001023,-0.000000,-0.000000,-0.000001
2025-12-16 18:00:36.414,0.001493,-0.001001,-0.001018,-0.000000,-0.000000,-0.000001
2025-12-16 18:00:36.415,0.001564,-0.001003,-0.001020,-0.000000,-0.000000,-0.000001
2025-12-16 18:00:36.416,0.001637,-0.001005,-0.001015,-0.000000,-0.000000,-0.000001
2025-12-16 18:00:36.417,0.001716,-0.001008,-0.001008,-0.000000,-0.000000,-0.000001
2025-12-16 18:00:36.421,0.002011,-0.001014,-0.001007,-0.000000,-0.000001,-0.000001
2025-12-16 18:00:36.422,0.002066,-0.001017,-0.001010,-0.000000,-0.000001,-0.000001
2025-12-16 18:00:36.423,0.002128,-0.001017,-0.001011,-0.000000,-0.000001,-0.000001
2025-12-16 18:00:36.424,0.002192,-0.001016,-0.001013,-0.000000,-0.000001,-0.000001
2025-12-16 18:00:36.425,0.002256,-0.001014,-0.001024,-0.000000,-0.000001,-0.000001
2025-12-16 18:00:36.426,0.002362,-0.001012,-0.001045,-0.000000,-0.000001,-0.000001
2025-12-16 18:00:36.428,0.002403,-0.001012,-0.001051,-0.000000,-0.000001,-0.000001
2025-12-16 18:00:36.429,0.002435,-0.001012,-0.001055,-0.000000,-0.000001,-0.000001
2025-12-16 18:00:36.430,0.002471,-0.000999,-0.001072,-0.000000,-0.000001,-0.000001
2025-12-16 18:00:36.432,0.002537,-0.000964,-0.001113,-0.000000,-0.000001,-0.000001
2025-12-16 18:00:36.433,0.002561,-0.000946,-0.001130,-0.000000,-0.000001,-0.000001
2025-12-16 18:00:36.434,0.002578,-0.000928,-0.001145,-0.000000,-0.000001,-0.000001
2025-12-16 18:00:36.435,0.002589,-0.000908,-0.001159,-0.000000,-0.000001,-0.000001
2025-12-16 18:00:36.436,0.002593,-0.000884,-0.001181,-0.000000,-0.000001,-0.000001
2025-12-16 18:00:36.437,0.002589,-0.000858,-0.001203,-0.000000,-0.000001,-0.000001
2025-12-16 18:00:36.438,0.002564,-0.000798,-0.001240,-0.000000,-0.000001,-0.000001
2025-12-16 18:00:36.440,0.002544,-0.000769,-0.001257,-0.000000,-0.000001,-0.000001
2025-12-16 18:00:36.441,0.002520,-0.000741,-0.001271,-0.000000,-0.000001,-0.000001
2025-12-16 18:00:36.442,0.002498,-0.000716,-0.001283,-0.000000,-0.000001,-0.000001
2025-12-16 18:00:36.443,0.002467,-0.000687,-0.001301,-0.000000,-0.000001,-0.000001
2025-12-16 18:00:36.444,0.002428,-0.000651,-0.001326,-0.000000,-0.000001,-0.000001
2025-12-16 18:00:36.446,0.002345,-0.000575,-0.001379,-0.000000,-0.000001,-0.000001
2025-12-16 18:00:36.447,0.002303,-0.000538,-0.001404,-0.000000,-0.000001,-0.000001
2025-12-16 18:00:36.448,0.002258,-0.000502,-0.001423,-0.000000,-0.000000,-0.000001
2025-12-16 18:00:36.450,0.002172,-0.000444,-0.001451,-0.000000,-0.000000,-0.000001
2025-12-16 18:00:36.451,0.002124,-0.000416,-0.001466,-0.000000,-0.000000,-0.000001
2025-12-16 18:00:36.452,0.002073,-0.000387,-0.001479,-0.000000,-0.000000,-0.000001
2025-12-16 18:00:36.453,0.002022,-0.000361,-0.001491,-0.000000,-0.000000,-0.000001
2025-12-16 18:00:36.454,0.001974,-0.000336,-0.001508,-0.000000,-0.000000,-0.000001
2025-12-16 18:00:36.455,0.001925,-0.000309,-0.001527,-0.000000,-0.000000,-0.000001
2025-12-16 18:00:36.456,0.001884,-0.000286,-0.001545,-0.000000,-0.000000,-0.000001
2025-12-16 18:00:36.457,0.001839,-0.000263,-0.001562,-0.000000,-0.000000,-0.000001
2025-12-16 18:00:36.459,0.001750,-0.000221,-0.001589,-0.000000,-0.000000,-0.000001
2025-12-16 18:00:36.460,0.001711,-0.000203,-0.001601,-0.000000,-0.000000,-0.000000
2025-12-16 18:00:36.461,0.001672,-0.000188,-0.001613,-0.000000,-0.000000,-0.000000
2025-12-16 18:00:36.462,0.001638,-0.000172,-0.001625,-0.000000,-0.000000,-0.000000
2025-12-16 18:00:36.464,0.001580,-0.000145,-0.001651,-0.000000,-0.000000,-0.000000
2025-12-16 18:00:36.465,0.001551,-0.000132,-0.001660,-0.000000,-0.000000,-0.000000
2025-12-16 18:00:36.466,0.001527,-0.000119,-0.001666,-0.000000,-0.000000,-0.000000
2025-12-16 18:00:36.467,0.001500,-0.000104,-0.001675,-0.000000,-0.000000,-0.000000
2025-12-16 18:00:36.468,0.001476,-0.000094,-0.001688,-0.000000,-0.000000,-0.000000
2025-12-16 18:00:36.469,0.001453,-0.000083,-0.001700,-0.000000,-0.000000,-0.000000
2025-12-16 18:00:36.470,0.001433,-0.000074,-0.001710,-0.000000,-0.000000,-0.000000
2025-12-16 18:00:36.471,0.001413,-0.000061,-0.001718,-0.000000,0.000000,-0.000000
2025-12-16 18:00:36.472,0.001396,-0.000050,-0.001724,-0.000000,0.000000,-0.000000
2025-12-16 18:00:36.474,0.001365,-0.000027,-0.001748,-0.000000,0.000000,-0.000000
2025-12-16 18:00:36.475,0.001353,-0.000015,-0.001763,-0.000000,0.000000,-0.000000
2025-12-16 18:00:36.476,0.001346,-0.000004,-0.001782,-0.000000,0.000000,-0.000000
2025-12-16 18:00:36.477,0.001335,0.000009,-0.001800,-0.000000,0.000000,-0.000000
2025-12-16 18:00:36.479,0.001310,0.000031,-0.001834,-0.000000,0.000000,-0.000000
2025-12-16 18:00:36.480,0.001295,0.000044,-0.001846,-0.000000,0.000000,-0.000000
2025-12-16 18:00:36.481,0.001281,0.000055,-0.001856,-0.000000,0.000000,-0.000000
2025-12-16 18:00:36.482,0.001261,0.000070,-0.001867,-0.000000,0.000000,-0.000000
2025-12-16 18:00:36.483,0.001238,0.000088,-0.001883,-0.000000,0.000000,-0.000000
2025-12-16 18:00:36.484,0.001213,0.000106,-0.001897,-0.000000,0.000000,-0.000000
2025-12-16 18:00:36.485,0.001190,0.000120,-0.001908,-0.000000,0.000000,-0.000000
2025-12-16 18:00:36.486,0.001160,0.000137,-0.001924,-0.000000,0.000000,-0.000000
2025-12-16 18:00:36.488,0.001090,0.000170,-0.001962,-0.000001,0.000000,-0.000000
2025-12-16 18:00:36.489,0.001057,0.000186,-0.001976,-0.000000,0.000000,-0.000000
2025-12-16 18:00:36.490,0.001013,0.000205,-0.001993,-0.000001,0.000000,-0.000000
2025-12-16 18:00:36.491,0.000964,0.000222,-0.002012,-0.000000,0.000000,-0.000000
2025-12-16 18:00:36.492,0.000868,0.000254,-0.002049,-0.000001,0.000000,-0.000000
2025-12-16 18:00:36.494,0.000813,0.000271,-0.002070,-0.000001,0.000000,-0.000000
2025-12-16 18:00:36.495,0.000695,0.000302,-0.002112,-0.000000,0.000000,0.000000
2025-12-16 18:00:36.497,0.000634,0.000317,-0.002127,-0.000001,0.000001,0.000000
2025-12-16 18:00:36.498,0.000574,0.000331,-0.002146,-0.000001,0.000001,0.000000
2025-12-16 18:00:36.499,0.000510,0.000348,-0.002166,-0.000001,0.000001,0.000000
2025-12-16 18:00:36.501,0.000389,0.000377,-0.002208,-0.000001,0.000001,0.000000
2025-12-16 18:00:36.502,0.000324,0.000389,-0.002226,-0.000001,0.000001,0.000000
2025-12-16 18:00:36.503,0.000267,0.000399,-0.002240,-0.000001,0.000001,0.000000
2025-12-16 18:00:36.504,0.000206,0.000408,-0.002257,-0.000001,0.000001,0.000000
2025-12-16 18:00:36.505,0.000148,0.000420,-0.002272,-0.000001,0.000001,0.000000
2025-12-16 18:00:36.506,0.000087,0.000427,-0.002283,-0.000001,0.000001,0.000000
2025-12-16 18:00:36.507,0.000027,0.000433,-0.002295,-0.000001,0.000001,0.000000
2025-12-16 18:00:36.508,-0.000082,0.000447,-0.002321,-0.000001,0.000001,0.000000
2025-12-16 18:00:36.511,-0.000175,0.000456,-0.002334,-0.000001,0.000001,0.000000
2025-12-16 18:00:36.512,-0.000210,0.000463,-0.002343,-0.000001,0.000001,0.000000
2025-12-16 18:00:36.513,-0.000250,0.000465,-0.002338,-0.000001,0.000001,0.000000
2025-12-16 18:00:36.514,-0.000286,0.000464,-0.002329,-0.000001,0.000001,0.000000
2025-12-16 18:00:36.515,-0.000359,0.000468,-0.002320,-0.000001,0.000001,0.000000
2025-12-16 18:00:36.516,-0.000389,0.000467,-0.002315,-0.000001,0.000001,0.000000
2025-12-16 18:00:36.518,-0.000417,0.000470,-0.002306,-0.000001,0.000001,0.000000
2025-12-16 18:00:36.519,-0.000446,0.000473,-0.002289,-0.000001,0.000001,0.000000
2025-12-16 18:00:36.520,-0.000470,0.000476,-0.002272,-0.000001,0.000001,0.000001
2025-12-16 18:00:36.521,-0.000494,0.000477,-0.002251,-0.000001,0.000001,0.000001
2025-12-16 18:00:36.522,-0.000518,0.000479,-0.002230,-0.000001,0.000001,0.000001
2025-12-16 18:00:36.523,-0.000539,0.000479,-0.002212,-0.000001,0.000001,0.000001
2025-12-16 18:00:36.524,-0.000579,0.000479,-0.002172,-0.000001,0.000001,0.000001
2025-12-16 18:00:36.526,-0.000598,0.000478,-0.002150,-0.000001,0.000001,0.000001
2025-12-16 18:00:36.527,-0.000614,0.000477,-0.002130,-0.000001,0.000001,0.000001
2025-12-16 18:00:36.528,-0.000637,0.000476,-0.002105,-0.000001,0.000001,0.000001
2025-12-16 18:00:36.529,-0.000659,0.000474,-0.002077,-0.000001,0.000001,0.000001
2025-12-16 18:00:36.530,-0.000685,0.000473,-0.002048,-0.000001,0.000001,0.000001
2025-12-16 18:00:36.531,-0.000715,0.000467,-0.002016,-0.000001,0.000001,0.000001
2025-12-16 18:00:36.532,-0.000776,0.000464,-0.001963,-0.000001,0.000001,0.000001
2025-12-16 18:00:36.534,-0.000802,0.000464,-0.001944,-0.000001,0.000001,0.000001
2025-12-16 18:00:36.535,-0.000835,0.000460,-0.001918,-0.000001,0.000001,0.000001
2025-12-16 18:00:36.536,-0.000866,0.000455,-0.001894,-0.000001,0.000001,0.000001
2025-12-16 18:00:36.537,-0.000905,0.000446,-0.001868,-0.000001,0.000001,0.000001
2025-12-16 18:00:36.538,-0.000952,0.000434,-0.001845,-0.000001,0.000001,0.000001
2025-12-16 18:00:36.539,-0.000999,0.000418,-0.001830,-0.000001,0.000001,0.000001
2025-12-16 18:00:36.540,-0.001091,0.000385,-0.001803,-0.000001,0.000001,0.000001
2025-12-16 18:00:36.541,-0.001143,0.000367,-0.001790,-0.000001,0.000001,0.000001
2025-12-16 18:00:36.543,-0.001196,0.000348,-0.001777,-0.000001,0.000001,0.000001
2025-12-16 18:00:36.544,-0.001249,0.000323,-0.001759,-0.000001,0.000001,0.000001
2025-12-16 18:00:36.545,-0.001302,0.000301,-0.001745,-0.000001,0.000001,0.000001
2025-12-16 18:00:36.546,-0.001355,0.000279,-0.001731,-0.000001,0.000001,0.000001
2025-12-16 18:00:36.547,-0.001409,0.000256,-0.001719,-0.000001,0.000001,0.000001
2025-12-16 18:00:36.548,-0.001505,0.000205,-0.001704,-0.000001,0.000001,0.000001
2025-12-16 18:00:36.551,-0.001598,0.000150,-0.001701,-0.000001,0.000001,0.000001
2025-12-16 18:00:36.552,-0.001678,0.000090,-0.001697,-0.000001,0.000001,0.000001
2025-12-16 18:00:36.554,-0.001721,0.000055,-0.001691,-0.000001,0.000001,0.000001
2025-12-16 18:00:36.555,-0.001764,0.000019,-0.001687,-0.000001,0.000001,0.000001
2025-12-16 18:00:36.556,-0.001803,-0.000015,-0.001688,-0.000001,0.000001,0.000001
2025-12-16 18:00:36.557,-0.001838,-0.000051,-0.001690,-0.000001,0.000001,0.000001
2025-12-16 18:00:36.559,-0.001902,-0.000113,-0.001684,-0.000001,0.000001,0.000001
2025-12-16 18:00:36.560,-0.001931,-0.000140,-0.001684,-0.000001,0.000001,0.000001
2025-12-16 18:00:36.561,-0.001954,-0.000162,-0.001691,-0.000001,0.000001,0.000001
2025-12-16 18:00:36.563,-0.001995,-0.000208,-0.001702,-0.000001,0.000001,0.000001
2025-12-16 18:00:36.564,-0.002012,-0.000225,-0.001714,-0.000001,0.000001,0.000001
2025-12-16 18:00:36.565,-0.002025,-0.000237,-0.001727,-0.000001,0.000001,0.000001
2025-12-16 18:00:36.566,-0.002034,-0.000249,-0.001736,-0.000001,0.000001,0.000001
2025-12-16 18:00:36.567,-0.002041,-0.000261,-0.001742,-0.000001,0.000001,0.000001
2025-12-16 18:00:36.569,-0.002047,-0.000276,-0.001755,-0.000001,0.000001,0.000001
2025-12-16 18:00:36.570,-0.002049,-0.000275,-0.001765,-0.000001,0.000001,0.000001
2025-12-16 18:00:36.571,-0.002049,-0.000272,-0.001781,-0.000001,0.000001,0.000001
2025-12-16 18:00:36.572,-0.002049,-0.000268,-0.001795,-0.000001,0.000001,0.000001
2025-12-16 18:00:36.574,-0.002040,-0.000241,-0.001832,-0.000001,0.000001,0.000001
2025-12-16 18:00:36.575,-0.002036,-0.000229,-0.001851,-0.000001,0.000001,0.000001
2025-12-16 18:00:36.576,-0.002032,-0.000210,-0.001870,-0.000001,0.000001,0.000001
2025-12-16 18:00:36.577,-0.002026,-0.000192,-0.001886,-0.000001,0.000001,0.000001
2025-12-16 18:00:36.578,-0.002015,-0.000167,-0.001910,-0.000001,0.000001,0.000001
2025-12-16 18:00:36.579,-0.002005,-0.000140,-0.001935,-0.000001,0.000002,0.000001
2025-12-16 18:00:36.580,-0.001992,-0.000111,-0.001958,-0.000001,0.000002,0.000001
2025-12-16 18:00:36.581,-0.001981,-0.000082,-0.001980,-0.000001,0.000002,0.000001
2025-12-16 18:00:36.583,-0.001947,-0.000014,-0.002031,-0.000001,0.000002,0.000001
2025-12-16 18:00:36.584,-0.001929,0.000020,-0.002059,-0.000001,0.000002,0.000001
2025-12-16 18:00:36.585,-0.001914,0.000054,-0.002089,-0.000001,0.000002,0.000001
2025-12-16 18:00:36.586,-0.001897,0.000087,-0.002120,-0.000001,0.000002,0.000001
2025-12-16 18:00:36.587,-0.001883,0.000123,-0.002148,-0.000001,0.000002,0.000001
2025-12-16 18:00:36.588,-0.001873,0.000155,-0.002172,-0.000001,0.000002,0.000001
2025-12-16 18:00:36.590,-0.001857,0.000194,-0.002203,-0.000001,0.000002,0.000001
2025-12-16 18:00:36.592,-0.001838,0.000230,-0.002234,-0.000001,0.000002,0.000001
2025-12-16 18:00:36.593,-0.001820,0.000258,-0.002259,-0.000001,0.000002,0.000001
2025-12-16 18:00:36.594,-0.001801,0.000294,-0.002291,-0.000001,0.000002,0.000001
2025-12-16 18:00:36.595,-0.001785,0.000327,-0.002320,-0.000001,0.000002,0.000001
2025-12-16 18:00:36.596,-0.001740,0.000398,-0.002391,-0.000001,0.000002,0.000001
2025-12-16 18:00:36.598,-0.001715,0.000433,-0.002429,-0.000001,0.000002,0.000001
2025-12-16 18:00:36.599,-0.001638,0.000539,-0.002544,-0.000001,0.000002,0.000001
2025-12-16 18:00:36.600,-0.001612,0.000574,-0.002582,-0.000001,0.000002,0.000001
2025-12-16 18:00:36.603,-0.001544,0.000621,-0.002712,-0.000001,0.000002,0.000001
2025-12-16 18:00:36.604,-0.001520,0.000636,-0.002752,-0.000001,0.000002,0.000001
2025-12-16 18:00:36.605,-0.001500,0.000648,-0.002785,-0.000001,0.000002,0.000001
2025-12-16 18:00:36.606,-0.001446,0.000671,-0.002870,-0.000001,0.000002,0.000001
2025-12-16 18:00:36.608,-0.001416,0.000677,-0.002915,-0.000001,0.000002,0.000001
2025-12-16 18:00:36.609,-0.001389,0.000678,-0.002958,-0.000001,0.000002,0.000001
2025-12-16 18:00:36.610,-0.001362,0.000677,-0.003000,-0.000001,0.000002,0.000001
2025-12-16 18:00:36.611,-0.001334,0.000671,-0.003041,-0.000001,0.000002,0.000001
2025-12-16 18:00:36.612,-0.001273,0.000658,-0.003129,-0.000001,0.000002,0.000001
2025-12-16 18:00:36.614,-0.001246,0.000651,-0.003176,-0.000001,0.000002,0.000001
2025-12-16 18:00:36.615,-0.001224,0.000645,-0.003215,-0.000001,0.000002,0.000001
2025-12-16 18:00:36.616,-0.001196,0.000629,-0.003256,-0.000001,0.000002,0.000001
2025-12-16 18:00:36.618,-0.001148,0.000588,-0.003332,-0.000001,0.000002,0.000001
2025-12-16 18:00:36.619,-0.001124,0.000568,-0.003376,-0.000001,0.000002,0.000001
2025-12-16 18:00:36.620,-0.001103,0.000552,-0.003414,-0.000001,0.000002,0.000001
2025-12-16 18:00:36.621,-0.001077,0.000532,-0.003450,-0.000001,0.000002,0.000001
2025-12-16 18:00:36.622,-0.001019,0.000475,-0.003515,-0.000001,0.000002,0.000001
2025-12-16 18:00:36.623,-0.000996,0.000450,-0.003547,-0.000001,0.000002,0.000001
2025-12-16 18:00:36.625,-0.000978,0.000431,-0.003573,-0.000001,0.000002,0.000001
2025-12-16 18:00:36.626,-0.000958,0.000404,-0.003602,-0.000001,0.000002,0.000001
2025-12-16 18:00:36.627,-0.000935,0.000380,-0.003635,-0.000001,0.000002,0.000001
2025-12-16 18:00:36.628,-0.000914,0.000356,-0.003662,-0.000001,0.000002,0.000001
2025-12-16 18:00:36.629,-0.000897,0.000331,-0.003681,-0.000001,0.000002,0.000001
2025-12-16 18:00:36.630,-0.000883,0.000310,-0.003701,-0.000001,0.000002,0.000001
2025-12-16 18:00:36.631,-0.000854,0.000269,-0.003734,-0.000001,0.000002,0.000001
2025-12-16 18:00:36.633,-0.000846,0.000251,-0.003746,-0.000001,0.000002,0.000001
2025-12-16 18:00:36.634,-0.000838,0.000233,-0.003756,-0.000001,0.000002,0.000001
2025-12-16 18:00:36.635,-0.000829,0.000218,-0.003768,-0.000001,0.000002,0.000001
2025-12-16 18:00:36.636,-0.000821,0.000194,-0.003786,-0.000001,0.000002,0.000001
2025-12-16 18:00:36.637,-0.000818,0.000182,-0.003791,-0.000001,0.000002,0.000001
2025-12-16 18:00:36.638,-0.000819,0.000174,-0.003793,-0.000001,0.000002,0.000001
2025-12-16 18:00:36.640,-0.000820,0.000168,-0.003800,-0.000001,0.000002,0.000001
2025-12-16 18:00:36.641,-0.000822,0.000164,-0.003807,-0.000001,0.000002,0.000001
2025-12-16 18:00:36.642,-0.000827,0.000161,-0.003812,-0.000001,0.000002,0.000001
2025-12-16 18:00:36.643,-0.000834,0.000164,-0.003817,-0.000001,0.000002,0.000001
2025-12-16 18:00:36.644,-0.000840,0.000163,-0.003813,-0.000001,0.000002,0.000001
2025-12-16 18:00:36.647,-0.000863,0.000163,-0.003796,-0.000001,0.000002,0.000001
2025-12-16 18:00:36.648,-0.000869,0.000162,-0.003790,-0.000001,0.000002,0.000001
2025-12-16 18:00:36.649,-0.000874,0.000165,-0.003793,-0.000001,0.000002,0.000001
2025-12-16 18:00:36.650,-0.000878,0.000165,-0.003797,-0.000001,0.000002,0.000001
2025-12-16 18:00:36.651,-0.000884,0.000164,-0.003800,-0.000001,0.000002,0.000001
2025-12-16 18:00:36.652,-0.000891,0.000163,-0.003801,-0.000001,0.000002,0.000001
2025-12-16 18:00:36.655,-0.000902,0.000163,-0.003821,-0.000001,0.000002,0.000001
2025-12-16 18:00:36.656,-0.000908,0.000163,-0.003825,-0.000001,0.000002,0.000001
2025-12-16 18:00:36.657,-0.000910,0.000164,-0.003835,-0.000001,0.000002,0.000001
2025-12-16 18:00:36.658,-0.000910,0.000165,-0.003844,-0.000001,0.000002,0.000001
2025-12-16 18:00:36.659,-0.000908,0.000162,-0.003857,-0.000001,0.000002,0.000001
2025-12-16 18:00:36.660,-0.000903,0.000150,-0.003877,-0.000001,0.000002,0.000001
2025-12-16 18:00:36.662,-0.000900,0.000138,-0.003887,-0.000001,0.000002,0.000001
2025-12-16 18:00:36.663,-0.000896,0.000123,-0.003900,-0.000001,0.000002,0.000001
2025-12-16 18:00:36.664,-0.000887,0.000109,-0.003919,-0.000001,0.000002,0.000001
2025-12-16 18:00:36.665,-0.000873,0.000083,-0.003966,-0.000001,0.000002,0.000001
2025-12-16 18:00:36.666,-0.000868,0.000069,-0.003992,-0.000001,0.000002,0.000001
2025-12-16 18:00:36.668,-0.000859,0.000049,-0.004018,-0.000001,0.000002,0.000001
2025-12-16 18:00:36.669,-0.000850,0.000031,-0.004046,-0.000001,0.000002,0.000001
2025-12-16 18:00:36.670,-0.000846,0.000012,-0.004073,-0.000001,0.000002,0.000001
2025-12-16 18:00:36.671,-0.000842,-0.000012,-0.004098,-0.000001,0.000002,0.000001
2025-12-16 18:00:36.672,-0.000839,-0.000034,-0.004119,-0.000001,0.000002,0.000001
2025-12-16 18:00:36.675,-0.000834,-0.000085,-0.004190,-0.000001,0.000002,0.000001
2025-12-16 18:00:36.676,-0.000829,-0.000107,-0.004220,-0.000001,0.000002,0.000001
2025-12-16 18:00:36.677,-0.000828,-0.000133,-0.004242,-0.000001,0.000002,0.000001
2025-12-16 18:00:36.681,-0.000838,-0.000222,-0.004328,-0.000001,0.000002,0.000001
2025-12-16 18:00:36.682,-0.000842,-0.000238,-0.004351,-0.000001,0.000002,0.000001
2025-12-16 18:00:36.683,-0.000850,-0.000253,-0.004375,-0.000001,0.000002,0.000001
2025-12-16 18:00:36.684,-0.000858,-0.000267,-0.004395,-0.000001,0.000002,0.000001
2025-12-16 18:00:36.685,-0.000870,-0.000302,-0.004445,-0.000001,0.000002,0.000001
2025-12-16 18:00:36.689,-0.000876,-0.000319,-0.004466,-0.000002,0.000002,0.000001
2025-12-16 18:00:36.690,-0.000897,-0.000339,-0.004509,-0.000002,0.000002,0.000001
2025-12-16 18:00:36.691,-0.000904,-0.000346,-0.004534,-0.000002,0.000002,0.000001
2025-12-16 18:00:36.692,-0.000907,-0.000351,-0.004557,-0.000002,0.000002,0.000001
2025-12-16 18:00:36.694,-0.000916,-0.000365,-0.004601,-0.000002,0.000002,0.000001
2025-12-16 18:00:36.695,-0.000924,-0.000369,-0.004625,-0.000002,0.000002,0.000001
2025-12-16 18:00:36.696,-0.000931,-0.000371,-0.004646,-0.000002,0.000002,0.000001
2025-12-16 18:00:36.697,-0.000937,-0.000369,-0.004664,-0.000002,0.000002,0.000001
2025-12-16 18:00:36.698,-0.000941,-0.000368,-0.004682,-0.000002,0.000002,0.000001
2025-12-16 18:00:36.700,-0.000954,-0.000366,-0.004738,-0.000002,0.000002,0.000001
2025-12-16 18:00:36.701,-0.000951,-0.000358,-0.004750,-0.000002,0.000002,0.000001
2025-12-16 18:00:36.702,-0.000939,-0.000336,-0.004788,-0.000002,0.000002,0.000001
2025-12-16 18:00:36.704,-0.000938,-0.000323,-0.004803,-0.000002,0.000002,0.000001
2025-12-16 18:00:36.705,-0.000934,-0.000311,-0.004817,-0.000002,0.000002,0.000001
2025-12-16 18:00:36.706,-0.000931,-0.000297,-0.004829,-0.000002,0.000002,0.000001
2025-12-16 18:00:36.707,-0.000924,-0.000279,-0.004848,-0.000002,0.000002,0.000001
2025-12-16 18:00:36.708,-0.000911,-0.000267,-0.004866,-0.000002,0.000002,0.000001
2025-12-16 18:00:36.709,-0.000899,-0.000255,-0.004882,-0.000002,0.000002,0.000001
2025-12-16 18:00:36.710,-0.000889,-0.000244,-0.004895,-0.000002,0.000002,0.000001
2025-12-16 18:00:36.712,-0.000856,-0.000192,-0.004931,-0.000002,0.000002,0.000001
2025-12-16 18:00:36.714,-0.000841,-0.000177,-0.004937,-0.000002,0.000002,0.000001
2025-12-16 18:00:36.715,-0.000827,-0.000160,-0.004943,-0.000002,0.000002,0.000001
2025-12-16 18:00:36.716,-0.000812,-0.000142,-0.004951,-0.000002,0.000002,0.000001
2025-12-16 18:00:36.717,-0.000795,-0.000125,-0.004960,-0.000002,0.000002,0.000001
2025-12-16 18:00:36.718,-0.000780,-0.000108,-0.004964,-0.000002,0.000002,0.000001
2025-12-16 18:00:36.719,-0.000768,-0.000093,-0.004965,-0.000002,0.000002,0.000001
2025-12-16 18:00:36.721,-0.000744,-0.000064,-0.004972,-0.000002,0.000002,0.000001
2025-12-16 18:00:36.722,-0.000732,-0.000049,-0.004972,-0.000002,0.000002,0.000001
2025-12-16 18:00:36.723,-0.000704,-0.000027,-0.004967,-0.000002,0.000002,0.000001
2025-12-16 18:00:36.725,-0.000687,-0.000016,-0.004970,-0.000002,0.000002,0.000001
2025-12-16 18:00:36.726,-0.000673,-0.000005,-0.004975,-0.000002,0.000002,0.000001
2025-12-16 18:00:36.727,-0.000663,0.000003,-0.004974,-0.000002,0.000002,0.000001
2025-12-16 18:00:36.728,-0.000656,0.000013,-0.004967,-0.000002,0.000002,0.000001
2025-12-16 18:00:36.729,-0.000648,0.000021,-0.004955,-0.000002,0.000002,0.000001
2025-12-16 18:00:36.730,-0.000645,0.000028,-0.004947,-0.000002,0.000002,0.000001
2025-12-16 18:00:36.731,-0.000640,0.000040,-0.004928,-0.000002,0.000002,0.000001
2025-12-16 18:00:36.733,-0.000636,0.000048,-0.004923,-0.000002,0.000002,0.000001
2025-12-16 18:00:36.734,-0.000641,0.000050,-0.004916,-0.000002,0.000002,0.000001
2025-12-16 18:00:36.735,-0.000648,0.000050,-0.004908,-0.000002,0.000002,0.000001
2025-12-16 18:00:36.736,-0.000655,0.000049,-0.004902,-0.000002,0.000002,0.000001
2025-12-16 18:00:36.737,-0.000661,0.000043,-0.004890,-0.000002,0.000002,0.000001
2025-12-16 18:00:36.738,-0.000670,0.000031,-0.004874,-0.000002,0.000002,0.000001
2025-12-16 18:00:36.739,-0.000683,0.000020,-0.004859,-0.000002,0.000002,0.000001
2025-12-16 18:00:36.740,-0.000718,-0.000007,-0.004827,-0.000002,0.000002,0.000001
2025-12-16 18:00:36.742,-0.000740,-0.000021,-0.004811,-0.000002,0.000002,0.000001
2025-12-16 18:00:36.743,-0.000759,-0.000034,-0.004798,-0.000002,0.000002,0.000001
2025-12-16 18:00:36.744,-0.000783,-0.000048,-0.004783,-0.000002,0.000002,0.000001
2025-12-16 18:00:36.745,-0.000805,-0.000061,-0.004770,-0.000002,0.000002,0.000001
2025-12-16 18:00:36.746,-0.000857,-0.000092,-0.004746,-0.000002,0.000002,0.000001
2025-12-16 18:00:36.748,-0.000887,-0.000107,-0.004729,-0.000002,0.000002,0.000001
2025-12-16 18:00:36.749,-0.000923,-0.000127,-0.004719,-0.000002,0.000002,0.000001
2025-12-16 18:00:36.750,-0.000960,-0.000150,-0.004703,-0.000002,0.000002,0.000001
2025-12-16 18:00:36.751,-0.000992,-0.000171,-0.004689,-0.000002,0.000002,0.000001
2025-12-16 18:00:36.752,-0.001030,-0.000195,-0.004675,-0.000002,0.000002,0.000001
2025-12-16 18:00:36.753,-0.001076,-0.000221,-0.004658,-0.000002,0.000002,0.000001
2025-12-16 18:00:36.754,-0.001127,-0.000248,-0.004637,-0.000002,0.000002,0.000001
2025-12-16 18:00:36.755,-0.001216,-0.000299,-0.004598,-0.000002,0.000002,0.000001
2025-12-16 18:00:36.756,-0.001268,-0.000325,-0.004578,-0.000002,0.000002,0.000001
2025-12-16 18:00:36.758,-0.001319,-0.000347,-0.004566,-0.000002,0.000002,0.000001
2025-12-16 18:00:36.759,-0.001372,-0.000373,-0.004547,-0.000002,0.000002,0.000001
2025-12-16 18:00:36.760,-0.001417,-0.000397,-0.004528,-0.000002,0.000002,0.000001
2025-12-16 18:00:36.761,-0.001468,-0.000420,-0.004510,-0.000002,0.000002,0.000001
2025-12-16 18:00:36.762,-0.001522,-0.000442,-0.004497,-0.000002,0.000002,0.000001
2025-12-16 18:00:36.763,-0.001577,-0.000465,-0.004483,-0.000002,0.000002,0.000001
2025-12-16 18:00:36.764,-0.001638,-0.000485,-0.004461,-0.000002,0.000002,0.000001
2025-12-16 18:00:36.765,-0.001751,-0.000520,-0.004418,-0.000002,0.000002,0.000001
2025-12-16 18:00:36.766,-0.001806,-0.000541,-0.004403,-0.000002,0.000002,0.000001
2025-12-16 18:00:36.768,-0.001852,-0.000560,-0.004392,-0.000002,0.000002,0.000001
2025-12-16 18:00:36.769,-0.001905,-0.000576,-0.004373,-0.000002,0.000002,0.000001
2025-12-16 18:00:36.770,-0.001964,-0.000595,-0.004353,-0.000002,0.000002,0.000001
2025-12-16 18:00:36.771,-0.002022,-0.000609,-0.004329,-0.000002,0.000002,0.000001
2025-12-16 18:00:36.772,-0.002071,-0.000619,-0.004308,-0.000002,0.000002,0.000001
2025-12-16 18:00:36.773,-0.002121,-0.000629,-0.004291,-0.000002,0.000002,0.000001
2025-12-16 18:00:36.774,-0.002177,-0.000643,-0.004266,-0.000002,0.000002,0.000001
2025-12-16 18:00:36.775,-0.002235,-0.000654,-0.004245,-0.000002,0.000002,0.000001
2025-12-16 18:00:36.776,-0.002290,-0.000664,-0.004222,-0.000002,0.000002,0.000001
2025-12-16 18:00:36.777,-0.002390,-0.000683,-0.004165,-0.000002,0.000002,0.000001
2025-12-16 18:00:36.779,-0.002440,-0.000688,-0.004138,-0.000002,0.000002,0.000001
2025-12-16 18:00:36.780,-0.002488,-0.000691,-0.004109,-0.000002,0.000002,0.000001
2025-12-16 18:00:36.781,-0.002528,-0.000692,-0.004083,-0.000002,0.000002,0.000001
2025-12-16 18:00:36.782,-0.002568,-0.000694,-0.004055,-0.000002,0.000002,0.000001
2025-12-16 18:00:36.783,-0.002612,-0.000691,-0.004022,-0.000002,0.000002,0.000001
2025-12-16 18:00:36.784,-0.002650,-0.000691,-0.003992,-0.000002,0.000002,0.000001
2025-12-16 18:00:36.785,-0.002680,-0.000692,-0.003967,-0.000002,0.000002,0.000001
2025-12-16 18:00:36.786,-0.002709,-0.000691,-0.003931,-0.000002,0.000002,0.000001
2025-12-16 18:00:36.787,-0.002765,-0.000676,-0.003851,-0.000002,0.000002,0.000001
2025-12-16 18:00:36.789,-0.002786,-0.000666,-0.003818,-0.000002,0.000002,0.000001
2025-12-16 18:00:36.790,-0.002804,-0.000654,-0.003777,-0.000002,0.000002,0.000001
2025-12-16 18:00:36.791,-0.002822,-0.000645,-0.003737,-0.000002,0.000002,0.000001
2025-12-16 18:00:36.792,-0.002840,-0.000629,-0.003696,-0.000002,0.000002,0.000001
2025-12-16 18:00:36.793,-0.002854,-0.000614,-0.003661,-0.000002,0.000002,0.000001
2025-12-16 18:00:36.794,-0.002859,-0.000599,-0.003621,-0.000002,0.000002,0.000001
2025-12-16 18:00:36.795,-0.002861,-0.000584,-0.003570,-0.000002,0.000002,0.000001
2025-12-16 18:00:36.796,-0.002863,-0.000568,-0.003518,-0.000001,0.000002,0.000001
2025-12-16 18:00:36.797,-0.002862,-0.000550,-0.003472,-0.000001,0.000002,0.000001
2025-12-16 18:00:36.799,-0.002861,-0.000532,-0.003419,-0.000001,0.000002,0.000001
2025-12-16 18:00:36.800,-0.002859,-0.000495,-0.003313,-0.000001,0.000002,0.000001
2025-12-16 18:00:36.801,-0.002845,-0.000475,-0.003267,-0.000001,0.000002,0.000001
2025-12-16 18:00:36.802,-0.002831,-0.000456,-0.003212,-0.000001,0.000002,0.000001
2025-12-16 18:00:36.803,-0.002818,-0.000440,-0.003162,-0.000001,0.000002,0.000001
2025-12-16 18:00:36.804,-0.002804,-0.000417,-0.003107,-0.000001,0.000002,0.000001
2025-12-16 18:00:36.805,-0.002790,-0.000395,-0.003059,-0.000001,0.000002,0.000001
2025-12-16 18:00:36.806,-0.002773,-0.000371,-0.003003,-0.000001,0.000002,0.000001
2025-12-16 18:00:36.807,-0.002727,-0.000324,-0.002884,-0.000001,0.000002,0.000001
2025-12-16 18:00:36.811,-0.002663,-0.000264,-0.002716,-0.000001,0.000002,0.000001
2025-12-16 18:00:36.812,-0.002639,-0.000241,-0.002649,-0.000001,0.000002,0.000001
2025-12-16 18:00:36.813,-0.002610,-0.000221,-0.002579,-0.000001,0.000002,0.000001
2025-12-16 18:00:36.814,-0.002584,-0.000206,-0.002518,-0.000001,0.000002,0.000001
2025-12-16 18:00:36.815,-0.002552,-0.000189,-0.002455,-0.000001,0.000002,0.000001
2025-12-16 18:00:36.816,-0.002483,-0.000160,-0.002314,-0.000001,0.000002,0.000001
2025-12-16 18:00:36.817,-0.002448,-0.000144,-0.002244,-0.000001,0.000002,0.000001
2025-12-16 18:00:36.819,-0.002411,-0.000131,-0.002172,-0.000001,0.000002,0.000001
2025-12-16 18:00:36.820,-0.002372,-0.000119,-0.002103,-0.000001,0.000002,0.000001
2025-12-16 18:00:36.821,-0.002291,-0.000096,-0.001971,-0.000001,0.000002,0.000001
2025-12-16 18:00:36.823,-0.002252,-0.000087,-0.001906,-0.000001,0.000002,0.000001
2025-12-16 18:00:36.824,-0.002208,-0.000081,-0.001838,-0.000001,0.000002,0.000001
2025-12-16 18:00:36.825,-0.002168,-0.000078,-0.001780,-0.000001,0.000002,0.000001
2025-12-16 18:00:36.826,-0.002121,-0.000074,-0.001720,-0.000001,0.000001,0.000001
2025-12-16 18:00:36.827,-0.002021,-0.000075,-0.001593,-0.000001,0.000001,0.000001
2025-12-16 18:00:36.829,-0.001978,-0.000078,-0.001535,-0.000001,0.000001,0.000001
2025-12-16 18:00:36.830,-0.001921,-0.000080,-0.001477,-0.000001,0.000001,0.000001
2025-12-16 18:00:36.831,-0.001859,-0.000086,-0.001418,-0.000001,0.000001,0.000001
2025-12-16 18:00:36.832,-0.001793,-0.000091,-0.001362,-0.000001,0.000001,0.000001
2025-12-16 18:00:36.833,-0.001666,-0.000107,-0.001251,-0.000001,0.000001,0.000001
2025-12-16 18:00:36.835,-0.001602,-0.000120,-0.001191,-0.000001,0.000001,0.000001
2025-12-16 18:00:36.836,-0.001540,-0.000133,-0.001135,-0.000000,0.000001,0.000001
2025-12-16 18:00:36.839,-0.001355,-0.000172,-0.000989,-0.000000,0.000001,0.000001
2025-12-16 18:00:36.840,-0.001281,-0.000189,-0.000933,-0.000000,0.000001,0.000000
2025-12-16 18:00:36.841,-0.001143,-0.000223,-0.000838,-0.000000,0.000001,0.000000
2025-12-16 18:00:36.842,-0.001070,-0.000246,-0.000791,-0.000000,0.000001,0.000000
2025-12-16 18:00:36.844,-0.000996,-0.000269,-0.000744,-0.000000,0.000001,0.000000
2025-12-16 18:00:36.845,-0.000934,-0.000288,-0.000704,-0.000000,0.000001,0.000000
2025-12-16 18:00:36.846,-0.000860,-0.000311,-0.000657,-0.000000,0.000001,0.000000
2025-12-16 18:00:36.847,-0.000786,-0.000332,-0.000612,-0.000000,0.000001,0.000000
2025-12-16 18:00:36.848,-0.000710,-0.000351,-0.000568,-0.000000,0.000000,0.000000
2025-12-16 18:00:36.849,-0.000575,-0.000390,-0.000483,-0.000000,0.000000,0.000000
2025-12-16 18:00:36.851,-0.000505,-0.000414,-0.000436,-0.000000,0.000000,0.000000
2025-12-16 18:00:36.852,-0.000432,-0.000445,-0.000387,-0.000000,0.000000,0.000000
2025-12-16 18:00:36.853,-0.000358,-0.000476,-0.000337,-0.000000,0.000000,0.000000
2025-12-16 18:00:36.854,-0.000282,-0.000502,-0.000293,-0.000000,0.000000,0.000000
2025-12-16 18:00:36.855,-0.000150,-0.000550,-0.000218,-0.000000,0.000000,-0.000000
2025-12-16 18:00:36.857,-0.000084,-0.000576,-0.000173,-0.000000,0.000000,-0.000000
2025-12-16 18:00:36.859,0.000039,-0.000626,-0.000074,-0.000000,-0.000000,-0.000000
2025-12-16 18:00:36.860,0.000096,-0.000644,-0.000021,-0.000000,-0.000000,-0.000000
2025-12-16 18:00:36.861,0.000143,-0.000658,0.000023,-0.000000,-0.000000,-0.000000
2025-12-16 18:00:36.862,0.000192,-0.000675,0.000072,-0.000000,-0.000000,-0.000000
2025-12-16 18:00:36.867,0.000417,-0.000756,0.000316,0.000000,-0.000000,-0.000000
2025-12-16 18:00:36.868,0.000450,-0.000774,0.000364,0.000000,-0.000000,-0.000000
2025-12-16 18:00:36.869,0.000504,-0.000794,0.000442,0.000000,-0.000000,-0.000000
2025-12-16 18:00:36.870,0.000530,-0.000806,0.000483,0.000000,-0.000000,-0.000000
2025-12-16 18:00:36.872,0.000553,-0.000818,0.000522,0.000000,-0.000000,-0.000000
2025-12-16 18:00:36.873,0.000569,-0.000825,0.000562,0.000000,-0.000001,-0.000000
2025-12-16 18:00:36.874,0.000580,-0.000834,0.000610,0.000000,-0.000001,-0.000000
2025-12-16 18:00:36.875,0.000587,-0.000843,0.000654,0.000000,-0.000001,-0.000000
2025-12-16 18:00:36.876,0.000599,-0.000853,0.000698,0.000000,-0.000001,-0.000000
2025-12-16 18:00:36.877,0.000611,-0.000860,0.000734,0.000000,-0.000001,-0.000000
2025-12-16 18:00:36.878,0.000625,-0.000868,0.000773,0.000000,-0.000001,-0.000001
2025-12-16 18:00:36.879,0.000637,-0.000874,0.000807,0.000000,-0.000001,-0.000001
2025-12-16 18:00:36.880,0.000646,-0.000885,0.000846,0.000000,-0.000001,-0.000001
2025-12-16 18:00:36.881,0.000660,-0.000901,0.000891,0.000000,-0.000001,-0.000001
2025-12-16 18:00:36.882,0.000684,-0.000928,0.000981,0.000000,-0.000001,-0.000001
2025-12-16 18:00:36.884,0.000696,-0.000941,0.001023,0.000000,-0.000001,-0.000001
2025-12-16 18:00:36.885,0.000710,-0.000953,0.001068,0.000000,-0.000001,-0.000001
2025-12-16 18:00:36.886,0.000726,-0.000969,0.001112,0.000000,-0.000001,-0.000001
2025-12-16 18:00:36.887,0.000749,-0.000984,0.001158,0.000000,-0.000001,-0.000001
2025-12-16 18:00:36.889,0.000791,-0.001014,0.001246,0.000000,-0.000001,-0.000001
2025-12-16 18:00:36.890,0.000808,-0.001030,0.001290,0.000000,-0.000001,-0.000001
2025-12-16 18:00:36.891,0.000862,-0.001058,0.001378,0.000000,-0.000001,-0.000001
2025-12-16 18:00:36.893,0.000894,-0.001074,0.001428,0.000000,-0.000001,-0.000001
2025-12-16 18:00:36.894,0.000936,-0.001091,0.001479,0.000000,-0.000001,-0.000001
2025-12-16 18:00:36.895,0.000973,-0.001112,0.001540,0.000000,-0.000001,-0.000001
2025-12-16 18:00:36.896,0.001011,-0.001132,0.001599,0.000000,-0.000001,-0.000001
2025-12-16 18:00:36.897,0.001050,-0.001151,0.001663,0.000000,-0.000001,-0.000001
2025-12-16 18:00:36.899,0.001087,-0.001168,0.001727,0.000000,-0.000001,-0.000001
2025-12-16 18:00:36.900,0.001127,-0.001187,0.001787,0.000000,-0.000001,-0.000001
2025-12-16 18:00:36.901,0.001164,-0.001201,0.001844,0.000000,-0.000001,-0.000001
2025-12-16 18:00:36.902,0.001197,-0.001212,0.001902,0.000000,-0.000001,-0.000001
2025-12-16 18:00:36.903,0.001233,-0.001226,0.001960,0.000000,-0.000001,-0.000001
2025-12-16 18:00:36.904,0.001266,-0.001241,0.002020,0.000000,-0.000001,-0.000001
2025-12-16 18:00:36.907,0.001371,-0.001302,0.002274,0.000001,-0.000002,-0.000001
2025-12-16 18:00:36.909,0.001390,-0.001329,0.002412,0.000001,-0.000002,-0.000001
2025-12-16 18:00:36.924,0.000955,-0.001417,0.003041,0.000001,-0.000002,-0.000001
2025-12-16 18:00:36.926,0.000817,-0.001418,0.003079,0.000001,-0.000002,-0.000001
2025-12-16 18:00:36.927,0.000737,-0.001420,0.003094,0.000001,-0.000002,-0.000001
2025-12-16 18:00:36.928,0.000668,-0.001422,0.003106,0.000001,-0.000002,-0.000001
2025-12-16 18:00:36.929,0.000593,-0.001426,0.003107,0.000001,-0.000001,-0.000001
2025-12-16 18:00:36.931,0.000447,-0.001441,0.003113,0.000001,-0.000001,-0.000001
2025-12-16 18:00:36.932,0.000373,-0.001446,0.003111,0.000001,-0.000001,-0.000001
2025-12-16 18:00:36.935,0.000165,-0.001461,0.003089,0.000001,-0.000001,-0.000001
2025-12-16 18:00:36.937,0.000041,-0.001478,0.003075,0.000001,-0.000001,-0.000001
2025-12-16 18:00:36.938,-0.000021,-0.001485,0.003059,0.000001,-0.000001,-0.000001
2025-12-16 18:00:36.939,-0.000073,-0.001490,0.003042,0.000001,-0.000001,-0.000001
2025-12-16 18:00:36.941,-0.000224,-0.001513,0.003018,0.000001,-0.000001,-0.000001
2025-12-16 18:00:36.943,-0.000264,-0.001526,0.003012,0.000001,-0.000001,-0.000001
2025-12-16 18:00:36.944,-0.000294,-0.001537,0.003003,0.000001,-0.000001,-0.000001
2025-12-16 18:00:36.946,-0.000331,-0.001558,0.002988,0.000001,-0.000001,-0.000001
2025-12-16 18:00:36.947,-0.000340,-0.001572,0.002980,0.000001,-0.000001,-0.000001
2025-12-16 18:00:36.948,-0.000350,-0.001596,0.002971,0.000001,-0.000001,-0.000001
2025-12-16 18:00:36.950,-0.000352,-0.001604,0.002968,0.000001,-0.000001,-0.000001
2025-12-16 18:00:36.951,-0.000349,-0.001610,0.002962,0.000001,-0.000001,-0.000001
2025-12-16 18:00:36.953,-0.000336,-0.001618,0.002956,0.000001,-0.000001,-0.000001
2025-12-16 18:00:36.954,-0.000328,-0.001621,0.002964,0.000001,-0.000001,-0.000001
2025-12-16 18:00:36.956,-0.000301,-0.001626,0.002969,0.000001,-0.000001,-0.000001
2025-12-16 18:00:36.957,-0.000287,-0.001628,0.002973,0.000001,-0.000001,-0.000001
2025-12-16 18:00:36.958,-0.000259,-0.001623,0.002985,0.000001,-0.000001,-0.000001
2025-12-16 18:00:36.960,-0.000245,-0.001615,0.002987,0.000001,-0.000001,-0.000001
2025-12-16 18:00:36.961,-0.000233,-0.001608,0.002993,0.000001,-0.000001,-0.000001
2025-12-16 18:00:36.963,-0.000218,-0.001589,0.003009,0.000001,-0.000001,-0.000001
2025-12-16 18:00:36.964,-0.000215,-0.001571,0.003013,0.000001,-0.000001,-0.000001
2025-12-16 18:00:36.965,-0.000214,-0.001536,0.003024,0.000001,-0.000001,-0.000001
2025-12-16 18:00:36.967,-0.000215,-0.001521,0.003031,0.000001,-0.000001,-0.000001
2025-12-16 18:00:36.968,-0.000221,-0.001505,0.003043,0.000001,-0.000001,-0.000001
2025-12-16 18:00:36.970,-0.000229,-0.001459,0.003071,0.000001,-0.000001,-0.000001
2025-12-16 18:00:36.971,-0.000233,-0.001434,0.003089,0.000001,-0.000001,-0.000001
2025-12-16 18:00:36.972,-0.000245,-0.001387,0.003122,0.000001,-0.000001,-0.000001
2025-12-16 18:00:36.974,-0.000254,-0.001364,0.003137,0.000001,-0.000001,-0.000001
2025-12-16 18:00:36.975,-0.000264,-0.001338,0.003156,0.000001,-0.000001,-0.000001
2025-12-16 18:00:36.977,-0.000285,-0.001288,0.003194,0.000001,-0.000001,-0.000001
2025-12-16 18:00:36.978,-0.000298,-0.001261,0.003215,0.000001,-0.000001,-0.000001
2025-12-16 18:00:36.980,-0.000321,-0.001205,0.003254,0.000001,-0.000001,-0.000001
2025-12-16 18:00:36.981,-0.000331,-0.001179,0.003279,0.000001,-0.000001,-0.000001
2025-12-16 18:00:36.982,-0.000335,-0.001152,0.003298,0.000001,-0.000001,-0.000000
2025-12-16 18:00:36.984,-0.000339,-0.001112,0.003351,0.000001,-0.000001,-0.000001
2025-12-16 18:00:36.985,-0.000341,-0.001096,0.003376,0.000001,-0.000001,-0.000000
2025-12-16 18:00:36.987,-0.000339,-0.001065,0.003433,0.000001,-0.000001,-0.000000
2025-12-16 18:00:36.988,-0.000332,-0.001051,0.003462,0.000001,-0.000001,-0.000001
2025-12-16 18:00:36.989,-0.000326,-0.001046,0.003493,0.000001,-0.000001,-0.000001
2025-12-16 18:00:36.991,-0.000316,-0.001037,0.003557,0.000001,-0.000001,-0.000000
2025-12-16 18:00:36.992,-0.000306,-0.001035,0.003588,0.000001,-0.000001,-0.000001
2025-12-16 18:00:36.994,-0.000286,-0.001038,0.003663,0.000001,-0.000001,-0.000001
2025-12-16 18:00:36.995,-0.000276,-0.001044,0.003697,0.000001,-0.000001,-0.000001
2025-12-16 18:00:36.996,-0.000268,-0.001053,0.003735,0.000001,-0.000001,-0.000001
2025-12-16 18:00:36.998,-0.000255,-0.001067,0.003780,0.000001,-0.000001,-0.000001
2025-12-16 18:00:36.999,-0.000241,-0.001081,0.003819,0.000001,-0.000001,-0.000001
2025-12-16 18:00:37.000,-0.000216,-0.001137,0.003939,0.000001,-0.000001,-0.000001
2025-12-16 18:00:37.002,-0.000208,-0.001158,0.003982,0.000001,-0.000001,-0.000001
2025-12-16 18:00:37.003,-0.000200,-0.001182,0.004023,0.000001,-0.000001,-0.000001
2025-12-16 18:00:37.005,-0.000190,-0.001230,0.004100,0.000001,-0.000001,-0.000001
2025-12-16 18:00:37.006,-0.000186,-0.001257,0.004136,0.000001,-0.000001,-0.000001
2025-12-16 18:00:37.008,-0.000188,-0.001324,0.004208,0.000001,-0.000002,-0.000001
2025-12-16 18:00:37.009,-0.000189,-0.001358,0.004243,0.000001,-0.000002,-0.000001
2025-12-16 18:00:37.010,-0.000190,-0.001392,0.004279,0.000001,-0.000002,-0.000001
2025-12-16 18:00:37.012,-0.000209,-0.001465,0.004350,0.000001,-0.000002,-0.000001
2025-12-16 18:00:37.013,-0.000220,-0.001499,0.004382,0.000001,-0.000002,-0.000001
2025-12-16 18:00:37.014,-0.000248,-0.001569,0.004440,0.000001,-0.000002,-0.000001
2025-12-16 18:00:37.016,-0.000262,-0.001599,0.004463,0.000001,-0.000002,-0.000001
2025-12-16 18:00:37.018,-0.000296,-0.001680,0.004502,0.000001,-0.000002,-0.000001
2025-12-16 18:00:37.019,-0.000310,-0.001716,0.004517,0.000001,-0.000002,-0.000001
2025-12-16 18:00:37.021,-0.000334,-0.001789,0.004542,0.000001,-0.000001,-0.000001
2025-12-16 18:00:37.022,-0.000344,-0.001831,0.004548,0.000001,-0.000001,-0.000001
2025-12-16 18:00:37.024,-0.000369,-0.001918,0.004571,0.000001,-0.000001,-0.000001
2025-12-16 18:00:37.025,-0.000381,-0.001961,0.004583,0.000001,-0.000001,-0.000001
2025-12-16 18:00:37.026,-0.000391,-0.002005,0.004590,0.000001,-0.000001,-0.000001
2025-12-16 18:00:37.028,-0.000402,-0.002075,0.004593,0.000001,-0.000001,-0.000001
2025-12-16 18:00:37.029,-0.000408,-0.002109,0.004589,0.000001,-0.000001,-0.000001
2025-12-16 18:00:37.031,-0.000408,-0.002183,0.004569,0.000001,-0.000001,-0.000001
2025-12-16 18:00:37.032,-0.000407,-0.002223,0.004561,0.000001,-0.000001,-0.000001
2025-12-16 18:00:37.033,-0.000404,-0.002297,0.004545,0.000001,-0.000001,-0.000001
2025-12-16 18:00:37.035,-0.000395,-0.002336,0.004530,0.000001,-0.000001,-0.000001
2025-12-16 18:00:37.036,-0.000386,-0.002373,0.004516,0.000001,-0.000001,-0.000001
2025-12-16 18:00:37.038,-0.000370,-0.002447,0.004476,0.000001,-0.000001,-0.000001
2025-12-16 18:00:37.039,-0.000360,-0.002481,0.004451,0.000001,-0.000001,-0.000001
2025-12-16 18:00:37.040,-0.000331,-0.002547,0.004398,0.000001,-0.000001,-0.000001
2025-12-16 18:00:37.042,-0.000317,-0.002576,0.004370,0.000001,-0.000001,-0.000001
2025-12-16 18:00:37.043,-0.000307,-0.002599,0.004346,0.000001,-0.000001,-0.000001
2025-12-16 18:00:37.045,-0.000285,-0.002642,0.004270,0.000001,-0.000001,-0.000001
2025-12-16 18:00:37.046,-0.000272,-0.002661,0.004227,0.000001,-0.000002,-0.000001
2025-12-16 18:00:37.048,-0.000248,-0.002703,0.004136,0.000001,-0.000002,-0.000001
2025-12-16 18:00:37.049,-0.000235,-0.002723,0.004087,0.000001,-0.000002,-0.000001
2025-12-16 18:00:37.050,-0.000223,-0.002738,0.004038,0.000001,-0.000001,-0.000001
2025-12-16 18:00:37.052,-0.000209,-0.002759,0.003946,0.000001,-0.000001,-0.000001
2025-12-16 18:00:37.053,-0.000200,-0.002767,0.003899,0.000001,-0.000001,-0.000001
2025-12-16 18:00:37.055,-0.000193,-0.002774,0.003800,0.000001,-0.000001,-0.000001
2025-12-16 18:00:37.056,-0.000190,-0.002774,0.003748,0.000001,-0.000001,-0.000001
2025-12-16 18:00:37.057,-0.000183,-0.002767,0.003694,0.000001,-0.000001,-0.000001
2025-12-16 18:00:37.059,-0.000177,-0.002750,0.003591,0.000001,-0.000001,-0.000001
2025-12-16 18:00:37.060,-0.000174,-0.002741,0.003539,0.000001,-0.000001,-0.000001
2025-12-16 18:00:37.062,-0.000170,-0.002718,0.003449,0.000001,-0.000001,-0.000001
2025-12-16 18:00:37.063,-0.000168,-0.002702,0.003407,0.000001,-0.000001,-0.000001
2025-12-16 18:00:37.064,-0.000164,-0.002654,0.003311,0.000001,-0.000001,-0.000001
2025-12-16 18:00:37.066,-0.000162,-0.002633,0.003270,0.000001,-0.000001,-0.000001
2025-12-16 18:00:37.067,-0.000156,-0.002607,0.003222,0.000001,-0.000001,-0.000001
2025-12-16 18:00:37.068,-0.000143,-0.002548,0.003120,0.000001,-0.000001,-0.000001
2025-12-16 18:00:37.070,-0.000142,-0.002516,0.003071,0.000001,-0.000001,-0.000001
2025-12-16 18:00:37.071,-0.000138,-0.002484,0.003022,0.000001,-0.000001,-0.000001
2025-12-16 18:00:37.073,-0.000132,-0.002409,0.002920,0.000000,-0.000001,-0.000001
2025-12-16 18:00:37.074,-0.000125,-0.002372,0.002875,0.000000,-0.000001,-0.000001
2025-12-16 18:00:37.076,-0.000111,-0.002311,0.002791,0.000000,-0.000001,-0.000001
2025-12-16 18:00:37.077,-0.000105,-0.002276,0.002739,0.000000,-0.000001,-0.000001
2025-12-16 18:00:37.078,-0.000096,-0.002240,0.002685,0.000000,-0.000001,-0.000001
2025-12-16 18:00:37.080,-0.000079,-0.002173,0.002584,0.000000,-0.000001,-0.000001
2025-12-16 18:00:37.081,-0.000077,-0.002139,0.002536,0.000000,-0.000001,-0.000001
2025-12-16 18:00:37.083,-0.000073,-0.002068,0.002423,0.000000,-0.000001,-0.000001
2025-12-16 18:00:37.084,-0.000067,-0.002037,0.002367,0.000000,-0.000001,-0.000001
2025-12-16 18:00:37.085,-0.000061,-0.001983,0.002261,0.000000,-0.000001,-0.000001
2025-12-16 18:00:37.087,-0.000061,-0.001946,0.002196,0.000000,-0.000001,-0.000001
2025-12-16 18:00:37.088,-0.000062,-0.001911,0.002128,0.000000,-0.000001,-0.000001
2025-12-16 18:00:37.090,-0.000061,-0.001844,0.002001,0.000000,-0.000001,-0.000001
2025-12-16 18:00:37.091,-0.000063,-0.001809,0.001932,0.000000,-0.000001,-0.000001
2025-12-16 18:00:37.092,-0.000067,-0.001780,0.001872,0.000000,-0.000001,-0.000001
2025-12-16 18:00:37.094,-0.000084,-0.001720,0.001746,0.000000,-0.000001,-0.000001
2025-12-16 18:00:37.095,-0.000098,-0.001687,0.001675,0.000000,-0.000001,-0.000001
2025-12-16 18:00:37.097,-0.000124,-0.001630,0.001547,0.000000,-0.000001,-0.000001
2025-12-16 18:00:37.098,-0.000140,-0.001600,0.001479,0.000000,-0.000001,-0.000001
2025-12-16 18:00:37.099,-0.000174,-0.001542,0.001360,0.000000,-0.000001,-0.000000
2025-12-16 18:00:37.101,-0.000195,-0.001510,0.001302,0.000000,-0.000000,-0.000000
2025-12-16 18:00:37.102,-0.000218,-0.001479,0.001241,0.000000,-0.000000,-0.000000
2025-12-16 18:00:37.104,-0.000280,-0.001416,0.001114,0.000000,-0.000000,-0.000000
2025-12-16 18:00:37.105,-0.000311,-0.001388,0.001060,0.000000,-0.000000,-0.000000
2025-12-16 18:00:37.107,-0.000372,-0.001325,0.000949,0.000000,-0.000000,-0.000000
2025-12-16 18:00:37.108,-0.000409,-0.001295,0.000897,0.000000,-0.000000,-0.000000
2025-12-16 18:00:37.109,-0.000445,-0.001263,0.000843,0.000000,-0.000000,-0.000000
2025-12-16 18:00:37.111,-0.000508,-0.001205,0.000749,0.000000,-0.000000,-0.000000
2025-12-16 18:00:37.112,-0.000536,-0.001177,0.000708,0.000000,-0.000000,-0.000000
2025-12-16 18:00:37.114,-0.000607,-0.001112,0.000618,0.000000,-0.000000,-0.000000
2025-12-16 18:00:37.115,-0.000643,-0.001082,0.000579,0.000000,-0.000000,-0.000000
2025-12-16 18:00:37.116,-0.000681,-0.001051,0.000543,0.000000,-0.000000,-0.000000
2025-12-16 18:00:37.117,-0.000755,-0.000989,0.000478,-0.000000,0.000000,-0.000000
2025-12-16 18:00:37.119,-0.000790,-0.000958,0.000449,-0.000000,0.000000,0.000000
2025-12-16 18:00:37.120,-0.000820,-0.000927,0.000423,-0.000000,0.000000,0.000000
2025-12-16 18:00:37.122,-0.000869,-0.000865,0.000380,-0.000000,0.000000,0.000000
2025-12-16 18:00:37.123,-0.000887,-0.000839,0.000360,-0.000000,0.000000,0.000000
2025-12-16 18:00:37.124,-0.000919,-0.000793,0.000331,-0.000000,0.000000,0.000000
2025-12-16 18:00:37.126,-0.000931,-0.000773,0.000321,-0.000000,0.000000,0.000000
2025-12-16 18:00:37.127,-0.000941,-0.000752,0.000317,-0.000000,0.000000,0.000000
2025-12-16 18:00:37.129,-0.000950,-0.000716,0.000313,-0.000000,0.000000,0.000000
2025-12-16 18:00:37.130,-0.000955,-0.000691,0.000308,-0.000000,0.000000,0.000000
2025-12-16 18:00:37.131,-0.000955,-0.000651,0.000309,-0.000000,0.000000,0.000000
2025-12-16 18:00:37.133,-0.000950,-0.000633,0.000307,-0.000000,0.000000,0.000000
2025-12-16 18:00:37.134,-0.000940,-0.000613,0.000302,-0.000000,0.000000,0.000000
2025-12-16 18:00:37.136,-0.000918,-0.000584,0.000302,-0.000000,0.000000,0.000000
2025-12-16 18:00:37.137,-0.000903,-0.000571,0.000305,-0.000000,0.000000,0.000000
2025-12-16 18:00:37.138,-0.000875,-0.000548,0.000315,-0.000000,0.000000,0.000000
2025-12-16 18:00:37.140,-0.000858,-0.000537,0.000320,-0.000000,0.000000,0.000000
2025-12-16 18:00:37.141,-0.000838,-0.000529,0.000321,-0.000000,0.000000,0.000000
2025-12-16 18:00:37.143,-0.000806,-0.000518,0.000322,-0.000000,0.000000,0.000000
2025-12-16 18:00:37.144,-0.000792,-0.000506,0.000322,-0.000000,0.000000,0.000000
2025-12-16 18:00:37.145,-0.000780,-0.000494,0.000323,0.000000,0.000000,0.000000
2025-12-16 18:00:37.147,-0.000765,-0.000476,0.000325,0.000000,0.000000,0.000000
2025-12-16 18:00:37.148,-0.000756,-0.000470,0.000330,0.000000,0.000000,0.000000
2025-12-16 18:00:37.150,-0.000738,-0.000455,0.000336,0.000000,0.000000,0.000000
2025-12-16 18:00:37.151,-0.000733,-0.000449,0.000338,0.000000,0.000000,0.000000
2025-12-16 18:00:37.152,-0.000729,-0.000429,0.000330,-0.000000,0.000000,0.000000
2025-12-16 18:00:37.154,-0.000734,-0.000417,0.000330,0.000000,0.000000,0.000000
2025-12-16 18:00:37.155,-0.000740,-0.000406,0.000331,0.000000,0.000000,0.000000
2025-12-16 18:00:37.157,-0.000750,-0.000386,0.000330,0.000000,0.000000,0.000000
2025-12-16 18:00:37.159,-0.000778,-0.000362,0.000332,0.000000,0.000000,0.000000
2025-12-16 18:00:37.160,-0.000790,-0.000350,0.000332,0.000000,0.000000,0.000000
2025-12-16 18:00:37.161,-0.000824,-0.000319,0.000338,0.000000,0.000000,0.000000
2025-12-16 18:00:37.163,-0.000841,-0.000303,0.000344,0.000000,0.000000,0.000000
2025-12-16 18:00:37.164,-0.000860,-0.000291,0.000352,0.000000,0.000000,0.000000
2025-12-16 18:00:37.166,-0.000898,-0.000266,0.000363,0.000000,0.000000,0.000000
2025-12-16 18:00:37.167,-0.000920,-0.000250,0.000367,0.000000,0.000000,0.000000
2025-12-16 18:00:37.168,-0.000947,-0.000232,0.000371,0.000000,0.000000,0.000000
2025-12-16 18:00:37.170,-0.001001,-0.000198,0.000378,0.000000,0.000000,0.000000
2025-12-16 18:00:37.171,-0.001028,-0.000179,0.000380,0.000000,0.000000,0.000000
2025-12-16 18:00:37.173,-0.001068,-0.000149,0.000395,0.000000,0.000000,0.000000
2025-12-16 18:00:37.174,-0.001086,-0.000134,0.000401,0.000000,0.000000,0.000000
2025-12-16 18:00:37.175,-0.001106,-0.000117,0.000406,0.000000,0.000000,0.000000
2025-12-16 18:00:37.177,-0.001142,-0.000085,0.000412,0.000000,0.000000,0.000000
2025-12-16 18:00:37.178,-0.001159,-0.000070,0.000413,0.000000,0.000000,0.000000
2025-12-16 18:00:37.179,-0.001187,-0.000044,0.000415,0.000000,0.000000,0.000000
2025-12-16 18:00:37.181,-0.001200,-0.000032,0.000416,0.000000,0.000000,0.000000
2025-12-16 18:00:37.182,-0.001206,-0.000018,0.000413,0.000000,0.000000,0.000000
2025-12-16 18:00:37.184,-0.001212,0.000007,0.000417,0.000000,0.000000,0.000000
2025-12-16 18:00:37.185,-0.001209,0.000019,0.000417,0.000000,0.000000,0.000000
2025-12-16 18:00:37.186,-0.001195,0.000036,0.000414,0.000000,0.000000,0.000000
2025-12-16 18:00:37.188,-0.001186,0.000041,0.000412,0.000000,0.000000,0.000000
2025-12-16 18:00:37.189,-0.001175,0.000044,0.000414,0.000000,0.000000,0.000000
2025-12-16 18:00:37.191,-0.001147,0.000050,0.000422,0.000000,0.000000,0.000000
2025-12-16 18:00:37.192,-0.001131,0.000055,0.000427,0.000000,0.000000,0.000000
2025-12-16 18:00:37.193,-0.001113,0.000059,0.000429,0.000000,0.000000,0.000000
2025-12-16 18:00:37.195,-0.001084,0.000064,0.000430,0.000000,0.000000,0.000000
2025-12-16 18:00:37.196,-0.001062,0.000070,0.000430,0.000000,0.000000,0.000000
2025-12-16 18:00:37.198,-0.001013,0.000083,0.000430,0.000000,0.000000,0.000000
2025-12-16 18:00:37.199,-0.000991,0.000091,0.000432,0.000000,0.000000,0.000000
2025-12-16 18:00:37.200,-0.000953,0.000107,0.000437,0.000000,0.000000,0.000000
2025-12-16 18:00:37.202,-0.000934,0.000115,0.000439,0.000000,0.000000,0.000000
2025-12-16 18:00:37.203,-0.000917,0.000121,0.000441,0.000000,0.000000,0.000000
2025-12-16 18:00:37.205,-0.000870,0.000145,0.000423,0.000000,0.000000,0.000000
2025-12-16 18:00:37.206,-0.000844,0.000157,0.000414,0.000000,0.000000,0.000000
2025-12-16 18:00:37.207,-0.000822,0.000171,0.000404,0.000000,0.000000,0.000000
2025-12-16 18:00:37.209,-0.000782,0.000205,0.000377,0.000000,0.000000,0.000000
2025-12-16 18:00:37.210,-0.000764,0.000218,0.000368,0.000000,0.000000,0.000000
2025-12-16 18:00:37.212,-0.000736,0.000245,0.000340,0.000000,0.000000,0.000000
2025-12-16 18:00:37.213,-0.000724,0.000265,0.000324,0.000000,0.000000,0.000000
2025-12-16 18:00:37.215,-0.000695,0.000299,0.000290,0.000000,0.000000,0.000000
2025-12-16 18:00:37.217,-0.000665,0.000333,0.000262,0.000000,0.000000,0.000000
2025-12-16 18:00:37.218,-0.000649,0.000350,0.000245,0.000000,0.000000,0.000000
2025-12-16 18:00:37.220,-0.000621,0.000378,0.000214,0.000000,0.000000,0.000000
2025-12-16 18:00:37.222,-0.000593,0.000406,0.000181,0.000000,0.000000,0.000000
2025-12-16 18:00:37.223,-0.000580,0.000424,0.000161,0.000000,0.000000,0.000000
2025-12-16 18:00:37.225,-0.000548,0.000454,0.000120,0.000000,0.000000,0.000000
2025-12-16 18:00:37.226,-0.000532,0.000469,0.000098,0.000000,0.000000,0.000000
2025-12-16 18:00:37.228,-0.000500,0.000492,0.000062,0.000000,0.000000,0.000000
2025-12-16 18:00:37.229,-0.000482,0.000500,0.000048,0.000000,0.000000,0.000000
2025-12-16 18:00:37.230,-0.000441,0.000520,0.000003,0.000000,0.000000,0.000000
2025-12-16 18:00:37.232,-0.000417,0.000534,-0.000024,0.000000,0.000000,0.000000
2025-12-16 18:00:37.233,-0.000392,0.000546,-0.000048,0.000000,0.000000,0.000000
2025-12-16 18:00:37.235,-0.000349,0.000568,-0.000093,0.000000,0.000000,0.000000
2025-12-16 18:00:37.236,-0.000331,0.000579,-0.000114,0.000000,0.000000,0.000000
2025-12-16 18:00:37.238,-0.000281,0.000606,-0.000169,0.000000,0.000000,0.000000
2025-12-16 18:00:37.239,-0.000254,0.000616,-0.000193,-0.000000,0.000000,0.000000
2025-12-16 18:00:37.240,-0.000203,0.000635,-0.000238,-0.000000,0.000000,0.000000
2025-12-16 18:00:37.242,-0.000178,0.000644,-0.000260,-0.000000,0.000000,0.000000
2025-12-16 18:00:37.243,-0.000149,0.000652,-0.000282,-0.000000,0.000000,0.000000
2025-12-16 18:00:37.245,-0.000102,0.000674,-0.000330,-0.000000,0.000000,0.000000
2025-12-16 18:00:37.246,-0.000081,0.000682,-0.000349,-0.000000,0.000000,0.000000
2025-12-16 18:00:37.247,-0.000041,0.000705,-0.000395,-0.000000,0.000000,0.000000
2025-12-16 18:00:37.249,-0.000026,0.000714,-0.000419,-0.000000,0.000000,0.000000
2025-12-16 18:00:37.250,-0.000014,0.000722,-0.000440,-0.000000,0.000000,0.000000
2025-12-16 18:00:37.252,0.000020,0.000737,-0.000476,-0.000000,0.000000,0.000000
2025-12-16 18:00:37.253,0.000039,0.000744,-0.000497,-0.000000,0.000000,0.000000
2025-12-16 18:00:37.255,0.000069,0.000757,-0.000537,-0.000000,0.000000,0.000000
2025-12-16 18:00:37.256,0.000084,0.000767,-0.000565,-0.000000,0.000000,0.000000
2025-12-16 18:00:37.257,0.000097,0.000772,-0.000583,-0.000000,0.000000,0.000000
2025-12-16 18:00:37.259,0.000117,0.000777,-0.000621,-0.000000,0.000000,0.000000
2025-12-16 18:00:37.260,0.000124,0.000784,-0.000647,-0.000000,0.000000,0.000000
2025-12-16 18:00:37.262,0.000133,0.000787,-0.000674,-0.000000,0.000000,0.000000
2025-12-16 18:00:37.263,0.000141,0.000788,-0.000693,-0.000000,0.000000,0.000000
2025-12-16 18:00:37.264,0.000147,0.000789,-0.000726,-0.000000,0.000000,0.000000
2025-12-16 18:00:37.266,0.000154,0.000791,-0.000751,-0.000000,0.000000,0.000000
2025-12-16 18:00:37.267,0.000157,0.000789,-0.000772,-0.000000,0.000000,0.000000
2025-12-16 18:00:37.269,0.000163,0.000782,-0.000808,-0.000000,0.000000,0.000000
2025-12-16 18:00:37.270,0.000166,0.000777,-0.000828,-0.000000,0.000000,0.000000
2025-12-16 18:00:37.271,0.000169,0.000766,-0.000865,-0.000000,0.000000,0.000000
2025-12-16 18:00:37.273,0.000169,0.000763,-0.000882,-0.000000,0.000000,0.000000
2025-12-16 18:00:37.274,0.000170,0.000756,-0.000894,-0.000000,0.000000,0.000000
2025-12-16 18:00:37.276,0.000169,0.000740,-0.000917,-0.000000,0.000000,0.000000
2025-12-16 18:00:37.277,0.000167,0.000732,-0.000935,-0.000000,0.000000,0.000000
2025-12-16 18:00:37.279,0.000159,0.000722,-0.000967,-0.000000,0.000000,0.000000
2025-12-16 18:00:37.280,0.000153,0.000715,-0.000981,-0.000000,0.000000,0.000000
2025-12-16 18:00:37.281,0.000149,0.000709,-0.000999,-0.000000,0.000000,0.000000
2025-12-16 18:00:37.283,0.000136,0.000691,-0.001028,-0.000000,0.000000,0.000000
2025-12-16 18:00:37.284,0.000135,0.000680,-0.001042,-0.000000,0.000000,0.000000
2025-12-16 18:00:37.286,0.000136,0.000662,-0.001066,-0.000000,0.000000,0.000000
2025-12-16 18:00:37.287,0.000134,0.000656,-0.001077,-0.000000,0.000000,0.000000
2025-12-16 18:00:37.288,0.000126,0.000646,-0.001095,-0.000000,0.000000,0.000000
2025-12-16 18:00:37.290,0.000120,0.000639,-0.001103,-0.000000,0.000000,0.000000
2025-12-16 18:00:37.291,0.000116,0.000630,-0.001108,-0.000000,0.000000,0.000000
2025-12-16 18:00:37.293,0.000110,0.000613,-0.001118,-0.000000,0.000000,0.000000
2025-12-16 18:00:37.294,0.000108,0.000611,-0.001122,-0.000000,0.000000,0.000000
2025-12-16 18:00:37.295,0.000109,0.000613,-0.001126,-0.000000,0.000000,0.000000
2025-12-16 18:00:37.297,0.000114,0.000615,-0.001128,-0.000000,0.000000,0.000000
2025-12-16 18:00:37.298,0.000125,0.000615,-0.001120,-0.000000,0.000000,0.000000
2025-12-16 18:00:37.300,0.000132,0.000615,-0.001116,-0.000000,0.000000,0.000000
2025-12-16 18:00:37.301,0.000137,0.000619,-0.001110,-0.000000,0.000000,0.000000
2025-12-16 18:00:37.303,0.000154,0.000627,-0.001100,-0.000000,0.000000,0.000000
2025-12-16 18:00:37.305,0.000152,0.000640,-0.001069,-0.000000,0.000000,0.000000
2025-12-16 18:00:37.306,0.000153,0.000649,-0.001053,-0.000000,0.000000,0.000000
2025-12-16 18:00:37.307,0.000159,0.000667,-0.001012,-0.000000,0.000000,0.000000
2025-12-16 18:00:37.309,0.000164,0.000676,-0.000994,-0.000000,0.000000,0.000000
2025-12-16 18:00:37.310,0.000172,0.000687,-0.000977,-0.000000,0.000000,0.000000
2025-12-16 18:00:37.312,0.000184,0.000718,-0.000945,-0.000000,0.000000,0.000000
2025-12-16 18:00:37.313,0.000186,0.000733,-0.000929,-0.000000,0.000000,0.000000
2025-12-16 18:00:37.314,0.000188,0.000764,-0.000907,-0.000000,0.000000,0.000000
2025-12-16 18:00:37.316,0.000187,0.000783,-0.000892,-0.000000,0.000000,0.000000
2025-12-16 18:00:37.317,0.000184,0.000801,-0.000877,-0.000000,0.000000,0.000000
2025-12-16 18:00:37.319,0.000189,0.000836,-0.000861,-0.000000,0.000000,0.000000
2025-12-16 18:00:37.320,0.000187,0.000853,-0.000852,-0.000000,0.000000,0.000000
2025-12-16 18:00:37.321,0.000183,0.000883,-0.000838,-0.000000,0.000000,0.000000
2025-12-16 18:00:37.323,0.000179,0.000900,-0.000830,-0.000000,0.000000,0.000000
2025-12-16 18:00:37.324,0.000174,0.000916,-0.000823,-0.000000,0.000000,0.000000
2025-12-16 18:00:37.326,0.000155,0.000946,-0.000799,-0.000000,0.000000,0.000000
2025-12-16 18:00:37.327,0.000141,0.000961,-0.000783,-0.000000,0.000000,0.000000
2025-12-16 18:00:37.328,0.000116,0.000984,-0.000757,-0.000000,0.000000,0.000000
2025-12-16 18:00:37.330,0.000102,0.000996,-0.000742,-0.000000,0.000000,0.000000
2025-12-16 18:00:37.331,0.000090,0.001006,-0.000729,-0.000000,0.000000,0.000000
2025-12-16 18:00:37.333,0.000061,0.001014,-0.000692,-0.000000,0.000000,0.000000
2025-12-16 18:00:37.334,0.000047,0.001018,-0.000675,-0.000000,0.000000,0.000000
2025-12-16 18:00:37.335,0.000023,0.001010,-0.000634,-0.000000,0.000000,0.000000
2025-12-16 18:00:37.337,0.000013,0.001006,-0.000615,-0.000000,0.000000,0.000000
2025-12-16 18:00:37.338,0.000001,0.001002,-0.000590,-0.000000,0.000000,0.000000
2025-12-16 18:00:37.340,-0.000021,0.000992,-0.000543,-0.000000,0.000000,0.000000
2025-12-16 18:00:37.341,-0.000029,0.000984,-0.000520,-0.000000,0.000000,0.000000
2025-12-16 18:00:37.342,-0.000048,0.000956,-0.000468,-0.000000,0.000000,0.000000
2025-12-16 18:00:37.344,-0.000056,0.000940,-0.000440,-0.000000,0.000000,0.000000
2025-12-16 18:00:37.345,-0.000062,0.000927,-0.000417,-0.000000,0.000000,0.000000
2025-12-16 18:00:37.347,-0.000073,0.000896,-0.000384,-0.000000,0.000000,0.000000
2025-12-16 18:00:37.348,-0.000079,0.000881,-0.000370,-0.000000,0.000000,0.000000
2025-12-16 18:00:37.350,-0.000089,0.000849,-0.000344,-0.000000,0.000000,0.000000
2025-12-16 18:00:37.351,-0.000091,0.000824,-0.000330,0.000000,0.000000,0.000000
2025-12-16 18:00:37.352,-0.000101,0.000778,-0.000305,-0.000000,0.000000,0.000000
2025-12-16 18:00:37.354,-0.000105,0.000753,-0.000292,-0.000000,0.000000,0.000000
2025-12-16 18:00:37.355,-0.000108,0.000730,-0.000282,0.000000,0.000000,0.000000
2025-12-16 18:00:37.356,-0.000112,0.000670,-0.000268,-0.000000,0.000000,0.000000
2025-12-16 18:00:37.358,-0.000115,0.000637,-0.000259,-0.000000,0.000000,0.000000
2025-12-16 18:00:37.359,-0.000118,0.000608,-0.000252,-0.000000,0.000000,0.000000
2025-12-16 18:00:37.361,-0.000121,0.000548,-0.000234,-0.000000,0.000000,0.000000
2025-12-16 18:00:37.362,-0.000120,0.000516,-0.000223,-0.000000,0.000000,0.000000
2025-12-16 18:00:37.364,-0.000121,0.000451,-0.000200,-0.000000,0.000000,0.000000
2025-12-16 18:00:37.365,-0.000124,0.000416,-0.000186,-0.000000,0.000000,0.000000
2025-12-16 18:00:37.366,-0.000126,0.000380,-0.000172,-0.000000,0.000000,0.000000
2025-12-16 18:00:37.368,-0.000125,0.000321,-0.000145,-0.000000,0.000000,0.000000
2025-12-16 18:00:37.369,-0.000115,0.000288,-0.000129,-0.000000,0.000000,0.000000
2025-12-16 18:00:37.370,-0.000094,0.000227,-0.000102,-0.000000,0.000000,0.000000
2025-12-16 18:00:37.372,-0.000086,0.000199,-0.000090,-0.000000,0.000000,0.000000
2025-12-16 18:00:37.373,-0.000074,0.000167,-0.000079,-0.000000,0.000000,0.000000
2025-12-16 18:00:37.375,-0.000053,0.000107,-0.000060,-0.000000,0.000000,0.000000
2025-12-16 18:00:37.376,-0.000041,0.000076,-0.000046,-0.000000,0.000000,0.000000
2025-12-16 18:00:37.377,-0.000010,0.000016,-0.000020,-0.000000,0.000000,0.000000
2025-12-16 18:00:37.379,0.000007,-0.000010,-0.000011,-0.000000,-0.000000,-0.000000
2025-12-16 18:00:37.380,0.000037,-0.000068,0.000008,-0.000000,-0.000000,-0.000000
2025-12-16 18:00:37.382,0.000051,-0.000095,0.000021,-0.000000,-0.000000,-0.000000
2025-12-16 18:00:37.383,0.000064,-0.000118,0.000033,-0.000000,-0.000000,-0.000000
2025-12-16 18:00:37.385,0.000092,-0.000159,0.000051,0.000000,-0.000000,-0.000000
2025-12-16 18:00:37.386,0.000108,-0.000178,0.000057,0.000000,-0.000000,-0.000000
2025-12-16 18:00:37.387,0.000143,-0.000207,0.000062,0.000000,-0.000000,-0.000000
2025-12-16 18:00:37.389,0.000156,-0.000216,0.000062,-0.000000,-0.000000,-0.000000
2025-12-16 18:00:37.390,0.000167,-0.000227,0.000064,0.000000,-0.000000,-0.000000
2025-12-16 18:00:37.392,0.000185,-0.000246,0.000066,0.000000,-0.000000,-0.000000
2025-12-16 18:00:37.393,0.000199,-0.000252,0.000064,0.000000,-0.000000,-0.000000
2025-12-16 18:00:37.394,0.000211,-0.000253,0.000060,-0.000000,-0.000000,-0.000000
2025-12-16 18:00:37.396,0.000234,-0.000254,0.000059,-0.000000,-0.000000,-0.000000
2025-12-16 18:00:37.397,0.000244,-0.000252,0.000061,0.000000,-0.000000,-0.000000
2025-12-16 18:00:37.398,0.000267,-0.000239,0.000059,0.000000,-0.000000,-0.000000
2025-12-16 18:00:37.400,0.000280,-0.000229,0.000054,0.000000,-0.000000,-0.000000
2025-12-16 18:00:37.401,0.000292,-0.000219,0.000048,-0.000000,-0.000000,-0.000000
2025-12-16 18:00:37.403,0.000323,-0.000193,0.000020,-0.000000,-0.000000,-0.000000
2025-12-16 18:00:37.404,0.000343,-0.000178,0.000002,-0.000000,-0.000000,-0.000000
2025-12-16 18:00:37.405,0.000360,-0.000165,-0.000013,-0.000000,-0.000000,-0.000000
2025-12-16 18:00:37.407,0.000378,-0.000151,-0.000022,-0.000000,-0.000000,-0.000000
2025-12-16 18:00:37.408,0.000393,-0.000139,-0.000028,-0.000000,-0.000000,-0.000000
2025-12-16 18:00:37.409,0.000422,-0.000118,-0.000038,-0.000000,-0.000000,-0.000000
2025-12-16 18:00:37.411,0.000442,-0.000107,-0.000046,-0.000000,-0.000000,-0.000000
2025-12-16 18:00:37.412,0.000460,-0.000095,-0.000055,-0.000000,-0.000000,-0.000000
2025-12-16 18:00:37.414,0.000495,-0.000069,-0.000074,-0.000000,-0.000000,-0.000000
2025-12-16 18:00:37.415,0.000518,-0.000057,-0.000086,-0.000000,-0.000000,-0.000000
2025-12-16 18:00:37.416,0.000590,-0.000024,-0.000130,-0.000000,-0.000000,-0.000000
2025-12-16 18:00:37.418,0.000619,-0.000015,-0.000150,-0.000000,-0.000000,-0.000000
2025-12-16 18:00:37.419,0.000644,-0.000009,-0.000166,-0.000000,-0.000000,-0.000000
2025-12-16 18:00:37.420,0.000694,0.000005,-0.000207,-0.000000,-0.000000,-0.000000
2025-12-16 18:00:37.422,0.000720,0.000013,-0.000227,-0.000000,-0.000000,-0.000000
2025-12-16 18:00:37.423,0.000746,0.000020,-0.000244,-0.000000,-0.000000,-0.000000
2025-12-16 18:00:37.425,0.000805,0.000028,-0.000275,-0.000000,-0.000000,-0.000000
2025-12-16 18:00:37.426,0.000839,0.000031,-0.000295,-0.000000,-0.000000,-0.000000
2025-12-16 18:00:37.427,0.000868,0.000033,-0.000314,-0.000000,-0.000000,-0.000000
2025-12-16 18:00:37.429,0.000927,0.000045,-0.000350,-0.000000,-0.000000,-0.000000
2025-12-16 18:00:37.430,0.000959,0.000051,-0.000367,-0.000000,-0.000000,-0.000000
2025-12-16 18:00:37.431,0.001021,0.000056,-0.000384,-0.000000,-0.000000,-0.000000
2025-12-16 18:00:37.433,0.001052,0.000053,-0.000388,-0.000000,-0.000000,-0.000000
2025-12-16 18:00:37.435,0.001102,0.000043,-0.000395,-0.000000,-0.000000,-0.000000
2025-12-16 18:00:37.436,0.001122,0.000039,-0.000398,-0.000000,-0.000000,-0.000000
2025-12-16 18:00:37.437,0.001173,0.000043,-0.000414,-0.000000,-0.000000,-0.000000
2025-12-16 18:00:37.439,0.001195,0.000046,-0.000422,-0.000000,-0.000000,-0.000000
2025-12-16 18:00:37.440,0.001218,0.000048,-0.000424,-0.000000,-0.000000,-0.000000
2025-12-16 18:00:37.442,0.001259,0.000044,-0.000418,-0.000000,-0.000000,-0.000000
2025-12-16 18:00:37.443,0.001280,0.000038,-0.000412,-0.000000,-0.000000,-0.000000
2025-12-16 18:00:37.445,0.001310,0.000028,-0.000401,-0.000000,-0.000000,-0.000000
2025-12-16 18:00:37.447,0.001330,0.000022,-0.000396,-0.000000,-0.000000,-0.000000
2025-12-16 18:00:37.448,0.001341,0.000016,-0.000395,-0.000000,-0.000000,-0.000000
2025-12-16 18:00:37.450,0.001356,0.000003,-0.000392,-0.000000,-0.000000,-0.000000
2025-12-16 18:00:37.451,0.001361,-0.000002,-0.000391,-0.000000,-0.000000,-0.000000
2025-12-16 18:00:37.452,0.001363,-0.000006,-0.000401,-0.000000,-0.000000,-0.000000
2025-12-16 18:00:37.454,0.001365,-0.000007,-0.000406,-0.000000,-0.000000,-0.000000
2025-12-16 18:00:37.455,0.001367,-0.000008,-0.000411,-0.000000,-0.000000,-0.000000
2025-12-16 18:00:37.457,0.001367,-0.000013,-0.000415,-0.000000,-0.000000,-0.000000
2025-12-16 18:00:37.458,0.001359,-0.000018,-0.000412,-0.000000,-0.000000,-0.000000
2025-12-16 18:00:37.460,0.001343,-0.000030,-0.000410,-0.000000,-0.000000,-0.000000
2025-12-16 18:00:37.461,0.001338,-0.000037,-0.000418,-0.000000,-0.000000,-0.000000
2025-12-16 18:00:37.462,0.001327,-0.000042,-0.000424,-0.000000,-0.000000,-0.000000
2025-12-16 18:00:37.464,0.001303,-0.000049,-0.000433,-0.000000,-0.000000,-0.000000
2025-12-16 18:00:37.465,0.001290,-0.000051,-0.000434,-0.000000,-0.000000,-0.000000
2025-12-16 18:00:37.467,0.001264,-0.000052,-0.000438,-0.000000,-0.000000,-0.000000
2025-12-16 18:00:37.468,0.001252,-0.000051,-0.000442,-0.000000,-0.000000,-0.000000
2025-12-16 18:00:37.469,0.001235,-0.000050,-0.000450,-0.000000,-0.000000,-0.000000
2025-12-16 18:00:37.471,0.001226,-0.000050,-0.000451,-0.000000,-0.000000,-0.000000
2025-12-16 18:00:37.472,0.001217,-0.000049,-0.000451,-0.000000,-0.000000,-0.000000
2025-12-16 18:00:37.474,0.001190,-0.000048,-0.000452,-0.000000,-0.000000,-0.000000
2025-12-16 18:00:37.475,0.001171,-0.000047,-0.000454,-0.000000,-0.000000,-0.000000
2025-12-16 18:00:37.477,0.001141,-0.000040,-0.000457,-0.000000,-0.000000,-0.000000
2025-12-16 18:00:37.478,0.001126,-0.000034,-0.000459,-0.000000,-0.000000,-0.000000
2025-12-16 18:00:37.479,0.001095,-0.000011,-0.000450,-0.000000,-0.000000,-0.000000
2025-12-16 18:00:37.481,0.001081,0.000003,-0.000451,-0.000000,-0.000000,-0.000000
2025-12-16 18:00:37.482,0.001065,0.000015,-0.000453,-0.000000,-0.000000,-0.000000
2025-12-16 18:00:37.484,0.001046,0.000028,-0.000455,-0.000000,-0.000000,-0.000000
2025-12-16 18:00:37.487,0.000968,0.000074,-0.000454,-0.000000,-0.000000,-0.000000
2025-12-16 18:00:37.492,0.000835,0.000123,-0.000441,-0.000000,-0.000000,-0.000000
2025-12-16 18:00:37.495,0.000744,0.000152,-0.000436,-0.000000,-0.000000,-0.000000
2025-12-16 18:00:37.496,0.000720,0.000158,-0.000433,-0.000000,-0.000000,-0.000000
2025-12-16 18:00:37.497,0.000672,0.000167,-0.000429,-0.000000,-0.000000,-0.000000
2025-12-16 18:00:37.499,0.000642,0.000171,-0.000428,-0.000000,-0.000000,-0.000000
2025-12-16 18:00:37.500,0.000617,0.000174,-0.000427,-0.000000,-0.000000,-0.000000
2025-12-16 18:00:37.502,0.000542,0.000170,-0.000420,-0.000000,-0.000000,-0.000000
2025-12-16 18:00:37.504,0.000458,0.000165,-0.000406,-0.000000,-0.000000,-0.000000
2025-12-16 18:00:37.506,0.000369,0.000161,-0.000400,-0.000000,0.000000,-0.000000
