timestamp,p1,p2,p3,p4,p5,p6,p7,v1,v2,v3,v4,v5,v6,v7
2025-12-16 18:26:17.866,0.135743,0.287126,0.039338,-2.204883,1.275078,2.154288,1.570566,-0.000031,0.000537,-0.001934,-0.000975,0.004278,-0.000194,0.001359
2025-12-16 18:26:17.870,0.135737,0.287125,0.039335,-2.204878,1.275079,2.154293,1.570563,-0.001002,0.000057,-0.000798,-0.000221,0.001135,-0.000438,0.000268
2025-12-16 18:26:17.872,0.135737,0.287125,0.039339,-2.204878,1.275079,2.154294,1.570561,-0.000668,0.000038,0.000555,0.000409,0.000850,0.000085,-0.000534
2025-12-16 18:26:17.873,0.135738,0.287125,0.039335,-2.204877,1.275079,2.154295,1.570564,0.000260,-0.000169,-0.000710,0.000924,0.000476,0.000415,-0.004191
2025-12-16 18:26:17.874,0.135742,0.287124,0.039337,-2.204883,1.275080,2.154295,1.570564,0.001380,-0.000669,0.000072,-0.001147,0.000696,0.000278,-0.003194
2025-12-16 18:26:17.876,0.135741,0.287123,0.039334,-2.204877,1.275080,2.154293,1.570556,0.001572,-0.000731,-0.000166,-0.000108,0.000238,0.003021,-0.004229
2025-12-16 18:26:17.877,0.135737,0.287124,0.039334,-2.204877,1.275080,2.154295,1.570556,-0.000066,-0.000487,-0.000672,0.000485,0.000175,0.003054,-0.001937
2025-12-16 18:26:17.880,0.135733,0.287124,0.039335,-2.204874,1.275080,2.154295,1.570560,-0.001236,-0.000031,-0.000489,0.000401,-0.000018,0.001669,0.000655
2025-12-16 18:26:17.887,0.135730,0.287124,0.039337,-2.204877,1.275086,2.154299,1.570560,-0.001022,-0.000194,0.000876,-0.000240,0.000917,-0.000046,0.000865
2025-12-16 18:26:17.893,0.135730,0.287125,0.039333,-2.204874,1.275084,2.154299,1.570558,-0.000093,0.001037,0.000084,-0.000049,-0.000192,-0.000199,0.000089
2025-12-16 18:26:17.896,0.135732,0.287121,0.039333,-2.204870,1.275086,2.154299,1.570558,0.001179,-0.000105,-0.000099,0.001109,0.000056,-0.000338,0.001418
2025-12-16 18:26:17.898,0.135731,0.287125,0.039335,-2.204876,1.275087,2.154301,1.570559,0.000462,0.000758,-0.000044,-0.000682,0.000477,0.000439,0.001003
2025-12-16 18:26:17.899,0.135732,0.287123,0.039335,-2.204874,1.275085,2.154300,1.570550,0.000308,-0.000145,0.000528,0.000102,-0.000360,-0.000046,-0.002214
2025-12-16 18:26:17.901,0.135734,0.287121,0.039332,-2.204872,1.275085,2.154299,1.570553,0.000787,-0.000435,0.000265,0.000695,-0.000273,-0.000269,0.000349
2025-12-16 18:26:17.903,0.135732,0.287125,0.039332,-2.204874,1.275086,2.154299,1.570558,0.000524,0.000916,0.000177,-0.000186,0.000157,-0.000179,0.000945
2025-12-16 18:26:17.904,0.135727,0.287125,0.039335,-2.204876,1.275085,2.154300,1.570552,-0.000973,0.000809,0.000635,-0.000856,-0.000269,0.000056,-0.001875
2025-12-16 18:26:17.906,0.135731,0.287125,0.039332,-2.204876,1.275084,2.154300,1.570559,0.000558,0.000540,-0.000133,-0.000571,-0.000519,0.000038,0.000920
2025-12-16 18:26:17.907,0.135729,0.287121,0.039335,-2.204877,1.275086,2.154299,1.570557,-0.000185,-0.001152,0.000312,-0.000996,0.000222,-0.000232,-0.000303
2025-12-16 18:26:17.908,0.135731,0.287125,0.039329,-2.204874,1.275085,2.154300,1.570548,0.000526,0.000438,-0.001555,0.000450,-0.000191,0.000218,-0.001999
2025-12-16 18:26:17.910,0.135729,0.287127,0.039333,-2.204872,1.275085,2.154298,1.570553,-0.000601,0.000968,-0.000073,0.001035,-0.000198,-0.000400,0.000649
2025-12-16 18:26:17.911,0.135732,0.287125,0.039335,-2.204872,1.275086,2.154300,1.570550,0.000805,0.000089,-0.000048,0.000040,0.000207,0.000479,-0.000653
2025-12-16 18:26:17.913,0.135729,0.287127,0.039335,-2.204873,1.275088,2.154299,1.570549,-0.000669,0.000616,-0.000032,0.000027,0.000782,-0.000054,-0.000774
2025-12-16 18:26:17.916,0.135734,0.287133,0.039335,-2.204876,1.275087,2.154300,1.570557,0.000920,0.000534,0.000544,-0.000974,0.000353,0.000238,0.000461
2025-12-16 18:26:17.919,0.135736,0.287131,0.039334,-2.204873,1.275086,2.154301,1.570554,0.000965,-0.000010,-0.000130,0.000186,-0.000069,0.000445,0.000804
2025-12-16 18:26:17.922,0.135740,0.287133,0.039336,-2.204875,1.275086,2.154299,1.570559,0.000791,0.000832,0.000292,0.000457,-0.000209,-0.000268,0.000901
2025-12-16 18:26:17.928,0.135742,0.287138,0.039335,-2.204877,1.275088,2.154297,1.570551,0.001171,0.001439,0.000822,-0.000052,0.000573,-0.001001,0.000326
2025-12-16 18:26:17.929,0.135744,0.287139,0.039338,-2.204874,1.275086,2.154299,1.570559,0.001263,0.003810,0.001757,0.000163,-0.000175,0.000301,0.000993
2025-12-16 18:26:17.931,0.135742,0.287140,0.039338,-2.204875,1.275088,2.154299,1.570550,0.000376,0.002281,0.000534,0.000474,0.000680,0.000507,-0.000180
2025-12-16 18:26:17.933,0.135739,0.287138,0.039337,-2.204875,1.275086,2.154299,1.570556,-0.000956,0.001018,-0.000201,0.000316,-0.000191,-0.000035,0.000965
2025-12-16 18:26:17.934,0.135741,0.287141,0.039334,-2.204879,1.275086,2.154299,1.570558,-0.000177,0.002001,0.000096,-0.000880,-0.000198,-0.000140,0.000429
2025-12-16 18:26:17.935,0.135742,0.287142,0.039334,-2.204879,1.275087,2.154298,1.570547,0.000439,0.000839,0.000064,-0.000587,0.000207,-0.000466,-0.002223
2025-12-16 18:26:17.937,0.135739,0.287137,0.039334,-2.204874,1.275086,2.154299,1.570556,-0.000914,-0.001157,0.000043,0.001372,-0.000201,0.000062,0.000688
2025-12-16 18:26:17.938,0.135741,0.287141,0.039335,-2.204877,1.275086,2.154299,1.570548,-0.000159,-0.000125,-0.000538,0.000084,-0.000089,0.000028,-0.001729
2025-12-16 18:26:17.940,0.135744,0.287139,0.039335,-2.204876,1.275087,2.154299,1.570547,0.001008,-0.000620,-0.000359,0.000613,0.000280,0.000018,-0.001153
2025-12-16 18:26:17.941,0.135739,0.287139,0.039339,-2.204877,1.275086,2.154300,1.570559,-0.000944,-0.000255,0.000954,-0.000099,-0.000215,0.000381,0.001760
2025-12-16 18:26:17.942,0.135741,0.287138,0.039337,-2.204874,1.275087,2.154300,1.570554,0.000020,-0.000718,0.000079,0.001048,0.000196,0.000254,0.000461
2025-12-16 18:26:17.944,0.135739,0.287139,0.039335,-2.204876,1.275087,2.154296,1.570551,-0.000636,0.000084,-0.000504,0.000142,0.000131,-0.000204,-0.001151
2025-12-16 18:26:17.945,0.135739,0.287136,0.039337,-2.204874,1.275086,2.154297,1.570555,-0.000499,-0.000389,0.000333,0.000218,-0.000281,0.000407,0.001772
2025-12-16 18:26:17.947,0.135739,0.287139,0.039339,-2.204876,1.275087,2.154297,1.570553,-0.000222,-0.000571,0.000519,-0.000677,0.000101,-0.000565,0.000313
2025-12-16 18:26:17.950,0.135739,0.287141,0.039335,-2.204877,1.275086,2.154294,1.570553,0.000273,0.000181,-0.000512,-0.000672,-0.000181,-0.000376,0.000862
2025-12-16 18:26:17.959,0.135733,0.287141,0.039336,-2.204872,1.275088,2.154299,1.570560,-0.000147,0.000306,0.000614,0.001539,0.000406,-0.000436,0.001925
2025-12-16 18:26:17.961,0.135731,0.287144,0.039333,-2.204879,1.275087,2.154299,1.570556,-0.001305,0.001317,-0.000797,-0.001387,-0.000035,-0.000291,-0.000141
2025-12-16 18:26:17.962,0.135734,0.287143,0.039336,-2.204876,1.275087,2.154298,1.570554,0.000070,0.000616,0.000852,0.000188,-0.000117,0.000346,0.000898
2025-12-16 18:26:17.964,0.135732,0.287143,0.039333,-2.204874,1.275085,2.154300,1.570553,0.000248,0.000274,-0.000642,0.000640,-0.000832,-0.000072,0.000738
2025-12-16 18:26:17.965,0.135731,0.287144,0.039335,-2.204876,1.275086,2.154299,1.570557,-0.000485,0.000739,0.000222,-0.000130,-0.000216,-0.000421,0.000865
2025-12-16 18:26:17.966,0.135734,0.287143,0.039331,-2.204877,1.275088,2.154300,1.570549,0.000327,-0.000064,-0.000502,-0.000643,0.000501,0.000092,-0.001593
2025-12-16 18:26:17.968,0.135731,0.287141,0.039336,-2.204874,1.275088,2.154300,1.570557,0.000145,-0.000183,0.001540,0.000642,0.000437,-0.000072,0.001711
2025-12-16 18:26:17.969,0.135727,0.287143,0.039329,-2.204874,1.275087,2.154301,1.570553,-0.001110,0.000435,-0.001293,0.000428,-0.000014,0.000291,-0.000691
2025-12-16 18:26:17.971,0.135727,0.287143,0.039332,-2.204876,1.275089,2.154300,1.570556,-0.000740,0.000290,0.000344,-0.000271,0.000635,-0.000145,0.000286
2025-12-16 18:26:17.972,0.135729,0.287144,0.039332,-2.204874,1.275086,2.154300,1.570558,0.000042,0.000871,-0.000682,0.000622,-0.000588,-0.000178,0.001065
2025-12-16 18:26:17.974,0.135732,0.287143,0.039335,-2.204876,1.275086,2.154302,1.570556,0.001235,0.000024,0.000752,-0.000142,-0.000392,0.000594,-0.000002
2025-12-16 18:26:17.975,0.135733,0.287143,0.039334,-2.204876,1.275086,2.154301,1.570548,0.000178,-0.000175,0.000520,-0.000063,-0.000389,0.000128,-0.001696
2025-12-16 18:26:17.976,0.135728,0.287141,0.039329,-2.204877,1.275088,2.154301,1.570555,-0.001088,-0.000673,-0.001417,-0.000599,0.000385,0.000086,0.002124
2025-12-16 18:26:17.979,0.135731,0.287141,0.039330,-2.204876,1.275088,2.154300,1.570555,0.000321,-0.000887,-0.000258,0.000105,0.000273,0.000061,0.001068
2025-12-16 18:26:17.980,0.135727,0.287141,0.039334,-2.204876,1.275086,2.154301,1.570550,-0.000662,-0.000580,0.000689,-0.000139,-0.000421,0.000366,0.000102
2025-12-16 18:26:17.982,0.135727,0.287141,0.039330,-2.204874,1.275086,2.154301,1.570555,-0.000441,-0.000387,-0.000747,-0.000093,-0.000281,0.000244,0.001899
2025-12-16 18:26:17.983,0.135729,0.287145,0.039327,-2.204875,1.275087,2.154300,1.570558,-0.000041,0.000571,-0.001848,0.000361,0.000214,-0.000118,0.001432
2025-12-16 18:26:17.985,0.135731,0.287139,0.039329,-2.204874,1.275088,2.154300,1.570548,0.000622,-0.001383,-0.000675,0.000797,0.000448,-0.000078,-0.001555
2025-12-16 18:26:17.986,0.135729,0.287146,0.039332,-2.204874,1.275088,2.154299,1.570553,-0.000373,0.000344,-0.000145,0.000138,0.000301,-0.000408,0.000394
2025-12-16 18:26:17.987,0.135727,0.287142,0.039329,-2.204877,1.275087,2.154301,1.570550,-0.000806,-0.000884,-0.000654,-0.001022,-0.000105,0.000440,-0.000483
2025-12-16 18:26:17.989,0.135729,0.287144,0.039332,-2.204877,1.275086,2.154299,1.570555,0.000013,0.000133,0.000266,-0.000454,-0.000386,-0.000403,0.001006
2025-12-16 18:26:17.990,0.135729,0.287148,0.039331,-2.204876,1.275089,2.154301,1.570555,0.000009,0.000738,0.000178,0.000254,0.000726,0.000443,0.001383
2025-12-16 18:26:17.992,0.135727,0.287145,0.039334,-2.204874,1.275088,2.154301,1.570550,-0.000551,-0.000157,0.001325,0.000726,0.000145,0.000295,-0.000536
2025-12-16 18:26:17.993,0.135731,0.287149,0.039331,-2.204877,1.275085,2.154302,1.570552,0.000962,0.000363,-0.000215,-0.000791,-0.000817,0.000866,0.000609
2025-12-16 18:26:17.995,0.135727,0.287147,0.039330,-2.204876,1.275088,2.154301,1.570557,-0.000565,-0.000408,-0.000144,0.000030,0.000439,0.000204,0.001118
2025-12-16 18:26:17.996,0.135729,0.287149,0.039330,-2.204872,1.275085,2.154300,1.570555,-0.000097,0.001025,-0.000466,0.001034,-0.000574,-0.000135,0.000373
2025-12-16 18:26:17.998,0.135727,0.287143,0.039336,-2.204876,1.275087,2.154301,1.570551,-0.000621,-0.001637,0.000896,-0.000517,0.000296,0.000249,-0.001549
2025-12-16 18:26:17.999,0.135732,0.287147,0.039333,-2.204876,1.275087,2.154299,1.570556,0.001085,0.000015,-0.000994,-0.000415,0.000131,-0.000488,0.001719
2025-12-16 18:26:18.000,0.135731,0.287149,0.039333,-2.204876,1.275085,2.154302,1.570556,0.000167,0.000660,-0.000013,-0.000277,-0.000591,0.000759,0.000434
2025-12-16 18:26:18.002,0.135732,0.287147,0.039336,-2.204874,1.275086,2.154300,1.570557,0.000668,-0.000210,0.000548,0.000372,-0.000055,-0.000206,0.001374
2025-12-16 18:26:18.003,0.135732,0.287149,0.039330,-2.204874,1.275087,2.154300,1.570555,0.000297,0.000154,-0.000375,0.001186,-0.000013,-0.000091,-0.000113
2025-12-16 18:26:18.005,0.135734,0.287147,0.039332,-2.204875,1.275088,2.154299,1.570557,0.000755,-0.000547,0.000400,0.000141,0.000297,-0.000434,0.000264
2025-12-16 18:26:18.006,0.135732,0.287146,0.039330,-2.204878,1.275087,2.154300,1.570550,-0.000221,-0.001202,-0.000658,-0.000865,-0.000072,0.000056,-0.000131
2025-12-16 18:26:18.007,0.135736,0.287147,0.039334,-2.204876,1.275088,2.154300,1.570550,0.000966,-0.000245,0.000768,-0.000020,0.000257,0.000037,-0.000088
2025-12-16 18:26:18.009,0.135731,0.287149,0.039334,-2.204876,1.275086,2.154300,1.570555,-0.001026,0.000487,0.000512,-0.000013,-0.000473,0.000025,0.001773
2025-12-16 18:26:18.010,0.135734,0.287149,0.039333,-2.204874,1.275088,2.154301,1.570546,0.000472,0.000433,-0.000144,-0.005575,0.000321,0.000474,-0.002106
2025-12-16 18:26:18.012,0.135732,0.287147,0.039338,-2.204872,1.275087,2.154300,1.570548,-0.000242,-0.000361,0.001018,-0.003593,-0.000091,-0.000023,-0.000692
2025-12-16 18:26:18.013,0.135734,0.287147,0.039336,-2.204878,1.275089,2.154301,1.570551,-0.000139,0.000427,0.001040,-0.003517,-0.000719,0.000329,-0.000070
2025-12-16 18:26:18.014,0.135736,0.287147,0.039332,-2.204874,1.275088,2.154301,1.570559,0.000464,0.000285,-0.000420,-0.001453,0.000199,0.000219,0.001411
2025-12-16 18:26:18.016,0.135736,0.287146,0.039331,-2.204876,1.275088,2.154298,1.570546,0.000392,-0.000245,-0.001208,-0.001253,-0.000013,-0.000750,-0.001543
2025-12-16 18:26:18.017,0.135738,0.287144,0.039330,-2.204872,1.275086,2.154299,1.570549,0.000911,-0.000720,-0.000805,0.000278,-0.000348,-0.000127,0.000056
2025-12-16 18:26:18.019,0.135738,0.287140,0.039332,-2.204874,1.275087,2.154299,1.570553,-0.000042,-0.001686,0.000113,-0.000535,0.000107,-0.000085,0.000377
2025-12-16 18:26:18.020,0.135734,0.287146,0.039336,-2.204876,1.275086,2.154300,1.570551,-0.000792,0.000426,0.001380,0.005464,-0.000506,0.000211,0.000518
2025-12-16 18:26:18.022,0.135734,0.287151,0.039334,-2.204874,1.275086,2.154298,1.570554,-0.000528,0.002047,0.000363,0.004698,-0.000337,-0.000605,0.001430
2025-12-16 18:26:18.023,0.135736,0.287144,0.039334,-2.204874,1.275089,2.154300,1.570551,0.000136,-0.001008,0.000162,0.002401,-0.000037,0.000353,0.000997
2025-12-16 18:26:18.024,0.135734,0.287147,0.039332,-2.204877,1.275088,2.154299,1.570555,-0.000466,0.000442,-0.000449,0.000697,0.000314,-0.000138,0.002123
2025-12-16 18:26:18.026,0.135736,0.287146,0.039334,-2.204872,1.275088,2.154300,1.570553,0.000246,-0.000262,-0.000299,0.002386,0.000515,0.000281,0.000669
2025-12-16 18:26:18.027,0.135734,0.287149,0.039329,-2.204874,1.275090,2.154298,1.570549,-0.000447,0.001090,-0.001340,0.000980,0.000025,-0.000372,-0.000889
2025-12-16 18:26:18.029,0.135738,0.287146,0.039330,-2.204872,1.275090,2.154300,1.570547,0.000908,-0.000480,-0.000336,0.001370,-0.000322,0.000498,-0.001305
2025-12-16 18:26:18.030,0.135736,0.287147,0.039336,-2.204876,1.275088,2.154298,1.570549,-0.000029,0.000158,0.001397,-0.000311,0.000286,-0.000152,-0.000343
2025-12-16 18:26:18.031,0.135736,0.287144,0.039330,-2.204876,1.275087,2.154298,1.570548,-0.000576,-0.001008,-0.000832,-0.000179,-0.000114,-0.000101,-0.000601
2025-12-16 18:26:18.033,0.135736,0.287146,0.039334,-2.204872,1.275085,2.154301,1.570553,0.000173,-0.000115,0.000652,0.001108,-0.000754,0.001018,0.001396
2025-12-16 18:26:18.034,0.135732,0.287144,0.039332,-2.204877,1.275090,2.154299,1.570551,-0.000666,-0.001010,-0.000267,-0.000846,-0.000222,-0.000022,0.000383
2025-12-16 18:26:18.036,0.135736,0.287149,0.039332,-2.204879,1.275092,2.154300,1.570552,0.000670,0.001090,-0.000178,-0.001205,0.000191,0.000358,0.000628
2025-12-16 18:26:18.037,0.135736,0.287144,0.039334,-2.204877,1.275090,2.154300,1.570544,0.000483,-0.000691,0.000478,-0.000279,0.000514,0.000159,-0.002015
2025-12-16 18:26:18.038,0.135738,0.287147,0.039334,-2.204874,1.275090,2.154300,1.570552,0.000972,0.000653,-0.000238,0.000932,-0.000640,0.000106,0.001200
2025-12-16 18:26:18.040,0.135738,0.287146,0.039333,-2.204876,1.275088,2.154300,1.570553,0.000648,-0.000122,-0.000159,0.000067,-0.000088,0.000071,0.001139
2025-12-16 18:26:18.041,0.135732,0.287146,0.039334,-2.204877,1.275091,2.154300,1.570547,-0.000702,0.000348,-0.000071,-0.001112,-0.000141,0.000031,-0.001155
2025-12-16 18:26:18.042,0.135729,0.287149,0.039333,-2.204874,1.275092,2.154299,1.570550,-0.001674,0.001438,-0.000047,0.000374,0.000211,-0.000352,0.000281
2025-12-16 18:26:18.044,0.135735,0.287146,0.039330,-2.204876,1.275086,2.154300,1.570553,0.000431,-0.000351,-0.000856,-0.000204,-0.000449,0.000217,0.000961
2025-12-16 18:26:18.045,0.135733,0.287144,0.039330,-2.204877,1.275089,2.154299,1.570553,-0.000269,-0.000791,-0.000571,-0.000692,-0.000299,-0.000229,0.000641
2025-12-16 18:26:18.047,0.135731,0.287147,0.039332,-2.204872,1.275092,2.154300,1.570549,-0.000736,0.000587,0.000269,0.001302,0.000445,0.000221,-0.000997
2025-12-16 18:26:18.048,0.135732,0.287149,0.039335,-2.204875,1.275091,2.154300,1.570551,-0.000544,0.000910,0.001048,-0.000411,-0.000447,0.000222,0.000156
2025-12-16 18:26:18.049,0.135734,0.287147,0.039334,-2.204874,1.275093,2.154299,1.570551,0.000194,-0.000043,-0.000415,0.000283,0.000347,-0.000225,0.000104
2025-12-16 18:26:18.051,0.135732,0.287146,0.039335,-2.204877,1.275092,2.154299,1.570554,-0.000427,-0.000585,0.000280,-0.000925,-0.000074,-0.000150,0.001154
2025-12-16 18:26:18.052,0.135732,0.287144,0.039330,-2.204876,1.275092,2.154300,1.570551,-0.000004,-0.000817,-0.000680,-0.000040,0.000171,0.000182,0.000264
2025-12-16 18:26:18.054,0.135731,0.287146,0.039330,-2.204877,1.275087,2.154301,1.570546,-0.000559,0.000008,-0.000704,-0.000574,-0.000229,0.000307,-0.001917
2025-12-16 18:26:18.056,0.135734,0.287147,0.039335,-2.204879,1.275087,2.154300,1.570544,0.000741,0.000562,0.001294,-0.001033,-0.000153,-0.000134,-0.001651
2025-12-16 18:26:18.057,0.135731,0.287146,0.039331,-2.204872,1.275091,2.154299,1.570553,-0.000784,-0.000307,-0.000817,0.001366,0.000045,-0.000308,0.001301
2025-12-16 18:26:18.058,0.135731,0.287147,0.039330,-2.204874,1.275091,2.154299,1.570553,-0.000523,0.000352,-0.000545,0.000261,-0.000309,-0.000206,0.000867
2025-12-16 18:26:18.060,0.135732,0.287146,0.039332,-2.204877,1.275091,2.154300,1.570548,0.000139,-0.000400,0.000191,-0.000626,-0.000352,0.000157,-0.000575
2025-12-16 18:26:18.061,0.135732,0.287146,0.039332,-2.204879,1.275089,2.154301,1.570552,0.000093,-0.000267,0.000127,-0.001067,0.000104,0.000444,0.001075
2025-12-16 18:26:18.063,0.135732,0.287146,0.039335,-2.204874,1.275087,2.154301,1.570551,0.000062,-0.000178,0.001199,0.001052,0.000070,0.000296,0.000343
2025-12-16 18:26:18.064,0.135731,0.287146,0.039333,-2.204876,1.275090,2.154299,1.570546,-0.000529,-0.000481,-0.000395,0.000282,-0.000071,-0.000581,-0.001882
2025-12-16 18:26:18.065,0.135732,0.287146,0.039336,-2.204876,1.275091,2.154300,1.570553,0.000204,-0.000321,0.000850,0.000188,-0.000047,-0.000014,0.001255
2025-12-16 18:26:18.067,0.135729,0.287148,0.039332,-2.204876,1.275089,2.154302,1.570551,-0.000714,0.000012,-0.000365,-0.000319,0.000397,0.000830,-0.000279
2025-12-16 18:26:18.068,0.135729,0.287146,0.039332,-2.204876,1.275088,2.154296,1.570546,-0.000476,0.002590,-0.000893,-0.000212,0.000265,-0.000532,-0.001983
2025-12-16 18:26:18.070,0.135732,0.287144,0.039335,-2.204874,1.275091,2.154300,1.570551,0.000889,0.001431,0.000611,0.000415,0.000177,0.000358,0.000475
2025-12-16 18:26:18.071,0.135736,0.287144,0.039332,-2.204875,1.275092,2.154301,1.570552,0.001323,-0.000107,-0.000687,-0.000187,0.000180,0.000272,0.000347
2025-12-16 18:26:18.073,0.135731,0.287149,0.039332,-2.204875,1.275088,2.154298,1.570546,-0.000788,0.001246,-0.000458,-0.000681,-0.000185,-0.000904,-0.001939
2025-12-16 18:26:18.074,0.135732,0.287150,0.039334,-2.204875,1.275090,2.154298,1.570554,0.000021,0.001877,0.000168,-0.000303,0.000460,0.000932,0.001783
2025-12-16 18:26:18.075,0.135732,0.287147,0.039329,-2.204874,1.275092,2.154299,1.570552,0.000014,0.000648,-0.001652,-0.000202,0.000307,-0.000091,0.000477
2025-12-16 18:26:18.077,0.135731,0.287148,0.039334,-2.204874,1.275092,2.154300,1.570553,-0.000548,-0.000090,0.000662,-0.000135,-0.000135,-0.000060,0.000657
2025-12-16 18:26:18.078,0.135731,0.287148,0.039336,-2.204874,1.275092,2.154300,1.570554,-0.000800,0.000740,0.000294,-0.000245,0.000042,-0.000027,0.000665
2025-12-16 18:26:18.080,0.135734,0.287150,0.039338,-2.204873,1.275091,2.154300,1.570553,0.000580,0.000508,0.001403,0.000393,-0.000277,-0.000018,0.000070
2025-12-16 18:26:18.081,0.135731,0.287150,0.039330,-2.204873,1.275093,2.154300,1.570546,-0.000485,0.000427,-0.001573,0.000175,0.000182,-0.000008,-0.002365
2025-12-16 18:26:18.083,0.135732,0.287147,0.039334,-2.204871,1.275087,2.154301,1.570551,0.000234,-0.000823,0.000158,0.000673,-0.000523,0.000334,0.000221
2025-12-16 18:26:18.084,0.135734,0.287149,0.039334,-2.204871,1.275087,2.154299,1.570555,0.000661,0.000414,0.000070,0.000887,-0.000560,0.000047,0.001059
2025-12-16 18:26:18.085,0.135732,0.287149,0.039334,-2.204871,1.275091,2.154301,1.570551,-0.000116,0.000279,0.000047,0.000591,0.000271,0.000370,-0.001464
2025-12-16 18:26:18.087,0.135734,0.287151,0.039335,-2.204871,1.275093,2.154301,1.570546,0.000479,0.000745,0.000588,0.000394,0.000520,0.000247,-0.002061
2025-12-16 18:26:18.088,0.135734,0.287151,0.039334,-2.204874,1.275092,2.154300,1.570556,0.000801,0.000519,-0.000110,-0.000351,-0.000300,-0.000116,0.002463
2025-12-16 18:26:18.090,0.135736,0.287151,0.039334,-2.204871,1.275089,2.154301,1.570550,0.001091,0.000347,-0.000073,0.000880,0.000105,0.000261,-0.000189
2025-12-16 18:26:18.091,0.135734,0.287147,0.039334,-2.204881,1.275089,2.154300,1.570546,0.000114,-0.000773,0.000153,-0.003135,0.000148,-0.000223,-0.000909
2025-12-16 18:26:18.092,0.135732,0.287149,0.039335,-2.204874,1.275088,2.154299,1.570552,0.000076,0.000042,0.000659,-0.000327,0.000099,-0.000522,0.001564
2025-12-16 18:26:18.094,0.135730,0.287153,0.039334,-2.204873,1.275088,2.154299,1.570553,-0.001063,0.001235,-0.000118,0.000432,0.000066,-0.000348,0.001382
2025-12-16 18:26:18.095,0.135732,0.287147,0.039332,-2.204878,1.275087,2.154300,1.570543,-0.000101,-0.001214,0.000133,-0.001015,-0.000174,0.000433,-0.002731
2025-12-16 18:26:18.097,0.135734,0.287147,0.039335,-2.204874,1.275089,2.154299,1.570549,0.000489,-0.000809,0.000646,0.000530,0.000528,-0.000423,-0.000024
2025-12-16 18:26:18.098,0.135732,0.287145,0.039334,-2.204876,1.275091,2.154295,1.570553,-0.000231,-0.001189,-0.000126,-0.000296,0.000013,-0.000655,0.001408
2025-12-16 18:26:18.099,0.135735,0.287147,0.039332,-2.204872,1.275092,2.154300,1.570550,0.001011,0.000121,-0.000211,0.000301,0.000006,0.000432,0.000016
2025-12-16 18:26:18.101,0.135730,0.287147,0.039330,-2.204875,1.275088,2.154300,1.570547,-0.000996,0.000081,-0.000141,-0.001005,-0.000301,-0.000051,-0.001041
2025-12-16 18:26:18.102,0.135736,0.287145,0.039334,-2.204876,1.275089,2.154300,1.570549,0.001228,-0.000614,0.000494,0.000110,0.000510,-0.000136,-0.000463
2025-12-16 18:26:18.104,0.135732,0.287144,0.039334,-2.204876,1.275093,2.154297,1.570548,-0.000295,-0.000966,0.000330,0.000073,0.000679,-0.000090,-0.000681
2025-12-16 18:26:18.105,0.135730,0.287147,0.039334,-2.204872,1.275089,2.154299,1.570552,-0.000131,0.000375,-0.000039,0.001239,-0.000263,0.000672,0.001754
2025-12-16 18:26:18.106,0.135732,0.287149,0.039334,-2.204872,1.275088,2.154295,1.570552,-0.000087,0.000807,-0.000026,0.000269,-0.000175,-0.000637,0.001170
2025-12-16 18:26:18.108,0.135732,0.287149,0.039333,-2.204871,1.275089,2.154299,1.570547,-0.000410,0.000173,0.000360,0.000336,0.000363,0.000565,-0.002600
2025-12-16 18:26:18.109,0.135734,0.287145,0.039331,-2.204877,1.275089,2.154296,1.570553,0.000283,-0.001091,-0.000874,-0.000982,0.000242,-0.000336,0.000064
2025-12-16 18:26:18.111,0.135729,0.287151,0.039334,-2.204874,1.275088,2.154295,1.570554,-0.001574,0.001036,-0.000026,-0.000098,-0.000178,-0.000224,0.001128
2025-12-16 18:26:18.112,0.135733,0.287147,0.039335,-2.204869,1.275093,2.154297,1.570552,0.001218,-0.000066,0.000360,0.000946,0.000486,0.000500,0.000264
2025-12-16 18:26:18.114,0.135733,0.287149,0.039334,-2.204873,1.275089,2.154295,1.570550,0.000255,0.000513,-0.000317,0.000074,-0.000354,-0.000379,-0.001621
2025-12-16 18:26:18.115,0.135733,0.287149,0.039334,-2.204871,1.275092,2.154295,1.570556,0.000856,-0.000174,0.000261,-0.000153,-0.000157,-0.000406,0.000478
2025-12-16 18:26:18.117,0.135729,0.287149,0.039335,-2.204873,1.275090,2.154295,1.570548,-0.000543,-0.000116,0.000731,-0.000751,-0.000105,-0.000271,-0.001479
2025-12-16 18:26:18.118,0.135735,0.287152,0.039332,-2.204873,1.275090,2.154301,1.570552,0.000872,-0.000052,-0.000201,-0.000550,0.000405,0.000716,0.001502
2025-12-16 18:26:18.119,0.135732,0.287150,0.039335,-2.204871,1.275089,2.154299,1.570551,0.000025,-0.000591,0.000980,0.000283,-0.000069,0.000477,0.000628
2025-12-16 18:26:18.121,0.135733,0.287154,0.039334,-2.204871,1.275090,2.154297,1.570550,0.000573,0.000719,0.000096,0.000188,0.000293,-0.000055,0.000046
2025-12-16 18:26:18.122,0.135731,0.287154,0.039332,-2.204871,1.275089,2.154296,1.570549,-0.000673,0.000691,-0.000514,-0.000102,-0.000209,-0.000149,0.000020
2025-12-16 18:26:18.124,0.135734,0.287148,0.039335,-2.204871,1.275089,2.154296,1.570550,0.000108,-0.001303,0.000771,-0.000068,-0.000139,-0.000099,0.000726
2025-12-16 18:26:18.125,0.135736,0.287152,0.039335,-2.204868,1.275090,2.154296,1.570550,0.000976,0.000040,0.000343,0.001300,0.000390,-0.000044,-0.001350
2025-12-16 18:26:18.126,0.135732,0.287152,0.039335,-2.204873,1.275088,2.154296,1.570548,0.000094,0.000027,0.000228,-0.000897,-0.000418,-0.000029,-0.000527
2025-12-16 18:26:18.128,0.135726,0.287152,0.039334,-2.204873,1.275093,2.154297,1.570556,-0.001722,0.000012,-0.000270,-0.000398,0.000492,0.000473,0.001665
2025-12-16 18:26:18.130,0.135729,0.287154,0.039335,-2.204871,1.275089,2.154300,1.570548,0.000225,0.000562,0.000437,-0.000177,-0.000120,-0.000038,-0.001430
2025-12-16 18:26:18.132,0.135733,0.287152,0.039334,-2.204870,1.275090,2.154296,1.570549,0.001263,-0.000182,-0.000266,0.000532,0.000259,-0.000365,-0.000954
2025-12-16 18:26:18.133,0.135732,0.287154,0.039333,-2.204870,1.275090,2.154295,1.570553,0.000747,0.000290,-0.000706,-0.000197,0.000002,-0.000038,0.001520
2025-12-16 18:26:18.135,0.135731,0.287154,0.039333,-2.204870,1.275089,2.154295,1.570543,-0.000059,0.000194,0.000086,-0.000131,-0.000338,-0.000025,-0.002242
2025-12-16 18:26:18.136,0.135729,0.287154,0.039334,-2.204871,1.275089,2.154299,1.570553,-0.000769,0.002418,-0.000147,-0.000832,-0.000263,0.000837,0.001050
2025-12-16 18:26:18.137,0.135731,0.287156,0.039334,-2.204869,1.275089,2.154300,1.570554,0.000044,0.001806,-0.000098,0.000002,-0.000175,-0.000188,0.001039
2025-12-16 18:26:18.139,0.135731,0.287157,0.039334,-2.204869,1.275090,2.154297,1.570545,0.000030,0.001350,-0.000065,0.000002,0.000222,-0.000126,-0.001444
2025-12-16 18:26:18.140,0.135735,0.287155,0.039335,-2.204871,1.275089,2.154296,1.570551,0.000570,0.000198,0.000342,0.002673,-0.000240,-0.000056,0.000568
2025-12-16 18:26:18.141,0.135734,0.287155,0.039334,-2.204869,1.275089,2.154298,1.570555,-0.000177,0.000194,-0.000329,0.002592,-0.000160,0.000336,0.001430
2025-12-16 18:26:18.143,0.135729,0.287154,0.039330,-2.204869,1.275090,2.154296,1.570550,-0.000264,-0.000405,-0.001167,0.001020,0.000268,-0.000224,-0.000178
2025-12-16 18:26:18.144,0.135731,0.287157,0.039332,-2.204868,1.275091,2.154295,1.570548,0.000381,0.000869,-0.000128,0.001436,0.000518,-0.000488,-0.001204
2025-12-16 18:26:18.146,0.135729,0.287159,0.039335,-2.204869,1.275090,2.154297,1.570551,-0.000388,0.001249,0.001057,0.000505,0.000004,0.000495,0.000889
2025-12-16 18:26:18.147,0.135729,0.287155,0.039335,-2.204867,1.275091,2.154296,1.570554,-0.000258,-0.000363,0.000704,0.000382,0.000342,-0.000043,0.000593
2025-12-16 18:26:18.149,0.135726,0.287154,0.039332,-2.204867,1.275090,2.154296,1.570548,-0.001379,-0.000790,-0.000644,0.000938,-0.000111,-0.000029,-0.001741
2025-12-16 18:26:18.150,0.135729,0.287157,0.039332,-2.204867,1.275089,2.154296,1.570555,0.000192,0.000183,-0.000657,0.001041,-0.000502,-0.000013,0.001001
2025-12-16 18:26:18.152,0.135733,0.287155,0.039332,-2.204866,1.275091,2.154296,1.570556,0.000684,-0.000431,-0.000438,0.001265,0.000344,-0.000008,0.001040
2025-12-16 18:26:18.153,0.135731,0.287152,0.039329,-2.204873,1.275089,2.154297,1.570547,-0.000067,-0.001209,-0.000844,-0.001155,-0.000525,0.000369,-0.001821
2025-12-16 18:26:18.154,0.135732,0.287156,0.039334,-2.204871,1.275091,2.154299,1.570554,0.000512,-0.000155,0.000643,-0.000207,0.000328,0.000619,0.000956
2025-12-16 18:26:18.156,0.135728,0.287156,0.039334,-2.204873,1.275090,2.154297,1.570556,-0.000298,-0.000438,0.000688,-0.000828,-0.000193,0.000151,0.001510
2025-12-16 18:26:18.157,0.135731,0.287156,0.039330,-2.204864,1.275091,2.154297,1.570548,0.000915,0.000265,-0.000748,0.002327,0.000210,0.000101,-0.001876
2025-12-16 18:26:18.158,0.135733,0.287158,0.039334,-2.204865,1.275092,2.154299,1.570549,0.000610,0.000177,0.000708,0.000440,0.000445,0.000440,-0.000911
2025-12-16 18:26:18.160,0.135730,0.287154,0.039332,-2.204869,1.275093,2.154296,1.570556,-0.000471,-0.001313,-0.000242,-0.000050,0.000752,-0.000426,0.001641
2025-12-16 18:26:18.161,0.135731,0.287158,0.039332,-2.204869,1.275090,2.154297,1.570548,0.000243,0.000888,-0.000161,-0.000033,-0.000482,0.000089,-0.001415
2025-12-16 18:26:18.163,0.135731,0.287154,0.039334,-2.204867,1.275090,2.154296,1.570548,-0.000395,-0.000521,0.000449,0.000629,-0.000321,-0.000314,-0.000944
2025-12-16 18:26:18.164,0.135732,0.287158,0.039332,-2.204871,1.275091,2.154297,1.570554,0.000196,0.000325,-0.000543,-0.000524,0.000309,0.000109,0.001265
2025-12-16 18:26:18.166,0.135733,0.287155,0.039334,-2.204866,1.275090,2.154297,1.570553,0.000687,-0.000990,0.000195,0.001414,-0.000133,0.000073,0.000470
2025-12-16 18:26:18.169,0.135728,0.287156,0.039335,-2.204868,1.275092,2.154296,1.570553,-0.000539,-0.000004,0.000615,0.000048,0.000718,-0.000227,0.001138
2025-12-16 18:26:18.171,0.135731,0.287158,0.039332,-2.204866,1.275091,2.154296,1.570549,-0.000054,0.000369,-0.000655,0.001166,0.000116,-0.000225,-0.000579
2025-12-16 18:26:18.172,0.135729,0.287158,0.039332,-2.204868,1.275090,2.154296,1.570548,-0.000210,-0.000238,-0.000291,0.000364,-0.000288,0.000013,-0.000597
2025-12-16 18:26:18.173,0.135728,0.287155,0.039332,-2.204866,1.275092,2.154296,1.570555,-0.000697,-0.001365,-0.000194,0.000799,0.000452,0.000009,0.001738
2025-12-16 18:26:18.175,0.135727,0.287156,0.039335,-2.204869,1.275090,2.154296,1.570553,-0.000464,0.000296,0.000984,-0.000674,-0.000343,0.000006,0.000447
2025-12-16 18:26:18.179,0.135727,0.287159,0.039334,-2.204864,1.275091,2.154299,1.570554,-0.000277,0.000822,0.000091,0.000740,0.000221,0.000673,0.000939
2025-12-16 18:26:18.180,0.135730,0.287157,0.039334,-2.204868,1.275093,2.154295,1.570548,0.000062,-0.000563,0.000226,-0.000011,0.000743,-0.000662,-0.001380
2025-12-16 18:26:18.182,0.135729,0.287158,0.039332,-2.204866,1.275091,2.154296,1.570549,0.000042,0.000182,-0.000406,0.000549,-0.000149,-0.000102,-0.000581
2025-12-16 18:26:18.183,0.135727,0.287158,0.039334,-2.204866,1.275090,2.154299,1.570553,-0.000353,0.000483,0.000191,0.000430,-0.000179,0.000701,0.000228
2025-12-16 18:26:18.184,0.135727,0.287158,0.039330,-2.204868,1.275090,2.154295,1.570551,-0.000235,0.000879,-0.001079,-0.000270,-0.000120,0.000467,-0.000187
2025-12-16 18:26:18.186,0.135731,0.287159,0.039334,-2.204870,1.275091,2.154298,1.570545,0.000957,0.000586,0.000487,-0.000180,0.000259,0.000311,-0.002295
2025-12-16 18:26:18.187,0.135727,0.287158,0.039334,-2.204862,1.275091,2.154298,1.570554,-0.000317,0.000075,0.000031,0.001498,0.000115,0.000387,0.000902
2025-12-16 18:26:18.189,0.135727,0.287158,0.039332,-2.204866,1.275090,2.154296,1.570551,-0.000211,0.000050,-0.000536,-0.000208,-0.000262,-0.000488,-0.000111
2025-12-16 18:26:18.190,0.135729,0.287160,0.039332,-2.204868,1.275090,2.154296,1.570548,0.000416,0.000590,-0.000358,-0.000696,-0.000175,-0.000325,-0.001159
2025-12-16 18:26:18.191,0.135731,0.287157,0.039334,-2.204869,1.275092,2.154299,1.570548,0.000370,-0.000851,0.000398,-0.000959,0.000567,0.000353,-0.000515
2025-12-16 18:26:18.192,0.135730,0.287160,0.039332,-2.204866,1.275093,2.154295,1.570553,0.000247,0.000546,-0.000292,0.000567,0.000717,-0.000850,0.001081
2025-12-16 18:26:18.193,0.135728,0.287157,0.039335,-2.204866,1.275089,2.154296,1.570554,-0.000392,-0.000750,0.000919,0.000378,-0.000845,-0.000228,0.001093
2025-12-16 18:26:18.195,0.135729,0.287157,0.039335,-2.204866,1.275091,2.154297,1.570545,0.000197,-0.000333,0.000780,0.000354,-0.000025,0.000148,-0.001549
2025-12-16 18:26:18.197,0.135731,0.287158,0.039334,-2.204864,1.275091,2.154295,1.570554,0.000644,0.000223,-0.000210,0.001116,0.000102,-0.000771,0.001572
2025-12-16 18:26:18.199,0.135729,0.287158,0.039332,-2.204869,1.275090,2.154295,1.570548,-0.000127,0.000149,-0.000697,-0.001019,-0.000271,-0.000514,-0.001088
2025-12-16 18:26:18.203,0.135732,0.287160,0.039335,-2.204866,1.275091,2.154297,1.570549,0.000788,0.000872,0.000493,0.000764,0.000290,0.000448,-0.000898
2025-12-16 18:26:18.204,0.135733,0.287157,0.039337,-2.204868,1.275092,2.154296,1.570547,-0.000032,-0.000532,0.000978,-0.000604,0.000498,-0.000074,-0.001311
2025-12-16 18:26:18.206,0.135728,0.287157,0.039334,-2.204868,1.275090,2.154295,1.570553,-0.001135,-0.000355,-0.000554,0.000154,-0.000312,-0.000388,0.000923
2025-12-16 18:26:18.207,0.135729,0.287155,0.039332,-2.204871,1.275090,2.154296,1.570556,-0.000200,-0.000886,-0.000926,-0.000454,-0.000208,0.000080,0.001701
2025-12-16 18:26:18.210,0.135729,0.287158,0.039330,-2.204867,1.275089,2.154296,1.570553,-0.000430,0.000335,-0.000275,0.000567,-0.000514,-0.000025,0.000538
2025-12-16 18:26:18.211,0.135727,0.287157,0.039334,-2.204872,1.275091,2.154296,1.570554,-0.000748,-0.000408,0.000249,-0.000955,0.000450,0.000102,0.000250
2025-12-16 18:26:18.212,0.135730,0.287157,0.039334,-2.204872,1.275090,2.154295,1.570549,-0.000499,-0.000272,0.000166,-0.001193,-0.000039,-0.000271,-0.001291
2025-12-16 18:26:18.215,0.135731,0.287155,0.039336,-2.204872,1.275089,2.154296,1.570553,0.000533,-0.001163,-0.000013,-0.000653,-0.000426,0.000070,0.000375
2025-12-16 18:26:18.216,0.135731,0.287160,0.039336,-2.204870,1.275089,2.154296,1.570554,0.000355,0.000988,0.000548,-0.000435,-0.000284,0.000047,0.000623
2025-12-16 18:26:18.217,0.135731,0.287158,0.039334,-2.204864,1.275090,2.154296,1.570545,0.000237,0.000102,-0.000191,0.001473,0.000150,0.000031,-0.001382
2025-12-16 18:26:18.219,0.135732,0.287158,0.039332,-2.204870,1.275090,2.154296,1.570551,0.000715,0.000068,-0.000684,-0.000131,0.000100,0.000021,0.000503
2025-12-16 18:26:18.221,0.135734,0.287158,0.039336,-2.204871,1.275089,2.154296,1.570554,0.001153,-0.000155,0.000624,-0.000244,-0.000295,0.000122,0.000596
2025-12-16 18:26:18.223,0.135729,0.287160,0.039334,-2.204871,1.275090,2.154296,1.570547,-0.000849,-0.000100,-0.000280,-0.001098,0.000208,0.000054,-0.000458
2025-12-16 18:26:18.224,0.135731,0.287158,0.039334,-2.204870,1.275092,2.154299,1.570548,-0.000009,-0.000624,-0.000186,0.000474,0.000783,0.000782,-0.000679
2025-12-16 18:26:18.225,0.135731,0.287158,0.039332,-2.204870,1.275091,2.154295,1.570552,-0.000406,-0.000463,-0.000640,0.000427,0.000371,-0.000613,0.000297
2025-12-16 18:26:18.226,0.135731,0.287160,0.039330,-2.204868,1.275091,2.154296,1.570545,-0.000271,0.000248,-0.000426,0.000285,0.000247,-0.000070,-0.002311
2025-12-16 18:26:18.227,0.135729,0.287162,0.039333,-2.204870,1.275091,2.154294,1.570547,-0.000737,0.000815,0.000273,-0.000460,0.000165,-0.000759,-0.000829
2025-12-16 18:26:18.228,0.135731,0.287162,0.039334,-2.204868,1.275089,2.154295,1.570549,0.000065,0.000543,0.000182,0.000343,-0.000568,-0.000133,0.001245
2025-12-16 18:26:18.229,0.135731,0.287155,0.039328,-2.204868,1.275090,2.154295,1.570550,0.000044,-0.002051,-0.001085,0.000229,-0.000040,-0.000088,0.001542
2025-12-16 18:26:18.231,0.135729,0.287160,0.039331,-2.204869,1.275090,2.154294,1.570549,-0.000528,0.000396,-0.000074,-0.000497,-0.000027,-0.000432,-0.000396
2025-12-16 18:26:18.232,0.135729,0.287155,0.039334,-2.204866,1.275089,2.154295,1.570551,-0.000420,-0.001804,0.000153,0.000583,-0.000238,-0.000181,0.000559
2025-12-16 18:26:18.233,0.135727,0.287158,0.039335,-2.204868,1.275090,2.154295,1.570555,-0.000837,0.000004,0.000659,-0.000168,0.000181,-0.000120,0.001424
2025-12-16 18:26:18.234,0.135727,0.287160,0.039335,-2.204868,1.275091,2.154296,1.570551,-0.000558,0.000559,0.000439,-0.000112,0.000459,0.000259,-0.000102
2025-12-16 18:26:18.239,0.135732,0.287157,0.039334,-2.204866,1.275091,2.154296,1.570554,0.000971,-0.001040,-0.000441,0.000542,0.000492,0.000193,0.000206
2025-12-16 18:26:18.241,0.135731,0.287158,0.039335,-2.204870,1.275090,2.154296,1.570545,0.000091,-0.000136,0.000263,-0.000845,-0.000011,0.000129,-0.001660
2025-12-16 18:26:18.242,0.135729,0.287158,0.039332,-2.204871,1.275089,2.154296,1.570550,-0.000496,-0.000091,-0.000938,-0.001120,-0.000347,0.000086,-0.000021
2025-12-16 18:26:18.243,0.135731,0.287158,0.039334,-2.204866,1.275090,2.154294,1.570556,0.000522,-0.000226,0.000140,0.000863,-0.009402,-0.000561,0.000816
2025-12-16 18:26:18.244,0.135731,0.287158,0.039332,-2.204866,1.275091,2.154295,1.570549,0.000348,-0.000151,0.000093,0.000575,-0.006709,-0.000001,-0.001626
2025-12-16 18:26:18.245,0.135734,0.287162,0.039333,-2.204868,1.275090,2.154295,1.570550,0.001438,0.001106,0.000062,-0.000173,-0.005397,-0.000001,-0.000711
2025-12-16 18:26:18.247,0.135732,0.287162,0.039334,-2.204868,1.275089,2.154295,1.570555,0.000577,0.000708,0.000213,0.000140,-0.003246,-0.000113,0.000509
2025-12-16 18:26:18.248,0.135729,0.287158,0.039335,-2.204869,1.275087,2.154295,1.570554,-0.000729,-0.000734,0.000699,-0.000557,-0.003055,-0.000076,0.000000
2025-12-16 18:26:18.249,0.135732,0.287158,0.039337,-2.204868,1.275089,2.154295,1.570546,0.000628,-0.000490,0.001116,0.000279,-0.001578,-0.000050,-0.002543
2025-12-16 18:26:18.251,0.135729,0.287157,0.039330,-2.204864,1.275091,2.154296,1.570554,-0.000695,-0.000883,-0.001020,0.001299,-0.000512,0.000306,0.000848
2025-12-16 18:26:18.252,0.135729,0.287158,0.039333,-2.204866,1.275091,2.154295,1.570553,-0.000463,-0.000032,-0.000123,0.000309,-0.000446,-0.000135,0.000192
2025-12-16 18:26:18.253,0.135727,0.287160,0.039335,-2.204868,1.275093,2.154297,1.570548,-0.000577,0.000728,0.000966,-0.000234,-0.000535,0.000652,-0.001576
2025-12-16 18:26:18.255,0.135726,0.287157,0.039331,-2.204869,1.275090,2.154294,1.570553,-0.001034,-0.000628,-0.001119,-0.000805,-0.000740,-0.000650,0.000373
2025-12-16 18:26:18.256,0.135727,0.287158,0.039330,-2.204868,1.275091,2.154295,1.570555,-0.000800,0.000278,-0.000869,0.000075,0.000190,-0.000040,0.000754
2025-12-16 18:26:18.257,0.135727,0.287164,0.039333,-2.204871,1.275092,2.154297,1.570551,-0.000533,0.001948,-0.000022,-0.001156,0.000413,0.000685,-0.000549
2025-12-16 18:26:18.258,0.135731,0.287158,0.039333,-2.204866,1.275089,2.154295,1.570548,0.000758,-0.000464,0.000542,0.000992,-0.000722,-0.000255,-0.001451
2025-12-16 18:26:18.260,0.135729,0.287155,0.039333,-2.204868,1.275091,2.154296,1.570548,-0.000051,-0.000866,0.000361,0.000105,0.000187,0.000169,-0.000967
2025-12-16 18:26:18.261,0.135729,0.287161,0.039336,-2.204871,1.275090,2.154297,1.570557,-0.000034,0.001186,0.000890,-0.001137,-0.000223,0.000486,0.002237
2025-12-16 18:26:18.262,0.135727,0.287158,0.039332,-2.204871,1.275088,2.154296,1.570551,-0.000580,0.000141,-0.001170,-0.000758,-0.000832,-0.000049,-0.000306
2025-12-16 18:26:18.264,0.135729,0.287158,0.039332,-2.204862,1.275089,2.154295,1.570547,0.000299,-0.000494,0.000254,0.002231,-0.000263,-0.000248,-0.000984
2025-12-16 18:26:18.265,0.135726,0.287164,0.039334,-2.204871,1.275089,2.154297,1.570556,-0.001073,0.001358,0.000113,-0.001576,-0.000233,0.000489,0.001846
2025-12-16 18:26:18.267,0.135727,0.287158,0.039335,-2.204866,1.275090,2.154296,1.570545,-0.000066,-0.000301,0.000632,0.000713,0.000182,-0.000047,-0.002364
2025-12-16 18:26:18.268,0.135729,0.287156,0.039334,-2.204872,1.275091,2.154295,1.570547,0.000513,-0.000758,-0.000136,-0.000731,0.000459,-0.000370,-0.000864
2025-12-16 18:26:18.269,0.135731,0.287159,0.039334,-2.204865,1.275090,2.154293,1.570555,0.000970,0.000035,-0.000060,0.001222,-0.000023,-0.000911,0.001526
2025-12-16 18:26:18.270,0.135729,0.287158,0.039335,-2.204864,1.275089,2.154296,1.570550,0.000090,0.000023,0.000517,0.000814,-0.000355,0.000478,-0.000407
2025-12-16 18:26:18.272,0.135731,0.287158,0.039335,-2.204866,1.275090,2.154295,1.570549,0.000617,-0.000541,0.000344,-0.000014,0.000102,-0.000020,-0.000644
2025-12-16 18:26:18.273,0.135729,0.287160,0.039334,-2.204870,1.275091,2.154296,1.570550,-0.000146,0.000845,-0.000327,-0.000566,0.000407,0.000325,-0.000056
2025-12-16 18:26:18.274,0.135729,0.287154,0.039332,-2.204874,1.275090,2.154295,1.570554,-0.000065,-0.001387,-0.000517,-0.001644,-0.000045,-0.000081,0.000585
2025-12-16 18:26:18.275,0.135731,0.287159,0.039335,-2.204869,1.275090,2.154297,1.570545,0.000514,0.000838,0.000769,0.000667,-0.000030,0.000658,-0.001407
2025-12-16 18:26:18.276,0.135731,0.287155,0.039333,-2.204869,1.275090,2.154297,1.570548,0.000342,-0.000648,0.000513,0.000445,-0.000020,0.000439,-0.000599
2025-12-16 18:26:18.278,0.135729,0.287157,0.039333,-2.204869,1.275090,2.154295,1.570555,-0.000329,0.000125,-0.000215,0.000297,-0.000014,-0.000420,0.001771
2025-12-16 18:26:18.279,0.135729,0.287157,0.039330,-2.204867,1.275090,2.154299,1.570550,-0.000146,-0.000347,-0.001704,0.000874,0.000107,0.000661,-0.000535
2025-12-16 18:26:18.280,0.135732,0.287161,0.039335,-2.204871,1.275089,2.154297,1.570548,0.001016,0.000419,0.000627,-0.000531,-0.000268,0.000068,-0.001069
2025-12-16 18:26:18.281,0.135727,0.287160,0.039337,-2.204867,1.275090,2.154296,1.570556,-0.000993,0.000279,0.001068,0.000760,0.000161,-0.000328,0.001797
2025-12-16 18:26:18.283,0.135731,0.287159,0.039334,-2.204873,1.275090,2.154297,1.570555,0.000452,0.000186,-0.000495,-0.001257,0.000107,0.000154,0.000825
2025-12-16 18:26:18.284,0.135731,0.287157,0.039335,-2.204866,1.275090,2.154295,1.570546,0.000386,-0.000567,0.000151,0.001267,-0.000065,-0.000519,-0.001905
2025-12-16 18:26:18.285,0.135729,0.287161,0.039337,-2.204868,1.275090,2.154294,1.570554,-0.000299,0.000828,0.000751,0.000195,-0.000044,-0.000719,0.001239
2025-12-16 18:26:18.286,0.135732,0.287159,0.039335,-2.204868,1.275090,2.154296,1.570555,0.000914,-0.000004,-0.000149,0.000130,-0.000029,0.000233,0.000826
2025-12-16 18:26:18.288,0.135729,0.287159,0.039334,-2.204868,1.275089,2.154296,1.570554,-0.000504,-0.000003,-0.000656,-0.003192,-0.000358,0.000155,0.000212
2025-12-16 18:26:18.289,0.135731,0.287157,0.039332,-2.204870,1.275091,2.154297,1.570546,0.000221,-0.000652,-0.000438,-0.002401,0.000439,0.000476,-0.002402
2025-12-16 18:26:18.290,0.135727,0.287162,0.039335,-2.204868,1.275090,2.154296,1.570548,-0.000967,0.001329,0.000265,-0.001806,-0.000046,-0.000055,-0.000855
2025-12-16 18:26:18.291,0.135731,0.287161,0.039332,-2.204869,1.275090,2.154295,1.570555,0.000684,0.000405,-0.000810,-0.000989,-0.000021,-0.000364,0.001157
2025-12-16 18:26:18.292,0.135732,0.287159,0.039335,-2.204868,1.275089,2.154297,1.570553,0.001013,-0.000287,0.000573,-0.000189,-0.000353,0.000470,0.000059
2025-12-16 18:26:18.293,0.135727,0.287161,0.039334,-2.204868,1.275090,2.154296,1.570546,-0.000995,0.000366,-0.000174,0.000459,0.000104,-0.000060,-0.002131
2025-12-16 18:26:18.294,0.135729,0.287161,0.039335,-2.204867,1.275092,2.154296,1.570553,-0.000107,-0.006038,0.000440,0.000814,-0.000270,-0.000040,0.000750
2025-12-16 18:26:18.295,0.135727,0.287162,0.039334,-2.204869,1.275090,2.154296,1.570551,-0.000628,-0.003992,-0.000263,-0.000051,-0.000180,-0.000027,0.000161
2025-12-16 18:26:18.296,0.135727,0.287157,0.039335,-2.204867,1.275090,2.154299,1.570553,-0.000419,-0.004168,0.000381,0.000496,0.000219,0.000728,0.000446
2025-12-16 18:26:18.298,0.135729,0.287158,0.039335,-2.204871,1.275091,2.154296,1.570547,0.000278,-0.002516,0.000254,-0.000896,0.000485,-0.000260,-0.001500
2025-12-16 18:26:18.299,0.135731,0.287154,0.039334,-2.204871,1.275090,2.154297,1.570549,0.000742,-0.003105,-0.000387,-0.000613,-0.000016,0.000199,-0.000288
2025-12-16 18:26:18.300,0.135729,0.287158,0.039334,-2.204869,1.275091,2.154299,1.570550,-0.000062,-0.001586,-0.000258,-0.002797,0.000329,0.000506,0.000181
2025-12-16 18:26:18.301,0.135732,0.287160,0.039335,-2.204867,1.275090,2.154295,1.570554,0.001072,-0.000068,0.000385,-0.001569,-0.000120,-0.000748,0.001206
2025-12-16 18:26:18.302,0.135726,0.287154,0.039334,-2.204868,1.275091,2.154295,1.570547,-0.001472,-0.001740,-0.000386,-0.000232,0.000286,-0.000445,-0.001148
2025-12-16 18:26:18.303,0.135732,0.287157,0.039334,-2.204865,1.275090,2.154295,1.570551,0.001339,-0.000006,-0.000257,0.000385,-0.000149,-0.000297,0.000693
2025-12-16 18:26:18.304,0.135727,0.287157,0.039334,-2.204871,1.275089,2.154296,1.570555,-0.000778,-0.000043,-0.000171,-0.001589,-0.000438,0.000141,0.001513
2025-12-16 18:26:18.305,0.135729,0.287157,0.039335,-2.204874,1.275089,2.154296,1.570555,0.000038,-0.000058,0.000442,-0.001771,-0.000292,0.000094,0.001009
2025-12-16 18:26:18.306,0.135732,0.287157,0.039335,-2.204869,1.275090,2.154295,1.570547,0.001139,-0.000061,0.000295,0.000536,0.000144,-0.000276,-0.001837
2025-12-16 18:26:18.307,0.135727,0.287157,0.039334,-2.204867,1.275090,2.154295,1.570547,-0.000911,-0.000057,-0.000360,0.000972,0.000096,-0.000184,-0.001225
2025-12-16 18:26:18.309,0.135731,0.287157,0.039334,-2.204872,1.275090,2.154297,1.570550,0.000506,-0.000051,-0.000797,-0.001141,0.000064,0.000589,0.000269
2025-12-16 18:26:18.310,0.135727,0.287156,0.039335,-2.204869,1.275091,2.154297,1.570555,-0.000776,-0.000600,0.000026,0.000333,0.000382,0.000393,0.001603
2025-12-16 18:26:18.311,0.135729,0.287159,0.039334,-2.204872,1.275091,2.154296,1.570547,0.000039,0.000707,0.000017,-0.000906,0.000255,-0.000111,-0.001440
2025-12-16 18:26:18.312,0.135731,0.287157,0.039330,-2.204870,1.275090,2.154294,1.570551,0.000574,-0.000436,-0.001601,-0.000233,0.000000,-0.000648,0.000818
2025-12-16 18:26:18.313,0.135729,0.287159,0.039332,-2.204870,1.275090,2.154296,1.570553,-0.000174,0.000263,-0.000418,-0.000161,0.000000,0.000280,0.000884
2025-12-16 18:26:18.314,0.135732,0.287159,0.039332,-2.204870,1.275090,2.154295,1.570550,0.000998,0.000730,-0.000278,-0.000112,0.000000,-0.000153,-0.000123
2025-12-16 18:26:18.315,0.135732,0.287156,0.039332,-2.204870,1.275092,2.154295,1.570550,0.000665,-0.000072,-0.000186,-0.000078,0.000644,-0.000102,-0.000082
2025-12-16 18:26:18.316,0.135729,0.287151,0.039334,-2.204874,1.275087,2.154297,1.570548,-0.000670,-0.001812,0.000433,-0.001261,-0.001198,0.000644,-0.000767
2025-12-16 18:26:18.317,0.135734,0.287162,0.039335,-2.204871,1.275091,2.154295,1.570553,0.001316,0.001761,0.000846,0.000920,0.000524,-0.000283,0.000913
2025-12-16 18:26:18.318,0.135729,0.287157,0.039335,-2.204872,1.275091,2.154296,1.570555,-0.000886,-0.000033,0.000564,0.000612,0.000349,0.000151,0.001321
2025-12-16 18:26:18.320,0.135731,0.287158,0.039335,-2.204875,1.275092,2.154297,1.570551,-0.000034,0.000534,0.000376,-0.000707,0.000538,0.000473,-0.000171
2025-12-16 18:26:18.321,0.135731,0.287158,0.039332,-2.204874,1.275090,2.154294,1.570546,-0.000022,0.000356,-0.000863,0.000085,-0.000286,-0.000769,-0.001945
2025-12-16 18:26:18.322,0.135729,0.287154,0.039335,-2.204872,1.275087,2.154296,1.570551,-0.000572,-0.000877,0.000538,0.000613,-0.000190,0.000199,0.000535
2025-12-16 18:26:18.323,0.135729,0.287153,0.039334,-2.204875,1.275090,2.154296,1.570555,-0.000381,-0.001142,-0.000198,-0.000706,0.000212,0.000133,0.001408
2025-12-16 18:26:18.324,0.135724,0.287158,0.039335,-2.204874,1.275090,2.154295,1.570556,-0.002017,0.000909,0.000425,0.000086,-0.000198,-0.000251,0.001311
2025-12-16 18:26:18.325,0.135729,0.287156,0.039334,-2.204872,1.275089,2.154297,1.570546,0.000418,0.000049,-0.000274,0.000614,-0.000471,0.000545,-0.002381
2025-12-16 18:26:18.326,0.135729,0.287156,0.039334,-2.204872,1.275089,2.154295,1.570550,0.000279,0.000033,-0.000182,0.000409,-0.000314,-0.000349,-0.000129
2025-12-16 18:26:18.327,0.135727,0.287154,0.039332,-2.204872,1.275090,2.154295,1.570556,-0.000371,-0.000535,-0.000678,0.000273,0.000130,-0.000232,0.001711
2025-12-16 18:26:18.328,0.135729,0.287156,0.039332,-2.204874,1.275090,2.154296,1.570555,0.000310,0.000200,-0.000452,-0.000375,0.000087,0.000184,0.000768
2025-12-16 18:26:18.329,0.135732,0.287158,0.039334,-2.204876,1.275092,2.154295,1.570549,0.001320,0.000690,0.000255,-0.000250,0.000702,-0.000216,-0.001285
2025-12-16 18:26:18.331,0.135729,0.287158,0.039334,-2.204875,1.275091,2.154296,1.570547,-0.000234,0.000460,0.000170,0.000390,0.000163,0.000195,-0.001569
2025-12-16 18:26:18.332,0.135727,0.287156,0.039333,-2.204875,1.275091,2.154297,1.570554,-0.000713,-0.000250,0.000670,0.000260,0.000109,0.000503,0.001124
2025-12-16 18:26:18.333,0.135727,0.287156,0.039333,-2.204875,1.275090,2.154296,1.570545,-0.000397,-0.000198,0.000322,0.000448,-0.000156,-0.000224,-0.002071
2025-12-16 18:26:18.334,0.135727,0.287156,0.039335,-2.204880,1.275090,2.154297,1.570550,-0.000264,-0.000132,0.000215,-0.001464,-0.000104,0.000224,0.000417
2025-12-16 18:26:18.335,0.135729,0.287154,0.039335,-2.204877,1.275090,2.154295,1.570551,0.000380,-0.000645,0.000143,0.000230,-0.000069,-0.000563,0.000651
2025-12-16 18:26:18.336,0.135729,0.287156,0.039334,-2.204877,1.275089,2.154296,1.570554,0.000254,0.000127,-0.000461,0.000153,-0.000385,-0.000036,0.001146
2025-12-16 18:26:18.337,0.135727,0.287159,0.039334,-2.204877,1.275090,2.154297,1.570550,-0.000388,0.001291,-0.000308,0.000102,0.000082,0.000349,-0.000321
2025-12-16 18:26:18.338,0.135729,0.287154,0.039335,-2.204878,1.275089,2.154296,1.570547,0.000298,-0.000903,0.000352,-0.000489,-0.000284,-0.000140,-0.001299
2025-12-16 18:26:18.339,0.135727,0.287154,0.039332,-2.204879,1.275091,2.154296,1.570548,-0.000358,-0.000602,-0.000879,0.000231,0.000489,-0.000094,-0.000493
2025-12-16 18:26:18.340,0.135729,0.287156,0.039332,-2.204874,1.275090,2.154297,1.570553,0.000318,0.000156,-0.000586,0.001917,-0.000013,0.000311,0.001095
2025-12-16 18:26:18.341,0.135724,0.287156,0.039334,-2.204880,1.275090,2.154296,1.570553,-0.001551,0.000104,0.000166,0.000072,-0.000009,-0.000166,0.000730
2025-12-16 18:26:18.343,0.135731,0.287151,0.039334,-2.204879,1.275091,2.154297,1.570553,0.001043,-0.001903,-0.000112,0.000465,0.000222,0.000175,0.001048
2025-12-16 18:26:18.344,0.135729,0.287156,0.039332,-2.204879,1.275091,2.154297,1.570549,0.000138,0.000495,-0.000631,0.000310,0.000148,0.000117,-0.000386
2025-12-16 18:26:18.345,0.135727,0.287154,0.039334,-2.204881,1.275089,2.154297,1.570546,-0.000464,-0.000227,0.000136,-0.000443,-0.000579,0.000078,-0.001343
2025-12-16 18:26:18.346,0.135729,0.287158,0.039335,-2.204881,1.275090,2.154296,1.570546,0.000247,0.000962,0.000647,-0.000295,-0.000047,-0.000321,-0.000895
2025-12-16 18:26:18.348,0.135727,0.287159,0.039335,-2.204884,1.275090,2.154296,1.570546,-0.000392,0.001291,0.000432,-0.000197,-0.000031,-0.000214,-0.000597
2025-12-16 18:26:18.349,0.135727,0.287156,0.039334,-2.204882,1.275090,2.154295,1.570553,-0.000261,-0.000346,-0.000269,0.000518,-0.000021,-0.000482,0.001772
2025-12-16 18:26:18.350,0.135729,0.287156,0.039332,-2.204883,1.275090,2.154296,1.570555,0.000383,-0.000230,-0.000736,0.000346,-0.000014,0.000018,0.001894
2025-12-16 18:26:18.351,0.135729,0.287158,0.039332,-2.204883,1.275090,2.154296,1.570548,0.000255,0.000403,-0.000491,0.000230,-0.000009,0.000012,-0.000874
2025-12-16 18:26:18.352,0.135731,0.287156,0.039332,-2.204884,1.275091,2.154296,1.570548,0.000670,-0.000192,-0.000404,0.000659,0.000448,0.000005,-0.000027
2025-12-16 18:26:18.353,0.135726,0.287154,0.039332,-2.204884,1.275092,2.154295,1.570555,-0.001316,-0.000685,-0.000269,0.000439,0.000604,-0.000336,0.002118
2025-12-16 18:26:18.354,0.135727,0.287154,0.039330,-2.204888,1.275091,2.154297,1.570551,-0.000228,-0.000457,-0.000829,-0.003316,0.000097,0.000488,0.000361
2025-12-16 18:26:18.355,0.135727,0.287156,0.039334,-2.204887,1.275089,2.154297,1.570550,-0.000152,0.000252,0.000654,-0.001908,-0.000613,0.000326,-0.000132
2025-12-16 18:26:18.356,0.135734,0.287153,0.039332,-2.204884,1.275089,2.154296,1.570548,0.002219,-0.000945,-0.000121,-0.000256,-0.000409,-0.000156,-0.000800
2025-12-16 18:26:18.357,0.135727,0.287154,0.039334,-2.204887,1.275089,2.154296,1.570551,-0.000841,-0.000073,0.000476,-0.001520,-0.000273,-0.000104,0.000552
2025-12-16 18:26:18.358,0.135727,0.287154,0.039334,-2.204888,1.275090,2.154297,1.570556,-0.000561,-0.000049,0.000317,-0.000564,0.000157,0.000304,0.001792
2025-12-16 18:26:18.359,0.135727,0.287156,0.039330,-2.204890,1.275090,2.154296,1.570557,-0.000374,0.000524,-0.000995,-0.001013,0.000105,-0.000171,0.001568
2025-12-16 18:26:18.360,0.135729,0.287156,0.039334,-2.204891,1.275089,2.154295,1.570546,0.000308,-0.002797,0.000543,-0.000179,-0.000269,-0.000453,-0.002583
2025-12-16 18:26:18.362,0.135726,0.287156,0.039335,-2.204895,1.275091,2.154295,1.570549,-0.001001,-0.002127,0.000919,-0.001278,0.000499,-0.000302,-0.000637
2025-12-16 18:26:18.363,0.135731,0.287154,0.039332,-2.204894,1.275089,2.154297,1.570555,0.001102,-0.001781,-0.000334,-0.003123,-0.000230,0.000465,0.001028
2025-12-16 18:26:18.364,0.135729,0.287152,0.039332,-2.204896,1.275089,2.154297,1.570553,0.000178,-0.001298,-0.000223,-0.002374,-0.000154,0.000310,-0.000027
2025-12-16 18:26:18.365,0.135727,0.287157,0.039332,-2.204898,1.275089,2.154296,1.570546,-0.000438,0.000815,-0.000148,-0.002359,-0.000102,-0.000166,-0.002188
2025-12-16 18:26:18.366,0.135729,0.287154,0.039334,-2.204899,1.275090,2.154295,1.570553,0.000265,-0.000168,0.000458,-0.001180,0.000271,-0.000450,0.000711
2025-12-16 18:26:18.367,0.135731,0.287154,0.039334,-2.204903,1.275090,2.154295,1.570553,0.000733,-0.000159,0.000305,-0.002117,0.000181,-0.000300,0.000474
2025-12-16 18:26:18.368,0.135731,0.287158,0.039335,-2.204902,1.275090,2.154297,1.570553,0.000489,0.001065,0.000760,-0.000854,0.000120,0.000512,0.000316
2025-12-16 18:26:18.369,0.135729,0.287156,0.039335,-2.204906,1.275089,2.154296,1.570547,-0.000231,0.000127,0.000507,-0.001288,-0.000259,-0.000032,-0.001586
2025-12-16 18:26:18.371,0.135731,0.287154,0.039334,-2.204905,1.275090,2.154297,1.570550,0.000403,0.000065,-0.000219,-0.000261,0.000167,0.000352,0.000028
2025-12-16 18:26:18.372,0.135729,0.287153,0.039332,-2.204907,1.275090,2.154295,1.570553,-0.000288,0.000029,-0.000703,-0.000213,0.000111,-0.000477,0.000730
2025-12-16 18:26:18.373,0.135731,0.287153,0.039335,-2.204908,1.275088,2.154297,1.570556,-0.000192,0.000008,0.000645,-0.000171,-0.000604,0.000394,0.001572
2025-12-16 18:26:18.374,0.135731,0.287152,0.039335,-2.204913,1.275089,2.154294,1.570547,-0.000271,0.000549,0.000101,-0.000107,-0.000042,-0.000786,-0.008724
2025-12-16 18:26:18.375,0.135730,0.287150,0.039334,-2.204915,1.275089,2.154294,1.570548,-0.000181,-0.000196,0.000067,0.000473,-0.000028,-0.000524,-0.006038
2025-12-16 18:26:18.376,0.135730,0.287152,0.039334,-2.204914,1.275089,2.154295,1.570555,-0.000677,-0.002731,-0.000512,0.001512,-0.000019,0.000024,-0.002335
2025-12-16 18:26:18.377,0.135732,0.287151,0.039333,-2.204917,1.275090,2.154294,1.570555,0.000105,-0.001530,-0.000991,0.001001,0.000327,-0.000357,-0.001891
2025-12-16 18:26:18.378,0.135728,0.287150,0.039337,-2.204923,1.275086,2.154294,1.570546,-0.000487,-0.001219,0.000546,0.000013,-0.001105,-0.000238,-0.004394
2025-12-16 18:26:18.379,0.135730,0.287148,0.039333,-2.204922,1.275088,2.154295,1.570547,-0.000324,-0.001519,-0.000843,0.001211,-0.000092,0.000214,-0.002745
2025-12-16 18:26:18.381,0.135732,0.287146,0.039335,-2.204929,1.275089,2.154296,1.570553,0.000341,-0.004262,0.000088,0.000248,0.000278,0.000482,-0.000174
2025-12-16 18:26:18.382,0.135731,0.287142,0.039332,-2.204930,1.275088,2.154297,1.570556,-0.000330,-0.004393,-0.001148,0.001926,-0.000154,0.000694,0.000863
2025-12-16 18:26:18.383,0.135732,0.287142,0.039335,-2.204938,1.275087,2.154294,1.570547,0.000225,-0.001701,0.000294,-0.001632,-0.000487,-0.000777,-0.001888
2025-12-16 18:26:18.384,0.135731,0.287140,0.039335,-2.204942,1.275090,2.154295,1.570548,-0.000407,-0.001280,0.000196,-0.001342,0.000659,-0.000145,-0.000930
2025-12-16 18:26:18.385,0.135731,0.287139,0.039333,-2.204946,1.275089,2.154295,1.570554,-0.000271,-0.000962,-0.000519,-0.003572,0.000100,-0.000096,0.001144
2025-12-16 18:26:18.386,0.135733,0.287140,0.039332,-2.204950,1.275090,2.154295,1.570551,-0.000181,0.000483,-0.001460,-0.002778,0.000406,-0.000064,0.000025
2025-12-16 18:26:18.387,0.135732,0.287136,0.039338,-2.204952,1.275089,2.154296,1.570550,-0.000770,-0.000946,0.000790,-0.000943,-0.000069,0.000296,-0.000375
2025-12-16 18:26:18.388,0.135733,0.287135,0.039335,-2.204956,1.275089,2.154296,1.570546,0.000693,-0.003265,-0.000680,-0.000852,-0.000046,0.000197,-0.001722
2025-12-16 18:26:18.390,0.135731,0.287134,0.039335,-2.204967,1.275090,2.154295,1.570551,-0.000744,-0.001824,-0.000453,-0.005776,0.000309,-0.000207,0.000672
2025-12-16 18:26:18.391,0.135734,0.287133,0.039330,-2.204969,1.275090,2.154294,1.570556,0.000153,-0.000881,-0.002065,-0.003693,0.000206,-0.000511,0.001864
2025-12-16 18:26:18.392,0.135732,0.287124,0.039331,-2.204979,1.275090,2.154296,1.570548,-0.000767,-0.000628,-0.000547,-0.004175,0.000318,0.000123,-0.001214
2025-12-16 18:26:18.393,0.135734,0.287120,0.039337,-2.204989,1.275091,2.154295,1.570547,0.000138,0.000044,0.001399,-0.004891,-0.000466,-0.000257,-0.001186
2025-12-16 18:26:18.394,0.135732,0.287114,0.039331,-2.204994,1.275090,2.154294,1.570555,-0.000557,-0.003751,-0.000831,-0.002312,-0.000955,-0.000544,0.001716
2025-12-16 18:26:18.396,0.135735,0.287111,0.039336,-2.205009,1.275092,2.154294,1.570553,-0.000062,-0.002316,0.000466,-0.004714,-0.000199,-0.000479,0.000048
2025-12-16 18:26:18.397,0.135740,0.287100,0.039333,-2.205020,1.275093,2.154296,1.570546,0.001722,-0.005710,-0.000896,-0.006483,0.000173,0.000393,-0.002139
2025-12-16 18:26:18.398,0.135733,0.287103,0.039334,-2.205028,1.275094,2.154295,1.570551,-0.001172,-0.004110,-0.000040,-0.010447,0.000454,-0.000077,0.000404
2025-12-16 18:26:18.400,0.135735,0.287096,0.039334,-2.205040,1.275093,2.154297,1.570553,0.003001,-0.002797,-0.000027,-0.011684,-0.000036,0.000660,0.000608
2025-12-16 18:26:18.401,0.135733,0.287086,0.039335,-2.205047,1.275094,2.154296,1.570554,0.001713,-0.005008,-0.000018,-0.008724,0.000315,0.000067,0.000778
2025-12-16 18:26:18.402,0.135736,0.287071,0.039339,-2.205069,1.275092,2.154296,1.570548,0.001047,-0.006333,0.000827,-0.005489,-0.000086,-0.000309,-0.000853
2025-12-16 18:26:18.404,0.135735,0.287069,0.039336,-2.205077,1.275092,2.154295,1.570548,0.000254,-0.003092,-0.000655,-0.006778,-0.000057,-0.000579,-0.000569
2025-12-16 18:26:18.405,0.135740,0.287055,0.039338,-2.205088,1.275092,2.154295,1.570553,0.002018,-0.006795,0.000120,-0.011963,-0.000343,-0.000013,0.001045
2025-12-16 18:26:18.406,0.135737,0.287045,0.039336,-2.205111,1.275092,2.154295,1.570547,0.003146,-0.005493,-0.000720,-0.010502,-0.000254,0.000119,-0.001220
2025-12-16 18:26:18.407,0.135737,0.287041,0.039336,-2.205123,1.275091,2.154299,1.570546,0.002395,-0.003066,-0.000480,-0.011500,-0.000509,0.000079,-0.001186
2025-12-16 18:26:18.408,0.135737,0.287028,0.039336,-2.205139,1.275092,2.154297,1.570550,0.001264,-0.003708,-0.000877,-0.009641,-0.000000,-0.000693,0.000667
2025-12-16 18:26:18.410,0.135739,0.287023,0.039339,-2.205149,1.275092,2.154299,1.570554,0.001567,-0.005387,-0.000028,-0.010120,-0.000000,-0.000089,0.001530
2025-12-16 18:26:18.411,0.135740,0.287012,0.039341,-2.205159,1.275092,2.154298,1.570548,0.001171,-0.007835,0.000538,-0.010739,-0.000000,-0.000432,-0.000777
2025-12-16 18:26:18.412,0.135736,0.286999,0.039338,-2.205185,1.275094,2.154299,1.570548,0.001989,-0.009508,-0.000318,-0.006931,-0.000441,0.000181,-0.000221
2025-12-16 18:26:18.413,0.135740,0.286988,0.039340,-2.205193,1.275096,2.154294,1.570554,0.002225,-0.010868,-0.000212,-0.004528,0.000045,-0.000625,0.001650
2025-12-16 18:26:18.414,0.135744,0.286979,0.039340,-2.205206,1.275094,2.154297,1.570553,0.002784,-0.011269,0.000416,-0.007211,-0.000648,-0.000044,0.000727
2025-12-16 18:26:18.415,0.135743,0.286977,0.039342,-2.205221,1.275096,2.154296,1.570553,0.001439,-0.006673,0.000277,-0.005899,0.000246,-0.000402,0.000485
2025-12-16 18:26:18.416,0.135741,0.286961,0.039344,-2.205231,1.275097,2.154296,1.570546,0.000508,-0.010720,0.000742,-0.007620,0.000469,-0.000607,-0.001847
2025-12-16 18:26:18.417,0.135747,0.286954,0.039342,-2.205247,1.275097,2.154296,1.570551,0.002181,-0.007930,-0.000062,-0.006862,0.000313,-0.000405,0.000600
2025-12-16 18:26:18.419,0.135748,0.286933,0.039346,-2.205270,1.275099,2.154296,1.570553,0.000403,-0.010682,0.000993,-0.006384,-0.000630,-0.000180,0.000368
2025-12-16 18:26:18.420,0.135746,0.286926,0.039346,-2.205283,1.275099,2.154295,1.570547,-0.000255,-0.011086,0.000662,-0.008043,-0.000420,-0.000493,-0.001552
2025-12-16 18:26:18.421,0.135748,0.286918,0.039344,-2.205293,1.275099,2.154295,1.570550,0.000412,-0.008806,-0.000208,-0.010609,-0.000280,-0.000329,-0.001034
2025-12-16 18:26:18.422,0.135745,0.286906,0.039346,-2.205304,1.275099,2.154295,1.570556,-0.000820,-0.010867,-0.000139,-0.007447,-0.001170,-0.000219,0.000768
2025-12-16 18:26:18.423,0.135752,0.286898,0.039347,-2.205322,1.275100,2.154296,1.570557,0.004452,-0.010551,-0.000093,-0.010745,0.000203,0.000227,0.000851
2025-12-16 18:26:18.424,0.135753,0.286886,0.039344,-2.205337,1.275104,2.154293,1.570555,0.003247,-0.012114,0.001666,-0.012494,0.000475,-0.000595,-0.000144
2025-12-16 18:26:18.425,0.135756,0.286878,0.039351,-2.205350,1.275104,2.154299,1.570545,0.003488,-0.011496,0.003111,-0.012610,-0.000023,0.000350,-0.002266
2025-12-16 18:26:18.426,0.135751,0.286868,0.039352,-2.205360,1.275107,2.154298,1.570551,0.000719,-0.011742,0.002252,-0.011250,-0.000015,0.000572,0.000659
2025-12-16 18:26:18.428,0.135753,0.286858,0.039354,-2.205370,1.275106,2.154300,1.570556,0.000597,-0.008778,0.001634,-0.014786,-0.000654,0.000381,0.001152
2025-12-16 18:26:18.429,0.135758,0.286840,0.039354,-2.205396,1.275111,2.154297,1.570551,0.001380,-0.005502,0.000620,-0.018384,0.003306,-0.000893,-0.000573
2025-12-16 18:26:18.430,0.135758,0.286828,0.039354,-2.205405,1.275113,2.154297,1.570551,0.000413,-0.008611,0.003283,-0.015775,0.006551,-0.000595,-0.001094
2025-12-16 18:26:18.431,0.135757,0.286813,0.039356,-2.205423,1.275116,2.154299,1.570552,-0.000337,-0.011385,0.002465,-0.016752,0.005317,0.000315,0.000356
2025-12-16 18:26:18.432,0.135765,0.286803,0.039361,-2.205437,1.275118,2.154301,1.570556,0.001566,-0.010917,0.005342,-0.018409,0.003664,-0.000163,0.000949
2025-12-16 18:26:18.433,0.135760,0.286793,0.039362,-2.205450,1.275119,2.154304,1.570554,-0.000698,-0.011282,0.003954,-0.017069,0.002447,0.000264,-0.000452
2025-12-16 18:26:18.434,0.135762,0.286786,0.039362,-2.205458,1.275125,2.154304,1.570550,0.000200,-0.008430,0.005073,-0.016611,0.002872,0.000176,-0.001726
2025-12-16 18:26:18.435,0.135766,0.286773,0.039365,-2.205472,1.275125,2.154306,1.570548,0.000702,-0.010647,0.007305,-0.015942,0.006166,-0.000255,-0.000811
2025-12-16 18:26:18.436,0.135762,0.286769,0.039364,-2.205483,1.275126,2.154306,1.570552,-0.001286,-0.009156,0.004239,-0.014557,0.003969,-0.000509,0.001290
2025-12-16 18:26:18.438,0.135766,0.286758,0.039371,-2.205502,1.275132,2.154310,1.570555,0.000355,-0.007494,0.005577,-0.015219,0.003727,-0.000340,0.000860
2025-12-16 18:26:18.439,0.135768,0.286748,0.039370,-2.205513,1.275137,2.154314,1.570548,0.000242,-0.008170,0.002928,-0.013663,0.002787,0.004427,-0.000885
2025-12-16 18:26:18.440,0.135767,0.286732,0.039369,-2.205526,1.275143,2.154316,1.570548,-0.000485,-0.011077,0.001545,-0.013579,0.007035,0.003339,-0.001675
2025-12-16 18:26:18.441,0.135776,0.286711,0.039377,-2.205555,1.275149,2.154327,1.570556,0.000995,-0.012113,0.001594,-0.013216,0.008590,0.003105,0.001075
2025-12-16 18:26:18.443,0.135773,0.286685,0.039381,-2.205578,1.275160,2.154334,1.570547,-0.000576,-0.014485,0.000606,-0.008742,0.012318,0.001115,-0.001444
2025-12-16 18:26:18.444,0.135777,0.286680,0.039386,-2.205590,1.275166,2.154340,1.570550,0.000266,-0.012104,0.001111,-0.009377,0.009636,0.000123,-0.000623
2025-12-16 18:26:18.446,0.135779,0.286656,0.039393,-2.205615,1.275176,2.154354,1.570557,-0.000530,-0.012853,0.002715,-0.011375,0.007858,0.000152,0.001170
2025-12-16 18:26:18.447,0.135782,0.286644,0.039395,-2.205628,1.275182,2.154360,1.570553,0.002816,-0.013283,0.001512,-0.011757,0.006295,0.000140,0.000441
2025-12-16 18:26:18.449,0.135783,0.286620,0.039401,-2.205657,1.275197,2.154381,1.570552,0.003987,-0.013654,0.004763,-0.012190,0.007456,0.009018,0.000433
2025-12-16 18:26:18.450,0.135784,0.286609,0.039409,-2.205670,1.275207,2.154391,1.570555,0.003068,-0.013868,0.006525,-0.014829,0.006259,0.006701,0.000662
2025-12-16 18:26:18.451,0.135788,0.286596,0.039415,-2.205682,1.275216,2.154400,1.570557,0.002909,-0.014602,0.008314,-0.013886,0.009293,0.004984,0.000780
2025-12-16 18:26:18.452,0.135784,0.286591,0.039423,-2.205695,1.275222,2.154410,1.570550,0.003550,-0.011573,0.009020,-0.013221,0.011296,0.003710,-0.000904
2025-12-16 18:26:18.454,0.135786,0.286576,0.039430,-2.205709,1.275230,2.154420,1.570551,0.002802,-0.013595,0.006771,-0.015708,0.008472,0.003137,-0.000976
2025-12-16 18:26:18.455,0.135789,0.286564,0.039429,-2.205730,1.275240,2.154428,1.570553,0.005329,-0.013170,0.006144,-0.017567,0.006693,0.001563,0.000808
2025-12-16 18:26:18.456,0.135789,0.286539,0.039443,-2.205757,1.275257,2.154448,1.570553,0.005274,-0.013602,0.006600,-0.017682,0.007707,0.004818,-0.000726
2025-12-16 18:26:18.457,0.135790,0.286524,0.039448,-2.205773,1.275266,2.154460,1.570549,0.004060,-0.015049,0.004447,-0.019614,0.011098,0.009004,-0.001942
2025-12-16 18:26:18.458,0.135794,0.286516,0.039454,-2.205788,1.275272,2.154467,1.570556,0.006808,-0.009871,0.003417,-0.017448,0.012313,0.005971,0.001248
2025-12-16 18:26:18.459,0.135797,0.286502,0.039460,-2.205803,1.275281,2.154477,1.570555,0.005106,-0.008571,0.005979,-0.016943,0.013941,0.004491,0.000459
2025-12-16 18:26:18.460,0.135793,0.286491,0.039460,-2.205815,1.275289,2.154489,1.570557,0.002066,-0.008880,0.003361,-0.018238,0.009837,0.004088,0.001018
2025-12-16 18:26:18.462,0.135801,0.286466,0.039466,-2.205850,1.275307,2.154508,1.570552,0.002732,-0.008421,0.001641,-0.017989,0.006617,0.006679,-0.000746
2025-12-16 18:26:18.463,0.135805,0.286458,0.039473,-2.205861,1.275313,2.154514,1.570551,0.002558,-0.007617,0.002414,-0.015602,0.009725,0.008596,-0.000870
2025-12-16 18:26:18.465,0.135811,0.286437,0.039479,-2.205890,1.275329,2.154529,1.570556,0.001327,-0.009343,0.004728,-0.013692,0.005196,0.008236,0.000597
2025-12-16 18:26:18.466,0.135811,0.286426,0.039485,-2.205904,1.275340,2.154540,1.570550,-0.000153,-0.009626,0.006846,-0.016040,0.004240,0.006944,-0.001772
2025-12-16 18:26:18.467,0.135816,0.286412,0.039485,-2.205918,1.275349,2.154548,1.570551,-0.000045,-0.011022,0.004481,-0.015112,0.007861,0.009387,-0.000842
2025-12-16 18:26:18.468,0.135821,0.286400,0.039490,-2.205934,1.275359,2.154559,1.570559,-0.000544,-0.012022,0.003900,-0.014096,0.010581,0.012483,0.001981
2025-12-16 18:26:18.470,0.135827,0.286391,0.039489,-2.205950,1.275367,2.154564,1.570556,-0.000331,-0.011038,0.001660,-0.014468,0.012017,0.008564,0.000609
2025-12-16 18:26:18.471,0.135834,0.286379,0.039490,-2.205965,1.275379,2.154571,1.570553,0.002221,-0.011486,0.000750,-0.013910,0.014782,0.006112,-0.000679
2025-12-16 18:26:18.472,0.135849,0.286357,0.039490,-2.205997,1.275393,2.154584,1.570550,0.006125,-0.014151,-0.000661,-0.015596,0.012938,0.006638,-0.001048
2025-12-16 18:26:18.473,0.135857,0.286349,0.039492,-2.206005,1.275401,2.154596,1.570557,0.007272,-0.012680,-0.000913,-0.012982,0.014042,0.005742,0.001472
2025-12-16 18:26:18.474,0.135864,0.286338,0.039495,-2.206023,1.275409,2.154603,1.570557,0.008019,-0.009630,-0.000545,-0.012924,0.015540,0.004655,0.000981
2025-12-16 18:26:18.475,0.135874,0.286324,0.039490,-2.206036,1.275418,2.154612,1.570557,0.009950,-0.010997,-0.001522,-0.015139,0.011974,0.003444,0.000654
2025-12-16 18:26:18.477,0.135883,0.286314,0.039495,-2.206052,1.275427,2.154623,1.570552,0.007495,-0.010859,0.000227,-0.015453,0.008939,0.007962,-0.001361
2025-12-16 18:26:18.478,0.135888,0.286303,0.039494,-2.206069,1.275437,2.154628,1.570555,0.004993,-0.007546,-0.000379,-0.015217,0.011354,0.005552,0.000178
2025-12-16 18:26:18.479,0.135900,0.286281,0.039496,-2.206106,1.275450,2.154644,1.570556,0.007721,-0.006739,0.000046,-0.015458,0.010496,0.002341,0.000192
2025-12-16 18:26:18.480,0.135908,0.286271,0.039496,-2.206115,1.275458,2.154651,1.570553,0.009600,-0.007762,0.000042,-0.012172,0.007572,0.005676,-0.001296
2025-12-16 18:26:18.481,0.135916,0.286253,0.039496,-2.206132,1.275466,2.154659,1.570552,0.008423,-0.010873,0.000036,-0.013067,0.011112,0.005062,-0.001237
2025-12-16 18:26:18.482,0.135917,0.286245,0.039496,-2.206145,1.275471,2.154668,1.570557,0.005671,-0.009466,0.000031,-0.011874,0.008313,0.003800,0.000972
2025-12-16 18:26:18.484,0.135922,0.286233,0.039502,-2.206161,1.275481,2.154677,1.570557,0.007955,-0.010333,0.001788,-0.012317,0.011375,0.003937,0.000648
2025-12-16 18:26:18.485,0.135933,0.286222,0.039505,-2.206179,1.275485,2.154685,1.570559,0.010826,-0.010372,0.001753,-0.013006,0.012848,0.007181,0.000805
2025-12-16 18:26:18.486,0.135946,0.286196,0.039508,-2.206214,1.275502,2.154695,1.570551,0.008335,-0.014283,0.001432,-0.013365,0.006893,0.002661,0.000234
2025-12-16 18:26:18.487,0.135942,0.286189,0.039512,-2.206237,1.275508,2.154704,1.570555,0.006845,-0.015302,0.001513,-0.017799,0.005199,0.006764,0.000529
2025-12-16 18:26:18.488,0.135951,0.286174,0.039515,-2.206248,1.275516,2.154709,1.570559,0.006897,-0.012228,0.001010,-0.015099,0.008190,0.004765,0.001404
2025-12-16 18:26:18.489,0.135950,0.286163,0.039520,-2.206262,1.275521,2.154719,1.570554,0.003819,-0.012339,0.001231,-0.016174,0.005879,0.008711,0.000224
2025-12-16 18:26:18.490,0.135959,0.286151,0.039521,-2.206283,1.275529,2.154728,1.570550,0.004630,-0.012451,0.003077,-0.016022,0.004462,0.007637,-0.002021
2025-12-16 18:26:18.492,0.135960,0.286137,0.039528,-2.206298,1.275537,2.154737,1.570549,0.002770,-0.009932,0.003400,-0.014511,0.004026,0.010714,-0.000601
2025-12-16 18:26:18.493,0.135963,0.286128,0.039532,-2.206318,1.275546,2.154742,1.570558,0.005145,-0.009994,0.001886,-0.017836,0.008004,0.012234,0.001735
2025-12-16 18:26:18.494,0.135975,0.286100,0.039542,-2.206355,1.275564,2.154754,1.570552,0.006210,-0.006471,0.005614,-0.016174,0.012548,0.006259,-0.001501
2025-12-16 18:26:18.495,0.135979,0.286091,0.039545,-2.206369,1.275569,2.154758,1.570549,0.007822,-0.009896,0.005810,-0.016574,0.013410,0.009053,-0.001000
2025-12-16 18:26:18.496,0.135983,0.286078,0.039555,-2.206390,1.275580,2.154769,1.570552,0.005195,-0.013765,0.008452,-0.019294,0.014920,0.007558,-0.000294
2025-12-16 18:26:18.497,0.135987,0.286064,0.039556,-2.206407,1.275590,2.154780,1.570557,0.003379,-0.014066,0.004551,-0.017213,0.015582,0.011053,0.002313
2025-12-16 18:26:18.499,0.135988,0.286054,0.039566,-2.206427,1.275597,2.154787,1.570554,0.000844,-0.012591,0.006931,-0.017118,0.012077,0.008552,-0.000255
2025-12-16 18:26:18.500,0.135998,0.286038,0.039570,-2.206442,1.275607,2.154795,1.570548,0.005188,-0.013774,0.006956,-0.015278,0.009369,0.010676,-0.001255
2025-12-16 18:26:18.501,0.136003,0.286015,0.039584,-2.206479,1.275626,2.154810,1.570557,0.003919,-0.013032,0.008699,-0.013943,0.005466,0.009808,0.001488
2025-12-16 18:26:18.502,0.136009,0.286001,0.039589,-2.206496,1.275635,2.154819,1.570555,0.006212,-0.013540,0.006041,-0.012707,0.008546,0.006977,0.000992
2025-12-16 18:26:18.503,0.136013,0.285988,0.039594,-2.206516,1.275646,2.154829,1.570556,0.004743,-0.013201,0.006237,-0.016079,0.006758,0.010266,0.000288
2025-12-16 18:26:18.504,0.136017,0.285977,0.039603,-2.206535,1.275652,2.154837,1.570552,0.006760,-0.012360,0.005492,-0.015131,0.008878,0.012027,-0.001605
2025-12-16 18:26:18.505,0.136017,0.285963,0.039611,-2.206556,1.275659,2.154847,1.570553,0.006447,-0.013087,0.007512,-0.018224,0.006725,0.013920,0.000388
2025-12-16 18:26:18.506,0.136024,0.285954,0.039618,-2.206574,1.275668,2.154854,1.570554,0.006214,-0.009132,0.008458,-0.017242,0.005428,0.010447,0.000971
2025-12-16 18:26:18.507,0.136027,0.285940,0.039618,-2.206597,1.275680,2.154862,1.570558,0.005231,-0.009966,0.007956,-0.020639,0.009742,0.012526,0.000986
2025-12-16 18:26:18.509,0.136032,0.285928,0.039628,-2.206610,1.275686,2.154871,1.570552,0.004443,-0.010082,0.010066,-0.019838,0.006886,0.014083,-0.000767
2025-12-16 18:26:18.510,0.136035,0.285912,0.039637,-2.206631,1.275693,2.154876,1.570546,0.006411,-0.011995,0.009276,-0.018765,0.004800,0.010191,-0.001969
2025-12-16 18:26:18.511,0.136037,0.285901,0.039643,-2.206655,1.275697,2.154885,1.570554,0.005410,-0.011439,0.006786,-0.022152,0.002967,0.007676,0.001230
2025-12-16 18:26:18.512,0.136046,0.285875,0.039657,-2.206693,1.275710,2.154899,1.570557,0.006660,-0.012315,0.007913,-0.019679,0.009745,0.007491,0.001519
2025-12-16 18:26:18.513,0.136048,0.285861,0.039657,-2.206714,1.275720,2.154908,1.570546,0.004849,-0.009861,0.007387,-0.017995,0.007694,0.005659,-0.002616
2025-12-16 18:26:18.514,0.136051,0.285850,0.039667,-2.206737,1.275729,2.154912,1.570554,0.003539,-0.007325,0.007151,-0.020884,0.005773,0.003559,-0.000286
2025-12-16 18:26:18.515,0.136053,0.285836,0.039672,-2.206751,1.275740,2.154918,1.570554,0.002032,-0.008565,0.004627,-0.016838,0.009678,0.006658,0.000522
2025-12-16 18:26:18.516,0.136057,0.285826,0.039678,-2.206774,1.275746,2.154925,1.570556,0.002084,-0.008357,0.003955,-0.017076,0.006901,0.005480,0.001433
2025-12-16 18:26:18.518,0.136064,0.285808,0.039683,-2.206792,1.275753,2.154930,1.570553,0.002725,-0.011278,0.005688,-0.017976,0.009514,0.004155,-0.000130
2025-12-16 18:26:18.519,0.136066,0.285793,0.039689,-2.206813,1.275761,2.154938,1.570550,0.003819,-0.008921,0.004203,-0.017368,0.007802,0.007817,-0.000799
2025-12-16 18:26:18.520,0.136073,0.285766,0.039702,-2.206856,1.275777,2.154955,1.570555,0.001580,-0.010565,0.005137,-0.015888,0.003904,0.009716,0.001194
2025-12-16 18:26:18.521,0.136081,0.285754,0.039703,-2.206874,1.275788,2.154957,1.570556,0.001890,-0.010367,0.004972,-0.014564,0.003285,0.006125,0.001169
2025-12-16 18:26:18.522,0.136085,0.285741,0.039715,-2.206893,1.275793,2.154961,1.570558,0.001400,-0.010921,0.008293,-0.013990,0.002109,0.009000,0.001491
2025-12-16 18:26:18.523,0.136085,0.285726,0.039718,-2.206915,1.275801,2.154973,1.570548,0.002382,-0.015086,0.007843,-0.016828,0.001599,0.007906,-0.002227
2025-12-16 18:26:18.524,0.136093,0.285715,0.039723,-2.206935,1.275807,2.154980,1.570551,0.005641,-0.013327,0.008201,-0.015902,0.001211,0.010951,-0.000400
2025-12-16 18:26:18.526,0.136104,0.285686,0.039731,-2.206978,1.275821,2.154995,1.570558,0.006913,-0.013666,0.006201,-0.020117,0.003946,0.006539,0.001484
2025-12-16 18:26:18.527,0.136109,0.285677,0.039735,-2.206995,1.275831,2.155005,1.570556,0.007751,-0.012189,0.006952,-0.020603,0.003669,0.005212,0.000277
2025-12-16 18:26:18.528,0.136117,0.285660,0.039748,-2.207018,1.275836,2.155009,1.570548,0.006399,-0.013020,0.007642,-0.022118,0.007054,0.003122,-0.002324
2025-12-16 18:26:18.530,0.136119,0.285647,0.039747,-2.207040,1.275845,2.155017,1.570557,0.007348,-0.012911,0.006667,-0.022649,0.005295,0.006938,0.001333
2025-12-16 18:26:18.531,0.136131,0.285619,0.039756,-2.207081,1.275861,2.155032,1.570557,0.007374,-0.009643,0.008740,-0.023206,0.011018,0.004251,0.000717
2025-12-16 18:26:18.532,0.136137,0.285605,0.039759,-2.207106,1.275872,2.155037,1.570551,0.005543,-0.010377,0.008791,-0.025070,0.013308,0.007510,-0.001319
2025-12-16 18:26:18.533,0.136144,0.285590,0.039762,-2.207127,1.275878,2.155044,1.570555,0.007318,-0.011453,0.006659,-0.024615,0.009967,0.005983,0.000172
2025-12-16 18:26:18.534,0.136148,0.285577,0.039767,-2.207149,1.275890,2.155053,1.570557,0.008077,-0.011154,0.005595,-0.024983,0.007466,0.009414,0.000860
2025-12-16 18:26:18.535,0.136158,0.285569,0.039770,-2.207171,1.275897,2.155059,1.570558,0.010545,-0.009798,0.004179,-0.022015,0.005593,0.007015,0.000913
2025-12-16 18:26:18.537,0.136163,0.285552,0.039772,-2.207190,1.275906,2.155065,1.570553,0.007292,-0.011205,0.002566,-0.019226,0.004191,0.009183,-0.001189
2025-12-16 18:26:18.538,0.136171,0.285540,0.039777,-2.207212,1.275917,2.155072,1.570551,0.005476,-0.010398,0.002520,-0.020564,0.008425,0.007266,-0.001132
2025-12-16 18:26:18.539,0.136182,0.285510,0.039783,-2.207252,1.275932,2.155087,1.570557,0.003087,-0.012810,0.001172,-0.021479,0.007358,0.011446,0.001633
2025-12-16 18:26:18.540,0.136187,0.285498,0.039788,-2.207276,1.275939,2.155094,1.570557,0.001760,-0.014664,0.001538,-0.019779,0.010385,0.008653,0.000750
2025-12-16 18:26:18.541,0.136196,0.285483,0.039791,-2.207296,1.275950,2.155103,1.570548,0.002482,-0.014854,0.001105,-0.016682,0.008499,0.011572,-0.002382
2025-12-16 18:26:18.542,0.136201,0.285466,0.039796,-2.207319,1.275957,2.155111,1.570550,0.001243,-0.014792,0.001353,-0.018936,0.010486,0.014082,-0.000876
2025-12-16 18:26:18.543,0.136208,0.285454,0.039799,-2.207339,1.275963,2.155116,1.570554,0.000938,-0.013643,0.000947,-0.019491,0.007593,0.010502,0.001586
2025-12-16 18:26:18.544,0.136216,0.285441,0.039799,-2.207363,1.275971,2.155123,1.570553,0.001264,-0.013422,0.001695,-0.021822,0.005742,0.007464,0.001057
2025-12-16 18:26:18.546,0.136219,0.285421,0.039805,-2.207383,1.275980,2.155128,1.570549,-0.000209,-0.014980,0.001945,-0.022041,0.004339,0.010197,-0.000380
2025-12-16 18:26:18.547,0.136235,0.285394,0.039816,-2.207433,1.275999,2.155142,1.570553,0.000900,-0.014140,0.004786,-0.025391,0.006858,0.005532,0.000170
2025-12-16 18:26:18.548,0.136238,0.285381,0.039816,-2.207452,1.276006,2.155150,1.570555,0.002665,-0.012977,0.002328,-0.024058,0.004741,0.004183,0.001571
2025-12-16 18:26:18.549,0.136244,0.285369,0.039823,-2.207471,1.276015,2.155157,1.570549,0.002059,-0.008608,0.005144,-0.023150,0.007964,0.003534,-0.000749
2025-12-16 18:26:18.550,0.136247,0.285353,0.039828,-2.207498,1.276025,2.155166,1.570551,0.003504,-0.010241,0.006073,-0.025601,0.006331,0.002634,0.000212
2025-12-16 18:26:18.552,0.136252,0.285336,0.039836,-2.207521,1.276033,2.155175,1.570548,0.005341,-0.011394,0.005156,-0.025455,0.008794,0.001965,-0.000943
2025-12-16 18:26:18.553,0.136255,0.285324,0.039835,-2.207543,1.276043,2.155181,1.570554,0.006152,-0.010538,0.002086,-0.022301,0.011652,0.000348,0.001541
2025-12-16 18:26:18.554,0.136262,0.285306,0.039844,-2.207567,1.276054,2.155191,1.570554,0.005908,-0.011669,0.002906,-0.020397,0.009081,0.000723,0.001027
2025-12-16 18:26:18.555,0.136270,0.285276,0.039856,-2.207612,1.276074,2.155213,1.570547,0.008017,-0.014671,0.003726,-0.023021,0.010001,0.004761,-0.002290
2025-12-16 18:26:18.556,0.136276,0.285262,0.039859,-2.207629,1.276082,2.155227,1.570554,0.009221,-0.016664,0.001584,-0.021749,0.008105,0.008300,0.000983
2025-12-16 18:26:18.557,0.136282,0.285243,0.039866,-2.207657,1.276088,2.155240,1.570551,0.006965,-0.016826,0.004086,-0.024454,0.005015,0.007000,-0.004027
2025-12-16 18:26:18.558,0.136286,0.285225,0.039872,-2.207674,1.276098,2.155256,1.570552,0.005813,-0.020079,0.005895,-0.022838,0.008828,0.006292,-0.003448
2025-12-16 18:26:18.559,0.136287,0.285210,0.039878,-2.207702,1.276107,2.155269,1.570550,0.003222,-0.021238,0.005114,-0.021789,0.010953,0.009980,-0.003676
2025-12-16 18:26:18.561,0.136292,0.285200,0.039886,-2.207723,1.276116,2.155278,1.570544,0.003607,-0.017774,0.006630,-0.021596,0.012939,0.011697,-0.003382
2025-12-16 18:26:18.562,0.136297,0.285185,0.039893,-2.207746,1.276123,2.155289,1.570550,0.005783,-0.016517,0.007766,-0.022797,0.008736,0.013744,-0.000249
2025-12-16 18:26:18.563,0.136306,0.285155,0.039906,-2.207794,1.276143,2.155303,1.570546,0.003770,-0.014415,0.009408,-0.022782,0.005496,0.007405,-0.000410
2025-12-16 18:26:18.564,0.136308,0.285138,0.039916,-2.207821,1.276155,2.155310,1.570537,0.002212,-0.014544,0.008147,-0.024593,0.008487,0.004795,-0.003225
2025-12-16 18:26:18.565,0.136311,0.285121,0.039921,-2.207842,1.276163,2.155314,1.570536,0.001110,-0.015247,0.007707,-0.023589,0.006734,0.007748,-0.001117
2025-12-16 18:26:18.566,0.136315,0.285106,0.039924,-2.207865,1.276172,2.155321,1.570535,0.000883,-0.017656,0.004594,-0.020806,0.005043,0.006279,0.000301
2025-12-16 18:26:18.568,0.136315,0.285094,0.039929,-2.207896,1.276187,2.155328,1.570538,-0.000510,-0.015077,0.003003,-0.026938,0.009078,0.009036,0.001596
2025-12-16 18:26:18.569,0.136320,0.285078,0.039939,-2.207915,1.276198,2.155335,1.570531,0.000391,-0.015123,0.005697,-0.025212,0.007090,0.007203,-0.000043
2025-12-16 18:26:18.570,0.136327,0.285048,0.039954,-2.207961,1.276219,2.155353,1.570516,0.005304,-0.013330,0.004812,-0.025276,0.011661,0.007781,-0.001704
2025-12-16 18:26:18.571,0.136331,0.285033,0.039961,-2.207984,1.276228,2.155357,1.570519,0.004027,-0.013184,0.005785,-0.024882,0.012918,0.009793,0.001737
2025-12-16 18:26:18.572,0.136336,0.285017,0.039966,-2.208013,1.276240,2.155367,1.570514,0.003052,-0.013705,0.007243,-0.029833,0.010392,0.012420,0.000778
2025-12-16 18:26:18.573,0.136342,0.285004,0.039974,-2.208036,1.276246,2.155373,1.570498,0.006020,-0.012738,0.006146,-0.027800,0.011499,0.009316,-0.006756
2025-12-16 18:26:18.574,0.136346,0.284986,0.039981,-2.208061,1.276261,2.155384,1.570493,0.004475,-0.013365,0.007408,-0.027148,0.014193,0.008073,-0.004565
2025-12-16 18:26:18.576,0.136351,0.284970,0.039987,-2.208083,1.276272,2.155395,1.570492,0.003330,-0.016288,0.005548,-0.026289,0.015319,0.006304,-0.005589
2025-12-16 18:26:18.577,0.136351,0.284964,0.039995,-2.208106,1.276281,2.155405,1.570487,0.001273,-0.012920,0.004713,-0.024884,0.015963,0.009708,-0.007931
2025-12-16 18:26:18.578,0.136362,0.284929,0.040006,-2.208157,1.276300,2.155419,1.570458,0.004570,-0.014009,0.004860,-0.026923,0.009127,0.008340,-0.007644
2025-12-16 18:26:18.579,0.136366,0.284910,0.040011,-2.208183,1.276313,2.155424,1.570456,0.003420,-0.014880,0.003608,-0.027164,0.006847,0.005169,-0.008471
2025-12-16 18:26:18.580,0.136377,0.284896,0.040017,-2.208208,1.276320,2.155431,1.570452,0.007429,-0.014207,0.005467,-0.026441,0.009798,0.003221,-0.009628
2025-12-16 18:26:18.581,0.136377,0.284886,0.040024,-2.208235,1.276333,2.155440,1.570436,0.004308,-0.011969,0.006841,-0.026845,0.007349,0.007987,-0.013121
2025-12-16 18:26:18.583,0.136381,0.284869,0.040032,-2.208255,1.276346,2.155449,1.570424,0.002574,-0.012752,0.006326,-0.021600,0.010208,0.006348,-0.010225
2025-12-16 18:26:18.584,0.136385,0.284856,0.040037,-2.208279,1.276361,2.155459,1.570408,0.001980,-0.014721,0.007443,-0.021976,0.007995,0.009428,-0.013501
2025-12-16 18:26:18.585,0.136398,0.284819,0.040045,-2.208334,1.276386,2.155473,1.570395,0.004502,-0.015708,0.004023,-0.025622,0.012628,0.005402,-0.013901
2025-12-16 18:26:18.586,0.136402,0.284803,0.040051,-2.208352,1.276400,2.155480,1.570383,0.005896,-0.015506,0.005757,-0.023657,0.014160,0.003325,-0.011242
2025-12-16 18:26:18.588,0.136408,0.284790,0.040057,-2.208382,1.276413,2.155488,1.570368,0.004980,-0.013997,0.004949,-0.025905,0.014975,0.007835,-0.014965
2025-12-16 18:26:18.589,0.136410,0.284772,0.040064,-2.208409,1.276425,2.155496,1.570357,0.003132,-0.017284,0.007002,-0.025921,0.016300,0.005879,-0.011417
2025-12-16 18:26:18.590,0.136421,0.284744,0.040075,-2.208462,1.276448,2.155515,1.570340,0.007422,-0.014442,0.008518,-0.025510,0.013710,0.011374,-0.012994
2025-12-16 18:26:18.591,0.136425,0.284729,0.040083,-2.208480,1.276461,2.155523,1.570328,0.005001,-0.014027,0.006918,-0.026037,0.014654,0.012861,-0.014119
2025-12-16 18:26:18.592,0.136434,0.284711,0.040082,-2.208508,1.276471,2.155530,1.570309,0.008049,-0.014311,0.008995,-0.026910,0.010682,0.013292,-0.018219
2025-12-16 18:26:18.593,0.136436,0.284692,0.040093,-2.208537,1.276485,2.155539,1.570304,0.005414,-0.014970,0.011399,-0.030876,0.013064,0.014772,-0.011675
2025-12-16 18:26:18.594,0.136444,0.284680,0.040099,-2.208562,1.276497,2.155550,1.570293,0.007786,-0.013166,0.011224,-0.029205,0.010141,0.016190,-0.009117
2025-12-16 18:26:18.596,0.136450,0.284662,0.040104,-2.208592,1.276512,2.155561,1.570290,0.009008,-0.013559,0.010612,-0.031896,0.012916,0.017428,-0.004653
2025-12-16 18:26:18.597,0.136461,0.284634,0.040115,-2.208644,1.276536,2.155584,1.570262,0.007598,-0.011907,0.010489,-0.028411,0.010368,0.014848,-0.004805
2025-12-16 18:26:18.598,0.136469,0.284614,0.040124,-2.208670,1.276548,2.155595,1.570254,0.006288,-0.013364,0.012447,-0.030647,0.011783,0.015791,-0.003145
2025-12-16 18:26:18.599,0.136473,0.284598,0.040125,-2.208700,1.276561,2.155603,1.570246,0.007837,-0.013143,0.010209,-0.032777,0.013242,0.011072,-0.005199
2025-12-16 18:26:18.600,0.136478,0.284580,0.040135,-2.208723,1.276576,2.155613,1.570235,0.007880,-0.016622,0.008931,-0.032662,0.014695,0.008722,-0.009057
2025-12-16 18:26:18.602,0.136486,0.284568,0.040143,-2.208755,1.276586,2.155624,1.570221,0.006549,-0.017588,0.006642,-0.035317,0.015534,0.006914,-0.008311
2025-12-16 18:26:18.603,0.136491,0.284548,0.040146,-2.208779,1.276598,2.155638,1.570204,0.004363,-0.020655,0.003738,-0.031874,0.011367,0.010211,-0.011917
2025-12-16 18:26:18.604,0.136499,0.284531,0.040149,-2.208811,1.276612,2.155650,1.570201,0.003881,-0.019153,0.005098,-0.031439,0.008591,0.012633,-0.011066
2025-12-16 18:26:18.605,0.136510,0.284501,0.040164,-2.208858,1.276637,2.155665,1.570185,0.006288,-0.014973,0.005071,-0.026909,0.013211,0.009081,-0.006874
2025-12-16 18:26:18.606,0.136518,0.284487,0.040173,-2.208884,1.276652,2.155679,1.570168,0.007949,-0.013710,0.006636,-0.026557,0.014975,0.007277,-0.006624
2025-12-16 18:26:18.607,0.136522,0.284463,0.040178,-2.208918,1.276668,2.155691,1.570158,0.004828,-0.015279,0.007206,-0.031133,0.016597,0.010557,-0.004481
2025-12-16 18:26:18.608,0.136532,0.284447,0.040183,-2.208943,1.276679,2.155702,1.570155,0.008089,-0.014497,0.004820,-0.028371,0.012385,0.008281,-0.001146
2025-12-16 18:26:18.609,0.136539,0.284436,0.040193,-2.208973,1.276691,2.155712,1.570144,0.008590,-0.012844,0.007163,-0.027946,0.013602,0.006512,-0.001383
2025-12-16 18:26:18.611,0.136546,0.284419,0.040196,-2.209002,1.276707,2.155722,1.570130,0.009635,-0.013397,0.003064,-0.027269,0.015534,0.009525,-0.007224
2025-12-16 18:26:18.612,0.136551,0.284398,0.040209,-2.209023,1.276720,2.155735,1.570119,0.009778,-0.014916,0.006381,-0.027742,0.020302,0.011792,-0.006092
2025-12-16 18:26:18.613,0.136562,0.284368,0.040223,-2.209078,1.276748,2.155758,1.570103,0.005049,-0.012310,0.005156,-0.028731,0.015591,0.009953,-0.009883
2025-12-16 18:26:18.614,0.136565,0.284350,0.040232,-2.209113,1.276766,2.155768,1.570091,0.002752,-0.013005,0.007305,-0.030104,0.016897,0.012064,-0.012479
2025-12-16 18:26:18.615,0.136577,0.284334,0.040235,-2.209141,1.276780,2.155779,1.570074,0.007220,-0.012326,0.007168,-0.028270,0.016690,0.009399,-0.016152
2025-12-16 18:26:18.617,0.136583,0.284316,0.040242,-2.209166,1.276790,2.155792,1.570066,0.008478,-0.016124,0.008245,-0.026252,0.012274,0.007029,-0.015210
2025-12-16 18:26:18.618,0.136588,0.284305,0.040248,-2.209198,1.276805,2.155804,1.570061,0.005773,-0.013448,0.008997,-0.027323,0.009917,0.005631,-0.014373
2025-12-16 18:26:18.619,0.136602,0.284270,0.040264,-2.209251,1.276833,2.155828,1.570032,0.009240,-0.018169,0.006046,-0.025934,0.010144,0.006613,-0.014318
2025-12-16 18:26:18.620,0.136609,0.284251,0.040270,-2.209281,1.276852,2.155841,1.570017,0.010058,-0.020053,0.006125,-0.026347,0.013005,0.004942,-0.012496
2025-12-16 18:26:18.621,0.136613,0.284236,0.040278,-2.209306,1.276866,2.155852,1.570011,0.010092,-0.017145,0.007980,-0.024591,0.013686,0.007510,-0.011715
2025-12-16 18:26:18.622,0.136620,0.284219,0.040287,-2.209339,1.276883,2.155865,1.569997,0.007607,-0.016139,0.008783,-0.025500,0.014583,0.010021,-0.008850
2025-12-16 18:26:18.623,0.136624,0.284199,0.040296,-2.209372,1.276901,2.155877,1.569985,0.005174,-0.015897,0.009396,-0.026329,0.015670,0.012662,-0.007053
2025-12-16 18:26:18.625,0.136633,0.284186,0.040306,-2.209396,1.276919,2.155892,1.569966,0.003944,-0.016874,0.009830,-0.024160,0.017107,0.009896,-0.011768
2025-12-16 18:26:18.626,0.136642,0.284167,0.040316,-2.209432,1.276937,2.155907,1.569956,0.006694,-0.016593,0.010116,-0.029346,0.017479,0.012450,-0.011930
2025-12-16 18:26:18.627,0.136645,0.284147,0.040323,-2.209456,1.276956,2.155922,1.569947,0.006997,-0.016125,0.010390,-0.026476,0.017757,0.009673,-0.012907
2025-12-16 18:26:18.628,0.136661,0.284118,0.040333,-2.209517,1.276986,2.155950,1.569922,0.004978,-0.016104,0.007085,-0.028910,0.017845,0.013315,-0.016044
2025-12-16 18:26:18.629,0.136668,0.284102,0.040344,-2.209551,1.277002,2.155963,1.569905,0.006252,-0.014682,0.008775,-0.029792,0.017418,0.014322,-0.013473
2025-12-16 18:26:18.630,0.136674,0.284087,0.040357,-2.209584,1.277018,2.155979,1.569893,0.007285,-0.013705,0.010587,-0.031835,0.013470,0.011106,-0.014983
2025-12-16 18:26:18.631,0.136677,0.284067,0.040363,-2.209615,1.277040,2.155989,1.569889,0.004317,-0.014050,0.006660,-0.033689,0.019804,0.007979,-0.008950
2025-12-16 18:26:18.633,0.136688,0.284051,0.040369,-2.209643,1.277055,2.156003,1.569882,0.005140,-0.015622,0.004490,-0.033298,0.018895,0.010924,-0.010869
2025-12-16 18:26:18.634,0.136702,0.284011,0.040387,-2.209702,1.277093,2.156031,1.569852,0.005351,-0.020640,0.005256,-0.028795,0.019084,0.014551,-0.007368
2025-12-16 18:26:18.635,0.136710,0.283999,0.040395,-2.209739,1.277114,2.156047,1.569838,0.005149,-0.019363,0.006683,-0.029752,0.024146,0.011280,-0.005867
2025-12-16 18:26:18.636,0.136714,0.283982,0.040403,-2.209769,1.277132,2.156059,1.569831,0.003227,-0.017275,0.007819,-0.031561,0.027100,0.013458,-0.006863
2025-12-16 18:26:18.637,0.136717,0.283961,0.040408,-2.209798,1.277150,2.156073,1.569819,0.001209,-0.020651,0.005303,-0.029329,0.020013,0.013999,-0.010413
2025-12-16 18:26:18.638,0.136728,0.283943,0.040418,-2.209830,1.277170,2.156088,1.569805,0.002767,-0.018683,0.007331,-0.031605,0.015030,0.015222,-0.008215
2025-12-16 18:26:18.639,0.136734,0.283931,0.040431,-2.209862,1.277187,2.156102,1.569787,0.002549,-0.015397,0.009479,-0.033077,0.015270,0.015980,-0.013027
2025-12-16 18:26:18.641,0.136740,0.283906,0.040436,-2.209894,1.277206,2.156118,1.569778,0.001811,-0.020295,0.006440,-0.031155,0.016119,0.017057,-0.012816
2025-12-16 18:26:18.642,0.136742,0.283892,0.040449,-2.209925,1.277229,2.156130,1.569772,0.000734,-0.019623,0.008158,-0.030025,0.018142,0.016774,-0.008159
2025-12-16 18:26:18.643,0.136754,0.283849,0.040468,-2.209988,1.277265,2.156163,1.569742,0.000569,-0.021555,0.006766,-0.031336,0.018843,0.018956,-0.014293
2025-12-16 18:26:18.644,0.136761,0.283835,0.040472,-2.210015,1.277281,2.156175,1.569728,0.000415,-0.017418,0.006623,-0.027233,0.018061,0.013395,-0.016191
2025-12-16 18:26:18.645,0.136768,0.283815,0.040485,-2.210053,1.277298,2.156190,1.569720,0.000303,-0.019440,0.009053,-0.031915,0.017596,0.014050,-0.014885
2025-12-16 18:26:18.646,0.136777,0.283791,0.040495,-2.210082,1.277317,2.156206,1.569709,0.004005,-0.019001,0.009476,-0.032027,0.017945,0.015291,-0.016208
2025-12-16 18:26:18.648,0.136782,0.283771,0.040502,-2.210115,1.277332,2.156223,1.569695,0.004931,-0.020495,0.009288,-0.033946,0.017801,0.016929,-0.016868
2025-12-16 18:26:18.649,0.136799,0.283732,0.040519,-2.210182,1.277370,2.156255,1.569666,0.007974,-0.018686,0.005473,-0.033699,0.013729,0.017779,-0.010711
2025-12-16 18:26:18.650,0.136805,0.283714,0.040526,-2.210215,1.277387,2.156270,1.569654,0.007973,-0.019759,0.006256,-0.030984,0.015351,0.018012,-0.007229
2025-12-16 18:26:18.652,0.136818,0.283692,0.040534,-2.210249,1.277403,2.156287,1.569646,0.010474,-0.018057,0.004184,-0.033435,0.015508,0.019166,-0.004335
2025-12-16 18:26:18.653,0.136822,0.283670,0.040540,-2.210286,1.277424,2.156305,1.569633,0.009189,-0.020430,0.002660,-0.031986,0.016994,0.018977,-0.003340
2025-12-16 18:26:18.654,0.136835,0.283656,0.040549,-2.210316,1.277439,2.156318,1.569614,0.011371,-0.016126,0.004244,-0.032662,0.017085,0.018125,-0.010105
2025-12-16 18:26:18.655,0.136841,0.283632,0.040557,-2.210351,1.277456,2.156332,1.569608,0.010466,-0.019057,0.006105,-0.033873,0.017191,0.017950,-0.005920
2025-12-16 18:26:18.656,0.136860,0.283586,0.040577,-2.210424,1.277495,2.156364,1.569587,0.006581,-0.020317,0.009415,-0.036764,0.018162,0.010290,-0.009786
2025-12-16 18:26:18.657,0.136866,0.283563,0.040581,-2.210461,1.277513,2.156381,1.569567,0.006936,-0.021491,0.008594,-0.037631,0.023575,0.012728,-0.010731
2025-12-16 18:26:18.658,0.136873,0.283543,0.040593,-2.210492,1.277532,2.156395,1.569555,0.005293,-0.021764,0.010516,-0.036912,0.017965,0.009525,-0.007528
2025-12-16 18:26:18.659,0.136883,0.283522,0.040602,-2.210534,1.277551,2.156413,1.569548,0.004587,-0.022071,0.008388,-0.035742,0.018435,0.011827,-0.008782
2025-12-16 18:26:18.661,0.136889,0.283501,0.040609,-2.210559,1.277569,2.156426,1.569542,0.005335,-0.022365,0.008431,-0.032399,0.013076,0.013061,-0.009162
2025-12-16 18:26:18.662,0.136906,0.283458,0.040624,-2.210638,1.277609,2.156459,1.569509,0.005485,-0.022444,0.008567,-0.033303,0.015059,0.019002,-0.015847
2025-12-16 18:26:18.663,0.136917,0.283431,0.040633,-2.210671,1.277630,2.156473,1.569492,0.007940,-0.024486,0.006506,-0.033414,0.016520,0.018505,-0.012887
2025-12-16 18:26:18.664,0.136926,0.283408,0.040646,-2.210710,1.277649,2.156487,1.569484,0.005929,-0.027218,0.008878,-0.035360,0.021791,0.018611,-0.012384
2025-12-16 18:26:18.665,0.136939,0.283385,0.040652,-2.210748,1.277669,2.156504,1.569471,0.008654,-0.026751,0.006037,-0.035817,0.020324,0.019431,-0.013682
2025-12-16 18:26:18.667,0.136955,0.283336,0.040671,-2.210821,1.277714,2.156531,1.569438,0.003978,-0.024877,0.006413,-0.035220,0.015728,0.018936,-0.014171
2025-12-16 18:26:18.668,0.136964,0.283316,0.040680,-2.210856,1.277736,2.156551,1.569430,0.006696,-0.023839,0.007597,-0.031329,0.020622,0.019623,-0.012904
2025-12-16 18:26:18.669,0.136971,0.283287,0.040687,-2.210898,1.277756,2.156564,1.569420,0.008122,-0.021872,0.007777,-0.033998,0.019851,0.018600,-0.012949
2025-12-16 18:26:18.671,0.136972,0.283259,0.040698,-2.210931,1.277780,2.156577,1.569407,0.003747,-0.023284,0.009319,-0.033075,0.015619,0.013256,-0.019956
2025-12-16 18:26:18.672,0.136987,0.283235,0.040710,-2.210975,1.277805,2.156596,1.569390,0.004751,-0.023196,0.010325,-0.039201,0.021356,0.015036,-0.020951
2025-12-16 18:26:18.673,0.137009,0.283184,0.040727,-2.211054,1.277850,2.156624,1.569368,0.008843,-0.026667,0.007824,-0.041756,0.020446,0.016215,-0.010132
2025-12-16 18:26:18.674,0.137017,0.283151,0.040738,-2.211093,1.277872,2.156639,1.569355,0.009148,-0.028672,0.008620,-0.040397,0.024399,0.016144,-0.012378
2025-12-16 18:26:18.675,0.137024,0.283127,0.040747,-2.211133,1.277895,2.156659,1.569340,0.006857,-0.027070,0.007004,-0.043465,0.022615,0.018309,-0.014383
2025-12-16 18:26:18.676,0.137037,0.283109,0.040755,-2.211174,1.277917,2.156675,1.569318,0.009427,-0.026766,0.007440,-0.045165,0.022146,0.018743,-0.017992
2025-12-16 18:26:18.678,0.137044,0.283079,0.040769,-2.211215,1.277937,2.156688,1.569317,0.010131,-0.027091,0.010141,-0.042968,0.021716,0.018311,-0.010038
2025-12-16 18:26:18.679,0.137066,0.283022,0.040790,-2.211297,1.277978,2.156719,1.569291,0.009051,-0.027238,0.013995,-0.043444,0.024961,0.017884,-0.009575
2025-12-16 18:26:18.680,0.137079,0.282990,0.040795,-2.211339,1.277996,2.156740,1.569274,0.010352,-0.030852,0.012039,-0.043134,0.022737,0.019187,-0.014535
2025-12-16 18:26:18.681,0.137086,0.282962,0.040805,-2.211378,1.278017,2.156755,1.569264,0.009668,-0.032461,0.011828,-0.037760,0.021254,0.018539,-0.009641
2025-12-16 18:26:18.683,0.137097,0.282935,0.040817,-2.211423,1.278038,2.156771,1.569253,0.007815,-0.030041,0.012727,-0.039408,0.021022,0.014267,-0.007577
2025-12-16 18:26:18.684,0.137109,0.282902,0.040827,-2.211466,1.278057,2.156790,1.569244,0.007026,-0.030016,0.012221,-0.038948,0.020276,0.015723,-0.004175
2025-12-16 18:26:18.685,0.137129,0.282842,0.040844,-2.211545,1.278096,2.156821,1.569215,0.012211,-0.030645,0.008848,-0.039156,0.019798,0.016219,-0.003808
2025-12-16 18:26:18.686,0.137137,0.282810,0.040850,-2.211589,1.278116,2.156835,1.569202,0.011622,-0.030379,0.008283,-0.038765,0.019888,0.016545,-0.008260
2025-12-16 18:26:18.687,0.137152,0.282779,0.040862,-2.211635,1.278134,2.156850,1.569200,0.013830,-0.032135,0.012859,-0.042444,0.019291,0.017532,-0.003579
2025-12-16 18:26:18.688,0.137157,0.282745,0.040872,-2.211678,1.278155,2.156870,1.569187,0.008480,-0.031510,0.015188,-0.044443,0.019791,0.023185,-0.007495
2025-12-16 18:26:18.690,0.137166,0.282714,0.040885,-2.211722,1.278176,2.156886,1.569171,0.012568,-0.032927,0.014802,-0.045998,0.023576,0.017339,-0.007510
2025-12-16 18:26:18.691,0.137182,0.282684,0.040896,-2.211761,1.278195,2.156899,1.569156,0.016952,-0.033287,0.013833,-0.042106,0.026757,0.017289,-0.010940
2025-12-16 18:26:18.692,0.137202,0.282619,0.040910,-2.211849,1.278234,2.156931,1.569137,0.015369,-0.033305,0.009090,-0.039634,0.023323,0.012787,-0.008981
2025-12-16 18:26:18.693,0.137212,0.282586,0.040923,-2.211897,1.278257,2.156947,1.569129,0.010904,-0.031721,0.008023,-0.043141,0.017852,0.013535,-0.006122
2025-12-16 18:26:18.694,0.137222,0.282555,0.040935,-2.211943,1.278277,2.156964,1.569116,0.011329,-0.033145,0.005985,-0.041103,0.018085,0.015297,-0.005801
2025-12-16 18:26:18.696,0.137234,0.282519,0.040947,-2.211991,1.278297,2.156985,1.569100,0.012197,-0.035413,0.007859,-0.041151,0.018247,0.017271,-0.010021
2025-12-16 18:26:18.697,0.137257,0.282458,0.040967,-2.212077,1.278344,2.157021,1.569088,0.012825,-0.029374,0.008907,-0.043558,0.027160,0.018128,-0.011296
2025-12-16 18:26:18.698,0.137260,0.282424,0.040977,-2.212123,1.278362,2.157036,1.569075,0.010367,-0.028886,0.009483,-0.042673,0.024510,0.017353,-0.019093
2025-12-16 18:26:18.699,0.137274,0.282393,0.040987,-2.212172,1.278383,2.157055,1.569055,0.008481,-0.027393,0.009342,-0.042790,0.022432,0.018003,-0.021489
2025-12-16 18:26:18.700,0.137284,0.282360,0.041003,-2.212217,1.278407,2.157067,1.569049,0.009543,-0.027444,0.011553,-0.040797,0.026290,0.016751,-0.019190
2025-12-16 18:26:18.702,0.137296,0.282326,0.041009,-2.212263,1.278433,2.157085,1.569042,0.010964,-0.030681,0.007339,-0.039247,0.029853,0.017387,-0.017978
2025-12-16 18:26:18.703,0.137317,0.282259,0.041031,-2.212355,1.278480,2.157122,1.569018,0.011743,-0.031575,0.011077,-0.043096,0.025848,0.018849,-0.012013
2025-12-16 18:26:18.704,0.137330,0.282224,0.041043,-2.212406,1.278502,2.157138,1.569005,0.011940,-0.032867,0.011112,-0.043066,0.023674,0.019140,-0.008897
2025-12-16 18:26:18.705,0.137338,0.282190,0.041055,-2.212454,1.278524,2.157155,1.569000,0.011431,-0.034038,0.011728,-0.044698,0.021896,0.013972,-0.009495
2025-12-16 18:26:18.709,0.137383,0.282048,0.041099,-2.212637,1.278620,2.157225,1.568952,0.011553,-0.032918,0.010908,-0.045402,0.024446,0.023079,-0.008626
2025-12-16 18:26:18.710,0.137397,0.282018,0.041113,-2.212687,1.278644,2.157242,1.568943,0.009936,-0.032859,0.012146,-0.044382,0.027766,0.021563,-0.006176
2025-12-16 18:26:18.712,0.137410,0.281981,0.041121,-2.212734,1.278665,2.157258,1.568932,0.011132,-0.031461,0.010605,-0.044493,0.030553,0.020045,-0.005089
2025-12-16 18:26:18.713,0.137414,0.281943,0.041134,-2.212782,1.278690,2.157277,1.568913,0.008529,-0.034752,0.010793,-0.045836,0.027363,0.019661,-0.010277
2025-12-16 18:26:18.714,0.137427,0.281911,0.041144,-2.212834,1.278712,2.157296,1.568906,0.009706,-0.034747,0.010865,-0.048054,0.025242,0.019451,-0.011069
2025-12-16 18:26:18.715,0.137451,0.281843,0.041169,-2.212931,1.278761,2.157339,1.568892,0.011733,-0.032175,0.010969,-0.044445,0.022961,0.022887,-0.008065
2025-12-16 18:26:18.717,0.137464,0.281804,0.041183,-2.212979,1.278788,2.157357,1.568878,0.011942,-0.031568,0.011598,-0.045881,0.022188,0.021679,-0.007613
2025-12-16 18:26:18.718,0.137486,0.281737,0.041204,-2.213075,1.278835,2.157399,1.568851,0.012783,-0.033361,0.010934,-0.047254,0.023908,0.021359,-0.013525
2025-12-16 18:26:18.719,0.137494,0.281700,0.041213,-2.213129,1.278858,2.157417,1.568846,0.011534,-0.034474,0.010439,-0.049478,0.022251,0.020271,-0.008244
2025-12-16 18:26:18.721,0.137508,0.281667,0.041227,-2.213180,1.278887,2.157436,1.568832,0.012334,-0.034232,0.011182,-0.053318,0.022209,0.019890,-0.011028
2025-12-16 18:26:18.722,0.137531,0.281590,0.041251,-2.213273,1.278935,2.157478,1.568805,0.012476,-0.037599,0.008506,-0.053035,0.020101,0.019156,-0.015915
2025-12-16 18:26:18.723,0.137538,0.281558,0.041263,-2.213327,1.278959,2.157499,1.568801,0.010728,-0.035762,0.011887,-0.051022,0.024485,0.019449,-0.010009
2025-12-16 18:26:18.724,0.137549,0.281522,0.041276,-2.213371,1.278987,2.157518,1.568792,0.011306,-0.033134,0.011741,-0.049355,0.023388,0.018126,-0.007256
2025-12-16 18:26:18.725,0.137565,0.281489,0.041285,-2.213421,1.279012,2.157541,1.568776,0.012304,-0.034365,0.011145,-0.049439,0.022331,0.019693,-0.011385
2025-12-16 18:26:18.727,0.137578,0.281454,0.041297,-2.213468,1.279040,2.157562,1.568764,0.012368,-0.031523,0.011297,-0.048990,0.026140,0.023391,-0.009219
2025-12-16 18:26:18.728,0.137602,0.281378,0.041319,-2.213574,1.279093,2.157604,1.568746,0.009308,-0.034921,0.011390,-0.053427,0.026271,0.020954,-0.011332
2025-12-16 18:26:18.729,0.137614,0.281341,0.041330,-2.213628,1.279119,2.157628,1.568732,0.010115,-0.035506,0.013505,-0.053973,0.028390,0.021508,-0.014784
2025-12-16 18:26:18.731,0.137626,0.281306,0.041342,-2.213675,1.279148,2.157649,1.568721,0.010722,-0.035533,0.013716,-0.052429,0.031111,0.025115,-0.016015
2025-12-16 18:26:18.732,0.137641,0.281271,0.041358,-2.213724,1.279177,2.157670,1.568711,0.011732,-0.035458,0.014270,-0.051386,0.028165,0.023523,-0.016546
2025-12-16 18:26:18.733,0.137661,0.281195,0.041380,-2.213819,1.279231,2.157711,1.568696,0.010253,-0.034469,0.011965,-0.049408,0.024165,0.020731,-0.007685
2025-12-16 18:26:18.734,0.137675,0.281159,0.041394,-2.213872,1.279260,2.157732,1.568678,0.011504,-0.034567,0.009549,-0.050349,0.022254,0.019899,-0.012743
2025-12-16 18:26:18.735,0.137690,0.281118,0.041405,-2.213925,1.279292,2.157755,1.568666,0.012464,-0.037194,0.009997,-0.050783,0.026819,0.024220,-0.010199
2025-12-16 18:26:18.736,0.137701,0.281085,0.041413,-2.213976,1.279314,2.157777,1.568662,0.008670,-0.035466,0.009138,-0.050458,0.028275,0.023298,-0.010382
2025-12-16 18:26:18.737,0.137716,0.281047,0.041431,-2.214028,1.279349,2.157797,1.568656,0.013417,-0.036137,0.011482,-0.050740,0.032044,0.027162,-0.011444
2025-12-16 18:26:18.738,0.137730,0.281007,0.041447,-2.214078,1.279379,2.157822,1.568644,0.013729,-0.037249,0.012525,-0.053431,0.033757,0.021066,-0.014100
2025-12-16 18:26:18.739,0.137743,0.280972,0.041453,-2.214129,1.279408,2.157844,1.568629,0.013365,-0.039187,0.010264,-0.052505,0.034770,0.024716,-0.012399
2025-12-16 18:26:18.741,0.137757,0.280938,0.041466,-2.214178,1.279436,2.157865,1.568624,0.013680,-0.040621,0.013868,-0.051053,0.030381,0.023198,-0.008794
2025-12-16 18:26:18.742,0.137769,0.280896,0.041481,-2.214230,1.279466,2.157885,1.568616,0.015370,-0.041302,0.013812,-0.050754,0.027819,0.025711,-0.009918
2025-12-16 18:26:18.743,0.137784,0.280857,0.041490,-2.214283,1.279498,2.157903,1.568608,0.015234,-0.042985,0.011981,-0.051126,0.025629,0.023299,-0.011457
2025-12-16 18:26:18.744,0.137812,0.280784,0.041514,-2.214390,1.279553,2.157948,1.568579,0.014342,-0.041435,0.009664,-0.047812,0.023055,0.025567,-0.017408
2025-12-16 18:26:18.745,0.137825,0.280742,0.041533,-2.214442,1.279580,2.157972,1.568577,0.013836,-0.041933,0.014027,-0.047460,0.021241,0.028926,-0.015176
2025-12-16 18:26:18.746,0.137836,0.280706,0.041542,-2.214494,1.279608,2.157993,1.568566,0.013108,-0.042343,0.012110,-0.050989,0.020677,0.026738,-0.016490
2025-12-16 18:26:18.748,0.137852,0.280665,0.041554,-2.214549,1.279640,2.158015,1.568559,0.016650,-0.044412,0.008571,-0.052101,0.020329,0.024286,-0.011692
2025-12-16 18:26:18.749,0.137862,0.280629,0.041568,-2.214602,1.279668,2.158035,1.568542,0.014474,-0.044914,0.007061,-0.051906,0.019272,0.021707,-0.015663
2025-12-16 18:26:18.750,0.137880,0.280592,0.041579,-2.214652,1.279699,2.158061,1.568534,0.015733,-0.045260,0.007616,-0.053977,0.024695,0.021768,-0.015837
2025-12-16 18:26:18.751,0.137893,0.280547,0.041598,-2.214705,1.279723,2.158081,1.568530,0.011711,-0.044115,0.013084,-0.056027,0.022496,0.020658,-0.011113
2025-12-16 18:26:18.752,0.137924,0.280471,0.041623,-2.214813,1.279780,2.158128,1.568508,0.014996,-0.039832,0.014937,-0.051003,0.025985,0.024448,-0.014962
2025-12-16 18:26:18.753,0.137937,0.280422,0.041632,-2.214868,1.279809,2.158150,1.568493,0.013643,-0.041283,0.012820,-0.051427,0.024186,0.022944,-0.012989
2025-12-16 18:26:18.754,0.137949,0.280384,0.041645,-2.214915,1.279839,2.158173,1.568486,0.013020,-0.042984,0.012577,-0.051578,0.027882,0.021465,-0.013178
2025-12-16 18:26:18.755,0.137964,0.280340,0.041661,-2.214971,1.279866,2.158198,1.568481,0.012930,-0.041735,0.013466,-0.055148,0.025218,0.025782,-0.013114
2025-12-16 18:26:18.756,0.137978,0.280300,0.041674,-2.215028,1.279892,2.158220,1.568469,0.015314,-0.040756,0.012978,-0.057134,0.023636,0.028140,-0.010651
2025-12-16 18:26:18.758,0.137993,0.280256,0.041689,-2.215079,1.279919,2.158243,1.568457,0.015257,-0.041117,0.013121,-0.054316,0.022084,0.025846,-0.009795
2025-12-16 18:26:18.759,0.138012,0.280214,0.041700,-2.215136,1.279946,2.158263,1.568447,0.019095,-0.042379,0.011989,-0.056433,0.021085,0.028425,-0.011533
2025-12-16 18:26:18.760,0.138024,0.280174,0.041711,-2.215195,1.279978,2.158287,1.568440,0.016700,-0.043794,0.011209,-0.058937,0.026249,0.026395,-0.007498
2025-12-16 18:26:18.761,0.138041,0.280130,0.041729,-2.215248,1.280005,2.158313,1.568435,0.016260,-0.045460,0.013017,-0.056295,0.024093,0.025191,-0.003838
2025-12-16 18:26:18.762,0.138073,0.280044,0.041749,-2.215370,1.280058,2.158362,1.568414,0.017907,-0.044431,0.013142,-0.057633,0.024745,0.022273,-0.012167
2025-12-16 18:26:18.763,0.138087,0.279998,0.041769,-2.215427,1.280086,2.158386,1.568403,0.015849,-0.043512,0.013956,-0.058648,0.028241,0.020290,-0.014125
2025-12-16 18:26:18.764,0.138101,0.279957,0.041780,-2.215481,1.280112,2.158410,1.568399,0.014483,-0.044557,0.015562,-0.058679,0.030577,0.024357,-0.013525
2025-12-16 18:26:18.766,0.138119,0.279915,0.041795,-2.215537,1.280140,2.158432,1.568391,0.014622,-0.045400,0.015228,-0.059465,0.027972,0.023339,-0.009874
2025-12-16 18:26:18.767,0.138138,0.279872,0.041811,-2.215593,1.280162,2.158458,1.568380,0.015300,-0.046169,0.014271,-0.059710,0.024776,0.026690,-0.012629
2025-12-16 18:26:18.768,0.138149,0.279824,0.041822,-2.215654,1.280187,2.158483,1.568364,0.015883,-0.048450,0.015778,-0.058284,0.023344,0.029427,-0.016372
2025-12-16 18:26:18.769,0.138167,0.279777,0.041839,-2.215716,1.280218,2.158510,1.568361,0.015650,-0.049555,0.012524,-0.060513,0.027312,0.027832,-0.014627
2025-12-16 18:26:18.770,0.138199,0.279681,0.041865,-2.215828,1.280273,2.158559,1.568345,0.014313,-0.048520,0.010845,-0.055050,0.027328,0.023849,-0.012163
2025-12-16 18:26:18.771,0.138215,0.279638,0.041880,-2.215885,1.280301,2.158583,1.568334,0.016450,-0.044631,0.011083,-0.055147,0.029842,0.027468,-0.009873
2025-12-16 18:26:18.772,0.138232,0.279587,0.041896,-2.215947,1.280330,2.158605,1.568322,0.018702,-0.047210,0.014135,-0.060525,0.031880,0.029229,-0.012843
2025-12-16 18:26:18.773,0.138248,0.279539,0.041911,-2.216008,1.280355,2.158626,1.568322,0.020277,-0.048555,0.013983,-0.061180,0.028555,0.030166,-0.007364
2025-12-16 18:26:18.774,0.138262,0.279494,0.041927,-2.216069,1.280382,2.158652,1.568312,0.017920,-0.048879,0.016259,-0.061050,0.025765,0.023453,-0.006011
2025-12-16 18:26:18.775,0.138280,0.279442,0.041937,-2.216128,1.280411,2.158677,1.568301,0.017205,-0.051342,0.013943,-0.060844,0.029206,0.027363,-0.009958
2025-12-16 18:26:18.777,0.138313,0.279344,0.041970,-2.216256,1.280466,2.158724,1.568281,0.017915,-0.048343,0.013100,-0.063167,0.029613,0.023452,-0.013524
2025-12-16 18:26:18.778,0.138329,0.279302,0.041984,-2.216315,1.280495,2.158748,1.568278,0.016575,-0.046795,0.015041,-0.062467,0.027196,0.022272,-0.009064
2025-12-16 18:26:18.779,0.138345,0.279254,0.042003,-2.216379,1.280521,2.158774,1.568275,0.015589,-0.048358,0.018210,-0.059827,0.024517,0.025526,-0.006146
2025-12-16 18:26:18.780,0.138360,0.279202,0.042012,-2.216434,1.280551,2.158800,1.568261,0.014277,-0.050513,0.014825,-0.058201,0.023411,0.024256,-0.006566
2025-12-16 18:26:18.781,0.138376,0.279152,0.042029,-2.216502,1.280581,2.158827,1.568253,0.016998,-0.050863,0.013996,-0.058121,0.021576,0.027209,-0.010244
2025-12-16 18:26:18.783,0.138394,0.279110,0.042045,-2.216562,1.280609,2.158853,1.568240,0.015928,-0.045638,0.014001,-0.061523,0.020250,0.025511,-0.012620
2025-12-16 18:26:18.784,0.138405,0.279056,0.042061,-2.216623,1.280637,2.158881,1.568240,0.013356,-0.048512,0.012818,-0.061304,0.024368,0.028822,-0.006108
2025-12-16 18:26:18.785,0.138437,0.278962,0.042089,-2.216750,1.280697,2.158936,1.568215,0.012233,-0.043074,0.011102,-0.061860,0.027705,0.029701,-0.006618
2025-12-16 18:26:18.786,0.138460,0.278913,0.042106,-2.216813,1.280729,2.158963,1.568208,0.017319,-0.045449,0.013999,-0.061533,0.031010,0.027247,-0.005152
2025-12-16 18:26:18.787,0.138475,0.278863,0.042122,-2.216882,1.280755,2.158988,1.568205,0.015525,-0.046634,0.014017,-0.066800,0.031481,0.029010,-0.001938
2025-12-16 18:26:18.788,0.138488,0.278807,0.042136,-2.216945,1.280784,2.159014,1.568197,0.013604,-0.052304,0.015172,-0.066247,0.028326,0.030638,-0.001145
2025-12-16 18:26:18.789,0.138510,0.278758,0.042152,-2.217006,1.280816,2.159039,1.568185,0.014668,-0.048486,0.014896,-0.065120,0.030639,0.032058,-0.006346
2025-12-16 18:26:18.790,0.138527,0.278708,0.042167,-2.217069,1.280846,2.159068,1.568174,0.010975,-0.049372,0.014077,-0.064206,0.032492,0.034254,-0.009773
2025-12-16 18:26:18.791,0.138539,0.278658,0.042187,-2.217129,1.280879,2.159092,1.568164,0.013226,-0.049442,0.014638,-0.062597,0.029366,0.029949,-0.012350
2025-12-16 18:26:18.793,0.138559,0.278609,0.042201,-2.217195,1.280908,2.159122,1.568164,0.014282,-0.049614,0.015998,-0.066387,0.031050,0.027890,-0.007037
2025-12-16 18:26:18.794,0.138577,0.278557,0.042215,-2.217257,1.280941,2.159147,1.568155,0.014360,-0.050838,0.017187,-0.065070,0.033137,0.025577,-0.010287
2025-12-16 18:26:18.795,0.138595,0.278512,0.042233,-2.217323,1.280972,2.159173,1.568144,0.016954,-0.048783,0.016265,-0.068330,0.028942,0.027813,-0.013309
2025-12-16 18:26:18.796,0.138628,0.278406,0.042265,-2.217451,1.281033,2.159222,1.568125,0.017505,-0.053669,0.019373,-0.067412,0.032364,0.031101,-0.015092
2025-12-16 18:26:18.797,0.138644,0.278358,0.042282,-2.217517,1.281066,2.159256,1.568121,0.016244,-0.052741,0.018026,-0.066211,0.033710,0.034398,-0.015313
2025-12-16 18:26:18.798,0.138658,0.278309,0.042300,-2.217579,1.281097,2.159280,1.568111,0.014749,-0.051552,0.016883,-0.067993,0.035007,0.030069,-0.011959
2025-12-16 18:26:18.799,0.138679,0.278258,0.042316,-2.217648,1.281132,2.159309,1.568096,0.015992,-0.051207,0.018110,-0.067295,0.036366,0.027780,-0.010803
2025-12-16 18:26:18.800,0.138697,0.278211,0.042330,-2.217710,1.281166,2.159338,1.568087,0.015611,-0.050428,0.016398,-0.068408,0.036954,0.025483,-0.012647
2025-12-16 18:26:18.801,0.138717,0.278153,0.042349,-2.217775,1.281193,2.159363,1.568087,0.018419,-0.052626,0.015689,-0.067038,0.036033,0.027311,-0.007232
2025-12-16 18:26:18.803,0.138728,0.278108,0.042363,-2.217848,1.281228,2.159387,1.568079,0.018187,-0.050727,0.017438,-0.068101,0.037259,0.024910,-0.005549
2025-12-16 18:26:18.804,0.138746,0.278056,0.042381,-2.217905,1.281260,2.159415,1.568068,0.020651,-0.051270,0.018780,-0.064836,0.037087,0.028156,-0.004618
2025-12-16 18:26:18.805,0.138766,0.278002,0.042399,-2.217976,1.281292,2.159445,1.568054,0.019691,-0.052109,0.017397,-0.069702,0.032136,0.031071,-0.009973
2025-12-16 18:26:18.806,0.138776,0.277955,0.042412,-2.218038,1.281326,2.159472,1.568050,0.016042,-0.050986,0.017625,-0.066346,0.034358,0.028752,-0.009818
2025-12-16 18:26:18.807,0.138816,0.277848,0.042447,-2.218163,1.281383,2.159527,1.568031,0.016366,-0.050070,0.016029,-0.064324,0.030106,0.028720,-0.009416
2025-12-16 18:26:18.808,0.138839,0.277794,0.042465,-2.218231,1.281416,2.159555,1.568017,0.020210,-0.051151,0.015483,-0.064881,0.032152,0.025852,-0.009591
2025-12-16 18:26:18.809,0.138850,0.277744,0.042481,-2.218291,1.281449,2.159579,1.568013,0.016297,-0.051238,0.016595,-0.062545,0.033172,0.023723,-0.010007
2025-12-16 18:26:18.810,0.138868,0.277698,0.042502,-2.218353,1.281484,2.159607,1.568004,0.018377,-0.050284,0.019390,-0.061816,0.034962,0.027214,-0.012153
2025-12-16 18:26:18.811,0.138886,0.277646,0.042516,-2.218422,1.281516,2.159634,1.567999,0.019500,-0.050712,0.022515,-0.066424,0.031576,0.025858,-0.012364
2025-12-16 18:26:18.813,0.138906,0.277597,0.042536,-2.218484,1.281550,2.159663,1.567980,0.018376,-0.049961,0.020195,-0.063352,0.033276,0.024408,-0.011573
2025-12-16 18:26:18.814,0.138925,0.277544,0.042557,-2.218554,1.281580,2.159688,1.567970,0.017552,-0.051155,0.018519,-0.067823,0.029586,0.022943,-0.009332
2025-12-16 18:26:18.815,0.138944,0.277497,0.042570,-2.218622,1.281611,2.159713,1.567963,0.016220,-0.049640,0.015565,-0.067716,0.031202,0.025726,-0.006128
2025-12-16 18:26:18.816,0.138963,0.277445,0.042589,-2.218686,1.281645,2.159739,1.567959,0.015268,-0.050987,0.017442,-0.066307,0.033126,0.022838,-0.002778
2025-12-16 18:26:18.817,0.138976,0.277396,0.042605,-2.218750,1.281678,2.159765,1.567947,0.013343,-0.049642,0.018860,-0.068402,0.029279,0.022297,-0.002219
2025-12-16 18:26:18.818,0.139017,0.277294,0.042646,-2.218874,1.281738,2.159820,1.567918,0.017023,-0.050602,0.021464,-0.064597,0.031796,0.024872,-0.008322
2025-12-16 18:26:18.819,0.139034,0.277245,0.042663,-2.218941,1.281771,2.159847,1.567915,0.018376,-0.049832,0.021232,-0.064723,0.028989,0.022958,-0.008273
2025-12-16 18:26:18.820,0.139050,0.277196,0.042683,-2.219003,1.281801,2.159878,1.567911,0.018982,-0.050000,0.018787,-0.066646,0.031311,0.027926,-0.005568
2025-12-16 18:26:18.821,0.139067,0.277148,0.042700,-2.219069,1.281834,2.159907,1.567894,0.020636,-0.049428,0.019850,-0.066559,0.033029,0.025548,-0.006142
2025-12-16 18:26:18.822,0.139091,0.277090,0.042720,-2.219136,1.281867,2.159931,1.567879,0.020429,-0.052055,0.017754,-0.063490,0.029449,0.023385,-0.005968
2025-12-16 18:26:18.823,0.139108,0.277035,0.042742,-2.219196,1.281896,2.159958,1.567878,0.017657,-0.052582,0.019627,-0.060981,0.030967,0.026538,-0.002518
2025-12-16 18:26:18.824,0.139127,0.276988,0.042755,-2.219258,1.281928,2.159986,1.567875,0.019512,-0.051168,0.016428,-0.061222,0.027961,0.029533,-0.000134
2025-12-16 18:26:18.825,0.139144,0.276945,0.042774,-2.219325,1.281962,2.160015,1.567859,0.017199,-0.048812,0.017293,-0.064034,0.030461,0.031543,-0.002449
2025-12-16 18:26:18.826,0.139164,0.276892,0.042792,-2.219390,1.281996,2.160045,1.567851,0.016092,-0.051036,0.018250,-0.064429,0.032587,0.033425,-0.006082
2025-12-16 18:26:18.828,0.139202,0.276792,0.042831,-2.219522,1.282069,2.160103,1.567834,0.020074,-0.050087,0.020490,-0.068035,0.027463,0.030815,-0.010726
2025-12-16 18:26:18.829,0.139214,0.276743,0.042853,-2.219587,1.282103,2.160132,1.567823,0.019027,-0.050098,0.022376,-0.066009,0.029556,0.027753,-0.013041
2025-12-16 18:26:18.830,0.139233,0.276693,0.042867,-2.219650,1.282137,2.160164,1.567814,0.020921,-0.050202,0.023309,-0.064769,0.031440,0.030141,-0.009457
2025-12-16 18:26:18.831,0.139252,0.276640,0.042885,-2.219716,1.282175,2.160190,1.567797,0.018962,-0.050786,0.019914,-0.067185,0.033288,0.030910,-0.009640
2025-12-16 18:26:18.833,0.139270,0.276589,0.042908,-2.219779,1.282212,2.160221,1.567795,0.020024,-0.050584,0.018480,-0.065553,0.033996,0.028257,-0.004537
2025-12-16 18:26:18.834,0.139284,0.276542,0.042926,-2.219843,1.282244,2.160250,1.567784,0.019643,-0.049980,0.019069,-0.065092,0.033928,0.025800,-0.003117
2025-12-16 18:26:18.835,0.139326,0.276444,0.042959,-2.219976,1.282318,2.160308,1.567758,0.022808,-0.051782,0.019272,-0.065615,0.030772,0.026260,-0.008490
2025-12-16 18:26:18.837,0.139345,0.276390,0.042983,-2.220044,1.282354,2.160342,1.567746,0.023448,-0.049534,0.021558,-0.065921,0.032879,0.025148,-0.006619
2025-12-16 18:26:18.838,0.139380,0.276291,0.043020,-2.220174,1.282431,2.160400,1.567736,0.018072,-0.048924,0.022113,-0.064328,0.040361,0.030327,-0.001157
2025-12-16 18:26:18.841,0.139418,0.276191,0.043053,-2.220306,1.282506,2.160462,1.567708,0.015741,-0.048872,0.019397,-0.061718,0.039746,0.030321,-0.003272
2025-12-16 18:26:18.842,0.139460,0.276088,0.043094,-2.220435,1.282580,2.160522,1.567689,0.015089,-0.050488,0.019991,-0.062043,0.042976,0.032924,-0.004772
2025-12-16 18:26:18.843,0.139477,0.276039,0.043112,-2.220503,1.282617,2.160555,1.567684,0.013853,-0.053145,0.017651,-0.062631,0.046120,0.029412,-0.001753
2025-12-16 18:26:18.845,0.139500,0.275992,0.043131,-2.220568,1.282656,2.160582,1.567665,0.015302,-0.048126,0.016042,-0.066096,0.044330,0.030753,-0.004327
2025-12-16 18:26:18.846,0.139537,0.275894,0.043169,-2.220698,1.282732,2.160646,1.567647,0.017466,-0.047943,0.019012,-0.064926,0.036652,0.030496,-0.010237
2025-12-16 18:26:18.847,0.139556,0.275845,0.043186,-2.220762,1.282772,2.160678,1.567646,0.019258,-0.048611,0.019989,-0.064366,0.042019,0.032289,-0.009324
2025-12-16 18:26:18.848,0.139574,0.275794,0.043208,-2.220828,1.282806,2.160714,1.567632,0.020042,-0.049141,0.021660,-0.066819,0.040457,0.029853,-0.008653
2025-12-16 18:26:18.850,0.139615,0.275699,0.043248,-2.220961,1.282882,2.160776,1.567605,0.018376,-0.048626,0.022128,-0.065473,0.039442,0.033137,-0.014112
2025-12-16 18:26:18.852,0.139630,0.275650,0.043265,-2.221031,1.282918,2.160806,1.567605,0.015593,-0.048628,0.022235,-0.065771,0.033754,0.033129,-0.012607
2025-12-16 18:26:18.853,0.139656,0.275602,0.043282,-2.221098,1.282954,2.160834,1.567592,0.016597,-0.048048,0.021784,-0.062286,0.035245,0.028870,-0.009991
2025-12-16 18:26:18.855,0.139692,0.275502,0.043320,-2.221224,1.283029,2.160901,1.567560,0.019203,-0.049737,0.016806,-0.063877,0.037015,0.033146,-0.008476
2025-12-16 18:26:18.856,0.139736,0.275403,0.043359,-2.221352,1.283096,2.160967,1.567550,0.020877,-0.045091,0.018586,-0.062870,0.037029,0.027481,-0.006515
2025-12-16 18:26:18.857,0.139756,0.275351,0.043384,-2.221417,1.283131,2.160998,1.567537,0.018690,-0.044333,0.020893,-0.062613,0.032110,0.030579,-0.010456
2025-12-16 18:26:18.858,0.139779,0.275312,0.043404,-2.221481,1.283167,2.161025,1.567524,0.017621,-0.042839,0.021377,-0.062898,0.029110,0.031463,-0.013638
2025-12-16 18:26:18.861,0.139841,0.275163,0.043464,-2.221672,1.283264,2.161115,1.567500,0.021963,-0.046519,0.022386,-0.061628,0.027640,0.034871,-0.012468
2025-12-16 18:26:18.862,0.139861,0.275114,0.043482,-2.221739,1.283299,2.161144,1.567488,0.022479,-0.047620,0.021308,-0.065895,0.030656,0.035776,-0.014879
2025-12-16 18:26:18.863,0.139881,0.275064,0.043509,-2.221805,1.283332,2.161176,1.567468,0.023121,-0.048338,0.023574,-0.065108,0.027688,0.032572,-0.018481
2025-12-16 18:26:18.865,0.139902,0.275015,0.043524,-2.221870,1.283368,2.161204,1.567464,0.023630,-0.048895,0.021550,-0.064556,0.026121,0.028549,-0.016132
2025-12-16 18:26:18.867,0.139949,0.274918,0.043566,-2.222000,1.283435,2.161268,1.567448,0.019885,-0.049505,0.020118,-0.063749,0.031186,0.027519,-0.011850
2025-12-16 18:26:18.868,0.139987,0.274823,0.043608,-2.222126,1.283501,2.161325,1.567425,0.017738,-0.052376,0.018875,-0.065083,0.033512,0.031958,-0.016412
2025-12-16 18:26:18.869,0.140010,0.274776,0.043628,-2.222195,1.283535,2.161353,1.567419,0.020326,-0.051288,0.019383,-0.063005,0.029863,0.033223,-0.015082
2025-12-16 18:26:18.870,0.140027,0.274720,0.043645,-2.222251,1.283573,2.161381,1.567410,0.017975,-0.052961,0.019259,-0.059765,0.032578,0.033957,-0.011031
2025-12-16 18:26:18.872,0.140051,0.274668,0.043670,-2.222317,1.283607,2.161411,1.567399,0.017304,-0.053414,0.021406,-0.060645,0.028814,0.030568,-0.013420
2025-12-16 18:26:18.873,0.140090,0.274567,0.043712,-2.222447,1.283674,2.161475,1.567377,0.016201,-0.052109,0.016948,-0.065581,0.032618,0.030582,-0.012037
2025-12-16 18:26:18.874,0.140112,0.274517,0.043731,-2.222508,1.283707,2.161504,1.567369,0.015511,-0.051584,0.017347,-0.062810,0.033851,0.027574,-0.013404
2025-12-16 18:26:18.875,0.140134,0.274470,0.043751,-2.222575,1.283741,2.161537,1.567358,0.018568,-0.051224,0.021746,-0.065967,0.034776,0.030272,-0.009358
2025-12-16 18:26:18.877,0.140152,0.274421,0.043775,-2.222643,1.283772,2.161566,1.567343,0.018936,-0.050942,0.023254,-0.068868,0.030073,0.031993,-0.009658
2025-12-16 18:26:18.878,0.140198,0.274322,0.043814,-2.222776,1.283846,2.161629,1.567328,0.018807,-0.049406,0.020007,-0.067863,0.033926,0.034674,-0.004500
2025-12-16 18:26:18.879,0.140219,0.274270,0.043836,-2.222837,1.283883,2.161661,1.567324,0.017252,-0.050319,0.017835,-0.065161,0.034764,0.035340,-0.001573
2025-12-16 18:26:18.880,0.140238,0.274220,0.043861,-2.222901,1.283920,2.161691,1.567309,0.018583,-0.049763,0.020853,-0.067478,0.036104,0.035878,-0.003123
2025-12-16 18:26:18.881,0.140264,0.274167,0.043879,-2.222965,1.283957,2.161724,1.567296,0.021454,-0.050474,0.020718,-0.069570,0.036361,0.036768,-0.003375
2025-12-16 18:26:18.883,0.140304,0.274064,0.043922,-2.223090,1.284029,2.161783,1.567283,0.019651,-0.050536,0.022248,-0.062210,0.036616,0.035647,-0.004613
2025-12-16 18:26:18.884,0.140328,0.274016,0.043943,-2.223155,1.284063,2.161815,1.567274,0.022044,-0.049257,0.022841,-0.059610,0.036758,0.035806,-0.003555
2025-12-16 18:26:18.886,0.140349,0.273967,0.043966,-2.223221,1.284097,2.161848,1.567260,0.023363,-0.048913,0.023910,-0.064015,0.032602,0.031626,-0.009947
2025-12-16 18:26:18.887,0.140372,0.273908,0.043983,-2.223288,1.284131,2.161881,1.567251,0.021116,-0.051031,0.020100,-0.063661,0.032842,0.028435,-0.007291
2025-12-16 18:26:18.889,0.140413,0.273801,0.044026,-2.223423,1.284205,2.161947,1.567247,0.019531,-0.054341,0.019602,-0.064479,0.035229,0.023885,-0.001036
2025-12-16 18:26:18.890,0.140458,0.273700,0.044068,-2.223562,1.284276,2.162018,1.567218,0.023231,-0.052894,0.021437,-0.067399,0.035780,0.030450,-0.007027
2025-12-16 18:26:18.891,0.140481,0.273649,0.044094,-2.223621,1.284311,2.162050,1.567210,0.024123,-0.055135,0.024061,-0.067972,0.036715,0.031815,-0.003675
2025-12-16 18:26:18.892,0.140503,0.273602,0.044110,-2.223683,1.284347,2.162083,1.567206,0.024752,-0.053034,0.022232,-0.065330,0.031864,0.032906,-0.001701
2025-12-16 18:26:18.894,0.140524,0.273551,0.044133,-2.223753,1.284383,2.162118,1.567195,0.025346,-0.052359,0.022903,-0.066556,0.033750,0.029041,-0.002099
2025-12-16 18:26:18.895,0.140547,0.273499,0.044157,-2.223817,1.284415,2.162152,1.567186,0.022520,-0.052357,0.023947,-0.065191,0.034076,0.026111,-0.001249
2025-12-16 18:26:18.896,0.140592,0.273391,0.044197,-2.223951,1.284485,2.162221,1.567168,0.020944,-0.049356,0.023119,-0.064474,0.035429,0.029501,-0.004228
2025-12-16 18:26:18.897,0.140616,0.273335,0.044219,-2.224013,1.284519,2.162253,1.567165,0.019945,-0.051274,0.020702,-0.063529,0.035952,0.031030,-0.001391
2025-12-16 18:26:18.898,0.140637,0.273291,0.044239,-2.224082,1.284555,2.162283,1.567155,0.021610,-0.048498,0.021194,-0.066225,0.037095,0.027922,-0.001544
2025-12-16 18:26:18.900,0.140656,0.273233,0.044263,-2.224147,1.284589,2.162315,1.567137,0.021726,-0.051231,0.022697,-0.064188,0.036319,0.030201,-0.008851
2025-12-16 18:26:18.901,0.140680,0.273185,0.044285,-2.224217,1.284625,2.162347,1.567132,0.019915,-0.049615,0.023301,-0.067842,0.037369,0.036038,-0.009754
2025-12-16 18:26:18.902,0.140727,0.273077,0.044324,-2.224351,1.284694,2.162407,1.567121,0.023912,-0.051144,0.022115,-0.064755,0.037576,0.031975,-0.004620
2025-12-16 18:26:18.903,0.140741,0.273024,0.044344,-2.224420,1.284727,2.162436,1.567105,0.024826,-0.054563,0.022351,-0.065617,0.037676,0.028924,-0.005705
2025-12-16 18:26:18.904,0.140770,0.272968,0.044365,-2.224483,1.284764,2.162468,1.567095,0.024141,-0.053883,0.023164,-0.064240,0.032936,0.026374,-0.004517
2025-12-16 18:26:18.905,0.140787,0.272913,0.044385,-2.224551,1.284798,2.162500,1.567088,0.023111,-0.053993,0.019527,-0.064420,0.029036,0.029924,-0.006838
2025-12-16 18:26:18.907,0.140810,0.272858,0.044407,-2.224612,1.284832,2.162528,1.567085,0.021033,-0.054119,0.018191,-0.062226,0.031321,0.031379,-0.008853
2025-12-16 18:26:18.908,0.140850,0.272754,0.044446,-2.224746,1.284895,2.162586,1.567060,0.021993,-0.053099,0.019397,-0.065309,0.032824,0.024722,-0.007660
2025-12-16 18:26:18.910,0.140872,0.272704,0.044468,-2.224808,1.284931,2.162617,1.567056,0.023349,-0.054683,0.020988,-0.062934,0.034782,0.028592,-0.008457
2025-12-16 18:26:18.911,0.140912,0.272595,0.044507,-2.224947,1.285000,2.162678,1.567043,0.021427,-0.054034,0.019224,-0.063761,0.036615,0.033511,-0.007475
2025-12-16 18:26:18.913,0.140933,0.272544,0.044526,-2.225011,1.285032,2.162711,1.567028,0.019197,-0.051715,0.019480,-0.061754,0.036552,0.030079,-0.007865
2025-12-16 18:26:18.914,0.140974,0.272442,0.044565,-2.225149,1.285100,2.162770,1.567013,0.022370,-0.052252,0.018191,-0.065967,0.037319,0.033419,-0.003404
2025-12-16 18:26:18.915,0.140994,0.272388,0.044584,-2.225217,1.285133,2.162799,1.567009,0.022420,-0.052399,0.019189,-0.065696,0.032403,0.034380,-0.001857
2025-12-16 18:26:18.916,0.141007,0.272341,0.044603,-2.225284,1.285170,2.162824,1.566994,0.021360,-0.050675,0.020136,-0.068168,0.029016,0.034004,-0.002548
2025-12-16 18:26:18.917,0.141033,0.272284,0.044623,-2.225348,1.285205,2.162854,1.566984,0.024171,-0.052350,0.020291,-0.066195,0.031618,0.035263,-0.007394
2025-12-16 18:26:18.919,0.141049,0.272231,0.044646,-2.225419,1.285238,2.162883,1.566979,0.023166,-0.054923,0.022223,-0.065836,0.032758,0.035642,-0.009011
2025-12-16 18:26:18.920,0.141070,0.272175,0.044661,-2.225483,1.285272,2.162911,1.566975,0.024269,-0.058086,0.020590,-0.067776,0.033984,0.035967,-0.009805
2025-12-16 18:26:18.921,0.141103,0.272069,0.044702,-2.225614,1.285339,2.162971,1.566948,0.017653,-0.055444,0.019246,-0.064092,0.035408,0.037797,-0.017308
2025-12-16 18:26:18.922,0.141125,0.272017,0.044725,-2.225683,1.285372,2.163000,1.566940,0.019647,-0.052006,0.017940,-0.067524,0.035787,0.037629,-0.012785
2025-12-16 18:26:18.923,0.141141,0.271965,0.044743,-2.225751,1.285406,2.163025,1.566937,0.019877,-0.055109,0.018622,-0.068921,0.036687,0.036104,-0.007288
2025-12-16 18:26:18.924,0.141159,0.271917,0.044764,-2.225820,1.285439,2.163053,1.566931,0.017640,-0.052638,0.020337,-0.067789,0.036734,0.031854,-0.009160
2025-12-16 18:26:18.925,0.141178,0.271862,0.044782,-2.225891,1.285473,2.163084,1.566909,0.019587,-0.052635,0.019752,-0.070159,0.037171,0.033963,-0.009905
2025-12-16 18:26:18.926,0.141195,0.271813,0.044802,-2.225965,1.285506,2.163111,1.566898,0.020366,-0.051999,0.020673,-0.069471,0.032253,0.029435,-0.007664
2025-12-16 18:26:18.927,0.141215,0.271764,0.044822,-2.226026,1.285543,2.163142,1.566899,0.018522,-0.050857,0.017887,-0.065917,0.034914,0.027531,-0.007771
2025-12-16 18:26:18.929,0.141232,0.271711,0.044839,-2.226093,1.285576,2.163174,1.566887,0.016472,-0.051031,0.017943,-0.065069,0.035197,0.031069,-0.010642
2025-12-16 18:26:18.930,0.141255,0.271660,0.044862,-2.226163,1.285610,2.163199,1.566872,0.019378,-0.050863,0.019917,-0.069020,0.036116,0.031512,-0.014192
2025-12-16 18:26:18.931,0.141287,0.271560,0.044898,-2.226296,1.285679,2.163254,1.566851,0.017356,-0.051001,0.017092,-0.064847,0.032455,0.029691,-0.011746
2025-12-16 18:26:18.932,0.141306,0.271504,0.044920,-2.226357,1.285715,2.163285,1.566849,0.019489,-0.052589,0.019255,-0.065288,0.033607,0.026929,-0.010943
2025-12-16 18:26:18.933,0.141323,0.271453,0.044938,-2.226430,1.285750,2.163315,1.566836,0.019309,-0.051879,0.016703,-0.066537,0.033689,0.024838,-0.009464
2025-12-16 18:26:18.934,0.141348,0.271400,0.044954,-2.226494,1.285788,2.163344,1.566819,0.022630,-0.051997,0.016586,-0.067167,0.035803,0.023319,-0.013219
2025-12-16 18:26:18.935,0.141365,0.271353,0.044974,-2.226567,1.285824,2.163374,1.566808,0.019572,-0.050216,0.018389,-0.070488,0.037025,0.022508,-0.014863
2025-12-16 18:26:18.937,0.141383,0.271300,0.044988,-2.226637,1.285863,2.163403,1.566804,0.016762,-0.051359,0.017893,-0.071527,0.037911,0.021537,-0.013518
2025-12-16 18:26:18.938,0.141403,0.271248,0.045011,-2.226707,1.285898,2.163428,1.566792,0.018967,-0.051652,0.020618,-0.069346,0.033465,0.020809,-0.009880
2025-12-16 18:26:18.939,0.141436,0.271152,0.045051,-2.226841,1.285973,2.163486,1.566764,0.020532,-0.051487,0.017260,-0.066662,0.034309,0.020089,-0.008366
2025-12-16 18:26:18.940,0.141460,0.271102,0.045068,-2.226912,1.286009,2.163514,1.566760,0.019876,-0.047880,0.018126,-0.067443,0.034802,0.019716,-0.008987
2025-12-16 18:26:18.941,0.141482,0.271052,0.045091,-2.226976,1.286046,2.163544,1.566753,0.018608,-0.049001,0.017595,-0.067899,0.035165,0.019832,-0.005690
2025-12-16 18:26:18.942,0.141499,0.271006,0.045107,-2.227044,1.286085,2.163571,1.566740,0.020006,-0.048724,0.017787,-0.071001,0.036164,0.018805,-0.009391
2025-12-16 18:26:18.944,0.141520,0.270957,0.045127,-2.227109,1.286125,2.163598,1.566717,0.021777,-0.045378,0.016814,-0.067986,0.036896,0.018399,-0.010006
2025-12-16 18:26:18.945,0.141560,0.270855,0.045161,-2.227244,1.286199,2.163656,1.566706,0.020126,-0.048600,0.018940,-0.065952,0.037650,0.023438,-0.006038
2025-12-16 18:26:18.946,0.141578,0.270806,0.045182,-2.227312,1.286235,2.163685,1.566693,0.020768,-0.048977,0.020354,-0.068014,0.032208,0.022264,-0.009348
2025-12-16 18:26:18.947,0.141600,0.270763,0.045203,-2.227378,1.286270,2.163715,1.566676,0.019851,-0.047528,0.018673,-0.069383,0.033564,0.021782,-0.008187
2025-12-16 18:26:18.948,0.141616,0.270715,0.045220,-2.227446,1.286306,2.163746,1.566659,0.019929,-0.047703,0.019702,-0.067923,0.034356,0.025632,-0.007908
2025-12-16 18:26:18.950,0.141641,0.270666,0.045238,-2.227516,1.286343,2.163774,1.566650,0.019889,-0.048512,0.017616,-0.070416,0.034991,0.027878,-0.008940
2025-12-16 18:26:18.951,0.141678,0.270569,0.045275,-2.227651,1.286416,2.163833,1.566631,0.020150,-0.049241,0.020143,-0.071319,0.036098,0.032229,-0.009749
2025-12-16 18:26:18.952,0.141697,0.270515,0.045292,-2.227716,1.286454,2.163864,1.566612,0.021363,-0.048221,0.017951,-0.069127,0.037650,0.034286,-0.009111
2025-12-16 18:26:18.953,0.141712,0.270469,0.045310,-2.227784,1.286490,2.163891,1.566606,0.021012,-0.047902,0.016871,-0.071912,0.037354,0.034483,-0.005227
2025-12-16 18:26:18.955,0.141729,0.270427,0.045328,-2.227844,1.286528,2.163923,1.566595,0.022070,-0.044243,0.018335,-0.067855,0.037491,0.030582,-0.003230
2025-12-16 18:26:18.956,0.141750,0.270381,0.045345,-2.227912,1.286563,2.163951,1.566584,0.020377,-0.045815,0.016020,-0.067771,0.032923,0.031967,-0.001412
2025-12-16 18:26:18.957,0.141788,0.270285,0.045382,-2.228041,1.286638,2.164007,1.566552,0.019715,-0.043743,0.014685,-0.065398,0.039443,0.029141,-0.010609
2025-12-16 18:26:18.958,0.141809,0.270238,0.045401,-2.228108,1.286671,2.164036,1.566540,0.018497,-0.045779,0.013862,-0.064742,0.038420,0.031281,-0.007526
2025-12-16 18:26:18.959,0.141828,0.270190,0.045420,-2.228173,1.286708,2.164067,1.566528,0.016964,-0.050238,0.013701,-0.066802,0.038359,0.033816,-0.014267
2025-12-16 18:26:18.960,0.141843,0.270149,0.045438,-2.228240,1.286748,2.164095,1.566517,0.014652,-0.045251,0.015954,-0.069075,0.038995,0.030774,-0.015431
2025-12-16 18:26:18.962,0.141870,0.270106,0.045457,-2.228309,1.286779,2.164126,1.566496,0.019684,-0.045891,0.014791,-0.068124,0.042889,0.032287,-0.023641
2025-12-16 18:26:18.963,0.141903,0.270020,0.045495,-2.228444,1.286850,2.164182,1.566480,0.020835,-0.041068,0.016629,-0.065401,0.040771,0.026625,-0.010489
2025-12-16 18:26:18.964,0.141920,0.269978,0.045510,-2.228510,1.286883,2.164207,1.566469,0.021252,-0.040422,0.016782,-0.065175,0.039898,0.023747,-0.006910
2025-12-16 18:26:18.965,0.141939,0.269932,0.045527,-2.228572,1.286917,2.164238,1.566450,0.022302,-0.040447,0.018405,-0.064027,0.033641,0.028345,-0.011942
2025-12-16 18:26:18.966,0.141956,0.269891,0.045547,-2.228636,1.286955,2.164265,1.566434,0.023032,-0.041671,0.017290,-0.063354,0.035666,0.029785,-0.013985
2025-12-16 18:26:18.967,0.141975,0.269845,0.045564,-2.228704,1.286992,2.164292,1.566421,0.020439,-0.045198,0.015271,-0.063748,0.036230,0.026581,-0.014705
2025-12-16 18:26:18.968,0.141992,0.269797,0.045583,-2.228769,1.287027,2.164320,1.566410,0.017932,-0.044504,0.017813,-0.066768,0.036553,0.025649,-0.014525
2025-12-16 18:26:18.970,0.142015,0.269749,0.045600,-2.228839,1.287064,2.164344,1.566395,0.020262,-0.043847,0.018475,-0.069275,0.036807,0.022742,-0.015786
2025-12-16 18:26:18.971,0.142050,0.269663,0.045631,-2.228964,1.287136,2.164407,1.566360,0.016725,-0.043845,0.016425,-0.069821,0.032061,0.021697,-0.019308
2025-12-16 18:26:18.972,0.142070,0.269621,0.045652,-2.229030,1.287172,2.164432,1.566349,0.016239,-0.041520,0.015952,-0.066944,0.033271,0.020576,-0.017890
2025-12-16 18:26:18.973,0.142089,0.269575,0.045669,-2.229099,1.287211,2.164465,1.566337,0.015281,-0.041737,0.017731,-0.070144,0.034814,0.020498,-0.016283
2025-12-16 18:26:18.974,0.142106,0.269533,0.045683,-2.229170,1.287248,2.164495,1.566320,0.014561,-0.040622,0.018375,-0.068638,0.035272,0.020375,-0.017416
2025-12-16 18:26:18.975,0.142125,0.269494,0.045701,-2.229237,1.287285,2.164523,1.566307,0.017196,-0.039842,0.017434,-0.066391,0.036452,0.019550,-0.017466
2025-12-16 18:26:18.977,0.142142,0.269449,0.045723,-2.229303,1.287321,2.164554,1.566286,0.016067,-0.042879,0.017050,-0.066113,0.036073,0.024741,-0.020049
2025-12-16 18:26:18.978,0.142160,0.269409,0.045736,-2.229370,1.287362,2.164584,1.566273,0.018298,-0.040761,0.017132,-0.065114,0.037555,0.023560,-0.013107
2025-12-16 18:26:18.979,0.142201,0.269328,0.045772,-2.229499,1.287438,2.164644,1.566240,0.020410,-0.040801,0.020056,-0.061737,0.032877,0.025482,-0.015769
2025-12-16 18:26:18.980,0.142217,0.269281,0.045789,-2.229567,1.287478,2.164673,1.566215,0.021328,-0.041945,0.019116,-0.065199,0.034343,0.022694,-0.018645
2025-12-16 18:26:18.981,0.142239,0.269242,0.045805,-2.229634,1.287513,2.164703,1.566203,0.020808,-0.042178,0.016546,-0.064735,0.035084,0.026477,-0.012363
2025-12-16 18:26:18.982,0.142253,0.269199,0.045823,-2.229700,1.287551,2.164731,1.566184,0.017963,-0.041756,0.016350,-0.060849,0.039691,0.028956,-0.013255
2025-12-16 18:26:18.983,0.142276,0.269158,0.045838,-2.229767,1.287590,2.164761,1.566165,0.018850,-0.043377,0.012151,-0.063673,0.039199,0.026829,-0.019100
2025-12-16 18:26:18.984,0.142287,0.269117,0.045852,-2.229837,1.287629,2.164793,1.566137,0.018373,-0.041999,0.011362,-0.066635,0.038944,0.030541,-0.021955
2025-12-16 18:26:18.986,0.142305,0.269075,0.045871,-2.229909,1.287670,2.164821,1.566114,0.017445,-0.044122,0.013148,-0.068991,0.043403,0.027034,-0.021297
2025-12-16 18:26:18.987,0.142324,0.269033,0.045887,-2.229977,1.287709,2.164851,1.566096,0.017361,-0.045109,0.015466,-0.069421,0.041625,0.024555,-0.019694
2025-12-16 18:26:18.988,0.142359,0.268951,0.045924,-2.230120,1.287786,2.164908,1.566057,0.019108,-0.043711,0.014559,-0.069640,0.039774,0.026343,-0.018696
2025-12-16 18:26:18.989,0.142379,0.268906,0.045939,-2.230186,1.287826,2.164938,1.566031,0.019097,-0.043412,0.014227,-0.067241,0.039043,0.029149,-0.020701
2025-12-16 18:26:18.990,0.142392,0.268866,0.045958,-2.230261,1.287868,2.164965,1.566010,0.016662,-0.041366,0.017479,-0.070814,0.039693,0.030770,-0.019761
2025-12-16 18:26:18.991,0.142408,0.268821,0.045973,-2.230326,1.287907,2.164994,1.565990,0.016072,-0.041570,0.016360,-0.070166,0.039112,0.027849,-0.022720
2025-12-16 18:26:18.992,0.142430,0.268780,0.045988,-2.230397,1.287946,2.165022,1.565972,0.017355,-0.040537,0.017838,-0.067813,0.038941,0.025585,-0.024780
2025-12-16 18:26:18.993,0.142442,0.268734,0.046005,-2.230464,1.287982,2.165053,1.565945,0.015248,-0.044193,0.020131,-0.067908,0.037477,0.024628,-0.024650
2025-12-16 18:26:18.994,0.142460,0.268696,0.046017,-2.230537,1.288023,2.165084,1.565918,0.016205,-0.041151,0.017251,-0.070695,0.043327,0.027482,-0.029002
2025-12-16 18:26:18.996,0.142471,0.268655,0.046035,-2.230610,1.288061,2.165111,1.565892,0.014484,-0.043133,0.017408,-0.071681,0.040605,0.025549,-0.031553
2025-12-16 18:26:18.997,0.142503,0.268571,0.046065,-2.230759,1.288134,2.165164,1.565850,0.011870,-0.045936,0.014920,-0.072874,0.039219,0.025950,-0.024661
2025-12-16 18:26:18.998,0.142516,0.268533,0.046078,-2.230837,1.288176,2.165192,1.565821,0.014528,-0.045883,0.013405,-0.074552,0.039841,0.028636,-0.028658
2025-12-16 18:26:18.999,0.142534,0.268487,0.046096,-2.230906,1.288211,2.165220,1.565790,0.015223,-0.047729,0.010579,-0.072105,0.039334,0.031083,-0.027862
2025-12-16 18:26:19.000,0.142547,0.268448,0.046110,-2.230979,1.288252,2.165247,1.565768,0.013753,-0.044090,0.013568,-0.073413,0.039099,0.028349,-0.028422
2025-12-16 18:26:19.001,0.142559,0.268408,0.046123,-2.231050,1.288288,2.165273,1.565742,0.012913,-0.042053,0.009574,-0.076496,0.038669,0.026672,-0.029958
2025-12-16 18:26:19.002,0.142576,0.268363,0.046138,-2.231123,1.288325,2.165295,1.565718,0.016541,-0.044708,0.010633,-0.074330,0.038378,0.023830,-0.031673
2025-12-16 18:26:19.004,0.142587,0.268327,0.046152,-2.231192,1.288362,2.165319,1.565680,0.014969,-0.040679,0.009696,-0.073933,0.037839,0.022583,-0.030662
2025-12-16 18:26:19.005,0.142604,0.268278,0.046165,-2.231264,1.288401,2.165341,1.565652,0.014980,-0.045696,0.009568,-0.074706,0.042489,0.020912,-0.031897
2025-12-16 18:26:19.006,0.142630,0.268192,0.046196,-2.231412,1.288470,2.165391,1.565604,0.012913,-0.041964,0.010540,-0.072112,0.039452,0.023051,-0.024796
2025-12-16 18:26:19.007,0.142644,0.268152,0.046209,-2.231488,1.288510,2.165420,1.565571,0.015375,-0.042209,0.009716,-0.073900,0.039752,0.023464,-0.024831
2025-12-16 18:26:19.008,0.142650,0.268110,0.046226,-2.231566,1.288543,2.165443,1.565539,0.012436,-0.040678,0.013706,-0.074541,0.038976,0.021872,-0.024319
2025-12-16 18:26:19.009,0.142667,0.268068,0.046237,-2.231642,1.288582,2.165469,1.565509,0.013944,-0.042629,0.012087,-0.075014,0.039292,0.026489,-0.023134
2025-12-16 18:26:19.010,0.142678,0.268023,0.046248,-2.231719,1.288617,2.165495,1.565489,0.012439,-0.044758,0.010835,-0.073526,0.038868,0.025178,-0.023716
2025-12-16 18:26:19.012,0.142692,0.267984,0.046266,-2.231795,1.288654,2.165518,1.565464,0.012552,-0.042029,0.014609,-0.075462,0.038420,0.023084,-0.022606
2025-12-16 18:26:19.013,0.142715,0.267904,0.046292,-2.231942,1.288724,2.165568,1.565402,0.011096,-0.044055,0.012800,-0.076606,0.037513,0.028683,-0.030229
2025-12-16 18:26:19.014,0.142730,0.267862,0.046304,-2.232013,1.288764,2.165592,1.565372,0.012298,-0.042683,0.014243,-0.075939,0.038198,0.030924,-0.032471
2025-12-16 18:26:19.015,0.142738,0.267816,0.046317,-2.232084,1.288798,2.165619,1.565349,0.010102,-0.045251,0.016587,-0.071871,0.037799,0.033477,-0.032011
2025-12-16 18:26:19.016,0.142754,0.267775,0.046331,-2.232160,1.288838,2.165644,1.565322,0.010865,-0.045480,0.014197,-0.073979,0.033831,0.030015,-0.029120
2025-12-16 18:26:19.017,0.142766,0.267736,0.046342,-2.232230,1.288870,2.165667,1.565288,0.010777,-0.045584,0.012575,-0.070380,0.034183,0.026770,-0.033242
2025-12-16 18:26:19.018,0.142777,0.267692,0.046357,-2.232305,1.288909,2.165692,1.565263,0.010815,-0.043818,0.010193,-0.071538,0.030962,0.030050,-0.029467
2025-12-16 18:26:19.020,0.142790,0.267651,0.046367,-2.232381,1.288944,2.165713,1.565236,0.011405,-0.041245,0.009493,-0.072394,0.032559,0.027192,-0.026448
2025-12-16 18:26:19.021,0.142801,0.267612,0.046379,-2.232453,1.288979,2.165736,1.565219,0.011232,-0.038680,0.010147,-0.072952,0.033268,0.025020,-0.021938
2025-12-16 18:26:19.022,0.142813,0.267569,0.046392,-2.232528,1.289013,2.165757,1.565184,0.011121,-0.038177,0.010588,-0.073998,0.034171,0.022701,-0.028599
2025-12-16 18:26:19.023,0.142820,0.267531,0.046405,-2.232600,1.289046,2.165783,1.565158,0.013514,-0.036562,0.013101,-0.075292,0.034714,0.027202,-0.026048
2025-12-16 18:26:19.024,0.142846,0.267447,0.046428,-2.232747,1.289116,2.165830,1.565112,0.013895,-0.040489,0.011656,-0.073753,0.028373,0.024322,-0.024634
2025-12-16 18:26:19.025,0.142855,0.267405,0.046439,-2.232818,1.289155,2.165853,1.565088,0.012484,-0.039918,0.011740,-0.073346,0.026624,0.027538,-0.027025
2025-12-16 18:26:19.026,0.142864,0.267367,0.046451,-2.232887,1.289189,2.165876,1.565056,0.008830,-0.038246,0.011747,-0.072936,0.028934,0.025524,-0.026231
2025-12-16 18:26:19.027,0.142874,0.267321,0.046464,-2.232960,1.289223,2.165897,1.565031,0.009344,-0.038942,0.011736,-0.073708,0.026365,0.022727,-0.024381
2025-12-16 18:26:19.028,0.142885,0.267279,0.046477,-2.233033,1.289253,2.165922,1.565001,0.009681,-0.038690,0.013936,-0.074253,0.028199,0.026786,-0.023694
2025-12-16 18:26:19.030,0.142900,0.267237,0.046488,-2.233107,1.289290,2.165944,1.564981,0.011017,-0.041703,0.012854,-0.073870,0.031705,0.028972,-0.020682
2025-12-16 18:26:19.031,0.142922,0.267154,0.046511,-2.233249,1.289350,2.165991,1.564919,0.011002,-0.041728,0.011168,-0.070622,0.028692,0.025427,-0.025547
2025-12-16 18:26:19.032,0.142927,0.267111,0.046525,-2.233322,1.289386,2.166015,1.564896,0.009062,-0.044554,0.012050,-0.072023,0.031953,0.028777,-0.022992
2025-12-16 18:26:19.033,0.142944,0.267071,0.046533,-2.233399,1.289416,2.166038,1.564867,0.011391,-0.042252,0.013072,-0.071171,0.032459,0.026883,-0.027085
2025-12-16 18:26:19.035,0.142956,0.267033,0.046547,-2.233469,1.289452,2.166059,1.564843,0.011761,-0.039972,0.016287,-0.071663,0.029856,0.024158,-0.023453
2025-12-16 18:26:19.036,0.142962,0.266991,0.046561,-2.233543,1.289487,2.166084,1.564814,0.010232,-0.042095,0.014599,-0.073018,0.027405,0.027851,-0.028052
2025-12-16 18:26:19.037,0.142976,0.266948,0.046570,-2.233614,1.289518,2.166104,1.564780,0.011521,-0.040524,0.012696,-0.072736,0.029181,0.024447,-0.032544
2025-12-16 18:26:19.038,0.142986,0.266904,0.046586,-2.233692,1.289552,2.166127,1.564760,0.011300,-0.040649,0.012571,-0.073904,0.031297,0.023806,-0.027082
2025-12-16 18:26:19.040,0.143001,0.266855,0.046596,-2.233762,1.289585,2.166151,1.564733,0.014839,-0.045342,0.011299,-0.072893,0.032918,0.022894,-0.029693
2025-12-16 18:26:19.041,0.143024,0.266773,0.046620,-2.233905,1.289651,2.166197,1.564670,0.012821,-0.043173,0.010785,-0.075344,0.027176,0.022000,-0.031625
2025-12-16 18:26:19.042,0.143031,0.266729,0.046635,-2.233983,1.289684,2.166220,1.564647,0.008530,-0.042478,0.013943,-0.075593,0.025012,0.020681,-0.027649
2025-12-16 18:26:19.043,0.143044,0.266682,0.046645,-2.234061,1.289716,2.166243,1.564622,0.009726,-0.042876,0.012319,-0.075569,0.027621,0.015103,-0.029960
2025-12-16 18:26:19.045,0.143069,0.266594,0.046678,-2.234208,1.289783,2.166289,1.564569,0.011504,-0.043015,0.013742,-0.071223,0.031853,0.025025,-0.029666
2025-12-16 18:26:19.046,0.143090,0.266498,0.046701,-2.234356,1.289850,2.166337,1.564512,0.011780,-0.044760,0.014923,-0.073143,0.034506,0.025832,-0.031207
2025-12-16 18:26:19.047,0.143101,0.266452,0.046713,-2.234430,1.289883,2.166364,1.564485,0.011370,-0.044114,0.012884,-0.073645,0.035356,0.029475,-0.028419
2025-12-16 18:26:19.048,0.143115,0.266406,0.046724,-2.234500,1.289918,2.166392,1.564466,0.012312,-0.042277,0.014976,-0.073438,0.036379,0.027106,-0.023003
2025-12-16 18:26:19.049,0.143124,0.266357,0.046740,-2.234573,1.289950,2.166417,1.564428,0.011133,-0.042122,0.017050,-0.073082,0.036251,0.029629,-0.025472
2025-12-16 18:26:19.051,0.143132,0.266311,0.046755,-2.234649,1.289985,2.166440,1.564401,0.007334,-0.045247,0.016302,-0.077132,0.036946,0.031187,-0.027906
2025-12-16 18:26:19.052,0.143147,0.266267,0.046768,-2.234728,1.290018,2.166464,1.564381,0.009898,-0.046222,0.015106,-0.077349,0.036724,0.028044,-0.028550
2025-12-16 18:26:19.053,0.143168,0.266169,0.046797,-2.234878,1.290087,2.166515,1.564326,0.013059,-0.050108,0.014344,-0.076190,0.035615,0.032052,-0.028932
2025-12-16 18:26:19.054,0.143179,0.266124,0.046810,-2.234951,1.290123,2.166540,1.564300,0.012395,-0.046731,0.013546,-0.075238,0.032060,0.028718,-0.031089
2025-12-16 18:26:19.055,0.143195,0.266077,0.046816,-2.235031,1.290156,2.166564,1.564266,0.013612,-0.047483,0.010683,-0.076459,0.033206,0.026476,-0.030284
2025-12-16 18:26:19.056,0.143207,0.266032,0.046834,-2.235105,1.290191,2.166590,1.564245,0.010163,-0.045520,0.012819,-0.076810,0.034762,0.028851,-0.029388
2025-12-16 18:26:19.057,0.143217,0.265988,0.046845,-2.235182,1.290226,2.166615,1.564219,0.009611,-0.043438,0.011784,-0.076914,0.034891,0.026354,-0.030794
2025-12-16 18:26:19.059,0.143229,0.265942,0.046856,-2.235257,1.290266,2.166638,1.564189,0.010997,-0.042513,0.011195,-0.077736,0.036382,0.024092,-0.028285
2025-12-16 18:26:19.060,0.143239,0.265892,0.046870,-2.235329,1.290301,2.166665,1.564154,0.010800,-0.046133,0.011863,-0.078931,0.036547,0.022765,-0.028255
2025-12-16 18:26:19.061,0.143250,0.265847,0.046887,-2.235400,1.290338,2.166690,1.564132,0.011226,-0.046958,0.012978,-0.073801,0.036688,0.021786,-0.024230
2025-12-16 18:26:19.062,0.143273,0.265749,0.046908,-2.235555,1.290406,2.166740,1.564083,0.010048,-0.049468,0.013954,-0.077523,0.036979,0.025537,-0.024756
2025-12-16 18:26:19.063,0.143284,0.265698,0.046922,-2.235630,1.290445,2.166767,1.564055,0.006947,-0.050111,0.013880,-0.076341,0.033117,0.028548,-0.023431
2025-12-16 18:26:19.065,0.143298,0.265655,0.046935,-2.235709,1.290480,2.166790,1.564025,0.009455,-0.048852,0.013225,-0.076557,0.034472,0.025315,-0.024106
2025-12-16 18:26:19.066,0.143317,0.265560,0.046959,-2.235856,1.290549,2.166842,1.563976,0.009329,-0.050121,0.011866,-0.072556,0.031643,0.027483,-0.024168
2025-12-16 18:26:19.067,0.143330,0.265514,0.046969,-2.235931,1.290586,2.166868,1.563945,0.008187,-0.050136,0.011776,-0.073808,0.033152,0.025662,-0.025012
2025-12-16 18:26:19.068,0.143345,0.265471,0.046987,-2.236002,1.290623,2.166893,1.563920,0.011012,-0.046405,0.013490,-0.076340,0.034071,0.024273,-0.022516
2025-12-16 18:26:19.070,0.143350,0.265420,0.046997,-2.236074,1.290660,2.166920,1.563897,0.008889,-0.045418,0.012205,-0.075466,0.035623,0.022433,-0.024544
2025-12-16 18:26:19.071,0.143368,0.265379,0.047011,-2.236144,1.290697,2.166948,1.563873,0.008507,-0.045384,0.013208,-0.071073,0.036238,0.021400,-0.022792
2025-12-16 18:26:19.072,0.143390,0.265282,0.047038,-2.236295,1.290769,2.166997,1.563809,0.010119,-0.048445,0.010296,-0.073328,0.036457,0.023217,-0.027798
2025-12-16 18:26:19.073,0.143404,0.265232,0.047048,-2.236368,1.290808,2.167025,1.563776,0.014378,-0.049996,0.009972,-0.070796,0.037211,0.022521,-0.031628
2025-12-16 18:26:19.074,0.143410,0.265187,0.047060,-2.236443,1.290845,2.167050,1.563757,0.012095,-0.048714,0.010351,-0.072657,0.036992,0.021576,-0.029630
2025-12-16 18:26:19.076,0.143425,0.265145,0.047071,-2.236515,1.290884,2.167080,1.563728,0.013510,-0.047917,0.009979,-0.069047,0.037496,0.021590,-0.032169
2025-12-16 18:26:19.077,0.143438,0.265098,0.047083,-2.236590,1.290917,2.167102,1.563692,0.013788,-0.051804,0.010423,-0.070863,0.036987,0.020826,-0.031050
2025-12-16 18:26:19.078,0.143449,0.265051,0.047098,-2.236661,1.290955,2.167127,1.563670,0.017049,-0.052050,0.011361,-0.068909,0.037400,0.024531,-0.035005
2025-12-16 18:26:19.079,0.143471,0.264962,0.047125,-2.236809,1.291027,2.167179,1.563609,0.014884,-0.050717,0.011573,-0.066691,0.033667,0.021762,-0.032275
2025-12-16 18:26:19.080,0.143483,0.264919,0.047140,-2.236885,1.291066,2.167204,1.563573,0.014245,-0.046727,0.012065,-0.070007,0.033940,0.024626,-0.036161
2025-12-16 18:26:19.082,0.143498,0.264871,0.047149,-2.236955,1.291103,2.167229,1.563543,0.014454,-0.047171,0.010750,-0.067125,0.035261,0.023267,-0.035718
2025-12-16 18:26:19.083,0.143510,0.264816,0.047166,-2.237026,1.291141,2.167260,1.563513,0.013891,-0.047866,0.011549,-0.069302,0.036153,0.023256,-0.031436
2025-12-16 18:26:19.084,0.143519,0.264774,0.047178,-2.237096,1.291180,2.167286,1.563491,0.009720,-0.047117,0.010966,-0.068937,0.036775,0.027163,-0.025656
2025-12-16 18:26:19.085,0.143542,0.264683,0.047207,-2.237243,1.291254,2.167340,1.563421,0.010606,-0.042968,0.011206,-0.071264,0.037533,0.028433,-0.025472
2025-12-16 18:26:19.086,0.143558,0.264637,0.047217,-2.237318,1.291294,2.167363,1.563397,0.012349,-0.041678,0.010100,-0.074285,0.038165,0.029929,-0.026131
2025-12-16 18:26:19.088,0.143569,0.264594,0.047234,-2.237391,1.291330,2.167386,1.563367,0.009188,-0.040038,0.011205,-0.074259,0.037365,0.026743,-0.029563
2025-12-16 18:26:19.089,0.143581,0.264549,0.047248,-2.237467,1.291368,2.167411,1.563340,0.006193,-0.039528,0.011299,-0.075260,0.037550,0.024092,-0.026139
2025-12-16 18:26:19.090,0.143607,0.264454,0.047277,-2.237610,1.291441,2.167469,1.563271,0.005879,-0.041564,0.013128,-0.074336,0.038052,0.028427,-0.025168
2025-12-16 18:26:19.091,0.143614,0.264410,0.047289,-2.237680,1.291478,2.167495,1.563243,0.009592,-0.042529,0.011651,-0.073605,0.037365,0.026288,-0.027335
2025-12-16 18:26:19.092,0.143630,0.264361,0.047309,-2.237757,1.291517,2.167523,1.563222,0.011014,-0.041912,0.015712,-0.075557,0.032737,0.028964,-0.027295
2025-12-16 18:26:19.093,0.143643,0.264315,0.047319,-2.237832,1.291551,2.167551,1.563189,0.010293,-0.040887,0.013510,-0.073961,0.033583,0.031018,-0.031606
2025-12-16 18:26:19.095,0.143668,0.264222,0.047351,-2.237983,1.291629,2.167602,1.563132,0.010420,-0.044059,0.013145,-0.073790,0.036059,0.029872,-0.034444
2025-12-16 18:26:19.097,0.143680,0.264176,0.047366,-2.238062,1.291665,2.167625,1.563098,0.010477,-0.045177,0.012095,-0.077465,0.040070,0.026405,-0.036918
2025-12-16 18:26:19.098,0.143698,0.264128,0.047377,-2.238138,1.291699,2.167655,1.563076,0.012894,-0.045934,0.010889,-0.075712,0.039137,0.025283,-0.034860
2025-12-16 18:26:19.099,0.143719,0.264032,0.047412,-2.238301,1.291771,2.167708,1.563019,0.013575,-0.046422,0.012430,-0.077233,0.038799,0.026978,-0.035627
2025-12-16 18:26:19.100,0.143732,0.263980,0.047425,-2.238381,1.291810,2.167737,1.562987,0.013446,-0.048100,0.013940,-0.077221,0.038808,0.029915,-0.037362
2025-12-16 18:26:19.101,0.143744,0.263932,0.047444,-2.238455,1.291847,2.167760,1.562963,0.012227,-0.048207,0.014512,-0.075257,0.038123,0.031118,-0.031173
2025-12-16 18:26:19.103,0.143761,0.263885,0.047457,-2.238532,1.291887,2.167788,1.562936,0.013585,-0.044499,0.012594,-0.074617,0.038459,0.028298,-0.028560
2025-12-16 18:26:19.104,0.143791,0.263784,0.047491,-2.238689,1.291963,2.167846,1.562876,0.013775,-0.048371,0.012557,-0.074513,0.038112,0.027889,-0.029696
2025-12-16 18:26:19.105,0.143802,0.263735,0.047506,-2.238772,1.292001,2.167871,1.562852,0.012763,-0.047486,0.015162,-0.079029,0.037764,0.025231,-0.030281
2025-12-16 18:26:19.106,0.143820,0.263683,0.047522,-2.238858,1.292040,2.167899,1.562818,0.013367,-0.045135,0.014242,-0.081711,0.037079,0.023969,-0.028171
2025-12-16 18:26:19.108,0.143837,0.263632,0.047542,-2.238943,1.292080,2.167929,1.562789,0.014251,-0.045943,0.014758,-0.084383,0.037388,0.027705,-0.030626
2025-12-16 18:26:19.109,0.143852,0.263581,0.047558,-2.239022,1.292124,2.167957,1.562754,0.013679,-0.045928,0.013822,-0.080735,0.033506,0.025394,-0.029600
2025-12-16 18:26:19.110,0.143864,0.263529,0.047572,-2.239108,1.292162,2.167981,1.562723,0.012752,-0.050330,0.012521,-0.084347,0.038679,0.022993,-0.032057
2025-12-16 18:26:19.111,0.143891,0.263434,0.047606,-2.239271,1.292244,2.168036,1.562672,0.014274,-0.044883,0.017731,-0.082898,0.038516,0.025714,-0.024824
2025-12-16 18:26:19.112,0.143907,0.263373,0.047622,-2.239355,1.292283,2.168067,1.562642,0.018162,-0.051494,0.016134,-0.081415,0.038269,0.024744,-0.027328
2025-12-16 18:26:19.113,0.143927,0.263322,0.047637,-2.239438,1.292323,2.168096,1.562609,0.018437,-0.052652,0.015508,-0.079671,0.037491,0.027108,-0.031159
2025-12-16 18:26:19.115,0.143941,0.263264,0.047658,-2.239528,1.292365,2.168130,1.562576,0.016731,-0.052289,0.018522,-0.084004,0.038196,0.030829,-0.034048
2025-12-16 18:26:19.116,0.143967,0.263152,0.047688,-2.239695,1.292448,2.168188,1.562522,0.014776,-0.057133,0.015431,-0.082406,0.045967,0.024962,-0.030547
2025-12-16 18:26:19.119,0.144015,0.262994,0.047737,-2.239954,1.292573,2.168275,1.562438,0.016887,-0.057378,0.016031,-0.083018,0.041094,0.032005,-0.030670
2025-12-16 18:26:19.120,0.144030,0.262938,0.047752,-2.240041,1.292615,2.168305,1.562406,0.016261,-0.058829,0.014757,-0.082403,0.039939,0.033743,-0.032608
2025-12-16 18:26:19.121,0.144041,0.262882,0.047773,-2.240123,1.292659,2.168332,1.562372,0.014613,-0.059363,0.018450,-0.082351,0.039734,0.029219,-0.036519
2025-12-16 18:26:19.122,0.144057,0.262824,0.047784,-2.240212,1.292702,2.168361,1.562352,0.015198,-0.058321,0.015397,-0.082814,0.039319,0.026651,-0.028996
2025-12-16 18:26:19.124,0.144070,0.262769,0.047797,-2.240299,1.292744,2.168387,1.562324,0.014415,-0.055600,0.013721,-0.085156,0.038581,0.023967,-0.032312
2025-12-16 18:26:19.125,0.144102,0.262656,0.047835,-2.240470,1.292826,2.168447,1.562269,0.011177,-0.055893,0.017579,-0.086019,0.039166,0.030306,-0.032567
2025-12-16 18:26:19.126,0.144115,0.262605,0.047851,-2.240555,1.292869,2.168476,1.562243,0.010751,-0.055901,0.018738,-0.088515,0.038983,0.032278,-0.029441
2025-12-16 18:26:19.127,0.144130,0.262546,0.047866,-2.240646,1.292906,2.168503,1.562217,0.012384,-0.055232,0.019279,-0.089137,0.037680,0.033256,-0.030562
2025-12-16 18:26:19.128,0.144143,0.262486,0.047879,-2.240736,1.292948,2.168527,1.562198,0.011750,-0.057724,0.017311,-0.090017,0.037664,0.033595,-0.030609
2025-12-16 18:26:19.129,0.144159,0.262426,0.047895,-2.240817,1.292988,2.168551,1.562171,0.013032,-0.056980,0.018676,-0.084872,0.037597,0.034655,-0.028490
2025-12-16 18:26:19.131,0.144172,0.262370,0.047912,-2.240901,1.293026,2.168581,1.562148,0.012813,-0.055247,0.017437,-0.085671,0.042388,0.036410,-0.025710
2025-12-16 18:26:19.132,0.144186,0.262315,0.047926,-2.240984,1.293065,2.168604,1.562120,0.012143,-0.056474,0.018760,-0.086290,0.041250,0.031198,-0.030306
2025-12-16 18:26:19.133,0.144218,0.262202,0.047961,-2.241153,1.293141,2.168654,1.562077,0.013074,-0.056871,0.016529,-0.087291,0.039191,0.026317,-0.022969
2025-12-16 18:26:19.134,0.144232,0.262142,0.047978,-2.241235,1.293179,2.168680,1.562052,0.012873,-0.056430,0.015713,-0.082983,0.034092,0.028718,-0.022374
2025-12-16 18:26:19.135,0.144247,0.262083,0.047991,-2.241323,1.293215,2.168706,1.562030,0.015889,-0.057975,0.013430,-0.084443,0.034345,0.031332,-0.020810
2025-12-16 18:26:19.136,0.144258,0.262025,0.048008,-2.241412,1.293254,2.168729,1.562002,0.014349,-0.059103,0.013514,-0.084779,0.036240,0.027763,-0.022934
2025-12-16 18:26:19.138,0.144272,0.261963,0.048028,-2.241501,1.293291,2.168750,1.561978,0.016516,-0.060689,0.013534,-0.086066,0.036547,0.024353,-0.025734
2025-12-16 18:26:19.139,0.144287,0.261905,0.048045,-2.241589,1.293328,2.168775,1.561955,0.016166,-0.057979,0.012957,-0.087796,0.037478,0.023427,-0.023631
2025-12-16 18:26:19.140,0.144313,0.261786,0.048077,-2.241763,1.293402,2.168828,1.561910,0.013476,-0.058700,0.014374,-0.087835,0.032316,0.025131,-0.022188
2025-12-16 18:26:19.141,0.144328,0.261724,0.048092,-2.241843,1.293437,2.168853,1.561885,0.013351,-0.057083,0.015401,-0.085874,0.033631,0.028573,-0.021764
2025-12-16 18:26:19.142,0.144343,0.261670,0.048111,-2.241927,1.293474,2.168875,1.561858,0.013227,-0.057225,0.014511,-0.085164,0.034589,0.020686,-0.022009
2025-12-16 18:26:19.144,0.144355,0.261607,0.048122,-2.242010,1.293507,2.168900,1.561841,0.012447,-0.060466,0.015490,-0.085520,0.034670,0.020583,-0.018517
2025-12-16 18:26:19.145,0.144386,0.261483,0.048158,-2.242185,1.293581,2.168943,1.561786,0.015938,-0.062789,0.013528,-0.085864,0.030978,0.019521,-0.020652
2025-12-16 18:26:19.146,0.144398,0.261422,0.048175,-2.242276,1.293618,2.168970,1.561768,0.014550,-0.063743,0.013117,-0.087687,0.033322,0.020420,-0.022597
2025-12-16 18:26:19.147,0.144415,0.261363,0.048195,-2.242358,1.293654,2.168996,1.561746,0.017799,-0.063927,0.016804,-0.085228,0.029294,0.020640,-0.025840
2025-12-16 18:26:19.149,0.144427,0.261305,0.048208,-2.242443,1.293689,2.169019,1.561722,0.015938,-0.062958,0.013660,-0.085370,0.031379,0.019719,-0.028998
2025-12-16 18:26:19.150,0.144442,0.261244,0.048230,-2.242531,1.293724,2.169043,1.561698,0.015111,-0.059091,0.014340,-0.090017,0.032261,0.019385,-0.027623
2025-12-16 18:26:19.151,0.144455,0.261179,0.048245,-2.242616,1.293764,2.169067,1.561668,0.016402,-0.061260,0.015946,-0.088351,0.034408,0.019109,-0.026872
2025-12-16 18:26:19.152,0.144489,0.261054,0.048276,-2.242796,1.293842,2.169110,1.561629,0.015988,-0.059212,0.015616,-0.087264,0.036374,0.017715,-0.025510
2025-12-16 18:26:19.153,0.144501,0.260992,0.048292,-2.242876,1.293881,2.169135,1.561609,0.014521,-0.060084,0.014648,-0.087881,0.036975,0.018416,-0.022765
2025-12-16 18:26:19.155,0.144517,0.260929,0.048312,-2.242967,1.293920,2.169157,1.561577,0.015265,-0.060608,0.015014,-0.091596,0.037418,0.023520,-0.029607
2025-12-16 18:26:19.156,0.144528,0.260868,0.048327,-2.243052,1.293961,2.169182,1.561555,0.016995,-0.061205,0.014064,-0.089280,0.041839,0.021953,-0.030881
2025-12-16 18:26:19.157,0.144555,0.260739,0.048359,-2.243233,1.294036,2.169232,1.561509,0.012111,-0.065422,0.017655,-0.090623,0.039243,0.024186,-0.030731
2025-12-16 18:26:19.158,0.144576,0.260674,0.048375,-2.243320,1.294072,2.169254,1.561493,0.010891,-0.065990,0.016767,-0.086595,0.033624,0.022112,-0.025830
2025-12-16 18:26:19.159,0.144587,0.260607,0.048391,-2.243411,1.294109,2.169283,1.561464,0.010644,-0.066151,0.014748,-0.088625,0.035204,0.022027,-0.030623
2025-12-16 18:26:19.161,0.144618,0.260485,0.048420,-2.243580,1.294187,2.169338,1.561421,0.011793,-0.064943,0.016012,-0.085547,0.037133,0.024911,-0.023730
2025-12-16 18:26:19.162,0.144637,0.260425,0.048443,-2.243666,1.294223,2.169365,1.561394,0.013126,-0.066253,0.017296,-0.088503,0.037596,0.028630,-0.028120
2025-12-16 18:26:19.164,0.144652,0.260365,0.048457,-2.243758,1.294257,2.169386,1.561372,0.016415,-0.064928,0.015674,-0.089585,0.036638,0.024983,-0.030038
2025-12-16 18:26:19.165,0.144667,0.260297,0.048469,-2.243845,1.294291,2.169414,1.561345,0.018985,-0.065524,0.013308,-0.089114,0.036688,0.023451,-0.029087
2025-12-16 18:26:19.166,0.144678,0.260226,0.048486,-2.243936,1.294327,2.169440,1.561326,0.019816,-0.070565,0.014059,-0.085938,0.036670,0.021535,-0.025301
2025-12-16 18:26:19.167,0.144709,0.260104,0.048515,-2.244113,1.294398,2.169496,1.561278,0.018130,-0.063053,0.014978,-0.086972,0.037965,0.021362,-0.023724
2025-12-16 18:26:19.168,0.144720,0.260038,0.048531,-2.244201,1.294435,2.169524,1.561258,0.015945,-0.063055,0.015176,-0.087675,0.033251,0.025874,-0.021698
2025-12-16 18:26:19.169,0.144734,0.259975,0.048546,-2.244286,1.294472,2.169547,1.561236,0.016247,-0.061732,0.014791,-0.087107,0.030608,0.023629,-0.021234
2025-12-16 18:26:19.171,0.144748,0.259910,0.048562,-2.244370,1.294504,2.169573,1.561219,0.015737,-0.062179,0.014935,-0.086908,0.026837,0.026698,-0.019925
2025-12-16 18:26:19.173,0.144788,0.259708,0.048604,-2.244636,1.294599,2.169640,1.561156,0.011931,-0.062388,0.013354,-0.087946,0.029266,0.022108,-0.021724
2025-12-16 18:26:19.174,0.144804,0.259645,0.048623,-2.244724,1.294632,2.169665,1.561133,0.013229,-0.064951,0.014545,-0.087894,0.026677,0.026667,-0.022408
2025-12-16 18:26:19.175,0.144817,0.259581,0.048635,-2.244813,1.294661,2.169689,1.561122,0.012865,-0.067025,0.012428,-0.089001,0.024340,0.025794,-0.018500
2025-12-16 18:26:19.176,0.144830,0.259521,0.048652,-2.244898,1.294692,2.169715,1.561103,0.012671,-0.066905,0.012701,-0.088084,0.023236,0.029776,-0.018696
2025-12-16 18:26:19.178,0.144841,0.259450,0.048666,-2.244981,1.294724,2.169737,1.561084,0.014507,-0.066565,0.012325,-0.087476,0.026835,0.027243,-0.019924
2025-12-16 18:26:19.179,0.144856,0.259386,0.048678,-2.245068,1.294758,2.169758,1.561063,0.014639,-0.065163,0.010853,-0.084732,0.025158,0.029346,-0.015642
2025-12-16 18:26:19.180,0.144886,0.259256,0.048705,-2.245236,1.294815,2.169791,1.561029,0.014161,-0.068079,0.010662,-0.085444,0.029920,0.022545,-0.015305
2025-12-16 18:26:19.181,0.144896,0.259188,0.048721,-2.245319,1.294845,2.169809,1.561012,0.012456,-0.066477,0.013839,-0.083124,0.027494,0.021413,-0.011953
2025-12-16 18:26:19.183,0.144907,0.259120,0.048740,-2.245408,1.294875,2.169832,1.560997,0.012002,-0.068808,0.017399,-0.085538,0.025655,0.021974,-0.009001
2025-12-16 18:26:19.184,0.144924,0.259052,0.048751,-2.245493,1.294906,2.169853,1.560978,0.015901,-0.072645,0.014074,-0.084803,0.028162,0.021872,-0.011922
2025-12-16 18:26:19.185,0.144944,0.258921,0.048783,-2.245663,1.294966,2.169894,1.560948,0.009375,-0.067618,0.016151,-0.087692,0.032637,0.021110,-0.014969
2025-12-16 18:26:19.186,0.144957,0.258859,0.048795,-2.245742,1.294996,2.169913,1.560938,0.009796,-0.068490,0.013827,-0.086041,0.029453,0.020323,-0.014393
2025-12-16 18:26:19.187,0.144976,0.258789,0.048815,-2.245833,1.295027,2.169926,1.560917,0.011785,-0.070895,0.014575,-0.088547,0.031242,0.019122,-0.013075
2025-12-16 18:26:19.189,0.144983,0.258720,0.048824,-2.245917,1.295055,2.169946,1.560907,0.009639,-0.071045,0.010799,-0.084659,0.032068,0.019410,-0.013008
2025-12-16 18:26:19.190,0.144996,0.258651,0.048843,-2.245998,1.295084,2.169965,1.560891,0.013162,-0.072343,0.014759,-0.081111,0.028797,0.023924,-0.014965
2025-12-16 18:26:19.191,0.145022,0.258517,0.048868,-2.246169,1.295142,2.170000,1.560857,0.014852,-0.066767,0.013814,-0.082925,0.033137,0.018141,-0.018467
2025-12-16 18:26:19.192,0.145036,0.258448,0.048884,-2.246254,1.295174,2.170018,1.560849,0.013870,-0.068467,0.015755,-0.083285,0.035218,0.018284,-0.017387
2025-12-16 18:26:19.193,0.145046,0.258374,0.048901,-2.246343,1.295201,2.170034,1.560841,0.008774,-0.071134,0.017688,-0.084589,0.035015,0.013709,-0.015888
2025-12-16 18:26:19.194,0.145060,0.258301,0.048914,-2.246430,1.295232,2.170058,1.560821,0.009964,-0.069719,0.017913,-0.084964,0.036230,0.015692,-0.018876
2025-12-16 18:26:19.196,0.145071,0.258231,0.048926,-2.246519,1.295262,2.170073,1.560808,0.010210,-0.071018,0.015275,-0.087121,0.031167,0.016026,-0.018019
2025-12-16 18:26:19.197,0.145098,0.258097,0.048958,-2.246686,1.295319,2.170110,1.560779,0.011288,-0.069946,0.014290,-0.082391,0.028819,0.012527,-0.016008
2025-12-16 18:26:19.198,0.145106,0.258020,0.048971,-2.246770,1.295352,2.170129,1.560772,0.009897,-0.073693,0.013090,-0.083403,0.026662,0.014049,-0.009363
2025-12-16 18:26:19.199,0.145120,0.257957,0.048989,-2.246861,1.295382,2.170151,1.560760,0.011250,-0.071679,0.013349,-0.085277,0.029402,0.015970,-0.007541
2025-12-16 18:26:19.201,0.145133,0.257880,0.049001,-2.246945,1.295412,2.170177,1.560742,0.011674,-0.074884,0.012345,-0.086106,0.031877,0.017688,-0.007180
2025-12-16 18:26:19.202,0.145157,0.257740,0.049027,-2.247122,1.295472,2.170212,1.560717,0.011563,-0.073040,0.014352,-0.089392,0.032747,0.012435,-0.012339
2025-12-16 18:26:19.203,0.145173,0.257668,0.049042,-2.247217,1.295502,2.170231,1.560712,0.012980,-0.070430,0.014269,-0.090785,0.034104,0.018255,-0.006656
2025-12-16 18:26:19.204,0.145184,0.257591,0.049053,-2.247306,1.295532,2.170247,1.560693,0.015420,-0.076055,0.010703,-0.086634,0.030614,0.017227,-0.011278
2025-12-16 18:26:19.205,0.145195,0.257519,0.049067,-2.247391,1.295561,2.170266,1.560678,0.014739,-0.075241,0.011461,-0.083907,0.027946,0.017722,-0.009878
2025-12-16 18:26:19.207,0.145212,0.257440,0.049080,-2.247477,1.295593,2.170288,1.560665,0.016513,-0.077111,0.011401,-0.084684,0.030012,0.018749,-0.012067
2025-12-16 18:26:19.208,0.145235,0.257293,0.049110,-2.247650,1.295653,2.170329,1.560650,0.015730,-0.074774,0.015687,-0.086525,0.029165,0.018596,-0.008317
2025-12-16 18:26:19.209,0.145245,0.257224,0.049124,-2.247741,1.295684,2.170347,1.560633,0.014103,-0.071670,0.014446,-0.084701,0.030956,0.022643,-0.013383
2025-12-16 18:26:19.210,0.145254,0.257150,0.049135,-2.247824,1.295712,2.170366,1.560620,0.012539,-0.070028,0.013594,-0.084878,0.027267,0.021354,-0.011085
2025-12-16 18:26:19.212,0.145270,0.257079,0.049148,-2.247915,1.295740,2.170385,1.560612,0.014326,-0.070695,0.010112,-0.086745,0.029477,0.020729,-0.007487
2025-12-16 18:26:19.213,0.145295,0.256927,0.049172,-2.248092,1.295800,2.170428,1.560589,0.014327,-0.068456,0.011129,-0.089874,0.029040,0.021389,-0.006346
2025-12-16 18:26:19.214,0.145310,0.256855,0.049186,-2.248179,1.295829,2.170450,1.560582,0.015518,-0.069593,0.012257,-0.089631,0.031237,0.020633,-0.009151
2025-12-16 18:26:19.215,0.145321,0.256776,0.049201,-2.248268,1.295854,2.170469,1.560569,0.013997,-0.072176,0.013144,-0.090930,0.027765,0.024649,-0.012023
2025-12-16 18:26:19.217,0.145334,0.256700,0.049212,-2.248353,1.295884,2.170484,1.560562,0.014597,-0.072919,0.009669,-0.086687,0.031311,0.021665,-0.013733
2025-12-16 18:26:19.218,0.145357,0.256549,0.049233,-2.248525,1.295934,2.170526,1.560540,0.009183,-0.071452,0.009950,-0.083932,0.029880,0.020676,-0.015919
2025-12-16 18:26:19.219,0.145366,0.256466,0.049245,-2.248605,1.295958,2.170548,1.560522,0.008645,-0.077995,0.010221,-0.083559,0.026736,0.020607,-0.019549
2025-12-16 18:26:19.220,0.145380,0.256393,0.049259,-2.248691,1.295982,2.170563,1.560514,0.010833,-0.074542,0.011698,-0.089571,0.024455,0.019760,-0.013680
2025-12-16 18:26:19.221,0.145391,0.256318,0.049273,-2.248781,1.296010,2.170582,1.560513,0.011140,-0.074444,0.011514,-0.090429,0.023558,0.019858,-0.011971
2025-12-16 18:26:19.223,0.145404,0.256247,0.049284,-2.248864,1.296033,2.170603,1.560503,0.011988,-0.076655,0.011415,-0.088464,0.022709,0.019095,-0.009528
2025-12-16 18:26:19.224,0.145419,0.256168,0.049298,-2.248953,1.296057,2.170621,1.560491,0.010102,-0.077406,0.011937,-0.086954,0.022044,0.019394,-0.013710
2025-12-16 18:26:19.225,0.145436,0.256021,0.049315,-2.249121,1.296103,2.170653,1.560470,0.009969,-0.074886,0.010691,-0.083641,0.024438,0.019823,-0.013219
2025-12-16 18:26:19.227,0.145451,0.255940,0.049328,-2.249199,1.296121,2.170668,1.560471,0.008695,-0.076640,0.012042,-0.079682,0.022386,0.014798,-0.007250
2025-12-16 18:26:19.228,0.145471,0.255788,0.049350,-2.249365,1.296169,2.170696,1.560447,0.010283,-0.076129,0.010959,-0.080439,0.025852,0.008010,-0.006435
2025-12-16 18:26:19.229,0.145480,0.255715,0.049362,-2.249446,1.296191,2.170710,1.560441,0.009571,-0.075371,0.011665,-0.077992,0.024516,0.010648,-0.008293
2025-12-16 18:26:19.231,0.145493,0.255634,0.049371,-2.249532,1.296214,2.170723,1.560431,0.011514,-0.078284,0.013371,-0.077355,0.028130,0.012306,-0.007314
2025-12-16 18:26:19.232,0.145515,0.255485,0.049396,-2.249696,1.296260,2.170749,1.560418,0.008953,-0.079489,0.012635,-0.075830,0.019825,0.010612,-0.007033
2025-12-16 18:26:19.233,0.145522,0.255411,0.049403,-2.249776,1.296279,2.170763,1.560418,0.008636,-0.077360,0.010617,-0.079055,0.019326,0.012658,-0.003106
2025-12-16 18:26:19.234,0.145532,0.255330,0.049417,-2.249856,1.296299,2.170775,1.560399,0.009100,-0.077961,0.012216,-0.077502,0.019278,0.009869,-0.010795
2025-12-16 18:26:19.235,0.145539,0.255257,0.049429,-2.249942,1.296316,2.170787,1.560390,0.008785,-0.076222,0.012043,-0.081358,0.018577,0.011586,-0.008663
2025-12-16 18:26:19.236,0.145547,0.255180,0.049439,-2.250018,1.296337,2.170797,1.560395,0.009360,-0.075923,0.011266,-0.077948,0.019478,0.013019,-0.003061
2025-12-16 18:26:19.238,0.145558,0.255099,0.049449,-2.250097,1.296356,2.170807,1.560379,0.010852,-0.076355,0.007396,-0.076166,0.019244,0.014482,-0.004956
2025-12-16 18:26:19.239,0.145568,0.255020,0.049461,-2.250179,1.296372,2.170822,1.560380,0.010776,-0.076111,0.009118,-0.079417,0.023936,0.016324,-0.001438
2025-12-16 18:26:19.240,0.145587,0.254862,0.049480,-2.250342,1.296409,2.170847,1.560371,0.008178,-0.075644,0.009195,-0.081105,0.022013,0.017534,-0.003650
2025-12-16 18:26:19.241,0.145595,0.254784,0.049494,-2.250426,1.296426,2.170859,1.560362,0.008158,-0.076120,0.010529,-0.082523,0.020634,0.017318,-0.008952
2025-12-16 18:26:19.242,0.145605,0.254706,0.049506,-2.250507,1.296444,2.170871,1.560357,0.009400,-0.078660,0.010770,-0.079764,0.019833,0.013395,-0.011457
2025-12-16 18:26:19.243,0.145619,0.254629,0.049515,-2.250587,1.296467,2.170884,1.560355,0.010933,-0.080564,0.010320,-0.077628,0.020656,0.014732,-0.008566
2025-12-16 18:26:19.245,0.145628,0.254550,0.049528,-2.250672,1.296482,2.170895,1.560354,0.010715,-0.078004,0.011882,-0.078431,0.024638,0.011043,-0.005694
2025-12-16 18:26:19.246,0.145647,0.254393,0.049545,-2.250837,1.296519,2.170921,1.560348,0.009251,-0.078792,0.010638,-0.080176,0.018442,0.009355,-0.008442
2025-12-16 18:26:19.247,0.145656,0.254306,0.049553,-2.250920,1.296539,2.170934,1.560335,0.005852,-0.078847,0.010341,-0.082210,0.018843,0.007758,-0.009205
2025-12-16 18:26:19.248,0.145666,0.254224,0.049565,-2.251001,1.296557,2.170947,1.560336,0.007671,-0.080125,0.013621,-0.083143,0.023052,0.010462,-0.005945
2025-12-16 18:26:19.249,0.145680,0.254134,0.049573,-2.251082,1.296575,2.170958,1.560340,0.009531,-0.080733,0.012492,-0.083833,0.016963,0.012512,-0.001811
2025-12-16 18:26:19.251,0.145692,0.254055,0.049585,-2.251170,1.296594,2.170971,1.560338,0.007151,-0.081385,0.009460,-0.084752,0.017425,0.014059,-0.001873
2025-12-16 18:26:19.252,0.145705,0.253889,0.049602,-2.251343,1.296635,2.170993,1.560329,0.008198,-0.084230,0.007350,-0.085628,0.014219,0.015476,-0.002478
2025-12-16 18:26:19.253,0.145716,0.253809,0.049614,-2.251427,1.296654,2.171005,1.560330,0.009477,-0.080985,0.009060,-0.086190,0.015287,0.012025,-0.000317
2025-12-16 18:26:19.254,0.145730,0.253724,0.049620,-2.251512,1.296672,2.171018,1.560331,0.007741,-0.082757,0.008585,-0.087340,0.010780,0.013718,0.000408
2025-12-16 18:26:19.255,0.145737,0.253636,0.049630,-2.251596,1.296692,2.171034,1.560319,0.008359,-0.084886,0.008748,-0.083390,0.013109,0.015686,-0.006989
2025-12-16 18:26:19.257,0.145746,0.253555,0.049640,-2.251685,1.296708,2.171050,1.560321,0.009476,-0.081368,0.010217,-0.085315,0.013506,0.016769,-0.004017
2025-12-16 18:26:19.258,0.145769,0.253379,0.049664,-2.251860,1.296748,2.171073,1.560318,0.011046,-0.082621,0.011930,-0.090474,0.016624,0.008586,-0.003340
2025-12-16 18:26:19.259,0.145776,0.253285,0.049672,-2.251941,1.296769,2.171086,1.560318,0.010333,-0.086347,0.011192,-0.087955,0.017611,0.011154,-0.001328
2025-12-16 18:26:19.260,0.145784,0.253200,0.049682,-2.252031,1.296787,2.171104,1.560311,0.010481,-0.083940,0.011253,-0.088483,0.012832,0.009471,-0.002857
2025-12-16 18:26:19.261,0.145793,0.253118,0.049690,-2.252122,1.296806,2.171115,1.560320,0.008526,-0.084298,0.011251,-0.089039,0.015320,0.007026,0.000907
2025-12-16 18:26:19.263,0.145804,0.253032,0.049700,-2.252211,1.296821,2.171128,1.560315,0.006978,-0.081907,0.014758,-0.086540,0.015257,0.009892,0.000153
2025-12-16 18:26:19.264,0.145811,0.252946,0.049711,-2.252296,1.296837,2.171141,1.560315,0.004648,-0.083407,0.014436,-0.086306,0.016511,0.011737,0.000416
2025-12-16 18:26:19.265,0.145836,0.252773,0.049726,-2.252470,1.296868,2.171164,1.560309,0.012181,-0.086388,0.007853,-0.085289,0.012927,0.011131,-0.000986
2025-12-16 18:26:19.266,0.145842,0.252684,0.049738,-2.252562,1.296885,2.171174,1.560307,0.011584,-0.087960,0.006697,-0.087582,0.010454,0.012674,-0.001394
2025-12-16 18:26:19.267,0.145851,0.252597,0.049747,-2.252641,1.296902,2.171184,1.560309,0.012408,-0.087160,0.008505,-0.085760,0.007838,0.014471,0.000849
2025-12-16 18:26:19.269,0.145863,0.252505,0.049758,-2.252731,1.296918,2.171198,1.560308,0.013591,-0.091763,0.009782,-0.085838,0.010550,0.015928,0.000552
2025-12-16 18:26:19.270,0.145881,0.252323,0.049777,-2.252905,1.296949,2.171220,1.560301,0.012819,-0.089952,0.010647,-0.085576,0.014994,0.017237,-0.002188
2025-12-16 18:26:19.271,0.145892,0.252241,0.049785,-2.252994,1.296961,2.171231,1.560301,0.013268,-0.088696,0.010265,-0.086857,0.014893,0.017126,-0.001465
2025-12-16 18:26:19.272,0.145900,0.252155,0.049793,-2.253079,1.296975,2.171245,1.560305,0.012472,-0.088250,0.010036,-0.084068,0.015905,0.012864,0.001562
2025-12-16 18:26:19.273,0.145911,0.252067,0.049805,-2.253164,1.296990,2.171256,1.560307,0.009906,-0.084987,0.011544,-0.084874,0.016954,0.014329,0.001750
2025-12-16 18:26:19.275,0.145915,0.251982,0.049815,-2.253253,1.297001,2.171267,1.560306,0.009319,-0.085063,0.011482,-0.085779,0.017068,0.015456,0.000079
2025-12-16 18:26:19.276,0.145939,0.251806,0.049831,-2.253421,1.297028,2.171286,1.560304,0.008700,-0.086700,0.011031,-0.083432,0.014115,0.017141,0.000033
2025-12-16 18:26:19.277,0.145949,0.251708,0.049841,-2.253506,1.297043,2.171297,1.560306,0.010183,-0.089319,0.008291,-0.087162,0.015770,0.013176,0.001106
2025-12-16 18:26:19.278,0.145956,0.251620,0.049852,-2.253590,1.297058,2.171305,1.560300,0.010104,-0.085638,0.009638,-0.086618,0.016589,0.013774,-0.002519
2025-12-16 18:26:19.279,0.145965,0.251532,0.049861,-2.253677,1.297071,2.171315,1.560298,0.010735,-0.084176,0.010068,-0.086487,0.016687,0.015045,-0.001307
2025-12-16 18:26:19.281,0.145971,0.251445,0.049873,-2.253762,1.297080,2.171323,1.560303,0.010008,-0.085402,0.008732,-0.086440,0.011861,0.015635,0.000925
2025-12-16 18:26:19.282,0.145979,0.251362,0.049881,-2.253845,1.297095,2.171331,1.560303,0.010186,-0.085275,0.009284,-0.082950,0.014442,0.015742,0.000617
2025-12-16 18:26:19.283,0.145992,0.251273,0.049885,-2.253928,1.297112,2.171342,1.560301,0.012088,-0.087123,0.008560,-0.081030,0.011807,0.017300,-0.000301
2025-12-16 18:26:19.284,0.146012,0.251100,0.049907,-2.254095,1.297137,2.171360,1.560295,0.008742,-0.087583,0.010721,-0.083567,0.010342,0.017440,-0.001445
2025-12-16 18:26:19.285,0.146023,0.251014,0.049915,-2.254175,1.297147,2.171370,1.560301,0.010311,-0.086214,0.010328,-0.080655,0.007385,0.018037,0.000834
2025-12-16 18:26:19.286,0.146030,0.250926,0.049928,-2.254262,1.297159,2.171381,1.560304,0.010821,-0.089444,0.011726,-0.083587,0.009836,0.013893,0.001641
2025-12-16 18:26:19.288,0.146037,0.250832,0.049934,-2.254342,1.297171,2.171388,1.560305,0.007537,-0.090360,0.010476,-0.085505,0.007732,0.015475,0.000382
2025-12-16 18:26:19.289,0.146050,0.250742,0.049945,-2.254428,1.297183,2.171399,1.560303,0.009951,-0.087040,0.011319,-0.086289,0.010135,0.012280,-0.000831
2025-12-16 18:26:19.290,0.146068,0.250571,0.049964,-2.254598,1.297203,2.171413,1.560301,0.007880,-0.084352,0.006523,-0.085802,0.013625,0.006561,0.000693
2025-12-16 18:26:19.292,0.146077,0.250484,0.049968,-2.254687,1.297216,2.171422,1.560298,0.008986,-0.084694,0.005960,-0.087489,0.015272,0.009575,-0.000250
2025-12-16 18:26:19.293,0.146081,0.250395,0.049978,-2.254768,1.297228,2.171426,1.560300,0.008136,-0.086249,0.007479,-0.086535,0.016498,0.006423,-0.000540
2025-12-16 18:26:19.294,0.146097,0.250221,0.049995,-2.254936,1.297249,2.171441,1.560302,0.008971,-0.085705,0.006303,-0.086495,0.009660,0.007574,0.001456
2025-12-16 18:26:19.295,0.146112,0.250127,0.050002,-2.255020,1.297255,2.171447,1.560305,0.009215,-0.086412,0.007100,-0.084251,0.006215,0.006046,0.001343
2025-12-16 18:26:19.296,0.146119,0.250036,0.050012,-2.255099,1.297272,2.171457,1.560299,0.006180,-0.086363,0.008274,-0.083407,0.010696,0.004838,-0.000562
2025-12-16 18:26:19.298,0.146126,0.249946,0.050021,-2.255188,1.297282,2.171460,1.560300,0.007230,-0.087559,0.006260,-0.088784,0.012333,0.002864,-0.000748
2025-12-16 18:26:19.299,0.146143,0.249769,0.050040,-2.255359,1.297299,2.171476,1.560303,0.009792,-0.084587,0.003573,-0.087504,0.014232,0.005875,0.000764
2025-12-16 18:26:19.300,0.146150,0.249677,0.050049,-2.255446,1.297313,2.171482,1.560305,0.007349,-0.085539,0.003253,-0.088092,0.016227,0.004358,0.001221
2025-12-16 18:26:19.301,0.146157,0.249589,0.050055,-2.255530,1.297323,2.171487,1.560302,0.004401,-0.085587,0.006375,-0.084788,0.011817,0.003236,-0.000271
2025-12-16 18:26:19.302,0.146167,0.249499,0.050065,-2.255615,1.297331,2.171494,1.560298,0.007040,-0.083240,0.007780,-0.085631,0.008203,0.003152,-0.001605
2025-12-16 18:26:19.303,0.146174,0.249411,0.050072,-2.255704,1.297346,2.171498,1.560301,0.007262,-0.083226,0.007677,-0.084714,0.006899,0.001914,-0.000019
2025-12-16 18:26:19.306,0.146202,0.249132,0.050095,-2.255966,1.297375,2.171512,1.560299,0.006449,-0.089834,0.009596,-0.085385,0.008432,0.000985,-0.001083
2025-12-16 18:26:19.307,0.146209,0.249042,0.050107,-2.256057,1.297383,2.171522,1.560298,0.007366,-0.090001,0.009045,-0.089528,0.005701,0.001461,-0.001061
2025-12-16 18:26:19.308,0.146215,0.248953,0.050114,-2.256141,1.297393,2.171521,1.560303,0.008058,-0.089376,0.009577,-0.087599,0.009418,-0.000440,0.001090
2025-12-16 18:26:19.309,0.146227,0.248863,0.050122,-2.256231,1.297408,2.171527,1.560301,0.010433,-0.088605,0.009966,-0.084865,0.007775,0.000452,-0.000019
2025-12-16 18:26:19.310,0.146236,0.248771,0.050127,-2.256322,1.297417,2.171529,1.560303,0.010898,-0.089083,0.009666,-0.086874,0.006137,-0.000386,0.000733
2025-12-16 18:26:19.311,0.146244,0.248683,0.050140,-2.256412,1.297429,2.171536,1.560300,0.010761,-0.088001,0.008483,-0.088244,0.009254,0.000473,-0.001681
2025-12-16 18:26:19.313,0.146264,0.248496,0.050157,-2.256586,1.297448,2.171540,1.560305,0.010201,-0.092092,0.009318,-0.084441,0.013148,-0.000482,0.000078
2025-12-16 18:26:19.314,0.146272,0.248403,0.050165,-2.256679,1.297458,2.171550,1.560303,0.010166,-0.088462,0.009187,-0.086435,0.014644,0.005414,0.000425
2025-12-16 18:26:19.315,0.146275,0.248308,0.050172,-2.256766,1.297466,2.171553,1.560298,0.006419,-0.090093,0.006940,-0.085808,0.015360,0.007616,-0.002226
2025-12-16 18:26:19.316,0.146286,0.248220,0.050181,-2.256851,1.297477,2.171558,1.560303,0.008093,-0.088628,0.008121,-0.085783,0.011889,0.006848,-0.000060
2025-12-16 18:26:19.317,0.146294,0.248126,0.050189,-2.256942,1.297487,2.171560,1.560301,0.009277,-0.090705,0.008410,-0.089016,0.008908,0.004707,-0.000752
2025-12-16 18:26:19.318,0.146306,0.248037,0.050198,-2.257034,1.297494,2.171566,1.560307,0.008766,-0.089182,0.009804,-0.088882,0.010704,0.003897,0.001296
2025-12-16 18:26:19.319,0.146313,0.247940,0.050206,-2.257121,1.297506,2.171568,1.560302,0.009061,-0.094358,0.010223,-0.088617,0.007742,0.002887,-0.000933
2025-12-16 18:26:19.321,0.146331,0.247760,0.050225,-2.257301,1.297526,2.171574,1.560296,0.008313,-0.093032,0.005807,-0.088902,0.009025,0.002088,-0.001726
2025-12-16 18:26:19.322,0.146335,0.247666,0.050230,-2.257393,1.297535,2.171576,1.560304,0.008148,-0.091760,0.006552,-0.089620,0.007145,0.004740,0.001359
2025-12-16 18:26:19.323,0.146345,0.247571,0.050242,-2.257478,1.297543,2.171579,1.560304,0.009874,-0.091513,0.009052,-0.087791,0.005356,0.003981,0.000906
2025-12-16 18:26:19.324,0.146356,0.247478,0.050251,-2.257565,1.297552,2.171582,1.560297,0.011097,-0.090470,0.010151,-0.087200,0.003676,0.002676,-0.001566
2025-12-16 18:26:19.325,0.146360,0.247388,0.050258,-2.257653,1.297562,2.171584,1.560296,0.007145,-0.090440,0.009839,-0.086774,0.007833,0.002394,-0.001383
2025-12-16 18:26:19.326,0.146371,0.247297,0.050264,-2.257744,1.297571,2.171587,1.560304,0.009101,-0.090311,0.009685,-0.087224,0.010222,0.001461,0.000502
2025-12-16 18:26:19.327,0.146382,0.247205,0.050275,-2.257835,1.297578,2.171588,1.560306,0.010496,-0.089710,0.008971,-0.090662,0.008027,0.001126,0.001793
2025-12-16 18:26:19.329,0.146391,0.247111,0.050284,-2.257921,1.297588,2.171593,1.560305,0.008374,-0.089902,0.009490,-0.085626,0.006345,0.001204,0.000110
2025-12-16 18:26:19.330,0.146402,0.247023,0.050288,-2.258017,1.297594,2.171594,1.560304,0.010049,-0.091638,0.008803,-0.089348,0.008405,0.000889,-0.000639
2025-12-16 18:26:19.331,0.146416,0.246840,0.050305,-2.258186,1.297611,2.171598,1.560308,0.008444,-0.092902,0.010787,-0.086095,0.005151,0.005068,0.001502
2025-12-16 18:26:19.332,0.146422,0.246744,0.050310,-2.258273,1.297621,2.171598,1.560307,0.008327,-0.095496,0.010911,-0.086174,0.008878,0.003468,0.005350
2025-12-16 18:26:19.334,0.146431,0.246650,0.050319,-2.258361,1.297625,2.171601,1.560311,0.006319,-0.097425,0.011592,-0.084463,0.005951,0.008044,0.003957
2025-12-16 18:26:19.335,0.146442,0.246560,0.050323,-2.258445,1.297633,2.171603,1.560304,0.009040,-0.091708,0.010404,-0.083668,0.004161,0.005622,0.000388
2025-12-16 18:26:19.336,0.146449,0.246469,0.050329,-2.258536,1.297642,2.171605,1.560311,0.006720,-0.094506,0.007852,-0.085133,0.007832,0.004596,0.002649
2025-12-16 18:26:19.337,0.146454,0.246377,0.050338,-2.258620,1.297649,2.171609,1.560313,0.007056,-0.092325,0.006478,-0.086891,0.006248,0.008104,0.002643
2025-12-16 18:26:19.338,0.146467,0.246291,0.050350,-2.258711,1.297660,2.171613,1.560312,0.007122,-0.088815,0.008911,-0.087872,0.010153,0.007145,0.001546
2025-12-16 18:26:19.340,0.146471,0.246195,0.050353,-2.258796,1.297668,2.171616,1.560309,0.007660,-0.090081,0.005917,-0.087952,0.007216,0.004917,-0.001047
2025-12-16 18:26:19.341,0.146483,0.246107,0.050359,-2.258881,1.297677,2.171612,1.560312,0.006937,-0.090297,0.004414,-0.084224,0.010096,0.002190,0.000084
2025-12-16 18:26:19.342,0.146500,0.245917,0.050373,-2.259055,1.297692,2.171615,1.560319,0.009280,-0.091641,0.008133,-0.080907,0.005781,0.000880,0.000597
2025-12-16 18:26:19.343,0.146505,0.245827,0.050375,-2.259139,1.297698,2.171620,1.560316,0.008824,-0.089622,0.005389,-0.079046,0.004323,0.001116,-0.001031
2025-12-16 18:26:19.344,0.146514,0.245734,0.050385,-2.259228,1.297707,2.171622,1.560317,0.010482,-0.089472,0.008136,-0.081227,0.003234,0.000861,-0.001377
2025-12-16 18:26:19.345,0.146528,0.245641,0.050389,-2.259317,1.297717,2.171624,1.560324,0.010173,-0.089204,0.005453,-0.082953,0.002759,0.001374,0.000896
2025-12-16 18:26:19.347,0.146543,0.245458,0.050402,-2.259496,1.297731,2.171631,1.560327,0.008182,-0.087668,0.006674,-0.089551,0.005880,0.000206,0.003467
2025-12-16 18:26:19.348,0.146552,0.245370,0.050407,-2.259578,1.297740,2.171635,1.560322,0.009768,-0.088502,0.007259,-0.087946,0.004772,-0.000165,0.005592
2025-12-16 18:26:19.349,0.146567,0.245174,0.050415,-2.259750,1.297752,2.171637,1.560334,0.010166,-0.092319,0.003342,-0.084543,0.005305,0.000215,0.004344
2025-12-16 18:26:19.350,0.146576,0.245080,0.050425,-2.259843,1.297765,2.171641,1.560337,0.007630,-0.090640,0.006542,-0.087749,0.010141,0.000498,0.008320
2025-12-16 18:26:19.351,0.146582,0.244990,0.050429,-2.259928,1.297770,2.171642,1.560335,0.005076,-0.089504,0.004298,-0.086422,0.007201,0.000344,0.004371
2025-12-16 18:26:19.353,0.146589,0.244896,0.050436,-2.260011,1.297778,2.171647,1.560336,0.006512,-0.090252,0.006111,-0.086284,0.006369,0.000611,0.003406
2025-12-16 18:26:19.354,0.146606,0.244715,0.050447,-2.260182,1.297791,2.171649,1.560353,0.005724,-0.093806,0.008087,-0.089198,0.011313,0.002952,0.004828
2025-12-16 18:26:19.355,0.146614,0.244617,0.050453,-2.260281,1.297798,2.171653,1.560351,0.004364,-0.093619,0.008972,-0.091579,0.012829,0.002265,0.001256
2025-12-16 18:26:19.357,0.146625,0.244527,0.050458,-2.260369,1.297809,2.171653,1.560351,0.003877,-0.094198,0.006102,-0.087312,0.010324,0.001360,-0.000838
2025-12-16 18:26:19.358,0.146642,0.244334,0.050472,-2.260542,1.297824,2.171661,1.560366,0.007886,-0.094520,0.009195,-0.083976,0.005751,0.002050,0.005816
2025-12-16 18:26:19.359,0.146645,0.244238,0.050480,-2.260635,1.297829,2.171661,1.560373,0.008042,-0.093594,0.010313,-0.086951,0.008646,0.001088,0.004334
2025-12-16 18:26:19.360,0.146654,0.244149,0.050483,-2.260719,1.297834,2.171663,1.560377,0.009840,-0.091545,0.007116,-0.086873,0.006501,0.001169,0.001773
2025-12-16 18:26:19.361,0.146659,0.244057,0.050490,-2.260805,1.297841,2.171660,1.560383,0.006829,-0.090734,0.008768,-0.086411,0.009246,-0.000253,0.001439
2025-12-16 18:26:19.363,0.146665,0.243957,0.050500,-2.260887,1.297847,2.171663,1.560396,0.005172,-0.094978,0.007740,-0.084542,0.006970,-0.000129,0.007300
2025-12-16 18:26:19.364,0.146685,0.243772,0.050508,-2.261073,1.297862,2.171662,1.560418,0.008254,-0.091592,0.003737,-0.090749,0.012934,-0.000603,0.009478
2025-12-16 18:26:19.365,0.146691,0.243674,0.050519,-2.261164,1.297868,2.171663,1.560423,0.009217,-0.094699,0.004545,-0.091285,0.009645,-0.000385,0.010246
2025-12-16 18:26:19.366,0.146696,0.243580,0.050520,-2.261251,1.297876,2.171664,1.560433,0.009404,-0.095507,0.002134,-0.089478,0.008180,0.000095,0.007737
2025-12-16 18:26:19.368,0.146704,0.243481,0.050526,-2.261340,1.297881,2.171663,1.560446,0.010800,-0.097314,0.004466,-0.085820,0.006029,-0.000267,0.006923
2025-12-16 18:26:19.369,0.146713,0.243296,0.050539,-2.261514,1.297888,2.171664,1.560464,0.010220,-0.097640,0.005021,-0.085437,0.002748,0.000231,0.007092
2025-12-16 18:26:19.370,0.146725,0.243196,0.050544,-2.261600,1.297892,2.171663,1.560467,0.012626,-0.100065,0.006054,-0.082336,0.001736,-0.000181,0.007818
2025-12-16 18:26:19.371,0.146730,0.243106,0.050554,-2.261685,1.297895,2.171663,1.560481,0.011939,-0.098423,0.008529,-0.082493,0.001000,-0.000118,0.012145
2025-12-16 18:26:19.373,0.146732,0.243007,0.050557,-2.261783,1.297901,2.171663,1.560494,0.007729,-0.100251,0.008085,-0.089337,0.002126,-0.000076,0.010191
2025-12-16 18:26:19.374,0.146739,0.242908,0.050562,-2.261869,1.297905,2.171661,1.560508,0.009049,-0.101339,0.005455,-0.087034,0.001519,-0.000422,0.012614
2025-12-16 18:26:19.375,0.146753,0.242710,0.050577,-2.262053,1.297910,2.171665,1.560518,0.010171,-0.101655,0.007997,-0.088004,0.000332,0.000775,0.007679
2025-12-16 18:26:19.376,0.146761,0.242610,0.050581,-2.262144,1.297914,2.171665,1.560538,0.008257,-0.102563,0.004939,-0.088563,0.000604,0.000517,0.012918
2025-12-16 18:26:19.377,0.146768,0.242519,0.050589,-2.262233,1.297916,2.171666,1.560553,0.005638,-0.100225,0.004390,-0.091445,0.000435,0.000718,0.014642
2025-12-16 18:26:19.378,0.146775,0.242419,0.050595,-2.262319,1.297917,2.171668,1.560560,0.004276,-0.101397,0.006208,-0.089288,-0.000330,0.000106,0.010541
2025-12-16 18:26:19.380,0.146781,0.242323,0.050603,-2.262409,1.297922,2.171669,1.560569,0.003796,-0.101082,0.008102,-0.088889,-0.000202,0.000071,0.011568
2025-12-16 18:26:19.381,0.146784,0.242229,0.050610,-2.262496,1.297923,2.171669,1.560580,0.001708,-0.099629,0.006047,-0.088764,-0.000121,0.000048,0.013816
2025-12-16 18:26:19.382,0.146801,0.242030,0.050622,-2.262681,1.297929,2.171665,1.560606,0.005589,-0.100702,0.003808,-0.091339,0.003990,0.000259,0.013162
2025-12-16 18:26:19.383,0.146808,0.241926,0.050626,-2.262782,1.297932,2.171665,1.560612,0.007305,-0.100405,0.002161,-0.093491,0.003635,0.000173,0.013059
2025-12-16 18:26:19.384,0.146812,0.241824,0.050628,-2.262873,1.297934,2.171665,1.560618,0.005424,-0.100459,0.001089,-0.091642,0.001967,0.000115,0.013142
2025-12-16 18:26:19.385,0.146819,0.241727,0.050637,-2.262959,1.297934,2.171669,1.560635,0.004588,-0.096228,0.002642,-0.086717,0.005847,0.000450,0.011458
2025-12-16 18:26:19.386,0.146827,0.241631,0.050643,-2.263048,1.297935,2.171666,1.560649,0.003927,-0.093066,0.001877,-0.086078,0.003771,-0.000073,0.015457
2025-12-16 18:26:19.388,0.146828,0.241530,0.050643,-2.263138,1.297941,2.171663,1.560657,0.001738,-0.092645,0.000131,-0.089087,0.007929,-0.000761,0.014603
2025-12-16 18:26:19.389,0.146843,0.241331,0.050655,-2.263317,1.297945,2.171668,1.560676,0.004894,-0.098556,0.003403,-0.087714,0.005032,0.000137,0.007153
2025-12-16 18:26:19.390,0.146853,0.241225,0.050663,-2.263408,1.297947,2.171668,1.560693,0.004829,-0.099752,0.003749,-0.089838,0.003399,-0.000282,0.012293
2025-12-16 18:26:19.391,0.146857,0.241124,0.050667,-2.263508,1.297949,2.171669,1.560703,0.003489,-0.098075,0.004925,-0.091228,0.007720,0.000185,0.009098
2025-12-16 18:26:19.392,0.146863,0.241020,0.050673,-2.263605,1.297952,2.171668,1.560710,0.002528,-0.101989,0.003677,-0.094668,0.005426,0.000835,0.004572
2025-12-16 18:26:19.393,0.146871,0.240917,0.050681,-2.263692,1.297954,2.171671,1.560714,0.005601,-0.100969,0.006822,-0.091675,0.008146,0.000557,0.002471
2025-12-16 18:26:19.395,0.146876,0.240817,0.050684,-2.263787,1.297956,2.171672,1.560735,0.003558,-0.099910,0.007858,-0.091242,0.006171,0.000744,0.009706
2025-12-16 18:26:19.396,0.146887,0.240619,0.050688,-2.263972,1.297961,2.171669,1.560751,0.004388,-0.097920,0.002957,-0.092843,0.003755,-0.000393,0.011994
2025-12-16 18:26:19.397,0.146898,0.240513,0.050695,-2.264066,1.297964,2.171671,1.560760,0.004560,-0.100098,0.002856,-0.092642,0.002816,0.000111,0.012677
2025-12-16 18:26:19.398,0.146902,0.240405,0.050696,-2.264162,1.297967,2.171671,1.560782,0.002711,-0.101570,0.003271,-0.094435,0.007572,0.000074,0.016840
2025-12-16 18:26:19.399,0.146909,0.240300,0.050700,-2.264256,1.297971,2.171670,1.560794,0.004660,-0.103811,0.002606,-0.092088,0.005625,-0.000324,0.017689
2025-12-16 18:26:19.401,0.146915,0.240191,0.050706,-2.264356,1.297975,2.171672,1.560803,0.006170,-0.104808,0.005643,-0.091768,0.008889,0.000496,0.016444
2025-12-16 18:26:19.402,0.146928,0.239986,0.050715,-2.264549,1.297979,2.171673,1.560827,0.003589,-0.103546,0.006050,-0.095877,0.004322,0.000594,0.013192
2025-12-16 18:26:19.403,0.146936,0.239886,0.050721,-2.264644,1.297981,2.171671,1.560842,0.003286,-0.102129,0.004543,-0.099358,0.002606,-0.000316,0.011343
2025-12-16 18:26:19.404,0.146941,0.239782,0.050728,-2.264738,1.297983,2.171672,1.560850,0.001886,-0.102353,0.004525,-0.095904,0.002379,0.000128,0.007634
2025-12-16 18:26:19.405,0.146949,0.239679,0.050732,-2.264834,1.297984,2.171670,1.560863,0.005084,-0.099868,0.003304,-0.093873,0.001813,-0.000627,0.010472
2025-12-16 18:26:19.406,0.146954,0.239575,0.050733,-2.264929,1.297986,2.171672,1.560869,0.007475,-0.099749,0.001861,-0.093013,0.001039,0.000294,0.006414
2025-12-16 18:26:19.408,0.146958,0.239469,0.050738,-2.265032,1.297990,2.171671,1.560888,0.008658,-0.101120,0.004812,-0.096599,0.001838,-0.000143,0.011384
2025-12-16 18:26:19.409,0.146963,0.239359,0.050743,-2.265124,1.297994,2.171670,1.560900,0.007101,-0.102707,0.004773,-0.095876,0.001321,-0.000468,0.013642
2025-12-16 18:26:19.410,0.146972,0.239152,0.050747,-2.265325,1.297998,2.171672,1.560916,0.005054,-0.102557,0.003059,-0.098641,0.000350,0.000142,0.013306
2025-12-16 18:26:19.411,0.146976,0.239048,0.050751,-2.265414,1.298000,2.171670,1.560932,0.004769,-0.099823,0.003397,-0.093978,0.000613,-0.000617,0.015904
2025-12-16 18:26:19.412,0.146977,0.238944,0.050753,-2.265510,1.298000,2.171670,1.560950,0.006529,-0.099865,0.002935,-0.094771,0.004198,-0.000411,0.014118
2025-12-16 18:26:19.413,0.146979,0.238845,0.050760,-2.265607,1.298004,2.171670,1.560961,0.004775,-0.099413,0.007242,-0.096243,0.003898,-0.000274,0.014370
2025-12-16 18:26:19.414,0.146983,0.238739,0.050762,-2.265702,1.298004,2.171670,1.560966,0.004707,-0.103148,0.005781,-0.094850,0.002914,-0.000183,0.008894
2025-12-16 18:26:19.416,0.146985,0.238626,0.050765,-2.265799,1.298005,2.171671,1.560979,0.003932,-0.106060,0.004082,-0.093504,0.002518,0.000251,0.011504
2025-12-16 18:26:19.417,0.146997,0.238411,0.050770,-2.265996,1.298010,2.171670,1.561011,0.003547,-0.105250,0.003015,-0.094000,0.001597,-0.000137,0.008515
2025-12-16 18:26:19.419,0.146996,0.238311,0.050774,-2.266093,1.298011,2.171672,1.561019,0.001908,-0.103770,0.002663,-0.091938,0.001470,0.000621,0.009107
2025-12-16 18:26:19.420,0.147001,0.238106,0.050778,-2.266276,1.298012,2.171670,1.561039,0.005505,-0.103008,0.002743,-0.093910,-0.000122,-0.000199,0.010007
2025-12-16 18:26:19.421,0.147003,0.238008,0.050781,-2.266373,1.298015,2.171670,1.561056,0.003617,-0.100564,0.002107,-0.098863,0.000639,-0.000133,0.008610
2025-12-16 18:26:19.422,0.147008,0.237901,0.050787,-2.266470,1.298016,2.171668,1.561066,0.003346,-0.104364,0.001613,-0.100334,0.000763,-0.000461,0.011066
2025-12-16 18:26:19.423,0.147010,0.237797,0.050789,-2.266560,1.298019,2.171670,1.561074,0.004551,-0.105431,0.003561,-0.095369,0.000532,0.000065,0.011222
2025-12-16 18:26:19.424,0.147012,0.237688,0.050793,-2.266657,1.298020,2.171671,1.561088,0.006076,-0.108373,0.004410,-0.094148,0.000372,0.000417,0.013110
2025-12-16 18:26:19.425,0.147010,0.237575,0.050796,-2.266757,1.298019,2.171671,1.561101,0.002355,-0.109414,0.005181,-0.095743,-0.000044,0.000278,0.010621
2025-12-16 18:26:19.427,0.147018,0.237473,0.050801,-2.266853,1.298022,2.171671,1.561117,0.002688,-0.108432,0.003423,-0.095915,0.005447,0.000185,0.013314
2025-12-16 18:26:19.428,0.147017,0.237371,0.050804,-2.266944,1.298024,2.171674,1.561125,0.002923,-0.105090,0.004511,-0.095980,0.003702,0.001209,0.009209
2025-12-16 18:26:19.429,0.147020,0.237267,0.050807,-2.267036,1.298025,2.171672,1.561133,0.001365,-0.106792,0.005266,-0.092855,0.002775,0.000060,0.005126
2025-12-16 18:26:19.430,0.147023,0.237058,0.050810,-2.267227,1.298028,2.171673,1.561160,0.000956,-0.107684,0.002858,-0.093467,0.005106,0.000400,0.005156
2025-12-16 18:26:19.431,0.147033,0.236947,0.050816,-2.267324,1.298028,2.171671,1.561173,0.002328,-0.109305,0.003084,-0.096463,0.003488,-0.000446,0.004853
2025-12-16 18:26:19.432,0.147035,0.236838,0.050820,-2.267419,1.298032,2.171673,1.561176,0.000708,-0.110183,0.004844,-0.093534,0.002982,0.000415,0.001313
2025-12-16 18:26:19.433,0.147036,0.236733,0.050818,-2.267518,1.298036,2.171675,1.561191,-0.000369,-0.107364,0.001498,-0.095240,0.003209,0.001023,0.011138
2025-12-16 18:26:19.434,0.147040,0.236629,0.050826,-2.267614,1.298037,2.171676,1.561200,-0.000042,-0.104581,0.003204,-0.096485,0.001335,0.001021,0.012308
2025-12-16 18:26:19.435,0.147043,0.236524,0.050830,-2.267709,1.298040,2.171676,1.561216,0.000125,-0.105756,0.002468,-0.093148,0.001668,0.000681,0.011455
2025-12-16 18:26:19.436,0.147050,0.236419,0.050831,-2.267804,1.298041,2.171676,1.561225,0.004424,-0.104123,0.001894,-0.094832,0.000229,0.000454,0.011623
2025-12-16 18:26:19.437,0.147047,0.236311,0.050825,-2.267899,1.298040,2.171677,1.561236,0.002181,-0.106349,0.000243,-0.096499,-0.000450,0.000675,0.012334
2025-12-16 18:26:19.439,0.147049,0.236210,0.050836,-2.267995,1.298046,2.171676,1.561243,0.002270,-0.108373,0.003271,-0.094848,0.000435,0.000077,0.012964
2025-12-16 18:26:19.440,0.147055,0.236101,0.050829,-2.268089,1.298046,2.171677,1.561265,0.003471,-0.106765,0.000523,-0.096367,-0.000007,0.000425,0.017469
2025-12-16 18:26:19.441,0.147053,0.235995,0.050828,-2.268186,1.298051,2.171675,1.561278,0.001810,-0.102282,0.000427,-0.097798,0.000705,-0.000429,0.018507
2025-12-16 18:26:19.442,0.147057,0.235885,0.050835,-2.268284,1.298056,2.171676,1.561286,0.002522,-0.103141,0.002664,-0.094964,0.000494,0.000053,0.012984
2025-12-16 18:26:19.443,0.147055,0.235780,0.050835,-2.268379,1.298057,2.171675,1.561292,0.001207,-0.105453,0.001820,-0.095066,0.005173,-0.000304,0.012156
2025-12-16 18:26:19.444,0.147057,0.235674,0.050837,-2.268476,1.298061,2.171675,1.561306,0.001423,-0.107553,0.001803,-0.092681,0.003864,-0.000202,0.010321
2025-12-16 18:26:19.445,0.147058,0.235571,0.050839,-2.268573,1.298065,2.171673,1.561325,0.001551,-0.105336,0.001877,-0.094836,0.007576,-0.000881,0.009586
2025-12-16 18:26:19.446,0.147058,0.235459,0.050839,-2.268673,1.298065,2.171675,1.561333,0.001069,-0.108348,0.001270,-0.094415,0.004997,0.000159,0.010808
2025-12-16 18:26:19.447,0.147064,0.235352,0.050840,-2.268774,1.298070,2.171674,1.561339,0.002502,-0.110038,0.001417,-0.093749,0.004138,-0.000267,0.007016
2025-12-16 18:26:19.448,0.147062,0.235244,0.050844,-2.268867,1.298073,2.171673,1.561346,0.001130,-0.108129,0.001512,-0.091097,0.007470,-0.000551,0.008922
2025-12-16 18:26:19.449,0.147065,0.235137,0.050843,-2.268969,1.298075,2.171670,1.561366,0.001882,-0.107401,0.001016,-0.095129,0.005974,-0.000367,0.014147
2025-12-16 18:26:19.450,0.147064,0.235033,0.050844,-2.269066,1.298080,2.171672,1.561378,0.000709,-0.106767,0.001333,-0.095290,0.004813,-0.000245,0.010873
2025-12-16 18:26:19.452,0.147070,0.234615,0.050849,-2.269463,1.298092,2.171670,1.561423,0.002104,-0.104107,0.000249,-0.097394,0.007679,0.000165,0.011290
2025-12-16 18:26:19.453,0.147074,0.234509,0.050853,-2.269560,1.298096,2.171672,1.561437,0.002075,-0.105614,0.000724,-0.097909,0.006478,0.000110,0.013591
2025-12-16 18:26:19.454,0.147075,0.234399,0.050848,-2.269661,1.298099,2.171667,1.561443,0.001470,-0.107890,-0.000630,-0.096443,0.004829,-0.000639,0.013404
2025-12-16 18:26:19.455,0.147081,0.234293,0.050848,-2.269759,1.298102,2.171668,1.561454,0.005381,-0.109655,-0.001069,-0.096738,0.003908,-0.000799,0.010527
2025-12-16 18:26:19.456,0.147078,0.234189,0.050853,-2.269855,1.298107,2.171674,1.561466,0.002690,-0.110487,0.001051,-0.097065,0.003570,0.000926,0.012237
2025-12-16 18:26:19.457,0.147082,0.234079,0.050850,-2.269954,1.298106,2.171668,1.561489,0.002582,-0.109647,-0.000412,-0.096595,0.001917,-0.000129,0.012115
2025-12-16 18:26:19.458,0.147082,0.233979,0.050854,-2.270053,1.298110,2.171666,1.561490,0.000782,-0.105967,0.003163,-0.096399,0.001440,-0.000425,0.006712
2025-12-16 18:26:19.459,0.147082,0.233867,0.050855,-2.270153,1.298110,2.171667,1.561497,-0.001111,-0.109281,0.001792,-0.097786,0.000776,0.000056,0.008017
2025-12-16 18:26:19.461,0.147087,0.233764,0.050855,-2.270252,1.298117,2.171667,1.561506,0.003027,-0.108352,0.000169,-0.098146,0.001591,0.000037,0.005853
2025-12-16 18:26:19.462,0.147087,0.233652,0.050854,-2.270356,1.298116,2.171667,1.561529,0.003881,-0.108223,-0.000309,-0.100505,0.000451,0.000025,0.012547
2025-12-16 18:26:19.463,0.147093,0.233546,0.050857,-2.270451,1.298121,2.171669,1.561539,0.003761,-0.108586,-0.000754,-0.096746,0.000691,0.000762,0.013599
2025-12-16 18:26:19.464,0.147094,0.233436,0.050860,-2.270544,1.298123,2.171670,1.561544,0.001137,-0.110966,0.002446,-0.092535,0.000838,0.000881,0.008656
2025-12-16 18:26:19.465,0.147092,0.233336,0.050858,-2.270641,1.298126,2.171669,1.561557,-0.000710,-0.110172,0.000813,-0.091582,0.000587,0.000215,0.006557
2025-12-16 18:26:19.466,0.147098,0.233228,0.050861,-2.270741,1.298127,2.171668,1.561569,0.003488,-0.108365,0.000764,-0.093545,0.000074,-0.000230,0.005334
2025-12-16 18:26:19.467,0.147099,0.233122,0.050864,-2.270838,1.298128,2.171668,1.561583,0.002199,-0.109619,0.000676,-0.093334,-0.000579,-0.000153,0.005423
2025-12-16 18:26:19.468,0.147102,0.233012,0.050860,-2.270938,1.298129,2.171667,1.561595,0.001790,-0.110936,-0.001187,-0.095107,-0.000374,-0.000475,0.008301
2025-12-16 18:26:19.470,0.147105,0.232904,0.050862,-2.271040,1.298131,2.171667,1.561605,0.001992,-0.110823,-0.000141,-0.097896,0.000065,-0.000317,0.005801
2025-12-16 18:26:19.471,0.147110,0.232683,0.050865,-2.271234,1.298137,2.171670,1.561630,0.001700,-0.106568,0.000656,-0.096200,0.000932,0.000605,0.011538
2025-12-16 18:26:19.472,0.147114,0.232577,0.050865,-2.271336,1.298137,2.171668,1.561646,0.002442,-0.104535,0.000477,-0.098501,0.000286,-0.000343,0.015092
2025-12-16 18:26:19.473,0.147112,0.232475,0.050868,-2.271431,1.298138,2.171669,1.561658,0.001148,-0.104772,0.002111,-0.095802,-0.000451,0.000145,0.010801
2025-12-16 18:26:19.474,0.147112,0.232370,0.050868,-2.271521,1.298139,2.171667,1.561665,0.001380,-0.108526,0.001429,-0.094442,-0.000298,-0.000650,0.011292
2025-12-16 18:26:19.475,0.147115,0.232261,0.050868,-2.271621,1.298139,2.171668,1.561676,0.002169,-0.109939,0.000970,-0.096102,-0.000197,-0.000060,0.012503
2025-12-16 18:26:19.477,0.147114,0.232041,0.050873,-2.271816,1.298147,2.171667,1.561703,0.001567,-0.108273,0.001841,-0.095434,0.001010,-0.000275,0.015762
2025-12-16 18:26:19.478,0.147115,0.231929,0.050874,-2.271914,1.298146,2.171666,1.561716,0.001620,-0.107401,0.001791,-0.096928,0.000335,-0.000523,0.012588
2025-12-16 18:26:19.479,0.147117,0.231818,0.050873,-2.272011,1.298148,2.171666,1.561721,0.001650,-0.110059,0.000642,-0.094585,0.000902,-0.000348,0.011191
2025-12-16 18:26:19.480,0.147115,0.231715,0.050874,-2.272107,1.298151,2.171666,1.561738,-0.000003,-0.110804,0.001546,-0.091831,0.005092,-0.000232,0.015388
2025-12-16 18:26:19.482,0.147117,0.231615,0.050874,-2.272202,1.298151,2.171665,1.561750,0.001119,-0.109289,0.000477,-0.093752,0.003459,0.000557,0.016943
2025-12-16 18:26:19.483,0.147113,0.231515,0.050879,-2.272297,1.298152,2.171667,1.561762,-0.000362,-0.105501,0.002083,-0.092166,0.002947,0.000371,0.013331
2025-12-16 18:26:19.484,0.147122,0.231295,0.050875,-2.272494,1.298153,2.171665,1.561776,0.002134,-0.105795,0.000279,-0.091785,0.001088,-0.000796,0.009730
2025-12-16 18:26:19.485,0.147123,0.231189,0.050880,-2.272591,1.298154,2.171662,1.561786,-0.000509,-0.107604,0.001950,-0.090199,0.000853,-0.000157,0.012100
2025-12-16 18:26:19.486,0.147124,0.231078,0.050880,-2.272688,1.298156,2.171661,1.561802,-0.000043,-0.107341,0.001301,-0.092710,0.001308,-0.000105,0.015771
2025-12-16 18:26:19.487,0.147124,0.230973,0.050876,-2.272787,1.298159,2.171663,1.561812,-0.000223,-0.106020,0.000311,-0.094049,0.001927,0.000642,0.012117
2025-12-16 18:26:19.488,0.147125,0.230865,0.050881,-2.272883,1.298162,2.171663,1.561818,0.000262,-0.106361,0.001971,-0.096900,0.001339,0.000428,0.006457
2025-12-16 18:26:19.489,0.147125,0.230764,0.050879,-2.272978,1.298162,2.171662,1.561828,0.000065,-0.104126,0.000757,-0.097448,0.000628,-0.000088,0.004997
2025-12-16 18:26:19.490,0.147125,0.230660,0.050882,-2.273075,1.298160,2.171661,1.561846,-0.000039,-0.103726,0.001619,-0.094539,-0.000569,-0.000397,0.006393
2025-12-16 18:26:19.492,0.147125,0.230553,0.050877,-2.273172,1.298160,2.171658,1.561858,-0.000088,-0.107527,-0.000684,-0.098292,-0.000356,-0.001350,0.005363
2025-12-16 18:26:19.493,0.147125,0.230446,0.050878,-2.273276,1.298163,2.171660,1.561865,-0.000105,-0.111275,0.000751,-0.099076,-0.000221,-0.000188,0.006736
2025-12-16 18:26:19.494,0.147124,0.230333,0.050878,-2.273376,1.298165,2.171660,1.561871,-0.000661,-0.114008,-0.000056,-0.101958,0.000205,0.000960,0.004725
2025-12-16 18:26:19.495,0.147129,0.230114,0.050880,-2.273574,1.298168,2.171658,1.561892,0.001247,-0.110442,0.000748,-0.100906,0.000760,0.000427,0.003820
2025-12-16 18:26:19.496,0.147131,0.230011,0.050882,-2.273669,1.298166,2.171659,1.561901,0.001373,-0.107014,0.001056,-0.096910,-0.000132,0.000657,0.002803
2025-12-16 18:26:19.497,0.147131,0.229906,0.050880,-2.273768,1.298168,2.171660,1.561910,0.000348,-0.108330,0.000147,-0.094622,0.003893,0.000811,0.001722
2025-12-16 18:26:19.499,0.147125,0.229802,0.050879,-2.273861,1.298166,2.171659,1.561914,-0.002096,-0.105705,-0.000459,-0.091268,0.002003,0.000168,0.004159
2025-12-16 18:26:19.500,0.147130,0.229580,0.050881,-2.274061,1.298170,2.171655,1.561938,0.000637,-0.108058,-0.000204,-0.093829,0.002300,0.000323,0.004474
2025-12-16 18:26:19.501,0.147125,0.229467,0.050876,-2.274167,1.298172,2.171656,1.561946,-0.000785,-0.110950,-0.001342,-0.096792,0.002376,0.000588,0.008771
2025-12-16 18:26:19.502,0.147126,0.229357,0.050879,-2.274269,1.298172,2.171657,1.561944,0.000031,-0.109276,0.006050,-0.097652,0.001708,0.000731,0.003202
2025-12-16 18:26:19.503,0.147126,0.229253,0.050877,-2.274371,1.298172,2.171658,1.561956,0.000019,-0.106829,0.003305,-0.098836,0.001231,0.000861,0.003338
2025-12-16 18:26:19.505,0.147128,0.229152,0.050879,-2.274461,1.298175,2.171657,1.561966,0.000011,-0.103639,0.003119,-0.097057,0.000891,0.000201,0.003992
2025-12-16 18:26:19.506,0.147127,0.228939,0.050878,-2.274663,1.298172,2.171654,1.561979,-0.000770,-0.105925,0.001767,-0.101240,0.000131,0.000089,0.006322
2025-12-16 18:26:19.507,0.147131,0.228832,0.050879,-2.274758,1.298173,2.171652,1.561979,0.000692,-0.107205,0.001979,-0.102741,-0.000223,0.000059,0.007651
2025-12-16 18:26:19.508,0.147127,0.228716,0.050876,-2.274864,1.298176,2.171654,1.561989,-0.000745,-0.107342,-0.000330,-0.103071,0.000552,0.000786,0.007358
2025-12-16 18:26:19.509,0.147131,0.228605,0.050877,-2.274973,1.298177,2.171655,1.561996,0.000709,-0.105841,0.000978,-0.104755,0.000723,0.000897,0.006216
2025-12-16 18:26:19.511,0.147131,0.228493,0.050879,-2.275070,1.298178,2.171654,1.561999,0.000473,-0.105588,0.000716,-0.102266,0.000800,0.000225,0.004967
2025-12-16 18:26:19.512,0.147127,0.228390,0.050877,-2.275168,1.298179,2.171656,1.561997,-0.000335,-0.106047,0.000525,-0.100658,0.004608,0.000862,0.001851
2025-12-16 18:26:19.513,0.147122,0.228184,0.050877,-2.275360,1.298176,2.171653,1.562003,-0.001077,-0.104357,0.000068,-0.100083,0.001405,-0.000340,0.001644
2025-12-16 18:26:19.514,0.147120,0.228079,0.050877,-2.275455,1.298178,2.171650,1.562008,-0.001275,-0.107936,0.000065,-0.099948,0.001805,-0.000227,0.002696
2025-12-16 18:26:19.515,0.147120,0.227965,0.050877,-2.275560,1.298180,2.171649,1.562010,-0.000293,-0.109561,0.000059,-0.105611,0.001711,-0.000151,0.002243
2025-12-16 18:26:19.516,0.147119,0.227854,0.050875,-2.275665,1.298181,2.171650,1.562003,-0.000196,-0.107031,-0.000506,-0.105402,0.001606,0.000272,-0.000934
2025-12-16 18:26:19.518,0.147119,0.227743,0.050877,-2.275763,1.298182,2.171651,1.562005,-0.000130,-0.106036,0.000228,-0.103610,0.001505,0.000554,0.000150
2025-12-16 18:26:19.519,0.147122,0.227634,0.050876,-2.275871,1.298182,2.171650,1.562008,0.001027,-0.104749,0.000808,-0.104812,0.001074,0.001082,0.001230
2025-12-16 18:26:19.520,0.147116,0.227427,0.050876,-2.276063,1.298179,2.171647,1.562005,-0.002521,-0.102523,-0.003950,-0.096122,-0.000238,-0.004421,-0.000728
2025-12-16 18:26:19.521,0.147108,0.227325,0.050876,-2.276163,1.298179,2.171643,1.562005,-0.003646,-0.103232,-0.002991,-0.097668,-0.000129,-0.003674,-0.000466
2025-12-16 18:26:19.522,0.147109,0.227212,0.050875,-2.276264,1.298183,2.171638,1.562003,-0.004523,-0.106484,-0.002261,-0.098802,0.000276,-0.003859,-0.001009
2025-12-16 18:26:19.524,0.147108,0.227103,0.050877,-2.276368,1.298181,2.171636,1.562010,-0.002834,-0.108421,-0.001152,-0.103368,0.000201,-0.003503,0.001847
2025-12-16 18:26:19.525,0.147101,0.226989,0.050873,-2.276467,1.298186,2.171638,1.562009,-0.003934,-0.111502,-0.001475,-0.106866,0.001130,-0.001787,0.000901
2025-12-16 18:26:19.526,0.147102,0.226880,0.050873,-2.276569,1.298182,2.171638,1.562010,-0.001071,-0.109331,-0.001096,-0.107880,0.000118,-0.000195,0.000945
2025-12-16 18:26:19.527,0.147098,0.226674,0.050868,-2.276774,1.298186,2.171633,1.562009,-0.002888,-0.104234,-0.001628,-0.106364,0.000187,-0.003844,0.000800
2025-12-16 18:26:19.528,0.147095,0.226570,0.050869,-2.276874,1.298185,2.171630,1.562011,-0.002212,-0.106142,-0.000483,-0.104359,-0.000210,-0.003344,0.001248
2025-12-16 18:26:19.529,0.147093,0.226463,0.050871,-2.276976,1.298186,2.171626,1.562010,-0.001133,-0.108549,0.000199,-0.104077,-0.000137,-0.004020,0.000461
2025-12-16 18:26:19.530,0.147087,0.226357,0.050870,-2.277075,1.298186,2.171623,1.562006,-0.002030,-0.109014,0.000663,-0.102242,-0.000089,-0.002556,-0.001116
2025-12-16 18:26:19.532,0.147087,0.226250,0.050869,-2.277176,1.298185,2.171619,1.562005,0.000196,-0.108269,0.000422,-0.101093,-0.000397,-0.001890,-0.001116
2025-12-16 18:26:19.533,0.147081,0.226141,0.050868,-2.277279,1.298188,2.171618,1.562011,-0.001074,-0.107341,-0.000291,-0.104895,0.000720,-0.000315,0.001427
2025-12-16 18:26:19.534,0.147075,0.225930,0.050868,-2.277491,1.298186,2.171612,1.562011,-0.003878,-0.105055,0.000659,-0.102068,-0.000436,-0.004250,0.000873
2025-12-16 18:26:19.535,0.147075,0.225825,0.050866,-2.277591,1.298187,2.171611,1.562004,-0.004820,-0.103671,0.000433,-0.101359,0.000049,-0.007834,-0.001927
2025-12-16 18:26:19.537,0.147072,0.225719,0.050863,-2.277692,1.298187,2.171605,1.562011,-0.003708,-0.107178,0.000284,-0.102814,0.000033,-0.006716,0.001225
2025-12-16 18:26:19.538,0.147063,0.225502,0.050860,-2.277887,1.298186,2.171587,1.562011,-0.005177,-0.108092,-0.000065,-0.097163,-0.000539,-0.008730,0.000782
2025-12-16 18:26:19.539,0.147059,0.225390,0.050857,-2.277991,1.298187,2.171584,1.562006,-0.007098,-0.107804,-0.000695,-0.098403,0.004800,-0.010410,-0.001276
2025-12-16 18:26:19.541,0.147057,0.225282,0.050856,-2.278098,1.298188,2.171582,1.562007,-0.004240,-0.107243,-0.002690,-0.099614,0.003907,-0.006702,-0.000511
2025-12-16 18:26:19.542,0.147049,0.225179,0.050853,-2.278204,1.298188,2.171577,1.562007,-0.007561,-0.105878,-0.002034,-0.102249,0.002906,-0.008702,-0.000341
2025-12-16 18:26:19.543,0.147049,0.225078,0.050854,-2.278310,1.298189,2.171571,1.562012,-0.007117,-0.104392,-0.003855,-0.107670,0.002502,-0.010271,0.001604
2025-12-16 18:26:19.544,0.147041,0.224974,0.050852,-2.278410,1.298188,2.171560,1.562011,-0.006022,-0.103297,-0.005822,-0.104693,0.001499,-0.012877,0.000696
2025-12-16 18:26:19.545,0.147031,0.224869,0.050852,-2.278513,1.298187,2.171548,1.562003,-0.008865,-0.103093,-0.003288,-0.103219,0.000821,-0.011957,-0.001333
2025-12-16 18:26:19.547,0.147030,0.224768,0.050851,-2.278620,1.298186,2.171535,1.562000,-0.004911,-0.101066,-0.001933,-0.107226,0.000304,-0.009186,-0.001262
2025-12-16 18:26:19.548,0.147021,0.224550,0.050848,-2.278820,1.298187,2.171518,1.562009,-0.004462,-0.105221,-0.000718,-0.102482,0.000361,-0.008872,0.001598
2025-12-16 18:26:19.549,0.147014,0.224438,0.050844,-2.278928,1.298188,2.171510,1.562008,-0.006030,-0.106245,-0.001200,-0.106496,0.000586,-0.010601,0.000726
2025-12-16 18:26:19.550,0.146997,0.224230,0.050842,-2.279140,1.298191,2.171490,1.562002,-0.007070,-0.102861,-0.000337,-0.103397,0.000190,-0.009594,-0.001599
2025-12-16 18:26:19.552,0.146989,0.224128,0.050841,-2.279243,1.298187,2.171479,1.562008,-0.005325,-0.100996,-0.002587,-0.105355,-0.000501,-0.012621,0.001104
2025-12-16 18:26:19.553,0.146981,0.224025,0.050840,-2.279346,1.298188,2.171467,1.562010,-0.004008,-0.100887,-0.002014,-0.104336,0.000323,-0.014819,0.001448
2025-12-16 18:26:19.554,0.146965,0.223810,0.050842,-2.279552,1.298187,2.171446,1.562004,-0.005425,-0.104052,0.000746,-0.105662,-0.000148,-0.011983,-0.001153
2025-12-16 18:26:19.555,0.146959,0.223703,0.050840,-2.279660,1.298191,2.171438,1.562008,-0.006817,-0.102061,-0.000182,-0.108240,0.000212,-0.012158,0.000316
2025-12-16 18:26:19.556,0.146957,0.223589,0.050833,-2.279769,1.298190,2.171426,1.562013,-0.004512,-0.104247,-0.002533,-0.109151,0.000484,-0.009574,0.002008
2025-12-16 18:26:19.558,0.146947,0.223481,0.050831,-2.279879,1.298190,2.171416,1.562012,-0.007744,-0.107464,-0.001757,-0.110655,0.000665,-0.008289,0.000966
2025-12-16 18:26:19.559,0.146943,0.223380,0.050830,-2.279984,1.298191,2.171406,1.562005,-0.005765,-0.103693,-0.001223,-0.108219,-0.000233,-0.005769,-0.000441
2025-12-16 18:26:19.560,0.146927,0.223179,0.050829,-2.280188,1.298190,2.171387,1.562006,-0.007708,-0.106905,-0.001588,-0.106008,0.000238,-0.010706,0.001149
2025-12-16 18:26:19.561,0.146924,0.223073,0.050828,-2.280293,1.298194,2.171380,1.562008,-0.005593,-0.104982,-0.001637,-0.104670,0.000838,-0.011986,0.001478
2025-12-16 18:26:19.562,0.146916,0.222961,0.050823,-2.280397,1.298192,2.171367,1.562007,-0.005833,-0.109087,-0.002871,-0.105946,-0.000458,-0.009085,0.000612
2025-12-16 18:26:19.564,0.146911,0.222850,0.050819,-2.280509,1.298192,2.171354,1.561996,-0.008492,-0.108079,-0.003133,-0.109798,-0.000305,-0.012308,-0.002101
2025-12-16 18:26:19.565,0.146905,0.222742,0.050815,-2.280624,1.298193,2.171342,1.561999,-0.007228,-0.107244,-0.002654,-0.110850,0.000136,-0.014580,0.000023
2025-12-16 18:26:19.566,0.146901,0.222536,0.050810,-2.280840,1.298190,2.171328,1.561999,-0.008035,-0.103340,-0.003107,-0.111835,-0.000708,-0.006754,-0.003247
2025-12-16 18:26:19.567,0.146892,0.222437,0.050809,-2.280944,1.298194,2.171322,1.561997,-0.008686,-0.101481,-0.002632,-0.103361,-0.000472,-0.008413,-0.002896
2025-12-16 18:26:19.568,0.146888,0.222336,0.050805,-2.281052,1.298193,2.171312,1.561990,-0.006779,-0.103361,-0.002407,-0.106982,0.000025,-0.011162,-0.004395
2025-12-16 18:26:19.569,0.146887,0.222227,0.050804,-2.281162,1.298194,2.171302,1.561991,-0.004774,-0.103449,-0.002164,-0.108821,0.000661,-0.008825,-0.007501
2025-12-16 18:26:19.570,0.146880,0.222114,0.050798,-2.281271,1.298198,2.171289,1.561993,-0.005694,-0.108277,-0.003207,-0.109632,0.000780,-0.012438,-0.003726
2025-12-16 18:26:19.571,0.146882,0.222001,0.050795,-2.281383,1.298197,2.171277,1.561993,-0.006441,-0.109015,-0.002696,-0.113991,-0.000158,-0.014711,-0.002562
2025-12-16 18:26:19.572,0.146876,0.221902,0.050790,-2.281499,1.298198,2.171271,1.561986,-0.005871,-0.106064,-0.003562,-0.113510,0.000234,-0.014522,-0.008998
2025-12-16 18:26:19.574,0.146872,0.221798,0.050788,-2.281606,1.298198,2.171266,1.561985,-0.005305,-0.101400,-0.002932,-0.112284,-0.000828,-0.009457,-0.005888
2025-12-16 18:26:19.575,0.146870,0.221699,0.050791,-2.281714,1.298198,2.171263,1.561986,-0.003745,-0.099304,-0.000842,-0.107828,-0.000891,-0.006144,-0.003689
2025-12-16 18:26:19.576,0.146865,0.221596,0.050789,-2.281825,1.298200,2.171254,1.561985,-0.003859,-0.099733,-0.000561,-0.109261,-0.001238,-0.009375,-0.002105
2025-12-16 18:26:19.577,0.146858,0.221391,0.050779,-2.282047,1.298206,2.171239,1.561976,-0.001695,-0.102074,-0.001982,-0.108840,-0.000573,-0.006417,-0.002265
2025-12-16 18:26:19.578,0.146858,0.221278,0.050782,-2.282162,1.298207,2.171233,1.561973,-0.003930,-0.106788,-0.002422,-0.111102,-0.000382,-0.005159,-0.002033
2025-12-16 18:26:19.579,0.146853,0.221176,0.050780,-2.282279,1.298211,2.171224,1.561980,-0.002294,-0.104519,-0.004168,-0.112168,-0.000255,-0.004159,0.000701
2025-12-16 18:26:19.580,0.146848,0.221071,0.050775,-2.282395,1.298216,2.171217,1.561975,-0.004403,-0.104085,-0.006071,-0.112146,0.004872,-0.002346,0.000010
2025-12-16 18:26:19.581,0.146846,0.220973,0.050775,-2.282507,1.298213,2.171219,1.561974,-0.004198,-0.102492,-0.003394,-0.113483,0.002317,-0.000320,-0.000057
2025-12-16 18:26:19.583,0.146839,0.220871,0.050772,-2.282621,1.298217,2.171210,1.561963,-0.006577,-0.101452,-0.003770,-0.114185,0.001839,-0.000747,-0.002595
2025-12-16 18:26:19.584,0.146834,0.220770,0.050771,-2.282731,1.298222,2.171207,1.561968,-0.007168,-0.101274,-0.004178,-0.113034,0.001446,-0.005645,0.001489
2025-12-16 18:26:19.585,0.146837,0.220668,0.050767,-2.282841,1.298224,2.171193,1.561965,-0.004641,-0.100907,-0.004646,-0.113112,0.005141,-0.011129,-0.003388
2025-12-16 18:26:19.586,0.146829,0.220460,0.050759,-2.283069,1.298231,2.171182,1.561944,-0.003961,-0.103927,-0.000932,-0.115719,0.002901,-0.007106,-0.013741
2025-12-16 18:26:19.587,0.146827,0.220352,0.050756,-2.283187,1.298236,2.171177,1.561945,-0.004274,-0.101677,0.000732,-0.119129,0.002902,-0.005499,-0.011889
2025-12-16 18:26:19.588,0.146821,0.220254,0.050754,-2.283307,1.298244,2.171173,1.561941,-0.005751,-0.101218,-0.000944,-0.116801,0.003135,-0.003644,-0.008296
2025-12-16 18:26:19.589,0.146815,0.220158,0.050750,-2.283413,1.298247,2.171168,1.561932,-0.007219,-0.098955,-0.005080,-0.114347,0.001609,-0.006226,-0.010318
2025-12-16 18:26:19.590,0.146812,0.220055,0.050751,-2.283530,1.298250,2.171164,1.561914,-0.004629,-0.100016,-0.002455,-0.115479,0.000856,-0.004380,-0.015079
2025-12-16 18:26:19.591,0.146811,0.219963,0.050745,-2.283634,1.298254,2.171157,1.561902,-0.005241,-0.096681,-0.005123,-0.115312,0.000323,-0.003685,-0.015624
2025-12-16 18:26:19.592,0.146804,0.219862,0.050746,-2.283743,1.298259,2.171147,1.561889,-0.007382,-0.097379,-0.003008,-0.114174,0.000284,-0.004607,-0.014928
2025-12-16 18:26:19.594,0.146796,0.219651,0.050740,-2.283980,1.298268,2.171134,1.561848,-0.004487,-0.099823,-0.006372,-0.114387,0.000199,-0.002986,-0.021628
2025-12-16 18:26:19.596,0.146801,0.219548,0.050741,-2.284099,1.298274,2.171124,1.561821,-0.001707,-0.100654,0.000967,-0.115433,0.000501,-0.006415,-0.022288
2025-12-16 18:26:19.597,0.146791,0.219353,0.050737,-2.284325,1.298289,2.171121,1.561785,-0.003186,-0.098050,0.000621,-0.111761,0.003891,-0.000764,-0.018814
2025-12-16 18:26:19.598,0.146786,0.219254,0.050736,-2.284431,1.298290,2.171112,1.561764,-0.004739,-0.097745,-0.000547,-0.109284,0.006283,-0.005858,-0.018121
2025-12-16 18:26:19.601,0.146784,0.218946,0.050734,-2.284781,1.298314,2.171087,1.561694,-0.003365,-0.101169,-0.002050,-0.115328,0.006492,-0.007903,-0.019472
2025-12-16 18:26:19.602,0.146781,0.218840,0.050731,-2.284898,1.298326,2.171085,1.561681,-0.003421,-0.104055,0.000378,-0.114858,0.011017,-0.004793,-0.018160
2025-12-16 18:26:19.603,0.146780,0.218741,0.050735,-2.285008,1.298332,2.171082,1.561663,-0.002978,-0.102661,0.001106,-0.112186,0.008161,-0.002254,-0.018353
2025-12-16 18:26:19.604,0.146776,0.218643,0.050736,-2.285119,1.298341,2.171078,1.561639,-0.002578,-0.101707,0.000961,-0.111780,0.010758,-0.005812,-0.015267
2025-12-16 18:26:19.605,0.146774,0.218546,0.050733,-2.285231,1.298346,2.171076,1.561622,-0.002303,-0.099312,-0.000306,-0.107613,0.008023,-0.008326,-0.016386
2025-12-16 18:26:19.606,0.146770,0.218448,0.050733,-2.285344,1.298352,2.171068,1.561615,-0.002762,-0.099279,-0.000078,-0.108604,0.004970,-0.012214,-0.014347
2025-12-16 18:26:19.608,0.146766,0.218346,0.050731,-2.285460,1.298359,2.171063,1.561600,-0.002970,-0.099701,-0.000608,-0.112790,0.007965,-0.010294,-0.010910
2025-12-16 18:26:19.609,0.146763,0.218143,0.050727,-2.285693,1.298379,2.171050,1.561560,-0.001893,-0.100209,-0.000912,-0.112887,0.009440,-0.011502,-0.016261
2025-12-16 18:26:19.610,0.146763,0.218036,0.050727,-2.285812,1.298388,2.171050,1.561555,-0.001918,-0.101047,-0.000568,-0.114107,0.007352,-0.007052,-0.013559
2025-12-16 18:26:19.614,0.146760,0.217643,0.050726,-2.286269,1.298423,2.171042,1.561494,-0.000544,-0.095271,-0.002299,-0.110468,0.005763,-0.008024,-0.016961
2025-12-16 18:26:19.615,0.146755,0.217546,0.050723,-2.286386,1.298431,2.171039,1.561484,-0.000364,-0.095935,-0.002907,-0.114680,0.008463,-0.007025,-0.020877
2025-12-16 18:26:19.616,0.146755,0.217444,0.050724,-2.286512,1.298441,2.171037,1.561461,0.000313,-0.098907,-0.001576,-0.117036,0.011480,-0.004754,-0.022270
2025-12-16 18:26:19.617,0.146751,0.217338,0.050725,-2.286626,1.298452,2.171034,1.561441,-0.002931,-0.097156,-0.000084,-0.115970,0.013670,-0.003874,-0.022814
2025-12-16 18:26:19.618,0.146751,0.217234,0.050721,-2.286747,1.298460,2.171036,1.561430,-0.001010,-0.098528,-0.000723,-0.121169,0.010934,-0.002120,-0.020560
2025-12-16 18:26:19.621,0.146739,0.216941,0.050717,-2.287090,1.298486,2.171037,1.561387,-0.006418,-0.092999,-0.002394,-0.118405,0.007377,-0.001027,-0.018614
2025-12-16 18:26:19.622,0.146735,0.216845,0.050721,-2.287206,1.298494,2.171036,1.561366,-0.006520,-0.094289,-0.002507,-0.116419,0.009975,-0.001136,-0.020846
2025-12-16 18:26:19.625,0.146725,0.216546,0.050716,-2.287564,1.298519,2.171027,1.561324,-0.006450,-0.099486,-0.001747,-0.118724,0.011636,-0.006422,-0.013049
2025-12-16 18:26:19.626,0.146719,0.216447,0.050716,-2.287679,1.298530,2.171027,1.561298,-0.004131,-0.101660,-0.000502,-0.112760,0.014062,-0.004378,-0.017887
2025-12-16 18:26:19.627,0.146712,0.216348,0.050709,-2.287790,1.298541,2.171025,1.561290,-0.006759,-0.101917,-0.001787,-0.112217,0.016001,-0.002872,-0.015735
2025-12-16 18:26:19.629,0.146706,0.216152,0.050715,-2.288023,1.298556,2.171017,1.561255,-0.004342,-0.101690,0.001692,-0.110723,0.016139,-0.007166,-0.021761
2025-12-16 18:26:19.630,0.146699,0.216049,0.050715,-2.288142,1.298566,2.171016,1.561234,-0.003542,-0.103044,-0.001888,-0.115238,0.016870,-0.005307,-0.026240
2025-12-16 18:26:19.633,0.146682,0.215746,0.050711,-2.288494,1.298593,2.171006,1.561188,-0.001905,-0.100810,-0.001824,-0.115192,0.015528,-0.001368,-0.020673
2025-12-16 18:26:19.634,0.146680,0.215650,0.050710,-2.288606,1.298603,2.171001,1.561170,-0.001475,-0.098878,-0.002569,-0.113313,0.011577,-0.005760,-0.020240
2025-12-16 18:26:19.637,0.146670,0.215347,0.050711,-2.288959,1.298624,2.170989,1.561116,-0.003339,-0.099877,0.000739,-0.115803,0.007716,-0.007339,-0.019188
2025-12-16 18:26:19.638,0.146668,0.215247,0.050708,-2.289076,1.298635,2.170986,1.561102,-0.004054,-0.099878,0.002441,-0.115339,0.006468,-0.004416,-0.018657
2025-12-16 18:26:19.639,0.146667,0.215148,0.050709,-2.289195,1.298643,2.170981,1.561076,-0.003308,-0.098867,0.001358,-0.119051,0.008847,-0.003400,-0.020223
2025-12-16 18:26:19.640,0.146666,0.215053,0.050707,-2.289307,1.298654,2.170975,1.561054,-0.003448,-0.097227,-0.000480,-0.118579,0.007314,-0.006553,-0.025490
2025-12-16 18:26:19.642,0.146661,0.214849,0.050706,-2.289541,1.298672,2.170966,1.561023,-0.004077,-0.098025,-0.001735,-0.117836,0.007355,-0.003230,-0.021665
2025-12-16 18:26:19.643,0.146658,0.214742,0.050704,-2.289664,1.298680,2.170961,1.561002,-0.003940,-0.101859,0.000074,-0.120665,0.004877,-0.007205,-0.022401
2025-12-16 18:26:19.644,0.146655,0.214641,0.050707,-2.289784,1.298696,2.170955,1.560979,-0.003752,-0.103768,0.003248,-0.117272,0.004698,-0.005840,-0.027911
2025-12-16 18:26:19.645,0.146653,0.214539,0.050703,-2.289903,1.298700,2.170953,1.560959,-0.003159,-0.102567,0.000981,-0.117994,0.002496,-0.003645,-0.020037
2025-12-16 18:26:19.647,0.146650,0.214348,0.050702,-2.290142,1.298722,2.170944,1.560924,-0.002341,-0.103798,-0.000439,-0.118820,0.002587,-0.001900,-0.017306
2025-12-16 18:26:19.648,0.146648,0.214251,0.050699,-2.290259,1.298735,2.170940,1.560897,-0.001565,-0.101567,-0.001294,-0.117238,0.006574,-0.001477,-0.020346
2025-12-16 18:26:19.649,0.146642,0.214141,0.050703,-2.290382,1.298744,2.170934,1.560878,-0.002809,-0.103561,0.000498,-0.118932,0.004206,-0.002600,-0.019497
2025-12-16 18:26:19.651,0.146637,0.213930,0.050705,-2.290634,1.298768,2.170931,1.560841,-0.001808,-0.104086,0.001127,-0.117051,0.007109,-0.001945,-0.014147
2025-12-16 18:26:19.652,0.146636,0.213829,0.050702,-2.290755,1.298780,2.170929,1.560815,-0.003848,-0.104290,0.000816,-0.116325,0.009742,-0.000990,-0.016558
2025-12-16 18:26:19.653,0.146634,0.213733,0.050704,-2.290876,1.298794,2.170933,1.560789,-0.003390,-0.101392,0.001243,-0.115825,0.013022,0.000002,-0.017802
2025-12-16 18:26:19.655,0.146633,0.213637,0.050703,-2.290996,1.298806,2.170932,1.560771,-0.001904,-0.100126,0.001422,-0.118837,0.014028,-0.000375,-0.017258
2025-12-16 18:26:19.656,0.146633,0.213538,0.050702,-2.291115,1.298816,2.170934,1.560752,-0.000213,-0.100479,0.000975,-0.119657,0.010170,0.000061,-0.016169
2025-12-16 18:26:19.657,0.146623,0.213329,0.050696,-2.291369,1.298843,2.170931,1.560705,-0.000688,-0.101438,-0.002017,-0.120512,0.014173,-0.000850,-0.018560
2025-12-16 18:26:19.658,0.146625,0.213226,0.050694,-2.291492,1.298855,2.170928,1.560678,0.001241,-0.101552,-0.000364,-0.122142,0.010969,-0.001291,-0.020008
2025-12-16 18:26:19.661,0.146614,0.212927,0.050694,-2.291858,1.298893,2.170928,1.560622,-0.001910,-0.094797,0.001357,-0.120242,0.007409,-0.000675,-0.013042
2025-12-16 18:26:19.662,0.146610,0.212833,0.050694,-2.291978,1.298906,2.170925,1.560592,-0.003148,-0.094992,0.001904,-0.121109,0.009838,-0.001539,-0.017098
2025-12-16 18:26:19.663,0.146605,0.212733,0.050692,-2.292103,1.298919,2.170923,1.560574,-0.004219,-0.093746,0.002228,-0.122333,0.011761,-0.001775,-0.020220
2025-12-16 18:26:19.664,0.146601,0.212631,0.050690,-2.292229,1.298928,2.170918,1.560557,-0.001766,-0.096532,-0.000852,-0.124493,0.012579,-0.001897,-0.018806
2025-12-16 18:26:19.666,0.146595,0.212533,0.050690,-2.292354,1.298939,2.170914,1.560536,-0.003737,-0.095405,0.000219,-0.123655,0.014578,-0.002012,-0.019244
2025-12-16 18:26:19.667,0.146587,0.212426,0.050689,-2.292476,1.298954,2.170914,1.560511,-0.003156,-0.098726,0.000551,-0.122051,0.016442,-0.001343,-0.020969
2025-12-16 18:26:19.669,0.146572,0.212132,0.050691,-2.292835,1.298994,2.170914,1.560455,-0.007921,-0.096323,0.000320,-0.120012,0.018379,0.000283,-0.024372
2025-12-16 18:26:19.670,0.146565,0.212032,0.050690,-2.292956,1.299005,2.170916,1.560432,-0.009305,-0.099015,-0.000421,-0.119228,0.017548,0.000934,-0.024620
2025-12-16 18:26:19.671,0.146564,0.211935,0.050690,-2.293082,1.299017,2.170913,1.560407,-0.005876,-0.099182,-0.000339,-0.119049,0.017225,-0.000124,-0.024898
2025-12-16 18:26:19.672,0.146563,0.211835,0.050691,-2.293204,1.299029,2.170908,1.560393,-0.004020,-0.099920,-0.000919,-0.120849,0.017028,-0.000795,-0.024976
2025-12-16 18:26:19.674,0.146553,0.211636,0.050685,-2.293443,1.299056,2.170912,1.560349,-0.004065,-0.099983,-0.002187,-0.119200,0.014649,0.001319,-0.023159
2025-12-16 18:26:19.677,0.146548,0.211338,0.050688,-2.293799,1.299096,2.170911,1.560287,0.000597,-0.097383,-0.001233,-0.122853,0.013896,0.001156,-0.015204
2025-12-16 18:26:19.678,0.146543,0.211240,0.050685,-2.293917,1.299110,2.170910,1.560268,-0.001730,-0.094549,-0.002036,-0.118680,0.015135,0.000431,-0.015737
2025-12-16 18:26:19.681,0.146538,0.210947,0.050684,-2.294282,1.299143,2.170909,1.560202,-0.007577,-0.095198,-0.001107,-0.122271,0.013153,-0.001458,-0.013936
2025-12-16 18:26:19.682,0.146537,0.210848,0.050684,-2.294398,1.299158,2.170909,1.560180,-0.004928,-0.095490,-0.000740,-0.122132,0.014952,-0.001192,-0.014549
2025-12-16 18:26:19.683,0.146535,0.210744,0.050680,-2.294517,1.299171,2.170908,1.560152,-0.007378,-0.097089,-0.001052,-0.122003,0.015559,-0.001333,-0.017114
2025-12-16 18:26:19.684,0.146531,0.210641,0.050680,-2.294639,1.299182,2.170909,1.560126,-0.005986,-0.098189,-0.001352,-0.123142,0.016416,-0.000639,-0.019308
2025-12-16 18:26:19.685,0.146530,0.210538,0.050677,-2.294762,1.299196,2.170906,1.560104,-0.004374,-0.099024,-0.001460,-0.124435,0.017338,-0.001265,-0.022309
2025-12-16 18:26:19.687,0.146524,0.210340,0.050676,-2.295002,1.299220,2.170908,1.560058,-0.003898,-0.101786,-0.000650,-0.122159,0.014549,-0.000537,-0.025332
2025-12-16 18:26:19.688,0.146520,0.210246,0.050674,-2.295121,1.299237,2.170910,1.560028,-0.003317,-0.099275,-0.000990,-0.119776,0.016573,0.000315,-0.025491
2025-12-16 18:26:19.689,0.146519,0.210150,0.050675,-2.295236,1.299248,2.170906,1.560001,-0.004350,-0.098202,0.000453,-0.120907,0.017053,-0.000904,-0.028476
2025-12-16 18:26:19.690,0.146514,0.210046,0.050671,-2.295362,1.299262,2.170908,1.559984,-0.003809,-0.099734,-0.000255,-0.123642,0.012088,-0.000252,-0.023074
2025-12-16 18:26:19.693,0.146495,0.209741,0.050671,-2.295731,1.299307,2.170906,1.559897,-0.009271,-0.100724,0.001842,-0.122973,0.013698,0.000006,-0.022849
2025-12-16 18:26:19.694,0.146495,0.209643,0.050670,-2.295854,1.299317,2.170904,1.559874,-0.004022,-0.097602,-0.001097,-0.124615,0.014299,-0.000715,-0.025676
2025-12-16 18:26:19.695,0.146485,0.209544,0.050672,-2.295970,1.299332,2.170905,1.559849,-0.003220,-0.097765,0.000235,-0.120479,0.014781,-0.000109,-0.022843
2025-12-16 18:26:19.697,0.146479,0.209448,0.050672,-2.296091,1.299346,2.170903,1.559821,-0.004566,-0.098003,0.000533,-0.121842,0.015643,-0.000823,-0.021861
2025-12-16 18:26:19.698,0.146473,0.209345,0.050671,-2.296218,1.299362,2.170899,1.559792,-0.005562,-0.096629,0.000870,-0.123948,0.016969,-0.002009,-0.021035
2025-12-16 18:26:19.699,0.146456,0.209137,0.050672,-2.296466,1.299390,2.170899,1.559735,-0.003451,-0.098433,0.001821,-0.123867,0.013751,-0.005714,-0.022974
2025-12-16 18:26:19.700,0.146452,0.209034,0.050671,-2.296591,1.299405,2.170898,1.559713,-0.004147,-0.099142,0.001157,-0.125803,0.010912,-0.003456,-0.020915
2025-12-16 18:26:19.702,0.146438,0.208844,0.050669,-2.296835,1.299435,2.170898,1.559650,-0.005316,-0.098768,-0.000196,-0.124817,0.010219,-0.001128,-0.022289
2025-12-16 18:26:19.703,0.146428,0.208741,0.050671,-2.296960,1.299450,2.170893,1.559623,-0.008444,-0.100984,0.000495,-0.125002,0.011205,-0.001256,-0.025389
2025-12-16 18:26:19.705,0.146416,0.208539,0.050670,-2.297214,1.299475,2.170889,1.559569,-0.009603,-0.102144,-0.000239,-0.125240,0.012959,-0.004148,-0.029879
2025-12-16 18:26:19.706,0.146408,0.208434,0.050670,-2.297342,1.299488,2.170885,1.559538,-0.011040,-0.104011,-0.000169,-0.123063,0.013980,-0.007811,-0.032661
2025-12-16 18:26:19.707,0.146400,0.208338,0.050670,-2.297467,1.299506,2.170884,1.559502,-0.008831,-0.104829,-0.000677,-0.123868,0.016655,-0.004750,-0.036321
2025-12-16 18:26:19.708,0.146390,0.208234,0.050669,-2.297587,1.299520,2.170882,1.559483,-0.007779,-0.103719,-0.001014,-0.123017,0.017167,-0.003664,-0.033284
2025-12-16 18:26:19.709,0.146391,0.208132,0.050665,-2.297710,1.299533,2.170882,1.559453,-0.004494,-0.104112,-0.001887,-0.123154,0.017903,-0.001730,-0.034716
2025-12-16 18:26:19.710,0.146385,0.208035,0.050664,-2.297834,1.299548,2.170882,1.559426,-0.004588,-0.102330,-0.001818,-0.121869,0.017755,-0.001094,-0.030446
2025-12-16 18:26:19.712,0.146377,0.207933,0.050662,-2.297959,1.299561,2.170880,1.559397,-0.005111,-0.106205,-0.001864,-0.121222,0.017454,-0.001278,-0.028662
2025-12-16 18:26:19.713,0.146372,0.207828,0.050659,-2.298085,1.299578,2.170876,1.559365,-0.004738,-0.105872,-0.002358,-0.125639,0.018497,-0.001382,-0.027541
2025-12-16 18:26:19.714,0.146370,0.207730,0.050657,-2.298211,1.299589,2.170873,1.559340,-0.003878,-0.103021,-0.002780,-0.124977,0.018563,-0.001412,-0.028806
2025-12-16 18:26:19.715,0.146364,0.207527,0.050652,-2.298456,1.299624,2.170874,1.559284,-0.002886,-0.098938,-0.002815,-0.124062,0.016129,0.000457,-0.032335
2025-12-16 18:26:19.716,0.146358,0.207423,0.050649,-2.298587,1.299638,2.170874,1.559251,-0.006214,-0.102457,-0.002434,-0.124779,0.016445,0.000628,-0.036130
2025-12-16 18:26:19.717,0.146357,0.207322,0.050647,-2.298718,1.299652,2.170874,1.559222,-0.004453,-0.101939,-0.002180,-0.128049,0.016694,0.000381,-0.030950
2025-12-16 18:26:19.718,0.146349,0.207221,0.050650,-2.298843,1.299668,2.170873,1.559198,-0.008096,-0.098843,-0.000340,-0.127833,0.012187,-0.000147,-0.030819
2025-12-16 18:26:19.719,0.146346,0.207115,0.050642,-2.298966,1.299681,2.170877,1.559171,-0.009055,-0.101581,-0.004855,-0.126582,0.012889,0.000254,-0.031832
2025-12-16 18:26:19.720,0.146339,0.207018,0.050639,-2.299091,1.299696,2.170875,1.559136,-0.007281,-0.098861,-0.003476,-0.126167,0.014469,-0.000931,-0.030973
2025-12-16 18:26:19.721,0.146339,0.206919,0.050638,-2.299212,1.299709,2.170878,1.559102,-0.007219,-0.098305,-0.002496,-0.124968,0.015242,0.001537,-0.028824
2025-12-16 18:26:19.723,0.146333,0.206819,0.050641,-2.299337,1.299725,2.170878,1.559079,-0.008718,-0.099072,-0.002917,-0.124714,0.012150,0.000304,-0.023969
2025-12-16 18:26:19.724,0.146331,0.206713,0.050639,-2.299468,1.299745,2.170877,1.559054,-0.009110,-0.100028,-0.002842,-0.123318,0.014606,-0.000550,-0.021313
2025-12-16 18:26:19.725,0.146321,0.206607,0.050635,-2.299596,1.299762,2.170877,1.559018,-0.010094,-0.101295,-0.002707,-0.123326,0.016024,-0.000372,-0.028094
2025-12-16 18:26:19.726,0.146312,0.206504,0.050634,-2.299722,1.299776,2.170873,1.558990,-0.014426,-0.100605,-0.001440,-0.127341,0.016653,-0.000624,-0.029963
2025-12-16 18:26:19.727,0.146301,0.206305,0.050630,-2.299971,1.299808,2.170871,1.558932,-0.008657,-0.099829,0.000177,-0.123680,0.013769,-0.000383,-0.027156
2025-12-16 18:26:19.728,0.146290,0.206208,0.050633,-2.300092,1.299826,2.170869,1.558900,-0.009773,-0.100708,0.001800,-0.123293,0.015033,-0.000630,-0.029853
2025-12-16 18:26:19.730,0.146280,0.206006,0.050627,-2.300349,1.299861,2.170866,1.558831,-0.003676,-0.104517,-0.000313,-0.126227,0.017779,-0.001242,-0.030393
2025-12-16 18:26:19.731,0.146273,0.205898,0.050627,-2.300471,1.299876,2.170865,1.558805,-0.002403,-0.104937,0.000786,-0.125322,0.012563,-0.001202,-0.029895
2025-12-16 18:26:19.732,0.146263,0.205795,0.050624,-2.300600,1.299896,2.170863,1.558771,-0.001983,-0.103904,0.000364,-0.126872,0.009756,-0.001514,-0.032216
2025-12-16 18:26:19.734,0.146259,0.205691,0.050621,-2.300726,1.299911,2.170863,1.558742,-0.000402,-0.103573,-0.002754,-0.124606,0.011647,-0.001010,-0.028557
2025-12-16 18:26:19.735,0.146244,0.205496,0.050619,-2.300973,1.299940,2.170864,1.558674,-0.006552,-0.100537,-0.001876,-0.123694,0.015072,-0.000347,-0.032361
2025-12-16 18:26:19.737,0.146230,0.205293,0.050619,-2.301220,1.299968,2.170863,1.558617,-0.009639,-0.098229,-0.001468,-0.122753,0.016374,-0.000256,-0.033059
2025-12-16 18:26:19.738,0.146225,0.205190,0.050617,-2.301350,1.299983,2.170862,1.558574,-0.010444,-0.099449,-0.001732,-0.125607,0.017425,-0.000544,-0.033009
2025-12-16 18:26:19.740,0.146220,0.205084,0.050618,-2.301477,1.300000,2.170860,1.558544,-0.011491,-0.103451,-0.001790,-0.125497,0.017409,0.000010,-0.029394
2025-12-16 18:26:19.741,0.146213,0.204876,0.050615,-2.301729,1.300034,2.170864,1.558483,-0.007411,-0.100843,-0.002827,-0.128499,0.018547,-0.003116,-0.030896
2025-12-16 18:26:19.742,0.146210,0.204779,0.050613,-2.301852,1.300050,2.170863,1.558449,-0.006007,-0.096965,-0.003032,-0.125353,0.018569,-0.002467,-0.028666
2025-12-16 18:26:19.744,0.146203,0.204577,0.050608,-2.302105,1.300084,2.170859,1.558382,-0.005501,-0.098549,-0.002743,-0.123589,0.018837,-0.001635,-0.029896
2025-12-16 18:26:19.745,0.146198,0.204479,0.050603,-2.302232,1.300101,2.170855,1.558351,-0.005089,-0.099046,-0.003606,-0.124884,0.018827,-0.002340,-0.025213
2025-12-16 18:26:19.746,0.146197,0.204376,0.050604,-2.302355,1.300118,2.170859,1.558317,-0.004667,-0.099804,-0.001858,-0.125194,0.018168,-0.000598,-0.032528
2025-12-16 18:26:19.748,0.146193,0.204170,0.050596,-2.302608,1.300157,2.170861,1.558242,-0.003236,-0.106014,-0.003126,-0.128222,0.019602,0.000462,-0.032096
2025-12-16 18:26:19.749,0.146190,0.204068,0.050594,-2.302736,1.300172,2.170862,1.558212,-0.003432,-0.104529,-0.002738,-0.127271,0.018344,0.000595,-0.027566
2025-12-16 18:26:19.751,0.146186,0.203865,0.050592,-2.302985,1.300209,2.170862,1.558147,-0.002154,-0.103111,-0.001593,-0.125060,0.013558,0.000322,-0.031522
2025-12-16 18:26:19.752,0.146184,0.203760,0.050592,-2.303118,1.300225,2.170859,1.558110,-0.002022,-0.106281,-0.001064,-0.127132,0.019562,-0.000892,-0.034259
2025-12-16 18:26:19.754,0.146180,0.203659,0.050590,-2.303244,1.300248,2.170861,1.558074,-0.002576,-0.104858,-0.001267,-0.126506,0.024363,0.000135,-0.035680
2025-12-16 18:26:19.755,0.146180,0.203450,0.050590,-2.303493,1.300284,2.170862,1.558015,-0.001384,-0.106441,-0.000565,-0.126484,0.022020,0.000144,-0.026549
2025-12-16 18:26:19.756,0.146176,0.203345,0.050583,-2.303620,1.300306,2.170866,1.557977,-0.001489,-0.104869,-0.002697,-0.126043,0.021513,0.000462,-0.031942
2025-12-16 18:26:19.757,0.146177,0.203240,0.050583,-2.303744,1.300326,2.170867,1.557944,-0.000442,-0.106980,-0.001242,-0.125050,0.020766,0.000303,-0.028618
2025-12-16 18:26:19.758,0.146175,0.203135,0.050584,-2.303874,1.300345,2.170866,1.557919,-0.000300,-0.107190,-0.000271,-0.129153,0.024961,-0.000175,-0.024539
2025-12-16 18:26:19.759,0.146177,0.203027,0.050583,-2.304004,1.300365,2.170868,1.557891,-0.001573,-0.107442,0.000376,-0.129054,0.022428,0.000253,-0.022785
2025-12-16 18:26:19.762,0.146168,0.202725,0.050586,-2.304381,1.300426,2.170867,1.557794,-0.002090,-0.104074,-0.003598,-0.125257,0.024203,-0.000343,-0.034779
2025-12-16 18:26:19.764,0.146162,0.202509,0.050584,-2.304639,1.300468,2.170863,1.557732,-0.004910,-0.107456,-0.003156,-0.125963,0.021861,-0.000877,-0.039884
2025-12-16 18:26:19.765,0.146158,0.202404,0.050587,-2.304771,1.300492,2.170866,1.557699,-0.008442,-0.106743,-0.000259,-0.127593,0.021700,0.000161,-0.040287
2025-12-16 18:26:19.767,0.146151,0.202199,0.050590,-2.305019,1.300531,2.170866,1.557634,-0.005777,-0.103959,0.001947,-0.124967,0.020060,-0.000178,-0.038561
2025-12-16 18:26:19.768,0.146145,0.202098,0.050588,-2.305147,1.300553,2.170860,1.557608,-0.006807,-0.102509,0.001654,-0.124330,0.019514,-0.001577,-0.032200
2025-12-16 18:26:19.770,0.146130,0.201891,0.050587,-2.305401,1.300596,2.170859,1.557534,-0.004143,-0.101831,0.000893,-0.124695,0.022485,-0.001289,-0.033488
2025-12-16 18:26:19.771,0.146134,0.201783,0.050593,-2.305531,1.300620,2.170856,1.557501,0.000259,-0.105206,0.002923,-0.125474,0.021940,-0.001605,-0.034454
2025-12-16 18:26:19.772,0.146132,0.201675,0.050589,-2.305656,1.300640,2.170861,1.557474,-0.001573,-0.106930,0.000679,-0.125582,0.021159,-0.000324,-0.032982
2025-12-16 18:26:19.773,0.146129,0.201565,0.050589,-2.305787,1.300663,2.170862,1.557441,-0.001037,-0.110284,-0.000152,-0.125854,0.015869,-0.000216,-0.034373
2025-12-16 18:26:19.775,0.146117,0.201356,0.050592,-2.306045,1.300707,2.170860,1.557365,-0.002617,-0.105423,0.000253,-0.129982,0.017260,-0.000469,-0.034869
2025-12-16 18:26:19.777,0.146115,0.201146,0.050591,-2.306296,1.300753,2.170857,1.557305,-0.002819,-0.105621,-0.000937,-0.123353,0.017813,-0.000457,-0.033264
2025-12-16 18:26:19.778,0.146116,0.201037,0.050592,-2.306424,1.300776,2.170862,1.557269,0.003672,-0.108592,-0.001193,-0.123509,0.017695,0.000441,-0.034338
2025-12-16 18:26:19.780,0.146114,0.200825,0.050589,-2.306687,1.300827,2.170863,1.557198,0.006529,-0.106652,-0.000889,-0.125462,0.019219,0.000445,-0.032321
2025-12-16 18:26:19.782,0.146113,0.200720,0.050588,-2.306819,1.300853,2.170864,1.557169,0.006982,-0.107701,0.001800,-0.127616,0.019751,0.000636,-0.032134
2025-12-16 18:26:19.783,0.146114,0.200513,0.050589,-2.307078,1.300900,2.170865,1.557092,0.002448,-0.107196,-0.000655,-0.126858,0.018068,0.000531,-0.036727
2025-12-16 18:26:19.785,0.146111,0.200302,0.050590,-2.307333,1.300948,2.170870,1.557025,-0.000052,-0.107673,-0.001295,-0.124770,0.021454,0.000609,-0.036257
2025-12-16 18:26:19.786,0.146110,0.200197,0.050589,-2.307463,1.300972,2.170872,1.556991,-0.000344,-0.109161,-0.001953,-0.124612,0.020859,0.000779,-0.035789
2025-12-16 18:26:19.789,0.146108,0.199877,0.050589,-2.307866,1.301051,2.170874,1.556872,-0.000503,-0.106280,-0.001941,-0.128899,0.027717,0.000830,-0.037749
2025-12-16 18:26:19.790,0.146105,0.199773,0.050591,-2.307999,1.301079,2.170873,1.556843,-0.001463,-0.105323,-0.001257,-0.131886,0.025574,0.000180,-0.035456
2025-12-16 18:26:19.793,0.146103,0.199468,0.050594,-2.308394,1.301155,2.170877,1.556723,-0.000345,-0.104163,0.000041,-0.132822,0.023761,-0.001002,-0.038351
2025-12-16 18:26:19.795,0.146103,0.199252,0.050592,-2.308666,1.301212,2.170879,1.556654,0.000624,-0.105045,0.000220,-0.135600,0.026750,-0.000694,-0.036847
2025-12-16 18:26:19.796,0.146107,0.199143,0.050593,-2.308802,1.301241,2.170880,1.556612,0.001636,-0.108087,0.000803,-0.133756,0.029468,-0.000090,-0.038977
2025-12-16 18:26:19.798,0.146105,0.199039,0.050596,-2.308936,1.301268,2.170882,1.556574,0.001101,-0.106594,-0.004099,-0.132307,0.027444,0.005580,-0.038577
2025-12-16 18:26:19.799,0.146102,0.198939,0.050592,-2.309064,1.301296,2.170880,1.556544,0.000185,-0.104824,-0.003765,-0.132289,0.025351,0.003419,-0.031752
2025-12-16 18:26:19.800,0.146100,0.198740,0.050593,-2.309334,1.301349,2.170880,1.556462,-0.000095,-0.102312,-0.002210,-0.128896,0.025082,0.000746,-0.036021
2025-12-16 18:26:19.803,0.146103,0.198427,0.050599,-2.309745,1.301433,2.170882,1.556356,0.001988,-0.105625,0.001157,-0.131419,0.030289,-0.000283,-0.034675
2025-12-16 18:26:19.805,0.146102,0.198221,0.050597,-2.310006,1.301490,2.170881,1.556278,0.001257,-0.100426,0.000951,-0.132672,0.030811,-0.000632,-0.036203
2025-12-16 18:26:19.807,0.146101,0.198023,0.050597,-2.310277,1.301542,2.170884,1.556200,0.000157,-0.102347,0.000541,-0.129915,0.025158,0.000274,-0.036367
2025-12-16 18:26:19.808,0.146099,0.197916,0.050595,-2.310411,1.301567,2.170881,1.556165,0.000105,-0.103023,-0.000223,-0.129358,0.027757,-0.000540,-0.036037
2025-12-16 18:26:19.815,0.146110,0.197202,0.050604,-2.311348,1.301753,2.170896,1.555902,0.000447,-0.105814,0.001875,-0.128618,0.025177,0.000166,-0.036685
2025-12-16 18:26:19.818,0.146111,0.196895,0.050613,-2.311750,1.301833,2.170896,1.555793,-0.000548,-0.105175,0.004505,-0.130130,0.025713,-0.000362,-0.036981
2025-12-16 18:26:19.820,0.146113,0.196793,0.050614,-2.311885,1.301862,2.170901,1.555753,-0.000365,-0.103199,0.002752,-0.125223,0.028912,0.000506,-0.038640
2025-12-16 18:26:19.821,0.146112,0.196585,0.050618,-2.312156,1.301913,2.170913,1.555685,0.000962,-0.102722,0.002133,-0.126498,0.028619,0.002532,-0.035868
2025-12-16 18:26:19.823,0.146111,0.196393,0.050625,-2.312417,1.301964,2.170919,1.555600,-0.000486,-0.098095,0.002491,-0.129586,0.027177,0.003901,-0.039012
2025-12-16 18:26:19.824,0.146112,0.196289,0.050634,-2.312556,1.301993,2.170920,1.555571,-0.000764,-0.099710,0.002096,-0.134476,0.025587,0.002555,-0.036068
2025-12-16 18:26:19.827,0.146110,0.195976,0.050650,-2.312963,1.302075,2.170937,1.555449,-0.000631,-0.102483,0.004611,-0.131923,0.026492,0.002630,-0.039203
2025-12-16 18:26:19.828,0.146108,0.195876,0.050655,-2.313093,1.302104,2.170944,1.555412,-0.000941,-0.102015,0.005903,-0.133881,0.029727,0.002558,-0.038338
2025-12-16 18:26:19.829,0.146110,0.195773,0.050660,-2.313222,1.302132,2.170952,1.555375,-0.000043,-0.103354,0.006874,-0.133705,0.031318,0.006436,-0.037729
2025-12-16 18:26:19.831,0.146104,0.195581,0.050674,-2.313495,1.302188,2.170966,1.555300,-0.001103,-0.095815,0.009647,-0.135031,0.030419,0.007321,-0.037335
2025-12-16 18:26:19.833,0.146107,0.195477,0.050679,-2.313638,1.302215,2.170971,1.555252,0.000390,-0.098846,0.007805,-0.135758,0.031524,0.003688,-0.039529
2025-12-16 18:26:19.834,0.146105,0.195272,0.050689,-2.313902,1.302276,2.170993,1.555180,-0.000371,-0.101493,0.005883,-0.133746,0.035380,0.007112,-0.035713
2025-12-16 18:26:19.837,0.146112,0.195071,0.050695,-2.314171,1.302340,2.171020,1.555091,-0.002816,-0.100796,0.005516,-0.135096,0.036692,0.007997,-0.039358
2025-12-16 18:26:19.838,0.146114,0.194869,0.050699,-2.314444,1.302398,2.171046,1.555011,-0.001078,-0.101791,0.004860,-0.132067,0.030933,0.006647,-0.040659
2025-12-16 18:26:19.839,0.146123,0.194770,0.050703,-2.314574,1.302431,2.171055,1.554976,0.001932,-0.099213,0.005113,-0.130093,0.032795,0.008700,-0.039055
2025-12-16 18:26:19.840,0.146126,0.194670,0.050703,-2.314711,1.302461,2.171067,1.554932,-0.000797,-0.099952,0.002841,-0.133144,0.029457,0.010610,-0.039523
2025-12-16 18:26:19.843,0.146124,0.194476,0.050709,-2.314979,1.302523,2.171091,1.554848,-0.001274,-0.097134,0.002710,-0.138356,0.034383,0.005962,-0.030951
2025-12-16 18:26:19.844,0.146128,0.194266,0.050709,-2.315250,1.302582,2.171111,1.554773,-0.000349,-0.100253,0.001037,-0.133527,0.032614,0.011608,-0.033228
2025-12-16 18:26:19.845,0.146131,0.194165,0.050716,-2.315388,1.302610,2.171120,1.554730,0.000851,-0.103110,0.003031,-0.136084,0.028841,0.013650,-0.035041
2025-12-16 18:26:19.846,0.146128,0.194070,0.050716,-2.315512,1.302634,2.171129,1.554682,-0.000731,-0.102275,0.002035,-0.131807,0.024657,0.011012,-0.037537
2025-12-16 18:26:19.849,0.146134,0.193781,0.050724,-2.315910,1.302720,2.171147,1.554573,0.000154,-0.096592,0.001393,-0.132155,0.032537,0.006153,-0.036340
2025-12-16 18:26:19.850,0.146138,0.193680,0.050723,-2.316043,1.302747,2.171154,1.554533,0.000630,-0.095167,-0.000273,-0.130342,0.029432,0.004765,-0.036976
2025-12-16 18:26:19.851,0.146137,0.193577,0.050726,-2.316183,1.302777,2.171161,1.554490,-0.000158,-0.097020,-0.000736,-0.134865,0.032587,0.004420,-0.038890
2025-12-16 18:26:19.853,0.146134,0.193474,0.050731,-2.316311,1.302807,2.171169,1.554459,-0.001328,-0.100269,0.001834,-0.131895,0.029395,0.004404,-0.035858
2025-12-16 18:26:19.854,0.146132,0.193283,0.050739,-2.316578,1.302860,2.171183,1.554386,0.000963,-0.097459,0.001462,-0.134356,0.032942,0.003574,-0.036694
2025-12-16 18:26:19.855,0.146132,0.193188,0.050749,-2.316707,1.302887,2.171186,1.554342,0.000341,-0.093664,0.004216,-0.132214,0.029109,0.006442,-0.039234
2025-12-16 18:26:19.856,0.146132,0.193089,0.050752,-2.316843,1.302910,2.171191,1.554306,-0.000695,-0.095722,0.006189,-0.130934,0.025567,0.003715,-0.037949
2025-12-16 18:26:19.857,0.146128,0.192991,0.050760,-2.316979,1.302937,2.171198,1.554272,-0.002640,-0.095808,0.007224,-0.131130,0.023961,0.007914,-0.037541
2025-12-16 18:26:19.859,0.146133,0.192893,0.050763,-2.317113,1.302967,2.171206,1.554243,-0.001095,-0.093555,0.006808,-0.132158,0.023030,0.011720,-0.035885
2025-12-16 18:26:19.860,0.146128,0.192687,0.050778,-2.317379,1.303022,2.171220,1.554161,-0.000589,-0.099012,0.008826,-0.133317,0.021716,0.012343,-0.030626
2025-12-16 18:26:19.861,0.146130,0.192593,0.050782,-2.317517,1.303049,2.171233,1.554121,0.001813,-0.097292,0.007920,-0.133815,0.020613,0.010578,-0.032636
2025-12-16 18:26:19.863,0.146130,0.192393,0.050796,-2.317784,1.303106,2.171248,1.554050,0.002999,-0.102106,0.003269,-0.134654,0.019565,0.008256,-0.034005
2025-12-16 18:26:19.864,0.146135,0.192303,0.050798,-2.317915,1.303138,2.171254,1.554010,0.002505,-0.098359,0.003267,-0.131384,0.019536,0.005069,-0.030925
2025-12-16 18:26:19.865,0.146132,0.192201,0.050806,-2.318052,1.303168,2.171269,1.553969,0.002866,-0.099254,0.005034,-0.131851,0.024488,0.004638,-0.037918
2025-12-16 18:26:19.867,0.146134,0.192106,0.050812,-2.318188,1.303200,2.171280,1.553934,0.001250,-0.098676,0.005820,-0.132989,0.028447,0.008168,-0.036562
2025-12-16 18:26:19.868,0.146136,0.192007,0.050820,-2.318324,1.303232,2.171294,1.553899,0.000686,-0.095639,0.010406,-0.134700,0.032123,0.012260,-0.035911
2025-12-16 18:26:19.869,0.146141,0.191803,0.050834,-2.318595,1.303294,2.171311,1.553816,-0.000621,-0.098760,0.008274,-0.136309,0.033359,0.010656,-0.037244
2025-12-16 18:26:19.870,0.146144,0.191702,0.050840,-2.318726,1.303325,2.171322,1.553773,-0.000241,-0.100224,0.006292,-0.133340,0.038100,0.008392,-0.043429
2025-12-16 18:26:19.871,0.146147,0.191612,0.050844,-2.318860,1.303353,2.171331,1.553741,0.003107,-0.094837,0.004776,-0.134104,0.032693,0.005196,-0.039616
2025-12-16 18:26:19.872,0.146151,0.191512,0.050843,-2.318994,1.303386,2.171343,1.553699,0.002430,-0.097128,0.005947,-0.135267,0.034048,0.004352,-0.039318
2025-12-16 18:26:19.873,0.146157,0.191416,0.050853,-2.319135,1.303416,2.171354,1.553659,0.003652,-0.097468,0.006852,-0.139121,0.034932,0.007195,-0.039322
2025-12-16 18:26:19.874,0.146161,0.191320,0.050854,-2.319276,1.303449,2.171364,1.553618,0.003750,-0.097793,0.004994,-0.140444,0.036003,0.009702,-0.044278
2025-12-16 18:26:19.875,0.146166,0.191217,0.050859,-2.319411,1.303484,2.171375,1.553577,0.003858,-0.100207,0.005412,-0.140256,0.037044,0.006647,-0.043315
2025-12-16 18:26:19.877,0.146171,0.191115,0.050865,-2.319550,1.303519,2.171386,1.553543,0.003799,-0.101379,0.005610,-0.138233,0.037515,0.009786,-0.035617
2025-12-16 18:26:19.878,0.146172,0.190911,0.050870,-2.319823,1.303587,2.171407,1.553465,0.002799,-0.099541,0.004047,-0.138041,0.034592,0.010114,-0.037019
2025-12-16 18:26:19.879,0.146181,0.190818,0.050875,-2.319959,1.303619,2.171419,1.553423,0.004234,-0.095900,0.004562,-0.136411,0.035051,0.006939,-0.038587
2025-12-16 18:26:19.880,0.146183,0.190721,0.050881,-2.320100,1.303652,2.171428,1.553388,0.003415,-0.097393,0.004324,-0.135564,0.035354,0.004561,-0.036906
2025-12-16 18:26:19.881,0.146191,0.190629,0.050887,-2.320239,1.303689,2.171435,1.553350,0.004067,-0.097008,0.006995,-0.133312,0.031531,0.007121,-0.036816
2025-12-16 18:26:19.882,0.146190,0.190530,0.050890,-2.320374,1.303724,2.171442,1.553313,0.002175,-0.095967,0.004944,-0.131272,0.033067,0.004806,-0.035524
2025-12-16 18:26:19.884,0.146200,0.190330,0.050902,-2.320652,1.303794,2.171463,1.553231,0.002720,-0.097478,0.006291,-0.134818,0.034717,0.011478,-0.037227
2025-12-16 18:26:19.885,0.146202,0.190227,0.050912,-2.320792,1.303826,2.171473,1.553193,0.001822,-0.099203,0.008638,-0.138694,0.035934,0.013720,-0.037064
2025-12-16 18:26:19.886,0.146207,0.190127,0.050917,-2.320935,1.303863,2.171484,1.553156,0.001221,-0.099963,0.007924,-0.139054,0.041374,0.015304,-0.041297
2025-12-16 18:26:19.887,0.146209,0.190025,0.050924,-2.321075,1.303897,2.171494,1.553116,0.000262,-0.098608,0.008771,-0.139192,0.040204,0.011449,-0.045805
2025-12-16 18:26:19.888,0.146217,0.189932,0.050929,-2.321207,1.303929,2.171501,1.553073,0.003865,-0.097439,0.007671,-0.134525,0.038884,0.012518,-0.045267
2025-12-16 18:26:19.889,0.146217,0.189836,0.050941,-2.321344,1.303963,2.171508,1.553038,0.001727,-0.095038,0.009941,-0.134682,0.039054,0.008726,-0.043279
2025-12-16 18:26:19.891,0.146219,0.189734,0.050948,-2.321482,1.303997,2.171521,1.553006,0.000142,-0.094465,0.009109,-0.135554,0.038695,0.012415,-0.035259
2025-12-16 18:26:19.892,0.146224,0.189639,0.050955,-2.321620,1.304027,2.171533,1.552969,0.002785,-0.094709,0.008677,-0.135175,0.037381,0.014679,-0.030861
2025-12-16 18:26:19.893,0.146238,0.189432,0.050969,-2.321897,1.304099,2.171555,1.552893,0.004724,-0.097505,0.006609,-0.136221,0.034702,0.012302,-0.035163
2025-12-16 18:26:19.894,0.146240,0.189330,0.050980,-2.322036,1.304136,2.171568,1.552862,0.004984,-0.098845,0.008559,-0.137633,0.035666,0.013807,-0.034003
2025-12-16 18:26:19.895,0.146245,0.189228,0.050986,-2.322169,1.304171,2.171579,1.552827,0.005857,-0.099248,0.008828,-0.136463,0.031415,0.014988,-0.033878
2025-12-16 18:26:19.896,0.146253,0.189136,0.050990,-2.322302,1.304203,2.171589,1.552781,0.007194,-0.097765,0.007833,-0.134186,0.032251,0.014760,-0.037495
2025-12-16 18:26:19.897,0.146264,0.189036,0.050992,-2.322441,1.304237,2.171603,1.552743,0.009311,-0.098111,0.007182,-0.137730,0.034104,0.016912,-0.037354
2025-12-16 18:26:19.899,0.146272,0.188937,0.051002,-2.322576,1.304271,2.171616,1.552708,0.007071,-0.098048,0.006231,-0.134479,0.035103,0.012635,-0.037121
2025-12-16 18:26:19.901,0.146291,0.188634,0.051028,-2.322989,1.304374,2.171654,1.552599,0.004489,-0.098915,0.007240,-0.133333,0.036947,0.009358,-0.032297
2025-12-16 18:26:19.902,0.146296,0.188531,0.051037,-2.323124,1.304405,2.171667,1.552555,0.002764,-0.099584,0.008343,-0.135861,0.036391,0.006962,-0.035352
2025-12-16 18:26:19.903,0.146304,0.188433,0.051043,-2.323263,1.304440,2.171682,1.552520,0.002158,-0.098101,0.005734,-0.136901,0.037188,0.005556,-0.034799
2025-12-16 18:26:19.904,0.146309,0.188336,0.051053,-2.323397,1.304470,2.171695,1.552489,0.004781,-0.097878,0.007791,-0.133504,0.036170,0.003738,-0.034056
2025-12-16 18:26:19.905,0.146317,0.188235,0.051064,-2.323528,1.304504,2.171709,1.552451,0.004273,-0.099431,0.009906,-0.130520,0.036757,0.002424,-0.035388
2025-12-16 18:26:19.906,0.146323,0.188138,0.051069,-2.323669,1.304538,2.171722,1.552411,0.003733,-0.099090,0.006772,-0.135436,0.037366,0.006169,-0.037233
2025-12-16 18:26:19.908,0.146328,0.188042,0.051078,-2.323797,1.304571,2.171733,1.552368,0.002734,-0.098992,0.007908,-0.134160,0.037035,0.009345,-0.039889
2025-12-16 18:26:19.909,0.146332,0.187940,0.051090,-2.323932,1.304606,2.171751,1.552338,0.002563,-0.100236,0.007588,-0.136480,0.037565,0.012111,-0.036671
2025-12-16 18:26:19.910,0.146343,0.187740,0.051112,-2.324199,1.304671,2.171773,1.552263,0.003438,-0.097142,0.006440,-0.131354,0.034418,0.013661,-0.037044
2025-12-16 18:26:19.911,0.146348,0.187641,0.051119,-2.324332,1.304704,2.171787,1.552221,0.004133,-0.098456,0.004009,-0.132957,0.035654,0.014311,-0.033960
2025-12-16 18:26:19.912,0.146348,0.187543,0.051131,-2.324465,1.304736,2.171801,1.552186,0.002814,-0.102054,0.008050,-0.133014,0.035654,0.015162,-0.038333
2025-12-16 18:26:19.913,0.146357,0.187447,0.051140,-2.324601,1.304769,2.171811,1.552148,0.004889,-0.098480,0.009195,-0.132393,0.035788,0.010773,-0.038844
2025-12-16 18:26:19.914,0.146357,0.187346,0.051153,-2.324731,1.304805,2.171824,1.552113,0.003292,-0.097582,0.008426,-0.130013,0.036293,0.012868,-0.037142
2025-12-16 18:26:19.916,0.146359,0.187248,0.051163,-2.324865,1.304839,2.171839,1.552071,0.002219,-0.098859,0.009437,-0.128867,0.031591,0.014757,-0.038454
2025-12-16 18:26:19.917,0.146366,0.187046,0.051184,-2.325135,1.304908,2.171862,1.551991,0.002126,-0.098753,0.010610,-0.131678,0.034658,0.011400,-0.039195
2025-12-16 18:26:19.918,0.146374,0.186945,0.051197,-2.325270,1.304941,2.171873,1.551959,0.006334,-0.099468,0.013966,-0.133133,0.035329,0.013294,-0.036102
2025-12-16 18:26:19.919,0.146375,0.186843,0.051205,-2.325405,1.304977,2.171881,1.551920,0.003936,-0.101113,0.013195,-0.131220,0.030960,0.009260,-0.036616
2025-12-16 18:26:19.920,0.146379,0.186745,0.051220,-2.325539,1.305013,2.171894,1.551877,0.002826,-0.098759,0.013858,-0.129082,0.032980,0.011711,-0.038700
2025-12-16 18:26:19.922,0.146386,0.186548,0.051236,-2.325810,1.305082,2.171916,1.551803,0.006491,-0.098159,0.009226,-0.129820,0.029992,0.010852,-0.036945
2025-12-16 18:26:19.923,0.146394,0.186452,0.051247,-2.325942,1.305117,2.171927,1.551766,0.008010,-0.098584,0.012143,-0.128012,0.032077,0.012444,-0.041321
2025-12-16 18:26:19.924,0.146399,0.186350,0.051259,-2.326080,1.305150,2.171939,1.551726,0.008036,-0.099946,0.012598,-0.131666,0.033158,0.009727,-0.040927
2025-12-16 18:26:19.925,0.146405,0.186254,0.051263,-2.326218,1.305185,2.171954,1.551688,0.008049,-0.099897,0.010536,-0.134193,0.034541,0.007651,-0.041287
2025-12-16 18:26:19.926,0.146413,0.186148,0.051271,-2.326343,1.305219,2.171964,1.551649,0.005642,-0.101694,0.010374,-0.134612,0.035644,0.010382,-0.041096
2025-12-16 18:26:19.928,0.146426,0.186046,0.051281,-2.326484,1.305255,2.171980,1.551617,0.005592,-0.101254,0.010796,-0.135589,0.036757,0.008470,-0.037931
2025-12-16 18:26:19.929,0.146430,0.185947,0.051283,-2.326624,1.305288,2.171989,1.551580,0.005509,-0.098369,0.008751,-0.137393,0.036897,0.010492,-0.037496
2025-12-16 18:26:19.930,0.146441,0.185752,0.051306,-2.326892,1.305358,2.172018,1.551496,0.005680,-0.096183,0.012513,-0.137587,0.036509,0.010843,-0.039977
2025-12-16 18:26:19.931,0.146451,0.185651,0.051314,-2.327023,1.305391,2.172032,1.551454,0.007718,-0.098497,0.011884,-0.133729,0.040324,0.013066,-0.039292
2025-12-16 18:26:19.932,0.146463,0.185550,0.051321,-2.327158,1.305427,2.172049,1.551421,0.006563,-0.099353,0.010730,-0.131838,0.040215,0.014345,-0.036681
2025-12-16 18:26:19.934,0.146469,0.185455,0.051331,-2.327290,1.305464,2.172062,1.551385,0.003907,-0.098452,0.010568,-0.130194,0.039612,0.014646,-0.036332
2025-12-16 18:26:19.935,0.146477,0.185351,0.051341,-2.327428,1.305502,2.172078,1.551343,0.002532,-0.095751,0.008667,-0.129659,0.034454,0.016016,-0.042668
2025-12-16 18:26:19.936,0.146485,0.185249,0.051350,-2.327564,1.305542,2.172094,1.551298,0.004540,-0.097016,0.008882,-0.130009,0.035948,0.017236,-0.038860
2025-12-16 18:26:19.937,0.146498,0.185147,0.051355,-2.327694,1.305577,2.172112,1.551267,0.007901,-0.095423,0.007857,-0.127857,0.036109,0.017937,-0.035743
2025-12-16 18:26:19.938,0.146511,0.184947,0.051380,-2.327956,1.305655,2.172149,1.551194,0.009486,-0.096956,0.011511,-0.128403,0.037388,0.019105,-0.040267
2025-12-16 18:26:19.940,0.146518,0.184853,0.051383,-2.328088,1.305692,2.172163,1.551145,0.010292,-0.095536,0.009138,-0.130567,0.037029,0.013868,-0.042628
2025-12-16 18:26:19.941,0.146528,0.184653,0.051405,-2.328361,1.305766,2.172197,1.551072,0.005484,-0.098339,0.011965,-0.131275,0.036455,0.011739,-0.039727
2025-12-16 18:26:19.942,0.146541,0.184555,0.051412,-2.328492,1.305806,2.172214,1.551036,0.009606,-0.097019,0.011790,-0.130319,0.037558,0.012839,-0.037356
2025-12-16 18:26:19.943,0.146546,0.184451,0.051420,-2.328623,1.305844,2.172236,1.550992,0.006481,-0.101873,0.009359,-0.129737,0.037234,0.019103,-0.034305
2025-12-16 18:26:19.944,0.146552,0.184354,0.051430,-2.328750,1.305881,2.172256,1.550952,0.005353,-0.099944,0.008152,-0.129628,0.038140,0.020178,-0.035764
2025-12-16 18:26:19.946,0.146555,0.184254,0.051443,-2.328879,1.305921,2.172276,1.550912,0.004482,-0.100292,0.008284,-0.129898,0.037953,0.020081,-0.036676
2025-12-16 18:26:19.947,0.146564,0.184155,0.051448,-2.329010,1.305958,2.172296,1.550875,0.005575,-0.101087,0.005363,-0.130812,0.037171,0.023705,-0.035653
2025-12-16 18:26:19.948,0.146569,0.184058,0.051459,-2.329149,1.305993,2.172313,1.550837,0.005124,-0.100233,0.005544,-0.133234,0.037005,0.021401,-0.039850
2025-12-16 18:26:19.949,0.146574,0.183961,0.051469,-2.329277,1.306034,2.172331,1.550800,0.005329,-0.099879,0.005126,-0.131405,0.037114,0.020436,-0.038979
2025-12-16 18:26:19.950,0.146576,0.183859,0.051485,-2.329410,1.306070,2.172348,1.550754,0.004222,-0.101250,0.008784,-0.130971,0.041077,0.014715,-0.041355
2025-12-16 18:26:19.951,0.146578,0.183766,0.051494,-2.329536,1.306111,2.172369,1.550720,0.003456,-0.098642,0.006871,-0.129662,0.046174,0.020833,-0.038910
2025-12-16 18:26:19.953,0.146585,0.183666,0.051501,-2.329670,1.306153,2.172382,1.550685,0.004688,-0.099352,0.004855,-0.128406,0.045116,0.019658,-0.032791
2025-12-16 18:26:19.954,0.146585,0.183563,0.051514,-2.329804,1.306191,2.172402,1.550648,0.003173,-0.101449,0.007987,-0.127942,0.047859,0.024589,-0.033444
2025-12-16 18:26:19.955,0.146588,0.183467,0.051523,-2.329934,1.306231,2.172418,1.550604,0.003357,-0.098025,0.009229,-0.126610,0.045818,0.022365,-0.036861
2025-12-16 18:26:19.956,0.146587,0.183368,0.051530,-2.330065,1.306264,2.172435,1.550564,0.001708,-0.100422,0.011791,-0.126091,0.038299,0.017231,-0.032537
2025-12-16 18:26:19.958,0.146597,0.183080,0.051567,-2.330440,1.306379,2.172479,1.550450,0.001186,-0.099582,0.010676,-0.126470,0.037602,0.010087,-0.035999
2025-12-16 18:26:19.959,0.146601,0.182886,0.051587,-2.330700,1.306453,2.172501,1.550378,0.003045,-0.098264,0.010252,-0.127649,0.032542,0.010242,-0.034640
2025-12-16 18:26:19.960,0.146609,0.182783,0.051598,-2.330834,1.306489,2.172516,1.550338,0.003991,-0.097734,0.011664,-0.129703,0.034296,0.013394,-0.035966
2025-12-16 18:26:19.962,0.146610,0.182689,0.051608,-2.330961,1.306524,2.172530,1.550299,0.002253,-0.098265,0.008089,-0.125599,0.035344,0.010011,-0.041493
2025-12-16 18:26:19.963,0.146622,0.182507,0.051627,-2.331206,1.306599,2.172552,1.550217,0.003914,-0.098886,0.010656,-0.126231,0.036413,0.013498,-0.039400
2025-12-16 18:26:19.965,0.146622,0.182422,0.051640,-2.331329,1.306635,2.172565,1.550177,-0.000037,-0.096946,0.013864,-0.123890,0.037046,0.010901,-0.038287
2025-12-16 18:26:19.966,0.146623,0.182324,0.051647,-2.331459,1.306669,2.172573,1.550140,-0.000068,-0.095824,0.009283,-0.125307,0.041985,0.007388,-0.037517
2025-12-16 18:26:19.967,0.146648,0.182128,0.051657,-2.331717,1.306743,2.172599,1.550053,0.007564,-0.099948,0.007744,-0.123625,0.040013,0.013105,-0.043858
2025-12-16 18:26:19.968,0.146653,0.182036,0.051663,-2.331840,1.306780,2.172612,1.550018,0.006574,-0.097992,0.007766,-0.123398,0.040046,0.010869,-0.041040
2025-12-16 18:26:19.969,0.146659,0.181935,0.051676,-2.331967,1.306815,2.172627,1.549983,0.007747,-0.099425,0.009548,-0.123991,0.035009,0.013085,-0.039100
2025-12-16 18:26:19.970,0.146665,0.181843,0.051679,-2.332084,1.306851,2.172641,1.549943,0.007400,-0.095804,0.007869,-0.123260,0.035276,0.014401,-0.039264
2025-12-16 18:26:19.971,0.146674,0.181749,0.051688,-2.332212,1.306886,2.172655,1.549899,0.008385,-0.093903,0.008497,-0.123109,0.035746,0.010727,-0.040769
2025-12-16 18:26:19.972,0.146680,0.181657,0.051696,-2.332335,1.306920,2.172667,1.549864,0.005320,-0.092509,0.008277,-0.122481,0.035251,0.008368,-0.043260
2025-12-16 18:26:19.974,0.146683,0.181560,0.051704,-2.332464,1.306953,2.172679,1.549829,0.002578,-0.092359,0.011665,-0.121714,0.035216,0.010520,-0.040739
2025-12-16 18:26:19.975,0.146695,0.181466,0.051714,-2.332593,1.306987,2.172694,1.549789,0.005947,-0.095573,0.011828,-0.120540,0.031203,0.012939,-0.044363
2025-12-16 18:26:19.976,0.146708,0.181276,0.051730,-2.332838,1.307063,2.172725,1.549706,0.005970,-0.095175,0.011511,-0.124140,0.030798,0.016100,-0.042873
2025-12-16 18:26:19.977,0.146714,0.181180,0.051735,-2.332970,1.307097,2.172743,1.549668,0.003340,-0.093390,0.010395,-0.127764,0.027730,0.017902,-0.041499
2025-12-16 18:26:19.978,0.146719,0.181086,0.051744,-2.333096,1.307133,2.172753,1.549634,0.002652,-0.094877,0.010839,-0.129267,0.030953,0.016550,-0.038941
2025-12-16 18:26:19.979,0.146725,0.180989,0.051756,-2.333223,1.307164,2.172766,1.549592,0.004667,-0.097003,0.011649,-0.129637,0.031558,0.016726,-0.043372
2025-12-16 18:26:19.981,0.146734,0.180900,0.051767,-2.333351,1.307200,2.172784,1.549555,0.007295,-0.097253,0.009970,-0.128398,0.033201,0.017289,-0.041261
2025-12-16 18:26:19.982,0.146736,0.180810,0.051772,-2.333474,1.307235,2.172797,1.549508,0.004942,-0.093696,0.009715,-0.126929,0.034448,0.016923,-0.043304
2025-12-16 18:26:19.983,0.146743,0.180715,0.051781,-2.333591,1.307270,2.172812,1.549471,0.004885,-0.093658,0.008391,-0.124238,0.035545,0.017452,-0.044554
2025-12-16 18:26:19.984,0.146755,0.180528,0.051794,-2.333855,1.307345,2.172846,1.549396,0.007516,-0.097070,0.008249,-0.129065,0.034065,0.015275,-0.040920
2025-12-16 18:26:19.985,0.146760,0.180429,0.051802,-2.333986,1.307375,2.172859,1.549347,0.007234,-0.096530,0.007189,-0.128627,0.029038,0.015375,-0.042576
2025-12-16 18:26:19.986,0.146767,0.180333,0.051813,-2.334115,1.307410,2.172873,1.549310,0.007488,-0.096590,0.010521,-0.129247,0.030681,0.015931,-0.040444
2025-12-16 18:26:19.987,0.146768,0.180240,0.051820,-2.334244,1.307447,2.172893,1.549277,0.005251,-0.093778,0.008692,-0.129044,0.033085,0.017416,-0.043370
2025-12-16 18:26:19.988,0.146774,0.180149,0.051828,-2.334367,1.307478,2.172903,1.549238,0.006014,-0.095546,0.010856,-0.127540,0.033225,0.011247,-0.041634
2025-12-16 18:26:19.990,0.146778,0.180057,0.051833,-2.334492,1.307512,2.172917,1.549195,0.005918,-0.096876,0.009001,-0.125758,0.034321,0.012848,-0.042141
2025-12-16 18:26:19.991,0.146782,0.179965,0.051839,-2.334627,1.307545,2.172930,1.549153,0.005818,-0.094654,0.007532,-0.129627,0.035204,0.013974,-0.040822
2025-12-16 18:26:19.992,0.146784,0.179870,0.051845,-2.334759,1.307579,2.172943,1.549112,0.003961,-0.093483,0.006541,-0.129586,0.035955,0.014897,-0.039325
2025-12-16 18:26:19.993,0.146794,0.179681,0.051863,-2.335020,1.307649,2.172968,1.549033,0.008488,-0.096147,0.005529,-0.132777,0.037767,0.016517,-0.038243
2025-12-16 18:26:19.994,0.146799,0.179586,0.051871,-2.335148,1.307682,2.172977,1.548982,0.006736,-0.093378,0.003818,-0.131061,0.032961,0.016957,-0.040765
2025-12-16 18:26:19.995,0.146798,0.179497,0.051874,-2.335276,1.307721,2.172989,1.548941,0.007240,-0.093400,0.004407,-0.128572,0.034762,0.012420,-0.039159
2025-12-16 18:26:19.996,0.146803,0.179402,0.051883,-2.335405,1.307754,2.173004,1.548899,0.008454,-0.092647,0.006128,-0.127457,0.034718,0.009769,-0.041765
2025-12-16 18:26:19.997,0.146808,0.179312,0.051896,-2.335542,1.307785,2.173015,1.548857,0.006920,-0.094708,0.007968,-0.128101,0.034380,0.012253,-0.040172
2025-12-16 18:26:19.999,0.146806,0.179215,0.051906,-2.335669,1.307818,2.173027,1.548808,0.003325,-0.094739,0.008776,-0.129973,0.035291,0.008832,-0.041388
2025-12-16 18:26:20.000,0.146812,0.179131,0.051914,-2.335797,1.307852,2.173042,1.548763,0.002573,-0.091115,0.008854,-0.129196,0.036049,0.012807,-0.041170
2025-12-16 18:26:20.001,0.146814,0.179037,0.051922,-2.335930,1.307886,2.173052,1.548716,0.004484,-0.091610,0.008971,-0.129991,0.031763,0.009512,-0.045222
2025-12-16 18:26:20.002,0.146824,0.178861,0.051938,-2.336185,1.307958,2.173080,1.548631,0.001876,-0.093764,0.009154,-0.130545,0.026640,0.014753,-0.040474
2025-12-16 18:26:20.003,0.146829,0.178767,0.051942,-2.336322,1.307992,2.173088,1.548581,0.003541,-0.092988,0.008087,-0.130079,0.029379,0.014905,-0.041528
2025-12-16 18:26:20.004,0.146834,0.178673,0.051947,-2.336452,1.308024,2.173103,1.548531,0.005331,-0.095370,0.007394,-0.129264,0.031195,0.016549,-0.046275
2025-12-16 18:26:20.005,0.146837,0.178577,0.051955,-2.336580,1.308060,2.173111,1.548490,0.005512,-0.095205,0.005281,-0.128308,0.033456,0.015928,-0.046357
2025-12-16 18:26:20.006,0.146843,0.178491,0.051964,-2.336702,1.308092,2.173124,1.548449,0.003832,-0.092720,0.007081,-0.126348,0.033776,0.016669,-0.046859
2025-12-16 18:26:20.007,0.146848,0.178410,0.051970,-2.336830,1.308128,2.173141,1.548395,0.005072,-0.089752,0.007132,-0.122885,0.031029,0.013611,-0.046925
2025-12-16 18:26:20.009,0.146857,0.178318,0.051976,-2.336955,1.308160,2.173153,1.548347,0.007666,-0.091198,0.007318,-0.124910,0.027258,0.015095,-0.044442
2025-12-16 18:26:20.010,0.146863,0.178145,0.051991,-2.337223,1.308234,2.173181,1.548258,0.005870,-0.089805,0.006862,-0.126599,0.036263,0.016918,-0.044643
2025-12-16 18:26:20.011,0.146866,0.178052,0.052000,-2.337342,1.308267,2.173195,1.548212,0.007202,-0.091160,0.008164,-0.126238,0.035936,0.017312,-0.043788
2025-12-16 18:26:20.012,0.146871,0.177960,0.052006,-2.337471,1.308304,2.173208,1.548164,0.006134,-0.090230,0.007986,-0.127047,0.031715,0.013314,-0.047320
2025-12-16 18:26:20.013,0.146873,0.177874,0.052014,-2.337598,1.308339,2.173222,1.548111,0.004115,-0.091623,0.009020,-0.127345,0.033357,0.010299,-0.046670
2025-12-16 18:26:20.014,0.146874,0.177786,0.052026,-2.337725,1.308377,2.173237,1.548074,0.002530,-0.087466,0.008631,-0.127445,0.034923,0.012716,-0.046064
2025-12-16 18:26:20.016,0.146875,0.177616,0.052039,-2.337978,1.308449,2.173265,1.547986,0.001464,-0.089163,0.007090,-0.129865,0.031542,0.014962,-0.042939
2025-12-16 18:26:20.017,0.146880,0.177529,0.052048,-2.338103,1.308488,2.173277,1.547936,0.002831,-0.089201,0.006378,-0.128960,0.033540,0.015380,-0.043851
2025-12-16 18:26:20.018,0.146877,0.177445,0.052056,-2.338233,1.308519,2.173287,1.547892,0.002025,-0.085656,0.005862,-0.129512,0.033179,0.014848,-0.046024
2025-12-16 18:26:20.019,0.146882,0.177362,0.052060,-2.338356,1.308561,2.173300,1.547853,0.003217,-0.082406,0.004211,-0.128505,0.035694,0.015606,-0.042226
2025-12-16 18:26:20.020,0.146882,0.177274,0.052065,-2.338481,1.308596,2.173315,1.547807,0.002222,-0.084907,0.003591,-0.128604,0.041059,0.016475,-0.041163
2025-12-16 18:26:20.021,0.146885,0.177191,0.052073,-2.338606,1.308634,2.173328,1.547760,0.002746,-0.085066,0.004884,-0.126317,0.040437,0.013157,-0.039984
2025-12-16 18:26:20.022,0.146885,0.177105,0.052079,-2.338731,1.308672,2.173340,1.547710,0.002431,-0.085612,0.004590,-0.125401,0.039658,0.014211,-0.045918
2025-12-16 18:26:20.023,0.146889,0.177015,0.052078,-2.338861,1.308707,2.173353,1.547669,0.003417,-0.088009,0.002599,-0.125835,0.038754,0.010314,-0.046698
2025-12-16 18:26:20.025,0.146898,0.176842,0.052084,-2.339107,1.308777,2.173376,1.547576,0.004245,-0.084323,0.002247,-0.123857,0.033096,0.012680,-0.041701
2025-12-16 18:26:20.026,0.146897,0.176759,0.052087,-2.339232,1.308812,2.173388,1.547517,0.002844,-0.082532,0.002652,-0.125465,0.033566,0.009664,-0.048902
2025-12-16 18:26:20.027,0.146897,0.176685,0.052096,-2.339344,1.308845,2.173404,1.547477,0.001906,-0.080562,0.006990,-0.123050,0.034358,0.013123,-0.043339
2025-12-16 18:26:20.029,0.146903,0.176516,0.052101,-2.339600,1.308916,2.173426,1.547389,0.002034,-0.084874,0.004467,-0.126056,0.036378,0.015707,-0.039485
2025-12-16 18:26:20.030,0.146908,0.176431,0.052103,-2.339724,1.308948,2.173439,1.547334,0.003123,-0.086765,0.003126,-0.123270,0.031764,0.016433,-0.041676
2025-12-16 18:26:20.031,0.146907,0.176345,0.052107,-2.339847,1.308982,2.173446,1.547280,0.000879,-0.085111,0.003308,-0.124122,0.033599,0.011233,-0.041566
2025-12-16 18:26:20.033,0.146911,0.176178,0.052109,-2.340086,1.309050,2.173466,1.547190,0.001013,-0.082978,0.001031,-0.121705,0.035482,0.006565,-0.040294
2025-12-16 18:26:20.034,0.146911,0.176103,0.052111,-2.340204,1.309086,2.173478,1.547143,0.000677,-0.082525,0.000177,-0.121224,0.036482,0.005664,-0.044131
2025-12-16 18:26:20.035,0.146910,0.176020,0.052114,-2.340324,1.309119,2.173487,1.547090,-0.000105,-0.080804,0.000153,-0.121365,0.036786,0.008893,-0.049222
2025-12-16 18:26:20.036,0.146906,0.175939,0.052117,-2.340446,1.309152,2.173499,1.547039,-0.001275,-0.079593,0.002998,-0.118609,0.036695,0.010986,-0.047266
2025-12-16 18:26:20.037,0.146910,0.175861,0.052119,-2.340572,1.309181,2.173509,1.546997,0.000357,-0.080544,0.003928,-0.119937,0.036569,0.012581,-0.047355
2025-12-16 18:26:20.038,0.146906,0.175773,0.052121,-2.340695,1.309212,2.173515,1.546949,-0.000968,-0.084335,0.002495,-0.122563,0.032446,0.014117,-0.049798
2025-12-16 18:26:20.039,0.146910,0.175700,0.052126,-2.340814,1.309244,2.173528,1.546897,0.000561,-0.078504,0.001989,-0.120096,0.033850,0.015678,-0.048117
2025-12-16 18:26:20.040,0.146904,0.175622,0.052131,-2.340931,1.309274,2.173542,1.546849,-0.001389,-0.078708,0.000920,-0.118279,0.030196,0.017530,-0.045497
2025-12-16 18:26:20.041,0.146906,0.175538,0.052132,-2.341049,1.309303,2.173554,1.546805,-0.000926,-0.081437,-0.000874,-0.116273,0.031967,0.013759,-0.043123
2025-12-16 18:26:20.043,0.146905,0.175458,0.052136,-2.341165,1.309334,2.173570,1.546759,-0.001174,-0.078464,-0.001095,-0.118608,0.033140,0.016199,-0.040609
2025-12-16 18:26:20.044,0.146900,0.175287,0.052147,-2.341415,1.309392,2.173590,1.546654,-0.002068,-0.080982,0.003303,-0.118012,0.034882,0.012130,-0.048975
2025-12-16 18:26:20.045,0.146897,0.175210,0.052152,-2.341535,1.309421,2.173602,1.546603,-0.002585,-0.081414,0.004436,-0.117957,0.031016,0.014442,-0.051251
2025-12-16 18:26:20.046,0.146890,0.175129,0.052157,-2.341651,1.309448,2.173613,1.546555,-0.004043,-0.082736,0.002905,-0.115966,0.027297,0.010360,-0.050294
2025-12-16 18:26:20.047,0.146890,0.175056,0.052161,-2.341767,1.309480,2.173622,1.546507,-0.002696,-0.078093,0.000714,-0.113863,0.026573,0.012796,-0.051237
2025-12-16 18:26:20.049,0.146890,0.174977,0.052166,-2.341885,1.309509,2.173633,1.546454,-0.001797,-0.076588,0.003041,-0.115577,0.024685,0.013845,-0.052909
2025-12-16 18:26:20.050,0.146885,0.174900,0.052171,-2.342010,1.309539,2.173642,1.546396,-0.002961,-0.079170,0.004841,-0.121178,0.023520,0.014979,-0.055490
2025-12-16 18:26:20.051,0.146881,0.174820,0.052176,-2.342133,1.309568,2.173653,1.546341,-0.003088,-0.077861,0.003836,-0.123062,0.022407,0.016301,-0.055269
2025-12-16 18:26:20.052,0.146881,0.174737,0.052177,-2.342252,1.309597,2.173663,1.546291,-0.002059,-0.080625,0.002457,-0.120589,0.026405,0.012214,-0.054479
2025-12-16 18:26:20.053,0.146878,0.174654,0.052178,-2.342376,1.309624,2.173678,1.546239,-0.002579,-0.082702,0.003171,-0.119990,0.028332,0.009899,-0.054632
2025-12-16 18:26:20.054,0.146881,0.174578,0.052183,-2.342491,1.309653,2.173691,1.546184,0.000044,-0.078479,0.003173,-0.120804,0.025974,0.012771,-0.055809
2025-12-16 18:26:20.055,0.146875,0.174497,0.052185,-2.342609,1.309683,2.173701,1.546127,-0.001734,-0.078059,0.002493,-0.118140,0.029201,0.009474,-0.052894
2025-12-16 18:26:20.056,0.146875,0.174425,0.052185,-2.342727,1.309711,2.173709,1.546077,-0.001156,-0.078984,0.001945,-0.121379,0.026245,0.006697,-0.052535
2025-12-16 18:26:20.058,0.146876,0.174338,0.052187,-2.342849,1.309740,2.173717,1.546028,-0.000214,-0.080658,0.002066,-0.121559,0.028473,0.004259,-0.047798
2025-12-16 18:26:20.059,0.146873,0.174264,0.052187,-2.342976,1.309768,2.173726,1.545975,-0.001256,-0.078237,0.001536,-0.120118,0.030175,0.007836,-0.050017
2025-12-16 18:26:20.060,0.146872,0.174178,0.052185,-2.343099,1.309800,2.173730,1.545919,-0.000281,-0.083491,0.000587,-0.122667,0.028409,0.004113,-0.053959
2025-12-16 18:26:20.061,0.146868,0.173876,0.052187,-2.343588,1.309928,2.173771,1.545727,-0.005296,-0.079222,0.001367,-0.127164,0.035508,0.008239,-0.054158
2025-12-16 18:26:20.062,0.146867,0.173793,0.052184,-2.343714,1.309961,2.173779,1.545672,-0.007093,-0.079427,0.000290,-0.127862,0.036311,0.010751,-0.056733
2025-12-16 18:26:20.063,0.146866,0.173710,0.052188,-2.343832,1.309993,2.173789,1.545627,-0.004746,-0.082795,0.000864,-0.123034,0.031484,0.012766,-0.052134
2025-12-16 18:26:20.065,0.146864,0.173628,0.052184,-2.343965,1.310023,2.173797,1.545589,-0.004152,-0.080106,-0.000057,-0.127361,0.032902,0.008897,-0.046283
2025-12-16 18:26:20.066,0.146867,0.173552,0.052186,-2.344078,1.310054,2.173806,1.545546,-0.001328,-0.078598,0.000623,-0.122154,0.033540,0.011424,-0.043169
2025-12-16 18:26:20.067,0.146862,0.173475,0.052185,-2.344196,1.310083,2.173816,1.545492,-0.001777,-0.079421,-0.004753,-0.119461,0.029559,0.013551,-0.043971
2025-12-16 18:26:20.068,0.146860,0.173408,0.052188,-2.344313,1.310117,2.173823,1.545443,-0.000717,-0.075116,-0.002433,-0.117132,0.032274,0.010573,-0.042682
2025-12-16 18:26:20.069,0.146855,0.173327,0.052191,-2.344435,1.310147,2.173833,1.545401,-0.000614,-0.077569,-0.003168,-0.119093,0.028861,0.008262,-0.039638
2025-12-16 18:26:20.070,0.146856,0.173254,0.052190,-2.344559,1.310180,2.173841,1.545354,0.001159,-0.073797,-0.001966,-0.118278,0.031504,0.010518,-0.038725
2025-12-16 18:26:20.071,0.146851,0.173173,0.052194,-2.344683,1.310208,2.173849,1.545302,0.000696,-0.075730,0.000632,-0.122283,0.027646,0.012212,-0.039019
2025-12-16 18:26:20.072,0.146849,0.173099,0.052189,-2.344804,1.310239,2.173856,1.545254,-0.002097,-0.076115,-0.003936,-0.121074,0.030590,0.009194,-0.039464
2025-12-16 18:26:20.073,0.146847,0.173019,0.052190,-2.344918,1.310268,2.173863,1.545199,-0.004280,-0.077494,-0.001869,-0.120721,0.027952,0.011243,-0.045188
2025-12-16 18:26:20.074,0.146845,0.172942,0.052188,-2.345037,1.310296,2.173868,1.545157,-0.002137,-0.076169,-0.002141,-0.119019,0.025315,0.008106,-0.041063
2025-12-16 18:26:20.075,0.146841,0.172869,0.052187,-2.345148,1.310328,2.173876,1.545113,-0.004325,-0.072736,-0.001681,-0.118255,0.024803,0.007261,-0.038841
2025-12-16 18:26:20.077,0.146833,0.172794,0.052187,-2.345268,1.310359,2.173884,1.545058,-0.003973,-0.071268,-0.001311,-0.120207,0.027718,0.005394,-0.039753
2025-12-16 18:26:20.078,0.146828,0.172724,0.052189,-2.345392,1.310385,2.173891,1.545004,-0.002492,-0.069076,-0.000460,-0.119631,0.028781,0.004350,-0.045714
2025-12-16 18:26:20.079,0.146825,0.172566,0.052189,-2.345630,1.310438,2.173906,1.544914,0.000973,-0.074674,-0.000356,-0.117835,0.028819,0.002623,-0.043688
2025-12-16 18:26:20.080,0.146824,0.172500,0.052189,-2.345740,1.310467,2.173912,1.544861,0.001686,-0.072813,-0.000298,-0.111637,0.026736,0.006621,-0.047619
2025-12-16 18:26:20.081,0.146816,0.172425,0.052191,-2.345849,1.310494,2.173917,1.544806,0.000441,-0.073849,0.000313,-0.108259,0.028826,0.009621,-0.050185
2025-12-16 18:26:20.083,0.146813,0.172357,0.052188,-2.345965,1.310518,2.173920,1.544755,0.001313,-0.073079,0.000175,-0.109589,0.030693,0.006484,-0.052481
2025-12-16 18:26:20.084,0.146802,0.172209,0.052192,-2.346193,1.310574,2.173934,1.544660,-0.001511,-0.074449,0.000289,-0.109134,0.030951,0.003939,-0.048375
2025-12-16 18:26:20.086,0.146795,0.172134,0.052190,-2.346311,1.310602,2.173941,1.544611,-0.005521,-0.075901,-0.000471,-0.111078,0.028863,0.008017,-0.050284
2025-12-16 18:26:20.087,0.146794,0.172059,0.052191,-2.346429,1.310625,2.173945,1.544553,-0.003009,-0.073182,-0.000325,-0.112348,0.030650,0.005610,-0.049295
2025-12-16 18:26:20.088,0.146789,0.171986,0.052192,-2.346542,1.310647,2.173952,1.544510,-0.002894,-0.071027,0.000425,-0.111942,0.026924,0.009605,-0.044519
2025-12-16 18:26:20.089,0.146776,0.171854,0.052189,-2.346757,1.310690,2.173966,1.544416,-0.003741,-0.065817,-0.001026,-0.109162,0.023400,0.008844,-0.045308
2025-12-16 18:26:20.090,0.146772,0.171784,0.052192,-2.346876,1.310714,2.173969,1.544363,-0.003283,-0.068283,0.000519,-0.110943,0.022246,0.005863,-0.044884
2025-12-16 18:26:20.091,0.146766,0.171714,0.052189,-2.346984,1.310737,2.173975,1.544312,-0.003407,-0.066986,-0.000863,-0.112008,0.021063,0.004816,-0.048841
2025-12-16 18:26:20.092,0.146766,0.171639,0.052187,-2.347101,1.310764,2.173980,1.544263,-0.001237,-0.071518,-0.001134,-0.113045,0.020516,0.003611,-0.045167
2025-12-16 18:26:20.093,0.146761,0.171568,0.052189,-2.347209,1.310787,2.173989,1.544217,-0.004522,-0.069780,-0.000201,-0.110710,0.020443,0.004166,-0.046854
2025-12-16 18:26:20.094,0.146755,0.171501,0.052191,-2.347327,1.310813,2.173995,1.544167,-0.007575,-0.066559,0.000422,-0.113430,0.024833,0.003376,-0.044219
2025-12-16 18:26:20.096,0.146749,0.171431,0.052191,-2.347440,1.310836,2.174003,1.544104,-0.009329,-0.069485,0.000281,-0.113562,0.022599,0.002420,-0.049967
2025-12-16 18:26:20.097,0.146739,0.171299,0.052187,-2.347657,1.310889,2.174014,1.544006,-0.008715,-0.065973,-0.000804,-0.106578,0.026291,0.000136,-0.050450
2025-12-16 18:26:20.098,0.146733,0.171222,0.052185,-2.347773,1.310915,2.174019,1.543956,-0.006423,-0.068328,-0.000536,-0.108260,0.024399,0.000162,-0.046406
2025-12-16 18:26:20.099,0.146727,0.171155,0.052186,-2.347882,1.310939,2.174021,1.543897,-0.005299,-0.067384,0.000199,-0.108779,0.023105,0.003766,-0.051308
2025-12-16 18:26:20.100,0.146721,0.171087,0.052187,-2.347994,1.310969,2.174025,1.543839,-0.003321,-0.066800,0.000689,-0.109737,0.027618,0.002603,-0.053326
2025-12-16 18:26:20.101,0.146716,0.171016,0.052186,-2.348109,1.310994,2.174032,1.543782,-0.001916,-0.066898,-0.000097,-0.111672,0.025344,0.002770,-0.055088
2025-12-16 18:26:20.102,0.146706,0.170955,0.052186,-2.348214,1.311023,2.174039,1.543740,-0.002028,-0.066948,-0.000065,-0.110710,0.023983,0.002801,-0.051622
2025-12-16 18:26:20.104,0.146698,0.170893,0.052184,-2.348328,1.311048,2.174039,1.543681,-0.000941,-0.064816,-0.000043,-0.112496,0.022603,0.001337,-0.049160
2025-12-16 18:26:20.105,0.146687,0.170822,0.052186,-2.348438,1.311075,2.174042,1.543625,-0.000736,-0.066190,0.001177,-0.112090,0.026346,0.001028,-0.050763
2025-12-16 18:26:20.106,0.146669,0.170691,0.052189,-2.348671,1.311126,2.174046,1.543512,-0.008454,-0.066465,0.001637,-0.114066,0.022475,0.000014,-0.053297
2025-12-16 18:26:20.107,0.146663,0.170623,0.052185,-2.348783,1.311152,2.174050,1.543457,-0.008250,-0.066011,-0.002343,-0.114431,0.025267,0.004740,-0.053444
2025-12-16 18:26:20.108,0.146657,0.170557,0.052186,-2.348892,1.311179,2.174052,1.543399,-0.008296,-0.065220,-0.000688,-0.113357,0.024394,0.003932,-0.054369
2025-12-16 18:26:20.109,0.146648,0.170488,0.052183,-2.349003,1.311206,2.174052,1.543341,-0.009531,-0.065832,-0.000639,-0.116275,0.027512,0.002945,-0.051731
2025-12-16 18:26:20.110,0.146640,0.170422,0.052180,-2.349116,1.311232,2.174055,1.543281,-0.009725,-0.065576,-0.003993,-0.113357,0.025698,0.002953,-0.052785
2025-12-16 18:26:20.111,0.146631,0.170355,0.052182,-2.349227,1.311261,2.174059,1.543227,-0.011153,-0.066577,-0.001796,-0.112332,0.029327,0.002490,-0.052153
2025-12-16 18:26:20.112,0.146618,0.170296,0.052179,-2.349341,1.311287,2.174058,1.543173,-0.012636,-0.064641,-0.001453,-0.112927,0.026763,0.001085,-0.052984
2025-12-16 18:26:20.114,0.146611,0.170233,0.052174,-2.349457,1.311314,2.174056,1.543116,-0.011965,-0.064439,-0.002367,-0.113377,0.029363,0.000114,-0.053834
2025-12-16 18:26:20.115,0.146599,0.170171,0.052173,-2.349569,1.311337,2.174054,1.543051,-0.015258,-0.061360,-0.000515,-0.113709,0.026056,-0.000593,-0.057035
2025-12-16 18:26:20.116,0.146587,0.170046,0.052166,-2.349788,1.311393,2.174056,1.542938,-0.009348,-0.061734,-0.000567,-0.111157,0.027785,0.000440,-0.055267
2025-12-16 18:26:20.117,0.146581,0.169982,0.052164,-2.349897,1.311419,2.174057,1.542881,-0.009057,-0.059986,-0.002760,-0.108949,0.030275,0.000665,-0.055326
2025-12-16 18:26:20.118,0.146573,0.169919,0.052163,-2.350010,1.311447,2.174063,1.542816,-0.009525,-0.061104,-0.004421,-0.110608,0.027719,0.001214,-0.057126
2025-12-16 18:26:20.119,0.146562,0.169861,0.052162,-2.350122,1.311471,2.174065,1.542755,-0.011022,-0.061419,-0.002750,-0.108480,0.024798,0.001166,-0.057522
2025-12-16 18:26:20.120,0.146551,0.169795,0.052154,-2.350232,1.311497,2.174065,1.542699,-0.012128,-0.062777,-0.002821,-0.109058,0.023128,0.005477,-0.056557
2025-12-16 18:26:20.121,0.146545,0.169734,0.052152,-2.350344,1.311525,2.174068,1.542641,-0.008438,-0.062717,-0.001485,-0.107244,0.026745,0.004052,-0.055502
2025-12-16 18:26:20.122,0.146540,0.169675,0.052150,-2.350449,1.311556,2.174066,1.542583,-0.008428,-0.058846,-0.000067,-0.105117,0.025618,0.001917,-0.054787
2025-12-16 18:26:20.124,0.146530,0.169612,0.052144,-2.350555,1.311581,2.174070,1.542515,-0.009559,-0.060534,-0.003062,-0.106013,0.023525,0.001503,-0.053504
2025-12-16 18:26:20.125,0.146522,0.169552,0.052138,-2.350666,1.311609,2.174071,1.542455,-0.009766,-0.058461,-0.002945,-0.105509,0.027410,0.002256,-0.053651
2025-12-16 18:26:20.126,0.146515,0.169492,0.052130,-2.350771,1.311636,2.174073,1.542401,-0.009908,-0.059888,-0.002223,-0.107012,0.029228,0.001292,-0.052923
2025-12-16 18:26:20.127,0.146497,0.169385,0.052127,-2.350988,1.311693,2.174074,1.542272,-0.010478,-0.059657,-0.002589,-0.106716,0.025676,0.000596,-0.060177
2025-12-16 18:26:20.128,0.146488,0.169326,0.052121,-2.351098,1.311719,2.174079,1.542209,-0.011083,-0.061198,-0.005506,-0.102616,0.023217,0.001163,-0.060267
2025-12-16 18:26:20.129,0.146480,0.169272,0.052117,-2.351207,1.311746,2.174078,1.542149,-0.008392,-0.060496,-0.003615,-0.102158,0.026630,0.000103,-0.057708
2025-12-16 18:26:20.130,0.146471,0.169209,0.052111,-2.351315,1.311777,2.174079,1.542086,-0.009487,-0.059174,-0.002786,-0.105662,0.030104,0.000099,-0.061420
2025-12-16 18:26:20.132,0.146460,0.169158,0.052103,-2.351419,1.311805,2.174083,1.542024,-0.010820,-0.057993,-0.003346,-0.102978,0.027210,0.000428,-0.064867
2025-12-16 18:26:20.133,0.146453,0.169103,0.052103,-2.351526,1.311830,2.174086,1.541960,-0.010669,-0.055546,-0.004110,-0.102402,0.024766,0.001048,-0.063452
2025-12-16 18:26:20.134,0.146430,0.168993,0.052093,-2.351739,1.311886,2.174084,1.541837,-0.012574,-0.057391,-0.008624,-0.107036,0.030398,-0.000353,-0.064367
2025-12-16 18:26:20.135,0.146422,0.168937,0.052088,-2.351842,1.311910,2.174083,1.541773,-0.012500,-0.058314,-0.006392,-0.104407,0.027294,-0.000601,-0.061803
2025-12-16 18:26:20.136,0.146410,0.168878,0.052084,-2.351953,1.311939,2.174083,1.541709,-0.013560,-0.056509,-0.005300,-0.105220,0.025521,-0.000395,-0.060985
2025-12-16 18:26:20.137,0.146403,0.168827,0.052082,-2.352056,1.311970,2.174087,1.541633,-0.012621,-0.056447,-0.003895,-0.104110,0.024516,0.000113,-0.061917
2025-12-16 18:26:20.138,0.146391,0.168770,0.052079,-2.352160,1.311995,2.174086,1.541573,-0.013119,-0.058149,-0.002868,-0.104316,0.023035,0.000418,-0.058873
2025-12-16 18:26:20.139,0.146380,0.168724,0.052072,-2.352259,1.312019,2.174089,1.541507,-0.010325,-0.057224,-0.006087,-0.101523,0.021927,0.000654,-0.062017
2025-12-16 18:26:20.141,0.146371,0.168675,0.052065,-2.352361,1.312047,2.174091,1.541438,-0.008300,-0.054086,-0.005655,-0.101884,0.025939,0.000811,-0.065781
2025-12-16 18:26:20.142,0.146358,0.168621,0.052064,-2.352461,1.312074,2.174092,1.541366,-0.007222,-0.056638,-0.003506,-0.101132,0.028583,0.000542,-0.064983
2025-12-16 18:26:20.143,0.146349,0.168573,0.052057,-2.352565,1.312102,2.174087,1.541302,-0.007757,-0.054754,-0.006548,-0.101272,0.025821,-0.001096,-0.062556
2025-12-16 18:26:20.144,0.146337,0.168516,0.052054,-2.352665,1.312130,2.174088,1.541238,-0.010095,-0.054883,-0.007085,-0.100516,0.024099,-0.000357,-0.059236
2025-12-16 18:26:20.146,0.146325,0.168468,0.052048,-2.352774,1.312154,2.174089,1.541173,-0.011685,-0.052681,-0.005823,-0.101763,0.026761,0.000102,-0.059070
2025-12-16 18:26:20.147,0.146308,0.168367,0.052034,-2.352974,1.312210,2.174091,1.541032,-0.012729,-0.053998,-0.006041,-0.100509,0.024524,0.000532,-0.059945
2025-12-16 18:26:20.148,0.146295,0.168318,0.052029,-2.353074,1.312240,2.174091,1.540972,-0.013849,-0.049559,-0.006809,-0.100567,0.028363,0.000355,-0.056622
2025-12-16 18:26:20.149,0.146283,0.168273,0.052018,-2.353173,1.312265,2.174088,1.540906,-0.013987,-0.051709,-0.008553,-0.098077,0.030723,-0.000475,-0.060661
2025-12-16 18:26:20.150,0.146267,0.168173,0.052000,-2.353374,1.312315,2.174088,1.540769,-0.009328,-0.051061,-0.007928,-0.100199,0.024984,-0.000324,-0.065023
2025-12-16 18:26:20.151,0.146256,0.168122,0.051996,-2.353478,1.312339,2.174089,1.540713,-0.010139,-0.051489,-0.004084,-0.100680,0.023117,0.000123,-0.066124
2025-12-16 18:26:20.152,0.146242,0.168072,0.051989,-2.353585,1.312365,2.174089,1.540652,-0.011885,-0.054428,-0.005370,-0.102256,0.022406,0.000082,-0.068077
2025-12-16 18:26:20.153,0.146239,0.168023,0.051977,-2.353678,1.312389,2.174088,1.540592,-0.009659,-0.050269,-0.007656,-0.099769,0.021507,-0.000284,-0.064448
2025-12-16 18:26:20.155,0.146228,0.167969,0.051966,-2.353775,1.312415,2.174092,1.540526,-0.011037,-0.048393,-0.009187,-0.099538,0.021440,0.000896,-0.064044
2025-12-16 18:26:20.156,0.146207,0.167882,0.051951,-2.353972,1.312463,2.174091,1.540393,-0.009587,-0.043778,-0.009773,-0.099568,0.020083,0.000274,-0.064869
2025-12-16 18:26:20.157,0.146194,0.167828,0.051940,-2.354067,1.312485,2.174089,1.540333,-0.010968,-0.048407,-0.010750,-0.098471,0.019403,-0.000190,-0.060590
2025-12-16 18:26:20.158,0.146182,0.167779,0.051933,-2.354168,1.312506,2.174091,1.540269,-0.011311,-0.046256,-0.010342,-0.102347,0.019280,0.000246,-0.059120
2025-12-16 18:26:20.159,0.146176,0.167731,0.051924,-2.354267,1.312529,2.174091,1.540193,-0.010367,-0.047133,-0.011211,-0.101530,0.019577,0.000164,-0.061555
2025-12-16 18:26:20.160,0.146162,0.167687,0.051915,-2.354367,1.312550,2.174089,1.540130,-0.012120,-0.050290,-0.011256,-0.101224,0.019487,-0.000264,-0.059548
2025-12-16 18:26:20.161,0.146154,0.167642,0.051906,-2.354464,1.312574,2.174091,1.540069,-0.011526,-0.047075,-0.008978,-0.101067,0.019632,0.000197,-0.061539
2025-12-16 18:26:20.163,0.146127,0.167547,0.051886,-2.354659,1.312618,2.174093,1.539932,-0.008308,-0.049872,-0.008312,-0.095450,0.019532,0.000585,-0.064440
2025-12-16 18:26:20.164,0.146118,0.167504,0.051881,-2.354751,1.312635,2.174092,1.539859,-0.008675,-0.049298,-0.007781,-0.095436,0.018312,0.000017,-0.067843
2025-12-16 18:26:20.165,0.146108,0.167458,0.051873,-2.354848,1.312657,2.174093,1.539798,-0.009595,-0.046948,-0.008166,-0.096368,0.018243,0.000384,-0.063748
2025-12-16 18:26:20.166,0.146094,0.167411,0.051860,-2.354946,1.312679,2.174091,1.539731,-0.010871,-0.048282,-0.010260,-0.094373,0.018226,-0.000490,-0.060950
2025-12-16 18:26:20.167,0.146086,0.167363,0.051851,-2.355047,1.312701,2.174092,1.539664,-0.010647,-0.050489,-0.012671,-0.096143,0.018736,0.000046,-0.065361
2025-12-16 18:26:20.168,0.146076,0.167315,0.051842,-2.355150,1.312725,2.174093,1.539597,-0.011113,-0.050782,-0.012328,-0.094822,0.023622,0.000404,-0.068164
2025-12-16 18:26:20.170,0.146058,0.167227,0.051820,-2.355343,1.312770,2.174094,1.539473,-0.011493,-0.046732,-0.010486,-0.093509,0.026702,0.000519,-0.065769
2025-12-16 18:26:20.171,0.146049,0.167180,0.051815,-2.355433,1.312792,2.174094,1.539408,-0.011788,-0.045612,-0.010068,-0.093924,0.028737,0.000346,-0.068519
2025-12-16 18:26:20.175,0.145997,0.167005,0.051777,-2.355816,1.312884,2.174093,1.539147,-0.011150,-0.042298,-0.009685,-0.097648,0.025542,-0.000221,-0.071974
2025-12-16 18:26:20.176,0.145990,0.166958,0.051768,-2.355910,1.312909,2.174093,1.539076,-0.007758,-0.043387,-0.010138,-0.099513,0.024500,-0.000147,-0.068471
2025-12-16 18:26:20.178,0.145965,0.166877,0.051744,-2.356103,1.312959,2.174092,1.538933,-0.010516,-0.041416,-0.010913,-0.098187,0.022736,-0.000551,-0.069802
2025-12-16 18:26:20.180,0.145952,0.166832,0.051740,-2.356189,1.312981,2.174092,1.538869,-0.011606,-0.041428,-0.006229,-0.096780,0.021331,-0.000368,-0.068394
2025-12-16 18:26:20.181,0.145937,0.166797,0.051731,-2.356285,1.313005,2.174093,1.538799,-0.015396,-0.038861,-0.004690,-0.095388,0.020625,0.000128,-0.070589
2025-12-16 18:26:20.182,0.145915,0.166713,0.051713,-2.356471,1.313051,2.174093,1.538650,-0.013591,-0.039255,-0.005366,-0.092548,0.024154,-0.000056,-0.075132
2025-12-16 18:26:20.183,0.145908,0.166673,0.051705,-2.356565,1.313074,2.174091,1.538586,-0.012136,-0.039376,-0.005735,-0.088584,0.027342,-0.000783,-0.072424
2025-12-16 18:26:20.185,0.145884,0.166593,0.051685,-2.356751,1.313121,2.174094,1.538444,-0.012207,-0.037628,-0.008843,-0.090451,0.026469,0.000375,-0.068245
2025-12-16 18:26:20.186,0.145873,0.166562,0.051677,-2.356844,1.313148,2.174093,1.538369,-0.011783,-0.036230,-0.008899,-0.089654,0.025616,-0.000089,-0.067348
2025-12-16 18:26:20.187,0.145858,0.166518,0.051662,-2.356936,1.313172,2.174092,1.538299,-0.015215,-0.038863,-0.011380,-0.090506,0.023881,-0.000432,-0.064595
2025-12-16 18:26:20.189,0.145828,0.166450,0.051648,-2.357111,1.313219,2.174093,1.538172,-0.015353,-0.034078,-0.009913,-0.087948,0.025016,0.000057,-0.062815
2025-12-16 18:26:20.190,0.145818,0.166408,0.051635,-2.357199,1.313242,2.174090,1.538098,-0.013333,-0.037917,-0.011594,-0.087786,0.023130,0.000038,-0.068471
2025-12-16 18:26:20.191,0.145804,0.166377,0.051632,-2.357285,1.313265,2.174087,1.538023,-0.013690,-0.036413,-0.009195,-0.084003,0.021735,-0.000348,-0.066805
2025-12-16 18:26:20.192,0.145791,0.166339,0.051619,-2.357375,1.313290,2.174090,1.537956,-0.013404,-0.038351,-0.010495,-0.086266,0.021513,-0.000232,-0.068320
2025-12-16 18:26:20.195,0.145756,0.166241,0.051592,-2.357642,1.313368,2.174091,1.537741,-0.012549,-0.038092,-0.008594,-0.087442,0.025367,-0.000016,-0.074061
2025-12-16 18:26:20.199,0.145705,0.166123,0.051555,-2.357978,1.313460,2.174093,1.537465,-0.018129,-0.031071,-0.009865,-0.087658,0.018717,0.000223,-0.070083
2025-12-16 18:26:20.200,0.145692,0.166092,0.051544,-2.358062,1.313483,2.174091,1.537392,-0.016795,-0.029598,-0.007413,-0.084517,0.024324,0.000149,-0.067072
2025-12-16 18:26:20.201,0.145681,0.166063,0.051537,-2.358145,1.313510,2.174090,1.537322,-0.015210,-0.029056,-0.007332,-0.082234,0.023244,0.000099,-0.068657
2025-12-16 18:26:20.202,0.145670,0.166035,0.051525,-2.358228,1.313533,2.174095,1.537252,-0.014623,-0.028022,-0.009034,-0.082931,0.021475,0.000812,-0.063807
2025-12-16 18:26:20.203,0.145656,0.166012,0.051512,-2.358314,1.313555,2.174093,1.537181,-0.014130,-0.025525,-0.008002,-0.081777,0.021150,-0.000205,-0.067233
2025-12-16 18:26:20.205,0.145628,0.165953,0.051495,-2.358485,1.313602,2.174094,1.537032,-0.015378,-0.026472,-0.006413,-0.080016,0.020316,0.000033,-0.068041
2025-12-16 18:26:20.207,0.145609,0.165908,0.051474,-2.358640,1.313650,2.174095,1.536898,-0.014959,-0.024150,-0.009877,-0.075709,0.024458,0.000150,-0.068965
2025-12-16 18:26:20.208,0.145594,0.165886,0.051465,-2.358724,1.313672,2.174091,1.536826,-0.015087,-0.023358,-0.010198,-0.079911,0.023801,-0.000273,-0.071444
2025-12-16 18:26:20.209,0.145576,0.165864,0.051457,-2.358803,1.313695,2.174094,1.536746,-0.018591,-0.023438,-0.006384,-0.079088,0.022499,-0.000182,-0.074078
2025-12-16 18:26:20.210,0.145563,0.165839,0.051447,-2.358885,1.313715,2.174092,1.536677,-0.017005,-0.024028,-0.005500,-0.078630,0.020218,0.000252,-0.072802
2025-12-16 18:26:20.211,0.145552,0.165813,0.051435,-2.358961,1.313742,2.174092,1.536605,-0.015282,-0.025529,-0.008078,-0.080058,0.020888,0.000168,-0.072264
2025-12-16 18:26:20.212,0.145538,0.165797,0.051427,-2.359040,1.313765,2.174091,1.536532,-0.015717,-0.023145,-0.005401,-0.078852,0.024844,0.000112,-0.072993
2025-12-16 18:26:20.213,0.145523,0.165779,0.051419,-2.359124,1.313784,2.174092,1.536453,-0.012352,-0.020140,-0.006350,-0.078435,0.023008,0.000414,-0.074757
2025-12-16 18:26:20.215,0.145504,0.165737,0.051401,-2.359282,1.313829,2.174092,1.536307,-0.010914,-0.018812,-0.008648,-0.079220,0.020648,-0.000065,-0.069831
2025-12-16 18:26:20.216,0.145487,0.165717,0.051390,-2.359356,1.313852,2.174091,1.536231,-0.012463,-0.020515,-0.009350,-0.077869,0.020885,-0.000382,-0.072034
2025-12-16 18:26:20.217,0.145480,0.165697,0.051378,-2.359435,1.313873,2.174095,1.536154,-0.011317,-0.019724,-0.010464,-0.078419,0.024518,0.000830,-0.073199
2025-12-16 18:26:20.218,0.145468,0.165680,0.051372,-2.359511,1.313896,2.174092,1.536071,-0.011682,-0.020443,-0.010125,-0.075134,0.023789,-0.000193,-0.075917
2025-12-16 18:26:20.219,0.145456,0.165667,0.051361,-2.359587,1.313920,2.174093,1.535999,-0.012487,-0.017401,-0.011033,-0.074839,0.027577,0.000245,-0.073687
2025-12-16 18:26:20.220,0.145440,0.165647,0.051354,-2.359665,1.313941,2.174092,1.535924,-0.013714,-0.016863,-0.010560,-0.076606,0.025664,-0.000210,-0.070232
2025-12-16 18:26:20.221,0.145426,0.165632,0.051342,-2.359736,1.313959,2.174093,1.535858,-0.010729,-0.018986,-0.008501,-0.075531,0.028164,0.000233,-0.064631
2025-12-16 18:26:20.222,0.145417,0.165615,0.051328,-2.359813,1.313979,2.174092,1.535779,-0.009850,-0.017970,-0.010993,-0.073430,0.025944,-0.000218,-0.065906
2025-12-16 18:26:20.223,0.145402,0.165602,0.051323,-2.359888,1.313998,2.174091,1.535709,-0.011185,-0.015455,-0.009183,-0.074902,0.024262,-0.000484,-0.067649
2025-12-16 18:26:20.224,0.145386,0.165590,0.051314,-2.359963,1.314020,2.174093,1.535639,-0.012595,-0.010454,-0.009763,-0.074581,0.022848,0.000389,-0.069174
2025-12-16 18:26:20.228,0.145341,0.165539,0.051274,-2.360253,1.314098,2.174092,1.535340,-0.010042,-0.009954,-0.009049,-0.070796,0.022026,0.000079,-0.077922
2025-12-16 18:26:20.229,0.145327,0.165528,0.051265,-2.360320,1.314119,2.174091,1.535276,-0.011251,-0.006914,-0.006713,-0.067353,0.016183,-0.000286,-0.069657
2025-12-16 18:26:20.230,0.145314,0.165515,0.051261,-2.360390,1.314138,2.174092,1.535202,-0.008406,-0.008449,-0.006648,-0.066275,0.016531,0.000148,-0.075183
2025-12-16 18:26:20.231,0.145300,0.165503,0.051249,-2.360460,1.314164,2.174093,1.535123,-0.010620,-0.010216,-0.009144,-0.069099,0.022820,0.000472,-0.074024
2025-12-16 18:26:20.233,0.145286,0.165495,0.051240,-2.360532,1.314184,2.174092,1.535048,-0.011537,-0.010156,-0.007359,-0.067843,0.021777,-0.000058,-0.074053
2025-12-16 18:26:20.234,0.145264,0.165481,0.051220,-2.360669,1.314229,2.174092,1.534908,-0.009437,-0.009708,-0.004393,-0.069537,0.020192,-0.000026,-0.072102
2025-12-16 18:26:20.235,0.145251,0.165469,0.051209,-2.360735,1.314249,2.174093,1.534828,-0.010172,-0.010581,-0.006820,-0.066884,0.019522,0.000356,-0.075129
2025-12-16 18:26:20.237,0.145227,0.165452,0.051192,-2.360874,1.314296,2.174093,1.534683,-0.011747,-0.008309,-0.005902,-0.068293,0.023913,0.000034,-0.070876
2025-12-16 18:26:20.238,0.145216,0.165449,0.051179,-2.360941,1.314318,2.174092,1.534620,-0.011319,-0.007205,-0.009075,-0.067673,0.023003,-0.000350,-0.069951
2025-12-16 18:26:20.239,0.145206,0.165442,0.051173,-2.361008,1.314341,2.174090,1.534550,-0.011599,-0.008175,-0.008412,-0.066772,0.022213,0.000139,-0.067481
2025-12-16 18:26:20.240,0.145192,0.165434,0.051164,-2.361075,1.314365,2.174092,1.534481,-0.012396,-0.008952,-0.006309,-0.066736,0.026026,0.000093,-0.063887
2025-12-16 18:26:20.241,0.145182,0.165426,0.051153,-2.361135,1.314386,2.174093,1.534408,-0.009252,-0.006362,-0.008166,-0.068060,0.024199,0.000062,-0.068681
2025-12-16 18:26:20.243,0.145166,0.165422,0.051143,-2.361199,1.314409,2.174094,1.534343,-0.011258,-0.006886,-0.006078,-0.066577,0.023135,0.000414,-0.063607
2025-12-16 18:26:20.246,0.145120,0.165402,0.051103,-2.361451,1.314493,2.174095,1.534055,-0.012823,-0.007215,-0.009323,-0.062630,0.023918,0.000386,-0.077955
2025-12-16 18:26:20.247,0.145105,0.165399,0.051096,-2.361506,1.314514,2.174095,1.533992,-0.013389,-0.007551,-0.009138,-0.060258,0.023017,0.000257,-0.075709
2025-12-16 18:26:20.248,0.145097,0.165400,0.051085,-2.361574,1.314535,2.174096,1.533924,-0.012494,-0.007257,-0.010230,-0.062877,0.021763,0.000544,-0.074605
2025-12-16 18:26:20.249,0.145085,0.165394,0.051079,-2.361635,1.314561,2.174096,1.533850,-0.012509,-0.006284,-0.009358,-0.059797,0.021742,0.000363,-0.071000
2025-12-16 18:26:20.251,0.145073,0.165392,0.051071,-2.361696,1.314585,2.174093,1.533771,-0.010046,-0.006062,-0.009276,-0.060415,0.025954,-0.000504,-0.069841
2025-12-16 18:26:20.252,0.145046,0.165394,0.051051,-2.361818,1.314629,2.174095,1.533634,-0.011816,-0.003031,-0.008986,-0.058084,0.026263,0.000149,-0.070460
2025-12-16 18:26:20.253,0.145039,0.165392,0.051046,-2.361870,1.314653,2.174093,1.533567,-0.010701,-0.004065,-0.008384,-0.055092,0.024397,-0.000274,-0.070912
2025-12-16 18:26:20.254,0.145024,0.165395,0.051038,-2.361929,1.314677,2.174095,1.533492,-0.012418,-0.002921,-0.008684,-0.054968,0.028025,0.000191,-0.069874
2025-12-16 18:26:20.255,0.145013,0.165396,0.051023,-2.361983,1.314700,2.174092,1.533420,-0.011810,-0.002106,-0.007819,-0.052761,0.025430,-0.000619,-0.066724
2025-12-16 18:26:20.256,0.145004,0.165395,0.051016,-2.362040,1.314724,2.174092,1.533360,-0.010803,-0.002079,-0.005180,-0.052614,0.023782,-0.000413,-0.067341
2025-12-16 18:26:20.258,0.144991,0.165398,0.051007,-2.362093,1.314745,2.174093,1.533301,-0.011303,-0.000269,-0.006783,-0.051399,0.022542,0.000098,-0.063242
2025-12-16 18:26:20.259,0.144978,0.165396,0.050999,-2.362149,1.314767,2.174093,1.533231,-0.011608,-0.000895,-0.009762,-0.051589,0.021305,0.000065,-0.067701
2025-12-16 18:26:20.260,0.144969,0.165395,0.050987,-2.362202,1.314791,2.174092,1.533163,-0.011332,-0.001204,-0.010861,-0.051312,0.020829,-0.000329,-0.066225
2025-12-16 18:26:20.261,0.144961,0.165391,0.050977,-2.362258,1.314816,2.174092,1.533097,-0.010507,-0.002047,-0.011032,-0.052353,0.020953,-0.000220,-0.068400
2025-12-16 18:26:20.262,0.144948,0.165397,0.050971,-2.362303,1.314836,2.174092,1.533036,-0.014294,-0.000743,-0.010600,-0.049528,0.020035,-0.000146,-0.062457
2025-12-16 18:26:20.263,0.144931,0.165399,0.050964,-2.362361,1.314858,2.174089,1.532969,-0.016265,-0.001166,-0.010230,-0.050912,0.019418,-0.001183,-0.061825
2025-12-16 18:26:20.265,0.144920,0.165397,0.050953,-2.362416,1.314883,2.174089,1.532896,-0.014651,-0.002556,-0.011286,-0.051030,0.019591,-0.000788,-0.067226
2025-12-16 18:26:20.266,0.144888,0.165412,0.050935,-2.362569,1.314954,2.174091,1.532707,-0.010280,0.001081,-0.008952,-0.049997,0.022597,0.000147,-0.062904
2025-12-16 18:26:20.267,0.144876,0.165413,0.050920,-2.362620,1.314977,2.174093,1.532636,-0.010817,-0.000252,-0.011516,-0.047452,0.021340,0.000810,-0.067554
2025-12-16 18:26:20.268,0.144865,0.165416,0.050912,-2.362669,1.315000,2.174091,1.532571,-0.010585,0.002432,-0.008042,-0.045097,0.020508,-0.000172,-0.070159
2025-12-16 18:26:20.269,0.144853,0.165420,0.050903,-2.362718,1.315027,2.174090,1.532504,-0.011773,0.005102,-0.009481,-0.047693,0.021114,-0.000488,-0.067133
2025-12-16 18:26:20.270,0.144846,0.165424,0.050898,-2.362766,1.315049,2.174090,1.532447,-0.007601,0.003362,-0.006522,-0.047412,0.019811,-0.000325,-0.066954
2025-12-16 18:26:20.271,0.144831,0.165430,0.050889,-2.362812,1.315074,2.174090,1.532380,-0.010124,0.005763,-0.007804,-0.044585,0.019891,-0.000217,-0.069359
2025-12-16 18:26:20.272,0.144823,0.165433,0.050880,-2.362859,1.315096,2.174090,1.532316,-0.010024,0.006401,-0.008747,-0.045565,0.018962,-0.000145,-0.070945
2025-12-16 18:26:20.273,0.144809,0.165440,0.050873,-2.362905,1.315122,2.174090,1.532249,-0.011344,0.008120,-0.009426,-0.049154,0.019582,-0.000096,-0.068857
2025-12-16 18:26:20.274,0.144798,0.165442,0.050862,-2.362951,1.315145,2.174090,1.532187,-0.008471,0.004977,-0.010503,-0.049101,0.019065,-0.000064,-0.064917
2025-12-16 18:26:20.275,0.144788,0.165449,0.050855,-2.362989,1.315170,2.174090,1.532131,-0.008794,0.006495,-0.010714,-0.046989,0.019309,-0.000043,-0.062240
2025-12-16 18:26:20.276,0.144774,0.165454,0.050850,-2.363037,1.315196,2.174089,1.532063,-0.010921,0.004377,-0.010336,-0.045619,0.023585,-0.000402,-0.061767
2025-12-16 18:26:20.278,0.144766,0.165463,0.050843,-2.363083,1.315221,2.174091,1.531993,-0.007558,0.006570,-0.010095,-0.043717,0.022408,0.000478,-0.062628
2025-12-16 18:26:20.280,0.144732,0.165485,0.050817,-2.363210,1.315294,2.174090,1.531814,-0.010586,0.006908,-0.006709,-0.041806,0.019314,-0.000066,-0.059969
2025-12-16 18:26:20.281,0.144721,0.165493,0.050811,-2.363252,1.315322,2.174091,1.531742,-0.011617,0.007750,-0.004989,-0.042799,0.019497,0.000329,-0.065949
2025-12-16 18:26:20.282,0.144711,0.165502,0.050801,-2.363296,1.315346,2.174093,1.531678,-0.011243,0.006589,-0.004827,-0.045324,0.023836,0.000932,-0.067523
2025-12-16 18:26:20.283,0.144699,0.165504,0.050797,-2.363335,1.315372,2.174091,1.531616,-0.008440,0.005626,-0.002952,-0.041878,0.027983,-0.000091,-0.063931
2025-12-16 18:26:20.284,0.144686,0.165513,0.050788,-2.363383,1.315394,2.174090,1.531549,-0.010033,0.008228,-0.005064,-0.046019,0.029510,-0.000434,-0.061288
2025-12-16 18:26:20.285,0.144678,0.165521,0.050783,-2.363417,1.315417,2.174091,1.531480,-0.009501,0.006821,-0.006103,-0.044759,0.026634,0.000084,-0.066425
2025-12-16 18:26:20.286,0.144663,0.165531,0.050774,-2.363457,1.315446,2.174092,1.531410,-0.010878,0.008834,-0.004611,-0.043264,0.025049,0.000395,-0.069886
2025-12-16 18:26:20.289,0.144637,0.165560,0.050752,-2.363575,1.315521,2.174095,1.531210,-0.010792,0.007025,-0.005254,-0.040301,0.021320,0.000034,-0.068196
2025-12-16 18:26:20.290,0.144625,0.165566,0.050742,-2.363614,1.315545,2.174094,1.531141,-0.011324,0.010835,-0.003914,-0.039893,0.021478,0.000396,-0.066615
2025-12-16 18:26:20.291,0.144617,0.165573,0.050737,-2.363658,1.315570,2.174094,1.531074,-0.011116,0.013743,-0.005125,-0.040694,0.024750,0.000264,-0.062932
2025-12-16 18:26:20.292,0.144608,0.165586,0.050730,-2.363694,1.315597,2.174090,1.531006,-0.010348,0.011557,-0.006198,-0.038660,0.024260,-0.000909,-0.061237
2025-12-16 18:26:20.293,0.144594,0.165595,0.050722,-2.363732,1.315620,2.174092,1.530948,-0.012229,0.011751,-0.007042,-0.038676,0.026993,0.000106,-0.058206
2025-12-16 18:26:20.294,0.144584,0.165605,0.050717,-2.363772,1.315644,2.174090,1.530878,-0.011685,0.008766,-0.007603,-0.039223,0.029668,-0.000641,-0.064638
2025-12-16 18:26:20.296,0.144573,0.165613,0.050711,-2.363810,1.315667,2.174096,1.530816,-0.008813,0.005986,-0.005264,-0.039576,0.026627,0.000284,-0.066862
2025-12-16 18:26:20.297,0.144564,0.165622,0.050700,-2.363844,1.315693,2.174092,1.530753,-0.009777,0.007588,-0.005836,-0.037737,0.025424,-0.000149,-0.064264
2025-12-16 18:26:20.302,0.144504,0.165687,0.050669,-2.364066,1.315836,2.174095,1.530366,-0.008473,0.009810,-0.003632,-0.042323,0.021569,-0.000248,-0.064826
2025-12-16 18:26:20.303,0.144491,0.165698,0.050667,-2.364101,1.315858,2.174093,1.530297,-0.010103,0.007811,-0.002194,-0.041616,0.020230,-0.000877,-0.069425
2025-12-16 18:26:20.305,0.144483,0.165706,0.050658,-2.364132,1.315883,2.174094,1.530234,-0.009986,0.004629,-0.005694,-0.039221,0.020248,-0.000246,-0.066081
2025-12-16 18:26:20.307,0.144452,0.165748,0.050649,-2.364240,1.315952,2.174094,1.530044,-0.008979,0.008137,-0.002451,-0.034799,0.019866,-0.000122,-0.067723
2025-12-16 18:26:20.308,0.144436,0.165754,0.050645,-2.364277,1.315974,2.174093,1.529978,-0.012249,0.004824,-0.003019,-0.036711,0.023951,-0.000420,-0.070855
2025-12-16 18:26:20.311,0.144406,0.165790,0.050636,-2.364379,1.316044,2.174095,1.529790,-0.009372,0.011177,-0.006792,-0.038991,0.024212,0.000316,-0.061338
2025-12-16 18:26:20.318,0.144321,0.165869,0.050621,-2.364607,1.316194,2.174101,1.529353,-0.013984,0.012030,-0.002060,-0.033004,0.019720,0.000199,-0.060972
2025-12-16 18:26:20.320,0.144302,0.165890,0.050617,-2.364673,1.316236,2.174106,1.529235,-0.012244,0.012078,-0.001744,-0.036026,0.019273,0.000315,-0.056864
2025-12-16 18:26:20.322,0.144291,0.165902,0.050617,-2.364707,1.316257,2.174111,1.529173,-0.012912,0.012679,-0.000083,-0.033720,0.019507,0.005278,-0.056900
2025-12-16 18:26:20.323,0.144275,0.165923,0.050609,-2.364770,1.316294,2.174113,1.529044,-0.014835,0.012873,-0.003498,-0.030630,0.010709,0.002425,-0.061948
2025-12-16 18:26:20.324,0.144259,0.165939,0.050606,-2.364802,1.316314,2.174115,1.528984,-0.016625,0.013950,-0.006297,-0.029225,0.017761,0.001091,-0.064549
2025-12-16 18:26:20.327,0.144233,0.165965,0.050600,-2.364899,1.316381,2.174125,1.528787,-0.009978,0.011961,-0.001063,-0.031404,0.018519,0.005158,-0.064637
2025-12-16 18:26:20.328,0.144225,0.165980,0.050591,-2.364929,1.316403,2.174132,1.528726,-0.007517,0.010212,-0.002570,-0.029610,0.018238,0.009343,-0.061755
2025-12-16 18:26:20.330,0.144214,0.165987,0.050593,-2.364962,1.316421,2.174135,1.528672,-0.009339,0.006375,-0.000186,-0.029070,0.017743,0.010876,-0.053867
2025-12-16 18:26:20.331,0.144206,0.166001,0.050589,-2.364995,1.316445,2.174139,1.528614,-0.009555,0.008633,-0.001345,-0.028983,0.023121,0.008191,-0.054551
2025-12-16 18:26:20.333,0.144180,0.166032,0.050588,-2.365087,1.316508,2.174155,1.528433,-0.007368,0.011003,0.000624,-0.034429,0.024096,0.006549,-0.051973
2025-12-16 18:26:20.334,0.144171,0.166044,0.050580,-2.365117,1.316533,2.174159,1.528385,-0.005600,0.008232,-0.001381,-0.035151,0.023426,0.004222,-0.050906
2025-12-16 18:26:20.335,0.144158,0.166054,0.050581,-2.365144,1.316559,2.174168,1.528323,-0.008589,0.009298,-0.000389,-0.031394,0.023004,0.008327,-0.054641
2025-12-16 18:26:20.337,0.144149,0.166068,0.050581,-2.365177,1.316578,2.174172,1.528262,-0.006931,0.007521,-0.000279,-0.034198,0.021523,0.010255,-0.056619
2025-12-16 18:26:20.339,0.144121,0.166095,0.050580,-2.365265,1.316643,2.174199,1.528097,-0.005441,0.010021,-0.000599,-0.029432,0.022326,0.007961,-0.055732
2025-12-16 18:26:20.347,0.144075,0.166155,0.050578,-2.365476,1.316797,2.174264,1.527708,-0.003065,0.012233,-0.000169,-0.031137,0.023101,0.014350,-0.056974
2025-12-16 18:26:20.348,0.144071,0.166167,0.050577,-2.365507,1.316819,2.174276,1.527660,-0.003211,0.013179,-0.000680,-0.032335,0.021672,0.011374,-0.054125
2025-12-16 18:26:20.350,0.144065,0.166173,0.050576,-2.365533,1.316844,2.174285,1.527606,-0.003387,0.009313,-0.000948,-0.032150,0.021305,0.013092,-0.050007
2025-12-16 18:26:20.351,0.144066,0.166182,0.050572,-2.365565,1.316867,2.174297,1.527550,-0.002288,0.010202,-0.002349,-0.033512,0.020322,0.010480,-0.052449
2025-12-16 18:26:20.353,0.144056,0.166202,0.050570,-2.365660,1.316943,2.174326,1.527392,-0.002754,0.007555,0.000709,-0.035522,0.022735,0.007266,-0.053837
2025-12-16 18:26:20.354,0.144054,0.166222,0.050570,-2.365723,1.316996,2.174346,1.527279,-0.004023,0.006073,0.001148,-0.036372,0.023555,0.007928,-0.049404
2025-12-16 18:26:20.356,0.144048,0.166235,0.050570,-2.365785,1.317054,2.174374,1.527181,-0.003468,0.005772,0.000294,-0.032655,0.030029,0.010037,-0.051014
2025-12-16 18:26:20.358,0.144049,0.166241,0.050570,-2.365821,1.317079,2.174383,1.527130,-0.001906,0.006276,-0.000392,-0.035212,0.027025,0.007031,-0.051982
2025-12-16 18:26:20.360,0.144045,0.166262,0.050566,-2.365916,1.317168,2.174412,1.526961,-0.001632,0.004147,-0.000645,-0.036490,0.029348,0.004436,-0.048127
2025-12-16 18:26:20.362,0.144041,0.166276,0.050570,-2.365980,1.317223,2.174442,1.526861,-0.001567,0.008509,0.000731,-0.031006,0.028959,0.008267,-0.049940
2025-12-16 18:26:20.363,0.144046,0.166283,0.050564,-2.366016,1.317253,2.174457,1.526796,0.000692,0.009073,-0.006388,-0.030572,0.030500,0.006463,-0.053854
2025-12-16 18:26:20.364,0.144047,0.166293,0.050565,-2.366048,1.317283,2.174473,1.526741,0.001555,0.010130,-0.004074,-0.029190,0.032369,0.010139,-0.054395
2025-12-16 18:26:20.366,0.144044,0.166298,0.050570,-2.366082,1.317316,2.174485,1.526692,-0.002094,0.009650,-0.001302,-0.028729,0.034195,0.011672,-0.057119
2025-12-16 18:26:20.367,0.144047,0.166306,0.050568,-2.366115,1.317346,2.174497,1.526637,-0.000460,0.013153,-0.001130,-0.031082,0.030469,0.007981,-0.057416
2025-12-16 18:26:20.368,0.144044,0.166314,0.050571,-2.366144,1.317374,2.174515,1.526574,0.000047,0.012587,0.000164,-0.031708,0.027222,0.010958,-0.059393
2025-12-16 18:26:20.369,0.144044,0.166331,0.050574,-2.366206,1.317436,2.174546,1.526471,-0.003560,0.009856,0.001071,-0.030938,0.024005,0.014503,-0.056564
2025-12-16 18:26:20.370,0.144040,0.166335,0.050574,-2.366238,1.317465,2.174560,1.526422,-0.002915,0.012014,0.000631,-0.032849,0.027046,0.014486,-0.055203
2025-12-16 18:26:20.372,0.144042,0.166352,0.050574,-2.366303,1.317525,2.174591,1.526308,-0.000510,0.011543,0.000378,-0.032623,0.032349,0.012008,-0.053846
2025-12-16 18:26:20.373,0.144039,0.166362,0.050574,-2.366337,1.317554,2.174607,1.526256,-0.000568,0.008842,0.000217,-0.030721,0.033713,0.009466,-0.050426
2025-12-16 18:26:20.374,0.144042,0.166371,0.050577,-2.366369,1.317584,2.174626,1.526210,0.000656,0.006755,0.001232,-0.032338,0.035069,0.007525,-0.045909
2025-12-16 18:26:20.375,0.144047,0.166381,0.050579,-2.366399,1.317609,2.174643,1.526162,0.002072,0.007166,0.001451,-0.033063,0.029963,0.010705,-0.047582
2025-12-16 18:26:20.377,0.144043,0.166389,0.050581,-2.366433,1.317643,2.174658,1.526111,0.000079,0.007455,0.000953,-0.034674,0.032199,0.012677,-0.045999
2025-12-16 18:26:20.378,0.144043,0.166401,0.050584,-2.366463,1.317673,2.174671,1.526056,-0.000020,0.009506,0.001181,-0.034605,0.033000,0.009116,-0.046137
2025-12-16 18:26:20.379,0.144052,0.166421,0.050584,-2.366527,1.317737,2.174704,1.525969,0.006487,0.008823,0.000111,-0.030510,0.034435,0.013717,-0.047880
2025-12-16 18:26:20.380,0.144056,0.166433,0.050586,-2.366561,1.317769,2.174720,1.525923,0.005920,0.010323,0.000626,-0.029452,0.035665,0.014942,-0.045914
2025-12-16 18:26:20.381,0.144055,0.166441,0.050585,-2.366592,1.317802,2.174740,1.525867,0.006305,0.010216,-0.000700,-0.028411,0.031734,0.011903,-0.045747
2025-12-16 18:26:20.382,0.144054,0.166456,0.050591,-2.366621,1.317835,2.174756,1.525822,0.004084,0.012608,0.000645,-0.030017,0.032999,0.013909,-0.047241
2025-12-16 18:26:20.384,0.144056,0.166464,0.050594,-2.366657,1.317871,2.174773,1.525778,0.003770,0.011819,0.000428,-0.033401,0.034981,0.009982,-0.048057
2025-12-16 18:26:20.385,0.144056,0.166475,0.050597,-2.366685,1.317904,2.174790,1.525727,0.002162,0.012623,0.000284,-0.032848,0.035674,0.006754,-0.050133
2025-12-16 18:26:20.386,0.144059,0.166499,0.050602,-2.366746,1.317973,2.174821,1.525619,0.005224,0.009725,0.001995,-0.031787,0.027826,0.011355,-0.054615
2025-12-16 18:26:20.387,0.144059,0.166512,0.050604,-2.366778,1.318009,2.174839,1.525571,0.002857,0.008435,0.002777,-0.030033,0.030977,0.014245,-0.053520
2025-12-16 18:26:20.388,0.144058,0.166524,0.050613,-2.366811,1.318045,2.174862,1.525518,0.001227,0.009859,0.002270,-0.029489,0.027549,0.016127,-0.054711
2025-12-16 18:26:20.390,0.144062,0.166534,0.050615,-2.366838,1.318082,2.174878,1.525465,0.003631,0.006695,0.002276,-0.027200,0.030686,0.016942,-0.055202
2025-12-16 18:26:20.391,0.144064,0.166542,0.050623,-2.366869,1.318120,2.174898,1.525407,0.001814,0.007477,0.000878,-0.026718,0.032838,0.017696,-0.052600
2025-12-16 18:26:20.392,0.144068,0.166569,0.050635,-2.366933,1.318194,2.174943,1.525315,-0.000574,0.013409,0.004383,-0.031107,0.038007,0.019032,-0.051809
2025-12-16 18:26:20.393,0.144072,0.166577,0.050641,-2.366962,1.318231,2.174963,1.525261,-0.000818,0.012875,0.005508,-0.032460,0.037362,0.018839,-0.053468
2025-12-16 18:26:20.394,0.144073,0.166589,0.050647,-2.366995,1.318268,2.174983,1.525198,0.001067,0.012615,0.006159,-0.034084,0.037080,0.018715,-0.052028
2025-12-16 18:26:20.395,0.144074,0.166594,0.050655,-2.367024,1.318312,2.175001,1.525148,0.001902,0.010813,0.006841,-0.031929,0.037904,0.018339,-0.051430
2025-12-16 18:26:20.397,0.144076,0.166612,0.050660,-2.367059,1.318351,2.175027,1.525101,0.003170,0.014180,0.006806,-0.034748,0.037942,0.019727,-0.047427
2025-12-16 18:26:20.398,0.144087,0.166633,0.050670,-2.367118,1.318438,2.175071,1.524993,0.006691,0.011606,0.002360,-0.031379,0.041873,0.019047,-0.048429
2025-12-16 18:26:20.399,0.144094,0.166649,0.050676,-2.367149,1.318481,2.175092,1.524942,0.007841,0.013931,0.000319,-0.029924,0.045424,0.018140,-0.046355
2025-12-16 18:26:20.400,0.144092,0.166655,0.050682,-2.367182,1.318523,2.175117,1.524893,0.003143,0.008943,0.000038,-0.027947,0.042896,0.023767,-0.047952
2025-12-16 18:26:20.402,0.144094,0.166666,0.050692,-2.367219,1.318570,2.175140,1.524848,0.000439,0.007258,0.002819,-0.032849,0.042026,0.026803,-0.048743
2025-12-16 18:26:20.403,0.144109,0.166672,0.050697,-2.367253,1.318616,2.175164,1.524798,0.005679,0.004674,0.003557,-0.037026,0.041510,0.024807,-0.051458
2025-12-16 18:26:20.404,0.144121,0.166695,0.050714,-2.367320,1.318711,2.175215,1.524699,0.007344,0.006957,0.007004,-0.034110,0.043469,0.023213,-0.050118
2025-12-16 18:26:20.405,0.144130,0.166711,0.050726,-2.367354,1.318758,2.175239,1.524658,0.005708,0.007359,0.008965,-0.035651,0.041762,0.021908,-0.049631
2025-12-16 18:26:20.406,0.144138,0.166717,0.050732,-2.367388,1.318803,2.175266,1.524609,0.007552,0.007117,0.008743,-0.033312,0.040874,0.021060,-0.047178
2025-12-16 18:26:20.407,0.144140,0.166721,0.050741,-2.367426,1.318852,2.175290,1.524556,0.006549,0.004116,0.009563,-0.032363,0.039671,0.024751,-0.046614
2025-12-16 18:26:20.408,0.144152,0.166733,0.050751,-2.367462,1.318898,2.175311,1.524508,0.010085,0.007372,0.007271,-0.034700,0.044019,0.022171,-0.044189
2025-12-16 18:26:20.409,0.144157,0.166740,0.050761,-2.367491,1.318950,2.175343,1.524467,0.009480,0.008612,0.008676,-0.033728,0.047866,0.021737,-0.046191
2025-12-16 18:26:20.410,0.144170,0.166754,0.050767,-2.367527,1.318997,2.175368,1.524425,0.010854,0.008170,0.011112,-0.035387,0.044609,0.025138,-0.046865
2025-12-16 18:26:20.412,0.144187,0.166771,0.050789,-2.367598,1.319097,2.175427,1.524328,0.011283,0.008522,0.011447,-0.037367,0.050618,0.026759,-0.044699
2025-12-16 18:26:20.413,0.144202,0.166778,0.050798,-2.367631,1.319144,2.175454,1.524279,0.013390,0.009368,0.011817,-0.036488,0.046961,0.029265,-0.047993
2025-12-16 18:26:20.414,0.144208,0.166781,0.050806,-2.367674,1.319196,2.175483,1.524240,0.011821,0.008845,0.008356,-0.038512,0.044961,0.030216,-0.043505
2025-12-16 18:26:20.415,0.144214,0.166787,0.050823,-2.367710,1.319244,2.175512,1.524194,0.010828,0.006660,0.010978,-0.041049,0.047551,0.032120,-0.046416
2025-12-16 18:26:20.416,0.144229,0.166797,0.050837,-2.367745,1.319290,2.175545,1.524148,0.013131,0.006220,0.012499,-0.040306,0.049205,0.028839,-0.049383
2025-12-16 18:26:20.418,0.144240,0.166805,0.050845,-2.367779,1.319340,2.175577,1.524100,0.010427,0.005133,0.011417,-0.038425,0.050762,0.027023,-0.047965
2025-12-16 18:26:20.419,0.144267,0.166823,0.050873,-2.367855,1.319442,2.175638,1.524017,0.017994,0.008806,0.013210,-0.038818,0.053646,0.031565,-0.041174
2025-12-16 18:26:20.420,0.144275,0.166830,0.050883,-2.367889,1.319493,2.175669,1.523972,0.015914,0.005955,0.012062,-0.034147,0.054108,0.032662,-0.040692
2025-12-16 18:26:20.421,0.144289,0.166835,0.050898,-2.367929,1.319548,2.175706,1.523922,0.015590,0.007037,0.012143,-0.035840,0.055372,0.029453,-0.042235
2025-12-16 18:26:20.422,0.144300,0.166835,0.050913,-2.367966,1.319605,2.175740,1.523882,0.014154,0.006045,0.012772,-0.035962,0.055980,0.026761,-0.039812
2025-12-16 18:26:20.423,0.144318,0.166843,0.050927,-2.367999,1.319659,2.175771,1.523840,0.015496,0.008542,0.012943,-0.031487,0.051788,0.024687,-0.042877
2025-12-16 18:26:20.424,0.144328,0.166851,0.050944,-2.368037,1.319713,2.175810,1.523795,0.014593,0.007059,0.013416,-0.033100,0.053003,0.024289,-0.042124
2025-12-16 18:26:20.426,0.144340,0.166856,0.050956,-2.368078,1.319768,2.175841,1.523754,0.013977,0.004755,0.012149,-0.034988,0.053463,0.022810,-0.041412
2025-12-16 18:26:20.427,0.144355,0.166859,0.050975,-2.368116,1.319822,2.175869,1.523705,0.014103,0.005573,0.016609,-0.038164,0.054584,0.024976,-0.042712
2025-12-16 18:26:20.428,0.144389,0.166871,0.051008,-2.368196,1.319933,2.175933,1.523630,0.015771,0.005513,0.017142,-0.042157,0.051347,0.021499,-0.038262
2025-12-16 18:26:20.429,0.144396,0.166874,0.051027,-2.368232,1.319988,2.175972,1.523590,0.013499,0.006786,0.017127,-0.041208,0.052764,0.030958,-0.038317
2025-12-16 18:26:20.430,0.144412,0.166879,0.051045,-2.368275,1.320042,2.176006,1.523542,0.013740,0.008892,0.018956,-0.041662,0.052933,0.032526,-0.040295
2025-12-16 18:26:20.431,0.144432,0.166883,0.051065,-2.368312,1.320097,2.176044,1.523508,0.015681,0.006688,0.021586,-0.043281,0.054310,0.034901,-0.038652
2025-12-16 18:26:20.432,0.144440,0.166886,0.051077,-2.368351,1.320155,2.176079,1.523475,0.012326,0.005029,0.017375,-0.042062,0.050490,0.035065,-0.036640
2025-12-16 18:26:20.434,0.144471,0.166891,0.051118,-2.368423,1.320266,2.176150,1.523394,0.016034,0.007352,0.018607,-0.039536,0.056531,0.034392,-0.038193
2025-12-16 18:26:20.435,0.144492,0.166894,0.051139,-2.368461,1.320327,2.176185,1.523353,0.019891,0.005598,0.016978,-0.038779,0.056860,0.039851,-0.044127
2025-12-16 18:26:20.436,0.144508,0.166899,0.051153,-2.368503,1.320386,2.176222,1.523312,0.020480,0.004811,0.016777,-0.039099,0.061505,0.039350,-0.042496
2025-12-16 18:26:20.438,0.144541,0.166902,0.051194,-2.368584,1.320498,2.176302,1.523238,0.019877,0.001518,0.017327,-0.040509,0.059298,0.039709,-0.038786
2025-12-16 18:26:20.439,0.144557,0.166904,0.051217,-2.368620,1.320554,2.176340,1.523193,0.016830,0.000675,0.019971,-0.038640,0.058317,0.043813,-0.045143
2025-12-16 18:26:20.440,0.144574,0.166915,0.051237,-2.368664,1.320611,2.176378,1.523153,0.015841,0.005521,0.017448,-0.038802,0.062562,0.037455,-0.043631
2025-12-16 18:26:20.441,0.144596,0.166910,0.051261,-2.368706,1.320669,2.176417,1.523120,0.019429,0.001097,0.020065,-0.041519,0.061473,0.037247,-0.040126
2025-12-16 18:26:20.442,0.144613,0.166912,0.051282,-2.368745,1.320730,2.176454,1.523085,0.020216,-0.000093,0.018124,-0.036153,0.060185,0.037187,-0.038453
2025-12-16 18:26:20.443,0.144635,0.166913,0.051303,-2.368779,1.320785,2.176490,1.523038,0.019420,-0.001608,0.018677,-0.033880,0.058204,0.036728,-0.041363
2025-12-16 18:26:20.444,0.144654,0.166917,0.051328,-2.368820,1.320848,2.176529,1.522997,0.017607,-0.001559,0.021436,-0.038153,0.063357,0.037228,-0.039974
2025-12-16 18:26:20.446,0.144674,0.166922,0.051351,-2.368860,1.320910,2.176566,1.522960,0.015707,0.001689,0.019132,-0.037863,0.061742,0.036913,-0.038592
2025-12-16 18:26:20.447,0.144713,0.166927,0.051392,-2.368945,1.321037,2.176650,1.522881,0.019711,0.001846,0.019989,-0.037334,0.059844,0.033317,-0.042324
2025-12-16 18:26:20.448,0.144731,0.166933,0.051416,-2.368986,1.321101,2.176689,1.522843,0.020467,0.004714,0.021332,-0.037268,0.063317,0.033108,-0.040895
2025-12-16 18:26:20.449,0.144755,0.166933,0.051442,-2.369032,1.321164,2.176729,1.522794,0.020227,0.006285,0.019441,-0.041090,0.061588,0.034646,-0.042599
2025-12-16 18:26:20.450,0.144773,0.166931,0.051467,-2.369071,1.321230,2.176770,1.522760,0.017616,0.003104,0.021395,-0.042288,0.060336,0.034989,-0.038270
2025-12-16 18:26:20.451,0.144798,0.166936,0.051494,-2.369117,1.321299,2.176811,1.522722,0.020683,0.006249,0.022360,-0.045246,0.059450,0.035173,-0.037504
2025-12-16 18:26:20.452,0.144816,0.166942,0.051519,-2.369159,1.321367,2.176853,1.522673,0.021006,0.006570,0.020391,-0.043337,0.063579,0.040397,-0.039091
2025-12-16 18:26:20.454,0.144839,0.166939,0.051542,-2.369197,1.321435,2.176896,1.522627,0.019498,0.003747,0.017746,-0.039908,0.061679,0.039661,-0.040482
2025-12-16 18:26:20.455,0.144882,0.166941,0.051598,-2.369288,1.321577,2.176990,1.522549,0.022228,0.004939,0.022050,-0.042605,0.067879,0.044847,-0.037449
2025-12-16 18:26:20.456,0.144904,0.166942,0.051625,-2.369335,1.321652,2.177034,1.522504,0.022874,0.003757,0.022659,-0.044506,0.069734,0.043173,-0.038361
2025-12-16 18:26:20.457,0.144927,0.166942,0.051649,-2.369373,1.321720,2.177077,1.522457,0.020256,0.002203,0.025755,-0.040833,0.070919,0.041712,-0.042920
2025-12-16 18:26:20.458,0.144950,0.166944,0.051672,-2.369419,1.321796,2.177122,1.522410,0.019491,0.001173,0.024922,-0.043436,0.067615,0.044491,-0.047470
2025-12-16 18:26:20.459,0.144974,0.166944,0.051702,-2.369465,1.321868,2.177168,1.522373,0.023709,0.000978,0.028558,-0.045074,0.069578,0.047019,-0.042741
2025-12-16 18:26:20.460,0.144997,0.166947,0.051725,-2.369510,1.321943,2.177211,1.522325,0.024522,0.000799,0.027626,-0.046296,0.070796,0.044303,-0.046723
2025-12-16 18:26:20.462,0.145020,0.166952,0.051754,-2.369556,1.322021,2.177261,1.522277,0.021980,0.001199,0.027550,-0.047697,0.072658,0.043367,-0.045898
2025-12-16 18:26:20.463,0.145066,0.166955,0.051806,-2.369646,1.322177,2.177358,1.522191,0.023717,0.000124,0.027424,-0.048726,0.074967,0.046111,-0.043421
2025-12-16 18:26:20.464,0.145092,0.166951,0.051832,-2.369692,1.322253,2.177407,1.522143,0.022513,-0.002840,0.026719,-0.046490,0.074596,0.047910,-0.047100
2025-12-16 18:26:20.465,0.145113,0.166954,0.051852,-2.369741,1.322330,2.177457,1.522096,0.022940,-0.001302,0.028225,-0.048865,0.074829,0.050336,-0.044565
2025-12-16 18:26:20.467,0.145139,0.166957,0.051884,-2.369784,1.322405,2.177505,1.522043,0.024528,-0.000842,0.029194,-0.045002,0.074463,0.051901,-0.049460
2025-12-16 18:26:20.468,0.145186,0.166962,0.051936,-2.369881,1.322551,2.177599,1.521950,0.023710,0.002227,0.025940,-0.049953,0.078118,0.053664,-0.043731
2025-12-16 18:26:20.469,0.145213,0.166963,0.051958,-2.369925,1.322625,2.177644,1.521897,0.025515,0.001756,0.024444,-0.049785,0.076827,0.053275,-0.051134
2025-12-16 18:26:20.470,0.145232,0.166965,0.051986,-2.369967,1.322696,2.177694,1.521843,0.024020,0.005071,0.026300,-0.050087,0.080611,0.054851,-0.054032
2025-12-16 18:26:20.472,0.145262,0.166969,0.052014,-2.370015,1.322768,2.177739,1.521793,0.026445,0.004445,0.026893,-0.051318,0.079329,0.055050,-0.054855
2025-12-16 18:26:20.473,0.145288,0.166971,0.052041,-2.370060,1.322844,2.177785,1.521748,0.027022,0.006971,0.026250,-0.047114,0.075133,0.054930,-0.049344
2025-12-16 18:26:20.474,0.145336,0.166975,0.052091,-2.370158,1.322984,2.177882,1.521652,0.023401,0.005006,0.025583,-0.049659,0.075355,0.050491,-0.048282
2025-12-16 18:26:20.475,0.145359,0.166981,0.052122,-2.370205,1.323049,2.177925,1.521594,0.023105,0.005379,0.026463,-0.050053,0.074428,0.046450,-0.053307
2025-12-16 18:26:20.476,0.145385,0.166977,0.052148,-2.370252,1.323122,2.177973,1.521546,0.024600,0.002588,0.025957,-0.050620,0.070747,0.044579,-0.049164
2025-12-16 18:26:20.477,0.145410,0.166977,0.052173,-2.370297,1.323190,2.178027,1.521504,0.024461,0.001882,0.026852,-0.049654,0.070955,0.044011,-0.048677
2025-12-16 18:26:20.479,0.145435,0.166982,0.052202,-2.370344,1.323261,2.178072,1.521460,0.024520,0.003135,0.027564,-0.050860,0.072914,0.042183,-0.049732
2025-12-16 18:26:20.480,0.145488,0.166986,0.052256,-2.370435,1.323403,2.178165,1.521363,0.025098,0.002323,0.028915,-0.048478,0.073999,0.039947,-0.045533
2025-12-16 18:26:20.481,0.145516,0.166989,0.052287,-2.370482,1.323475,2.178216,1.521313,0.025024,0.002712,0.027954,-0.049465,0.069728,0.039547,-0.044628
2025-12-16 18:26:20.482,0.145540,0.166991,0.052320,-2.370525,1.323550,2.178264,1.521275,0.024370,0.002402,0.030800,-0.048328,0.072175,0.043366,-0.040662
2025-12-16 18:26:20.484,0.145566,0.166993,0.052351,-2.370571,1.323617,2.178313,1.521226,0.024575,-0.003957,0.029291,-0.048716,0.072647,0.046655,-0.045080
2025-12-16 18:26:20.485,0.145592,0.166991,0.052377,-2.370623,1.323684,2.178361,1.521181,0.024127,-0.003137,0.026402,-0.047699,0.072944,0.044291,-0.043336
2025-12-16 18:26:20.486,0.145644,0.166998,0.052439,-2.370712,1.323825,2.178456,1.521097,0.025196,-0.000748,0.026984,-0.045742,0.074037,0.046025,-0.039573
2025-12-16 18:26:20.487,0.145671,0.167001,0.052468,-2.370759,1.323898,2.178505,1.521051,0.024763,0.000404,0.028321,-0.043351,0.074635,0.044105,-0.038776
2025-12-16 18:26:20.488,0.145697,0.167001,0.052498,-2.370806,1.323966,2.178549,1.521006,0.025006,0.000112,0.026988,-0.045738,0.074458,0.047152,-0.043716
2025-12-16 18:26:20.490,0.145727,0.167005,0.052530,-2.370850,1.324038,2.178600,1.520957,0.025640,0.001163,0.029762,-0.046310,0.074963,0.049672,-0.044012
2025-12-16 18:26:20.491,0.145754,0.167007,0.052559,-2.370900,1.324105,2.178649,1.520910,0.024978,0.001243,0.029899,-0.048363,0.074484,0.046635,-0.042546
2025-12-16 18:26:20.492,0.145805,0.167011,0.052621,-2.370992,1.324249,2.178747,1.520825,0.023033,0.002221,0.027095,-0.047558,0.070710,0.046893,-0.043842
2025-12-16 18:26:20.493,0.145832,0.167010,0.052647,-2.371044,1.324318,2.178791,1.520776,0.026259,0.000887,0.025502,-0.052362,0.072272,0.044351,-0.047704
2025-12-16 18:26:20.494,0.145856,0.167012,0.052680,-2.371089,1.324390,2.178841,1.520727,0.024375,0.001120,0.025572,-0.052075,0.072501,0.048296,-0.046686
2025-12-16 18:26:20.496,0.145889,0.167010,0.052707,-2.371135,1.324462,2.178887,1.520685,0.028414,0.000169,0.026674,-0.050732,0.072980,0.044796,-0.047033
2025-12-16 18:26:20.498,0.145944,0.167012,0.052765,-2.371219,1.324610,2.178978,1.520594,0.026109,0.000022,0.029317,-0.045881,0.074439,0.050135,-0.045971
2025-12-16 18:26:20.499,0.145969,0.167016,0.052795,-2.371272,1.324683,2.179024,1.520540,0.028023,0.001212,0.031627,-0.048253,0.079277,0.050905,-0.046376
2025-12-16 18:26:20.500,0.146026,0.167012,0.052856,-2.371369,1.324831,2.179123,1.520455,0.027545,-0.000677,0.030756,-0.047543,0.073984,0.050506,-0.045566
2025-12-16 18:26:20.501,0.146053,0.167014,0.052885,-2.371419,1.324897,2.179174,1.520410,0.029561,0.000102,0.033148,-0.049493,0.073785,0.052306,-0.043044
2025-12-16 18:26:20.503,0.146108,0.167018,0.052941,-2.371517,1.325041,2.179280,1.520310,0.024167,0.005304,0.031604,-0.047622,0.074558,0.049970,-0.046229
2025-12-16 18:26:20.505,0.146139,0.167015,0.052973,-2.371562,1.325114,2.179330,1.520263,0.026123,0.002713,0.031248,-0.044950,0.074165,0.046056,-0.043941
2025-12-16 18:26:20.506,0.146194,0.167017,0.053032,-2.371656,1.325257,2.179433,1.520173,0.026956,0.004560,0.028599,-0.047502,0.075029,0.044997,-0.048004
2025-12-16 18:26:20.507,0.146221,0.167019,0.053060,-2.371699,1.325328,2.179482,1.520122,0.026843,0.006042,0.028312,-0.047834,0.069320,0.047395,-0.052429
2025-12-16 18:26:20.508,0.146250,0.167018,0.053091,-2.371746,1.325401,2.179536,1.520077,0.024329,0.004050,0.028649,-0.049282,0.066499,0.044809,-0.048837
2025-12-16 18:26:20.509,0.146278,0.167017,0.053122,-2.371789,1.325468,2.179592,1.520041,0.027445,0.001927,0.025542,-0.045713,0.068179,0.043995,-0.043334
2025-12-16 18:26:20.511,0.146309,0.167018,0.053152,-2.371835,1.325544,2.179644,1.520001,0.028480,0.000404,0.025183,-0.046588,0.070348,0.041922,-0.040907
2025-12-16 18:26:20.512,0.146335,0.167019,0.053177,-2.371879,1.325618,2.179697,1.519949,0.026755,-0.000601,0.024425,-0.046996,0.072402,0.041092,-0.043198
2025-12-16 18:26:20.513,0.146390,0.167025,0.053236,-2.371967,1.325767,2.179801,1.519869,0.023640,0.001770,0.025444,-0.042469,0.073823,0.047328,-0.039442
2025-12-16 18:26:20.514,0.146423,0.167025,0.053270,-2.372014,1.325840,2.179853,1.519832,0.022572,0.000338,0.026438,-0.045150,0.068869,0.049217,-0.037670
2025-12-16 18:26:20.515,0.146451,0.167022,0.053302,-2.372059,1.325915,2.179907,1.519788,0.023554,-0.002378,0.030779,-0.046151,0.071118,0.046820,-0.039291
2025-12-16 18:26:20.516,0.146482,0.167029,0.053327,-2.372106,1.325987,2.179957,1.519746,0.024883,0.001763,0.024742,-0.047662,0.072205,0.044896,-0.038795
2025-12-16 18:26:20.517,0.146510,0.167028,0.053361,-2.372145,1.326061,2.180009,1.519699,0.025385,0.002326,0.029663,-0.043596,0.072404,0.043006,-0.040028
2025-12-16 18:26:20.519,0.146538,0.167032,0.053389,-2.372189,1.326134,2.180057,1.519666,0.025125,0.002124,0.027786,-0.041255,0.068465,0.041481,-0.041494
2025-12-16 18:26:20.520,0.146572,0.167036,0.053420,-2.372232,1.326208,2.180103,1.519619,0.026670,0.004416,0.027565,-0.040517,0.066314,0.044503,-0.041336
2025-12-16 18:26:20.521,0.146622,0.167043,0.053478,-2.372322,1.326353,2.180197,1.519523,0.025610,0.001799,0.028280,-0.044657,0.066883,0.045426,-0.041723
2025-12-16 18:26:20.522,0.146649,0.167041,0.053508,-2.372369,1.326426,2.180248,1.519485,0.024818,-0.001349,0.027966,-0.047254,0.064725,0.043792,-0.043159
2025-12-16 18:26:20.523,0.146675,0.167049,0.053534,-2.372407,1.326497,2.180294,1.519439,0.027437,-0.000096,0.024923,-0.040712,0.066896,0.045763,-0.041914
2025-12-16 18:26:20.524,0.146704,0.167050,0.053565,-2.372445,1.326565,2.180342,1.519392,0.026895,0.001487,0.028768,-0.041934,0.069181,0.043789,-0.040627
2025-12-16 18:26:20.526,0.146731,0.167061,0.053598,-2.372489,1.326635,2.180388,1.519341,0.028886,0.003711,0.028423,-0.044553,0.070470,0.042557,-0.042179
2025-12-16 18:26:20.527,0.146760,0.167059,0.053624,-2.372530,1.326707,2.180437,1.519299,0.030953,0.001010,0.028779,-0.042586,0.067142,0.045313,-0.039350
2025-12-16 18:26:20.528,0.146817,0.167071,0.053682,-2.372613,1.326850,2.180536,1.519209,0.028208,0.001015,0.028438,-0.043478,0.070240,0.042549,-0.038076
2025-12-16 18:26:20.529,0.146842,0.167076,0.053715,-2.372655,1.326920,2.180584,1.519155,0.026915,0.000803,0.032619,-0.045277,0.071267,0.045959,-0.040228
2025-12-16 18:26:20.531,0.146874,0.167081,0.053742,-2.372698,1.326993,2.180631,1.519108,0.027710,0.003140,0.029550,-0.044101,0.072784,0.043639,-0.044203
2025-12-16 18:26:20.532,0.146929,0.167095,0.053799,-2.372769,1.327142,2.180733,1.519018,0.028894,0.004668,0.029057,-0.039526,0.074223,0.046240,-0.044178
2025-12-16 18:26:20.533,0.146953,0.167099,0.053832,-2.372814,1.327218,2.180780,1.518970,0.026663,0.003497,0.029182,-0.040554,0.074654,0.048476,-0.047725
2025-12-16 18:26:20.534,0.146983,0.167109,0.053855,-2.372849,1.327291,2.180828,1.518915,0.027563,0.006322,0.029345,-0.038814,0.079107,0.050416,-0.052118
2025-12-16 18:26:20.535,0.147005,0.167120,0.053883,-2.372885,1.327360,2.180876,1.518872,0.025645,0.008384,0.028357,-0.038826,0.078247,0.051870,-0.051646
2025-12-16 18:26:20.537,0.147031,0.167122,0.053914,-2.372925,1.327435,2.180922,1.518827,0.025579,0.007048,0.030472,-0.041750,0.077841,0.052416,-0.052882
2025-12-16 18:26:20.538,0.147087,0.167143,0.053971,-2.373004,1.327577,2.181018,1.518734,0.025746,0.010683,0.028439,-0.041144,0.075694,0.046001,-0.052664
2025-12-16 18:26:20.539,0.147116,0.167151,0.054000,-2.373039,1.327653,2.181068,1.518688,0.026767,0.011064,0.030480,-0.039607,0.071375,0.049031,-0.049916
2025-12-16 18:26:20.540,0.147142,0.167161,0.054026,-2.373073,1.327727,2.181117,1.518648,0.028811,0.008283,0.027972,-0.034600,0.073784,0.051081,-0.045599
2025-12-16 18:26:20.541,0.147169,0.167171,0.054061,-2.373116,1.327796,2.181166,1.518608,0.027877,0.010468,0.031907,-0.037765,0.073306,0.052647,-0.042476
2025-12-16 18:26:20.543,0.147195,0.167177,0.054084,-2.373154,1.327866,2.181211,1.518564,0.023392,0.010326,0.032016,-0.037393,0.068576,0.052643,-0.036759
2025-12-16 18:26:20.544,0.147225,0.167189,0.054112,-2.373191,1.327932,2.181253,1.518519,0.025063,0.011973,0.030294,-0.038112,0.069572,0.048096,-0.038929
2025-12-16 18:26:20.545,0.147280,0.167207,0.054168,-2.373259,1.328075,2.181347,1.518440,0.025540,0.012237,0.028830,-0.036046,0.067447,0.052497,-0.035938
2025-12-16 18:26:20.546,0.147303,0.167222,0.054194,-2.373296,1.328145,2.181393,1.518397,0.024218,0.014017,0.027389,-0.033989,0.065051,0.049610,-0.041277
2025-12-16 18:26:20.547,0.147329,0.167232,0.054224,-2.373335,1.328221,2.181439,1.518350,0.024489,0.010324,0.028112,-0.032844,0.068680,0.046533,-0.041459
2025-12-16 18:26:20.549,0.147360,0.167241,0.054252,-2.373373,1.328293,2.181485,1.518306,0.028849,0.010772,0.027312,-0.034145,0.069917,0.043854,-0.040950
2025-12-16 18:26:20.550,0.147383,0.167248,0.054276,-2.373414,1.328365,2.181528,1.518263,0.026605,0.009998,0.025545,-0.033027,0.071386,0.041765,-0.039941
2025-12-16 18:26:20.551,0.147410,0.167260,0.054300,-2.373447,1.328437,2.181575,1.518225,0.027365,0.009298,0.024921,-0.036073,0.068636,0.041008,-0.042004
2025-12-16 18:26:20.552,0.147438,0.167271,0.054328,-2.373486,1.328509,2.181619,1.518182,0.030362,0.007408,0.024994,-0.036997,0.069441,0.044739,-0.040998
2025-12-16 18:26:20.553,0.147463,0.167280,0.054358,-2.373522,1.328576,2.181663,1.518136,0.028388,0.009125,0.025743,-0.037088,0.066233,0.048033,-0.045848
2025-12-16 18:26:20.555,0.147487,0.167290,0.054384,-2.373554,1.328648,2.181711,1.518093,0.026981,0.010492,0.024892,-0.035187,0.063185,0.045767,-0.049503
2025-12-16 18:26:20.556,0.147541,0.167311,0.054434,-2.373630,1.328789,2.181801,1.518006,0.032287,0.005700,0.025456,-0.036598,0.064025,0.046229,-0.046308
2025-12-16 18:26:20.557,0.147565,0.167325,0.054460,-2.373666,1.328858,2.181849,1.517963,0.029862,0.008474,0.027954,-0.036199,0.066127,0.048892,-0.044639
2025-12-16 18:26:20.558,0.147614,0.167346,0.054517,-2.373737,1.328996,2.181940,1.517875,0.027548,0.010485,0.027158,-0.036362,0.066189,0.047341,-0.040871
2025-12-16 18:26:20.559,0.147642,0.167358,0.054547,-2.373771,1.329062,2.181984,1.517829,0.026929,0.011483,0.029478,-0.035673,0.069048,0.044832,-0.039378
2025-12-16 18:26:20.561,0.147667,0.167366,0.054569,-2.373811,1.329127,2.182027,1.517784,0.025935,0.011089,0.027165,-0.040073,0.065517,0.042990,-0.039303
2025-12-16 18:26:20.562,0.147715,0.167386,0.054626,-2.373888,1.329257,2.182123,1.517686,0.024747,0.011878,0.028742,-0.040174,0.062020,0.049316,-0.040768
2025-12-16 18:26:20.564,0.147737,0.167394,0.054651,-2.373928,1.329319,2.182165,1.517650,0.023720,0.011448,0.027328,-0.040680,0.064800,0.045590,-0.036903
2025-12-16 18:26:20.565,0.147766,0.167404,0.054677,-2.373967,1.329385,2.182214,1.517607,0.025406,0.011775,0.026819,-0.040257,0.062590,0.044307,-0.041976
2025-12-16 18:26:20.566,0.147817,0.167427,0.054731,-2.374033,1.329512,2.182304,1.517515,0.023288,0.007176,0.026372,-0.035463,0.063950,0.044828,-0.046156
2025-12-16 18:26:20.567,0.147839,0.167441,0.054759,-2.374070,1.329579,2.182349,1.517481,0.023065,0.010245,0.025522,-0.036501,0.062693,0.043379,-0.041302
2025-12-16 18:26:20.568,0.147865,0.167450,0.054781,-2.374107,1.329637,2.182393,1.517440,0.021123,0.009516,0.024222,-0.037146,0.060205,0.041893,-0.039755
2025-12-16 18:26:20.569,0.147885,0.167462,0.054809,-2.374142,1.329697,2.182436,1.517396,0.017171,0.010187,0.027615,-0.033243,0.058911,0.045338,-0.044499
2025-12-16 18:26:20.571,0.147916,0.167469,0.054838,-2.374182,1.329759,2.182478,1.517345,0.021049,0.009562,0.027174,-0.035536,0.058127,0.047948,-0.050005
2025-12-16 18:26:20.572,0.147943,0.167479,0.054869,-2.374219,1.329820,2.182520,1.517305,0.019428,0.010404,0.030939,-0.032906,0.058183,0.044966,-0.045630
2025-12-16 18:26:20.573,0.147991,0.167509,0.054923,-2.374286,1.329937,2.182602,1.517225,0.020982,0.014380,0.028033,-0.030146,0.056784,0.046196,-0.041334
2025-12-16 18:26:20.574,0.148018,0.167517,0.054948,-2.374325,1.330000,2.182649,1.517180,0.022642,0.012504,0.029832,-0.030282,0.057140,0.044350,-0.041517
2025-12-16 18:26:20.575,0.148042,0.167529,0.054974,-2.374358,1.330061,2.182687,1.517134,0.023257,0.012460,0.028133,-0.032081,0.057065,0.041717,-0.041557
2025-12-16 18:26:20.576,0.148065,0.167538,0.055002,-2.374401,1.330119,2.182731,1.517092,0.023054,0.011871,0.027397,-0.036538,0.061371,0.041272,-0.040422
2025-12-16 18:26:20.578,0.148090,0.167550,0.055028,-2.374432,1.330179,2.182776,1.517057,0.023603,0.012532,0.029113,-0.032540,0.060524,0.045985,-0.037112
2025-12-16 18:26:20.579,0.148146,0.167578,0.055076,-2.374499,1.330298,2.182858,1.516962,0.026238,0.011559,0.026660,-0.031610,0.064804,0.041886,-0.040257
2025-12-16 18:26:20.580,0.148168,0.167585,0.055104,-2.374533,1.330356,2.182894,1.516917,0.025119,0.009850,0.026384,-0.033213,0.066443,0.040103,-0.039705
2025-12-16 18:26:20.581,0.148189,0.167599,0.055134,-2.374568,1.330414,2.182938,1.516880,0.023831,0.011092,0.027287,-0.034569,0.064115,0.044904,-0.041690
2025-12-16 18:26:20.583,0.148209,0.167611,0.055156,-2.374602,1.330470,2.182975,1.516838,0.023060,0.008840,0.025415,-0.035230,0.066072,0.042239,-0.045034
2025-12-16 18:26:20.584,0.148258,0.167631,0.055209,-2.374671,1.330590,2.183051,1.516750,0.021494,0.010180,0.028704,-0.037402,0.066235,0.040154,-0.043069
2025-12-16 18:26:20.585,0.148282,0.167643,0.055236,-2.374703,1.330649,2.183094,1.516710,0.022392,0.010754,0.027271,-0.034432,0.068436,0.041224,-0.040832
2025-12-16 18:26:20.586,0.148302,0.167656,0.055256,-2.374735,1.330707,2.183132,1.516672,0.018821,0.011738,0.024991,-0.031505,0.070303,0.040072,-0.038770
2025-12-16 18:26:20.588,0.148325,0.167673,0.055286,-2.374771,1.330765,2.183173,1.516628,0.019785,0.013587,0.028803,-0.031472,0.067100,0.039292,-0.038969
2025-12-16 18:26:20.589,0.148350,0.167685,0.055310,-2.374803,1.330827,2.183211,1.516584,0.018736,0.013142,0.029723,-0.030025,0.064782,0.033768,-0.043614
2025-12-16 18:26:20.590,0.148396,0.167704,0.055362,-2.374866,1.330946,2.183284,1.516498,0.020176,0.011757,0.027321,-0.032700,0.065316,0.034098,-0.045089
2025-12-16 18:26:20.591,0.148418,0.167716,0.055385,-2.374900,1.331003,2.183326,1.516458,0.020973,0.011974,0.025603,-0.031478,0.062783,0.040866,-0.042179
2025-12-16 18:26:20.592,0.148446,0.167730,0.055411,-2.374930,1.331060,2.183365,1.516416,0.020737,0.013368,0.025618,-0.032113,0.060943,0.040264,-0.041633
2025-12-16 18:26:20.594,0.148465,0.167747,0.055438,-2.374957,1.331119,2.183406,1.516371,0.023673,0.014843,0.028491,-0.031896,0.060623,0.040070,-0.042906
2025-12-16 18:26:20.595,0.148489,0.167752,0.055462,-2.374993,1.331178,2.183446,1.516333,0.020946,0.011732,0.023967,-0.031203,0.059967,0.040043,-0.040659
2025-12-16 18:26:20.596,0.148533,0.167778,0.055515,-2.375055,1.331295,2.183524,1.516253,0.019722,0.010619,0.024696,-0.030191,0.058213,0.038842,-0.038891
2025-12-16 18:26:20.597,0.148559,0.167790,0.055535,-2.375083,1.331354,2.183564,1.516210,0.022208,0.011000,0.023709,-0.031440,0.057239,0.043006,-0.040170
2025-12-16 18:26:20.598,0.148580,0.167802,0.055564,-2.375117,1.331417,2.183601,1.516164,0.021643,0.011337,0.027071,-0.033654,0.057433,0.036195,-0.040776
2025-12-16 18:26:20.600,0.148604,0.167816,0.055590,-2.375144,1.331477,2.183641,1.516132,0.022573,0.012697,0.026614,-0.030956,0.057653,0.036915,-0.037028
2025-12-16 18:26:20.601,0.148624,0.167823,0.055619,-2.375174,1.331533,2.183678,1.516096,0.022655,0.013922,0.027423,-0.028824,0.056662,0.036584,-0.036618
2025-12-16 18:26:20.602,0.148673,0.167850,0.055667,-2.375238,1.331658,2.183761,1.516007,0.022377,0.014376,0.030418,-0.027775,0.060350,0.038013,-0.039386
2025-12-16 18:26:20.603,0.148697,0.167857,0.055694,-2.375271,1.331722,2.183798,1.515967,0.023558,0.012115,0.029769,-0.031347,0.060089,0.037101,-0.038018
2025-12-16 18:26:20.604,0.148717,0.167869,0.055716,-2.375293,1.331784,2.183838,1.515928,0.023318,0.012301,0.027907,-0.027328,0.059272,0.037594,-0.036772
2025-12-16 18:26:20.605,0.148743,0.167887,0.055744,-2.375327,1.331846,2.183873,1.515888,0.021797,0.014776,0.027829,-0.028969,0.058517,0.036326,-0.035962
2025-12-16 18:26:20.607,0.148766,0.167891,0.055770,-2.375355,1.331906,2.183913,1.515837,0.022495,0.015482,0.030572,-0.026635,0.056930,0.037080,-0.043586
2025-12-16 18:26:20.608,0.148791,0.167905,0.055797,-2.375384,1.331968,2.183953,1.515794,0.024186,0.015442,0.029738,-0.026386,0.061697,0.041506,-0.042067
2025-12-16 18:26:20.609,0.148843,0.167927,0.055845,-2.375445,1.332093,2.184033,1.515716,0.028131,0.011790,0.024591,-0.031862,0.068458,0.040477,-0.039061
2025-12-16 18:26:20.610,0.148858,0.167936,0.055870,-2.375476,1.332154,2.184071,1.515673,0.021704,0.007627,0.025203,-0.030832,0.065513,0.039877,-0.043959
2025-12-16 18:26:20.611,0.148881,0.167945,0.055895,-2.375507,1.332216,2.184111,1.515624,0.019492,0.008403,0.024541,-0.029905,0.063186,0.039475,-0.044038
2025-12-16 18:26:20.613,0.148904,0.167954,0.055918,-2.375537,1.332271,2.184149,1.515584,0.022050,0.010894,0.024645,-0.028967,0.061178,0.038940,-0.037579
2025-12-16 18:26:20.614,0.148952,0.167986,0.055966,-2.375593,1.332389,2.184222,1.515513,0.024096,0.012088,0.024604,-0.026773,0.059103,0.037286,-0.035260
2025-12-16 18:26:20.615,0.148972,0.167990,0.055992,-2.375623,1.332447,2.184258,1.515465,0.020532,0.006635,0.025296,-0.026932,0.057470,0.037382,-0.038842
2025-12-16 18:26:20.616,0.148994,0.168000,0.056018,-2.375652,1.332506,2.184297,1.515423,0.022080,0.007709,0.024658,-0.026178,0.057416,0.037064,-0.038273
2025-12-16 18:26:20.618,0.149019,0.168008,0.056043,-2.375679,1.332565,2.184333,1.515386,0.023886,0.008372,0.025408,-0.028181,0.062377,0.041869,-0.037087
2025-12-16 18:26:20.619,0.149040,0.168022,0.056066,-2.375711,1.332621,2.184370,1.515353,0.023448,0.010156,0.024597,-0.031719,0.060527,0.037179,-0.035576
2025-12-16 18:26:20.620,0.149080,0.168038,0.056115,-2.375768,1.332737,2.184445,1.515266,0.023904,0.009690,0.026610,-0.029002,0.053843,0.033441,-0.041609
2025-12-16 18:26:20.621,0.149102,0.168055,0.056138,-2.375799,1.332797,2.184479,1.515219,0.024210,0.009083,0.025122,-0.027713,0.055607,0.034073,-0.042267
2025-12-16 18:26:20.622,0.149122,0.168059,0.056161,-2.375824,1.332855,2.184515,1.515192,0.021288,0.007567,0.025168,-0.026514,0.055902,0.039322,-0.037691
2025-12-16 18:26:20.623,0.149142,0.168071,0.056187,-2.375854,1.332909,2.184550,1.515150,0.021678,0.006490,0.022605,-0.026556,0.055875,0.034183,-0.038241
2025-12-16 18:26:20.624,0.149164,0.168074,0.056207,-2.375882,1.332966,2.184586,1.515111,0.022576,0.005106,0.021590,-0.026206,0.059799,0.034461,-0.042730
2025-12-16 18:26:20.626,0.149210,0.168097,0.056257,-2.375936,1.333083,2.184664,1.515035,0.021702,0.008973,0.023586,-0.031046,0.058537,0.028125,-0.040783
2025-12-16 18:26:20.627,0.149226,0.168107,0.056281,-2.375962,1.333145,2.184704,1.515001,0.020741,0.009425,0.021388,-0.031595,0.058824,0.030841,-0.038930
2025-12-16 18:26:20.628,0.149252,0.168119,0.056302,-2.375992,1.333207,2.184743,1.514964,0.023136,0.010899,0.021166,-0.033708,0.058154,0.032764,-0.033612
2025-12-16 18:26:20.629,0.149275,0.168131,0.056327,-2.376015,1.333265,2.184780,1.514920,0.023435,0.011906,0.022231,-0.030377,0.057377,0.034255,-0.036385
2025-12-16 18:26:20.630,0.149291,0.168137,0.056348,-2.376041,1.333323,2.184813,1.514885,0.022612,0.010905,0.022408,-0.029242,0.057272,0.034604,-0.031910
2025-12-16 18:26:20.632,0.149311,0.168145,0.056374,-2.376071,1.333381,2.184851,1.514855,0.022733,0.010208,0.024211,-0.025695,0.057057,0.035624,-0.031804
2025-12-16 18:26:20.633,0.149356,0.168166,0.056415,-2.376119,1.333496,2.184919,1.514779,0.022134,0.010917,0.020661,-0.024164,0.057045,0.030699,-0.034880
2025-12-16 18:26:20.634,0.149373,0.168180,0.056443,-2.376143,1.333551,2.184954,1.514735,0.018454,0.012551,0.022383,-0.024282,0.057218,0.037152,-0.037259
2025-12-16 18:26:20.635,0.149396,0.168193,0.056466,-2.376166,1.333608,2.184991,1.514709,0.020763,0.013729,0.023018,-0.024291,0.057066,0.037297,-0.034311
2025-12-16 18:26:20.636,0.149419,0.168198,0.056491,-2.376190,1.333663,2.185028,1.514671,0.019916,0.010959,0.024131,-0.020715,0.056185,0.038028,-0.035214
2025-12-16 18:26:20.638,0.149439,0.168206,0.056511,-2.376213,1.333719,2.185066,1.514633,0.020573,0.013338,0.023117,-0.021991,0.060281,0.038238,-0.035914
2025-12-16 18:26:20.639,0.149465,0.168217,0.056536,-2.376240,1.333778,2.185099,1.514592,0.019671,0.013334,0.023618,-0.023563,0.059831,0.037244,-0.038547
2025-12-16 18:26:20.640,0.149501,0.168240,0.056581,-2.376288,1.333888,2.185170,1.514519,0.020806,0.017468,0.022131,-0.027325,0.058164,0.033632,-0.037354
2025-12-16 18:26:20.641,0.149524,0.168254,0.056604,-2.376309,1.333943,2.185207,1.514484,0.022479,0.016769,0.022867,-0.026195,0.058108,0.039933,-0.036337
2025-12-16 18:26:20.642,0.149546,0.168266,0.056624,-2.376334,1.333996,2.185241,1.514446,0.023676,0.015640,0.026614,-0.026693,0.052972,0.038307,-0.037442
2025-12-16 18:26:20.643,0.149567,0.168279,0.056649,-2.376356,1.334051,2.185280,1.514403,0.021405,0.011678,0.027457,-0.026122,0.053577,0.038513,-0.039735
2025-12-16 18:26:20.645,0.149587,0.168286,0.056670,-2.376380,1.334105,2.185318,1.514367,0.018537,0.010675,0.023062,-0.026199,0.054305,0.038913,-0.043040
2025-12-16 18:26:20.646,0.149628,0.168312,0.056716,-2.376421,1.334215,2.185388,1.514301,0.019123,0.012271,0.021177,-0.024371,0.050991,0.033390,-0.035668
2025-12-16 18:26:20.647,0.149647,0.168326,0.056738,-2.376440,1.334270,2.185416,1.514255,0.020484,0.013442,0.019270,-0.020827,0.052669,0.028598,-0.043367
2025-12-16 18:26:20.648,0.149666,0.168342,0.056760,-2.376463,1.334324,2.185451,1.514220,0.021631,0.014306,0.017522,-0.022616,0.053990,0.025870,-0.041669
2025-12-16 18:26:20.649,0.149689,0.168347,0.056782,-2.376481,1.334379,2.185486,1.514190,0.020561,0.011391,0.019314,-0.022746,0.054084,0.029121,-0.033790
2025-12-16 18:26:20.650,0.149706,0.168364,0.056799,-2.376505,1.334435,2.185519,1.514156,0.017893,0.012881,0.015837,-0.020969,0.055333,0.026218,-0.033390
2025-12-16 18:26:20.652,0.149727,0.168375,0.056825,-2.376527,1.334487,2.185555,1.514112,0.017076,0.012203,0.019491,-0.019007,0.055377,0.030004,-0.037496
2025-12-16 18:26:20.653,0.149747,0.168395,0.056847,-2.376545,1.334538,2.185588,1.514074,0.018306,0.017232,0.020910,-0.019970,0.055298,0.031835,-0.042382
2025-12-16 18:26:20.654,0.149765,0.168406,0.056868,-2.376565,1.334593,2.185621,1.514040,0.019994,0.015907,0.021425,-0.021334,0.056367,0.033094,-0.045583
2025-12-16 18:26:20.655,0.149803,0.168430,0.056912,-2.376603,1.334693,2.185682,1.513970,0.018660,0.010547,0.020316,-0.016752,0.047451,0.026216,-0.041340
2025-12-16 18:26:20.656,0.149823,0.168447,0.056936,-2.376624,1.334745,2.185717,1.513933,0.020300,0.011779,0.022061,-0.019634,0.050164,0.028700,-0.040807
2025-12-16 18:26:20.657,0.149844,0.168459,0.056954,-2.376643,1.334793,2.185754,1.513890,0.022162,0.014464,0.021640,-0.017976,0.051422,0.031698,-0.042123
2025-12-16 18:26:20.658,0.149861,0.168478,0.056978,-2.376660,1.334846,2.185789,1.513861,0.022212,0.015231,0.023149,-0.019678,0.053189,0.033868,-0.033929
2025-12-16 18:26:20.660,0.149882,0.168488,0.057002,-2.376675,1.334897,2.185823,1.513828,0.023525,0.013297,0.027325,-0.019875,0.053591,0.034608,-0.029121
2025-12-16 18:26:20.661,0.149899,0.168510,0.057019,-2.376694,1.334951,2.185860,1.513793,0.023241,0.015577,0.024997,-0.022126,0.050059,0.036172,-0.031388
2025-12-16 18:26:20.662,0.149936,0.168531,0.057063,-2.376732,1.335050,2.185924,1.513715,0.024456,0.013636,0.022511,-0.018643,0.052386,0.035688,-0.035502
2025-12-16 18:26:20.663,0.149956,0.168547,0.057086,-2.376751,1.335105,2.185955,1.513682,0.024117,0.013583,0.022564,-0.016774,0.053133,0.030771,-0.034831
2025-12-16 18:26:20.664,0.149976,0.168566,0.057105,-2.376764,1.335154,2.185986,1.513648,0.024368,0.017741,0.022167,-0.017110,0.048965,0.032695,-0.035323
2025-12-16 18:26:20.665,0.149990,0.168582,0.057129,-2.376785,1.335206,2.186015,1.513607,0.022712,0.017079,0.023607,-0.016545,0.047165,0.033929,-0.036889
2025-12-16 18:26:20.667,0.150007,0.168597,0.057146,-2.376799,1.335257,2.186050,1.513564,0.019800,0.015888,0.022843,-0.014618,0.049436,0.035920,-0.039011
2025-12-16 18:26:20.668,0.150052,0.168630,0.057189,-2.376835,1.335359,2.186111,1.513502,0.020916,0.015715,0.023330,-0.014079,0.049407,0.036084,-0.035748
2025-12-16 18:26:20.669,0.150070,0.168638,0.057211,-2.376848,1.335411,2.186144,1.513462,0.021346,0.012484,0.023351,-0.015733,0.055980,0.031744,-0.036809
2025-12-16 18:26:20.671,0.150087,0.168660,0.057234,-2.376864,1.335462,2.186174,1.513421,0.021137,0.014394,0.024479,-0.014710,0.055478,0.028117,-0.039066
2025-12-16 18:26:20.672,0.150111,0.168676,0.057254,-2.376880,1.335512,2.186207,1.513387,0.023451,0.016964,0.024127,-0.014163,0.056206,0.030879,-0.042155
2025-12-16 18:26:20.673,0.150148,0.168707,0.057298,-2.376916,1.335620,2.186274,1.513319,0.024354,0.015050,0.021496,-0.017115,0.056104,0.026896,-0.038835
2025-12-16 18:26:20.674,0.150162,0.168725,0.057317,-2.376930,1.335668,2.186305,1.513275,0.022750,0.014951,0.021811,-0.018202,0.055985,0.029113,-0.036081
2025-12-16 18:26:20.675,0.150184,0.168739,0.057335,-2.376947,1.335723,2.186338,1.513239,0.024553,0.014288,0.018999,-0.014301,0.057156,0.031160,-0.036643
2025-12-16 18:26:20.676,0.150200,0.168753,0.057358,-2.376962,1.335774,2.186372,1.513204,0.023584,0.012681,0.021187,-0.016384,0.056208,0.028043,-0.040771
2025-12-16 18:26:20.678,0.150219,0.168769,0.057380,-2.376987,1.335823,2.186406,1.513173,0.021447,0.013277,0.022840,-0.018131,0.056229,0.029550,-0.038529
2025-12-16 18:26:20.679,0.150258,0.168799,0.057420,-2.377015,1.335925,2.186476,1.513094,0.023449,0.014560,0.024582,-0.017624,0.056739,0.032350,-0.040803
2025-12-16 18:26:20.680,0.150279,0.168823,0.057441,-2.377034,1.335973,2.186512,1.513059,0.021335,0.020123,0.025149,-0.017041,0.056543,0.034017,-0.039080
2025-12-16 18:26:20.681,0.150294,0.168836,0.057455,-2.377045,1.336022,2.186550,1.513026,0.018413,0.020073,0.023300,-0.014752,0.056979,0.036381,-0.032144
2025-12-16 18:26:20.683,0.150315,0.168852,0.057481,-2.377064,1.336071,2.186584,1.512991,0.017576,0.021304,0.026261,-0.012296,0.052433,0.035395,-0.033602
2025-12-16 18:26:20.684,0.150354,0.168880,0.057516,-2.377093,1.336164,2.186655,1.512908,0.018674,0.022029,0.021629,-0.012334,0.052994,0.032712,-0.037173
2025-12-16 18:26:20.685,0.150370,0.168898,0.057538,-2.377108,1.336218,2.186690,1.512875,0.016450,0.023413,0.021107,-0.012517,0.050236,0.033840,-0.036726
2025-12-16 18:26:20.686,0.150391,0.168916,0.057557,-2.377126,1.336260,2.186723,1.512849,0.019146,0.021347,0.021848,-0.016038,0.050810,0.039110,-0.033949
2025-12-16 18:26:20.688,0.150408,0.168932,0.057572,-2.377143,1.336309,2.186754,1.512811,0.020539,0.019093,0.018227,-0.019533,0.053050,0.038748,-0.036500
2025-12-16 18:26:20.689,0.150445,0.168960,0.057609,-2.377176,1.336401,2.186825,1.512734,0.019968,0.020153,0.019213,-0.016840,0.046697,0.035100,-0.030410
2025-12-16 18:26:20.691,0.150462,0.168978,0.057630,-2.377190,1.336443,2.186854,1.512708,0.020503,0.018908,0.018087,-0.015020,0.043829,0.035224,-0.025010
2025-12-16 18:26:20.692,0.150500,0.169009,0.057667,-2.377224,1.336534,2.186920,1.512643,0.018806,0.016740,0.018357,-0.017400,0.041566,0.033874,-0.027330
2025-12-16 18:26:20.694,0.150517,0.169024,0.057686,-2.377241,1.336578,2.186948,1.512604,0.019665,0.015649,0.017487,-0.016822,0.045296,0.028550,-0.032074
2025-12-16 18:26:20.695,0.150535,0.169040,0.057702,-2.377256,1.336623,2.186978,1.512576,0.018388,0.014834,0.016177,-0.015201,0.043718,0.026181,-0.031454
2025-12-16 18:26:20.696,0.150573,0.169070,0.057741,-2.377284,1.336714,2.187040,1.512510,0.016642,0.013569,0.017452,-0.012610,0.045324,0.027918,-0.034264
2025-12-16 18:26:20.697,0.150586,0.169079,0.057756,-2.377300,1.336760,2.187068,1.512473,0.014291,0.010985,0.018769,-0.012829,0.043835,0.029808,-0.031490
2025-12-16 18:26:20.698,0.150604,0.169097,0.057778,-2.377314,1.336802,2.187099,1.512442,0.017001,0.015273,0.018314,-0.012386,0.046335,0.027767,-0.028587
2025-12-16 18:26:20.704,0.150691,0.169175,0.057864,-2.377387,1.337029,2.187245,1.512274,0.016168,0.012623,0.016951,-0.017714,0.042808,0.032638,-0.036995
2025-12-16 18:26:20.705,0.150726,0.169207,0.057898,-2.377422,1.337117,2.187307,1.512209,0.017602,0.012502,0.013893,-0.015719,0.043181,0.035281,-0.036469
2025-12-16 18:26:20.706,0.150743,0.169219,0.057919,-2.377444,1.337157,2.187337,1.512165,0.015717,0.012005,0.014339,-0.019383,0.041813,0.035802,-0.044015
2025-12-16 18:26:20.708,0.150760,0.169235,0.057938,-2.377453,1.337201,2.187367,1.512131,0.014446,0.015316,0.016443,-0.018305,0.041605,0.036573,-0.041850
2025-12-16 18:26:20.709,0.150774,0.169250,0.057954,-2.377471,1.337247,2.187399,1.512101,0.015386,0.014710,0.018111,-0.020662,0.045136,0.033105,-0.039607
2025-12-16 18:26:20.710,0.150814,0.169279,0.057991,-2.377503,1.337336,2.187457,1.512030,0.017387,0.013991,0.015684,-0.017291,0.042202,0.026077,-0.039144
2025-12-16 18:26:20.711,0.150826,0.169293,0.058006,-2.377514,1.337381,2.187486,1.511998,0.014546,0.012984,0.013740,-0.014271,0.045438,0.028548,-0.038008
2025-12-16 18:26:20.712,0.150849,0.169309,0.058023,-2.377532,1.337425,2.187516,1.511955,0.015880,0.016077,0.013593,-0.017076,0.043155,0.031145,-0.039710
2025-12-16 18:26:20.713,0.150861,0.169323,0.058041,-2.377552,1.337472,2.187548,1.511927,0.013309,0.017853,0.013434,-0.017315,0.046955,0.032645,-0.036906
2025-12-16 18:26:20.714,0.150880,0.169335,0.058057,-2.377563,1.337519,2.187580,1.511892,0.016248,0.016037,0.012734,-0.014237,0.044263,0.033507,-0.037688
2025-12-16 18:26:20.716,0.150898,0.169349,0.058078,-2.377577,1.337564,2.187611,1.511858,0.015972,0.014586,0.013903,-0.013066,0.042607,0.035089,-0.032993
2025-12-16 18:26:20.717,0.150913,0.169369,0.058092,-2.377596,1.337608,2.187644,1.511815,0.013932,0.014843,0.012410,-0.012977,0.046285,0.035605,-0.031622
2025-12-16 18:26:20.718,0.150933,0.169385,0.058110,-2.377616,1.337650,2.187676,1.511788,0.018017,0.014829,0.013085,-0.017364,0.048486,0.036853,-0.030506
2025-12-16 18:26:20.719,0.150969,0.169412,0.058147,-2.377646,1.337741,2.187740,1.511717,0.015854,0.015886,0.013883,-0.016663,0.048598,0.036786,-0.029971
2025-12-16 18:26:20.720,0.150984,0.169425,0.058160,-2.377664,1.337786,2.187773,1.511675,0.014430,0.014001,0.012826,-0.016476,0.050902,0.041281,-0.034218
2025-12-16 18:26:20.721,0.151004,0.169445,0.058178,-2.377679,1.337828,2.187804,1.511646,0.018216,0.017370,0.012743,-0.014178,0.047138,0.034923,-0.028501
2025-12-16 18:26:20.723,0.151017,0.169460,0.058196,-2.377699,1.337875,2.187834,1.511611,0.018749,0.018830,0.013282,-0.014744,0.049514,0.035665,-0.025485
2025-12-16 18:26:20.724,0.151036,0.169476,0.058210,-2.377713,1.337922,2.187869,1.511576,0.018350,0.017898,0.012410,-0.013660,0.050985,0.032430,-0.024231
2025-12-16 18:26:20.725,0.151070,0.169503,0.058246,-2.377748,1.338014,2.187933,1.511503,0.022043,0.014465,0.015832,-0.016303,0.045263,0.031042,-0.031557
2025-12-16 18:26:20.726,0.151088,0.169525,0.058260,-2.377762,1.338064,2.187965,1.511477,0.020093,0.018350,0.017509,-0.014813,0.048118,0.032575,-0.025730
2025-12-16 18:26:20.727,0.151100,0.169538,0.058278,-2.377781,1.338112,2.187997,1.511441,0.017539,0.018787,0.016281,-0.015392,0.045250,0.033275,-0.028365
2025-12-16 18:26:20.729,0.151121,0.169554,0.058298,-2.377799,1.338161,2.188024,1.511402,0.020511,0.017853,0.017111,-0.017574,0.043819,0.033220,-0.032249
2025-12-16 18:26:20.730,0.151134,0.169573,0.058312,-2.377814,1.338207,2.188056,1.511362,0.020432,0.020248,0.014599,-0.015827,0.047310,0.029701,-0.035700
2025-12-16 18:26:20.731,0.151171,0.169605,0.058347,-2.377850,1.338298,2.188121,1.511302,0.021487,0.017198,0.017248,-0.015178,0.046550,0.033697,-0.026428
2025-12-16 18:26:20.732,0.151185,0.169620,0.058359,-2.377866,1.338346,2.188151,1.511266,0.021500,0.015427,0.018098,-0.014342,0.043740,0.034898,-0.024297
2025-12-16 18:26:20.733,0.151199,0.169636,0.058379,-2.377887,1.338390,2.188181,1.511224,0.021835,0.017813,0.021069,-0.015193,0.046749,0.031220,-0.029952
2025-12-16 18:26:20.734,0.151219,0.169655,0.058393,-2.377900,1.338438,2.188210,1.511196,0.023894,0.020772,0.018880,-0.016123,0.044916,0.028034,-0.029969
2025-12-16 18:26:20.735,0.151229,0.169671,0.058405,-2.377922,1.338486,2.188242,1.511163,0.019785,0.018605,0.016170,-0.016681,0.043231,0.030404,-0.031502
2025-12-16 18:26:20.736,0.151252,0.169689,0.058424,-2.377933,1.338532,2.188276,1.511130,0.019760,0.018257,0.016471,-0.013899,0.041170,0.027809,-0.032098
2025-12-16 18:26:20.737,0.151267,0.169702,0.058439,-2.377955,1.338581,2.188304,1.511088,0.020419,0.018585,0.015454,-0.014938,0.045482,0.025877,-0.035659
2025-12-16 18:26:20.739,0.151281,0.169722,0.058456,-2.377971,1.338627,2.188337,1.511047,0.017758,0.021391,0.014163,-0.014410,0.044025,0.029338,-0.037501
2025-12-16 18:26:20.740,0.151297,0.169742,0.058473,-2.377986,1.338674,2.188366,1.511012,0.019598,0.023315,0.016898,-0.013492,0.047124,0.026575,-0.036318
2025-12-16 18:26:20.741,0.151311,0.169758,0.058490,-2.378002,1.338721,2.188393,1.510979,0.020425,0.020467,0.019405,-0.013412,0.049527,0.028522,-0.034834
2025-12-16 18:26:20.742,0.151346,0.169788,0.058517,-2.378037,1.338815,2.188452,1.510898,0.020050,0.015829,0.012432,-0.010983,0.048636,0.024656,-0.038154
2025-12-16 18:26:20.743,0.151364,0.169810,0.058537,-2.378058,1.338854,2.188481,1.510862,0.018230,0.016171,0.016389,-0.012978,0.045123,0.027862,-0.041823
2025-12-16 18:26:20.744,0.151380,0.169828,0.058554,-2.378071,1.338897,2.188509,1.510825,0.016257,0.018913,0.018584,-0.011512,0.047349,0.025521,-0.035462
2025-12-16 18:26:20.745,0.151394,0.169841,0.058567,-2.378087,1.338943,2.188538,1.510787,0.017918,0.016070,0.019034,-0.011899,0.050422,0.023729,-0.035948
2025-12-16 18:26:20.747,0.151412,0.169859,0.058584,-2.378099,1.338986,2.188568,1.510743,0.020478,0.015193,0.021228,-0.013806,0.051633,0.022841,-0.038271
2025-12-16 18:26:20.748,0.151428,0.169876,0.058602,-2.378121,1.339027,2.188597,1.510703,0.021632,0.014551,0.019070,-0.018506,0.053179,0.026428,-0.038435
2025-12-16 18:26:20.749,0.151442,0.169898,0.058614,-2.378137,1.339069,2.188627,1.510670,0.021883,0.015182,0.018946,-0.020370,0.049289,0.025061,-0.036732
2025-12-16 18:26:20.750,0.151472,0.169931,0.058648,-2.378169,1.339154,2.188683,1.510591,0.022631,0.016921,0.018936,-0.019790,0.047253,0.021998,-0.038208
2025-12-16 18:26:20.751,0.151485,0.169946,0.058664,-2.378185,1.339196,2.188712,1.510556,0.022202,0.015194,0.017398,-0.017596,0.044882,0.025877,-0.041375
2025-12-16 18:26:20.752,0.151500,0.169964,0.058676,-2.378202,1.339239,2.188741,1.510515,0.020482,0.015126,0.015007,-0.016990,0.047799,0.024044,-0.045822
2025-12-16 18:26:20.753,0.151516,0.169983,0.058692,-2.378213,1.339280,2.188767,1.510483,0.021122,0.014410,0.014533,-0.014193,0.045514,0.027989,-0.041530
2025-12-16 18:26:20.754,0.151534,0.170001,0.058710,-2.378233,1.339325,2.188797,1.510443,0.019592,0.017640,0.014780,-0.015228,0.044541,0.026388,-0.042484
2025-12-16 18:26:20.756,0.151559,0.170032,0.058737,-2.378265,1.339409,2.188846,1.510364,0.014372,0.017448,0.013025,-0.015210,0.040730,0.024752,-0.038322
2025-12-16 18:26:20.757,0.151577,0.170048,0.058754,-2.378275,1.339453,2.188872,1.510332,0.017710,0.018677,0.013515,-0.013370,0.040342,0.022977,-0.035828
2025-12-16 18:26:20.758,0.151591,0.170066,0.058769,-2.378289,1.339490,2.188902,1.510292,0.019062,0.017749,0.016434,-0.012772,0.038604,0.022256,-0.037102
2025-12-16 18:26:20.759,0.151605,0.170088,0.058785,-2.378305,1.339532,2.188930,1.510257,0.019995,0.020775,0.016117,-0.016211,0.038556,0.021415,-0.031557
2025-12-16 18:26:20.760,0.151625,0.170103,0.058798,-2.378320,1.339576,2.188961,1.510213,0.022581,0.017978,0.014527,-0.016008,0.043446,0.026439,-0.036098
2025-12-16 18:26:20.761,0.151637,0.170120,0.058812,-2.378339,1.339616,2.188987,1.510181,0.019499,0.016047,0.013501,-0.016413,0.042012,0.029401,-0.034596
2025-12-16 18:26:20.763,0.151652,0.170142,0.058827,-2.378355,1.339658,2.189015,1.510148,0.017762,0.019548,0.009627,-0.018520,0.045703,0.026675,-0.034647
2025-12-16 18:26:20.764,0.151666,0.170154,0.058844,-2.378370,1.339703,2.189042,1.510113,0.019617,0.015945,0.011009,-0.017401,0.044698,0.024193,-0.035792
2025-12-16 18:26:20.765,0.151681,0.170173,0.058858,-2.378382,1.339744,2.189069,1.510070,0.017872,0.018303,0.011422,-0.014796,0.042130,0.022475,-0.043202
2025-12-16 18:26:20.766,0.151708,0.170206,0.058893,-2.378418,1.339831,2.189123,1.510009,0.014719,0.018053,0.013321,-0.014345,0.039328,0.025638,-0.038513
2025-12-16 18:26:20.767,0.151725,0.170225,0.058903,-2.378431,1.339877,2.189151,1.509978,0.015420,0.019784,0.011817,-0.015850,0.039706,0.023927,-0.038102
2025-12-16 18:26:20.768,0.151739,0.170242,0.058920,-2.378446,1.339921,2.189181,1.509935,0.014017,0.021144,0.012591,-0.015773,0.039194,0.023024,-0.040880
2025-12-16 18:26:20.769,0.151754,0.170258,0.058934,-2.378460,1.339963,2.189207,1.509904,0.014258,0.024637,0.012003,-0.014323,0.038458,0.022309,-0.039069
2025-12-16 18:26:20.771,0.151766,0.170277,0.058949,-2.378477,1.340008,2.189234,1.509875,0.012588,0.021620,0.012712,-0.011348,0.043667,0.025600,-0.037179
2025-12-16 18:26:20.772,0.151798,0.170312,0.058979,-2.378504,1.340094,2.189286,1.509801,0.013480,0.022360,0.015415,-0.013647,0.044351,0.022108,-0.043415
2025-12-16 18:26:20.773,0.151810,0.170331,0.058992,-2.378519,1.340136,2.189314,1.509760,0.012663,0.023158,0.014715,-0.016563,0.047009,0.026230,-0.044328
2025-12-16 18:26:20.774,0.151827,0.170354,0.059014,-2.378529,1.340181,2.189342,1.509735,0.013206,0.024859,0.016515,-0.014533,0.049860,0.024055,-0.039651
2025-12-16 18:26:20.775,0.151842,0.170369,0.059025,-2.378546,1.340223,2.189368,1.509701,0.013529,0.020525,0.016705,-0.018145,0.046385,0.023073,-0.043894
2025-12-16 18:26:20.776,0.151855,0.170389,0.059039,-2.378559,1.340265,2.189397,1.509666,0.013209,0.021217,0.018868,-0.016918,0.048541,0.026851,-0.041087
2025-12-16 18:26:20.778,0.151886,0.170431,0.059069,-2.378587,1.340351,2.189451,1.509595,0.015474,0.021483,0.016382,-0.015107,0.044771,0.023558,-0.039925
2025-12-16 18:26:20.780,0.151914,0.170464,0.059098,-2.378618,1.340436,2.189505,1.509525,0.014310,0.016096,0.014710,-0.014642,0.045412,0.029689,-0.037989
2025-12-16 18:26:20.781,0.151929,0.170487,0.059113,-2.378629,1.340476,2.189532,1.509483,0.014386,0.019627,0.014160,-0.015460,0.047228,0.031627,-0.039657
2025-12-16 18:26:20.782,0.151940,0.170504,0.059125,-2.378639,1.340518,2.189555,1.509445,0.012651,0.017142,0.016255,-0.013855,0.045570,0.027642,-0.039039
2025-12-16 18:26:20.785,0.151978,0.170553,0.059169,-2.378684,1.340639,2.189638,1.509336,0.010190,0.011979,0.014244,-0.015350,0.042646,0.030549,-0.038428
2025-12-16 18:26:20.786,0.151993,0.170579,0.059183,-2.378699,1.340681,2.189663,1.509297,0.011334,0.017242,0.016992,-0.014602,0.042127,0.027571,-0.039146
2025-12-16 18:26:20.788,0.152025,0.170620,0.059209,-2.378728,1.340760,2.189716,1.509230,0.011909,0.018001,0.017024,-0.013196,0.039699,0.023402,-0.036071
2025-12-16 18:26:20.789,0.152035,0.170634,0.059220,-2.378740,1.340800,2.189739,1.509190,0.011418,0.017913,0.015335,-0.011792,0.039128,0.021879,-0.036977
2025-12-16 18:26:20.791,0.152063,0.170672,0.059253,-2.378769,1.340878,2.189792,1.509108,0.012769,0.021262,0.016174,-0.012543,0.041251,0.025734,-0.038314
2025-12-16 18:26:20.792,0.152074,0.170690,0.059264,-2.378780,1.340921,2.189814,1.509072,0.012186,0.021662,0.014658,-0.009468,0.040865,0.027914,-0.036229
2025-12-16 18:26:20.793,0.152089,0.170709,0.059278,-2.378796,1.340964,2.189841,1.509033,0.012859,0.019469,0.014117,-0.010987,0.044786,0.026368,-0.041494
2025-12-16 18:26:20.794,0.152103,0.170730,0.059292,-2.378810,1.341007,2.189865,1.508988,0.013295,0.018351,0.014305,-0.011258,0.047849,0.024330,-0.042748
2025-12-16 18:26:20.796,0.152128,0.170770,0.059320,-2.378834,1.341093,2.189916,1.508916,0.015392,0.017993,0.010710,-0.013943,0.052046,0.026527,-0.030190
2025-12-16 18:26:20.797,0.152138,0.170789,0.059336,-2.378851,1.341134,2.189938,1.508883,0.013523,0.019719,0.011690,-0.014855,0.048415,0.028191,-0.031421
2025-12-16 18:26:20.799,0.152153,0.170812,0.059346,-2.378864,1.341177,2.189962,1.508838,0.013863,0.018544,0.010715,-0.014142,0.045044,0.030762,-0.035700
2025-12-16 18:26:20.800,0.152180,0.170853,0.059376,-2.378890,1.341267,2.190011,1.508770,0.013809,0.019871,0.011963,-0.009815,0.045869,0.026042,-0.034475
2025-12-16 18:26:20.803,0.152193,0.170874,0.059388,-2.378904,1.341312,2.190036,1.508734,0.013428,0.021697,0.011534,-0.010183,0.049058,0.029414,-0.034606
2025-12-16 18:26:20.804,0.152204,0.170896,0.059401,-2.378915,1.341352,2.190059,1.508694,0.012620,0.019328,0.011838,-0.010147,0.046147,0.026343,-0.036169
2025-12-16 18:26:20.805,0.152235,0.170937,0.059432,-2.378946,1.341439,2.190110,1.508618,0.013726,0.018615,0.013128,-0.013030,0.042116,0.022887,-0.036462
2025-12-16 18:26:20.806,0.152245,0.170957,0.059444,-2.378952,1.341479,2.190133,1.508585,0.015376,0.020137,0.012374,-0.010929,0.040627,0.021158,-0.035488
2025-12-16 18:26:20.808,0.152258,0.170982,0.059459,-2.378960,1.341524,2.190160,1.508547,0.017794,0.022353,0.012415,-0.009549,0.039940,0.025911,-0.036452
2025-12-16 18:26:20.810,0.152297,0.171042,0.059498,-2.379006,1.341653,2.190236,1.508436,0.013991,0.021296,0.008041,-0.015874,0.042926,0.024642,-0.032876
2025-12-16 18:26:20.812,0.152320,0.171083,0.059526,-2.379036,1.341739,2.190286,1.508358,0.013108,0.019930,0.010606,-0.009850,0.041371,0.022003,-0.031261
2025-12-16 18:26:20.813,0.152344,0.171126,0.059549,-2.379060,1.341825,2.190335,1.508289,0.012618,0.022735,0.010504,-0.010374,0.039908,0.027768,-0.027593
2025-12-16 18:26:20.815,0.152360,0.171146,0.059565,-2.379075,1.341868,2.190361,1.508254,0.013769,0.023291,0.011636,-0.011708,0.043996,0.026516,-0.030209
2025-12-16 18:26:20.816,0.152370,0.171173,0.059577,-2.379086,1.341907,2.190386,1.508217,0.012303,0.022281,0.014491,-0.011387,0.042063,0.024932,-0.032234
2025-12-16 18:26:20.817,0.152395,0.171210,0.059605,-2.379115,1.341990,2.190441,1.508144,0.011829,0.022939,0.013729,-0.012978,0.040737,0.026132,-0.034152
2025-12-16 18:26:20.818,0.152411,0.171237,0.059619,-2.379128,1.342027,2.190467,1.508107,0.016322,0.025143,0.013469,-0.012953,0.039593,0.023884,-0.034618
2025-12-16 18:26:20.819,0.152422,0.171257,0.059632,-2.379145,1.342066,2.190491,1.508069,0.018460,0.024258,0.013234,-0.013030,0.039137,0.026807,-0.035406
2025-12-16 18:26:20.820,0.152436,0.171279,0.059646,-2.379153,1.342103,2.190514,1.508027,0.013817,0.024995,0.013659,-0.007931,0.038413,0.024433,-0.037419
2025-12-16 18:26:20.821,0.152444,0.171299,0.059657,-2.379169,1.342145,2.190542,1.507989,0.012397,0.024343,0.012798,-0.007250,0.038262,0.024372,-0.038580
2025-12-16 18:26:20.823,0.152467,0.171344,0.059681,-2.379199,1.342222,2.190596,1.507919,0.011918,0.023314,0.009035,-0.010781,0.029691,0.022696,-0.036335
2025-12-16 18:26:20.824,0.152482,0.171366,0.059699,-2.379208,1.342263,2.190622,1.507879,0.012806,0.023565,0.011724,-0.010047,0.032710,0.025473,-0.037387
2025-12-16 18:26:20.827,0.152522,0.171426,0.059734,-2.379253,1.342376,2.190700,1.507769,0.009808,0.019068,0.013397,-0.014289,0.034800,0.029675,-0.028586
2025-12-16 18:26:20.830,0.152551,0.171469,0.059760,-2.379284,1.342454,2.190754,1.507686,0.011939,0.018949,0.010357,-0.011817,0.036367,0.029853,-0.035384
2025-12-16 18:26:20.831,0.152564,0.171493,0.059778,-2.379296,1.342493,2.190779,1.507651,0.011945,0.021098,0.012187,-0.011434,0.036815,0.031548,-0.034638
2025-12-16 18:26:20.832,0.152589,0.171529,0.059806,-2.379322,1.342568,2.190828,1.507585,0.012258,0.018115,0.013199,-0.011443,0.041256,0.026278,-0.034164
2025-12-16 18:26:20.833,0.152599,0.171546,0.059816,-2.379342,1.342607,2.190853,1.507546,0.011167,0.015540,0.012457,-0.016676,0.035789,0.028319,-0.036680
2025-12-16 18:26:20.834,0.152616,0.171572,0.059828,-2.379352,1.342644,2.190882,1.507508,0.013199,0.019322,0.012504,-0.015091,0.036085,0.031677,-0.037236
2025-12-16 18:26:20.835,0.152626,0.171594,0.059847,-2.379363,1.342682,2.190904,1.507472,0.011745,0.018158,0.014856,-0.013321,0.036630,0.027897,-0.037599
2025-12-16 18:26:20.837,0.152655,0.171634,0.059869,-2.379392,1.342758,2.190953,1.507397,0.011273,0.020742,0.013503,-0.014136,0.044932,0.023157,-0.038041
2025-12-16 18:26:20.839,0.152682,0.171679,0.059892,-2.379422,1.342834,2.191003,1.507322,0.015488,0.020545,0.012432,-0.014215,0.045202,0.026513,-0.037741
2025-12-16 18:26:20.840,0.152693,0.171699,0.059903,-2.379438,1.342875,2.191028,1.507292,0.014001,0.017823,0.011924,-0.014463,0.049120,0.030358,-0.035544
2025-12-16 18:26:20.842,0.152716,0.171740,0.059933,-2.379467,1.342954,2.191072,1.507211,0.013104,0.020979,0.016021,-0.014083,0.044698,0.024801,-0.038187
2025-12-16 18:26:20.843,0.152725,0.171757,0.059946,-2.379480,1.342990,2.191093,1.507171,0.012417,0.018175,0.015072,-0.012967,0.043321,0.022107,-0.038582
2025-12-16 18:26:20.844,0.152737,0.171779,0.059957,-2.379490,1.343027,2.191115,1.507137,0.012508,0.016804,0.013733,-0.011550,0.041808,0.022067,-0.036782
2025-12-16 18:26:20.845,0.152749,0.171801,0.059966,-2.379503,1.343066,2.191136,1.507105,0.012535,0.016448,0.012327,-0.011545,0.040978,0.020525,-0.035949
2025-12-16 18:26:20.847,0.152772,0.171841,0.059992,-2.379532,1.343133,2.191183,1.507025,0.009046,0.020048,0.011659,-0.015883,0.038308,0.020640,-0.038692
2025-12-16 18:26:20.848,0.152786,0.171860,0.060007,-2.379549,1.343167,2.191204,1.506989,0.010548,0.021292,0.013125,-0.019178,0.037963,0.020773,-0.037830
2025-12-16 18:26:20.849,0.152797,0.171883,0.060020,-2.379557,1.343198,2.191224,1.506961,0.007337,0.022638,0.012426,-0.015796,0.033259,0.020175,-0.035566
2025-12-16 18:26:20.851,0.152816,0.171921,0.060046,-2.379583,1.343264,2.191267,1.506889,0.008727,0.022657,0.015054,-0.014320,0.031595,0.023063,-0.034187
2025-12-16 18:26:20.852,0.152825,0.171941,0.060057,-2.379599,1.343300,2.191287,1.506849,0.008549,0.023351,0.013881,-0.017664,0.028438,0.021202,-0.031384
2025-12-16 18:26:20.853,0.152838,0.171962,0.060070,-2.379610,1.343336,2.191307,1.506818,0.006018,0.021211,0.012954,-0.015364,0.026732,0.020647,-0.026720
2025-12-16 18:26:20.854,0.152851,0.171984,0.060081,-2.379628,1.343372,2.191327,1.506787,0.005225,0.022119,0.011835,-0.015995,0.025350,0.024894,-0.028650
2025-12-16 18:26:20.855,0.152862,0.172007,0.060097,-2.379636,1.343404,2.191353,1.506753,0.006529,0.024082,0.016380,-0.013483,0.027617,0.024426,-0.030924
2025-12-16 18:26:20.856,0.152872,0.172025,0.060110,-2.379655,1.343439,2.191373,1.506713,0.008106,0.023025,0.015368,-0.014715,0.030678,0.022932,-0.034783
2025-12-16 18:26:20.858,0.152897,0.172066,0.060130,-2.379683,1.343505,2.191418,1.506660,0.010130,0.020825,0.014951,-0.015276,0.033536,0.020680,-0.034063
2025-12-16 18:26:20.859,0.152910,0.172084,0.060145,-2.379697,1.343538,2.191440,1.506629,0.010771,0.018148,0.015146,-0.017503,0.034250,0.020537,-0.034661
2025-12-16 18:26:20.860,0.152918,0.172105,0.060152,-2.379711,1.343571,2.191462,1.506591,0.010542,0.016811,0.012765,-0.015749,0.034717,0.025413,-0.036876
2025-12-16 18:26:20.861,0.152930,0.172123,0.060167,-2.379725,1.343605,2.191483,1.506557,0.008622,0.018240,0.013443,-0.018060,0.031128,0.023433,-0.033688
2025-12-16 18:26:20.864,0.152960,0.172181,0.060206,-2.379768,1.343709,2.191549,1.506469,0.013778,0.017726,0.014241,-0.017196,0.027531,0.021631,-0.030852
2025-12-16 18:26:20.865,0.152971,0.172203,0.060215,-2.379784,1.343742,2.191571,1.506431,0.012342,0.019561,0.012545,-0.016030,0.029706,0.020417,-0.040511
2025-12-16 18:26:20.866,0.152984,0.172222,0.060225,-2.379796,1.343776,2.191592,1.506405,0.012995,0.017850,0.015744,-0.014556,0.031809,0.019461,-0.032628
2025-12-16 18:26:20.867,0.152996,0.172242,0.060237,-2.379812,1.343810,2.191616,1.506373,0.012899,0.019524,0.014979,-0.014053,0.033714,0.019330,-0.028856
2025-12-16 18:26:20.868,0.153003,0.172257,0.060244,-2.379824,1.343845,2.191635,1.506344,0.011700,0.019748,0.013182,-0.012661,0.030263,0.018845,-0.030708
2025-12-16 18:26:20.870,0.153028,0.172294,0.060272,-2.379856,1.343918,2.191685,1.506274,0.010772,0.021838,0.011707,-0.009580,0.033975,0.019838,-0.034912
2025-12-16 18:26:20.871,0.153037,0.172310,0.060282,-2.379875,1.343955,2.191708,1.506239,0.010562,0.021488,0.011271,-0.014131,0.030129,0.023810,-0.031122
2025-12-16 18:26:20.873,0.153061,0.172348,0.060306,-2.379907,1.344025,2.191753,1.506171,0.012001,0.020350,0.012170,-0.015569,0.041050,0.021783,-0.033513
2025-12-16 18:26:20.874,0.153072,0.172364,0.060319,-2.379924,1.344058,2.191773,1.506133,0.012649,0.017905,0.012825,-0.016199,0.039340,0.025922,-0.036029
2025-12-16 18:26:20.875,0.153084,0.172382,0.060328,-2.379940,1.344096,2.191793,1.506092,0.010066,0.016087,0.009539,-0.018174,0.039318,0.023017,-0.036748
2025-12-16 18:26:20.877,0.153094,0.172402,0.060340,-2.379950,1.344135,2.191817,1.506065,0.009932,0.019013,0.010237,-0.015069,0.039262,0.022351,-0.033994
2025-12-16 18:26:20.878,0.153106,0.172416,0.060349,-2.379967,1.344171,2.191837,1.506027,0.011238,0.018625,0.013277,-0.015829,0.039265,0.026070,-0.035024
2025-12-16 18:26:20.879,0.153125,0.172453,0.060371,-2.380002,1.344244,2.191884,1.505942,0.010085,0.019796,0.012649,-0.014896,0.037897,0.023140,-0.038200
2025-12-16 18:26:20.880,0.153138,0.172470,0.060382,-2.380014,1.344281,2.191907,1.505910,0.011978,0.017997,0.012123,-0.013052,0.038510,0.026347,-0.035715
2025-12-16 18:26:20.881,0.153144,0.172487,0.060396,-2.380034,1.344318,2.191930,1.505874,0.010845,0.016555,0.013393,-0.017245,0.038273,0.025153,-0.035644
2025-12-16 18:26:20.884,0.153172,0.172539,0.060430,-2.380084,1.344428,2.191995,1.505749,0.012727,0.017520,0.009946,-0.017964,0.035451,0.024794,-0.039475
2025-12-16 18:26:20.885,0.153187,0.172559,0.060442,-2.380100,1.344465,2.192018,1.505720,0.014459,0.020295,0.007494,-0.017758,0.040359,0.023286,-0.035986
2025-12-16 18:26:20.886,0.153197,0.172575,0.060453,-2.380119,1.344503,2.192041,1.505685,0.013334,0.021389,0.008212,-0.017621,0.035948,0.022107,-0.036588
2025-12-16 18:26:20.887,0.153206,0.172591,0.060465,-2.380134,1.344538,2.192066,1.505648,0.015161,0.022783,0.009928,-0.016286,0.035771,0.026523,-0.036533
2025-12-16 18:26:20.889,0.153222,0.172604,0.060473,-2.380144,1.344576,2.192091,1.505602,0.012572,0.019467,0.009385,-0.014154,0.036262,0.024911,-0.039737
2025-12-16 18:26:20.890,0.153241,0.172638,0.060497,-2.380182,1.344653,2.192138,1.505534,0.011357,0.013308,0.010370,-0.015655,0.036858,0.027806,-0.036057
2025-12-16 18:26:20.891,0.153251,0.172653,0.060510,-2.380198,1.344686,2.192159,1.505497,0.014245,0.013519,0.010439,-0.014616,0.036300,0.024665,-0.031444
2025-12-16 18:26:20.892,0.153261,0.172677,0.060525,-2.380209,1.344726,2.192181,1.505455,0.013937,0.016212,0.011575,-0.011894,0.037472,0.023567,-0.030510
2025-12-16 18:26:20.893,0.153270,0.172686,0.060533,-2.380227,1.344762,2.192202,1.505418,0.013137,0.013246,0.010093,-0.012267,0.036807,0.020880,-0.027464
2025-12-16 18:26:20.895,0.153292,0.172720,0.060561,-2.380260,1.344835,2.192251,1.505354,0.012635,0.018575,0.011477,-0.011633,0.037035,0.021413,-0.030427
2025-12-16 18:26:20.899,0.153333,0.172788,0.060610,-2.380324,1.344986,2.192344,1.505220,0.009255,0.018268,0.011093,-0.018548,0.037832,0.027788,-0.031065
2025-12-16 18:26:20.900,0.153346,0.172807,0.060626,-2.380340,1.345023,2.192369,1.505190,0.008209,0.018427,0.009548,-0.017074,0.042584,0.024779,-0.028078
2025-12-16 18:26:20.902,0.153370,0.172839,0.060652,-2.380377,1.345091,2.192414,1.505117,0.009816,0.014641,0.012008,-0.019288,0.045004,0.022274,-0.031450
2025-12-16 18:26:20.903,0.153383,0.172856,0.060661,-2.380388,1.345127,2.192438,1.505091,0.010541,0.014401,0.011003,-0.015005,0.042954,0.021401,-0.031495
2025-12-16 18:26:20.904,0.153393,0.172867,0.060675,-2.380405,1.345165,2.192462,1.505068,0.011041,0.013765,0.012000,-0.014195,0.041701,0.020704,-0.031259
2025-12-16 18:26:20.905,0.153402,0.172886,0.060688,-2.380423,1.345203,2.192485,1.505040,0.010314,0.014492,0.012152,-0.014675,0.036015,0.024920,-0.032607
2025-12-16 18:26:20.906,0.153414,0.172901,0.060701,-2.380441,1.345242,2.192509,1.505011,0.008392,0.014403,0.012263,-0.017895,0.036893,0.023381,-0.029539
2025-12-16 18:26:20.908,0.153442,0.172928,0.060727,-2.380479,1.345321,2.192557,1.504947,0.011845,0.016374,0.012593,-0.018788,0.041370,0.021406,-0.033049
2025-12-16 18:26:20.909,0.153450,0.172941,0.060739,-2.380493,1.345360,2.192581,1.504919,0.010663,0.015158,0.009429,-0.019196,0.035974,0.025371,-0.029158
2025-12-16 18:26:20.910,0.153459,0.172952,0.060753,-2.380516,1.345397,2.192607,1.504885,0.010589,0.016366,0.009654,-0.021997,0.035987,0.024217,-0.032077
2025-12-16 18:26:20.911,0.153473,0.172970,0.060768,-2.380529,1.345434,2.192631,1.504852,0.011713,0.016574,0.010981,-0.021576,0.035858,0.027497,-0.034636
2025-12-16 18:26:20.913,0.153483,0.172986,0.060782,-2.380550,1.345475,2.192653,1.504818,0.011366,0.016065,0.011900,-0.023167,0.037395,0.024902,-0.031391
2025-12-16 18:26:20.914,0.153507,0.173009,0.060805,-2.380582,1.345549,2.192696,1.504766,0.011188,0.013150,0.010723,-0.019970,0.036747,0.021325,-0.032460
2025-12-16 18:26:20.915,0.153521,0.173026,0.060820,-2.380597,1.345591,2.192720,1.504732,0.012713,0.013654,0.011922,-0.016656,0.037303,0.025614,-0.029791
2025-12-16 18:26:20.916,0.153534,0.173036,0.060837,-2.380621,1.345630,2.192741,1.504696,0.015270,0.012703,0.015808,-0.018111,0.037078,0.024283,-0.033950
2025-12-16 18:26:20.918,0.153545,0.173046,0.060849,-2.380636,1.345671,2.192764,1.504674,0.014041,0.012051,0.013727,-0.017767,0.033246,0.022857,-0.032623
2025-12-16 18:26:20.919,0.153571,0.173068,0.060877,-2.380673,1.345751,2.192807,1.504612,0.015685,0.011340,0.019092,-0.020531,0.038396,0.021330,-0.027306
2025-12-16 18:26:20.920,0.153581,0.173077,0.060892,-2.380693,1.345792,2.192830,1.504579,0.013127,0.011224,0.017553,-0.017705,0.037920,0.020297,-0.031434
2025-12-16 18:26:20.921,0.153594,0.173093,0.060907,-2.380712,1.345831,2.192851,1.504551,0.013199,0.012148,0.015802,-0.017214,0.042688,0.020295,-0.032324
2025-12-16 18:26:20.922,0.153613,0.173097,0.060923,-2.380735,1.345873,2.192875,1.504527,0.014271,0.009990,0.015055,-0.019678,0.041472,0.024869,-0.031927
2025-12-16 18:26:20.924,0.153636,0.173117,0.060957,-2.380774,1.345952,2.192918,1.504467,0.012776,0.010471,0.014017,-0.018972,0.043178,0.017508,-0.027622
2025-12-16 18:26:20.925,0.153645,0.173128,0.060967,-2.380791,1.345997,2.192943,1.504433,0.011580,0.011598,0.011354,-0.016144,0.042790,0.018518,-0.026920
2025-12-16 18:26:20.926,0.153660,0.173140,0.060986,-2.380808,1.346035,2.192963,1.504408,0.011947,0.011887,0.012989,-0.017658,0.045566,0.018178,-0.027503
2025-12-16 18:26:20.928,0.153687,0.173157,0.061019,-2.380850,1.346113,2.193010,1.504350,0.011546,0.007022,0.015288,-0.023265,0.046315,0.018152,-0.027190
2025-12-16 18:26:20.929,0.153699,0.173160,0.061037,-2.380874,1.346154,2.193035,1.504310,0.010722,0.005615,0.014691,-0.025100,0.044833,0.022473,-0.027645
2025-12-16 18:26:20.930,0.153715,0.173176,0.061051,-2.380890,1.346196,2.193060,1.504287,0.011356,0.009492,0.013002,-0.023548,0.047709,0.026638,-0.027728
2025-12-16 18:26:20.931,0.153731,0.173183,0.061073,-2.380912,1.346238,2.193083,1.504256,0.012426,0.009086,0.017393,-0.024781,0.045974,0.029000,-0.025313
2025-12-16 18:26:20.933,0.153758,0.173197,0.061103,-2.380954,1.346315,2.193140,1.504191,0.011519,0.008920,0.013914,-0.026001,0.041211,0.030876,-0.027793
2025-12-16 18:26:20.934,0.153776,0.173205,0.061119,-2.380971,1.346357,2.193166,1.504159,0.015627,0.009399,0.013692,-0.021383,0.040380,0.031663,-0.030149
2025-12-16 18:26:20.935,0.153788,0.173215,0.061141,-2.380994,1.346400,2.193195,1.504131,0.017449,0.010298,0.014665,-0.019911,0.039764,0.028385,-0.031257
2025-12-16 18:26:20.936,0.153805,0.173222,0.061156,-2.381014,1.346441,2.193220,1.504101,0.016825,0.009887,0.013454,-0.018217,0.044248,0.029816,-0.027513
2025-12-16 18:26:20.937,0.153821,0.173232,0.061176,-2.381034,1.346483,2.193249,1.504068,0.016397,0.010168,0.014465,-0.019421,0.047390,0.027133,-0.031201
2025-12-16 18:26:20.938,0.153835,0.173238,0.061197,-2.381059,1.346527,2.193276,1.504036,0.015869,0.009735,0.015685,-0.022659,0.050061,0.030134,-0.033849
2025-12-16 18:26:20.940,0.153854,0.173248,0.061213,-2.381072,1.346565,2.193308,1.504008,0.016170,0.007515,0.014702,-0.017516,0.046549,0.027669,-0.034085
2025-12-16 18:26:20.941,0.153867,0.173259,0.061227,-2.381095,1.346607,2.193337,1.503986,0.015644,0.009487,0.010890,-0.020234,0.044363,0.025369,-0.028183
2025-12-16 18:26:20.943,0.153912,0.173290,0.061275,-2.381160,1.346738,2.193420,1.503899,0.015199,0.008923,0.016956,-0.021537,0.048422,0.024401,-0.028099
2025-12-16 18:26:20.944,0.153928,0.173295,0.061297,-2.381178,1.346779,2.193453,1.503874,0.016122,0.007365,0.018777,-0.018776,0.049832,0.032546,-0.024681
2025-12-16 18:26:20.946,0.153938,0.173305,0.061316,-2.381199,1.346823,2.193481,1.503844,0.014390,0.008702,0.017475,-0.020432,0.046872,0.029504,-0.023777
2025-12-16 18:26:20.947,0.153970,0.173326,0.061353,-2.381243,1.346911,2.193543,1.503780,0.012375,0.007455,0.017321,-0.018454,0.047295,0.028587,-0.026963
2025-12-16 18:26:20.948,0.153987,0.173339,0.061370,-2.381259,1.346957,2.193570,1.503758,0.013943,0.009336,0.017027,-0.018579,0.045613,0.025717,-0.022613
2025-12-16 18:26:20.949,0.154001,0.173348,0.061383,-2.381276,1.346997,2.193596,1.503736,0.013866,0.005874,0.012470,-0.017180,0.046969,0.027620,-0.020643
2025-12-16 18:26:20.950,0.154019,0.173357,0.061402,-2.381295,1.347041,2.193625,1.503702,0.015031,0.006986,0.013506,-0.016187,0.044213,0.030130,-0.027317
2025-12-16 18:26:20.952,0.154054,0.173380,0.061439,-2.381340,1.347137,2.193681,1.503643,0.012498,0.008020,0.018257,-0.019567,0.046114,0.032988,-0.030603
2025-12-16 18:26:20.953,0.154071,0.173392,0.061453,-2.381359,1.347183,2.193713,1.503617,0.013398,0.009001,0.015964,-0.020853,0.043648,0.029459,-0.031309
2025-12-16 18:26:20.954,0.154084,0.173401,0.061472,-2.381376,1.347229,2.193743,1.503582,0.012883,0.008684,0.016733,-0.021468,0.047602,0.027170,-0.028993
2025-12-16 18:26:20.956,0.154117,0.173430,0.061509,-2.381409,1.347321,2.193801,1.503517,0.016035,0.014867,0.018836,-0.017861,0.047224,0.026874,-0.030959
2025-12-16 18:26:20.957,0.154130,0.173440,0.061527,-2.381429,1.347364,2.193831,1.503496,0.014965,0.017750,0.017719,-0.019889,0.049271,0.029923,-0.025240
2025-12-16 18:26:20.958,0.154145,0.173451,0.061545,-2.381448,1.347406,2.193857,1.503467,0.014847,0.016392,0.016780,-0.021350,0.046080,0.030854,-0.022648
2025-12-16 18:26:20.959,0.154161,0.173460,0.061562,-2.381465,1.347449,2.193880,1.503432,0.015250,0.014781,0.014938,-0.022102,0.043448,0.027189,-0.027394
2025-12-16 18:26:20.960,0.154175,0.173474,0.061582,-2.381485,1.347494,2.193911,1.503393,0.013853,0.014794,0.015397,-0.019408,0.042789,0.031003,-0.032857
2025-12-16 18:26:20.961,0.154194,0.173482,0.061597,-2.381505,1.347536,2.193937,1.503368,0.014570,0.013530,0.016564,-0.020939,0.041133,0.028252,-0.027644
2025-12-16 18:26:20.963,0.154202,0.173501,0.061615,-2.381522,1.347579,2.193963,1.503338,0.012243,0.016265,0.016135,-0.018418,0.040344,0.026212,-0.029505
2025-12-16 18:26:20.964,0.154221,0.173509,0.061632,-2.381542,1.347624,2.193993,1.503305,0.012886,0.014387,0.017773,-0.020244,0.044966,0.029978,-0.031560
2025-12-16 18:26:20.965,0.154236,0.173519,0.061649,-2.381561,1.347664,2.194015,1.503275,0.012774,0.013290,0.015848,-0.021568,0.042089,0.030436,-0.033019
2025-12-16 18:26:20.966,0.154252,0.173531,0.061668,-2.381576,1.347709,2.194044,1.503237,0.015510,0.013020,0.018883,-0.018952,0.041330,0.027890,-0.035970
2025-12-16 18:26:20.969,0.154266,0.173547,0.061685,-2.381595,1.347750,2.194067,1.503213,0.017294,0.014660,0.019190,-0.016758,0.039637,0.024818,-0.029490
2025-12-16 18:26:20.970,0.154281,0.173561,0.061702,-2.381609,1.347794,2.194097,1.503181,0.018768,0.014408,0.017082,-0.014758,0.039535,0.024466,-0.031554
2025-12-16 18:26:20.971,0.154295,0.173571,0.061722,-2.381629,1.347841,2.194120,1.503149,0.016843,0.013803,0.019205,-0.014836,0.044193,0.022205,-0.032788
2025-12-16 18:26:20.972,0.154348,0.173614,0.061789,-2.381712,1.348015,2.194225,1.503017,0.013859,0.013650,0.022476,-0.016888,0.042336,0.026673,-0.034429
2025-12-16 18:26:20.973,0.154363,0.173631,0.061808,-2.381728,1.348055,2.194251,1.502978,0.010585,0.018121,0.020100,-0.017738,0.041309,0.024319,-0.037279
2025-12-16 18:26:20.974,0.154380,0.173637,0.061824,-2.381751,1.348101,2.194277,1.502942,0.012341,0.015313,0.018288,-0.017035,0.040391,0.023273,-0.038073
2025-12-16 18:26:20.976,0.154392,0.173649,0.061843,-2.381764,1.348141,2.194297,1.502910,0.014318,0.015067,0.020706,-0.013641,0.039864,0.020653,-0.037266
2025-12-16 18:26:20.977,0.154408,0.173662,0.061857,-2.381791,1.348184,2.194327,1.502881,0.014602,0.015586,0.021097,-0.018512,0.039651,0.025864,-0.035860
2025-12-16 18:26:20.978,0.154437,0.173682,0.061891,-2.381830,1.348265,2.194378,1.502806,0.011353,0.013276,0.018261,-0.018996,0.038757,0.027104,-0.038965
2025-12-16 18:26:20.979,0.154449,0.173690,0.061908,-2.381853,1.348311,2.194407,1.502772,0.008453,0.012325,0.017883,-0.018463,0.039546,0.029705,-0.038557
2025-12-16 18:26:20.981,0.154465,0.173707,0.061920,-2.381873,1.348350,2.194433,1.502743,0.009984,0.014822,0.015325,-0.019388,0.038635,0.032061,-0.036762
2025-12-16 18:26:20.982,0.154486,0.173725,0.061954,-2.381919,1.348433,2.194486,1.502678,0.010988,0.012328,0.015868,-0.020851,0.037365,0.029601,-0.034418
2025-12-16 18:26:20.983,0.154500,0.173734,0.061969,-2.381939,1.348474,2.194507,1.502644,0.012130,0.011775,0.014903,-0.021257,0.038230,0.026025,-0.035868
2025-12-16 18:26:20.984,0.154519,0.173750,0.061985,-2.381960,1.348518,2.194536,1.502611,0.011341,0.011215,0.015967,-0.022724,0.033993,0.029630,-0.031342
2025-12-16 18:26:20.985,0.154530,0.173756,0.061994,-2.381981,1.348555,2.194557,1.502583,0.011414,0.007054,0.013702,-0.023858,0.033821,0.025465,-0.031134
2025-12-16 18:26:20.986,0.154545,0.173766,0.062010,-2.382004,1.348595,2.194583,1.502547,0.012658,0.005291,0.014590,-0.025326,0.035258,0.024261,-0.029221
2025-12-16 18:26:20.988,0.154556,0.173778,0.062021,-2.382027,1.348637,2.194605,1.502515,0.011832,0.010250,0.013404,-0.026547,0.040999,0.022215,-0.031571
2025-12-16 18:26:20.989,0.154585,0.173800,0.062055,-2.382071,1.348711,2.194655,1.502452,0.013543,0.011752,0.014456,-0.026461,0.039386,0.021725,-0.024645
2025-12-16 18:26:20.990,0.154594,0.173811,0.062071,-2.382091,1.348748,2.194675,1.502420,0.012564,0.009317,0.018219,-0.022737,0.043416,0.020963,-0.027335
2025-12-16 18:26:20.991,0.154606,0.173822,0.062085,-2.382109,1.348785,2.194694,1.502387,0.012529,0.010514,0.016069,-0.019680,0.041458,0.020028,-0.029978
2025-12-16 18:26:20.992,0.154622,0.173829,0.062098,-2.382135,1.348824,2.194717,1.502350,0.010560,0.009808,0.015661,-0.022776,0.041888,0.019726,-0.033975
2025-12-16 18:26:20.993,0.154636,0.173842,0.062108,-2.382153,1.348855,2.194737,1.502320,0.012053,0.011545,0.014235,-0.023256,0.039870,0.019500,-0.029461
2025-12-16 18:26:20.994,0.154648,0.173847,0.062124,-2.382177,1.348890,2.194760,1.502294,0.011971,0.008026,0.014892,-0.024876,0.039623,0.019509,-0.030037
2025-12-16 18:26:20.996,0.154659,0.173862,0.062137,-2.382195,1.348925,2.194777,1.502265,0.011984,0.010343,0.014217,-0.024165,0.038596,0.014639,-0.027288
2025-12-16 18:26:20.997,0.154687,0.173882,0.062162,-2.382236,1.348994,2.194820,1.502196,0.013138,0.008256,0.013571,-0.021695,0.038587,0.016684,-0.030113
2025-12-16 18:26:20.998,0.154696,0.173889,0.062171,-2.382254,1.349025,2.194838,1.502175,0.009179,0.008594,0.012719,-0.019499,0.038714,0.016820,-0.029332
2025-12-16 18:26:20.999,0.154711,0.173901,0.062184,-2.382274,1.349055,2.194858,1.502143,0.011102,0.010126,0.012136,-0.018328,0.033709,0.017660,-0.027916
2025-12-16 18:26:21.000,0.154716,0.173911,0.062197,-2.382290,1.349087,2.194876,1.502115,0.009592,0.010703,0.012872,-0.015763,0.034815,0.017535,-0.025210
2025-12-16 18:26:21.001,0.154724,0.173922,0.062213,-2.382315,1.349118,2.194891,1.502079,0.009938,0.011618,0.014001,-0.016142,0.035841,0.017515,-0.030983
2025-12-16 18:26:21.003,0.154740,0.173928,0.062223,-2.382330,1.349145,2.194911,1.502055,0.011893,0.010585,0.012860,-0.017943,0.030835,0.018164,-0.025903
2025-12-16 18:26:21.004,0.154752,0.173939,0.062234,-2.382345,1.349175,2.194928,1.502030,0.015152,0.012273,0.012220,-0.015977,0.028208,0.017970,-0.024127
2025-12-16 18:26:21.005,0.154775,0.173962,0.062257,-2.382385,1.349231,2.194970,1.501970,0.013978,0.013294,0.012424,-0.012712,0.032266,0.014624,-0.031423
2025-12-16 18:26:21.006,0.154787,0.173971,0.062268,-2.382400,1.349259,2.194987,1.501941,0.014187,0.012964,0.011922,-0.015450,0.028620,0.015930,-0.028404
2025-12-16 18:26:21.007,0.154793,0.173981,0.062282,-2.382413,1.349286,2.195005,1.501919,0.012488,0.009651,0.009555,-0.016153,0.031236,0.016510,-0.024440
2025-12-16 18:26:21.008,0.154805,0.173989,0.062293,-2.382433,1.349309,2.195025,1.501895,0.012571,0.009770,0.010246,-0.019688,0.027722,0.012706,-0.026782
2025-12-16 18:26:21.009,0.154812,0.174002,0.062307,-2.382449,1.349337,2.195043,1.501867,0.011512,0.011706,0.011381,-0.018054,0.030213,0.013788,-0.025956
2025-12-16 18:26:21.011,0.154825,0.174010,0.062312,-2.382464,1.349362,2.195062,1.501838,0.013034,0.011192,0.010514,-0.016004,0.027370,0.015008,-0.030199
2025-12-16 18:26:21.012,0.154833,0.174019,0.062321,-2.382481,1.349388,2.195078,1.501809,0.009207,0.008388,0.007296,-0.015664,0.030573,0.014854,-0.027584
2025-12-16 18:26:21.013,0.154849,0.174044,0.062343,-2.382512,1.349437,2.195115,1.501763,0.006550,0.005918,0.010381,-0.014393,0.030393,0.017513,-0.021684
2025-12-16 18:26:21.014,0.154858,0.174056,0.062351,-2.382526,1.349460,2.195133,1.501729,0.008193,0.008020,0.007124,-0.016551,0.031812,0.018522,-0.024305
2025-12-16 18:26:21.015,0.154870,0.174066,0.062360,-2.382544,1.349485,2.195150,1.501708,0.006863,0.008932,0.008511,-0.016262,0.028856,0.018101,-0.021631
2025-12-16 18:26:21.016,0.154876,0.174076,0.062374,-2.382557,1.349505,2.195162,1.501687,0.007083,0.006623,0.010213,-0.015717,0.030768,0.017148,-0.019806
2025-12-16 18:26:21.017,0.154884,0.174084,0.062380,-2.382572,1.349531,2.195178,1.501670,0.007984,0.007476,0.006977,-0.018062,0.032452,0.017956,-0.017434
2025-12-16 18:26:21.018,0.154895,0.174093,0.062391,-2.382582,1.349552,2.195192,1.501637,0.006654,0.008760,0.008427,-0.015430,0.029039,0.018184,-0.020810
2025-12-16 18:26:21.019,0.154904,0.174105,0.062396,-2.382596,1.349577,2.195207,1.501617,0.005017,0.009632,0.008380,-0.015247,0.031530,0.018331,-0.025022
2025-12-16 18:26:21.020,0.154912,0.174116,0.062407,-2.382615,1.349595,2.195223,1.501592,0.003224,0.009815,0.010084,-0.018964,0.027715,0.019124,-0.027719
2025-12-16 18:26:21.021,0.154922,0.174126,0.062411,-2.382623,1.349617,2.195235,1.501570,0.003033,0.013587,0.006474,-0.018705,0.025221,0.014289,-0.024358
2025-12-16 18:26:21.023,0.154925,0.174133,0.062421,-2.382639,1.349639,2.195249,1.501548,0.004305,0.012154,0.011812,-0.021308,0.024314,0.011053,-0.027146
2025-12-16 18:26:21.024,0.154931,0.174141,0.062430,-2.382652,1.349659,2.195264,1.501526,0.006384,0.008032,0.008886,-0.018962,0.021930,0.013299,-0.025473
2025-12-16 18:26:21.025,0.154938,0.174158,0.062436,-2.382662,1.349678,2.195274,1.501495,0.008009,0.011733,0.008622,-0.016363,0.025582,0.009533,-0.026632
2025-12-16 18:26:21.026,0.154946,0.174170,0.062457,-2.382689,1.349720,2.195296,1.501458,0.004127,0.008616,0.008740,-0.015262,0.023583,0.012894,-0.020103
2025-12-16 18:26:21.027,0.154948,0.174181,0.062464,-2.382700,1.349735,2.195309,1.501434,0.002592,0.006708,0.005932,-0.014502,0.022041,0.014638,-0.024582
2025-12-16 18:26:21.028,0.154957,0.174193,0.062469,-2.382716,1.349757,2.195322,1.501403,0.006911,0.008337,0.007592,-0.014455,0.022541,0.011755,-0.030343
2025-12-16 18:26:21.030,0.154962,0.174210,0.062486,-2.382739,1.349790,2.195347,1.501364,0.002736,0.009237,0.007009,-0.013822,0.019925,0.010323,-0.023171
2025-12-16 18:26:21.031,0.154967,0.174227,0.062491,-2.382750,1.349806,2.195363,1.501341,0.003302,0.010838,0.007823,-0.009774,0.019011,0.013003,-0.022222
2025-12-16 18:26:21.032,0.154968,0.174238,0.062494,-2.382763,1.349823,2.195370,1.501314,0.002406,0.013810,0.007830,-0.010406,0.018348,0.013270,-0.027276
2025-12-16 18:26:21.033,0.154970,0.174246,0.062503,-2.382775,1.349839,2.195380,1.501284,0.002314,0.012490,0.007753,-0.007820,0.018513,0.014664,-0.027265
2025-12-16 18:26:21.034,0.154972,0.174254,0.062511,-2.382786,1.349859,2.195391,1.501267,0.002214,0.008881,0.009452,-0.009161,0.019324,0.011393,-0.022762
2025-12-16 18:26:21.035,0.154977,0.174266,0.062515,-2.382796,1.349874,2.195401,1.501243,0.002768,0.009988,0.009598,-0.009376,0.018833,0.013193,-0.021802
2025-12-16 18:26:21.036,0.154976,0.174278,0.062525,-2.382809,1.349888,2.195412,1.501223,0.001353,0.010747,0.008947,-0.010348,0.018834,0.010596,-0.024340
2025-12-16 18:26:21.037,0.154975,0.174287,0.062528,-2.382820,1.349903,2.195424,1.501189,0.000301,0.010618,0.005903,-0.010844,0.018955,0.007507,-0.026229
2025-12-16 18:26:21.039,0.154978,0.174297,0.062532,-2.382833,1.349914,2.195432,1.501171,0.001443,0.010646,0.004377,-0.011751,0.014225,0.004532,-0.022350
2025-12-16 18:26:21.040,0.154982,0.174308,0.062538,-2.382846,1.349928,2.195445,1.501143,0.001546,0.010632,0.006395,-0.012070,0.015392,0.004566,-0.026547
2025-12-16 18:26:21.041,0.154981,0.174322,0.062544,-2.382853,1.349939,2.195454,1.501124,0.000495,0.012347,0.008577,-0.007825,0.016705,0.003388,-0.022411
2025-12-16 18:26:21.042,0.154985,0.174338,0.062547,-2.382875,1.349970,2.195473,1.501063,0.000613,0.010459,0.006890,-0.010010,0.013194,0.001533,-0.028121
2025-12-16 18:26:21.043,0.154986,0.174350,0.062552,-2.382886,1.349981,2.195483,1.501040,0.000417,0.011161,0.005776,-0.010271,0.013867,0.005063,-0.024930
2025-12-16 18:26:21.044,0.154986,0.174358,0.062555,-2.382896,1.349995,2.195496,1.501024,0.000285,0.010420,0.004320,-0.010493,0.015148,0.004617,-0.021536
2025-12-16 18:26:21.045,0.154983,0.174371,0.062557,-2.382905,1.350003,2.195503,1.500996,-0.000919,0.008635,0.002676,-0.010372,0.015060,0.003450,-0.026382
2025-12-16 18:26:21.046,0.154987,0.174383,0.062563,-2.382917,1.350013,2.195514,1.500966,-0.000052,0.006535,0.003254,-0.011149,0.016067,0.003291,-0.021614
2025-12-16 18:26:21.048,0.154984,0.174393,0.062563,-2.382926,1.350028,2.195524,1.500945,-0.001239,0.008055,0.001161,-0.011176,0.012793,0.002776,-0.024757
2025-12-16 18:26:21.049,0.154986,0.174403,0.062566,-2.382939,1.350040,2.195535,1.500925,-0.000174,0.008563,0.004055,-0.012739,0.008904,0.006996,-0.021825
2025-12-16 18:26:21.050,0.154989,0.174411,0.062566,-2.382947,1.350053,2.195545,1.500901,-0.000114,0.007829,0.002519,-0.011598,0.012228,0.010127,-0.021241
2025-12-16 18:26:21.051,0.154989,0.174439,0.062569,-2.382964,1.350078,2.195562,1.500841,-0.000420,0.011344,0.003322,-0.007719,0.009387,0.005104,-0.027124
2025-12-16 18:26:21.052,0.154988,0.174453,0.062570,-2.382972,1.350092,2.195566,1.500824,-0.000929,0.012284,0.002569,-0.008648,0.012804,0.003085,-0.023550
2025-12-16 18:26:21.053,0.154990,0.174465,0.062576,-2.382983,1.350105,2.195574,1.500801,0.000031,0.012875,0.003092,-0.010227,0.014389,0.003124,-0.025638
2025-12-16 18:26:21.054,0.154986,0.174476,0.062575,-2.382993,1.350118,2.195582,1.500771,-0.001186,0.012164,0.001703,-0.010182,0.011413,0.002323,-0.025815
2025-12-16 18:26:21.055,0.154990,0.174488,0.062573,-2.383004,1.350130,2.195587,1.500748,0.000416,0.012716,0.001285,-0.007713,0.012891,0.006042,-0.024605
2025-12-16 18:26:21.056,0.154991,0.174498,0.062575,-2.383013,1.350146,2.195593,1.500728,0.000835,0.012078,0.001525,-0.009668,0.010292,0.004927,-0.021949
2025-12-16 18:26:21.057,0.154988,0.174510,0.062575,-2.383022,1.350156,2.195594,1.500706,-0.000650,0.012722,0.000544,-0.010294,0.011914,0.002221,-0.019732
2025-12-16 18:26:21.058,0.154984,0.174522,0.062574,-2.383030,1.350170,2.195602,1.500676,-0.001547,0.012655,-0.000131,-0.010441,0.013966,0.006726,-0.025845
2025-12-16 18:26:21.060,0.154986,0.174534,0.062572,-2.383039,1.350181,2.195609,1.500650,-0.000474,0.013180,-0.000690,-0.011122,0.010435,0.005491,-0.029373
2025-12-16 18:26:21.061,0.154988,0.174546,0.062574,-2.383047,1.350192,2.195616,1.500627,0.000241,0.012922,0.000225,-0.007812,0.011869,0.004849,-0.026368
2025-12-16 18:26:21.062,0.154984,0.174562,0.062570,-2.383056,1.350209,2.195620,1.500608,-0.000953,0.016854,-0.001030,-0.009296,0.009922,0.003216,-0.022634
2025-12-16 18:26:21.063,0.154983,0.174571,0.062572,-2.383061,1.350219,2.195626,1.500581,-0.001192,0.015114,-0.000110,-0.006412,0.007044,0.007364,-0.027633
2025-12-16 18:26:21.064,0.154979,0.174585,0.062574,-2.383070,1.350230,2.195625,1.500556,-0.002001,0.014911,-0.000058,-0.005410,0.005612,0.004780,-0.025778
2025-12-16 18:26:21.066,0.154977,0.174602,0.062572,-2.383078,1.350240,2.195629,1.500528,-0.001891,0.016574,-0.001141,-0.007621,0.004174,0.004708,-0.025436
2025-12-16 18:26:21.067,0.154979,0.174622,0.062572,-2.383095,1.350263,2.195634,1.500487,-0.001397,0.014107,0.003251,-0.007830,0.010200,0.002557,-0.024003
2025-12-16 18:26:21.068,0.154972,0.174636,0.062567,-2.383100,1.350276,2.195633,1.500461,-0.003901,0.011617,0.004024,-0.008550,0.012369,0.001516,-0.023456
2025-12-16 18:26:21.069,0.154971,0.174666,0.062567,-2.383113,1.350301,2.195636,1.500418,-0.002693,0.014041,0.000890,-0.007538,0.011986,0.001830,-0.020764
2025-12-16 18:26:21.070,0.154970,0.174675,0.062569,-2.383118,1.350311,2.195634,1.500402,-0.003002,0.010284,0.000380,-0.005570,0.013677,0.000586,-0.018882
2025-12-16 18:26:21.071,0.154969,0.174689,0.062567,-2.383126,1.350323,2.195635,1.500378,0.000608,0.011190,-0.001902,-0.005328,0.010920,0.000788,-0.019618
2025-12-16 18:26:21.072,0.154966,0.174698,0.062567,-2.383132,1.350332,2.195636,1.500350,-0.001094,0.010821,0.000958,-0.003858,0.007785,0.000942,-0.022051
2025-12-16 18:26:21.074,0.154964,0.174707,0.062567,-2.383137,1.350347,2.195635,1.500333,-0.002295,0.011108,-0.000161,-0.003359,0.011165,0.000288,-0.015291
2025-12-16 18:26:21.075,0.154963,0.174738,0.062570,-2.383148,1.350368,2.195635,1.500299,-0.002759,0.011409,0.003921,-0.004451,0.009908,0.000038,-0.016717
2025-12-16 18:26:21.076,0.154965,0.174748,0.062572,-2.383154,1.350382,2.195636,1.500268,0.000319,0.008364,0.005191,-0.003811,0.008468,0.000412,-0.020199
2025-12-16 18:26:21.077,0.154965,0.174763,0.062574,-2.383161,1.350390,2.195638,1.500253,-0.000665,0.011053,0.006232,-0.003963,0.005660,0.001031,-0.022448
2025-12-16 18:26:21.078,0.154962,0.174776,0.062577,-2.383164,1.350403,2.195639,1.500237,-0.002517,0.012386,0.004413,-0.002154,0.004268,0.001034,-0.020510
2025-12-16 18:26:21.080,0.154963,0.174784,0.062577,-2.383172,1.350410,2.195644,1.500220,-0.002050,0.010975,0.004913,-0.002763,0.007876,0.001068,-0.020511
2025-12-16 18:26:21.081,0.154967,0.174811,0.062579,-2.383179,1.350433,2.195649,1.500182,0.001105,0.009650,0.001438,-0.000614,0.007977,0.000481,-0.015584
2025-12-16 18:26:21.082,0.154965,0.174824,0.062583,-2.383186,1.350446,2.195645,1.500167,-0.000127,0.011365,0.001363,-0.004601,0.010657,0.004865,-0.015253
2025-12-16 18:26:21.083,0.154964,0.174836,0.062580,-2.383188,1.350455,2.195649,1.500154,-0.000941,0.011399,0.000005,-0.002801,0.012368,0.004027,-0.015612
2025-12-16 18:26:21.084,0.154973,0.174850,0.062584,-2.383191,1.350466,2.195653,1.500133,0.004482,0.009079,0.000788,-0.002085,0.009646,0.002993,-0.018419
2025-12-16 18:26:21.086,0.154974,0.174863,0.062589,-2.383195,1.350476,2.195652,1.500118,0.003396,0.010364,0.001902,-0.004361,0.011905,0.001515,-0.018717
2025-12-16 18:26:21.087,0.154972,0.174877,0.062589,-2.383205,1.350499,2.195656,1.500092,0.002159,0.009378,0.000841,-0.003247,0.011695,0.005206,-0.013230
2025-12-16 18:26:21.088,0.154975,0.174894,0.062593,-2.383208,1.350510,2.195660,1.500082,0.002725,0.012018,0.001839,-0.002365,0.008741,0.003957,-0.014276
2025-12-16 18:26:21.089,0.154980,0.174906,0.062595,-2.383209,1.350520,2.195663,1.500062,0.003152,0.012602,0.001837,-0.001727,0.006535,0.002629,-0.017610
2025-12-16 18:26:21.091,0.154983,0.174930,0.062600,-2.383217,1.350544,2.195673,1.500046,0.002095,0.012331,0.002049,-0.002320,0.012121,0.001680,-0.012572
2025-12-16 18:26:21.092,0.154984,0.174945,0.062603,-2.383214,1.350557,2.195678,1.500036,0.002008,0.013008,0.002502,-0.000403,0.009075,0.005071,-0.009174
2025-12-16 18:26:21.093,0.154990,0.174947,0.062607,-2.383218,1.350568,2.195683,1.500024,0.003142,0.009224,0.002892,-0.001523,0.006796,0.008219,-0.006592
2025-12-16 18:26:21.094,0.154990,0.174967,0.062607,-2.383216,1.350579,2.195686,1.500007,0.002126,0.012622,0.001941,-0.001051,0.009230,0.005550,-0.007202
2025-12-16 18:26:21.095,0.154999,0.174980,0.062614,-2.383219,1.350590,2.195696,1.499994,0.003760,0.012019,0.003067,-0.001284,0.011670,0.004999,-0.011150
2025-12-16 18:26:21.097,0.155004,0.175003,0.062617,-2.383217,1.350614,2.195710,1.499977,0.002345,0.011588,0.004492,-0.000414,0.010372,0.006487,-0.009393
2025-12-16 18:26:21.098,0.155005,0.175014,0.062622,-2.383217,1.350623,2.195719,1.499960,0.001573,0.010703,0.004465,0.000270,0.007436,0.009433,-0.009249
2025-12-16 18:26:21.099,0.155010,0.175027,0.062624,-2.383213,1.350635,2.195725,1.499948,0.002170,0.013104,0.003175,0.000821,0.011088,0.006701,-0.011199
2025-12-16 18:26:21.100,0.155012,0.175041,0.062629,-2.383217,1.350642,2.195732,1.499944,0.000895,0.015748,0.002822,-0.000109,0.007260,0.009397,-0.010837
2025-12-16 18:26:21.101,0.155016,0.175053,0.062632,-2.383216,1.350655,2.195739,1.499928,0.001158,0.016903,0.001993,0.000572,0.010200,0.006351,-0.014022
2025-12-16 18:26:21.103,0.155021,0.175068,0.062637,-2.383214,1.350665,2.195746,1.499910,0.001332,0.015471,0.001969,0.000378,0.007689,0.005231,-0.012684
2025-12-16 18:26:21.104,0.155028,0.175076,0.062642,-2.383212,1.350679,2.195756,1.499909,0.004671,0.015354,0.004520,0.001363,0.010835,0.008996,-0.006448
2025-12-16 18:26:21.105,0.155029,0.175087,0.062644,-2.383210,1.350690,2.195763,1.499899,0.002170,0.013191,0.005913,0.001556,0.012818,0.007076,-0.009761
2025-12-16 18:26:21.106,0.155035,0.175116,0.062653,-2.383208,1.350716,2.195786,1.499878,-0.000520,0.011720,0.004717,0.001834,0.012464,0.015120,-0.010325
2025-12-16 18:26:21.107,0.155044,0.175129,0.062660,-2.383207,1.350729,2.195793,1.499860,-0.000236,0.010996,0.003128,0.001222,0.009297,0.010447,-0.015007
2025-12-16 18:26:21.108,0.155049,0.175140,0.062668,-2.383202,1.350738,2.195803,1.499853,0.002440,0.009911,0.002491,0.002020,0.010955,0.007799,-0.014624
2025-12-16 18:26:21.109,0.155054,0.175155,0.062672,-2.383204,1.350748,2.195815,1.499848,0.004523,0.012689,0.004466,0.000697,0.008250,0.010179,-0.009475
2025-12-16 18:26:21.110,0.155057,0.175168,0.062675,-2.383195,1.350761,2.195828,1.499834,0.005446,0.011863,0.005478,0.003434,0.006210,0.013014,-0.008663
2025-12-16 18:26:21.111,0.155065,0.175182,0.062682,-2.383194,1.350771,2.195841,1.499816,0.007405,0.014740,0.007362,0.002846,0.004334,0.015473,-0.011815
2025-12-16 18:26:21.113,0.155071,0.175195,0.062686,-2.383191,1.350785,2.195852,1.499808,0.008318,0.013344,0.008140,0.001897,0.008330,0.016559,-0.013199
2025-12-16 18:26:21.114,0.155079,0.175206,0.062691,-2.383188,1.350794,2.195862,1.499801,0.010081,0.011629,0.005679,0.003028,0.010245,0.012678,-0.012721
2025-12-16 18:26:21.115,0.155092,0.175237,0.062702,-2.383187,1.350816,2.195885,1.499773,0.005725,0.013474,0.006547,0.000974,0.013304,0.006731,-0.008297
2025-12-16 18:26:21.116,0.155098,0.175250,0.062704,-2.383185,1.350831,2.195898,1.499765,0.004868,0.011748,0.004902,0.001856,0.015524,0.009596,-0.005487
2025-12-16 18:26:21.117,0.155105,0.175263,0.062706,-2.383182,1.350842,2.195908,1.499754,0.007467,0.011055,0.003672,0.001794,0.016361,0.007179,-0.004498
2025-12-16 18:26:21.118,0.155111,0.175277,0.062714,-2.383176,1.350855,2.195920,1.499745,0.006079,0.011741,0.005070,0.002402,0.016934,0.005745,-0.007004
2025-12-16 18:26:21.119,0.155118,0.175291,0.062719,-2.383175,1.350868,2.195932,1.499730,0.006225,0.011419,0.005370,0.003769,0.017093,0.004270,-0.010359
2025-12-16 18:26:21.121,0.155120,0.175309,0.062721,-2.383176,1.350880,2.195940,1.499710,0.005013,0.015046,0.004307,0.002191,0.013152,0.006744,-0.014279
2025-12-16 18:26:21.122,0.155125,0.175324,0.062724,-2.383171,1.350893,2.195949,1.499700,0.005335,0.013840,0.004762,0.002193,0.019283,0.009453,-0.014896
2025-12-16 18:26:21.123,0.155136,0.175363,0.062733,-2.383169,1.350918,2.195970,1.499678,0.005554,0.016998,0.004387,0.000388,0.018050,0.004809,-0.010656
2025-12-16 18:26:21.124,0.155138,0.175371,0.062742,-2.383163,1.350934,2.195984,1.499665,0.004357,0.012367,0.005948,0.001540,0.018780,0.008744,-0.013450
2025-12-16 18:26:21.125,0.155143,0.175395,0.062740,-2.383162,1.350948,2.195994,1.499648,0.004740,0.015062,0.004006,0.001082,0.018820,0.010901,-0.016190
2025-12-16 18:26:21.126,0.155145,0.175407,0.062740,-2.383161,1.350964,2.196004,1.499639,0.003772,0.015189,0.002701,-0.000443,0.019473,0.012909,-0.014856
2025-12-16 18:26:21.127,0.155152,0.175422,0.062748,-2.383160,1.350975,2.196015,1.499625,0.004875,0.013523,0.004143,-0.000264,0.014257,0.013690,-0.015932
2025-12-16 18:26:21.128,0.155153,0.175440,0.062754,-2.383161,1.350990,2.196023,1.499610,0.003838,0.012974,0.004542,-0.001359,0.015009,0.014281,-0.016790
2025-12-16 18:26:21.130,0.155162,0.175458,0.062754,-2.383154,1.351002,2.196033,1.499589,0.005551,0.013576,0.003598,0.003039,0.011283,0.015756,-0.019556
2025-12-16 18:26:21.131,0.155167,0.175494,0.062759,-2.383152,1.351027,2.196056,1.499571,0.004069,0.015009,0.002974,0.003840,0.010063,0.013580,-0.012604
2025-12-16 18:26:21.132,0.155167,0.175514,0.062764,-2.383150,1.351040,2.196062,1.499562,0.002723,0.015032,0.003751,0.002343,0.008281,0.013724,-0.017608
2025-12-16 18:26:21.133,0.155171,0.175532,0.062764,-2.383150,1.351053,2.196068,1.499539,0.002936,0.014258,0.002505,0.003405,0.006217,0.009972,-0.020937
2025-12-16 18:26:21.134,0.155172,0.175552,0.062768,-2.383146,1.351067,2.196076,1.499523,0.002520,0.017027,0.002230,0.006058,0.009379,0.011049,-0.015911
2025-12-16 18:26:21.135,0.155174,0.175571,0.062768,-2.383148,1.351078,2.196081,1.499508,0.002333,0.015822,0.001489,0.005662,0.011857,0.007675,-0.012191
2025-12-16 18:26:21.137,0.155176,0.175592,0.062772,-2.383140,1.351092,2.196092,1.499500,0.002115,0.018731,0.002201,0.007891,0.013887,0.006654,-0.006865
2025-12-16 18:26:21.138,0.155182,0.175613,0.062776,-2.383136,1.351101,2.196102,1.499481,0.002619,0.020765,0.002025,0.008572,0.009710,0.005369,-0.010313
2025-12-16 18:26:21.139,0.155177,0.175632,0.062778,-2.383133,1.351116,2.196112,1.499456,-0.000015,0.018627,0.001908,0.005370,0.007999,0.004024,-0.009946
2025-12-16 18:26:21.140,0.155185,0.175678,0.062778,-2.383126,1.351143,2.196126,1.499429,0.000985,0.022817,-0.000265,0.005002,0.010142,0.006614,-0.012336
2025-12-16 18:26:21.141,0.155182,0.175703,0.062782,-2.383117,1.351155,2.196132,1.499416,-0.000549,0.024670,0.003502,0.008981,0.011523,0.004988,-0.012993
2025-12-16 18:26:21.142,0.155186,0.175722,0.062787,-2.383117,1.351166,2.196137,1.499390,0.000191,0.024580,0.005739,0.008561,0.013229,0.003759,-0.017407
2025-12-16 18:26:21.143,0.155187,0.175748,0.062786,-2.383114,1.351179,2.196144,1.499371,0.002762,0.023631,0.002520,0.006504,0.009576,0.002459,-0.017578
2025-12-16 18:26:21.144,0.155189,0.175771,0.062790,-2.383107,1.351190,2.196152,1.499360,0.004709,0.021766,0.004614,0.005490,0.007206,0.007272,-0.016375
2025-12-16 18:26:21.145,0.155188,0.175793,0.062792,-2.383105,1.351200,2.196162,1.499346,0.005533,0.023786,0.005533,0.004108,0.005420,0.006167,-0.015702
2025-12-16 18:26:21.146,0.155190,0.175818,0.062797,-2.383096,1.351213,2.196172,1.499324,0.003741,0.025018,0.006904,0.004281,0.009066,0.005626,-0.014098
2025-12-16 18:26:21.147,0.155191,0.175837,0.062802,-2.383093,1.351224,2.196178,1.499306,0.002393,0.021495,0.004794,0.003663,0.006778,0.009034,-0.015140
2025-12-16 18:26:21.149,0.155191,0.175858,0.062801,-2.383096,1.351234,2.196182,1.499288,0.003366,0.022758,0.001438,0.003916,0.009761,0.011206,-0.015737
2025-12-16 18:26:21.150,0.155190,0.175879,0.062804,-2.383087,1.351247,2.196185,1.499272,0.004153,0.023813,0.002743,0.007469,0.007311,0.008723,-0.015499
2025-12-16 18:26:21.151,0.155188,0.175927,0.062807,-2.383078,1.351272,2.196192,1.499237,0.000298,0.024081,0.004604,0.007089,0.007943,0.004686,-0.021015
2025-12-16 18:26:21.152,0.155186,0.175949,0.062815,-2.383071,1.351279,2.196199,1.499212,-0.001196,0.021974,0.007550,0.008970,0.010755,0.004207,-0.022590
2025-12-16 18:26:21.154,0.155187,0.175974,0.062819,-2.383065,1.351291,2.196201,1.499200,-0.001171,0.021625,0.004769,0.009701,0.008047,0.003456,-0.014224
2025-12-16 18:26:21.155,0.155187,0.175995,0.062823,-2.383066,1.351302,2.196207,1.499187,-0.001687,0.020071,0.003816,0.008504,0.010805,0.007913,-0.014740
2025-12-16 18:26:21.156,0.155185,0.176018,0.062825,-2.383058,1.351310,2.196208,1.499172,-0.002176,0.018952,0.001815,0.009780,0.007451,0.005820,-0.015858
2025-12-16 18:26:21.157,0.155185,0.176070,0.062826,-2.383048,1.351334,2.196213,1.499134,-0.000802,0.024205,0.000510,0.007079,0.009305,0.002170,-0.017540
2025-12-16 18:26:21.158,0.155185,0.176091,0.062827,-2.383042,1.351344,2.196214,1.499124,-0.000469,0.024525,0.000541,0.008104,0.006972,0.001677,-0.016327
2025-12-16 18:26:21.159,0.155184,0.176114,0.062827,-2.383037,1.351359,2.196217,1.499105,-0.000820,0.021604,0.000512,0.007943,0.010536,0.000951,-0.022220
2025-12-16 18:26:21.160,0.155187,0.176137,0.062829,-2.383033,1.351368,2.196222,1.499089,0.001253,0.023453,0.001661,0.007674,0.011807,0.000763,-0.021503
2025-12-16 18:26:21.161,0.155186,0.176164,0.062832,-2.383025,1.351379,2.196223,1.499067,0.000863,0.025737,0.001749,0.008436,0.013873,0.000606,-0.023353
2025-12-16 18:26:21.162,0.155180,0.176185,0.062829,-2.383018,1.351390,2.196228,1.499060,-0.001167,0.025203,0.000116,0.009823,0.010729,0.000815,-0.019474
2025-12-16 18:26:21.163,0.155183,0.176214,0.062831,-2.383013,1.351400,2.196228,1.499037,-0.000763,0.024134,0.000682,0.010257,0.013052,0.000259,-0.021243
2025-12-16 18:26:21.164,0.155181,0.176234,0.062829,-2.383006,1.351410,2.196229,1.499026,-0.000497,0.023888,-0.000066,0.007846,0.014537,0.000214,-0.020159
2025-12-16 18:26:21.166,0.155184,0.176256,0.062829,-2.383002,1.351418,2.196227,1.499009,0.000234,0.023892,-0.000017,0.008480,0.010528,-0.001285,-0.020937
2025-12-16 18:26:21.166,0.155183,0.176279,0.062829,-2.383001,1.351431,2.196233,1.498998,-0.000394,0.022005,0.000009,0.005268,0.007900,0.000624,-0.019200
2025-12-16 18:26:21.168,0.155183,0.176299,0.062827,-2.382995,1.351438,2.196233,1.498987,-0.000258,0.022019,-0.000629,0.007385,0.005589,0.000433,-0.018008
2025-12-16 18:26:21.169,0.155185,0.176323,0.062831,-2.382989,1.351449,2.196235,1.498972,0.000389,0.023236,0.000799,0.006214,0.004900,-0.000071,-0.018670
2025-12-16 18:26:21.170,0.155184,0.176359,0.062831,-2.382976,1.351467,2.196234,1.498940,0.000177,0.021444,0.000181,0.005552,0.007283,0.000118,-0.011164
2025-12-16 18:26:21.171,0.155187,0.176387,0.062833,-2.382976,1.351477,2.196234,1.498932,0.000769,0.021608,0.000683,0.002804,0.010138,0.004761,-0.011932
2025-12-16 18:26:21.172,0.155180,0.176404,0.062833,-2.382969,1.351484,2.196237,1.498922,-0.001899,0.020657,0.000459,0.006582,0.011270,0.003568,-0.007931
2025-12-16 18:26:21.173,0.155182,0.176424,0.062831,-2.382966,1.351495,2.196235,1.498905,-0.000616,0.021768,-0.000248,0.004835,0.013882,0.002674,-0.006796
2025-12-16 18:26:21.174,0.155184,0.176446,0.062825,-2.382965,1.351503,2.196236,1.498888,0.000147,0.022673,-0.001370,0.002909,0.010750,0.001631,-0.011997
2025-12-16 18:26:21.175,0.155185,0.176466,0.062829,-2.382960,1.351515,2.196235,1.498880,0.000655,0.019560,-0.000262,0.006193,0.008372,0.001626,-0.008125
2025-12-16 18:26:21.176,0.155182,0.176485,0.062827,-2.382950,1.351523,2.196237,1.498866,-0.000676,0.020424,-0.000823,0.006313,0.006571,0.001209,-0.006385
2025-12-16 18:26:21.177,0.155186,0.176498,0.062824,-2.382950,1.351532,2.196238,1.498856,0.000106,0.015427,-0.001662,0.003319,0.004868,0.001984,-0.003305
2025-12-16 18:26:21.178,0.155183,0.176521,0.062826,-2.382945,1.351541,2.196238,1.498845,-0.001135,0.019394,-0.001107,0.003099,0.008217,0.000647,-0.007230
2025-12-16 18:26:21.180,0.155181,0.176543,0.062828,-2.382939,1.351544,2.196240,1.498830,-0.001314,0.023778,-0.000181,0.002244,0.004780,0.000857,-0.011960
2025-12-16 18:26:21.181,0.155185,0.176555,0.062827,-2.382937,1.351551,2.196239,1.498827,-0.000319,0.019277,-0.000677,0.000423,0.003375,0.000238,-0.011344
2025-12-16 18:26:21.182,0.155188,0.176598,0.062830,-2.382924,1.351568,2.196246,1.498798,0.002463,0.021846,-0.000734,0.003811,0.010548,0.000769,-0.008563
2025-12-16 18:26:21.183,0.155187,0.176613,0.062830,-2.382918,1.351576,2.196245,1.498787,0.003860,0.017739,-0.001603,0.006642,0.012638,0.000156,-0.006672
2025-12-16 18:26:21.184,0.155187,0.176634,0.062828,-2.382916,1.351587,2.196248,1.498777,0.005128,0.016651,-0.002831,0.004341,0.014870,0.001202,-0.008609
2025-12-16 18:26:21.185,0.155189,0.176647,0.062833,-2.382909,1.351592,2.196253,1.498768,0.003475,0.016587,-0.001331,0.003803,0.010428,0.001184,-0.010436
2025-12-16 18:26:21.186,0.155190,0.176672,0.062833,-2.382905,1.351599,2.196253,1.498758,0.002127,0.020105,-0.002001,0.005527,0.007541,0.005118,-0.007897
2025-12-16 18:26:21.187,0.155190,0.176684,0.062834,-2.382900,1.351610,2.196256,1.498746,0.003894,0.015459,0.001815,0.006789,0.006343,0.003809,-0.011866
2025-12-16 18:26:21.188,0.155193,0.176705,0.062834,-2.382892,1.351617,2.196261,1.498733,0.006835,0.018188,0.000823,0.006360,0.003748,0.002836,-0.013606
2025-12-16 18:26:21.189,0.155195,0.176727,0.062839,-2.382889,1.351627,2.196266,1.498728,0.005216,0.019943,0.001395,0.007212,0.007918,0.002487,-0.007995
2025-12-16 18:26:21.190,0.155194,0.176744,0.062838,-2.382881,1.351636,2.196271,1.498713,0.002766,0.019659,0.000428,0.005972,0.010286,0.001825,-0.007948
2025-12-16 18:26:21.192,0.155201,0.176782,0.062838,-2.382872,1.351654,2.196285,1.498686,0.003518,0.020291,0.000997,0.005158,0.010978,0.000865,-0.014154
2025-12-16 18:26:21.193,0.155201,0.176803,0.062839,-2.382861,1.351663,2.196293,1.498680,0.002554,0.020539,0.001283,0.008351,0.008553,-0.000438,-0.009379
2025-12-16 18:26:21.194,0.155199,0.176819,0.062839,-2.382861,1.351671,2.196300,1.498674,0.001859,0.022037,0.000902,0.007459,0.010433,-0.000239,-0.010194
2025-12-16 18:26:21.195,0.155200,0.176845,0.062841,-2.382852,1.351680,2.196309,1.498665,0.002006,0.023245,0.001193,0.009291,0.012633,-0.000120,-0.007758
2025-12-16 18:26:21.196,0.155200,0.176865,0.062841,-2.382840,1.351691,2.196319,1.498657,0.001426,0.022250,-0.005315,0.011473,0.009798,0.000323,-0.009803
2025-12-16 18:26:21.197,0.155203,0.176889,0.062837,-2.382835,1.351697,2.196329,1.498636,0.002130,0.022024,-0.004592,0.007955,0.007335,-0.000881,-0.015029
2025-12-16 18:26:21.199,0.155201,0.176936,0.062843,-2.382820,1.351715,2.196347,1.498617,0.000831,0.022704,-0.000645,0.007108,0.008933,0.007132,-0.015436
2025-12-16 18:26:21.200,0.155204,0.176955,0.062843,-2.382813,1.351723,2.196354,1.498605,0.001139,0.021097,-0.000638,0.007848,0.006391,0.005448,-0.016778
2025-12-16 18:26:21.201,0.155207,0.176982,0.062846,-2.382805,1.351734,2.196362,1.498588,0.001430,0.022936,0.000626,0.009230,0.009933,0.004152,-0.019718
2025-12-16 18:26:21.202,0.155205,0.177001,0.062846,-2.382793,1.351742,2.196373,1.498583,0.000319,0.021341,0.000300,0.011372,0.011828,0.008223,-0.016749
2025-12-16 18:26:21.203,0.155208,0.177026,0.062846,-2.382781,1.351751,2.196382,1.498573,0.001988,0.021980,0.000670,0.012384,0.014201,0.006166,-0.012249
2025-12-16 18:26:21.204,0.155204,0.177050,0.062851,-2.382770,1.351758,2.196387,1.498565,0.000220,0.021263,0.001587,0.009748,0.014975,0.004250,-0.008547
2025-12-16 18:26:21.205,0.155210,0.177071,0.062849,-2.382761,1.351768,2.196395,1.498543,-0.000142,0.020217,0.000359,0.007757,0.011232,0.002845,-0.009772
2025-12-16 18:26:21.207,0.155208,0.177127,0.062850,-2.382742,1.351787,2.196411,1.498524,-0.001451,0.024781,0.001097,0.003821,0.014432,0.005868,-0.007253
2025-12-16 18:26:21.208,0.155208,0.177149,0.062849,-2.382731,1.351794,2.196418,1.498512,-0.001114,0.025935,0.000154,0.009719,0.011173,0.004463,-0.004013
2025-12-16 18:26:21.209,0.155211,0.177180,0.062852,-2.382718,1.351802,2.196423,1.498497,-0.000202,0.029239,0.001201,0.008991,0.008358,0.008079,-0.013617
2025-12-16 18:26:21.211,0.155207,0.177204,0.062848,-2.382705,1.351813,2.196431,1.498482,-0.001423,0.026694,-0.000325,0.010495,0.006593,0.010819,-0.015376
2025-12-16 18:26:21.212,0.155213,0.177233,0.062852,-2.382693,1.351822,2.196438,1.498466,0.000196,0.026606,0.000331,0.011280,0.004907,0.008506,-0.012216
2025-12-16 18:26:21.213,0.155212,0.177288,0.062853,-2.382669,1.351845,2.196455,1.498438,-0.000411,0.024873,0.000324,0.010766,0.011377,0.005843,-0.010377
2025-12-16 18:26:21.215,0.155218,0.177344,0.062854,-2.382644,1.351860,2.196466,1.498401,0.003974,0.024922,-0.000233,0.013129,0.013788,0.006711,-0.015860
2025-12-16 18:26:21.216,0.155220,0.177375,0.062856,-2.382634,1.351867,2.196470,1.498388,0.003459,0.026209,0.003528,0.012874,0.009745,0.004979,-0.009982
2025-12-16 18:26:21.217,0.155219,0.177406,0.062860,-2.382618,1.351880,2.196477,1.498369,0.001938,0.025886,0.003168,0.014798,0.007734,0.008009,-0.012605
2025-12-16 18:26:21.218,0.155220,0.177437,0.062856,-2.382608,1.351891,2.196484,1.498354,0.005230,0.026215,-0.000013,0.013532,0.010823,0.006387,-0.013839
2025-12-16 18:26:21.219,0.155222,0.177465,0.062859,-2.382591,1.351899,2.196496,1.498333,0.003863,0.027312,0.000694,0.016884,0.007467,0.005849,-0.016129
2025-12-16 18:26:21.221,0.155223,0.177530,0.062864,-2.382561,1.351921,2.196510,1.498298,0.001375,0.028357,0.000247,0.016174,0.012205,0.003261,-0.019816
2025-12-16 18:26:21.223,0.155222,0.177565,0.062866,-2.382549,1.351939,2.196516,1.498278,-0.000131,0.031741,-0.000331,0.015555,0.015233,0.002388,-0.019690
2025-12-16 18:26:21.225,0.155226,0.177664,0.062872,-2.382518,1.351977,2.196542,1.498208,-0.001437,0.032404,0.002261,0.013212,0.009826,0.008705,-0.019570
2025-12-16 18:26:21.226,0.155229,0.177693,0.062879,-2.382509,1.351994,2.196551,1.498185,-0.000908,0.030411,0.001937,0.009255,0.012008,0.010830,-0.022971
2025-12-16 18:26:21.227,0.155229,0.177727,0.062884,-2.382495,1.352008,2.196565,1.498155,-0.001681,0.030522,0.001056,0.010937,0.008686,0.014323,-0.027371
2025-12-16 18:26:21.229,0.155230,0.177767,0.062884,-2.382485,1.352025,2.196575,1.498125,-0.001649,0.031921,0.002890,0.014529,0.011881,0.015747,-0.031369
2025-12-16 18:26:21.230,0.155233,0.177832,0.062895,-2.382461,1.352055,2.196599,1.498074,-0.001507,0.030908,0.001140,0.013475,0.015395,0.018319,-0.034516
2025-12-16 18:26:21.231,0.155234,0.177863,0.062897,-2.382450,1.352068,2.196609,1.498056,-0.000993,0.031443,0.004133,0.012506,0.014950,0.017159,-0.027938
2025-12-16 18:26:21.232,0.155236,0.177902,0.062905,-2.382438,1.352085,2.196620,1.498023,-0.000096,0.035274,0.004966,0.011365,0.011624,0.013239,-0.032359
2025-12-16 18:26:21.233,0.155238,0.177936,0.062906,-2.382427,1.352099,2.196628,1.497995,0.000592,0.032893,0.006792,0.011290,0.012425,0.009150,-0.030015
2025-12-16 18:26:21.234,0.155242,0.177972,0.062908,-2.382415,1.352115,2.196636,1.497970,0.001513,0.031965,0.005599,0.014348,0.014104,0.006529,-0.030758
2025-12-16 18:26:21.236,0.155244,0.178040,0.062914,-2.382390,1.352151,2.196658,1.497922,0.001884,0.031155,0.003839,0.013217,0.013615,0.007690,-0.018797
2025-12-16 18:26:21.237,0.155247,0.178080,0.062914,-2.382384,1.352172,2.196666,1.497891,0.001815,0.034149,0.003333,0.013485,0.015852,0.005106,-0.020709
2025-12-16 18:26:21.238,0.155248,0.178115,0.062921,-2.382370,1.352186,2.196677,1.497865,0.001769,0.034172,0.004148,0.013723,0.015790,0.004695,-0.024508
2025-12-16 18:26:21.240,0.155255,0.178149,0.062921,-2.382356,1.352204,2.196682,1.497840,0.003500,0.034417,0.003444,0.013875,0.016475,0.001707,-0.023066
2025-12-16 18:26:21.241,0.155255,0.178225,0.062927,-2.382335,1.352239,2.196704,1.497789,0.001371,0.037103,0.002867,0.012327,0.014184,0.005536,-0.023792
2025-12-16 18:26:21.242,0.155260,0.178260,0.062927,-2.382322,1.352256,2.196709,1.497755,0.002121,0.037124,0.001963,0.015142,0.014986,0.008187,-0.029381
2025-12-16 18:26:21.243,0.155262,0.178299,0.062927,-2.382314,1.352276,2.196717,1.497735,0.001971,0.038632,0.001347,0.013036,0.015952,0.006270,-0.024860
2025-12-16 18:26:21.244,0.155262,0.178337,0.062934,-2.382297,1.352297,2.196728,1.497713,0.001314,0.039433,0.002690,0.016913,0.016324,0.005162,-0.022681
2025-12-16 18:26:21.245,0.155266,0.178375,0.062940,-2.382289,1.352311,2.196739,1.497685,0.001433,0.036751,0.002929,0.014325,0.015864,0.004610,-0.026945
2025-12-16 18:26:21.247,0.155271,0.178410,0.062941,-2.382276,1.352330,2.196750,1.497652,0.001513,0.036755,0.000298,0.014021,0.012343,0.008508,-0.027491
2025-12-16 18:26:21.248,0.155276,0.178450,0.062948,-2.382264,1.352352,2.196761,1.497628,0.004180,0.038610,0.003904,0.013361,0.014001,0.010519,-0.025106
2025-12-16 18:26:21.249,0.155278,0.178522,0.062955,-2.382237,1.352393,2.196775,1.497585,0.001763,0.038002,0.004501,0.015944,0.015441,0.013121,-0.027921
2025-12-16 18:26:21.250,0.155281,0.178563,0.062963,-2.382226,1.352411,2.196791,1.497554,0.002396,0.039590,0.005566,0.014473,0.016550,0.015979,-0.028040
2025-12-16 18:26:21.252,0.155288,0.178602,0.062970,-2.382217,1.352431,2.196797,1.497530,0.004124,0.039832,0.006459,0.013007,0.013048,0.016260,-0.025645
2025-12-16 18:26:21.253,0.155291,0.178638,0.062975,-2.382202,1.352452,2.196810,1.497507,0.001092,0.040262,0.006477,0.013153,0.014145,0.018269,-0.028159
2025-12-16 18:26:21.254,0.155306,0.178716,0.062987,-2.382170,1.352495,2.196830,1.497464,0.005359,0.041127,0.005331,0.014880,0.017059,0.018643,-0.027149
2025-12-16 18:26:21.255,0.155307,0.178755,0.062989,-2.382164,1.352511,2.196839,1.497442,0.001996,0.040961,0.005678,0.014800,0.016403,0.018597,-0.030343
2025-12-16 18:26:21.256,0.155314,0.178788,0.062993,-2.382149,1.352529,2.196851,1.497411,0.001331,0.035980,0.005994,0.014503,0.016400,0.014636,-0.030064
2025-12-16 18:26:21.257,0.155321,0.178827,0.063000,-2.382132,1.352549,2.196862,1.497393,0.000749,0.036960,0.007441,0.014809,0.017344,0.015866,-0.025239
2025-12-16 18:26:21.258,0.155327,0.178864,0.063006,-2.382115,1.352566,2.196875,1.497373,0.002801,0.037481,0.007802,0.018013,0.017099,0.016734,-0.028450
2025-12-16 18:26:21.260,0.155337,0.178941,0.063016,-2.382088,1.352609,2.196895,1.497326,0.003423,0.038835,0.005653,0.017574,0.022881,0.017292,-0.025642
2025-12-16 18:26:21.261,0.155341,0.178978,0.063026,-2.382073,1.352629,2.196906,1.497307,0.004907,0.037522,0.005681,0.016497,0.021999,0.018030,-0.023720
2025-12-16 18:26:21.262,0.155349,0.179012,0.063031,-2.382061,1.352650,2.196918,1.497294,0.007681,0.036271,0.004385,0.015028,0.021943,0.017755,-0.015582
2025-12-16 18:26:21.263,0.155354,0.179056,0.063035,-2.382041,1.352670,2.196928,1.497265,0.005337,0.037919,0.002816,0.016139,0.021129,0.017665,-0.018734
2025-12-16 18:26:21.264,0.155360,0.179098,0.063041,-2.382027,1.352692,2.196943,1.497248,0.004694,0.037802,0.005919,0.014732,0.025236,0.018700,-0.017677
2025-12-16 18:26:21.266,0.155369,0.179132,0.063047,-2.382009,1.352717,2.196954,1.497223,0.005327,0.035994,0.006874,0.014056,0.024273,0.018668,-0.019770
2025-12-16 18:26:21.267,0.155375,0.179174,0.063047,-2.381992,1.352736,2.196964,1.497211,0.005548,0.036994,0.004969,0.016721,0.022161,0.012891,-0.016949
2025-12-16 18:26:21.268,0.155386,0.179252,0.063057,-2.381962,1.352780,2.196986,1.497173,0.007962,0.041303,0.005279,0.016998,0.017409,0.010463,-0.014231
2025-12-16 18:26:21.269,0.155393,0.179294,0.063064,-2.381948,1.352801,2.196995,1.497150,0.007968,0.043066,0.006095,0.014939,0.021776,0.011889,-0.017733
2025-12-16 18:26:21.270,0.155400,0.179331,0.063071,-2.381928,1.352822,2.197007,1.497134,0.007887,0.039586,0.006506,0.015516,0.021391,0.008645,-0.017157
2025-12-16 18:26:21.271,0.155400,0.179374,0.063080,-2.381911,1.352845,2.197016,1.497111,0.005449,0.038577,0.006749,0.014312,0.020749,0.010561,-0.022521
2025-12-16 18:26:21.272,0.155405,0.179420,0.063081,-2.381889,1.352869,2.197027,1.497102,0.005539,0.042337,0.004568,0.018845,0.020263,0.012028,-0.019022
2025-12-16 18:26:21.273,0.155414,0.179460,0.063088,-2.381877,1.352892,2.197036,1.497076,0.006120,0.039412,0.005417,0.019087,0.020918,0.013484,-0.025164
2025-12-16 18:26:21.274,0.155421,0.179501,0.063092,-2.381861,1.352910,2.197045,1.497053,0.008580,0.041051,0.004299,0.017374,0.019625,0.014590,-0.029367
2025-12-16 18:26:21.276,0.155429,0.179577,0.063108,-2.381830,1.352954,2.197061,1.497012,0.005670,0.037037,0.007982,0.014618,0.019569,0.012097,-0.021680
2025-12-16 18:26:21.277,0.155440,0.179618,0.063115,-2.381813,1.352978,2.197069,1.497000,0.008921,0.036372,0.006807,0.014625,0.019690,0.013143,-0.018316
2025-12-16 18:26:21.278,0.155442,0.179663,0.063114,-2.381788,1.352997,2.197077,1.496973,0.005702,0.039669,0.002427,0.016295,0.023878,0.014321,-0.016431
2025-12-16 18:26:21.279,0.155448,0.179701,0.063125,-2.381775,1.353016,2.197088,1.496959,0.003548,0.039814,0.006030,0.011462,0.022265,0.011245,-0.019186
2025-12-16 18:26:21.281,0.155461,0.179786,0.063144,-2.381738,1.353059,2.197112,1.496917,0.006749,0.043250,0.005936,0.018186,0.024707,0.011349,-0.018932
2025-12-16 18:26:21.282,0.155465,0.179827,0.063152,-2.381723,1.353075,2.197123,1.496890,0.003330,0.039864,0.006406,0.020397,0.021888,0.013824,-0.021112
2025-12-16 18:26:21.284,0.155486,0.179913,0.063164,-2.381684,1.353117,2.197141,1.496846,0.006978,0.042781,0.006847,0.018082,0.026501,0.007838,-0.023642
2025-12-16 18:26:21.285,0.155493,0.179959,0.063174,-2.381667,1.353137,2.197152,1.496830,0.007982,0.047211,0.008555,0.015869,0.023499,0.010437,-0.019840
2025-12-16 18:26:21.286,0.155498,0.179999,0.063182,-2.381652,1.353161,2.197162,1.496808,0.007627,0.046501,0.009194,0.014541,0.022863,0.012842,-0.019320
2025-12-16 18:26:21.287,0.155502,0.180042,0.063192,-2.381631,1.353181,2.197173,1.496781,0.004294,0.046837,0.010219,0.015482,0.026216,0.014630,-0.021491
2025-12-16 18:26:21.288,0.155515,0.180088,0.063202,-2.381605,1.353198,2.197184,1.496754,0.007828,0.047459,0.010898,0.019838,0.028409,0.011272,-0.016371
2025-12-16 18:26:21.289,0.155525,0.180128,0.063206,-2.381588,1.353222,2.197199,1.496728,0.009186,0.046153,0.009639,0.017313,0.031143,0.013777,-0.017245
2025-12-16 18:26:21.291,0.155529,0.180173,0.063212,-2.381569,1.353245,2.197208,1.496714,0.008382,0.043725,0.009372,0.016111,0.029187,0.014518,-0.014079
2025-12-16 18:26:21.292,0.155536,0.180222,0.063222,-2.381552,1.353269,2.197223,1.496688,0.005368,0.043521,0.009846,0.018265,0.026866,0.015903,-0.020789
2025-12-16 18:26:21.293,0.155558,0.180310,0.063237,-2.381518,1.353311,2.197248,1.496633,0.006892,0.040577,0.008565,0.014705,0.022970,0.017270,-0.020663
2025-12-16 18:26:21.294,0.155560,0.180357,0.063245,-2.381492,1.353335,2.197259,1.496607,0.003505,0.040459,0.006544,0.019959,0.022029,0.012905,-0.020539
2025-12-16 18:26:21.295,0.155569,0.180400,0.063252,-2.381478,1.353359,2.197272,1.496586,0.002772,0.042371,0.007494,0.019394,0.021215,0.009647,-0.022701
2025-12-16 18:26:21.296,0.155575,0.180445,0.063261,-2.381463,1.353381,2.197284,1.496555,0.001525,0.043780,0.005728,0.017283,0.020271,0.011150,-0.023620
2025-12-16 18:26:21.298,0.155593,0.180532,0.063277,-2.381420,1.353432,2.197314,1.496505,0.007459,0.045012,0.009461,0.019848,0.023983,0.015171,-0.027439
2025-12-16 18:26:21.299,0.155604,0.180584,0.063283,-2.381403,1.353457,2.197330,1.496467,0.007897,0.047115,0.010789,0.017563,0.027753,0.016300,-0.033062
2025-12-16 18:26:21.300,0.155608,0.180631,0.063287,-2.381383,1.353481,2.197348,1.496446,0.008275,0.047404,0.010611,0.018879,0.025502,0.017237,-0.031529
2025-12-16 18:26:21.301,0.155615,0.180679,0.063301,-2.381363,1.353508,2.197362,1.496410,0.007887,0.048219,0.012047,0.016692,0.028450,0.016832,-0.030946
2025-12-16 18:26:21.302,0.155623,0.180729,0.063306,-2.381339,1.353532,2.197374,1.496382,0.007477,0.049226,0.009255,0.019366,0.025866,0.016584,-0.031134
2025-12-16 18:26:21.304,0.155629,0.180779,0.063311,-2.381317,1.353560,2.197390,1.496347,0.007089,0.049228,0.008991,0.020876,0.028796,0.016451,-0.034838
2025-12-16 18:26:21.305,0.155635,0.180831,0.063316,-2.381300,1.353584,2.197406,1.496322,0.007302,0.050609,0.008133,0.019970,0.025966,0.017749,-0.032791
2025-12-16 18:26:21.306,0.155644,0.180934,0.063329,-2.381257,1.353635,2.197435,1.496251,0.006642,0.050701,0.007107,0.021780,0.032034,0.017356,-0.039834
2025-12-16 18:26:21.307,0.155652,0.180981,0.063338,-2.381236,1.353663,2.197449,1.496221,0.006856,0.049272,0.007866,0.022263,0.028798,0.012753,-0.038213
2025-12-16 18:26:21.308,0.155656,0.181038,0.063341,-2.381217,1.353687,2.197464,1.496190,0.005858,0.051372,0.005919,0.021947,0.030621,0.014342,-0.037509
2025-12-16 18:26:21.310,0.155666,0.181147,0.063349,-2.381168,1.353733,2.197485,1.496114,0.004051,0.052379,0.004892,0.024750,0.030503,0.015280,-0.035925
2025-12-16 18:26:21.311,0.155673,0.181200,0.063358,-2.381147,1.353758,2.197496,1.496076,0.005612,0.055470,0.006281,0.024142,0.027183,0.015516,-0.037384
2025-12-16 18:26:21.312,0.155679,0.181251,0.063362,-2.381125,1.353781,2.197505,1.496040,0.006087,0.057163,0.004782,0.024499,0.024465,0.015727,-0.036927
2025-12-16 18:26:21.313,0.155688,0.181306,0.063368,-2.381104,1.353806,2.197516,1.496014,0.006397,0.055820,0.007484,0.024197,0.023452,0.012324,-0.034221
2025-12-16 18:26:21.315,0.155695,0.181411,0.063380,-2.381055,1.353853,2.197542,1.495938,0.004256,0.055936,0.007630,0.020229,0.021322,0.011371,-0.035885
2025-12-16 18:26:21.316,0.155694,0.181469,0.063383,-2.381038,1.353878,2.197554,1.495897,0.002288,0.055680,0.008012,0.019730,0.016347,0.012794,-0.038313
2025-12-16 18:26:21.318,0.155697,0.181580,0.063397,-2.380990,1.353922,2.197578,1.495825,0.003394,0.054878,0.005838,0.019888,0.017277,0.011501,-0.037048
2025-12-16 18:26:21.319,0.155699,0.181635,0.063403,-2.380963,1.353947,2.197588,1.495785,0.001420,0.054442,0.009025,0.019460,0.017282,0.008557,-0.037910
2025-12-16 18:26:21.320,0.155698,0.181692,0.063417,-2.380941,1.353972,2.197597,1.495751,0.002023,0.054297,0.011223,0.020476,0.018672,0.005286,-0.037556
2025-12-16 18:26:21.321,0.155697,0.181748,0.063418,-2.380916,1.353990,2.197611,1.495717,0.003265,0.053461,0.008705,0.022362,0.018003,0.009764,-0.036469
2025-12-16 18:26:21.323,0.155706,0.181868,0.063426,-2.380868,1.354036,2.197633,1.495644,0.004273,0.053808,0.004864,0.023614,0.018020,0.014348,-0.033378
2025-12-16 18:26:21.324,0.155712,0.181928,0.063434,-2.380841,1.354061,2.197645,1.495598,0.006153,0.058179,0.002880,0.024226,0.018550,0.011425,-0.037348
2025-12-16 18:26:21.325,0.155714,0.181987,0.063441,-2.380819,1.354080,2.197660,1.495567,0.006258,0.057591,0.004426,0.023616,0.022969,0.013856,-0.036041
2025-12-16 18:26:21.326,0.155719,0.182042,0.063445,-2.380796,1.354103,2.197674,1.495535,0.004421,0.056509,0.002429,0.023764,0.021955,0.011340,-0.029883
2025-12-16 18:26:21.327,0.155720,0.182102,0.063452,-2.380769,1.354125,2.197685,1.495501,0.004990,0.057556,0.004725,0.024733,0.020850,0.008696,-0.031449
2025-12-16 18:26:21.329,0.155724,0.182214,0.063460,-2.380724,1.354165,2.197708,1.495421,0.000547,0.057244,0.003630,0.023875,0.025284,0.013208,-0.036953
2025-12-16 18:26:21.330,0.155727,0.182267,0.063461,-2.380697,1.354186,2.197717,1.495385,0.002756,0.055210,0.004366,0.024877,0.018934,0.013743,-0.036280
2025-12-16 18:26:21.331,0.155728,0.182324,0.063466,-2.380673,1.354204,2.197730,1.495355,0.001294,0.054879,0.002987,0.024460,0.018205,0.010304,-0.034851
2025-12-16 18:26:21.333,0.155731,0.182382,0.063471,-2.380646,1.354225,2.197742,1.495319,0.000640,0.054648,0.001978,0.025010,0.019074,0.012779,-0.035176
2025-12-16 18:26:21.334,0.155730,0.182443,0.063472,-2.380620,1.354248,2.197754,1.495279,-0.000366,0.055281,0.000613,0.024860,0.019971,0.013877,-0.037776
2025-12-16 18:26:21.335,0.155734,0.182554,0.063481,-2.380568,1.354285,2.197780,1.495213,0.000394,0.058551,0.003858,0.025480,0.019188,0.012527,-0.032093
2025-12-16 18:26:21.338,0.155734,0.182732,0.063485,-2.380495,1.354344,2.197814,1.495108,0.000960,0.058467,0.002231,0.024139,0.018424,0.016191,-0.034922
2025-12-16 18:26:21.339,0.155737,0.182794,0.063487,-2.380475,1.354361,2.197827,1.495072,0.001903,0.061094,0.002228,0.022763,0.018666,0.016796,-0.036173
2025-12-16 18:26:21.340,0.155733,0.182850,0.063489,-2.380443,1.354383,2.197834,1.495037,0.000105,0.059181,0.001623,0.025010,0.018845,0.016218,-0.036886
2025-12-16 18:26:21.343,0.155736,0.183018,0.063494,-2.380371,1.354445,2.197860,1.494936,0.000832,0.055011,0.001977,0.028010,0.020307,0.014477,-0.031803
2025-12-16 18:26:21.345,0.155738,0.183073,0.063494,-2.380352,1.354465,2.197871,1.494901,0.000568,0.053080,0.001361,0.024905,0.020153,0.016013,-0.034105
2025-12-16 18:26:21.346,0.155741,0.183182,0.063496,-2.380301,1.354506,2.197887,1.494838,0.001597,0.054573,0.001023,0.025220,0.019177,0.016398,-0.034928
2025-12-16 18:26:21.347,0.155739,0.183242,0.063497,-2.380275,1.354525,2.197896,1.494802,-0.000043,0.060377,0.000700,0.025392,0.018677,0.012381,-0.036311
2025-12-16 18:26:21.349,0.155741,0.183301,0.063495,-2.380254,1.354544,2.197902,1.494769,0.000532,0.059015,-0.000076,0.024572,0.018380,0.013811,-0.036506
2025-12-16 18:26:21.350,0.155736,0.183354,0.063499,-2.380231,1.354562,2.197910,1.494737,-0.001405,0.055743,0.000516,0.024338,0.018292,0.010423,-0.037242
2025-12-16 18:26:21.351,0.155741,0.183406,0.063502,-2.380207,1.354585,2.197919,1.494709,0.000829,0.053686,0.001002,0.024088,0.018786,0.008573,-0.035744
2025-12-16 18:26:21.352,0.155742,0.183515,0.063500,-2.380164,1.354622,2.197934,1.494640,-0.000186,0.054211,-0.001557,0.022186,0.019205,0.009677,-0.039588
2025-12-16 18:26:21.353,0.155743,0.183571,0.063505,-2.380139,1.354642,2.197942,1.494612,0.002526,0.055913,0.002120,0.026773,0.024128,0.007224,-0.037327
2025-12-16 18:26:21.354,0.155742,0.183621,0.063509,-2.380117,1.354660,2.197949,1.494582,0.001403,0.052100,0.001122,0.023238,0.022419,0.010414,-0.031735
2025-12-16 18:26:21.356,0.155741,0.183682,0.063508,-2.380089,1.354680,2.197959,1.494554,-0.000064,0.053500,0.002300,0.021748,0.021823,0.008140,-0.027819
2025-12-16 18:26:21.357,0.155739,0.183731,0.063514,-2.380064,1.354699,2.197968,1.494524,0.001667,0.050923,0.001386,0.023172,0.021065,0.006045,-0.030717
2025-12-16 18:26:21.358,0.155733,0.183833,0.063520,-2.380013,1.354738,2.197981,1.494464,0.000430,0.049183,-0.001857,0.022292,0.020166,0.002756,-0.025469
2025-12-16 18:26:21.359,0.155737,0.183887,0.063524,-2.379993,1.354759,2.197992,1.494431,0.003435,0.051822,0.000327,0.022662,0.020457,0.007494,-0.028884
2025-12-16 18:26:21.360,0.155738,0.183935,0.063529,-2.379969,1.354777,2.198003,1.494405,0.004427,0.049384,0.001968,0.022996,0.019635,0.011677,-0.025355
2025-12-16 18:26:21.362,0.155741,0.183989,0.063536,-2.379941,1.354795,2.198017,1.494374,0.002587,0.049414,0.001867,0.021995,0.019068,0.009323,-0.028021
2025-12-16 18:26:21.363,0.155742,0.184099,0.063544,-2.379892,1.354833,2.198038,1.494307,0.002403,0.053625,0.001682,0.022409,0.019088,0.013769,-0.025411
2025-12-16 18:26:21.364,0.155744,0.184150,0.063545,-2.379871,1.354855,2.198051,1.494282,0.001629,0.051595,0.002930,0.019872,0.023383,0.014919,-0.026393
2025-12-16 18:26:21.365,0.155748,0.184199,0.063552,-2.379849,1.354874,2.198061,1.494243,0.000967,0.049687,0.002539,0.021099,0.026666,0.015771,-0.032476
2025-12-16 18:26:21.366,0.155750,0.184247,0.063554,-2.379821,1.354895,2.198077,1.494213,0.000973,0.047264,0.000925,0.023030,0.025083,0.017109,-0.028235
2025-12-16 18:26:21.367,0.155749,0.184304,0.063560,-2.379800,1.354916,2.198088,1.494182,0.000245,0.048059,0.001502,0.022272,0.024194,0.017768,-0.031469
2025-12-16 18:26:21.368,0.155749,0.184352,0.063562,-2.379773,1.354935,2.198098,1.494160,0.000348,0.049653,0.001248,0.024192,0.022758,0.013237,-0.026020
2025-12-16 18:26:21.370,0.155752,0.184412,0.063567,-2.379744,1.354958,2.198111,1.494127,0.002134,0.051296,0.002781,0.025511,0.017032,0.014544,-0.029529
2025-12-16 18:26:21.371,0.155753,0.184514,0.063568,-2.379697,1.354995,2.198132,1.494058,0.002085,0.053261,0.002794,0.024791,0.017199,0.014115,-0.035115
2025-12-16 18:26:21.372,0.155757,0.184569,0.063572,-2.379669,1.355016,2.198142,1.494034,0.003212,0.052292,0.004261,0.021825,0.017066,0.010411,-0.033438
2025-12-16 18:26:21.373,0.155758,0.184619,0.063571,-2.379646,1.355041,2.198153,1.494006,0.003299,0.053459,0.003549,0.021542,0.018217,0.011851,-0.029594
2025-12-16 18:26:21.374,0.155767,0.184673,0.063577,-2.379620,1.355062,2.198169,1.493974,0.005202,0.051200,0.004730,0.021911,0.023080,0.014482,-0.031658
2025-12-16 18:26:21.375,0.155764,0.184724,0.063577,-2.379590,1.355084,2.198179,1.493933,-0.000345,0.052178,0.001159,0.024083,0.022988,0.010529,-0.036043
2025-12-16 18:26:21.376,0.155767,0.184780,0.063578,-2.379563,1.355107,2.198189,1.493906,0.001286,0.054122,0.002299,0.024319,0.021980,0.011563,-0.029297
2025-12-16 18:26:21.378,0.155768,0.184839,0.063583,-2.379534,1.355130,2.198199,1.493876,0.001229,0.052672,0.003768,0.024568,0.020822,0.013121,-0.025297
2025-12-16 18:26:21.379,0.155773,0.184890,0.063581,-2.379509,1.355152,2.198213,1.493836,0.002444,0.053133,0.002378,0.026595,0.019939,0.014970,-0.030827
2025-12-16 18:26:21.380,0.155779,0.185006,0.063585,-2.379449,1.355198,2.198230,1.493771,0.003320,0.055531,0.000457,0.029432,0.019006,0.007278,-0.035093
2025-12-16 18:26:21.381,0.155780,0.185064,0.063588,-2.379421,1.355222,2.198240,1.493740,0.003268,0.056321,0.001749,0.027737,0.023709,0.005953,-0.031219
2025-12-16 18:26:21.382,0.155783,0.185119,0.063587,-2.379392,1.355244,2.198252,1.493714,0.003898,0.053307,0.001484,0.029118,0.022879,0.008842,-0.030322
2025-12-16 18:26:21.383,0.155783,0.185182,0.063589,-2.379362,1.355268,2.198264,1.493679,0.000565,0.059360,-0.001106,0.030717,0.022161,0.011943,-0.033025
2025-12-16 18:26:21.385,0.155787,0.185244,0.063592,-2.379331,1.355286,2.198275,1.493648,0.001755,0.057875,0.000631,0.032540,0.020732,0.012821,-0.033487
2025-12-16 18:26:21.386,0.155790,0.185298,0.063595,-2.379300,1.355308,2.198287,1.493616,0.002714,0.056963,0.001238,0.033351,0.015246,0.010059,-0.029499
2025-12-16 18:26:21.387,0.155789,0.185415,0.063597,-2.379238,1.355348,2.198307,1.493554,0.001623,0.058122,0.001999,0.034706,0.016735,0.005929,-0.032930
2025-12-16 18:26:21.388,0.155793,0.185475,0.063596,-2.379203,1.355366,2.198316,1.493515,0.002103,0.059018,0.001208,0.036629,0.017959,0.004433,-0.037036
2025-12-16 18:26:21.389,0.155794,0.185539,0.063595,-2.379174,1.355384,2.198327,1.493487,0.001333,0.061413,0.000155,0.035017,0.018139,0.008374,-0.035446
2025-12-16 18:26:21.390,0.155796,0.185602,0.063593,-2.379138,1.355404,2.198337,1.493455,0.001393,0.061723,-0.000524,0.037218,0.018625,0.011156,-0.037140
2025-12-16 18:26:21.392,0.155794,0.185660,0.063595,-2.379102,1.355422,2.198348,1.493433,0.000333,0.061246,0.000155,0.035430,0.018237,0.009054,-0.029969
2025-12-16 18:26:21.393,0.155794,0.185724,0.063596,-2.379071,1.355436,2.198358,1.493400,0.000193,0.062313,0.000621,0.031601,0.017707,0.011401,-0.027658
2025-12-16 18:26:21.394,0.155799,0.185849,0.063600,-2.378997,1.355468,2.198379,1.493335,0.001045,0.063762,0.000883,0.034233,0.013230,0.015242,-0.027258
2025-12-16 18:26:21.395,0.155799,0.185916,0.063599,-2.378965,1.355480,2.198391,1.493303,0.000684,0.064187,-0.000077,0.031837,0.014681,0.016811,-0.034006
2025-12-16 18:26:21.396,0.155794,0.185977,0.063601,-2.378928,1.355494,2.198401,1.493268,-0.001316,0.063769,0.000586,0.034465,0.011051,0.017149,-0.035653
2025-12-16 18:26:21.398,0.155800,0.186044,0.063596,-2.378893,1.355509,2.198410,1.493236,0.000322,0.062071,-0.001382,0.034821,0.013221,0.012792,-0.031064
2025-12-16 18:26:21.399,0.155795,0.186174,0.063597,-2.378821,1.355539,2.198429,1.493164,-0.001628,0.063267,0.002070,0.035546,0.016078,0.011802,-0.030200
2025-12-16 18:26:21.400,0.155799,0.186230,0.063596,-2.378787,1.355550,2.198442,1.493132,-0.000531,0.062027,0.000523,0.036189,0.015748,0.014607,-0.031691
2025-12-16 18:26:21.401,0.155793,0.186288,0.063595,-2.378750,1.355566,2.198450,1.493088,-0.002676,0.058868,-0.000665,0.038359,0.012516,0.010478,-0.035341
2025-12-16 18:26:21.402,0.155795,0.186356,0.063595,-2.378716,1.355577,2.198462,1.493053,-0.001229,0.062712,-0.000856,0.039332,0.009374,0.008567,-0.035623
2025-12-16 18:26:21.403,0.155793,0.186422,0.063594,-2.378682,1.355588,2.198473,1.493021,-0.001377,0.064136,-0.001669,0.039478,0.010737,0.006676,-0.034645
2025-12-16 18:26:21.405,0.155799,0.186486,0.063594,-2.378650,1.355605,2.198483,1.492985,0.000844,0.061402,-0.001031,0.035630,0.013773,0.004921,-0.034678
2025-12-16 18:26:21.406,0.155793,0.186553,0.063597,-2.378612,1.355617,2.198493,1.492945,-0.001201,0.064119,-0.000627,0.037163,0.009654,0.004006,-0.036294
2025-12-16 18:26:21.407,0.155788,0.186678,0.063594,-2.378549,1.355651,2.198514,1.492861,-0.002112,0.062177,-0.001142,0.031479,0.013925,0.006145,-0.034655
2025-12-16 18:26:21.408,0.155790,0.186743,0.063595,-2.378521,1.355668,2.198526,1.492826,-0.001408,0.059871,-0.000735,0.031695,0.014804,0.010017,-0.033205
2025-12-16 18:26:21.409,0.155789,0.186809,0.063596,-2.378487,1.355681,2.198539,1.492787,-0.001496,0.061923,0.000086,0.034627,0.011468,0.012855,-0.034526
2025-12-16 18:26:21.410,0.155786,0.186873,0.063593,-2.378458,1.355698,2.198548,1.492747,-0.002204,0.062985,-0.001135,0.034407,0.013298,0.009552,-0.034993
2025-12-16 18:26:21.411,0.155784,0.186945,0.063593,-2.378426,1.355720,2.198560,1.492698,-0.001469,0.066117,-0.000746,0.032797,0.010949,0.007817,-0.042681
2025-12-16 18:26:21.413,0.155780,0.187001,0.063591,-2.378397,1.355734,2.198567,1.492656,-0.002093,0.060997,-0.001046,0.033182,0.012483,0.005051,-0.045874
2025-12-16 18:26:21.414,0.155776,0.187120,0.063589,-2.378338,1.355767,2.198580,1.492569,-0.002137,0.061821,-0.001199,0.032300,0.011528,0.009528,-0.041965
2025-12-16 18:26:21.415,0.155771,0.187184,0.063591,-2.378312,1.355785,2.198586,1.492529,-0.003188,0.062520,-0.000239,0.031926,0.013023,0.010868,-0.044137
2025-12-16 18:26:21.416,0.155767,0.187250,0.063591,-2.378286,1.355802,2.198601,1.492477,-0.002682,0.064267,-0.000157,0.029272,0.015164,0.010153,-0.045469
2025-12-16 18:26:21.417,0.155768,0.187313,0.063591,-2.378252,1.355817,2.198612,1.492441,-0.001231,0.064771,-0.000102,0.031937,0.011334,0.012593,-0.045532
2025-12-16 18:26:21.418,0.155765,0.187376,0.063589,-2.378225,1.355836,2.198624,1.492395,-0.004046,0.061870,-0.000624,0.029602,0.013510,0.014820,-0.048340
2025-12-16 18:26:21.419,0.155765,0.187434,0.063589,-2.378201,1.355855,2.198631,1.492349,-0.002966,0.061544,-0.000415,0.026109,0.010087,0.014917,-0.050875
2025-12-16 18:26:21.420,0.155761,0.187493,0.063585,-2.378171,1.355873,2.198636,1.492307,-0.003293,0.061200,-0.000925,0.029454,0.007196,0.014574,-0.047194
2025-12-16 18:26:21.421,0.155760,0.187550,0.063586,-2.378147,1.355892,2.198645,1.492264,-0.001789,0.059925,0.000033,0.026059,0.010100,0.015365,-0.045888
2025-12-16 18:26:21.422,0.155760,0.187612,0.063584,-2.378121,1.355906,2.198651,1.492224,-0.001306,0.061329,-0.000627,0.024964,0.011562,0.016304,-0.047990
2025-12-16 18:26:21.424,0.155754,0.187676,0.063584,-2.378092,1.355925,2.198661,1.492182,-0.002070,0.063024,-0.000418,0.028476,0.013760,0.012673,-0.046101
2025-12-16 18:26:21.425,0.155760,0.187739,0.063582,-2.378068,1.355944,2.198672,1.492137,0.000877,0.061471,-0.000278,0.026154,0.015049,0.010234,-0.045124
2025-12-16 18:26:21.426,0.155752,0.187854,0.063578,-2.378012,1.355981,2.198691,1.492056,-0.000452,0.058042,-0.001237,0.025437,0.020917,0.004480,-0.046405
2025-12-16 18:26:21.427,0.155748,0.187911,0.063581,-2.377989,1.356000,2.198697,1.492023,-0.000885,0.056089,0.000289,0.022932,0.020298,0.007325,-0.041280
2025-12-16 18:26:21.428,0.155746,0.187971,0.063576,-2.377961,1.356017,2.198708,1.491982,-0.000053,0.055776,-0.001478,0.023300,0.014510,0.006355,-0.046008
2025-12-16 18:26:21.430,0.155745,0.188026,0.063581,-2.377936,1.356035,2.198714,1.491936,-0.003262,0.054267,0.000685,0.025923,0.016287,0.004781,-0.041394
2025-12-16 18:26:21.431,0.155741,0.188087,0.063579,-2.377907,1.356052,2.198724,1.491908,-0.002454,0.057604,-0.000100,0.025986,0.016658,0.004307,-0.033379
2025-12-16 18:26:21.432,0.155737,0.188203,0.063578,-2.377855,1.356083,2.198741,1.491835,-0.001542,0.057907,-0.000416,0.024624,0.018001,0.007612,-0.037612
2025-12-16 18:26:21.433,0.155735,0.188263,0.063580,-2.377827,1.356096,2.198746,1.491798,-0.001795,0.059781,-0.000277,0.024426,0.017499,0.005260,-0.033735
2025-12-16 18:26:21.434,0.155735,0.188319,0.063577,-2.377802,1.356114,2.198751,1.491759,-0.001285,0.056664,-0.001391,0.026680,0.018198,0.007529,-0.031878
2025-12-16 18:26:21.435,0.155733,0.188379,0.063575,-2.377769,1.356123,2.198762,1.491726,-0.001480,0.056770,-0.000927,0.029951,0.012629,0.011857,-0.028069
2025-12-16 18:26:21.437,0.155732,0.188430,0.063576,-2.377745,1.356140,2.198768,1.491695,-0.001593,0.056764,-0.000618,0.027002,0.015393,0.009162,-0.033418
2025-12-16 18:26:21.438,0.155732,0.188551,0.063574,-2.377683,1.356168,2.198782,1.491626,-0.001410,0.058480,-0.001388,0.030177,0.016828,0.010111,-0.037304
2025-12-16 18:26:21.439,0.155733,0.188611,0.063572,-2.377657,1.356180,2.198789,1.491595,-0.000961,0.060656,-0.002132,0.032279,0.012947,0.007892,-0.038066
2025-12-16 18:26:21.440,0.155729,0.188667,0.063575,-2.377633,1.356191,2.198794,1.491575,-0.001770,0.058432,-0.000865,0.029164,0.013763,0.005845,-0.030206
2025-12-16 18:26:21.441,0.155735,0.188723,0.063572,-2.377601,1.356203,2.198801,1.491545,-0.000078,0.057061,-0.002340,0.029430,0.009710,0.008660,-0.027810
2025-12-16 18:26:21.442,0.155732,0.188773,0.063576,-2.377574,1.356216,2.198808,1.491512,-0.000618,0.054062,-0.000353,0.028147,0.008002,0.006866,-0.027082
2025-12-16 18:26:21.443,0.155730,0.188829,0.063571,-2.377544,1.356228,2.198817,1.491480,-0.001532,0.056684,-0.001999,0.028013,0.010458,0.010180,-0.025963
2025-12-16 18:26:21.444,0.155729,0.188885,0.063570,-2.377515,1.356240,2.198824,1.491455,-0.001676,0.054923,-0.001889,0.028381,0.008208,0.012853,-0.022467
2025-12-16 18:26:21.446,0.155729,0.188940,0.063572,-2.377485,1.356253,2.198829,1.491432,-0.001121,0.056341,-0.001260,0.028121,0.010803,0.013894,-0.024452
2025-12-16 18:26:21.449,0.155733,0.189157,0.063573,-2.377366,1.356301,2.198860,1.491326,0.001008,0.054335,-0.000352,0.024022,0.014247,0.011538,-0.025216
2025-12-16 18:26:21.450,0.155729,0.189212,0.063571,-2.377339,1.356314,2.198864,1.491299,-0.000535,0.055499,-0.000791,0.026719,0.016068,0.007883,-0.023644
2025-12-16 18:26:21.451,0.155729,0.189270,0.063571,-2.377307,1.356327,2.198872,1.491275,-0.000357,0.054419,0.000029,0.027143,0.016729,0.005585,-0.026698
2025-12-16 18:26:21.452,0.155734,0.189324,0.063572,-2.377275,1.356338,2.198882,1.491245,0.002081,0.052905,0.000576,0.029993,0.012529,0.004623,-0.021873
2025-12-16 18:26:21.453,0.155731,0.189384,0.063573,-2.377246,1.356350,2.198887,1.491226,0.000830,0.056474,0.000941,0.028138,0.013726,0.003104,-0.023853
2025-12-16 18:26:21.455,0.155733,0.189489,0.063573,-2.377188,1.356376,2.198899,1.491181,0.000740,0.053747,0.000851,0.027074,0.012895,0.004853,-0.018441
2025-12-16 18:26:21.456,0.155734,0.189539,0.063574,-2.377155,1.356387,2.198902,1.491152,0.001700,0.051358,0.001124,0.027765,0.014687,0.002610,-0.025298
2025-12-16 18:26:21.457,0.155735,0.189594,0.063573,-2.377130,1.356401,2.198906,1.491132,0.001690,0.050469,-0.001837,0.025828,0.015983,0.006402,-0.022394
2025-12-16 18:26:21.458,0.155737,0.189644,0.063572,-2.377105,1.356411,2.198913,1.491117,-0.001445,0.048936,-0.001487,0.024505,0.016303,0.004544,-0.019280
2025-12-16 18:26:21.459,0.155733,0.189699,0.063574,-2.377067,1.356421,2.198921,1.491090,-0.002438,0.051371,-0.000538,0.028043,0.012217,0.004263,-0.020772
2025-12-16 18:26:21.460,0.155733,0.189748,0.063579,-2.377042,1.356435,2.198926,1.491064,-0.001270,0.048575,0.001257,0.029020,0.014168,0.003207,-0.025677
2025-12-16 18:26:21.462,0.155734,0.189806,0.063575,-2.377011,1.356445,2.198934,1.491043,-0.000348,0.049428,0.000078,0.028666,0.010291,0.003124,-0.024202
2025-12-16 18:26:21.463,0.155733,0.189903,0.063578,-2.376953,1.356469,2.198938,1.491006,0.000056,0.050856,-0.002228,0.026928,0.010571,0.000210,-0.020316
2025-12-16 18:26:21.464,0.155738,0.189956,0.063577,-2.376919,1.356477,2.198939,1.490981,0.001737,0.052123,-0.001236,0.028034,0.011854,0.004955,-0.020701
2025-12-16 18:26:21.465,0.155736,0.190015,0.063579,-2.376893,1.356489,2.198944,1.490951,0.000461,0.054176,-0.001055,0.026548,0.008949,0.004154,-0.022377
2025-12-16 18:26:21.467,0.155741,0.190119,0.063578,-2.376831,1.356509,2.198955,1.490911,0.001546,0.055973,-0.001085,0.029761,0.013063,0.007567,-0.023724
2025-12-16 18:26:21.468,0.155738,0.190173,0.063579,-2.376803,1.356521,2.198954,1.490891,-0.000196,0.057489,-0.000264,0.031390,0.014173,0.004793,-0.021807
2025-12-16 18:26:21.469,0.155737,0.190222,0.063578,-2.376772,1.356532,2.198954,1.490864,-0.000703,0.054229,-0.000806,0.033194,0.010688,0.003566,-0.021476
2025-12-16 18:26:21.470,0.155735,0.190273,0.063580,-2.376747,1.356544,2.198955,1.490837,-0.001037,0.052510,-0.000592,0.030583,0.013436,0.001943,-0.027411
2025-12-16 18:26:21.471,0.155741,0.190326,0.063579,-2.376718,1.356553,2.198960,1.490809,0.001064,0.051653,-0.000993,0.029531,0.010047,0.001877,-0.030686
2025-12-16 18:26:21.472,0.155739,0.190373,0.063579,-2.376682,1.356568,2.198964,1.490789,0.006537,0.049825,-0.000693,0.033695,0.012906,0.002119,-0.025878
2025-12-16 18:26:21.474,0.155741,0.190423,0.063581,-2.376654,1.356577,2.198966,1.490761,0.004893,0.049098,-0.000485,0.031917,0.008932,0.001903,-0.030263
2025-12-16 18:26:21.475,0.155740,0.190472,0.063580,-2.376628,1.356588,2.198971,1.490736,0.003107,0.051130,-0.000990,0.029786,0.011858,0.002069,-0.031177
2025-12-16 18:26:21.476,0.155740,0.190574,0.063580,-2.376568,1.356610,2.198981,1.490693,0.000880,0.050507,-0.001634,0.025945,0.009979,0.009541,-0.027308
2025-12-16 18:26:21.477,0.155742,0.190629,0.063581,-2.376537,1.356621,2.198985,1.490663,0.001313,0.047934,-0.001653,0.027370,0.012407,0.006705,-0.026202
2025-12-16 18:26:21.478,0.155742,0.190672,0.063584,-2.376515,1.356635,2.198989,1.490629,0.000445,0.045680,-0.000551,0.028095,0.014412,0.005007,-0.030880
2025-12-16 18:26:21.479,0.155745,0.190727,0.063583,-2.376487,1.356648,2.198995,1.490600,0.000949,0.048120,-0.000928,0.027636,0.015174,0.004114,-0.028142
2025-12-16 18:26:21.480,0.155743,0.190780,0.063583,-2.376455,1.356663,2.199005,1.490582,0.000147,0.048651,-0.000622,0.028203,0.016474,0.008683,-0.023086
2025-12-16 18:26:21.481,0.155747,0.190833,0.063587,-2.376427,1.356675,2.199016,1.490553,0.001265,0.052357,0.000790,0.027121,0.017437,0.011441,-0.027203
2025-12-16 18:26:21.483,0.155742,0.190938,0.063583,-2.376369,1.356701,2.199037,1.490486,0.000650,0.051225,-0.000641,0.028323,0.015895,0.010860,-0.025868
2025-12-16 18:26:21.484,0.155740,0.190998,0.063583,-2.376339,1.356719,2.199044,1.490465,-0.000101,0.053873,-0.000429,0.031087,0.012652,0.007032,-0.022088
2025-12-16 18:26:21.485,0.155742,0.191046,0.063587,-2.376312,1.356735,2.199053,1.490437,0.000507,0.048439,0.000920,0.029024,0.014170,0.009668,-0.024929
2025-12-16 18:26:21.486,0.155743,0.191091,0.063588,-2.376284,1.356750,2.199064,1.490400,0.000907,0.047680,0.001170,0.031718,0.015587,0.012354,-0.030859
2025-12-16 18:26:21.488,0.155742,0.191147,0.063585,-2.376257,1.356767,2.199075,1.490373,0.000058,0.049580,-0.000427,0.029524,0.017029,0.008914,-0.025858
2025-12-16 18:26:21.489,0.155743,0.191200,0.063587,-2.376225,1.356780,2.199082,1.490342,0.001159,0.050246,0.000365,0.032540,0.017049,0.011093,-0.029173
2025-12-16 18:26:21.490,0.155744,0.191310,0.063590,-2.376175,1.356811,2.199107,1.490279,0.001172,0.053549,-0.003592,0.027680,0.017337,0.009570,-0.029431
2025-12-16 18:26:21.491,0.155743,0.191364,0.063591,-2.376144,1.356828,2.199117,1.490245,0.001341,0.053157,-0.001022,0.027857,0.017387,0.007225,-0.032626
2025-12-16 18:26:21.492,0.155741,0.191415,0.063588,-2.376115,1.356846,2.199125,1.490213,0.000340,0.052332,-0.001531,0.029323,0.018437,0.004737,-0.033465
2025-12-16 18:26:21.493,0.155746,0.191473,0.063589,-2.376091,1.356865,2.199134,1.490182,0.002548,0.053685,-0.000683,0.026640,0.018960,0.007941,-0.033733
2025-12-16 18:26:21.495,0.155748,0.191523,0.063593,-2.376063,1.356882,2.199146,1.490145,0.002814,0.055171,0.000586,0.028426,0.019503,0.005667,-0.030070
2025-12-16 18:26:21.496,0.155746,0.191637,0.063591,-2.376000,1.356916,2.199165,1.490068,0.001623,0.054566,-0.001351,0.024878,0.015778,0.011146,-0.032707
2025-12-16 18:26:21.497,0.155745,0.191693,0.063592,-2.375970,1.356934,2.199173,1.490042,0.001083,0.054459,-0.000517,0.027734,0.011786,0.007718,-0.031067
2025-12-16 18:26:21.498,0.155744,0.191752,0.063593,-2.375946,1.356948,2.199182,1.490012,0.001372,0.054862,0.000569,0.025712,0.013182,0.010587,-0.031448
2025-12-16 18:26:21.499,0.155749,0.191811,0.063594,-2.375913,1.356966,2.199189,1.489975,0.002585,0.055658,0.000879,0.029472,0.014661,0.011575,-0.033224
2025-12-16 18:26:21.501,0.155748,0.191861,0.063597,-2.375883,1.356982,2.199197,1.489944,0.002373,0.054528,0.001587,0.031239,0.015707,0.009531,-0.034460
2025-12-16 18:26:21.502,0.155745,0.191921,0.063595,-2.375853,1.357000,2.199206,1.489906,0.001582,0.055480,0.000417,0.032303,0.011783,0.007181,-0.036868
2025-12-16 18:26:21.503,0.155746,0.192027,0.063599,-2.375795,1.357031,2.199227,1.489844,0.000487,0.053940,0.001209,0.030545,0.015185,0.009255,-0.035894
2025-12-16 18:26:21.504,0.155747,0.192077,0.063594,-2.375763,1.357045,2.199235,1.489804,0.000882,0.053338,-0.000900,0.029389,0.015703,0.006910,-0.033835
2025-12-16 18:26:21.505,0.155747,0.192140,0.063595,-2.375734,1.357058,2.199241,1.489778,0.000588,0.056431,-0.000070,0.030364,0.016281,0.005162,-0.033211
2025-12-16 18:26:21.506,0.155747,0.192194,0.063595,-2.375701,1.357067,2.199252,1.489744,0.000392,0.054936,-0.000066,0.029578,0.020981,0.009256,-0.034642
2025-12-16 18:26:21.507,0.155742,0.192250,0.063596,-2.375672,1.357081,2.199257,1.489709,-0.001502,0.054435,-0.000616,0.030606,0.020469,0.006534,-0.037279
2025-12-16 18:26:21.508,0.155746,0.192304,0.063592,-2.375638,1.357095,2.199266,1.489683,-0.000352,0.054725,-0.001072,0.030096,0.020221,0.009580,-0.030345
2025-12-16 18:26:21.509,0.155748,0.192358,0.063594,-2.375610,1.357109,2.199272,1.489647,0.000322,0.054440,-0.000723,0.030794,0.019901,0.011836,-0.034350
2025-12-16 18:26:21.511,0.155745,0.192411,0.063595,-2.375579,1.357121,2.199280,1.489613,-0.000991,0.057335,-0.001045,0.030060,0.019949,0.009954,-0.030662
2025-12-16 18:26:21.512,0.155747,0.192466,0.063594,-2.375546,1.357131,2.199285,1.489594,-0.000661,0.056963,-0.001258,0.029900,0.019650,0.007370,-0.025057
2025-12-16 18:26:21.513,0.155743,0.192576,0.063594,-2.375485,1.357159,2.199302,1.489533,-0.001779,0.053416,-0.001369,0.031054,0.019363,0.013192,-0.030929
2025-12-16 18:26:21.514,0.155743,0.192628,0.063595,-2.375458,1.357169,2.199307,1.489503,-0.001186,0.053443,-0.001471,0.029028,0.018985,0.009785,-0.028298
2025-12-16 18:26:21.515,0.155740,0.192680,0.063596,-2.375426,1.357177,2.199312,1.489476,-0.001997,0.053422,-0.001632,0.030050,0.013608,0.011942,-0.026235
2025-12-16 18:26:21.517,0.155740,0.192778,0.063592,-2.375375,1.357202,2.199325,1.489420,-0.001290,0.047719,-0.002026,0.026640,0.012593,0.006649,-0.027704
2025-12-16 18:26:21.518,0.155742,0.192834,0.063594,-2.375346,1.357213,2.199331,1.489397,-0.000860,0.047950,-0.000795,0.029710,0.013717,0.006050,-0.029655
2025-12-16 18:26:21.519,0.155739,0.192883,0.063595,-2.375317,1.357223,2.199334,1.489366,-0.001687,0.045879,0.000027,0.032287,0.015075,0.008748,-0.029117
2025-12-16 18:26:21.520,0.155737,0.192926,0.063590,-2.375295,1.357234,2.199338,1.489345,-0.001774,0.045970,-0.001746,0.029229,0.011628,0.006522,-0.029956
2025-12-16 18:26:21.521,0.155737,0.192976,0.063590,-2.375267,1.357247,2.199344,1.489325,-0.001183,0.047866,-0.001164,0.030985,0.013380,0.004154,-0.025842
2025-12-16 18:26:21.522,0.155732,0.193026,0.063592,-2.375243,1.357257,2.199353,1.489295,-0.001902,0.049177,-0.000127,0.029608,0.014370,0.004243,-0.026356
2025-12-16 18:26:21.524,0.155733,0.193073,0.063594,-2.375218,1.357269,2.199356,1.489282,-0.000711,0.049230,-0.000085,0.028517,0.016181,0.002407,-0.021764
2025-12-16 18:26:21.525,0.155729,0.193122,0.063593,-2.375191,1.357278,2.199361,1.489251,-0.001681,0.050421,-0.000057,0.028296,0.012086,0.001823,-0.019007
2025-12-16 18:26:21.526,0.155733,0.193162,0.063592,-2.375168,1.357292,2.199367,1.489234,0.000086,0.047412,-0.000038,0.027267,0.014033,0.001718,-0.017863
2025-12-16 18:26:21.527,0.155733,0.193252,0.063592,-2.375119,1.357316,2.199373,1.489191,-0.006176,0.048568,0.000200,0.020648,0.012870,0.000090,-0.019794
2025-12-16 18:26:21.528,0.155733,0.193292,0.063592,-2.375095,1.357328,2.199376,1.489165,-0.004651,0.047276,0.000133,0.021745,0.009917,-0.000583,-0.021300
2025-12-16 18:26:21.529,0.155731,0.193337,0.063590,-2.375080,1.357336,2.199382,1.489151,-0.004057,0.048111,-0.000561,0.017264,0.011557,0.000036,-0.018561
2025-12-16 18:26:21.530,0.155727,0.193383,0.063588,-2.375046,1.357349,2.199388,1.489134,-0.003655,0.046216,-0.000374,0.022779,0.014658,0.000402,-0.017931
2025-12-16 18:26:21.532,0.155728,0.193468,0.063593,-2.375006,1.357366,2.199393,1.489088,-0.001293,0.040348,0.000824,0.020002,0.007349,0.000333,-0.020916
2025-12-16 18:26:21.533,0.155726,0.193513,0.063591,-2.374982,1.357375,2.199395,1.489077,-0.001638,0.039766,0.000549,0.021671,0.005531,-0.000474,-0.013693
2025-12-16 18:26:21.534,0.155724,0.193554,0.063593,-2.374968,1.357386,2.199398,1.489057,-0.001744,0.041866,0.000366,0.020509,0.004467,-0.001049,-0.014670
2025-12-16 18:26:21.535,0.155728,0.193591,0.063590,-2.374945,1.357397,2.199398,1.489042,-0.000027,0.042042,-0.000313,0.022681,0.007364,-0.001029,-0.015032
2025-12-16 18:26:21.536,0.155728,0.193626,0.063589,-2.374922,1.357410,2.199400,1.489022,-0.000072,0.042075,-0.000858,0.021465,0.010393,-0.000340,-0.016738
2025-12-16 18:26:21.537,0.155726,0.193667,0.063592,-2.374905,1.357421,2.199401,1.488996,-0.000737,0.041303,0.000078,0.018477,0.007823,0.000151,-0.019432
2025-12-16 18:26:21.538,0.155724,0.193702,0.063590,-2.374884,1.357430,2.199404,1.488984,-0.001078,0.038254,-0.000598,0.017636,0.010211,0.000851,-0.013312
2025-12-16 18:26:21.539,0.155724,0.193735,0.063592,-2.374863,1.357441,2.199406,1.488971,-0.000742,0.035491,0.000251,0.019830,0.008038,0.001282,-0.008159
2025-12-16 18:26:21.540,0.155728,0.193773,0.063590,-2.374846,1.357451,2.199408,1.488953,0.006438,0.037621,-0.000482,0.018061,0.009717,0.000484,-0.010569
2025-12-16 18:26:21.542,0.155722,0.193811,0.063592,-2.374826,1.357464,2.199405,1.488934,0.003142,0.038027,0.000328,0.017957,0.012747,-0.000015,-0.012686
2025-12-16 18:26:21.543,0.155728,0.193844,0.063592,-2.374808,1.357473,2.199405,1.488915,0.004155,0.032787,0.000219,0.017167,0.013916,0.000330,-0.014507
2025-12-16 18:26:21.544,0.155727,0.193881,0.063594,-2.374794,1.357484,2.199408,1.488894,0.002506,0.030574,0.000146,0.015225,0.011143,0.000221,-0.017416
2025-12-16 18:26:21.545,0.155726,0.193948,0.063594,-2.374763,1.357507,2.199408,1.488860,0.000868,0.031723,-0.000925,0.010810,0.010806,-0.000127,-0.011931
2025-12-16 18:26:21.546,0.155724,0.193978,0.063593,-2.374739,1.357515,2.199409,1.488843,-0.000505,0.031233,-0.001174,0.014291,0.012127,0.000255,-0.014013
2025-12-16 18:26:21.547,0.155723,0.194012,0.063593,-2.374723,1.357527,2.199409,1.488819,-0.000801,0.032595,-0.001432,0.014207,0.014533,0.000170,-0.017273
2025-12-16 18:26:21.548,0.155727,0.194046,0.063592,-2.374707,1.357536,2.199413,1.488800,0.000742,0.033677,0.001615,0.011573,0.010538,0.000114,-0.017505
2025-12-16 18:26:21.549,0.155727,0.194080,0.063593,-2.374695,1.357547,2.199414,1.488786,0.000547,0.034429,0.000780,0.007900,0.012971,0.000076,-0.015939
2025-12-16 18:26:21.550,0.155727,0.194108,0.063592,-2.374679,1.357556,2.199416,1.488773,0.000404,0.033101,-0.000491,0.009662,0.013094,0.000797,-0.010230
2025-12-16 18:26:21.552,0.155725,0.194143,0.063592,-2.374661,1.357567,2.199422,1.488745,-0.000351,0.034607,-0.001294,0.011045,0.010223,0.001243,-0.010753
2025-12-16 18:26:21.553,0.155722,0.194173,0.063597,-2.374646,1.357578,2.199422,1.488727,-0.001326,0.030664,0.002954,0.014916,0.008046,0.000456,-0.017041
2025-12-16 18:26:21.554,0.155722,0.194204,0.063596,-2.374636,1.357587,2.199425,1.488717,-0.000867,0.029058,0.001757,0.013138,0.005693,0.000304,-0.010567
2025-12-16 18:26:21.555,0.155722,0.194235,0.063594,-2.374621,1.357601,2.199432,1.488689,-0.000566,0.030927,0.001430,0.013553,0.009460,-0.000136,-0.015017
2025-12-16 18:26:21.556,0.155721,0.194298,0.063595,-2.374598,1.357627,2.199444,1.488645,0.000318,0.030011,0.001282,0.012292,0.013721,-0.000807,-0.016853
2025-12-16 18:26:21.557,0.155719,0.194332,0.063599,-2.374581,1.357639,2.199455,1.488623,-0.000339,0.032073,0.002077,0.013756,0.015766,0.004909,-0.018021
2025-12-16 18:26:21.558,0.155722,0.194360,0.063593,-2.374570,1.357651,2.199463,1.488610,-0.002317,0.028184,0.000353,0.012727,0.016132,0.007955,-0.019530
2025-12-16 18:26:21.559,0.155722,0.194389,0.063596,-2.374557,1.357666,2.199472,1.488588,-0.001159,0.030225,0.001410,0.012566,0.017437,0.005613,-0.020217
2025-12-16 18:26:21.560,0.155721,0.194421,0.063597,-2.374544,1.357680,2.199480,1.488566,-0.000414,0.031609,0.002193,0.011829,0.012706,0.003915,-0.019781
2025-12-16 18:26:21.561,0.155721,0.194452,0.063596,-2.374531,1.357690,2.199491,1.488540,0.000132,0.032491,0.002053,0.011410,0.013833,0.003333,-0.025117
2025-12-16 18:26:21.562,0.155721,0.194485,0.063600,-2.374522,1.357702,2.199503,1.488518,0.000533,0.033397,0.003808,0.009926,0.014758,0.006866,-0.024341
2025-12-16 18:26:21.563,0.155727,0.194518,0.063598,-2.374507,1.357717,2.199513,1.488499,0.003241,0.033989,0.003115,0.010697,0.016152,0.009870,-0.021514
2025-12-16 18:26:21.564,0.155722,0.194549,0.063600,-2.374493,1.357725,2.199522,1.488465,0.001541,0.034558,0.001264,0.011182,0.015916,0.011735,-0.028005
2025-12-16 18:26:21.565,0.155724,0.194578,0.063600,-2.374480,1.357738,2.199532,1.488445,-0.000622,0.033651,0.001798,0.011295,0.016714,0.013534,-0.024724
2025-12-16 18:26:21.567,0.155722,0.194614,0.063599,-2.374465,1.357748,2.199537,1.488421,0.001040,0.032326,0.002773,0.011265,0.016937,0.014683,-0.022428
2025-12-16 18:26:21.568,0.155718,0.194648,0.063602,-2.374450,1.357763,2.199547,1.488396,-0.001715,0.033248,0.004027,0.011583,0.018231,0.011437,-0.021523
2025-12-16 18:26:21.569,0.155715,0.194683,0.063608,-2.374440,1.357775,2.199553,1.488368,-0.003081,0.034532,0.005456,0.010266,0.014000,0.007496,-0.021230
2025-12-16 18:26:21.570,0.155710,0.194752,0.063604,-2.374405,1.357797,2.199567,1.488315,-0.004781,0.030118,-0.001831,0.014378,0.007598,0.006294,-0.027909
2025-12-16 18:26:21.571,0.155708,0.194787,0.063602,-2.374397,1.357809,2.199575,1.488295,-0.004891,0.028954,-0.004311,0.012086,0.006040,0.008794,-0.023861
2025-12-16 18:26:21.572,0.155702,0.194821,0.063606,-2.374378,1.357819,2.199583,1.488268,-0.003592,0.028618,-0.001750,0.013707,0.009343,0.006433,-0.022713
2025-12-16 18:26:21.573,0.155698,0.194855,0.063608,-2.374364,1.357828,2.199590,1.488232,-0.004561,0.029731,-0.001646,0.015855,0.006650,0.009663,-0.024339
2025-12-16 18:26:21.574,0.155695,0.194895,0.063608,-2.374346,1.357837,2.199597,1.488208,-0.005918,0.033507,-0.001457,0.015540,0.005004,0.008057,-0.025930
2025-12-16 18:26:21.575,0.155686,0.194929,0.063608,-2.374328,1.357848,2.199602,1.488173,-0.008829,0.033767,-0.001241,0.017751,0.004103,0.006048,-0.031036
2025-12-16 18:26:21.576,0.155685,0.194964,0.063610,-2.374317,1.357857,2.199607,1.488159,-0.005602,0.034802,0.005909,0.017872,0.003057,0.004540,-0.028651
2025-12-16 18:26:21.577,0.155680,0.195003,0.063613,-2.374297,1.357871,2.199609,1.488123,-0.004984,0.036713,0.004312,0.018014,0.002618,0.003407,-0.029246
2025-12-16 18:26:21.579,0.155679,0.195040,0.063610,-2.374283,1.357878,2.199613,1.488099,-0.003842,0.034244,0.001947,0.019431,0.005302,0.002930,-0.025124
2025-12-16 18:26:21.580,0.155675,0.195117,0.063611,-2.374248,1.357894,2.199615,1.488040,-0.003249,0.031842,0.000605,0.019170,0.005667,0.001606,-0.027345
2025-12-16 18:26:21.581,0.155670,0.195150,0.063609,-2.374232,1.357904,2.199616,1.488019,-0.004705,0.032980,-0.000128,0.017707,0.009193,0.001564,-0.024020
2025-12-16 18:26:21.582,0.155666,0.195190,0.063608,-2.374212,1.357916,2.199620,1.487992,-0.005621,0.036437,-0.001111,0.017537,0.012348,0.002218,-0.022423
2025-12-16 18:26:21.583,0.155670,0.195224,0.063604,-2.374200,1.357926,2.199621,1.487957,-0.003314,0.033239,-0.002994,0.014914,0.014288,0.001886,-0.028466
2025-12-16 18:26:21.584,0.155663,0.195260,0.063607,-2.374180,1.357935,2.199621,1.487936,-0.005178,0.035288,-0.001946,0.015491,0.015015,0.001308,-0.028039
2025-12-16 18:26:21.585,0.155659,0.195293,0.063602,-2.374160,1.357946,2.199624,1.487906,-0.004171,0.031998,-0.004230,0.016038,0.011914,0.002029,-0.026143
2025-12-16 18:26:21.586,0.155657,0.195332,0.063607,-2.374145,1.357957,2.199623,1.487885,-0.003389,0.035674,-0.002235,0.015160,0.009226,0.001008,-0.022918
2025-12-16 18:26:21.587,0.155644,0.195365,0.063603,-2.374130,1.357965,2.199625,1.487851,-0.006382,0.032745,-0.003140,0.013882,0.010886,0.001406,-0.025227
2025-12-16 18:26:21.588,0.155646,0.195408,0.063603,-2.374109,1.357977,2.199625,1.487828,-0.003727,0.033590,-0.002727,0.015154,0.008178,0.000953,-0.022127
2025-12-16 18:26:21.590,0.155637,0.195472,0.063601,-2.374078,1.357998,2.199627,1.487773,-0.004193,0.034278,-0.000143,0.014677,0.009729,0.000938,-0.024854
2025-12-16 18:26:21.591,0.155632,0.195509,0.063596,-2.374064,1.358009,2.199629,1.487742,-0.004571,0.033029,-0.001589,0.013055,0.012311,0.001344,-0.024360
2025-12-16 18:26:21.592,0.155630,0.195545,0.063598,-2.374047,1.358020,2.199633,1.487715,-0.003613,0.035778,-0.000300,0.013693,0.009530,0.000901,-0.027304
2025-12-16 18:26:21.593,0.155629,0.195581,0.063597,-2.374033,1.358028,2.199636,1.487689,-0.002973,0.034467,-0.000605,0.013260,0.011106,0.001351,-0.025103
2025-12-16 18:26:21.594,0.155627,0.195616,0.063597,-2.374018,1.358039,2.199635,1.487667,-0.002637,0.033591,-0.000847,0.012948,0.013845,0.000530,-0.026364
2025-12-16 18:26:21.595,0.155623,0.195649,0.063592,-2.374004,1.358052,2.199636,1.487640,-0.002875,0.031723,-0.001686,0.012946,0.015148,0.000729,-0.025245
2025-12-16 18:26:21.596,0.155622,0.195686,0.063588,-2.373991,1.358063,2.199638,1.487609,-0.002477,0.035192,-0.002266,0.012084,0.016034,0.000826,-0.029316
2025-12-16 18:26:21.597,0.155620,0.195709,0.063592,-2.373975,1.358073,2.199640,1.487584,-0.002303,0.033382,-0.000256,0.016104,0.016779,0.000213,-0.025497
2025-12-16 18:26:21.599,0.155618,0.195749,0.063588,-2.373965,1.358083,2.199645,1.487550,-0.002094,0.034733,-0.001898,0.013573,0.017172,0.005179,-0.026852
2025-12-16 18:26:21.600,0.155618,0.195779,0.063589,-2.373950,1.358092,2.199644,1.487534,-0.001397,0.032530,-0.001238,0.016420,0.012871,0.003133,-0.020639
2025-12-16 18:26:21.601,0.155612,0.195810,0.063584,-2.373938,1.358105,2.199648,1.487500,-0.002139,0.033556,-0.002012,0.015665,0.010630,0.002383,-0.027860
2025-12-16 18:26:21.602,0.155608,0.195879,0.063583,-2.373916,1.358123,2.199652,1.487451,-0.002065,0.035445,-0.001089,0.009367,0.010437,0.004637,-0.023124
2025-12-16 18:26:21.603,0.155611,0.195912,0.063579,-2.373901,1.358132,2.199656,1.487429,0.000386,0.036889,-0.001274,0.014073,0.007458,0.003508,-0.026052
2025-12-16 18:26:21.604,0.155605,0.195941,0.063580,-2.373890,1.358145,2.199660,1.487399,-0.001506,0.036760,-0.000286,0.010623,0.005940,0.003398,-0.030877
2025-12-16 18:26:21.605,0.155603,0.195975,0.063581,-2.373881,1.358155,2.199666,1.487378,-0.001004,0.035427,0.000464,0.006807,0.004093,0.002127,-0.026640
2025-12-16 18:26:21.606,0.155604,0.195999,0.063581,-2.373872,1.358162,2.199669,1.487354,-0.000113,0.031866,0.000313,0.007422,0.003083,0.001967,-0.029493
2025-12-16 18:26:21.607,0.155603,0.196031,0.063581,-2.373863,1.358169,2.199671,1.487338,-0.003290,0.034222,0.000211,0.007588,0.001982,0.000697,-0.029115
2025-12-16 18:26:21.608,0.155606,0.196058,0.063581,-2.373850,1.358182,2.199675,1.487313,-0.000698,0.034364,0.000700,0.008936,0.001520,0.000564,-0.028126
2025-12-16 18:26:21.609,0.155600,0.196088,0.063579,-2.373841,1.358189,2.199679,1.487288,-0.005162,0.035638,-0.000089,0.009582,0.001163,0.000077,-0.027609
2025-12-16 18:26:21.610,0.155603,0.196111,0.063580,-2.373833,1.358199,2.199685,1.487272,-0.002660,0.031724,0.000499,0.006124,0.004869,-0.000605,-0.023191
2025-12-16 18:26:21.611,0.155600,0.196139,0.063576,-2.373819,1.358209,2.199692,1.487242,-0.002092,0.030121,-0.000224,0.009284,0.004736,0.005036,-0.025383
2025-12-16 18:26:21.613,0.155594,0.196170,0.063579,-2.373811,1.358218,2.199695,1.487233,-0.002840,0.029542,0.000965,0.008602,0.003511,0.003067,-0.024757
2025-12-16 18:26:21.614,0.155592,0.196219,0.063580,-2.373792,1.358237,2.199710,1.487186,-0.004177,0.025941,0.000677,0.006059,0.005126,0.002523,-0.028213
2025-12-16 18:26:21.615,0.155595,0.196252,0.063578,-2.373783,1.358246,2.199715,1.487171,-0.001395,0.028179,-0.000198,0.007444,0.003861,0.006161,-0.024735
2025-12-16 18:26:21.616,0.155593,0.196275,0.063578,-2.373775,1.358255,2.199720,1.487148,-0.001768,0.022412,-0.000132,0.005186,0.002907,0.009327,-0.024419
2025-12-16 18:26:21.617,0.155593,0.196300,0.063582,-2.373765,1.358263,2.199726,1.487141,-0.000832,0.022380,0.001119,0.003392,0.006202,0.007339,-0.021245
2025-12-16 18:26:21.618,0.155592,0.196327,0.063582,-2.373753,1.358274,2.199731,1.487116,-0.003982,0.023750,0.000746,0.006374,0.005391,0.010144,-0.017483
2025-12-16 18:26:21.619,0.155593,0.196351,0.063582,-2.373746,1.358283,2.199735,1.487097,-0.001932,0.023532,0.000497,0.006683,0.008391,0.011929,-0.018849
2025-12-16 18:26:21.620,0.155592,0.196375,0.063578,-2.373733,1.358295,2.199737,1.487088,-0.001581,0.023357,-0.000875,0.008990,0.006989,0.008964,-0.016524
2025-12-16 18:26:21.621,0.155587,0.196404,0.063582,-2.373723,1.358299,2.199740,1.487073,-0.002944,0.025015,0.000623,0.009827,0.009218,0.006734,-0.012826
2025-12-16 18:26:21.622,0.155587,0.196426,0.063582,-2.373715,1.358305,2.199746,1.487061,-0.002128,0.023834,0.000416,0.007399,0.007279,0.005397,-0.013502
2025-12-16 18:26:21.624,0.155587,0.196448,0.063578,-2.373706,1.358314,2.199747,1.487035,-0.001542,0.023673,-0.000929,0.008838,0.004466,0.004025,-0.017800
2025-12-16 18:26:21.625,0.155587,0.196474,0.063578,-2.373695,1.358322,2.199751,1.487023,-0.001121,0.024658,-0.000620,0.011137,0.003730,0.003003,-0.016791
2025-12-16 18:26:21.626,0.155588,0.196496,0.063578,-2.373688,1.358328,2.199757,1.487015,-0.000260,0.024096,-0.000413,0.010100,0.006889,0.002615,-0.015091
2025-12-16 18:26:21.627,0.155589,0.196540,0.063582,-2.373666,1.358344,2.199764,1.486985,-0.000561,0.023795,0.000806,0.006170,0.007289,0.002039,-0.012794
2025-12-16 18:26:21.628,0.155589,0.196563,0.063580,-2.373657,1.358353,2.199764,1.486963,0.000154,0.023697,-0.000019,0.005165,0.005855,0.001087,-0.011452
2025-12-16 18:26:21.629,0.155587,0.196592,0.063578,-2.373644,1.358364,2.199769,1.486949,-0.001126,0.025357,-0.000662,0.008307,0.009404,0.001174,-0.012863
2025-12-16 18:26:21.630,0.155585,0.196611,0.063580,-2.373635,1.358372,2.199770,1.486938,-0.000767,0.022964,0.000208,0.009145,0.007708,-0.000279,-0.012825
2025-12-16 18:26:21.631,0.155587,0.196632,0.063582,-2.373626,1.358378,2.199774,1.486928,0.000126,0.023022,0.000695,0.010034,0.005032,0.000602,-0.012931
2025-12-16 18:26:21.632,0.155583,0.196654,0.063578,-2.373612,1.358390,2.199778,1.486907,-0.001132,0.022586,-0.000743,0.010839,0.009174,0.000807,-0.016632
2025-12-16 18:26:21.633,0.155581,0.196675,0.063577,-2.373600,1.358396,2.199779,1.486890,-0.001318,0.019641,-0.001052,0.012531,0.006830,0.000189,-0.018183
2025-12-16 18:26:21.634,0.155583,0.196700,0.063584,-2.373593,1.358404,2.199783,1.486880,-0.000327,0.021899,0.001619,0.008589,0.005089,0.000517,-0.016916
2025-12-16 18:26:21.635,0.155581,0.196725,0.063580,-2.373577,1.358413,2.199788,1.486869,-0.000779,0.023866,-0.000034,0.012095,0.008158,0.000358,-0.016329
2025-12-16 18:26:21.637,0.155583,0.196741,0.063582,-2.373571,1.358421,2.199789,1.486854,0.000591,0.021279,0.000534,0.010659,0.010475,0.004929,-0.017028
2025-12-16 18:26:21.638,0.155582,0.196766,0.063580,-2.373555,1.358432,2.199788,1.486833,0.000392,0.019295,0.000356,0.012362,0.013050,0.002226,-0.019720
2025-12-16 18:26:21.639,0.155579,0.196786,0.063581,-2.373545,1.358438,2.199793,1.486817,0.000260,0.019722,0.000794,0.011943,0.009784,0.001782,-0.020059
2025-12-16 18:26:21.640,0.155580,0.196809,0.063579,-2.373532,1.358445,2.199799,1.486806,-0.002056,0.017584,-0.000027,0.013023,0.006997,0.006567,-0.013812
2025-12-16 18:26:21.641,0.155577,0.196853,0.063581,-2.373513,1.358466,2.199806,1.486777,-0.002032,0.019134,0.001349,0.012795,0.004539,0.007368,-0.015335
2025-12-16 18:26:21.642,0.155573,0.196876,0.063581,-2.373498,1.358473,2.199809,1.486765,-0.005093,0.020157,0.001456,0.014329,0.003369,0.005152,-0.015136
2025-12-16 18:26:21.643,0.155573,0.196894,0.063579,-2.373488,1.358480,2.199809,1.486738,-0.005433,0.019301,-0.001629,0.013037,0.002164,0.002471,-0.019427
2025-12-16 18:26:21.644,0.155571,0.196918,0.063578,-2.373481,1.358489,2.199811,1.486730,-0.003753,0.020545,-0.001349,0.011929,0.006459,0.001246,-0.016483
2025-12-16 18:26:21.645,0.155563,0.196936,0.063579,-2.373468,1.358499,2.199816,1.486719,-0.003575,0.019632,0.000110,0.012780,0.004853,0.001089,-0.016060
2025-12-16 18:26:21.646,0.155562,0.196958,0.063584,-2.373453,1.358506,2.199823,1.486697,-0.001100,0.020185,0.001688,0.014351,0.008637,0.001666,-0.018518
2025-12-16 18:26:21.648,0.155555,0.196998,0.063584,-2.373430,1.358525,2.199827,1.486663,-0.002787,0.020104,0.000407,0.016615,0.009862,0.008839,-0.020235
2025-12-16 18:26:21.649,0.155552,0.197025,0.063586,-2.373424,1.358535,2.199831,1.486651,-0.001735,0.025452,0.000209,0.014429,0.007706,0.006300,-0.018013
2025-12-16 18:26:21.650,0.155551,0.197045,0.063583,-2.373407,1.358543,2.199831,1.486633,-0.004853,0.023769,-0.000464,0.015689,0.009872,0.004412,-0.018868
2025-12-16 18:26:21.652,0.155547,0.197069,0.063584,-2.373395,1.358550,2.199832,1.486623,-0.004317,0.024379,0.000212,0.015365,0.007767,0.003380,-0.012671
2025-12-16 18:26:21.653,0.155545,0.197104,0.063586,-2.373374,1.358562,2.199834,1.486579,-0.002662,0.018434,0.000645,0.012301,0.011688,0.006266,-0.017501
2025-12-16 18:26:21.654,0.155547,0.197129,0.063583,-2.373361,1.358571,2.199837,1.486562,-0.001996,0.017917,0.005491,0.015957,0.013859,0.005734,-0.012629
2025-12-16 18:26:21.655,0.155549,0.197151,0.063582,-2.373352,1.358578,2.199839,1.486544,-0.002054,0.016773,0.003059,0.014515,0.009769,0.004889,-0.010167
2025-12-16 18:26:21.656,0.155546,0.197168,0.063581,-2.373344,1.358590,2.199842,1.486528,-0.003257,0.017240,0.001217,0.013343,0.012737,0.003185,-0.011464
2025-12-16 18:26:21.657,0.155543,0.197196,0.063582,-2.373334,1.358598,2.199840,1.486508,-0.001153,0.021135,0.003684,0.010033,0.013905,0.001577,-0.007884
2025-12-16 18:26:21.658,0.155545,0.197209,0.063582,-2.373323,1.358607,2.199844,1.486486,0.000004,0.016044,0.004874,0.011392,0.011129,0.002285,-0.012447
2025-12-16 18:26:21.659,0.155544,0.197230,0.063580,-2.373311,1.358614,2.199844,1.486470,-0.000949,0.015395,0.002106,0.012105,0.012746,0.001635,-0.016961
2025-12-16 18:26:21.660,0.155543,0.197253,0.063583,-2.373307,1.358623,2.199848,1.486448,-0.001161,0.015482,0.001870,0.007246,0.014260,0.001547,-0.017853
2025-12-16 18:26:21.661,0.155546,0.197273,0.063585,-2.373294,1.358632,2.199849,1.486427,-0.000683,0.017960,0.001039,0.010029,0.015176,0.005769,-0.018815
2025-12-16 18:26:21.663,0.155543,0.197294,0.063580,-2.373283,1.358638,2.199852,1.486403,-0.001501,0.017211,-0.000809,0.011078,0.016119,0.005029,-0.020167
2025-12-16 18:26:21.664,0.155542,0.197334,0.063584,-2.373269,1.358656,2.199859,1.486371,0.001685,0.015498,0.001539,0.010145,0.008981,0.003411,-0.011938
2025-12-16 18:26:21.665,0.155541,0.197352,0.063582,-2.373257,1.358665,2.199860,1.486352,0.004248,0.014160,-0.000430,0.011646,0.006753,0.001746,-0.013416
2025-12-16 18:26:21.666,0.155543,0.197373,0.063583,-2.373250,1.358674,2.199863,1.486330,0.003342,0.016944,-0.000056,0.011152,0.004772,0.000929,-0.015977
2025-12-16 18:26:21.667,0.155543,0.197398,0.063586,-2.373240,1.358683,2.199868,1.486305,0.002053,0.018163,0.000135,0.011696,0.007953,0.000723,-0.018430
2025-12-16 18:26:21.668,0.155543,0.197422,0.063586,-2.373236,1.358696,2.199874,1.486292,0.001655,0.020872,0.000220,0.007051,0.011068,0.005621,-0.016355
2025-12-16 18:26:21.669,0.155543,0.197442,0.063585,-2.373221,1.358706,2.199877,1.486269,0.000669,0.019045,-0.000313,0.007226,0.007968,0.008467,-0.017459
2025-12-16 18:26:21.670,0.155546,0.197462,0.063583,-2.373217,1.358719,2.199887,1.486247,0.001257,0.021025,-0.000785,0.006916,0.006991,0.011681,-0.017052
2025-12-16 18:26:21.671,0.155544,0.197485,0.063587,-2.373205,1.358728,2.199896,1.486218,0.000309,0.019826,0.000738,0.009573,0.009533,0.013400,-0.025156
2025-12-16 18:26:21.672,0.155544,0.197504,0.063590,-2.373197,1.358740,2.199905,1.486203,0.000946,0.020950,0.001739,0.010186,0.011809,0.014570,-0.021892
2025-12-16 18:26:21.673,0.155547,0.197527,0.063588,-2.373191,1.358751,2.199911,1.486180,0.001812,0.019905,0.000541,0.009407,0.008848,0.009816,-0.022193
2025-12-16 18:26:21.674,0.155545,0.197553,0.063590,-2.373183,1.358761,2.199920,1.486165,0.000702,0.023228,0.001033,0.006592,0.011328,0.011785,-0.023557
2025-12-16 18:26:21.676,0.155547,0.197572,0.063590,-2.373172,1.358774,2.199929,1.486142,0.000507,0.023308,0.000706,0.008882,0.013297,0.013622,-0.018899
2025-12-16 18:26:21.677,0.155551,0.197596,0.063592,-2.373162,1.358786,2.199940,1.486119,0.001573,0.025293,0.001040,0.007337,0.014031,0.015544,-0.019960
2025-12-16 18:26:21.678,0.155551,0.197614,0.063592,-2.373159,1.358801,2.199950,1.486107,0.001627,0.021162,0.001260,0.006986,0.016571,0.016321,-0.021838
2025-12-16 18:26:21.679,0.155552,0.197660,0.063592,-2.373137,1.358824,2.199966,1.486074,0.001117,0.020079,0.000725,0.012370,0.016355,0.008481,-0.019293
2025-12-16 18:26:21.680,0.155552,0.197683,0.063594,-2.373131,1.358833,2.199975,1.486046,0.000754,0.021881,0.001137,0.011133,0.011646,0.006051,-0.022524
2025-12-16 18:26:21.681,0.155555,0.197705,0.063596,-2.373122,1.358849,2.199986,1.486031,0.001716,0.023645,0.001318,0.009031,0.014212,0.008593,-0.020088
2025-12-16 18:26:21.682,0.155557,0.197727,0.063598,-2.373115,1.358862,2.199997,1.486012,0.001149,0.023856,0.001438,0.006810,0.016309,0.006926,-0.020981
2025-12-16 18:26:21.683,0.155558,0.197747,0.063601,-2.373102,1.358871,2.200005,1.485993,0.001327,0.020880,0.002167,0.008608,0.011816,0.010493,-0.020777
2025-12-16 18:26:21.684,0.155558,0.197772,0.063600,-2.373092,1.358888,2.200014,1.485982,0.000330,0.019945,0.000239,0.009708,0.009177,0.007869,-0.017310
2025-12-16 18:26:21.685,0.155560,0.197794,0.063602,-2.373084,1.358902,2.200022,1.485957,0.000779,0.021664,0.000810,0.009631,0.007517,0.010237,-0.021199
2025-12-16 18:26:21.687,0.155562,0.197817,0.063603,-2.373075,1.358912,2.200027,1.485938,0.001078,0.023546,0.000541,0.010311,0.008927,0.012022,-0.020825
2025-12-16 18:26:21.688,0.155566,0.197838,0.063608,-2.373065,1.358926,2.200033,1.485925,0.001369,0.023590,0.001475,0.011050,0.011432,0.012627,-0.019126
2025-12-16 18:26:21.689,0.155565,0.197861,0.063609,-2.373056,1.358938,2.200043,1.485916,0.000264,0.024978,0.004136,0.008954,0.013612,0.009933,-0.012552
2025-12-16 18:26:21.690,0.155567,0.197898,0.063609,-2.373039,1.358963,2.200060,1.485886,0.002427,0.023855,0.000262,0.006238,0.011502,0.009681,-0.011141
2025-12-16 18:26:21.691,0.155568,0.197923,0.063615,-2.373027,1.358976,2.200068,1.485864,0.000682,0.022786,0.000322,0.008378,0.013300,0.012656,-0.015621
2025-12-16 18:26:21.692,0.155573,0.197946,0.063620,-2.373017,1.358990,2.200071,1.485852,0.000100,0.021228,0.002267,0.006941,0.014770,0.008709,-0.014385
2025-12-16 18:26:21.693,0.155576,0.197968,0.063626,-2.373005,1.359001,2.200079,1.485842,0.001851,0.019947,0.000743,0.009308,0.011065,0.011472,-0.013666
2025-12-16 18:26:21.694,0.155577,0.197986,0.063628,-2.372998,1.359015,2.200087,1.485827,0.003253,0.017320,0.001584,0.010141,0.013003,0.012923,-0.015097
2025-12-16 18:26:21.695,0.155578,0.198006,0.063633,-2.372991,1.359028,2.200094,1.485806,0.003102,0.019664,0.002875,0.010813,0.014175,0.010102,-0.018286
2025-12-16 18:26:21.696,0.155582,0.198031,0.063640,-2.372985,1.359043,2.200105,1.485792,0.004413,0.022670,0.005020,0.008054,0.010995,0.008282,-0.014694
2025-12-16 18:26:21.697,0.155586,0.198041,0.063641,-2.372974,1.359056,2.200120,1.485785,0.005252,0.017579,0.004328,0.006653,0.012603,0.007978,-0.008689
2025-12-16 18:26:21.698,0.155592,0.198063,0.063647,-2.372965,1.359072,2.200132,1.485763,0.006545,0.017573,0.002477,0.004261,0.014520,0.011556,-0.013879
2025-12-16 18:26:21.699,0.155594,0.198087,0.063651,-2.372955,1.359085,2.200145,1.485756,0.006933,0.017986,0.000486,0.007131,0.015239,0.008446,-0.012303
2025-12-16 18:26:21.700,0.155605,0.198108,0.063657,-2.372946,1.359099,2.200154,1.485738,0.009381,0.017569,0.003340,0.009132,0.011447,0.011206,-0.016777
2025-12-16 18:26:21.702,0.155605,0.198124,0.063663,-2.372939,1.359116,2.200163,1.485730,0.004940,0.018712,0.004798,0.009487,0.008293,0.008276,-0.015272
2025-12-16 18:26:21.703,0.155607,0.198145,0.063668,-2.372929,1.359130,2.200174,1.485719,0.005004,0.020774,0.002697,0.008870,0.010723,0.005748,-0.016209
2025-12-16 18:26:21.704,0.155617,0.198180,0.063680,-2.372921,1.359163,2.200192,1.485687,0.008055,0.021733,0.001329,0.005176,0.009406,0.011896,-0.020455
2025-12-16 18:26:21.705,0.155623,0.198197,0.063682,-2.372913,1.359179,2.200203,1.485682,0.006979,0.021815,0.003201,0.004894,0.012114,0.012767,-0.017246
2025-12-16 18:26:21.706,0.155629,0.198218,0.063690,-2.372909,1.359200,2.200218,1.485669,0.005929,0.023372,0.003732,0.006979,0.014770,0.014657,-0.012651
2025-12-16 18:26:21.707,0.155631,0.198237,0.063696,-2.372901,1.359216,2.200226,1.485661,0.005049,0.023783,0.004614,0.007394,0.010995,0.010234,-0.008469
2025-12-16 18:26:21.709,0.155637,0.198257,0.063704,-2.372898,1.359238,2.200240,1.485641,0.005534,0.024148,0.005112,0.005801,0.013199,0.012385,-0.013340
2025-12-16 18:26:21.710,0.155638,0.198272,0.063708,-2.372897,1.359256,2.200248,1.485631,0.005106,0.023134,0.005375,0.004104,0.014872,0.008612,-0.013514
2025-12-16 18:26:21.711,0.155645,0.198305,0.063715,-2.372888,1.359291,2.200273,1.485600,0.005314,0.022328,0.005390,0.004457,0.024297,0.004340,-0.014203
2025-12-16 18:26:21.712,0.155650,0.198321,0.063717,-2.372888,1.359307,2.200282,1.485596,0.002584,0.022016,0.004793,0.003071,0.018229,0.007322,-0.012676
2025-12-16 18:26:21.713,0.155654,0.198340,0.063724,-2.372885,1.359327,2.200293,1.485577,0.003298,0.019289,0.005580,0.002122,0.017993,0.009772,-0.016483
2025-12-16 18:26:21.714,0.155661,0.198356,0.063730,-2.372886,1.359350,2.200303,1.485562,0.003821,0.017232,0.004975,0.000914,0.023834,0.007094,-0.012635
2025-12-16 18:26:21.715,0.155664,0.198371,0.063733,-2.372884,1.359362,2.200316,1.485554,0.002999,0.014998,0.005116,0.004259,0.016455,0.005444,-0.011899
2025-12-16 18:26:21.716,0.155669,0.198384,0.063738,-2.372884,1.359386,2.200328,1.485544,0.003683,0.015427,0.005201,0.002568,0.013429,0.009226,-0.012225
2025-12-16 18:26:21.718,0.155678,0.198399,0.063743,-2.372881,1.359407,2.200335,1.485522,0.005273,0.013835,0.005251,0.001927,0.015189,0.010516,-0.016736
2025-12-16 18:26:21.719,0.155678,0.198419,0.063745,-2.372884,1.359425,2.200347,1.485508,0.003471,0.013289,0.004073,0.003293,0.015441,0.012306,-0.018247
2025-12-16 18:26:21.720,0.155687,0.198451,0.063764,-2.372882,1.359462,2.200364,1.485489,0.003320,0.014930,0.006157,0.001438,0.016728,0.014599,-0.015856
2025-12-16 18:26:21.721,0.155697,0.198462,0.063764,-2.372880,1.359483,2.200375,1.485472,0.005072,0.015333,0.004111,0.001727,0.016612,0.016067,-0.017530
2025-12-16 18:26:21.722,0.155697,0.198481,0.063769,-2.372880,1.359500,2.200386,1.485457,0.003367,0.015527,0.003859,0.001309,0.017234,0.012458,-0.018203
2025-12-16 18:26:21.723,0.155708,0.198494,0.063774,-2.372884,1.359519,2.200392,1.485440,0.008346,0.016234,0.003226,-0.000215,0.017965,0.008251,-0.019422
2025-12-16 18:26:21.724,0.155707,0.198504,0.063782,-2.372882,1.359536,2.200401,1.485424,0.005269,0.013277,0.003824,0.000595,0.017531,0.006273,-0.014844
2025-12-16 18:26:21.725,0.155711,0.198518,0.063790,-2.372887,1.359555,2.200410,1.485419,0.004265,0.012262,0.003201,-0.000743,0.013207,0.009082,-0.012476
2025-12-16 18:26:21.726,0.155716,0.198539,0.063794,-2.372888,1.359577,2.200417,1.485400,0.006233,0.016515,0.004064,-0.000445,0.015589,0.010811,-0.014995
2025-12-16 18:26:21.728,0.155720,0.198549,0.063805,-2.372885,1.359596,2.200425,1.485377,0.004536,0.013280,0.002972,0.000947,0.016331,0.008552,-0.018624
2025-12-16 18:26:21.729,0.155722,0.198577,0.063819,-2.372892,1.359635,2.200445,1.485354,0.004196,0.014403,0.007189,-0.001364,0.021101,0.005853,-0.015784
2025-12-16 18:26:21.730,0.155726,0.198592,0.063826,-2.372889,1.359655,2.200457,1.485337,0.001680,0.014189,0.007503,0.000313,0.020833,0.009013,-0.017320
2025-12-16 18:26:21.731,0.155743,0.198612,0.063831,-2.372894,1.359672,2.200467,1.485315,0.006607,0.015160,0.006633,-0.007896,0.019674,0.007429,-0.019246
2025-12-16 18:26:21.733,0.155750,0.198620,0.063839,-2.372896,1.359691,2.200481,1.485300,0.003924,0.012753,0.004753,-0.005785,0.019492,0.010922,-0.019041
2025-12-16 18:26:21.734,0.155756,0.198635,0.063847,-2.372898,1.359714,2.200493,1.485286,0.002442,0.016023,0.006335,-0.004804,0.014634,0.008410,-0.017495
2025-12-16 18:26:21.735,0.155767,0.198666,0.063868,-2.372900,1.359748,2.200521,1.485247,0.004588,0.015672,0.008298,-0.004451,0.012630,0.014418,-0.018358
2025-12-16 18:26:21.736,0.155775,0.198682,0.063875,-2.372896,1.359771,2.200533,1.485227,0.003096,0.015424,0.008342,-0.002115,0.019159,0.015668,-0.019110
2025-12-16 18:26:21.737,0.155783,0.198694,0.063878,-2.372902,1.359788,2.200544,1.485213,0.004849,0.014067,0.007319,-0.003439,0.013344,0.015440,-0.017063
2025-12-16 18:26:21.738,0.155790,0.198709,0.063884,-2.372901,1.359805,2.200555,1.485193,0.005994,0.014246,0.004631,-0.001378,0.019817,0.016236,-0.017905
2025-12-16 18:26:21.739,0.155798,0.198723,0.063894,-2.372903,1.359824,2.200568,1.485171,0.004216,0.014345,0.006938,-0.001625,0.023575,0.016831,-0.018123
2025-12-16 18:26:21.740,0.155802,0.198738,0.063900,-2.372910,1.359847,2.200583,1.485148,0.002186,0.014440,0.007457,-0.003515,0.023447,0.012981,-0.020092
2025-12-16 18:26:21.741,0.155806,0.198753,0.063909,-2.372910,1.359868,2.200596,1.485134,0.003478,0.014373,0.008980,-0.002428,0.022593,0.015056,-0.017102
2025-12-16 18:26:21.742,0.155813,0.198768,0.063915,-2.372909,1.359891,2.200607,1.485111,0.005668,0.013816,0.008836,-0.001125,0.022007,0.016270,-0.018665
2025-12-16 18:26:21.744,0.155825,0.198788,0.063925,-2.372904,1.359911,2.200619,1.485094,0.005160,0.015729,0.009978,0.000966,0.021139,0.015579,-0.013273
2025-12-16 18:26:21.745,0.155830,0.198803,0.063932,-2.372905,1.359934,2.200632,1.485067,0.006576,0.014710,0.007622,0.000609,0.015814,0.011035,-0.017269
2025-12-16 18:26:21.746,0.155849,0.198837,0.063945,-2.372907,1.359980,2.200663,1.485034,0.007630,0.013984,0.007341,-0.000138,0.021673,0.018318,-0.016346
2025-12-16 18:26:21.747,0.155853,0.198851,0.063955,-2.372908,1.360003,2.200682,1.485018,0.005684,0.013492,0.006150,-0.000757,0.020610,0.019153,-0.020508
2025-12-16 18:26:21.748,0.155857,0.198871,0.063963,-2.372907,1.360027,2.200696,1.484998,0.004237,0.014833,0.005668,-0.000516,0.024909,0.018638,-0.016916
2025-12-16 18:26:21.749,0.155867,0.198889,0.063969,-2.372905,1.360052,2.200716,1.484973,0.005481,0.014632,0.004769,0.000297,0.023702,0.019369,-0.018412
2025-12-16 18:26:21.750,0.155873,0.198902,0.063977,-2.372911,1.360076,2.200735,1.484954,0.005669,0.013274,0.005106,-0.001014,0.026964,0.019039,-0.018017
2025-12-16 18:26:21.752,0.155877,0.198928,0.063986,-2.372908,1.360100,2.200747,1.484943,0.008461,0.018522,0.008500,-0.000124,0.029608,0.017839,-0.020297
2025-12-16 18:26:21.753,0.155881,0.198944,0.063991,-2.372907,1.360123,2.200762,1.484922,0.007170,0.019963,0.009218,-0.000086,0.031338,0.017003,-0.021518
2025-12-16 18:26:21.754,0.155891,0.198976,0.064013,-2.372909,1.360169,2.200786,1.484879,0.006567,0.018794,0.008271,-0.000816,0.026097,0.015864,-0.021686
2025-12-16 18:26:21.755,0.155896,0.198998,0.064023,-2.372905,1.360193,2.200800,1.484869,0.006316,0.018940,0.008153,0.000012,0.024565,0.012130,-0.017942
2025-12-16 18:26:21.756,0.155902,0.199014,0.064029,-2.372908,1.360217,2.200814,1.484852,0.006013,0.019821,0.010578,-0.001107,0.028236,0.013555,-0.017616
2025-12-16 18:26:21.757,0.155904,0.199032,0.064035,-2.372905,1.360240,2.200828,1.484826,0.004757,0.018528,0.011736,-0.000739,0.025442,0.016313,-0.020574
2025-12-16 18:26:21.758,0.155913,0.199056,0.064044,-2.372904,1.360262,2.200839,1.484815,0.012380,0.018691,0.012772,0.002790,0.024109,0.016178,-0.018221
2025-12-16 18:26:21.759,0.155917,0.199069,0.064050,-2.372901,1.360283,2.200850,1.484794,0.012709,0.015697,0.009221,0.003246,0.022244,0.016864,-0.019536
2025-12-16 18:26:21.760,0.155920,0.199091,0.064060,-2.372901,1.360307,2.200861,1.484781,0.009213,0.016085,0.010387,0.002369,0.021724,0.016912,-0.018181
2025-12-16 18:26:21.761,0.155925,0.199110,0.064069,-2.372901,1.360325,2.200870,1.484757,0.007254,0.018227,0.010735,0.001733,0.020001,0.017791,-0.024206
2025-12-16 18:26:21.763,0.155931,0.199147,0.064088,-2.372900,1.360370,2.200895,1.484723,0.004758,0.015999,0.010416,0.000562,0.020129,0.014030,-0.021130
2025-12-16 18:26:21.764,0.155936,0.199164,0.064095,-2.372898,1.360391,2.200908,1.484708,0.006248,0.015083,0.010322,0.000996,0.020099,0.015176,-0.020228
2025-12-16 18:26:21.765,0.155943,0.199182,0.064102,-2.372894,1.360407,2.200923,1.484693,0.007478,0.014388,0.009837,0.001919,0.018753,0.012821,-0.019128
2025-12-16 18:26:21.767,0.155953,0.199199,0.064110,-2.372897,1.360429,2.200936,1.484673,0.009668,0.017009,0.006957,-0.000447,0.019628,0.009482,-0.020502
2025-12-16 18:26:21.768,0.155958,0.199215,0.064118,-2.372895,1.360448,2.200947,1.484649,0.008748,0.015794,0.010401,0.000286,0.019367,0.011662,-0.021812
2025-12-16 18:26:21.769,0.155969,0.199250,0.064133,-2.372898,1.360482,2.200971,1.484626,0.003199,0.013979,0.010016,-0.000957,0.018969,0.014073,-0.013698
2025-12-16 18:26:21.770,0.155974,0.199272,0.064135,-2.372892,1.360499,2.200985,1.484609,0.004229,0.018575,0.008539,0.000487,0.018574,0.011683,-0.015925
2025-12-16 18:26:21.771,0.155980,0.199288,0.064142,-2.372893,1.360520,2.201001,1.484590,0.005663,0.016934,0.008126,-0.000224,0.019349,0.010498,-0.017108
2025-12-16 18:26:21.772,0.155985,0.199305,0.064158,-2.372893,1.360534,2.201012,1.484570,0.006036,0.016957,0.007673,-0.000143,0.018490,0.013081,-0.019053
2025-12-16 18:26:21.773,0.155994,0.199321,0.064161,-2.372891,1.360554,2.201028,1.484557,0.008281,0.015643,0.006639,-0.000090,0.019287,0.015032,-0.017138
2025-12-16 18:26:21.775,0.156000,0.199338,0.064169,-2.372894,1.360566,2.201043,1.484537,0.008744,0.018471,0.007878,-0.001263,0.018125,0.011462,-0.017994
2025-12-16 18:26:21.776,0.156005,0.199357,0.064174,-2.372890,1.360584,2.201050,1.484517,0.008279,0.018657,0.007516,0.000367,0.018332,0.012011,-0.019622
2025-12-16 18:26:21.777,0.156019,0.199385,0.064184,-2.372895,1.360620,2.201072,1.484482,0.009374,0.018022,0.002163,-0.001195,0.019166,0.009765,-0.014051
2025-12-16 18:26:21.778,0.156023,0.199402,0.064194,-2.372890,1.360637,2.201091,1.484469,0.008927,0.017293,0.005121,0.000968,0.014990,0.012795,-0.014442
2025-12-16 18:26:21.779,0.156029,0.199424,0.064205,-2.372897,1.360654,2.201104,1.484453,0.009362,0.017746,0.007771,-0.001674,0.015562,0.014585,-0.011218
2025-12-16 18:26:21.780,0.156037,0.199434,0.064209,-2.372898,1.360673,2.201119,1.484427,0.010600,0.015045,0.007295,-0.001765,0.016314,0.016278,-0.015633
2025-12-16 18:26:21.782,0.156045,0.199449,0.064221,-2.372895,1.360691,2.201130,1.484415,0.012140,0.014344,0.006896,0.000030,0.016582,0.015719,-0.010430
2025-12-16 18:26:21.783,0.156052,0.199470,0.064222,-2.372895,1.360709,2.201143,1.484403,0.011925,0.018782,0.003454,0.000021,0.016818,0.016123,-0.011737
2025-12-16 18:26:21.784,0.156061,0.199497,0.064239,-2.372896,1.360753,2.201170,1.484371,0.005684,0.018368,0.005110,-0.000547,0.018856,0.016611,-0.016364
2025-12-16 18:26:21.785,0.156070,0.199518,0.064250,-2.372896,1.360771,2.201184,1.484358,0.005522,0.021616,0.004422,-0.001014,0.023042,0.017188,-0.016133
2025-12-16 18:26:21.786,0.156075,0.199531,0.064253,-2.372896,1.360787,2.201199,1.484344,0.004146,0.017987,0.002735,-0.000676,0.020977,0.017757,-0.012081
2025-12-16 18:26:21.787,0.156080,0.199543,0.064265,-2.372897,1.360809,2.201211,1.484339,0.004319,0.015388,0.006983,-0.001007,0.021483,0.013693,-0.011564
2025-12-16 18:26:21.788,0.156084,0.199568,0.064270,-2.372897,1.360830,2.201223,1.484318,0.003697,0.017197,0.005667,-0.000672,0.024901,0.014597,-0.011389
2025-12-16 18:26:21.789,0.156087,0.199580,0.064275,-2.372891,1.360849,2.201236,1.484301,0.003218,0.014080,0.008473,0.000759,0.023072,0.015290,-0.014227
2025-12-16 18:26:21.790,0.156095,0.199596,0.064285,-2.372894,1.360869,2.201245,1.484288,0.005818,0.016262,0.008487,-0.000701,0.022401,0.015430,-0.014823
2025-12-16 18:26:21.791,0.156094,0.199612,0.064293,-2.372894,1.360888,2.201256,1.484281,0.004546,0.017458,0.007810,-0.000467,0.021168,0.015655,-0.013292
2025-12-16 18:26:21.792,0.156102,0.199627,0.064296,-2.372897,1.360909,2.201271,1.484269,0.005433,0.018340,0.006704,-0.001518,0.021251,0.012236,-0.010469
2025-12-16 18:26:21.793,0.156105,0.199643,0.064301,-2.372895,1.360929,2.201277,1.484249,0.004334,0.019053,0.005802,-0.001012,0.020903,0.012046,-0.014794
2025-12-16 18:26:21.795,0.156115,0.199681,0.064315,-2.372891,1.360965,2.201295,1.484230,0.012331,0.021990,0.005193,-0.000450,0.016847,0.006452,-0.016072
2025-12-16 18:26:21.797,0.156120,0.199699,0.064318,-2.372889,1.360984,2.201306,1.484221,0.010060,0.019192,0.003554,-0.000300,0.017616,0.009287,-0.015343
2025-12-16 18:26:21.798,0.156123,0.199714,0.064322,-2.372889,1.361001,2.201318,1.484203,0.007251,0.016528,0.004940,-0.001313,0.017163,0.012152,-0.014178
2025-12-16 18:26:21.799,0.156126,0.199730,0.064332,-2.372890,1.361020,2.201326,1.484190,0.005242,0.017676,0.007939,0.001769,0.017543,0.009502,-0.010532
2025-12-16 18:26:21.800,0.156138,0.199759,0.064352,-2.372880,1.361053,2.201346,1.484167,0.002547,0.019245,0.009695,0.002938,0.021041,0.009486,-0.007538
2025-12-16 18:26:21.801,0.156142,0.199773,0.064360,-2.372878,1.361072,2.201354,1.484155,0.004616,0.019208,0.005991,0.001557,0.016125,0.006692,-0.010801
2025-12-16 18:26:21.802,0.156143,0.199792,0.064369,-2.372873,1.361088,2.201366,1.484139,0.001718,0.020964,0.010292,0.004765,0.015823,0.010456,-0.008862
2025-12-16 18:26:21.803,0.156154,0.199812,0.064373,-2.372866,1.361107,2.201380,1.484120,0.005358,0.022046,0.009165,0.004724,0.016604,0.013855,-0.008416
2025-12-16 18:26:21.804,0.156160,0.199829,0.064380,-2.372865,1.361124,2.201389,1.484112,0.005706,0.022434,0.009118,0.002849,0.016546,0.014481,-0.005060
2025-12-16 18:26:21.805,0.156168,0.199845,0.064391,-2.372862,1.361146,2.201400,1.484103,0.007209,0.022103,0.010220,0.001442,0.013144,0.011494,-0.007148
2025-12-16 18:26:21.806,0.156175,0.199864,0.064399,-2.372858,1.361163,2.201410,1.484092,0.007724,0.023064,0.009185,0.001105,0.014877,0.008508,-0.005466
2025-12-16 18:26:21.808,0.156181,0.199878,0.064402,-2.372856,1.361183,2.201424,1.484074,0.008218,0.021909,0.005373,0.000288,0.016488,0.011373,-0.005966
2025-12-16 18:26:21.809,0.156194,0.199920,0.064418,-2.372843,1.361220,2.201451,1.484049,0.006592,0.024540,0.007430,0.001449,0.017190,0.015419,-0.010256
2025-12-16 18:26:21.810,0.156199,0.199939,0.064428,-2.372836,1.361236,2.201461,1.484037,0.006959,0.022207,0.005840,0.004624,0.017583,0.011095,-0.011729
2025-12-16 18:26:21.811,0.156207,0.199954,0.064432,-2.372833,1.361255,2.201473,1.484023,0.005528,0.021591,0.005917,0.002165,0.018123,0.013665,-0.013207
2025-12-16 18:26:21.812,0.156215,0.199973,0.064438,-2.372824,1.361268,2.201487,1.484008,0.007782,0.019377,0.003497,0.006244,0.012917,0.015190,-0.010373
2025-12-16 18:26:21.813,0.156224,0.199993,0.064451,-2.372820,1.361286,2.201497,1.483992,0.010361,0.021303,0.007804,0.007061,0.014423,0.011308,-0.009236
2025-12-16 18:26:21.814,0.156227,0.200010,0.064460,-2.372814,1.361307,2.201507,1.483976,0.006656,0.019111,0.009039,0.008287,0.016174,0.013112,-0.012681
2025-12-16 18:26:21.815,0.156233,0.200025,0.064460,-2.372807,1.361322,2.201526,1.483971,0.007852,0.019471,0.007080,0.009470,0.016485,0.015238,-0.006100
2025-12-16 18:26:21.816,0.156237,0.200046,0.064475,-2.372803,1.361338,2.201535,1.483948,0.004891,0.021551,0.010452,0.006530,0.016345,0.010595,-0.006913
2025-12-16 18:26:21.818,0.156242,0.200074,0.064479,-2.372797,1.361359,2.201545,1.483930,0.006719,0.025283,0.006657,0.005490,0.017592,0.011557,-0.010494
2025-12-16 18:26:21.819,0.156254,0.200110,0.064499,-2.372785,1.361393,2.201573,1.483907,0.006672,0.024511,0.011137,0.005955,0.018196,0.009987,-0.011984
2025-12-16 18:26:21.820,0.156261,0.200124,0.064503,-2.372777,1.361410,2.201583,1.483892,0.006173,0.022776,0.008260,0.007127,0.014273,0.011874,-0.009449
2025-12-16 18:26:21.821,0.156268,0.200145,0.064511,-2.372772,1.361428,2.201596,1.483869,0.005780,0.023961,0.010470,0.007917,0.010639,0.013622,-0.013613
2025-12-16 18:26:21.822,0.156274,0.200165,0.064519,-2.372761,1.361445,2.201607,1.483854,0.005961,0.020480,0.010031,0.009861,0.011996,0.010268,-0.009756
2025-12-16 18:26:21.823,0.156282,0.200187,0.064525,-2.372754,1.361465,2.201619,1.483844,0.006552,0.018571,0.008999,0.009681,0.009327,0.012050,-0.010495
2025-12-16 18:26:21.824,0.156287,0.200209,0.064528,-2.372748,1.361479,2.201632,1.483833,0.006325,0.017756,0.007617,0.010031,0.011130,0.013370,-0.011666
2025-12-16 18:26:21.825,0.156288,0.200234,0.064537,-2.372737,1.361497,2.201640,1.483810,0.005475,0.017519,0.008263,0.011222,0.013221,0.013703,-0.016455
2025-12-16 18:26:21.827,0.156300,0.200275,0.064549,-2.372716,1.361531,2.201659,1.483781,0.005681,0.019674,0.007496,0.009313,0.015561,0.011379,-0.015755
2025-12-16 18:26:21.828,0.156305,0.200294,0.064553,-2.372706,1.361548,2.201666,1.483765,0.005055,0.019854,0.006334,0.010259,0.017079,0.012299,-0.012222
2025-12-16 18:26:21.831,0.156315,0.200340,0.064560,-2.372692,1.361582,2.201689,1.483736,0.004601,0.022666,0.004345,0.009168,0.018190,0.015597,-0.013433
2025-12-16 18:26:21.832,0.156322,0.200384,0.064573,-2.372669,1.361616,2.201706,1.483708,0.003999,0.023680,0.008655,0.012110,0.019058,0.009147,-0.015202
2025-12-16 18:26:21.833,0.156328,0.200409,0.064576,-2.372659,1.361630,2.201713,1.483689,0.003887,0.023988,0.006064,0.012116,0.018228,0.010863,-0.012995
2025-12-16 18:26:21.834,0.156335,0.200436,0.064582,-2.372646,1.361643,2.201722,1.483674,0.004922,0.021712,0.008500,0.012916,0.017802,0.012477,-0.013678
2025-12-16 18:26:21.836,0.156336,0.200456,0.064587,-2.372634,1.361657,2.201729,1.483655,0.003290,0.021269,0.009163,0.013007,0.018108,0.013294,-0.020808
2025-12-16 18:26:21.839,0.156345,0.200530,0.064608,-2.372599,1.361693,2.201759,1.483607,0.006188,0.021617,0.009192,0.010957,0.011399,0.014119,-0.012902
2025-12-16 18:26:21.840,0.156344,0.200580,0.064621,-2.372573,1.361715,2.201782,1.483567,0.003054,0.024182,0.007504,0.011318,0.014170,0.017409,-0.012227
2025-12-16 18:26:21.841,0.156348,0.200604,0.064625,-2.372558,1.361725,2.201792,1.483559,0.004683,0.023815,0.007733,0.012708,0.010323,0.017593,-0.011241
2025-12-16 18:26:21.842,0.156355,0.200631,0.064631,-2.372545,1.361737,2.201802,1.483539,0.006954,0.027870,0.007382,0.012759,0.012113,0.013471,-0.009279
2025-12-16 18:26:21.843,0.156353,0.200660,0.064637,-2.372536,1.361749,2.201809,1.483525,0.005913,0.028303,0.005266,0.011931,0.009486,0.010008,-0.011080
2025-12-16 18:26:21.844,0.156362,0.200681,0.064639,-2.372522,1.361765,2.201817,1.483507,0.008040,0.026749,0.005011,0.013161,0.008111,0.007443,-0.018839
2025-12-16 18:26:21.845,0.156366,0.200708,0.064643,-2.372505,1.361774,2.201831,1.483494,0.004487,0.024344,0.005500,0.014526,0.010065,0.011642,-0.017385
2025-12-16 18:26:21.847,0.156364,0.200734,0.064649,-2.372491,1.361785,2.201842,1.483476,0.004126,0.024965,0.006443,0.014271,0.012580,0.014009,-0.018586
2025-12-16 18:26:21.848,0.156375,0.200786,0.064654,-2.372474,1.361808,2.201864,1.483438,0.006938,0.026055,0.005177,0.009404,0.010098,0.012812,-0.019477
2025-12-16 18:26:21.849,0.156380,0.200809,0.064656,-2.372457,1.361819,2.201874,1.483429,0.007672,0.025557,0.001895,0.011854,0.011627,0.009871,-0.017421
2025-12-16 18:26:21.850,0.156384,0.200838,0.064663,-2.372450,1.361830,2.201883,1.483413,0.004884,0.027685,0.004977,0.010878,0.009133,0.011599,-0.013544
2025-12-16 18:26:21.851,0.156387,0.200865,0.064665,-2.372438,1.361844,2.201892,1.483394,0.002875,0.027307,0.002246,0.011434,0.011573,0.008660,-0.015504
2025-12-16 18:26:21.852,0.156388,0.200888,0.064669,-2.372415,1.361857,2.201905,1.483379,0.000702,0.026526,0.004490,0.017776,0.014337,0.007554,-0.016097
2025-12-16 18:26:21.854,0.156401,0.200940,0.064677,-2.372395,1.361880,2.201925,1.483352,0.004856,0.029201,0.002142,0.014466,0.016409,0.008900,-0.011131
2025-12-16 18:26:21.856,0.156399,0.200967,0.064679,-2.372384,1.361892,2.201936,1.483334,0.002639,0.029246,0.004928,0.013818,0.012605,0.006299,-0.013509
2025-12-16 18:26:21.857,0.156406,0.201017,0.064688,-2.372362,1.361918,2.201948,1.483298,0.002463,0.023896,0.004526,0.009998,0.014773,0.001965,-0.012160
2025-12-16 18:26:21.858,0.156406,0.201046,0.064689,-2.372350,1.361928,2.201956,1.483275,0.001302,0.025254,0.003318,0.010111,0.015486,0.001234,-0.016218
2025-12-16 18:26:21.860,0.156410,0.201073,0.064698,-2.372335,1.361943,2.201967,1.483269,0.002795,0.026240,0.005408,0.011896,0.016992,0.006483,-0.017328
2025-12-16 18:26:21.861,0.156415,0.201123,0.064701,-2.372317,1.361965,2.201983,1.483231,0.002591,0.022621,0.003973,0.009081,0.013446,0.010644,-0.018673
2025-12-16 18:26:21.862,0.156417,0.201146,0.064703,-2.372304,1.361977,2.201993,1.483214,0.002353,0.023240,0.002744,0.006849,0.010779,0.012766,-0.014376
2025-12-16 18:26:21.863,0.156420,0.201171,0.064706,-2.372295,1.361991,2.201999,1.483202,0.002827,0.026712,0.005594,0.007873,0.013113,0.008562,-0.013745
2025-12-16 18:26:21.865,0.156421,0.201221,0.064712,-2.372274,1.362015,2.202007,1.483162,0.000878,0.023944,0.003737,0.009077,0.010708,0.003894,-0.023774
2025-12-16 18:26:21.866,0.156425,0.201246,0.064716,-2.372265,1.362029,2.202012,1.483151,0.001814,0.024170,0.003875,0.006364,0.012632,0.003075,-0.019835
2025-12-16 18:26:21.867,0.156427,0.201274,0.064715,-2.372255,1.362044,2.202019,1.483134,0.004651,0.024935,0.001510,0.007399,0.014637,0.003156,-0.020373
2025-12-16 18:26:21.868,0.156426,0.201297,0.064720,-2.372243,1.362055,2.202024,1.483120,0.002842,0.024289,0.001106,0.009264,0.015639,0.002373,-0.019689
2025-12-16 18:26:21.869,0.156428,0.201321,0.064725,-2.372238,1.362069,2.202030,1.483102,0.006097,0.024398,0.004514,0.007965,0.016752,0.002158,-0.020576
2025-12-16 18:26:21.871,0.156430,0.201344,0.064727,-2.372224,1.362079,2.202034,1.483087,0.004518,0.024049,0.005340,0.010592,0.016852,0.005856,-0.020540
2025-12-16 18:26:21.872,0.156428,0.201367,0.064730,-2.372212,1.362090,2.202034,1.483071,0.001588,0.023760,0.002853,0.007997,0.011996,0.004031,-0.020325
2025-12-16 18:26:21.873,0.156431,0.201393,0.064738,-2.372207,1.362103,2.202038,1.483062,0.001313,0.021047,0.005416,0.007554,0.014383,0.003063,-0.018072
2025-12-16 18:26:21.874,0.156432,0.201443,0.064750,-2.372184,1.362127,2.202045,1.483035,-0.000507,0.023417,0.006723,0.006628,0.012783,0.008158,-0.017914
2025-12-16 18:26:21.876,0.156432,0.201468,0.064756,-2.372177,1.362135,2.202048,1.483016,-0.001344,0.024411,0.007179,0.006888,0.008936,0.005988,-0.019756
2025-12-16 18:26:21.877,0.156435,0.201487,0.064760,-2.372165,1.362149,2.202054,1.483002,-0.001465,0.022772,0.007015,0.008584,0.011875,0.004743,-0.019403
2025-12-16 18:26:21.878,0.156441,0.201539,0.064772,-2.372148,1.362175,2.202061,1.482977,0.000974,0.020376,0.008190,0.008311,0.010439,0.003043,-0.010961
2025-12-16 18:26:21.879,0.156442,0.201567,0.064778,-2.372134,1.362185,2.202064,1.482965,-0.000158,0.025318,0.005211,0.010359,0.007813,0.001829,-0.007856
2025-12-16 18:26:21.881,0.156444,0.201585,0.064787,-2.372127,1.362194,2.202070,1.482947,-0.001082,0.022998,0.007340,0.009700,0.005849,0.001723,-0.012154
2025-12-16 18:26:21.882,0.156446,0.201614,0.064787,-2.372117,1.362208,2.202079,1.482941,0.001627,0.021763,0.006514,0.010462,0.004719,0.006311,-0.010769
2025-12-16 18:26:21.883,0.156454,0.201664,0.064801,-2.372093,1.362226,2.202094,1.482915,0.000861,0.022727,0.008950,0.011921,0.009927,0.011856,-0.011033
2025-12-16 18:26:21.885,0.156455,0.201689,0.064805,-2.372081,1.362240,2.202106,1.482894,-0.000312,0.023387,0.008886,0.008954,0.012532,0.014391,-0.011942
2025-12-16 18:26:21.886,0.156456,0.201711,0.064809,-2.372068,1.362251,2.202115,1.482890,-0.000688,0.022678,0.006888,0.006725,0.014103,0.015390,-0.010283
2025-12-16 18:26:21.887,0.156468,0.201766,0.064825,-2.372049,1.362273,2.202134,1.482859,0.002072,0.025663,0.006591,0.008932,0.012855,0.016650,-0.013128
2025-12-16 18:26:21.888,0.156472,0.201792,0.064826,-2.372035,1.362283,2.202150,1.482849,0.002566,0.024799,0.004801,0.010591,0.014005,0.018209,-0.014120
2025-12-16 18:26:21.889,0.156474,0.201811,0.064830,-2.372024,1.362292,2.202158,1.482841,0.001765,0.022456,0.004712,0.011209,0.010180,0.012469,-0.009799
2025-12-16 18:26:21.890,0.156478,0.201841,0.064833,-2.372012,1.362305,2.202166,1.482837,0.002980,0.023891,0.005133,0.011446,0.012371,0.008628,-0.005559
2025-12-16 18:26:21.892,0.156481,0.201866,0.064834,-2.371998,1.362314,2.202174,1.482819,0.003131,0.023186,0.004151,0.012410,0.008626,0.006209,-0.010807
2025-12-16 18:26:21.893,0.156483,0.201886,0.064841,-2.371988,1.362325,2.202186,1.482807,0.002759,0.023948,0.005216,0.012558,0.011714,0.009064,-0.008432
2025-12-16 18:26:21.894,0.156491,0.201944,0.064848,-2.371963,1.362350,2.202204,1.482778,0.003540,0.027088,0.004868,0.012310,0.010707,0.005331,-0.009239
2025-12-16 18:26:21.896,0.156498,0.202003,0.064855,-2.371929,1.362377,2.202218,1.482758,0.003505,0.029362,0.004004,0.013871,0.014922,0.002450,-0.008897
2025-12-16 18:26:21.898,0.156503,0.202057,0.064857,-2.371901,1.362398,2.202230,1.482739,0.002926,0.030816,0.002008,0.013188,0.012416,-0.000377,-0.006597
2025-12-16 18:26:21.899,0.156507,0.202087,0.064866,-2.371884,1.362410,2.202240,1.482730,0.003160,0.032167,0.003676,0.013540,0.009663,0.004571,-0.004722
2025-12-16 18:26:21.900,0.156511,0.202119,0.064866,-2.371868,1.362422,2.202246,1.482713,0.009563,0.033708,0.003113,0.012896,0.011713,0.008227,-0.006155
2025-12-16 18:26:21.902,0.156517,0.202177,0.064872,-2.371834,1.362441,2.202261,1.482691,0.006830,0.031181,0.002140,0.016373,0.009681,0.008339,-0.008653
2025-12-16 18:26:21.903,0.156520,0.202210,0.064876,-2.371817,1.362453,2.202270,1.482686,0.005991,0.032538,0.002638,0.014638,0.011780,0.011338,-0.009496
2025-12-16 18:26:21.904,0.156521,0.202239,0.064881,-2.371796,1.362463,2.202276,1.482667,0.004238,0.029699,0.002877,0.018479,0.008892,0.008490,-0.013768
2025-12-16 18:26:21.906,0.156527,0.202270,0.064882,-2.371779,1.362474,2.202282,1.482658,0.003657,0.030685,0.004504,0.017316,0.007045,0.011064,-0.009510
2025-12-16 18:26:21.907,0.156532,0.202305,0.064880,-2.371760,1.362488,2.202288,1.482647,0.006411,0.032070,0.001503,0.016154,0.005620,0.007580,-0.007461
2025-12-16 18:26:21.908,0.156526,0.202341,0.064887,-2.371743,1.362499,2.202295,1.482638,0.001680,0.034326,0.001757,0.014522,0.004185,0.010654,-0.009241
2025-12-16 18:26:21.909,0.156531,0.202373,0.064892,-2.371722,1.362510,2.202300,1.482626,0.003725,0.034676,0.003343,0.014738,0.008122,0.007999,-0.007371
2025-12-16 18:26:21.911,0.156536,0.202443,0.064900,-2.371686,1.362530,2.202315,1.482606,0.001313,0.032976,0.004186,0.018718,0.012939,0.009579,-0.002719
2025-12-16 18:26:21.912,0.156545,0.202508,0.064910,-2.371646,1.362549,2.202330,1.482585,0.003595,0.030687,0.001858,0.019191,0.015678,0.007055,-0.004387
2025-12-16 18:26:21.913,0.156548,0.202543,0.064915,-2.371621,1.362563,2.202337,1.482571,0.000836,0.033067,0.000047,0.022240,0.016770,0.005848,-0.003416
2025-12-16 18:26:21.914,0.156557,0.202580,0.064921,-2.371599,1.362575,2.202344,1.482550,0.004399,0.031126,0.002933,0.021025,0.011849,0.004970,-0.010583
2025-12-16 18:26:21.915,0.156563,0.202616,0.064918,-2.371579,1.362583,2.202352,1.482537,0.005958,0.032778,0.001604,0.018381,0.012748,0.008246,-0.012395
2025-12-16 18:26:21.916,0.156564,0.202649,0.064925,-2.371553,1.362592,2.202357,1.482533,0.001814,0.033365,0.004359,0.022070,0.009319,0.010389,-0.006610
2025-12-16 18:26:21.918,0.156568,0.202679,0.064928,-2.371537,1.362605,2.202371,1.482521,0.003334,0.032691,0.004508,0.020561,0.011766,0.013142,-0.009378
2025-12-16 18:26:21.919,0.156574,0.202722,0.064934,-2.371512,1.362620,2.202384,1.482510,0.005845,0.032722,0.003300,0.019642,0.009226,0.010852,-0.011838
2025-12-16 18:26:21.920,0.156585,0.202792,0.064947,-2.371468,1.362647,2.202411,1.482484,0.007896,0.035113,0.005015,0.022688,0.014181,0.011473,-0.007121
2025-12-16 18:26:21.921,0.156586,0.202834,0.064945,-2.371446,1.362660,2.202427,1.482475,0.007888,0.034269,0.001639,0.023235,0.014961,0.013850,-0.003884
2025-12-16 18:26:21.923,0.156593,0.202873,0.064951,-2.371420,1.362676,2.202436,1.482459,0.009043,0.036072,0.001554,0.025642,0.011852,0.014752,-0.003781
2025-12-16 18:26:21.924,0.156599,0.202906,0.064954,-2.371401,1.362690,2.202444,1.482437,0.006504,0.034371,0.000176,0.024818,0.018041,0.013882,-0.005364
2025-12-16 18:26:21.925,0.156615,0.202986,0.064965,-2.371357,1.362719,2.202468,1.482412,0.005101,0.035932,0.004401,0.025448,0.018457,0.012649,-0.005369
2025-12-16 18:26:21.927,0.156623,0.203021,0.064970,-2.371337,1.362736,2.202480,1.482398,0.005042,0.035556,0.004549,0.027628,0.013489,0.009870,-0.008423
2025-12-16 18:26:21.928,0.156627,0.203062,0.064974,-2.371313,1.362751,2.202493,1.482380,0.003688,0.036029,0.004453,0.024315,0.010134,0.012041,-0.012513
2025-12-16 18:26:21.929,0.156642,0.203146,0.064981,-2.371265,1.362780,2.202518,1.482350,0.005110,0.043688,0.004872,0.021597,0.012846,0.011703,-0.014144
2025-12-16 18:26:21.930,0.156647,0.203190,0.064985,-2.371239,1.362802,2.202529,1.482334,0.005308,0.046950,-0.001171,0.023102,0.015456,0.012362,-0.015338
2025-12-16 18:26:21.931,0.156657,0.203234,0.064988,-2.371217,1.362815,2.202540,1.482317,0.007632,0.045995,-0.000096,0.022922,0.015710,0.012964,-0.015921
2025-12-16 18:26:21.933,0.156659,0.203270,0.064999,-2.371198,1.362831,2.202550,1.482295,0.005815,0.043001,0.003141,0.021533,0.016938,0.009491,-0.018824
2025-12-16 18:26:21.934,0.156660,0.203316,0.065000,-2.371176,1.362850,2.202560,1.482279,0.004492,0.043797,0.002409,0.021529,0.017875,0.010839,-0.018321
2025-12-16 18:26:21.935,0.156669,0.203399,0.065013,-2.371134,1.362884,2.202580,1.482249,0.004347,0.041489,0.004681,0.014895,0.014863,0.012939,-0.020665
2025-12-16 18:26:21.936,0.156671,0.203445,0.065017,-2.371103,1.362901,2.202590,1.482234,0.002923,0.042026,0.003669,0.022200,0.015400,0.014598,-0.015582
2025-12-16 18:26:21.937,0.156680,0.203484,0.065023,-2.371083,1.362915,2.202601,1.482209,0.004936,0.043496,0.004133,0.021850,0.015819,0.011462,-0.018589
2025-12-16 18:26:21.938,0.156686,0.203525,0.065028,-2.371058,1.362930,2.202609,1.482194,0.005068,0.044468,0.004461,0.022853,0.011857,0.011791,-0.017376
2025-12-16 18:26:21.940,0.156697,0.203614,0.065035,-2.371011,1.362960,2.202629,1.482165,0.004587,0.044542,0.005218,0.022542,0.008866,0.010279,-0.017723
2025-12-16 18:26:21.941,0.156701,0.203657,0.065043,-2.370988,1.362977,2.202639,1.482145,0.003621,0.043132,0.008013,0.022315,0.011458,0.012821,-0.019832
2025-12-16 18:26:21.943,0.156708,0.203700,0.065050,-2.370962,1.362993,2.202648,1.482130,0.003625,0.042044,0.006848,0.022614,0.013487,0.015044,-0.015108
2025-12-16 18:26:21.944,0.156712,0.203745,0.065054,-2.370937,1.363010,2.202657,1.482119,0.005273,0.041941,0.003746,0.022331,0.019343,0.011238,-0.013680
2025-12-16 18:26:21.945,0.156719,0.203832,0.065066,-2.370887,1.363042,2.202676,1.482085,0.006626,0.044589,0.003165,0.025545,0.019727,0.006618,-0.009157
2025-12-16 18:26:21.946,0.156724,0.203873,0.065074,-2.370861,1.363059,2.202683,1.482066,0.007993,0.042036,0.008735,0.025739,0.020133,0.008526,-0.007141
2025-12-16 18:26:21.947,0.156735,0.203918,0.065082,-2.370837,1.363073,2.202692,1.482057,0.009511,0.045173,0.005383,0.028226,0.019739,0.011147,-0.007833
2025-12-16 18:26:21.948,0.156742,0.203960,0.065085,-2.370807,1.363091,2.202706,1.482045,0.006095,0.043147,0.001844,0.028254,0.019573,0.014775,-0.010020
2025-12-16 18:26:21.950,0.156748,0.204009,0.065091,-2.370777,1.363103,2.202713,1.482026,0.002951,0.046370,0.004241,0.031209,0.014650,0.010987,-0.013834
2025-12-16 18:26:21.952,0.156764,0.204145,0.065109,-2.370700,1.363151,2.202741,1.481984,0.004020,0.043233,0.005235,0.026465,0.011555,0.015696,-0.015501
2025-12-16 18:26:21.955,0.156788,0.204278,0.065131,-2.370616,1.363196,2.202776,1.481935,0.002167,0.045907,0.009005,0.024725,0.013279,0.016158,-0.015028
2025-12-16 18:26:21.959,0.156810,0.204455,0.065159,-2.370504,1.363256,2.202825,1.481883,0.004242,0.041320,0.009561,0.023284,0.009083,0.007369,-0.013847
2025-12-16 18:26:21.961,0.156817,0.204498,0.065161,-2.370475,1.363269,2.202832,1.481874,0.003416,0.039875,0.005466,0.024562,0.006151,0.009383,-0.013153
2025-12-16 18:26:21.962,0.156824,0.204540,0.065171,-2.370447,1.363285,2.202844,1.481862,0.002718,0.041148,0.005491,0.027581,0.010006,0.012485,-0.013496
2025-12-16 18:26:21.963,0.156834,0.204586,0.065175,-2.370417,1.363294,2.202853,1.481850,0.003256,0.044159,0.003585,0.028103,0.011545,0.012779,-0.010631
2025-12-16 18:26:21.964,0.156840,0.204629,0.065181,-2.370389,1.363309,2.202861,1.481830,0.002419,0.044925,0.003307,0.027041,0.009001,0.013605,-0.014883
2025-12-16 18:26:21.965,0.156843,0.204676,0.065188,-2.370363,1.363327,2.202872,1.481819,0.001242,0.046905,0.003589,0.026740,0.007089,0.010660,-0.014948
2025-12-16 18:26:21.966,0.156853,0.204721,0.065197,-2.370331,1.363337,2.202884,1.481810,0.003287,0.046884,0.004359,0.027528,0.009353,0.013481,-0.014233
2025-12-16 18:26:21.968,0.156864,0.204813,0.065208,-2.370277,1.363365,2.202908,1.481776,0.006206,0.044763,0.004565,0.029394,0.008619,0.007881,-0.017817
2025-12-16 18:26:21.970,0.156872,0.204903,0.065218,-2.370218,1.363397,2.202918,1.481750,0.005050,0.041501,0.005027,0.029124,0.014516,0.005079,-0.011769
2025-12-16 18:26:21.971,0.156881,0.204948,0.065223,-2.370189,1.363407,2.202927,1.481737,0.006485,0.043762,0.005163,0.028004,0.014900,0.003650,-0.014333
2025-12-16 18:26:21.973,0.156886,0.204990,0.065229,-2.370168,1.363423,2.202941,1.481727,0.005548,0.041148,0.004684,0.025426,0.016572,0.007964,-0.009676
2025-12-16 18:26:21.975,0.156908,0.205164,0.065252,-2.370054,1.363478,2.202971,1.481671,0.003862,0.042518,0.005571,0.026162,0.014773,0.003293,-0.009105
2025-12-16 18:26:21.976,0.156911,0.205212,0.065256,-2.370025,1.363492,2.202977,1.481650,0.005912,0.045776,0.003920,0.026469,0.015721,0.002322,-0.013820
2025-12-16 18:26:21.977,0.156913,0.205253,0.065264,-2.369998,1.363508,2.202988,1.481634,0.003123,0.041859,0.002768,0.025602,0.016251,0.007313,-0.015367
2025-12-16 18:26:21.979,0.156921,0.205297,0.065267,-2.369971,1.363523,2.203001,1.481623,0.006275,0.043294,0.003906,0.028018,0.016919,0.011288,-0.010350
2025-12-16 18:26:21.981,0.156932,0.205382,0.065285,-2.369915,1.363549,2.203018,1.481593,0.002407,0.041284,0.005556,0.027745,0.018108,0.011452,-0.010043
2025-12-16 18:26:21.982,0.156944,0.205468,0.065293,-2.369854,1.363578,2.203036,1.481558,0.005229,0.042393,0.005666,0.029604,0.010041,0.010974,-0.009484
2025-12-16 18:26:21.983,0.156953,0.205511,0.065303,-2.369825,1.363587,2.203046,1.481551,0.007542,0.043724,0.007085,0.031044,0.006886,0.008458,-0.010298
2025-12-16 18:26:21.984,0.156957,0.205554,0.065312,-2.369790,1.363601,2.203055,1.481538,0.007343,0.045018,0.008110,0.030899,0.010230,0.010921,-0.007811
2025-12-16 18:26:21.985,0.156960,0.205604,0.065321,-2.369768,1.363613,2.203061,1.481512,0.004073,0.045090,0.006825,0.027508,0.011742,0.013049,-0.013401
2025-12-16 18:26:21.987,0.156970,0.205647,0.065320,-2.369736,1.363625,2.203071,1.481499,0.007224,0.042657,0.004801,0.027675,0.013998,0.010114,-0.013808
2025-12-16 18:26:21.988,0.156984,0.205736,0.065337,-2.369683,1.363653,2.203089,1.481478,0.008926,0.040694,0.008284,0.027614,0.016421,0.010048,-0.013684
2025-12-16 18:26:21.989,0.156990,0.205775,0.065341,-2.369654,1.363670,2.203100,1.481456,0.008960,0.038756,0.004634,0.026911,0.017768,0.012962,-0.017682
2025-12-16 18:26:21.990,0.156994,0.205821,0.065350,-2.369625,1.363683,2.203111,1.481440,0.009280,0.039734,0.004302,0.026612,0.017741,0.014725,-0.018349
2025-12-16 18:26:21.991,0.157002,0.205866,0.065356,-2.369597,1.363696,2.203119,1.481433,0.011051,0.043465,0.002246,0.026135,0.017334,0.010595,-0.016170
2025-12-16 18:26:21.993,0.157009,0.205912,0.065363,-2.369567,1.363712,2.203130,1.481419,0.011224,0.045694,0.004373,0.028653,0.018404,0.008300,-0.016543
2025-12-16 18:26:21.994,0.157015,0.205954,0.065373,-2.369536,1.363724,2.203142,1.481398,0.007333,0.042801,0.004105,0.031514,0.014116,0.006893,-0.019337
2025-12-16 18:26:21.995,0.157025,0.206001,0.065377,-2.369507,1.363736,2.203153,1.481381,0.007445,0.045315,0.002492,0.029966,0.010202,0.005454,-0.014393
2025-12-16 18:26:21.996,0.157035,0.206088,0.065389,-2.369448,1.363760,2.203174,1.481357,0.005364,0.044879,0.004316,0.032795,0.013746,0.007125,-0.010920
2025-12-16 18:26:21.997,0.157042,0.206131,0.065399,-2.369419,1.363774,2.203185,1.481338,0.004777,0.042541,0.004517,0.030729,0.010327,0.010399,-0.014377
2025-12-16 18:26:21.998,0.157055,0.206172,0.065403,-2.369388,1.363787,2.203197,1.481322,0.005269,0.043246,0.005825,0.029414,0.012145,0.008481,-0.016045
2025-12-16 18:26:22.000,0.157054,0.206217,0.065409,-2.369357,1.363798,2.203205,1.481310,0.005647,0.044126,0.005038,0.028992,0.009142,0.010581,-0.015950
2025-12-16 18:26:22.001,0.157061,0.206267,0.065416,-2.369326,1.363809,2.203212,1.481302,0.005402,0.043805,0.007993,0.031067,0.010922,0.011754,-0.014478
2025-12-16 18:26:22.002,0.157074,0.206357,0.065427,-2.369265,1.363835,2.203230,1.481271,0.003762,0.043789,0.006935,0.030789,0.014906,0.010911,-0.017732
2025-12-16 18:26:22.003,0.157078,0.206405,0.065436,-2.369228,1.363849,2.203239,1.481251,0.006214,0.041602,0.007447,0.027902,0.015884,0.012948,-0.019074
2025-12-16 18:26:22.004,0.157082,0.206450,0.065440,-2.369200,1.363858,2.203249,1.481244,0.005713,0.042669,0.005899,0.028798,0.015916,0.014638,-0.012412
2025-12-16 18:26:22.006,0.157096,0.206551,0.065449,-2.369129,1.363887,2.203263,1.481216,0.005962,0.047508,0.004601,0.033596,0.017836,0.010140,-0.012283
2025-12-16 18:26:22.007,0.157098,0.206601,0.065455,-2.369098,1.363903,2.203272,1.481195,0.004724,0.048820,0.004433,0.033509,0.018434,0.007752,-0.016051
2025-12-16 18:26:22.008,0.157104,0.206645,0.065460,-2.369063,1.363913,2.203282,1.481187,0.005057,0.047797,0.004189,0.034387,0.018184,0.010610,-0.014538
2025-12-16 18:26:22.010,0.157109,0.206689,0.065466,-2.369032,1.363927,2.203292,1.481180,0.004686,0.046992,0.004089,0.031609,0.018642,0.008396,-0.014319
2025-12-16 18:26:22.011,0.157114,0.206790,0.065480,-2.368958,1.363951,2.203307,1.481143,0.002755,0.051360,0.004604,0.032802,0.015055,0.008015,-0.016101
2025-12-16 18:26:22.012,0.157117,0.206839,0.065478,-2.368923,1.363963,2.203313,1.481132,0.001882,0.051189,0.001344,0.033915,0.015612,0.004953,-0.015478
2025-12-16 18:26:22.013,0.157124,0.206884,0.065489,-2.368885,1.363977,2.203320,1.481122,0.002403,0.049223,0.002687,0.035147,0.011734,0.007807,-0.014942
2025-12-16 18:26:22.015,0.157132,0.206940,0.065493,-2.368849,1.363988,2.203331,1.481110,0.006263,0.048295,0.001256,0.032625,0.013522,0.006699,-0.015364
2025-12-16 18:26:22.016,0.157141,0.207036,0.065507,-2.368775,1.364013,2.203345,1.481072,0.006729,0.045085,0.002389,0.034878,0.012858,0.009245,-0.015688
2025-12-16 18:26:22.017,0.157141,0.207083,0.065513,-2.368745,1.364027,2.203353,1.481063,0.006493,0.045395,0.003156,0.033239,0.014083,0.006884,-0.014526
2025-12-16 18:26:22.018,0.157144,0.207138,0.065520,-2.368703,1.364038,2.203363,1.481049,0.007251,0.047348,0.005610,0.038655,0.015283,0.010054,-0.015834
2025-12-16 18:26:22.019,0.157148,0.207189,0.065526,-2.368667,1.364049,2.203373,1.481035,0.008503,0.044825,0.003102,0.038090,0.011767,0.007490,-0.011916
2025-12-16 18:26:22.020,0.157155,0.207242,0.065536,-2.368628,1.364062,2.203381,1.481017,0.005970,0.046762,0.001937,0.038216,0.009138,0.009929,-0.015866
2025-12-16 18:26:22.022,0.157160,0.207295,0.065538,-2.368585,1.364070,2.203392,1.481006,0.007452,0.048060,-0.000152,0.039895,0.011511,0.012489,-0.014640
2025-12-16 18:26:22.023,0.157170,0.207394,0.065555,-2.368512,1.364095,2.203414,1.480983,0.007817,0.047846,0.002060,0.040379,0.014719,0.012534,-0.012236
2025-12-16 18:26:22.025,0.157187,0.207498,0.065561,-2.368435,1.364113,2.203438,1.480949,0.009965,0.049751,0.004112,0.039165,0.012279,0.016432,-0.016404
2025-12-16 18:26:22.026,0.157196,0.207548,0.065564,-2.368393,1.364127,2.203448,1.480936,0.008215,0.049778,0.002270,0.043349,0.014309,0.016856,-0.016541
2025-12-16 18:26:22.027,0.157197,0.207601,0.065570,-2.368349,1.364137,2.203459,1.480925,0.006768,0.050291,0.004489,0.043341,0.010743,0.017582,-0.015767
2025-12-16 18:26:22.029,0.157206,0.207656,0.065576,-2.368316,1.364150,2.203469,1.480906,0.005367,0.050809,0.006212,0.039618,0.012769,0.017774,-0.013733
2025-12-16 18:26:22.030,0.157216,0.207760,0.065582,-2.368234,1.364171,2.203487,1.480874,0.004698,0.052540,0.008084,0.042336,0.015373,0.018047,-0.008464
2025-12-16 18:26:22.031,0.157218,0.207812,0.065589,-2.368190,1.364185,2.203495,1.480868,0.005416,0.051897,0.006258,0.045999,0.016467,0.017836,-0.008040
2025-12-16 18:26:22.032,0.157228,0.207865,0.065595,-2.368149,1.364197,2.203505,1.480853,0.008985,0.055329,0.005473,0.044243,0.016362,0.018316,-0.006540
2025-12-16 18:26:22.034,0.157234,0.207916,0.065598,-2.368109,1.364210,2.203515,1.480834,0.010131,0.053888,0.007276,0.043116,0.017814,0.013745,-0.011098
2025-12-16 18:26:22.035,0.157238,0.207972,0.065603,-2.368065,1.364223,2.203526,1.480817,0.007652,0.054617,0.009183,0.043576,0.018164,0.011060,-0.013568
2025-12-16 18:26:22.037,0.157252,0.208080,0.065606,-2.367989,1.364248,2.203547,1.480796,0.008207,0.051162,0.004749,0.043474,0.015021,0.006602,-0.013886
2025-12-16 18:26:22.038,0.157263,0.208185,0.065617,-2.367908,1.364275,2.203566,1.480755,0.008001,0.053809,0.004087,0.038617,0.012768,0.006081,-0.015136
2025-12-16 18:26:22.039,0.157269,0.208243,0.065621,-2.367872,1.364291,2.203574,1.480746,0.009405,0.055094,0.003513,0.037651,0.014943,0.003874,-0.014063
2025-12-16 18:26:22.040,0.157274,0.208292,0.065626,-2.367828,1.364304,2.203578,1.480734,0.007562,0.053689,0.003073,0.039338,0.015550,0.002296,-0.014243
2025-12-16 18:26:22.041,0.157282,0.208345,0.065631,-2.367793,1.364317,2.203587,1.480717,0.009544,0.056354,0.002736,0.037165,0.015685,0.001849,-0.016175
2025-12-16 18:26:22.042,0.157284,0.208399,0.065634,-2.367757,1.364330,2.203596,1.480700,0.006502,0.055834,0.001922,0.036283,0.012498,0.001472,-0.017919
2025-12-16 18:26:22.043,0.157289,0.208448,0.065638,-2.367717,1.364346,2.203607,1.480682,0.008356,0.056777,0.000798,0.040321,0.010337,0.001873,-0.013363
2025-12-16 18:26:22.045,0.157293,0.208503,0.065640,-2.367680,1.364360,2.203616,1.480673,0.009721,0.056180,0.000587,0.039380,0.012368,0.001010,-0.012610
2025-12-16 18:26:22.046,0.157302,0.208607,0.065649,-2.367600,1.364386,2.203631,1.480640,0.005054,0.053436,0.002729,0.041727,0.011021,0.002908,-0.011998
2025-12-16 18:26:22.047,0.157305,0.208659,0.065658,-2.367564,1.364404,2.203639,1.480619,0.003263,0.052487,0.006368,0.040671,0.013301,0.001915,-0.014747
2025-12-16 18:26:22.048,0.157313,0.208709,0.065664,-2.367526,1.364418,2.203649,1.480610,0.003627,0.051371,0.008499,0.039231,0.013990,0.006184,-0.013501
2025-12-16 18:26:22.049,0.157317,0.208760,0.065670,-2.367489,1.364434,2.203660,1.480594,0.006125,0.050426,0.008787,0.038294,0.015590,0.010098,-0.014185
2025-12-16 18:26:22.051,0.157323,0.208814,0.065673,-2.367454,1.364451,2.203672,1.480572,0.005211,0.054295,0.006027,0.036943,0.017381,0.012997,-0.017727
2025-12-16 18:26:22.052,0.157331,0.208919,0.065691,-2.367376,1.364478,2.203690,1.480536,0.003195,0.052524,0.006608,0.038616,0.017216,0.015038,-0.019250
2025-12-16 18:26:22.053,0.157331,0.208971,0.065698,-2.367338,1.364491,2.203698,1.480528,0.001125,0.048737,0.008599,0.038583,0.017291,0.010566,-0.016485
2025-12-16 18:26:22.054,0.157337,0.209024,0.065700,-2.367298,1.364510,2.203709,1.480511,0.002108,0.052277,0.008306,0.039100,0.018026,0.012417,-0.017139
2025-12-16 18:26:22.055,0.157339,0.209074,0.065708,-2.367269,1.364522,2.203719,1.480485,0.000962,0.050994,0.006927,0.036587,0.017234,0.010095,-0.020286
2025-12-16 18:26:22.056,0.157344,0.209125,0.065713,-2.367231,1.364537,2.203729,1.480469,0.001283,0.051541,0.004524,0.037142,0.017688,0.012603,-0.023469
2025-12-16 18:26:22.058,0.157347,0.209176,0.065723,-2.367197,1.364553,2.203739,1.480458,0.000919,0.050978,0.007791,0.036578,0.018696,0.014487,-0.016180
2025-12-16 18:26:22.059,0.157354,0.209225,0.065727,-2.367158,1.364572,2.203749,1.480439,0.001774,0.050178,0.005769,0.034170,0.014309,0.015470,-0.016943
2025-12-16 18:26:22.060,0.157360,0.209278,0.065734,-2.367126,1.364589,2.203763,1.480415,0.002425,0.053162,0.007989,0.033793,0.015872,0.016602,-0.019339
2025-12-16 18:26:22.061,0.157362,0.209325,0.065742,-2.367088,1.364601,2.203772,1.480396,0.001087,0.050707,0.006562,0.031791,0.015907,0.012059,-0.014408
2025-12-16 18:26:22.062,0.157367,0.209382,0.065747,-2.367052,1.364617,2.203781,1.480382,0.001302,0.051903,0.007280,0.033541,0.016919,0.008663,-0.013692
2025-12-16 18:26:22.063,0.157368,0.209434,0.065755,-2.367015,1.364630,2.203790,1.480364,0.003138,0.050862,0.009246,0.034834,0.017081,0.010831,-0.010003
2025-12-16 18:26:22.064,0.157376,0.209484,0.065758,-2.366980,1.364644,2.203797,1.480343,0.003041,0.050159,0.008807,0.035237,0.017192,0.007460,-0.017922
2025-12-16 18:26:22.066,0.157379,0.209536,0.065762,-2.366946,1.364663,2.203807,1.480314,0.005018,0.049786,0.009812,0.034597,0.018280,0.005686,-0.016669
2025-12-16 18:26:22.067,0.157386,0.209587,0.065768,-2.366911,1.364679,2.203818,1.480304,0.004449,0.051900,0.007397,0.035886,0.018499,0.009392,-0.018546
2025-12-16 18:26:22.068,0.157390,0.209637,0.065773,-2.366871,1.364694,2.203831,1.480284,0.003306,0.051133,0.006130,0.037451,0.018846,0.013124,-0.023331
2025-12-16 18:26:22.069,0.157390,0.209691,0.065781,-2.366836,1.364708,2.203841,1.480265,0.001252,0.050498,0.007647,0.036851,0.018354,0.014433,-0.022221
2025-12-16 18:26:22.070,0.157399,0.209746,0.065784,-2.366799,1.364723,2.203852,1.480240,0.005679,0.053835,0.005159,0.037787,0.018807,0.015811,-0.023778
2025-12-16 18:26:22.072,0.157424,0.210008,0.065818,-2.366618,1.364791,2.203900,1.480146,0.001959,0.050233,0.003453,0.035027,0.015607,0.003561,-0.019889
2025-12-16 18:26:22.073,0.157430,0.210065,0.065820,-2.366576,1.364811,2.203910,1.480127,0.001965,0.051614,0.004447,0.034001,0.012427,0.007329,-0.019645
2025-12-16 18:26:22.074,0.157436,0.210118,0.065825,-2.366542,1.364825,2.203922,1.480112,0.004865,0.050582,0.006537,0.033925,0.013654,0.005495,-0.018033
2025-12-16 18:26:22.075,0.157436,0.210171,0.065834,-2.366503,1.364840,2.203935,1.480093,0.005823,0.050080,0.005590,0.032372,0.015075,0.004866,-0.018298
2025-12-16 18:26:22.077,0.157438,0.210223,0.065839,-2.366466,1.364858,2.203943,1.480066,0.007292,0.052589,0.007305,0.032671,0.016011,0.002840,-0.020968
2025-12-16 18:26:22.078,0.157445,0.210277,0.065845,-2.366428,1.364874,2.203953,1.480050,0.006114,0.052165,0.008611,0.034497,0.012352,0.002150,-0.014470
2025-12-16 18:26:22.079,0.157447,0.210330,0.065849,-2.366393,1.364893,2.203964,1.480039,0.004040,0.051030,0.008915,0.035212,0.014319,0.005782,-0.018623
2025-12-16 18:26:22.080,0.157455,0.210377,0.065857,-2.366355,1.364908,2.203971,1.480019,0.007091,0.049109,0.007938,0.032942,0.015102,0.008006,-0.018405
2025-12-16 18:26:22.081,0.157459,0.210438,0.065861,-2.366320,1.364924,2.203982,1.479991,0.005308,0.054426,0.008472,0.034792,0.011968,0.011165,-0.021511
2025-12-16 18:26:22.083,0.157464,0.210491,0.065865,-2.366285,1.364942,2.203992,1.479971,0.007314,0.052876,0.006354,0.035339,0.013623,0.013119,-0.020616
2025-12-16 18:26:22.084,0.157470,0.210547,0.065872,-2.366246,1.364957,2.204002,1.479959,0.006131,0.055730,0.008472,0.036415,0.009841,0.014945,-0.017770
2025-12-16 18:26:22.085,0.157476,0.210596,0.065878,-2.366210,1.364977,2.204013,1.479939,0.004541,0.055776,0.006307,0.032773,0.012726,0.011578,-0.018121
2025-12-16 18:26:22.086,0.157483,0.210715,0.065891,-2.366133,1.365008,2.204034,1.479893,0.005311,0.055723,0.008780,0.034732,0.011323,0.011009,-0.019412
2025-12-16 18:26:22.087,0.157491,0.210766,0.065901,-2.366096,1.365024,2.204045,1.479875,0.008014,0.053706,0.010937,0.035217,0.016883,0.012946,-0.023196
2025-12-16 18:26:22.088,0.157496,0.210820,0.065904,-2.366062,1.365041,2.204057,1.479857,0.008837,0.052166,0.010046,0.037893,0.017797,0.015163,-0.025377
2025-12-16 18:26:22.089,0.157502,0.210873,0.065911,-2.366026,1.365061,2.204063,1.479829,0.010078,0.051074,0.013267,0.037563,0.018708,0.014850,-0.031057
2025-12-16 18:26:22.091,0.157507,0.210927,0.065914,-2.365991,1.365080,2.204074,1.479810,0.010437,0.050985,0.011974,0.036840,0.013999,0.011567,-0.027828
2025-12-16 18:26:22.092,0.157512,0.210984,0.065919,-2.365955,1.365097,2.204084,1.479789,0.010802,0.053501,0.008570,0.034643,0.015857,0.013359,-0.020083
2025-12-16 18:26:22.093,0.157522,0.211097,0.065933,-2.365880,1.365132,2.204107,1.479750,0.008105,0.052026,0.006166,0.037201,0.016565,0.017157,-0.018772
2025-12-16 18:26:22.094,0.157527,0.211148,0.065941,-2.365842,1.365149,2.204119,1.479727,0.009123,0.053638,0.007930,0.037790,0.022166,0.012376,-0.019896
2025-12-16 18:26:22.095,0.157531,0.211209,0.065947,-2.365805,1.365164,2.204129,1.479700,0.006352,0.053952,0.009195,0.037331,0.020324,0.013585,-0.020994
2025-12-16 18:26:22.096,0.157540,0.211261,0.065950,-2.365769,1.365184,2.204143,1.479683,0.009080,0.051262,0.006412,0.034449,0.020348,0.015452,-0.018129
2025-12-16 18:26:22.098,0.157550,0.211316,0.065956,-2.365737,1.365204,2.204157,1.479665,0.010905,0.050418,0.007461,0.033388,0.020240,0.011558,-0.017468
2025-12-16 18:26:22.099,0.157562,0.211437,0.065970,-2.365660,1.365239,2.204187,1.479609,0.011993,0.052080,0.009673,0.040098,0.018493,0.011697,-0.021230
2025-12-16 18:26:22.100,0.157567,0.211488,0.065978,-2.365623,1.365261,2.204196,1.479592,0.011766,0.050376,0.007876,0.039837,0.019332,0.012933,-0.018317
2025-12-16 18:26:22.102,0.157575,0.211549,0.065980,-2.365588,1.365280,2.204208,1.479569,0.009533,0.051378,0.007850,0.038919,0.019192,0.013950,-0.022744
2025-12-16 18:26:22.103,0.157581,0.211602,0.065987,-2.365554,1.365298,2.204222,1.479548,0.007692,0.050423,0.009770,0.038123,0.018710,0.015102,-0.021808
2025-12-16 18:26:22.104,0.157591,0.211716,0.065999,-2.365484,1.365337,2.204251,1.479493,0.007379,0.050193,0.008274,0.038285,0.019138,0.016833,-0.026032
2025-12-16 18:26:22.105,0.157601,0.211772,0.066005,-2.365450,1.365356,2.204265,1.479472,0.006654,0.049519,0.009330,0.039869,0.019007,0.017275,-0.023061
2025-12-16 18:26:22.106,0.157607,0.211831,0.066012,-2.365411,1.365379,2.204282,1.479451,0.005551,0.053357,0.008092,0.040536,0.019936,0.018383,-0.016275
2025-12-16 18:26:22.108,0.157613,0.211891,0.066018,-2.365374,1.365394,2.204296,1.479421,0.004050,0.056036,0.005963,0.037221,0.018355,0.023249,-0.019193
2025-12-16 18:26:22.109,0.157615,0.211946,0.066028,-2.365336,1.365413,2.204305,1.479394,0.002313,0.057101,0.005609,0.037429,0.018500,0.016642,-0.020032
2025-12-16 18:26:22.110,0.157632,0.212065,0.066038,-2.365270,1.365451,2.204329,1.479348,0.005471,0.058073,0.002946,0.033149,0.018962,0.012857,-0.026431
2025-12-16 18:26:22.111,0.157636,0.212123,0.066046,-2.365235,1.365471,2.204345,1.479321,0.007485,0.055283,0.005857,0.034068,0.018934,0.015158,-0.029007
2025-12-16 18:26:22.112,0.157643,0.212184,0.066048,-2.365199,1.365492,2.204359,1.479289,0.009517,0.057972,0.006252,0.035274,0.019564,0.016059,-0.033704
2025-12-16 18:26:22.114,0.157646,0.212247,0.066058,-2.365165,1.365513,2.204372,1.479272,0.006478,0.057668,0.006493,0.034414,0.023725,0.017443,-0.027266
2025-12-16 18:26:22.115,0.157653,0.212302,0.066066,-2.365128,1.365533,2.204386,1.479246,0.005393,0.054550,0.004750,0.038725,0.017785,0.013030,-0.025949
2025-12-16 18:26:22.116,0.157666,0.212420,0.066074,-2.365062,1.365572,2.204412,1.479186,0.003566,0.057695,0.004683,0.037011,0.021903,0.013529,-0.024461
2025-12-16 18:26:22.117,0.157669,0.212477,0.066081,-2.365027,1.365594,2.204422,1.479158,0.004845,0.055631,0.007295,0.037798,0.021538,0.014599,-0.022561
2025-12-16 18:26:22.118,0.157680,0.212532,0.066093,-2.364987,1.365614,2.204437,1.479135,0.006002,0.056798,0.007169,0.039138,0.026009,0.011443,-0.025520
2025-12-16 18:26:22.119,0.157682,0.212592,0.066097,-2.364957,1.365637,2.204453,1.479111,0.003226,0.055635,0.004536,0.034223,0.024198,0.014082,-0.027318
2025-12-16 18:26:22.120,0.157693,0.212651,0.066109,-2.364920,1.365662,2.204468,1.479081,0.004168,0.054911,0.005092,0.032671,0.023434,0.015746,-0.026689
2025-12-16 18:26:22.122,0.157696,0.212714,0.066112,-2.364880,1.365684,2.204482,1.479051,0.001763,0.058523,0.005588,0.035640,0.027260,0.011423,-0.030211
2025-12-16 18:26:22.123,0.157700,0.212775,0.066118,-2.364848,1.365705,2.204495,1.479024,0.001318,0.057490,0.007302,0.034901,0.024427,0.008191,-0.031718
2025-12-16 18:26:22.124,0.157712,0.212882,0.066130,-2.364776,1.365750,2.204515,1.478974,0.004400,0.054983,0.005769,0.037128,0.026092,0.011813,-0.028973
2025-12-16 18:26:22.125,0.157722,0.212945,0.066141,-2.364747,1.365772,2.204526,1.478940,0.007911,0.057681,0.008716,0.035127,0.028370,0.008974,-0.028238
2025-12-16 18:26:22.126,0.157724,0.213009,0.066144,-2.364713,1.365799,2.204541,1.478912,0.005172,0.061851,0.007290,0.035226,0.027045,0.012209,-0.030370
2025-12-16 18:26:22.128,0.157728,0.213067,0.066154,-2.364680,1.365822,2.204554,1.478894,0.006811,0.061250,0.006726,0.032836,0.025598,0.014578,-0.024877
2025-12-16 18:26:22.129,0.157738,0.213184,0.066172,-2.364606,1.365868,2.204581,1.478832,0.004063,0.059303,0.009464,0.034701,0.027290,0.016032,-0.029121
2025-12-16 18:26:22.130,0.157742,0.213245,0.066176,-2.364573,1.365891,2.204592,1.478801,0.005934,0.061563,0.009118,0.037221,0.029529,0.010929,-0.031842
2025-12-16 18:26:22.131,0.157748,0.213302,0.066189,-2.364541,1.365914,2.204604,1.478780,0.005053,0.058495,0.011179,0.036043,0.026497,0.008619,-0.027066
2025-12-16 18:26:22.133,0.157752,0.213361,0.066192,-2.364508,1.365937,2.204617,1.478757,0.007270,0.059414,0.010380,0.035888,0.025365,0.010842,-0.028093
2025-12-16 18:26:22.134,0.157762,0.213481,0.066212,-2.364436,1.365986,2.204643,1.478699,0.006969,0.058319,0.011907,0.035166,0.027814,0.009987,-0.033665
2025-12-16 18:26:22.135,0.157764,0.213542,0.066220,-2.364401,1.366005,2.204661,1.478673,0.007552,0.059631,0.008914,0.035500,0.024797,0.013613,-0.030275
2025-12-16 18:26:22.136,0.157770,0.213597,0.066228,-2.364365,1.366027,2.204673,1.478651,0.006442,0.059792,0.009816,0.035995,0.022952,0.009744,-0.025497
2025-12-16 18:26:22.137,0.157774,0.213656,0.066232,-2.364334,1.366048,2.204686,1.478621,0.004213,0.057304,0.006148,0.031988,0.021296,0.011196,-0.024773
2025-12-16 18:26:22.139,0.157782,0.213714,0.066241,-2.364301,1.366073,2.204697,1.478589,0.007321,0.055536,0.007832,0.033425,0.025736,0.008422,-0.024360
2025-12-16 18:26:22.140,0.157790,0.213835,0.066254,-2.364234,1.366120,2.204724,1.478538,0.003462,0.057229,0.003568,0.032247,0.022909,0.004636,-0.024771
2025-12-16 18:26:22.141,0.157796,0.213897,0.066261,-2.364197,1.366144,2.204737,1.478517,0.002649,0.059149,0.005906,0.034362,0.021509,0.003122,-0.022273
2025-12-16 18:26:22.142,0.157805,0.213955,0.066271,-2.364161,1.366168,2.204754,1.478487,0.002671,0.056786,0.008756,0.032686,0.020863,0.003130,-0.022302
2025-12-16 18:26:22.143,0.157809,0.214012,0.066275,-2.364128,1.366191,2.204769,1.478453,0.001323,0.057729,0.009108,0.030748,0.021136,0.002687,-0.024340
2025-12-16 18:26:22.145,0.157814,0.214069,0.066286,-2.364096,1.366215,2.204788,1.478431,0.000469,0.059054,0.007403,0.032557,0.020848,0.006991,-0.025610
2025-12-16 18:26:22.146,0.157826,0.214182,0.066299,-2.364028,1.366262,2.204815,1.478387,0.006171,0.056720,0.006847,0.031679,0.023734,0.012655,-0.026724
2025-12-16 18:26:22.147,0.157831,0.214245,0.066303,-2.363989,1.366288,2.204827,1.478355,0.004675,0.056269,0.007120,0.031262,0.027372,0.008417,-0.027316
2025-12-16 18:26:22.148,0.157835,0.214302,0.066313,-2.363956,1.366316,2.204840,1.478333,0.002980,0.059572,0.009103,0.032201,0.026216,0.011816,-0.024303
2025-12-16 18:26:22.150,0.157844,0.214357,0.066322,-2.363921,1.366337,2.204853,1.478311,0.006854,0.056145,0.010521,0.034103,0.023298,0.013183,-0.021147
2025-12-16 18:26:22.151,0.157859,0.214475,0.066335,-2.363857,1.366387,2.204879,1.478256,0.007249,0.058578,0.011331,0.032520,0.021648,0.011362,-0.022124
2025-12-16 18:26:22.152,0.157863,0.214535,0.066343,-2.363827,1.366413,2.204891,1.478227,0.008803,0.056589,0.012204,0.029562,0.025648,0.012721,-0.026551
2025-12-16 18:26:22.153,0.157868,0.214592,0.066349,-2.363792,1.366438,2.204907,1.478206,0.010578,0.056796,0.009084,0.032421,0.028627,0.014994,-0.027741
2025-12-16 18:26:22.155,0.157872,0.214653,0.066356,-2.363756,1.366462,2.204919,1.478184,0.010652,0.058477,0.006767,0.034460,0.030947,0.015128,-0.024778
2025-12-16 18:26:22.156,0.157883,0.214772,0.066374,-2.363689,1.366510,2.204946,1.478124,0.009958,0.055018,0.006867,0.035392,0.029239,0.016416,-0.029206
2025-12-16 18:26:22.157,0.157887,0.214827,0.066379,-2.363659,1.366532,2.204958,1.478106,0.007417,0.052556,0.008223,0.035530,0.026094,0.017433,-0.024353
2025-12-16 18:26:22.158,0.157895,0.214884,0.066387,-2.363625,1.366557,2.204969,1.478080,0.006085,0.051472,0.006117,0.033260,0.024656,0.017249,-0.027503
2025-12-16 18:26:22.159,0.157899,0.214941,0.066394,-2.363591,1.366584,2.204983,1.478054,0.004495,0.053898,0.008328,0.035039,0.024127,0.017664,-0.029353
2025-12-16 18:26:22.161,0.157909,0.214999,0.066402,-2.363557,1.366608,2.204996,1.478015,0.005088,0.055608,0.009324,0.036447,0.022839,0.017640,-0.034866
2025-12-16 18:26:22.162,0.157913,0.215117,0.066420,-2.363495,1.366656,2.205027,1.477966,0.004184,0.057807,0.011238,0.035853,0.021120,0.018907,-0.033489
2025-12-16 18:26:22.164,0.157927,0.215234,0.066440,-2.363426,1.366704,2.205054,1.477902,0.006134,0.056316,0.012283,0.034764,0.020135,0.015487,-0.037679
2025-12-16 18:26:22.165,0.157929,0.215289,0.066446,-2.363395,1.366724,2.205065,1.477875,0.003360,0.053082,0.011177,0.031816,0.018349,0.015519,-0.032553
2025-12-16 18:26:22.167,0.157936,0.215350,0.066457,-2.363355,1.366748,2.205077,1.477845,0.002599,0.055812,0.012131,0.031925,0.018680,0.012051,-0.028328
2025-12-16 18:26:22.168,0.157949,0.215470,0.066473,-2.363292,1.366799,2.205103,1.477783,0.004504,0.058230,0.008539,0.033104,0.019596,0.011085,-0.033701
2025-12-16 18:26:22.169,0.157951,0.215529,0.066480,-2.363257,1.366824,2.205117,1.477754,0.001684,0.059005,0.006447,0.034728,0.024441,0.014084,-0.034720
2025-12-16 18:26:22.170,0.157961,0.215591,0.066485,-2.363221,1.366847,2.205130,1.477727,0.005468,0.057511,0.007461,0.033313,0.027450,0.010153,-0.034562
2025-12-16 18:26:22.171,0.157970,0.215649,0.066490,-2.363191,1.366871,2.205146,1.477701,0.008335,0.058670,0.004455,0.033852,0.025287,0.007222,-0.028942
2025-12-16 18:26:22.173,0.157979,0.215710,0.066496,-2.363155,1.366893,2.205160,1.477669,0.006252,0.060817,0.006071,0.035448,0.027787,0.005062,-0.031946
2025-12-16 18:26:22.174,0.157993,0.215823,0.066512,-2.363094,1.366946,2.205190,1.477603,0.006343,0.056993,0.007182,0.032122,0.033542,0.011338,-0.027899
2025-12-16 18:26:22.175,0.157998,0.215888,0.066519,-2.363060,1.366968,2.205206,1.477577,0.006969,0.057167,0.007908,0.034373,0.029208,0.013575,-0.023674
2025-12-16 18:26:22.176,0.158009,0.215946,0.066530,-2.363028,1.366990,2.205220,1.477551,0.010029,0.054244,0.010358,0.034838,0.025935,0.015072,-0.025749
2025-12-16 18:26:22.177,0.158016,0.216004,0.066538,-2.362992,1.367017,2.205235,1.477512,0.010176,0.056416,0.007716,0.032961,0.028947,0.015919,-0.027541
2025-12-16 18:26:22.179,0.158031,0.216128,0.066551,-2.362931,1.367065,2.205262,1.477456,0.006411,0.060442,0.007067,0.030901,0.029164,0.012080,-0.030019
2025-12-16 18:26:22.180,0.158040,0.216186,0.066555,-2.362899,1.367088,2.205278,1.477427,0.004766,0.060333,0.007806,0.031948,0.026071,0.014153,-0.030929
2025-12-16 18:26:22.181,0.158049,0.216248,0.066562,-2.362864,1.367114,2.205294,1.477386,0.004103,0.057727,0.009069,0.033960,0.024965,0.014922,-0.030659
2025-12-16 18:26:22.183,0.158053,0.216310,0.066572,-2.362832,1.367138,2.205310,1.477357,0.003012,0.059036,0.011183,0.034754,0.023385,0.015851,-0.027224
2025-12-16 18:26:22.184,0.158065,0.216438,0.066586,-2.362765,1.367189,2.205339,1.477299,0.005303,0.063663,0.009762,0.033016,0.025879,0.016894,-0.029210
2025-12-16 18:26:22.185,0.158073,0.216496,0.066593,-2.362729,1.367214,2.205350,1.477258,0.005056,0.063058,0.007746,0.031494,0.028787,0.016294,-0.034278
2025-12-16 18:26:22.186,0.158082,0.216552,0.066598,-2.362700,1.367239,2.205368,1.477223,0.008390,0.061551,0.005118,0.031227,0.026427,0.017018,-0.035489
2025-12-16 18:26:22.187,0.158084,0.216609,0.066606,-2.362669,1.367265,2.205382,1.477191,0.005558,0.060833,0.004352,0.032452,0.028854,0.012462,-0.030876
2025-12-16 18:26:22.189,0.158095,0.216672,0.066615,-2.362639,1.367293,2.205400,1.477162,0.006416,0.062475,0.007377,0.033148,0.026485,0.014002,-0.030780
2025-12-16 18:26:22.190,0.158104,0.216793,0.066633,-2.362569,1.367348,2.205435,1.477097,0.009047,0.059318,0.008632,0.035907,0.023767,0.017097,-0.029802
2025-12-16 18:26:22.191,0.158108,0.216856,0.066640,-2.362533,1.367377,2.205448,1.477060,0.010180,0.060563,0.006282,0.036619,0.027171,0.012393,-0.033332
2025-12-16 18:26:22.192,0.158118,0.216912,0.066646,-2.362498,1.367403,2.205460,1.477033,0.009894,0.057293,0.007728,0.036695,0.029102,0.013244,-0.032436
2025-12-16 18:26:22.193,0.158116,0.216972,0.066658,-2.362470,1.367432,2.205477,1.477001,0.005423,0.058480,0.013213,0.035311,0.031360,0.014304,-0.028715
2025-12-16 18:26:22.195,0.158121,0.217040,0.066666,-2.362432,1.367460,2.205491,1.476965,0.004615,0.061392,0.009196,0.039869,0.027903,0.015105,-0.027040
2025-12-16 18:26:22.196,0.158132,0.217162,0.066687,-2.362367,1.367516,2.205523,1.476902,0.002583,0.067157,0.011142,0.037788,0.024950,0.017813,-0.031165
2025-12-16 18:26:22.197,0.158139,0.217225,0.066694,-2.362332,1.367546,2.205536,1.476875,0.006510,0.066893,0.008284,0.035205,0.028489,0.017635,-0.031852
2025-12-16 18:26:22.198,0.158144,0.217286,0.066705,-2.362302,1.367575,2.205552,1.476842,0.004770,0.066364,0.009865,0.035130,0.026331,0.012859,-0.033690
2025-12-16 18:26:22.200,0.158148,0.217349,0.066714,-2.362268,1.367603,2.205568,1.476801,0.003503,0.062603,0.011122,0.036286,0.028864,0.014374,-0.037004
2025-12-16 18:26:22.201,0.158159,0.217462,0.066727,-2.362207,1.367658,2.205595,1.476743,0.002550,0.060968,0.008999,0.035729,0.031926,0.015695,-0.034433
2025-12-16 18:26:22.202,0.158165,0.217525,0.066740,-2.362173,1.367687,2.205610,1.476708,0.005340,0.061548,0.008486,0.036719,0.033501,0.016879,-0.035821
2025-12-16 18:26:22.203,0.158169,0.217589,0.066746,-2.362142,1.367714,2.205628,1.476669,0.007311,0.059827,0.006199,0.032725,0.030185,0.013754,-0.037258
2025-12-16 18:26:22.205,0.158172,0.217656,0.066755,-2.362106,1.367741,2.205638,1.476630,0.005449,0.062146,0.003983,0.034579,0.027329,0.009858,-0.035168
2025-12-16 18:26:22.206,0.158182,0.217770,0.066768,-2.362046,1.367791,2.205665,1.476563,0.005830,0.059651,0.006895,0.033999,0.023581,0.008622,-0.034856
2025-12-16 18:26:22.207,0.158187,0.217837,0.066780,-2.362013,1.367816,2.205678,1.476533,0.003860,0.061535,0.009026,0.031913,0.022828,0.006147,-0.029371
2025-12-16 18:26:22.208,0.158195,0.217901,0.066785,-2.361978,1.367842,2.205692,1.476490,0.006904,0.062973,0.006102,0.031084,0.026075,0.004652,-0.034378
2025-12-16 18:26:22.210,0.158201,0.217962,0.066790,-2.361945,1.367867,2.205707,1.476455,0.005182,0.062571,0.007217,0.032846,0.024274,0.008551,-0.034409
2025-12-16 18:26:22.211,0.158204,0.218027,0.066798,-2.361914,1.367892,2.205724,1.476425,0.003333,0.063824,0.006044,0.033141,0.023035,0.007149,-0.033723
2025-12-16 18:26:22.212,0.158215,0.218150,0.066812,-2.361846,1.367940,2.205750,1.476348,0.002129,0.058891,0.005404,0.035343,0.021406,0.004286,-0.037591
2025-12-16 18:26:22.213,0.158222,0.218206,0.066817,-2.361817,1.367962,2.205759,1.476309,0.004959,0.057823,0.003529,0.034041,0.021154,0.006338,-0.037884
2025-12-16 18:26:22.214,0.158230,0.218268,0.066826,-2.361780,1.367982,2.205773,1.476275,0.007722,0.059549,0.005858,0.032972,0.019551,0.009528,-0.037637
2025-12-16 18:26:22.216,0.158233,0.218330,0.066835,-2.361746,1.368007,2.205790,1.476248,0.008108,0.061557,0.008142,0.034233,0.020068,0.008285,-0.035159
2025-12-16 18:26:22.217,0.158240,0.218449,0.066849,-2.361684,1.368056,2.205818,1.476173,0.009018,0.062305,0.007344,0.032120,0.024548,0.005329,-0.038539
2025-12-16 18:26:22.218,0.158247,0.218506,0.066856,-2.361652,1.368077,2.205829,1.476140,0.006939,0.061185,0.004882,0.030317,0.023038,0.008056,-0.038269
2025-12-16 18:26:22.219,0.158253,0.218569,0.066861,-2.361614,1.368099,2.205842,1.476109,0.008762,0.062136,0.006253,0.030525,0.021516,0.010371,-0.035827
2025-12-16 18:26:22.220,0.158256,0.218629,0.066866,-2.361578,1.368122,2.205856,1.476081,0.008972,0.059154,0.004226,0.030812,0.020852,0.012492,-0.035399
2025-12-16 18:26:22.221,0.158262,0.218690,0.066875,-2.361545,1.368146,2.205869,1.476036,0.006881,0.056851,0.006416,0.029175,0.020448,0.013735,-0.039989
2025-12-16 18:26:22.223,0.158269,0.218753,0.066882,-2.361514,1.368168,2.205885,1.476005,0.005263,0.058943,0.004885,0.033123,0.020385,0.010684,-0.033740
2025-12-16 18:26:22.224,0.158275,0.218881,0.066895,-2.361451,1.368214,2.205910,1.475951,0.008624,0.065097,0.007337,0.030011,0.023141,0.010707,-0.029262
2025-12-16 18:26:22.225,0.158278,0.218939,0.066905,-2.361418,1.368237,2.205922,1.475914,0.006545,0.063551,0.006813,0.032072,0.021805,0.012279,-0.029359
2025-12-16 18:26:22.226,0.158280,0.218997,0.066913,-2.361387,1.368257,2.205935,1.475879,0.004403,0.063844,0.008213,0.029689,0.020698,0.013434,-0.031989
2025-12-16 18:26:22.227,0.158290,0.219052,0.066917,-2.361356,1.368280,2.205947,1.475847,0.009284,0.062842,0.008086,0.028354,0.020265,0.009335,-0.038077
2025-12-16 18:26:22.229,0.158292,0.219173,0.066934,-2.361294,1.368328,2.205974,1.475789,0.007300,0.063643,0.009025,0.032002,0.020115,0.010902,-0.032400
2025-12-16 18:26:22.231,0.158305,0.219293,0.066941,-2.361227,1.368373,2.205997,1.475725,0.006196,0.063242,0.006143,0.034383,0.019686,0.009086,-0.036203
2025-12-16 18:26:22.232,0.158306,0.219351,0.066950,-2.361195,1.368397,2.206011,1.475703,0.003806,0.062287,0.005886,0.035432,0.019786,0.012136,-0.034289
2025-12-16 18:26:22.233,0.158309,0.219412,0.066963,-2.361161,1.368419,2.206022,1.475674,0.006278,0.062403,0.009828,0.036830,0.023533,0.012687,-0.029426
2025-12-16 18:26:22.235,0.158312,0.219467,0.066964,-2.361131,1.368439,2.206033,1.475641,0.005309,0.060805,0.005380,0.035868,0.022034,0.009595,-0.032729
2025-12-16 18:26:22.236,0.158315,0.219530,0.066972,-2.361102,1.368459,2.206045,1.475610,0.003245,0.061934,0.005236,0.034903,0.016570,0.011808,-0.030951
2025-12-16 18:26:22.237,0.158326,0.219647,0.066989,-2.361039,1.368507,2.206069,1.475558,0.006874,0.062189,0.009879,0.034228,0.018015,0.010102,-0.023937
2025-12-16 18:26:22.238,0.158332,0.219709,0.066993,-2.361008,1.368529,2.206081,1.475531,0.005675,0.063034,0.006582,0.034927,0.022195,0.012906,-0.022343
2025-12-16 18:26:22.239,0.158330,0.219766,0.067000,-2.360976,1.368554,2.206093,1.475495,0.002352,0.059147,0.004872,0.035730,0.022045,0.013975,-0.032700
2025-12-16 18:26:22.241,0.158335,0.219820,0.067003,-2.360945,1.368578,2.206106,1.475462,0.002373,0.058852,0.005661,0.035342,0.021210,0.014873,-0.030243
2025-12-16 18:26:22.242,0.158344,0.219937,0.067019,-2.360876,1.368620,2.206131,1.475410,0.007371,0.056672,0.004018,0.034936,0.019790,0.008432,-0.026665
2025-12-16 18:26:22.243,0.158346,0.219999,0.067024,-2.360844,1.368646,2.206146,1.475381,0.004966,0.059050,0.002423,0.034880,0.020361,0.011374,-0.029812
2025-12-16 18:26:22.246,0.158363,0.220169,0.067042,-2.360751,1.368716,2.206184,1.475291,0.002408,0.054926,0.003665,0.031287,0.022710,0.012651,-0.029537
2025-12-16 18:26:22.247,0.158365,0.220229,0.067052,-2.360716,1.368740,2.206195,1.475264,0.004710,0.057730,0.004088,0.031030,0.022530,0.013110,-0.030940
2025-12-16 18:26:22.248,0.158370,0.220286,0.067061,-2.360688,1.368762,2.206206,1.475228,0.004130,0.059070,0.006751,0.030829,0.025898,0.009939,-0.035290
2025-12-16 18:26:22.249,0.158373,0.220345,0.067066,-2.360658,1.368782,2.206219,1.475197,0.003079,0.060014,0.003896,0.031964,0.024074,0.012393,-0.030653
2025-12-16 18:26:22.251,0.158383,0.220465,0.067082,-2.360592,1.368825,2.206249,1.475143,0.001714,0.062090,0.006601,0.035559,0.021534,0.013184,-0.027064
2025-12-16 18:26:22.252,0.158386,0.220521,0.067090,-2.360566,1.368844,2.206258,1.475110,0.001280,0.058519,0.005435,0.034166,0.020858,0.009414,-0.026513
2025-12-16 18:26:22.253,0.158388,0.220580,0.067096,-2.360528,1.368866,2.206270,1.475079,0.000399,0.056893,0.007127,0.033933,0.021028,0.011340,-0.029017
2025-12-16 18:26:22.256,0.158403,0.220750,0.067111,-2.360438,1.368926,2.206306,1.474989,0.006866,0.053136,0.006788,0.032791,0.019364,0.006967,-0.029613
2025-12-16 18:26:22.257,0.158406,0.220805,0.067119,-2.360405,1.368945,2.206317,1.474958,0.008483,0.052378,0.008788,0.031424,0.019206,0.005637,-0.027677
2025-12-16 18:26:22.258,0.158409,0.220864,0.067125,-2.360373,1.368965,2.206331,1.474920,0.009845,0.052389,0.009696,0.030354,0.019453,0.005307,-0.031935
2025-12-16 18:26:22.260,0.158414,0.220919,0.067131,-2.360344,1.368984,2.206345,1.474898,0.007929,0.051337,0.007798,0.031613,0.019258,0.008923,-0.025975
2025-12-16 18:26:22.261,0.158419,0.221024,0.067146,-2.360280,1.369024,2.206363,1.474841,0.004754,0.055059,0.011378,0.029980,0.021655,0.008448,-0.026287
2025-12-16 18:26:22.262,0.158426,0.221084,0.067148,-2.360255,1.369044,2.206375,1.474799,0.004717,0.058892,0.007166,0.026625,0.021083,0.010335,-0.028521
2025-12-16 18:26:22.264,0.158434,0.221198,0.067159,-2.360191,1.369084,2.206396,1.474750,0.003232,0.062089,0.010190,0.032468,0.020925,0.014635,-0.024432
2025-12-16 18:26:22.266,0.158437,0.221249,0.067167,-2.360162,1.369102,2.206407,1.474722,0.002299,0.057564,0.008699,0.033834,0.020150,0.011358,-0.022169
2025-12-16 18:26:22.267,0.158443,0.221366,0.067176,-2.360103,1.369143,2.206432,1.474651,0.004829,0.054585,0.007266,0.031425,0.019768,0.009035,-0.023981
2025-12-16 18:26:22.268,0.158446,0.221417,0.067178,-2.360070,1.369162,2.206443,1.474621,0.003569,0.053199,0.004819,0.033498,0.019401,0.011421,-0.027688
2025-12-16 18:26:22.269,0.158442,0.221469,0.067187,-2.360041,1.369180,2.206452,1.474602,0.004391,0.051525,0.007969,0.031337,0.018893,0.008232,-0.022093
2025-12-16 18:26:22.271,0.158446,0.221517,0.067187,-2.360010,1.369197,2.206466,1.474573,0.003974,0.049964,0.005225,0.030135,0.014531,0.011292,-0.026417
2025-12-16 18:26:22.272,0.158458,0.221576,0.067192,-2.359977,1.369216,2.206474,1.474536,0.005986,0.054894,0.007049,0.032371,0.015922,0.012084,-0.031820
2025-12-16 18:26:22.273,0.158459,0.221630,0.067199,-2.359950,1.369233,2.206488,1.474511,0.003616,0.054204,0.006484,0.030186,0.015895,0.015221,-0.032005
2025-12-16 18:26:22.274,0.158461,0.221685,0.067203,-2.359923,1.369252,2.206502,1.474482,0.005543,0.053754,0.004756,0.028360,0.016650,0.011733,-0.033329
2025-12-16 18:26:22.277,0.158470,0.221789,0.067212,-2.359866,1.369290,2.206521,1.474422,0.004455,0.051419,0.005675,0.029877,0.017683,0.010571,-0.031778
2025-12-16 18:26:22.278,0.158473,0.221843,0.067216,-2.359843,1.369307,2.206531,1.474394,0.003220,0.051670,0.004162,0.027518,0.017301,0.011896,-0.032060
2025-12-16 18:26:22.279,0.158477,0.221946,0.067225,-2.359788,1.369346,2.206552,1.474338,0.001543,0.053658,0.002253,0.026019,0.014505,0.010482,-0.029914
2025-12-16 18:26:22.283,0.158493,0.222204,0.067238,-2.359654,1.369438,2.206609,1.474188,0.001351,0.052002,0.003487,0.029363,0.012857,0.002191,-0.032712
2025-12-16 18:26:22.284,0.158499,0.222253,0.067240,-2.359628,1.369456,2.206619,1.474153,0.002039,0.051554,0.002556,0.028155,0.015056,0.001303,-0.036017
2025-12-16 18:26:22.287,0.158501,0.222398,0.067247,-2.359558,1.369507,2.206648,1.474069,0.003297,0.051469,0.002964,0.027192,0.016533,0.004146,-0.027183
2025-12-16 18:26:22.288,0.158502,0.222451,0.067250,-2.359531,1.369525,2.206657,1.474029,0.002423,0.052545,0.002242,0.027412,0.012437,0.008529,-0.032333
2025-12-16 18:26:22.289,0.158506,0.222501,0.067254,-2.359502,1.369540,2.206664,1.474002,0.005851,0.052451,0.005401,0.027599,0.014056,0.005968,-0.027736
2025-12-16 18:26:22.295,0.158512,0.222780,0.067266,-2.359358,1.369642,2.206718,1.473828,0.002507,0.047947,0.001107,0.025567,0.016605,0.003475,-0.030018
2025-12-16 18:26:22.296,0.158510,0.222826,0.067268,-2.359336,1.369658,2.206727,1.473797,0.001189,0.044783,0.000811,0.025386,0.017454,0.002620,-0.028107
2025-12-16 18:26:22.298,0.158512,0.222878,0.067268,-2.359306,1.369671,2.206736,1.473766,0.000849,0.047383,0.001153,0.026856,0.012356,0.006300,-0.025784
2025-12-16 18:26:22.299,0.158513,0.222968,0.067271,-2.359267,1.369704,2.206753,1.473703,0.000437,0.048691,0.000571,0.022670,0.015068,0.004093,-0.027277
2025-12-16 18:26:22.301,0.158514,0.223056,0.067275,-2.359215,1.369739,2.206771,1.473646,0.000042,0.043583,0.000658,0.022509,0.020913,0.009385,-0.027058
2025-12-16 18:26:22.302,0.158514,0.223101,0.067274,-2.359194,1.369757,2.206781,1.473612,0.000041,0.042081,-0.000105,0.019493,0.020355,0.012893,-0.026531
2025-12-16 18:26:22.304,0.158512,0.223150,0.067274,-2.359166,1.369771,2.206789,1.473585,-0.000612,0.041509,-0.000617,0.022676,0.014901,0.009259,-0.023049
2025-12-16 18:26:22.305,0.158512,0.223237,0.067277,-2.359117,1.369801,2.206810,1.473527,-0.000664,0.044408,0.000107,0.024413,0.011939,0.013733,-0.024302
2025-12-16 18:26:22.306,0.158510,0.223278,0.067276,-2.359098,1.369818,2.206816,1.473491,-0.000995,0.044831,-0.000481,0.023470,0.013629,0.014951,-0.025090
2025-12-16 18:26:22.307,0.158510,0.223324,0.067276,-2.359073,1.369835,2.206823,1.473464,-0.000660,0.043669,-0.000967,0.024539,0.015270,0.016221,-0.026648
2025-12-16 18:26:22.311,0.158508,0.223502,0.067282,-2.358980,1.369895,2.206853,1.473340,-0.001265,0.047564,0.001875,0.024187,0.010838,0.007426,-0.029125
2025-12-16 18:26:22.313,0.158510,0.223592,0.067278,-2.358933,1.369922,2.206869,1.473283,-0.000375,0.047242,0.000240,0.027999,0.009026,0.009593,-0.026400
2025-12-16 18:26:22.314,0.158512,0.223638,0.067277,-2.358918,1.369937,2.206874,1.473251,0.000307,0.048581,-0.000313,0.024767,0.011839,0.006803,-0.030040
2025-12-16 18:26:22.315,0.158508,0.223683,0.067278,-2.358891,1.369951,2.206882,1.473218,-0.000909,0.045651,0.000411,0.026579,0.013569,0.009795,-0.028668
2025-12-16 18:26:22.317,0.158508,0.223769,0.067280,-2.358848,1.369975,2.206898,1.473158,-0.000589,0.047523,0.000249,0.024874,0.010671,0.010523,-0.025668
2025-12-16 18:26:22.318,0.158510,0.223813,0.067280,-2.358824,1.369987,2.206907,1.473137,0.000164,0.045641,-0.000364,0.025245,0.007699,0.007862,-0.025914
2025-12-16 18:26:22.321,0.158508,0.223945,0.067279,-2.358761,1.370029,2.206924,1.473050,-0.000075,0.042289,0.000015,0.025248,0.009718,0.003441,-0.028403
2025-12-16 18:26:22.323,0.158505,0.223983,0.067279,-2.358738,1.370043,2.206929,1.473022,-0.001256,0.039791,0.000575,0.025830,0.007624,0.001850,-0.025699
2025-12-16 18:26:22.325,0.158505,0.224109,0.067275,-2.358675,1.370079,2.206947,1.472934,-0.000372,0.039966,-0.000717,0.021215,0.013097,0.003498,-0.021814
2025-12-16 18:26:22.326,0.158505,0.224154,0.067278,-2.358651,1.370095,2.206954,1.472904,-0.000248,0.040140,0.000731,0.023326,0.015287,0.008013,-0.021627
2025-12-16 18:26:22.329,0.158499,0.224238,0.067275,-2.358613,1.370122,2.206964,1.472845,-0.001502,0.038655,-0.000477,0.025590,0.013943,0.009357,-0.027426
2025-12-16 18:26:22.331,0.158496,0.224363,0.067281,-2.358550,1.370157,2.206982,1.472774,-0.000445,0.040332,0.001222,0.022658,0.008857,0.012181,-0.026471
2025-12-16 18:26:22.332,0.158496,0.224403,0.067279,-2.358530,1.370170,2.206988,1.472747,-0.000297,0.042271,-0.000299,0.019805,0.007310,0.009502,-0.024329
2025-12-16 18:26:22.334,0.158496,0.224445,0.067277,-2.358510,1.370180,2.206993,1.472713,-0.000198,0.044289,-0.000199,0.020215,0.010143,0.011787,-0.022374
2025-12-16 18:26:22.338,0.158492,0.224648,0.067271,-2.358410,1.370237,2.207010,1.472588,0.000256,0.039851,-0.001361,0.022758,0.014361,0.003123,-0.025129
2025-12-16 18:26:22.339,0.158486,0.224689,0.067275,-2.358389,1.370246,2.207014,1.472563,-0.001593,0.039726,0.000207,0.023638,0.010443,0.006951,-0.023998
2025-12-16 18:26:22.341,0.158488,0.224728,0.067277,-2.358372,1.370257,2.207016,1.472543,-0.000412,0.042371,0.000787,0.020433,0.008148,0.005565,-0.020041
2025-12-16 18:26:22.342,0.158490,0.224766,0.067275,-2.358351,1.370266,2.207019,1.472514,0.000282,0.041053,-0.000125,0.021761,0.006093,0.003755,-0.026085
2025-12-16 18:26:22.343,0.158485,0.224843,0.067271,-2.358311,1.370288,2.207017,1.472469,-0.000246,0.036017,-0.005688,0.020749,0.006564,0.001265,-0.025732
2025-12-16 18:26:22.344,0.158485,0.224880,0.067270,-2.358291,1.370298,2.207023,1.472448,-0.000164,0.035953,-0.004740,0.022441,0.009665,0.001766,-0.028201
2025-12-16 18:26:22.345,0.158485,0.224921,0.067273,-2.358274,1.370306,2.207023,1.472423,-0.000109,0.033747,-0.002341,0.023036,0.006930,0.000937,-0.026316
2025-12-16 18:26:22.346,0.158481,0.224957,0.067273,-2.358257,1.370321,2.207027,1.472390,-0.000722,0.037373,-0.001781,0.019778,0.010622,0.001097,-0.027374
2025-12-16 18:26:22.348,0.158483,0.225036,0.067274,-2.358222,1.370342,2.207033,1.472345,0.000885,0.040700,-0.000469,0.019070,0.005832,0.001814,-0.023198
2025-12-16 18:26:22.349,0.158478,0.225071,0.067267,-2.358205,1.370354,2.207034,1.472328,-0.001173,0.041903,-0.002076,0.016641,0.008728,0.000505,-0.019844
2025-12-16 18:26:22.352,0.158479,0.225183,0.067268,-2.358151,1.370386,2.207038,1.472249,0.000189,0.040879,-0.000906,0.018654,0.004289,0.000031,-0.025771
2025-12-16 18:26:22.353,0.158480,0.225219,0.067268,-2.358135,1.370395,2.207041,1.472217,0.000683,0.039174,-0.000633,0.019418,0.002872,0.000780,-0.026531
2025-12-16 18:26:22.355,0.158476,0.225295,0.067267,-2.358105,1.370414,2.207045,1.472167,-0.003492,0.033487,-0.003446,0.016917,0.001399,-0.000012,-0.028047
2025-12-16 18:26:22.356,0.158476,0.225334,0.067267,-2.358091,1.370426,2.207046,1.472147,-0.001500,0.032501,-0.002014,0.017443,0.006542,-0.000715,-0.029066
2025-12-16 18:26:22.357,0.158472,0.225367,0.067267,-2.358069,1.370434,2.207046,1.472127,-0.002328,0.030326,-0.001548,0.015089,0.004526,-0.000845,-0.026144
2025-12-16 18:26:22.359,0.158472,0.225405,0.067268,-2.358058,1.370443,2.207051,1.472098,-0.001155,0.032656,0.000021,0.015884,0.003089,-0.000187,-0.029801
2025-12-16 18:26:22.360,0.158473,0.225442,0.067266,-2.358040,1.370453,2.207049,1.472078,-0.000334,0.034892,-0.000751,0.015878,0.001325,-0.000123,-0.026805
2025-12-16 18:26:22.361,0.158471,0.225506,0.067265,-2.358011,1.370470,2.207054,1.472024,0.000281,0.032153,-0.000457,0.016346,0.001116,0.000287,-0.024738
2025-12-16 18:26:22.362,0.158467,0.225540,0.067265,-2.357996,1.370482,2.207056,1.472004,-0.000421,0.031087,-0.000353,0.016144,0.001847,0.000938,-0.021077
2025-12-16 18:26:22.365,0.158465,0.225643,0.067264,-2.357949,1.370510,2.207056,1.471927,0.000107,0.031940,-0.001823,0.014776,0.000546,-0.000930,-0.026982
2025-12-16 18:26:22.366,0.158464,0.225678,0.067264,-2.357936,1.370516,2.207057,1.471906,0.000055,0.033339,-0.001378,0.014101,0.004089,-0.000247,-0.024875
2025-12-16 18:26:22.367,0.158462,0.225711,0.067263,-2.357914,1.370525,2.207058,1.471887,0.000025,0.034227,-0.000484,0.015628,0.003825,-0.000164,-0.021151
2025-12-16 18:26:22.369,0.158467,0.225745,0.067259,-2.357908,1.370534,2.207062,1.471861,0.001771,0.035677,-0.001621,0.012198,0.008024,0.000230,-0.025698
2025-12-16 18:26:22.370,0.158464,0.225776,0.067262,-2.357889,1.370544,2.207062,1.471836,0.001174,0.034953,0.000057,0.017060,0.005988,0.000899,-0.028867
2025-12-16 18:26:22.371,0.158460,0.225839,0.067264,-2.357865,1.370560,2.207060,1.471784,-0.000816,0.033241,-0.001930,0.017625,0.008592,-0.000222,-0.034299
2025-12-16 18:26:22.372,0.158461,0.225873,0.067258,-2.357846,1.370564,2.207063,1.471771,0.000567,0.031936,-0.003336,0.017912,0.005745,0.000225,-0.027045
2025-12-16 18:26:22.373,0.158460,0.225901,0.067263,-2.357835,1.370572,2.207063,1.471747,0.000376,0.029550,-0.001325,0.018721,0.008653,-0.000223,-0.030157
2025-12-16 18:26:22.374,0.158460,0.225934,0.067264,-2.357820,1.370577,2.207062,1.471714,0.000899,0.029107,-0.001045,0.017508,0.006191,-0.000488,-0.035071
2025-12-16 18:26:22.376,0.158452,0.225966,0.067260,-2.357810,1.370585,2.207063,1.471698,-0.001815,0.030944,-0.001374,0.019241,0.004698,0.000014,-0.029472
2025-12-16 18:26:22.377,0.158455,0.225995,0.067261,-2.357796,1.370593,2.207065,1.471674,0.000552,0.029493,-0.000450,0.017735,0.004238,0.000382,-0.031771
2025-12-16 18:26:22.378,0.158454,0.226055,0.067262,-2.357770,1.370608,2.207066,1.471625,0.000245,0.031267,-0.000513,0.014419,0.005645,0.000543,-0.030762
2025-12-16 18:26:22.379,0.158454,0.226084,0.067263,-2.357762,1.370613,2.207065,1.471608,0.000163,0.032200,-0.000380,0.012356,0.004237,-0.000011,-0.026678
2025-12-16 18:26:22.381,0.158450,0.226116,0.067262,-2.357742,1.370621,2.207063,1.471586,-0.000449,0.034176,-0.000282,0.014957,0.007885,-0.000380,-0.024337
2025-12-16 18:26:22.388,0.158445,0.226346,0.067263,-2.357656,1.370666,2.207065,1.471394,0.000863,0.026091,0.000095,0.010174,0.008359,0.000148,-0.021133
2025-12-16 18:26:22.390,0.158439,0.226398,0.067264,-2.357631,1.370674,2.207068,1.471354,-0.000823,0.025422,0.000813,0.012431,0.004395,0.000812,-0.017940
2025-12-16 18:26:22.391,0.158441,0.226419,0.067261,-2.357622,1.370679,2.207065,1.471330,-0.002304,0.020928,-0.000666,0.011275,0.003334,-0.000205,-0.023008
2025-12-16 18:26:22.392,0.158438,0.226444,0.067259,-2.357612,1.370686,2.207065,1.471296,-0.002386,0.021459,-0.000445,0.011791,0.003170,-0.000137,-0.025430
2025-12-16 18:26:22.393,0.158436,0.226477,0.067258,-2.357600,1.370694,2.207066,1.471276,-0.005320,0.024604,-0.000297,0.012274,0.003358,0.000282,-0.023284
2025-12-16 18:26:22.395,0.158435,0.226499,0.067258,-2.357590,1.370696,2.207066,1.471251,-0.004004,0.023411,-0.000199,0.012206,0.001731,0.000188,-0.026265
2025-12-16 18:26:22.396,0.158440,0.226520,0.067258,-2.357583,1.370701,2.207065,1.471238,-0.000692,0.022064,-0.000133,0.011423,0.001282,-0.000248,-0.021459
2025-12-16 18:26:22.397,0.158430,0.226573,0.067259,-2.357560,1.370708,2.207065,1.471190,-0.004965,0.024033,0.000343,0.012626,0.000706,0.000014,-0.024885
2025-12-16 18:26:22.399,0.158429,0.226594,0.067260,-2.357553,1.370714,2.207065,1.471162,-0.003746,0.023564,0.000785,0.008803,0.005227,0.000010,-0.026000
2025-12-16 18:26:22.400,0.158426,0.226648,0.067265,-2.357533,1.370720,2.207063,1.471125,-0.005409,0.025875,0.001184,0.010449,0.002811,-0.000369,-0.021455
2025-12-16 18:26:22.401,0.158422,0.226669,0.067263,-2.357519,1.370725,2.207065,1.471099,-0.004084,0.027261,0.000789,0.011600,0.002457,0.000127,-0.021925
2025-12-16 18:26:22.402,0.158419,0.226692,0.067266,-2.357511,1.370729,2.207065,1.471079,-0.003730,0.026728,0.001083,0.011129,0.006084,0.000085,-0.021073
2025-12-16 18:26:22.403,0.158422,0.226720,0.067259,-2.357503,1.370731,2.207066,1.471058,-0.004533,0.027343,-0.001041,0.010843,0.004576,0.000430,-0.019758
2025-12-16 18:26:22.405,0.158420,0.226737,0.067260,-2.357497,1.370733,2.207063,1.471038,-0.004075,0.024387,-0.000137,0.010632,0.003136,-0.000460,-0.019587
2025-12-16 18:26:22.406,0.158416,0.226787,0.067265,-2.357472,1.370740,2.207065,1.470989,-0.002184,0.026278,0.001114,0.012123,0.005731,0.000044,-0.026344
2025-12-16 18:26:22.407,0.158417,0.226809,0.067263,-2.357470,1.370743,2.207065,1.470970,-0.003968,0.025949,0.000186,0.007283,0.003982,0.000030,-0.023984
2025-12-16 18:26:22.408,0.158412,0.226826,0.067265,-2.357461,1.370745,2.207063,1.470956,-0.004301,0.020811,0.000681,0.004929,0.003309,-0.000353,-0.024378
2025-12-16 18:26:22.410,0.158408,0.226878,0.067263,-2.357444,1.370751,2.207063,1.470906,-0.005456,0.024360,-0.000254,0.007821,0.001842,-0.000157,-0.029125
2025-12-16 18:26:22.411,0.158411,0.226901,0.067263,-2.357433,1.370755,2.207065,1.470884,-0.003005,0.023737,-0.000169,0.009607,0.001376,0.000268,-0.026883
2025-12-16 18:26:22.412,0.158407,0.226918,0.067261,-2.357425,1.370754,2.207062,1.470861,-0.002921,0.022876,-0.000113,0.006573,0.005084,-0.000533,-0.024709
2025-12-16 18:26:22.414,0.158408,0.226940,0.067260,-2.357419,1.370757,2.207067,1.470842,-0.005207,0.023506,-0.000075,0.007577,0.003864,0.001103,-0.028104
2025-12-16 18:26:22.415,0.158405,0.226968,0.067262,-2.357407,1.370760,2.207066,1.470827,-0.003970,0.025741,0.000507,0.010179,0.003576,0.000362,-0.024295
2025-12-16 18:26:22.416,0.158400,0.227005,0.067262,-2.357390,1.370765,2.207065,1.470782,-0.002851,0.023634,0.000596,0.010652,0.005613,-0.000212,-0.027535
2025-12-16 18:26:22.417,0.158395,0.227029,0.067262,-2.357382,1.370767,2.207065,1.470763,-0.002668,0.024657,0.000398,0.008007,0.003542,-0.000141,-0.024936
2025-12-16 18:26:22.418,0.158395,0.227054,0.067265,-2.357373,1.370770,2.207066,1.470747,-0.005443,0.026549,0.001471,0.009180,0.008163,0.000279,-0.017632
2025-12-16 18:26:22.420,0.158391,0.227090,0.067263,-2.357355,1.370776,2.207066,1.470699,-0.003187,0.020549,0.000407,0.005608,0.004235,0.000248,-0.024059
2025-12-16 18:26:22.421,0.158391,0.227116,0.067262,-2.357344,1.370779,2.207066,1.470678,-0.001799,0.023448,-0.003437,0.007639,0.003496,0.000165,-0.022315
2025-12-16 18:26:22.422,0.158386,0.227135,0.067262,-2.357343,1.370781,2.207066,1.470663,-0.005470,0.023787,-0.002554,0.007657,0.002300,0.000110,-0.019579
2025-12-16 18:26:22.424,0.158387,0.227150,0.067263,-2.357333,1.370782,2.207063,1.470633,-0.003515,0.018547,-0.001343,0.009632,0.001740,0.000074,-0.021815
2025-12-16 18:26:22.425,0.158379,0.227175,0.067258,-2.357326,1.370787,2.207065,1.470610,-0.004425,0.021588,-0.002713,0.010385,0.001620,0.000049,-0.022173
2025-12-16 18:26:22.426,0.158377,0.227213,0.067262,-2.357312,1.370796,2.207064,1.470573,-0.004212,0.025482,-0.000806,0.009257,0.000884,-0.000351,-0.022135
2025-12-16 18:26:22.427,0.158375,0.227231,0.067262,-2.357304,1.370799,2.207066,1.470555,-0.003163,0.025486,-0.000600,0.008100,0.000011,0.000139,-0.021024
2025-12-16 18:26:22.429,0.158371,0.227246,0.067260,-2.357295,1.370802,2.207068,1.470533,-0.002375,0.024187,-0.001003,0.010192,0.000395,0.000805,-0.020191
2025-12-16 18:26:22.430,0.158369,0.227267,0.067256,-2.357291,1.370805,2.207067,1.470504,-0.002340,0.021973,-0.001261,0.007455,0.000300,0.000197,-0.022792
2025-12-16 18:26:22.431,0.158363,0.227306,0.067259,-2.357276,1.370811,2.207067,1.470470,-0.001438,0.017869,0.000330,0.007998,0.000071,0.000088,-0.018070
2025-12-16 18:26:22.432,0.158360,0.227323,0.067259,-2.357270,1.370816,2.207065,1.470443,-0.001043,0.019054,-0.000351,0.005814,0.000368,-0.000688,-0.019812
2025-12-16 18:26:22.433,0.158356,0.227337,0.067260,-2.357263,1.370821,2.207063,1.470423,-0.001965,0.016362,-0.000245,0.007507,0.000596,-0.000085,-0.013416
2025-12-16 18:26:22.435,0.158355,0.227357,0.067256,-2.357260,1.370826,2.207064,1.470395,-0.000708,0.016123,-0.001378,0.006468,0.000406,-0.000430,-0.017489
2025-12-16 18:26:22.436,0.158351,0.227390,0.067251,-2.357245,1.370834,2.207062,1.470355,-0.006634,0.018946,-0.002137,0.006549,0.004466,-0.000067,-0.021260
2025-12-16 18:26:22.437,0.158349,0.227414,0.067256,-2.357238,1.370837,2.207063,1.470332,-0.004965,0.022132,-0.000315,0.007105,0.003034,0.000329,-0.021388
2025-12-16 18:26:22.438,0.158342,0.227424,0.067258,-2.357232,1.370842,2.207065,1.470310,-0.004923,0.017343,0.000437,0.004825,0.002320,0.000219,-0.020806
2025-12-16 18:26:22.439,0.158339,0.227446,0.067260,-2.357220,1.370848,2.207062,1.470290,-0.003587,0.020448,0.000846,0.007716,0.002108,-0.000227,-0.020025
2025-12-16 18:26:22.441,0.158339,0.227459,0.067254,-2.357220,1.370853,2.207063,1.470272,-0.001414,0.017380,-0.000644,0.003429,0.001573,0.000561,-0.018270
2025-12-16 18:26:22.442,0.158333,0.227491,0.067255,-2.357206,1.370864,2.207062,1.470228,-0.001305,0.013609,0.000548,0.004804,0.000650,0.000023,-0.022159
2025-12-16 18:26:22.443,0.158327,0.227515,0.067253,-2.357204,1.370871,2.207060,1.470199,-0.002080,0.018309,-0.000285,0.002455,0.005542,-0.000731,-0.028978
2025-12-16 18:26:22.444,0.158326,0.227528,0.067252,-2.357196,1.370875,2.207065,1.470182,-0.000902,0.015744,-0.000747,0.005762,0.003800,0.000259,-0.028885
2025-12-16 18:26:22.445,0.158325,0.227546,0.067255,-2.357190,1.370883,2.207065,1.470164,-0.000099,0.018173,0.000708,0.004918,0.003850,-0.000200,-0.025634
2025-12-16 18:26:22.447,0.158320,0.227580,0.067251,-2.357181,1.370896,2.207066,1.470112,0.000734,0.015711,0.000252,0.003109,0.006552,0.000160,-0.030217
2025-12-16 18:26:22.448,0.158313,0.227593,0.067251,-2.357177,1.370901,2.207063,1.470094,-0.004268,0.013832,0.000168,0.006485,0.004911,0.000106,-0.026859
2025-12-16 18:26:22.449,0.158315,0.227609,0.067254,-2.357170,1.370905,2.207062,1.470080,-0.001393,0.013598,0.000762,0.005943,0.008073,0.000071,-0.022938
2025-12-16 18:26:22.451,0.158314,0.227623,0.067251,-2.357166,1.370912,2.207060,1.470056,-0.000605,0.012762,-0.000142,0.005386,0.010518,-0.000699,-0.022319
2025-12-16 18:26:22.452,0.158304,0.227657,0.067254,-2.357158,1.370923,2.207063,1.470011,-0.001445,0.016639,-0.002001,0.004672,0.006092,-0.000051,-0.021614
2025-12-16 18:26:22.453,0.158301,0.227668,0.067250,-2.357158,1.370926,2.207062,1.469993,-0.001062,0.016870,-0.002153,0.003245,0.003901,-0.000034,-0.020084
2025-12-16 18:26:22.454,0.158300,0.227686,0.067251,-2.357153,1.370931,2.207062,1.469969,-0.000225,0.016479,-0.001075,0.005853,0.002989,-0.000022,-0.020207
2025-12-16 18:26:22.456,0.158296,0.227703,0.067251,-2.357153,1.370941,2.207062,1.469943,-0.000205,0.015991,-0.001421,0.004221,0.002962,-0.000015,-0.021728
2025-12-16 18:26:22.457,0.158295,0.227718,0.067250,-2.357148,1.370948,2.207065,1.469924,-0.000178,0.014562,-0.001058,0.003610,0.007237,-0.000010,-0.024506
2025-12-16 18:26:22.458,0.158291,0.227734,0.067252,-2.357144,1.370952,2.207063,1.469900,-0.000707,0.014074,0.000325,0.003142,0.005041,-0.000007,-0.018363
2025-12-16 18:26:22.459,0.158289,0.227765,0.067249,-2.357143,1.370962,2.207061,1.469858,-0.002271,0.015880,-0.000469,0.003079,0.002617,-0.000613,-0.018847
2025-12-16 18:26:22.462,0.158279,0.227811,0.067247,-2.357132,1.370982,2.207063,1.469802,-0.001526,0.013408,-0.002334,0.002090,0.004106,0.000067,-0.015101
2025-12-16 18:26:22.463,0.158276,0.227832,0.067246,-2.357130,1.370987,2.207065,1.469784,-0.001118,0.014855,-0.001767,0.001179,0.003056,0.000757,-0.015725
2025-12-16 18:26:22.465,0.158270,0.227859,0.067242,-2.357123,1.370994,2.207062,1.469736,-0.004154,0.013512,-0.001660,0.003550,0.001245,-0.000251,-0.015611
2025-12-16 18:26:22.466,0.158273,0.227875,0.067241,-2.357122,1.370999,2.207061,1.469723,-0.001901,0.013247,-0.001196,0.005065,0.000964,-0.000541,-0.013961
2025-12-16 18:26:22.468,0.158266,0.227901,0.067240,-2.357122,1.371010,2.207063,1.469687,-0.001359,0.014061,-0.000193,0.003006,0.000911,0.000472,-0.016978
2025-12-16 18:26:22.469,0.158263,0.227918,0.067241,-2.357122,1.371016,2.207061,1.469671,-0.004589,0.017451,0.000391,0.002292,0.001003,-0.000398,-0.016264
2025-12-16 18:26:22.470,0.158263,0.227932,0.067237,-2.357118,1.371021,2.207061,1.469647,-0.002905,0.018847,-0.000325,0.002950,0.001016,-0.000265,-0.018730
2025-12-16 18:26:22.471,0.158257,0.227949,0.067236,-2.357116,1.371026,2.207062,1.469633,-0.003445,0.017862,0.000319,0.002685,0.005386,0.000196,-0.021412
2025-12-16 18:26:22.473,0.158258,0.227963,0.067236,-2.357115,1.371030,2.207062,1.469618,-0.004863,0.016508,-0.001839,0.002468,0.008413,0.000131,-0.015791
2025-12-16 18:26:22.475,0.158252,0.228002,0.067231,-2.357116,1.371042,2.207061,1.469563,-0.003457,0.013862,-0.000773,0.000188,0.009079,-0.000210,-0.018237
2025-12-16 18:26:22.476,0.158254,0.228021,0.067234,-2.357115,1.371048,2.207065,1.469549,-0.002018,0.011760,0.000575,0.000164,0.007202,0.000233,-0.016867
2025-12-16 18:26:22.477,0.158250,0.228037,0.067226,-2.357115,1.371053,2.207065,1.469529,-0.002267,0.015084,-0.001466,0.000138,0.005409,-0.000218,-0.013127
2025-12-16 18:26:22.479,0.158249,0.228053,0.067231,-2.357114,1.371060,2.207066,1.469504,-0.001065,0.014474,0.000721,0.001227,0.004706,0.000940,-0.017822
2025-12-16 18:26:22.480,0.158242,0.228067,0.067225,-2.357112,1.371064,2.207067,1.469491,-0.005628,0.016457,-0.001332,0.000834,0.002156,0.000254,-0.017127
2025-12-16 18:26:22.481,0.158235,0.228099,0.067224,-2.357114,1.371075,2.207064,1.469462,-0.004476,0.015257,-0.000273,-0.000014,0.009521,-0.000226,-0.016247
2025-12-16 18:26:22.482,0.158238,0.228111,0.067222,-2.357116,1.371080,2.207061,1.469445,-0.002009,0.013341,-0.000759,-0.001116,0.007184,-0.000524,-0.017326
2025-12-16 18:26:22.487,0.158225,0.228189,0.067219,-2.357111,1.371111,2.207065,1.469357,-0.001192,0.016120,-0.000291,-0.000524,0.006476,-0.000368,-0.014522
2025-12-16 18:26:22.489,0.158224,0.228205,0.067220,-2.357114,1.371118,2.207068,1.469344,-0.000836,0.018366,0.000359,-0.000348,0.005197,0.000467,-0.014857
2025-12-16 18:26:22.490,0.158222,0.228217,0.067215,-2.357114,1.371126,2.207067,1.469323,-0.000588,0.018780,-0.000877,-0.000788,0.003531,-0.000028,-0.015500
2025-12-16 18:26:22.491,0.158217,0.228252,0.067214,-2.357109,1.371140,2.207068,1.469281,-0.001068,0.017396,-0.001042,0.000455,0.003017,0.000327,-0.019292
2025-12-16 18:26:22.492,0.158216,0.228267,0.067211,-2.357111,1.371146,2.207063,1.469262,-0.000725,0.016130,-0.004967,-0.000346,0.001505,-0.000494,-0.018965
2025-12-16 18:26:22.493,0.158216,0.228283,0.067216,-2.357108,1.371156,2.207066,1.469247,0.000064,0.015147,-0.001255,0.000976,0.001470,0.000043,-0.017359
2025-12-16 18:26:22.494,0.158217,0.228297,0.067216,-2.357111,1.371160,2.207063,1.469234,-0.002920,0.014488,-0.001035,-0.000555,0.000398,0.000029,-0.015936
2025-12-16 18:26:22.496,0.158207,0.228330,0.067212,-2.357110,1.371175,2.207065,1.469188,-0.007179,0.014160,-0.001475,0.000743,0.003922,-0.000360,-0.022994
2025-12-16 18:26:22.498,0.158208,0.228351,0.067212,-2.357112,1.371181,2.207068,1.469174,-0.004139,0.015474,-0.004190,-0.000061,0.002949,0.000472,-0.016082
2025-12-16 18:26:22.499,0.158204,0.228380,0.067209,-2.357113,1.371196,2.207067,1.469138,-0.002335,0.018236,-0.002536,-0.000027,0.005207,-0.000129,-0.012758
2025-12-16 18:26:22.500,0.158199,0.228397,0.067209,-2.357110,1.371203,2.207067,1.469120,-0.002310,0.017358,-0.001873,-0.000018,0.007922,-0.000086,-0.013889
2025-12-16 18:26:22.501,0.158202,0.228410,0.067205,-2.357116,1.371212,2.207065,1.469092,-0.004114,0.017255,-0.002498,-0.001218,0.010713,-0.000803,-0.017054
2025-12-16 18:26:22.503,0.158196,0.228432,0.067206,-2.357112,1.371217,2.207067,1.469071,-0.004262,0.017415,-0.000654,-0.000255,0.012550,0.000210,-0.017688
2025-12-16 18:26:22.504,0.158192,0.228467,0.067206,-2.357112,1.371233,2.207066,1.469032,-0.004626,0.017946,-0.000214,0.000134,0.007814,-0.000155,-0.018757
2025-12-16 18:26:22.505,0.158188,0.228480,0.067205,-2.357113,1.371240,2.207067,1.469023,-0.004592,0.017773,-0.000186,0.000089,0.005150,0.000270,-0.015370
2025-12-16 18:26:22.508,0.158187,0.228509,0.067200,-2.357114,1.371259,2.207063,1.468982,-0.002274,0.014701,-0.001242,-0.000393,0.007628,-0.000875,-0.017099
2025-12-16 18:26:22.509,0.158182,0.228550,0.067201,-2.357111,1.371274,2.207066,1.468933,-0.001617,0.014971,-0.000207,0.001217,0.004539,0.000357,-0.016565
2025-12-16 18:26:22.510,0.158179,0.228569,0.067201,-2.357113,1.371284,2.207065,1.468913,-0.001171,0.015441,-0.000148,0.000255,0.008102,-0.000135,-0.012283
2025-12-16 18:26:22.511,0.158183,0.228584,0.067201,-2.357115,1.371291,2.207065,1.468900,0.000819,0.016547,-0.000106,-0.000480,0.006408,-0.000090,-0.006982
2025-12-16 18:26:22.513,0.158177,0.228602,0.067202,-2.357118,1.371299,2.207066,1.468880,-0.000620,0.016124,0.000480,-0.001434,0.004772,0.000313,-0.010365
2025-12-16 18:26:22.514,0.158172,0.228636,0.067198,-2.357115,1.371317,2.207063,1.468840,-0.000888,0.014355,-0.000566,-0.001008,0.007011,-0.000483,-0.015303
2025-12-16 18:26:22.515,0.158169,0.228649,0.067197,-2.357109,1.371323,2.207065,1.468819,-0.001264,0.015707,-0.000380,0.001091,0.005276,0.000051,-0.021187
2025-12-16 18:26:22.516,0.158173,0.228674,0.067200,-2.357115,1.371332,2.207066,1.468805,0.000347,0.017337,-0.000255,-0.000479,0.003969,0.000407,-0.014010
2025-12-16 18:26:22.517,0.158169,0.228693,0.067194,-2.357112,1.371341,2.207065,1.468782,-0.000338,0.018894,-0.001378,0.000887,0.007629,-0.000102,-0.016337
2025-12-16 18:26:22.523,0.158161,0.228803,0.067196,-2.357112,1.371394,2.207069,1.468662,-0.000689,0.017430,-0.000128,-0.000143,0.010379,-0.000087,-0.022004
2025-12-16 18:26:22.525,0.158163,0.228822,0.067196,-2.357113,1.371402,2.207069,1.468649,0.000096,0.019287,-0.000086,-0.000652,0.012133,-0.000058,-0.018950
2025-12-16 18:26:22.526,0.158161,0.228837,0.067196,-2.357109,1.371414,2.207068,1.468631,0.000063,0.019538,-0.000057,0.000772,0.014468,-0.000412,-0.018657
2025-12-16 18:26:22.527,0.158162,0.228856,0.067196,-2.357109,1.371422,2.207067,1.468613,0.000690,0.017845,-0.000038,0.000514,0.015178,-0.000614,-0.017406
2025-12-16 18:26:22.528,0.158157,0.228894,0.067192,-2.357109,1.371443,2.207072,1.468565,-0.000127,0.017242,-0.001007,0.000043,0.017303,-0.000047,-0.018864
2025-12-16 18:26:22.529,0.158156,0.228910,0.067194,-2.357108,1.371449,2.207073,1.468547,-0.000085,0.018048,0.000535,0.000585,0.012939,-0.000031,-0.018031
2025-12-16 18:26:22.530,0.158156,0.228933,0.067193,-2.357113,1.371460,2.207074,1.468533,-0.000057,0.021180,-0.000293,-0.001373,0.013989,0.000352,-0.016892
2025-12-16 18:26:22.531,0.158156,0.228950,0.067191,-2.357109,1.371467,2.207073,1.468508,-0.000038,0.021482,-0.000195,0.000291,0.015209,-0.000138,-0.019284
2025-12-16 18:26:22.533,0.158153,0.228987,0.067194,-2.357107,1.371490,2.207077,1.468470,-0.000017,0.017310,0.000717,0.000129,0.009131,0.000052,-0.018427
2025-12-16 18:26:22.534,0.158155,0.229008,0.067193,-2.357112,1.371495,2.207078,1.468454,0.000638,0.019323,-0.000079,-0.001677,0.006126,-0.001051,-0.017147
2025-12-16 18:26:22.535,0.158153,0.229028,0.067194,-2.357108,1.371505,2.207080,1.468433,0.000425,0.020554,0.000504,-0.000561,0.004961,-0.000327,-0.018000
2025-12-16 18:26:22.536,0.158150,0.229048,0.067194,-2.357107,1.371514,2.207079,1.468409,-0.000366,0.021136,0.000336,-0.000374,0.003372,-0.000591,-0.020120
2025-12-16 18:26:22.537,0.158152,0.229071,0.067194,-2.357109,1.371522,2.207081,1.468392,0.000405,0.020130,0.000224,-0.000806,0.002211,-0.000733,-0.020126
2025-12-16 18:26:22.539,0.158152,0.229108,0.067194,-2.357106,1.371541,2.207089,1.468360,0.000397,0.021031,0.000285,-0.000358,0.009512,0.004968,-0.017355
2025-12-16 18:26:22.540,0.158150,0.229127,0.067192,-2.357102,1.371556,2.207092,1.468335,0.000264,0.018454,-0.000367,0.000318,0.012504,0.003330,-0.019705
2025-12-16 18:26:22.545,0.158152,0.229235,0.067196,-2.357091,1.371609,2.207113,1.468236,0.000647,0.019388,0.000887,0.000360,0.010569,0.005495,-0.025347
2025-12-16 18:26:22.546,0.158150,0.229259,0.067191,-2.357095,1.371622,2.207116,1.468213,-0.000126,0.021453,-0.001172,-0.001523,0.007919,0.009182,-0.024715
2025-12-16 18:26:22.548,0.158150,0.229284,0.067194,-2.357092,1.371632,2.207124,1.468195,-0.000084,0.019844,0.000425,-0.001665,0.010406,0.012119,-0.021323
2025-12-16 18:26:22.549,0.158152,0.229327,0.067192,-2.357083,1.371656,2.207131,1.468152,0.000334,0.021791,-0.000182,0.003091,0.010925,0.006024,-0.020301
2025-12-16 18:26:22.550,0.158152,0.229347,0.067196,-2.357081,1.371664,2.207135,1.468127,0.000223,0.019494,0.000435,0.001153,0.013328,0.004184,-0.021806
2025-12-16 18:26:22.551,0.158152,0.229369,0.067195,-2.357077,1.371675,2.207136,1.468109,0.000148,0.020270,0.000290,0.000923,0.014316,0.002110,-0.019180
2025-12-16 18:26:22.552,0.158154,0.229399,0.067194,-2.357078,1.371685,2.207148,1.468090,0.000099,0.023862,0.000193,-0.000475,0.015229,0.002796,-0.023596
2025-12-16 18:26:22.554,0.158156,0.229422,0.067191,-2.357078,1.371697,2.207157,1.468069,0.000623,0.023752,-0.001077,0.001619,0.011146,0.006739,-0.021747
2025-12-16 18:26:22.555,0.158159,0.229446,0.067193,-2.357072,1.371708,2.207162,1.468041,0.001065,0.024595,-0.000069,0.004607,0.013313,0.004712,-0.023605
2025-12-16 18:26:22.556,0.158155,0.229472,0.067192,-2.357065,1.371719,2.207172,1.468024,-0.000497,0.028193,-0.000046,0.004785,0.015018,0.008583,-0.021548
2025-12-16 18:26:22.557,0.158155,0.229516,0.067195,-2.357054,1.371742,2.207184,1.467982,-0.000623,0.026004,0.000536,0.005590,0.013231,0.004101,-0.019448
2025-12-16 18:26:22.558,0.158160,0.229544,0.067193,-2.357048,1.371754,2.207193,1.467958,0.001348,0.027561,-0.000199,0.007183,0.014915,0.007774,-0.019432
2025-12-16 18:26:22.561,0.158167,0.229619,0.067198,-2.357036,1.371786,2.207217,1.467893,0.009764,0.023804,0.000560,0.003985,0.011992,0.009482,-0.022200
2025-12-16 18:26:22.562,0.158164,0.229645,0.067199,-2.357029,1.371798,2.207226,1.467872,0.005338,0.024579,0.000373,0.003121,0.008717,0.007122,-0.021043
2025-12-16 18:26:22.563,0.158169,0.229670,0.067197,-2.357024,1.371809,2.207235,1.467842,0.005209,0.024358,-0.000308,0.004273,0.006887,0.006061,-0.022657
2025-12-16 18:26:22.564,0.158169,0.229694,0.067201,-2.357011,1.371817,2.207243,1.467821,0.003806,0.023945,0.001001,0.004570,0.004525,0.009186,-0.020404
2025-12-16 18:26:22.565,0.158165,0.229721,0.067203,-2.357003,1.371828,2.207248,1.467799,0.001581,0.024733,0.007533,0.006580,0.007475,0.006514,-0.020358
2025-12-16 18:26:22.566,0.158169,0.229752,0.067199,-2.356996,1.371845,2.207254,1.467782,0.002448,0.026579,0.004342,0.007342,0.011490,0.008789,-0.018131
2025-12-16 18:26:22.568,0.158171,0.229780,0.067201,-2.356987,1.371858,2.207259,1.467755,0.002329,0.026650,0.003938,0.006213,0.012838,0.006284,-0.019493
2025-12-16 18:26:22.569,0.158167,0.229800,0.067203,-2.356980,1.371870,2.207268,1.467726,0.000544,0.024233,0.002921,0.007287,0.009981,0.005906,-0.021115
2025-12-16 18:26:22.571,0.158169,0.229829,0.067202,-2.356974,1.371885,2.207275,1.467704,0.000999,0.025511,0.001520,0.007368,0.012579,0.008695,-0.020698
2025-12-16 18:26:22.572,0.158169,0.229857,0.067202,-2.356965,1.371899,2.207282,1.467691,0.000725,0.026013,0.001180,0.009146,0.009396,0.006896,-0.021431
2025-12-16 18:26:22.573,0.158171,0.229885,0.067204,-2.356953,1.371913,2.207285,1.467668,0.001085,0.026548,0.001561,0.011377,0.007021,0.004396,-0.021648
2025-12-16 18:26:22.574,0.158171,0.229911,0.067208,-2.356948,1.371925,2.207289,1.467639,0.000200,0.029133,0.004768,0.007806,0.010291,0.002967,-0.023147
2025-12-16 18:26:22.575,0.158172,0.229937,0.067205,-2.356941,1.371937,2.207297,1.467615,0.000158,0.027971,0.002299,0.005300,0.012154,0.006972,-0.026571
2025-12-16 18:26:22.576,0.158175,0.229964,0.067207,-2.356935,1.371951,2.207306,1.467596,0.001238,0.027206,0.002427,0.006635,0.013803,0.006388,-0.023255
2025-12-16 18:26:22.578,0.158172,0.229991,0.067209,-2.356923,1.371965,2.207311,1.467580,-0.000274,0.029627,0.001802,0.006818,0.014744,0.004724,-0.020410
2025-12-16 18:26:22.579,0.158174,0.230044,0.067214,-2.356906,1.371990,2.207320,1.467524,-0.000138,0.027847,0.001955,0.006723,0.013567,0.005473,-0.019175
2025-12-16 18:26:22.580,0.158174,0.230071,0.067210,-2.356893,1.372004,2.207325,1.467505,-0.000643,0.030286,-0.000382,0.006160,0.014856,0.004136,-0.018670
2025-12-16 18:26:22.581,0.158175,0.230098,0.067212,-2.356884,1.372016,2.207328,1.467488,-0.000424,0.028974,-0.000197,0.008300,0.015148,0.002750,-0.016477
2025-12-16 18:26:22.583,0.158172,0.230181,0.067217,-2.356858,1.372061,2.207345,1.467415,-0.001018,0.027440,0.000038,0.005454,0.014035,0.001759,-0.024550
2025-12-16 18:26:22.584,0.158177,0.230235,0.067218,-2.356837,1.372085,2.207358,1.467379,0.000199,0.026487,-0.000483,0.009085,0.012460,0.000946,-0.024528
2025-12-16 18:26:22.585,0.158177,0.230263,0.067220,-2.356833,1.372101,2.207361,1.467355,0.000134,0.026615,-0.000312,0.008288,0.014701,-0.000051,-0.024279
2025-12-16 18:26:22.586,0.158177,0.230291,0.067224,-2.356821,1.372115,2.207365,1.467326,0.000090,0.026034,0.000914,0.010735,0.015682,-0.000324,-0.025174
2025-12-16 18:26:22.587,0.158176,0.230317,0.067221,-2.356812,1.372128,2.207370,1.467309,0.000617,0.025774,-0.000499,0.011704,0.015792,0.000160,-0.021359
2025-12-16 18:26:22.589,0.158177,0.230373,0.067222,-2.356797,1.372155,2.207383,1.467266,-0.000096,0.029238,-0.000215,0.006045,0.016905,0.003289,-0.020600
2025-12-16 18:26:22.590,0.158177,0.230392,0.067227,-2.356788,1.372171,2.207390,1.467242,-0.000064,0.025680,0.000416,0.007295,0.017879,0.003214,-0.021194
2025-12-16 18:26:22.591,0.158175,0.230419,0.067229,-2.356773,1.372185,2.207396,1.467218,-0.000692,0.026219,0.000279,0.010350,0.018107,0.006353,-0.020945
2025-12-16 18:26:22.593,0.158177,0.230471,0.067228,-2.356755,1.372218,2.207412,1.467180,0.000126,0.024548,0.001920,0.007827,0.023325,0.011714,-0.022037
2025-12-16 18:26:22.594,0.158177,0.230497,0.067231,-2.356751,1.372232,2.207420,1.467156,0.000084,0.024847,0.002590,0.007652,0.021845,0.008811,-0.026313
2025-12-16 18:26:22.595,0.158182,0.230525,0.067229,-2.356741,1.372246,2.207424,1.467125,0.001170,0.028156,0.001318,0.006360,0.016057,0.010592,-0.031688
2025-12-16 18:26:22.596,0.158181,0.230548,0.067229,-2.356728,1.372264,2.207436,1.467110,0.000780,0.026360,0.000989,0.005973,0.016784,0.009103,-0.026561
2025-12-16 18:26:22.597,0.158179,0.230574,0.067231,-2.356722,1.372283,2.207445,1.467090,-0.000037,0.025638,0.001299,0.006450,0.017273,0.006785,-0.023572
2025-12-16 18:26:22.598,0.158180,0.230601,0.067233,-2.356712,1.372301,2.207454,1.467067,0.000532,0.025589,0.000928,0.007853,0.017348,0.009749,-0.027134
2025-12-16 18:26:22.599,0.158179,0.230623,0.067237,-2.356703,1.372319,2.207464,1.467042,-0.000202,0.023828,0.001872,0.005911,0.018423,0.011987,-0.026540
2025-12-16 18:26:22.600,0.158184,0.230655,0.067236,-2.356697,1.372338,2.207473,1.467017,0.001629,0.026129,0.000726,0.006848,0.018791,0.013896,-0.025202
2025-12-16 18:26:22.602,0.158182,0.230683,0.067234,-2.356692,1.372352,2.207481,1.466994,0.000436,0.026423,-0.000139,0.007574,0.018561,0.009702,-0.023146
2025-12-16 18:26:22.603,0.158184,0.230729,0.067238,-2.356675,1.372390,2.207493,1.466951,0.001029,0.024580,0.000770,0.010640,0.018732,0.010227,-0.020412
2025-12-16 18:26:22.604,0.158180,0.230754,0.067238,-2.356666,1.372406,2.207504,1.466919,-0.000520,0.024668,0.000525,0.011255,0.018850,0.012622,-0.022599
2025-12-16 18:26:22.605,0.158182,0.230776,0.067236,-2.356657,1.372424,2.207510,1.466896,0.000210,0.023629,-0.000199,0.011371,0.018918,0.013797,-0.025720
2025-12-16 18:26:22.606,0.158184,0.230804,0.067240,-2.356645,1.372443,2.207518,1.466881,0.000140,0.024767,0.000431,0.011785,0.014180,0.014759,-0.021026
2025-12-16 18:26:22.607,0.158183,0.230827,0.067237,-2.356641,1.372457,2.207528,1.466857,0.000093,0.027045,-0.000265,0.010731,0.014643,0.011464,-0.020634
2025-12-16 18:26:22.609,0.158186,0.230875,0.067241,-2.356618,1.372495,2.207548,1.466800,0.000846,0.025444,0.001186,0.011163,0.017273,0.014796,-0.021542
2025-12-16 18:26:22.610,0.158186,0.230901,0.067245,-2.356613,1.372514,2.207552,1.466779,0.000007,0.026003,0.001442,0.007664,0.017288,0.010379,-0.023957
2025-12-16 18:26:22.611,0.158187,0.230928,0.067240,-2.356609,1.372530,2.207566,1.466758,0.000005,0.026414,-0.000243,0.005044,0.013282,0.008551,-0.021775
2025-12-16 18:26:22.612,0.158186,0.230952,0.067242,-2.356600,1.372550,2.207572,1.466727,0.000560,0.028569,-0.000161,0.004451,0.014994,0.006018,-0.023335
2025-12-16 18:26:22.614,0.158188,0.230976,0.067242,-2.356592,1.372569,2.207582,1.466702,0.000930,0.030342,-0.000107,0.003853,0.016372,0.009594,-0.022495
2025-12-16 18:26:22.615,0.158186,0.231032,0.067244,-2.356579,1.372602,2.207595,1.466655,-0.000329,0.026380,0.000696,0.002464,0.013220,0.004870,-0.019281
2025-12-16 18:26:22.616,0.158185,0.231058,0.067243,-2.356569,1.372620,2.207600,1.466631,-0.000219,0.025940,-0.000092,0.002338,0.019485,0.008032,-0.019236
2025-12-16 18:26:22.617,0.158186,0.231080,0.067243,-2.356560,1.372635,2.207609,1.466605,0.000411,0.024494,-0.000061,0.005364,0.019034,0.006074,-0.019888
2025-12-16 18:26:22.619,0.158182,0.231134,0.067246,-2.356547,1.372670,2.207629,1.466556,-0.000838,0.025636,0.000128,0.008401,0.014479,0.012384,-0.017411
2025-12-16 18:26:22.620,0.158187,0.231160,0.067245,-2.356539,1.372688,2.207635,1.466527,0.001204,0.025463,-0.000472,0.006806,0.015533,0.008871,-0.022949
2025-12-16 18:26:22.623,0.158186,0.231232,0.067246,-2.356515,1.372741,2.207658,1.466442,0.000233,0.024580,-0.000696,0.010046,0.019988,0.010523,-0.024921
2025-12-16 18:26:22.626,0.158186,0.231305,0.067246,-2.356496,1.372793,2.207678,1.466368,0.000378,0.024425,0.000055,0.005041,0.019453,0.008060,-0.035352
2025-12-16 18:26:22.627,0.158188,0.231331,0.067250,-2.356485,1.372807,2.207683,1.466338,0.000252,0.024554,0.001391,0.007608,0.018635,0.004966,-0.036516
2025-12-16 18:26:22.628,0.158185,0.231358,0.067249,-2.356481,1.372826,2.207694,1.466319,-0.001038,0.025295,0.000481,0.007517,0.014359,0.005277,-0.030134
2025-12-16 18:26:22.629,0.158187,0.231378,0.067251,-2.356472,1.372848,2.207699,1.466291,-0.000043,0.023435,0.000961,0.009253,0.012093,0.008598,-0.032343
2025-12-16 18:26:22.630,0.158187,0.231408,0.067254,-2.356467,1.372864,2.207707,1.466269,-0.000028,0.028375,0.001260,0.008656,0.013664,0.011086,-0.027903
2025-12-16 18:26:22.631,0.158180,0.231436,0.067253,-2.356459,1.372880,2.207713,1.466232,-0.001782,0.025466,0.000330,0.010135,0.014188,0.008288,-0.028945
2025-12-16 18:26:22.633,0.158185,0.231483,0.067255,-2.356447,1.372912,2.207726,1.466185,0.000198,0.025198,0.002006,0.007900,0.011791,0.007787,-0.027794
2025-12-16 18:26:22.634,0.158186,0.231507,0.067255,-2.356442,1.372930,2.207737,1.466163,0.000132,0.027030,0.000904,0.006507,0.013616,0.006610,-0.024560
2025-12-16 18:26:22.639,0.158183,0.231601,0.067253,-2.356425,1.373005,2.207764,1.466057,-0.000991,0.024314,-0.000919,0.005166,0.020530,0.004258,-0.019869
2025-12-16 18:26:22.641,0.158183,0.231677,0.067259,-2.356411,1.373056,2.207790,1.465974,-0.000696,0.024689,0.000486,0.003391,0.014488,0.005934,-0.020274
2025-12-16 18:26:22.642,0.158181,0.231702,0.067256,-2.356407,1.373075,2.207801,1.465955,-0.000464,0.024857,-0.000768,0.002963,0.015701,0.005122,-0.018077
2025-12-16 18:26:22.645,0.158187,0.231778,0.067258,-2.356398,1.373128,2.207826,1.465869,0.000399,0.025513,-0.000481,0.001764,0.014186,0.005280,-0.022473
2025-12-16 18:26:22.646,0.158182,0.231802,0.067264,-2.356394,1.373147,2.207832,1.465849,-0.001497,0.027986,0.000892,0.004172,0.015297,0.008469,-0.023377
2025-12-16 18:26:22.648,0.158183,0.231827,0.067262,-2.356386,1.373162,2.207842,1.465824,-0.000441,0.027068,0.000600,0.003807,0.015974,0.011439,-0.023295
2025-12-16 18:26:22.649,0.158183,0.231854,0.067262,-2.356383,1.373179,2.207851,1.465790,-0.000294,0.024019,-0.000246,0.004901,0.012644,0.013241,-0.024742
2025-12-16 18:26:22.650,0.158185,0.231880,0.067265,-2.356384,1.373197,2.207857,1.465767,0.000361,0.024795,0.000489,0.001433,0.014154,0.009923,-0.022674
2025-12-16 18:26:22.651,0.158184,0.231931,0.067265,-2.356378,1.373232,2.207872,1.465719,0.000346,0.025411,0.000622,0.002294,0.016761,0.009376,-0.023491
2025-12-16 18:26:22.652,0.158183,0.231955,0.067263,-2.356375,1.373247,2.207877,1.465688,-0.000326,0.024660,-0.000233,0.004589,0.016870,0.011412,-0.023908
2025-12-16 18:26:22.653,0.158185,0.231981,0.067265,-2.356373,1.373261,2.207888,1.465656,0.000339,0.024631,0.000495,0.005473,0.017009,0.009347,-0.023619
2025-12-16 18:26:22.655,0.158184,0.232032,0.067263,-2.356366,1.373292,2.207903,1.465607,0.000151,0.024969,-0.000614,0.004974,0.014070,0.005246,-0.018986
2025-12-16 18:26:22.656,0.158188,0.232060,0.067265,-2.356362,1.373306,2.207914,1.465576,0.001307,0.025030,0.000240,0.004905,0.015050,0.004676,-0.024531
2025-12-16 18:26:22.657,0.158187,0.232089,0.067269,-2.356362,1.373322,2.207920,1.465547,0.000871,0.026125,0.000717,0.003557,0.016334,0.003442,-0.028313
2025-12-16 18:26:22.658,0.158186,0.232110,0.067266,-2.356364,1.373336,2.207927,1.465515,0.000024,0.026639,-0.000078,0.001937,0.011949,0.002166,-0.031689
2025-12-16 18:26:22.661,0.158188,0.232185,0.067270,-2.356356,1.373381,2.207948,1.465435,0.000945,0.026471,0.000348,0.002374,0.011959,0.005658,-0.025923
2025-12-16 18:26:22.662,0.158186,0.232209,0.067268,-2.356351,1.373393,2.207957,1.465400,0.000073,0.025703,-0.000325,0.002765,0.013082,0.004611,-0.025932
2025-12-16 18:26:22.664,0.158185,0.232265,0.067266,-2.356348,1.373428,2.207969,1.465348,-0.000339,0.026077,-0.000979,0.001951,0.012474,0.002046,-0.026024
2025-12-16 18:26:22.666,0.158183,0.232317,0.067271,-2.356348,1.373458,2.207984,1.465287,-0.001357,0.025654,-0.000188,0.001124,0.010840,0.005873,-0.032677
2025-12-16 18:26:22.667,0.158185,0.232339,0.067271,-2.356345,1.373475,2.207990,1.465257,-0.000348,0.023786,-0.000125,0.001879,0.012455,0.004417,-0.029434
2025-12-16 18:26:22.668,0.158187,0.232369,0.067271,-2.356343,1.373488,2.207996,1.465233,0.000418,0.025495,-0.000083,0.001265,0.013520,0.003693,-0.024880
2025-12-16 18:26:22.669,0.158189,0.232395,0.067275,-2.356344,1.373504,2.208005,1.465205,0.000835,0.024763,0.001058,0.000296,0.014286,0.003117,-0.028278
2025-12-16 18:26:22.670,0.158185,0.232424,0.067271,-2.356345,1.373521,2.208011,1.465174,-0.000650,0.025508,-0.001058,-0.000353,0.015859,0.002289,-0.026654
2025-12-16 18:26:22.673,0.158189,0.232506,0.067275,-2.356337,1.373572,2.208032,1.465090,0.000406,0.026778,0.001905,0.002923,0.014811,0.007747,-0.020944
2025-12-16 18:26:22.674,0.158183,0.232532,0.067274,-2.356336,1.373587,2.208040,1.465061,-0.000936,0.022578,0.000910,0.005492,0.010074,0.006588,-0.020586
2025-12-16 18:26:22.675,0.158183,0.232561,0.067278,-2.356337,1.373603,2.208047,1.465024,-0.001181,0.027023,0.001311,0.002914,0.012651,0.009338,-0.022753
2025-12-16 18:26:22.676,0.158188,0.232589,0.067275,-2.356338,1.373623,2.208053,1.465002,0.000976,0.026544,0.000428,0.001081,0.014822,0.011695,-0.024084
2025-12-16 18:26:22.678,0.158187,0.232621,0.067278,-2.356336,1.373639,2.208058,1.464975,0.000094,0.024147,0.000925,0.003674,0.015728,0.008774,-0.027264
2025-12-16 18:26:22.679,0.158188,0.232678,0.067277,-2.356330,1.373671,2.208071,1.464912,0.000599,0.025039,0.003089,0.003034,0.016807,0.008989,-0.028897
2025-12-16 18:26:22.681,0.158184,0.232737,0.067280,-2.356332,1.373707,2.208084,1.464852,-0.000291,0.024870,0.001608,0.000141,0.017266,0.004791,-0.023907
2025-12-16 18:26:22.682,0.158182,0.232764,0.067280,-2.356330,1.373728,2.208090,1.464828,-0.000843,0.024856,0.001239,0.000891,0.013631,0.008625,-0.025638
2025-12-16 18:26:22.685,0.158185,0.232856,0.067285,-2.356332,1.373780,2.208112,1.464734,0.000183,0.028960,0.003479,-0.000405,0.016911,0.004288,-0.030059
2025-12-16 18:26:22.686,0.158182,0.232887,0.067284,-2.356328,1.373796,2.208115,1.464711,-0.000528,0.028615,0.002013,0.000983,0.017476,0.007146,-0.030238
2025-12-16 18:26:22.687,0.158182,0.232910,0.067281,-2.356326,1.373813,2.208121,1.464683,-0.000352,0.025885,0.001529,0.001247,0.017437,0.005384,-0.027234
2025-12-16 18:26:22.689,0.158182,0.232941,0.067283,-2.356328,1.373829,2.208123,1.464648,-0.000234,0.025710,0.001160,-0.000256,0.013091,0.003343,-0.027391
2025-12-16 18:26:22.690,0.158184,0.232971,0.067285,-2.356324,1.373848,2.208128,1.464615,0.000493,0.025473,0.001436,0.001612,0.010132,0.002577,-0.030157
2025-12-16 18:26:22.691,0.158182,0.232996,0.067284,-2.356324,1.373871,2.208134,1.464592,-0.000321,0.027373,0.000479,0.001089,0.012734,0.005913,-0.026082
2025-12-16 18:26:22.693,0.158182,0.233058,0.067285,-2.356326,1.373905,2.208151,1.464532,-0.000545,0.027134,0.000854,0.002985,0.015174,0.008580,-0.031200
2025-12-16 18:26:22.694,0.158182,0.233121,0.067288,-2.356321,1.373942,2.208166,1.464464,-0.000242,0.028774,0.001262,0.002528,0.016337,0.004603,-0.031034
2025-12-16 18:26:22.698,0.158182,0.233246,0.067289,-2.356321,1.374014,2.208196,1.464332,-0.000227,0.030885,0.000493,-0.000499,0.018174,0.008819,-0.030174
2025-12-16 18:26:22.700,0.158182,0.233305,0.067288,-2.356320,1.374051,2.208210,1.464273,-0.000688,0.028045,-0.000608,-0.000801,0.018182,0.005037,-0.030952
2025-12-16 18:26:22.703,0.158186,0.233405,0.067296,-2.356319,1.374106,2.208227,1.464167,0.000208,0.030444,0.000206,-0.001608,0.018872,0.006554,-0.035822
2025-12-16 18:26:22.704,0.158186,0.233435,0.067293,-2.356316,1.374125,2.208232,1.464138,0.000139,0.031552,-0.001067,-0.000503,0.019150,0.004945,-0.034698
2025-12-16 18:26:22.705,0.158184,0.233465,0.067297,-2.356314,1.374142,2.208241,1.464108,-0.000464,0.032949,0.000496,0.000323,0.018342,0.004813,-0.034408
2025-12-16 18:26:22.709,0.158186,0.233598,0.067301,-2.356311,1.374225,2.208262,1.463976,0.000011,0.028876,-0.000609,0.000407,0.016969,0.002760,-0.034137
2025-12-16 18:26:22.710,0.158184,0.233628,0.067304,-2.356318,1.374243,2.208268,1.463939,-0.000549,0.030977,-0.000406,-0.002140,0.021840,0.002443,-0.031456
2025-12-16 18:26:22.711,0.158180,0.233658,0.067304,-2.356316,1.374263,2.208272,1.463905,-0.001573,0.031950,0.002319,-0.000775,0.021434,0.001487,-0.034314
2025-12-16 18:26:22.712,0.158184,0.233693,0.067306,-2.356313,1.374282,2.208277,1.463876,0.000158,0.030800,0.004964,0.003725,0.020877,0.005826,-0.033548
2025-12-16 18:26:22.715,0.158182,0.233759,0.067312,-2.356316,1.374320,2.208292,1.463811,-0.000363,0.032065,0.002858,0.000634,0.019586,0.007126,-0.030583
2025-12-16 18:26:22.716,0.158180,0.233823,0.067317,-2.356311,1.374361,2.208302,1.463745,-0.000532,0.032095,0.001389,0.003667,0.019950,0.003854,-0.034000
2025-12-16 18:26:22.718,0.158180,0.233888,0.067323,-2.356311,1.374398,2.208318,1.463687,-0.000639,0.031819,0.000823,0.001289,0.018889,0.006582,-0.034142
2025-12-16 18:26:22.719,0.158180,0.233920,0.067324,-2.356309,1.374419,2.208329,1.463652,-0.000426,0.033156,0.000631,0.001600,0.019123,0.005668,-0.032324
2025-12-16 18:26:22.721,0.158182,0.233984,0.067331,-2.356307,1.374457,2.208343,1.463586,0.000182,0.031767,0.003324,0.000535,0.019069,0.011565,-0.029923
2025-12-16 18:26:22.722,0.158180,0.234016,0.067334,-2.356308,1.374472,2.208348,1.463561,-0.000436,0.030101,0.002512,-0.000772,0.017669,0.012615,-0.029787
2025-12-16 18:26:22.723,0.158180,0.234046,0.067339,-2.356304,1.374494,2.208355,1.463528,-0.000290,0.028230,0.006231,0.000750,0.018987,0.014866,-0.032275
2025-12-16 18:26:22.725,0.158179,0.234111,0.067342,-2.356307,1.374529,2.208373,1.463458,-0.000686,0.030576,0.004511,-0.000224,0.014296,0.013468,-0.033190
2025-12-16 18:26:22.726,0.158180,0.234145,0.067345,-2.356304,1.374549,2.208381,1.463433,0.000100,0.029164,0.003997,0.004320,0.014863,0.014368,-0.031928
2025-12-16 18:26:22.727,0.158180,0.234177,0.067347,-2.356301,1.374567,2.208388,1.463400,0.000066,0.028625,0.002990,0.003168,0.011835,0.011156,-0.028781
2025-12-16 18:26:22.728,0.158177,0.234209,0.067350,-2.356303,1.374589,2.208397,1.463363,-0.001069,0.030291,0.002237,0.002328,0.013543,0.012999,-0.033163
2025-12-16 18:26:22.730,0.158180,0.234244,0.067352,-2.356299,1.374605,2.208405,1.463329,0.000401,0.033786,0.001117,0.002271,0.014652,0.009358,-0.034590
2025-12-16 18:26:22.731,0.158177,0.234274,0.067360,-2.356308,1.374627,2.208411,1.463305,-0.000846,0.030941,0.005785,-0.000684,0.016013,0.007038,-0.033551
2025-12-16 18:26:22.732,0.158180,0.234343,0.067361,-2.356303,1.374661,2.208425,1.463235,0.000366,0.032878,0.001726,-0.000144,0.020484,0.008320,-0.032779
2025-12-16 18:26:22.733,0.158180,0.234373,0.067370,-2.356297,1.374684,2.208430,1.463197,0.000244,0.032877,0.003119,0.001719,0.020387,0.010958,-0.035010
2025-12-16 18:26:22.734,0.158180,0.234412,0.067373,-2.356300,1.374706,2.208438,1.463166,0.000163,0.033319,0.001583,-0.000022,0.020321,0.008241,-0.034705
2025-12-16 18:26:22.736,0.158182,0.234438,0.067377,-2.356295,1.374724,2.208448,1.463136,0.000665,0.029754,0.004321,0.001777,0.019549,0.011230,-0.033972
2025-12-16 18:26:22.737,0.158180,0.234470,0.067381,-2.356295,1.374744,2.208454,1.463099,-0.000113,0.031691,0.003229,0.001206,0.024317,0.008065,-0.034932
2025-12-16 18:26:22.738,0.158180,0.234537,0.067389,-2.356294,1.374782,2.208469,1.463020,-0.000050,0.032786,0.005826,0.000745,0.021676,0.008307,-0.038309
2025-12-16 18:26:22.739,0.158179,0.234563,0.067390,-2.356295,1.374800,2.208476,1.462989,-0.000590,0.028962,0.003647,0.000506,0.020623,0.005880,-0.035932
2025-12-16 18:26:22.740,0.158184,0.234599,0.067398,-2.356293,1.374820,2.208484,1.462956,0.001370,0.028634,0.006540,0.000344,0.020504,0.008756,-0.035830
2025-12-16 18:26:22.741,0.158180,0.234630,0.067399,-2.356292,1.374840,2.208494,1.462921,-0.000293,0.027171,0.004205,0.000234,0.020491,0.007697,-0.032023
2025-12-16 18:26:22.742,0.158182,0.234660,0.067407,-2.356294,1.374859,2.208499,1.462877,0.000361,0.029117,0.004381,-0.000397,0.019832,0.009217,-0.040296
2025-12-16 18:26:22.743,0.158186,0.234694,0.067408,-2.356291,1.374877,2.208509,1.462846,0.001447,0.031926,0.002642,0.002873,0.019406,0.007336,-0.038379
2025-12-16 18:26:22.744,0.158182,0.234721,0.067413,-2.356289,1.374898,2.208519,1.462814,-0.000242,0.028404,0.002527,0.002736,0.019892,0.010159,-0.036455
2025-12-16 18:26:22.745,0.158184,0.234755,0.067418,-2.356289,1.374914,2.208531,1.462774,0.000489,0.031395,0.002398,0.002021,0.018606,0.008333,-0.037591
2025-12-16 18:26:22.747,0.158180,0.234787,0.067419,-2.356292,1.374930,2.208536,1.462738,-0.000881,0.029881,0.001159,0.000289,0.018712,0.005818,-0.034321
2025-12-16 18:26:22.748,0.158180,0.234819,0.067423,-2.356288,1.374953,2.208545,1.462701,-0.000587,0.031876,0.000861,0.000954,0.014718,0.004729,-0.035322
2025-12-16 18:26:22.749,0.158184,0.234852,0.067426,-2.356288,1.374970,2.208555,1.462671,0.000815,0.033933,0.000640,0.000719,0.014726,0.008438,-0.034417
2025-12-16 18:26:22.750,0.158182,0.234880,0.067429,-2.356293,1.374993,2.208562,1.462632,-0.000106,0.031047,0.000476,-0.001221,0.016748,0.005592,-0.030932
2025-12-16 18:26:22.751,0.158187,0.234948,0.067437,-2.356286,1.375030,2.208576,1.462557,0.001499,0.032805,0.000233,0.000637,0.013870,0.002721,-0.032838
2025-12-16 18:26:22.752,0.158182,0.234975,0.067442,-2.356286,1.375049,2.208586,1.462530,-0.000764,0.032742,0.001383,0.000451,0.015110,0.002473,-0.031654
2025-12-16 18:26:22.753,0.158184,0.235009,0.067444,-2.356288,1.375069,2.208595,1.462496,0.000141,0.031398,0.000938,-0.000236,0.016342,0.001491,-0.033283
2025-12-16 18:26:22.754,0.158187,0.235041,0.067447,-2.356285,1.375087,2.208601,1.462465,0.001207,0.033580,0.000637,-0.000143,0.016252,0.001155,-0.033835
2025-12-16 18:26:22.755,0.158189,0.235068,0.067454,-2.356285,1.375106,2.208609,1.462426,0.001454,0.029988,0.001547,-0.000084,0.016832,0.005588,-0.031925
2025-12-16 18:26:22.756,0.158186,0.235104,0.067455,-2.356283,1.375125,2.208617,1.462394,-0.000237,0.032970,0.001038,0.001159,0.012648,0.004580,-0.032859
2025-12-16 18:26:22.757,0.158186,0.235135,0.067457,-2.356285,1.375144,2.208625,1.462359,-0.000158,0.031503,0.001347,-0.000428,0.014298,0.003415,-0.033201
2025-12-16 18:26:22.759,0.158189,0.235168,0.067459,-2.356283,1.375163,2.208630,1.462330,0.001101,0.030378,0.004065,0.000926,0.015442,0.006864,-0.028824
2025-12-16 18:26:22.760,0.158187,0.235197,0.067462,-2.356289,1.375181,2.208636,1.462293,0.000085,0.028980,0.002976,-0.001142,0.015695,0.004424,-0.027812
2025-12-16 18:26:22.762,0.158192,0.235262,0.067472,-2.356289,1.375221,2.208655,1.462225,0.001399,0.030549,0.003122,-0.000690,0.017797,0.006864,-0.031998
2025-12-16 18:26:22.763,0.158192,0.235323,0.067476,-2.356284,1.375261,2.208670,1.462158,0.000436,0.028392,0.004271,0.001459,0.018647,0.006939,-0.025477
2025-12-16 18:26:22.764,0.158191,0.235354,0.067475,-2.356286,1.375282,2.208678,1.462119,-0.000266,0.027510,0.001993,0.000324,0.013600,0.005596,-0.025305
2025-12-16 18:26:22.765,0.158196,0.235382,0.067478,-2.356289,1.375303,2.208685,1.462082,0.001586,0.026160,0.001523,-0.000897,0.015241,0.008495,-0.029301
2025-12-16 18:26:22.766,0.158192,0.235416,0.067481,-2.356288,1.375321,2.208694,1.462055,-0.000149,0.030833,0.001161,-0.000041,0.015777,0.006390,-0.029037
2025-12-16 18:26:22.767,0.158194,0.235443,0.067484,-2.356288,1.375341,2.208699,1.462022,0.000457,0.028507,0.000884,-0.000027,0.011841,0.004432,-0.025461
2025-12-16 18:26:22.769,0.158192,0.235474,0.067491,-2.356286,1.375363,2.208704,1.461984,-0.000252,0.030714,0.004937,0.000539,0.013716,0.007723,-0.029665
2025-12-16 18:26:22.770,0.158196,0.235505,0.067492,-2.356284,1.375384,2.208712,1.461945,0.001038,0.032173,0.006206,0.001009,0.015336,0.005847,-0.032357
2025-12-16 18:26:22.771,0.158191,0.235530,0.067496,-2.356288,1.375406,2.208722,1.461904,-0.001071,0.029289,0.007795,-0.000533,0.020505,0.009448,-0.029953
2025-12-16 18:26:22.772,0.158192,0.235593,0.067500,-2.356288,1.375445,2.208741,1.461841,-0.000290,0.031681,0.004559,-0.000423,0.019508,0.005795,-0.030382
2025-12-16 18:26:22.773,0.158194,0.235621,0.067502,-2.356282,1.375463,2.208747,1.461799,0.000363,0.028841,0.003400,0.001482,0.018916,0.003931,-0.029079
2025-12-16 18:26:22.774,0.158192,0.235650,0.067507,-2.356284,1.375488,2.208757,1.461759,-0.000315,0.031175,0.003094,0.000431,0.019726,0.008012,-0.032583
2025-12-16 18:26:22.775,0.158194,0.235679,0.067507,-2.356282,1.375509,2.208766,1.461722,0.000347,0.029673,0.001152,0.000844,0.019911,0.005980,-0.032516
2025-12-16 18:26:22.776,0.158194,0.235707,0.067510,-2.356286,1.375531,2.208774,1.461687,0.000231,0.029115,0.000921,-0.000644,0.019249,0.004838,-0.037197
2025-12-16 18:26:22.777,0.158192,0.235739,0.067513,-2.356286,1.375550,2.208783,1.461650,-0.000403,0.029278,0.003854,0.000221,0.018773,0.003958,-0.041831
2025-12-16 18:26:22.778,0.158194,0.235768,0.067518,-2.356287,1.375572,2.208787,1.461604,0.000288,0.028102,0.003472,0.000147,0.019485,0.002162,-0.043363
2025-12-16 18:26:22.779,0.158191,0.235799,0.067521,-2.356284,1.375592,2.208796,1.461562,-0.000921,0.027180,0.002575,0.001212,0.023287,0.006695,-0.041895
2025-12-16 18:26:22.781,0.158194,0.235826,0.067519,-2.356286,1.375611,2.208800,1.461528,0.000499,0.026541,0.000705,0.000251,0.021828,0.004259,-0.038981
2025-12-16 18:26:22.782,0.158194,0.235850,0.067521,-2.356284,1.375635,2.208809,1.461490,0.000333,0.024905,0.000616,0.000724,0.026282,0.003245,-0.038692
2025-12-16 18:26:22.783,0.158192,0.235914,0.067529,-2.356287,1.375676,2.208827,1.461402,-0.000409,0.026199,0.001264,-0.000421,0.023361,0.006383,-0.040646
2025-12-16 18:26:22.784,0.158192,0.235943,0.067527,-2.356287,1.375699,2.208836,1.461371,-0.000273,0.029058,-0.000302,-0.000280,0.022191,0.009416,-0.036818
2025-12-16 18:26:22.785,0.158194,0.235968,0.067529,-2.356289,1.375722,2.208842,1.461330,0.000375,0.027370,-0.000155,-0.003002,0.026063,0.007017,-0.037979
2025-12-16 18:26:22.786,0.158192,0.235997,0.067532,-2.356288,1.375744,2.208849,1.461290,-0.000307,0.026228,0.000488,-0.002236,0.024700,0.009553,-0.032975
2025-12-16 18:26:22.787,0.158192,0.236031,0.067534,-2.356286,1.375762,2.208856,1.461242,-0.000204,0.030543,0.000351,-0.000553,0.018150,0.006430,-0.032467
2025-12-16 18:26:22.788,0.158196,0.236053,0.067537,-2.356288,1.375784,2.208862,1.461210,0.001070,0.027287,0.000903,-0.001057,0.017980,0.004892,-0.026628
2025-12-16 18:26:22.789,0.158192,0.236081,0.067535,-2.356285,1.375804,2.208867,1.461172,-0.000493,0.026760,-0.000033,0.000403,0.018228,0.003715,-0.028841
2025-12-16 18:26:22.791,0.158192,0.236107,0.067539,-2.356289,1.375827,2.208878,1.461135,-0.000329,0.026416,0.000639,-0.001012,0.018465,0.003563,-0.026031
2025-12-16 18:26:22.792,0.158191,0.236137,0.067542,-2.356289,1.375848,2.208888,1.461092,-0.000776,0.026641,0.000991,-0.000730,0.019029,0.007587,-0.030540
2025-12-16 18:26:22.793,0.158192,0.236164,0.067540,-2.356290,1.375869,2.208894,1.461052,0.000040,0.025700,0.000110,-0.001086,0.019408,0.010317,-0.028233
2025-12-16 18:26:22.794,0.158191,0.236220,0.067540,-2.356287,1.375911,2.208902,1.460980,-0.000941,0.026003,-0.000130,-0.000001,0.022345,0.008844,-0.033960
2025-12-16 18:26:22.795,0.158194,0.236245,0.067542,-2.356287,1.375933,2.208908,1.460944,0.000486,0.025222,0.003603,0.000631,0.022423,0.006748,-0.035290
2025-12-16 18:26:22.796,0.158194,0.236271,0.067542,-2.356290,1.375950,2.208919,1.460902,0.000324,0.024671,0.002664,-0.000242,0.020798,0.010548,-0.032713
2025-12-16 18:26:22.797,0.158196,0.236303,0.067544,-2.356286,1.375970,2.208928,1.460867,0.001422,0.028924,0.001973,0.001035,0.020312,0.007902,-0.034431
2025-12-16 18:26:22.798,0.158191,0.236328,0.067548,-2.356292,1.375990,2.208936,1.460834,-0.000258,0.026742,0.002670,-0.001081,0.020204,0.011300,-0.029057
2025-12-16 18:26:22.799,0.158193,0.236356,0.067545,-2.356290,1.376009,2.208938,1.460799,0.000478,0.026903,0.000684,-0.000169,0.023697,0.012012,-0.025609
2025-12-16 18:26:22.800,0.158191,0.236377,0.067545,-2.356287,1.376031,2.208948,1.460758,-0.000331,0.024679,0.000539,-0.001962,0.022985,0.009394,-0.030842
2025-12-16 18:26:22.802,0.158193,0.236406,0.067547,-2.356289,1.376049,2.208958,1.460719,0.000429,0.025372,0.000979,-0.001566,0.026434,0.007422,-0.032833
2025-12-16 18:26:22.803,0.158193,0.236431,0.067549,-2.356288,1.376067,2.208959,1.460686,0.000286,0.024825,0.001349,-0.000680,0.024231,0.004825,-0.032581
2025-12-16 18:26:22.804,0.158191,0.236486,0.067549,-2.356288,1.376108,2.208976,1.460609,-0.000306,0.027457,0.001051,-0.000879,0.022458,0.007342,-0.035096
2025-12-16 18:26:22.805,0.158193,0.236515,0.067547,-2.356291,1.376130,2.208979,1.460570,0.000446,0.027306,0.000071,-0.001224,0.021523,0.004687,-0.036052
2025-12-16 18:26:22.806,0.158189,0.236540,0.067549,-2.356286,1.376150,2.208985,1.460528,-0.000909,0.026737,0.000062,0.000886,0.020831,0.003901,-0.037512
2025-12-16 18:26:22.807,0.158195,0.236562,0.067546,-2.356286,1.376171,2.208990,1.460497,0.001157,0.025068,-0.001061,0.000545,0.020654,0.002903,-0.034679
2025-12-16 18:26:22.808,0.158193,0.236588,0.067547,-2.356286,1.376193,2.208995,1.460458,-0.003384,0.025188,-0.000699,0.000329,0.024911,0.006810,-0.035960
2025-12-16 18:26:22.809,0.158191,0.236616,0.067552,-2.356286,1.376215,2.208995,1.460423,-0.003205,0.025175,0.001303,0.000194,0.023795,0.003640,-0.035611
2025-12-16 18:26:22.810,0.158195,0.236642,0.067547,-2.356288,1.376233,2.208999,1.460373,-0.001155,0.025207,-0.000890,0.000110,0.022204,0.003557,-0.039947
2025-12-16 18:26:22.811,0.158191,0.236671,0.067550,-2.356289,1.376252,2.209002,1.460341,-0.002145,0.026353,-0.000033,0.000059,0.016651,0.002346,-0.037356
2025-12-16 18:26:22.813,0.158191,0.236697,0.067547,-2.356286,1.376275,2.209006,1.460308,-0.001557,0.025916,-0.000576,0.001142,0.017203,0.001799,-0.036701
2025-12-16 18:26:22.814,0.158189,0.236719,0.067549,-2.356289,1.376295,2.209012,1.460271,-0.001689,0.024451,-0.000382,-0.000361,0.017602,0.001715,-0.036606
2025-12-16 18:26:22.815,0.158189,0.236748,0.067551,-2.356289,1.376316,2.209014,1.460229,-0.001197,0.025895,0.000304,-0.000896,0.018222,0.001649,-0.038232
2025-12-16 18:26:22.816,0.158190,0.236799,0.067550,-2.356289,1.376358,2.209024,1.460154,0.000413,0.025913,-0.000235,-0.000157,0.018732,0.001246,-0.035914
2025-12-16 18:26:22.817,0.158186,0.236820,0.067550,-2.356288,1.376377,2.209022,1.460114,-0.000961,0.024237,-0.000156,0.000449,0.018437,0.004486,-0.031868
2025-12-16 18:26:22.818,0.158188,0.236851,0.067552,-2.356288,1.376396,2.209030,1.460077,-0.000106,0.026290,0.000453,0.000298,0.018540,0.004881,-0.033121
2025-12-16 18:26:22.819,0.158186,0.236875,0.067550,-2.356288,1.376416,2.209031,1.460028,-0.000645,0.025275,-0.000904,0.000754,0.018612,0.002459,-0.037450
2025-12-16 18:26:22.821,0.158188,0.236900,0.067553,-2.356290,1.376437,2.209038,1.459993,0.000114,0.025774,0.000047,-0.003096,0.018323,0.002628,-0.036158
2025-12-16 18:26:22.822,0.158190,0.236944,0.067549,-2.356291,1.376479,2.209041,1.459922,0.000873,0.026624,-0.001371,-0.001736,0.019082,0.000929,-0.034998
2025-12-16 18:26:22.823,0.158186,0.236972,0.067553,-2.356291,1.376500,2.209047,1.459884,-0.000630,0.027311,0.000293,-0.001301,0.018648,0.000383,-0.032093
2025-12-16 18:26:22.824,0.158190,0.237000,0.067551,-2.356291,1.376522,2.209050,1.459838,0.000782,0.027265,-0.000454,-0.000974,0.019311,0.000332,-0.035183
2025-12-16 18:26:22.825,0.158186,0.237016,0.067551,-2.356289,1.376541,2.209053,1.459803,-0.000688,0.024189,0.000347,0.000476,0.023612,0.004612,-0.035154
2025-12-16 18:26:22.826,0.158186,0.237040,0.067549,-2.356290,1.376561,2.209060,1.459775,-0.000461,0.025250,-0.000975,0.000257,0.027496,0.008879,-0.033496
2025-12-16 18:26:22.827,0.158188,0.237061,0.067553,-2.356292,1.376579,2.209063,1.459739,0.000248,0.021453,0.000556,0.000126,0.024948,0.006295,-0.034600
2025-12-16 18:26:22.828,0.158182,0.237089,0.067548,-2.356295,1.376599,2.209069,1.459696,-0.000950,0.023687,-0.001392,-0.000599,0.023415,0.005072,-0.038316
2025-12-16 18:26:22.829,0.158184,0.237111,0.067553,-2.356294,1.376620,2.209075,1.459663,-0.000634,0.023299,0.000835,-0.002811,0.022911,0.003071,-0.037569
2025-12-16 18:26:22.831,0.158184,0.237137,0.067553,-2.356296,1.376638,2.209082,1.459636,-0.000423,0.024275,-0.000093,-0.002146,0.021482,0.007411,-0.035304
2025-12-16 18:26:22.832,0.158182,0.237160,0.067554,-2.356297,1.376656,2.209088,1.459603,-0.000283,0.024145,-0.000062,-0.001078,0.020469,0.005897,-0.035757
2025-12-16 18:26:22.833,0.158182,0.237204,0.067556,-2.356301,1.376694,2.209102,1.459526,-0.000312,0.023772,0.000406,-0.004756,0.019465,0.006901,-0.038260
2025-12-16 18:26:22.834,0.158183,0.237225,0.067554,-2.356304,1.376713,2.209106,1.459492,0.000349,0.023579,-0.000379,-0.006018,0.019297,0.009464,-0.032295
2025-12-16 18:26:22.835,0.158178,0.237248,0.067554,-2.356304,1.376733,2.209115,1.459461,-0.001531,0.023863,-0.000253,-0.003886,0.019513,0.007450,-0.032329
2025-12-16 18:26:22.836,0.158181,0.237269,0.067553,-2.356301,1.376750,2.209125,1.459423,0.000186,0.020555,0.002419,-0.000664,0.018682,0.005569,-0.035323
2025-12-16 18:26:22.837,0.158183,0.237291,0.067555,-2.356306,1.376770,2.209130,1.459383,0.000124,0.018576,0.001875,-0.000180,0.019203,0.008499,-0.032324
2025-12-16 18:26:22.838,0.158185,0.237310,0.067557,-2.356315,1.376789,2.209139,1.459348,0.001196,0.015917,0.002003,-0.005379,0.019115,0.006733,-0.033802
2025-12-16 18:26:22.839,0.158181,0.237334,0.067552,-2.356315,1.376813,2.209144,1.459322,-0.000316,0.019581,-0.000187,-0.005080,0.019404,0.004696,-0.032118
2025-12-16 18:26:22.840,0.158183,0.237352,0.067558,-2.356321,1.376832,2.209154,1.459281,0.000346,0.019677,0.004250,-0.003950,0.018927,0.008459,-0.034821
2025-12-16 18:26:22.841,0.158185,0.237370,0.067559,-2.356324,1.376852,2.209161,1.459246,0.000787,0.019659,0.003179,-0.005139,0.023602,0.006701,-0.035969
2025-12-16 18:26:22.843,0.158180,0.237394,0.067557,-2.356332,1.376871,2.209170,1.459206,-0.001146,0.021752,0.001822,-0.007588,0.022381,0.010030,-0.038188
2025-12-16 18:26:22.844,0.158181,0.237418,0.067557,-2.356335,1.376891,2.209174,1.459177,-0.000207,0.023740,0.001409,-0.007857,0.021792,0.006717,-0.035465
2025-12-16 18:26:22.845,0.158179,0.237456,0.067559,-2.356343,1.376933,2.209191,1.459107,-0.000649,0.022488,0.001204,-0.005896,0.020436,0.012475,-0.036322
2025-12-16 18:26:22.846,0.158179,0.237477,0.067559,-2.356347,1.376949,2.209199,1.459064,0.000124,0.023247,0.000885,-0.003930,0.019701,0.009325,-0.039581
2025-12-16 18:26:22.849,0.158178,0.237540,0.067559,-2.356365,1.377008,2.209218,1.458963,-0.000149,0.020178,-0.000573,-0.005422,0.027243,0.012008,-0.034140
2025-12-16 18:26:22.850,0.158178,0.237560,0.067560,-2.356371,1.377029,2.209227,1.458922,-0.000099,0.021393,0.000757,-0.004168,0.025506,0.013694,-0.040425
2025-12-16 18:26:22.851,0.158178,0.237576,0.067560,-2.356379,1.377046,2.209235,1.458883,-0.000066,0.017995,-0.000032,-0.007464,0.023141,0.011017,-0.041187
2025-12-16 18:26:22.853,0.158180,0.237598,0.067564,-2.356384,1.377067,2.209237,1.458851,0.000513,0.017804,0.001107,-0.008356,0.022751,0.011721,-0.038463
2025-12-16 18:26:22.854,0.158174,0.237635,0.067567,-2.356403,1.377110,2.209254,1.458776,-0.001350,0.013957,0.000879,-0.010386,0.021102,0.011236,-0.042689
2025-12-16 18:26:22.855,0.158178,0.237654,0.067565,-2.356404,1.377133,2.209261,1.458730,0.000307,0.016101,0.000035,-0.005786,0.020513,0.008833,-0.048597
2025-12-16 18:26:22.857,0.158175,0.237697,0.067565,-2.356420,1.377175,2.209277,1.458663,0.000136,0.018098,0.000208,-0.006331,0.019372,0.005329,-0.041901
2025-12-16 18:26:22.858,0.158180,0.237714,0.067564,-2.356432,1.377195,2.209283,1.458629,0.001204,0.019292,-0.000416,-0.009708,0.023960,0.003216,-0.039750
2025-12-16 18:26:22.859,0.158177,0.237736,0.067569,-2.356433,1.377219,2.209293,1.458586,0.000246,0.017625,0.001488,-0.008599,0.023022,0.007510,-0.040747
2025-12-16 18:26:22.860,0.158178,0.237756,0.067566,-2.356444,1.377239,2.209300,1.458540,0.000721,0.016355,-0.000770,-0.011487,0.026609,0.005627,-0.037715
2025-12-16 18:26:22.861,0.158177,0.237779,0.067568,-2.356452,1.377264,2.209307,1.458509,-0.000076,0.019787,0.000045,-0.009036,0.025288,0.003844,-0.036041
2025-12-16 18:26:22.863,0.158179,0.237814,0.067572,-2.356464,1.377307,2.209323,1.458438,-0.001498,0.021062,0.001227,-0.009698,0.025751,0.006898,-0.036116
2025-12-16 18:26:22.864,0.158176,0.237835,0.067570,-2.356467,1.377327,2.209329,1.458397,-0.002428,0.018968,0.000169,-0.008898,0.023997,0.005559,-0.038678
2025-12-16 18:26:22.865,0.158176,0.237850,0.067570,-2.356478,1.377349,2.209333,1.458360,-0.001228,0.018734,0.000113,-0.007342,0.022451,0.003774,-0.038317
2025-12-16 18:26:22.866,0.158177,0.237873,0.067574,-2.356487,1.377370,2.209338,1.458330,-0.000295,0.018530,0.001282,-0.006184,0.021987,0.007543,-0.035122
2025-12-16 18:26:22.867,0.158175,0.237887,0.067576,-2.356496,1.377390,2.209345,1.458292,-0.000940,0.015145,0.000855,-0.007880,0.021513,0.005329,-0.036023
2025-12-16 18:26:22.868,0.158173,0.237911,0.067575,-2.356507,1.377408,2.209351,1.458249,-0.001254,0.018914,0.000013,-0.009471,0.020154,0.004032,-0.037947
2025-12-16 18:26:22.870,0.158176,0.237931,0.067575,-2.356512,1.377427,2.209358,1.458209,0.000875,0.020417,0.000009,-0.006484,0.019832,0.002675,-0.039084
2025-12-16 18:26:22.871,0.158172,0.237970,0.067578,-2.356531,1.377473,2.209370,1.458139,-0.000874,0.022049,-0.000182,-0.003871,0.024528,0.001707,-0.036476
2025-12-16 18:26:22.872,0.158174,0.237988,0.067580,-2.356536,1.377491,2.209378,1.458099,0.000045,0.022163,0.000436,-0.002238,0.022700,0.005973,-0.038287
2025-12-16 18:26:22.873,0.158174,0.238008,0.067577,-2.356543,1.377509,2.209386,1.458058,0.000013,0.019793,-0.000916,-0.004420,0.021392,0.005199,-0.038356
2025-12-16 18:26:22.874,0.158170,0.238029,0.067580,-2.356552,1.377527,2.209390,1.458022,-0.001210,0.021741,0.000596,-0.007152,0.020132,0.003471,-0.037882
2025-12-16 18:26:22.879,0.158169,0.238130,0.067585,-2.356587,1.377629,2.209419,1.457841,-0.000453,0.020358,-0.000736,-0.009159,0.023685,0.007148,-0.033273
2025-12-16 18:26:22.880,0.158167,0.238147,0.067586,-2.356590,1.377647,2.209422,1.457810,-0.000861,0.020877,-0.001048,-0.008710,0.021754,0.005717,-0.028519
2025-12-16 18:26:22.881,0.158171,0.238168,0.067586,-2.356597,1.377664,2.209424,1.457773,0.000631,0.019296,-0.001255,-0.010725,0.021343,0.003872,-0.030762
2025-12-16 18:26:22.883,0.158167,0.238191,0.067594,-2.356607,1.377682,2.209430,1.457735,-0.000787,0.018754,0.003424,-0.011677,0.020401,0.007967,-0.033585
2025-12-16 18:26:22.884,0.158164,0.238231,0.067597,-2.356616,1.377721,2.209435,1.457668,-0.001465,0.016325,0.001893,-0.005591,0.023629,0.004565,-0.033547
2025-12-16 18:26:22.885,0.158164,0.238256,0.067598,-2.356626,1.377741,2.209440,1.457633,-0.000977,0.016244,0.000853,-0.008147,0.022391,0.003400,-0.035030
2025-12-16 18:26:22.886,0.158165,0.238270,0.067596,-2.356633,1.377760,2.209444,1.457595,-0.000095,0.013996,-0.001641,-0.009324,0.021473,0.002535,-0.037015
2025-12-16 18:26:22.888,0.158162,0.238314,0.067607,-2.356642,1.377800,2.209451,1.457530,-0.001063,0.017101,0.005248,-0.003199,0.019919,0.001784,-0.036005
2025-12-16 18:26:22.889,0.158158,0.238336,0.067611,-2.356652,1.377820,2.209454,1.457498,-0.001823,0.016925,0.004003,-0.003205,0.024290,0.000929,-0.036365
2025-12-16 18:26:22.890,0.158156,0.238355,0.067609,-2.356660,1.377837,2.209456,1.457459,-0.001865,0.018821,0.003905,-0.002454,0.023359,0.005388,-0.037967
2025-12-16 18:26:22.891,0.158158,0.238376,0.067615,-2.356668,1.377860,2.209461,1.457422,-0.000594,0.020831,0.006846,-0.001874,0.022867,0.008359,-0.039553
2025-12-16 18:26:22.892,0.158155,0.238398,0.067619,-2.356675,1.377879,2.209467,1.457396,-0.001602,0.022870,0.004030,-0.001428,0.021457,0.006304,-0.036491
2025-12-16 18:26:22.894,0.158156,0.238414,0.067622,-2.356680,1.377898,2.209472,1.457363,-0.000511,0.022165,0.005762,-0.000436,0.020401,0.004751,-0.036547
2025-12-16 18:26:22.895,0.158153,0.238457,0.067632,-2.356695,1.377937,2.209487,1.457291,-0.000970,0.019580,0.005370,-0.003578,0.019841,0.006467,-0.039624
2025-12-16 18:26:22.896,0.158151,0.238478,0.067638,-2.356704,1.377955,2.209493,1.457259,-0.001203,0.021220,0.007268,-0.003346,0.019208,0.005209,-0.033523
2025-12-16 18:26:22.897,0.158153,0.238499,0.067642,-2.356713,1.377975,2.209500,1.457228,-0.000245,0.022668,0.004963,-0.002464,0.019475,0.003493,-0.029099
2025-12-16 18:26:22.898,0.158151,0.238521,0.067650,-2.356722,1.377999,2.209509,1.457201,-0.000720,0.024215,0.004929,-0.005425,0.024443,0.007286,-0.030277
2025-12-16 18:26:22.899,0.158149,0.238538,0.067648,-2.356725,1.378017,2.209521,1.457163,-0.001130,0.020466,0.004504,-0.002796,0.027131,0.010907,-0.029472
2025-12-16 18:26:22.900,0.158151,0.238559,0.067658,-2.356732,1.378037,2.209527,1.457128,-0.000104,0.022111,0.005314,-0.004641,0.025201,0.012817,-0.027438
2025-12-16 18:26:22.902,0.158151,0.238578,0.067660,-2.356741,1.378058,2.209535,1.457096,-0.000069,0.023203,0.003397,-0.006860,0.024260,0.009199,-0.024432
2025-12-16 18:26:22.903,0.158155,0.238612,0.067672,-2.356754,1.378098,2.209551,1.457033,0.001299,0.020515,0.006408,-0.006023,0.021048,0.012653,-0.027217
2025-12-16 18:26:22.904,0.158151,0.238631,0.067674,-2.356770,1.378118,2.209560,1.456996,-0.000247,0.021551,0.007303,-0.010085,0.020831,0.013889,-0.031223
2025-12-16 18:26:22.905,0.158151,0.238646,0.067679,-2.356774,1.378137,2.209568,1.456965,-0.000165,0.018767,0.009804,-0.009528,0.020334,0.010115,-0.027089
2025-12-16 18:26:22.906,0.158153,0.238665,0.067681,-2.356785,1.378160,2.209575,1.456937,0.000447,0.020401,0.007240,-0.007725,0.019913,0.008038,-0.027946
2025-12-16 18:26:22.907,0.158153,0.238678,0.067684,-2.356792,1.378182,2.209586,1.456903,0.000298,0.020357,0.005355,-0.005205,0.020341,0.006761,-0.025750
2025-12-16 18:26:22.908,0.158155,0.238698,0.067689,-2.356804,1.378200,2.209593,1.456870,0.000755,0.022054,0.005080,-0.007523,0.019348,0.009232,-0.028765
2025-12-16 18:26:22.909,0.158156,0.238715,0.067695,-2.356815,1.378224,2.209602,1.456831,0.001060,0.019126,0.004890,-0.006263,0.019900,0.011253,-0.032723
2025-12-16 18:26:22.910,0.158158,0.238736,0.067697,-2.356820,1.378243,2.209612,1.456797,0.001357,0.018750,0.004040,-0.006954,0.019244,0.013566,-0.033819
2025-12-16 18:26:22.911,0.158156,0.238749,0.067703,-2.356833,1.378262,2.209616,1.456771,0.000255,0.018548,0.004067,-0.010261,0.018785,0.009431,-0.027633
2025-12-16 18:26:22.913,0.158162,0.238768,0.067706,-2.356837,1.378283,2.209626,1.456742,0.001933,0.017610,0.003393,-0.006995,0.019516,0.012185,-0.025321
2025-12-16 18:26:22.914,0.158164,0.238798,0.067712,-2.356857,1.378325,2.209637,1.456669,0.001694,0.014351,0.005796,-0.007283,0.018885,0.010550,-0.034150
2025-12-16 18:26:22.915,0.158161,0.238817,0.067717,-2.356864,1.378344,2.209640,1.456643,0.001130,0.013979,0.004735,-0.005427,0.018984,0.006913,-0.028054
2025-12-16 18:26:22.916,0.158166,0.238829,0.067721,-2.356871,1.378364,2.209649,1.456616,0.001867,0.015058,0.003949,-0.003491,0.019052,0.010344,-0.024688
2025-12-16 18:26:22.917,0.158167,0.238847,0.067724,-2.356881,1.378383,2.209659,1.456588,0.001244,0.015207,0.002809,-0.005919,0.019106,0.012744,-0.023029
2025-12-16 18:26:22.918,0.158170,0.238865,0.067729,-2.356892,1.378400,2.209666,1.456548,0.002593,0.017782,0.005831,-0.008718,0.018383,0.009978,-0.024734
2025-12-16 18:26:22.919,0.158168,0.238877,0.067733,-2.356898,1.378423,2.209675,1.456517,0.000522,0.014721,0.004251,-0.006452,0.018809,0.012125,-0.028121
2025-12-16 18:26:22.921,0.158172,0.238899,0.067734,-2.356903,1.378446,2.209687,1.456492,0.001555,0.015473,0.002458,-0.007411,0.019500,0.014878,-0.028900
2025-12-16 18:26:22.922,0.158177,0.238928,0.067742,-2.356923,1.378483,2.209699,1.456434,0.002269,0.015216,0.001815,-0.010335,0.019025,0.007517,-0.029780
2025-12-16 18:26:22.923,0.158176,0.238948,0.067749,-2.356926,1.378503,2.209708,1.456401,0.000863,0.015212,0.002439,-0.009310,0.018960,0.005658,-0.033050
2025-12-16 18:26:22.924,0.158177,0.238960,0.067752,-2.356935,1.378522,2.209713,1.456373,0.001225,0.015873,0.001712,-0.007609,0.023675,0.008533,-0.033637
2025-12-16 18:26:22.925,0.158177,0.238979,0.067757,-2.356941,1.378541,2.209724,1.456350,0.000817,0.016361,0.004289,-0.006356,0.022578,0.011776,-0.033097
2025-12-16 18:26:22.926,0.158176,0.238992,0.067761,-2.356943,1.378562,2.209727,1.456321,-0.000105,0.017247,0.003165,-0.004063,0.021398,0.008051,-0.034419
2025-12-16 18:26:22.928,0.158176,0.239010,0.067769,-2.356954,1.378584,2.209735,1.456287,-0.000070,0.019240,0.006136,-0.004271,0.016413,0.006823,-0.036971
2025-12-16 18:26:22.929,0.158177,0.239045,0.067774,-2.356964,1.378621,2.209748,1.456231,0.000402,0.016382,0.005640,-0.004879,0.020733,0.003413,-0.032963
2025-12-16 18:26:22.930,0.158179,0.239059,0.067783,-2.356967,1.378640,2.209754,1.456205,0.000825,0.014818,0.008619,-0.006324,0.015268,0.006554,-0.028788
2025-12-16 18:26:22.931,0.158181,0.239079,0.067785,-2.356972,1.378659,2.209760,1.456178,0.001107,0.015484,0.005831,-0.008127,0.017171,0.009661,-0.026689
2025-12-16 18:26:22.932,0.158179,0.239095,0.067789,-2.356972,1.378678,2.209770,1.456149,0.000181,0.017118,0.006852,-0.004849,0.017832,0.012879,-0.029891
2025-12-16 18:26:22.934,0.158179,0.239115,0.067795,-2.356979,1.378695,2.209773,1.456120,0.000121,0.019729,0.005839,-0.007660,0.018351,0.014322,-0.027488
2025-12-16 18:26:22.935,0.158177,0.239130,0.067799,-2.356983,1.378712,2.209782,1.456098,-0.000476,0.017236,0.003710,-0.009028,0.018398,0.011095,-0.028982
2025-12-16 18:26:22.936,0.158183,0.239163,0.067810,-2.356990,1.378744,2.209795,1.456047,0.001552,0.014404,0.005506,-0.005290,0.014529,0.006303,-0.024430
2025-12-16 18:26:22.937,0.158181,0.239189,0.067813,-2.356991,1.378758,2.209797,1.456016,0.000385,0.016309,0.004065,-0.003299,0.010244,0.003240,-0.025218
2025-12-16 18:26:22.938,0.158181,0.239201,0.067820,-2.356996,1.378776,2.209803,1.455991,0.000256,0.013439,0.004119,-0.003165,0.012471,0.007590,-0.027685
2025-12-16 18:26:22.939,0.158181,0.239223,0.067821,-2.356996,1.378792,2.209809,1.455972,0.000171,0.017347,0.002411,-0.001140,0.014446,0.006068,-0.023259
2025-12-16 18:26:22.940,0.158183,0.239236,0.067828,-2.356998,1.378810,2.209813,1.455943,0.000764,0.014813,0.002980,-0.001495,0.020237,0.004208,-0.027770
2025-12-16 18:26:22.941,0.158179,0.239258,0.067827,-2.356998,1.378825,2.209821,1.455915,-0.000697,0.018672,0.001462,-0.000016,0.019538,0.004267,-0.026180
2025-12-16 18:26:22.943,0.158183,0.239273,0.067832,-2.357002,1.378840,2.209824,1.455880,0.000742,0.019021,0.004197,-0.001224,0.019689,0.002381,-0.025794
2025-12-16 18:26:22.944,0.158184,0.239292,0.067833,-2.356999,1.378855,2.209824,1.455858,0.001608,0.020553,0.003129,0.000222,0.014759,0.001460,-0.022464
2025-12-16 18:26:22.945,0.158184,0.239329,0.067841,-2.357002,1.378889,2.209831,1.455808,0.000746,0.018552,0.002392,-0.000909,0.008633,0.000750,-0.023123
2025-12-16 18:26:22.946,0.158181,0.239352,0.067847,-2.357000,1.378901,2.209833,1.455772,-0.000709,0.021465,0.002848,-0.000081,0.006444,0.000589,-0.025159
2025-12-16 18:26:22.947,0.158183,0.239374,0.067847,-2.357000,1.378916,2.209835,1.455745,0.000177,0.023120,0.000890,-0.000078,0.004474,0.000087,-0.023024
2025-12-16 18:26:22.949,0.158184,0.239388,0.067850,-2.357000,1.378929,2.209838,1.455716,0.000675,0.018495,0.004374,-0.000070,0.003709,0.000481,-0.021857
2025-12-16 18:26:22.950,0.158184,0.239424,0.067858,-2.357000,1.378956,2.209842,1.455663,0.000114,0.019408,0.002585,0.000136,0.009998,0.003580,-0.019700
2025-12-16 18:26:22.951,0.158183,0.239443,0.067861,-2.357000,1.378971,2.209848,1.455629,-0.000481,0.020779,0.005606,0.000083,0.012566,0.003800,-0.026091
2025-12-16 18:26:22.952,0.158183,0.239456,0.067866,-2.357004,1.378983,2.209846,1.455600,-0.000320,0.017639,0.004135,-0.001157,0.013134,0.001695,-0.024129
2025-12-16 18:26:22.953,0.158184,0.239475,0.067862,-2.357004,1.379000,2.209848,1.455575,0.000343,0.019613,0.001292,-0.000775,0.015728,0.001687,-0.026329
2025-12-16 18:26:22.955,0.158184,0.239494,0.067872,-2.357002,1.379010,2.209851,1.455550,0.000229,0.017900,0.003498,0.000130,0.011423,0.005964,-0.027725
2025-12-16 18:26:22.956,0.158186,0.239512,0.067871,-2.357000,1.379024,2.209854,1.455518,0.000709,0.017135,0.001293,0.000641,0.013574,0.005184,-0.031520
2025-12-16 18:26:22.957,0.158186,0.239527,0.067873,-2.357002,1.379038,2.209854,1.455486,0.000473,0.017952,0.000431,-0.000131,0.014760,0.003488,-0.029403
2025-12-16 18:26:22.958,0.158184,0.239564,0.067877,-2.357002,1.379065,2.209858,1.455442,-0.000347,0.021846,0.002637,0.006273,0.012752,0.001832,-0.026368
2025-12-16 18:26:22.959,0.158184,0.239578,0.067880,-2.356995,1.379079,2.209862,1.455412,-0.000231,0.018928,0.005862,0.006488,0.010254,0.001378,-0.026027
2025-12-16 18:26:22.960,0.158186,0.239595,0.067884,-2.357003,1.379089,2.209862,1.455386,0.000403,0.016768,0.004963,0.002319,0.011281,0.000664,-0.023859
2025-12-16 18:26:22.961,0.158184,0.239615,0.067886,-2.356996,1.379107,2.209863,1.455355,-0.000288,0.016879,0.006195,0.003615,0.014354,0.000904,-0.024629
2025-12-16 18:26:22.963,0.158184,0.239633,0.067885,-2.356997,1.379119,2.209867,1.455332,-0.000192,0.015751,0.004016,0.002082,0.014749,0.000669,-0.021608
2025-12-16 18:26:22.964,0.158186,0.239648,0.067887,-2.356999,1.379134,2.209871,1.455309,0.000429,0.017365,0.003729,0.001560,0.016088,0.000495,-0.020302
2025-12-16 18:26:22.965,0.158184,0.239682,0.067888,-2.356996,1.379160,2.209873,1.455249,-0.000366,0.018301,0.001435,0.001247,0.009032,0.000035,-0.030115
2025-12-16 18:26:22.966,0.158188,0.239696,0.067892,-2.356990,1.379174,2.209875,1.455226,0.000869,0.016210,0.001776,0.002667,0.011826,-0.000328,-0.031532
2025-12-16 18:26:22.967,0.158190,0.239716,0.067896,-2.356995,1.379185,2.209882,1.455209,0.001229,0.016424,0.002425,0.000069,0.013533,0.000509,-0.030789
2025-12-16 18:26:22.968,0.158186,0.239732,0.067895,-2.356994,1.379193,2.209882,1.455183,-0.000387,0.015361,0.001155,0.000736,0.009450,0.000012,-0.028420
2025-12-16 18:26:22.969,0.158190,0.239751,0.067897,-2.356994,1.379208,2.209886,1.455156,0.000948,0.015793,0.000842,0.000521,0.012498,0.000017,-0.027122
2025-12-16 18:26:22.971,0.158182,0.239766,0.067898,-2.356995,1.379218,2.209890,1.455126,-0.001131,0.017461,0.000615,-0.000836,0.009006,0.000018,-0.027167
2025-12-16 18:26:22.972,0.158185,0.239781,0.067902,-2.356995,1.379233,2.209894,1.455110,-0.000197,0.016767,0.001656,0.000017,0.007442,-0.000356,-0.021933
2025-12-16 18:26:22.973,0.158186,0.239796,0.067900,-2.356991,1.379245,2.209895,1.455084,-0.000131,0.015603,0.000485,0.000674,0.009554,-0.000234,-0.027138
2025-12-16 18:26:22.974,0.158188,0.239831,0.067902,-2.356992,1.379265,2.209902,1.455037,0.000096,0.015741,0.000031,-0.000337,0.008561,0.004103,-0.024451
2025-12-16 18:26:22.975,0.158186,0.239841,0.067903,-2.356990,1.379279,2.209904,1.455014,-0.000493,0.012896,0.000033,0.000431,0.011497,0.003118,-0.023064
2025-12-16 18:26:22.976,0.158188,0.239860,0.067907,-2.356992,1.379288,2.209909,1.454991,0.000228,0.014564,0.001238,-0.000358,0.008281,0.002739,-0.027768
2025-12-16 18:26:22.977,0.158190,0.239872,0.067905,-2.356994,1.379304,2.209913,1.454976,0.000802,0.012702,0.000276,-0.000793,0.011618,0.006742,-0.022871
2025-12-16 18:26:22.978,0.158188,0.239891,0.067911,-2.356990,1.379313,2.209914,1.454950,-0.000115,0.013860,0.001303,0.000680,0.008336,0.005048,-0.027557
2025-12-16 18:26:22.980,0.158191,0.239905,0.067908,-2.356996,1.379326,2.209918,1.454924,0.001130,0.012863,-0.000241,-0.001308,0.010951,0.008488,-0.027200
2025-12-16 18:26:22.981,0.158189,0.239918,0.067911,-2.356994,1.379338,2.209918,1.454898,0.000753,0.011579,0.001606,-0.000314,0.008554,0.005990,-0.026041
2025-12-16 18:26:22.982,0.158185,0.239952,0.067911,-2.356992,1.379362,2.209922,1.454869,-0.000470,0.015835,0.000655,0.000419,0.013204,0.003523,-0.020399
2025-12-16 18:26:22.983,0.158187,0.239966,0.067910,-2.356988,1.379373,2.209923,1.454844,0.000337,0.014932,-0.000119,0.000929,0.010221,0.002645,-0.021887
2025-12-16 18:26:22.984,0.158190,0.239982,0.067910,-2.356989,1.379383,2.209926,1.454821,0.001338,0.015410,-0.000078,-0.000030,0.007623,0.001647,-0.022172
2025-12-16 18:26:22.985,0.158187,0.239995,0.067914,-2.356992,1.379393,2.209926,1.454808,-0.000222,0.013892,0.001155,-0.001133,0.005689,0.000892,-0.024077
2025-12-16 18:26:22.986,0.158187,0.240009,0.067912,-2.356994,1.379401,2.209925,1.454794,-0.000148,0.013521,0.000121,-0.001405,0.003909,0.000347,-0.021161
2025-12-16 18:26:22.987,0.158188,0.240024,0.067910,-2.356989,1.379409,2.209927,1.454771,0.000458,0.013874,-0.000476,0.000827,0.002269,0.001071,-0.021827
2025-12-16 18:26:22.988,0.158190,0.240039,0.067910,-2.356985,1.379423,2.209931,1.454750,0.000862,0.010336,-0.000874,0.001758,0.006807,0.001124,-0.021810
2025-12-16 18:26:22.989,0.158182,0.240052,0.067907,-2.356989,1.379434,2.209933,1.454727,-0.001188,0.010863,-0.001232,-0.000034,0.005460,0.000802,-0.022428
2025-12-16 18:26:22.990,0.158184,0.240069,0.067910,-2.356991,1.379439,2.209934,1.454714,-0.000143,0.012328,0.000385,-0.000580,0.008110,0.000947,-0.019327
2025-12-16 18:26:22.992,0.158183,0.240082,0.067910,-2.356992,1.379449,2.209932,1.454700,-0.000095,0.012236,0.000257,-0.000943,0.006466,-0.000051,-0.018547
2025-12-16 18:26:22.993,0.158181,0.240096,0.067916,-2.356991,1.379460,2.209931,1.454676,-0.000713,0.012231,0.001378,-0.000072,0.010249,-0.000385,-0.019751
2025-12-16 18:26:22.994,0.158178,0.240121,0.067910,-2.356992,1.379478,2.209931,1.454644,-0.001090,0.011655,-0.000006,-0.000403,0.010030,-0.000147,-0.023660
2025-12-16 18:26:22.995,0.158181,0.240127,0.067910,-2.356990,1.379483,2.209933,1.454629,0.000480,0.008904,-0.000004,0.000288,0.007187,0.000623,-0.021412
2025-12-16 18:26:22.996,0.158180,0.240146,0.067906,-2.356989,1.379494,2.209934,1.454613,-0.002594,0.011814,-0.001209,0.000749,0.006099,0.000796,-0.020911
2025-12-16 18:26:22.997,0.158175,0.240167,0.067910,-2.356991,1.379503,2.209933,1.454589,-0.003225,0.013739,0.000400,-0.000058,0.009246,0.000163,-0.022552
2025-12-16 18:26:22.998,0.158175,0.240179,0.067910,-2.356985,1.379509,2.209933,1.454569,-0.002367,0.012771,0.000267,0.001725,0.006911,0.000112,-0.021963
2025-12-16 18:26:22.999,0.158177,0.240188,0.067910,-2.356989,1.379517,2.209931,1.454561,-0.000534,0.011471,0.000178,-0.000057,0.009490,-0.000634,-0.018636
2025-12-16 18:26:23.001,0.158174,0.240212,0.067908,-2.356991,1.379532,2.209933,1.454527,0.000549,0.011118,-0.000076,-0.000211,0.013688,0.000196,-0.015579
2025-12-16 18:26:23.002,0.158169,0.240226,0.067912,-2.356987,1.379540,2.209933,1.454505,-0.000816,0.012050,0.001063,0.001066,0.009935,0.000132,-0.018629
2025-12-16 18:26:23.003,0.158166,0.240239,0.067908,-2.356991,1.379548,2.209937,1.454492,-0.000596,0.012209,-0.006697,-0.000496,0.007146,0.000462,-0.017033
2025-12-16 18:26:23.004,0.158164,0.240250,0.067908,-2.356989,1.379557,2.209940,1.454473,0.000121,0.011689,-0.004989,0.000226,0.005410,0.000682,-0.017488
2025-12-16 18:26:23.005,0.158161,0.240261,0.067910,-2.356987,1.379566,2.209939,1.454461,0.000052,0.011326,-0.003162,0.000800,0.009472,0.000082,-0.016397
2025-12-16 18:26:23.006,0.158159,0.240272,0.067914,-2.356987,1.379573,2.209940,1.454437,-0.002208,0.011088,-0.001197,0.000534,0.006731,0.000428,-0.020375
2025-12-16 18:26:23.007,0.158158,0.240289,0.067908,-2.356985,1.379581,2.209938,1.454425,-0.005240,0.015245,-0.002225,0.000913,0.005732,-0.000460,-0.018641
2025-12-16 18:26:23.009,0.158149,0.240311,0.067911,-2.356985,1.379600,2.209938,1.454396,-0.003059,0.011682,-0.000853,0.000220,0.008017,-0.000204,-0.017594
2025-12-16 18:26:23.010,0.158144,0.240321,0.067912,-2.356987,1.379606,2.209938,1.454381,-0.002979,0.010896,-0.000662,-0.000410,0.005972,-0.000136,-0.018104
2025-12-16 18:26:23.011,0.158142,0.240336,0.067910,-2.356985,1.379615,2.209938,1.454360,-0.000997,0.011459,-0.001068,0.000283,0.009153,-0.000091,-0.020488
2025-12-16 18:26:23.012,0.158141,0.240346,0.067910,-2.356982,1.379620,2.209938,1.454342,0.000286,0.010644,-0.000765,0.001395,0.006541,-0.000060,-0.019882
2025-12-16 18:26:23.014,0.158132,0.240365,0.067917,-2.356982,1.379633,2.209939,1.454321,-0.003130,0.009270,0.001522,0.000837,0.008494,-0.000015,-0.017077
2025-12-16 18:26:23.015,0.158129,0.240378,0.067911,-2.356987,1.379637,2.209939,1.454298,-0.002444,0.010298,-0.000121,-0.001205,0.005698,-0.000010,-0.015826
2025-12-16 18:26:23.016,0.158125,0.240392,0.067912,-2.356982,1.379645,2.209939,1.454281,-0.005348,0.011574,0.000460,0.000960,0.005318,-0.000007,-0.016026
2025-12-16 18:26:23.018,0.158118,0.240402,0.067914,-2.356982,1.379651,2.209939,1.454269,-0.004610,0.013279,0.000294,0.000640,0.004286,-0.000005,-0.010866
2025-12-16 18:26:23.019,0.158120,0.240415,0.067911,-2.356982,1.379653,2.209938,1.454255,-0.002233,0.013285,-0.001020,0.000426,0.002175,-0.000376,-0.011508
2025-12-16 18:26:23.020,0.158109,0.240442,0.067915,-2.356985,1.379666,2.209939,1.454217,-0.005270,0.012692,0.000743,-0.001202,0.010627,0.000330,-0.016721
2025-12-16 18:26:23.021,0.158106,0.240452,0.067912,-2.356980,1.379667,2.209936,1.454206,-0.003956,0.011502,-0.000715,0.000962,0.007559,-0.000865,-0.014990
2025-12-16 18:26:23.022,0.158096,0.240465,0.067911,-2.356980,1.379672,2.209939,1.454193,-0.005289,0.014413,0.000170,0.000641,0.005988,0.000135,-0.010663
2025-12-16 18:26:23.023,0.158100,0.240475,0.067912,-2.356976,1.379672,2.209940,1.454168,-0.005479,0.012840,0.000668,0.001634,0.004110,0.000463,-0.014997
2025-12-16 18:26:23.024,0.158099,0.240490,0.067912,-2.356982,1.379677,2.209938,1.454151,-0.003572,0.013550,0.000444,-0.000674,0.003422,-0.000437,-0.016578
2025-12-16 18:26:23.025,0.158089,0.240503,0.067913,-2.356978,1.379681,2.209940,1.454137,-0.004408,0.012690,-0.000262,0.000664,0.007232,0.000455,-0.015510
2025-12-16 18:26:23.026,0.158089,0.240513,0.067911,-2.356977,1.379683,2.209939,1.454127,-0.002650,0.011672,-0.000176,0.000443,0.005405,-0.000070,-0.014660
2025-12-16 18:26:23.028,0.158088,0.240528,0.067913,-2.356978,1.379684,2.209939,1.454105,-0.001410,0.012484,-0.000118,-0.000262,0.009045,-0.000047,-0.018156
2025-12-16 18:26:23.029,0.158078,0.240554,0.067909,-2.356974,1.379686,2.209940,1.454072,-0.001366,0.011887,-0.000888,0.000688,0.004471,0.000228,-0.013334
2025-12-16 18:26:23.030,0.158075,0.240568,0.067908,-2.356978,1.379690,2.209940,1.454059,-0.000995,0.012097,-0.000593,-0.000191,0.003384,0.000152,-0.013354
2025-12-16 18:26:23.031,0.158070,0.240579,0.067910,-2.356974,1.379691,2.209940,1.454038,-0.004844,0.011695,0.000254,0.000522,0.002559,0.000101,-0.010848
2025-12-16 18:26:23.032,0.158067,0.240597,0.067908,-2.356972,1.379693,2.209940,1.454022,-0.003566,0.013673,-0.000480,0.000905,0.002272,0.000068,-0.012856
2025-12-16 18:26:23.034,0.158060,0.240619,0.067912,-2.356971,1.379696,2.209939,1.453990,-0.001293,0.012183,0.000776,0.000031,0.001364,0.000991,-0.014778
2025-12-16 18:26:23.035,0.158051,0.240632,0.067912,-2.356969,1.379700,2.209941,1.453971,-0.006147,0.008604,0.000517,0.000577,0.001005,0.000661,-0.016224
2025-12-16 18:26:23.036,0.158051,0.240646,0.067908,-2.356972,1.379702,2.209941,1.453953,-0.003372,0.009622,-0.000862,-0.001378,0.000742,0.000067,-0.017588
2025-12-16 18:26:23.037,0.158046,0.240661,0.067912,-2.356968,1.379702,2.209940,1.453929,-0.002539,0.013250,0.000632,0.000288,0.000548,-0.000294,-0.019636
2025-12-16 18:26:23.038,0.158038,0.240675,0.067908,-2.356967,1.379703,2.209941,1.453919,-0.003025,0.012383,-0.000135,-0.000458,-0.000272,0.000143,-0.016421
2025-12-16 18:26:23.039,0.158035,0.240688,0.067908,-2.356968,1.379710,2.209941,1.453904,-0.005642,0.012493,-0.000740,-0.000862,0.005220,0.000095,-0.016784
2025-12-16 18:26:23.040,0.158031,0.240706,0.067912,-2.356966,1.379708,2.209942,1.453884,-0.003616,0.016255,-0.002406,0.003267,0.002911,0.000437,-0.018101
2025-12-16 18:26:23.041,0.158026,0.240719,0.067911,-2.356964,1.379711,2.209942,1.453859,-0.006746,0.014628,-0.001307,0.002452,0.002895,0.000291,-0.020446
2025-12-16 18:26:23.042,0.158022,0.240737,0.067915,-2.356961,1.379714,2.209941,1.453847,-0.004461,0.017947,-0.000509,0.002490,0.002163,-0.000179,-0.018387
2025-12-16 18:26:23.043,0.158014,0.240753,0.067911,-2.356955,1.379714,2.209939,1.453834,-0.003921,0.016480,-0.001043,0.003577,0.001277,0.000254,-0.016646
2025-12-16 18:26:23.045,0.158013,0.240767,0.067905,-2.356957,1.379718,2.209941,1.453812,-0.001793,0.015479,-0.002568,0.001294,0.000983,0.000169,-0.018318
2025-12-16 18:26:23.046,0.158011,0.240782,0.067911,-2.356956,1.379720,2.209941,1.453792,-0.004227,0.014601,-0.000588,0.000949,0.001092,-0.000260,-0.019900
2025-12-16 18:26:23.047,0.157999,0.240817,0.067911,-2.356956,1.379728,2.209938,1.453765,-0.009919,0.014691,0.000208,-0.000847,0.000590,-0.000240,-0.017217
2025-12-16 18:26:23.048,0.157992,0.240832,0.067908,-2.356953,1.379728,2.209941,1.453746,-0.011394,0.013991,-0.001659,-0.000528,0.000096,0.000213,-0.018039
2025-12-16 18:26:23.049,0.157992,0.240850,0.067906,-2.356952,1.379732,2.209941,1.453728,-0.010751,0.014185,-0.001689,-0.000882,0.004797,-0.000231,-0.019141
2025-12-16 18:26:23.050,0.157987,0.240867,0.067910,-2.356950,1.379732,2.209942,1.453705,-0.008654,0.014775,0.000061,-0.001774,0.003308,0.000219,-0.016162
2025-12-16 18:26:23.051,0.157982,0.240882,0.067914,-2.356946,1.379733,2.209942,1.453696,-0.007673,0.017054,0.001140,-0.001167,0.002517,0.000146,-0.014548
2025-12-16 18:26:23.052,0.157981,0.240902,0.067912,-2.356942,1.379740,2.209942,1.453678,-0.005082,0.016447,0.000192,-0.001323,0.006928,0.000097,-0.015791
2025-12-16 18:26:23.053,0.157978,0.240924,0.067910,-2.356938,1.379742,2.209941,1.453660,-0.003780,0.017140,-0.000437,0.002178,0.009975,-0.000308,-0.017292
2025-12-16 18:26:23.055,0.157977,0.240938,0.067908,-2.356941,1.379744,2.209942,1.453641,-0.002814,0.018199,-0.000947,-0.001257,0.006830,0.000168,-0.019079
2025-12-16 18:26:23.056,0.157973,0.240956,0.067907,-2.356930,1.379749,2.209939,1.453631,-0.002654,0.019508,-0.001193,0.003942,0.005172,0.000112,-0.016327
2025-12-16 18:26:23.057,0.157972,0.240975,0.067907,-2.356931,1.379754,2.209937,1.453614,-0.004871,0.021352,-0.000799,0.001246,0.003912,-0.000299,-0.017391
2025-12-16 18:26:23.058,0.157965,0.241012,0.067908,-2.356923,1.379759,2.209941,1.453578,-0.003310,0.019237,0.000198,0.002632,0.001904,-0.000381,-0.016188
2025-12-16 18:26:23.059,0.157959,0.241033,0.067907,-2.356917,1.379765,2.209938,1.453565,-0.004203,0.021651,-0.000426,0.005648,0.002109,-0.000254,-0.015732
2025-12-16 18:26:23.060,0.157957,0.241044,0.067905,-2.356913,1.379771,2.209941,1.453551,-0.002977,0.020256,-0.000842,0.004326,0.001892,0.000204,-0.016279
2025-12-16 18:26:23.061,0.157956,0.241066,0.067903,-2.356912,1.379775,2.209944,1.453539,-0.002116,0.022394,-0.001212,0.002097,0.001032,0.000882,-0.016179
2025-12-16 18:26:23.062,0.157959,0.241086,0.067903,-2.356908,1.379780,2.209938,1.453517,-0.003766,0.024117,-0.000808,0.002270,0.005812,-0.000531,-0.018233
2025-12-16 18:26:23.063,0.157952,0.241101,0.067907,-2.356902,1.379783,2.209940,1.453499,-0.004636,0.022673,0.000667,0.002956,0.008359,-0.000354,-0.014697
2025-12-16 18:26:23.064,0.157951,0.241120,0.067900,-2.356899,1.379789,2.209940,1.453484,-0.003363,0.020680,-0.001876,0.002148,0.006608,0.000510,-0.015559
2025-12-16 18:26:23.066,0.157945,0.241136,0.067901,-2.356892,1.379793,2.209942,1.453473,-0.003652,0.021010,-0.000694,0.002771,0.010328,0.000340,-0.014097
2025-12-16 18:26:23.067,0.157944,0.241155,0.067901,-2.356889,1.379793,2.209943,1.453455,-0.002588,0.019487,-0.000463,0.001947,0.006704,0.000227,-0.016074
2025-12-16 18:26:23.068,0.157940,0.241170,0.067900,-2.356882,1.379799,2.209941,1.453436,-0.002397,0.019594,-0.000866,0.005218,0.005376,-0.000595,-0.018233
2025-12-16 18:26:23.069,0.157939,0.241211,0.067902,-2.356874,1.379808,2.209941,1.453411,-0.000816,0.017539,0.000945,0.004884,0.003028,-0.000140,-0.011924
2025-12-16 18:26:23.070,0.157937,0.241229,0.067900,-2.356865,1.379817,2.209942,1.453400,-0.000035,0.016180,-0.000483,0.004839,0.007443,-0.000093,-0.012679
2025-12-16 18:26:23.071,0.157935,0.241248,0.067898,-2.356863,1.379819,2.209943,1.453378,-0.000617,0.015186,-0.000972,0.002858,0.005216,0.000311,-0.016867
2025-12-16 18:26:23.073,0.157931,0.241265,0.067896,-2.356858,1.379825,2.209942,1.453364,-0.000995,0.017622,-0.000648,0.002117,0.003617,-0.000166,-0.017344
2025-12-16 18:26:23.074,0.157931,0.241289,0.067893,-2.356851,1.379833,2.209942,1.453351,-0.000127,0.020966,-0.000989,0.001570,0.003389,-0.000111,-0.017252
2025-12-16 18:26:23.075,0.157929,0.241302,0.067897,-2.356845,1.379838,2.209943,1.453339,-0.000100,0.019929,0.000547,0.004421,0.007309,0.000299,-0.016486
2025-12-16 18:26:23.076,0.157928,0.241325,0.067899,-2.356839,1.379844,2.209942,1.453328,-0.000078,0.019854,0.000365,0.006600,0.005799,-0.000173,-0.012443
2025-12-16 18:26:23.077,0.157927,0.241341,0.067897,-2.356833,1.379846,2.209942,1.453315,0.000496,0.017226,0.000243,0.008878,0.003323,-0.000116,-0.009385
2025-12-16 18:26:23.078,0.157921,0.241362,0.067901,-2.356827,1.379852,2.209939,1.453294,-0.000789,0.016003,0.000719,0.009012,0.003190,-0.000077,-0.013923
2025-12-16 18:26:23.079,0.157923,0.241382,0.067897,-2.356820,1.379859,2.209941,1.453290,0.001232,0.018785,-0.000078,0.009823,0.006742,-0.000051,-0.011753
2025-12-16 18:26:23.080,0.157920,0.241401,0.067897,-2.356815,1.379864,2.209942,1.453273,0.000168,0.017072,-0.000052,0.009846,0.009452,-0.000034,-0.009690
2025-12-16 18:26:23.081,0.157920,0.241414,0.067900,-2.356810,1.379870,2.209939,1.453262,0.000759,0.017184,0.001079,0.010169,0.007430,-0.000023,-0.011915
2025-12-16 18:26:23.082,0.157915,0.241454,0.067902,-2.356797,1.379878,2.209942,1.453238,0.000520,0.017722,0.001129,0.006053,0.003533,-0.000010,-0.014257
2025-12-16 18:26:23.084,0.157914,0.241481,0.067898,-2.356791,1.379888,2.209941,1.453226,-0.002524,0.018236,-0.000454,0.007846,0.003347,-0.000380,-0.010395
2025-12-16 18:26:23.085,0.157915,0.241493,0.067900,-2.356786,1.379893,2.209942,1.453215,-0.001319,0.014838,0.000254,0.004690,0.006853,0.000120,-0.012558
2025-12-16 18:26:23.086,0.157914,0.241516,0.067904,-2.356778,1.379898,2.209941,1.453199,-0.000537,0.014866,0.001376,0.004833,0.009857,-0.000293,-0.016332
2025-12-16 18:26:23.087,0.157911,0.241548,0.067901,-2.356767,1.379908,2.209937,1.453177,0.000461,0.016629,0.000612,0.002431,0.005456,-0.000718,-0.015464
2025-12-16 18:26:23.088,0.157908,0.241567,0.067902,-2.356757,1.379915,2.209940,1.453168,-0.003248,0.015819,0.000965,0.003038,0.004748,-0.000140,-0.015680
2025-12-16 18:26:23.089,0.157907,0.241588,0.067898,-2.356753,1.379919,2.209937,1.453151,-0.002522,0.018867,0.000086,0.004913,0.003516,-0.001178,-0.018118
2025-12-16 18:26:23.090,0.157905,0.241606,0.067901,-2.356746,1.379925,2.209936,1.453136,-0.001949,0.019195,0.000614,0.006957,0.007663,-0.000412,-0.019690
2025-12-16 18:26:23.092,0.157905,0.241624,0.067896,-2.356740,1.379929,2.209939,1.453129,-0.003748,0.017009,-0.000704,0.008496,0.010184,0.000098,-0.017142
2025-12-16 18:26:23.093,0.157900,0.241666,0.067903,-2.356727,1.379932,2.209940,1.453104,-0.003246,0.021700,0.001636,0.004397,0.008598,-0.000069,-0.009981
2025-12-16 18:26:23.094,0.157905,0.241682,0.067899,-2.356719,1.379936,2.209940,1.453084,-0.000647,0.018219,-0.000116,0.006614,0.006162,-0.000046,-0.009334
2025-12-16 18:26:23.095,0.157902,0.241705,0.067899,-2.356713,1.379942,2.209940,1.453080,-0.001266,0.020432,-0.000077,0.007054,0.005328,-0.000031,-0.004688
2025-12-16 18:26:23.096,0.157904,0.241720,0.067906,-2.356704,1.379945,2.209939,1.453069,-0.000333,0.016099,0.002269,0.005403,0.009145,-0.000394,-0.008656
2025-12-16 18:26:23.097,0.157900,0.241744,0.067904,-2.356695,1.379949,2.209940,1.453058,-0.000976,0.019500,0.000956,0.007954,0.006823,0.000111,-0.010460
2025-12-16 18:26:23.098,0.157903,0.241765,0.067900,-2.356688,1.379954,2.209939,1.453041,0.000478,0.020940,0.000080,0.009182,0.010150,-0.000299,-0.014928
2025-12-16 18:26:23.101,0.157904,0.241824,0.067903,-2.356665,1.379962,2.209939,1.453011,0.000363,0.020341,0.000333,0.010006,0.008464,-0.000172,-0.012169
2025-12-16 18:26:23.102,0.157904,0.241842,0.067898,-2.356655,1.379963,2.209939,1.452991,0.000217,0.017869,-0.000892,0.008660,0.006372,-0.000114,-0.016135
2025-12-16 18:26:23.103,0.157903,0.241858,0.067901,-2.356648,1.379968,2.209941,1.452976,-0.000431,0.018007,0.000519,0.009005,0.005135,0.000636,-0.012363
2025-12-16 18:26:23.104,0.157904,0.241877,0.067905,-2.356642,1.379970,2.209939,1.452966,0.000256,0.016299,0.001553,0.008899,0.008881,-0.000288,-0.008853
2025-12-16 18:26:23.106,0.157908,0.241900,0.067903,-2.356632,1.379971,2.209939,1.452958,0.001367,0.019275,0.000385,0.011125,0.005637,-0.000192,-0.005157
2025-12-16 18:26:23.107,0.157906,0.241920,0.067899,-2.356619,1.379977,2.209938,1.452945,0.000254,0.020251,-0.000857,0.012786,0.009627,-0.000501,-0.004685
2025-12-16 18:26:23.108,0.157904,0.241961,0.067905,-2.356609,1.379984,2.209939,1.452915,0.000104,0.017821,0.001197,0.010930,0.006069,0.000026,-0.012055
2025-12-16 18:26:23.109,0.157907,0.241984,0.067903,-2.356596,1.379985,2.209939,1.452910,0.001273,0.022569,0.000148,0.009477,0.004149,0.000017,-0.011109
2025-12-16 18:26:23.110,0.157901,0.242008,0.067905,-2.356588,1.379987,2.209938,1.452894,-0.000917,0.023766,0.000748,0.012688,0.002758,-0.000361,-0.008865
2025-12-16 18:26:23.111,0.157905,0.242028,0.067901,-2.356579,1.379992,2.209938,1.452874,0.000593,0.020404,-0.000707,0.013404,0.002087,-0.000241,-0.013603
2025-12-16 18:26:23.112,0.157906,0.242047,0.067903,-2.356568,1.379995,2.209939,1.452858,0.001508,0.017948,0.000085,0.013852,0.005912,0.000212,-0.015099
2025-12-16 18:26:23.114,0.157902,0.242067,0.067903,-2.356557,1.380000,2.209938,1.452853,-0.000110,0.015378,0.000057,0.014802,0.009317,-0.000231,-0.013006
2025-12-16 18:26:23.115,0.157902,0.242109,0.067902,-2.356543,1.380009,2.209938,1.452822,-0.000050,0.015717,0.000675,0.009579,0.010277,-0.000227,-0.016802
2025-12-16 18:26:23.116,0.157903,0.242134,0.067903,-2.356532,1.380009,2.209938,1.452805,0.000523,0.019329,0.001007,0.007172,0.006707,-0.000151,-0.017727
2025-12-16 18:26:23.118,0.157907,0.242179,0.067905,-2.356515,1.380024,2.209938,1.452781,0.001346,0.018792,0.001406,0.009517,0.005195,-0.000192,-0.016634
2025-12-16 18:26:23.119,0.157905,0.242197,0.067903,-2.356506,1.380025,2.209938,1.452763,0.000340,0.016503,-0.000176,0.010207,0.007840,-0.000128,-0.018365
2025-12-16 18:26:23.120,0.157905,0.242218,0.067905,-2.356494,1.380027,2.209940,1.452749,0.000227,0.018610,0.000996,0.011599,0.005239,0.000661,-0.018449
2025-12-16 18:26:23.121,0.157905,0.242239,0.067903,-2.356485,1.380034,2.209938,1.452731,0.000151,0.019562,0.000107,0.011949,0.004630,-0.000305,-0.019704
2025-12-16 18:26:23.123,0.157904,0.242268,0.067905,-2.356475,1.380042,2.209937,1.452720,0.000657,0.023345,0.000628,0.011985,0.003456,-0.000543,-0.017197
2025-12-16 18:26:23.124,0.157902,0.242287,0.067903,-2.356468,1.380044,2.209939,1.452706,-0.000119,0.022528,-0.000138,0.008318,0.007275,0.000350,-0.017437
2025-12-16 18:26:23.125,0.157900,0.242332,0.067905,-2.356448,1.380056,2.209938,1.452663,-0.000610,0.020461,-0.002811,0.011058,0.003664,-0.000093,-0.019819
2025-12-16 18:26:23.128,0.157903,0.242377,0.067901,-2.356429,1.380064,2.209937,1.452638,0.001307,0.021440,-0.002391,0.008948,0.001427,-0.000380,-0.017923
2025-12-16 18:26:23.129,0.157902,0.242430,0.067904,-2.356410,1.380078,2.209937,1.452597,0.000581,0.024494,-0.000249,0.010417,0.008896,-0.000169,-0.017404
2025-12-16 18:26:23.130,0.157902,0.242452,0.067902,-2.356400,1.380084,2.209939,1.452584,-0.002510,0.024485,-0.000898,0.010289,0.011744,0.000599,-0.016097
2025-12-16 18:26:23.131,0.157903,0.242480,0.067904,-2.356391,1.380091,2.209937,1.452571,-0.001404,0.025607,-0.000011,0.010384,0.009457,-0.000313,-0.015684
2025-12-16 18:26:23.132,0.157899,0.242503,0.067902,-2.356383,1.380096,2.209938,1.452557,-0.002266,0.025259,-0.000703,0.010363,0.007043,0.000131,-0.016549
2025-12-16 18:26:23.134,0.157901,0.242554,0.067904,-2.356366,1.380109,2.209937,1.452517,-0.000865,0.026472,-0.000114,0.008851,0.008405,-0.000281,-0.019215
2025-12-16 18:26:23.137,0.157897,0.242625,0.067903,-2.356339,1.380125,2.209935,1.452468,0.000163,0.027560,-0.000249,0.005623,0.008540,-0.000622,-0.018896
2025-12-16 18:26:23.140,0.157893,0.242671,0.067909,-2.356316,1.380135,2.209936,1.452441,-0.000910,0.022555,0.001455,0.008311,0.009831,0.000097,-0.017192
2025-12-16 18:26:23.141,0.157891,0.242726,0.067909,-2.356299,1.380144,2.209937,1.452407,-0.000466,0.023137,0.000640,0.008326,0.005142,0.000416,-0.018121
2025-12-16 18:26:23.142,0.157891,0.242753,0.067909,-2.356287,1.380144,2.209937,1.452384,0.000234,0.023502,0.000424,0.007000,0.003565,0.000277,-0.020133
2025-12-16 18:26:23.145,0.157887,0.242825,0.067906,-2.356258,1.380159,2.209933,1.452337,-0.000089,0.023865,-0.002691,0.006715,0.001879,-0.000747,-0.017978
2025-12-16 18:26:23.146,0.157886,0.242851,0.067906,-2.356245,1.380166,2.209935,1.452313,-0.000063,0.024723,-0.001338,0.009628,0.002071,-0.000125,-0.019995
2025-12-16 18:26:23.149,0.157881,0.242922,0.067905,-2.356221,1.380174,2.209935,1.452267,0.000163,0.024185,-0.000780,0.011076,0.000395,-0.000327,-0.016681
2025-12-16 18:26:23.151,0.157876,0.242974,0.067906,-2.356198,1.380182,2.209936,1.452226,-0.000301,0.024848,-0.000000,0.013887,-0.000214,0.000352,-0.021128
2025-12-16 18:26:23.155,0.157867,0.243078,0.067904,-2.356152,1.380194,2.209935,1.452160,-0.000143,0.024901,-0.000458,0.012384,0.000433,0.000279,-0.018377
2025-12-16 18:26:23.156,0.157864,0.243109,0.067906,-2.356142,1.380196,2.209935,1.452145,-0.000652,0.029695,0.000333,0.012422,0.005299,0.000186,-0.018362
2025-12-16 18:26:23.157,0.157865,0.243128,0.067906,-2.356130,1.380197,2.209935,1.452135,0.000679,0.026033,0.000214,0.013216,0.003927,0.000124,-0.016871
2025-12-16 18:26:23.159,0.157864,0.243155,0.067904,-2.356122,1.380197,2.209933,1.452124,0.001102,0.026179,-0.000513,0.012069,0.007734,-0.000290,-0.015236
2025-12-16 18:26:23.160,0.157861,0.243180,0.067909,-2.356109,1.380200,2.209936,1.452100,0.000735,0.025820,0.001417,0.012170,0.005780,0.000552,-0.019288
2025-12-16 18:26:23.161,0.157852,0.243233,0.067904,-2.356083,1.380205,2.209935,1.452072,-0.001220,0.025697,-0.000767,0.015929,0.006531,0.000234,-0.018384
2025-12-16 18:26:23.162,0.157851,0.243265,0.067907,-2.356072,1.380207,2.209933,1.452062,-0.000257,0.026723,0.000693,0.014368,0.005555,-0.000217,-0.012324
2025-12-16 18:26:23.163,0.157849,0.243291,0.067909,-2.356062,1.380210,2.209936,1.452047,0.000386,0.025428,0.001017,0.013833,0.003816,0.000601,-0.014056
2025-12-16 18:26:23.165,0.157841,0.243346,0.067903,-2.356042,1.380210,2.209932,1.452010,-0.000385,0.025004,-0.000292,0.006205,0.001914,-0.000230,-0.010199
2025-12-16 18:26:23.166,0.157840,0.243376,0.067906,-2.356028,1.380214,2.209933,1.452002,-0.003724,0.026080,0.000362,0.011681,0.001452,-0.000153,-0.009317
2025-12-16 18:26:23.167,0.157832,0.243396,0.067901,-2.356016,1.380217,2.209934,1.451985,-0.003978,0.023821,-0.000966,0.008802,0.001744,0.000271,-0.012126
2025-12-16 18:26:23.168,0.157833,0.243426,0.067905,-2.356001,1.380217,2.209930,1.451973,-0.002219,0.024814,0.000005,0.011115,0.001262,-0.000192,-0.014237
2025-12-16 18:26:23.169,0.157830,0.243456,0.067905,-2.355988,1.380220,2.209934,1.451950,-0.001085,0.025463,0.000003,0.011855,0.000916,0.000245,-0.017637
2025-12-16 18:26:23.170,0.157828,0.243482,0.067905,-2.355975,1.380222,2.209934,1.451940,-0.000845,0.025267,0.000002,0.012729,0.000666,0.000163,-0.016039
2025-12-16 18:26:23.172,0.157824,0.243507,0.067904,-2.355965,1.380224,2.209933,1.451930,-0.001212,0.026693,-0.000648,0.011830,0.000181,-0.000264,-0.015463
2025-12-16 18:26:23.176,0.157813,0.243617,0.067906,-2.355913,1.380230,2.209930,1.451869,0.000096,0.025067,0.000147,0.013686,0.002885,0.000371,-0.011129
2025-12-16 18:26:23.177,0.157813,0.243642,0.067906,-2.355899,1.380232,2.209933,1.451852,0.001249,0.026109,0.000098,0.011373,0.001475,0.000247,-0.013665
2025-12-16 18:26:23.178,0.157806,0.243670,0.067909,-2.355887,1.380234,2.209934,1.451834,-0.000390,0.025512,0.001179,0.011631,0.006188,0.000165,-0.016195
2025-12-16 18:26:23.180,0.157805,0.243697,0.067906,-2.355877,1.380237,2.209932,1.451815,0.000284,0.024871,-0.000328,0.011595,0.004646,-0.000602,-0.013556
2025-12-16 18:26:23.181,0.157802,0.243726,0.067909,-2.355863,1.380240,2.209931,1.451803,0.000180,0.025129,0.000895,0.011670,0.002809,0.000311,-0.012910
2025-12-16 18:26:23.182,0.157798,0.243751,0.067907,-2.355850,1.380242,2.209930,1.451784,0.000113,0.024071,0.000040,0.011974,0.002505,0.000207,-0.014742
2025-12-16 18:26:23.183,0.157795,0.243778,0.067907,-2.355831,1.380248,2.209933,1.451770,0.000070,0.023630,0.000027,0.013360,0.002568,0.000138,-0.015036
2025-12-16 18:26:23.184,0.157792,0.243809,0.067906,-2.355823,1.380250,2.209934,1.451745,0.000043,0.024724,-0.000539,0.011403,0.005869,0.000092,-0.013509
2025-12-16 18:26:23.186,0.157787,0.243838,0.067903,-2.355808,1.380255,2.209929,1.451734,0.000026,0.027165,-0.000359,0.012328,0.009252,-0.000651,-0.013214
2025-12-16 18:26:23.187,0.157781,0.243866,0.067903,-2.355792,1.380257,2.209928,1.451716,-0.004002,0.026166,-0.000240,0.013403,0.006954,-0.000434,-0.014625
2025-12-16 18:26:23.188,0.157779,0.243895,0.067907,-2.355783,1.380261,2.209930,1.451705,-0.002401,0.028895,0.001511,0.009398,0.005565,0.000423,-0.014307
2025-12-16 18:26:23.189,0.157760,0.244035,0.067908,-2.355716,1.380282,2.209933,1.451613,-0.007460,0.030030,-0.001830,0.015080,0.003002,0.000108,-0.015294
2025-12-16 18:26:23.190,0.157756,0.244063,0.067904,-2.355709,1.380285,2.209933,1.451587,-0.005686,0.027622,-0.002038,0.012276,0.007435,0.000072,-0.018769
2025-12-16 18:26:23.191,0.157751,0.244100,0.067909,-2.355689,1.380287,2.209929,1.451565,-0.004325,0.032569,0.000208,0.011061,0.004919,-0.000291,-0.018228
2025-12-16 18:26:23.192,0.157747,0.244129,0.067905,-2.355679,1.380295,2.209928,1.451551,-0.006748,0.030406,-0.001215,0.010277,0.004718,-0.000194,-0.011792
2025-12-16 18:26:23.193,0.157743,0.244160,0.067906,-2.355666,1.380297,2.209925,1.451532,-0.004531,0.029340,0.000286,0.011036,0.002808,-0.001214,-0.013385
2025-12-16 18:26:23.195,0.157742,0.244194,0.067907,-2.355649,1.380304,2.209927,1.451507,-0.005177,0.029280,0.000108,0.012120,0.002806,-0.000097,-0.016696
2025-12-16 18:26:23.196,0.157738,0.244220,0.067908,-2.355635,1.380307,2.209928,1.451484,-0.004073,0.030002,0.000010,0.014689,0.001385,0.000308,-0.022125
2025-12-16 18:26:23.197,0.157732,0.244251,0.067906,-2.355621,1.380313,2.209925,1.451469,-0.003181,0.028767,-0.000040,0.013776,0.001406,-0.000541,-0.019410
2025-12-16 18:26:23.198,0.157728,0.244281,0.067907,-2.355609,1.380317,2.209928,1.451453,-0.005294,0.030232,0.000495,0.016701,0.001045,0.000386,-0.018244
2025-12-16 18:26:23.199,0.157720,0.244313,0.067908,-2.355598,1.380322,2.209928,1.451427,-0.008178,0.029494,0.000861,0.017706,0.000778,0.000257,-0.020690
2025-12-16 18:26:23.201,0.157712,0.244377,0.067906,-2.355566,1.380332,2.209925,1.451382,-0.007457,0.030138,0.000540,0.016325,0.000545,-0.000383,-0.020697
2025-12-16 18:26:23.202,0.157705,0.244403,0.067909,-2.355547,1.380339,2.209925,1.451367,-0.009114,0.027110,0.001556,0.016642,0.004894,-0.000255,-0.017600
2025-12-16 18:26:23.203,0.157701,0.244438,0.067908,-2.355535,1.380340,2.209923,1.451344,-0.006877,0.029898,0.001586,0.014536,0.003386,-0.000882,-0.018689
2025-12-16 18:26:23.204,0.157697,0.244472,0.067911,-2.355521,1.380346,2.209927,1.451322,-0.004629,0.031786,0.001608,0.013565,0.003223,0.000497,-0.023463
2025-12-16 18:26:23.205,0.157689,0.244504,0.067905,-2.355506,1.380350,2.209923,1.451296,-0.004094,0.029526,-0.000603,0.016034,0.002051,-0.000754,-0.024181
2025-12-16 18:26:23.207,0.157685,0.244540,0.067909,-2.355493,1.380357,2.209925,1.451278,-0.005965,0.032150,0.001265,0.015409,0.002226,0.000210,-0.021236
2025-12-16 18:26:23.208,0.157675,0.244610,0.067906,-2.355458,1.380363,2.209924,1.451238,-0.003232,0.035150,0.000558,0.017480,0.004795,-0.000246,-0.019592
2025-12-16 18:26:23.209,0.157669,0.244642,0.067906,-2.355443,1.380367,2.209926,1.451205,-0.006473,0.031774,0.000371,0.015821,0.003574,-0.000537,-0.022335
2025-12-16 18:26:23.210,0.157667,0.244673,0.067906,-2.355428,1.380369,2.209926,1.451185,-0.003718,0.029471,0.000246,0.014393,0.001988,0.000354,-0.024843
2025-12-16 18:26:23.212,0.157657,0.244742,0.067905,-2.355388,1.380379,2.209925,1.451147,-0.002016,0.032713,0.000541,0.014871,0.000845,-0.000182,-0.021006
2025-12-16 18:26:23.213,0.157649,0.244777,0.067906,-2.355369,1.380382,2.209925,1.451117,-0.002119,0.033738,0.000917,0.014366,0.006036,0.000218,-0.022621
2025-12-16 18:26:23.214,0.157645,0.244816,0.067906,-2.355352,1.380386,2.209925,1.451093,-0.004491,0.035861,0.000611,0.016950,0.004503,0.000145,-0.026044
2025-12-16 18:26:23.215,0.157639,0.244853,0.067904,-2.355331,1.380389,2.209925,1.451078,-0.003406,0.036244,0.000407,0.019683,0.003022,0.000097,-0.022075
2025-12-16 18:26:23.216,0.157634,0.244887,0.067901,-2.355317,1.380393,2.209924,1.451057,-0.002579,0.035592,0.000271,0.017310,0.001945,-0.000275,-0.025630
2025-12-16 18:26:23.218,0.157629,0.244930,0.067900,-2.355298,1.380400,2.209924,1.451030,-0.005498,0.037695,0.000181,0.019013,0.002177,-0.000183,-0.025118
2025-12-16 18:26:23.219,0.157621,0.244970,0.067896,-2.355282,1.380402,2.209923,1.451005,-0.004692,0.038507,-0.000436,0.016554,0.001603,-0.000495,-0.024999
2025-12-16 18:26:23.223,0.157595,0.245160,0.067895,-2.355182,1.380420,2.209923,1.450884,-0.001318,0.031488,0.001135,0.020054,0.000640,0.000004,-0.030406
2025-12-16 18:26:23.224,0.157591,0.245200,0.067892,-2.355160,1.380425,2.209923,1.450862,-0.000962,0.033169,-0.003039,0.018883,0.000454,0.000003,-0.031621
2025-12-16 18:26:23.228,0.157575,0.245309,0.067887,-2.355097,1.380434,2.209920,1.450790,-0.000627,0.035334,-0.001110,0.021492,0.003819,-0.000621,-0.031716
2025-12-16 18:26:23.229,0.157570,0.245390,0.067882,-2.355054,1.380444,2.209918,1.450742,-0.003416,0.035997,-0.001764,0.023065,0.002362,-0.000400,-0.024960
2025-12-16 18:26:23.230,0.157563,0.245435,0.067880,-2.355035,1.380445,2.209919,1.450721,-0.006590,0.037325,-0.001238,0.019989,0.001410,0.000479,-0.022008
2025-12-16 18:26:23.231,0.157555,0.245470,0.067879,-2.355012,1.380449,2.209922,1.450689,-0.009482,0.035911,-0.000872,0.021312,0.006085,0.000319,-0.023794
2025-12-16 18:26:23.233,0.157550,0.245509,0.067875,-2.354987,1.380448,2.209920,1.450665,-0.011028,0.039003,-0.004412,0.020415,0.003866,0.000213,-0.022431
2025-12-16 18:26:23.234,0.157544,0.245595,0.067871,-2.354943,1.380457,2.209919,1.450620,-0.006424,0.041144,-0.005733,0.018356,0.008041,-0.000143,-0.018554
2025-12-16 18:26:23.235,0.157539,0.245633,0.067869,-2.354923,1.380459,2.209917,1.450595,-0.005284,0.038847,-0.004247,0.015930,0.005314,-0.000468,-0.020174
2025-12-16 18:26:23.236,0.157537,0.245677,0.067864,-2.354899,1.380463,2.209920,1.450568,-0.003299,0.038971,-0.003706,0.016242,0.003991,0.000434,-0.024966
2025-12-16 18:26:23.238,0.157525,0.245764,0.067859,-2.354855,1.380472,2.209917,1.450524,-0.006271,0.041316,-0.003800,0.017258,0.006733,-0.000666,-0.023654
2025-12-16 18:26:23.239,0.157521,0.245808,0.067858,-2.354835,1.380473,2.209921,1.450497,-0.004607,0.040928,-0.002216,0.016205,0.009773,0.000641,-0.023593
2025-12-16 18:26:23.240,0.157521,0.245844,0.067855,-2.354810,1.380476,2.209917,1.450476,-0.002185,0.038114,-0.001726,0.019933,0.007011,-0.000658,-0.021590
2025-12-16 18:26:23.241,0.157517,0.245889,0.067850,-2.354791,1.380482,2.209919,1.450444,-0.005718,0.042271,-0.001987,0.016936,0.005639,-0.000066,-0.023607
2025-12-16 18:26:23.242,0.157513,0.245929,0.067847,-2.354763,1.380483,2.209919,1.450420,-0.007188,0.040121,-0.001465,0.020505,0.003245,-0.000044,-0.022236
2025-12-16 18:26:23.243,0.157509,0.245969,0.067842,-2.354744,1.380492,2.209919,1.450399,-0.005432,0.041030,-0.004788,0.016911,0.003838,-0.000029,-0.019480
2025-12-16 18:26:23.244,0.157507,0.246013,0.067842,-2.354720,1.380495,2.209917,1.450376,-0.003545,0.044042,-0.004916,0.016304,0.002144,-0.000392,-0.023297
2025-12-16 18:26:23.246,0.157496,0.246100,0.067834,-2.354675,1.380505,2.209914,1.450322,-0.004866,0.044112,-0.005099,0.017469,0.001460,-0.000174,-0.027287
2025-12-16 18:26:23.249,0.157487,0.246229,0.067825,-2.354607,1.380524,2.209913,1.450244,-0.001320,0.046131,-0.003402,0.016917,0.004249,-0.000300,-0.022591
2025-12-16 18:26:23.250,0.157483,0.246274,0.067822,-2.354582,1.380529,2.209915,1.450215,-0.000500,0.043984,-0.002671,0.022370,0.003174,-0.000200,-0.027777
2025-12-16 18:26:23.251,0.157473,0.246319,0.067820,-2.354560,1.380534,2.209913,1.450197,-0.005137,0.045123,-0.001526,0.022580,0.002372,-0.000133,-0.023201
2025-12-16 18:26:23.253,0.157469,0.246402,0.067814,-2.354509,1.380547,2.209913,1.450145,-0.001472,0.042963,-0.004149,0.022463,0.006150,0.000189,-0.025010
2025-12-16 18:26:23.254,0.157463,0.246452,0.067808,-2.354492,1.380550,2.209909,1.450114,-0.001756,0.042717,-0.004919,0.021348,0.003617,-0.000959,-0.025641
2025-12-16 18:26:23.255,0.157458,0.246495,0.067809,-2.354460,1.380557,2.209911,1.450091,-0.004784,0.043803,-0.002366,0.024254,0.003431,-0.000266,-0.023405
2025-12-16 18:26:23.256,0.157455,0.246539,0.067807,-2.354439,1.380563,2.209912,1.450070,-0.006486,0.044286,-0.001240,0.023339,0.002908,0.000162,-0.021203
2025-12-16 18:26:23.257,0.157446,0.246590,0.067810,-2.354414,1.380567,2.209911,1.450050,-0.006032,0.048200,0.000216,0.023616,0.001811,-0.000231,-0.019168
2025-12-16 18:26:23.258,0.157444,0.246637,0.067800,-2.354387,1.380577,2.209909,1.450019,-0.006816,0.045275,-0.002393,0.024391,0.006860,-0.000527,-0.021718
2025-12-16 18:26:23.260,0.157437,0.246683,0.067805,-2.354362,1.380583,2.209912,1.449992,-0.008638,0.043140,0.000076,0.027917,0.009768,0.000361,-0.021051
2025-12-16 18:26:23.261,0.157435,0.246728,0.067804,-2.354336,1.380588,2.209911,1.449970,-0.005959,0.041364,0.000631,0.027485,0.011882,-0.000099,-0.020396
2025-12-16 18:26:23.262,0.157420,0.246821,0.067799,-2.354283,1.380595,2.209911,1.449924,-0.009704,0.040425,-0.002404,0.027282,0.005973,-0.004587,-0.026409
2025-12-16 18:26:23.263,0.157415,0.246866,0.067796,-2.354257,1.380601,2.209909,1.449893,-0.010096,0.041981,-0.001829,0.025816,0.004865,-0.003820,-0.026668
2025-12-16 18:26:23.264,0.157409,0.246910,0.067799,-2.354231,1.380608,2.209909,1.449868,-0.007635,0.043325,-0.000183,0.025692,0.004296,-0.002838,-0.024932
2025-12-16 18:26:23.265,0.157404,0.246956,0.067798,-2.354207,1.380613,2.209906,1.449845,-0.005212,0.042454,0.000308,0.028312,0.003170,-0.002111,-0.021999
2025-12-16 18:26:23.266,0.157398,0.247005,0.067795,-2.354176,1.380618,2.209905,1.449825,-0.007415,0.044852,0.000110,0.028733,0.007493,-0.001571,-0.019809
2025-12-16 18:26:23.268,0.157386,0.247098,0.067789,-2.354124,1.380626,2.209901,1.449770,-0.003499,0.046641,-0.003144,0.029235,0.008317,-0.001720,-0.024932
2025-12-16 18:26:23.269,0.157379,0.247147,0.067792,-2.354098,1.380629,2.209903,1.449747,-0.005526,0.047456,-0.000569,0.027441,0.006564,-0.000843,-0.022999
2025-12-16 18:26:23.270,0.157369,0.247191,0.067789,-2.354073,1.380631,2.209904,1.449724,-0.004254,0.047201,-0.000556,0.026551,0.004607,-0.000275,-0.025190
2025-12-16 18:26:23.271,0.157364,0.247240,0.067792,-2.354045,1.380637,2.209901,1.449695,-0.006220,0.048446,0.000610,0.026879,0.003778,-0.000934,-0.028756
2025-12-16 18:26:23.273,0.157353,0.247291,0.067791,-2.354016,1.380642,2.209902,1.449667,-0.008691,0.049803,0.000957,0.030085,0.002820,-0.000279,-0.027011
2025-12-16 18:26:23.274,0.157349,0.247343,0.067787,-2.353990,1.380646,2.209902,1.449636,-0.008876,0.049934,-0.000643,0.028854,0.002106,-0.000208,-0.025993
2025-12-16 18:26:23.275,0.157333,0.247439,0.067787,-2.353938,1.380652,2.209899,1.449593,-0.011007,0.050059,0.000656,0.027186,0.000871,-0.000116,-0.025026
2025-12-16 18:26:23.276,0.157330,0.247483,0.067783,-2.353911,1.380653,2.209897,1.449564,-0.007110,0.048539,-0.000801,0.026691,0.000981,-0.000459,-0.025091
2025-12-16 18:26:23.278,0.157314,0.247577,0.067785,-2.353859,1.380660,2.209894,1.449506,-0.005221,0.046385,0.000415,0.025609,0.000334,-0.000711,-0.025700
2025-12-16 18:26:23.279,0.157307,0.247626,0.067782,-2.353831,1.380666,2.209894,1.449480,-0.003894,0.047315,-0.000386,0.025579,0.000568,-0.000478,-0.022882
2025-12-16 18:26:23.281,0.157299,0.247677,0.067781,-2.353799,1.380666,2.209895,1.449450,-0.003462,0.045919,0.000382,0.027878,0.000104,-0.003902,-0.026937
2025-12-16 18:26:23.283,0.157282,0.247819,0.067776,-2.353725,1.380676,2.209894,1.449359,-0.006698,0.047517,-0.002809,0.025844,0.003407,-0.001666,-0.031237
2025-12-16 18:26:23.284,0.157274,0.247871,0.067775,-2.353700,1.380679,2.209892,1.449333,-0.006183,0.048711,-0.002077,0.025694,0.002573,-0.001650,-0.032313
2025-12-16 18:26:23.285,0.157268,0.247910,0.067770,-2.353675,1.380684,2.209892,1.449296,-0.004017,0.045791,-0.005782,0.027244,0.001942,-0.001225,-0.030451
2025-12-16 18:26:23.287,0.157265,0.247962,0.067774,-2.353642,1.380686,2.209890,1.449262,-0.002461,0.044214,-0.002467,0.029192,0.001770,-0.001656,-0.033640
2025-12-16 18:26:23.288,0.157251,0.248061,0.067764,-2.353593,1.380693,2.209894,1.449209,-0.001671,0.049229,-0.005825,0.027423,0.000662,0.000374,-0.033642
2025-12-16 18:26:23.289,0.157244,0.248106,0.067764,-2.353568,1.380699,2.209893,1.449178,-0.001814,0.047454,-0.003748,0.029313,0.000818,-0.000129,-0.030383
2025-12-16 18:26:23.290,0.157238,0.248157,0.067764,-2.353538,1.380698,2.209891,1.449139,-0.004798,0.048566,-0.002258,0.029403,-0.000384,-0.000862,-0.034518
2025-12-16 18:26:23.292,0.157232,0.248207,0.067763,-2.353514,1.380702,2.209893,1.449111,-0.003569,0.048608,-0.001093,0.027509,0.000123,0.000149,-0.033261
2025-12-16 18:26:23.293,0.157227,0.248258,0.067758,-2.353490,1.380709,2.209890,1.449078,-0.005540,0.051638,-0.004702,0.026383,0.000757,-0.001036,-0.034476
2025-12-16 18:26:23.294,0.157219,0.248310,0.067752,-2.353464,1.380713,2.209886,1.449046,-0.004745,0.049372,-0.006677,0.026110,0.000527,-0.000703,-0.034590
2025-12-16 18:26:23.296,0.157217,0.248357,0.067750,-2.353439,1.380716,2.209886,1.449014,-0.002328,0.048894,-0.007507,0.025712,-0.000276,-0.000105,-0.036327
2025-12-16 18:26:23.297,0.157206,0.248450,0.067739,-2.353384,1.380726,2.209887,1.448944,-0.001027,0.049289,-0.008029,0.026457,0.000009,0.000316,-0.029707
2025-12-16 18:26:23.298,0.157200,0.248500,0.067739,-2.353359,1.380733,2.209886,1.448918,-0.000285,0.049025,-0.004786,0.023076,0.000657,-0.000166,-0.029157
2025-12-16 18:26:23.299,0.157189,0.248548,0.067735,-2.353331,1.380735,2.209888,1.448881,-0.004889,0.049603,-0.003114,0.023957,-0.000201,0.000632,-0.032497
2025-12-16 18:26:23.300,0.157182,0.248642,0.067725,-2.353284,1.380744,2.209886,1.448811,-0.001706,0.048347,-0.004871,0.026925,-0.000423,-0.000344,-0.028008
2025-12-16 18:26:23.302,0.157176,0.248685,0.067721,-2.353259,1.380750,2.209885,1.448785,-0.004801,0.043658,-0.006211,0.026223,0.000060,-0.000603,-0.028152
2025-12-16 18:26:23.303,0.157165,0.248785,0.067713,-2.353207,1.380760,2.209883,1.448717,-0.002391,0.047472,-0.006392,0.026279,0.000255,0.000217,-0.028425
2025-12-16 18:26:23.304,0.157164,0.248831,0.067707,-2.353183,1.380767,2.209881,1.448684,-0.000081,0.044069,-0.004867,0.025357,0.004534,-0.000229,-0.031773
2025-12-16 18:26:23.305,0.157154,0.248881,0.067705,-2.353158,1.380774,2.209880,1.448651,-0.004878,0.045053,-0.006287,0.025772,0.003755,-0.000153,-0.033110
2025-12-16 18:26:23.306,0.157152,0.248931,0.067696,-2.353134,1.380779,2.209880,1.448625,-0.003028,0.046689,-0.009081,0.021096,0.002798,-0.000102,-0.031694
2025-12-16 18:26:23.307,0.157148,0.248976,0.067693,-2.353110,1.380784,2.209880,1.448593,-0.001782,0.045988,-0.006213,0.021672,0.002086,-0.000069,-0.029458
2025-12-16 18:26:23.309,0.157140,0.249026,0.067692,-2.353083,1.380792,2.209877,1.448556,-0.001985,0.047462,-0.004123,0.023798,0.006220,-0.000046,-0.027163
2025-12-16 18:26:23.310,0.157131,0.249125,0.067682,-2.353037,1.380803,2.209875,1.448488,-0.001137,0.047452,-0.005742,0.024567,0.003604,0.000092,-0.031295
2025-12-16 18:26:23.311,0.157122,0.249181,0.067677,-2.353012,1.380809,2.209873,1.448456,-0.004969,0.047237,-0.004874,0.021837,0.006833,-0.000650,-0.032449
2025-12-16 18:26:23.315,0.157103,0.249316,0.067664,-2.352933,1.380828,2.209872,1.448349,-0.003279,0.042371,-0.008307,0.023521,0.009937,0.000312,-0.032275
2025-12-16 18:26:23.317,0.157087,0.249471,0.067655,-2.352860,1.380850,2.209871,1.448240,-0.007180,0.048043,-0.006464,0.024744,0.004690,-0.000073,-0.036287
2025-12-16 18:26:23.318,0.157079,0.249517,0.067649,-2.352833,1.380855,2.209872,1.448200,-0.006566,0.047928,-0.005970,0.022158,0.003499,0.000324,-0.038630
2025-12-16 18:26:23.319,0.157074,0.249566,0.067648,-2.352810,1.380861,2.209871,1.448171,-0.004807,0.047579,-0.006828,0.022880,0.001934,-0.000157,-0.036415
2025-12-16 18:26:23.320,0.157070,0.249617,0.067644,-2.352783,1.380869,2.209872,1.448140,-0.006314,0.048596,-0.005070,0.024013,0.006884,0.000268,-0.035756
2025-12-16 18:26:23.323,0.157046,0.249771,0.067638,-2.352709,1.380892,2.209868,1.448035,-0.011892,0.053064,-0.001728,0.023663,0.002641,-0.000045,-0.035894
2025-12-16 18:26:23.325,0.157032,0.249870,0.067632,-2.352663,1.380911,2.209868,1.447966,-0.012602,0.052552,-0.001000,0.020613,0.005222,0.000104,-0.032681
2025-12-16 18:26:23.326,0.157026,0.249924,0.067627,-2.352638,1.380918,2.209866,1.447923,-0.012854,0.053590,-0.001409,0.022022,0.004251,-0.000676,-0.036089
2025-12-16 18:26:23.327,0.157021,0.249974,0.067622,-2.352609,1.380925,2.209866,1.447893,-0.012515,0.052598,-0.001565,0.024026,0.007525,-0.000451,-0.034466
2025-12-16 18:26:23.328,0.157017,0.250029,0.067620,-2.352585,1.380931,2.209865,1.447858,-0.012303,0.053124,-0.000539,0.020080,0.005651,-0.000640,-0.029872
2025-12-16 18:26:23.329,0.157006,0.250075,0.067621,-2.352562,1.380939,2.209864,1.447826,-0.009847,0.051440,0.000808,0.017750,0.003904,-0.004398,-0.031107
2025-12-16 18:26:23.331,0.156995,0.250175,0.067613,-2.352515,1.380955,2.209863,1.447749,-0.008849,0.051391,-0.000053,0.020052,0.002919,-0.002632,-0.036570
2025-12-16 18:26:23.333,0.156979,0.250274,0.067605,-2.352458,1.380970,2.209861,1.447686,-0.004993,0.053227,-0.000294,0.025018,0.006582,-0.001730,-0.034527
2025-12-16 18:26:23.334,0.156969,0.250324,0.067607,-2.352441,1.380977,2.209861,1.447654,-0.008253,0.052662,0.001001,0.020747,0.005231,-0.001277,-0.036068
2025-12-16 18:26:23.335,0.156958,0.250378,0.067603,-2.352419,1.380981,2.209859,1.447614,-0.006750,0.053202,0.000104,0.021246,0.003221,-0.000571,-0.034305
2025-12-16 18:26:23.336,0.156955,0.250425,0.067598,-2.352390,1.380988,2.209858,1.447579,-0.007208,0.051152,-0.003740,0.024086,0.002092,-0.001535,-0.035306
2025-12-16 18:26:23.341,0.156916,0.250670,0.067591,-2.352277,1.381022,2.209851,1.447421,-0.008676,0.049116,-0.000947,0.023725,0.007178,-0.002969,-0.029062
2025-12-16 18:26:23.342,0.156908,0.250723,0.067587,-2.352253,1.381028,2.209851,1.447394,-0.006561,0.051149,-0.001335,0.021502,0.005420,-0.001870,-0.029988
2025-12-16 18:26:23.343,0.156898,0.250771,0.067587,-2.352234,1.381036,2.209847,1.447362,-0.008996,0.050561,-0.000443,0.018744,0.008788,-0.002877,-0.032099
2025-12-16 18:26:23.345,0.156887,0.250865,0.067584,-2.352195,1.381051,2.209846,1.447289,-0.007139,0.049709,0.000243,0.021898,0.010020,-0.000965,-0.036712
2025-12-16 18:26:23.346,0.156878,0.250912,0.067579,-2.352173,1.381057,2.209846,1.447261,-0.009473,0.049275,-0.000441,0.023740,0.007494,-0.000343,-0.034957
2025-12-16 18:26:23.347,0.156873,0.250963,0.067577,-2.352157,1.381066,2.209849,1.447232,-0.010063,0.050524,0.000228,0.022070,0.010704,-0.000283,-0.034177
2025-12-16 18:26:23.349,0.156856,0.251054,0.067573,-2.352114,1.381078,2.209845,1.447153,-0.012163,0.049167,-0.003272,0.024400,0.013305,-0.000308,-0.038366
2025-12-16 18:26:23.351,0.156845,0.251152,0.067569,-2.352075,1.381093,2.209843,1.447087,-0.008589,0.049911,-0.004187,0.021847,0.007679,-0.005253,-0.039284
2025-12-16 18:26:23.353,0.156828,0.251242,0.067561,-2.352040,1.381113,2.209838,1.447012,-0.008684,0.045199,-0.005542,0.017405,0.009725,-0.003406,-0.039234
2025-12-16 18:26:23.354,0.156824,0.251290,0.067559,-2.352021,1.381121,2.209839,1.446970,-0.009358,0.046543,-0.003568,0.016357,0.006906,-0.002126,-0.040814
2025-12-16 18:26:23.357,0.156805,0.251433,0.067551,-2.351962,1.381144,2.209835,1.446866,-0.005518,0.050085,-0.002350,0.020693,0.011560,-0.005696,-0.035058
2025-12-16 18:26:23.358,0.156798,0.251479,0.067545,-2.351948,1.381152,2.209834,1.446825,-0.007079,0.045988,-0.002520,0.020532,0.013037,-0.004256,-0.037867
2025-12-16 18:26:23.360,0.156788,0.251574,0.067534,-2.351912,1.381167,2.209832,1.446759,-0.002324,0.048704,-0.004696,0.020245,0.010861,-0.002967,-0.032375
2025-12-16 18:26:23.361,0.156780,0.251616,0.067529,-2.351893,1.381176,2.209827,1.446724,-0.005404,0.043916,-0.006152,0.021253,0.008145,-0.002545,-0.028332
2025-12-16 18:26:23.362,0.156770,0.251659,0.067526,-2.351881,1.381185,2.209826,1.446686,-0.004730,0.045595,-0.006610,0.017194,0.010776,-0.001842,-0.031782
2025-12-16 18:26:23.365,0.156752,0.251794,0.067509,-2.351827,1.381205,2.209823,1.446579,-0.004789,0.044653,-0.007084,0.020968,0.007563,-0.000295,-0.029643
2025-12-16 18:26:23.366,0.156749,0.251842,0.067506,-2.351812,1.381214,2.209821,1.446537,-0.005935,0.043800,-0.004806,0.021468,0.006054,-0.000616,-0.033598
2025-12-16 18:26:23.367,0.156741,0.251881,0.067499,-2.351789,1.381221,2.209820,1.446498,-0.008614,0.044241,-0.007357,0.021280,0.008557,-0.000818,-0.035959
2025-12-16 18:26:23.368,0.156734,0.251929,0.067496,-2.351779,1.381231,2.209818,1.446461,-0.009965,0.046470,-0.008129,0.017707,0.011199,-0.000198,-0.036137
2025-12-16 18:26:23.370,0.156719,0.252011,0.067485,-2.351746,1.381249,2.209811,1.446397,-0.008480,0.043679,-0.005016,0.018537,0.006353,-0.000251,-0.029879
2025-12-16 18:26:23.372,0.156715,0.252053,0.067482,-2.351732,1.381257,2.209808,1.446355,-0.009836,0.041557,-0.003753,0.016597,0.009832,0.000195,-0.034480
2025-12-16 18:26:23.373,0.156700,0.252141,0.067472,-2.351700,1.381275,2.209804,1.446287,-0.009932,0.042874,-0.005853,0.017133,0.010202,0.000685,-0.034600
2025-12-16 18:26:23.374,0.156696,0.252181,0.067468,-2.351684,1.381287,2.209804,1.446257,-0.007370,0.043345,-0.007417,0.015905,0.013326,0.000791,-0.033909
2025-12-16 18:26:23.375,0.156688,0.252225,0.067466,-2.351666,1.381293,2.209799,1.446222,-0.006032,0.042048,-0.006041,0.015534,0.009568,-0.000188,-0.035328
2025-12-16 18:26:23.376,0.156681,0.252270,0.067461,-2.351656,1.381303,2.209795,1.446186,-0.005649,0.044351,-0.008152,0.013205,0.012654,0.000245,-0.036765
2025-12-16 18:26:23.377,0.156675,0.252310,0.067458,-2.351639,1.381309,2.209794,1.446145,-0.004082,0.041502,-0.006001,0.014467,0.013137,0.000161,-0.033832
2025-12-16 18:26:23.379,0.156669,0.252356,0.067450,-2.351624,1.381319,2.209792,1.446117,-0.006489,0.041852,-0.006189,0.017081,0.014592,0.000818,-0.032509
2025-12-16 18:26:23.380,0.156661,0.252394,0.067449,-2.351614,1.381328,2.209790,1.446084,-0.008813,0.039630,-0.003888,0.014872,0.015662,0.000171,-0.033628
2025-12-16 18:26:23.381,0.156650,0.252477,0.067442,-2.351588,1.381343,2.209784,1.446005,-0.006884,0.039200,-0.003664,0.013667,0.012516,-0.004112,-0.038147
2025-12-16 18:26:23.382,0.156644,0.252519,0.067436,-2.351573,1.381353,2.209785,1.445971,-0.008599,0.041437,-0.003329,0.014180,0.014214,-0.002430,-0.036877
2025-12-16 18:26:23.383,0.156637,0.252562,0.067432,-2.351561,1.381362,2.209778,1.445939,-0.006453,0.040762,-0.001909,0.012797,0.015326,-0.003006,-0.035263
2025-12-16 18:26:23.384,0.156630,0.252602,0.067424,-2.351546,1.381371,2.209775,1.445899,-0.007742,0.042536,-0.005165,0.013300,0.015976,-0.002603,-0.036458
2025-12-16 18:26:23.385,0.156620,0.252644,0.067420,-2.351533,1.381378,2.209774,1.445853,-0.010518,0.041337,-0.006409,0.013040,0.012348,-0.002244,-0.044022
2025-12-16 18:26:23.387,0.156620,0.252684,0.067415,-2.351520,1.381387,2.209771,1.445817,-0.005507,0.039581,-0.007324,0.012822,0.009556,-0.001623,-0.041395
2025-12-16 18:26:23.388,0.156610,0.252723,0.067411,-2.351506,1.381398,2.209770,1.445785,-0.008276,0.038334,-0.008151,0.015654,0.012173,-0.001177,-0.042932
2025-12-16 18:26:23.389,0.156596,0.252805,0.067400,-2.351481,1.381416,2.209762,1.445702,-0.004734,0.037622,-0.007124,0.013434,0.006438,-0.000737,-0.046546
2025-12-16 18:26:23.390,0.156591,0.252850,0.067397,-2.351464,1.381422,2.209759,1.445664,-0.005896,0.041423,-0.007392,0.014455,0.004835,-0.000905,-0.044305
2025-12-16 18:26:23.391,0.156582,0.252889,0.067389,-2.351447,1.381431,2.209755,1.445632,-0.008590,0.039788,-0.009427,0.017683,0.008333,-0.000633,-0.040427
2025-12-16 18:26:23.392,0.156577,0.252933,0.067384,-2.351435,1.381437,2.209750,1.445594,-0.008802,0.039880,-0.010285,0.015931,0.010964,-0.000818,-0.039853
2025-12-16 18:26:23.393,0.156575,0.252974,0.067382,-2.351422,1.381447,2.209751,1.445552,-0.004949,0.039685,-0.009770,0.014111,0.008903,-0.004465,-0.035727
2025-12-16 18:26:23.394,0.156564,0.253009,0.067378,-2.351410,1.381455,2.209746,1.445508,-0.004489,0.037276,-0.006800,0.013366,0.010886,-0.003750,-0.042783
2025-12-16 18:26:23.395,0.156556,0.253054,0.067373,-2.351394,1.381460,2.209742,1.445480,-0.007545,0.038265,-0.004679,0.014371,0.007816,-0.002427,-0.039132
2025-12-16 18:26:23.397,0.156544,0.253139,0.067359,-2.351368,1.381477,2.209735,1.445403,-0.009966,0.038408,-0.004960,0.012584,0.008824,-0.001646,-0.038753
2025-12-16 18:26:23.398,0.156538,0.253181,0.067357,-2.351354,1.381488,2.209730,1.445361,-0.010994,0.040708,-0.003047,0.012756,0.006959,-0.001597,-0.041022
2025-12-16 18:26:23.399,0.156528,0.253224,0.067355,-2.351341,1.381495,2.209725,1.445331,-0.012942,0.041085,-0.001696,0.012312,0.009298,-0.001499,-0.037380
2025-12-16 18:26:23.400,0.156521,0.253262,0.067349,-2.351329,1.381503,2.209720,1.445294,-0.013056,0.039123,-0.005567,0.012022,0.007365,-0.005745,-0.037169
2025-12-16 18:26:23.402,0.156508,0.253343,0.067347,-2.351301,1.381522,2.209716,1.445216,-0.010813,0.037597,-0.002653,0.012572,0.013091,-0.006326,-0.039537
2025-12-16 18:26:23.403,0.156497,0.253386,0.067344,-2.351289,1.381531,2.209714,1.445185,-0.013199,0.038307,-0.002544,0.012519,0.009419,-0.004046,-0.037882
2025-12-16 18:26:23.404,0.156494,0.253425,0.067336,-2.351274,1.381538,2.209708,1.445152,-0.012080,0.037195,-0.003066,0.013216,0.011122,-0.003814,-0.037330
2025-12-16 18:26:23.405,0.156488,0.253463,0.067333,-2.351256,1.381549,2.209705,1.445117,-0.012490,0.032956,-0.002723,0.014696,0.008726,-0.003220,-0.037083
2025-12-16 18:26:23.406,0.156480,0.253506,0.067332,-2.351243,1.381559,2.209706,1.445078,-0.013328,0.035362,-0.001351,0.010851,0.011207,-0.006642,-0.038700
2025-12-16 18:26:23.407,0.156475,0.253549,0.067331,-2.351231,1.381569,2.209705,1.445041,-0.013406,0.036274,-0.000413,0.011743,0.008712,-0.004274,-0.034734
2025-12-16 18:26:23.409,0.156455,0.253626,0.067324,-2.351210,1.381585,2.209699,1.444976,-0.015105,0.032538,-0.003355,0.010582,0.008396,-0.002718,-0.030010
2025-12-16 18:26:23.410,0.156452,0.253666,0.067321,-2.351197,1.381594,2.209697,1.444942,-0.013431,0.034399,-0.001905,0.011282,0.010996,-0.002420,-0.032152
2025-12-16 18:26:23.411,0.156442,0.253704,0.067317,-2.351183,1.381605,2.209696,1.444900,-0.010726,0.034117,-0.001996,0.011860,0.013591,-0.001790,-0.035502
2025-12-16 18:26:23.412,0.156437,0.253745,0.067315,-2.351166,1.381610,2.209696,1.444865,-0.007342,0.035023,-0.001458,0.010081,0.009793,-0.001326,-0.035899
2025-12-16 18:26:23.413,0.156430,0.253780,0.067311,-2.351156,1.381617,2.209696,1.444830,-0.008974,0.034555,-0.004212,0.010503,0.011699,-0.000983,-0.035666
2025-12-16 18:26:23.414,0.156422,0.253825,0.067310,-2.351143,1.381628,2.209697,1.444800,-0.007393,0.039094,-0.002584,0.010264,0.009133,-0.000357,-0.034916
2025-12-16 18:26:23.415,0.156415,0.253865,0.067306,-2.351126,1.381636,2.209695,1.444761,-0.005499,0.038795,-0.004558,0.015026,0.006496,-0.001040,-0.036317
2025-12-16 18:26:23.417,0.156407,0.253901,0.067299,-2.351117,1.381641,2.209693,1.444722,-0.007578,0.036807,-0.004602,0.013112,0.004246,-0.001447,-0.037872
2025-12-16 18:26:23.418,0.156391,0.253985,0.067299,-2.351091,1.381658,2.209691,1.444652,-0.008028,0.043631,-0.004157,0.010336,0.007185,-0.000337,-0.036070
2025-12-16 18:26:23.421,0.156374,0.254102,0.067288,-2.351058,1.381683,2.209690,1.444529,-0.003296,0.040271,-0.002160,0.009665,0.010171,-0.000488,-0.039712
2025-12-16 18:26:23.422,0.156366,0.254142,0.067281,-2.351045,1.381695,2.209691,1.444495,-0.003019,0.039989,-0.002837,0.011190,0.013018,0.000040,-0.037602
2025-12-16 18:26:23.423,0.156358,0.254179,0.067283,-2.351033,1.381703,2.209690,1.444467,-0.002769,0.038712,-0.000271,0.011652,0.009392,-0.000352,-0.030717
2025-12-16 18:26:23.424,0.156354,0.254214,0.067277,-2.351026,1.381709,2.209690,1.444427,-0.004254,0.037253,-0.002051,0.009991,0.006745,-0.004877,-0.033318
2025-12-16 18:26:23.426,0.156346,0.254258,0.067277,-2.351012,1.381717,2.209689,1.444386,-0.003786,0.038258,-0.002832,0.011246,0.005089,-0.003980,-0.030828
2025-12-16 18:26:23.427,0.156335,0.254334,0.067267,-2.350987,1.381736,2.209693,1.444318,-0.004121,0.039712,-0.005666,0.009567,0.011769,-0.001211,-0.032141
2025-12-16 18:26:23.428,0.156327,0.254372,0.067266,-2.350977,1.381745,2.209686,1.444278,-0.003685,0.039216,-0.006099,0.010235,0.012807,-0.002057,-0.034691
2025-12-16 18:26:23.431,0.156311,0.254490,0.067257,-2.350940,1.381770,2.209685,1.444169,0.000365,0.037698,-0.004233,0.009315,0.011385,-0.000871,-0.036568
2025-12-16 18:26:23.432,0.156302,0.254530,0.067254,-2.350931,1.381779,2.209685,1.444133,-0.003805,0.038210,-0.006349,0.006480,0.008563,-0.000632,-0.031831
2025-12-16 18:26:23.434,0.156291,0.254605,0.067247,-2.350904,1.381795,2.209686,1.444056,-0.004763,0.040741,-0.002944,0.007810,0.004738,0.000003,-0.036825
2025-12-16 18:26:23.435,0.156280,0.254642,0.067242,-2.350895,1.381804,2.209684,1.444025,-0.007695,0.039363,-0.006066,0.005205,0.003875,-0.000359,-0.035068
2025-12-16 18:26:23.436,0.156274,0.254680,0.067240,-2.350880,1.381813,2.209684,1.443990,-0.004679,0.041877,-0.006476,0.011123,0.007292,-0.000256,-0.035721
2025-12-16 18:26:23.437,0.156268,0.254722,0.067239,-2.350871,1.381823,2.209682,1.443961,-0.006343,0.041979,-0.003742,0.010953,0.005790,-0.000929,-0.034705
2025-12-16 18:26:23.438,0.156259,0.254759,0.067236,-2.350859,1.381832,2.209683,1.443924,-0.004883,0.036936,-0.002968,0.014542,0.004022,-0.000256,-0.036705
2025-12-16 18:26:23.441,0.156240,0.254876,0.067227,-2.350828,1.381857,2.209683,1.443820,-0.004840,0.035408,-0.002317,0.010268,0.001810,-0.000003,-0.034791
2025-12-16 18:26:23.442,0.156231,0.254911,0.067219,-2.350818,1.381867,2.209684,1.443787,-0.004279,0.035349,-0.005580,0.010880,0.006340,0.000368,-0.035264
2025-12-16 18:26:23.444,0.156220,0.254986,0.067216,-2.350802,1.381884,2.209680,1.443713,-0.005238,0.039797,-0.002986,0.011104,0.008922,0.000160,-0.033992
2025-12-16 18:26:23.445,0.156215,0.255025,0.067213,-2.350790,1.381887,2.209677,1.443681,-0.003360,0.036631,-0.001708,0.011380,0.005614,-0.000640,-0.033455
2025-12-16 18:26:23.449,0.156190,0.255175,0.067199,-2.350745,1.381921,2.209677,1.443533,-0.006479,0.037534,-0.002816,0.016207,0.009649,-0.000059,-0.037750
2025-12-16 18:26:23.450,0.156187,0.255207,0.067197,-2.350738,1.381926,2.209677,1.443502,-0.004221,0.035546,-0.005829,0.014003,0.006866,-0.000039,-0.035653
2025-12-16 18:26:23.451,0.156180,0.255245,0.067192,-2.350730,1.381933,2.209675,1.443461,-0.004434,0.036695,-0.004897,0.012969,0.009685,0.000346,-0.037257
2025-12-16 18:26:23.455,0.156156,0.255394,0.067178,-2.350687,1.381968,2.209674,1.443309,-0.005248,0.036366,-0.001619,0.013515,0.011799,0.000123,-0.033592
2025-12-16 18:26:23.456,0.156152,0.255426,0.067175,-2.350679,1.381978,2.209672,1.443277,-0.003812,0.035076,-0.001187,0.009532,0.013518,-0.000664,-0.033728
2025-12-16 18:26:23.459,0.156136,0.255533,0.067162,-2.350652,1.382001,2.209670,1.443163,-0.002690,0.033671,-0.001464,0.007703,0.007619,0.000715,-0.036211
2025-12-16 18:26:23.460,0.156131,0.255572,0.067160,-2.350640,1.382012,2.209668,1.443131,-0.005371,0.032006,-0.000453,0.009426,0.011076,-0.000269,-0.035856
2025-12-16 18:26:23.461,0.156126,0.255607,0.067154,-2.350631,1.382021,2.209670,1.443094,-0.003388,0.033879,-0.001441,0.007610,0.012900,0.000566,-0.037037
2025-12-16 18:26:23.463,0.156121,0.255642,0.067149,-2.350624,1.382027,2.209669,1.443053,-0.003089,0.034306,-0.001630,0.008146,0.009664,0.000005,-0.039870
2025-12-16 18:26:23.464,0.156115,0.255679,0.067147,-2.350616,1.382035,2.209666,1.443028,-0.002821,0.035685,-0.000451,0.008826,0.006901,0.000003,-0.031416
2025-12-16 18:26:23.465,0.156105,0.255744,0.067144,-2.350601,1.382053,2.209664,1.442959,-0.004752,0.033648,0.000898,0.010090,0.003915,-0.000123,-0.034078
2025-12-16 18:26:23.467,0.156094,0.255815,0.067135,-2.350584,1.382072,2.209664,1.442887,-0.005069,0.032846,-0.006063,0.010961,0.010225,-0.000055,-0.031536
2025-12-16 18:26:23.468,0.156089,0.255848,0.067133,-2.350574,1.382078,2.209666,1.442852,-0.003808,0.031378,-0.007094,0.011950,0.007387,0.000676,-0.028750
2025-12-16 18:26:23.469,0.156085,0.255882,0.067128,-2.350566,1.382088,2.209662,1.442821,-0.005781,0.033466,-0.009048,0.012796,0.006226,-0.001008,-0.029175
2025-12-16 18:26:23.470,0.156080,0.255913,0.067127,-2.350560,1.382096,2.209664,1.442785,-0.007285,0.030607,-0.009422,0.011620,0.003999,0.000074,-0.028154
2025-12-16 18:26:23.472,0.156070,0.255949,0.067124,-2.350548,1.382105,2.209662,1.442748,-0.010126,0.029687,-0.007647,0.013018,0.003035,-0.000697,-0.027164
2025-12-16 18:26:23.473,0.156069,0.255979,0.067123,-2.350547,1.382116,2.209660,1.442717,-0.009226,0.028502,-0.004591,0.010667,0.007443,-0.000091,-0.028907
2025-12-16 18:26:23.475,0.156051,0.256078,0.067115,-2.350524,1.382144,2.209658,1.442616,-0.006629,0.030666,-0.004217,0.006316,0.014017,-0.000069,-0.030169
2025-12-16 18:26:23.476,0.156045,0.256109,0.067111,-2.350516,1.382153,2.209659,1.442585,-0.004953,0.029858,-0.003823,0.007825,0.010202,0.000327,-0.027562
2025-12-16 18:26:23.477,0.156039,0.256141,0.067111,-2.350507,1.382163,2.209656,1.442552,-0.003702,0.028635,-0.001683,0.009758,0.012683,-0.000867,-0.030117
2025-12-16 18:26:23.478,0.156038,0.256169,0.067110,-2.350502,1.382174,2.209658,1.442526,-0.001005,0.026533,-0.000821,0.010027,0.014499,0.000134,-0.029732
2025-12-16 18:26:23.479,0.156028,0.256200,0.067105,-2.350490,1.382184,2.209659,1.442495,-0.002009,0.026742,-0.001296,0.012373,0.015445,0.000462,-0.027134
2025-12-16 18:26:23.481,0.156023,0.256230,0.067098,-2.350484,1.382191,2.209659,1.442460,-0.004410,0.028964,-0.002214,0.009713,0.016615,0.000308,-0.030912
2025-12-16 18:26:23.482,0.156018,0.256261,0.067096,-2.350484,1.382199,2.209654,1.442427,-0.006252,0.031210,-0.001027,0.005949,0.016887,-0.000540,-0.033777
2025-12-16 18:26:23.483,0.156012,0.256295,0.067097,-2.350477,1.382210,2.209653,1.442402,-0.008218,0.030924,0.000441,0.008661,0.017020,-0.000360,-0.031983
2025-12-16 18:26:23.484,0.156006,0.256350,0.067091,-2.350470,1.382226,2.209652,1.442334,-0.003676,0.029061,-0.005127,0.004743,0.014417,-0.000499,-0.034820
2025-12-16 18:26:23.485,0.156000,0.256381,0.067089,-2.350464,1.382239,2.209653,1.442295,-0.006381,0.031114,-0.006510,0.004074,0.016843,0.000006,-0.038706
2025-12-16 18:26:23.486,0.155992,0.256409,0.067088,-2.350460,1.382245,2.209654,1.442271,-0.006065,0.031901,-0.004968,0.002982,0.011202,0.000377,-0.035364
2025-12-16 18:26:23.487,0.155992,0.256442,0.067082,-2.350455,1.382257,2.209653,1.442238,-0.003290,0.031321,-0.004897,0.002837,0.013828,0.000251,-0.036133
2025-12-16 18:26:23.488,0.155987,0.256467,0.067081,-2.350448,1.382264,2.209651,1.442206,-0.003182,0.031174,-0.006215,0.003155,0.009662,-0.000544,-0.036175
2025-12-16 18:26:23.489,0.155978,0.256501,0.067080,-2.350448,1.382274,2.209651,1.442171,-0.003490,0.031474,-0.004671,0.001102,0.007283,-0.000363,-0.033335
2025-12-16 18:26:23.490,0.155976,0.256525,0.067077,-2.350441,1.382283,2.209651,1.442136,-0.001961,0.031075,-0.003510,0.004189,0.005486,-0.000242,-0.035157
2025-12-16 18:26:23.491,0.155972,0.256557,0.067077,-2.350437,1.382294,2.209648,1.442109,-0.000894,0.030859,-0.002637,0.006376,0.009248,-0.000161,-0.034108
2025-12-16 18:26:23.493,0.155968,0.256580,0.067072,-2.350438,1.382306,2.209648,1.442075,-0.000703,0.028156,-0.002537,0.006591,0.007597,0.000232,-0.035050
2025-12-16 18:26:23.494,0.155963,0.256606,0.067077,-2.350434,1.382310,2.209648,1.442043,-0.004526,0.029574,-0.000188,0.005021,0.004951,0.000154,-0.035335
2025-12-16 18:26:23.495,0.155954,0.256662,0.067072,-2.350424,1.382327,2.209647,1.441974,-0.003058,0.026265,-0.000261,0.006391,0.002348,-0.000395,-0.032708
2025-12-16 18:26:23.496,0.155949,0.256687,0.067066,-2.350424,1.382336,2.209645,1.441941,-0.005711,0.024532,-0.001358,0.003574,0.001804,-0.000636,-0.033605
2025-12-16 18:26:23.498,0.155949,0.256714,0.067065,-2.350415,1.382348,2.209648,1.441909,-0.003129,0.024786,-0.000958,0.004535,0.005902,0.000288,-0.034356
2025-12-16 18:26:23.499,0.155935,0.256765,0.067064,-2.350412,1.382367,2.209648,1.441836,-0.003338,0.024015,-0.000111,0.001625,0.004264,0.000128,-0.040436
2025-12-16 18:26:23.500,0.155929,0.256791,0.067060,-2.350410,1.382377,2.209645,1.441808,-0.006535,0.024430,-0.000653,0.000691,0.003144,-0.000627,-0.034270
2025-12-16 18:26:23.501,0.155925,0.256816,0.067061,-2.350405,1.382387,2.209649,1.441778,-0.008238,0.024028,0.000105,0.001141,0.001644,0.000667,-0.029711
2025-12-16 18:26:23.502,0.155920,0.256841,0.067055,-2.350404,1.382394,2.209645,1.441742,-0.006658,0.023637,-0.001149,0.004122,0.005660,0.000445,-0.032531
2025-12-16 18:26:23.503,0.155919,0.256865,0.067052,-2.350405,1.382408,2.209646,1.441707,-0.004338,0.023457,-0.001332,0.001976,0.004936,-0.000076,-0.030874
2025-12-16 18:26:23.505,0.155912,0.256916,0.067052,-2.350395,1.382427,2.209646,1.441650,-0.001578,0.024343,0.000419,0.003530,0.006881,-0.000034,-0.027158
2025-12-16 18:26:23.506,0.155904,0.256940,0.067054,-2.350395,1.382436,2.209644,1.441618,-0.001894,0.023637,0.000832,0.002498,0.009711,-0.000023,-0.030288
2025-12-16 18:26:23.507,0.155902,0.256965,0.067048,-2.350397,1.382447,2.209642,1.441581,-0.000757,0.024729,-0.000655,0.001216,0.012671,-0.000354,-0.034622
2025-12-16 18:26:23.508,0.155900,0.256983,0.067045,-2.350395,1.382459,2.209643,1.441554,-0.000056,0.018725,-0.003581,0.001449,0.010161,0.000103,-0.030165
2025-12-16 18:26:23.509,0.155895,0.257011,0.067044,-2.350395,1.382469,2.209642,1.441526,-0.003597,0.021806,-0.002651,0.001027,0.007551,-0.000270,-0.025790
2025-12-16 18:26:23.510,0.155887,0.257032,0.067045,-2.350393,1.382477,2.209642,1.441499,-0.003305,0.018334,-0.000758,0.001380,0.010096,-0.000180,-0.023019
2025-12-16 18:26:23.511,0.155881,0.257056,0.067044,-2.350390,1.382487,2.209642,1.441469,-0.005915,0.019341,-0.000097,0.002068,0.012273,-0.000120,-0.027166
2025-12-16 18:26:23.513,0.155879,0.257083,0.067041,-2.350393,1.382494,2.209642,1.441439,-0.006211,0.022052,-0.000733,0.000290,0.013203,-0.000080,-0.025433
2025-12-16 18:26:23.514,0.155875,0.257110,0.067042,-2.350388,1.382505,2.209643,1.441404,-0.004143,0.020329,0.000542,0.001976,0.014998,0.000286,-0.030438
2025-12-16 18:26:23.515,0.155869,0.257131,0.067039,-2.350388,1.382512,2.209641,1.441385,-0.006739,0.020859,0.000299,0.001332,0.015276,-0.000522,-0.024128
2025-12-16 18:26:23.516,0.155855,0.257177,0.067034,-2.350388,1.382535,2.209642,1.441322,-0.006814,0.019550,-0.003208,0.003657,0.009672,0.000141,-0.022470
2025-12-16 18:26:23.517,0.155854,0.257203,0.067035,-2.350390,1.382542,2.209641,1.441286,-0.003993,0.022216,-0.001152,0.002048,0.007197,-0.000279,-0.028651
2025-12-16 18:26:23.518,0.155844,0.257228,0.067036,-2.350390,1.382553,2.209638,1.441262,-0.003804,0.022910,-0.000376,0.001561,0.005021,-0.000898,-0.025679
2025-12-16 18:26:23.519,0.155839,0.257249,0.067033,-2.350388,1.382558,2.209642,1.441239,-0.002905,0.022812,-0.000374,0.001836,0.003091,0.000486,-0.026780
2025-12-16 18:26:23.520,0.155835,0.257278,0.067036,-2.350386,1.382569,2.209639,1.441209,-0.001564,0.024410,0.000865,0.001891,0.002072,-0.000422,-0.029293
2025-12-16 18:26:23.521,0.155831,0.257299,0.067032,-2.350390,1.382579,2.209641,1.441176,-0.004121,0.023997,-0.000699,0.000137,0.002602,0.000092,-0.032501
2025-12-16 18:26:23.522,0.155823,0.257325,0.067032,-2.350390,1.382586,2.209639,1.441144,-0.004395,0.025389,-0.003154,0.000153,0.005903,-0.000312,-0.034907
2025-12-16 18:26:23.523,0.155819,0.257344,0.067031,-2.350388,1.382596,2.209635,1.441118,-0.006108,0.024101,-0.002408,0.000798,0.009500,-0.005264,-0.029741
2025-12-16 18:26:23.524,0.155815,0.257367,0.067029,-2.350384,1.382604,2.209640,1.441091,-0.004612,0.023441,-0.002391,0.001123,0.006778,-0.003191,-0.030988
2025-12-16 18:26:23.525,0.155810,0.257393,0.067029,-2.350393,1.382615,2.209636,1.441060,-0.006960,0.024952,-0.001765,-0.001545,0.005445,-0.002795,-0.033437
2025-12-16 18:26:23.527,0.155804,0.257418,0.067030,-2.350390,1.382623,2.209639,1.441025,-0.005883,0.025285,-0.000099,0.000103,0.003427,-0.001711,-0.035538
2025-12-16 18:26:23.528,0.155798,0.257438,0.067025,-2.350392,1.382633,2.209641,1.440996,-0.004367,0.024632,-0.000812,-0.000473,0.007583,-0.000934,-0.035599
2025-12-16 18:26:23.529,0.155792,0.257480,0.067020,-2.350388,1.382651,2.209636,1.440943,-0.001208,0.023493,-0.004173,0.001012,0.004837,-0.001213,-0.035271
2025-12-16 18:26:23.531,0.155786,0.257502,0.067020,-2.350390,1.382659,2.209634,1.440909,-0.004478,0.020862,-0.003085,0.000031,0.003244,-0.001218,-0.032976
2025-12-16 18:26:23.532,0.155776,0.257552,0.067016,-2.350393,1.382675,2.209635,1.440848,-0.006266,0.023307,-0.004310,-0.000908,0.005469,-0.000491,-0.031235
2025-12-16 18:26:23.533,0.155772,0.257576,0.067013,-2.350388,1.382684,2.209635,1.440823,-0.004710,0.024258,-0.003266,0.001161,0.004091,-0.000018,-0.031298
2025-12-16 18:26:23.534,0.155767,0.257595,0.067015,-2.350388,1.382691,2.209638,1.440790,-0.003540,0.023218,-0.001265,0.000776,0.002384,-0.000034,-0.028654
2025-12-16 18:26:23.535,0.155761,0.257615,0.067011,-2.350390,1.382700,2.209637,1.440754,-0.003216,0.020061,-0.001621,-0.000131,0.001840,0.000334,-0.033142
2025-12-16 18:26:23.536,0.155757,0.257639,0.067008,-2.350395,1.382710,2.209633,1.440721,-0.001812,0.022003,-0.004407,-0.001849,0.006231,-0.000875,-0.029403
2025-12-16 18:26:23.537,0.155755,0.257662,0.067009,-2.350390,1.382719,2.209635,1.440698,-0.000820,0.022820,-0.002769,0.000531,0.004391,0.000119,-0.024475
2025-12-16 18:26:23.540,0.155741,0.257732,0.067000,-2.350390,1.382749,2.209633,1.440600,-0.001706,0.022651,-0.001258,0.000385,0.006964,-0.000499,-0.030807
2025-12-16 18:26:23.542,0.155735,0.257753,0.066999,-2.350393,1.382759,2.209634,1.440570,-0.001911,0.022616,-0.000962,-0.000857,0.005202,0.000037,-0.027885
2025-12-16 18:26:23.543,0.155727,0.257800,0.066996,-2.350392,1.382779,2.209633,1.440508,-0.001048,0.024267,-0.000372,-0.000009,0.007176,0.000262,-0.031425
2025-12-16 18:26:23.544,0.155722,0.257820,0.066994,-2.350392,1.382789,2.209633,1.440474,-0.001347,0.023631,-0.000300,-0.000006,0.006064,0.000174,-0.034198
2025-12-16 18:26:23.545,0.155720,0.257844,0.066988,-2.350395,1.382799,2.209631,1.440443,-0.003326,0.021975,-0.002002,-0.001210,0.009632,-0.000631,-0.031352
2025-12-16 18:26:23.546,0.155717,0.257862,0.066985,-2.350392,1.382809,2.209630,1.440414,-0.003115,0.018426,-0.001364,0.000400,0.007516,0.000324,-0.025917
2025-12-16 18:26:23.548,0.155710,0.257884,0.066986,-2.350392,1.382819,2.209632,1.440384,-0.002889,0.020160,-0.000374,0.000266,0.005882,-0.000157,-0.029314
2025-12-16 18:26:23.549,0.155701,0.257931,0.066983,-2.350388,1.382838,2.209629,1.440317,-0.001989,0.022362,-0.000004,0.001139,0.011459,0.000303,-0.032070
2025-12-16 18:26:23.550,0.155700,0.257953,0.066981,-2.350397,1.382845,2.209630,1.440292,-0.004254,0.023618,-0.000012,-0.002210,0.007885,0.000541,-0.031807
2025-12-16 18:26:23.551,0.155695,0.257974,0.066982,-2.350388,1.382855,2.209629,1.440267,-0.003856,0.023740,0.000635,0.001496,0.010660,0.000021,-0.032301
2025-12-16 18:26:23.552,0.155689,0.257996,0.066976,-2.350392,1.382865,2.209629,1.440241,-0.002848,0.023926,-0.000788,-0.000209,0.008358,0.000014,-0.029007
2025-12-16 18:26:23.553,0.155682,0.258021,0.066971,-2.350392,1.382875,2.209629,1.440206,-0.003221,0.024864,-0.001086,-0.000139,0.011039,0.000009,-0.028111
2025-12-16 18:26:23.554,0.155684,0.258046,0.066970,-2.350390,1.382881,2.209630,1.440180,-0.000540,0.025995,-0.000727,0.000464,0.008271,0.000345,-0.025809
2025-12-16 18:26:23.555,0.155677,0.258065,0.066971,-2.350392,1.382890,2.209630,1.440157,-0.004575,0.024518,0.000070,-0.000247,0.006198,0.000230,-0.027018
2025-12-16 18:26:23.556,0.155673,0.258091,0.066966,-2.350390,1.382899,2.209630,1.440128,-0.003425,0.025607,-0.001161,-0.000165,0.009342,0.000153,-0.030019
2025-12-16 18:26:23.557,0.155665,0.258110,0.066966,-2.350387,1.382904,2.209629,1.440101,-0.006562,0.024841,0.000431,0.000447,0.006665,-0.000237,-0.027742
2025-12-16 18:26:23.558,0.155663,0.258131,0.066960,-2.350390,1.382913,2.209629,1.440066,-0.007689,0.024913,-0.000920,-0.000816,0.005025,-0.000158,-0.032699
2025-12-16 18:26:23.560,0.155655,0.258178,0.066961,-2.350385,1.382931,2.209629,1.440021,-0.006378,0.024205,0.000766,0.003218,0.007363,-0.000308,-0.024617
2025-12-16 18:26:23.561,0.155648,0.258198,0.066958,-2.350389,1.382940,2.209629,1.439995,-0.005493,0.021190,-0.002652,0.000588,0.010131,-0.000205,-0.023170
2025-12-16 18:26:23.562,0.155646,0.258220,0.066954,-2.350387,1.382944,2.209630,1.439961,-0.003456,0.022081,-0.003146,0.000546,0.006904,0.000202,-0.024284
2025-12-16 18:26:23.564,0.155642,0.258240,0.066953,-2.350390,1.382953,2.209630,1.439938,-0.005549,0.019113,-0.001738,-0.000634,0.005538,0.000135,-0.022118
2025-12-16 18:26:23.565,0.155634,0.258262,0.066954,-2.350384,1.382962,2.209629,1.439914,-0.005445,0.021131,-0.000101,0.004062,0.004139,-0.000249,-0.026051
2025-12-16 18:26:23.566,0.155628,0.258304,0.066949,-2.350383,1.382976,2.209630,1.439869,-0.005488,0.022445,-0.000450,0.005435,0.001750,-0.000009,-0.026059
2025-12-16 18:26:23.567,0.155627,0.258326,0.066946,-2.350381,1.382986,2.209627,1.439839,-0.003619,0.020005,-0.003506,0.004045,0.001694,-0.000006,-0.026315
2025-12-16 18:26:23.568,0.155620,0.258345,0.066941,-2.350383,1.382992,2.209625,1.439815,-0.003915,0.020667,-0.003760,0.001900,0.001271,-0.000343,-0.024247
2025-12-16 18:26:23.569,0.155617,0.258366,0.066942,-2.350388,1.383000,2.209628,1.439797,-0.002901,0.021790,-0.001625,0.002361,0.000953,-0.000229,-0.020638
2025-12-16 18:26:23.570,0.155609,0.258385,0.066941,-2.350378,1.383009,2.209624,1.439773,-0.002802,0.018412,-0.001257,0.004994,0.005412,-0.000525,-0.020271
2025-12-16 18:26:23.571,0.155607,0.258407,0.066936,-2.350382,1.383019,2.209625,1.439745,-0.001382,0.020753,-0.002082,0.002461,0.008828,0.000023,-0.021403
2025-12-16 18:26:23.572,0.155608,0.258428,0.066940,-2.350382,1.383024,2.209628,1.439724,-0.003954,0.019283,0.000278,0.001894,0.010992,0.000354,-0.025367
2025-12-16 18:26:23.574,0.155604,0.258449,0.066932,-2.350382,1.383033,2.209629,1.439706,-0.003574,0.020401,-0.001651,0.001453,0.012981,0.000236,-0.022212
2025-12-16 18:26:23.575,0.155599,0.258468,0.066932,-2.350383,1.383045,2.209628,1.439684,-0.006778,0.017306,-0.004374,0.000554,0.010738,0.000530,-0.020682
2025-12-16 18:26:23.576,0.155595,0.258506,0.066930,-2.350378,1.383059,2.209623,1.439636,-0.005660,0.019676,-0.001269,0.001388,0.005738,-0.000488,-0.020857
2025-12-16 18:26:23.577,0.155592,0.258528,0.066927,-2.350383,1.383068,2.209624,1.439612,-0.004921,0.021130,-0.004725,-0.000778,0.008992,0.000048,-0.021895
2025-12-16 18:26:23.578,0.155587,0.258549,0.066925,-2.350377,1.383076,2.209624,1.439594,-0.004211,0.021358,-0.003543,0.000733,0.007379,0.000032,-0.019640
2025-12-16 18:26:23.579,0.155584,0.258569,0.066922,-2.350374,1.383084,2.209623,1.439575,-0.003088,0.022433,-0.002657,0.002286,0.005135,-0.000352,-0.017995
2025-12-16 18:26:23.580,0.155586,0.258593,0.066921,-2.350372,1.383089,2.209624,1.439551,-0.000505,0.020580,-0.005182,0.001549,0.003535,0.000139,-0.023019
2025-12-16 18:26:23.581,0.155580,0.258611,0.066920,-2.350370,1.383093,2.209622,1.439523,-0.001701,0.021157,-0.003330,0.001609,0.002330,-0.000654,-0.024551
2025-12-16 18:26:23.583,0.155580,0.258629,0.066919,-2.350369,1.383102,2.209622,1.439508,-0.000046,0.020971,-0.001894,0.001087,0.002126,-0.000436,-0.021491
2025-12-16 18:26:23.584,0.155571,0.258649,0.066916,-2.350371,1.383107,2.209623,1.439487,-0.001882,0.022169,-0.002155,0.000178,0.001254,0.000082,-0.020242
2025-12-16 18:26:23.585,0.155565,0.258691,0.066914,-2.350368,1.383125,2.209625,1.439442,-0.004227,0.023454,-0.003372,0.000833,0.005665,0.000749,-0.024893
2025-12-16 18:26:23.587,0.155563,0.258711,0.066908,-2.350366,1.383132,2.209624,1.439420,-0.002494,0.023265,-0.004376,0.000560,0.008934,0.000160,-0.024792
2025-12-16 18:26:23.588,0.155556,0.258754,0.066908,-2.350362,1.383143,2.209622,1.439381,-0.004513,0.023708,-0.001713,0.003729,0.007432,-0.000551,-0.020885
2025-12-16 18:26:23.589,0.155548,0.258775,0.066902,-2.350363,1.383155,2.209622,1.439362,-0.004638,0.023584,-0.002503,0.002120,0.011350,-0.000367,-0.019647
2025-12-16 18:26:23.590,0.155546,0.258797,0.066907,-2.350362,1.383161,2.209620,1.439332,-0.005667,0.023846,-0.000020,0.000907,0.008794,-0.000957,-0.022133
2025-12-16 18:26:23.591,0.155542,0.258820,0.066901,-2.350356,1.383168,2.209622,1.439314,-0.004305,0.023903,-0.001307,0.001919,0.006893,0.000074,-0.019337
2025-12-16 18:26:23.592,0.155533,0.258835,0.066902,-2.350357,1.383175,2.209622,1.439292,-0.004471,0.019254,-0.003529,0.000153,0.004775,0.000049,-0.019545
2025-12-16 18:26:23.593,0.155530,0.258863,0.066899,-2.350355,1.383186,2.209620,1.439276,-0.002071,0.023210,-0.002672,0.000163,0.009061,0.000406,-0.023000
2025-12-16 18:26:23.595,0.155528,0.258882,0.066896,-2.350351,1.383191,2.209622,1.439251,-0.001046,0.019296,-0.005150,0.000803,0.006394,0.000271,-0.022861
2025-12-16 18:26:23.596,0.155518,0.258923,0.066896,-2.350350,1.383202,2.209616,1.439200,-0.006357,0.021684,-0.002387,0.002499,0.007744,-0.001089,-0.021840
2025-12-16 18:26:23.597,0.155517,0.258946,0.066897,-2.350345,1.383209,2.209622,1.439182,-0.007095,0.022573,-0.001189,0.001940,0.006196,0.000359,-0.018906
2025-12-16 18:26:23.598,0.155509,0.258968,0.066895,-2.350343,1.383214,2.209618,1.439158,-0.005466,0.023241,-0.000979,0.000849,0.004651,-0.000134,-0.019025
2025-12-16 18:26:23.599,0.155508,0.258989,0.066895,-2.350340,1.383220,2.209617,1.439128,-0.006467,0.023176,0.000322,0.000720,0.007479,-0.000089,-0.021196
2025-12-16 18:26:23.600,0.155502,0.259013,0.066896,-2.350334,1.383231,2.209617,1.439107,-0.005015,0.024250,0.000667,0.000595,0.006346,-0.000059,-0.025270
2025-12-16 18:26:23.601,0.155498,0.259033,0.066894,-2.350333,1.383237,2.209615,1.439089,-0.006758,0.024369,0.000366,-0.001280,0.004742,-0.000752,-0.021786
2025-12-16 18:26:23.602,0.155494,0.259056,0.066891,-2.350327,1.383242,2.209618,1.439068,-0.005188,0.022069,0.000185,-0.000139,0.003544,-0.000501,-0.025039
2025-12-16 18:26:23.604,0.155480,0.259101,0.066887,-2.350317,1.383254,2.209616,1.439013,-0.009250,0.019828,0.000020,0.005337,0.002627,0.000003,-0.024260
2025-12-16 18:26:23.605,0.155478,0.259122,0.066890,-2.350317,1.383261,2.209614,1.438994,-0.006403,0.021178,-0.001952,0.006210,0.006269,-0.000710,-0.022063
2025-12-16 18:26:23.606,0.155474,0.259148,0.066886,-2.350309,1.383267,2.209616,1.438977,-0.007739,0.022884,-0.002139,0.005349,0.009387,0.000239,-0.019448
2025-12-16 18:26:23.607,0.155470,0.259171,0.066883,-2.350305,1.383271,2.209614,1.438951,-0.005891,0.023403,-0.001637,0.003499,0.006729,-0.000553,-0.024763
2025-12-16 18:26:23.608,0.155464,0.259195,0.066880,-2.350297,1.383279,2.209614,1.438928,-0.004477,0.024163,-0.001899,0.006544,0.009774,-0.000369,-0.028853
2025-12-16 18:26:23.609,0.155458,0.259214,0.066878,-2.350296,1.383285,2.209615,1.438900,-0.003953,0.022907,-0.001384,0.006210,0.012049,0.000127,-0.032817
2025-12-16 18:26:23.610,0.155453,0.259240,0.066879,-2.350289,1.383291,2.209615,1.438890,-0.006416,0.024581,-0.003518,0.004250,0.009046,0.000085,-0.025457
2025-12-16 18:26:23.612,0.155445,0.259281,0.066877,-2.350271,1.383302,2.209613,1.438843,-0.003590,0.023558,-0.001474,0.009750,0.009420,-0.000584,-0.022685
2025-12-16 18:26:23.613,0.155440,0.259309,0.066873,-2.350267,1.383309,2.209614,1.438812,-0.002686,0.025729,-0.001725,0.009103,0.012041,-0.000016,-0.025071
2025-12-16 18:26:23.614,0.155438,0.259331,0.066871,-2.350255,1.383314,2.209614,1.438797,-0.001454,0.025488,-0.001939,0.008100,0.009024,-0.000011,-0.021942
2025-12-16 18:26:23.615,0.155433,0.259355,0.066869,-2.350251,1.383318,2.209614,1.438779,-0.001691,0.026005,-0.001953,0.008042,0.006424,-0.000007,-0.024451
2025-12-16 18:26:23.616,0.155433,0.259378,0.066868,-2.350246,1.383328,2.209609,1.438761,-0.003600,0.025038,-0.000824,0.005538,0.010322,-0.000378,-0.022303
2025-12-16 18:26:23.617,0.155426,0.259405,0.066867,-2.350237,1.383333,2.209614,1.438729,-0.003895,0.026293,-0.003083,0.005355,0.012087,0.000494,-0.019743
2025-12-16 18:26:23.618,0.155418,0.259429,0.066859,-2.350228,1.383339,2.209610,1.438706,-0.004646,0.026213,-0.004680,0.007255,0.009371,-0.000044,-0.019340
2025-12-16 18:26:23.620,0.155414,0.259450,0.066862,-2.350221,1.383345,2.209610,1.438690,-0.003312,0.025153,-0.004828,0.005419,0.007343,0.000344,-0.022640
2025-12-16 18:26:23.621,0.155408,0.259497,0.066855,-2.350203,1.383354,2.209610,1.438649,-0.005243,0.024697,-0.007013,0.006129,0.003840,0.000277,-0.025561
2025-12-16 18:26:23.622,0.155409,0.259522,0.066853,-2.350193,1.383363,2.209608,1.438623,-0.003324,0.021683,-0.005738,0.008138,0.004236,-0.000561,-0.026049
2025-12-16 18:26:23.623,0.155404,0.259547,0.066852,-2.350184,1.383368,2.209609,1.438604,-0.003062,0.023101,-0.003648,0.009836,0.006746,-0.000001,-0.022617
2025-12-16 18:26:23.624,0.155399,0.259572,0.066849,-2.350175,1.383373,2.209607,1.438585,-0.002259,0.020427,-0.005871,0.007922,0.009445,0.000372,-0.026133
2025-12-16 18:26:23.625,0.155394,0.259598,0.066844,-2.350165,1.383377,2.209605,1.438566,-0.002875,0.022773,-0.004947,0.006932,0.006813,-0.000125,-0.024220
2025-12-16 18:26:23.627,0.155388,0.259646,0.066841,-2.350144,1.383387,2.209605,1.438520,-0.001451,0.024019,-0.002890,0.007866,0.012432,0.000080,-0.022251
2025-12-16 18:26:23.628,0.155387,0.259673,0.066836,-2.350138,1.383392,2.209604,1.438501,-0.000386,0.025434,-0.002777,0.007510,0.009329,-0.000320,-0.021340
2025-12-16 18:26:23.631,0.155379,0.259720,0.066833,-2.350117,1.383402,2.209605,1.438458,-0.001080,0.025335,-0.000458,0.008455,0.005252,0.000107,-0.020697
2025-12-16 18:26:23.632,0.155372,0.259768,0.066828,-2.350104,1.383410,2.209607,1.438410,0.000129,0.021941,-0.000478,0.006340,0.002651,0.000759,-0.020962
2025-12-16 18:26:23.633,0.155368,0.259793,0.066825,-2.350091,1.383417,2.209606,1.438392,-0.000580,0.019549,-0.003519,0.008917,0.002658,0.000133,-0.023479
2025-12-16 18:26:23.634,0.155366,0.259815,0.066824,-2.350083,1.383421,2.209603,1.438376,-0.003221,0.019733,-0.002644,0.008806,0.001618,0.000089,-0.020842
2025-12-16 18:26:23.635,0.155362,0.259838,0.066820,-2.350072,1.383425,2.209602,1.438349,-0.002446,0.018022,-0.005759,0.010445,0.000913,0.000059,-0.022983
2025-12-16 18:26:23.636,0.155353,0.259866,0.066817,-2.350064,1.383431,2.209602,1.438326,-0.003618,0.018447,-0.004267,0.010251,0.001018,0.000040,-0.021926
2025-12-16 18:26:23.637,0.155353,0.259887,0.066816,-2.350051,1.383436,2.209602,1.438311,-0.001466,0.015592,-0.003166,0.008907,0.001096,0.000026,-0.019633
2025-12-16 18:26:23.638,0.155350,0.259908,0.066814,-2.350045,1.383443,2.209601,1.438293,-0.001103,0.014293,-0.002908,0.008979,0.000450,-0.000322,-0.019153
2025-12-16 18:26:23.639,0.155347,0.259931,0.066815,-2.350033,1.383449,2.209599,1.438271,-0.003685,0.017056,-0.004060,0.007934,0.000344,-0.000587,-0.019154
2025-12-16 18:26:23.640,0.155341,0.259952,0.066811,-2.350027,1.383453,2.209602,1.438243,-0.007460,0.015423,-0.004311,0.007918,0.004787,0.000321,-0.021630
2025-12-16 18:26:23.641,0.155340,0.259976,0.066812,-2.350018,1.383459,2.209602,1.438224,-0.004326,0.017907,-0.002615,0.008995,0.003923,0.000214,-0.020333
2025-12-16 18:26:23.644,0.155331,0.260027,0.066809,-2.349999,1.383469,2.209603,1.438192,-0.002949,0.021942,-0.001479,0.011258,0.002412,0.000344,-0.018041
2025-12-16 18:26:23.645,0.155331,0.260049,0.066807,-2.349988,1.383474,2.209603,1.438165,-0.004449,0.022470,-0.001112,0.012228,0.001788,0.000229,-0.019852
2025-12-16 18:26:23.646,0.155321,0.260091,0.066803,-2.349975,1.383487,2.209603,1.438130,-0.003069,0.019469,-0.000844,0.010460,0.005482,0.000226,-0.017482
2025-12-16 18:26:23.647,0.155314,0.260117,0.066800,-2.349967,1.383492,2.209600,1.438111,-0.006347,0.018464,-0.000616,0.010154,0.004122,-0.000561,-0.017934
2025-12-16 18:26:23.648,0.155316,0.260140,0.066802,-2.349956,1.383497,2.209599,1.438085,-0.003511,0.020691,-0.002952,0.012134,0.007764,-0.000747,-0.023974
2025-12-16 18:26:23.652,0.155302,0.260230,0.066788,-2.349915,1.383520,2.209596,1.438009,-0.009072,0.020841,-0.002926,0.007895,0.007189,-0.000150,-0.020308
2025-12-16 18:26:23.653,0.155300,0.260252,0.066788,-2.349908,1.383525,2.209595,1.437981,-0.009698,0.018293,-0.000947,0.008172,0.005086,-0.000473,-0.021716
2025-12-16 18:26:23.654,0.155296,0.260276,0.066785,-2.349902,1.383531,2.209592,1.437966,-0.007312,0.020476,-0.000784,0.008869,0.008844,-0.001027,-0.019001
2025-12-16 18:26:23.656,0.155298,0.260298,0.066785,-2.349891,1.383536,2.209593,1.437949,-0.003746,0.018480,0.000476,0.006725,0.011332,-0.000346,-0.018133
2025-12-16 18:26:23.657,0.155286,0.260338,0.066779,-2.349873,1.383545,2.209596,1.437902,-0.003546,0.019203,-0.005425,0.010986,0.005948,0.000592,-0.019977
2025-12-16 18:26:23.659,0.155281,0.260391,0.066777,-2.349850,1.383558,2.209595,1.437864,-0.004304,0.020756,-0.005084,0.010720,0.003482,0.000015,-0.018452
2025-12-16 18:26:23.661,0.155281,0.260417,0.066776,-2.349846,1.383566,2.209592,1.437847,-0.002123,0.023040,-0.003317,0.010047,0.008124,-0.000702,-0.017967
2025-12-16 18:26:23.662,0.155274,0.260457,0.066773,-2.349826,1.383575,2.209592,1.437800,-0.001148,0.018993,-0.001587,0.011073,0.007975,-0.000188,-0.021321
2025-12-16 18:26:23.666,0.155257,0.260554,0.066768,-2.349784,1.383593,2.209589,1.437723,-0.001087,0.023259,-0.000739,0.007658,0.011519,-0.000038,-0.017273
2025-12-16 18:26:23.667,0.155255,0.260580,0.066766,-2.349777,1.383594,2.209587,1.437706,-0.000217,0.024910,-0.003645,0.005148,0.013162,-0.000399,-0.016738
2025-12-16 18:26:23.668,0.155249,0.260601,0.066767,-2.349767,1.383603,2.209586,1.437691,-0.001295,0.020531,-0.002179,0.010764,0.010553,-0.000639,-0.020587
2025-12-16 18:26:23.670,0.155245,0.260624,0.066765,-2.349755,1.383608,2.209584,1.437674,-0.000334,0.021174,-0.002239,0.011075,0.007547,-0.000799,-0.024110
2025-12-16 18:26:23.671,0.155239,0.260669,0.066765,-2.349736,1.383617,2.209589,1.437633,-0.003091,0.022297,-0.001053,0.009226,0.009084,0.000854,-0.022257
2025-12-16 18:26:23.673,0.155232,0.260716,0.066761,-2.349714,1.383627,2.209590,1.437600,-0.002542,0.025697,-0.001409,0.006480,0.012889,0.000753,-0.018743
2025-12-16 18:26:23.674,0.155225,0.260739,0.066760,-2.349706,1.383633,2.209589,1.437575,-0.005910,0.028119,-0.001551,0.006325,0.010046,0.000129,-0.020721
2025-12-16 18:26:23.677,0.155217,0.260810,0.066757,-2.349673,1.383645,2.209589,1.437516,-0.003889,0.026693,-0.000707,0.007507,0.006792,0.001199,-0.023474
2025-12-16 18:26:23.679,0.155212,0.260837,0.066757,-2.349662,1.383652,2.209587,1.437496,-0.003578,0.026968,-0.000488,0.005573,0.010161,-0.000625,-0.027174
2025-12-16 18:26:23.680,0.155207,0.260881,0.066750,-2.349645,1.383662,2.209584,1.437449,-0.004984,0.025785,-0.000607,0.007311,0.006015,-0.000176,-0.026912
2025-12-16 18:26:23.681,0.155203,0.260902,0.066752,-2.349636,1.383665,2.209589,1.437437,-0.003197,0.024533,0.000702,0.008610,0.003830,0.000629,-0.022123
2025-12-16 18:26:23.682,0.155200,0.260925,0.066749,-2.349624,1.383674,2.209585,1.437418,-0.006471,0.024774,-0.000651,0.009531,0.003546,-0.000327,-0.020197
2025-12-16 18:26:23.684,0.155191,0.260975,0.066745,-2.349601,1.383685,2.209584,1.437375,-0.003628,0.022281,-0.003277,0.009583,0.005686,-0.000145,-0.020628
2025-12-16 18:26:23.685,0.155188,0.260996,0.066750,-2.349590,1.383693,2.209587,1.437351,-0.002717,0.022379,-0.000688,0.010880,0.008596,-0.000097,-0.020831
2025-12-16 18:26:23.686,0.155185,0.261022,0.066745,-2.349584,1.383698,2.209584,1.437335,-0.005458,0.023551,-0.001215,0.009627,0.006148,-0.000404,-0.023535
2025-12-16 18:26:23.687,0.155176,0.261038,0.066745,-2.349578,1.383705,2.209584,1.437312,-0.008705,0.021606,-0.004098,0.008743,0.004302,0.000070,-0.022380
2025-12-16 18:26:23.688,0.155177,0.261061,0.066742,-2.349564,1.383711,2.209582,1.437291,-0.004664,0.022124,-0.003106,0.010975,0.003274,-0.000665,-0.021555
2025-12-16 18:26:23.692,0.155166,0.261133,0.066740,-2.349532,1.383734,2.209582,1.437223,-0.001468,0.021685,-0.001013,0.010807,0.008309,-0.000321,-0.019605
2025-12-16 18:26:23.693,0.155158,0.261181,0.066734,-2.349514,1.383746,2.209581,1.437177,-0.001675,0.023233,-0.000618,0.007630,0.004969,-0.000516,-0.021018
2025-12-16 18:26:23.694,0.155154,0.261203,0.066735,-2.349507,1.383754,2.209582,1.437156,-0.001227,0.026360,0.000078,0.005179,0.003730,0.000029,-0.020686
2025-12-16 18:26:23.696,0.155155,0.261229,0.066731,-2.349499,1.383761,2.209581,1.437134,0.000212,0.027221,-0.000554,0.005973,0.003104,-0.000354,-0.015069
2025-12-16 18:26:23.697,0.155151,0.261280,0.066729,-2.349480,1.383776,2.209583,1.437095,-0.004349,0.025459,0.000072,0.005057,0.006935,0.000464,-0.015880
2025-12-16 18:26:23.698,0.155144,0.261301,0.066731,-2.349465,1.383782,2.209581,1.437068,-0.004558,0.021408,0.000676,0.009050,0.005144,-0.000436,-0.018823
2025-12-16 18:26:23.700,0.155142,0.261325,0.066726,-2.349450,1.383785,2.209582,1.437047,-0.002890,0.022287,0.000435,0.011037,0.003141,0.000082,-0.019376
2025-12-16 18:26:23.701,0.155135,0.261350,0.066723,-2.349445,1.383791,2.209583,1.437035,-0.003440,0.023659,-0.000371,0.009440,0.002726,0.000428,-0.016620
2025-12-16 18:26:23.703,0.155131,0.261398,0.066725,-2.349429,1.383801,2.209580,1.436993,-0.003283,0.024575,0.001369,0.010554,0.001635,-0.005570,-0.019315
2025-12-16 18:26:23.704,0.155123,0.261442,0.066717,-2.349403,1.383810,2.209583,1.436959,-0.002321,0.023163,-0.001162,0.009848,0.000902,-0.002058,-0.018413
2025-12-16 18:26:23.705,0.155120,0.261469,0.066720,-2.349392,1.383812,2.209583,1.436946,-0.001742,0.024987,0.000429,0.008100,0.000671,-0.001601,-0.016688
2025-12-16 18:26:23.706,0.155115,0.261493,0.066719,-2.349382,1.383817,2.209577,1.436924,-0.001864,0.021828,-0.002865,0.011534,0.000838,-0.001985,-0.018454
2025-12-16 18:26:23.707,0.155110,0.261520,0.066715,-2.349370,1.383817,2.209578,1.436906,-0.002002,0.023424,-0.002730,0.012636,0.000259,-0.001825,-0.019291
2025-12-16 18:26:23.708,0.155109,0.261543,0.066715,-2.349363,1.383821,2.209580,1.436884,-0.000767,0.023191,-0.002018,0.010477,0.000541,-0.000941,-0.020525
2025-12-16 18:26:23.709,0.155107,0.261564,0.066709,-2.349346,1.383824,2.209576,1.436877,-0.000016,0.023105,-0.002700,0.010309,0.000722,-0.001073,-0.021725
2025-12-16 18:26:23.711,0.155097,0.261618,0.066710,-2.349325,1.383831,2.209575,1.436838,-0.004163,0.025395,0.000003,0.007784,0.004608,-0.000441,-0.021331
2025-12-16 18:26:23.712,0.155094,0.261644,0.066706,-2.349313,1.383833,2.209577,1.436818,-0.006521,0.025467,-0.000617,0.008848,0.003804,0.000422,-0.022121
2025-12-16 18:26:23.713,0.155096,0.261666,0.066707,-2.349299,1.383836,2.209576,1.436806,-0.007143,0.024705,0.000098,0.009968,0.002491,-0.000115,-0.020041
2025-12-16 18:26:23.715,0.155089,0.261716,0.066704,-2.349275,1.383838,2.209577,1.436774,-0.004511,0.024693,-0.000006,0.008952,0.001533,0.000173,-0.019749
2025-12-16 18:26:23.717,0.155086,0.261767,0.066697,-2.349250,1.383844,2.209578,1.436740,-0.002734,0.025420,-0.001237,0.009600,0.001649,0.000561,-0.020453
2025-12-16 18:26:23.718,0.155085,0.261792,0.066693,-2.349240,1.383847,2.209579,1.436732,-0.002038,0.025302,-0.001393,0.009304,0.000830,0.000707,-0.017749
2025-12-16 18:26:23.721,0.155072,0.261869,0.066683,-2.349199,1.383850,2.209576,1.436679,-0.002250,0.028977,-0.005625,0.010566,0.005385,-0.000644,-0.020682
2025-12-16 18:26:23.722,0.155072,0.261893,0.066687,-2.349182,1.383853,2.209575,1.436669,-0.001568,0.027275,-0.002254,0.012046,0.004005,-0.000804,-0.014662
2025-12-16 18:26:23.724,0.155075,0.261918,0.066685,-2.349166,1.383853,2.209577,1.436651,-0.003396,0.026788,-0.005476,0.012608,0.002336,0.000209,-0.016011
2025-12-16 18:26:23.727,0.155061,0.262022,0.066675,-2.349112,1.383861,2.209579,1.436598,-0.002375,0.027485,-0.002286,0.009663,0.005265,0.000376,-0.014455
2025-12-16 18:26:23.728,0.155063,0.262047,0.066677,-2.349098,1.383862,2.209573,1.436593,-0.000572,0.026339,-0.004217,0.010576,0.003976,-0.000834,-0.012526
2025-12-16 18:26:23.729,0.155061,0.262078,0.066671,-2.349085,1.383862,2.209571,1.436579,-0.001015,0.027832,-0.004932,0.010693,0.003001,-0.000557,-0.014365
2025-12-16 18:26:23.731,0.155055,0.262134,0.066671,-2.349055,1.383867,2.209574,1.436545,-0.001553,0.026695,-0.002324,0.012977,0.001705,0.000476,-0.015288
2025-12-16 18:26:23.732,0.155055,0.262163,0.066670,-2.349036,1.383868,2.209576,1.436535,-0.001068,0.023689,-0.001700,0.017133,0.001623,-0.000022,-0.014948
2025-12-16 18:26:23.735,0.155048,0.262243,0.066664,-2.348991,1.383873,2.209571,1.436502,-0.001219,0.027543,-0.003932,0.013965,0.000761,-0.000545,-0.008843
2025-12-16 18:26:23.736,0.155046,0.262266,0.066662,-2.348979,1.383874,2.209573,1.436485,-0.000823,0.025706,-0.003419,0.012948,0.000859,0.000382,-0.012760
2025-12-16 18:26:23.738,0.155046,0.262328,0.066663,-2.348947,1.383879,2.209572,1.436468,0.000923,0.027368,-0.001250,0.015242,0.004338,-0.000203,-0.008246
2025-12-16 18:26:23.739,0.155047,0.262351,0.066662,-2.348923,1.383880,2.209573,1.436453,0.001260,0.025534,-0.000935,0.019866,0.003301,0.000238,-0.011802
2025-12-16 18:26:23.741,0.155041,0.262379,0.066662,-2.348911,1.383883,2.209572,1.436438,-0.000369,0.024837,-0.000050,0.016369,0.003186,-0.000215,-0.015248
2025-12-16 18:26:23.742,0.155040,0.262408,0.066661,-2.348897,1.383885,2.209574,1.436428,-0.000249,0.025610,-0.000090,0.015004,0.002015,0.000569,-0.016020
2025-12-16 18:26:23.743,0.155042,0.262467,0.066658,-2.348860,1.383886,2.209572,1.436409,-0.001807,0.025424,-0.000101,0.014418,0.001027,-0.000346,-0.015983
2025-12-16 18:26:23.744,0.155036,0.262489,0.066654,-2.348842,1.383889,2.209572,1.436392,-0.002700,0.023544,-0.003912,0.014734,0.000443,-0.000231,-0.018257
2025-12-16 18:26:23.745,0.155039,0.262521,0.066656,-2.348826,1.383893,2.209574,1.436378,-0.000254,0.025160,-0.001684,0.017334,0.001351,0.000558,-0.019395
2025-12-16 18:26:23.746,0.155033,0.262546,0.066656,-2.348811,1.383895,2.209572,1.436372,-0.002095,0.024046,-0.001334,0.014805,0.000650,-0.000340,-0.016588
2025-12-16 18:26:23.747,0.155032,0.262575,0.066655,-2.348793,1.383896,2.209573,1.436357,-0.000869,0.023706,-0.000492,0.014465,0.000135,0.000146,-0.017574
2025-12-16 18:26:23.748,0.155033,0.262604,0.066656,-2.348770,1.383897,2.209574,1.436345,-0.003527,0.024219,0.000110,0.018214,0.005166,0.000437,-0.013603
2025-12-16 18:26:23.750,0.155032,0.262633,0.066651,-2.348753,1.383898,2.209572,1.436325,-0.002147,0.027694,-0.001130,0.016210,0.003181,-0.000421,-0.017035
2025-12-16 18:26:23.751,0.155030,0.262694,0.066650,-2.348715,1.383904,2.209572,1.436310,-0.000680,0.029803,-0.000071,0.019113,0.001742,-0.000311,-0.012101
2025-12-16 18:26:23.753,0.155028,0.262750,0.066649,-2.348676,1.383910,2.209571,1.436282,0.000415,0.030046,0.000162,0.021096,0.006519,-0.000636,-0.013135
2025-12-16 18:26:23.754,0.155025,0.262783,0.066647,-2.348653,1.383910,2.209571,1.436272,-0.000364,0.029454,-0.000562,0.020366,0.004507,-0.000424,-0.008582
2025-12-16 18:26:23.755,0.155026,0.262811,0.066652,-2.348634,1.383910,2.209571,1.436261,0.000808,0.027240,0.001372,0.021593,0.003380,-0.000283,-0.011120
2025-12-16 18:26:23.756,0.155026,0.262842,0.066648,-2.348615,1.383915,2.209570,1.436256,0.000492,0.027371,0.000346,0.022469,0.002873,-0.000561,-0.005810
2025-12-16 18:26:23.757,0.155023,0.262872,0.066651,-2.348597,1.383915,2.209571,1.436240,0.000292,0.026250,0.001428,0.019503,0.001787,-0.000001,-0.006349
2025-12-16 18:26:23.759,0.155022,0.262934,0.066648,-2.348552,1.383920,2.209569,1.436208,0.000154,0.028216,0.000625,0.020014,0.004661,-0.000588,-0.009214
2025-12-16 18:26:23.761,0.155019,0.262995,0.066648,-2.348513,1.383924,2.209569,1.436196,0.000047,0.026502,0.001201,0.016512,0.006137,-0.000499,-0.003605
2025-12-16 18:26:23.762,0.155018,0.263030,0.066645,-2.348491,1.383924,2.209570,1.436179,0.000023,0.030489,0.000798,0.017863,0.004261,0.000007,-0.004154
2025-12-16 18:26:23.763,0.155015,0.263063,0.066643,-2.348467,1.383927,2.209570,1.436166,0.000009,0.032849,-0.003180,0.020905,0.003223,0.000004,-0.003760
2025-12-16 18:26:23.764,0.155018,0.263092,0.066644,-2.348449,1.383928,2.209574,1.436165,0.000558,0.032869,-0.001827,0.021395,0.002435,0.000376,-0.000859
2025-12-16 18:26:23.766,0.155016,0.263155,0.066643,-2.348404,1.383933,2.209570,1.436142,0.000243,0.033242,-0.001278,0.024319,0.001612,-0.000206,-0.004566
2025-12-16 18:26:23.767,0.155012,0.263188,0.066644,-2.348382,1.383934,2.209570,1.436127,-0.000397,0.034877,-0.000407,0.024438,0.001196,-0.000137,-0.005245
2025-12-16 18:26:23.768,0.155013,0.263218,0.066640,-2.348360,1.383934,2.209572,1.436122,0.000291,0.035021,-0.000911,0.024616,0.000888,0.000654,-0.002317
2025-12-16 18:26:23.773,0.155010,0.263382,0.066641,-2.348250,1.383944,2.209569,1.436071,-0.005658,0.029762,0.000938,0.019616,-0.000019,-0.000255,-0.008045
2025-12-16 18:26:23.774,0.155007,0.263409,0.066636,-2.348234,1.383945,2.209569,1.436066,-0.004222,0.027424,-0.000503,0.016642,0.000343,-0.000170,-0.004631
2025-12-16 18:26:23.776,0.155005,0.263472,0.066638,-2.348189,1.383948,2.209571,1.436037,-0.002912,0.026285,0.000287,0.016640,-0.000057,0.000524,-0.005836
2025-12-16 18:26:23.778,0.155004,0.263538,0.066638,-2.348136,1.383953,2.209568,1.436026,-0.001192,0.028854,0.000118,0.018864,0.004919,-0.000491,-0.000631
2025-12-16 18:26:23.779,0.154998,0.263571,0.066634,-2.348117,1.383953,2.209569,1.436015,-0.002108,0.031678,-0.000481,0.019289,0.003327,0.000046,-0.001305
2025-12-16 18:26:23.780,0.155002,0.263605,0.066635,-2.348096,1.383954,2.209570,1.436001,-0.003207,0.030692,0.000233,0.020150,0.002508,0.000370,-0.001372
2025-12-16 18:26:23.783,0.154996,0.263706,0.066631,-2.348028,1.383957,2.209568,1.435973,-0.004242,0.036120,-0.000284,0.022709,0.000713,-0.000124,-0.010374
2025-12-16 18:26:23.784,0.154996,0.263736,0.066629,-2.348000,1.383959,2.209569,1.435964,-0.003823,0.032595,-0.000190,0.025190,0.000906,0.000290,-0.013383
2025-12-16 18:26:23.785,0.154996,0.263770,0.066638,-2.347975,1.383959,2.209567,1.435947,-0.002320,0.031311,0.002192,0.022068,0.000673,-0.000552,-0.016485
2025-12-16 18:26:23.786,0.154997,0.263806,0.066632,-2.347952,1.383959,2.209570,1.435941,-0.004781,0.033963,0.000255,0.022823,0.000500,0.000717,-0.010755
2025-12-16 18:26:23.787,0.154993,0.263841,0.066630,-2.347928,1.383962,2.209568,1.435933,-0.004224,0.035969,-0.000387,0.023958,0.000033,-0.000234,-0.012069
2025-12-16 18:26:23.788,0.154992,0.263866,0.066632,-2.347912,1.383962,2.209568,1.435926,-0.003176,0.031253,0.000298,0.021858,-0.000288,-0.000156,-0.013075
2025-12-16 18:26:23.790,0.154989,0.263904,0.066633,-2.347881,1.383965,2.209569,1.435912,-0.003501,0.031953,0.000848,0.025215,0.000813,0.000269,-0.012424
2025-12-16 18:26:23.791,0.154990,0.263936,0.066629,-2.347861,1.383964,2.209568,1.435904,-0.001423,0.030089,-0.003211,0.024016,0.000253,-0.000194,-0.008842
2025-12-16 18:26:23.793,0.154987,0.263998,0.066631,-2.347814,1.383965,2.209569,1.435891,-0.001219,0.029336,-0.000775,0.021591,-0.000650,0.000163,-0.008139
2025-12-16 18:26:23.794,0.154989,0.264064,0.066627,-2.347765,1.383970,2.209569,1.435866,-0.000106,0.032063,-0.001357,0.023983,0.000376,0.000072,-0.010068
2025-12-16 18:26:23.795,0.154984,0.264094,0.066623,-2.347740,1.383971,2.209570,1.435860,-0.001882,0.032786,-0.002193,0.024283,0.000594,0.000387,-0.007108
2025-12-16 18:26:23.796,0.154989,0.264129,0.066627,-2.347720,1.383969,2.209569,1.435857,0.000473,0.035406,-0.000318,0.019456,-0.000245,-0.000081,-0.003493
2025-12-16 18:26:23.799,0.154982,0.264223,0.066627,-2.347646,1.383971,2.209569,1.435824,-0.000303,0.034618,-0.000040,0.023315,0.005031,0.000100,-0.005819
2025-12-16 18:26:23.800,0.154984,0.264254,0.066625,-2.347621,1.383972,2.209569,1.435826,0.000344,0.032726,-0.000603,0.024351,0.003102,0.000067,-0.006792
2025-12-16 18:26:23.802,0.154982,0.264319,0.066620,-2.347576,1.383975,2.209571,1.435803,-0.000014,0.032606,-0.000722,0.024449,0.001886,0.000504,-0.005902
2025-12-16 18:26:23.803,0.154980,0.264348,0.066618,-2.347555,1.383974,2.209569,1.435795,-0.000014,0.030612,-0.001046,0.024085,0.001118,-0.000376,-0.003982
2025-12-16 18:26:23.805,0.154979,0.264410,0.066622,-2.347514,1.383974,2.209568,1.435785,0.000205,0.028456,0.000733,0.023273,0.000571,-0.000291,-0.005219
2025-12-16 18:26:23.806,0.154976,0.264437,0.066622,-2.347490,1.383980,2.209569,1.435776,-0.001072,0.026949,0.000485,0.024246,0.001434,0.000179,-0.005086
2025-12-16 18:26:23.807,0.154977,0.264469,0.066620,-2.347464,1.383978,2.209569,1.435768,-0.000159,0.027461,-0.000329,0.025671,0.001008,0.000119,-0.008501
2025-12-16 18:26:23.809,0.154979,0.264530,0.066620,-2.347424,1.383978,2.209569,1.435756,0.000361,0.027262,-0.000149,0.022782,0.003434,0.000053,-0.008211
2025-12-16 18:26:23.810,0.154976,0.264558,0.066618,-2.347404,1.383979,2.209569,1.435748,-0.000967,0.025729,-0.000657,0.022840,0.002603,0.000035,-0.006977
2025-12-16 18:26:23.811,0.154977,0.264588,0.066614,-2.347380,1.383979,2.209569,1.435741,-0.000088,0.026106,-0.000996,0.020990,0.001970,0.000024,-0.004871
2025-12-16 18:26:23.815,0.154974,0.264703,0.066619,-2.347300,1.383981,2.209570,1.435724,-0.000822,0.029615,0.000318,0.019421,0.000540,0.000155,-0.003274
2025-12-16 18:26:23.816,0.154972,0.264727,0.066616,-2.347280,1.383983,2.209571,1.435712,-0.001105,0.030385,-0.000345,0.020400,0.000077,0.000477,-0.005133
2025-12-16 18:26:23.817,0.154974,0.264766,0.066615,-2.347257,1.383985,2.209569,1.435703,-0.000180,0.032672,-0.000230,0.019828,0.000432,-0.000394,-0.005211
2025-12-16 18:26:23.818,0.154970,0.264788,0.066617,-2.347234,1.383982,2.209569,1.435706,-0.000677,0.028797,-0.000154,0.021432,0.000319,-0.000263,-0.001179
2025-12-16 18:26:23.821,0.154972,0.264865,0.066613,-2.347175,1.383985,2.209568,1.435684,0.000604,0.025837,-0.000602,0.021218,-0.000058,-0.000639,-0.002484
2025-12-16 18:26:23.822,0.154973,0.264892,0.066611,-2.347154,1.383986,2.209570,1.435685,-0.000154,0.025693,-0.001051,0.023099,0.000310,0.000286,-0.004394
2025-12-16 18:26:23.823,0.154975,0.264912,0.066619,-2.347137,1.383986,2.209571,1.435680,0.001011,0.023834,0.001062,0.019875,0.000214,0.000564,-0.003391
2025-12-16 18:26:23.825,0.154971,0.264965,0.066613,-2.347104,1.383985,2.209569,1.435670,-0.000479,0.025169,-0.000054,0.020255,-0.000010,-0.000337,-0.011865
2025-12-16 18:26:23.826,0.154971,0.264989,0.066613,-2.347083,1.383989,2.209569,1.435671,-0.000319,0.024655,-0.000036,0.019848,-0.000003,-0.000225,-0.007001
2025-12-16 18:26:23.827,0.154970,0.265016,0.066615,-2.347066,1.383990,2.209568,1.435665,0.000344,0.025333,0.000533,0.017627,0.000000,-0.000523,-0.006045
2025-12-16 18:26:23.828,0.154969,0.265035,0.066613,-2.347047,1.383991,2.209569,1.435658,0.000229,0.023007,0.000355,0.019629,0.000341,0.000024,-0.005275
2025-12-16 18:26:23.831,0.154967,0.265083,0.066610,-2.347007,1.383990,2.209569,1.435648,-0.000269,0.024031,-0.000585,0.022372,0.000142,0.000260,-0.004209
2025-12-16 18:26:23.832,0.154969,0.265132,0.066612,-2.346969,1.383990,2.209569,1.435646,0.000252,0.024326,-0.000631,0.023821,0.000064,0.000364,-0.004128
2025-12-16 18:26:23.833,0.154969,0.265154,0.066613,-2.346956,1.383995,2.209569,1.435634,0.000168,0.023977,-0.000421,0.019940,0.000721,0.000243,-0.005673
2025-12-16 18:26:23.834,0.154969,0.265179,0.066613,-2.346932,1.383993,2.209569,1.435631,0.000112,0.024367,-0.000280,0.019845,-0.000536,0.000162,-0.003752
2025-12-16 18:26:23.839,0.154970,0.265294,0.066613,-2.346845,1.383994,2.209568,1.435612,-0.000248,0.021959,0.000829,0.016061,-0.000050,-0.000034,-0.008219
2025-12-16 18:26:23.840,0.154966,0.265311,0.066610,-2.346830,1.383996,2.209571,1.435605,-0.002020,0.021007,-0.000004,0.014470,-0.000339,-0.000023,-0.011653
2025-12-16 18:26:23.841,0.154965,0.265332,0.066607,-2.346814,1.383997,2.209572,1.435602,-0.001415,0.021635,-0.000559,0.013898,-0.000226,-0.000015,-0.008296
2025-12-16 18:26:23.842,0.154968,0.265355,0.066611,-2.346795,1.383998,2.209568,1.435598,0.000119,0.022606,0.000184,0.017672,-0.000150,-0.000383,-0.005833
2025-12-16 18:26:23.845,0.154964,0.265420,0.066612,-2.346748,1.384002,2.209569,1.435579,-0.000641,0.023662,0.000240,0.018464,0.000261,0.000271,-0.007893
2025-12-16 18:26:23.846,0.154963,0.265439,0.066610,-2.346734,1.384003,2.209568,1.435566,-0.001000,0.023565,-0.000397,0.016337,0.000174,-0.000192,-0.012145
2025-12-16 18:26:23.849,0.154966,0.265504,0.066608,-2.346681,1.384005,2.209572,1.435560,-0.000129,0.020016,-0.000489,0.015595,-0.000574,-0.000140,-0.007480
2025-12-16 18:26:23.850,0.154966,0.265526,0.066610,-2.346665,1.384005,2.209571,1.435550,-0.000091,0.021245,0.000324,0.018147,-0.000383,-0.000466,-0.006518
2025-12-16 18:26:23.851,0.154964,0.265546,0.066612,-2.346647,1.384004,2.209569,1.435540,-0.000621,0.022253,0.000773,0.017382,-0.000594,0.000062,-0.006359
2025-12-16 18:26:23.852,0.154963,0.265566,0.066610,-2.346635,1.384008,2.209570,1.435530,-0.000974,0.022444,-0.000042,0.018464,-0.000396,-0.000332,-0.005055
2025-12-16 18:26:23.854,0.154968,0.265584,0.066610,-2.346618,1.384012,2.209569,1.435529,0.001019,0.019454,-0.000028,0.017683,-0.000264,0.000152,-0.006950
2025-12-16 18:26:23.855,0.154963,0.265630,0.066608,-2.346587,1.384014,2.209572,1.435510,-0.001034,0.021423,-0.000012,0.016427,0.004592,0.000068,-0.009399
2025-12-16 18:26:23.857,0.154966,0.265643,0.066609,-2.346576,1.384017,2.209571,1.435497,0.000423,0.019686,-0.000008,0.014863,0.003463,-0.000328,-0.009196
2025-12-16 18:26:23.858,0.154966,0.265684,0.066608,-2.346545,1.384021,2.209572,1.435490,0.000187,0.017392,-0.000653,0.014361,0.001740,0.000227,-0.005478
2025-12-16 18:26:23.859,0.154966,0.265704,0.066610,-2.346534,1.384024,2.209574,1.435481,0.000124,0.016746,0.000214,0.012820,0.002008,0.000524,-0.010047
2025-12-16 18:26:23.860,0.154963,0.265724,0.066610,-2.346521,1.384028,2.209571,1.435475,-0.001031,0.015077,0.000143,0.014529,0.001466,-0.000396,-0.006842
2025-12-16 18:26:23.862,0.154968,0.265744,0.066610,-2.346502,1.384030,2.209570,1.435457,0.000983,0.017626,0.000095,0.016095,0.005097,-0.000603,-0.008086
2025-12-16 18:26:23.863,0.154964,0.265783,0.066608,-2.346474,1.384034,2.209571,1.435442,-0.000491,0.020848,-0.000607,0.014749,0.002617,0.000195,-0.005237
2025-12-16 18:26:23.864,0.154966,0.265800,0.066612,-2.346459,1.384040,2.209570,1.435440,-0.000328,0.021308,0.000245,0.018006,0.002310,-0.000209,-0.006071
2025-12-16 18:26:23.865,0.154967,0.265819,0.066612,-2.346444,1.384042,2.209571,1.435427,0.000338,0.019178,0.000720,0.017241,0.005770,0.000200,-0.007161
2025-12-16 18:26:23.867,0.154965,0.265840,0.066608,-2.346436,1.384046,2.209569,1.435423,-0.000888,0.018213,-0.000726,0.014053,0.004044,-0.000579,-0.003431
2025-12-16 18:26:23.868,0.154969,0.265870,0.066610,-2.346409,1.384054,2.209574,1.435404,0.000348,0.017036,0.000110,0.013477,0.003125,-0.000122,-0.006800
2025-12-16 18:26:23.869,0.154967,0.265890,0.066610,-2.346400,1.384058,2.209574,1.435392,-0.000325,0.017192,0.000073,0.012080,0.002004,-0.000454,-0.010566
2025-12-16 18:26:23.870,0.154967,0.265909,0.066609,-2.346382,1.384066,2.209571,1.435387,-0.000217,0.013397,-0.001157,0.014212,0.001506,-0.000303,-0.011194
2025-12-16 18:26:23.872,0.154966,0.265923,0.066611,-2.346371,1.384072,2.209575,1.435373,-0.000701,0.011894,0.000435,0.013005,0.006145,0.000510,-0.014651
2025-12-16 18:26:23.875,0.154971,0.265997,0.066613,-2.346318,1.384092,2.209574,1.435332,0.001181,0.017125,0.000756,0.013089,0.006838,-0.000235,-0.009906
2025-12-16 18:26:23.876,0.154969,0.266015,0.066611,-2.346309,1.384100,2.209572,1.435327,0.000231,0.019047,-0.000146,0.011630,0.004868,-0.000902,-0.006984
2025-12-16 18:26:23.878,0.154976,0.266052,0.066611,-2.346289,1.384117,2.209574,1.435315,0.001495,0.020042,0.003317,0.008468,0.010596,0.000096,-0.007592
2025-12-16 18:26:23.879,0.154972,0.266072,0.066610,-2.346271,1.384129,2.209577,1.435301,-0.000210,0.018767,0.001364,0.008249,0.008652,0.001149,-0.011905
2025-12-16 18:26:23.880,0.154972,0.266086,0.066612,-2.346263,1.384134,2.209574,1.435296,0.003328,0.019039,0.001666,0.008615,0.010839,-0.000319,-0.008482
2025-12-16 18:26:23.882,0.154974,0.266100,0.066609,-2.346255,1.384145,2.209576,1.435284,0.002507,0.020004,0.000147,0.005913,0.008790,-0.000586,-0.012119
2025-12-16 18:26:23.883,0.154977,0.266135,0.066610,-2.346231,1.384163,2.209578,1.435268,0.002164,0.019038,-0.000425,0.009324,0.013068,-0.000260,-0.006073
2025-12-16 18:26:23.884,0.154975,0.266153,0.066612,-2.346221,1.384172,2.209578,1.435256,0.001008,0.018022,0.000429,0.009229,0.009453,-0.000174,-0.010242
2025-12-16 18:26:23.886,0.154976,0.266193,0.066611,-2.346198,1.384194,2.209578,1.435242,0.000763,0.016763,-0.000577,0.010730,0.009537,0.000047,-0.008192
2025-12-16 18:26:23.890,0.154979,0.266257,0.066621,-2.346154,1.384231,2.209581,1.435209,-0.000023,0.016009,0.000787,0.010336,0.007330,-0.000081,-0.008554
2025-12-16 18:26:23.891,0.154978,0.266279,0.066620,-2.346142,1.384240,2.209581,1.435192,-0.000556,0.019510,-0.000117,0.010786,0.005516,-0.000054,-0.013782
2025-12-16 18:26:23.892,0.154979,0.266296,0.066622,-2.346132,1.384249,2.209583,1.435183,-0.001008,0.020855,-0.000071,0.008650,0.003810,0.000337,-0.009885
2025-12-16 18:26:23.893,0.154981,0.266312,0.066623,-2.346119,1.384260,2.209586,1.435172,-0.000013,0.018729,-0.000043,0.007093,0.007034,0.000225,-0.008138
2025-12-16 18:26:23.895,0.154981,0.266345,0.066623,-2.346100,1.384283,2.209586,1.435164,0.001618,0.018564,-0.000540,0.010353,0.013070,-0.000397,-0.005660
2025-12-16 18:26:23.897,0.154983,0.266381,0.066624,-2.346082,1.384303,2.209591,1.435137,0.000630,0.016901,-0.000887,0.009936,0.015757,0.000196,-0.005704
2025-12-16 18:26:23.898,0.154985,0.266395,0.066627,-2.346072,1.384312,2.209592,1.435134,0.003479,0.015231,-0.000590,0.010750,0.011451,0.000131,-0.002026
2025-12-16 18:26:23.899,0.154986,0.266413,0.066629,-2.346063,1.384324,2.209590,1.435115,0.002703,0.017695,0.000257,0.011134,0.009276,-0.000625,-0.004503
2025-12-16 18:26:23.900,0.154986,0.266425,0.066628,-2.346048,1.384334,2.209592,1.435115,0.002090,0.014657,-0.001034,0.013176,0.011041,-0.000790,-0.000322
2025-12-16 18:26:23.901,0.154986,0.266448,0.066627,-2.346038,1.384345,2.209594,1.435093,0.000960,0.016047,-0.001896,0.013013,0.012985,-0.000153,-0.003248
2025-12-16 18:26:23.902,0.154989,0.266460,0.066634,-2.346028,1.384355,2.209598,1.435090,0.000802,0.013352,0.000500,0.012880,0.014580,0.000983,-0.004452
2025-12-16 18:26:23.904,0.154990,0.266477,0.066632,-2.346020,1.384367,2.209599,1.435082,0.000656,0.015884,-0.000223,0.012091,0.011623,-0.000091,-0.003819
2025-12-16 18:26:23.905,0.154994,0.266508,0.066636,-2.346001,1.384388,2.209600,1.435056,0.003481,0.013717,-0.000470,0.008879,0.010726,-0.000165,-0.012262
2025-12-16 18:26:23.909,0.154994,0.266579,0.066645,-2.345961,1.384435,2.209611,1.435021,-0.000440,0.017448,0.002162,0.010667,0.011031,-0.000669,-0.003955
2025-12-16 18:26:23.911,0.155001,0.266609,0.066646,-2.345946,1.384462,2.209618,1.434987,0.003373,0.015792,0.000312,0.007985,0.011936,0.000415,-0.008538
2025-12-16 18:26:23.912,0.155002,0.266624,0.066645,-2.345936,1.384473,2.209622,1.434976,0.001876,0.017640,-0.000887,0.006609,0.012476,0.000276,-0.010193
2025-12-16 18:26:23.913,0.155003,0.266643,0.066648,-2.345925,1.384488,2.209628,1.434970,0.000902,0.017185,-0.000508,0.009220,0.014418,0.000557,-0.009408
2025-12-16 18:26:23.915,0.155009,0.266676,0.066652,-2.345907,1.384514,2.209637,1.434938,0.003979,0.017185,-0.000509,0.011656,0.015759,0.000112,-0.012839
2025-12-16 18:26:23.916,0.155004,0.266698,0.066656,-2.345901,1.384528,2.209643,1.434927,0.000638,0.020474,-0.000954,0.010758,0.016657,0.004017,-0.014895
2025-12-16 18:26:23.919,0.155013,0.266740,0.066667,-2.345877,1.384580,2.209665,1.434889,0.000411,0.016981,-0.001161,0.010237,0.023763,0.009764,-0.010197
2025-12-16 18:26:23.920,0.155013,0.266757,0.066671,-2.345870,1.384596,2.209675,1.434871,-0.000743,0.016016,0.001838,0.007622,0.021769,0.012400,-0.013686
2025-12-16 18:26:23.921,0.155020,0.266775,0.066681,-2.345860,1.384614,2.209686,1.434855,0.000691,0.015840,0.002610,0.006886,0.021020,0.014327,-0.015432
2025-12-16 18:26:23.923,0.155023,0.266814,0.066689,-2.345845,1.384648,2.209709,1.434838,0.002643,0.014895,0.001263,0.007482,0.020172,0.007767,-0.013819
2025-12-16 18:26:23.925,0.155026,0.266842,0.066696,-2.345836,1.384686,2.209728,1.434803,0.003243,0.014990,0.004913,0.002995,0.019756,0.007602,-0.017372
2025-12-16 18:26:23.926,0.155032,0.266857,0.066701,-2.345828,1.384705,2.209739,1.434793,0.003109,0.016474,0.006400,0.003478,0.019492,0.010034,-0.016380
2025-12-16 18:26:23.927,0.155036,0.266874,0.066707,-2.345821,1.384725,2.209750,1.434780,0.005272,0.015680,0.008062,0.003081,0.019640,0.012242,-0.012068
2025-12-16 18:26:23.928,0.155040,0.266893,0.066712,-2.345820,1.384747,2.209764,1.434762,0.003466,0.015039,0.005573,0.001095,0.023743,0.009585,-0.010245
2025-12-16 18:26:23.929,0.155044,0.266915,0.066719,-2.345808,1.384766,2.209780,1.434739,0.006083,0.018831,0.008523,0.003723,0.022137,0.012414,-0.014148
2025-12-16 18:26:23.931,0.155054,0.266946,0.066732,-2.345804,1.384810,2.209804,1.434709,0.009184,0.018551,0.009543,0.002300,0.026034,0.009884,-0.014151
2025-12-16 18:26:23.932,0.155059,0.266967,0.066737,-2.345793,1.384831,2.209815,1.434691,0.009855,0.017737,0.009856,0.004185,0.028158,0.011620,-0.010693
2025-12-16 18:26:23.933,0.155065,0.266981,0.066744,-2.345790,1.384853,2.209830,1.434671,0.010956,0.015213,0.007472,0.002320,0.026309,0.013820,-0.014236
2025-12-16 18:26:23.935,0.155079,0.267019,0.066752,-2.345784,1.384900,2.209858,1.434636,0.009404,0.016489,0.006598,0.002922,0.027058,0.016609,-0.016211
2025-12-16 18:26:23.936,0.155083,0.267038,0.066760,-2.345778,1.384922,2.209870,1.434621,0.008709,0.018726,0.008138,0.002784,0.024278,0.016724,-0.015397
2025-12-16 18:26:23.937,0.155090,0.267057,0.066767,-2.345776,1.384947,2.209882,1.434604,0.007315,0.020352,0.009264,0.003882,0.023240,0.017574,-0.016647
2025-12-16 18:26:23.938,0.155096,0.267076,0.066774,-2.345767,1.384971,2.209891,1.434588,0.004871,0.021589,0.010116,0.004761,0.022131,0.012778,-0.016577
2025-12-16 18:26:23.939,0.155105,0.267095,0.066778,-2.345765,1.384997,2.209904,1.434562,0.004380,0.019895,0.007038,0.002924,0.020968,0.009595,-0.019721
2025-12-16 18:26:23.940,0.155113,0.267112,0.066785,-2.345763,1.385023,2.209917,1.434548,0.006734,0.017440,0.007925,0.001622,0.020792,0.007204,-0.012840
2025-12-16 18:26:23.941,0.155117,0.267129,0.066790,-2.345766,1.385052,2.209929,1.434532,0.003285,0.018714,0.005375,-0.000509,0.025455,0.005408,-0.013285
2025-12-16 18:26:23.942,0.155126,0.267148,0.066799,-2.345755,1.385077,2.209942,1.434502,0.003167,0.020360,0.007278,0.002110,0.023726,0.008696,-0.017506
2025-12-16 18:26:23.944,0.155130,0.267165,0.066807,-2.345754,1.385106,2.209957,1.434488,0.004782,0.021568,0.008118,0.000947,0.027500,0.011580,-0.015529
2025-12-16 18:26:23.945,0.155148,0.267203,0.066820,-2.345746,1.385160,2.209983,1.434444,0.006360,0.017099,0.003494,0.001638,0.024518,0.006223,-0.020796
2025-12-16 18:26:23.946,0.155157,0.267223,0.066829,-2.345749,1.385186,2.209997,1.434416,0.008278,0.016589,0.006612,0.000019,0.026728,0.005387,-0.022915
2025-12-16 18:26:23.947,0.155164,0.267242,0.066843,-2.345747,1.385213,2.210013,1.434393,0.006246,0.016159,0.009878,0.000600,0.024403,0.008287,-0.021754
2025-12-16 18:26:23.948,0.155175,0.267260,0.066847,-2.345746,1.385245,2.210027,1.434371,0.008780,0.015185,0.005525,0.000980,0.027672,0.010428,-0.025583
2025-12-16 18:26:23.949,0.155181,0.267278,0.066860,-2.345743,1.385275,2.210042,1.434355,0.009419,0.017117,0.005325,0.000671,0.025480,0.012535,-0.022067
2025-12-16 18:26:23.950,0.155187,0.267297,0.066867,-2.345741,1.385302,2.210058,1.434329,0.009922,0.016008,0.003946,0.001666,0.024263,0.010130,-0.022415
2025-12-16 18:26:23.951,0.155200,0.267314,0.066876,-2.345747,1.385334,2.210073,1.434310,0.008720,0.014605,0.005522,0.002016,0.023219,0.012241,-0.021064
2025-12-16 18:26:23.953,0.155209,0.267333,0.066888,-2.345745,1.385362,2.210093,1.434280,0.007044,0.014185,0.007902,0.002733,0.026176,0.014552,-0.023141
2025-12-16 18:26:23.954,0.155228,0.267372,0.066902,-2.345743,1.385424,2.210126,1.434245,0.010074,0.013343,0.009241,0.001693,0.027782,0.016000,-0.015288
2025-12-16 18:26:23.955,0.155241,0.267392,0.066916,-2.345741,1.385453,2.210138,1.434225,0.012132,0.013770,0.011228,0.001894,0.030167,0.015537,-0.015145
2025-12-16 18:26:23.956,0.155248,0.267413,0.066924,-2.345746,1.385481,2.210157,1.434195,0.011787,0.014641,0.011504,0.000144,0.031818,0.016042,-0.023921
2025-12-16 18:26:23.957,0.155260,0.267432,0.066937,-2.345742,1.385512,2.210173,1.434167,0.012931,0.017151,0.009794,0.001924,0.033119,0.016708,-0.023203
2025-12-16 18:26:23.958,0.155269,0.267456,0.066948,-2.345744,1.385548,2.210192,1.434151,0.013083,0.020801,0.007775,0.000775,0.030568,0.017638,-0.020116
2025-12-16 18:26:23.960,0.155279,0.267466,0.066956,-2.345747,1.385577,2.210212,1.434130,0.013188,0.018569,0.008299,-0.000653,0.032064,0.018310,-0.019110
2025-12-16 18:26:23.961,0.155299,0.267517,0.066979,-2.345747,1.385639,2.210250,1.434075,0.007183,0.021577,0.008018,-0.000653,0.031229,0.018332,-0.026269
2025-12-16 18:26:23.962,0.155313,0.267534,0.066988,-2.345746,1.385668,2.210270,1.434055,0.009942,0.018010,0.008412,0.000137,0.027770,0.018422,-0.022803
2025-12-16 18:26:23.963,0.155320,0.267558,0.067002,-2.345746,1.385703,2.210287,1.434030,0.009741,0.017709,0.007500,0.000103,0.029885,0.017763,-0.026768
2025-12-16 18:26:23.964,0.155335,0.267577,0.067014,-2.345746,1.385732,2.210306,1.434012,0.012565,0.019438,0.009221,0.000077,0.026516,0.018063,-0.027656
2025-12-16 18:26:23.966,0.155348,0.267593,0.067027,-2.345749,1.385765,2.210325,1.433986,0.013775,0.016528,0.008002,-0.007582,0.025081,0.018225,-0.026315
2025-12-16 18:26:23.967,0.155360,0.267621,0.067035,-2.345744,1.385800,2.210345,1.433954,0.017102,0.020983,0.007778,-0.003831,0.028531,0.023210,-0.026966
2025-12-16 18:26:23.968,0.155384,0.267661,0.067058,-2.345745,1.385871,2.210384,1.433912,0.015929,0.019571,0.012072,-0.001502,0.028125,0.016426,-0.024900
2025-12-16 18:26:23.969,0.155396,0.267688,0.067068,-2.345749,1.385906,2.210402,1.433894,0.016014,0.019590,0.012213,-0.002435,0.026105,0.021365,-0.022353
2025-12-16 18:26:23.970,0.155404,0.267708,0.067084,-2.345749,1.385939,2.210418,1.433865,0.018209,0.020817,0.010371,-0.001794,0.028584,0.024622,-0.028558
2025-12-16 18:26:23.971,0.155414,0.267730,0.067096,-2.345749,1.385974,2.210439,1.433841,0.016541,0.021714,0.011388,-0.001324,0.030186,0.023622,-0.025988
2025-12-16 18:26:23.973,0.155432,0.267752,0.067108,-2.345747,1.386011,2.210458,1.433817,0.021618,0.019369,0.014789,-0.003380,0.032747,0.021570,-0.024253
2025-12-16 18:26:23.974,0.155454,0.267794,0.067132,-2.345752,1.386085,2.210499,1.433776,0.017601,0.019082,0.014265,-0.001562,0.031969,0.020542,-0.024069
2025-12-16 18:26:23.975,0.155465,0.267820,0.067142,-2.345755,1.386122,2.210520,1.433749,0.016068,0.021820,0.013204,-0.001874,0.033419,0.020883,-0.023912
2025-12-16 18:26:23.976,0.155478,0.267840,0.067155,-2.345753,1.386154,2.210543,1.433726,0.012624,0.021985,0.013094,-0.000738,0.033405,0.020297,-0.022253
2025-12-16 18:26:23.978,0.155502,0.267887,0.067186,-2.345756,1.386225,2.210587,1.433678,0.013598,0.023301,0.020237,-0.000257,0.034852,0.019403,-0.024472
2025-12-16 18:26:23.979,0.155514,0.267911,0.067196,-2.345755,1.386263,2.210608,1.433653,0.013595,0.024286,0.013266,0.000884,0.035688,0.019514,-0.027797
2025-12-16 18:26:23.980,0.155526,0.267933,0.067211,-2.345756,1.386300,2.210634,1.433618,0.013617,0.024482,0.013813,0.000546,0.031181,0.019627,-0.029219
2025-12-16 18:26:23.981,0.155537,0.267957,0.067226,-2.345760,1.386338,2.210659,1.433596,0.009629,0.025238,0.010994,-0.000226,0.032793,0.019352,-0.024598
2025-12-16 18:26:23.982,0.155550,0.267980,0.067237,-2.345759,1.386373,2.210676,1.433576,0.014180,0.024510,0.010121,0.000382,0.034023,0.017703,-0.026007
2025-12-16 18:26:23.983,0.155561,0.268003,0.067252,-2.345760,1.386412,2.210704,1.433552,0.013558,0.022179,0.011335,0.000886,0.035476,0.023429,-0.024442
2025-12-16 18:26:23.984,0.155576,0.268025,0.067266,-2.345764,1.386453,2.210728,1.433522,0.014305,0.019080,0.011003,-0.000630,0.035965,0.021893,-0.023991
2025-12-16 18:26:23.985,0.155591,0.268046,0.067281,-2.345757,1.386494,2.210751,1.433488,0.014155,0.020079,0.011440,0.002540,0.036818,0.020761,-0.029521
2025-12-16 18:26:23.987,0.155615,0.268092,0.067307,-2.345763,1.386574,2.210804,1.433437,0.013912,0.021625,0.011477,0.001056,0.037070,0.025363,-0.026726
2025-12-16 18:26:23.988,0.155626,0.268115,0.067321,-2.345768,1.386617,2.210827,1.433412,0.013242,0.022614,0.012358,0.000143,0.037252,0.027592,-0.024407
2025-12-16 18:26:23.989,0.155641,0.268137,0.067336,-2.345770,1.386660,2.210854,1.433372,0.014114,0.022610,0.012409,-0.002709,0.037463,0.030344,-0.026289
2025-12-16 18:26:23.991,0.155669,0.268184,0.067363,-2.345772,1.386739,2.210908,1.433321,0.011652,0.020723,0.014840,-0.001167,0.036554,0.029877,-0.029526
2025-12-16 18:26:23.992,0.155684,0.268212,0.067382,-2.345775,1.386782,2.210939,1.433291,0.012724,0.023706,0.016106,-0.003966,0.037203,0.027863,-0.031729
2025-12-16 18:26:23.993,0.155693,0.268235,0.067394,-2.345775,1.386824,2.210964,1.433261,0.011725,0.024027,0.013905,-0.001792,0.037162,0.025778,-0.028963
2025-12-16 18:26:23.994,0.155710,0.268254,0.067409,-2.345778,1.386872,2.210990,1.433228,0.013523,0.023008,0.014262,-0.004487,0.037753,0.023231,-0.031525
2025-12-16 18:26:23.996,0.155723,0.268278,0.067422,-2.345783,1.386916,2.211019,1.433200,0.013537,0.024299,0.016402,-0.007289,0.042532,0.027191,-0.032394
2025-12-16 18:26:23.997,0.155748,0.268319,0.067449,-2.345787,1.387010,2.211077,1.433139,0.012546,0.020494,0.014227,-0.003334,0.048075,0.027917,-0.035120
2025-12-16 18:26:23.998,0.155764,0.268347,0.067463,-2.345791,1.387060,2.211105,1.433101,0.014112,0.023528,0.013877,-0.005056,0.050972,0.030314,-0.037555
2025-12-16 18:26:24.000,0.155773,0.268364,0.067478,-2.345793,1.387109,2.211132,1.433069,0.012807,0.018929,0.013588,-0.003234,0.052700,0.031280,-0.033035
2025-12-16 18:26:24.001,0.155788,0.268388,0.067492,-2.345799,1.387161,2.211159,1.433043,0.013778,0.017981,0.013361,-0.005533,0.053980,0.032546,-0.031876
2025-12-16 18:26:24.002,0.155804,0.268409,0.067507,-2.345801,1.387210,2.211192,1.433015,0.014885,0.016110,0.013168,-0.006131,0.054571,0.034859,-0.027229
2025-12-16 18:26:24.003,0.155815,0.268433,0.067524,-2.345807,1.387261,2.211217,1.432978,0.017455,0.018945,0.014152,-0.005299,0.050293,0.034128,-0.032144
2025-12-16 18:26:24.004,0.155829,0.268453,0.067539,-2.345809,1.387310,2.211249,1.432945,0.015945,0.016780,0.013671,-0.002817,0.051468,0.036329,-0.028737
2025-12-16 18:26:24.005,0.155840,0.268477,0.067553,-2.345817,1.387362,2.211277,1.432912,0.014809,0.019478,0.016541,-0.006142,0.052916,0.031459,-0.032281
2025-12-16 18:26:24.006,0.155855,0.268496,0.067568,-2.345822,1.387412,2.211304,1.432891,0.015362,0.019757,0.015517,-0.007049,0.054242,0.032587,-0.026277
2025-12-16 18:26:24.008,0.155881,0.268539,0.067601,-2.345835,1.387511,2.211365,1.432827,0.014705,0.021399,0.015202,-0.004694,0.054687,0.031183,-0.028758
2025-12-16 18:26:24.009,0.155897,0.268564,0.067609,-2.345841,1.387562,2.211395,1.432791,0.015589,0.022960,0.012137,-0.004060,0.050461,0.027481,-0.033139
2025-12-16 18:26:24.010,0.155924,0.268609,0.067645,-2.345851,1.387663,2.211450,1.432739,0.015380,0.021188,0.014630,-0.004832,0.048502,0.026967,-0.032549
2025-12-16 18:26:24.011,0.155935,0.268633,0.067657,-2.345856,1.387715,2.211481,1.432709,0.014339,0.022805,0.012792,-0.003568,0.051464,0.025785,-0.029229
2025-12-16 18:26:24.012,0.155949,0.268653,0.067671,-2.345866,1.387763,2.211511,1.432671,0.013670,0.022795,0.012834,-0.003844,0.047900,0.023659,-0.033478
2025-12-16 18:26:24.014,0.155964,0.268675,0.067684,-2.345868,1.387811,2.211542,1.432638,0.014278,0.023438,0.009083,-0.002201,0.044958,0.022855,-0.029674
2025-12-16 18:26:24.015,0.155992,0.268722,0.067717,-2.345882,1.387908,2.211601,1.432573,0.014651,0.022169,0.012533,-0.004543,0.050257,0.029368,-0.038575
2025-12-16 18:26:24.016,0.156004,0.268744,0.067728,-2.345887,1.387955,2.211626,1.432543,0.010371,0.022920,0.011841,-0.005800,0.051534,0.026336,-0.036838
2025-12-16 18:26:24.017,0.156020,0.268764,0.067745,-2.345896,1.388003,2.211653,1.432502,0.011806,0.023453,0.012685,-0.007909,0.052826,0.024059,-0.039654
2025-12-16 18:26:24.019,0.156051,0.268807,0.067777,-2.345911,1.388098,2.211711,1.432440,0.013362,0.022782,0.012773,-0.006860,0.046139,0.022130,-0.037541
2025-12-16 18:26:24.020,0.156065,0.268834,0.067793,-2.345920,1.388142,2.211742,1.432408,0.012881,0.021519,0.016012,-0.008455,0.048480,0.026665,-0.036076
2025-12-16 18:26:24.021,0.156077,0.268854,0.067807,-2.345930,1.388190,2.211768,1.432365,0.012636,0.018700,0.014486,-0.009421,0.046269,0.023899,-0.039261
2025-12-16 18:26:24.022,0.156094,0.268876,0.067821,-2.345937,1.388241,2.211797,1.432328,0.017012,0.017785,0.013557,-0.007082,0.045151,0.022573,-0.038613
2025-12-16 18:26:24.023,0.156104,0.268898,0.067836,-2.345938,1.388289,2.211823,1.432296,0.014749,0.015892,0.012830,-0.003559,0.042497,0.021629,-0.037505
2025-12-16 18:26:24.024,0.156121,0.268916,0.067852,-2.345952,1.388337,2.211854,1.432265,0.015158,0.017055,0.012843,-0.007616,0.046775,0.021253,-0.036457
2025-12-16 18:26:24.025,0.156135,0.268939,0.067866,-2.345958,1.388387,2.211882,1.432227,0.013945,0.016565,0.012202,-0.004461,0.048938,0.024564,-0.037122
2025-12-16 18:26:24.026,0.156149,0.268961,0.067885,-2.345967,1.388436,2.211912,1.432186,0.009860,0.018739,0.013601,-0.003974,0.051174,0.028208,-0.034744
2025-12-16 18:26:24.028,0.156174,0.269008,0.067914,-2.345985,1.388536,2.211971,1.432119,0.011186,0.022560,0.015612,-0.004410,0.048589,0.029405,-0.034171
2025-12-16 18:26:24.029,0.156191,0.269026,0.067932,-2.345991,1.388583,2.212002,1.432089,0.012478,0.019340,0.015551,-0.005473,0.050367,0.031017,-0.034144
2025-12-16 18:26:24.030,0.156209,0.269048,0.067946,-2.345998,1.388630,2.212031,1.432048,0.010019,0.017082,0.013610,-0.004267,0.046869,0.032618,-0.037230
2025-12-16 18:26:24.031,0.156217,0.269071,0.067963,-2.346007,1.388679,2.212060,1.432010,0.009145,0.016582,0.013426,-0.003866,0.045065,0.033855,-0.038061
2025-12-16 18:26:24.032,0.156232,0.269092,0.067983,-2.346018,1.388730,2.212097,1.431977,0.010434,0.018702,0.014447,-0.006814,0.047914,0.031485,-0.037210
2025-12-16 18:26:24.033,0.156250,0.269115,0.067995,-2.346027,1.388780,2.212125,1.431937,0.014739,0.020275,0.012709,-0.008121,0.050490,0.031928,-0.032700
2025-12-16 18:26:24.035,0.156262,0.269142,0.068017,-2.346030,1.388831,2.212156,1.431905,0.010503,0.023275,0.013959,-0.008151,0.046913,0.028220,-0.032552
2025-12-16 18:26:24.036,0.156279,0.269163,0.068030,-2.346041,1.388880,2.212187,1.431868,0.011059,0.023045,0.012330,-0.006198,0.049369,0.030859,-0.033816
2025-12-16 18:26:24.037,0.156307,0.269208,0.068063,-2.346058,1.388983,2.212247,1.431794,0.011517,0.023935,0.011947,-0.005843,0.053399,0.033130,-0.035331
2025-12-16 18:26:24.038,0.156326,0.269228,0.068081,-2.346073,1.389032,2.212278,1.431760,0.016659,0.023594,0.015962,-0.008981,0.054154,0.033890,-0.034458
2025-12-16 18:26:24.039,0.156341,0.269251,0.068096,-2.346075,1.389082,2.212309,1.431721,0.015835,0.023995,0.017716,-0.004853,0.049673,0.030529,-0.035936
2025-12-16 18:26:24.040,0.156352,0.269271,0.068113,-2.346089,1.389135,2.212342,1.431676,0.013542,0.023654,0.017082,-0.005470,0.051668,0.028625,-0.038506
2025-12-16 18:26:24.041,0.156371,0.269301,0.068131,-2.346093,1.389184,2.212371,1.431641,0.015049,0.026498,0.016495,-0.005530,0.052653,0.029659,-0.037090
2025-12-16 18:26:24.042,0.156384,0.269321,0.068149,-2.346106,1.389232,2.212403,1.431611,0.017548,0.025358,0.016102,-0.008468,0.053721,0.026827,-0.035405
2025-12-16 18:26:24.043,0.156398,0.269346,0.068165,-2.346113,1.389284,2.212432,1.431573,0.016290,0.025231,0.015132,-0.004539,0.054408,0.024486,-0.036522
2025-12-16 18:26:24.044,0.156414,0.269369,0.068185,-2.346123,1.389333,2.212462,1.431532,0.016550,0.025204,0.014982,-0.007350,0.055085,0.027096,-0.033959
2025-12-16 18:26:24.046,0.156443,0.269416,0.068216,-2.346139,1.389437,2.212530,1.431459,0.014851,0.022002,0.014352,-0.006207,0.056661,0.029598,-0.034721
2025-12-16 18:26:24.047,0.156460,0.269434,0.068234,-2.346155,1.389487,2.212559,1.431421,0.015164,0.024181,0.017623,-0.007022,0.056721,0.031158,-0.035453
2025-12-16 18:26:24.048,0.156479,0.269462,0.068250,-2.346160,1.389538,2.212591,1.431384,0.016204,0.026309,0.016285,-0.007795,0.056473,0.028007,-0.035665
2025-12-16 18:26:24.049,0.156490,0.269488,0.068269,-2.346167,1.389590,2.212619,1.431337,0.014431,0.026627,0.016400,-0.008045,0.056480,0.029855,-0.039045
2025-12-16 18:26:24.051,0.156503,0.269509,0.068287,-2.346176,1.389642,2.212649,1.431303,0.010188,0.025538,0.015927,-0.006596,0.056348,0.031249,-0.037037
2025-12-16 18:26:24.052,0.156535,0.269558,0.068317,-2.346197,1.389751,2.212713,1.431231,0.015243,0.022610,0.013618,-0.006749,0.052773,0.031291,-0.035057
2025-12-16 18:26:24.053,0.156548,0.269582,0.068333,-2.346205,1.389802,2.212741,1.431183,0.017588,0.023188,0.013346,-0.005058,0.048160,0.032040,-0.038740
2025-12-16 18:26:24.054,0.156566,0.269606,0.068348,-2.346212,1.389851,2.212775,1.431146,0.017837,0.021097,0.012591,-0.006831,0.050377,0.033792,-0.037660
2025-12-16 18:26:24.055,0.156581,0.269627,0.068367,-2.346222,1.389903,2.212807,1.431106,0.020685,0.020867,0.013825,-0.005679,0.051998,0.030761,-0.037227
2025-12-16 18:26:24.056,0.156595,0.269655,0.068383,-2.346230,1.389952,2.212839,1.431068,0.017942,0.023712,0.013527,-0.006683,0.053122,0.027693,-0.030822
2025-12-16 18:26:24.057,0.156609,0.269677,0.068404,-2.346241,1.390002,2.212867,1.431023,0.016849,0.025811,0.014912,-0.008871,0.048726,0.029578,-0.034562
2025-12-16 18:26:24.059,0.156623,0.269700,0.068415,-2.346249,1.390055,2.212899,1.430976,0.013159,0.025693,0.015749,-0.006060,0.050998,0.031489,-0.037045
2025-12-16 18:26:24.060,0.156649,0.269748,0.068453,-2.346266,1.390154,2.212957,1.430903,0.013118,0.025304,0.014954,-0.005551,0.053936,0.030737,-0.034240
2025-12-16 18:26:24.061,0.156662,0.269774,0.068471,-2.346278,1.390206,2.212988,1.430856,0.012942,0.025792,0.018034,-0.008657,0.054862,0.032791,-0.041313
2025-12-16 18:26:24.062,0.156676,0.269796,0.068482,-2.346289,1.390256,2.213017,1.430807,0.013368,0.024395,0.014946,-0.013842,0.050872,0.029251,-0.042533
2025-12-16 18:26:24.063,0.156688,0.269819,0.068503,-2.346294,1.390307,2.213045,1.430771,0.012255,0.024677,0.016102,-0.009119,0.047220,0.026178,-0.040130
2025-12-16 18:26:24.064,0.156705,0.269844,0.068519,-2.346307,1.390355,2.213078,1.430734,0.013831,0.025495,0.018645,-0.007947,0.048976,0.029197,-0.037773
2025-12-16 18:26:24.065,0.156716,0.269870,0.068537,-2.346315,1.390405,2.213102,1.430691,0.016656,0.022767,0.020871,-0.005306,0.050712,0.030538,-0.037850
2025-12-16 18:26:24.066,0.156731,0.269892,0.068553,-2.346319,1.390458,2.213131,1.430641,0.016194,0.022109,0.018738,-0.002755,0.047448,0.027968,-0.040452
2025-12-16 18:26:24.067,0.156745,0.269915,0.068565,-2.346329,1.390507,2.213160,1.430597,0.012662,0.022952,0.019068,-0.006022,0.049843,0.025666,-0.039558
2025-12-16 18:26:24.068,0.156760,0.269940,0.068583,-2.346340,1.390555,2.213189,1.430562,0.013542,0.023549,0.014919,-0.008304,0.046870,0.028568,-0.036514
2025-12-16 18:26:24.070,0.156768,0.269965,0.068601,-2.346348,1.390608,2.213216,1.430521,0.010865,0.024572,0.014912,-0.005628,0.049599,0.026841,-0.040863
2025-12-16 18:26:24.071,0.156783,0.269986,0.068615,-2.346359,1.390662,2.213244,1.430472,0.012263,0.020334,0.016796,-0.007847,0.047265,0.029430,-0.043067
2025-12-16 18:26:24.072,0.156794,0.270015,0.068633,-2.346364,1.390710,2.213268,1.430433,0.012189,0.020221,0.015752,-0.007326,0.049077,0.030976,-0.041700
2025-12-16 18:26:24.073,0.156824,0.270064,0.068666,-2.346382,1.390812,2.213323,1.430360,0.012759,0.022447,0.019865,-0.004667,0.051965,0.029936,-0.041152
2025-12-16 18:26:24.074,0.156833,0.270089,0.068682,-2.346391,1.390864,2.213352,1.430316,0.012189,0.023672,0.018130,-0.006557,0.053857,0.027167,-0.042248
2025-12-16 18:26:24.075,0.156849,0.270113,0.068700,-2.346399,1.390911,2.213382,1.430276,0.013421,0.026894,0.017386,-0.004377,0.054116,0.030142,-0.041475
2025-12-16 18:26:24.076,0.156862,0.270135,0.068711,-2.346408,1.390963,2.213408,1.430238,0.015610,0.025774,0.014412,-0.003897,0.050255,0.032461,-0.040404
2025-12-16 18:26:24.077,0.156872,0.270158,0.068728,-2.346415,1.391013,2.213436,1.430197,0.013646,0.025047,0.014626,-0.002357,0.052199,0.028984,-0.040515
2025-12-16 18:26:24.078,0.156887,0.270185,0.068744,-2.346426,1.391062,2.213464,1.430169,0.014473,0.025690,0.014148,-0.005624,0.048534,0.031085,-0.041119
2025-12-16 18:26:24.079,0.156896,0.270206,0.068759,-2.346432,1.391110,2.213491,1.430130,0.012808,0.024961,0.012663,-0.003642,0.050490,0.027221,-0.040366
2025-12-16 18:26:24.080,0.156909,0.270235,0.068777,-2.346443,1.391156,2.213518,1.430082,0.009719,0.026286,0.017043,-0.003322,0.051300,0.030587,-0.043163
2025-12-16 18:26:24.081,0.156923,0.270260,0.068793,-2.346452,1.391203,2.213545,1.430049,0.011314,0.026460,0.015328,-0.002468,0.056964,0.031840,-0.044633
2025-12-16 18:26:24.083,0.156933,0.270286,0.068809,-2.346458,1.391248,2.213573,1.430014,0.010504,0.029704,0.015420,-0.004320,0.051997,0.033801,-0.041950
2025-12-16 18:26:24.084,0.156946,0.270313,0.068823,-2.346468,1.391295,2.213600,1.429977,0.011500,0.029651,0.014134,-0.006888,0.048866,0.034902,-0.040590
2025-12-16 18:26:24.085,0.156970,0.270361,0.068854,-2.346487,1.391391,2.213651,1.429895,0.012232,0.027486,0.016147,-0.010323,0.048745,0.030411,-0.036240
2025-12-16 18:26:24.086,0.156983,0.270383,0.068873,-2.346494,1.391440,2.213679,1.429860,0.012644,0.029334,0.018890,-0.010019,0.046254,0.032174,-0.035467
2025-12-16 18:26:24.087,0.156999,0.270409,0.068886,-2.346505,1.391486,2.213708,1.429815,0.016985,0.032011,0.016647,-0.011203,0.044742,0.028853,-0.042314
2025-12-16 18:26:24.088,0.157008,0.270431,0.068898,-2.346509,1.391532,2.213734,1.429775,0.015454,0.029666,0.017917,-0.006586,0.047356,0.026705,-0.041200
2025-12-16 18:26:24.089,0.157016,0.270459,0.068913,-2.346522,1.391580,2.213763,1.429731,0.014162,0.029762,0.017236,-0.009387,0.049410,0.025035,-0.040894
2025-12-16 18:26:24.090,0.157029,0.270486,0.068932,-2.346532,1.391622,2.213791,1.429693,0.011219,0.029065,0.017865,-0.007022,0.045883,0.028089,-0.038604
2025-12-16 18:26:24.091,0.157042,0.270506,0.068943,-2.346541,1.391669,2.213819,1.429653,0.011877,0.026884,0.015762,-0.008938,0.048539,0.025347,-0.043540
2025-12-16 18:26:24.092,0.157054,0.270527,0.068955,-2.346546,1.391714,2.213845,1.429618,0.012697,0.028336,0.015028,-0.008219,0.045958,0.027868,-0.040955
2025-12-16 18:26:24.093,0.157068,0.270549,0.068972,-2.346557,1.391760,2.213875,1.429565,0.013120,0.026962,0.015604,-0.010069,0.048602,0.026038,-0.039120
2025-12-16 18:26:24.094,0.157082,0.270577,0.068983,-2.346565,1.391807,2.213900,1.429530,0.013950,0.030340,0.014213,-0.009747,0.046574,0.023799,-0.035980
2025-12-16 18:26:24.096,0.157106,0.270627,0.069006,-2.346584,1.391894,2.213964,1.429451,0.011724,0.027760,0.013492,-0.014097,0.041934,0.026832,-0.040484
2025-12-16 18:26:24.097,0.157116,0.270653,0.069019,-2.346594,1.391942,2.213989,1.429402,0.008022,0.027693,0.014359,-0.013820,0.041188,0.028594,-0.042065
2025-12-16 18:26:24.098,0.157130,0.270674,0.069031,-2.346600,1.391986,2.214017,1.429359,0.010312,0.025838,0.013831,-0.011980,0.040119,0.030466,-0.046724
2025-12-16 18:26:24.099,0.157142,0.270697,0.069046,-2.346609,1.392030,2.214042,1.429319,0.011549,0.025162,0.014079,-0.009737,0.039745,0.027505,-0.043530
2025-12-16 18:26:24.100,0.157153,0.270723,0.069058,-2.346618,1.392075,2.214070,1.429281,0.012086,0.022118,0.011016,-0.007873,0.044005,0.025214,-0.040595
2025-12-16 18:26:24.101,0.157166,0.270745,0.069069,-2.346628,1.392114,2.214097,1.429240,0.009631,0.022424,0.010089,-0.009473,0.042158,0.028133,-0.039337
2025-12-16 18:26:24.103,0.157170,0.270770,0.069083,-2.346636,1.392156,2.214124,1.429192,0.008513,0.023199,0.012046,-0.009693,0.040974,0.026161,-0.041547
2025-12-16 18:26:24.105,0.157209,0.270846,0.069114,-2.346661,1.392284,2.214200,1.429075,0.014547,0.020948,0.008794,-0.007383,0.046840,0.026749,-0.044267
2025-12-16 18:26:24.107,0.157227,0.270894,0.069139,-2.346683,1.392360,2.214244,1.428997,0.013184,0.023101,0.008608,-0.010468,0.038928,0.026550,-0.041663
2025-12-16 18:26:24.108,0.157237,0.270919,0.069147,-2.346687,1.392397,2.214273,1.428949,0.013041,0.023630,0.012079,-0.006592,0.033568,0.025332,-0.042861
2025-12-16 18:26:24.109,0.157249,0.270945,0.069155,-2.346700,1.392435,2.214294,1.428913,0.013909,0.024040,0.011681,-0.009259,0.034302,0.023639,-0.040408
2025-12-16 18:26:24.110,0.157259,0.270972,0.069169,-2.346705,1.392472,2.214324,1.428876,0.013513,0.027970,0.012548,-0.009344,0.030132,0.023730,-0.042534
2025-12-16 18:26:24.111,0.157267,0.270992,0.069181,-2.346717,1.392508,2.214346,1.428838,0.012006,0.025865,0.012556,-0.011177,0.032404,0.022358,-0.041472
2025-12-16 18:26:24.113,0.157283,0.271052,0.069203,-2.346733,1.392587,2.214394,1.428745,0.008605,0.027644,0.006511,-0.009649,0.034630,0.020981,-0.047736
2025-12-16 18:26:24.115,0.157304,0.271102,0.069223,-2.346746,1.392668,2.214439,1.428670,0.005705,0.029710,0.009438,-0.009248,0.033634,0.022944,-0.040401
2025-12-16 18:26:24.117,0.157310,0.271119,0.069233,-2.346758,1.392703,2.214461,1.428624,0.006766,0.026138,0.009030,-0.010662,0.034548,0.022288,-0.045605
2025-12-16 18:26:24.118,0.157321,0.271174,0.069252,-2.346776,1.392778,2.214507,1.428539,0.007685,0.027200,0.007382,-0.012312,0.035967,0.021286,-0.047392
2025-12-16 18:26:24.119,0.157331,0.271199,0.069262,-2.346778,1.392811,2.214528,1.428499,0.008890,0.027189,0.008742,-0.007409,0.035664,0.020229,-0.048603
2025-12-16 18:26:24.120,0.157343,0.271226,0.069272,-2.346787,1.392848,2.214550,1.428461,0.007397,0.026585,0.009244,-0.008880,0.035826,0.020187,-0.045563
2025-12-16 18:26:24.121,0.157349,0.271252,0.069277,-2.346796,1.392880,2.214572,1.428415,0.008194,0.023040,0.008941,-0.006731,0.035639,0.019796,-0.044518
2025-12-16 18:26:24.123,0.157359,0.271304,0.069295,-2.346813,1.392954,2.214612,1.428327,0.008364,0.026969,0.009641,-0.007078,0.033839,0.022936,-0.042779
2025-12-16 18:26:24.124,0.157367,0.271334,0.069305,-2.346821,1.392987,2.214633,1.428296,0.006492,0.024588,0.006741,-0.009159,0.030399,0.022232,-0.042520
2025-12-16 18:26:24.127,0.157385,0.271384,0.069322,-2.346838,1.393051,2.214677,1.428207,0.005621,0.024740,0.007218,-0.008200,0.033099,0.022087,-0.042882
2025-12-16 18:26:24.129,0.157400,0.271430,0.069339,-2.346854,1.393119,2.214712,1.428122,0.006023,0.023421,0.007962,-0.005164,0.030664,0.019751,-0.044195
2025-12-16 18:26:24.130,0.157408,0.271482,0.069356,-2.346866,1.393188,2.214750,1.428047,0.004739,0.024511,0.004361,-0.007353,0.034019,0.022928,-0.044524
2025-12-16 18:26:24.133,0.157425,0.271561,0.069381,-2.346891,1.393296,2.214813,1.427933,0.009689,0.024985,0.007141,-0.006954,0.036713,0.026266,-0.039285
2025-12-16 18:26:24.134,0.157432,0.271587,0.069390,-2.346902,1.393330,2.214828,1.427896,0.008419,0.025018,0.008565,-0.006377,0.036901,0.023913,-0.038260
2025-12-16 18:26:24.135,0.157433,0.271613,0.069403,-2.346907,1.393359,2.214847,1.427854,0.005690,0.025059,0.010689,-0.003608,0.036781,0.027564,-0.039672
2025-12-16 18:26:24.136,0.157435,0.271643,0.069409,-2.346922,1.393394,2.214866,1.427813,0.004270,0.028713,0.010480,-0.007785,0.036791,0.025186,-0.039849
2025-12-16 18:26:24.138,0.157433,0.271690,0.069422,-2.346940,1.393462,2.214907,1.427741,0.001847,0.028323,0.011491,-0.013423,0.037236,0.022253,-0.041047
2025-12-16 18:26:24.139,0.157438,0.271719,0.069431,-2.346945,1.393492,2.214926,1.427708,0.003102,0.028262,0.012326,-0.009396,0.037471,0.022069,-0.039455
2025-12-16 18:26:24.143,0.157440,0.271823,0.069464,-2.346981,1.393616,2.215003,1.427545,0.000993,0.024540,0.010536,-0.008855,0.032588,0.019901,-0.040442
2025-12-16 18:26:24.144,0.157442,0.271851,0.069471,-2.346987,1.393647,2.215019,1.427502,0.001266,0.024147,0.011089,-0.009179,0.033328,0.014900,-0.039866
2025-12-16 18:26:24.145,0.157442,0.271884,0.069478,-2.346995,1.393675,2.215039,1.427454,0.000880,0.026315,0.010904,-0.010803,0.029138,0.016212,-0.041110
2025-12-16 18:26:24.146,0.157444,0.271909,0.069487,-2.347002,1.393705,2.215058,1.427413,0.001170,0.024836,0.008781,-0.008041,0.031719,0.012456,-0.044044
2025-12-16 18:26:24.148,0.157444,0.271939,0.069500,-2.347014,1.393737,2.215075,1.427376,0.000800,0.026084,0.010927,-0.007103,0.028537,0.014347,-0.041398
2025-12-16 18:26:24.149,0.157444,0.271993,0.069513,-2.347026,1.393798,2.215115,1.427289,0.000191,0.028361,0.008913,-0.009141,0.024746,0.017754,-0.045311
2025-12-16 18:26:24.150,0.157442,0.272022,0.069517,-2.347036,1.393830,2.215132,1.427246,-0.000421,0.028154,0.007974,-0.011318,0.028046,0.017830,-0.044543
2025-12-16 18:26:24.151,0.157444,0.272052,0.069524,-2.347039,1.393858,2.215147,1.427206,0.000283,0.027331,0.006062,-0.007166,0.029726,0.012885,-0.041902
2025-12-16 18:26:24.152,0.157444,0.272079,0.069527,-2.347049,1.393887,2.215163,1.427169,0.000193,0.026765,0.004044,-0.009168,0.027037,0.013556,-0.039043
2025-12-16 18:26:24.154,0.157440,0.272139,0.069535,-2.347067,1.393944,2.215199,1.427079,-0.000837,0.030501,0.004172,-0.005547,0.031482,0.016340,-0.044782
2025-12-16 18:26:24.157,0.157443,0.272222,0.069548,-2.347089,1.394026,2.215255,1.426968,-0.000554,0.030498,0.006371,-0.007068,0.027052,0.013733,-0.037567
2025-12-16 18:26:24.158,0.157439,0.272249,0.069551,-2.347095,1.394052,2.215271,1.426920,-0.001018,0.031789,0.005396,-0.005240,0.024988,0.015278,-0.039936
2025-12-16 18:26:24.161,0.157437,0.272342,0.069553,-2.347114,1.394130,2.215328,1.426797,-0.000858,0.033492,0.001834,-0.005610,0.023665,0.022305,-0.040351
2025-12-16 18:26:24.162,0.157438,0.272371,0.069558,-2.347121,1.394154,2.215344,1.426761,-0.000015,0.031278,0.002524,-0.008535,0.026994,0.021360,-0.033947
2025-12-16 18:26:24.163,0.157437,0.272400,0.069559,-2.347122,1.394179,2.215363,1.426724,-0.000566,0.029710,0.001823,-0.006195,0.025300,0.022130,-0.040067
2025-12-16 18:26:24.165,0.157435,0.272432,0.069556,-2.347128,1.394204,2.215379,1.426679,-0.000934,0.029123,0.000207,-0.006272,0.024135,0.016827,-0.037264
2025-12-16 18:26:24.167,0.157430,0.272531,0.069552,-2.347141,1.394274,2.215428,1.426574,-0.001731,0.028596,-0.000810,-0.004338,0.020768,0.021558,-0.035382
2025-12-16 18:26:24.168,0.157428,0.272564,0.069554,-2.347142,1.394297,2.215448,1.426528,-0.001710,0.028140,0.000050,-0.003012,0.024786,0.022286,-0.039652
2025-12-16 18:26:24.171,0.157417,0.272662,0.069549,-2.347150,1.394364,2.215500,1.426424,-0.007276,0.027028,-0.001463,-0.005585,0.025238,0.021475,-0.038827
2025-12-16 18:26:24.172,0.157416,0.272695,0.069544,-2.347150,1.394386,2.215519,1.426383,-0.005244,0.030100,-0.002728,-0.004013,0.027751,0.026632,-0.035109
2025-12-16 18:26:24.173,0.157413,0.272729,0.069540,-2.347150,1.394408,2.215539,1.426339,-0.004904,0.032432,-0.002368,-0.002893,0.025906,0.025208,-0.042406
2025-12-16 18:26:24.175,0.157404,0.272803,0.069534,-2.347156,1.394447,2.215586,1.426272,-0.005060,0.033789,-0.002807,-0.001919,0.026058,0.025553,-0.037330
2025-12-16 18:26:24.176,0.157402,0.272836,0.069526,-2.347153,1.394461,2.215617,1.426236,-0.004055,0.034585,-0.009996,-0.000164,0.022945,0.026764,-0.037099
2025-12-16 18:26:24.177,0.157397,0.272870,0.069522,-2.347155,1.394479,2.215645,1.426197,-0.003910,0.035200,-0.008306,-0.003183,0.021692,0.026774,-0.038625
2025-12-16 18:26:24.178,0.157392,0.272907,0.069516,-2.347156,1.394495,2.215680,1.426159,-0.006449,0.036276,-0.007696,-0.002424,0.020108,0.028208,-0.038771
2025-12-16 18:26:24.179,0.157391,0.272940,0.069515,-2.347156,1.394505,2.215724,1.426126,-0.004612,0.035893,-0.009102,-0.001842,0.013271,0.035516,-0.031946
2025-12-16 18:26:24.183,0.157373,0.273049,0.069485,-2.347161,1.394530,2.215858,1.426015,-0.004205,0.035776,-0.012076,-0.001482,0.016577,0.040916,-0.034822
2025-12-16 18:26:24.184,0.157358,0.273129,0.069463,-2.347157,1.394545,2.215945,1.425955,-0.007763,0.037777,-0.015046,0.000013,0.012522,0.035715,-0.028465
2025-12-16 18:26:24.186,0.157347,0.273162,0.069448,-2.347158,1.394551,2.215994,1.425924,-0.012198,0.035865,-0.013076,-0.000588,0.009293,0.041054,-0.030166
2025-12-16 18:26:24.187,0.157326,0.273246,0.069411,-2.347160,1.394577,2.216114,1.425847,-0.011808,0.038267,-0.016401,-0.000954,0.016177,0.052909,-0.034580
2025-12-16 18:26:24.188,0.157317,0.273282,0.069390,-2.347162,1.394590,2.216169,1.425808,-0.012607,0.036886,-0.017737,-0.001210,0.017720,0.055086,-0.040419
2025-12-16 18:26:24.189,0.157304,0.273320,0.069369,-2.347160,1.394602,2.216222,1.425782,-0.011352,0.037149,-0.018096,-0.000262,0.018789,0.054437,-0.036724
2025-12-16 18:26:24.190,0.157296,0.273357,0.069352,-2.347167,1.394617,2.216268,1.425745,-0.011168,0.036014,-0.017343,-0.001948,0.019266,0.047379,-0.037086
2025-12-16 18:26:24.191,0.157280,0.273404,0.069327,-2.347168,1.394630,2.216317,1.425705,-0.013903,0.038364,-0.020288,-0.001306,0.018618,0.049217,-0.034300
2025-12-16 18:26:24.192,0.157266,0.273445,0.069313,-2.347170,1.394640,2.216365,1.425666,-0.010672,0.038155,-0.018311,-0.001433,0.017204,0.051076,-0.036816
2025-12-16 18:26:24.193,0.157251,0.273487,0.069293,-2.347167,1.394654,2.216419,1.425636,-0.013128,0.041124,-0.018663,0.000247,0.012608,0.050625,-0.034684
2025-12-16 18:26:24.195,0.157230,0.273534,0.069275,-2.347163,1.394668,2.216476,1.425603,-0.013520,0.044630,-0.015207,0.001275,0.009515,0.050417,-0.034752
2025-12-16 18:26:24.196,0.157218,0.273580,0.069250,-2.347165,1.394677,2.216528,1.425565,-0.012671,0.046415,-0.020073,-0.000266,0.006497,0.049279,-0.035827
2025-12-16 18:26:24.197,0.157183,0.273667,0.069214,-2.347166,1.394705,2.216623,1.425488,-0.015294,0.045608,-0.019730,-0.000368,0.012269,0.043480,-0.037974
2025-12-16 18:26:24.199,0.157153,0.273757,0.069166,-2.347168,1.394729,2.216711,1.425419,-0.016191,0.044018,-0.020433,-0.000381,0.013881,0.048597,-0.036548
2025-12-16 18:26:24.201,0.157112,0.273849,0.069119,-2.347163,1.394763,2.216793,1.425338,-0.019605,0.047134,-0.019696,0.001191,0.017865,0.044308,-0.038452
2025-12-16 18:26:24.203,0.157091,0.273891,0.069096,-2.347163,1.394780,2.216832,1.425310,-0.020280,0.042987,-0.019746,0.000794,0.018099,0.047658,-0.036005
2025-12-16 18:26:24.204,0.157052,0.273984,0.069047,-2.347166,1.394822,2.216892,1.425234,-0.022481,0.040189,-0.025559,-0.000823,0.019503,0.041355,-0.037274
2025-12-16 18:26:24.205,0.157032,0.274036,0.069027,-2.347162,1.394844,2.216921,1.425188,-0.019725,0.043053,-0.022955,0.000658,0.020196,0.039347,-0.034091
2025-12-16 18:26:24.206,0.157008,0.274090,0.068998,-2.347164,1.394865,2.216945,1.425155,-0.021277,0.045027,-0.023419,-0.000119,0.024059,0.033264,-0.032479
2025-12-16 18:26:24.207,0.156987,0.274140,0.068980,-2.347158,1.394887,2.216968,1.425112,-0.021480,0.042800,-0.024322,0.001684,0.022094,0.033982,-0.034233
2025-12-16 18:26:24.208,0.156967,0.274194,0.068959,-2.347157,1.394916,2.216995,1.425071,-0.020872,0.044707,-0.022213,0.001680,0.021960,0.031480,-0.039079
2025-12-16 18:26:24.209,0.156951,0.274245,0.068939,-2.347157,1.394945,2.217020,1.425022,-0.019711,0.045126,-0.020505,0.001120,0.021581,0.028680,-0.042170
2025-12-16 18:26:24.210,0.156927,0.274301,0.068916,-2.347154,1.394971,2.217049,1.424984,-0.021306,0.045957,-0.021114,0.000746,0.024454,0.028682,-0.039282
2025-12-16 18:26:24.212,0.156907,0.274356,0.068894,-2.347152,1.394998,2.217069,1.424941,-0.020709,0.049216,-0.020806,0.001054,0.027577,0.026350,-0.043747
2025-12-16 18:26:24.213,0.156866,0.274473,0.068852,-2.347147,1.395063,2.217109,1.424850,-0.021615,0.051890,-0.017275,0.004709,0.027534,0.022053,-0.050096
2025-12-16 18:26:24.214,0.156842,0.274528,0.068829,-2.347141,1.395099,2.217125,1.424804,-0.022106,0.053615,-0.018981,0.004521,0.026055,0.025051,-0.047579
2025-12-16 18:26:24.216,0.156796,0.274634,0.068793,-2.347139,1.395174,2.217165,1.424718,-0.020921,0.054151,-0.018538,0.001366,0.032490,0.027658,-0.044238
2025-12-16 18:26:24.217,0.156776,0.274695,0.068769,-2.347141,1.395213,2.217187,1.424671,-0.017680,0.056219,-0.021231,-0.000739,0.034087,0.026516,-0.048188
2025-12-16 18:26:24.219,0.156738,0.274815,0.068730,-2.347126,1.395295,2.217222,1.424570,-0.019486,0.055483,-0.019263,0.002525,0.036056,0.029903,-0.045237
2025-12-16 18:26:24.224,0.156676,0.275060,0.068659,-2.347103,1.395480,2.217310,1.424370,-0.017891,0.061922,-0.014201,0.003751,0.036637,0.029234,-0.052242
2025-12-16 18:26:24.225,0.156650,0.275203,0.068628,-2.347086,1.395581,2.217366,1.424277,-0.017119,0.068879,-0.013011,0.006191,0.044678,0.030353,-0.047527
2025-12-16 18:26:24.226,0.156637,0.275270,0.068614,-2.347079,1.395636,2.217391,1.424224,-0.016751,0.069443,-0.012889,0.006334,0.048357,0.031358,-0.050896
2025-12-16 18:26:24.227,0.156621,0.275338,0.068602,-2.347064,1.395693,2.217417,1.424174,-0.014555,0.070144,-0.009799,0.008874,0.050707,0.032033,-0.053055
2025-12-16 18:26:24.228,0.156613,0.275407,0.068587,-2.347057,1.395750,2.217444,1.424125,-0.010504,0.070595,-0.008783,0.008021,0.056758,0.032935,-0.053090
2025-12-16 18:26:24.231,0.156579,0.275629,0.068552,-2.347020,1.395933,2.217541,1.423973,-0.011155,0.072203,-0.004596,0.008102,0.061262,0.032676,-0.052960
2025-12-16 18:26:24.232,0.156576,0.275707,0.068541,-2.346994,1.395996,2.217578,1.423915,-0.006892,0.075957,-0.003775,0.014624,0.065081,0.033900,-0.051470
2025-12-16 18:26:24.235,0.156558,0.275955,0.068520,-2.346934,1.396192,2.217686,1.423754,-0.007775,0.078566,-0.004803,0.019696,0.068383,0.037716,-0.054489
2025-12-16 18:26:24.236,0.156562,0.276050,0.068514,-2.346917,1.396260,2.217725,1.423692,-0.004573,0.083475,-0.006721,0.016022,0.069388,0.036985,-0.057051
2025-12-16 18:26:24.237,0.156563,0.276136,0.068509,-2.346892,1.396329,2.217767,1.423634,0.002305,0.084547,-0.004982,0.020796,0.071268,0.037992,-0.057653
2025-12-16 18:26:24.239,0.156574,0.276312,0.068504,-2.346834,1.396473,2.217856,1.423527,0.002541,0.091233,-0.004695,0.025922,0.073558,0.043780,-0.051765
2025-12-16 18:26:24.241,0.156581,0.276505,0.068501,-2.346770,1.396620,2.217936,1.423411,0.003913,0.095590,-0.004059,0.031707,0.074200,0.038733,-0.052948
2025-12-16 18:26:24.242,0.156587,0.276602,0.068502,-2.346736,1.396695,2.217976,1.423366,0.006131,0.093016,-0.003493,0.033268,0.075216,0.041658,-0.050825
2025-12-16 18:26:24.243,0.156595,0.276706,0.068509,-2.346699,1.396773,2.218017,1.423314,0.008614,0.096229,-0.001945,0.035138,0.074981,0.039748,-0.052276
2025-12-16 18:26:24.245,0.156608,0.276921,0.068526,-2.346625,1.396938,2.218098,1.423197,0.007525,0.102016,0.006028,0.036653,0.081026,0.037530,-0.061457
2025-12-16 18:26:24.247,0.156630,0.277131,0.068546,-2.346544,1.397114,2.218175,1.423095,0.010615,0.101108,0.009269,0.040338,0.078739,0.040029,-0.058525
2025-12-16 18:26:24.248,0.156643,0.277233,0.068563,-2.346503,1.397208,2.218214,1.423046,0.012208,0.102390,0.011790,0.039466,0.083898,0.034039,-0.056710
2025-12-16 18:26:24.249,0.156651,0.277351,0.068579,-2.346458,1.397298,2.218248,1.422989,0.010950,0.106735,0.012980,0.039251,0.086045,0.033323,-0.058158
2025-12-16 18:26:24.251,0.156685,0.277589,0.068615,-2.346358,1.397488,2.218325,1.422881,0.014156,0.113652,0.015133,0.046199,0.094423,0.034279,-0.050550
2025-12-16 18:26:24.252,0.156702,0.277709,0.068637,-2.346311,1.397582,2.218365,1.422837,0.014247,0.113196,0.016106,0.044529,0.093526,0.034373,-0.048733
2025-12-16 18:26:24.254,0.156740,0.277948,0.068684,-2.346206,1.397779,2.218449,1.422716,0.015179,0.118546,0.019885,0.048331,0.094093,0.035379,-0.059920
2025-12-16 18:26:24.255,0.156762,0.278062,0.068708,-2.346154,1.397876,2.218487,1.422660,0.017970,0.118449,0.021380,0.049548,0.094276,0.035904,-0.058821
2025-12-16 18:26:24.256,0.156787,0.278180,0.068730,-2.346105,1.397977,2.218527,1.422599,0.021415,0.119069,0.021403,0.048166,0.099536,0.034600,-0.058256
2025-12-16 18:26:24.259,0.156862,0.278563,0.068827,-2.345931,1.398290,2.218652,1.422416,0.023830,0.124778,0.032353,0.052346,0.099585,0.036753,-0.061169
2025-12-16 18:26:24.260,0.156888,0.278694,0.068858,-2.345878,1.398400,2.218695,1.422346,0.024008,0.126223,0.034068,0.052010,0.099892,0.036128,-0.061531
2025-12-16 18:26:24.261,0.156915,0.278818,0.068895,-2.345821,1.398502,2.218737,1.422286,0.021384,0.125509,0.035976,0.049218,0.097510,0.035855,-0.062344
2025-12-16 18:26:24.263,0.156981,0.279072,0.068961,-2.345714,1.398708,2.218826,1.422148,0.028268,0.124867,0.035646,0.053418,0.099729,0.044626,-0.063784
2025-12-16 18:26:24.266,0.157086,0.279480,0.069083,-2.345538,1.399039,2.218990,1.421932,0.033061,0.128667,0.038080,0.056210,0.115867,0.049798,-0.067043
2025-12-16 18:26:24.267,0.157122,0.279618,0.069127,-2.345472,1.399146,2.219047,1.421864,0.034493,0.134588,0.039005,0.059673,0.114362,0.051229,-0.068174
2025-12-16 18:26:24.270,0.157249,0.280031,0.069260,-2.345297,1.399490,2.219225,1.421639,0.040767,0.138450,0.041164,0.061856,0.116821,0.057055,-0.071970
2025-12-16 18:26:24.272,0.157293,0.280177,0.069302,-2.345232,1.399609,2.219291,1.421566,0.038877,0.138919,0.040592,0.063180,0.121749,0.061774,-0.073206
2025-12-16 18:26:24.273,0.157340,0.280325,0.069351,-2.345168,1.399729,2.219359,1.421489,0.041030,0.143286,0.042237,0.063676,0.119691,0.065616,-0.072967
2025-12-16 18:26:24.274,0.157431,0.280612,0.069442,-2.345041,1.399967,2.219503,1.421322,0.041699,0.142353,0.042203,0.057861,0.116935,0.066889,-0.081761
2025-12-16 18:26:24.275,0.157482,0.280758,0.069495,-2.344980,1.400084,2.219578,1.421242,0.047447,0.142068,0.046188,0.058685,0.118436,0.073480,-0.084459
2025-12-16 18:26:24.277,0.157581,0.281064,0.069594,-2.344860,1.400332,2.219737,1.421066,0.049605,0.149187,0.042262,0.061226,0.119315,0.074111,-0.089489
2025-12-16 18:26:24.278,0.157635,0.281216,0.069647,-2.344791,1.400454,2.219822,1.420973,0.049383,0.149254,0.044223,0.062756,0.117323,0.075392,-0.091738
2025-12-16 18:26:24.280,0.157689,0.281373,0.069695,-2.344729,1.400580,2.219914,1.420885,0.049659,0.154173,0.043188,0.061860,0.120485,0.077982,-0.086511
2025-12-16 18:26:24.281,0.157802,0.281686,0.069809,-2.344595,1.400838,2.220091,1.420704,0.051955,0.160476,0.052340,0.065103,0.122012,0.085829,-0.088304
2025-12-16 18:26:24.282,0.157854,0.281849,0.069857,-2.344528,1.400967,2.220179,1.420598,0.052230,0.160181,0.050975,0.064139,0.119697,0.086120,-0.087964
2025-12-16 18:26:24.284,0.157910,0.282010,0.069913,-2.344457,1.401094,2.220272,1.420504,0.054518,0.161570,0.053855,0.064465,0.122677,0.091553,-0.089427
2025-12-16 18:26:24.285,0.158011,0.282333,0.070024,-2.344318,1.401347,2.220463,1.420323,0.051298,0.164360,0.055508,0.066403,0.122138,0.097421,-0.088952
2025-12-16 18:26:24.287,0.158122,0.282664,0.070137,-2.344185,1.401596,2.220659,1.420128,0.049675,0.163648,0.056187,0.070226,0.126613,0.097049,-0.092671
2025-12-16 18:26:24.288,0.158180,0.282830,0.070191,-2.344118,1.401722,2.220753,1.420024,0.052802,0.162134,0.052684,0.071233,0.127843,0.100305,-0.094099
2025-12-16 18:26:24.291,0.158337,0.283331,0.070358,-2.343918,1.402104,2.221051,1.419727,0.053641,0.167126,0.056486,0.069777,0.126510,0.097494,-0.098303
2025-12-16 18:26:24.293,0.158444,0.283671,0.070479,-2.343782,1.402363,2.221257,1.419520,0.048724,0.169131,0.056771,0.067375,0.125433,0.101996,-0.095135
2025-12-16 18:26:24.294,0.158490,0.283844,0.070535,-2.343712,1.402488,2.221353,1.419420,0.047968,0.170222,0.055728,0.069437,0.127187,0.098636,-0.099408
2025-12-16 18:26:24.296,0.158543,0.284012,0.070591,-2.343642,1.402610,2.221446,1.419316,0.049837,0.167334,0.057744,0.069774,0.122378,0.095835,-0.102860
2025-12-16 18:26:24.297,0.158650,0.284363,0.070700,-2.343504,1.402855,2.221641,1.419100,0.050942,0.169945,0.055454,0.069892,0.123066,0.099971,-0.106298
2025-12-16 18:26:24.298,0.158700,0.284537,0.070758,-2.343430,1.402983,2.221740,1.419001,0.051065,0.172563,0.058766,0.072089,0.120801,0.099394,-0.099992
2025-12-16 18:26:24.299,0.158747,0.284716,0.070809,-2.343365,1.403109,2.221835,1.418893,0.049988,0.176959,0.055214,0.070734,0.119296,0.098916,-0.104192
2025-12-16 18:26:24.301,0.158848,0.285071,0.070922,-2.343227,1.403361,2.222013,1.418659,0.049066,0.177833,0.054854,0.071946,0.120893,0.094990,-0.107320
2025-12-16 18:26:24.302,0.158894,0.285252,0.070982,-2.343158,1.403484,2.222103,1.418552,0.045351,0.176894,0.054477,0.072832,0.124102,0.089268,-0.102384
2025-12-16 18:26:24.305,0.159035,0.285793,0.071142,-2.342949,1.403859,2.222379,1.418203,0.043886,0.179496,0.056670,0.072402,0.123308,0.093949,-0.113067
2025-12-16 18:26:24.306,0.159079,0.285977,0.071200,-2.342886,1.403986,2.222472,1.418083,0.043314,0.179633,0.058851,0.069861,0.121452,0.094772,-0.113506
2025-12-16 18:26:24.307,0.159131,0.286156,0.071259,-2.342812,1.404109,2.222557,1.417973,0.046499,0.178209,0.063175,0.071456,0.120016,0.094892,-0.113332
2025-12-16 18:26:24.308,0.159181,0.286337,0.071311,-2.342742,1.404239,2.222643,1.417866,0.050695,0.179595,0.057696,0.070268,0.118070,0.088760,-0.110855
2025-12-16 18:26:24.310,0.159227,0.286520,0.071363,-2.342671,1.404370,2.222731,1.417755,0.048868,0.180628,0.054925,0.070368,0.121786,0.090383,-0.111670
2025-12-16 18:26:24.311,0.159322,0.286887,0.071471,-2.342542,1.404625,2.222900,1.417513,0.048350,0.182020,0.052468,0.069660,0.116856,0.088767,-0.110142
2025-12-16 18:26:24.312,0.159367,0.287065,0.071519,-2.342469,1.404754,2.222986,1.417402,0.044157,0.179781,0.052938,0.071226,0.115995,0.086389,-0.109346
2025-12-16 18:26:24.315,0.159510,0.287612,0.071675,-2.342275,1.405153,2.223228,1.417045,0.047930,0.177759,0.051837,0.068151,0.122232,0.079984,-0.118827
2025-12-16 18:26:24.316,0.159560,0.287796,0.071729,-2.342206,1.405283,2.223306,1.416922,0.048187,0.177294,0.050888,0.066306,0.124270,0.077545,-0.123152
2025-12-16 18:26:24.317,0.159606,0.287978,0.071782,-2.342139,1.405420,2.223386,1.416811,0.044114,0.182465,0.054223,0.066321,0.126760,0.076601,-0.113983
2025-12-16 18:26:24.318,0.159653,0.288159,0.071829,-2.342072,1.405560,2.223470,1.416699,0.045366,0.182948,0.051057,0.065208,0.128356,0.075974,-0.112798
2025-12-16 18:26:24.320,0.159697,0.288341,0.071882,-2.342006,1.405698,2.223554,1.416579,0.041377,0.181264,0.050658,0.063450,0.133766,0.076343,-0.114007
2025-12-16 18:26:24.321,0.159790,0.288710,0.071981,-2.341874,1.405974,2.223726,1.416339,0.046331,0.179925,0.050221,0.062681,0.132695,0.081771,-0.119175
2025-12-16 18:26:24.322,0.159838,0.288895,0.072034,-2.341808,1.406111,2.223804,1.416224,0.046476,0.180627,0.050078,0.066026,0.132911,0.079763,-0.120234
2025-12-16 18:26:24.323,0.159891,0.289074,0.072085,-2.341750,1.406250,2.223886,1.416102,0.047757,0.180722,0.048599,0.063926,0.132762,0.082325,-0.118076
2025-12-16 18:26:24.324,0.159932,0.289262,0.072134,-2.341685,1.406388,2.223971,1.415980,0.045724,0.179911,0.049066,0.060806,0.131348,0.080161,-0.117254
2025-12-16 18:26:24.325,0.159979,0.289442,0.072182,-2.341628,1.406525,2.224051,1.415850,0.045924,0.175890,0.047922,0.059260,0.132073,0.082789,-0.120025
2025-12-16 18:26:24.326,0.160025,0.289621,0.072234,-2.341571,1.406669,2.224139,1.415732,0.045693,0.175620,0.048347,0.058138,0.136450,0.087406,-0.116056
2025-12-16 18:26:24.328,0.160075,0.289807,0.072281,-2.341502,1.406816,2.224223,1.415616,0.046080,0.177322,0.044224,0.061244,0.136500,0.089977,-0.115265
2025-12-16 18:26:24.329,0.160169,0.290173,0.072381,-2.341381,1.407121,2.224391,1.415381,0.047994,0.180455,0.048839,0.055419,0.144597,0.088647,-0.118776
2025-12-16 18:26:24.330,0.160219,0.290354,0.072430,-2.341320,1.407270,2.224472,1.415257,0.047727,0.180504,0.048372,0.056716,0.151128,0.089450,-0.119361
2025-12-16 18:26:24.331,0.160267,0.290530,0.072478,-2.341257,1.407423,2.224556,1.415137,0.050663,0.177012,0.044233,0.057737,0.146363,0.090102,-0.123278
2025-12-16 18:26:24.333,0.160311,0.290709,0.072528,-2.341199,1.407573,2.224637,1.415022,0.049202,0.178795,0.042895,0.057855,0.150334,0.088958,-0.117610
2025-12-16 18:26:24.334,0.160403,0.291070,0.072627,-2.341078,1.407872,2.224809,1.414778,0.044593,0.176436,0.046345,0.056808,0.150744,0.088144,-0.118288
2025-12-16 18:26:24.335,0.160454,0.291256,0.072674,-2.341017,1.408021,2.224895,1.414664,0.043858,0.176253,0.043148,0.058558,0.150932,0.090661,-0.117190
2025-12-16 18:26:24.336,0.160500,0.291428,0.072723,-2.340959,1.408175,2.224980,1.414554,0.045059,0.176038,0.044522,0.056800,0.151288,0.086528,-0.113559
2025-12-16 18:26:24.337,0.160546,0.291605,0.072774,-2.340904,1.408324,2.225069,1.414440,0.045961,0.174973,0.046170,0.054375,0.152286,0.084664,-0.112662
2025-12-16 18:26:24.338,0.160592,0.291780,0.072828,-2.340852,1.408469,2.225155,1.414321,0.046502,0.174792,0.050542,0.055157,0.152055,0.081026,-0.114097
2025-12-16 18:26:24.339,0.160640,0.291951,0.072879,-2.340798,1.408618,2.225244,1.414204,0.047593,0.171436,0.050570,0.056059,0.147460,0.079305,-0.114885
2025-12-16 18:26:24.340,0.160690,0.292125,0.072931,-2.340742,1.408763,2.225331,1.414086,0.048905,0.172650,0.050561,0.054057,0.148299,0.082647,-0.119566
2025-12-16 18:26:24.341,0.160734,0.292303,0.072982,-2.340683,1.408906,2.225419,1.413973,0.048128,0.172175,0.050443,0.057345,0.148069,0.084832,-0.119519
2025-12-16 18:26:24.342,0.160782,0.292479,0.073031,-2.340629,1.409047,2.225506,1.413850,0.048759,0.172136,0.050147,0.058066,0.143585,0.087097,-0.117492
2025-12-16 18:26:24.344,0.160827,0.292651,0.073084,-2.340575,1.409193,2.225594,1.413725,0.044788,0.171998,0.050227,0.057495,0.145295,0.084511,-0.118252
2025-12-16 18:26:24.345,0.160928,0.292992,0.073186,-2.340462,1.409490,2.225768,1.413485,0.045400,0.172187,0.050193,0.054372,0.143987,0.087576,-0.114947
2025-12-16 18:26:24.346,0.160979,0.293161,0.073241,-2.340409,1.409635,2.225856,1.413372,0.050753,0.172753,0.051950,0.052458,0.146003,0.084197,-0.113216
2025-12-16 18:26:24.347,0.161025,0.293335,0.073292,-2.340350,1.409786,2.225949,1.413250,0.053127,0.174211,0.050908,0.051483,0.147627,0.081844,-0.113707
2025-12-16 18:26:24.349,0.161073,0.293509,0.073341,-2.340289,1.409935,2.226040,1.413126,0.052870,0.176000,0.050795,0.052607,0.149675,0.085691,-0.120525
2025-12-16 18:26:24.350,0.161170,0.293854,0.073447,-2.340183,1.410226,2.226218,1.412891,0.051869,0.176554,0.051589,0.052668,0.149476,0.083694,-0.120558
2025-12-16 18:26:24.351,0.161218,0.294024,0.073503,-2.340128,1.410375,2.226308,1.412774,0.048217,0.177018,0.053030,0.055522,0.149349,0.085441,-0.122751
2025-12-16 18:26:24.352,0.161269,0.294203,0.073554,-2.340072,1.410527,2.226397,1.412650,0.050440,0.174747,0.052328,0.057302,0.149785,0.081814,-0.120664
2025-12-16 18:26:24.354,0.161366,0.294551,0.073663,-2.339953,1.410832,2.226581,1.412399,0.051533,0.172415,0.052247,0.057911,0.155193,0.083408,-0.118253
2025-12-16 18:26:24.355,0.161419,0.294721,0.073717,-2.339901,1.410981,2.226677,1.412280,0.052789,0.171006,0.052849,0.054796,0.154174,0.087737,-0.120311
2025-12-16 18:26:24.356,0.161468,0.294898,0.073769,-2.339839,1.411133,2.226766,1.412157,0.052265,0.172290,0.052645,0.060841,0.153498,0.089532,-0.122791
2025-12-16 18:26:24.357,0.161514,0.295074,0.073825,-2.339785,1.411285,2.226856,1.412031,0.048399,0.171151,0.050489,0.060051,0.152415,0.089427,-0.126838
2025-12-16 18:26:24.358,0.161565,0.295250,0.073874,-2.339722,1.411433,2.226944,1.411909,0.049869,0.170324,0.050788,0.059741,0.151492,0.089415,-0.127669
2025-12-16 18:26:24.359,0.161614,0.295426,0.073925,-2.339666,1.411590,2.227032,1.411793,0.050298,0.170717,0.050924,0.056458,0.155692,0.089703,-0.121924
2025-12-16 18:26:24.360,0.161664,0.295591,0.073978,-2.339603,1.411752,2.227126,1.411671,0.047625,0.166199,0.051772,0.058940,0.159302,0.090498,-0.124738
2025-12-16 18:26:24.361,0.161714,0.295769,0.074028,-2.339543,1.411910,2.227219,1.411541,0.048551,0.167014,0.051823,0.059985,0.157089,0.096792,-0.124097
2025-12-16 18:26:24.363,0.161765,0.295942,0.074078,-2.339482,1.412072,2.227315,1.411415,0.052711,0.166807,0.051236,0.058360,0.156309,0.096472,-0.120373
2025-12-16 18:26:24.364,0.161864,0.296281,0.074186,-2.339369,1.412402,2.227508,1.411162,0.048799,0.171875,0.051962,0.057115,0.159283,0.097392,-0.128259
2025-12-16 18:26:24.365,0.161921,0.296455,0.074242,-2.339307,1.412565,2.227598,1.411028,0.051367,0.169989,0.056298,0.059713,0.161965,0.099406,-0.133501
2025-12-16 18:26:24.366,0.161975,0.296627,0.074295,-2.339252,1.412723,2.227694,1.410892,0.052705,0.174212,0.055328,0.056730,0.163757,0.093401,-0.135200
2025-12-16 18:26:24.367,0.162023,0.296802,0.074351,-2.339195,1.412885,2.227790,1.410758,0.052281,0.173171,0.055522,0.058686,0.159375,0.093542,-0.135803
2025-12-16 18:26:24.368,0.162070,0.296973,0.074406,-2.339135,1.413048,2.227881,1.410622,0.052020,0.174276,0.051999,0.057321,0.157000,0.092779,-0.136619
2025-12-16 18:26:24.369,0.162122,0.297142,0.074459,-2.339076,1.413209,2.227976,1.410508,0.049904,0.175107,0.051856,0.061389,0.154790,0.093306,-0.131373
2025-12-16 18:26:24.370,0.162173,0.297311,0.074516,-2.339021,1.413371,2.228071,1.410377,0.051442,0.174431,0.052546,0.060465,0.153528,0.089446,-0.131550
2025-12-16 18:26:24.372,0.162220,0.297485,0.074569,-2.338963,1.413530,2.228162,1.410238,0.048196,0.171700,0.052311,0.057203,0.152785,0.095363,-0.134985
2025-12-16 18:26:24.373,0.162323,0.297832,0.074679,-2.338845,1.413848,2.228351,1.409975,0.045800,0.170594,0.050506,0.057842,0.155981,0.094451,-0.132672
2025-12-16 18:26:24.374,0.162373,0.297996,0.074730,-2.338790,1.414010,2.228449,1.409846,0.047045,0.167966,0.050974,0.058519,0.155462,0.095212,-0.130744
2025-12-16 18:26:24.375,0.162418,0.298167,0.074784,-2.338733,1.414173,2.228540,1.409706,0.047552,0.169363,0.054964,0.056074,0.154363,0.094157,-0.131655
2025-12-16 18:26:24.376,0.162473,0.298340,0.074834,-2.338677,1.414330,2.228630,1.409569,0.047204,0.167355,0.056731,0.057913,0.157534,0.093601,-0.137711
2025-12-16 18:26:24.377,0.162522,0.298505,0.074891,-2.338624,1.414494,2.228723,1.409435,0.048820,0.168917,0.056677,0.055760,0.161364,0.088576,-0.135966
2025-12-16 18:26:24.379,0.162619,0.298843,0.074993,-2.338513,1.414812,2.228906,1.409180,0.050509,0.166902,0.054269,0.053268,0.165258,0.086011,-0.131333
2025-12-16 18:26:24.380,0.162666,0.299006,0.075048,-2.338460,1.414967,2.228999,1.409036,0.051048,0.166788,0.054863,0.049551,0.161389,0.083867,-0.134067
2025-12-16 18:26:24.381,0.162717,0.299178,0.075101,-2.338411,1.415118,2.229087,1.408898,0.052883,0.166829,0.051586,0.048706,0.158619,0.081601,-0.133039
2025-12-16 18:26:24.382,0.162767,0.299344,0.075156,-2.338356,1.415272,2.229175,1.408766,0.050444,0.167902,0.049643,0.052737,0.157420,0.080578,-0.130694
2025-12-16 18:26:24.384,0.162820,0.299514,0.075205,-2.338308,1.415424,2.229260,1.408618,0.052858,0.168213,0.049507,0.053640,0.155394,0.078746,-0.133491
2025-12-16 18:26:24.385,0.162908,0.299837,0.075313,-2.338208,1.415718,2.229424,1.408338,0.045305,0.166275,0.051476,0.053085,0.152545,0.076125,-0.130607
2025-12-16 18:26:24.386,0.162952,0.300003,0.075364,-2.338164,1.415859,2.229506,1.408198,0.043713,0.163437,0.050913,0.050283,0.150019,0.078918,-0.130976
2025-12-16 18:26:24.387,0.163000,0.300160,0.075419,-2.338114,1.416006,2.229589,1.408055,0.046286,0.161880,0.051179,0.053005,0.145765,0.082996,-0.134422
2025-12-16 18:26:24.388,0.163046,0.300328,0.075475,-2.338067,1.416155,2.229672,1.407930,0.044489,0.166063,0.055172,0.051215,0.148443,0.081358,-0.130263
2025-12-16 18:26:24.389,0.163091,0.300482,0.075524,-2.338021,1.416297,2.229756,1.407787,0.042583,0.161854,0.056288,0.048034,0.149375,0.085268,-0.133707
2025-12-16 18:26:24.391,0.163135,0.300641,0.075577,-2.337979,1.416439,2.229840,1.407648,0.041229,0.159924,0.055252,0.046526,0.149263,0.083510,-0.133420
2025-12-16 18:26:24.392,0.163182,0.300802,0.075625,-2.337929,1.416586,2.229923,1.407514,0.044625,0.158825,0.055543,0.048331,0.149643,0.082207,-0.132271
2025-12-16 18:26:24.393,0.163266,0.301118,0.075731,-2.337846,1.416875,2.230080,1.407240,0.045164,0.157287,0.055918,0.041974,0.145474,0.077928,-0.136908
2025-12-16 18:26:24.394,0.163308,0.301268,0.075777,-2.337796,1.417012,2.230159,1.407106,0.045946,0.152055,0.053517,0.042391,0.145891,0.076853,-0.133434
2025-12-16 18:26:24.395,0.163356,0.301417,0.075833,-2.337761,1.417156,2.230237,1.406966,0.045109,0.149491,0.053463,0.038529,0.147791,0.076700,-0.135695
2025-12-16 18:26:24.396,0.163395,0.301573,0.075886,-2.337718,1.417298,2.230314,1.406835,0.044559,0.147863,0.050486,0.039600,0.147953,0.076511,-0.137192
2025-12-16 18:26:24.398,0.163442,0.301726,0.075938,-2.337679,1.417441,2.230387,1.406711,0.043516,0.150592,0.049889,0.038720,0.150036,0.076072,-0.133088
2025-12-16 18:26:24.399,0.163481,0.301878,0.075987,-2.337640,1.417583,2.230465,1.406581,0.043229,0.152527,0.048879,0.038212,0.144938,0.076674,-0.132121
2025-12-16 18:26:24.400,0.163570,0.302165,0.076090,-2.337571,1.417868,2.230613,1.406310,0.043480,0.146355,0.045593,0.037917,0.139986,0.075791,-0.132145
2025-12-16 18:26:24.401,0.163612,0.302316,0.076141,-2.337532,1.418015,2.230691,1.406174,0.044196,0.146171,0.046274,0.038476,0.139186,0.076328,-0.132531
2025-12-16 18:26:24.402,0.163655,0.302461,0.076194,-2.337497,1.418154,2.230767,1.406047,0.042141,0.147440,0.047449,0.037569,0.138016,0.080662,-0.133973
2025-12-16 18:26:24.403,0.163698,0.302604,0.076246,-2.337460,1.418287,2.230845,1.405907,0.041840,0.143357,0.048204,0.038250,0.139792,0.079370,-0.130773
2025-12-16 18:26:24.405,0.163746,0.302744,0.076294,-2.337429,1.418419,2.230926,1.405773,0.042704,0.142135,0.048246,0.033769,0.137222,0.078652,-0.131853
2025-12-16 18:26:24.406,0.163822,0.303020,0.076392,-2.337366,1.418681,2.231077,1.405525,0.038853,0.137972,0.049707,0.036423,0.128033,0.077240,-0.124952
2025-12-16 18:26:24.407,0.163866,0.303161,0.076439,-2.337337,1.418811,2.231150,1.405393,0.039224,0.138944,0.046162,0.035455,0.133714,0.076874,-0.123279
2025-12-16 18:26:24.408,0.163913,0.303299,0.076488,-2.337310,1.418942,2.231229,1.405256,0.040094,0.139277,0.047832,0.031747,0.132832,0.076608,-0.128004
2025-12-16 18:26:24.409,0.163948,0.303444,0.076533,-2.337276,1.419082,2.231306,1.405128,0.040208,0.139521,0.047113,0.031624,0.133907,0.077528,-0.124523
2025-12-16 18:26:24.410,0.163992,0.303577,0.076585,-2.337251,1.419217,2.231382,1.405011,0.040216,0.137404,0.048580,0.028301,0.134475,0.081826,-0.118402
2025-12-16 18:26:24.411,0.164038,0.303708,0.076632,-2.337222,1.419350,2.231460,1.404885,0.041413,0.135153,0.048406,0.026995,0.129958,0.075967,-0.122157
2025-12-16 18:26:24.413,0.164078,0.303835,0.076674,-2.337192,1.419480,2.231531,1.404753,0.039792,0.129298,0.047738,0.029394,0.125665,0.074849,-0.122321
2025-12-16 18:26:24.414,0.164156,0.304097,0.076765,-2.337141,1.419743,2.231671,1.404512,0.039802,0.131377,0.046243,0.030005,0.123788,0.068763,-0.111888
2025-12-16 18:26:24.416,0.164194,0.304221,0.076806,-2.337116,1.419869,2.231739,1.404397,0.038633,0.129876,0.043566,0.028109,0.120822,0.070702,-0.112968
2025-12-16 18:26:24.417,0.164273,0.304471,0.076900,-2.337070,1.420121,2.231876,1.404161,0.039638,0.125553,0.045534,0.026022,0.121621,0.069052,-0.121049
2025-12-16 18:26:24.418,0.164309,0.304590,0.076942,-2.337049,1.420252,2.231950,1.404036,0.039048,0.123907,0.043570,0.027639,0.125061,0.072015,-0.125780
2025-12-16 18:26:24.419,0.164356,0.304707,0.076989,-2.337031,1.420382,2.232021,1.403921,0.041624,0.118694,0.043147,0.025253,0.127074,0.067856,-0.120411
2025-12-16 18:26:24.420,0.164396,0.304826,0.077031,-2.337010,1.420505,2.232092,1.403802,0.037823,0.119373,0.042320,0.025283,0.123895,0.070640,-0.118318
2025-12-16 18:26:24.422,0.164435,0.304943,0.077072,-2.336992,1.420625,2.232160,1.403674,0.038682,0.118502,0.040974,0.021010,0.120644,0.066138,-0.119873
2025-12-16 18:26:24.423,0.164508,0.305174,0.077155,-2.336955,1.420862,2.232296,1.403446,0.040950,0.114213,0.040400,0.016909,0.119399,0.066920,-0.115992
2025-12-16 18:26:24.424,0.164547,0.305284,0.077200,-2.336938,1.420978,2.232361,1.403341,0.038654,0.114218,0.041436,0.015323,0.117969,0.067993,-0.112877
2025-12-16 18:26:24.425,0.164578,0.305392,0.077237,-2.336921,1.421092,2.232426,1.403226,0.037065,0.110575,0.039760,0.014609,0.117565,0.064461,-0.115116
2025-12-16 18:26:24.426,0.164617,0.305495,0.077275,-2.336909,1.421204,2.232492,1.403124,0.038256,0.107358,0.039126,0.013690,0.116784,0.062343,-0.113213
2025-12-16 18:26:24.427,0.164650,0.305600,0.077315,-2.336895,1.421320,2.232555,1.403013,0.034890,0.108549,0.039090,0.012997,0.112170,0.065412,-0.109670
2025-12-16 18:26:24.428,0.164680,0.305706,0.077354,-2.336880,1.421431,2.232619,1.402913,0.034868,0.106569,0.041966,0.017038,0.113218,0.063690,-0.109334
2025-12-16 18:26:24.429,0.164714,0.305809,0.077394,-2.336869,1.421541,2.232685,1.402805,0.036131,0.104534,0.041366,0.017815,0.111759,0.062789,-0.110451
2025-12-16 18:26:24.431,0.164750,0.305914,0.077432,-2.336855,1.421652,2.232744,1.402702,0.034513,0.104198,0.043541,0.017780,0.112100,0.066158,-0.110134
2025-12-16 18:26:24.432,0.164814,0.306107,0.077509,-2.336834,1.421863,2.232852,1.402490,0.035736,0.100931,0.038614,0.014564,0.106580,0.059472,-0.112733
2025-12-16 18:26:24.433,0.164849,0.306202,0.077547,-2.336826,1.421964,2.232907,1.402391,0.034069,0.102209,0.038851,0.013312,0.107647,0.059346,-0.106526
2025-12-16 18:26:24.434,0.164881,0.306297,0.077585,-2.336816,1.422073,2.232961,1.402289,0.031698,0.098300,0.038479,0.013026,0.110328,0.058779,-0.108572
2025-12-16 18:26:24.435,0.164909,0.306386,0.077621,-2.336801,1.422179,2.233015,1.402188,0.029393,0.096660,0.038232,0.014793,0.111791,0.058331,-0.104884
2025-12-16 18:26:24.436,0.164940,0.306479,0.077657,-2.336791,1.422280,2.233070,1.402089,0.031392,0.096243,0.037507,0.010978,0.111924,0.058557,-0.103775
2025-12-16 18:26:24.437,0.164968,0.306572,0.077698,-2.336785,1.422382,2.233124,1.401997,0.032417,0.096267,0.038796,0.009902,0.112511,0.058222,-0.100039
2025-12-16 18:26:24.438,0.164997,0.306668,0.077732,-2.336776,1.422475,2.233175,1.401905,0.030608,0.097762,0.037806,0.010615,0.111977,0.057694,-0.098642
2025-12-16 18:26:24.439,0.165022,0.306753,0.077766,-2.336768,1.422570,2.233229,1.401813,0.028930,0.093218,0.034026,0.010645,0.106529,0.051890,-0.097823
2025-12-16 18:26:24.440,0.165051,0.306838,0.077805,-2.336765,1.422666,2.233279,1.401717,0.028740,0.090320,0.036251,0.008598,0.103379,0.052842,-0.097681
2025-12-16 18:26:24.441,0.165075,0.306920,0.077840,-2.336754,1.422757,2.233331,1.401622,0.027166,0.087829,0.033400,0.010812,0.100585,0.053853,-0.096335
2025-12-16 18:26:24.443,0.165106,0.307006,0.077877,-2.336751,1.422851,2.233378,1.401526,0.028483,0.087091,0.035520,0.006966,0.099656,0.053636,-0.096126
2025-12-16 18:26:24.444,0.165132,0.307087,0.077909,-2.336747,1.422944,2.233427,1.401437,0.024394,0.084884,0.035975,0.005368,0.099196,0.054790,-0.093738
2025-12-16 18:26:24.445,0.165184,0.307244,0.077973,-2.336731,1.423121,2.233533,1.401238,0.024774,0.080172,0.033879,0.005505,0.091907,0.052433,-0.095778
2025-12-16 18:26:24.447,0.165229,0.307398,0.078041,-2.336728,1.423295,2.233626,1.401055,0.023943,0.079262,0.033921,0.003838,0.087242,0.049552,-0.088558
2025-12-16 18:26:24.448,0.165255,0.307480,0.078071,-2.336725,1.423378,2.233670,1.400954,0.025479,0.078361,0.031913,-0.002475,0.084426,0.049874,-0.091979
2025-12-16 18:26:24.449,0.165281,0.307550,0.078098,-2.336720,1.423463,2.233721,1.400862,0.023946,0.075310,0.030099,0.000265,0.087029,0.046969,-0.088305
2025-12-16 18:26:24.450,0.165302,0.307623,0.078128,-2.336719,1.423552,2.233772,1.400773,0.021457,0.073974,0.029477,0.001079,0.089960,0.045400,-0.085555
2025-12-16 18:26:24.451,0.165321,0.307693,0.078157,-2.336719,1.423639,2.233817,1.400694,0.019038,0.072195,0.029427,0.001048,0.087559,0.048217,-0.085416
2025-12-16 18:26:24.453,0.165367,0.307837,0.078212,-2.336719,1.423802,2.233911,1.400513,0.019749,0.072455,0.028924,-0.000333,0.081531,0.048577,-0.086263
2025-12-16 18:26:24.454,0.165382,0.307901,0.078239,-2.336716,1.423885,2.233952,1.400417,0.018117,0.068105,0.029036,0.000238,0.084143,0.045092,-0.086230
2025-12-16 18:26:24.456,0.165417,0.308040,0.078290,-2.336714,1.424043,2.234035,1.400253,0.017808,0.068067,0.026146,0.005035,0.079670,0.041302,-0.087147
2025-12-16 18:26:24.457,0.165435,0.308104,0.078313,-2.336709,1.424125,2.234075,1.400169,0.015435,0.067909,0.023653,0.005462,0.079237,0.040655,-0.088418
2025-12-16 18:26:24.459,0.165468,0.308238,0.078359,-2.336708,1.424284,2.234149,1.399993,0.015878,0.070565,0.022596,-0.001439,0.082286,0.034035,-0.087444
2025-12-16 18:26:24.460,0.165483,0.308302,0.078379,-2.336711,1.424357,2.234186,1.399910,0.018361,0.071001,0.020362,-0.001755,0.080262,0.035509,-0.083270
2025-12-16 18:26:24.461,0.165497,0.308367,0.078403,-2.336708,1.424431,2.234217,1.399821,0.017819,0.068602,0.020502,-0.000235,0.078396,0.030541,-0.087954
2025-12-16 18:26:24.462,0.165512,0.308426,0.078423,-2.336709,1.424503,2.234254,1.399737,0.021101,0.068806,0.019367,-0.000291,0.077418,0.027979,-0.084295
2025-12-16 18:26:24.463,0.165524,0.308498,0.078440,-2.336709,1.424577,2.234289,1.399656,0.015478,0.069318,0.017343,-0.000295,0.071646,0.030764,-0.087439
2025-12-16 18:26:24.464,0.165540,0.308556,0.078461,-2.336714,1.424647,2.234321,1.399580,0.012490,0.065485,0.017714,-0.002036,0.072728,0.032943,-0.082956
2025-12-16 18:26:24.465,0.165557,0.308620,0.078473,-2.336714,1.424718,2.234348,1.399505,0.011440,0.065063,0.018677,-0.001971,0.068569,0.028622,-0.081074
2025-12-16 18:26:24.467,0.165571,0.308684,0.078494,-2.336709,1.424787,2.234378,1.399423,0.012568,0.064679,0.018763,-0.000150,0.071720,0.026685,-0.076145
2025-12-16 18:26:24.468,0.165583,0.308741,0.078507,-2.336711,1.424853,2.234407,1.399339,0.012218,0.062632,0.020134,-0.000781,0.067573,0.020017,-0.082810
2025-12-16 18:26:24.469,0.165595,0.308800,0.078524,-2.336707,1.424916,2.234431,1.399265,0.009494,0.061614,0.015492,0.000662,0.064714,0.018969,-0.078420
2025-12-16 18:26:24.470,0.165614,0.308931,0.078552,-2.336709,1.425041,2.234478,1.399114,0.010562,0.064834,0.013965,0.000114,0.060940,0.018595,-0.080774
2025-12-16 18:26:24.471,0.165622,0.308987,0.078562,-2.336709,1.425099,2.234501,1.399038,0.007277,0.062900,0.012376,0.000066,0.059344,0.023036,-0.079166
2025-12-16 18:26:24.472,0.165633,0.309050,0.078575,-2.336709,1.425158,2.234523,1.398954,0.009110,0.063518,0.012463,0.000036,0.059048,0.022437,-0.080868
2025-12-16 18:26:24.473,0.165647,0.309101,0.078591,-2.336709,1.425217,2.234544,1.398883,0.007984,0.057885,0.013608,0.000019,0.058774,0.022108,-0.077360
2025-12-16 18:26:24.474,0.165654,0.309161,0.078600,-2.336706,1.425270,2.234562,1.398807,0.008349,0.056710,0.009002,0.007285,0.053104,0.022005,-0.081339
2025-12-16 18:26:24.475,0.165659,0.309217,0.078613,-2.336705,1.425320,2.234581,1.398728,0.007710,0.054630,0.010461,0.004811,0.053983,0.021504,-0.076298
2025-12-16 18:26:24.477,0.165670,0.309278,0.078623,-2.336704,1.425374,2.234600,1.398652,0.009590,0.057913,0.013413,0.006757,0.050546,0.020738,-0.076113
2025-12-16 18:26:24.478,0.165676,0.309391,0.078638,-2.336701,1.425465,2.234629,1.398502,0.007782,0.055316,0.011766,0.003784,0.044395,0.019070,-0.070195
2025-12-16 18:26:24.479,0.165681,0.309448,0.078646,-2.336699,1.425505,2.234642,1.398428,0.005554,0.054661,0.008301,0.003389,0.042185,0.018688,-0.070872
2025-12-16 18:26:24.480,0.165687,0.309500,0.078655,-2.336697,1.425548,2.234657,1.398354,0.006318,0.053483,0.006365,0.002492,0.046159,0.015156,-0.073516
2025-12-16 18:26:24.481,0.165694,0.309553,0.078660,-2.336697,1.425586,2.234671,1.398280,0.008145,0.053064,0.005702,0.000722,0.043397,0.016363,-0.074612
2025-12-16 18:26:24.482,0.165695,0.309608,0.078670,-2.336696,1.425625,2.234686,1.398210,0.004607,0.052835,0.010960,-0.000038,0.037309,0.018401,-0.069634
2025-12-16 18:26:24.483,0.165704,0.309664,0.078675,-2.336695,1.425666,2.234697,1.398143,0.006775,0.053308,0.009182,0.002713,0.038329,0.012889,-0.069277
2025-12-16 18:26:24.484,0.165708,0.309722,0.078682,-2.336688,1.425704,2.234711,1.398071,0.007191,0.054692,0.009141,0.003912,0.042609,0.014345,-0.066283
2025-12-16 18:26:24.485,0.165707,0.309775,0.078687,-2.336689,1.425740,2.234722,1.397989,0.006435,0.054510,0.006047,0.004226,0.041679,0.015464,-0.071935
2025-12-16 18:26:24.487,0.165705,0.309830,0.078690,-2.336689,1.425771,2.234732,1.397918,0.002841,0.055392,0.006213,0.002063,0.044436,0.016246,-0.067408
2025-12-16 18:26:24.489,0.165712,0.309937,0.078706,-2.336681,1.425839,2.234751,1.397788,0.002405,0.054205,0.012242,0.000624,0.041666,0.009118,-0.059808
2025-12-16 18:26:24.490,0.165705,0.309983,0.078706,-2.336679,1.425872,2.234763,1.397712,0.000208,0.049544,0.009650,-0.000600,0.036731,0.007578,-0.065356
2025-12-16 18:26:24.491,0.165701,0.310037,0.078714,-2.336675,1.425906,2.234773,1.397640,-0.000792,0.051749,0.010107,-0.000257,0.032862,0.006702,-0.069433
2025-12-16 18:26:24.492,0.165699,0.310090,0.078717,-2.336674,1.425935,2.234781,1.397573,-0.000321,0.053282,0.006208,0.002334,0.028909,0.004519,-0.065975
2025-12-16 18:26:24.493,0.165693,0.310140,0.078729,-2.336676,1.425964,2.234791,1.397513,-0.004307,0.053841,0.009256,0.000120,0.026348,0.003703,-0.065480
2025-12-16 18:26:24.494,0.165690,0.310190,0.078727,-2.336672,1.425989,2.234802,1.397445,-0.003573,0.051106,0.007325,-0.000232,0.024081,0.007766,-0.063502
2025-12-16 18:26:24.496,0.165686,0.310237,0.078732,-2.336668,1.426015,2.234810,1.397381,-0.006363,0.047814,0.008259,0.000586,0.026943,0.005410,-0.062196
2025-12-16 18:26:24.497,0.165672,0.310330,0.078739,-2.336666,1.426063,2.234827,1.397254,-0.006820,0.047599,0.007827,-0.000101,0.027583,0.007886,-0.056020
2025-12-16 18:26:24.502,0.165647,0.310598,0.078737,-2.336654,1.426183,2.234859,1.396931,-0.004170,0.046342,0.001686,0.001445,0.014789,0.008393,-0.051641
2025-12-16 18:26:24.503,0.165639,0.310633,0.078736,-2.336652,1.426199,2.234861,1.396885,-0.007171,0.042647,0.001916,0.001627,0.015865,0.006556,-0.051836
2025-12-16 18:26:24.504,0.165637,0.310679,0.078732,-2.336656,1.426215,2.234862,1.396834,-0.007168,0.043566,0.000178,-0.000111,0.016946,0.004837,-0.048268
2025-12-16 18:26:24.505,0.165633,0.310717,0.078730,-2.336654,1.426229,2.234864,1.396781,-0.005317,0.042492,-0.000358,-0.000067,0.012717,0.004320,-0.047915
2025-12-16 18:26:24.506,0.165622,0.310754,0.078728,-2.336650,1.426241,2.234864,1.396739,-0.008851,0.041609,-0.001385,0.001168,0.009543,0.003142,-0.043503
2025-12-16 18:26:24.508,0.165617,0.310791,0.078729,-2.336653,1.426255,2.234866,1.396693,-0.010165,0.040941,-0.000878,-0.000423,0.007500,0.003004,-0.045997
2025-12-16 18:26:24.509,0.165606,0.310828,0.078724,-2.336653,1.426269,2.234865,1.396643,-0.009782,0.040626,-0.002315,0.000278,0.010281,0.001811,-0.045896
2025-12-16 18:26:24.510,0.165591,0.310894,0.078716,-2.336651,1.426292,2.234866,1.396558,-0.006189,0.035742,-0.002756,0.001333,0.014638,0.001188,-0.045241
2025-12-16 18:26:24.511,0.165583,0.310925,0.078719,-2.336647,1.426300,2.234867,1.396522,-0.008222,0.032540,-0.000617,0.002097,0.010236,0.001227,-0.041274
2025-12-16 18:26:24.512,0.165574,0.310959,0.078714,-2.336651,1.426310,2.234867,1.396482,-0.007075,0.033827,-0.005238,0.000192,0.007691,-0.008738,-0.040814
2025-12-16 18:26:24.513,0.165565,0.310986,0.078711,-2.336649,1.426319,2.234867,1.396437,-0.005077,0.033079,-0.006891,0.000686,0.005777,-0.006590,-0.042030
2025-12-16 18:26:24.514,0.165554,0.311015,0.078707,-2.336654,1.426327,2.234866,1.396396,-0.007460,0.030130,-0.005600,-0.001305,0.004678,-0.004221,-0.041422
2025-12-16 18:26:24.516,0.165544,0.311047,0.078704,-2.336652,1.426334,2.234864,1.396365,-0.008571,0.032765,-0.004070,-0.000220,0.003145,-0.003618,-0.037920
2025-12-16 18:26:24.517,0.165520,0.311105,0.078695,-2.336652,1.426347,2.234865,1.396295,-0.005787,0.029323,-0.002816,-0.000283,0.005958,-0.001817,-0.038314
2025-12-16 18:26:24.518,0.165510,0.311132,0.078690,-2.336653,1.426353,2.234867,1.396260,-0.004758,0.030765,-0.005188,0.000368,0.004518,-0.000681,-0.038650
2025-12-16 18:26:24.520,0.165493,0.311183,0.078679,-2.336652,1.426368,2.234866,1.396198,-0.001923,0.027428,-0.006752,0.000535,0.011987,-0.000868,-0.033851
2025-12-16 18:26:24.521,0.165481,0.311204,0.078673,-2.336655,1.426369,2.234865,1.396171,-0.001427,0.022070,-0.008115,-0.000757,0.008896,-0.000995,-0.033679
2025-12-16 18:26:24.522,0.165472,0.311225,0.078667,-2.336654,1.426374,2.234866,1.396141,-0.001616,0.021263,-0.009179,0.000052,0.006949,-0.000381,-0.030371
2025-12-16 18:26:24.524,0.165457,0.311245,0.078660,-2.336658,1.426375,2.234862,1.396104,-0.005484,0.020770,-0.006844,-0.000522,0.005142,-0.000636,-0.035089
2025-12-16 18:26:24.525,0.165447,0.311269,0.078653,-2.336657,1.426379,2.234859,1.396083,-0.007127,0.022205,-0.007682,0.000209,0.003810,-0.000830,-0.029010
2025-12-16 18:26:24.526,0.165426,0.311310,0.078634,-2.336661,1.426380,2.234858,1.396036,-0.008972,0.021888,-0.011897,-0.001114,0.002099,0.000185,-0.023324
2025-12-16 18:26:24.528,0.165416,0.311331,0.078622,-2.336659,1.426382,2.234856,1.396004,-0.009849,0.021752,-0.012758,-0.000093,0.001900,-0.000230,-0.024895
2025-12-16 18:26:24.529,0.165392,0.311368,0.078606,-2.336663,1.426380,2.234851,1.395962,-0.011599,0.018717,-0.008705,-0.000691,0.001468,-0.003800,-0.019785
2025-12-16 18:26:24.530,0.165388,0.311388,0.078593,-2.336661,1.426382,2.234851,1.395935,-0.010041,0.019991,-0.010269,0.000189,0.000707,-0.002463,-0.020690
2025-12-16 18:26:24.531,0.165374,0.311406,0.078583,-2.336662,1.426381,2.234851,1.395911,-0.011314,0.020283,-0.010842,0.000126,0.001167,-0.006624,-0.020318
2025-12-16 18:26:24.532,0.165362,0.311421,0.078571,-2.336662,1.426385,2.234847,1.395885,-0.014688,0.019986,-0.011901,0.000084,0.001494,-0.004982,-0.021736
2025-12-16 18:26:24.533,0.165348,0.311439,0.078563,-2.336658,1.426381,2.234846,1.395865,-0.015381,0.020452,-0.011368,0.001170,0.000347,-0.003746,-0.020958
2025-12-16 18:26:24.535,0.165325,0.311466,0.078544,-2.336656,1.426381,2.234842,1.395833,-0.010510,0.016403,-0.011919,0.000705,-0.000042,-0.002116,-0.021775
2025-12-16 18:26:24.537,0.165301,0.311505,0.078521,-2.336660,1.426383,2.234833,1.395792,-0.011338,0.021558,-0.013439,-0.000058,0.000575,-0.000946,-0.020153
2025-12-16 18:26:24.538,0.165287,0.311514,0.078512,-2.336656,1.426383,2.234833,1.395775,-0.012832,0.016477,-0.013141,0.001168,0.000390,0.000693,-0.014471
2025-12-16 18:26:24.539,0.165275,0.311530,0.078504,-2.336649,1.426385,2.234827,1.395761,-0.012652,0.017787,-0.011733,0.002542,0.000910,0.000047,-0.015335
2025-12-16 18:26:24.540,0.165264,0.311543,0.078488,-2.336648,1.426384,2.234824,1.395737,-0.012556,0.018805,-0.013759,0.001695,0.000271,0.000314,-0.014484
2025-12-16 18:26:24.541,0.165250,0.311558,0.078478,-2.336643,1.426385,2.234818,1.395727,-0.009929,0.016345,-0.013360,0.002893,0.000523,-0.000172,-0.014158
2025-12-16 18:26:24.542,0.165242,0.311570,0.078465,-2.336643,1.426383,2.234814,1.395712,-0.009958,0.017091,-0.010504,0.008055,0.000690,0.000192,-0.015425
2025-12-16 18:26:24.543,0.165225,0.311582,0.078454,-2.336637,1.426382,2.234805,1.395703,-0.012275,0.015756,-0.010940,0.006994,0.000461,-0.000235,-0.014456
2025-12-16 18:26:24.545,0.165216,0.311596,0.078443,-2.336637,1.426382,2.234800,1.395685,-0.011630,0.014653,-0.011943,0.005046,0.000648,0.001284,-0.017101
2025-12-16 18:26:24.546,0.165194,0.311617,0.078419,-2.336628,1.426385,2.234789,1.395657,-0.009612,0.013315,-0.012501,0.004196,0.001273,0.001523,-0.013223
2025-12-16 18:26:24.547,0.165177,0.311627,0.078409,-2.336622,1.426385,2.234777,1.395650,-0.012139,0.012312,-0.012441,0.004165,0.000849,0.000262,-0.012457
2025-12-16 18:26:24.548,0.165168,0.311639,0.078396,-2.336621,1.426383,2.234770,1.395633,-0.008386,0.014742,-0.013744,0.002898,-0.003788,-0.003769,-0.015317
2025-12-16 18:26:24.549,0.165156,0.311649,0.078388,-2.336619,1.426383,2.234757,1.395615,-0.009890,0.013305,-0.012670,0.002023,-0.002611,-0.007674,-0.018329
2025-12-16 18:26:24.550,0.165143,0.311664,0.078374,-2.336612,1.426382,2.234749,1.395603,-0.010959,0.013993,-0.013250,0.005572,-0.002034,-0.009770,-0.017925
2025-12-16 18:26:24.551,0.165130,0.311671,0.078362,-2.336609,1.426384,2.234738,1.395598,-0.011266,0.008895,-0.015525,0.004011,-0.000897,-0.007796,-0.016237
2025-12-16 18:26:24.552,0.165121,0.311684,0.078350,-2.336604,1.426383,2.234729,1.395588,-0.010402,0.010714,-0.017446,0.003454,-0.001102,-0.005506,-0.016047
2025-12-16 18:26:24.554,0.165098,0.311704,0.078325,-2.336602,1.426384,2.234711,1.395556,-0.013820,0.014040,-0.013405,-0.000146,0.000217,-0.002799,-0.011029
2025-12-16 18:26:24.555,0.165088,0.311711,0.078313,-2.336599,1.426386,2.234703,1.395546,-0.012892,0.014498,-0.013169,-0.000653,0.001092,-0.001781,-0.012889
2025-12-16 18:26:24.556,0.165077,0.311726,0.078300,-2.336590,1.426387,2.234692,1.395539,-0.012307,0.011802,-0.013160,-0.000365,0.000981,-0.000691,-0.012491
2025-12-16 18:26:24.557,0.165062,0.311733,0.078289,-2.336587,1.426384,2.234683,1.395529,-0.012429,0.007777,-0.012461,-0.000747,0.000954,-0.001334,-0.013847
2025-12-16 18:26:24.558,0.165051,0.311749,0.078280,-2.336581,1.426383,2.234671,1.395515,-0.007620,0.010356,-0.011364,-0.000459,0.000607,-0.005334,-0.015448
2025-12-16 18:26:24.559,0.165037,0.311758,0.078267,-2.336575,1.426381,2.234661,1.395504,-0.008480,0.007142,-0.014393,-0.000276,0.000722,-0.008792,-0.011627
2025-12-16 18:26:24.560,0.165028,0.311768,0.078253,-2.336570,1.426380,2.234651,1.395490,-0.007343,0.007982,-0.016667,-0.000719,0.000804,-0.011367,-0.009121
2025-12-16 18:26:24.562,0.165016,0.311775,0.078242,-2.336568,1.426380,2.234640,1.395477,-0.007745,0.011212,-0.017031,-0.001669,0.000523,-0.012715,-0.012299
2025-12-16 18:26:24.563,0.164990,0.311794,0.078212,-2.336555,1.426380,2.234616,1.395452,-0.010097,0.012886,-0.014799,0.004375,-0.002185,-0.011798,-0.019273
2025-12-16 18:26:24.564,0.164975,0.311810,0.078204,-2.336551,1.426377,2.234604,1.395436,-0.012964,0.014117,-0.011535,0.003364,-0.001415,-0.014359,-0.015076
2025-12-16 18:26:24.565,0.164960,0.311818,0.078189,-2.336543,1.426378,2.234588,1.395433,-0.012625,0.012679,-0.014689,0.003785,-0.005350,-0.016612,-0.013371
2025-12-16 18:26:24.566,0.164944,0.311833,0.078177,-2.336535,1.426373,2.234574,1.395422,-0.016005,0.014503,-0.013257,0.006835,-0.009178,-0.017036,-0.015042
2025-12-16 18:26:24.567,0.164936,0.311841,0.078162,-2.336531,1.426374,2.234558,1.395413,-0.015521,0.012646,-0.012821,0.004991,-0.005277,-0.018213,-0.011000
2025-12-16 18:26:24.568,0.164918,0.311851,0.078152,-2.336529,1.426370,2.234543,1.395394,-0.015210,0.012716,-0.011242,0.003096,-0.003793,-0.018589,-0.011538
2025-12-16 18:26:24.569,0.164905,0.311860,0.078133,-2.336524,1.426365,2.234527,1.395391,-0.016722,0.012153,-0.015033,0.002865,-0.002990,-0.018808,-0.010942
2025-12-16 18:26:24.571,0.164889,0.311871,0.078120,-2.336517,1.426364,2.234513,1.395381,-0.015936,0.012353,-0.013411,0.003300,-0.001016,-0.018784,-0.012935
2025-12-16 18:26:24.572,0.164878,0.311882,0.078110,-2.336516,1.426359,2.234497,1.395375,-0.016087,0.012432,-0.015465,0.001780,-0.001276,-0.017976,-0.008671
2025-12-16 18:26:24.573,0.164848,0.311906,0.078084,-2.336496,1.426347,2.234468,1.395346,-0.013942,0.011142,-0.012584,0.003690,-0.000831,-0.017317,-0.011495
2025-12-16 18:26:24.574,0.164830,0.311917,0.078067,-2.336494,1.426342,2.234447,1.395338,-0.014457,0.008783,-0.014029,0.001312,0.000659,-0.018496,-0.012484
2025-12-16 18:26:24.575,0.164818,0.311928,0.078055,-2.336486,1.426335,2.234428,1.395331,-0.012844,0.009600,-0.012651,0.004362,-0.004677,-0.018645,-0.012968
2025-12-16 18:26:24.576,0.164800,0.311933,0.078037,-2.336482,1.426325,2.234408,1.395320,-0.010353,0.008489,-0.013372,0.005350,-0.007573,-0.018997,-0.010188
2025-12-16 18:26:24.577,0.164786,0.311944,0.078022,-2.336473,1.426318,2.234385,1.395304,-0.010975,0.007661,-0.013785,0.007743,-0.009505,-0.024087,-0.009839
2025-12-16 18:26:24.578,0.164767,0.311959,0.078009,-2.336461,1.426311,2.234364,1.395294,-0.015747,0.010640,-0.016601,0.009840,-0.006293,-0.022757,-0.007217
2025-12-16 18:26:24.579,0.164752,0.311971,0.077996,-2.336454,1.426300,2.234345,1.395288,-0.015445,0.012033,-0.019391,0.009859,-0.005205,-0.025262,-0.007815
2025-12-16 18:26:24.581,0.164733,0.311979,0.077982,-2.336446,1.426289,2.234320,1.395280,-0.018911,0.008258,-0.014485,0.010454,-0.003354,-0.028965,-0.005258
2025-12-16 18:26:24.582,0.164718,0.311990,0.077964,-2.336443,1.426281,2.234298,1.395270,-0.017653,0.009834,-0.015633,0.006604,-0.001955,-0.026040,-0.005126
2025-12-16 18:26:24.583,0.164701,0.312003,0.077947,-2.336432,1.426271,2.234273,1.395258,-0.019904,0.009030,-0.012766,0.006796,-0.001600,-0.024657,-0.009519
2025-12-16 18:26:24.584,0.164667,0.312023,0.077920,-2.336418,1.426249,2.234227,1.395245,-0.021388,0.008870,-0.010829,0.006051,-0.005415,-0.029788,-0.002966
2025-12-16 18:26:24.585,0.164654,0.312033,0.077905,-2.336413,1.426236,2.234203,1.395237,-0.022056,0.008236,-0.011772,0.006732,-0.008472,-0.031903,-0.006738
2025-12-16 18:26:24.586,0.164635,0.312043,0.077887,-2.336405,1.426226,2.234180,1.395226,-0.021227,0.008230,-0.013551,0.006281,-0.006086,-0.028290,-0.010355
2025-12-16 18:26:24.587,0.164617,0.312050,0.077876,-2.336401,1.426212,2.234156,1.395213,-0.020601,0.007008,-0.013065,0.004070,-0.009586,-0.029623,-0.009958
2025-12-16 18:26:24.588,0.164599,0.312058,0.077857,-2.336394,1.426201,2.234129,1.395208,-0.022504,0.007228,-0.015121,0.004156,-0.010890,-0.027846,-0.006243
2025-12-16 18:26:24.589,0.164580,0.312066,0.077845,-2.336391,1.426182,2.234101,1.395205,-0.021477,0.007316,-0.014187,0.005083,-0.013641,-0.030477,-0.003627
2025-12-16 18:26:24.590,0.164569,0.312073,0.077823,-2.336384,1.426166,2.234077,1.395196,-0.021450,0.007330,-0.016467,0.004953,-0.014943,-0.027307,-0.007616
2025-12-16 18:26:24.591,0.164548,0.312078,0.077809,-2.336380,1.426150,2.234049,1.395189,-0.020798,0.006749,-0.015744,0.003639,-0.015218,-0.025602,-0.006114
2025-12-16 18:26:24.592,0.164529,0.312081,0.077796,-2.336379,1.426133,2.234025,1.395177,-0.019590,0.006337,-0.014585,0.002123,-0.015531,-0.023548,-0.006743
2025-12-16 18:26:24.594,0.164510,0.312088,0.077776,-2.336378,1.426115,2.234004,1.395176,-0.019299,0.006694,-0.016205,0.001605,-0.016098,-0.026324,-0.007379
2025-12-16 18:26:24.595,0.164474,0.312096,0.077747,-2.336373,1.426073,2.233947,1.395172,-0.017182,0.005540,-0.015481,0.000884,-0.017491,-0.028663,-0.003030
2025-12-16 18:26:24.596,0.164452,0.312098,0.077736,-2.336367,1.426048,2.233917,1.395155,-0.016996,0.004274,-0.013933,0.002433,-0.018648,-0.026646,-0.006364
2025-12-16 18:26:24.597,0.164434,0.312098,0.077714,-2.336370,1.426029,2.233890,1.395157,-0.016182,0.002310,-0.015796,0.000568,-0.018321,-0.025246,-0.003440
2025-12-16 18:26:24.598,0.164418,0.312104,0.077699,-2.336370,1.426007,2.233865,1.395159,-0.018160,0.003317,-0.014746,0.000424,-0.018100,-0.027701,-0.001793
2025-12-16 18:26:24.599,0.164393,0.312102,0.077681,-2.336369,1.425983,2.233842,1.395163,-0.018865,0.002221,-0.014655,0.000873,-0.018395,-0.024783,0.000103
2025-12-16 18:26:24.600,0.164374,0.312105,0.077667,-2.336369,1.425957,2.233816,1.395158,-0.020693,0.002695,-0.017099,0.000608,-0.022863,-0.027990,-0.001847
2025-12-16 18:26:24.601,0.164361,0.312105,0.077652,-2.336370,1.425933,2.233789,1.395151,-0.019805,-0.003921,-0.019015,-0.000133,-0.021588,-0.026231,-0.003491
2025-12-16 18:26:24.603,0.164341,0.312102,0.077634,-2.336370,1.425907,2.233765,1.395153,-0.022346,-0.003690,-0.017381,-0.000724,-0.025267,-0.024370,-0.001682
2025-12-16 18:26:24.604,0.164304,0.312099,0.077597,-2.336371,1.425854,2.233710,1.395160,-0.020825,-0.002191,-0.019075,-0.000863,-0.027368,-0.027326,0.001351
2025-12-16 18:26:24.605,0.164282,0.312104,0.077582,-2.336371,1.425827,2.233688,1.395153,-0.023014,-0.000566,-0.016759,-0.000570,-0.024926,-0.024460,-0.001298
2025-12-16 18:26:24.606,0.164267,0.312097,0.077566,-2.336373,1.425798,2.233663,1.395150,-0.019648,-0.002305,-0.019393,-0.000932,-0.023421,-0.023491,-0.001971
2025-12-16 18:26:24.608,0.164251,0.312100,0.077550,-2.336375,1.425769,2.233635,1.395154,-0.017819,-0.000453,-0.020214,-0.000618,-0.022287,-0.027543,0.000128
2025-12-16 18:26:24.609,0.164231,0.312093,0.077532,-2.336377,1.425739,2.233611,1.395163,-0.020125,-0.005299,-0.021438,-0.001059,-0.025773,-0.025024,0.001870
2025-12-16 18:26:24.610,0.164200,0.312086,0.077502,-2.336381,1.425676,2.233560,1.395159,-0.018695,-0.008429,-0.017077,-0.001798,-0.026044,-0.022230,-0.000492
2025-12-16 18:26:24.611,0.164181,0.312077,0.077482,-2.336381,1.425645,2.233536,1.395153,-0.017189,-0.008023,-0.017198,-0.001198,-0.023615,-0.021083,-0.002164
2025-12-16 18:26:24.612,0.164165,0.312075,0.077466,-2.336386,1.425613,2.233511,1.395160,-0.016017,-0.007854,-0.019128,-0.002561,-0.027889,-0.025586,0.000723
2025-12-16 18:26:24.613,0.164147,0.312066,0.077450,-2.336388,1.425581,2.233484,1.395160,-0.015712,-0.007528,-0.020568,-0.007854,-0.030320,-0.028646,0.000479
2025-12-16 18:26:24.614,0.164125,0.312059,0.077438,-2.336393,1.425549,2.233457,1.395160,-0.015980,-0.006692,-0.017924,-0.006954,-0.026792,-0.031639,0.000318
2025-12-16 18:26:24.615,0.164112,0.312053,0.077416,-2.336393,1.425514,2.233431,1.395153,-0.014443,-0.007953,-0.019034,-0.005020,-0.030204,-0.032739,0.007138
2025-12-16 18:26:24.616,0.164093,0.312044,0.077402,-2.336397,1.425482,2.233406,1.395151,-0.017595,-0.010181,-0.017265,-0.004191,-0.031494,-0.029352,0.005171
2025-12-16 18:26:24.617,0.164079,0.312035,0.077389,-2.336397,1.425451,2.233380,1.395161,-0.016193,-0.010618,-0.015304,-0.003010,-0.032458,-0.025993,0.006206
2025-12-16 18:26:24.621,0.164013,0.312004,0.077328,-2.336401,1.425316,2.233282,1.395160,-0.013711,-0.009530,-0.016429,-0.004990,-0.036122,-0.023353,0.002255
2025-12-16 18:26:24.622,0.163999,0.311989,0.077312,-2.336405,1.425280,2.233256,1.395162,-0.013356,-0.008918,-0.016614,-0.004379,-0.037104,-0.022663,0.001270
2025-12-16 18:26:24.623,0.163983,0.311982,0.077297,-2.336404,1.425246,2.233232,1.395163,-0.014354,-0.009699,-0.015467,-0.002572,-0.037559,-0.021315,0.000952
2025-12-16 18:26:24.624,0.163970,0.311971,0.077283,-2.336401,1.425215,2.233215,1.395153,-0.016865,-0.010856,-0.014667,-0.000828,-0.032928,-0.019962,-0.002508
2025-12-16 18:26:24.625,0.163953,0.311963,0.077266,-2.336406,1.425183,2.233195,1.395163,-0.019422,-0.007475,-0.011496,-0.002485,-0.034009,-0.018655,0.000557
2025-12-16 18:26:24.626,0.163941,0.311956,0.077251,-2.336402,1.425152,2.233169,1.395164,-0.017040,-0.008046,-0.014832,-0.000578,-0.029526,-0.019755,0.000416
2025-12-16 18:26:24.628,0.163926,0.311939,0.077235,-2.336402,1.425122,2.233149,1.395169,-0.015888,-0.009040,-0.017328,-0.000481,-0.031332,-0.019647,0.001734
2025-12-16 18:26:24.629,0.163893,0.311921,0.077206,-2.336405,1.425065,2.233105,1.395165,-0.012402,-0.009886,-0.015523,-0.000717,-0.025800,-0.020481,-0.001839
2025-12-16 18:26:24.633,0.163848,0.311896,0.077165,-2.336399,1.424978,2.233047,1.395175,-0.015617,-0.009874,-0.014555,0.002170,-0.025716,-0.017507,0.005673
2025-12-16 18:26:24.634,0.163824,0.311876,0.077135,-2.336400,1.424925,2.233012,1.395177,-0.011834,-0.009488,-0.016234,0.000941,-0.030433,-0.022050,0.001647
2025-12-16 18:26:24.637,0.163780,0.311851,0.077093,-2.336390,1.424841,2.232958,1.395188,-0.018172,-0.008922,-0.014107,0.002626,-0.023748,-0.020368,0.004076
2025-12-16 18:26:24.638,0.163767,0.311843,0.077078,-2.336388,1.424811,2.232941,1.395195,-0.018343,-0.008464,-0.015918,0.002303,-0.027534,-0.020668,0.003105
2025-12-16 18:26:24.639,0.163751,0.311842,0.077061,-2.336379,1.424780,2.232928,1.395193,-0.019160,-0.006276,-0.017947,0.003852,-0.025998,-0.019862,-0.000182
2025-12-16 18:26:24.641,0.163722,0.311826,0.077035,-2.336374,1.424730,2.232894,1.395213,-0.019048,-0.006398,-0.012429,0.003287,-0.021725,-0.020285,0.002636
2025-12-16 18:26:24.642,0.163703,0.311818,0.077018,-2.336378,1.424704,2.232880,1.395216,-0.020320,-0.006618,-0.012259,0.000983,-0.021347,-0.015479,0.001168
2025-12-16 18:26:24.643,0.163688,0.311814,0.077000,-2.336372,1.424676,2.232862,1.395214,-0.020631,-0.004993,-0.011545,0.002418,-0.024850,-0.016208,-0.001299
2025-12-16 18:26:24.645,0.163656,0.311802,0.076967,-2.336362,1.424625,2.232830,1.395231,-0.021070,-0.003637,-0.013766,0.003084,-0.030496,-0.018376,0.000854
2025-12-16 18:26:24.646,0.163641,0.311798,0.076950,-2.336357,1.424596,2.232812,1.395241,-0.018688,-0.001878,-0.016514,0.006112,-0.032628,-0.018357,0.006669
2025-12-16 18:26:24.647,0.163624,0.311794,0.076935,-2.336361,1.424572,2.232798,1.395244,-0.020088,-0.003750,-0.015078,0.002557,-0.028820,-0.018103,0.003064
2025-12-16 18:26:24.648,0.163611,0.311783,0.076924,-2.336359,1.424544,2.232780,1.395247,-0.017138,-0.006590,-0.012952,0.005053,-0.031410,-0.018257,0.004843
2025-12-16 18:26:24.649,0.163596,0.311776,0.076905,-2.336359,1.424517,2.232758,1.395263,-0.015127,-0.007351,-0.013123,0.003213,-0.033592,-0.019596,0.006021
2025-12-16 18:26:24.651,0.163579,0.311772,0.076893,-2.336352,1.424490,2.232742,1.395270,-0.014739,-0.006919,-0.015648,0.004206,-0.034294,-0.018292,0.004853
2025-12-16 18:26:24.652,0.163550,0.311753,0.076862,-2.336353,1.424439,2.232702,1.395282,-0.017920,-0.009689,-0.016186,0.003702,-0.030310,-0.018133,0.009032
2025-12-16 18:26:24.653,0.163537,0.311750,0.076846,-2.336353,1.424412,2.232678,1.395291,-0.016171,-0.008756,-0.015950,0.002278,-0.027467,-0.019466,0.006573
2025-12-16 18:26:24.654,0.163518,0.311745,0.076831,-2.336348,1.424383,2.232659,1.395299,-0.016569,-0.005533,-0.015158,0.002350,-0.025253,-0.014545,0.004677
2025-12-16 18:26:24.655,0.163502,0.311739,0.076817,-2.336348,1.424355,2.232636,1.395316,-0.018698,-0.006301,-0.014545,0.003432,-0.028470,-0.015646,0.010853
2025-12-16 18:26:24.656,0.163485,0.311735,0.076802,-2.336345,1.424326,2.232612,1.395324,-0.018383,-0.003206,-0.014636,0.005292,-0.030719,-0.016758,0.007256
2025-12-16 18:26:24.657,0.163472,0.311729,0.076788,-2.336346,1.424295,2.232587,1.395324,-0.016837,-0.001601,-0.014741,0.002324,-0.033108,-0.017666,0.007981
2025-12-16 18:26:24.659,0.163443,0.311717,0.076758,-2.336340,1.424244,2.232542,1.395350,-0.015997,-0.002368,-0.014538,0.002024,-0.024970,-0.017249,0.014645
2025-12-16 18:26:24.660,0.163430,0.311711,0.076742,-2.336335,1.424213,2.232518,1.395364,-0.015002,-0.003993,-0.015151,0.001208,-0.024223,-0.022829,0.016692
2025-12-16 18:26:24.661,0.163412,0.311710,0.076728,-2.336332,1.424183,2.232499,1.395371,-0.019198,-0.002912,-0.014885,0.002299,-0.026859,-0.021475,0.015961
2025-12-16 18:26:24.662,0.163399,0.311701,0.076715,-2.336330,1.424152,2.232477,1.395377,-0.014755,-0.005297,-0.011558,0.000249,-0.029941,-0.020512,0.015361
2025-12-16 18:26:24.663,0.163385,0.311702,0.076700,-2.336329,1.424117,2.232452,1.395387,-0.014659,-0.001381,-0.012847,-0.001238,-0.037541,-0.020634,0.016309
2025-12-16 18:26:24.664,0.163368,0.311694,0.076689,-2.336324,1.424089,2.232430,1.395403,-0.015642,-0.003508,-0.012601,-0.001205,-0.036982,-0.020544,0.018153
2025-12-16 18:26:24.665,0.163355,0.311690,0.076677,-2.336321,1.424058,2.232413,1.395413,-0.014650,-0.004437,-0.015605,-0.001715,-0.037794,-0.019428,0.018254
2025-12-16 18:26:24.667,0.163339,0.311694,0.076660,-2.336319,1.424028,2.232391,1.395425,-0.015085,-0.002168,-0.016502,-0.001641,-0.036970,-0.018978,0.013284
2025-12-16 18:26:24.669,0.163296,0.311677,0.076618,-2.336312,1.423939,2.232330,1.395461,-0.015418,-0.001056,-0.020459,0.002898,-0.029140,-0.018894,0.013713
2025-12-16 18:26:24.670,0.163284,0.311669,0.076604,-2.336306,1.423906,2.232307,1.395476,-0.014432,-0.006199,-0.018957,0.003937,-0.031753,-0.024283,0.015096
2025-12-16 18:26:24.671,0.163269,0.311661,0.076588,-2.336314,1.423874,2.232286,1.395479,-0.013795,-0.005066,-0.018414,0.001042,-0.029186,-0.023344,0.013062
2025-12-16 18:26:24.673,0.163239,0.311647,0.076561,-2.336304,1.423814,2.232242,1.395513,-0.016358,-0.004246,-0.018961,0.004151,-0.032476,-0.021446,0.014583
2025-12-16 18:26:24.674,0.163221,0.311641,0.076549,-2.336309,1.423784,2.232226,1.395524,-0.016543,-0.005318,-0.016643,0.001637,-0.029057,-0.019647,0.010833
2025-12-16 18:26:24.678,0.163166,0.311615,0.076488,-2.336307,1.423661,2.232148,1.395577,-0.013212,-0.008400,-0.016321,0.000690,-0.022245,-0.015217,0.012600
2025-12-16 18:26:24.679,0.163149,0.311602,0.076474,-2.336302,1.423632,2.232130,1.395596,-0.013547,-0.010893,-0.014757,0.002241,-0.026121,-0.021355,0.015577
2025-12-16 18:26:24.680,0.163133,0.311596,0.076461,-2.336305,1.423605,2.232111,1.395607,-0.013802,-0.007024,-0.014264,0.000301,-0.028428,-0.021079,0.014228
2025-12-16 18:26:24.682,0.163121,0.311587,0.076449,-2.336306,1.423575,2.232092,1.395618,-0.011649,-0.008545,-0.012627,0.000211,-0.031454,-0.020550,0.015139
2025-12-16 18:26:24.683,0.163089,0.311571,0.076417,-2.336304,1.423515,2.232057,1.395652,-0.013887,-0.007309,-0.014180,0.000909,-0.030477,-0.018816,0.014479
2025-12-16 18:26:24.684,0.163080,0.311559,0.076403,-2.336301,1.423484,2.232038,1.395669,-0.011694,-0.009287,-0.016246,0.001167,-0.032505,-0.018904,0.015068
2025-12-16 18:26:24.685,0.163066,0.311549,0.076390,-2.336304,1.423459,2.232018,1.395682,-0.011470,-0.006989,-0.015383,0.000224,-0.033537,-0.019572,0.015201
2025-12-16 18:26:24.686,0.163051,0.311539,0.076376,-2.336307,1.423428,2.232002,1.395696,-0.012418,-0.008426,-0.014168,-0.000498,-0.029873,-0.019481,0.009994
2025-12-16 18:26:24.687,0.163037,0.311531,0.076362,-2.336309,1.423398,2.231983,1.395717,-0.011947,-0.008882,-0.013278,-0.000887,-0.032150,-0.019669,0.014087
2025-12-16 18:26:24.688,0.163027,0.311518,0.076346,-2.336305,1.423369,2.231963,1.395735,-0.014093,-0.011022,-0.013242,-0.000033,-0.033270,-0.019996,0.015318
2025-12-16 18:26:24.689,0.163012,0.311506,0.076332,-2.336306,1.423343,2.231944,1.395750,-0.017647,-0.011929,-0.015613,-0.000021,-0.033616,-0.019915,0.016261
2025-12-16 18:26:24.691,0.163000,0.311495,0.076313,-2.336307,1.423312,2.231926,1.395767,-0.016414,-0.012010,-0.016849,-0.000013,-0.029677,-0.019211,0.016611
2025-12-16 18:26:24.692,0.162974,0.311472,0.076288,-2.336305,1.423252,2.231884,1.395802,-0.014380,-0.011948,-0.015115,-0.002498,-0.025640,-0.024127,0.018353
2025-12-16 18:26:24.693,0.162960,0.311455,0.076279,-2.336306,1.423226,2.231866,1.395822,-0.015073,-0.014441,-0.013876,-0.001352,-0.023576,-0.026848,0.014083
2025-12-16 18:26:24.694,0.162944,0.311445,0.076262,-2.336303,1.423198,2.231847,1.395843,-0.015596,-0.010073,-0.015319,-0.000527,-0.022377,-0.024974,0.011206
2025-12-16 18:26:24.695,0.162931,0.311433,0.076252,-2.336308,1.423170,2.231828,1.395853,-0.018955,-0.011166,-0.014429,-0.001602,-0.026333,-0.023453,0.011299
2025-12-16 18:26:24.696,0.162921,0.311419,0.076236,-2.336308,1.423142,2.231807,1.395870,-0.017187,-0.012001,-0.011842,-0.001171,-0.028830,-0.022791,0.008181
2025-12-16 18:26:24.698,0.162909,0.311407,0.076222,-2.336305,1.423113,2.231790,1.395893,-0.015914,-0.015201,-0.009376,-0.000301,-0.031103,-0.025791,0.012339
2025-12-16 18:26:24.699,0.162900,0.311392,0.076207,-2.336308,1.423085,2.231770,1.395913,-0.014440,-0.015112,-0.010588,-0.000815,-0.032862,-0.024444,0.014007
2025-12-16 18:26:24.700,0.162869,0.311366,0.076182,-2.336309,1.423025,2.231733,1.395941,-0.013760,-0.013434,-0.012046,-0.001414,-0.027154,-0.015921,0.014322
2025-12-16 18:26:24.701,0.162859,0.311350,0.076170,-2.336307,1.422995,2.231717,1.395959,-0.013243,-0.014312,-0.015205,0.000240,-0.025715,-0.016494,0.015326
2025-12-16 18:26:24.702,0.162848,0.311332,0.076153,-2.336306,1.422968,2.231696,1.395980,-0.013582,-0.015535,-0.016745,0.000698,-0.028202,-0.018312,0.017069
2025-12-16 18:26:24.703,0.162836,0.311323,0.076143,-2.336310,1.422938,2.231678,1.396005,-0.013732,-0.013479,-0.015459,-0.000755,-0.029820,-0.018089,0.024145
2025-12-16 18:26:24.705,0.162812,0.311294,0.076117,-2.336307,1.422878,2.231642,1.396039,-0.016074,-0.014998,-0.014638,0.000454,-0.025581,-0.023255,0.023579
2025-12-16 18:26:24.706,0.162800,0.311274,0.076106,-2.336305,1.422853,2.231624,1.396057,-0.015707,-0.015539,-0.014043,0.000297,-0.023572,-0.022594,0.022229
2025-12-16 18:26:24.707,0.162788,0.311259,0.076095,-2.336308,1.422827,2.231611,1.396088,-0.015344,-0.014145,-0.011003,-0.000363,-0.021692,-0.021005,0.024405
2025-12-16 18:26:24.708,0.162776,0.311241,0.076083,-2.336305,1.422797,2.231595,1.396108,-0.017641,-0.014305,-0.008706,0.000868,-0.026426,-0.016186,0.022961
2025-12-16 18:26:24.709,0.162764,0.311225,0.076073,-2.336308,1.422771,2.231584,1.396126,-0.016796,-0.013848,-0.005857,-0.000537,-0.024815,-0.015485,0.025867
2025-12-16 18:26:24.710,0.162747,0.311209,0.076059,-2.336305,1.422745,2.231566,1.396147,-0.017376,-0.016614,-0.008078,0.000754,-0.027287,-0.016771,0.023797
2025-12-16 18:26:24.712,0.162736,0.311196,0.076049,-2.336307,1.422720,2.231547,1.396162,-0.015402,-0.014492,-0.009135,-0.000056,-0.029985,-0.018511,0.020670
2025-12-16 18:26:24.715,0.162695,0.311128,0.076003,-2.336306,1.422623,2.231492,1.396246,-0.010130,-0.017585,-0.012002,0.000850,-0.024296,-0.010878,0.021072
2025-12-16 18:26:24.716,0.162683,0.311112,0.075989,-2.336306,1.422598,2.231478,1.396271,-0.013208,-0.016191,-0.012289,0.000566,-0.027676,-0.012689,0.021376
2025-12-16 18:26:24.717,0.162675,0.311098,0.075976,-2.336307,1.422575,2.231465,1.396300,-0.011966,-0.017764,-0.011773,0.000934,-0.030021,-0.013990,0.027233
2025-12-16 18:26:24.718,0.162665,0.311081,0.075964,-2.336307,1.422550,2.231453,1.396320,-0.011602,-0.017531,-0.014194,0.000623,-0.027569,-0.010860,0.024794
2025-12-16 18:26:24.721,0.162634,0.311027,0.075923,-2.336305,1.422481,2.231405,1.396384,-0.008899,-0.017526,-0.016751,0.000122,-0.027253,-0.014361,0.017076
2025-12-16 18:26:24.722,0.162626,0.311014,0.075912,-2.336310,1.422458,2.231390,1.396405,-0.005093,-0.016147,-0.014094,-0.001125,-0.024780,-0.015462,0.017398
2025-12-16 18:26:24.723,0.162615,0.310995,0.075898,-2.336309,1.422436,2.231376,1.396429,-0.006677,-0.016927,-0.013362,-0.000100,-0.027463,-0.016196,0.023260
2025-12-16 18:26:24.727,0.162581,0.310925,0.075852,-2.336303,1.422343,2.231320,1.396512,-0.003988,-0.016618,-0.011855,0.001310,-0.027931,-0.011281,0.021870
2025-12-16 18:26:24.728,0.162571,0.310911,0.075840,-2.336302,1.422319,2.231304,1.396529,-0.002693,-0.018450,-0.011682,0.001430,-0.030602,-0.009113,0.018908
2025-12-16 18:26:24.730,0.162560,0.310892,0.075831,-2.336307,1.422295,2.231287,1.396550,-0.004828,-0.017925,-0.010898,-0.001367,-0.032338,-0.006735,0.019169
2025-12-16 18:26:24.731,0.162542,0.310854,0.075810,-2.336309,1.422254,2.231260,1.396602,-0.001442,-0.017250,-0.005432,-0.001195,-0.034099,-0.011143,0.026415
2025-12-16 18:26:24.732,0.162531,0.310841,0.075800,-2.336304,1.422229,2.231246,1.396617,-0.001852,-0.017743,-0.006877,0.000317,-0.035725,-0.013012,0.021833
2025-12-16 18:26:24.735,0.162507,0.310786,0.075767,-2.336305,1.422156,2.231199,1.396685,-0.007144,-0.018109,-0.009695,-0.000463,-0.029582,-0.014138,0.026630
2025-12-16 18:26:24.736,0.162498,0.310772,0.075757,-2.336308,1.422133,2.231184,1.396708,-0.008630,-0.018539,-0.011146,-0.001515,-0.026576,-0.010602,0.020991
2025-12-16 18:26:24.737,0.162486,0.310753,0.075749,-2.336305,1.422109,2.231169,1.396724,-0.007199,-0.016936,-0.007119,0.000196,-0.024773,-0.007205,0.022828
2025-12-16 18:26:24.740,0.162459,0.310696,0.075719,-2.336303,1.422031,2.231126,1.396793,-0.006345,-0.012390,-0.009026,0.000924,-0.025361,-0.013414,0.027567
2025-12-16 18:26:24.741,0.162445,0.310670,0.075709,-2.336305,1.422009,2.231112,1.396813,-0.007061,-0.014781,-0.006714,0.000059,-0.023017,-0.014835,0.025163
2025-12-16 18:26:24.742,0.162439,0.310659,0.075700,-2.336305,1.421985,2.231097,1.396830,-0.003977,-0.015424,-0.011368,0.000040,-0.022087,-0.011180,0.022729
2025-12-16 18:26:24.743,0.162436,0.310641,0.075691,-2.336301,1.421957,2.231080,1.396849,-0.001732,-0.015415,-0.009059,0.001233,-0.021580,-0.008421,0.021531
2025-12-16 18:26:24.744,0.162425,0.310623,0.075683,-2.336306,1.421932,2.231068,1.396873,-0.005156,-0.017776,-0.008739,-0.000941,-0.025661,-0.006340,0.021564
2025-12-16 18:26:24.746,0.162404,0.310589,0.075660,-2.336302,1.421883,2.231039,1.396907,-0.006808,-0.020122,-0.009554,0.000974,-0.019185,-0.008638,0.022557
2025-12-16 18:26:24.747,0.162395,0.310574,0.075653,-2.336305,1.421858,2.231029,1.396925,-0.008162,-0.017178,-0.009114,-0.000557,-0.019405,-0.010841,0.021348
2025-12-16 18:26:24.748,0.162387,0.310555,0.075639,-2.336301,1.421834,2.231016,1.396943,-0.008009,-0.016690,-0.007984,0.000835,-0.019224,-0.012596,0.020107
2025-12-16 18:26:24.749,0.162379,0.310535,0.075631,-2.336303,1.421812,2.231002,1.396971,-0.009207,-0.016880,-0.007964,-0.000093,-0.018452,-0.009488,0.018078
2025-12-16 18:26:24.750,0.162370,0.310523,0.075619,-2.336305,1.421787,2.230991,1.396989,-0.010071,-0.017658,-0.009755,-0.000619,-0.018867,-0.012081,0.013023
2025-12-16 18:26:24.752,0.162356,0.310508,0.075609,-2.336303,1.421764,2.230978,1.397001,-0.011859,-0.015909,-0.010410,0.000794,-0.018507,-0.013823,0.012243
2025-12-16 18:26:24.753,0.162345,0.310489,0.075595,-2.336300,1.421741,2.230966,1.397020,-0.009371,-0.016237,-0.008354,0.001086,-0.018261,-0.010752,0.014721
2025-12-16 18:26:24.754,0.162327,0.310459,0.075578,-2.336301,1.421694,2.230936,1.397057,-0.010449,-0.014014,-0.006205,0.000111,-0.026407,-0.015194,0.015735
2025-12-16 18:26:24.755,0.162320,0.310442,0.075569,-2.336299,1.421675,2.230920,1.397084,-0.009197,-0.013057,-0.006789,0.000631,-0.028919,-0.012773,0.019640
2025-12-16 18:26:24.756,0.162310,0.310425,0.075557,-2.336301,1.421649,2.230909,1.397093,-0.010192,-0.014114,-0.008959,-0.000136,-0.026416,-0.013442,0.015764
2025-12-16 18:26:24.757,0.162300,0.310412,0.075549,-2.336298,1.421627,2.230896,1.397112,-0.010870,-0.012552,-0.011864,0.001023,-0.024553,-0.015466,0.016905
2025-12-16 18:26:24.758,0.162288,0.310395,0.075540,-2.336305,1.421603,2.230884,1.397137,-0.011332,-0.013145,-0.008484,-0.001638,-0.023487,-0.015940,0.019728
2025-12-16 18:26:24.759,0.162280,0.310384,0.075523,-2.336298,1.421581,2.230871,1.397156,-0.011036,-0.014369,-0.011404,0.001228,-0.026307,-0.011548,0.015442
2025-12-16 18:26:24.761,0.162270,0.310368,0.075514,-2.336294,1.421556,2.230857,1.397166,-0.011482,-0.014095,-0.007294,0.002025,-0.024786,-0.013665,0.013621
2025-12-16 18:26:24.762,0.162253,0.310338,0.075494,-2.336294,1.421508,2.230826,1.397204,-0.010560,-0.013923,-0.008795,0.001488,-0.026897,-0.016875,0.016004
2025-12-16 18:26:24.763,0.162241,0.310325,0.075482,-2.336299,1.421485,2.230811,1.397231,-0.008067,-0.012515,-0.009861,0.004608,-0.029573,-0.017879,0.019449
2025-12-16 18:26:24.764,0.162232,0.310314,0.075473,-2.336293,1.421460,2.230797,1.397249,-0.009214,-0.007724,-0.013150,0.005330,-0.031622,-0.017722,0.017630
2025-12-16 18:26:24.765,0.162219,0.310299,0.075461,-2.336291,1.421435,2.230782,1.397271,-0.010674,-0.009145,-0.013670,0.004481,-0.028765,-0.018321,0.018702
2025-12-16 18:26:24.766,0.162209,0.310288,0.075453,-2.336291,1.421413,2.230768,1.397283,-0.011124,-0.008937,-0.012899,0.003266,-0.030619,-0.018537,0.016155
2025-12-16 18:26:24.767,0.162203,0.310271,0.075444,-2.336293,1.421388,2.230753,1.397300,-0.010916,-0.010666,-0.016014,0.001829,-0.027996,-0.018580,0.017386
2025-12-16 18:26:24.768,0.162187,0.310259,0.075434,-2.336293,1.421366,2.230738,1.397328,-0.013009,-0.009970,-0.015247,0.001376,-0.025019,-0.018007,0.025054
2025-12-16 18:26:24.770,0.162181,0.310245,0.075421,-2.336293,1.421341,2.230725,1.397339,-0.012154,-0.010191,-0.012574,0.001035,-0.023774,-0.017586,0.026274
2025-12-16 18:26:24.771,0.162170,0.310230,0.075413,-2.336287,1.421314,2.230709,1.397365,-0.012799,-0.012879,-0.011960,0.002541,-0.026843,-0.018348,0.027002
2025-12-16 18:26:24.772,0.162166,0.310219,0.075404,-2.336290,1.421288,2.230689,1.397378,-0.007865,-0.011209,-0.012107,-0.000003,-0.029872,-0.014539,0.022609
2025-12-16 18:26:24.773,0.162146,0.310186,0.075381,-2.336294,1.421239,2.230661,1.397414,-0.005303,-0.014794,-0.013890,-0.000921,-0.025541,-0.015366,0.018352
2025-12-16 18:26:24.774,0.162134,0.310171,0.075371,-2.336293,1.421213,2.230644,1.397432,-0.005722,-0.016896,-0.010842,-0.000586,-0.023439,-0.017002,0.019137
2025-12-16 18:26:24.775,0.162125,0.310155,0.075361,-2.336289,1.421188,2.230627,1.397449,-0.004689,-0.019090,-0.011079,0.000836,-0.027095,-0.017103,0.013929
2025-12-16 18:26:24.776,0.162115,0.310144,0.075352,-2.336293,1.421163,2.230610,1.397462,-0.007148,-0.015905,-0.011926,-0.000076,-0.029716,-0.012507,0.009706
2025-12-16 18:26:24.777,0.162108,0.310130,0.075340,-2.336292,1.421140,2.230594,1.397480,-0.008339,-0.014069,-0.013178,-0.000039,-0.026760,-0.014160,0.013142
2025-12-16 18:26:24.778,0.162099,0.310112,0.075331,-2.336290,1.421113,2.230577,1.397496,-0.006707,-0.013415,-0.012861,0.000632,-0.024787,-0.016283,0.010169
2025-12-16 18:26:24.779,0.162090,0.310099,0.075316,-2.336289,1.421088,2.230564,1.397506,-0.006028,-0.012202,-0.014418,0.000428,-0.023301,-0.011433,0.009736
2025-12-16 18:26:24.781,0.162079,0.310082,0.075308,-2.336291,1.421063,2.230548,1.397523,-0.005001,-0.015091,-0.013177,-0.000359,-0.022489,-0.008276,0.012942
2025-12-16 18:26:24.782,0.162062,0.310053,0.075287,-2.336293,1.421015,2.230515,1.397554,-0.006843,-0.016060,-0.008566,-0.000526,-0.020903,-0.009824,0.009425
2025-12-16 18:26:24.783,0.162052,0.310036,0.075275,-2.336297,1.420992,2.230502,1.397579,-0.006171,-0.018559,-0.006921,-0.001555,-0.020055,-0.011812,0.014401
2025-12-16 18:26:24.784,0.162047,0.310017,0.075266,-2.336297,1.420967,2.230490,1.397590,-0.006331,-0.017166,-0.005034,-0.000385,-0.020061,-0.013003,0.012878
2025-12-16 18:26:24.785,0.162038,0.310008,0.075254,-2.336297,1.420947,2.230474,1.397614,-0.007844,-0.013667,-0.006816,-0.000256,-0.019431,-0.014895,0.015907
2025-12-16 18:26:24.786,0.162026,0.309995,0.075242,-2.336299,1.420924,2.230459,1.397635,-0.006505,-0.012473,-0.008800,-0.001376,-0.019409,-0.016453,0.017350
2025-12-16 18:26:24.787,0.162015,0.309977,0.075236,-2.336302,1.420900,2.230443,1.397656,-0.008562,-0.012790,-0.008424,-0.001473,-0.024003,-0.017480,0.018336
2025-12-16 18:26:24.788,0.162010,0.309957,0.075226,-2.336303,1.420881,2.230432,1.397675,-0.007212,-0.014046,-0.009519,-0.000982,-0.022267,-0.017791,0.018330
2025-12-16 18:26:24.790,0.161997,0.309944,0.075218,-2.336307,1.420858,2.230416,1.397690,-0.009768,-0.015729,-0.009208,-0.001861,-0.021436,-0.019206,0.020546
2025-12-16 18:26:24.791,0.161990,0.309926,0.075208,-2.336307,1.420837,2.230403,1.397710,-0.009359,-0.015032,-0.010198,-0.000683,-0.020781,-0.018663,0.020215
2025-12-16 18:26:24.792,0.161968,0.309889,0.075184,-2.336308,1.420798,2.230371,1.397760,-0.008708,-0.020494,-0.011529,-0.000303,-0.018896,-0.019975,0.021294
2025-12-16 18:26:24.793,0.161960,0.309871,0.075173,-2.336311,1.420773,2.230355,1.397784,-0.005936,-0.019119,-0.011177,-0.001316,-0.018626,-0.019904,0.025627
2025-12-16 18:26:24.794,0.161955,0.309857,0.075166,-2.336312,1.420751,2.230341,1.397794,-0.005251,-0.016752,-0.007234,-0.000877,-0.019099,-0.019651,0.015880
2025-12-16 18:26:24.795,0.161941,0.309839,0.075155,-2.336315,1.420729,2.230324,1.397820,-0.008393,-0.016355,-0.008713,-0.001791,-0.023482,-0.020133,0.013955
2025-12-16 18:26:24.797,0.161925,0.309800,0.075138,-2.336315,1.420679,2.230293,1.397865,-0.006428,-0.016773,-0.006663,-0.000610,-0.026958,-0.019588,0.016434
2025-12-16 18:26:24.798,0.161916,0.309788,0.075131,-2.336317,1.420653,2.230279,1.397888,-0.007525,-0.014286,-0.006502,-0.000964,-0.030398,-0.018997,0.017425
2025-12-16 18:26:24.799,0.161907,0.309770,0.075121,-2.336317,1.420630,2.230265,1.397903,-0.008896,-0.014500,-0.005092,-0.000642,-0.026861,-0.013922,0.014956
2025-12-16 18:26:24.800,0.161900,0.309752,0.075109,-2.336314,1.420606,2.230247,1.397932,-0.008738,-0.014502,-0.007120,0.000685,-0.020146,-0.015566,0.019093
2025-12-16 18:26:24.801,0.161889,0.309735,0.075100,-2.336319,1.420580,2.230231,1.397953,-0.007270,-0.014500,-0.007941,-0.001306,-0.020610,-0.016398,0.018215
2025-12-16 18:26:24.802,0.161881,0.309715,0.075090,-2.336321,1.420557,2.230216,1.397980,-0.008074,-0.017695,-0.005517,-0.001428,-0.024578,-0.016426,0.019417
2025-12-16 18:26:24.804,0.161871,0.309695,0.075080,-2.336315,1.420533,2.230200,1.397995,-0.005492,-0.017401,-0.007409,0.000811,-0.023140,-0.017101,0.020992
2025-12-16 18:26:24.805,0.161854,0.309658,0.075064,-2.336317,1.420480,2.230164,1.398050,-0.007623,-0.017759,-0.007834,-0.000382,-0.024300,-0.018880,0.027200
2025-12-16 18:26:24.807,0.161846,0.309636,0.075054,-2.336315,1.420454,2.230146,1.398069,-0.008437,-0.018099,-0.006075,0.000302,-0.027881,-0.018829,0.023554
2025-12-16 18:26:24.808,0.161835,0.309620,0.075041,-2.336314,1.420427,2.230129,1.398095,-0.010130,-0.019669,-0.005246,0.000758,-0.030024,-0.019547,0.027964
2025-12-16 18:26:24.809,0.161813,0.309582,0.075022,-2.336314,1.420372,2.230096,1.398142,-0.009057,-0.022958,-0.006407,0.001172,-0.025745,-0.017899,0.028715
2025-12-16 18:26:24.810,0.161805,0.309565,0.075016,-2.336314,1.420344,2.230077,1.398168,-0.006180,-0.016503,-0.006733,0.000132,-0.028622,-0.018341,0.026160
2025-12-16 18:26:24.811,0.161797,0.309545,0.075003,-2.336316,1.420315,2.230065,1.398194,-0.007780,-0.016576,-0.009441,-0.000469,-0.026259,-0.017073,0.024542
2025-12-16 18:26:24.812,0.161790,0.309525,0.074991,-2.336312,1.420287,2.230047,1.398210,-0.007842,-0.019246,-0.010793,0.000894,-0.029051,-0.019007,0.020257
2025-12-16 18:26:24.813,0.161778,0.309505,0.074983,-2.336312,1.420259,2.230033,1.398237,-0.009670,-0.018580,-0.009956,0.000596,-0.030789,-0.014273,0.021117
2025-12-16 18:26:24.814,0.161770,0.309486,0.074971,-2.336312,1.420229,2.230016,1.398266,-0.007270,-0.020024,-0.011338,0.000954,-0.032869,-0.015215,0.026119
2025-12-16 18:26:24.815,0.161767,0.309468,0.074960,-2.336311,1.420198,2.230002,1.398291,-0.006920,-0.018653,-0.009043,0.001193,-0.030136,-0.015935,0.025406
2025-12-16 18:26:24.817,0.161754,0.309449,0.074950,-2.336311,1.420172,2.229987,1.398313,-0.009686,-0.016999,-0.009897,0.000795,-0.026563,-0.016711,0.023004
2025-12-16 18:26:24.818,0.161733,0.309412,0.074929,-2.336314,1.420112,2.229958,1.398356,-0.005452,-0.017843,-0.011012,-0.000575,-0.022699,-0.018064,0.015745
2025-12-16 18:26:24.819,0.161725,0.309390,0.074920,-2.336306,1.420086,2.229946,1.398383,-0.006667,-0.020868,-0.007685,0.002494,-0.025959,-0.017564,0.017767
2025-12-16 18:26:24.821,0.161715,0.309371,0.074908,-2.336307,1.420055,2.229929,1.398407,-0.004398,-0.021859,-0.008937,0.000549,-0.028909,-0.018832,0.019009
2025-12-16 18:26:24.823,0.161695,0.309332,0.074886,-2.336309,1.419995,2.229898,1.398443,-0.008334,-0.021291,-0.010563,0.000832,-0.033113,-0.019607,0.020450
2025-12-16 18:26:24.824,0.161672,0.309291,0.074863,-2.336306,1.419934,2.229872,1.398492,-0.007723,-0.021146,-0.010899,0.001298,-0.034702,-0.018805,0.022248
2025-12-16 18:26:24.825,0.161667,0.309278,0.074851,-2.336308,1.419905,2.229855,1.398510,-0.007672,-0.017695,-0.011368,0.000308,-0.030753,-0.019675,0.020516
2025-12-16 18:26:24.826,0.161656,0.309256,0.074842,-2.336306,1.419871,2.229842,1.398534,-0.005825,-0.017485,-0.011054,0.000762,-0.033076,-0.019091,0.025013
2025-12-16 18:26:24.827,0.161646,0.309239,0.074830,-2.336311,1.419838,2.229831,1.398546,-0.007544,-0.016161,-0.014657,-0.001255,-0.029466,-0.017942,0.025023
2025-12-16 18:26:24.828,0.161634,0.309224,0.074820,-2.336304,1.419810,2.229815,1.398571,-0.009373,-0.014067,-0.014190,0.000927,-0.030845,-0.013920,0.025514
2025-12-16 18:26:24.830,0.161620,0.309184,0.074797,-2.336308,1.419745,2.229784,1.398617,-0.008766,-0.016903,-0.012983,0.000443,-0.028999,-0.008493,0.023510
2025-12-16 18:26:24.831,0.161604,0.309160,0.074788,-2.336304,1.419714,2.229767,1.398633,-0.011084,-0.017540,-0.011719,0.000852,-0.026786,-0.006331,0.016122
2025-12-16 18:26:24.832,0.161593,0.309145,0.074775,-2.336309,1.419684,2.229748,1.398648,-0.011435,-0.015517,-0.009580,-0.001195,-0.028921,-0.010551,0.015384
2025-12-16 18:26:24.834,0.161575,0.309109,0.074753,-2.336305,1.419614,2.229718,1.398687,-0.011168,-0.017684,-0.010527,0.000087,-0.028936,-0.009324,0.016535
2025-12-16 18:26:24.835,0.161564,0.309093,0.074742,-2.336301,1.419585,2.229700,1.398716,-0.008438,-0.016297,-0.014227,0.001265,-0.026054,-0.011967,0.020473
2025-12-16 18:26:24.836,0.161553,0.309079,0.074730,-2.336303,1.419551,2.229682,1.398726,-0.008809,-0.017763,-0.013857,0.000194,-0.029297,-0.014521,0.016986
2025-12-16 18:26:24.837,0.161544,0.309057,0.074721,-2.336301,1.419519,2.229665,1.398753,-0.009284,-0.020794,-0.013011,0.000129,-0.026461,-0.015458,0.019016
2025-12-16 18:26:24.838,0.161531,0.309044,0.074708,-2.336297,1.419486,2.229651,1.398775,-0.010741,-0.020573,-0.010377,0.001292,-0.028902,-0.016090,0.019610
2025-12-16 18:26:24.840,0.161508,0.309010,0.074682,-2.336298,1.419422,2.229610,1.398808,-0.012194,-0.016887,-0.011357,0.000420,-0.033154,-0.017701,0.012115
2025-12-16 18:26:24.841,0.161493,0.308991,0.074675,-2.336294,1.419394,2.229591,1.398828,-0.013368,-0.015860,-0.010530,0.001393,-0.033671,-0.017977,0.014418
2025-12-16 18:26:24.842,0.161485,0.308973,0.074661,-2.336298,1.419359,2.229576,1.398848,-0.012490,-0.014472,-0.011746,-0.000185,-0.035354,-0.022585,0.016046
2025-12-16 18:26:24.844,0.161460,0.308938,0.074636,-2.336293,1.419295,2.229535,1.398890,-0.013206,-0.015940,-0.010745,0.000475,-0.033159,-0.017909,0.017704
2025-12-16 18:26:24.845,0.161451,0.308922,0.074622,-2.336293,1.419262,2.229518,1.398904,-0.012970,-0.017085,-0.011064,-0.000240,-0.034210,-0.023154,0.020772
2025-12-16 18:26:24.846,0.161441,0.308902,0.074609,-2.336292,1.419230,2.229500,1.398920,-0.012806,-0.020468,-0.011937,-0.000160,-0.030088,-0.016277,0.020445
2025-12-16 18:26:24.847,0.161428,0.308887,0.074599,-2.336290,1.419199,2.229484,1.398942,-0.013276,-0.017930,-0.011436,0.000450,-0.027262,-0.016650,0.026314
2025-12-16 18:26:24.849,0.161415,0.308874,0.074586,-2.336291,1.419173,2.229464,1.398964,-0.013659,-0.018008,-0.009107,-0.000906,-0.024160,-0.018236,0.025423
2025-12-16 18:26:24.850,0.161392,0.308843,0.074562,-2.336288,1.419110,2.229427,1.398997,-0.010214,-0.018018,-0.007436,0.001682,-0.030132,-0.018229,0.021156
2025-12-16 18:26:24.851,0.161380,0.308826,0.074548,-2.336288,1.419078,2.229408,1.399011,-0.008142,-0.016286,-0.012373,0.001313,-0.032040,-0.018394,0.020011
2025-12-16 18:26:24.852,0.161369,0.308810,0.074533,-2.336285,1.419048,2.229386,1.399036,-0.009700,-0.014956,-0.010324,0.001669,-0.033433,-0.019272,0.021210
2025-12-16 18:26:24.853,0.161362,0.308794,0.074516,-2.336285,1.419016,2.229372,1.399056,-0.008625,-0.014403,-0.015101,0.001220,-0.034603,-0.018625,0.021587
2025-12-16 18:26:24.854,0.161344,0.308774,0.074505,-2.336287,1.418981,2.229358,1.399073,-0.012030,-0.014625,-0.013712,0.000245,-0.031260,-0.017561,0.020482
2025-12-16 18:26:24.855,0.161335,0.308763,0.074491,-2.336285,1.418953,2.229340,1.399085,-0.012002,-0.012359,-0.013909,0.000224,-0.027455,-0.017676,0.017451
2025-12-16 18:26:24.856,0.161325,0.308748,0.074480,-2.336282,1.418923,2.229321,1.399108,-0.011381,-0.015162,-0.012936,0.000844,-0.035163,-0.013361,0.019411
2025-12-16 18:26:24.859,0.161290,0.308709,0.074438,-2.336283,1.418828,2.229266,1.399162,-0.008462,-0.016767,-0.012781,-0.000358,-0.032788,-0.017259,0.017302
2025-12-16 18:26:24.860,0.161276,0.308695,0.074425,-2.336281,1.418797,2.229246,1.399182,-0.010722,-0.018458,-0.012720,0.000332,-0.033449,-0.018053,0.022501
2025-12-16 18:26:24.861,0.161265,0.308678,0.074412,-2.336282,1.418763,2.229227,1.399204,-0.010512,-0.016611,-0.012653,0.002175,-0.030306,-0.018324,0.018055
2025-12-16 18:26:24.862,0.161250,0.308664,0.074396,-2.336286,1.418735,2.229203,1.399227,-0.012772,-0.015081,-0.013271,-0.000050,-0.026395,-0.014081,0.019604
2025-12-16 18:26:24.863,0.161240,0.308644,0.074382,-2.336284,1.418702,2.229184,1.399247,-0.011932,-0.015821,-0.013028,0.000720,-0.029610,-0.014991,0.019296
2025-12-16 18:26:24.864,0.161231,0.308633,0.074367,-2.336281,1.418668,2.229166,1.399254,-0.011471,-0.016951,-0.012903,0.001185,-0.031999,-0.015544,0.011498
2025-12-16 18:26:24.865,0.161219,0.308618,0.074352,-2.336282,1.418634,2.229145,1.399280,-0.012323,-0.015967,-0.013914,0.000344,-0.033403,-0.016806,0.014929
2025-12-16 18:26:24.867,0.161206,0.308599,0.074345,-2.336285,1.418605,2.229126,1.399298,-0.012977,-0.016390,-0.011739,-0.001451,-0.029521,-0.017536,0.015715
2025-12-16 18:26:24.868,0.161183,0.308574,0.074310,-2.336281,1.418536,2.229085,1.399336,-0.012854,-0.013474,-0.016986,0.000464,-0.033963,-0.018668,0.011564
2025-12-16 18:26:24.869,0.161169,0.308561,0.074300,-2.336283,1.418502,2.229067,1.399353,-0.013269,-0.015911,-0.014507,-0.001419,-0.034154,-0.018295,0.012708
2025-12-16 18:26:24.870,0.161162,0.308545,0.074289,-2.336281,1.418471,2.229048,1.399374,-0.011980,-0.015176,-0.013472,0.000194,-0.034798,-0.018476,0.015158
2025-12-16 18:26:24.871,0.161145,0.308528,0.074278,-2.336285,1.418435,2.229026,1.399399,-0.013911,-0.015664,-0.012637,-0.000964,-0.035530,-0.023659,0.017875
2025-12-16 18:26:24.873,0.161135,0.308513,0.074264,-2.336282,1.418402,2.229006,1.399421,-0.013450,-0.017978,-0.013908,0.000485,-0.031112,-0.022028,0.017947
2025-12-16 18:26:24.874,0.161123,0.308502,0.074250,-2.336283,1.418365,2.228987,1.399430,-0.013719,-0.014847,-0.014098,-0.000779,-0.033776,-0.021331,0.015171
2025-12-16 18:26:24.875,0.161100,0.308468,0.074225,-2.336281,1.418298,2.228946,1.399477,-0.011357,-0.015753,-0.013316,0.000037,-0.035643,-0.020887,0.019033
2025-12-16 18:26:24.876,0.161091,0.308452,0.074210,-2.336279,1.418266,2.228924,1.399500,-0.007771,-0.015541,-0.013749,0.000586,-0.035425,-0.020368,0.020027
2025-12-16 18:26:24.877,0.161076,0.308437,0.074200,-2.336281,1.418233,2.228906,1.399513,-0.007580,-0.014646,-0.013361,0.000394,-0.035971,-0.019214,0.021150
2025-12-16 18:26:24.878,0.161062,0.308425,0.074181,-2.336283,1.418197,2.228889,1.399545,-0.009311,-0.015959,-0.015469,-0.000291,-0.036074,-0.018518,0.023781
2025-12-16 18:26:24.880,0.161054,0.308408,0.074172,-2.336280,1.418161,2.228868,1.399563,-0.009295,-0.016360,-0.013876,0.001014,-0.036953,-0.019277,0.021326
2025-12-16 18:26:24.881,0.161040,0.308394,0.074158,-2.336278,1.418127,2.228843,1.399589,-0.010708,-0.017830,-0.014111,0.001234,-0.032381,-0.020229,0.021738
2025-12-16 18:26:24.882,0.161014,0.308367,0.074133,-2.336280,1.418063,2.228802,1.399630,-0.012142,-0.017950,-0.017084,0.000581,-0.031601,-0.020538,0.019889
2025-12-16 18:26:24.883,0.161005,0.308348,0.074122,-2.336278,1.418029,2.228787,1.399643,-0.011026,-0.018410,-0.012711,0.000945,-0.028709,-0.018583,0.017051
2025-12-16 18:26:24.884,0.160991,0.308330,0.074110,-2.336282,1.417997,2.228769,1.399670,-0.012511,-0.017999,-0.012638,-0.000576,-0.030543,-0.018582,0.020256
2025-12-16 18:26:24.885,0.160981,0.308314,0.074102,-2.336282,1.417964,2.228744,1.399691,-0.011829,-0.017141,-0.011898,-0.000384,-0.027235,-0.019363,0.020528
2025-12-16 18:26:24.886,0.160969,0.308301,0.074086,-2.336282,1.417936,2.228726,1.399713,-0.009424,-0.015834,-0.010154,-0.000256,-0.029110,-0.018577,0.020700
2025-12-16 18:26:24.887,0.160953,0.308288,0.074074,-2.336283,1.417904,2.228704,1.399725,-0.008225,-0.017396,-0.011232,-0.000727,-0.027586,-0.014697,0.012143
2025-12-16 18:26:24.888,0.160943,0.308273,0.074063,-2.336282,1.417870,2.228686,1.399748,-0.006036,-0.016796,-0.010392,0.000722,-0.030362,-0.011711,0.014940
2025-12-16 18:26:24.890,0.160935,0.308254,0.074051,-2.336279,1.417840,2.228667,1.399770,-0.006929,-0.019772,-0.011522,0.001038,-0.032258,-0.013853,0.013065
2025-12-16 18:26:24.891,0.160925,0.308244,0.074039,-2.336280,1.417813,2.228651,1.399790,-0.007777,-0.016721,-0.009168,0.000692,-0.032791,-0.013887,0.018985
2025-12-16 18:26:24.892,0.160899,0.308209,0.074017,-2.336279,1.417756,2.228616,1.399821,-0.011496,-0.017428,-0.007203,0.000679,-0.030449,-0.015277,0.008112
2025-12-16 18:26:24.893,0.160891,0.308199,0.074005,-2.336281,1.417731,2.228596,1.399843,-0.011090,-0.012863,-0.009183,-0.000104,-0.031850,-0.021484,0.012838
2025-12-16 18:26:24.894,0.160882,0.308185,0.073993,-2.336278,1.417701,2.228578,1.399862,-0.011422,-0.012644,-0.009970,-0.001780,-0.029294,-0.021716,0.014565
2025-12-16 18:26:24.895,0.160872,0.308169,0.073983,-2.336280,1.417677,2.228562,1.399881,-0.011111,-0.010040,-0.007436,-0.001430,-0.026281,-0.021312,0.021456
2025-12-16 18:26:24.896,0.160862,0.308155,0.073973,-2.336284,1.417651,2.228547,1.399892,-0.011525,-0.014202,-0.005550,-0.002342,-0.025079,-0.015925,0.018265
2025-12-16 18:26:24.897,0.160850,0.308140,0.073958,-2.336279,1.417629,2.228531,1.399913,-0.012434,-0.011734,-0.008399,0.000065,-0.022775,-0.016484,0.019354
2025-12-16 18:26:24.899,0.160840,0.308125,0.073953,-2.336279,1.417603,2.228518,1.399932,-0.011778,-0.012876,-0.007561,-0.000059,-0.026065,-0.016308,0.020357
2025-12-16 18:26:24.900,0.160830,0.308110,0.073942,-2.336275,1.417576,2.228507,1.399951,-0.011999,-0.015727,-0.008338,0.001090,-0.029321,-0.015997,0.020278
2025-12-16 18:26:24.901,0.160818,0.308095,0.073936,-2.336279,1.417552,2.228490,1.399962,-0.012166,-0.015379,-0.008311,-0.000537,-0.031399,-0.017545,0.018367
2025-12-16 18:26:24.902,0.160800,0.308069,0.073910,-2.336280,1.417505,2.228458,1.399992,-0.009844,-0.013986,-0.011081,-0.002796,-0.025383,-0.019385,0.017881
2025-12-16 18:26:24.903,0.160790,0.308053,0.073896,-2.336282,1.417479,2.228441,1.400014,-0.010473,-0.014802,-0.008889,-0.002699,-0.023654,-0.020212,0.020356
2025-12-16 18:26:24.904,0.160780,0.308038,0.073887,-2.336279,1.417460,2.228427,1.400031,-0.010458,-0.014655,-0.008694,-0.000802,-0.021637,-0.019471,0.019844
2025-12-16 18:26:24.905,0.160771,0.308026,0.073878,-2.336275,1.417438,2.228414,1.400039,-0.010456,-0.017144,-0.006592,0.000422,-0.025363,-0.018851,0.016992
2025-12-16 18:26:24.906,0.160756,0.308016,0.073867,-2.336283,1.417416,2.228402,1.400057,-0.012744,-0.014768,-0.008156,-0.001599,-0.018430,-0.018175,0.018855
2025-12-16 18:26:24.907,0.160750,0.308000,0.073859,-2.336278,1.417393,2.228387,1.400075,-0.011496,-0.012869,-0.008648,0.000609,-0.023938,-0.018583,0.020062
2025-12-16 18:26:24.908,0.160736,0.307988,0.073843,-2.336276,1.417373,2.228374,1.400093,-0.012353,-0.012697,-0.014045,0.000989,-0.022630,-0.018512,0.016016
2025-12-16 18:26:24.909,0.160728,0.307974,0.073837,-2.336278,1.417347,2.228358,1.400098,-0.011820,-0.010551,-0.010691,-0.000040,-0.023141,-0.019439,0.013750
2025-12-16 18:26:24.911,0.160713,0.307956,0.073811,-2.336277,1.417309,2.228327,1.400130,-0.008098,-0.009513,-0.008854,0.000363,-0.020586,-0.017153,0.013909
2025-12-16 18:26:24.913,0.160700,0.307944,0.073805,-2.336280,1.417288,2.228315,1.400149,-0.009389,-0.010345,-0.005511,-0.001542,-0.015089,-0.016864,0.016445
2025-12-16 18:26:24.914,0.160680,0.307918,0.073784,-2.336277,1.417250,2.228291,1.400168,-0.009565,-0.009439,-0.007908,-0.000739,-0.016316,-0.017603,0.012709
2025-12-16 18:26:24.915,0.160666,0.307906,0.073777,-2.336275,1.417229,2.228279,1.400178,-0.011004,-0.010178,-0.007458,0.000056,-0.017612,-0.017633,0.013881
2025-12-16 18:26:24.916,0.160657,0.307896,0.073763,-2.336276,1.417210,2.228266,1.400192,-0.010826,-0.010728,-0.010060,0.000680,-0.017618,-0.018755,0.011921
2025-12-16 18:26:24.917,0.160651,0.307884,0.073756,-2.336275,1.417191,2.228252,1.400205,-0.010131,-0.011743,-0.009657,0.001005,-0.017928,-0.019155,0.013686
2025-12-16 18:26:24.918,0.160637,0.307879,0.073742,-2.336269,1.417168,2.228238,1.400217,-0.011551,-0.009590,-0.011128,0.002430,-0.023309,-0.020075,0.015258
2025-12-16 18:26:24.919,0.160626,0.307869,0.073732,-2.336273,1.417147,2.228227,1.400219,-0.011878,-0.010486,-0.010971,0.000411,-0.026981,-0.018980,0.008868
2025-12-16 18:26:24.920,0.160620,0.307858,0.073723,-2.336273,1.417128,2.228216,1.400235,-0.010302,-0.008520,-0.010848,0.000272,-0.024925,-0.017894,0.008612
2025-12-16 18:26:24.921,0.160609,0.307846,0.073713,-2.336277,1.417109,2.228204,1.400252,-0.011057,-0.010136,-0.010814,-0.000934,-0.023342,-0.018474,0.012542
2025-12-16 18:26:24.923,0.160593,0.307826,0.073689,-2.336272,1.417066,2.228180,1.400265,-0.010313,-0.008633,-0.014511,0.004356,-0.020290,-0.014007,0.012755
2025-12-16 18:26:24.924,0.160581,0.307820,0.073680,-2.336278,1.417047,2.228167,1.400275,-0.011052,-0.011540,-0.012911,0.002079,-0.019667,-0.015313,0.014565
2025-12-16 18:26:24.925,0.160570,0.307815,0.073669,-2.336272,1.417024,2.228153,1.400292,-0.007851,-0.006993,-0.012992,0.002879,-0.019920,-0.011491,0.013516
2025-12-16 18:26:24.926,0.160561,0.307802,0.073659,-2.336274,1.417002,2.228144,1.400299,-0.008492,-0.009776,-0.012992,0.001577,-0.020289,-0.012581,0.009271
2025-12-16 18:26:24.927,0.160552,0.307793,0.073644,-2.336272,1.416979,2.228127,1.400307,-0.008542,-0.010488,-0.014101,0.001769,-0.024519,-0.010583,0.006198
2025-12-16 18:26:24.929,0.160527,0.307776,0.073626,-2.336276,1.416937,2.228102,1.400329,-0.010726,-0.009863,-0.010002,0.000401,-0.021564,-0.011042,0.008627
2025-12-16 18:26:24.930,0.160519,0.307769,0.073618,-2.336275,1.416915,2.228089,1.400336,-0.010167,-0.005778,-0.010767,0.000892,-0.020560,-0.012735,0.010509
2025-12-16 18:26:24.931,0.160508,0.307760,0.073607,-2.336276,1.416893,2.228076,1.400346,-0.010892,-0.007134,-0.011267,0.000089,-0.020496,-0.009174,0.012550
2025-12-16 18:26:24.932,0.160495,0.307748,0.073595,-2.336273,1.416873,2.228066,1.400350,-0.012519,-0.005559,-0.014778,0.001211,-0.020410,-0.011325,0.012328
2025-12-16 18:26:24.933,0.160487,0.307743,0.073583,-2.336277,1.416850,2.228051,1.400363,-0.011919,-0.002545,-0.014255,-0.000278,-0.024662,-0.014066,0.011560
2025-12-16 18:26:24.935,0.160484,0.307735,0.073570,-2.336278,1.416832,2.228039,1.400372,-0.012123,-0.004742,-0.011260,-0.000813,-0.022450,-0.009809,0.008586
2025-12-16 18:26:24.936,0.160470,0.307727,0.073558,-2.336278,1.416808,2.228023,1.400380,-0.013143,-0.005729,-0.014710,-0.000526,-0.021814,-0.012903,0.007095
2025-12-16 18:26:24.937,0.160456,0.307724,0.073547,-2.336278,1.416785,2.228005,1.400379,-0.014207,-0.005329,-0.013630,-0.000339,-0.025770,-0.014318,0.002342
2025-12-16 18:26:24.939,0.160437,0.307702,0.073525,-2.336277,1.416740,2.227974,1.400395,-0.012538,-0.008727,-0.013434,0.000512,-0.027524,-0.016887,0.002052
2025-12-16 18:26:24.940,0.160409,0.307689,0.073504,-2.336278,1.416698,2.227948,1.400412,-0.008547,-0.005371,-0.013334,-0.000013,-0.023539,-0.016855,0.006166
2025-12-16 18:26:24.941,0.160401,0.307679,0.073493,-2.336280,1.416674,2.227931,1.400414,-0.008803,-0.007427,-0.013134,-0.000562,-0.027387,-0.013405,0.007051
2025-12-16 18:26:24.942,0.160395,0.307669,0.073482,-2.336286,1.416657,2.227915,1.400419,-0.007989,-0.008213,-0.012458,-0.001579,-0.023867,-0.014443,0.005027
2025-12-16 18:26:24.943,0.160383,0.307662,0.073471,-2.336283,1.416633,2.227897,1.400433,-0.009917,-0.005213,-0.012540,0.000155,-0.027838,-0.016475,0.006758
2025-12-16 18:26:24.944,0.160371,0.307649,0.073458,-2.336285,1.416612,2.227881,1.400436,-0.011174,-0.010943,-0.009988,-0.000452,-0.026022,-0.021306,0.004186
2025-12-16 18:26:24.946,0.160361,0.307645,0.073447,-2.336287,1.416589,2.227864,1.400436,-0.011499,-0.009057,-0.007462,-0.000301,-0.025241,-0.021341,0.001662
2025-12-16 18:26:24.947,0.160332,0.307626,0.073428,-2.336289,1.416546,2.227829,1.400447,-0.013831,-0.010735,-0.007307,0.000239,-0.018282,-0.020218,0.001877
2025-12-16 18:26:24.949,0.160311,0.307611,0.073402,-2.336292,1.416505,2.227797,1.400461,-0.007546,-0.010071,-0.007686,-0.003128,-0.022569,-0.015722,0.006659
2025-12-16 18:26:24.950,0.160301,0.307601,0.073390,-2.336294,1.416485,2.227778,1.400459,-0.012440,-0.010275,-0.009428,-0.002896,-0.021707,-0.021782,0.003814
2025-12-16 18:26:24.951,0.160290,0.307588,0.073381,-2.336293,1.416465,2.227760,1.400459,-0.012997,-0.007880,-0.010109,-0.001564,-0.019964,-0.021974,0.001430
2025-12-16 18:26:24.952,0.160278,0.307578,0.073370,-2.336300,1.416441,2.227744,1.400467,-0.009630,-0.009200,-0.011231,-0.002949,-0.019993,-0.021461,0.008428
2025-12-16 18:26:24.953,0.160268,0.307567,0.073359,-2.336298,1.416421,2.227725,1.400472,-0.007144,-0.009553,-0.007768,-0.000310,-0.019322,-0.016403,0.006541
2025-12-16 18:26:24.954,0.160253,0.307557,0.073346,-2.336299,1.416399,2.227707,1.400478,-0.010093,-0.010439,-0.010089,0.000270,-0.019872,-0.016556,0.005171
2025-12-16 18:26:24.956,0.160241,0.307545,0.073341,-2.336303,1.416382,2.227691,1.400470,-0.010535,-0.007895,-0.008940,0.000120,-0.023623,-0.016411,0.000893
2025-12-16 18:26:24.957,0.160223,0.307528,0.073311,-2.336307,1.416336,2.227659,1.400482,-0.010516,-0.008790,-0.007632,0.000422,-0.022317,-0.017160,0.002678
2025-12-16 18:26:24.958,0.160208,0.307515,0.073304,-2.336312,1.416317,2.227642,1.400484,-0.012807,-0.009859,-0.004989,-0.000393,-0.021394,-0.018044,0.001551
2025-12-16 18:26:24.959,0.160195,0.307497,0.073295,-2.336316,1.416295,2.227622,1.400483,-0.013791,-0.011821,-0.006169,-0.002678,-0.020377,-0.018938,0.000426
2025-12-16 18:26:24.960,0.160185,0.307487,0.073281,-2.336319,1.416273,2.227609,1.400481,-0.012628,-0.011332,-0.008971,-0.004878,-0.019609,-0.017709,-0.000723
2025-12-16 18:26:24.961,0.160178,0.307475,0.073270,-2.336327,1.416253,2.227589,1.400488,-0.013918,-0.011656,-0.009779,-0.004338,-0.020111,-0.014049,0.001034
2025-12-16 18:26:24.963,0.160162,0.307461,0.073261,-2.336329,1.416234,2.227576,1.400494,-0.015429,-0.009406,-0.009881,-0.005054,-0.019192,-0.014734,0.001072
2025-12-16 18:26:24.965,0.160128,0.307417,0.073226,-2.336342,1.416170,2.227532,1.400503,-0.011937,-0.014992,-0.010431,-0.007071,-0.018835,-0.017527,0.001204
2025-12-16 18:26:24.966,0.160115,0.307406,0.073215,-2.336347,1.416150,2.227517,1.400504,-0.013118,-0.013721,-0.010876,-0.004958,-0.018206,-0.013514,0.000816
2025-12-16 18:26:24.967,0.160106,0.307392,0.073202,-2.336358,1.416128,2.227498,1.400511,-0.014840,-0.013975,-0.011221,-0.006725,-0.018888,-0.015130,0.001640
2025-12-16 18:26:24.969,0.160084,0.307361,0.073177,-2.336373,1.416091,2.227471,1.400514,-0.014148,-0.014395,-0.012922,-0.008622,-0.018639,-0.016061,0.002871
2025-12-16 18:26:24.970,0.160069,0.307341,0.073170,-2.336377,1.416069,2.227459,1.400521,-0.012261,-0.016189,-0.010957,-0.007615,-0.018452,-0.016033,0.002963
2025-12-16 18:26:24.971,0.160060,0.307328,0.073156,-2.336383,1.416047,2.227444,1.400529,-0.007930,-0.014359,-0.011997,-0.008447,-0.019265,-0.012123,0.003253
2025-12-16 18:26:24.972,0.160051,0.307314,0.073140,-2.336397,1.416024,2.227428,1.400532,-0.008492,-0.010074,-0.010758,-0.011980,-0.020100,-0.008785,0.005362
2025-12-16 18:26:24.975,0.160008,0.307261,0.073112,-2.336418,1.415964,2.227377,1.400553,-0.008553,-0.017092,-0.012300,-0.011827,-0.023960,-0.013142,0.003686
2025-12-16 18:26:24.977,0.159990,0.307226,0.073085,-2.336427,1.415929,2.227348,1.400562,-0.009217,-0.015636,-0.013128,-0.011228,-0.015953,-0.012520,0.004457
2025-12-16 18:26:24.978,0.159974,0.307212,0.073073,-2.336439,1.415910,2.227332,1.400568,-0.011870,-0.014812,-0.013533,-0.012388,-0.016477,-0.013750,0.008203
2025-12-16 18:26:24.980,0.159965,0.307196,0.073061,-2.336447,1.415888,2.227316,1.400577,-0.011923,-0.014223,-0.010747,-0.009706,-0.013456,-0.015562,0.012167
2025-12-16 18:26:24.983,0.159919,0.307126,0.073024,-2.336480,1.415816,2.227249,1.400602,-0.010462,-0.018621,-0.014440,-0.009719,-0.018887,-0.010763,0.004473
2025-12-16 18:26:24.984,0.159912,0.307110,0.073012,-2.336492,1.415799,2.227233,1.400615,-0.009847,-0.017064,-0.014030,-0.007957,-0.019298,-0.012971,0.009628
2025-12-16 18:26:24.985,0.159901,0.307090,0.072996,-2.336499,1.415783,2.227216,1.400621,-0.007991,-0.016422,-0.015451,-0.009033,-0.018524,-0.015441,0.007166
2025-12-16 18:26:24.986,0.159886,0.307076,0.072986,-2.336506,1.415766,2.227198,1.400629,-0.010905,-0.017361,-0.014598,-0.009122,-0.018962,-0.011572,0.009965
2025-12-16 18:26:24.989,0.159860,0.307041,0.072967,-2.336525,1.415727,2.227167,1.400638,-0.010197,-0.018253,-0.010258,-0.010012,-0.019621,-0.015085,0.008889
2025-12-16 18:26:24.990,0.159840,0.307007,0.072948,-2.336543,1.415698,2.227140,1.400658,-0.011433,-0.016044,-0.011678,-0.010466,-0.017833,-0.015946,0.011486
2025-12-16 18:26:24.991,0.159827,0.306986,0.072939,-2.336549,1.415678,2.227123,1.400657,-0.012278,-0.016912,-0.011869,-0.006797,-0.018470,-0.012012,0.006300
2025-12-16 18:26:24.992,0.159820,0.306970,0.072928,-2.336564,1.415663,2.227105,1.400659,-0.011635,-0.018182,-0.012615,-0.006995,-0.018254,-0.014925,0.003725
2025-12-16 18:26:24.993,0.159810,0.306953,0.072917,-2.336568,1.415649,2.227090,1.400672,-0.009232,-0.016705,-0.013165,-0.006455,-0.018082,-0.015830,0.010171
2025-12-16 18:26:24.994,0.159800,0.306937,0.072908,-2.336579,1.415628,2.227077,1.400678,-0.009974,-0.015652,-0.010333,-0.008640,-0.019631,-0.016230,0.006802
2025-12-16 18:26:24.995,0.159787,0.306919,0.072899,-2.336585,1.415612,2.227061,1.400684,-0.011739,-0.015504,-0.007639,-0.005300,-0.014652,-0.017380,0.005424
2025-12-16 18:26:24.996,0.159776,0.306903,0.072892,-2.336597,1.415592,2.227048,1.400684,-0.012368,-0.017213,-0.008845,-0.007768,-0.016271,-0.017273,0.002232
2025-12-16 18:26:24.998,0.159758,0.306868,0.072870,-2.336611,1.415561,2.227023,1.400700,-0.011681,-0.014969,-0.012035,-0.011452,-0.016687,-0.013208,0.005642
2025-12-16 18:26:24.999,0.159748,0.306852,0.072860,-2.336622,1.415546,2.227010,1.400711,-0.012998,-0.013254,-0.012031,-0.012793,-0.017033,-0.009642,0.006034
2025-12-16 18:26:25.000,0.159735,0.306832,0.072850,-2.336629,1.415531,2.226998,1.400713,-0.013958,-0.017442,-0.012678,-0.011391,-0.017486,-0.012645,0.003329
2025-12-16 18:26:25.002,0.159727,0.306813,0.072841,-2.336641,1.415515,2.226988,1.400713,-0.012806,-0.019352,-0.012515,-0.011868,-0.018434,-0.009522,0.005718
2025-12-16 18:26:25.002,0.159718,0.306795,0.072835,-2.336649,1.415501,2.226971,1.400716,-0.012759,-0.021466,-0.008753,-0.008248,-0.018151,-0.013389,0.008398
2025-12-16 18:26:25.004,0.159707,0.306778,0.072825,-2.336659,1.415488,2.226961,1.400727,-0.013227,-0.022333,-0.007767,-0.009053,-0.018016,-0.009564,0.008605
2025-12-16 18:26:25.005,0.159695,0.306761,0.072816,-2.336670,1.415477,2.226949,1.400733,-0.010402,-0.024081,-0.005722,-0.010296,-0.018246,-0.011566,0.006703
2025-12-16 18:26:25.006,0.159691,0.306749,0.072805,-2.336678,1.415463,2.226936,1.400730,-0.009720,-0.019275,-0.007927,-0.009668,-0.018399,-0.014287,0.003514
2025-12-16 18:26:25.007,0.159681,0.306735,0.072798,-2.336686,1.415449,2.226928,1.400733,-0.011012,-0.017666,-0.005853,-0.009746,-0.018484,-0.014833,0.002323
2025-12-16 18:26:25.008,0.159673,0.306710,0.072789,-2.336693,1.415438,2.226920,1.400739,-0.007674,-0.019386,-0.004328,-0.007378,-0.018682,-0.015175,0.002525
2025-12-16 18:26:25.009,0.159667,0.306696,0.072778,-2.336704,1.415428,2.226913,1.400744,-0.007692,-0.016945,-0.006365,-0.006136,-0.018715,-0.010746,0.002967
2025-12-16 18:26:25.010,0.159661,0.306677,0.072775,-2.336717,1.415419,2.226900,1.400750,-0.007942,-0.016846,-0.002983,-0.008613,-0.018491,-0.009254,0.002839
2025-12-16 18:26:25.013,0.159651,0.306663,0.072765,-2.336723,1.415406,2.226890,1.400747,-0.006129,-0.015022,-0.004993,-0.008062,-0.018929,-0.011868,0.000580
2025-12-16 18:26:25.014,0.159613,0.306598,0.072735,-2.336764,1.415361,2.226849,1.400754,-0.009654,-0.018591,-0.008346,-0.008299,-0.013863,-0.009029,0.000903
2025-12-16 18:26:25.015,0.159608,0.306587,0.072720,-2.336773,1.415350,2.226840,1.400750,-0.006143,-0.017766,-0.011368,-0.009312,-0.015419,-0.011148,-0.001168
2025-12-16 18:26:25.016,0.159601,0.306566,0.072716,-2.336782,1.415343,2.226834,1.400751,-0.007372,-0.019020,-0.009882,-0.010313,-0.010908,-0.008355,0.004271
2025-12-16 18:26:25.018,0.159593,0.306550,0.072708,-2.336787,1.415332,2.226824,1.400757,-0.007615,-0.016627,-0.010150,-0.006450,-0.008566,-0.006635,0.005051
2025-12-16 18:26:25.019,0.159579,0.306513,0.072693,-2.336805,1.415310,2.226802,1.400759,-0.008505,-0.017040,-0.010216,-0.004717,-0.013123,-0.004532,0.001840
2025-12-16 18:26:25.020,0.159572,0.306502,0.072685,-2.336816,1.415300,2.226793,1.400752,-0.008532,-0.013964,-0.010415,-0.007191,-0.009843,-0.008101,-0.001112
2025-12-16 18:26:25.021,0.159562,0.306483,0.072679,-2.336825,1.415287,2.226788,1.400759,-0.006087,-0.014773,-0.009905,-0.008337,-0.013056,-0.005646,0.001897
2025-12-16 18:26:25.022,0.159554,0.306471,0.072673,-2.336831,1.415276,2.226780,1.400761,-0.007915,-0.013007,-0.007075,-0.007798,-0.010050,-0.003888,0.002073
2025-12-16 18:26:25.023,0.159547,0.306457,0.072669,-2.336843,1.415269,2.226769,1.400761,-0.006076,-0.012240,-0.006864,-0.006559,-0.006776,-0.008560,0.001454
2025-12-16 18:26:25.024,0.159542,0.306439,0.072656,-2.336847,1.415255,2.226763,1.400754,-0.006591,-0.016222,-0.006623,-0.003143,-0.010211,-0.006376,-0.001486
2025-12-16 18:26:25.026,0.159532,0.306421,0.072654,-2.336860,1.415245,2.226754,1.400757,-0.008282,-0.018981,-0.006360,-0.006532,-0.011991,-0.009542,0.000135
2025-12-16 18:26:25.027,0.159519,0.306389,0.072641,-2.336877,1.415226,2.226739,1.400764,-0.007215,-0.018684,-0.006233,-0.008267,-0.011303,-0.004379,0.001663
2025-12-16 18:26:25.028,0.159509,0.306376,0.072639,-2.336889,1.415217,2.226729,1.400760,-0.009765,-0.015347,-0.007909,-0.009945,-0.013004,-0.003356,-0.001044
2025-12-16 18:26:25.029,0.159504,0.306360,0.072633,-2.336895,1.415207,2.226717,1.400759,-0.010440,-0.017940,-0.007105,-0.009148,-0.014488,-0.003277,-0.001022
2025-12-16 18:26:25.030,0.159495,0.306348,0.072630,-2.336905,1.415197,2.226707,1.400761,-0.009580,-0.017435,-0.005925,-0.009412,-0.015895,-0.002803,-0.000333
2025-12-16 18:26:25.031,0.159488,0.306331,0.072622,-2.336920,1.415190,2.226696,1.400766,-0.008236,-0.016459,-0.006674,-0.012619,-0.016953,-0.002426,0.001582
2025-12-16 18:26:25.032,0.159482,0.306315,0.072619,-2.336929,1.415181,2.226684,1.400764,-0.010172,-0.018851,-0.006515,-0.012357,-0.017347,-0.001382,-0.000737
2025-12-16 18:26:25.035,0.159463,0.306265,0.072611,-2.336952,1.415156,2.226661,1.400773,-0.007586,-0.020493,-0.001606,-0.010706,-0.015167,-0.005998,0.002727
2025-12-16 18:26:25.036,0.159463,0.306259,0.072606,-2.336963,1.415149,2.226654,1.400770,-0.005318,-0.015076,-0.002635,-0.011676,-0.011405,-0.009141,0.000734
2025-12-16 18:26:25.038,0.159456,0.306239,0.072602,-2.336969,1.415140,2.226648,1.400765,-0.009206,-0.015437,-0.002164,-0.010432,-0.008912,-0.006925,-0.001306
2025-12-16 18:26:25.039,0.159452,0.306224,0.072603,-2.336985,1.415130,2.226643,1.400763,-0.007753,-0.014197,-0.000773,-0.010226,-0.011682,-0.005240,-0.002328
2025-12-16 18:26:25.040,0.159444,0.306191,0.072584,-2.337006,1.415114,2.226638,1.400778,-0.004994,-0.012914,-0.004091,-0.006476,-0.006860,-0.001408,0.004603
2025-12-16 18:26:25.041,0.159439,0.306175,0.072588,-2.337016,1.415107,2.226630,1.400772,-0.004058,-0.012966,-0.004058,-0.004881,-0.009150,-0.002287,0.001178
2025-12-16 18:26:25.042,0.159435,0.306160,0.072582,-2.337024,1.415100,2.226627,1.400772,-0.002278,-0.012425,-0.006726,-0.006144,-0.011573,-0.001349,0.000621
2025-12-16 18:26:25.043,0.159433,0.306146,0.072583,-2.337036,1.415094,2.226624,1.400777,-0.001059,-0.015056,-0.003152,-0.004665,-0.009001,-0.001420,0.002402
2025-12-16 18:26:25.044,0.159428,0.306126,0.072578,-2.337044,1.415087,2.226619,1.400781,-0.000779,-0.015800,-0.005564,-0.003536,-0.011128,-0.001431,0.002770
2025-12-16 18:26:25.045,0.159423,0.306116,0.072574,-2.337052,1.415080,2.226617,1.400781,-0.002502,-0.016370,-0.004214,-0.007304,-0.013331,-0.001410,0.000884
2025-12-16 18:26:25.047,0.159411,0.306082,0.072567,-2.337077,1.415071,2.226611,1.400780,-0.003745,-0.015694,-0.001048,-0.009884,-0.012105,-0.000817,0.000102
2025-12-16 18:26:25.049,0.159401,0.306048,0.072559,-2.337101,1.415065,2.226606,1.400780,-0.002069,-0.015415,-0.000753,-0.011836,-0.007242,-0.001622,-0.000501
2025-12-16 18:26:25.050,0.159398,0.306034,0.072557,-2.337114,1.415062,2.226605,1.400781,-0.000148,-0.017189,-0.002180,-0.012650,-0.005740,-0.001474,0.000060
2025-12-16 18:26:25.051,0.159395,0.306018,0.072557,-2.337121,1.415057,2.226603,1.400777,-0.001838,-0.015991,0.000369,-0.010550,-0.004935,-0.000625,-0.001402
2025-12-16 18:26:25.053,0.159386,0.305991,0.072549,-2.337144,1.415053,2.226598,1.400784,-0.002721,-0.014660,0.001212,-0.010948,-0.002650,-0.001017,0.001213
2025-12-16 18:26:25.054,0.159386,0.305976,0.072548,-2.337151,1.415054,2.226595,1.400786,-0.003087,-0.014569,0.001712,-0.009528,-0.001270,-0.000684,0.000442
2025-12-16 18:26:25.055,0.159382,0.305961,0.072547,-2.337162,1.415051,2.226593,1.400781,-0.002680,-0.014005,0.000984,-0.010459,-0.001661,-0.000834,-0.001870
2025-12-16 18:26:25.056,0.159379,0.305940,0.072544,-2.337174,1.415052,2.226590,1.400790,-0.002253,-0.018482,0.000538,-0.011390,-0.000870,-0.000186,0.001639
2025-12-16 18:26:25.057,0.159374,0.305924,0.072543,-2.337189,1.415051,2.226586,1.400790,-0.002409,-0.016861,0.000270,-0.009746,-0.000996,-0.004811,0.001096
2025-12-16 18:26:25.059,0.159367,0.305896,0.072545,-2.337209,1.415052,2.226582,1.400785,-0.004828,-0.013846,-0.000902,-0.009171,-0.000411,-0.002355,-0.001307
2025-12-16 18:26:25.061,0.159365,0.305861,0.072541,-2.337229,1.415050,2.226573,1.400791,-0.004521,-0.014674,0.000087,-0.011581,-0.000680,-0.004872,0.001466
2025-12-16 18:26:25.062,0.159368,0.305845,0.072541,-2.337243,1.415045,2.226574,1.400789,-0.002651,-0.013400,-0.000880,-0.012821,-0.001116,-0.002546,0.000266
2025-12-16 18:26:25.065,0.159365,0.305795,0.072540,-2.337272,1.415044,2.226568,1.400790,-0.001355,-0.012331,-0.001299,-0.010711,-0.000216,0.000707,0.001259
2025-12-16 18:26:25.067,0.159358,0.305761,0.072536,-2.337297,1.415045,2.226563,1.400790,-0.002638,-0.012857,-0.001890,-0.015205,0.000122,-0.005753,-0.000751
2025-12-16 18:26:25.068,0.159360,0.305743,0.072540,-2.337314,1.415042,2.226555,1.400786,-0.001236,-0.012737,-0.000579,-0.015958,-0.000905,-0.005798,-0.001959
2025-12-16 18:26:25.069,0.159354,0.305723,0.072539,-2.337323,1.415044,2.226556,1.400792,-0.002521,-0.013914,-0.001012,-0.014188,0.000038,-0.003531,0.000525
2025-12-16 18:26:25.070,0.159354,0.305710,0.072541,-2.337329,1.415044,2.226557,1.400794,-0.001700,-0.012289,-0.000008,-0.008817,0.000024,-0.002264,0.001062
2025-12-16 18:26:25.073,0.159354,0.305658,0.072539,-2.337366,1.415044,2.226558,1.400793,-0.000309,-0.019248,-0.000488,-0.011657,0.000148,-0.000486,0.000466
2025-12-16 18:26:25.074,0.159353,0.305640,0.072537,-2.337378,1.415041,2.226554,1.400793,-0.000862,-0.018155,-0.000319,-0.014705,0.000098,-0.000753,0.000310
2025-12-16 18:26:25.076,0.159354,0.305619,0.072535,-2.337394,1.415044,2.226555,1.400797,0.000070,-0.019091,-0.000766,-0.015557,0.000404,-0.000942,0.001665
2025-12-16 18:26:25.077,0.159353,0.305607,0.072536,-2.337398,1.415040,2.226557,1.400787,-0.000606,-0.016125,0.000050,-0.009727,-0.000375,-0.000306,-0.002145
2025-12-16 18:26:25.078,0.159354,0.305594,0.072534,-2.337412,1.415039,2.226557,1.400791,0.000800,-0.015220,-0.006266,-0.010810,-0.000250,-0.000242,-0.001430
2025-12-16 18:26:25.079,0.159351,0.305556,0.072533,-2.337436,1.415039,2.226554,1.400800,-0.000019,-0.016283,-0.003279,-0.009293,0.000115,-0.001108,0.001275
2025-12-16 18:26:25.080,0.159351,0.305545,0.072532,-2.337447,1.415039,2.226554,1.400798,-0.000013,-0.014594,-0.002480,-0.010465,0.000381,-0.000755,0.000138
2025-12-16 18:26:25.081,0.159353,0.305523,0.072531,-2.337455,1.415038,2.226554,1.400789,0.001104,-0.016959,-0.001318,-0.007183,-0.000051,-0.000515,-0.002790
2025-12-16 18:26:25.082,0.159357,0.305516,0.072532,-2.337463,1.415038,2.226556,1.400792,0.002499,-0.011206,-0.003020,-0.007078,-0.000034,0.000360,-0.000775
2025-12-16 18:26:25.083,0.159356,0.305499,0.072531,-2.337474,1.415038,2.226554,1.400799,0.002222,-0.013174,-0.001846,-0.007857,-0.000023,-0.000479,0.001653
2025-12-16 18:26:25.085,0.159353,0.305486,0.072533,-2.337486,1.415040,2.226553,1.400800,-0.001676,-0.012775,-0.000409,-0.009151,0.000629,-0.000697,0.001441
2025-12-16 18:26:25.086,0.159352,0.305468,0.072534,-2.337501,1.415037,2.226552,1.400791,-0.000731,-0.014332,-0.001884,-0.011479,-0.000564,-0.000842,-0.001921
2025-12-16 18:26:25.087,0.159355,0.305454,0.072527,-2.337511,1.415038,2.226551,1.400795,0.000429,-0.014235,-0.002797,-0.011287,-0.004699,-0.000937,-0.000908
2025-12-16 18:26:25.088,0.159350,0.305430,0.072528,-2.337528,1.415037,2.226547,1.400804,0.000352,-0.012636,-0.000305,-0.010983,-0.002978,-0.000883,0.001507
2025-12-16 18:26:25.089,0.159352,0.305418,0.072529,-2.337534,1.415038,2.226548,1.400799,0.000801,-0.012516,0.000173,-0.010035,-0.001865,-0.000963,-0.000793
2025-12-16 18:26:25.090,0.159351,0.305404,0.072534,-2.337544,1.415038,2.226551,1.400798,0.001028,-0.013632,0.001743,-0.009673,-0.001407,0.000069,-0.000868
2025-12-16 18:26:25.091,0.159352,0.305392,0.072530,-2.337549,1.415038,2.226547,1.400799,0.001195,-0.013207,-0.000146,-0.008612,-0.001061,-0.000294,-0.000239
2025-12-16 18:26:25.092,0.159357,0.305376,0.072530,-2.337561,1.415038,2.226549,1.400806,0.002525,-0.014738,-0.002721,-0.010135,-0.000800,-0.000196,0.002011
2025-12-16 18:26:25.093,0.159355,0.305363,0.072529,-2.337568,1.415035,2.226548,1.400806,0.001657,-0.011410,-0.002787,-0.007698,-0.001619,-0.000504,0.001340
2025-12-16 18:26:25.094,0.159356,0.305354,0.072532,-2.337576,1.415035,2.226547,1.400801,0.001085,-0.010921,-0.001451,-0.007531,-0.000114,0.000037,-0.000531
2025-12-16 18:26:25.095,0.159355,0.305339,0.072528,-2.337588,1.415034,2.226548,1.400795,0.000152,-0.012369,0.004027,-0.009269,-0.000115,-0.000349,-0.002524
2025-12-16 18:26:25.097,0.159358,0.305330,0.072531,-2.337595,1.415036,2.226545,1.400808,0.001204,-0.011683,0.003080,-0.006996,-0.000445,-0.000233,0.001539
2025-12-16 18:26:25.098,0.159354,0.305318,0.072531,-2.337597,1.415035,2.226546,1.400808,-0.001526,-0.008714,0.002350,-0.002956,0.000021,0.000218,0.000687
2025-12-16 18:26:25.099,0.159360,0.305309,0.072532,-2.337610,1.415032,2.226545,1.400808,0.000740,-0.009083,0.001789,-0.003544,-0.000681,0.000145,0.000458
2025-12-16 18:26:25.100,0.159358,0.305296,0.072532,-2.337616,1.415037,2.226551,1.400802,-0.000068,-0.014238,0.000803,-0.004616,0.000212,0.000809,-0.001865
2025-12-16 18:26:25.101,0.159358,0.305288,0.072533,-2.337628,1.415032,2.226547,1.400806,-0.000049,-0.012661,0.000660,-0.007294,-0.000885,0.000166,0.000215
2025-12-16 18:26:25.102,0.159360,0.305272,0.072535,-2.337633,1.415035,2.226548,1.400808,0.000521,-0.014410,0.000534,-0.004951,-0.000258,0.000484,0.000855
2025-12-16 18:26:25.103,0.159360,0.305266,0.072536,-2.337642,1.415033,2.226546,1.400810,0.000346,-0.012599,0.000426,-0.006593,-0.000177,-0.000051,0.001282
2025-12-16 18:26:25.104,0.159360,0.305255,0.072537,-2.337648,1.415031,2.226546,1.400803,-0.000328,-0.013066,-0.000313,-0.007418,-0.000461,-0.000034,-0.001654
2025-12-16 18:26:25.105,0.159361,0.305248,0.072541,-2.337655,1.415032,2.226548,1.400803,-0.000220,-0.011821,0.003659,-0.007890,0.000029,0.000723,-0.001103
2025-12-16 18:26:25.106,0.159358,0.305235,0.072537,-2.337662,1.415032,2.226548,1.400806,-0.001354,-0.012606,0.000971,-0.008938,0.000017,0.000482,0.000350
2025-12-16 18:26:25.107,0.159356,0.305226,0.072535,-2.337672,1.415032,2.226547,1.400810,-0.001460,-0.012068,0.000219,-0.010127,0.000010,-0.000051,0.001657
2025-12-16 18:26:25.108,0.159356,0.305191,0.072538,-2.337707,1.415032,2.226548,1.400808,-0.000736,-0.010493,0.000651,-0.010482,0.000307,0.000225,0.000808
2025-12-16 18:26:25.109,0.159358,0.305185,0.072538,-2.337710,1.415031,2.226547,1.400809,0.000066,-0.009856,-0.000163,-0.009216,-0.000135,-0.000223,0.000878
2025-12-16 18:26:25.111,0.159355,0.305177,0.072540,-2.337718,1.415031,2.226550,1.400805,-0.001070,-0.010081,0.001137,-0.010484,-0.000090,0.000597,-0.000839
2025-12-16 18:26:25.112,0.159356,0.305169,0.072541,-2.337727,1.415030,2.226547,1.400805,-0.000156,-0.010258,0.001344,-0.011522,-0.000366,-0.000348,-0.000559
2025-12-16 18:26:25.113,0.159358,0.305165,0.072536,-2.337730,1.415035,2.226546,1.400805,0.000452,-0.009177,-0.000845,-0.010236,0.000400,-0.000605,0.000712
2025-12-16 18:26:25.114,0.159358,0.305154,0.072539,-2.337738,1.415033,2.226546,1.400809,0.000302,-0.010759,0.000660,-0.011310,0.000267,-0.000403,0.001187
2025-12-16 18:26:25.115,0.159360,0.305144,0.072539,-2.337749,1.415034,2.226545,1.400804,0.000851,-0.010726,0.000452,-0.013256,-0.000161,-0.000608,-0.001379
2025-12-16 18:26:25.116,0.159360,0.305139,0.072536,-2.337754,1.415035,2.226547,1.400805,-0.005573,-0.009550,-0.000896,-0.009783,-0.000108,0.000307,-0.000546
2025-12-16 18:26:25.117,0.159355,0.305131,0.072538,-2.337765,1.415036,2.226546,1.400805,-0.005990,-0.010555,0.000060,-0.012129,0.000267,-0.000168,-0.000364
2025-12-16 18:26:25.119,0.159360,0.305124,0.072538,-2.337769,1.415033,2.226544,1.400812,-0.002614,-0.011238,0.000045,-0.008879,0.000178,-0.000824,0.001927
2025-12-16 18:26:25.120,0.159355,0.305121,0.072541,-2.337776,1.415034,2.226543,1.400807,-0.003794,-0.010409,0.001148,-0.009875,-0.000220,-0.000923,-0.000173
2025-12-16 18:26:25.121,0.159358,0.305114,0.072539,-2.337780,1.415031,2.226542,1.400807,-0.001631,-0.012993,0.000211,-0.007263,-0.000452,-0.000954,-0.000115
2025-12-16 18:26:25.122,0.159355,0.305108,0.072538,-2.337786,1.415032,2.226543,1.400801,-0.002363,-0.011919,-0.000414,-0.006001,-0.000640,-0.000297,-0.001162
2025-12-16 18:26:25.123,0.159356,0.305105,0.072539,-2.337792,1.415033,2.226544,1.400807,-0.001140,-0.010549,0.000283,-0.008188,0.000556,0.000175,0.001768
2025-12-16 18:26:25.125,0.159358,0.305096,0.072538,-2.337795,1.415033,2.226545,1.400803,-0.000294,-0.011367,-0.000367,-0.005970,-0.000273,0.000490,-0.000279
2025-12-16 18:26:25.126,0.159357,0.305084,0.072544,-2.337807,1.415033,2.226542,1.400800,-0.001156,-0.006496,0.000395,-0.006469,0.000523,-0.000506,-0.002656
2025-12-16 18:26:25.128,0.159360,0.305084,0.072542,-2.337812,1.415034,2.226542,1.400809,-0.000809,-0.005144,-0.000943,-0.008153,0.000009,-0.000337,0.001112
2025-12-16 18:26:25.129,0.159358,0.305075,0.072544,-2.337817,1.415032,2.226543,1.400808,-0.002164,-0.001210,0.002916,-0.006384,0.000343,0.000189,0.001330
2025-12-16 18:26:25.130,0.159362,0.305064,0.072544,-2.337819,1.415030,2.226543,1.400799,-0.000902,-0.004919,0.001093,-0.003581,-0.000415,0.000126,-0.001995
2025-12-16 18:26:25.131,0.159362,0.305055,0.072545,-2.337829,1.415034,2.226542,1.400803,-0.001170,-0.007644,0.003515,-0.007700,0.000028,-0.000255,-0.000957
2025-12-16 18:26:25.132,0.159355,0.305052,0.072547,-2.337827,1.415033,2.226544,1.400809,-0.003109,-0.004584,0.004704,-0.003931,0.000358,0.000542,0.000786
2025-12-16 18:26:25.133,0.159360,0.305044,0.072551,-2.337834,1.415032,2.226541,1.400812,0.002186,-0.004133,0.006856,-0.006515,-0.000745,0.000361,0.001609
2025-12-16 18:26:25.135,0.159360,0.305043,0.072553,-2.337836,1.415034,2.226544,1.400804,0.001158,-0.001382,0.004055,-0.004245,-0.000157,0.000614,-0.000724
2025-12-16 18:26:25.136,0.159358,0.305030,0.072557,-2.337846,1.415031,2.226545,1.400806,0.001881,-0.002854,0.004356,-0.001915,-0.000974,0.000273,0.000865
2025-12-16 18:26:25.137,0.159356,0.305026,0.072560,-2.337847,1.415032,2.226545,1.400810,0.000440,-0.003181,0.002808,-0.000303,-0.000310,0.000182,0.001323
2025-12-16 18:26:25.138,0.159354,0.305026,0.072562,-2.337849,1.415032,2.226546,1.400809,-0.000038,-0.002244,0.004899,0.000181,-0.000207,0.000460,0.000136
2025-12-16 18:26:25.139,0.159358,0.305017,0.072566,-2.337852,1.415032,2.226546,1.400804,0.001257,-0.004558,0.003842,-0.000010,-0.000138,0.000307,-0.001707
2025-12-16 18:26:25.140,0.159354,0.305015,0.072570,-2.337850,1.415035,2.226548,1.400805,-0.000149,-0.004315,0.002436,0.001101,0.000586,0.000951,0.000320
2025-12-16 18:26:25.143,0.159356,0.305009,0.072574,-2.337854,1.415031,2.226547,1.400802,0.000841,-0.002532,0.001890,-0.000774,-0.000772,-0.000216,-0.001427
2025-12-16 18:26:25.144,0.159359,0.305009,0.072577,-2.337854,1.415034,2.226548,1.400803,0.001158,-0.002360,0.003160,-0.000547,0.000469,0.000229,-0.001324
2025-12-16 18:26:25.145,0.159357,0.305006,0.072573,-2.337854,1.415031,2.226548,1.400806,0.000802,-0.002703,0.001652,-0.000388,-0.000366,0.000153,-0.000137
2025-12-16 18:26:25.146,0.159359,0.305002,0.072578,-2.337857,1.415032,2.226546,1.400809,0.001207,-0.003021,0.004055,-0.001483,0.000095,-0.000644,0.000960
2025-12-16 18:26:25.148,0.159358,0.304997,0.072577,-2.337855,1.415032,2.226549,1.400805,0.000821,-0.003787,0.003411,-0.000352,0.000064,-0.000429,-0.000784
2025-12-16 18:26:25.149,0.159365,0.304992,0.072576,-2.337857,1.415031,2.226550,1.400804,0.002889,-0.003270,0.003062,-0.000418,-0.000096,-0.000315,-0.000484
2025-12-16 18:26:25.150,0.159366,0.304994,0.072578,-2.337852,1.415036,2.226549,1.400806,0.002490,-0.001627,0.003829,0.001479,0.000275,-0.000549,0.001474
2025-12-16 18:26:25.151,0.159367,0.304987,0.072579,-2.337855,1.415032,2.226550,1.400807,0.002315,-0.003408,0.003220,-0.000132,-0.000461,-0.000366,0.000644
2025-12-16 18:26:25.152,0.159363,0.304990,0.072579,-2.337852,1.415032,2.226546,1.400800,0.000898,-0.001068,0.003274,0.001023,-0.000002,-0.000617,-0.002114
2025-12-16 18:26:25.154,0.159368,0.304989,0.072576,-2.337855,1.415031,2.226547,1.400803,0.002365,-0.001270,0.002193,-0.000434,-0.000307,-0.000784,-0.000663
2025-12-16 18:26:25.157,0.159370,0.304983,0.072576,-2.337850,1.415031,2.226548,1.400803,0.001873,-0.001435,0.000616,0.000812,0.000045,0.000139,-0.001096
2025-12-16 18:26:25.158,0.159371,0.304985,0.072577,-2.337851,1.415031,2.226547,1.400805,0.001806,-0.000400,0.000970,-0.000016,0.000335,-0.000246,0.001067
2025-12-16 18:26:25.159,0.159370,0.304989,0.072574,-2.337851,1.415031,2.226546,1.400810,0.000648,0.000290,-0.000465,-0.000011,-0.000082,-0.000537,0.001796
2025-12-16 18:26:25.160,0.159372,0.304982,0.072579,-2.337850,1.415034,2.226546,1.400803,0.000432,-0.001570,0.000805,-0.000008,-0.000055,-0.000358,-0.000600
2025-12-16 18:26:25.161,0.159372,0.304982,0.072582,-2.337847,1.415032,2.226543,1.400802,0.000288,-0.001047,0.001094,0.001201,-0.000036,-0.000985,-0.001485
2025-12-16 18:26:25.162,0.159373,0.304983,0.072580,-2.337849,1.415032,2.226543,1.400801,0.000193,-0.000049,0.000174,0.000151,0.000281,-0.000657,-0.000278
2025-12-16 18:26:25.164,0.159373,0.304989,0.072577,-2.337842,1.415034,2.226544,1.400806,0.000129,0.001731,-0.001647,0.002513,-0.000118,-0.000065,0.001612
2025-12-16 18:26:25.165,0.159377,0.304989,0.072576,-2.337842,1.415030,2.226546,1.400805,0.001078,0.000986,-0.001288,0.000313,-0.000618,0.000096,-0.000346
2025-12-16 18:26:25.166,0.159377,0.304990,0.072578,-2.337840,1.415033,2.226546,1.400801,0.000069,0.001214,-0.000302,0.000208,-0.000073,0.000064,-0.000604
2025-12-16 18:26:25.167,0.159376,0.304989,0.072582,-2.337843,1.415034,2.226547,1.400808,-0.000511,0.000252,-0.000201,-0.000418,-0.000048,0.000415,0.002107
2025-12-16 18:26:25.168,0.159376,0.304994,0.072580,-2.337841,1.415030,2.226544,1.400805,0.002250,0.001839,-0.001247,-0.000279,-0.000371,-0.000469,0.000319
2025-12-16 18:26:25.169,0.159375,0.304992,0.072582,-2.337839,1.415030,2.226547,1.400805,0.001205,0.000669,0.001123,0.000371,0.000092,0.000433,0.000213
2025-12-16 18:26:25.170,0.159376,0.304996,0.072585,-2.337837,1.415031,2.226544,1.400801,0.000351,0.001652,0.004217,0.000804,-0.000617,-0.000457,-0.001994
2025-12-16 18:26:25.171,0.159375,0.304986,0.072587,-2.337843,1.415032,2.226547,1.400807,-0.000175,-0.001218,0.002719,-0.000578,-0.000411,0.000441,0.001180
2025-12-16 18:26:25.172,0.159374,0.304989,0.072587,-2.337838,1.415031,2.226548,1.400808,-0.001213,0.000301,0.000398,0.000729,0.000404,0.000633,0.001499
2025-12-16 18:26:25.173,0.159373,0.304989,0.072590,-2.337839,1.415033,2.226551,1.400809,0.001856,-0.000356,-0.000680,-0.000071,0.000269,0.001507,0.000287
2025-12-16 18:26:25.174,0.159373,0.304995,0.072594,-2.337839,1.415032,2.226550,1.400801,0.001561,0.001526,0.002896,-0.000047,-0.000499,0.000666,-0.001606
2025-12-16 18:26:25.175,0.159372,0.304999,0.072596,-2.337839,1.415032,2.226552,1.400805,0.000170,0.002131,0.001227,-0.000032,-0.000332,0.001156,0.000354
2025-12-16 18:26:25.177,0.159374,0.304995,0.072599,-2.337835,1.415032,2.226549,1.400808,0.000852,0.000864,-0.000081,0.001185,-0.000222,-0.000314,0.001321
2025-12-16 18:26:25.178,0.159369,0.304997,0.072599,-2.337837,1.415031,2.226552,1.400807,-0.001059,0.000576,-0.001030,0.000141,-0.000487,0.000875,0.000541
2025-12-16 18:26:25.179,0.159369,0.305001,0.072604,-2.337840,1.415033,2.226555,1.400800,-0.000603,0.001590,0.003833,-0.001020,0.000354,0.000584,-0.001809
2025-12-16 18:26:25.180,0.159370,0.305003,0.072606,-2.337844,1.415031,2.226558,1.400808,0.000026,0.002037,0.002289,-0.001258,-0.000193,0.000757,0.001468
2025-12-16 18:26:25.181,0.159370,0.305002,0.072606,-2.337844,1.415030,2.226558,1.400807,0.000061,0.000801,0.001746,-0.000838,-0.000434,0.000504,0.000639
2025-12-16 18:26:25.182,0.159371,0.305002,0.072604,-2.337846,1.415028,2.226559,1.400801,0.000630,0.000534,0.001329,-0.001116,-0.000967,0.000709,-0.001371
2025-12-16 18:26:25.183,0.159371,0.305004,0.072605,-2.337846,1.415031,2.226557,1.400804,0.000444,0.000913,0.001567,-0.005839,0.000338,-0.000273,-0.000202
2025-12-16 18:26:25.184,0.159375,0.305004,0.072607,-2.337846,1.415031,2.226557,1.400809,0.001521,0.000609,0.001694,-0.004920,0.000226,-0.001267,0.001663
2025-12-16 18:26:25.185,0.159371,0.305009,0.072610,-2.337850,1.415031,2.226557,1.400806,-0.000179,0.002169,0.002962,-0.004283,0.000150,-0.000133,0.000023
2025-12-16 18:26:25.186,0.159370,0.305012,0.072605,-2.337852,1.415031,2.226554,1.400806,-0.000666,0.001446,0.001470,-0.003677,0.000100,-0.000801,0.000016
2025-12-16 18:26:25.187,0.159373,0.305007,0.072608,-2.337853,1.415031,2.226555,1.400798,0.000770,-0.000150,0.002226,-0.002650,0.000067,-0.000161,-0.002499
2025-12-16 18:26:25.188,0.159373,0.305012,0.072611,-2.337854,1.415030,2.226555,1.400808,0.001076,0.001014,0.002627,-0.002473,-0.000261,-0.000107,0.001555
2025-12-16 18:26:25.190,0.159372,0.305013,0.072608,-2.337858,1.415032,2.226558,1.400808,0.000670,0.000822,-0.000956,-0.001876,-0.000794,-0.000296,0.000804
2025-12-16 18:26:25.191,0.159377,0.305018,0.072608,-2.337858,1.415032,2.226558,1.400799,0.002212,0.002311,-0.000820,-0.001313,-0.000868,-0.000198,-0.002346
2025-12-16 18:26:25.192,0.159373,0.305018,0.072609,-2.337862,1.415033,2.226556,1.400806,0.000270,0.000984,-0.000127,-0.002129,-0.000240,-0.000844,0.000606
2025-12-16 18:26:25.193,0.159379,0.305019,0.072607,-2.337862,1.415036,2.226555,1.400807,0.001945,0.000656,-0.000744,-0.001455,0.000823,-0.000935,0.000777
2025-12-16 18:26:25.195,0.159377,0.305019,0.072609,-2.337862,1.415033,2.226556,1.400809,0.000741,0.000437,-0.000016,-0.000347,-0.000434,-0.000251,0.001230
2025-12-16 18:26:25.196,0.159383,0.305021,0.072610,-2.337861,1.415030,2.226554,1.400805,0.001846,0.000566,-0.000646,-0.000368,-0.001176,-0.000733,-0.000425
2025-12-16 18:26:25.197,0.159376,0.305021,0.072610,-2.337862,1.415033,2.226557,1.400806,-0.001089,0.000377,0.000094,-0.000256,0.000199,0.000596,0.000089
2025-12-16 18:26:25.198,0.159380,0.305026,0.072613,-2.337866,1.415034,2.226555,1.400808,0.000481,0.002015,0.000688,-0.001386,0.000472,-0.000315,0.000772
2025-12-16 18:26:25.199,0.159380,0.305030,0.072612,-2.337859,1.415032,2.226555,1.400805,0.000321,0.002549,-0.000209,0.001390,-0.000364,-0.000210,-0.009946
2025-12-16 18:26:25.200,0.159378,0.305030,0.072616,-2.337863,1.415032,2.226555,1.400801,-0.000436,0.001050,0.000496,-0.002653,-0.000242,-0.000140,-0.008463
2025-12-16 18:26:25.201,0.159378,0.305031,0.072614,-2.337864,1.415032,2.226554,1.400805,-0.000290,0.000700,0.001710,-0.002024,-0.000162,-0.000466,-0.005177
2025-12-16 18:26:25.202,0.159380,0.305031,0.072619,-2.337859,1.415031,2.226555,1.400807,-0.000193,0.000467,0.001951,0.000223,-0.000413,0.004701,-0.002060
2025-12-16 18:26:25.204,0.159379,0.305037,0.072618,-2.337859,1.415029,2.226554,1.400806,-0.000686,0.002074,0.000935,0.000005,-0.000953,0.003147,-0.002788
2025-12-16 18:26:25.205,0.159383,0.305037,0.072615,-2.337857,1.415032,2.226555,1.400802,0.000100,0.001383,-0.000996,-0.000104,0.000348,0.002761,-0.003564
2025-12-16 18:26:25.206,0.159383,0.305037,0.072622,-2.337861,1.415036,2.226555,1.400801,-0.001047,0.000922,0.000000,-0.001913,0.005266,0.002058,-0.002900
2025-12-16 18:26:25.207,0.159385,0.305035,0.072625,-2.337858,1.415034,2.226554,1.400810,-0.001904,0.000058,0.002122,0.000427,0.002919,0.001162,0.000810
2025-12-16 18:26:25.208,0.159384,0.305035,0.072626,-2.337859,1.415035,2.226555,1.400808,-0.000439,0.000039,0.003100,0.000239,0.002239,0.001270,0.000775
2025-12-16 18:26:25.209,0.159387,0.305037,0.072629,-2.337859,1.415035,2.226557,1.400800,0.001986,0.000583,0.004082,0.000126,0.001713,0.001651,-0.002783
2025-12-16 18:26:25.210,0.159388,0.305037,0.072638,-2.337856,1.415035,2.226563,1.400806,0.000163,0.000444,0.005304,-0.000878,0.000995,0.001577,0.001076
2025-12-16 18:26:25.211,0.159394,0.305037,0.072641,-2.337860,1.415035,2.226565,1.400811,0.002663,-0.000260,0.005752,-0.001994,0.000756,0.001429,0.001769
2025-12-16 18:26:25.212,0.159393,0.305037,0.072642,-2.337857,1.415037,2.226565,1.400805,-0.000542,0.000383,0.005516,-0.000275,0.000235,0.000982,-0.001015
2025-12-16 18:26:25.213,0.159399,0.305039,0.072645,-2.337853,1.415037,2.226569,1.400801,0.002144,0.000905,0.003392,0.000909,-0.000130,0.000676,-0.001068
2025-12-16 18:26:25.215,0.159400,0.305037,0.072650,-2.337855,1.415039,2.226571,1.400800,0.000294,-0.000046,0.005637,-0.000129,0.000291,0.000840,-0.000726
2025-12-16 18:26:25.216,0.159413,0.305039,0.072649,-2.337858,1.415036,2.226572,1.400805,0.004913,-0.000031,0.002783,-0.000150,0.003904,0.005587,0.001337
2025-12-16 18:26:25.217,0.159417,0.305039,0.072656,-2.337858,1.415040,2.226582,1.400803,0.003956,0.001211,0.003095,-0.000537,0.002204,0.008324,-0.000163
2025-12-16 18:26:25.218,0.159420,0.305036,0.072653,-2.337857,1.415039,2.226586,1.400798,0.005704,0.002935,0.001190,0.000821,0.001361,0.006909,-0.001910
2025-12-16 18:26:25.219,0.159424,0.305036,0.072663,-2.337856,1.415042,2.226588,1.400806,0.008232,0.001808,0.004012,0.001084,0.001759,0.004693,0.001605
2025-12-16 18:26:25.220,0.159432,0.305037,0.072655,-2.337853,1.415044,2.226589,1.400806,0.007922,0.000861,0.001099,-0.000308,0.005727,0.002389,0.001068
2025-12-16 18:26:25.221,0.159437,0.305037,0.072658,-2.337855,1.415043,2.226591,1.400805,0.006503,0.000247,0.001986,-0.001005,0.003634,0.000766,0.000371
2025-12-16 18:26:25.222,0.159439,0.305037,0.072663,-2.337858,1.415043,2.226595,1.400797,0.005322,-0.000220,0.003193,-0.000853,0.002794,0.000332,-0.002636
2025-12-16 18:26:25.223,0.159443,0.305040,0.072667,-2.337859,1.415048,2.226595,1.400804,0.004983,0.003096,0.003414,-0.000148,0.002480,-0.000006,0.000751
2025-12-16 18:26:25.224,0.159447,0.305034,0.072668,-2.337862,1.415048,2.226599,1.400806,0.004770,0.003194,0.002892,-0.000758,0.001523,0.004789,0.001212
2025-12-16 18:26:25.226,0.159450,0.305039,0.072673,-2.337864,1.415048,2.226600,1.400809,0.005125,0.003211,0.004292,-0.000582,0.001172,0.003665,0.001553
2025-12-16 18:26:25.227,0.159453,0.305032,0.072676,-2.337867,1.415050,2.226601,1.400802,0.004666,0.000215,0.004101,-0.001003,0.000593,0.002086,-0.001135
2025-12-16 18:26:25.228,0.159459,0.305036,0.072681,-2.337870,1.415054,2.226608,1.400807,0.003827,0.000916,0.003621,-0.001528,0.000049,0.000806,0.001541
2025-12-16 18:26:25.229,0.159463,0.305034,0.072685,-2.337868,1.415053,2.226609,1.400809,0.003165,0.000127,0.002985,-0.000393,-0.000596,0.000314,0.001400
2025-12-16 18:26:25.230,0.159471,0.305031,0.072691,-2.337873,1.415054,2.226613,1.400800,0.007598,-0.001554,0.010123,-0.001487,-0.000360,0.000321,-0.000898
2025-12-16 18:26:25.231,0.159477,0.305032,0.072693,-2.337870,1.415056,2.226617,1.400793,0.006472,-0.000943,0.010435,0.000202,-0.000551,-0.000041,-0.002396
2025-12-16 18:26:25.232,0.159476,0.305032,0.072698,-2.337872,1.415057,2.226617,1.400800,0.003420,-0.000558,0.008179,-0.000526,-0.000347,-0.000337,0.000573
2025-12-16 18:26:25.233,0.159481,0.305038,0.072703,-2.337876,1.415057,2.226621,1.400802,0.006167,0.000887,0.009079,-0.000915,-0.000521,-0.000178,0.001094
2025-12-16 18:26:25.234,0.159488,0.305031,0.072707,-2.337879,1.415059,2.226627,1.400802,0.005705,-0.001689,0.009836,-0.003729,-0.000674,0.000629,0.000729
2025-12-16 18:26:25.235,0.159491,0.305032,0.072712,-2.337878,1.415062,2.226634,1.400798,0.004094,-0.001097,0.010451,-0.002193,-0.000780,0.004791,-0.000599
2025-12-16 18:26:25.236,0.159496,0.305026,0.072720,-2.337881,1.415066,2.226639,1.400795,0.002947,-0.002472,0.011583,-0.001660,0.000165,0.007904,-0.000399
2025-12-16 18:26:25.238,0.159502,0.305028,0.072729,-2.337887,1.415066,2.226643,1.400797,0.002128,-0.001075,0.011748,-0.002369,0.003795,0.005594,-0.000266
2025-12-16 18:26:25.239,0.159502,0.305030,0.072733,-2.337890,1.415073,2.226647,1.400799,-0.000779,-0.000054,0.010136,-0.002340,0.002620,0.003913,0.001281
2025-12-16 18:26:25.240,0.159514,0.305032,0.072745,-2.337891,1.415081,2.226666,1.400788,0.004631,0.000762,0.004863,-0.000911,0.000804,0.007446,-0.002562
2025-12-16 18:26:25.241,0.159520,0.305028,0.072757,-2.337893,1.415083,2.226678,1.400790,0.002484,-0.000693,0.006925,-0.001304,0.004394,0.010948,-0.000996
2025-12-16 18:26:25.242,0.159524,0.305028,0.072762,-2.337893,1.415089,2.226687,1.400797,0.000832,-0.000458,0.003517,-0.000904,0.003783,0.009264,0.001506
2025-12-16 18:26:25.243,0.159537,0.305033,0.072766,-2.337896,1.415095,2.226696,1.400796,0.007773,0.001461,0.004851,-0.000629,0.002230,0.006811,0.001750
2025-12-16 18:26:25.244,0.159542,0.305033,0.072777,-2.337897,1.415104,2.226707,1.400788,0.007311,0.000976,0.007060,-0.000439,0.006451,0.009318,-0.001003
2025-12-16 18:26:25.245,0.159548,0.305032,0.072785,-2.337893,1.415113,2.226721,1.400786,0.004484,0.000096,0.007942,0.000899,0.004568,0.012746,-0.001415
2025-12-16 18:26:25.246,0.159559,0.305030,0.072793,-2.337895,1.415120,2.226729,1.400791,0.007955,-0.000492,0.008718,0.000588,0.002856,0.013646,-0.003782
2025-12-16 18:26:25.247,0.159560,0.305033,0.072799,-2.337900,1.415131,2.226741,1.400792,0.007414,0.000787,0.006132,-0.000173,0.002551,0.010932,-0.001486
2025-12-16 18:26:25.249,0.159575,0.305030,0.072813,-2.337900,1.415152,2.226763,1.400782,0.006964,-0.000577,0.005193,0.001028,0.005532,0.014248,-0.003357
2025-12-16 18:26:25.250,0.159584,0.305035,0.072824,-2.337908,1.415161,2.226776,1.400782,0.005290,0.001286,0.008456,-0.001082,0.008692,0.016057,-0.002402
2025-12-16 18:26:25.251,0.159585,0.305032,0.072828,-2.337906,1.415172,2.226783,1.400788,0.002899,-0.000256,0.008898,0.001040,0.011595,0.010878,0.001531
2025-12-16 18:26:25.252,0.159598,0.305039,0.072833,-2.337907,1.415182,2.226795,1.400783,0.007775,0.002150,0.006713,0.000691,0.013441,0.012779,-0.000530
2025-12-16 18:26:25.253,0.159606,0.305042,0.072842,-2.337911,1.415191,2.226806,1.400782,0.006834,0.002640,0.006824,-0.000654,0.010096,0.013208,-0.000423
2025-12-16 18:26:25.254,0.159609,0.305040,0.072848,-2.337910,1.415205,2.226819,1.400778,0.004958,0.001110,0.006102,0.000676,0.007921,0.015427,-0.001758
2025-12-16 18:26:25.255,0.159618,0.305039,0.072855,-2.337914,1.415217,2.226830,1.400781,0.005370,-0.000373,0.005604,-0.000664,0.010918,0.011918,0.000959
2025-12-16 18:26:25.257,0.159625,0.305040,0.072859,-2.337918,1.415225,2.226841,1.400780,0.005013,-0.000249,0.005097,-0.000443,0.012168,0.008204,0.000610
2025-12-16 18:26:25.258,0.159631,0.305042,0.072863,-2.337920,1.415234,2.226852,1.400780,0.005182,-0.000166,0.004789,0.000261,0.009153,0.006198,0.000385
2025-12-16 18:26:25.259,0.159645,0.305047,0.072869,-2.337925,1.415251,2.226873,1.400769,0.005793,0.000700,0.005912,-0.001772,0.004632,0.006206,-0.000090
2025-12-16 18:26:25.260,0.159646,0.305048,0.072878,-2.337928,1.415263,2.226883,1.400773,0.004491,-0.000090,0.006540,-0.001370,0.003527,0.009416,0.001728
2025-12-16 18:26:25.261,0.159658,0.305048,0.072884,-2.337926,1.415270,2.226891,1.400771,0.006017,-0.001267,0.006890,0.000709,0.002342,0.006744,0.001518
2025-12-16 18:26:25.262,0.159658,0.305051,0.072887,-2.337933,1.415283,2.226900,1.400764,0.004609,-0.000844,0.005400,-0.000747,0.003131,0.004753,-0.000824
2025-12-16 18:26:25.263,0.159667,0.305054,0.072893,-2.337932,1.415291,2.226914,1.400763,0.005423,-0.000563,0.005481,-0.002284,0.001933,0.008709,0.000532
2025-12-16 18:26:25.264,0.159669,0.305056,0.072898,-2.337941,1.415300,2.226921,1.400759,0.004195,0.002225,0.005413,-0.006560,0.001089,0.010113,0.000352
2025-12-16 18:26:25.265,0.159673,0.305057,0.072902,-2.337942,1.415308,2.226929,1.400753,0.004020,0.001189,0.004881,-0.004193,0.000525,0.011626,-0.000107
2025-12-16 18:26:25.266,0.159676,0.305058,0.072908,-2.337943,1.415316,2.226937,1.400743,0.003249,0.000990,0.004510,-0.003148,-0.000250,0.013214,-0.001904
2025-12-16 18:26:25.268,0.159682,0.305061,0.072914,-2.337948,1.415327,2.226942,1.400737,0.003939,0.000808,0.003601,-0.003012,0.004237,0.009281,-0.001610
2025-12-16 18:26:25.269,0.159683,0.305065,0.072914,-2.337954,1.415336,2.226951,1.400738,0.005187,0.001207,0.004395,-0.003320,0.008405,0.012159,0.000723
2025-12-16 18:26:25.270,0.159693,0.305065,0.072928,-2.337955,1.415361,2.226970,1.400718,0.003051,-0.000738,0.005347,-0.005074,0.013719,0.015009,-0.009077
2025-12-16 18:26:25.271,0.159697,0.305071,0.072935,-2.337959,1.415369,2.226981,1.400711,0.004762,0.001318,0.003270,-0.006316,0.014288,0.016332,-0.010466
2025-12-16 18:26:25.272,0.159696,0.305070,0.072938,-2.337959,1.415380,2.226987,1.400700,0.001785,0.000357,0.004473,-0.003627,0.015868,0.012236,-0.013259
2025-12-16 18:26:25.273,0.159702,0.305072,0.072943,-2.337965,1.415388,2.226993,1.400698,0.001469,0.000264,0.002237,-0.002885,0.011208,0.009508,-0.008493
2025-12-16 18:26:25.274,0.159704,0.305076,0.072949,-2.337965,1.415396,2.226999,1.400682,0.003146,0.001310,0.000724,-0.003487,0.008113,0.006385,-0.012586
2025-12-16 18:26:25.275,0.159709,0.305077,0.072962,-2.337974,1.415410,2.227008,1.400675,0.001962,0.000888,0.001856,-0.006521,0.006483,0.005910,-0.013192
2025-12-16 18:26:25.276,0.159714,0.305080,0.072963,-2.337978,1.415416,2.227016,1.400664,0.001067,0.001809,0.002320,-0.006915,0.008928,0.003994,-0.015018
2025-12-16 18:26:25.277,0.159715,0.305080,0.072968,-2.337981,1.415425,2.227026,1.400650,0.001779,0.001771,0.003916,-0.006963,0.007062,0.004441,-0.017324
2025-12-16 18:26:25.278,0.159719,0.305078,0.072976,-2.337987,1.415437,2.227032,1.400649,0.000420,0.000074,0.005818,-0.005393,0.010680,0.003573,-0.014560
2025-12-16 18:26:25.280,0.159728,0.305082,0.072986,-2.338001,1.415459,2.227044,1.400618,0.003950,0.000967,0.003804,-0.007569,0.014475,0.009205,-0.019091
2025-12-16 18:26:25.281,0.159734,0.305083,0.072988,-2.338007,1.415469,2.227049,1.400609,0.002727,0.001854,0.004507,-0.007701,0.015180,0.006921,-0.013827
2025-12-16 18:26:25.282,0.159739,0.305081,0.072995,-2.338010,1.415478,2.227056,1.400605,0.004238,0.000681,0.006225,-0.007713,0.011048,0.009463,-0.008526
2025-12-16 18:26:25.283,0.159743,0.305083,0.073002,-2.338019,1.415489,2.227063,1.400587,0.005390,0.001012,0.008090,-0.005994,0.008994,0.007509,-0.007970
2025-12-16 18:26:25.284,0.159744,0.305082,0.073008,-2.338026,1.415501,2.227070,1.400579,0.008928,0.000676,0.005135,-0.007407,0.006369,0.005965,-0.010962
2025-12-16 18:26:25.285,0.159747,0.305081,0.073009,-2.338031,1.415512,2.227081,1.400568,0.008946,-0.000105,0.002858,-0.008085,0.009478,0.010202,-0.007826
2025-12-16 18:26:25.286,0.159750,0.305082,0.073013,-2.338040,1.415520,2.227086,1.400562,0.009016,0.000487,0.001830,-0.009209,0.011277,0.007201,-0.009097
2025-12-16 18:26:25.288,0.159756,0.305081,0.073020,-2.338049,1.415531,2.227096,1.400553,0.010701,-0.000232,0.004708,-0.007536,0.013821,0.006067,-0.006565
2025-12-16 18:26:25.289,0.159764,0.305084,0.073027,-2.338065,1.415548,2.227108,1.400520,0.007541,0.000423,0.002659,-0.007295,0.014921,0.007006,-0.015214
2025-12-16 18:26:25.290,0.159766,0.305086,0.073029,-2.338077,1.415559,2.227113,1.400513,0.006824,0.000932,0.002072,-0.006614,0.010926,0.005295,-0.014757
2025-12-16 18:26:25.291,0.159765,0.305084,0.073036,-2.338083,1.415566,2.227119,1.400511,0.004992,-0.000028,0.003369,-0.006492,0.012748,0.007835,-0.008500
2025-12-16 18:26:25.292,0.159767,0.305088,0.073039,-2.338096,1.415581,2.227126,1.400496,0.004217,0.001188,0.003527,-0.009044,0.015328,0.006357,-0.012009
2025-12-16 18:26:25.293,0.159770,0.305086,0.073038,-2.338105,1.415589,2.227132,1.400482,0.004823,0.000235,0.003127,-0.009284,0.011770,0.009827,-0.013767
2025-12-16 18:26:25.294,0.159771,0.305084,0.073040,-2.338116,1.415599,2.227140,1.400467,0.003959,-0.000493,0.003293,-0.010257,0.009120,0.007369,-0.016530
2025-12-16 18:26:25.295,0.159774,0.305082,0.073044,-2.338129,1.415607,2.227147,1.400463,0.003986,-0.000328,0.003473,-0.012132,0.011207,0.005899,-0.014895
2025-12-16 18:26:25.296,0.159774,0.305085,0.073047,-2.338136,1.415617,2.227147,1.400452,0.002762,0.000431,-0.002812,-0.008335,0.008394,0.002562,-0.011626
2025-12-16 18:26:25.297,0.159778,0.305089,0.073047,-2.338151,1.415625,2.227152,1.400437,0.003034,0.002050,-0.001710,-0.011248,0.010689,0.005656,-0.009515
2025-12-16 18:26:25.298,0.159781,0.305081,0.073044,-2.338158,1.415637,2.227156,1.400428,0.003288,-0.001046,-0.002153,-0.010412,0.007698,0.004081,-0.006734
2025-12-16 18:26:25.299,0.159783,0.305086,0.073047,-2.338170,1.415649,2.227160,1.400412,0.002793,0.001066,0.000055,-0.009449,0.010854,0.002835,-0.010434
2025-12-16 18:26:25.301,0.159788,0.305085,0.073048,-2.338183,1.415658,2.227165,1.400406,0.003659,0.000154,0.000482,-0.010953,0.012463,0.003340,-0.011021
2025-12-16 18:26:25.302,0.159791,0.305085,0.073053,-2.338207,1.415678,2.227173,1.400379,0.003239,0.000068,0.001575,-0.012508,0.011766,0.002347,-0.008715
2025-12-16 18:26:25.303,0.159790,0.305082,0.073056,-2.338216,1.415686,2.227176,1.400367,0.002173,0.000046,0.002077,-0.012133,0.012860,0.006401,-0.010810
2025-12-16 18:26:25.304,0.159792,0.305089,0.073055,-2.338229,1.415692,2.227176,1.400357,0.002016,0.001794,0.000763,-0.012966,0.009709,0.004434,-0.012364
2025-12-16 18:26:25.305,0.159790,0.305084,0.073053,-2.338242,1.415698,2.227172,1.400348,0.000795,-0.000011,-0.000097,-0.011282,0.006341,0.001877,-0.013529
2025-12-16 18:26:25.306,0.159794,0.305080,0.073055,-2.338247,1.415708,2.227174,1.400342,0.001650,-0.001121,0.000456,-0.009784,0.009757,0.001909,-0.009078
2025-12-16 18:26:25.308,0.159797,0.305083,0.073056,-2.338271,1.415726,2.227175,1.400326,0.001729,0.000244,0.000535,-0.014735,0.006675,0.001377,-0.004402
2025-12-16 18:26:25.309,0.159799,0.305083,0.073056,-2.338280,1.415735,2.227178,1.400318,0.001712,0.000812,0.000341,-0.012838,0.004935,0.002123,-0.008157
2025-12-16 18:26:25.310,0.159801,0.305080,0.073056,-2.338294,1.415741,2.227177,1.400308,0.001143,-0.000108,0.000216,-0.010741,0.008337,0.001166,-0.010877
2025-12-16 18:26:25.311,0.159796,0.305078,0.073060,-2.338300,1.415748,2.227174,1.400301,-0.001000,-0.000072,0.001342,-0.007335,0.010245,-0.000240,-0.007497
2025-12-16 18:26:25.312,0.159800,0.305077,0.073056,-2.338309,1.415754,2.227175,1.400286,0.000541,-0.000048,-0.000318,-0.005439,0.012537,0.000230,-0.012205
2025-12-16 18:26:25.313,0.159802,0.305080,0.073057,-2.338322,1.415762,2.227178,1.400276,0.000918,0.001174,-0.000774,-0.008130,0.014083,0.001276,-0.009066
2025-12-16 18:26:25.314,0.159799,0.305079,0.073060,-2.338329,1.415769,2.227177,1.400276,-0.000501,0.000226,0.002656,-0.008305,0.015623,0.000540,-0.004605
2025-12-16 18:26:25.316,0.159799,0.305080,0.073061,-2.338335,1.415774,2.227177,1.400268,-0.000983,0.001264,0.002033,-0.004988,0.011700,0.000381,-0.008427
2025-12-16 18:26:25.317,0.159800,0.305081,0.073061,-2.338347,1.415782,2.227177,1.400251,-0.000655,0.001400,0.000995,-0.007452,0.008763,0.000270,-0.008922
2025-12-16 18:26:25.318,0.159799,0.305081,0.073064,-2.338364,1.415789,2.227177,1.400235,-0.001404,0.002014,0.002593,-0.008628,0.008640,0.000024,-0.003849
2025-12-16 18:26:25.319,0.159798,0.305081,0.073066,-2.338374,1.415794,2.227178,1.400229,0.001616,0.001343,0.000867,-0.009541,0.006467,0.000362,-0.002902
2025-12-16 18:26:25.320,0.159797,0.305079,0.073066,-2.338383,1.415795,2.227180,1.400214,0.000130,0.000895,-0.000276,-0.009961,0.009539,0.000992,-0.009044
2025-12-16 18:26:25.321,0.159796,0.305077,0.073072,-2.338393,1.415800,2.227178,1.400218,-0.000276,0.001154,0.000010,-0.010254,0.007487,0.001038,-0.003353
2025-12-16 18:26:25.322,0.159791,0.305077,0.073070,-2.338401,1.415800,2.227176,1.400209,-0.001801,0.000769,0.001559,-0.010178,0.005244,0.000322,-0.003755
2025-12-16 18:26:25.323,0.159793,0.305074,0.073072,-2.338407,1.415806,2.227176,1.400206,-0.001091,0.000513,0.000856,-0.010110,0.009273,0.000217,-0.002117
2025-12-16 18:26:25.324,0.159785,0.305073,0.073078,-2.338413,1.415807,2.227173,1.400198,-0.003522,0.000342,0.004111,-0.010469,0.006903,-0.000600,-0.001656
2025-12-16 18:26:25.325,0.159782,0.305076,0.073078,-2.338424,1.415805,2.227173,1.400185,-0.003493,-0.001176,0.002016,-0.011466,0.005448,-0.000399,-0.008496
2025-12-16 18:26:25.326,0.159783,0.305072,0.073076,-2.338429,1.415804,2.227175,1.400185,-0.001726,-0.002161,0.000499,-0.010353,0.004037,0.000481,-0.010132
2025-12-16 18:26:25.327,0.159783,0.305075,0.073078,-2.338444,1.415804,2.227181,1.400187,-0.001116,-0.000525,0.000603,-0.015587,0.002996,0.001033,-0.005742
2025-12-16 18:26:25.329,0.159782,0.305073,0.073077,-2.338452,1.415804,2.227179,1.400180,-0.001275,-0.000499,0.000049,-0.011049,0.002225,0.000690,-0.005128
2025-12-16 18:26:25.330,0.159774,0.305069,0.073078,-2.338467,1.415807,2.227178,1.400169,-0.001900,-0.001307,-0.006162,-0.008857,0.001446,0.000307,-0.006148
2025-12-16 18:26:25.331,0.159773,0.305065,0.073077,-2.338472,1.415808,2.227177,1.400177,-0.001256,-0.002141,-0.007128,-0.008779,0.001060,-0.000134,-0.001838
2025-12-16 18:26:25.332,0.159768,0.305065,0.073078,-2.338480,1.415808,2.227174,1.400181,-0.001943,-0.001474,-0.004142,-0.007306,0.000779,-0.000835,0.000047
2025-12-16 18:26:25.333,0.159770,0.305066,0.073077,-2.338489,1.415805,2.227175,1.400178,-0.000175,-0.000461,-0.002652,-0.008794,0.000573,-0.000184,-0.001194
2025-12-16 18:26:25.334,0.159768,0.305066,0.073075,-2.338500,1.415804,2.227173,1.400171,-0.000112,-0.000334,-0.001454,-0.008308,0.000423,-0.000868,-0.003071
2025-12-16 18:26:25.335,0.159767,0.305063,0.073072,-2.338503,1.415808,2.227173,1.400175,-0.000071,-0.001356,-0.001221,-0.004844,0.000651,-0.000579,-0.001040
2025-12-16 18:26:25.336,0.159767,0.305060,0.073067,-2.338511,1.415810,2.227174,1.400178,-0.000045,-0.002125,-0.001652,-0.007780,0.000796,-0.000013,0.000333
2025-12-16 18:26:25.337,0.159768,0.305058,0.073068,-2.338517,1.415811,2.227176,1.400170,0.001178,-0.001985,-0.000037,-0.008200,0.000887,-0.000382,-0.001281
2025-12-16 18:26:25.338,0.159767,0.305061,0.073066,-2.338526,1.415810,2.227173,1.400174,0.001344,-0.000218,-0.000131,-0.009680,0.000265,-0.000593,0.000571
2025-12-16 18:26:25.339,0.159763,0.305056,0.073066,-2.338534,1.415809,2.227171,1.400175,-0.000309,-0.001822,0.000390,-0.010168,-0.000153,-0.000769,-0.000017
2025-12-16 18:26:25.340,0.159766,0.305058,0.073061,-2.338542,1.415809,2.227172,1.400171,0.001001,-0.000663,-0.000356,-0.007582,-0.000095,-0.000139,-0.000742
2025-12-16 18:26:25.342,0.159765,0.305053,0.073063,-2.338550,1.415811,2.227171,1.400176,-0.001909,-0.002208,0.000831,-0.009181,0.000621,-0.000466,0.000203
2025-12-16 18:26:25.343,0.159769,0.305051,0.073060,-2.338560,1.415807,2.227168,1.400167,-0.000382,-0.001728,0.000507,-0.010689,0.000055,-0.000444,-0.001722
2025-12-16 18:26:25.344,0.159766,0.305051,0.073057,-2.338567,1.415808,2.227171,1.400168,-0.001608,-0.001153,-0.000794,-0.008135,-0.000300,0.000077,-0.000781
2025-12-16 18:26:25.345,0.159762,0.305053,0.073056,-2.338575,1.415807,2.227173,1.400170,-0.001739,-0.000213,-0.000544,-0.006829,0.000141,0.000390,-0.000898
2025-12-16 18:26:25.346,0.159763,0.305047,0.073056,-2.338580,1.415806,2.227168,1.400175,-0.001242,-0.001906,-0.000373,-0.006874,0.000095,-0.000452,0.001941
2025-12-16 18:26:25.347,0.159762,0.305049,0.073055,-2.338587,1.415809,2.227168,1.400173,-0.001539,-0.000715,-0.000813,-0.005254,0.000064,0.000072,0.000919
2025-12-16 18:26:25.348,0.159762,0.305047,0.073057,-2.338588,1.415808,2.227173,1.400168,-0.001073,-0.000477,0.005855,-0.005605,-0.000634,0.000760,-0.002272
2025-12-16 18:26:25.349,0.159762,0.305046,0.073054,-2.338596,1.415811,2.227171,1.400169,-0.000750,-0.000318,0.003226,-0.007754,0.000595,0.000507,-0.001516
2025-12-16 18:26:25.350,0.159763,0.305046,0.073055,-2.338598,1.415811,2.227171,1.400173,0.005189,0.000437,0.001990,-0.005208,0.000397,0.000711,0.001498
2025-12-16 18:26:25.351,0.159765,0.305047,0.073055,-2.338602,1.415810,2.227170,1.400176,0.004520,0.000848,0.001625,-0.003988,-0.000074,0.000101,0.002083
2025-12-16 18:26:25.353,0.159762,0.305046,0.073053,-2.338605,1.415811,2.227172,1.400167,0.002277,0.001122,-0.000457,-0.003046,0.000290,0.000813,-0.001494
2025-12-16 18:26:25.354,0.159764,0.305050,0.073054,-2.338613,1.415812,2.227174,1.400173,0.001970,0.000651,0.000034,-0.002570,0.000547,0.000960,0.000172
2025-12-16 18:26:25.355,0.159764,0.305049,0.073050,-2.338615,1.415812,2.227173,1.400173,0.000915,0.000238,-0.001090,-0.001876,0.000365,0.000267,0.001199
2025-12-16 18:26:25.356,0.159763,0.305045,0.073056,-2.338616,1.415811,2.227175,1.400177,0.003863,-0.000545,0.000551,-0.001373,-0.000062,0.000924,0.001172
2025-12-16 18:26:25.357,0.159763,0.305046,0.073053,-2.338617,1.415811,2.227174,1.400174,0.002369,-0.003032,-0.000786,-0.003415,-0.000041,0.000243,-0.000304
2025-12-16 18:26:25.358,0.159765,0.305045,0.073053,-2.338621,1.415810,2.227173,1.400167,0.002399,-0.001714,-0.000484,-0.003706,-0.000366,-0.000211,-0.001661
2025-12-16 18:26:25.359,0.159765,0.305044,0.073059,-2.338628,1.415811,2.227174,1.400172,0.001797,-0.001400,0.001470,-0.005121,0.000095,0.000232,0.001063
2025-12-16 18:26:25.360,0.159764,0.305046,0.073053,-2.338625,1.415813,2.227173,1.400179,0.000789,-0.000569,-0.000761,-0.004606,0.000707,-0.000218,0.001794
2025-12-16 18:26:25.361,0.159763,0.305047,0.073055,-2.338624,1.415811,2.227175,1.400177,0.001194,0.000033,-0.006228,-0.002785,-0.000173,0.000601,0.000484
2025-12-16 18:26:25.362,0.159766,0.305044,0.073056,-2.338628,1.415809,2.227176,1.400170,0.001993,-0.001200,-0.003458,-0.002780,-0.000793,0.000739,-0.002221
2025-12-16 18:26:25.363,0.159762,0.305042,0.073056,-2.338623,1.415807,2.227179,1.400171,0.000277,-0.001531,-0.002689,-0.000852,-0.000190,0.000493,-0.001108
2025-12-16 18:26:25.365,0.159764,0.305047,0.073053,-2.338626,1.415812,2.227177,1.400172,-0.005904,0.000594,-0.001789,-0.000411,0.000560,-0.000493,-0.000967
2025-12-16 18:26:25.366,0.159767,0.305051,0.073058,-2.338631,1.415808,2.227180,1.400172,-0.002670,0.001568,-0.002791,-0.002124,0.000068,0.000383,-0.000645
2025-12-16 18:26:25.367,0.159761,0.305049,0.073055,-2.338630,1.415809,2.227179,1.400169,-0.003916,0.000463,-0.001692,-0.000274,-0.000294,-0.000456,-0.001515
2025-12-16 18:26:25.368,0.159764,0.305046,0.073057,-2.338631,1.415811,2.227177,1.400175,-0.001127,-0.000917,0.000344,-0.000232,0.000143,0.000069,0.000787
2025-12-16 18:26:25.369,0.159765,0.305049,0.073057,-2.338631,1.415812,2.227177,1.400177,-0.000404,-0.000069,0.001217,-0.000841,0.000401,0.000385,0.001237
2025-12-16 18:26:25.370,0.159764,0.305050,0.073054,-2.338628,1.415808,2.227175,1.400176,0.000223,-0.000057,0.000648,-0.000588,-0.000038,-0.000082,0.000486
2025-12-16 18:26:25.372,0.159763,0.305056,0.073054,-2.338628,1.415812,2.227175,1.400170,0.000588,0.001717,0.001423,-0.000969,0.000619,-0.001140,-0.001507
2025-12-16 18:26:25.373,0.159767,0.305054,0.073044,-2.338630,1.415809,2.227176,1.400175,0.002641,0.000383,0.001151,-0.001009,0.000388,-0.000382,0.000426
2025-12-16 18:26:25.374,0.159772,0.305054,0.073045,-2.338626,1.415809,2.227172,1.400178,0.004031,0.000252,0.000433,0.000432,0.000259,-0.000628,0.001369
2025-12-16 18:26:25.375,0.159769,0.305054,0.073036,-2.338628,1.415809,2.227170,1.400175,0.002650,0.000166,-0.000570,-0.000275,0.000172,-0.000792,-0.000172
2025-12-16 18:26:25.376,0.159772,0.305052,0.073034,-2.338626,1.415808,2.227169,1.400170,-0.000166,-0.000448,-0.001440,0.000368,-0.000224,-0.000901,-0.001573
2025-12-16 18:26:25.377,0.159767,0.305050,0.073025,-2.338624,1.415810,2.227166,1.400170,-0.000948,-0.000950,-0.004519,0.000242,0.000529,-0.001313,-0.001049
2025-12-16 18:26:25.378,0.159768,0.305050,0.073022,-2.338622,1.415810,2.227165,1.400175,0.000271,-0.000634,-0.004355,0.000808,0.000353,-0.001248,0.000759
2025-12-16 18:26:25.379,0.159772,0.305056,0.073018,-2.338629,1.415810,2.227163,1.400174,0.001786,0.001339,-0.005010,-0.001227,0.000235,-0.000459,0.000133
2025-12-16 18:26:25.381,0.159775,0.305054,0.073009,-2.338626,1.415813,2.227163,1.400170,0.002279,0.000336,-0.007825,-0.000262,0.001140,-0.001018,-0.000996
2025-12-16 18:26:25.382,0.159775,0.305048,0.073005,-2.338623,1.415808,2.227160,1.400167,0.001431,-0.000983,-0.008097,-0.000176,0.000421,-0.001052,-0.001749
2025-12-16 18:26:25.383,0.159772,0.305051,0.072998,-2.338620,1.415811,2.227158,1.400176,-0.000850,0.000181,-0.009045,0.000292,0.000402,-0.000592,0.001291
2025-12-16 18:26:25.384,0.159773,0.305049,0.072992,-2.338618,1.415810,2.227154,1.400173,-0.000048,-0.000436,-0.008763,0.000194,0.000946,-0.000768,-0.000970
2025-12-16 18:26:25.385,0.159773,0.305047,0.072991,-2.338615,1.415813,2.227156,1.400168,-0.000060,-0.000941,-0.006570,0.000779,0.000631,0.000573,-0.001732
2025-12-16 18:26:25.386,0.159775,0.305047,0.072989,-2.338617,1.415811,2.227156,1.400171,-0.000061,-0.000627,-0.005482,0.000519,0.000760,0.000382,-0.000070
2025-12-16 18:26:25.387,0.159773,0.305046,0.072990,-2.338614,1.415809,2.227154,1.400175,-0.001170,-0.000975,-0.004621,0.001459,0.000167,0.000628,0.001412
2025-12-16 18:26:25.388,0.159773,0.305044,0.072987,-2.338614,1.415811,2.227155,1.400177,-0.000792,-0.001207,-0.005151,0.000416,0.000790,0.001131,0.000568
2025-12-16 18:26:25.389,0.159766,0.305043,0.072985,-2.338612,1.415810,2.227155,1.400178,-0.002857,-0.000248,-0.002286,0.000834,0.000187,0.001127,0.000379
2025-12-16 18:26:25.390,0.159768,0.305046,0.072985,-2.338614,1.415813,2.227156,1.400171,-0.001354,0.001041,-0.002641,-0.000001,0.001108,0.001124,-0.002257
2025-12-16 18:26:25.392,0.159759,0.305037,0.072985,-2.338615,1.415810,2.227155,1.400181,-0.002743,0.000030,0.000351,-0.000155,0.000707,-0.003396,0.001529
2025-12-16 18:26:25.393,0.159759,0.305033,0.072984,-2.338613,1.415810,2.227153,1.400178,-0.002389,-0.003125,-0.000181,0.000453,0.000811,-0.002185,0.000273
2025-12-16 18:26:25.394,0.159757,0.305033,0.072984,-2.338617,1.415808,2.227153,1.400171,-0.002244,-0.001139,0.000055,-0.000904,0.000201,-0.001304,-0.002327
2025-12-16 18:26:25.395,0.159754,0.305030,0.072981,-2.338613,1.415810,2.227154,1.400174,-0.002611,-0.000399,-0.001595,0.000604,0.000812,-0.000695,-0.000466
2025-12-16 18:26:25.396,0.159750,0.305028,0.072982,-2.338613,1.415809,2.227157,1.400181,-0.002948,0.000236,-0.000965,0.000402,0.000203,0.000498,0.005794
2025-12-16 18:26:25.397,0.159750,0.305026,0.072978,-2.338617,1.415807,2.227156,1.400184,-0.001967,0.001161,-0.001126,-0.000938,0.000474,-0.000100,0.004625
2025-12-16 18:26:25.398,0.159749,0.305023,0.072976,-2.338613,1.415810,2.227152,1.400179,-0.001869,0.001897,-0.001252,0.000581,0.000621,-0.000509,0.002664
2025-12-16 18:26:25.400,0.159742,0.305010,0.072970,-2.338613,1.415809,2.227150,1.400178,-0.001852,-0.001664,-0.001487,0.000073,0.000728,-0.000300,0.001257
2025-12-16 18:26:25.401,0.159737,0.305006,0.072967,-2.338612,1.415806,2.227146,1.400180,-0.002998,-0.000201,-0.001525,0.000605,-0.000193,-0.000603,0.001301
2025-12-16 18:26:25.402,0.159740,0.304999,0.072969,-2.338617,1.415805,2.227144,1.400185,-0.000793,0.000199,-0.000442,-0.001360,-0.000434,-0.000763,0.002791
2025-12-16 18:26:25.403,0.159740,0.304992,0.072963,-2.338615,1.415805,2.227142,1.400180,-0.000529,-0.003201,-0.001395,-0.000257,0.000694,-0.000898,0.000099
2025-12-16 18:26:25.405,0.159735,0.304987,0.072962,-2.338615,1.415803,2.227144,1.400176,-0.002116,-0.001967,-0.000920,-0.000171,0.000124,0.000101,-0.001306
2025-12-16 18:26:25.406,0.159737,0.304984,0.072960,-2.338622,1.415803,2.227143,1.400180,-0.000854,-0.000397,-0.003762,-0.002527,0.000083,0.000804,-0.000493
2025-12-16 18:26:25.407,0.159733,0.304976,0.072959,-2.338615,1.415800,2.227141,1.400184,-0.001126,-0.004151,-0.002765,0.000079,0.000394,0.000156,0.000786
2025-12-16 18:26:25.408,0.159732,0.304971,0.072955,-2.338621,1.415803,2.227139,1.400187,-0.000751,-0.005798,-0.002686,-0.002268,0.000602,0.000472,0.001292
2025-12-16 18:26:25.409,0.159731,0.304960,0.072956,-2.338621,1.415800,2.227134,1.400180,0.000056,-0.009376,-0.000729,-0.000955,0.000062,-0.000774,-0.001292
2025-12-16 18:26:25.410,0.159729,0.304961,0.072952,-2.338618,1.415799,2.227131,1.400179,-0.000519,-0.005187,-0.000595,0.000013,0.000041,-0.000519,-0.001222
2025-12-16 18:26:25.411,0.159730,0.304956,0.072950,-2.338623,1.415800,2.227129,1.400187,0.000860,-0.004540,-0.001035,-0.001198,-0.004328,-0.000348,0.000653
2025-12-16 18:26:25.413,0.159725,0.304941,0.072946,-2.338624,1.415796,2.227125,1.400189,0.000135,-0.006109,-0.000175,-0.000532,-0.002060,0.000091,0.000164
2025-12-16 18:26:25.414,0.159725,0.304927,0.072945,-2.338623,1.415794,2.227118,1.400189,0.001266,-0.005442,0.000987,-0.000793,-0.000662,0.000017,0.002300
2025-12-16 18:26:25.415,0.159724,0.304919,0.072941,-2.338622,1.415793,2.227114,1.400196,-0.001722,-0.008765,-0.000475,-0.000529,-0.005266,0.000384,0.003652
2025-12-16 18:26:25.416,0.159720,0.304919,0.072941,-2.338621,1.415794,2.227109,1.400201,-0.002522,-0.005167,-0.000331,0.000761,-0.003656,0.000255,0.002990
2025-12-16 18:26:25.417,0.159718,0.304910,0.072943,-2.338627,1.415789,2.227101,1.400199,-0.002526,-0.004887,0.000325,-0.001256,-0.003479,-0.000915,0.001070
2025-12-16 18:26:25.418,0.159719,0.304904,0.072943,-2.338622,1.415786,2.227101,1.400191,-0.001181,-0.002947,0.000209,0.000369,-0.007942,0.000848,-0.001674
2025-12-16 18:26:25.419,0.159717,0.304893,0.072940,-2.338621,1.415786,2.227095,1.400202,-0.001546,-0.003356,-0.000981,0.000246,-0.004569,-0.003414,0.001484
2025-12-16 18:26:25.420,0.159715,0.304895,0.072941,-2.338619,1.415781,2.227090,1.400204,-0.001113,-0.001991,-0.000102,0.000721,-0.003833,-0.002294,0.001431
2025-12-16 18:26:25.422,0.159714,0.304871,0.072938,-2.338621,1.415779,2.227073,1.400201,-0.000582,-0.004476,-0.001256,-0.000236,-0.001195,-0.009630,-0.000874
2025-12-16 18:26:25.423,0.159718,0.304859,0.072938,-2.338617,1.415777,2.227068,1.400205,0.000227,-0.007755,-0.000840,0.001049,-0.001291,-0.010473,-0.000181
2025-12-16 18:26:25.425,0.159714,0.304846,0.072936,-2.338617,1.415764,2.227048,1.400214,-0.001112,-0.008497,-0.000932,0.000466,-0.004510,-0.014171,0.000809
2025-12-16 18:26:25.426,0.159714,0.304838,0.072932,-2.338617,1.415762,2.227038,1.400212,-0.000756,-0.009037,-0.001829,0.000311,-0.002397,-0.011076,-0.000533
2025-12-16 18:26:25.427,0.159710,0.304827,0.072934,-2.338614,1.415755,2.227029,1.400216,-0.001721,-0.007979,-0.000570,0.001321,-0.002556,-0.007953,-0.000007
2025-12-16 18:26:25.429,0.159714,0.304809,0.072931,-2.338616,1.415743,2.227011,1.400221,0.000028,-0.010562,-0.001244,0.000958,-0.001207,-0.004072,-0.000220
2025-12-16 18:26:25.430,0.159708,0.304800,0.072932,-2.338614,1.415741,2.227001,1.400227,-0.001193,-0.011029,-0.000273,0.000639,0.000061,-0.007043,0.000570
2025-12-16 18:26:25.431,0.159710,0.304795,0.072930,-2.338614,1.415734,2.226994,1.400224,-0.000799,-0.010121,-0.006432,0.000426,-0.004186,-0.005010,-0.002127
2025-12-16 18:26:25.432,0.159706,0.304783,0.072923,-2.338615,1.415726,2.226984,1.400232,-0.001092,-0.011337,-0.007129,-0.000273,-0.003937,-0.004229,-0.000364
2025-12-16 18:26:25.433,0.159710,0.304774,0.072921,-2.338614,1.415717,2.226976,1.400239,0.000477,-0.009153,-0.005700,0.000375,-0.007983,-0.003952,0.000505
2025-12-16 18:26:25.434,0.159707,0.304766,0.072924,-2.338614,1.415708,2.226971,1.400250,-0.000333,-0.007367,-0.002330,0.000250,-0.010628,-0.002925,0.006059
2025-12-16 18:26:25.435,0.159707,0.304753,0.072923,-2.338612,1.415699,2.226966,1.400250,0.000426,-0.009792,-0.001216,0.000816,-0.007659,-0.002167,0.006212
2025-12-16 18:26:25.437,0.159708,0.304737,0.072922,-2.338608,1.415686,2.226962,1.400273,0.000745,-0.011152,-0.002345,0.001693,-0.008360,-0.000449,0.008440
2025-12-16 18:26:25.438,0.159704,0.304728,0.072918,-2.338608,1.415681,2.226958,1.400292,-0.000061,-0.011491,-0.001918,0.001129,-0.005997,-0.000391,0.012744
2025-12-16 18:26:25.439,0.159704,0.304717,0.072913,-2.338612,1.415675,2.226956,1.400307,0.001073,-0.012316,-0.004658,-0.000361,-0.009566,-0.000702,0.014450
2025-12-16 18:26:25.441,0.159705,0.304706,0.072912,-2.338612,1.415667,2.226953,1.400316,0.001921,-0.013520,-0.001801,-0.000241,-0.007194,-0.001232,0.012555
2025-12-16 18:26:25.442,0.159703,0.304690,0.072904,-2.338614,1.415652,2.226952,1.400355,0.000038,-0.009549,-0.004488,-0.001128,-0.007697,-0.000851,0.017122
2025-12-16 18:26:25.443,0.159703,0.304681,0.072899,-2.338610,1.415646,2.226951,1.400377,-0.001599,-0.009563,-0.005590,0.000455,-0.005769,-0.000962,0.018428
2025-12-16 18:26:25.444,0.159704,0.304669,0.072893,-2.338608,1.415640,2.226950,1.400386,0.000240,-0.011532,-0.006485,0.000860,-0.004664,-0.000997,0.016371
2025-12-16 18:26:25.446,0.159699,0.304652,0.072886,-2.338612,1.415629,2.226944,1.400416,-0.004066,-0.009761,-0.003233,-0.000608,-0.001564,-0.001206,0.012882
2025-12-16 18:26:25.447,0.159697,0.304644,0.072884,-2.338611,1.415620,2.226941,1.400436,-0.002801,-0.007754,-0.005400,-0.000405,-0.001244,-0.001523,0.011488
2025-12-16 18:26:25.449,0.159686,0.304626,0.072876,-2.338611,1.415603,2.226933,1.400456,-0.001561,-0.009496,-0.003221,0.000470,-0.005165,-0.005031,0.014013
2025-12-16 18:26:25.450,0.159683,0.304619,0.072874,-2.338612,1.415596,2.226929,1.400461,-0.001870,-0.007080,-0.002572,-0.000337,-0.003920,-0.003649,0.009068
2025-12-16 18:26:25.453,0.159677,0.304585,0.072869,-2.338609,1.415577,2.226913,1.400496,-0.002255,-0.009762,-0.004283,0.000271,-0.005244,-0.005904,0.005291
2025-12-16 18:26:25.454,0.159676,0.304573,0.072873,-2.338609,1.415574,2.226908,1.400497,-0.002146,-0.012050,-0.002990,0.000181,-0.003260,-0.008959,0.001009
2025-12-16 18:26:25.455,0.159670,0.304570,0.072870,-2.338609,1.415564,2.226901,1.400508,-0.004372,-0.010157,-0.004414,0.000121,-0.002844,-0.006367,0.001319
2025-12-16 18:26:25.456,0.159672,0.304560,0.072870,-2.338609,1.415560,2.226897,1.400526,-0.002407,-0.010204,-0.004225,0.000080,-0.006630,-0.004108,0.007578
2025-12-16 18:26:25.457,0.159664,0.304546,0.072868,-2.338611,1.415555,2.226891,1.400537,-0.005167,-0.012061,-0.004636,0.000054,-0.004669,-0.007079,0.010481
2025-12-16 18:26:25.458,0.159670,0.304538,0.072869,-2.338609,1.415548,2.226886,1.400547,-0.001709,-0.008965,-0.000380,0.000036,-0.004233,-0.005092,0.007803
2025-12-16 18:26:25.461,0.159658,0.304512,0.072867,-2.338606,1.415534,2.226867,1.400572,-0.002476,-0.009530,-0.002663,0.001124,-0.001414,-0.005724,0.009531
2025-12-16 18:26:25.462,0.159653,0.304500,0.072868,-2.338606,1.415528,2.226863,1.400586,-0.003979,-0.010898,-0.002322,0.001399,-0.005420,-0.003959,0.013231
2025-12-16 18:26:25.463,0.159652,0.304487,0.072871,-2.338606,1.415522,2.226856,1.400593,-0.003216,-0.012535,-0.001471,0.000933,-0.008936,-0.007341,0.013387
2025-12-16 18:26:25.465,0.159655,0.304480,0.072866,-2.338610,1.415520,2.226851,1.400597,0.000962,-0.011275,-0.003799,-0.000585,-0.006730,-0.006321,0.012922
2025-12-16 18:26:25.466,0.159649,0.304462,0.072868,-2.338607,1.415513,2.226842,1.400621,-0.000757,-0.010378,-0.002370,-0.000074,-0.003394,-0.003408,0.017440
2025-12-16 18:26:25.467,0.159649,0.304450,0.072869,-2.338607,1.415511,2.226840,1.400633,-0.001011,-0.011649,-0.002205,0.000507,-0.002589,-0.006540,0.018372
2025-12-16 18:26:25.468,0.159648,0.304444,0.072866,-2.338608,1.415510,2.226841,1.400636,-0.001123,-0.010733,-0.002565,0.000338,-0.006977,-0.004221,0.016218
2025-12-16 18:26:25.469,0.159647,0.304436,0.072867,-2.338606,1.415510,2.226839,1.400643,-0.001225,-0.007070,-0.002346,0.000875,-0.005226,-0.002896,0.020573
2025-12-16 18:26:25.471,0.159649,0.304413,0.072865,-2.338606,1.415504,2.226838,1.400674,0.001715,-0.009132,-0.002358,0.000203,-0.003386,-0.002516,0.021960
2025-12-16 18:26:25.472,0.159650,0.304405,0.072866,-2.338605,1.415502,2.226838,1.400681,0.001374,-0.005576,-0.001010,0.000692,-0.002839,-0.002242,0.020348
2025-12-16 18:26:25.473,0.159651,0.304396,0.072872,-2.338603,1.415503,2.226839,1.400693,0.002203,-0.006238,0.001095,0.000462,-0.001736,-0.001266,0.020541
2025-12-16 18:26:25.474,0.159649,0.304389,0.072871,-2.338598,1.415503,2.226841,1.400700,0.000485,-0.006740,0.001290,0.001514,-0.001294,-0.000579,0.018817
2025-12-16 18:26:25.475,0.159648,0.304376,0.072865,-2.338609,1.415504,2.226841,1.400712,0.000421,-0.009612,-0.000901,-0.001960,-0.000626,-0.000467,0.015246
2025-12-16 18:26:25.478,0.159652,0.304352,0.072869,-2.338606,1.415505,2.226835,1.400736,0.002060,-0.010342,-0.002707,-0.000478,0.000113,-0.001492,0.012620
2025-12-16 18:26:25.480,0.159655,0.304342,0.072871,-2.338606,1.415504,2.226833,1.400750,0.002610,-0.010878,-0.000349,-0.000318,-0.000296,-0.001732,0.014653
2025-12-16 18:26:25.481,0.159655,0.304320,0.072875,-2.338607,1.415503,2.226835,1.400777,0.002307,-0.013796,0.000110,-0.000513,-0.004327,-0.001294,0.014356
2025-12-16 18:26:25.482,0.159656,0.304313,0.072872,-2.338603,1.415500,2.226838,1.400780,0.002107,-0.013334,-0.000252,0.000865,-0.003943,-0.000128,0.013135
2025-12-16 18:26:25.483,0.159661,0.304307,0.072877,-2.338611,1.415500,2.226839,1.400787,0.003178,-0.013011,0.002465,-0.001187,-0.002600,-0.000093,0.014008
2025-12-16 18:26:25.484,0.159661,0.304298,0.072874,-2.338606,1.415499,2.226837,1.400806,0.002126,-0.012862,0.001460,0.000322,-0.002305,-0.000814,0.013526
2025-12-16 18:26:25.485,0.159665,0.304291,0.072871,-2.338607,1.415500,2.226836,1.400814,-0.000495,-0.012176,0.000836,-0.000342,-0.001372,-0.000920,0.014315
2025-12-16 18:26:25.486,0.159663,0.304280,0.072873,-2.338607,1.415499,2.226836,1.400823,-0.000586,-0.012787,0.002218,-0.000228,-0.001385,-0.000617,0.015118
2025-12-16 18:26:25.488,0.159669,0.304272,0.072874,-2.338603,1.415492,2.226835,1.400825,0.001737,-0.012693,0.001958,0.001054,-0.002344,0.000332,0.013428
2025-12-16 18:26:25.491,0.159678,0.304238,0.072877,-2.338603,1.415492,2.226830,1.400866,0.001561,-0.010933,0.001951,0.000569,0.000213,-0.000234,0.005624
2025-12-16 18:26:25.492,0.159677,0.304231,0.072878,-2.338600,1.415490,2.226830,1.400878,0.000995,-0.011506,0.000632,0.001493,-0.000220,-0.000156,0.009058
2025-12-16 18:26:25.493,0.159682,0.304222,0.072875,-2.338603,1.415489,2.226833,1.400884,0.001835,-0.011860,-0.000706,-0.000118,0.000819,-0.000105,0.006499
2025-12-16 18:26:25.495,0.159685,0.304201,0.072877,-2.338609,1.415485,2.226833,1.400908,0.000996,-0.007651,0.000445,-0.001259,-0.004144,-0.000296,0.004972
2025-12-16 18:26:25.496,0.159687,0.304190,0.072879,-2.338606,1.415482,2.226829,1.400911,0.001206,-0.009449,0.000291,0.000367,-0.003501,-0.000570,0.001496
2025-12-16 18:26:25.499,0.159688,0.304178,0.072885,-2.338605,1.415478,2.226832,1.400938,-0.000222,-0.006292,0.005424,0.000349,-0.001879,0.000956,0.003695
2025-12-16 18:26:25.500,0.159694,0.304159,0.072885,-2.338601,1.415470,2.226837,1.400950,0.004526,-0.004366,0.001477,0.001361,-0.006664,0.001171,-0.000318
2025-12-16 18:26:25.501,0.159690,0.304150,0.072889,-2.338603,1.415467,2.226833,1.400964,0.001511,-0.007037,0.004377,0.000258,-0.004600,0.000034,0.004765
2025-12-16 18:26:25.503,0.159691,0.304141,0.072894,-2.338605,1.415462,2.226838,1.400975,0.000643,-0.008341,0.007073,-0.000385,-0.003778,0.000769,0.003616
2025-12-16 18:26:25.504,0.159692,0.304128,0.072895,-2.338603,1.415458,2.226839,1.400992,-0.000067,-0.003814,0.002604,-0.000016,-0.001736,0.000568,0.005275
2025-12-16 18:26:25.505,0.159691,0.304120,0.072897,-2.338601,1.415452,2.226840,1.401004,-0.000613,-0.006039,0.001518,0.000639,-0.006362,0.000378,0.008682
2025-12-16 18:26:25.507,0.159695,0.304104,0.072899,-2.338598,1.415447,2.226839,1.401027,-0.000558,-0.008035,0.000478,0.001212,-0.003211,-0.000171,0.009803
2025-12-16 18:26:25.508,0.159692,0.304094,0.072900,-2.338601,1.415449,2.226839,1.401033,-0.001451,-0.009290,0.000461,-0.000306,-0.001783,-0.000114,0.007250
2025-12-16 18:26:25.510,0.159691,0.304085,0.072898,-2.338600,1.415444,2.226839,1.401043,-0.001591,-0.010134,-0.000142,0.000353,-0.001709,-0.000076,0.010264
2025-12-16 18:26:25.511,0.159694,0.304066,0.072894,-2.338601,1.415441,2.226840,1.401059,0.000310,-0.009452,-0.000785,0.000714,-0.000570,0.000068,0.013568
2025-12-16 18:26:25.513,0.159698,0.304048,0.072899,-2.338606,1.415437,2.226838,1.401082,0.001731,-0.011306,0.001912,-0.000858,-0.000812,-0.000682,0.016426
2025-12-16 18:26:25.514,0.159695,0.304038,0.072898,-2.338606,1.415437,2.226838,1.401085,0.000510,-0.008977,0.001857,-0.000572,-0.005260,-0.000455,0.010088
2025-12-16 18:26:25.515,0.159689,0.304033,0.072899,-2.338605,1.415433,2.226838,1.401092,-0.000769,-0.009681,0.002463,0.000268,-0.004273,-0.000303,0.012713
2025-12-16 18:26:25.516,0.159692,0.304029,0.072899,-2.338605,1.415435,2.226838,1.401106,0.000604,-0.006647,0.002770,0.000179,-0.002186,-0.000202,0.011394
2025-12-16 18:26:25.517,0.159693,0.304015,0.072896,-2.338601,1.415428,2.226838,1.401115,0.001612,-0.006757,0.001857,0.001233,-0.007499,-0.000135,0.009522
2025-12-16 18:26:25.518,0.159694,0.304006,0.072897,-2.338606,1.415428,2.226843,1.401117,0.001633,-0.009303,-0.000744,-0.003500,-0.005242,0.000622,0.009440
2025-12-16 18:26:25.520,0.159694,0.303994,0.072895,-2.338608,1.415428,2.226838,1.401118,0.001090,-0.009102,-0.000756,-0.003104,-0.008258,-0.000670,0.005355
2025-12-16 18:26:25.521,0.159696,0.303993,0.072893,-2.338606,1.415426,2.226835,1.401132,0.000728,-0.008433,-0.001256,-0.001023,-0.005916,-0.001159,0.010714
2025-12-16 18:26:25.523,0.159692,0.303971,0.072891,-2.338609,1.415422,2.226837,1.401150,0.000155,-0.006563,-0.000882,-0.001422,-0.002411,0.000056,0.007131
2025-12-16 18:26:25.524,0.159694,0.303969,0.072891,-2.338607,1.415418,2.226835,1.401156,0.000661,-0.004119,-0.000649,0.000208,-0.002818,-0.000675,0.009349
2025-12-16 18:26:25.525,0.159693,0.303959,0.072893,-2.338607,1.415416,2.226839,1.401164,0.000441,-0.007407,0.000170,0.000101,-0.001709,0.001008,0.012414
2025-12-16 18:26:25.527,0.159690,0.303949,0.072888,-2.338611,1.415416,2.226838,1.401184,-0.000546,-0.006536,-0.001335,-0.000986,-0.000398,0.000448,0.013220
2025-12-16 18:26:25.528,0.159694,0.303942,0.072890,-2.338609,1.415412,2.226839,1.401186,0.000193,-0.007979,-0.000909,-0.000116,-0.000676,0.000672,0.012322
2025-12-16 18:26:25.529,0.159691,0.303930,0.072892,-2.338609,1.415411,2.226840,1.401191,-0.001078,-0.007090,-0.000064,-0.000089,-0.000504,0.000787,0.008973
2025-12-16 18:26:25.530,0.159690,0.303924,0.072889,-2.338607,1.415409,2.226838,1.401203,-0.001275,-0.007269,-0.001260,0.000581,-0.000682,-0.000187,0.007916
2025-12-16 18:26:25.531,0.159692,0.303920,0.072891,-2.338606,1.415408,2.226838,1.401214,-0.000850,-0.006884,-0.000848,0.000937,0.000160,-0.000125,0.012206
2025-12-16 18:26:25.533,0.159692,0.303904,0.072887,-2.338608,1.415402,2.226838,1.401218,-0.001306,-0.006826,-0.002335,0.000595,-0.000187,-0.000056,0.008416
2025-12-16 18:26:25.534,0.159687,0.303896,0.072887,-2.338609,1.415403,2.226839,1.401221,-0.002077,-0.008292,-0.002674,0.000394,0.000541,0.000336,0.006015
2025-12-16 18:26:25.535,0.159688,0.303892,0.072890,-2.338611,1.415402,2.226839,1.401231,-0.001385,-0.005041,-0.001785,-0.000296,0.000012,0.000224,0.006390
2025-12-16 18:26:25.536,0.159689,0.303887,0.072889,-2.338608,1.415401,2.226840,1.401237,-0.000923,-0.005956,-0.001842,-0.000199,-0.000338,0.000488,0.009867
2025-12-16 18:26:25.537,0.159685,0.303883,0.072888,-2.338607,1.415397,2.226841,1.401245,-0.001822,-0.006029,0.001343,0.000980,-0.000231,0.000699,0.007305
2025-12-16 18:26:25.538,0.159684,0.303872,0.072892,-2.338610,1.415396,2.226842,1.401244,-0.001771,-0.008473,0.001712,-0.001111,-0.000158,0.000839,0.002873
2025-12-16 18:26:25.539,0.159684,0.303868,0.072889,-2.338610,1.415394,2.226842,1.401251,-0.001181,-0.008377,0.000779,-0.000741,-0.000753,0.000559,0.003070
2025-12-16 18:26:25.541,0.159687,0.303861,0.072885,-2.338607,1.415391,2.226842,1.401259,0.000419,-0.009025,-0.000541,0.000155,-0.000504,0.000373,0.003439
2025-12-16 18:26:25.543,0.159685,0.303846,0.072883,-2.338610,1.415389,2.226842,1.401271,-0.000041,-0.007498,-0.001284,-0.000914,-0.004090,-0.000161,0.002965
2025-12-16 18:26:25.544,0.159684,0.303838,0.072888,-2.338606,1.415386,2.226844,1.401285,-0.000584,-0.007006,-0.005349,0.000597,-0.003764,0.000605,0.004912
2025-12-16 18:26:25.545,0.159682,0.303832,0.072884,-2.338609,1.415386,2.226842,1.401291,-0.000389,-0.005829,-0.004613,-0.000808,-0.002499,-0.000309,0.003908
2025-12-16 18:26:25.547,0.159679,0.303819,0.072884,-2.338607,1.415385,2.226843,1.401294,-0.000359,-0.005147,-0.004041,-0.000174,-0.000644,0.000089,0.007863
2025-12-16 18:26:25.549,0.159682,0.303820,0.072881,-2.338608,1.415385,2.226842,1.401302,0.001524,-0.003685,-0.003100,-0.000673,-0.000214,-0.000280,0.006031
2025-12-16 18:26:25.550,0.159680,0.303810,0.072879,-2.338610,1.415382,2.226840,1.401319,0.001451,-0.003918,-0.003219,-0.000670,-0.000679,-0.000961,0.009057
2025-12-16 18:26:25.551,0.159679,0.303805,0.072876,-2.338605,1.415382,2.226839,1.401321,0.001524,-0.004482,-0.002025,0.001316,-0.000505,-0.000641,0.005959
2025-12-16 18:26:25.552,0.159682,0.303805,0.072869,-2.338610,1.415377,2.226840,1.401321,0.002222,-0.003068,-0.002234,-0.000886,-0.001021,-0.000088,0.007393
2025-12-16 18:26:25.553,0.159678,0.303800,0.072872,-2.338608,1.415376,2.226841,1.401327,0.000925,-0.003776,0.000586,-0.000034,-0.000710,0.000314,0.010627
2025-12-16 18:26:25.554,0.159677,0.303800,0.072873,-2.338603,1.415374,2.226843,1.401336,0.000617,-0.002563,-0.002330,0.001741,0.000149,-0.000163,0.014001
2025-12-16 18:26:25.557,0.159685,0.303787,0.072870,-2.338607,1.415369,2.226842,1.401347,0.001544,-0.006364,-0.000040,0.000810,0.000057,-0.000448,0.007560
2025-12-16 18:26:25.558,0.159680,0.303790,0.072866,-2.338606,1.415371,2.226840,1.401352,-0.000641,-0.003312,-0.001311,0.001235,0.000709,-0.001045,0.005720
2025-12-16 18:26:25.559,0.159680,0.303786,0.072864,-2.338601,1.415367,2.226838,1.401363,-0.000428,-0.002972,-0.001651,0.002133,0.000128,-0.000323,0.006459
2025-12-16 18:26:25.560,0.159676,0.303787,0.072864,-2.338600,1.415366,2.226838,1.401367,-0.001491,-0.001023,-0.001196,0.002057,0.000082,0.000157,0.009120
2025-12-16 18:26:25.561,0.159680,0.303782,0.072862,-2.338597,1.415362,2.226838,1.401371,0.000212,-0.001355,-0.001426,0.002079,0.000051,0.000105,0.006391
2025-12-16 18:26:25.562,0.159676,0.303775,0.072861,-2.338598,1.415360,2.226837,1.401373,-0.001065,-0.002197,-0.002211,0.000780,-0.000307,-0.000303,0.008658
2025-12-16 18:26:25.567,0.159676,0.303765,0.072859,-2.338597,1.415347,2.226840,1.401390,-0.001708,-0.002091,-0.003034,0.001134,0.000213,0.000829,0.006932
2025-12-16 18:26:25.568,0.159683,0.303765,0.072861,-2.338599,1.415344,2.226840,1.401400,0.000068,-0.000433,-0.003238,0.000207,0.000481,0.000552,0.007487
2025-12-16 18:26:25.569,0.159677,0.303764,0.072864,-2.338596,1.415340,2.226838,1.401403,-0.002275,-0.003082,-0.001609,0.001257,-0.000697,-0.000344,0.011003
2025-12-16 18:26:25.570,0.159674,0.303761,0.072860,-2.338596,1.415340,2.226840,1.401400,-0.002723,-0.003013,-0.003398,0.000843,-0.000126,0.000483,0.004903
2025-12-16 18:26:25.571,0.159679,0.303761,0.072862,-2.338598,1.415338,2.226839,1.401404,-0.000609,-0.002310,-0.002826,0.000008,0.000255,-0.000017,0.004200
2025-12-16 18:26:25.573,0.159678,0.303758,0.072866,-2.338598,1.415338,2.226841,1.401415,-0.001056,-0.001766,-0.000774,0.000008,0.000509,0.000701,0.005787
2025-12-16 18:26:25.574,0.159677,0.303756,0.072865,-2.338599,1.415337,2.226841,1.401412,-0.001260,-0.001904,-0.001075,-0.000550,-0.004656,0.000467,0.002733
2025-12-16 18:26:25.575,0.159675,0.303760,0.072865,-2.338599,1.415334,2.226841,1.401416,-0.001117,-0.000841,-0.000295,-0.000428,-0.002732,0.000332,0.000144
2025-12-16 18:26:25.577,0.159676,0.303764,0.072862,-2.338600,1.415331,2.226841,1.401430,-0.001270,0.000144,-0.000318,0.000368,-0.001298,0.000023,0.003032
2025-12-16 18:26:25.578,0.159677,0.303764,0.072865,-2.338598,1.415329,2.226841,1.401431,-0.000290,0.000055,0.000994,0.000246,-0.001666,0.000015,0.002101
2025-12-16 18:26:25.579,0.159677,0.303764,0.072867,-2.338596,1.415329,2.226842,1.401436,-0.000193,0.000007,0.000662,0.000721,-0.001203,0.000383,0.006479
2025-12-16 18:26:25.580,0.159680,0.303764,0.072866,-2.338599,1.415329,2.226841,1.401430,0.001078,-0.000018,-0.000208,-0.000633,-0.000871,-0.000117,0.002618
2025-12-16 18:26:25.582,0.159680,0.303766,0.072864,-2.338599,1.415330,2.226840,1.401435,0.000718,0.000528,-0.000139,0.000135,-0.000293,-0.000451,0.007144
2025-12-16 18:26:25.583,0.159678,0.303760,0.072866,-2.338599,1.415328,2.226840,1.401440,0.000536,0.004967,0.001299,-0.000311,-0.000830,-0.000201,0.004679
2025-12-16 18:26:25.584,0.159677,0.303768,0.072865,-2.338601,1.415333,2.226838,1.401439,0.000357,0.005595,0.001516,-0.000207,0.000069,-0.000846,0.003140
2025-12-16 18:26:25.585,0.159679,0.303767,0.072869,-2.338602,1.415331,2.226840,1.401440,0.001352,0.003563,0.003330,-0.000788,0.000030,0.000148,0.002702
2025-12-16 18:26:25.586,0.159678,0.303770,0.072868,-2.338603,1.415329,2.226839,1.401441,0.000901,0.004431,0.002220,-0.001082,-0.000332,-0.000240,0.001291
2025-12-16 18:26:25.588,0.159679,0.303767,0.072866,-2.338608,1.415328,2.226839,1.401448,0.001158,0.001411,0.001480,-0.002484,-0.000535,-0.000160,0.002810
2025-12-16 18:26:25.589,0.159677,0.303768,0.072866,-2.338606,1.415328,2.226839,1.401447,-0.000444,0.001417,0.001400,-0.000950,-0.000576,0.000302,0.001636
2025-12-16 18:26:25.590,0.159683,0.303770,0.072867,-2.338605,1.415329,2.226838,1.401439,0.001467,0.001594,0.000933,0.000573,-0.000082,-0.000172,-0.001355
2025-12-16 18:26:25.591,0.159682,0.303771,0.072868,-2.338609,1.415330,2.226837,1.401446,0.001535,0.001132,0.000622,-0.000824,0.000281,-0.000488,0.001315
2025-12-16 18:26:25.592,0.159684,0.303771,0.072868,-2.338611,1.415330,2.226837,1.401447,0.001023,0.000807,0.000415,-0.001106,0.000185,-0.000325,0.001252
2025-12-16 18:26:25.594,0.159688,0.303771,0.072866,-2.338615,1.415329,2.226837,1.401448,0.001889,0.000577,-0.000280,-0.001944,-0.000217,-0.000217,0.001234
2025-12-16 18:26:25.595,0.159684,0.303773,0.072870,-2.338613,1.415329,2.226836,1.401437,0.000053,0.001064,0.001020,-0.000646,-0.000146,-0.000517,-0.002751
2025-12-16 18:26:25.596,0.159686,0.303778,0.072866,-2.338618,1.415331,2.226836,1.401450,0.000456,0.002267,-0.000537,-0.001834,-0.000597,-0.000354,0.001319
2025-12-16 18:26:25.597,0.159688,0.303778,0.072866,-2.338613,1.415333,2.226837,1.401442,0.000861,0.001524,0.005937,0.000541,-0.000094,0.000137,-0.000909
2025-12-16 18:26:25.598,0.159690,0.303778,0.072870,-2.338615,1.415330,2.226836,1.401448,0.000574,0.001025,0.005039,-0.000289,-0.000063,-0.000282,0.000825
2025-12-16 18:26:25.599,0.159689,0.303778,0.072867,-2.338615,1.415330,2.226836,1.401442,-0.000174,0.000690,0.002639,-0.000193,0.000297,-0.000188,-0.001955
2025-12-16 18:26:25.600,0.159689,0.303781,0.072870,-2.338611,1.415329,2.226836,1.401449,0.003004,0.001579,0.002055,0.001078,-0.000141,-0.000125,0.001210
2025-12-16 18:26:25.602,0.159688,0.303778,0.072873,-2.338615,1.415329,2.226837,1.401450,0.001056,-0.000057,0.004716,-0.000488,-0.000094,0.000289,0.000809
2025-12-16 18:26:25.603,0.159694,0.303781,0.072872,-2.338616,1.415332,2.226835,1.401453,0.005813,0.001079,0.002364,-0.000882,-0.000063,-0.000519,0.001627
2025-12-16 18:26:25.609,0.159694,0.303786,0.072888,-2.338617,1.415329,2.226839,1.401449,0.000269,0.000072,0.000654,-0.000068,-0.000932,0.000876,-0.001751
2025-12-16 18:26:25.610,0.159699,0.303786,0.072887,-2.338616,1.415332,2.226839,1.401455,0.000431,-0.000546,-0.000870,0.000403,-0.000064,0.000276,0.001516
2025-12-16 18:26:25.611,0.159699,0.303785,0.072889,-2.338616,1.415329,2.226839,1.401459,-0.000702,-0.000434,-0.000500,0.000268,-0.000043,0.000184,0.002096
2025-12-16 18:26:25.613,0.159701,0.303782,0.072888,-2.338616,1.415327,2.226840,1.401451,-0.000932,-0.001456,-0.000831,0.000179,-0.000368,0.000462,-0.001146
2025-12-16 18:26:25.614,0.159707,0.303785,0.072887,-2.338618,1.415329,2.226840,1.401451,0.000562,0.000104,-0.001066,-0.000530,-0.000584,0.000308,-0.000764
2025-12-16 18:26:25.615,0.159709,0.303789,0.072890,-2.338618,1.415327,2.226839,1.401459,0.000138,0.000840,0.000688,-0.000452,-0.000147,-0.000089,0.001356
2025-12-16 18:26:25.616,0.159709,0.303788,0.072891,-2.338620,1.415327,2.226839,1.401460,0.000121,-0.000106,0.001684,-0.000858,-0.000098,-0.000059,0.000904
2025-12-16 18:26:25.617,0.159710,0.303786,0.072891,-2.338618,1.415331,2.226847,1.401459,0.000660,-0.000640,0.001693,-0.000015,0.000274,0.001385,0.000230
2025-12-16 18:26:25.620,0.159713,0.303788,0.072893,-2.338618,1.415330,2.226843,1.401461,0.002025,0.000229,0.000412,-0.001335,-0.000070,-0.000709,0.003892
2025-12-16 18:26:25.622,0.159714,0.303788,0.072894,-2.338620,1.415329,2.226844,1.401466,-0.000639,0.000149,0.001776,-0.001539,0.000293,-0.000100,0.003177
2025-12-16 18:26:25.623,0.159716,0.303785,0.072892,-2.338615,1.415328,2.226842,1.401460,0.000903,-0.001052,-0.000871,0.000491,-0.000096,-0.000666,-0.000275
2025-12-16 18:26:25.624,0.159721,0.303783,0.072886,-2.338615,1.415330,2.226841,1.401464,0.001666,-0.001352,-0.004668,0.000328,-0.000064,-0.000817,0.001329
2025-12-16 18:26:25.625,0.159723,0.303780,0.072888,-2.338616,1.415328,2.226842,1.401456,0.002117,-0.002016,-0.002448,-0.000338,-0.000043,-0.000172,-0.001557
2025-12-16 18:26:25.626,0.159724,0.303785,0.072887,-2.338616,1.415328,2.226838,1.401472,0.001981,0.000418,-0.001482,-0.000226,0.000311,-0.001199,0.002979
2025-12-16 18:26:25.627,0.159722,0.303780,0.072889,-2.338618,1.415328,2.226841,1.401464,0.000611,-0.001485,-0.000180,-0.000707,0.000207,-0.000088,-0.000859
2025-12-16 18:26:25.629,0.159725,0.303781,0.072888,-2.338613,1.415332,2.226843,1.401464,0.001568,-0.000104,-0.000219,0.001449,0.000510,0.000583,-0.000579
2025-12-16 18:26:25.630,0.159727,0.303780,0.072887,-2.338616,1.415329,2.226843,1.401470,0.001020,-0.000626,-0.000831,-0.000240,0.000035,0.000388,0.001427
2025-12-16 18:26:25.631,0.159725,0.303782,0.072889,-2.338617,1.415327,2.226838,1.401470,0.000661,-0.000418,-0.000094,0.000396,-0.000316,-0.001199,0.000963
2025-12-16 18:26:25.633,0.159723,0.303779,0.072889,-2.338617,1.415327,2.226840,1.401461,-0.000130,-0.000836,-0.000135,-0.000292,-0.000211,-0.000426,-0.002231
2025-12-16 18:26:25.634,0.159725,0.303780,0.072885,-2.338617,1.415327,2.226841,1.401473,-0.000661,-0.000000,-0.001065,0.000272,-0.000308,-0.000088,0.001290
2025-12-16 18:26:25.635,0.159729,0.303780,0.072887,-2.338613,1.415328,2.226842,1.401476,0.000667,-0.000000,-0.000741,0.001388,0.000134,0.000314,0.001575
2025-12-16 18:26:25.636,0.159728,0.303781,0.072889,-2.338615,1.415327,2.226841,1.401473,-0.000673,0.000557,-0.001073,0.000925,-0.000250,-0.000163,0.003957
2025-12-16 18:26:25.638,0.159725,0.303781,0.072887,-2.338613,1.415328,2.226841,1.401474,-0.001511,0.000619,0.000918,0.001525,0.000115,-0.000197,0.001853
2025-12-16 18:26:25.639,0.159724,0.303778,0.072888,-2.338613,1.415326,2.226840,1.401479,-0.002123,-0.000701,0.000867,0.001017,-0.000602,-0.000470,0.003254
2025-12-16 18:26:25.640,0.159721,0.303776,0.072885,-2.338608,1.415327,2.226841,1.401477,-0.002623,-0.001117,-0.001643,0.001327,-0.000062,0.000026,0.001624
2025-12-16 18:26:25.642,0.159725,0.303774,0.072892,-2.338611,1.415329,2.226840,1.401480,-0.001193,-0.001302,0.000255,-0.000322,0.000603,-0.000322,0.001919
2025-12-16 18:26:25.643,0.159725,0.303778,0.072891,-2.338616,1.415328,2.226843,1.401479,0.002420,-0.004704,-0.001312,-0.000112,-0.000037,0.000580,0.004887
2025-12-16 18:26:25.644,0.159722,0.303772,0.072892,-2.338611,1.415328,2.226843,1.401485,0.000111,-0.006534,-0.001371,0.001689,-0.000025,0.000387,0.004681
2025-12-16 18:26:25.645,0.159722,0.303773,0.072895,-2.338610,1.415328,2.226843,1.401486,0.000270,-0.003634,-0.000868,0.000476,-0.000017,0.000258,0.003374
2025-12-16 18:26:25.646,0.159721,0.303773,0.072889,-2.338612,1.415329,2.226844,1.401481,-0.000230,-0.002716,-0.003514,0.000317,0.000294,0.000545,0.000643
2025-12-16 18:26:25.647,0.159720,0.303769,0.072892,-2.338610,1.415327,2.226844,1.401477,-0.001250,-0.003144,-0.001668,0.000861,-0.000448,0.000363,-0.000887
2025-12-16 18:26:25.649,0.159721,0.303771,0.072893,-2.338613,1.415328,2.226845,1.401484,-0.001307,-0.001704,-0.001742,-0.000075,0.000040,0.000581,0.002059
2025-12-16 18:26:25.650,0.159720,0.303767,0.072894,-2.338613,1.415329,2.226843,1.401482,-0.001366,-0.002467,-0.001704,-0.000050,0.000332,-0.000325,0.000741
2025-12-16 18:26:25.651,0.159723,0.303766,0.072894,-2.338611,1.415328,2.226845,1.401481,-0.000139,-0.001785,-0.000897,-0.000208,-0.000271,0.000443,-0.001394
2025-12-16 18:26:25.652,0.159720,0.303767,0.072897,-2.338611,1.415329,2.226845,1.401484,-0.001273,-0.000685,0.000522,-0.000139,0.000125,0.000296,-0.000183
2025-12-16 18:26:25.653,0.159722,0.303771,0.072894,-2.338609,1.415328,2.226842,1.401486,-0.000180,0.000711,-0.000761,0.000464,-0.000222,-0.000888,0.000276
2025-12-16 18:26:25.654,0.159718,0.303767,0.072895,-2.338615,1.415328,2.226844,1.401490,-0.001311,-0.000762,0.000610,-0.001454,-0.000148,0.000154,0.001627
2025-12-16 18:26:25.656,0.159723,0.303769,0.072894,-2.338611,1.415329,2.226844,1.401488,0.001457,0.000119,0.001059,0.000237,0.000207,0.000103,0.000387
2025-12-16 18:26:25.657,0.159719,0.303766,0.072893,-2.338615,1.415330,2.226845,1.401484,-0.000134,-0.001143,-0.001887,-0.001048,0.000477,0.000408,-0.002240
2025-12-16 18:26:25.658,0.159717,0.303767,0.072893,-2.338613,1.415328,2.226846,1.401486,-0.000083,-0.000218,-0.000962,-0.000049,-0.000326,0.000645,-0.001147
2025-12-16 18:26:25.659,0.159717,0.303766,0.072886,-2.338615,1.415328,2.226842,1.401493,-0.000247,-0.000296,-0.001076,-0.000455,-0.000473,-0.000934,0.000821
2025-12-16 18:26:25.660,0.159716,0.303767,0.072887,-2.338613,1.415331,2.226842,1.401488,-0.000719,0.000355,-0.000271,0.000346,0.000668,-0.000623,-0.000873
2025-12-16 18:26:25.661,0.159719,0.303767,0.072891,-2.338613,1.415328,2.226842,1.401487,0.000636,0.000232,0.000386,0.000231,-0.000538,-0.000415,-0.000953
2025-12-16 18:26:25.662,0.159717,0.303767,0.072893,-2.338613,1.415327,2.226843,1.401491,-0.000131,0.000152,0.001309,-0.000496,0.000625,0.000096,0.000452
2025-12-16 18:26:25.663,0.159719,0.303767,0.072887,-2.338614,1.415328,2.226843,1.401500,0.000471,0.000099,-0.000287,-0.000330,0.000077,0.000064,0.002473
2025-12-16 18:26:25.664,0.159723,0.303769,0.072889,-2.338614,1.415329,2.226841,1.401495,0.001521,0.000714,0.000887,-0.000220,0.000052,-0.000703,-0.000520
2025-12-16 18:26:25.665,0.159717,0.303767,0.072887,-2.338616,1.415328,2.226843,1.401492,-0.000192,-0.000175,0.000009,-0.001260,-0.000305,0.000277,-0.001431
2025-12-16 18:26:25.667,0.159718,0.303767,0.072887,-2.338614,1.415330,2.226841,1.401492,0.000429,-0.000117,-0.000014,-0.000284,0.000136,-0.000561,-0.000954
2025-12-16 18:26:25.668,0.159719,0.303769,0.072885,-2.338612,1.415328,2.226841,1.401499,0.000936,0.000571,-0.000581,0.000368,-0.000554,-0.000374,0.001535
2025-12-16 18:26:25.669,0.159717,0.303769,0.072889,-2.338612,1.415329,2.226843,1.401500,-0.000025,0.000380,0.000715,0.000245,-0.000064,0.000497,0.000312
2025-12-16 18:26:25.670,0.159720,0.303773,0.072890,-2.338612,1.415324,2.226842,1.401498,-0.000011,0.001096,-0.000251,0.000480,-0.000141,-0.000152,-0.000698
2025-12-16 18:26:25.671,0.159719,0.303771,0.072886,-2.338617,1.415328,2.226843,1.401507,-0.000564,0.000174,-0.001378,-0.001443,0.000245,0.000271,0.001332
2025-12-16 18:26:25.672,0.159723,0.303769,0.072887,-2.338612,1.415329,2.226841,1.401511,0.000181,-0.000441,-0.001479,0.000801,0.000163,-0.000565,0.001973
2025-12-16 18:26:25.673,0.159722,0.303769,0.072888,-2.338614,1.415326,2.226841,1.401508,-0.000436,-0.000294,-0.000989,0.000534,0.000109,-0.000377,0.000231
2025-12-16 18:26:25.674,0.159724,0.303778,0.072889,-2.338612,1.415325,2.226841,1.401502,0.000266,0.002681,-0.001867,0.000356,0.000073,-0.000251,0.002720
2025-12-16 18:26:25.675,0.159724,0.303771,0.072888,-2.338608,1.415324,2.226841,1.401507,-0.000379,-0.000533,-0.001803,0.001444,-0.000291,-0.000167,0.002920
2025-12-16 18:26:25.676,0.159723,0.303775,0.072895,-2.338613,1.415325,2.226840,1.401514,-0.000810,0.000851,0.003172,-0.000801,0.000145,0.000634,0.004040
2025-12-16 18:26:25.678,0.159724,0.303774,0.072896,-2.338613,1.415325,2.226838,1.401514,-0.000540,0.001124,0.001728,-0.000534,0.000097,0.000423,0.002915
2025-12-16 18:26:25.679,0.159726,0.303774,0.072898,-2.338612,1.415327,2.226844,1.401509,-0.000054,0.001613,0.000862,-0.000083,-0.000601,0.000663,-0.001339
2025-12-16 18:26:25.680,0.159727,0.303774,0.072899,-2.338612,1.415329,2.226844,1.401516,-0.000593,0.001075,0.003347,-0.000055,0.000243,0.000103,0.001371
2025-12-16 18:26:25.681,0.159726,0.303773,0.072900,-2.338613,1.415328,2.226845,1.401519,-0.001045,0.000717,0.002583,-0.000594,-0.000482,0.000408,0.000984
2025-12-16 18:26:25.682,0.159726,0.303775,0.072903,-2.338615,1.415328,2.226844,1.401522,-0.000697,0.001128,0.003099,-0.000396,-0.000321,-0.000067,0.001421
2025-12-16 18:26:25.683,0.159727,0.303772,0.072900,-2.338612,1.415324,2.226846,1.401517,-0.001021,-0.000455,0.000500,0.000943,-0.000214,0.000667,0.002546
2025-12-16 18:26:25.684,0.159731,0.303773,0.072905,-2.338615,1.415323,2.226845,1.401524,0.003661,0.000254,0.001131,-0.000021,-0.000143,0.000072,0.003894
2025-12-16 18:26:25.685,0.159734,0.303777,0.072903,-2.338613,1.415325,2.226844,1.401530,0.002702,0.001376,-0.000341,-0.000014,0.000549,-0.000291,0.003981
2025-12-16 18:26:25.686,0.159734,0.303769,0.072905,-2.338615,1.415324,2.226844,1.401535,0.001997,-0.000846,0.000413,-0.001123,0.000027,-0.000194,0.003964
2025-12-16 18:26:25.688,0.159736,0.303774,0.072906,-2.338615,1.415327,2.226846,1.401532,0.002426,0.000428,0.001076,-0.000499,0.000012,0.000626,0.000791
2025-12-16 18:26:25.689,0.159735,0.303773,0.072907,-2.338613,1.415328,2.226844,1.401532,0.001700,0.000285,-0.004413,0.000224,0.000008,-0.000295,0.000249
2025-12-16 18:26:25.691,0.159738,0.303772,0.072908,-2.338617,1.415324,2.226843,1.401538,0.002204,-0.000059,-0.000727,-0.001107,-0.000302,-0.000617,0.000223
2025-12-16 18:26:25.692,0.159737,0.303772,0.072908,-2.338621,1.415327,2.226842,1.401537,0.001505,-0.000039,0.000345,-0.001295,-0.000201,-0.000784,-0.001269
2025-12-16 18:26:25.693,0.159739,0.303772,0.072907,-2.338614,1.415326,2.226842,1.401538,0.001586,-0.000026,0.000667,0.001457,0.000510,-0.000523,-0.000816
2025-12-16 18:26:25.694,0.159740,0.303774,0.072909,-2.338618,1.415323,2.226843,1.401548,0.002283,0.000539,0.002048,-0.000792,-0.000304,0.000024,0.001648
2025-12-16 18:26:25.695,0.159736,0.303772,0.072907,-2.338619,1.415328,2.226843,1.401549,0.000331,-0.000847,-0.001355,-0.001085,0.000442,0.000016,0.000777
2025-12-16 18:26:25.697,0.159739,0.303772,0.072904,-2.338613,1.415324,2.226843,1.401553,0.001338,0.000273,-0.000081,0.001281,0.000072,0.000256,-0.000112
2025-12-16 18:26:25.698,0.159745,0.303774,0.072902,-2.338619,1.415324,2.226842,1.401559,0.000099,0.000739,0.000861,-0.000352,0.000048,-0.000202,0.000272
2025-12-16 18:26:25.699,0.159745,0.303774,0.072902,-2.338616,1.415323,2.226841,1.401564,-0.000189,-0.000064,0.000982,0.000972,-0.000273,-0.000508,0.001272
2025-12-16 18:26:25.703,0.159743,0.303768,0.072901,-2.338614,1.415320,2.226841,1.401577,-0.000159,-0.001257,0.001922,0.001202,0.000104,-0.000066,0.001410
2025-12-16 18:26:25.705,0.159744,0.303766,0.072900,-2.338616,1.415320,2.226838,1.401587,0.000586,-0.000930,0.000990,0.000349,0.000385,-0.000504,0.000877
2025-12-16 18:26:25.706,0.159742,0.303765,0.072895,-2.338612,1.415319,2.226838,1.401581,-0.000200,-0.000620,-0.001123,0.001439,0.000935,-0.000336,-0.001958
2025-12-16 18:26:25.707,0.159742,0.303767,0.072894,-2.338615,1.415317,2.226840,1.401590,-0.000716,0.000144,-0.001877,0.000310,0.000284,0.000149,0.000526
2025-12-16 18:26:25.709,0.159746,0.303767,0.072894,-2.338613,1.415317,2.226841,1.401603,-0.000345,0.000064,0.002876,0.001530,0.000352,0.000405,0.001286
2025-12-16 18:26:25.710,0.159741,0.303763,0.072899,-2.338615,1.415316,2.226840,1.401601,-0.002004,-0.001164,0.002322,-0.000187,-0.000104,-0.000069,-0.001279
2025-12-16 18:26:25.713,0.159741,0.303767,0.072891,-2.338615,1.415313,2.226842,1.401616,-0.001111,-0.002415,-0.001773,0.000048,-0.002788,0.000454,0.000684
2025-12-16 18:26:25.715,0.159740,0.303763,0.072893,-2.338608,1.415310,2.226841,1.401618,-0.001301,-0.002428,0.002743,0.001795,-0.001740,-0.000070,0.005649
2025-12-16 18:26:25.716,0.159738,0.303763,0.072893,-2.338616,1.415308,2.226840,1.401624,-0.002531,-0.000243,0.003826,-0.000563,-0.001120,0.000466,0.003091
2025-12-16 18:26:25.717,0.159738,0.303759,0.072900,-2.338618,1.415308,2.226838,1.401629,-0.001689,-0.000829,0.004137,-0.001025,-0.000840,0.000311,0.007312
2025-12-16 18:26:25.719,0.159738,0.303756,0.072894,-2.338610,1.415303,2.226838,1.401634,-0.002330,-0.003066,-0.000412,0.000503,-0.000585,0.000014,0.003704
2025-12-16 18:26:25.720,0.159736,0.303754,0.072894,-2.338611,1.415304,2.226838,1.401629,-0.002667,-0.004836,-0.000632,-0.000221,-0.000090,0.000009,0.000953
2025-12-16 18:26:25.721,0.159737,0.303751,0.072896,-2.338612,1.415304,2.226837,1.401634,-0.002335,-0.003714,-0.000829,0.000409,-0.000090,-0.000367,0.001245
2025-12-16 18:26:25.722,0.159738,0.303757,0.072893,-2.338614,1.415304,2.226838,1.401642,-0.001557,0.000033,0.001484,-0.000284,-0.000082,0.000128,0.003177
2025-12-16 18:26:25.724,0.159734,0.303751,0.072895,-2.338614,1.415304,2.226839,1.401647,-0.002245,-0.003403,0.001335,-0.000746,-0.000071,0.000459,0.002590
2025-12-16 18:26:25.725,0.159736,0.303744,0.072895,-2.338615,1.415305,2.226840,1.401644,-0.000843,-0.004529,0.000589,-0.000981,0.000369,0.000430,0.004172
2025-12-16 18:26:25.726,0.159736,0.303748,0.072896,-2.338615,1.415303,2.226840,1.401648,-0.000562,-0.004197,0.001652,-0.000654,-0.000405,0.000287,0.004321
2025-12-16 18:26:25.727,0.159736,0.303739,0.072896,-2.338615,1.415302,2.226842,1.401652,0.000275,-0.007770,0.001210,-0.000436,-0.000614,-0.000148,0.004307
2025-12-16 18:26:25.728,0.159735,0.303739,0.072897,-2.338616,1.415303,2.226840,1.401653,0.000183,-0.007770,0.002095,-0.000848,-0.000074,-0.001218,0.002416
2025-12-16 18:26:25.729,0.159733,0.303735,0.072897,-2.338616,1.415304,2.226839,1.401653,-0.000528,-0.009139,0.002665,-0.000565,0.000286,-0.000066,0.001429
2025-12-16 18:26:25.731,0.159733,0.303728,0.072900,-2.338618,1.415300,2.226839,1.401658,-0.000451,-0.006486,0.001992,-0.000406,0.000328,0.000592,0.001698
2025-12-16 18:26:25.732,0.159738,0.303727,0.072898,-2.338616,1.415300,2.226836,1.401662,0.001462,-0.004808,0.000797,0.000286,0.000217,-0.000724,0.002264
2025-12-16 18:26:25.733,0.159736,0.303727,0.072897,-2.338618,1.415301,2.226836,1.401662,0.000418,-0.003568,0.001108,-0.000366,0.000483,-0.000483,0.001231
2025-12-16 18:26:25.734,0.159738,0.303725,0.072900,-2.338614,1.415299,2.226836,1.401657,0.000836,-0.003208,0.001959,0.000313,-0.000323,-0.000322,-0.001677
2025-12-16 18:26:25.735,0.159736,0.303721,0.072898,-2.338614,1.415299,2.226838,1.401667,0.000000,-0.003549,0.000111,0.000209,-0.000216,0.000531,0.000747
2025-12-16 18:26:25.737,0.159739,0.303723,0.072896,-2.338619,1.415297,2.226837,1.401676,0.001763,-0.000990,-0.000341,-0.000897,0.000107,0.000225,0.001182
2025-12-16 18:26:25.738,0.159739,0.303717,0.072900,-2.338622,1.415296,2.226836,1.401674,0.001176,-0.002509,0.000984,-0.001805,0.000071,-0.000223,-0.001334
2025-12-16 18:26:25.739,0.159737,0.303720,0.072894,-2.338615,1.415295,2.226838,1.401675,0.000134,-0.003691,-0.000547,0.000560,0.000047,0.000597,0.003654
2025-12-16 18:26:25.740,0.159742,0.303716,0.072895,-2.338614,1.415292,2.226837,1.401683,0.001296,-0.003322,0.000287,0.000373,-0.004793,0.000025,0.008938
2025-12-16 18:26:25.741,0.159741,0.303708,0.072897,-2.338616,1.415289,2.226838,1.401688,0.000307,-0.004206,0.000194,0.000249,-0.004241,0.000390,0.007012
2025-12-16 18:26:25.743,0.159742,0.303703,0.072900,-2.338618,1.415287,2.226838,1.401694,0.000136,-0.003468,0.000645,-0.000446,-0.001781,0.000173,0.006196
2025-12-16 18:26:25.744,0.159743,0.303702,0.072900,-2.338620,1.415285,2.226837,1.401706,0.000648,-0.003943,0.000431,-0.000854,-0.001662,-0.000257,0.006966
2025-12-16 18:26:25.745,0.159742,0.303700,0.072898,-2.338616,1.415285,2.226837,1.401712,-0.000125,-0.001994,-0.000269,-0.000013,-0.000252,-0.000172,0.005516
2025-12-16 18:26:25.747,0.159748,0.303686,0.072903,-2.338615,1.415278,2.226837,1.401718,0.000687,-0.006222,0.000098,0.001201,-0.000598,-0.000325,0.000811
2025-12-16 18:26:25.748,0.159746,0.303683,0.072900,-2.338618,1.415279,2.226838,1.401727,0.000458,-0.006186,-0.000584,-0.000963,0.000226,0.000156,0.001836
2025-12-16 18:26:25.749,0.159748,0.303677,0.072902,-2.338617,1.415276,2.226837,1.401735,0.000305,-0.006867,-0.000389,-0.000642,-0.000568,-0.000269,0.005818
2025-12-16 18:26:25.750,0.159750,0.303672,0.072904,-2.338615,1.415272,2.226838,1.401744,0.000853,-0.006778,0.000390,0.000129,-0.000714,0.000194,0.005483
2025-12-16 18:26:25.751,0.159750,0.303664,0.072908,-2.338615,1.415272,2.226839,1.401749,0.000569,-0.004843,0.001374,0.000086,-0.000193,0.000502,0.002959
2025-12-16 18:26:25.752,0.159752,0.303657,0.072908,-2.338619,1.415266,2.226839,1.401757,0.000936,-0.007058,0.000916,-0.000500,-0.000790,0.000335,0.001926
2025-12-16 18:26:25.754,0.159753,0.303646,0.072904,-2.338619,1.415263,2.226836,1.401776,0.000230,-0.009880,-0.000335,0.000149,-0.003451,-0.000846,0.007253
2025-12-16 18:26:25.755,0.159752,0.303641,0.072906,-2.338617,1.415260,2.226839,1.401786,0.000154,-0.010581,0.000890,0.000656,-0.002262,0.000555,0.005693
2025-12-16 18:26:25.756,0.159752,0.303634,0.072903,-2.338619,1.415256,2.226838,1.401788,0.000102,-0.009184,0.000037,-0.000119,-0.006047,-0.000003,0.002015
2025-12-16 18:26:25.757,0.159754,0.303631,0.072905,-2.338617,1.415250,2.226836,1.401797,0.000625,-0.006816,0.000581,0.000477,-0.005266,-0.000748,0.002381
2025-12-16 18:26:25.760,0.159751,0.303614,0.072903,-2.338617,1.415244,2.226837,1.401821,-0.003159,-0.005257,-0.001681,-0.000003,-0.005493,0.000068,0.008475
2025-12-16 18:26:25.761,0.159752,0.303607,0.072904,-2.338617,1.415239,2.226837,1.401828,-0.004254,-0.006044,-0.000273,-0.000002,-0.004471,0.000046,0.006052
2025-12-16 18:26:25.763,0.159755,0.303607,0.072902,-2.338619,1.415237,2.226837,1.401838,-0.002755,-0.004194,0.000269,-0.000558,-0.002655,0.000030,0.009242
2025-12-16 18:26:25.764,0.159755,0.303596,0.072907,-2.338615,1.415230,2.226838,1.401849,-0.001636,-0.006446,-0.001351,0.000834,-0.002713,0.000393,0.008780
2025-12-16 18:26:25.765,0.159754,0.303583,0.072902,-2.338616,1.415226,2.226835,1.401861,-0.002816,-0.006522,-0.002568,0.000742,-0.001261,-0.000786,0.007666
2025-12-16 18:26:25.766,0.159751,0.303581,0.072900,-2.338614,1.415222,2.226835,1.401860,-0.002874,-0.004957,-0.001563,0.000495,-0.000952,-0.000524,0.003578
2025-12-16 18:26:25.767,0.159753,0.303577,0.072900,-2.338614,1.415218,2.226835,1.401877,-0.000970,-0.007144,-0.000141,0.000887,-0.000379,-0.000349,0.010372
2025-12-16 18:26:25.768,0.159753,0.303573,0.072897,-2.338614,1.415213,2.226831,1.401882,-0.000285,-0.006168,-0.000323,0.000591,-0.000316,-0.000233,0.007319
2025-12-16 18:26:25.770,0.159755,0.303561,0.072892,-2.338613,1.415204,2.226831,1.401886,-0.002442,-0.005062,0.000170,0.000912,-0.000422,0.000021,0.006591
2025-12-16 18:26:25.773,0.159747,0.303544,0.072885,-2.338609,1.415186,2.226825,1.401913,-0.005059,-0.004994,-0.002766,0.001260,-0.008507,-0.001166,0.008972
2025-12-16 18:26:25.774,0.159748,0.303542,0.072887,-2.338611,1.415182,2.226824,1.401912,-0.002509,-0.002322,-0.001041,0.000283,-0.005724,-0.001150,0.004493
2025-12-16 18:26:25.775,0.159747,0.303538,0.072879,-2.338609,1.415176,2.226827,1.401921,-0.001374,-0.004275,-0.002040,0.000746,-0.009460,-0.000021,0.003879
2025-12-16 18:26:25.776,0.159746,0.303533,0.072881,-2.338611,1.415168,2.226826,1.401930,-0.001109,-0.002666,-0.003584,-0.000060,-0.011808,0.000698,0.009801
2025-12-16 18:26:25.777,0.159744,0.303521,0.072878,-2.338611,1.415163,2.226824,1.401932,-0.001441,-0.006313,-0.002784,-0.000040,-0.013246,0.000466,0.006500
2025-12-16 18:26:25.779,0.159748,0.303511,0.072873,-2.338604,1.415147,2.226824,1.401934,0.000505,-0.005286,-0.002213,0.001900,-0.011818,0.000083,0.001677
2025-12-16 18:26:25.782,0.159740,0.303497,0.072867,-2.338606,1.415124,2.226816,1.401947,-0.001118,-0.001174,-0.002546,0.000439,-0.012729,-0.000616,0.001509
2025-12-16 18:26:25.784,0.159737,0.303483,0.072865,-2.338607,1.415105,2.226818,1.401952,-0.001090,-0.005107,-0.001602,-0.000176,-0.015318,0.001286,0.001791
2025-12-16 18:26:25.785,0.159735,0.303478,0.072861,-2.338607,1.415096,2.226816,1.401953,-0.001298,-0.005973,-0.001757,-0.000767,-0.015877,0.001603,0.001262
2025-12-16 18:26:25.786,0.159732,0.303468,0.072862,-2.338605,1.415085,2.226812,1.401956,-0.001433,-0.008450,-0.000552,0.000138,-0.017118,0.000323,0.000892
2025-12-16 18:26:25.787,0.159731,0.303465,0.072860,-2.338607,1.415074,2.226812,1.401951,-0.000964,-0.005343,-0.001040,-0.000557,-0.018190,0.001334,-0.001537
2025-12-16 18:26:25.789,0.159729,0.303458,0.072857,-2.338603,1.415067,2.226806,1.401957,-0.004426,-0.003623,-0.001823,0.000835,-0.013895,0.000144,0.004856
2025-12-16 18:26:25.791,0.159723,0.303446,0.072850,-2.338610,1.415041,2.226798,1.401956,-0.001928,-0.002324,-0.000930,-0.000784,-0.008566,-0.004097,0.000517
2025-12-16 18:26:25.792,0.159721,0.303439,0.072851,-2.338612,1.415037,2.226793,1.401959,-0.001954,-0.004383,-0.003210,-0.001172,-0.010711,-0.007060,0.001234
2025-12-16 18:26:25.795,0.159712,0.303425,0.072840,-2.338612,1.415020,2.226778,1.401963,-0.004059,-0.002799,-0.001382,-0.001090,-0.014053,-0.005531,0.004380
2025-12-16 18:26:25.796,0.159711,0.303416,0.072835,-2.338610,1.415008,2.226769,1.401966,-0.002449,-0.005554,-0.001683,-0.000170,-0.011644,-0.004562,0.003018
2025-12-16 18:26:25.798,0.159712,0.303398,0.072832,-2.338614,1.414990,2.226758,1.401976,-0.002483,-0.009727,-0.001694,-0.000694,-0.011029,-0.002561,0.006723
2025-12-16 18:26:25.799,0.159709,0.303394,0.072826,-2.338612,1.414982,2.226745,1.401978,-0.002046,-0.006681,-0.001374,0.000187,-0.007884,-0.006967,0.004246
2025-12-16 18:26:25.800,0.159707,0.303391,0.072822,-2.338617,1.414976,2.226739,1.401978,-0.000451,-0.007661,-0.000543,0.001058,-0.009673,-0.004820,0.001729
2025-12-16 18:26:25.805,0.159684,0.303354,0.072800,-2.338619,1.414925,2.226694,1.402002,-0.003806,-0.004057,-0.008715,-0.000978,-0.013704,-0.009235,0.001667
2025-12-16 18:26:25.806,0.159683,0.303346,0.072794,-2.338618,1.414917,2.226690,1.402010,-0.004959,-0.007156,-0.010447,0.000515,-0.014606,-0.010772,0.002426
2025-12-16 18:26:25.807,0.159674,0.303339,0.072790,-2.338620,1.414907,2.226679,1.402021,-0.005151,-0.009488,-0.007368,-0.000174,-0.010956,-0.008771,0.002874
2025-12-16 18:26:25.808,0.159677,0.303340,0.072788,-2.338622,1.414896,2.226669,1.402023,-0.001593,-0.005669,-0.004426,-0.000643,-0.007540,-0.005793,0.000960
2025-12-16 18:26:25.809,0.159670,0.303329,0.072780,-2.338620,1.414886,2.226657,1.402030,-0.001978,-0.009094,-0.004697,-0.000406,-0.010418,-0.009376,0.004720
2025-12-16 18:26:25.810,0.159664,0.303323,0.072780,-2.338616,1.414876,2.226650,1.402036,-0.005309,-0.006634,-0.005461,0.000860,-0.012507,-0.007384,0.003610
2025-12-16 18:26:25.812,0.159660,0.303315,0.072773,-2.338618,1.414867,2.226640,1.402049,-0.004005,-0.006057,-0.007941,0.000029,-0.009100,-0.009374,0.009277
2025-12-16 18:26:25.814,0.159651,0.303298,0.072760,-2.338616,1.414832,2.226612,1.402067,-0.006747,-0.006478,-0.003390,0.001167,-0.007704,-0.007728,0.011929
2025-12-16 18:26:25.815,0.159641,0.303286,0.072752,-2.338617,1.414819,2.226605,1.402083,-0.006864,-0.006671,-0.006885,0.000782,-0.010418,-0.005447,0.011633
2025-12-16 18:26:25.816,0.159634,0.303279,0.072751,-2.338615,1.414808,2.226597,1.402093,-0.006142,-0.007487,-0.004511,0.001081,-0.007806,-0.003734,0.009007
2025-12-16 18:26:25.818,0.159634,0.303276,0.072746,-2.338617,1.414799,2.226586,1.402102,-0.003320,-0.004379,-0.003923,-0.000483,-0.010211,-0.003219,0.011052
2025-12-16 18:26:25.819,0.159624,0.303261,0.072741,-2.338616,1.414786,2.226577,1.402101,-0.007936,-0.005129,-0.003441,-0.000320,-0.012352,-0.007053,0.006089
2025-12-16 18:26:25.820,0.159621,0.303258,0.072736,-2.338616,1.414774,2.226567,1.402116,-0.005744,-0.005642,-0.002496,-0.000212,-0.009620,-0.009966,0.005813
2025-12-16 18:26:25.821,0.159616,0.303251,0.072732,-2.338612,1.414765,2.226560,1.402131,-0.004169,-0.007438,-0.004949,0.001066,-0.006859,-0.011400,0.005834
2025-12-16 18:26:25.822,0.159612,0.303245,0.072729,-2.338609,1.414753,2.226552,1.402139,-0.003034,-0.008772,-0.005636,0.001918,-0.009547,-0.008985,0.004605
2025-12-16 18:26:25.823,0.159606,0.303236,0.072716,-2.338612,1.414743,2.226541,1.402140,-0.005366,-0.010411,-0.009824,0.000073,-0.011898,-0.011056,0.005527
2025-12-16 18:26:25.824,0.159602,0.303227,0.072717,-2.338607,1.414732,2.226530,1.402148,-0.006599,-0.008879,-0.008031,0.001812,-0.008269,-0.013374,0.008678
2025-12-16 18:26:25.825,0.159594,0.303222,0.072707,-2.338603,1.414720,2.226523,1.402159,-0.008663,-0.006538,-0.007231,0.002415,-0.011318,-0.010025,0.007007
2025-12-16 18:26:25.826,0.159585,0.303217,0.072702,-2.338609,1.414707,2.226513,1.402172,-0.006464,-0.004823,-0.007405,-0.000153,-0.008509,-0.008227,0.011453
2025-12-16 18:26:25.827,0.159582,0.303213,0.072695,-2.338603,1.414693,2.226499,1.402183,-0.006762,-0.003563,-0.005627,0.001012,-0.011219,-0.012247,0.008842
2025-12-16 18:26:25.828,0.159573,0.303213,0.072686,-2.338600,1.414680,2.226492,1.402183,-0.005807,-0.004661,-0.007490,0.001324,-0.013761,-0.008310,0.004376
2025-12-16 18:26:25.829,0.159565,0.303202,0.072682,-2.338600,1.414668,2.226484,1.402191,-0.007513,-0.005235,-0.007048,0.000883,-0.009629,-0.005437,0.003405
2025-12-16 18:26:25.831,0.159551,0.303189,0.072668,-2.338594,1.414642,2.226461,1.402212,-0.008175,-0.006909,-0.006910,0.001723,-0.009430,-0.006543,0.006934
2025-12-16 18:26:25.832,0.159539,0.303179,0.072650,-2.338589,1.414616,2.226438,1.402229,-0.006508,-0.006668,-0.006972,0.000766,-0.013272,-0.012742,0.008487
2025-12-16 18:26:25.833,0.159528,0.303177,0.072642,-2.338589,1.414606,2.226428,1.402236,-0.008675,-0.006926,-0.007809,0.002103,-0.009621,-0.009490,0.010310
2025-12-16 18:26:25.834,0.159518,0.303169,0.072635,-2.338585,1.414593,2.226420,1.402246,-0.006576,-0.009061,-0.009216,0.005736,-0.007248,-0.006700,0.013589
2025-12-16 18:26:25.835,0.159511,0.303159,0.072623,-2.338585,1.414580,2.226407,1.402253,-0.008095,-0.011069,-0.008060,0.003129,-0.005119,-0.005026,0.014456
2025-12-16 18:26:25.837,0.159494,0.303148,0.072611,-2.338585,1.414556,2.226387,1.402268,-0.007149,-0.008054,-0.007412,-0.000299,-0.005986,-0.006201,0.011236
2025-12-16 18:26:25.838,0.159491,0.303140,0.072602,-2.338576,1.414544,2.226374,1.402283,-0.006832,-0.009720,-0.005544,0.001741,-0.008582,-0.009580,0.015185
2025-12-16 18:26:25.839,0.159478,0.303131,0.072595,-2.338577,1.414528,2.226362,1.402293,-0.009512,-0.007886,-0.007316,0.000643,-0.011866,-0.007565,0.016265
2025-12-16 18:26:25.840,0.159471,0.303127,0.072585,-2.338576,1.414516,2.226349,1.402300,-0.010298,-0.007761,-0.006037,-0.000029,-0.014066,-0.010330,0.012125
2025-12-16 18:26:25.841,0.159464,0.303125,0.072581,-2.338573,1.414500,2.226336,1.402301,-0.007723,-0.007237,-0.006501,0.000055,-0.014969,-0.013106,0.011297
2025-12-16 18:26:25.843,0.159444,0.303108,0.072563,-2.338573,1.414471,2.226313,1.402323,-0.010408,-0.004936,-0.009056,0.000289,-0.013039,-0.011816,0.008390
2025-12-16 18:26:25.850,0.159382,0.303068,0.072499,-2.338570,1.414357,2.226221,1.402373,-0.008130,-0.009376,-0.012791,0.000443,-0.017018,-0.015108,0.002172
2025-12-16 18:26:25.851,0.159374,0.303062,0.072493,-2.338567,1.414339,2.226209,1.402385,-0.008599,-0.007576,-0.011465,0.000424,-0.017569,-0.010549,0.003121
2025-12-16 18:26:25.852,0.159367,0.303060,0.072483,-2.338561,1.414321,2.226197,1.402396,-0.009625,-0.007674,-0.011977,0.001493,-0.022371,-0.008323,0.002979
2025-12-16 18:26:25.854,0.159360,0.303055,0.072474,-2.338561,1.414300,2.226178,1.402401,-0.009807,-0.006368,-0.009588,-0.000046,-0.022158,-0.006948,0.005455
2025-12-16 18:26:25.855,0.159341,0.303043,0.072458,-2.338557,1.414264,2.226154,1.402418,-0.008513,-0.009015,-0.008122,-0.000191,-0.020160,-0.003593,0.007805
2025-12-16 18:26:25.856,0.159329,0.303033,0.072451,-2.338544,1.414242,2.226139,1.402427,-0.010619,-0.008521,-0.006054,0.002316,-0.020841,-0.001940,0.010136
2025-12-16 18:26:25.857,0.159324,0.303031,0.072444,-2.338550,1.414225,2.226123,1.402437,-0.007301,-0.005034,-0.003959,-0.000846,-0.019624,-0.006176,0.012610
2025-12-16 18:26:25.858,0.159313,0.303025,0.072433,-2.338549,1.414207,2.226113,1.402438,-0.006008,-0.006361,-0.006775,-0.001104,-0.019094,-0.009011,0.007615
2025-12-16 18:26:25.860,0.159305,0.303018,0.072426,-2.338550,1.414184,2.226097,1.402449,-0.007200,-0.004818,-0.008196,-0.000040,-0.023674,-0.007523,0.011295
2025-12-16 18:26:25.861,0.159286,0.303003,0.072408,-2.338543,1.414144,2.226068,1.402468,-0.009355,-0.001950,-0.010260,0.000103,-0.025201,-0.012682,0.007468
2025-12-16 18:26:25.862,0.159281,0.303001,0.072397,-2.338539,1.414121,2.226055,1.402470,-0.006477,-0.002869,-0.012060,0.000864,-0.028288,-0.013761,0.007915
2025-12-16 18:26:25.864,0.159268,0.302992,0.072390,-2.338536,1.414101,2.226042,1.402481,-0.006030,-0.002352,-0.011559,0.003265,-0.025926,-0.014294,0.006809
2025-12-16 18:26:25.865,0.159257,0.302990,0.072383,-2.338536,1.414079,2.226028,1.402491,-0.008196,-0.003294,-0.008638,0.002474,-0.023771,-0.015422,0.005468
2025-12-16 18:26:25.866,0.159238,0.302976,0.072364,-2.338531,1.414034,2.226006,1.402506,-0.006840,-0.006784,-0.006821,0.001787,-0.022166,-0.011384,0.002571
2025-12-16 18:26:25.867,0.159233,0.302968,0.072355,-2.338529,1.414011,2.225991,1.402512,-0.007581,-0.005270,-0.008861,0.002523,-0.021087,-0.013653,0.000878
2025-12-16 18:26:25.868,0.159224,0.302960,0.072347,-2.338535,1.413990,2.225975,1.402521,-0.008843,-0.004631,-0.009824,0.000013,-0.020829,-0.015939,0.005005
2025-12-16 18:26:25.869,0.159212,0.302951,0.072336,-2.338530,1.413968,2.225963,1.402535,-0.010452,-0.003508,-0.011035,0.001842,-0.024655,-0.015830,0.006367
2025-12-16 18:26:25.870,0.159203,0.302946,0.072326,-2.338528,1.413944,2.225952,1.402544,-0.010931,-0.002097,-0.008773,0.001838,-0.024171,-0.015498,0.005008
2025-12-16 18:26:25.871,0.159197,0.302941,0.072316,-2.338526,1.413921,2.225936,1.402545,-0.010636,-0.003543,-0.007142,0.001822,-0.026577,-0.016786,0.000750
2025-12-16 18:26:25.873,0.159173,0.302923,0.072295,-2.338521,1.413875,2.225912,1.402570,-0.012524,-0.005811,-0.010227,0.002058,-0.023817,-0.017440,0.006304
2025-12-16 18:26:25.874,0.159165,0.302916,0.072286,-2.338522,1.413851,2.225900,1.402577,-0.008769,-0.004375,-0.010721,0.000832,-0.022530,-0.012747,0.004617
2025-12-16 18:26:25.875,0.159157,0.302909,0.072276,-2.338523,1.413826,2.225888,1.402583,-0.009735,-0.005865,-0.011112,-0.000082,-0.021903,-0.014668,0.007226
2025-12-16 18:26:25.876,0.159147,0.302900,0.072263,-2.338523,1.413805,2.225876,1.402588,-0.010971,-0.008179,-0.012678,-0.000045,-0.020097,-0.010636,0.008704
2025-12-16 18:26:25.877,0.159136,0.302890,0.072255,-2.338516,1.413782,2.225863,1.402603,-0.012016,-0.010453,-0.011912,0.001740,-0.019560,-0.007674,0.008452
2025-12-16 18:26:25.878,0.159126,0.302881,0.072244,-2.338522,1.413757,2.225852,1.402613,-0.008378,-0.010839,-0.012722,-0.000598,-0.024469,-0.010394,0.011229
2025-12-16 18:26:25.880,0.159114,0.302872,0.072236,-2.338518,1.413733,2.225842,1.402622,-0.009970,-0.011739,-0.011972,0.001369,-0.027778,-0.012736,0.012658
2025-12-16 18:26:25.883,0.159079,0.302836,0.072193,-2.338516,1.413637,2.225795,1.402663,-0.011875,-0.007239,-0.010686,-0.000602,-0.027783,-0.016463,0.011225
2025-12-16 18:26:25.884,0.159065,0.302830,0.072185,-2.338518,1.413613,2.225783,1.402668,-0.013195,-0.007916,-0.013825,-0.001607,-0.025270,-0.012010,0.006025
2025-12-16 18:26:25.885,0.159052,0.302824,0.072171,-2.338513,1.413588,2.225768,1.402670,-0.014181,-0.005898,-0.011074,-0.000421,-0.022991,-0.014334,0.002754
2025-12-16 18:26:25.886,0.159048,0.302811,0.072159,-2.338512,1.413559,2.225758,1.402686,-0.011841,-0.008772,-0.012165,-0.000280,-0.028153,-0.010383,0.007798
2025-12-16 18:26:25.888,0.159038,0.302803,0.072149,-2.338519,1.413536,2.225744,1.402697,-0.008934,-0.007018,-0.011634,-0.002599,-0.030078,-0.012872,0.012114
2025-12-16 18:26:25.891,0.158993,0.302768,0.072107,-2.338511,1.413435,2.225694,1.402741,-0.007643,-0.007450,-0.009733,-0.001249,-0.028621,-0.011541,0.013405
2025-12-16 18:26:25.892,0.158982,0.302757,0.072097,-2.338509,1.413412,2.225680,1.402748,-0.006270,-0.006675,-0.006675,-0.000275,-0.025856,-0.008661,0.008855
2025-12-16 18:26:25.893,0.158974,0.302751,0.072085,-2.338509,1.413387,2.225672,1.402758,-0.006589,-0.007431,-0.009449,-0.000184,-0.024418,-0.010437,0.005885
2025-12-16 18:26:25.895,0.158948,0.302735,0.072064,-2.338508,1.413337,2.225646,1.402782,-0.010683,-0.005540,-0.008558,-0.000638,-0.021798,-0.013915,0.008685
2025-12-16 18:26:25.896,0.158938,0.302724,0.072055,-2.338506,1.413307,2.225631,1.402794,-0.010519,-0.007946,-0.008985,0.000131,-0.026214,-0.011615,0.010755
2025-12-16 18:26:25.897,0.158928,0.302713,0.072044,-2.338505,1.413282,2.225615,1.402805,-0.011005,-0.010324,-0.010459,-0.000469,-0.024325,-0.013314,0.012821
2025-12-16 18:26:25.899,0.158916,0.302706,0.072034,-2.338504,1.413255,2.225599,1.402809,-0.011938,-0.010104,-0.010442,-0.000313,-0.022565,-0.014940,0.012283
2025-12-16 18:26:25.900,0.158907,0.302698,0.072022,-2.338501,1.413226,2.225587,1.402824,-0.015135,-0.010114,-0.011603,0.000905,-0.021636,-0.014981,0.015761
2025-12-16 18:26:25.901,0.158879,0.302679,0.072002,-2.338503,1.413173,2.225557,1.402846,-0.015278,-0.011010,-0.011996,0.001101,-0.028700,-0.016125,0.013009
2025-12-16 18:26:25.902,0.158870,0.302668,0.071993,-2.338499,1.413149,2.225542,1.402849,-0.014470,-0.012019,-0.008999,0.002114,-0.026052,-0.016846,0.007498
2025-12-16 18:26:25.903,0.158858,0.302662,0.071977,-2.338499,1.413117,2.225527,1.402865,-0.011323,-0.007876,-0.011108,0.003971,-0.024544,-0.017361,0.011480
2025-12-16 18:26:25.904,0.158850,0.302647,0.071965,-2.338495,1.413090,2.225510,1.402875,-0.010393,-0.010887,-0.011981,0.004108,-0.023440,-0.018817,0.013311
2025-12-16 18:26:25.906,0.158834,0.302636,0.071952,-2.338494,1.413063,2.225494,1.402888,-0.012639,-0.012289,-0.016232,0.005450,-0.021899,-0.019097,0.010689
2025-12-16 18:26:25.908,0.158804,0.302617,0.071921,-2.338490,1.412979,2.225451,1.402919,-0.011487,-0.010010,-0.014432,0.002596,-0.019477,-0.015030,0.014128
2025-12-16 18:26:25.919,0.158689,0.302526,0.071799,-2.338473,1.412706,2.225299,1.403046,-0.014357,-0.009359,-0.011439,0.002013,-0.022153,-0.012161,0.014307
2025-12-16 18:26:25.921,0.158661,0.302502,0.071777,-2.338472,1.412653,2.225264,1.403068,-0.017543,-0.009580,-0.012338,0.002535,-0.024288,-0.020580,0.006027
2025-12-16 18:26:25.922,0.158653,0.302496,0.071768,-2.338466,1.412623,2.225251,1.403076,-0.015619,-0.009636,-0.011779,0.006161,-0.023567,-0.019373,0.008616
2025-12-16 18:26:25.923,0.158637,0.302479,0.071747,-2.338466,1.412567,2.225219,1.403104,-0.013226,-0.004674,-0.012843,0.003229,-0.029451,-0.015253,0.010530
2025-12-16 18:26:25.924,0.158623,0.302468,0.071733,-2.338460,1.412542,2.225204,1.403113,-0.013774,-0.007258,-0.016072,0.003522,-0.026803,-0.011486,0.011851
2025-12-16 18:26:25.926,0.158608,0.302459,0.071723,-2.338461,1.412515,2.225186,1.403125,-0.014557,-0.008601,-0.011453,0.001426,-0.029284,-0.013323,0.013394
